alias,alias_norm,entity_id,canonical_name,entity_type,support_count,source_chunks,qa_ids
Acanthosis nigricans,acanthosis nigricans,ent_diseasecondition_e04a557cb82b,Acanthosis nigricans,DiseaseCondition,0,"[""chunk_00052""]","[""ahd5k_04944""]"
acanthosis nigricans,acanthosis nigricans,ent_diseasecondition_e04a557cb82b,Acanthosis nigricans,DiseaseCondition,1,"[""chunk_00052""]","[""ahd5k_04944""]"
Achondroplasia,achondroplasia,ent_diseasecondition_5f5cc11b7f72,Achondroplasia,DiseaseCondition,1,"[""chunk_00147""]","[""ahd5k_04892""]"
GH,gh,ent_diseasecondition_8d0f4dc232cb,Growth Hormone,DiseaseCondition,0,"[""chunk_00171""]","[""ahd5k_04373""]"
Growth Hormone,growth hormone,ent_diseasecondition_8d0f4dc232cb,Growth Hormone,DiseaseCondition,0,"[""chunk_00171""]","[""ahd5k_04373""]"
Hashimot,hashimot,ent_diseasecondition_e70dbd4b1bf0,Hashimot,DiseaseCondition,1,"[""chunk_00171""]","[""ahd5k_03831""]"
Hashimot's disease,hashimot's disease,ent_diseasecondition_e70dbd4b1bf0,Hashimot,DiseaseCondition,0,"[""chunk_00171""]","[""ahd5k_03831""]"
Hashimoto,hashimoto,ent_diseasecondition_81ee665c48f1,Hashimoto,DiseaseCondition,0,"[""chunk_00157""]","[""ahd5k_03394""]"
Hashimotou,hashimotou,ent_diseasecondition_81ee665c48f1,Hashimoto,DiseaseCondition,0,"[""chunk_00157""]","[""ahd5k_03394""]"
Hypothyroidism,hypothyroidism,ent_diseasecondition_85bdadb0e2a2,Hypothyroidism,DiseaseCondition,0,"[""chunk_00171""]","[""ahd5k_04335""]"
ITP,itp,ent_diseasecondition_d039dca7a8c0,النقص الشديد للصفائح,DiseaseCondition,1,"[""chunk_00057""]","[""ahd5k_00203""]"
Pallister Killian syndrome,pallister killian syndrome,ent_diseasecondition_ae3dd473a795,Pallister Killian syndrome,DiseaseCondition,1,"[""chunk_00147""]","[""ahd5k_04892""]"
Rhizomelic and Micromelia,rhizomelic and micromelia,ent_diseasecondition_d66c4956707a,Rhizomelic and Micromelia,DiseaseCondition,1,"[""chunk_00147""]","[""ahd5k_04892""]"
Systic Hygroma,systic hygroma,ent_diseasecondition_7f8719b1c99d,سيستي هيدروما,DiseaseCondition,1,"[""chunk_00043""]","[""ahd5k_03893""]"
Underactive thyroid,underactive thyroid,ent_diseasecondition_85bdadb0e2a2,Hypothyroidism,DiseaseCondition,0,"[""chunk_00171""]","[""ahd5k_04335""]"
ارتجاج دماغي,ارتجاج دماغي,ent_diseasecondition_4c4500ee0d57,ارتجاج دماغي,DiseaseCondition,1,"[""chunk_00200""]","[""ahd5k_02003""]"
ارتخاء,ارتخاء,ent_diseasecondition_d570c92436e9,ارتخاء,DiseaseCondition,0,"[""chunk_00027""]","[""ahd5k_01181"", ""ahd5k_04566""]"
ارتخاء الصمام الميترالي,ارتخاء الصمام الميترالي,ent_diseasecondition_af6114123652,ارتخاء الصمام الميترالي,DiseaseCondition,0,"[""chunk_00075""]","[""ahd5k_04352""]"
ارتفاع الكلسترول,ارتفاع الكلسترول,ent_diseasecondition_b774b131180f,ارتفاع الكلسترول,DiseaseCondition,0,"[""chunk_00088""]","[""ahd5k_01558""]"
ارتفاع ضغط,ارتفاع ضغط,ent_diseasecondition_db17a406c72e,ارتفاع ضغط الدم,DiseaseCondition,0,"[""chunk_00026"", ""chunk_00051"", ""chunk_00052"", ""chunk_00069"", ""chunk_00070"", ""chunk_00083"", ""chunk_00140"", ""chunk_00196""]","[""ahd5k_00065"", ""ahd5k_00237"", ""ahd5k_00823"", ""ahd5k_01005"", ""ahd5k_01682"", ""ahd5k_01761"", ""ahd5k_01763"", ""ahd5k_02399"", ""ahd5k_03242"", ""ahd5k_03423"", ""ahd5k_03624"", ""ahd5k_03983"", ""ahd5k_04477"", ""ahd5k_04701"", ""ahd5k_04944"", ""ahd5k_04975""]"
ارتفاع ضغط الدم,ارتفاع ضغط الدم,ent_diseasecondition_db17a406c72e,ارتفاع ضغط الدم,DiseaseCondition,8,"[""chunk_00026"", ""chunk_00052"", ""chunk_00069"", ""chunk_00070"", ""chunk_00083"", ""chunk_00140"", ""chunk_00196""]","[""ahd5k_00065"", ""ahd5k_02399"", ""ahd5k_03242"", ""ahd5k_03423"", ""ahd5k_03983"", ""ahd5k_04477"", ""ahd5k_04944"", ""ahd5k_04975""]"
ارتكاريا,ارتكاريا,ent_diseasecondition_2f75d3dabe0b,حساسية,DiseaseCondition,0,"[""chunk_00001"", ""chunk_00002"", ""chunk_00003"", ""chunk_00004"", ""chunk_00005"", ""chunk_00006"", ""chunk_00007"", ""chunk_00009"", ""chunk_00013"", ""chunk_00014"", ""chunk_00019"", ""chunk_00028"", ""chunk_00068"", ""chunk_00082"", ""chunk_00089"", ""chunk_00096"", ""chunk_00098"", ""chunk_00114"", ""chunk_00119"", ""chunk_00122"", ""chunk_00127"", ""chunk_00130"", ""chunk_00136"", ""chunk_00191"", ""chunk_00195""]","[""ahd5k_00010"", ""ahd5k_00020"", ""ahd5k_00069"", ""ahd5k_00133"", ""ahd5k_00142"", ""ahd5k_00481"", ""ahd5k_00614"", ""ahd5k_00683"", ""ahd5k_00695"", ""ahd5k_00812"", ""ahd5k_00864"", ""ahd5k_00887"", ""ahd5k_00931"", ""ahd5k_00963"", ""ahd5k_00970"", ""ahd5k_00994"", ""ahd5k_01231"", ""ahd5k_01236"", ""ahd5k_01245"", ""ahd5k_01418"", ""ahd5k_01836"", ""ahd5k_02039"", ""ahd5k_02115"", ""ahd5k_02124"", ""ahd5k_02470"", ""ahd5k_02556"", ""ahd5k_02966"", ""ahd5k_03068"", ""ahd5k_03098"", ""ahd5k_03258"", ""ahd5k_03626"", ""ahd5k_03762"", ""ahd5k_04144"", ""ahd5k_04235"", ""ahd5k_04347""]"
ارتكاريا,ارتكاريا,ent_diseasecondition_7f3c581aaa3e,ارتكاريا,DiseaseCondition,2,"[""chunk_00030"", ""chunk_00180""]","[""ahd5k_00012"", ""ahd5k_00348""]"
ارتكاريا,ارتكاريا,ent_diseasecondition_ca9304cd0dde,القولون العصبي,DiseaseCondition,0,"[""chunk_00027"", ""chunk_00177"", ""chunk_00180"", ""chunk_00183"", ""chunk_00185""]","[""ahd5k_00012"", ""ahd5k_01181"", ""ahd5k_01465"", ""ahd5k_02411"", ""ahd5k_02511"", ""ahd5k_02677"", ""ahd5k_02679"", ""ahd5k_04323"", ""ahd5k_04517"", ""ahd5k_04566""]"
ارتكاريا,ارتكاريا,ent_diseasecondition_db17a406c72e,ارتفاع ضغط الدم,DiseaseCondition,0,"[""chunk_00026"", ""chunk_00051"", ""chunk_00052"", ""chunk_00069"", ""chunk_00070"", ""chunk_00083"", ""chunk_00140"", ""chunk_00196""]","[""ahd5k_00065"", ""ahd5k_00237"", ""ahd5k_00823"", ""ahd5k_01005"", ""ahd5k_01682"", ""ahd5k_01761"", ""ahd5k_01763"", ""ahd5k_02399"", ""ahd5k_03242"", ""ahd5k_03423"", ""ahd5k_03624"", ""ahd5k_03983"", ""ahd5k_04477"", ""ahd5k_04701"", ""ahd5k_04944"", ""ahd5k_04975""]"
ارتياف دعب \u0627لديم,ارتياف دعب \u0627لديم,ent_diseasecondition_f3982f19c624,ارتياف دعب \u0627لديم,DiseaseCondition,0,"[""chunk_00179""]","[""ahd5k_03738""]"
ارتياف دعب الديم,ارتياف دعب الديم,ent_diseasecondition_f3982f19c624,ارتياف دعب \u0627لديم,DiseaseCondition,0,"[""chunk_00179""]","[""ahd5k_03738""]"
اسنان,اسنان,ent_diseasecondition_8b9d599f7475,الأسنان,DiseaseCondition,0,"[""chunk_00114""]","[""ahd5k_02966""]"
إسهال,اسهال,ent_diseasecondition_9db0143f0c61,إسهال,DiseaseCondition,0,"[""chunk_00164""]","[""ahd5k_03761""]"
اسهال,اسهال,ent_diseasecondition_9db0143f0c61,إسهال,DiseaseCondition,1,"[""chunk_00164""]","[""ahd5k_03761""]"
اضطراب الغدة الدرقية,اضطراب الغده الدرقيه,ent_diseasecondition_b2548ad0e103,اضطراب الغدة الدرقية,DiseaseCondition,0,"[""chunk_00080""]","[""ahd5k_02768""]"
اضطراب نفسي,اضطراب نفسي,ent_diseasecondition_35eb2b8f8638,اضطراب نفسي,DiseaseCondition,1,"[""chunk_00144""]","[""ahd5k_03579""]"
اضطرابات المناعة الذاتية الوراثية,اضطرابات المناعه الذاتيه الوراثيه,ent_diseasecondition_09dfb160ec9a,مرض جريفز,DiseaseCondition,0,"[""chunk_00162""]","[""ahd5k_02200""]"
اضطرابات كهربية,اضطرابات كهربيه,ent_diseasecondition_fab2e100965e,اضطرابات كهربية قلبية,DiseaseCondition,0,"[""chunk_00080""]","[""ahd5k_02768""]"
اضطرابات كهربية قلبية,اضطرابات كهربيه قلبيه,ent_diseasecondition_fab2e100965e,اضطرابات كهربية قلبية,DiseaseCondition,1,"[""chunk_00080""]","[""ahd5k_02768""]"
أطفال الأنابيب,اطفال الانابيب,ent_diseasecondition_7abdd04c7114,الحمل,DiseaseCondition,1,"[""chunk_00092""]","[""ahd5k_01629""]"
أقل من الطبيعي,اقل من الطبيعي,ent_diseasecondition_a2605dbbfa2a,أقل من الطبيعي,DiseaseCondition,1,"[""chunk_00137""]","[""ahd5k_04817""]"
اكتئاب,اكتياب,ent_diseasecondition_32c84edce6a2,اكتئاب,DiseaseCondition,1,"[""chunk_00140""]","[""ahd5k_03852""]"
اكتئاب,اكتياب,ent_diseasecondition_c530adcb98c5,الاكتئاب,DiseaseCondition,0,"[""chunk_00135""]","[""ahd5k_01394""]"
الأسنان,الاسنان,ent_diseasecondition_8b9d599f7475,الأسنان,DiseaseCondition,1,"[""chunk_00114""]","[""ahd5k_02966""]"
الاكتئاب,الاكتياب,ent_diseasecondition_c530adcb98c5,الاكتئاب,DiseaseCondition,2,"[""chunk_00135""]","[""ahd5k_01394""]"
الانتان,الانتان,ent_diseasecondition_8ca9f15583c7,الانتان,DiseaseCondition,0,"[""chunk_00055""]","[""ahd5k_04844""]"
الانتان خفي أو ظاهر,الانتان خفي او ظاهر,ent_diseasecondition_8ca9f15583c7,الانتان,DiseaseCondition,1,"[""chunk_00055""]","[""ahd5k_04844""]"
الانزلاقات الغضروفية العنقية,الانزلاقات الغضروفيه العنقيه,ent_diseasecondition_4483219775eb,الانزلاقات الغضروفية العنقية,DiseaseCondition,1,"[""chunk_00069""]","[""ahd5k_04477""]"
الانفلوانزا,الانفلوانزا,ent_diseasecondition_8ae017ffaf32,الانفلوانزا,DiseaseCondition,1,"[""chunk_00088""]","[""ahd5k_01372""]"
البرونكيتيس,البرونكيتيس,ent_diseasecondition_ce9ff22d8fac,البرونكيتيس,DiseaseCondition,1,"[""chunk_00096""]","[""ahd5k_01770""]"
البواسير,البواسير,ent_diseasecondition_f9f02cdde82f,البواسير,DiseaseCondition,1,"[""chunk_00180""]","[""ahd5k_02677""]"
التسوس,التسوس,ent_diseasecondition_30c063bfe92d,التسوس,DiseaseCondition,2,"[""chunk_00035"", ""chunk_00118""]","[""ahd5k_00209"", ""ahd5k_04190""]"
التسوس,التسوس,ent_diseasecondition_4ea30d57b62c,التصبغات السوداء,DiseaseCondition,0,"[""chunk_00118""]","[""ahd5k_00209""]"
التصاق التوائم السيامي,التصاق التوايم السيامي,ent_diseasecondition_743481d9d387,التصاق التوائم السيامي,DiseaseCondition,1,"[""chunk_00155""]","[""ahd5k_02748""]"
التصبغات السوداء,التصبغات السوداء,ent_diseasecondition_30c063bfe92d,التسوس,DiseaseCondition,0,"[""chunk_00035"", ""chunk_00118""]","[""ahd5k_00209"", ""ahd5k_04190""]"
التصبغات السوداء,التصبغات السوداء,ent_diseasecondition_4ea30d57b62c,التصبغات السوداء,DiseaseCondition,1,"[""chunk_00118""]","[""ahd5k_00209""]"
التهاب,التهاب,ent_diseasecondition_109e661e0028,تهاب الغدة الدرقية,DiseaseCondition,0,"[""chunk_00170""]","[""ahd5k_02685""]"
إلتهاب,التهاب,ent_diseasecondition_16cf4e77b755,التهاب,DiseaseCondition,0,"[""chunk_00001"", ""chunk_00014"", ""chunk_00021"", ""chunk_00025"", ""chunk_00028"", ""chunk_00034"", ""chunk_00035"", ""chunk_00037"", ""chunk_00039"", ""chunk_00042"", ""chunk_00049"", ""chunk_00052"", ""chunk_00061"", ""chunk_00062"", ""chunk_00067"", ""chunk_00072"", ""chunk_00076"", ""chunk_00079"", ""chunk_00080"", ""chunk_00082"", ""chunk_00085"", ""chunk_00088"", ""chunk_00091"", ""chunk_00098"", ""chunk_00110"", ""chunk_00111"", ""chunk_00113"", ""chunk_00117"", ""chunk_00119"", ""chunk_00121"", ""chunk_00122"", ""chunk_00123"", ""chunk_00125"", ""chunk_00126"", ""chunk_00128"", ""chunk_00129"", ""chunk_00130"", ""chunk_00135"", ""chunk_00136"", ""chunk_00138"", ""chunk_00143"", ""chunk_00145"", ""chunk_00156"", ""chunk_00158"", ""chunk_00166"", ""chunk_00168"", ""chunk_00170"", ""chunk_00176"", ""chunk_00177"", ""chunk_00178"", ""chunk_00180"", ""chunk_00183"", ""chunk_00192""]","[""ahd5k_00008"", ""ahd5k_00012"", ""ahd5k_00032"", ""ahd5k_00069"", ""ahd5k_00072"", ""ahd5k_00114"", ""ahd5k_00140"", ""ahd5k_00171"", ""ahd5k_00480"", ""ahd5k_00505"", ""ahd5k_00515"", ""ahd5k_00530"", ""ahd5k_00632"", ""ahd5k_00639"", ""ahd5k_00656"", ""ahd5k_00666"", ""ahd5k_00673"", ""ahd5k_00736"", ""ahd5k_00774"", ""ahd5k_00775"", ""ahd5k_00855"", ""ahd5k_00859"", ""ahd5k_00887"", ""ahd5k_00970"", ""ahd5k_00994"", ""ahd5k_01099"", ""ahd5k_01104"", ""ahd5k_01394"", ""ahd5k_01422"", ""ahd5k_01465"", ""ahd5k_01510"", ""ahd5k_01551"", ""ahd5k_01558"", ""ahd5k_01578"", ""ahd5k_01669"", ""ahd5k_01689"", ""ahd5k_01751"", ""ahd5k_01836"", ""ahd5k_01874"", ""ahd5k_02023"", ""ahd5k_02169"", ""ahd5k_02203"", ""ahd5k_02245"", ""ahd5k_02282"", ""ahd5k_02491"", ""ahd5k_02532"", ""ahd5k_02569"", ""ahd5k_02587"", ""ahd5k_02618"", ""ahd5k_02620"", ""ahd5k_02627"", ""ahd5k_02662"", ""ahd5k_02685"", ""ahd5k_02719"", ""ahd5k_02761"", ""ahd5k_02768"", ""ahd5k_02810"", ""ahd5k_02863"", ""ahd5k_02864"", ""ahd5k_02971"", ""ahd5k_03068"", ""ahd5k_03113"", ""ahd5k_03139"", ""ahd5k_03154"", ""ahd5k_03234"", ""ahd5k_03333"", ""ahd5k_03339"", ""ahd5k_03376"", ""ahd5k_03385"", ""ahd5k_03400"", ""ahd5k_03427"", ""ahd5k_03431"", ""ahd5k_03469"", ""ahd5k_03501"", ""ahd5k_03544"", ""ahd5k_03553"", ""ahd5k_03632"", ""ahd5k_03651"", ""ahd5k_03685"", ""ahd5k_03769"", ""ahd5k_03818"", ""ahd5k_03872"", ""ahd5k_03901"", ""ahd5k_03985"", ""ahd5k_03986"", ""ahd5k_04034"", ""ahd5k_04067"", ""ahd5k_04112"", ""ahd5k_04190"", ""ahd5k_04262"", ""ahd5k_04279"", ""ahd5k_04408"", ""ahd5k_04517"", ""ahd5k_04546"", ""ahd5k_04706"", ""ahd5k_04728"", ""ahd5k_04754"", ""ahd5k_04866"", ""ahd5k_04903"", ""ahd5k_04916"", ""ahd5k_04921"", ""ahd5k_04942"", ""ahd5k_04944""]"
التهاب,التهاب,ent_diseasecondition_16cf4e77b755,التهاب,DiseaseCondition,100,"[""chunk_00001"", ""chunk_00014"", ""chunk_00025"", ""chunk_00034"", ""chunk_00035"", ""chunk_00037"", ""chunk_00039"", ""chunk_00042"", ""chunk_00049"", ""chunk_00052"", ""chunk_00061"", ""chunk_00062"", ""chunk_00067"", ""chunk_00072"", ""chunk_00079"", ""chunk_00080"", ""chunk_00082"", ""chunk_00085"", ""chunk_00098"", ""chunk_00111"", ""chunk_00113"", ""chunk_00117"", ""chunk_00119"", ""chunk_00121"", ""chunk_00122"", ""chunk_00123"", ""chunk_00125"", ""chunk_00126"", ""chunk_00128"", ""chunk_00129"", ""chunk_00130"", ""chunk_00135"", ""chunk_00136"", ""chunk_00138"", ""chunk_00143"", ""chunk_00145"", ""chunk_00156"", ""chunk_00158"", ""chunk_00166"", ""chunk_00168"", ""chunk_00170"", ""chunk_00176"", ""chunk_00177"", ""chunk_00178"", ""chunk_00180"", ""chunk_00183"", ""chunk_00192""]","[""ahd5k_00008"", ""ahd5k_00012"", ""ahd5k_00032"", ""ahd5k_00069"", ""ahd5k_00072"", ""ahd5k_00114"", ""ahd5k_00140"", ""ahd5k_00171"", ""ahd5k_00480"", ""ahd5k_00505"", ""ahd5k_00515"", ""ahd5k_00530"", ""ahd5k_00632"", ""ahd5k_00639"", ""ahd5k_00656"", ""ahd5k_00666"", ""ahd5k_00673"", ""ahd5k_00736"", ""ahd5k_00774"", ""ahd5k_00775"", ""ahd5k_00855"", ""ahd5k_00859"", ""ahd5k_00887"", ""ahd5k_00970"", ""ahd5k_00994"", ""ahd5k_01394"", ""ahd5k_01422"", ""ahd5k_01465"", ""ahd5k_01510"", ""ahd5k_01551"", ""ahd5k_01578"", ""ahd5k_01669"", ""ahd5k_01689"", ""ahd5k_01751"", ""ahd5k_01836"", ""ahd5k_01874"", ""ahd5k_02023"", ""ahd5k_02169"", ""ahd5k_02203"", ""ahd5k_02245"", ""ahd5k_02282"", ""ahd5k_02491"", ""ahd5k_02569"", ""ahd5k_02587"", ""ahd5k_02618"", ""ahd5k_02627"", ""ahd5k_02662"", ""ahd5k_02685"", ""ahd5k_02719"", ""ahd5k_02761"", ""ahd5k_02768"", ""ahd5k_02863"", ""ahd5k_02864"", ""ahd5k_03113"", ""ahd5k_03139"", ""ahd5k_03154"", ""ahd5k_03234"", ""ahd5k_03333"", ""ahd5k_03339"", ""ahd5k_03376"", ""ahd5k_03400"", ""ahd5k_03427"", ""ahd5k_03469"", ""ahd5k_03501"", ""ahd5k_03544"", ""ahd5k_03553"", ""ahd5k_03632"", ""ahd5k_03651"", ""ahd5k_03685"", ""ahd5k_03769"", ""ahd5k_03818"", ""ahd5k_03872"", ""ahd5k_03901"", ""ahd5k_03985"", ""ahd5k_03986"", ""ahd5k_04034"", ""ahd5k_04067"", ""ahd5k_04112"", ""ahd5k_04190"", ""ahd5k_04262"", ""ahd5k_04279"", ""ahd5k_04408"", ""ahd5k_04517"", ""ahd5k_04546"", ""ahd5k_04728"", ""ahd5k_04754"", ""ahd5k_04866"", ""ahd5k_04903"", ""ahd5k_04916"", ""ahd5k_04921"", ""ahd5k_04942"", ""ahd5k_04944""]"
التهاب,التهاب,ent_diseasecondition_2f75d3dabe0b,حساسية,DiseaseCondition,0,"[""chunk_00001"", ""chunk_00002"", ""chunk_00003"", ""chunk_00004"", ""chunk_00005"", ""chunk_00006"", ""chunk_00007"", ""chunk_00009"", ""chunk_00013"", ""chunk_00014"", ""chunk_00019"", ""chunk_00028"", ""chunk_00068"", ""chunk_00082"", ""chunk_00089"", ""chunk_00096"", ""chunk_00098"", ""chunk_00114"", ""chunk_00119"", ""chunk_00122"", ""chunk_00127"", ""chunk_00130"", ""chunk_00136"", ""chunk_00191"", ""chunk_00195""]","[""ahd5k_00010"", ""ahd5k_00020"", ""ahd5k_00069"", ""ahd5k_00133"", ""ahd5k_00142"", ""ahd5k_00481"", ""ahd5k_00614"", ""ahd5k_00683"", ""ahd5k_00695"", ""ahd5k_00812"", ""ahd5k_00864"", ""ahd5k_00887"", ""ahd5k_00931"", ""ahd5k_00963"", ""ahd5k_00970"", ""ahd5k_00994"", ""ahd5k_01231"", ""ahd5k_01236"", ""ahd5k_01245"", ""ahd5k_01418"", ""ahd5k_01836"", ""ahd5k_02039"", ""ahd5k_02115"", ""ahd5k_02124"", ""ahd5k_02470"", ""ahd5k_02556"", ""ahd5k_02966"", ""ahd5k_03068"", ""ahd5k_03098"", ""ahd5k_03258"", ""ahd5k_03626"", ""ahd5k_03762"", ""ahd5k_04144"", ""ahd5k_04235"", ""ahd5k_04347""]"
التهاب,التهاب,ent_diseasecondition_385230d505f3,تهاب,DiseaseCondition,3,"[""chunk_00120"", ""chunk_00181""]","[""ahd5k_01567"", ""ahd5k_01579"", ""ahd5k_02037""]"
التهاب,التهاب,ent_diseasecondition_6e95846a4080,التهاب اللثة,DiseaseCondition,1,"[""chunk_00121""]","[""ahd5k_02491""]"
التهاب,التهاب,ent_diseasecondition_ca9304cd0dde,القولون العصبي,DiseaseCondition,0,"[""chunk_00027"", ""chunk_00177"", ""chunk_00180"", ""chunk_00183"", ""chunk_00185""]","[""ahd5k_00012"", ""ahd5k_01181"", ""ahd5k_01465"", ""ahd5k_02411"", ""ahd5k_02511"", ""ahd5k_02677"", ""ahd5k_02679"", ""ahd5k_04323"", ""ahd5k_04517"", ""ahd5k_04566""]"
التهاب,التهاب,ent_diseasecondition_ce9ff22d8fac,البرونكيتيس,DiseaseCondition,0,"[""chunk_00096""]","[""ahd5k_01770""]"
التهاب,التهاب,ent_diseasecondition_db17a406c72e,ارتفاع ضغط الدم,DiseaseCondition,0,"[""chunk_00026"", ""chunk_00051"", ""chunk_00052"", ""chunk_00069"", ""chunk_00070"", ""chunk_00083"", ""chunk_00140"", ""chunk_00196""]","[""ahd5k_00065"", ""ahd5k_00237"", ""ahd5k_00823"", ""ahd5k_01005"", ""ahd5k_01682"", ""ahd5k_01761"", ""ahd5k_01763"", ""ahd5k_02399"", ""ahd5k_03242"", ""ahd5k_03423"", ""ahd5k_03624"", ""ahd5k_03983"", ""ahd5k_04477"", ""ahd5k_04701"", ""ahd5k_04944"", ""ahd5k_04975""]"
التهاب,التهاب,ent_diseasecondition_f870ba2ab6eb,الدورة الشهرية,DiseaseCondition,0,"[""chunk_00012"", ""chunk_00126""]","[""ahd5k_00140"", ""ahd5k_04015""]"
التهاب الامعاء,التهاب الامعاء,ent_diseasecondition_d1ac437fb721,التهاب الامعاء,DiseaseCondition,1,"[""chunk_00049""]","[""ahd5k_03400""]"
التهاب البنكرياس,التهاب البنكرياس,ent_diseasecondition_16cf4e77b755,التهاب,DiseaseCondition,0,"[""chunk_00001"", ""chunk_00014"", ""chunk_00021"", ""chunk_00025"", ""chunk_00028"", ""chunk_00034"", ""chunk_00035"", ""chunk_00037"", ""chunk_00039"", ""chunk_00042"", ""chunk_00049"", ""chunk_00052"", ""chunk_00061"", ""chunk_00062"", ""chunk_00067"", ""chunk_00072"", ""chunk_00076"", ""chunk_00079"", ""chunk_00080"", ""chunk_00082"", ""chunk_00085"", ""chunk_00088"", ""chunk_00091"", ""chunk_00098"", ""chunk_00110"", ""chunk_00111"", ""chunk_00113"", ""chunk_00117"", ""chunk_00119"", ""chunk_00121"", ""chunk_00122"", ""chunk_00123"", ""chunk_00125"", ""chunk_00126"", ""chunk_00128"", ""chunk_00129"", ""chunk_00130"", ""chunk_00135"", ""chunk_00136"", ""chunk_00138"", ""chunk_00143"", ""chunk_00145"", ""chunk_00156"", ""chunk_00158"", ""chunk_00166"", ""chunk_00168"", ""chunk_00170"", ""chunk_00176"", ""chunk_00177"", ""chunk_00178"", ""chunk_00180"", ""chunk_00183"", ""chunk_00192""]","[""ahd5k_00008"", ""ahd5k_00012"", ""ahd5k_00032"", ""ahd5k_00069"", ""ahd5k_00072"", ""ahd5k_00114"", ""ahd5k_00140"", ""ahd5k_00171"", ""ahd5k_00480"", ""ahd5k_00505"", ""ahd5k_00515"", ""ahd5k_00530"", ""ahd5k_00632"", ""ahd5k_00639"", ""ahd5k_00656"", ""ahd5k_00666"", ""ahd5k_00673"", ""ahd5k_00736"", ""ahd5k_00774"", ""ahd5k_00775"", ""ahd5k_00855"", ""ahd5k_00859"", ""ahd5k_00887"", ""ahd5k_00970"", ""ahd5k_00994"", ""ahd5k_01099"", ""ahd5k_01104"", ""ahd5k_01394"", ""ahd5k_01422"", ""ahd5k_01465"", ""ahd5k_01510"", ""ahd5k_01551"", ""ahd5k_01558"", ""ahd5k_01578"", ""ahd5k_01669"", ""ahd5k_01689"", ""ahd5k_01751"", ""ahd5k_01836"", ""ahd5k_01874"", ""ahd5k_02023"", ""ahd5k_02169"", ""ahd5k_02203"", ""ahd5k_02245"", ""ahd5k_02282"", ""ahd5k_02491"", ""ahd5k_02532"", ""ahd5k_02569"", ""ahd5k_02587"", ""ahd5k_02618"", ""ahd5k_02620"", ""ahd5k_02627"", ""ahd5k_02662"", ""ahd5k_02685"", ""ahd5k_02719"", ""ahd5k_02761"", ""ahd5k_02768"", ""ahd5k_02810"", ""ahd5k_02863"", ""ahd5k_02864"", ""ahd5k_02971"", ""ahd5k_03068"", ""ahd5k_03113"", ""ahd5k_03139"", ""ahd5k_03154"", ""ahd5k_03234"", ""ahd5k_03333"", ""ahd5k_03339"", ""ahd5k_03376"", ""ahd5k_03385"", ""ahd5k_03400"", ""ahd5k_03427"", ""ahd5k_03431"", ""ahd5k_03469"", ""ahd5k_03501"", ""ahd5k_03544"", ""ahd5k_03553"", ""ahd5k_03632"", ""ahd5k_03651"", ""ahd5k_03685"", ""ahd5k_03769"", ""ahd5k_03818"", ""ahd5k_03872"", ""ahd5k_03901"", ""ahd5k_03985"", ""ahd5k_03986"", ""ahd5k_04034"", ""ahd5k_04067"", ""ahd5k_04112"", ""ahd5k_04190"", ""ahd5k_04262"", ""ahd5k_04279"", ""ahd5k_04408"", ""ahd5k_04517"", ""ahd5k_04546"", ""ahd5k_04706"", ""ahd5k_04728"", ""ahd5k_04754"", ""ahd5k_04866"", ""ahd5k_04903"", ""ahd5k_04916"", ""ahd5k_04921"", ""ahd5k_04942"", ""ahd5k_04944""]"
التهاب الجيوب الأنفية,التهاب الجيوب الانفيه,ent_diseasecondition_ad3e19c416f6,التهاب الجيوب الأنفية,DiseaseCondition,1,"[""chunk_00128""]","[""ahd5k_02662""]"
التهاب الحاد,التهاب الحاد,ent_diseasecondition_16cf4e77b755,التهاب,DiseaseCondition,0,"[""chunk_00001"", ""chunk_00014"", ""chunk_00021"", ""chunk_00025"", ""chunk_00028"", ""chunk_00034"", ""chunk_00035"", ""chunk_00037"", ""chunk_00039"", ""chunk_00042"", ""chunk_00049"", ""chunk_00052"", ""chunk_00061"", ""chunk_00062"", ""chunk_00067"", ""chunk_00072"", ""chunk_00076"", ""chunk_00079"", ""chunk_00080"", ""chunk_00082"", ""chunk_00085"", ""chunk_00088"", ""chunk_00091"", ""chunk_00098"", ""chunk_00110"", ""chunk_00111"", ""chunk_00113"", ""chunk_00117"", ""chunk_00119"", ""chunk_00121"", ""chunk_00122"", ""chunk_00123"", ""chunk_00125"", ""chunk_00126"", ""chunk_00128"", ""chunk_00129"", ""chunk_00130"", ""chunk_00135"", ""chunk_00136"", ""chunk_00138"", ""chunk_00143"", ""chunk_00145"", ""chunk_00156"", ""chunk_00158"", ""chunk_00166"", ""chunk_00168"", ""chunk_00170"", ""chunk_00176"", ""chunk_00177"", ""chunk_00178"", ""chunk_00180"", ""chunk_00183"", ""chunk_00192""]","[""ahd5k_00008"", ""ahd5k_00012"", ""ahd5k_00032"", ""ahd5k_00069"", ""ahd5k_00072"", ""ahd5k_00114"", ""ahd5k_00140"", ""ahd5k_00171"", ""ahd5k_00480"", ""ahd5k_00505"", ""ahd5k_00515"", ""ahd5k_00530"", ""ahd5k_00632"", ""ahd5k_00639"", ""ahd5k_00656"", ""ahd5k_00666"", ""ahd5k_00673"", ""ahd5k_00736"", ""ahd5k_00774"", ""ahd5k_00775"", ""ahd5k_00855"", ""ahd5k_00859"", ""ahd5k_00887"", ""ahd5k_00970"", ""ahd5k_00994"", ""ahd5k_01099"", ""ahd5k_01104"", ""ahd5k_01394"", ""ahd5k_01422"", ""ahd5k_01465"", ""ahd5k_01510"", ""ahd5k_01551"", ""ahd5k_01558"", ""ahd5k_01578"", ""ahd5k_01669"", ""ahd5k_01689"", ""ahd5k_01751"", ""ahd5k_01836"", ""ahd5k_01874"", ""ahd5k_02023"", ""ahd5k_02169"", ""ahd5k_02203"", ""ahd5k_02245"", ""ahd5k_02282"", ""ahd5k_02491"", ""ahd5k_02532"", ""ahd5k_02569"", ""ahd5k_02587"", ""ahd5k_02618"", ""ahd5k_02620"", ""ahd5k_02627"", ""ahd5k_02662"", ""ahd5k_02685"", ""ahd5k_02719"", ""ahd5k_02761"", ""ahd5k_02768"", ""ahd5k_02810"", ""ahd5k_02863"", ""ahd5k_02864"", ""ahd5k_02971"", ""ahd5k_03068"", ""ahd5k_03113"", ""ahd5k_03139"", ""ahd5k_03154"", ""ahd5k_03234"", ""ahd5k_03333"", ""ahd5k_03339"", ""ahd5k_03376"", ""ahd5k_03385"", ""ahd5k_03400"", ""ahd5k_03427"", ""ahd5k_03431"", ""ahd5k_03469"", ""ahd5k_03501"", ""ahd5k_03544"", ""ahd5k_03553"", ""ahd5k_03632"", ""ahd5k_03651"", ""ahd5k_03685"", ""ahd5k_03769"", ""ahd5k_03818"", ""ahd5k_03872"", ""ahd5k_03901"", ""ahd5k_03985"", ""ahd5k_03986"", ""ahd5k_04034"", ""ahd5k_04067"", ""ahd5k_04112"", ""ahd5k_04190"", ""ahd5k_04262"", ""ahd5k_04279"", ""ahd5k_04408"", ""ahd5k_04517"", ""ahd5k_04546"", ""ahd5k_04706"", ""ahd5k_04728"", ""ahd5k_04754"", ""ahd5k_04866"", ""ahd5k_04903"", ""ahd5k_04916"", ""ahd5k_04921"", ""ahd5k_04942"", ""ahd5k_04944""]"
التهاب الحفاظ,التهاب الحفاظ,ent_diseasecondition_16cf4e77b755,التهاب,DiseaseCondition,0,"[""chunk_00001"", ""chunk_00014"", ""chunk_00021"", ""chunk_00025"", ""chunk_00028"", ""chunk_00034"", ""chunk_00035"", ""chunk_00037"", ""chunk_00039"", ""chunk_00042"", ""chunk_00049"", ""chunk_00052"", ""chunk_00061"", ""chunk_00062"", ""chunk_00067"", ""chunk_00072"", ""chunk_00076"", ""chunk_00079"", ""chunk_00080"", ""chunk_00082"", ""chunk_00085"", ""chunk_00088"", ""chunk_00091"", ""chunk_00098"", ""chunk_00110"", ""chunk_00111"", ""chunk_00113"", ""chunk_00117"", ""chunk_00119"", ""chunk_00121"", ""chunk_00122"", ""chunk_00123"", ""chunk_00125"", ""chunk_00126"", ""chunk_00128"", ""chunk_00129"", ""chunk_00130"", ""chunk_00135"", ""chunk_00136"", ""chunk_00138"", ""chunk_00143"", ""chunk_00145"", ""chunk_00156"", ""chunk_00158"", ""chunk_00166"", ""chunk_00168"", ""chunk_00170"", ""chunk_00176"", ""chunk_00177"", ""chunk_00178"", ""chunk_00180"", ""chunk_00183"", ""chunk_00192""]","[""ahd5k_00008"", ""ahd5k_00012"", ""ahd5k_00032"", ""ahd5k_00069"", ""ahd5k_00072"", ""ahd5k_00114"", ""ahd5k_00140"", ""ahd5k_00171"", ""ahd5k_00480"", ""ahd5k_00505"", ""ahd5k_00515"", ""ahd5k_00530"", ""ahd5k_00632"", ""ahd5k_00639"", ""ahd5k_00656"", ""ahd5k_00666"", ""ahd5k_00673"", ""ahd5k_00736"", ""ahd5k_00774"", ""ahd5k_00775"", ""ahd5k_00855"", ""ahd5k_00859"", ""ahd5k_00887"", ""ahd5k_00970"", ""ahd5k_00994"", ""ahd5k_01099"", ""ahd5k_01104"", ""ahd5k_01394"", ""ahd5k_01422"", ""ahd5k_01465"", ""ahd5k_01510"", ""ahd5k_01551"", ""ahd5k_01558"", ""ahd5k_01578"", ""ahd5k_01669"", ""ahd5k_01689"", ""ahd5k_01751"", ""ahd5k_01836"", ""ahd5k_01874"", ""ahd5k_02023"", ""ahd5k_02169"", ""ahd5k_02203"", ""ahd5k_02245"", ""ahd5k_02282"", ""ahd5k_02491"", ""ahd5k_02532"", ""ahd5k_02569"", ""ahd5k_02587"", ""ahd5k_02618"", ""ahd5k_02620"", ""ahd5k_02627"", ""ahd5k_02662"", ""ahd5k_02685"", ""ahd5k_02719"", ""ahd5k_02761"", ""ahd5k_02768"", ""ahd5k_02810"", ""ahd5k_02863"", ""ahd5k_02864"", ""ahd5k_02971"", ""ahd5k_03068"", ""ahd5k_03113"", ""ahd5k_03139"", ""ahd5k_03154"", ""ahd5k_03234"", ""ahd5k_03333"", ""ahd5k_03339"", ""ahd5k_03376"", ""ahd5k_03385"", ""ahd5k_03400"", ""ahd5k_03427"", ""ahd5k_03431"", ""ahd5k_03469"", ""ahd5k_03501"", ""ahd5k_03544"", ""ahd5k_03553"", ""ahd5k_03632"", ""ahd5k_03651"", ""ahd5k_03685"", ""ahd5k_03769"", ""ahd5k_03818"", ""ahd5k_03872"", ""ahd5k_03901"", ""ahd5k_03985"", ""ahd5k_03986"", ""ahd5k_04034"", ""ahd5k_04067"", ""ahd5k_04112"", ""ahd5k_04190"", ""ahd5k_04262"", ""ahd5k_04279"", ""ahd5k_04408"", ""ahd5k_04517"", ""ahd5k_04546"", ""ahd5k_04706"", ""ahd5k_04728"", ""ahd5k_04754"", ""ahd5k_04866"", ""ahd5k_04903"", ""ahd5k_04916"", ""ahd5k_04921"", ""ahd5k_04942"", ""ahd5k_04944""]"
التهاب الحفاظ,التهاب الحفاظ,ent_diseasecondition_6ed57271807f,التهاب الحفاظ,DiseaseCondition,2,"[""chunk_00111""]","[""ahd5k_02569"", ""ahd5k_03234""]"
التهاب الحلق,التهاب الحلق,ent_diseasecondition_16cf4e77b755,التهاب,DiseaseCondition,0,"[""chunk_00001"", ""chunk_00014"", ""chunk_00021"", ""chunk_00025"", ""chunk_00028"", ""chunk_00034"", ""chunk_00035"", ""chunk_00037"", ""chunk_00039"", ""chunk_00042"", ""chunk_00049"", ""chunk_00052"", ""chunk_00061"", ""chunk_00062"", ""chunk_00067"", ""chunk_00072"", ""chunk_00076"", ""chunk_00079"", ""chunk_00080"", ""chunk_00082"", ""chunk_00085"", ""chunk_00088"", ""chunk_00091"", ""chunk_00098"", ""chunk_00110"", ""chunk_00111"", ""chunk_00113"", ""chunk_00117"", ""chunk_00119"", ""chunk_00121"", ""chunk_00122"", ""chunk_00123"", ""chunk_00125"", ""chunk_00126"", ""chunk_00128"", ""chunk_00129"", ""chunk_00130"", ""chunk_00135"", ""chunk_00136"", ""chunk_00138"", ""chunk_00143"", ""chunk_00145"", ""chunk_00156"", ""chunk_00158"", ""chunk_00166"", ""chunk_00168"", ""chunk_00170"", ""chunk_00176"", ""chunk_00177"", ""chunk_00178"", ""chunk_00180"", ""chunk_00183"", ""chunk_00192""]","[""ahd5k_00008"", ""ahd5k_00012"", ""ahd5k_00032"", ""ahd5k_00069"", ""ahd5k_00072"", ""ahd5k_00114"", ""ahd5k_00140"", ""ahd5k_00171"", ""ahd5k_00480"", ""ahd5k_00505"", ""ahd5k_00515"", ""ahd5k_00530"", ""ahd5k_00632"", ""ahd5k_00639"", ""ahd5k_00656"", ""ahd5k_00666"", ""ahd5k_00673"", ""ahd5k_00736"", ""ahd5k_00774"", ""ahd5k_00775"", ""ahd5k_00855"", ""ahd5k_00859"", ""ahd5k_00887"", ""ahd5k_00970"", ""ahd5k_00994"", ""ahd5k_01099"", ""ahd5k_01104"", ""ahd5k_01394"", ""ahd5k_01422"", ""ahd5k_01465"", ""ahd5k_01510"", ""ahd5k_01551"", ""ahd5k_01558"", ""ahd5k_01578"", ""ahd5k_01669"", ""ahd5k_01689"", ""ahd5k_01751"", ""ahd5k_01836"", ""ahd5k_01874"", ""ahd5k_02023"", ""ahd5k_02169"", ""ahd5k_02203"", ""ahd5k_02245"", ""ahd5k_02282"", ""ahd5k_02491"", ""ahd5k_02532"", ""ahd5k_02569"", ""ahd5k_02587"", ""ahd5k_02618"", ""ahd5k_02620"", ""ahd5k_02627"", ""ahd5k_02662"", ""ahd5k_02685"", ""ahd5k_02719"", ""ahd5k_02761"", ""ahd5k_02768"", ""ahd5k_02810"", ""ahd5k_02863"", ""ahd5k_02864"", ""ahd5k_02971"", ""ahd5k_03068"", ""ahd5k_03113"", ""ahd5k_03139"", ""ahd5k_03154"", ""ahd5k_03234"", ""ahd5k_03333"", ""ahd5k_03339"", ""ahd5k_03376"", ""ahd5k_03385"", ""ahd5k_03400"", ""ahd5k_03427"", ""ahd5k_03431"", ""ahd5k_03469"", ""ahd5k_03501"", ""ahd5k_03544"", ""ahd5k_03553"", ""ahd5k_03632"", ""ahd5k_03651"", ""ahd5k_03685"", ""ahd5k_03769"", ""ahd5k_03818"", ""ahd5k_03872"", ""ahd5k_03901"", ""ahd5k_03985"", ""ahd5k_03986"", ""ahd5k_04034"", ""ahd5k_04067"", ""ahd5k_04112"", ""ahd5k_04190"", ""ahd5k_04262"", ""ahd5k_04279"", ""ahd5k_04408"", ""ahd5k_04517"", ""ahd5k_04546"", ""ahd5k_04706"", ""ahd5k_04728"", ""ahd5k_04754"", ""ahd5k_04866"", ""ahd5k_04903"", ""ahd5k_04916"", ""ahd5k_04921"", ""ahd5k_04942"", ""ahd5k_04944""]"
التهاب الخلوي,التهاب الخلوي,ent_diseasecondition_8073c16255c6,التهاب الخلوي,DiseaseCondition,1,"[""chunk_00071""]","[""ahd5k_04630""]"
التهاب الدرقية,التهاب الدرقيه,ent_diseasecondition_31c6f1e3a619,التهاب الغدة الدرقية,DiseaseCondition,0,"[""chunk_00162""]","[""ahd5k_02200""]"
التهاب الدم,التهاب الدم,ent_diseasecondition_16cf4e77b755,التهاب,DiseaseCondition,1,"[""chunk_00049""]","[""ahd5k_01104""]"
التهاب الرحم,التهاب الرحم,ent_diseasecondition_16cf4e77b755,التهاب,DiseaseCondition,1,"[""chunk_00028""]","[""ahd5k_03068""]"
التهاب السحايا,التهاب السحايا,ent_diseasecondition_d9b91988beb9,التهاب السحايا,DiseaseCondition,1,"[""chunk_00128""]","[""ahd5k_02662""]"
التهاب الشعري,التهاب الشعري,ent_diseasecondition_6ed4cacd0b61,التهاب الشعري,DiseaseCondition,1,"[""chunk_00128""]","[""ahd5k_03594""]"
التهاب العصي البصري,التهاب العصي البصري,ent_diseasecondition_3a46ea69fd7e,التهاب العصي البصري,DiseaseCondition,1,"[""chunk_00028""]","[""ahd5k_03284""]"
التهاب الغدة الدرقية,التهاب الغده الدرقيه,ent_diseasecondition_31c6f1e3a619,التهاب الغدة الدرقية,DiseaseCondition,1,"[""chunk_00162""]","[""ahd5k_02200""]"
التهاب القلبي,التهاب القلبي,ent_diseasecondition_16cf4e77b755,التهاب,DiseaseCondition,0,"[""chunk_00001"", ""chunk_00014"", ""chunk_00021"", ""chunk_00025"", ""chunk_00028"", ""chunk_00034"", ""chunk_00035"", ""chunk_00037"", ""chunk_00039"", ""chunk_00042"", ""chunk_00049"", ""chunk_00052"", ""chunk_00061"", ""chunk_00062"", ""chunk_00067"", ""chunk_00072"", ""chunk_00076"", ""chunk_00079"", ""chunk_00080"", ""chunk_00082"", ""chunk_00085"", ""chunk_00088"", ""chunk_00091"", ""chunk_00098"", ""chunk_00110"", ""chunk_00111"", ""chunk_00113"", ""chunk_00117"", ""chunk_00119"", ""chunk_00121"", ""chunk_00122"", ""chunk_00123"", ""chunk_00125"", ""chunk_00126"", ""chunk_00128"", ""chunk_00129"", ""chunk_00130"", ""chunk_00135"", ""chunk_00136"", ""chunk_00138"", ""chunk_00143"", ""chunk_00145"", ""chunk_00156"", ""chunk_00158"", ""chunk_00166"", ""chunk_00168"", ""chunk_00170"", ""chunk_00176"", ""chunk_00177"", ""chunk_00178"", ""chunk_00180"", ""chunk_00183"", ""chunk_00192""]","[""ahd5k_00008"", ""ahd5k_00012"", ""ahd5k_00032"", ""ahd5k_00069"", ""ahd5k_00072"", ""ahd5k_00114"", ""ahd5k_00140"", ""ahd5k_00171"", ""ahd5k_00480"", ""ahd5k_00505"", ""ahd5k_00515"", ""ahd5k_00530"", ""ahd5k_00632"", ""ahd5k_00639"", ""ahd5k_00656"", ""ahd5k_00666"", ""ahd5k_00673"", ""ahd5k_00736"", ""ahd5k_00774"", ""ahd5k_00775"", ""ahd5k_00855"", ""ahd5k_00859"", ""ahd5k_00887"", ""ahd5k_00970"", ""ahd5k_00994"", ""ahd5k_01099"", ""ahd5k_01104"", ""ahd5k_01394"", ""ahd5k_01422"", ""ahd5k_01465"", ""ahd5k_01510"", ""ahd5k_01551"", ""ahd5k_01558"", ""ahd5k_01578"", ""ahd5k_01669"", ""ahd5k_01689"", ""ahd5k_01751"", ""ahd5k_01836"", ""ahd5k_01874"", ""ahd5k_02023"", ""ahd5k_02169"", ""ahd5k_02203"", ""ahd5k_02245"", ""ahd5k_02282"", ""ahd5k_02491"", ""ahd5k_02532"", ""ahd5k_02569"", ""ahd5k_02587"", ""ahd5k_02618"", ""ahd5k_02620"", ""ahd5k_02627"", ""ahd5k_02662"", ""ahd5k_02685"", ""ahd5k_02719"", ""ahd5k_02761"", ""ahd5k_02768"", ""ahd5k_02810"", ""ahd5k_02863"", ""ahd5k_02864"", ""ahd5k_02971"", ""ahd5k_03068"", ""ahd5k_03113"", ""ahd5k_03139"", ""ahd5k_03154"", ""ahd5k_03234"", ""ahd5k_03333"", ""ahd5k_03339"", ""ahd5k_03376"", ""ahd5k_03385"", ""ahd5k_03400"", ""ahd5k_03427"", ""ahd5k_03431"", ""ahd5k_03469"", ""ahd5k_03501"", ""ahd5k_03544"", ""ahd5k_03553"", ""ahd5k_03632"", ""ahd5k_03651"", ""ahd5k_03685"", ""ahd5k_03769"", ""ahd5k_03818"", ""ahd5k_03872"", ""ahd5k_03901"", ""ahd5k_03985"", ""ahd5k_03986"", ""ahd5k_04034"", ""ahd5k_04067"", ""ahd5k_04112"", ""ahd5k_04190"", ""ahd5k_04262"", ""ahd5k_04279"", ""ahd5k_04408"", ""ahd5k_04517"", ""ahd5k_04546"", ""ahd5k_04706"", ""ahd5k_04728"", ""ahd5k_04754"", ""ahd5k_04866"", ""ahd5k_04903"", ""ahd5k_04916"", ""ahd5k_04921"", ""ahd5k_04942"", ""ahd5k_04944""]"
التهاب الكبد,التهاب الكبد,ent_diseasecondition_93d8578caf27,التهاب الكبد,DiseaseCondition,1,"[""chunk_00049""]","[""ahd5k_01903""]"
التهاب اللثة,التهاب اللثه,ent_diseasecondition_6e95846a4080,التهاب اللثة,DiseaseCondition,0,"[""chunk_00113"", ""chunk_00121""]","[""ahd5k_00736"", ""ahd5k_01751"", ""ahd5k_02169"", ""ahd5k_02245"", ""ahd5k_02491"", ""ahd5k_02618"", ""ahd5k_03427""]"
التهاب اللثه,التهاب اللثه,ent_diseasecondition_6e95846a4080,التهاب اللثة,DiseaseCondition,6,"[""chunk_00113""]","[""ahd5k_00736"", ""ahd5k_01751"", ""ahd5k_02169"", ""ahd5k_02245"", ""ahd5k_02618"", ""ahd5k_03427""]"
التهاب اللوزتين,التهاب اللوزتين,ent_diseasecondition_341d574d8fe5,التهاب اللوزتين,DiseaseCondition,1,"[""chunk_00010""]","[""ahd5k_02465""]"
التهاب المفاصل,التهاب المفاصل,ent_diseasecondition_c8b276e9a67b,التهاب المفاصل,DiseaseCondition,2,"[""chunk_00010""]","[""ahd5k_04473""]"
التهاب المهبل,التهاب المهبل,ent_diseasecondition_16cf4e77b755,التهاب,DiseaseCondition,1,"[""chunk_00028""]","[""ahd5k_03068""]"
التهاب بكتيري,التهاب بكتيري,ent_diseasecondition_5a02034f11b7,التهاب بكتيري,DiseaseCondition,1,"[""chunk_00113""]","[""ahd5k_02169""]"
التهاب فطري,التهاب فطري,ent_diseasecondition_9c03a470d940,التهاب فطري,DiseaseCondition,1,"[""chunk_00113""]","[""ahd5k_02169""]"
التهاب فيروسي,التهاب فيروسي,ent_diseasecondition_16cf4e77b755,التهاب,DiseaseCondition,1,"[""chunk_00125""]","[""ahd5k_03818""]"
التهاب فيروسي,التهاب فيروسي,ent_diseasecondition_2c73be2f25fe,التهاب فيروسي,DiseaseCondition,1,"[""chunk_00067""]","[""ahd5k_04034""]"
التهاب مفصل الركبة,التهاب مفصل الركبه,ent_diseasecondition_f12d335bd2d8,التهاب مفصل الركبة,DiseaseCondition,3,"[""chunk_00025""]","[""ahd5k_00673""]"
التهابات,التهابات,ent_diseasecondition_16cf4e77b755,التهاب,DiseaseCondition,0,"[""chunk_00001"", ""chunk_00014"", ""chunk_00021"", ""chunk_00025"", ""chunk_00028"", ""chunk_00034"", ""chunk_00035"", ""chunk_00037"", ""chunk_00039"", ""chunk_00042"", ""chunk_00049"", ""chunk_00052"", ""chunk_00061"", ""chunk_00062"", ""chunk_00067"", ""chunk_00072"", ""chunk_00076"", ""chunk_00079"", ""chunk_00080"", ""chunk_00082"", ""chunk_00085"", ""chunk_00088"", ""chunk_00091"", ""chunk_00098"", ""chunk_00110"", ""chunk_00111"", ""chunk_00113"", ""chunk_00117"", ""chunk_00119"", ""chunk_00121"", ""chunk_00122"", ""chunk_00123"", ""chunk_00125"", ""chunk_00126"", ""chunk_00128"", ""chunk_00129"", ""chunk_00130"", ""chunk_00135"", ""chunk_00136"", ""chunk_00138"", ""chunk_00143"", ""chunk_00145"", ""chunk_00156"", ""chunk_00158"", ""chunk_00166"", ""chunk_00168"", ""chunk_00170"", ""chunk_00176"", ""chunk_00177"", ""chunk_00178"", ""chunk_00180"", ""chunk_00183"", ""chunk_00192""]","[""ahd5k_00008"", ""ahd5k_00012"", ""ahd5k_00032"", ""ahd5k_00069"", ""ahd5k_00072"", ""ahd5k_00114"", ""ahd5k_00140"", ""ahd5k_00171"", ""ahd5k_00480"", ""ahd5k_00505"", ""ahd5k_00515"", ""ahd5k_00530"", ""ahd5k_00632"", ""ahd5k_00639"", ""ahd5k_00656"", ""ahd5k_00666"", ""ahd5k_00673"", ""ahd5k_00736"", ""ahd5k_00774"", ""ahd5k_00775"", ""ahd5k_00855"", ""ahd5k_00859"", ""ahd5k_00887"", ""ahd5k_00970"", ""ahd5k_00994"", ""ahd5k_01099"", ""ahd5k_01104"", ""ahd5k_01394"", ""ahd5k_01422"", ""ahd5k_01465"", ""ahd5k_01510"", ""ahd5k_01551"", ""ahd5k_01558"", ""ahd5k_01578"", ""ahd5k_01669"", ""ahd5k_01689"", ""ahd5k_01751"", ""ahd5k_01836"", ""ahd5k_01874"", ""ahd5k_02023"", ""ahd5k_02169"", ""ahd5k_02203"", ""ahd5k_02245"", ""ahd5k_02282"", ""ahd5k_02491"", ""ahd5k_02532"", ""ahd5k_02569"", ""ahd5k_02587"", ""ahd5k_02618"", ""ahd5k_02620"", ""ahd5k_02627"", ""ahd5k_02662"", ""ahd5k_02685"", ""ahd5k_02719"", ""ahd5k_02761"", ""ahd5k_02768"", ""ahd5k_02810"", ""ahd5k_02863"", ""ahd5k_02864"", ""ahd5k_02971"", ""ahd5k_03068"", ""ahd5k_03113"", ""ahd5k_03139"", ""ahd5k_03154"", ""ahd5k_03234"", ""ahd5k_03333"", ""ahd5k_03339"", ""ahd5k_03376"", ""ahd5k_03385"", ""ahd5k_03400"", ""ahd5k_03427"", ""ahd5k_03431"", ""ahd5k_03469"", ""ahd5k_03501"", ""ahd5k_03544"", ""ahd5k_03553"", ""ahd5k_03632"", ""ahd5k_03651"", ""ahd5k_03685"", ""ahd5k_03769"", ""ahd5k_03818"", ""ahd5k_03872"", ""ahd5k_03901"", ""ahd5k_03985"", ""ahd5k_03986"", ""ahd5k_04034"", ""ahd5k_04067"", ""ahd5k_04112"", ""ahd5k_04190"", ""ahd5k_04262"", ""ahd5k_04279"", ""ahd5k_04408"", ""ahd5k_04517"", ""ahd5k_04546"", ""ahd5k_04706"", ""ahd5k_04728"", ""ahd5k_04754"", ""ahd5k_04866"", ""ahd5k_04903"", ""ahd5k_04916"", ""ahd5k_04921"", ""ahd5k_04942"", ""ahd5k_04944""]"
التوحد السلوكي,التوحد السلوكي,ent_diseasecondition_443aafd23ff7,التوحد السلوكي,DiseaseCondition,1,"[""chunk_00112""]","[""ahd5k_04764""]"
الجالكتوز,الجالكتوز,ent_diseasecondition_8e104f8ce212,الجالكتوز,DiseaseCondition,1,"[""chunk_00037""]","[""ahd5k_01578""]"
الجلد المترهل,الجلد المترهل,ent_diseasecondition_adcc5a085807,الجلد المترهل,DiseaseCondition,1,"[""chunk_00008""]","[""ahd5k_01190""]"
الجلطات,الجلطات,ent_diseasecondition_9efe983f86e2,الجلطات,DiseaseCondition,0,"[""chunk_00080""]","[""ahd5k_00924""]"
الجلطات الدماغية,الجلطات الدماغيه,ent_diseasecondition_925cfcb87467,الجلطات الدماغية,DiseaseCondition,0,"[""chunk_00144""]","[""ahd5k_01783""]"
الجلطة الدماغية,الجلطه الدماغيه,ent_diseasecondition_da5565d6842c,الجلطة الدماغية,DiseaseCondition,2,"[""chunk_00079"", ""chunk_00088""]","[""ahd5k_03696"", ""ahd5k_03846""]"
الجلطة الدماغية السابقة,الجلطه الدماغيه السابقه,ent_diseasecondition_da5565d6842c,الجلطة الدماغية,DiseaseCondition,0,"[""chunk_00079"", ""chunk_00088""]","[""ahd5k_03696"", ""ahd5k_03846""]"
الجنين,الجنين,ent_diseasecondition_1420aadad936,الجنين,DiseaseCondition,2,"[""chunk_00156""]","[""ahd5k_03455"", ""ahd5k_04815""]"
الجيب اللثوي,الجيب اللثوي,ent_diseasecondition_2de63ce5404a,الجيب اللثوي,DiseaseCondition,0,"[""chunk_00121""]","[""ahd5k_02986""]"
الحروق,الحروق,ent_diseasecondition_5dcc30c3edc8,الحروق,DiseaseCondition,1,"[""chunk_00039""]","[""ahd5k_04866""]"
الحصى,الحصي,ent_diseasecondition_ac6f7cbfb177,الحصى,DiseaseCondition,1,"[""chunk_00180""]","[""ahd5k_00012""]"
الحمل,الحمل,ent_diseasecondition_7abdd04c7114,الحمل,DiseaseCondition,25,"[""chunk_00045"", ""chunk_00099"", ""chunk_00145"", ""chunk_00146"", ""chunk_00147"", ""chunk_00149"", ""chunk_00151"", ""chunk_00152"", ""chunk_00159"", ""chunk_00168""]","[""ahd5k_00048"", ""ahd5k_00230"", ""ahd5k_00439"", ""ahd5k_00568"", ""ahd5k_00604"", ""ahd5k_00775"", ""ahd5k_00793"", ""ahd5k_00876"", ""ahd5k_00941"", ""ahd5k_01023"", ""ahd5k_01515"", ""ahd5k_01585"", ""ahd5k_01754"", ""ahd5k_02160"", ""ahd5k_02381"", ""ahd5k_02665"", ""ahd5k_02903"", ""ahd5k_03090"", ""ahd5k_03359"", ""ahd5k_03563"", ""ahd5k_03809"", ""ahd5k_03870"", ""ahd5k_04001"", ""ahd5k_04509""]"
الحودة الحال,الحوده الحال,ent_diseasecondition_41f520aa86a9,الحودة الحال,DiseaseCondition,2,"[""chunk_00148""]","[""ahd5k_02182"", ""ahd5k_02249""]"
الحودة الصكري,الحوده الصكري,ent_diseasecondition_33ebca04d291,الحودة الصكري,DiseaseCondition,2,"[""chunk_00148""]","[""ahd5k_02182"", ""ahd5k_02249""]"
الدهون الثلاثيه,الدهون الثلاثيه,ent_diseasecondition_b774b131180f,ارتفاع الكلسترول,DiseaseCondition,0,"[""chunk_00088""]","[""ahd5k_01558""]"
الدورة,الدوره,ent_diseasecondition_f870ba2ab6eb,الدورة الشهرية,DiseaseCondition,0,"[""chunk_00012"", ""chunk_00126""]","[""ahd5k_00140"", ""ahd5k_04015""]"
الدورة الشهرية,الدوره الشهريه,ent_diseasecondition_f870ba2ab6eb,الدورة الشهرية,DiseaseCondition,2,"[""chunk_00012"", ""chunk_00126""]","[""ahd5k_00140"", ""ahd5k_04015""]"
الروماتيزم,الروماتيزم,ent_diseasecondition_d858e70d5fdf,الروماتيزم,DiseaseCondition,0,"[""chunk_00069""]","[""ahd5k_03624""]"
الرئتين,الريتين,ent_diseasecondition_01ba795ec738,الرئتين,DiseaseCondition,0,"[""chunk_00189""]","[""ahd5k_04904""]"
السرطان,السرطان,ent_diseasecondition_aaf0d0958a26,السرطان,DiseaseCondition,3,"[""chunk_00042"", ""chunk_00049"", ""chunk_00156""]","[""ahd5k_03329"", ""ahd5k_03400"", ""ahd5k_04985""]"
السكري,السكري,ent_diseasecondition_380db6d92562,مرض السكري,DiseaseCondition,1,"[""chunk_00028""]","[""ahd5k_03068""]"
السكري,السكري,ent_diseasecondition_6eb03902c623,السكري,DiseaseCondition,1,"[""chunk_00081""]","[""ahd5k_04533""]"
السل,السل,ent_diseasecondition_e315c7d51517,السل,DiseaseCondition,1,"[""chunk_00049""]","[""ahd5k_03400""]"
السمنة,السمنه,ent_diseasecondition_f756960fd62b,السمنة,DiseaseCondition,1,"[""chunk_00052""]","[""ahd5k_04944""]"
الشيخوخة,الشيخوخه,ent_diseasecondition_d99fb1a77d6c,الشيخوخة,DiseaseCondition,1,"[""chunk_00156""]","[""ahd5k_03329""]"
الصداع التوتري,الصداع التوتري,ent_diseasecondition_00247d3d5c80,الصداع التوتري,DiseaseCondition,0,"[""chunk_00131""]","[""ahd5k_00780""]"
الصداع النصفي,الصداع النصفي,ent_diseasecondition_aacab021c9d4,الصداع النصفي,DiseaseCondition,1,"[""chunk_00128""]","[""ahd5k_02662""]"
الصدمة الكهربائية,الصدمه الكهرباييه,ent_diseasecondition_6fc3f18427fb,الصدمة الكهربائية,DiseaseCondition,0,"[""chunk_00039""]","[""ahd5k_04866""]"
الصدمه الكهرباييه,الصدمه الكهرباييه,ent_diseasecondition_6fc3f18427fb,الصدمة الكهربائية,DiseaseCondition,1,"[""chunk_00039""]","[""ahd5k_04866""]"
الصفائح,الصفايح,ent_diseasecondition_b3e7fc089ddd,الصفائح الدموية,DiseaseCondition,0,"[""chunk_00060""]","[""ahd5k_03348""]"
الصفائح الدموية,الصفايح الدمويه,ent_diseasecondition_b3e7fc089ddd,الصفائح الدموية,DiseaseCondition,0,"[""chunk_00060""]","[""ahd5k_03348""]"
الضرس,الضرس,ent_diseasecondition_ee57bd84c53c,الضرس,DiseaseCondition,5,"[""chunk_00119""]","[""ahd5k_00484"", ""ahd5k_00821"", ""ahd5k_00828"", ""ahd5k_00977"", ""ahd5k_01094""]"
الضيق البسيط,الضيق البسيط,ent_diseasecondition_45b76d151316,الضيق البسيط,DiseaseCondition,0,"[""chunk_00081""]","[""ahd5k_03965""]"
الطمث,الطمث,ent_diseasecondition_f870ba2ab6eb,الدورة الشهرية,DiseaseCondition,1,"[""chunk_00012""]","[""ahd5k_04015""]"
الغدة الدرقية,الغده الدرقيه,ent_diseasecondition_7b4788cd854a,الغدة الدرقية,DiseaseCondition,0,"[""chunk_00166""]","[""ahd5k_00632"", ""ahd5k_02980"", ""ahd5k_03465""]"
الفركتوز,الفركتوز,ent_diseasecondition_46faf93722a3,الفركتوز,DiseaseCondition,1,"[""chunk_00037""]","[""ahd5k_01578""]"
الفشل القلبي اللامُعاوَض,الفشل القلبي اللامعاوض,ent_diseasecondition_765c9fdd4495,الفشل القلبي اللامُعاوَض,DiseaseCondition,0,"[""chunk_00081""]","[""ahd5k_04533""]"
القرحة,القرحه,ent_diseasecondition_d13d516b4149,القرحة,DiseaseCondition,1,"[""chunk_00183""]","[""ahd5k_03807""]"
القفص الصدري,القفص الصدري,ent_diseasecondition_8fec9e9307d6,القفص الصدري,DiseaseCondition,1,"[""chunk_00189""]","[""ahd5k_04904""]"
القولون,القولون,ent_diseasecondition_017a6d080eff,القولون,DiseaseCondition,6,"[""chunk_00027"", ""chunk_00180""]","[""ahd5k_01181"", ""ahd5k_02411"", ""ahd5k_02677"", ""ahd5k_04566""]"
القولون العصبى,القولون العصبي,ent_diseasecondition_017a6d080eff,القولون,DiseaseCondition,1,"[""chunk_00180""]","[""ahd5k_02511""]"
القولون العصبي,القولون العصبي,ent_diseasecondition_ca9304cd0dde,القولون العصبي,DiseaseCondition,8,"[""chunk_00027"", ""chunk_00177"", ""chunk_00180"", ""chunk_00183""]","[""ahd5k_00012"", ""ahd5k_01181"", ""ahd5k_01465"", ""ahd5k_02679"", ""ahd5k_04517"", ""ahd5k_04566""]"
الكساح,الكساح,ent_diseasecondition_584b39abb33a,الكساح,DiseaseCondition,0,"[""chunk_00110""]","[""ahd5k_01701""]"
الكوليسترول,الكوليسترول,ent_diseasecondition_1cda0b09f82c,الكوليسترول,DiseaseCondition,1,"[""chunk_00143""]","[""ahd5k_00171""]"
اللثة,اللثه,ent_diseasecondition_4171598a5900,اللثة,DiseaseCondition,0,"[""chunk_00113""]","[""ahd5k_00736"", ""ahd5k_01751"", ""ahd5k_02169"", ""ahd5k_02245"", ""ahd5k_02618"", ""ahd5k_03427""]"
اللثه,اللثه,ent_diseasecondition_4171598a5900,اللثة,DiseaseCondition,5,"[""chunk_00113""]","[""ahd5k_00736"", ""ahd5k_01751"", ""ahd5k_02245"", ""ahd5k_02618"", ""ahd5k_03427""]"
اللمف,اللمف,ent_diseasecondition_d2e284c27e53,اللمف,DiseaseCondition,1,"[""chunk_00024""]","[""ahd5k_00291""]"
الم,الم,ent_diseasecondition_16cf4e77b755,التهاب,DiseaseCondition,1,"[""chunk_00170""]","[""ahd5k_03431""]"
الملوية البوابية,الملويه البوابيه,ent_diseasecondition_86e897b1e25a,الملوية البوابية,DiseaseCondition,1,"[""chunk_00183""]","[""ahd5k_03807""]"
الموت الدماغي,الموت الدماغي,ent_diseasecondition_1d360e20e36c,الموت الدماغي,DiseaseCondition,1,"[""chunk_00024""]","[""ahd5k_04739""]"
النخاع الشوكي,النخاع الشوكي,ent_diseasecondition_a2bb8f572461,النخاع الشوكي,DiseaseCondition,1,"[""chunk_00024""]","[""ahd5k_04739""]"
النسيج,النسيج,ent_diseasecondition_532d066568cb,النسيج,DiseaseCondition,0,"[""chunk_00080""]","[""ahd5k_00924""]"
النسيج المحيط,النسيج المحيط,ent_diseasecondition_77d1494eeb4a,النسيج المحيط,DiseaseCondition,0,"[""chunk_00080""]","[""ahd5k_00924""]"
النسيج المحيط بالفتحة,النسيج المحيط بالفتحه,ent_diseasecondition_1624385f1d65,النسيج المحيط بالفتحة,DiseaseCondition,0,"[""chunk_00080""]","[""ahd5k_00924""]"
النسيج فوق الدعامات,النسيج فوق الدعامات,ent_diseasecondition_bad4a78d1afb,النسيج فوق الدعامات,DiseaseCondition,0,"[""chunk_00080""]","[""ahd5k_00924""]"
النقص الشديد للصفائح,النقص الشديد للصفايح,ent_diseasecondition_d039dca7a8c0,النقص الشديد للصفائح,DiseaseCondition,0,"[""chunk_00057""]","[""ahd5k_00203""]"
الورم الدماغي,الورم الدماغي,ent_diseasecondition_7a635a09206f,الورم الدماغي,DiseaseCondition,1,"[""chunk_00028""]","[""ahd5k_03284""]"
الورم النقوي المتعدد,الورم النقوي المتعدد,ent_diseasecondition_0c001085703e,الورم النقوي المتعدد,DiseaseCondition,1,"[""chunk_00041""]","[""ahd5k_01930""]"
إمساك,امساك,ent_diseasecondition_deb4b94517cc,إمساك,DiseaseCondition,0,"[""chunk_00185""]","[""ahd5k_01998"", ""ahd5k_04017"", ""ahd5k_04323""]"
امساك,امساك,ent_diseasecondition_deb4b94517cc,إمساك,DiseaseCondition,3,"[""chunk_00185""]","[""ahd5k_01998"", ""ahd5k_04017"", ""ahd5k_04323""]"
امساك شديد,امساك شديد,ent_diseasecondition_deb4b94517cc,إمساك,DiseaseCondition,0,"[""chunk_00185""]","[""ahd5k_01998"", ""ahd5k_04017"", ""ahd5k_04323""]"
انخفاض ضغط الدم,انخفاض ضغط الدم,ent_diseasecondition_58d7d4ebddc3,انخفاض ضغط الدم,DiseaseCondition,0,"[""chunk_00069""]","[""ahd5k_04701""]"
انزلاق أنقي,انزلاق انقي,ent_diseasecondition_8900ade247cb,انزلاق أنقي,DiseaseCondition,1,"[""chunk_00139""]","[""ahd5k_00754""]"
انزلاق انقي,انزلاق انقي,ent_diseasecondition_8900ade247cb,انزلاق أنقي,DiseaseCondition,0,"[""chunk_00139""]","[""ahd5k_00754""]"
انزلاق غضروفي عنقي,انزلاق غضروفي عنقي,ent_diseasecondition_5490429a16c5,انزلاق غضروفي عنقي,DiseaseCondition,1,"[""chunk_00133""]","[""ahd5k_04468""]"
انفراص,انفراص,ent_diseasecondition_94a9a87f1248,انفراص,DiseaseCondition,0,"[""chunk_00032""]","[""ahd5k_00088""]"
انفراص,انفراص,ent_diseasecondition_bcda4485dd1d,انقراص,DiseaseCondition,0,"[""chunk_00032""]","[""ahd5k_00088""]"
انقراص,انقراص,ent_diseasecondition_94a9a87f1248,انفراص,DiseaseCondition,0,"[""chunk_00032""]","[""ahd5k_00088""]"
انقراص,انقراص,ent_diseasecondition_bcda4485dd1d,انقراص,DiseaseCondition,1,"[""chunk_00032""]","[""ahd5k_00088""]"
انيميا,انيميا,ent_diseasecondition_9719230327a2,فقر الدم,DiseaseCondition,1,"[""chunk_00053""]","[""ahd5k_01325""]"
انيميا الفول,انيميا الفول,ent_diseasecondition_9719230327a2,فقر الدم,DiseaseCondition,0,"[""chunk_00049"", ""chunk_00053"", ""chunk_00054"", ""chunk_00056"", ""chunk_00058"", ""chunk_00059"", ""chunk_00067"", ""chunk_00085"", ""chunk_00100"", ""chunk_00135"", ""chunk_00182""]","[""ahd5k_00543"", ""ahd5k_00594"", ""ahd5k_00655"", ""ahd5k_00681"", ""ahd5k_00696"", ""ahd5k_00757"", ""ahd5k_00838"", ""ahd5k_00855"", ""ahd5k_01162"", ""ahd5k_01325"", ""ahd5k_01394"", ""ahd5k_01903"", ""ahd5k_02292"", ""ahd5k_02472"", ""ahd5k_02546"", ""ahd5k_03400"", ""ahd5k_03651"", ""ahd5k_03707"", ""ahd5k_04046""]"
بداية تكيس المابيض,بدايه تكيس المابيض,ent_diseasecondition_a69e12c09129,تكيس المابيض,DiseaseCondition,1,"[""chunk_00095""]","[""ahd5k_04038""]"
بروثرومبين,بروثرومبين,ent_diseasecondition_884ee2807f70,بروثرومبين,DiseaseCondition,1,"[""chunk_00040""]","[""ahd5k_00679""]"
بيلة الميوغلوبين,بيله الميوغلوبين,ent_diseasecondition_28abf8165f28,بيلة الميوغلوبين,DiseaseCondition,1,"[""chunk_00038""]","[""ahd5k_03468""]"
تخم البروستاتا الحميد,تخم البروستاتا الحميد,ent_diseasecondition_517952691aa3,تخم البروستاتا الحميد,DiseaseCondition,1,"[""chunk_00190""]","[""ahd5k_04948""]"
تسوس الأسنان,تسوس الاسنان,ent_diseasecondition_190a32dbb9bd,تسوس الأسنان,DiseaseCondition,0,"[""chunk_00055""]","[""ahd5k_04844""]"
تسوس الأسنان أو أي خراجات باللثة,تسوس الاسنان او اي خراجات باللثه,ent_diseasecondition_190a32dbb9bd,تسوس الأسنان,DiseaseCondition,1,"[""chunk_00055""]","[""ahd5k_04844""]"
تشمع,تشمع,ent_diseasecondition_c0d08edb6394,تشمع الكبد,DiseaseCondition,0,"[""chunk_00174""]","[""ahd5k_02213""]"
تشمع الكبد,تشمع الكبد,ent_diseasecondition_c0d08edb6394,تشمع الكبد,DiseaseCondition,1,"[""chunk_00174""]","[""ahd5k_02213""]"
تشوه,تشوه,ent_diseasecondition_35d61a018e10,تشوه,DiseaseCondition,0,"[""chunk_00150""]","[""ahd5k_03355""]"
تشوه,تشوه,ent_diseasecondition_b50b108a90f4,تشوهات,DiseaseCondition,0,"[""chunk_00150""]","[""ahd5k_03355""]"
تشوهات,تشوهات,ent_diseasecondition_35d61a018e10,تشوه,DiseaseCondition,0,"[""chunk_00150""]","[""ahd5k_03355""]"
تشوهات,تشوهات,ent_diseasecondition_7f2969b272b5,تشوهات خلقية,DiseaseCondition,0,"[""chunk_00044"", ""chunk_00045""]","[""ahd5k_03238"", ""ahd5k_04509""]"
تشوهات,تشوهات,ent_diseasecondition_b50b108a90f4,تشوهات,DiseaseCondition,0,"[""chunk_00150""]","[""ahd5k_03355""]"
تشوهات خلقية,تشوهات خلقيه,ent_diseasecondition_7f2969b272b5,تشوهات خلقية,DiseaseCondition,3,"[""chunk_00044"", ""chunk_00045""]","[""ahd5k_03238"", ""ahd5k_04509""]"
تصلب الشرايين,تصلب الشرايين,ent_diseasecondition_44e90462f6cf,تصلب الشرايين,DiseaseCondition,2,"[""chunk_00071""]","[""ahd5k_04630""]"
تضخم,تضخم,ent_diseasecondition_4453ab65a84b,تضخم,DiseaseCondition,0,"[""chunk_00046""]","[""ahd5k_00647""]"
تضخم الغدد اللمفية,تضخم الغدد اللمفيه,ent_diseasecondition_7ac7135caacd,تضخم الغدد اللمفية,DiseaseCondition,0,"[""chunk_00055""]","[""ahd5k_04844""]"
تضخم الغدد اللمفية الموضعية,تضخم الغدد اللمفيه الموضعيه,ent_diseasecondition_7ac7135caacd,تضخم الغدد اللمفية,DiseaseCondition,0,"[""chunk_00055""]","[""ahd5k_04844""]"
تضخم في الارداف,تضخم في الارداف,ent_diseasecondition_4453ab65a84b,تضخم,DiseaseCondition,1,"[""chunk_00046""]","[""ahd5k_00647""]"
تضيق الشرايين,تضيق الشرايين,ent_diseasecondition_2e5268a07754,تضيق الشرايين,DiseaseCondition,0,"[""chunk_00080""]","[""ahd5k_00391"", ""ahd5k_01704""]"
تضيق الشرايين القلبية,تضيق الشرايين القلبيه,ent_diseasecondition_2e5268a07754,تضيق الشرايين,DiseaseCondition,0,"[""chunk_00080""]","[""ahd5k_00391"", ""ahd5k_01704""]"
تضيق القنوات,تضيق القنوات,ent_diseasecondition_0058b0001848,تضيق القنوات الموجودة داخل الكبد,DiseaseCondition,0,"[""chunk_00174""]","[""ahd5k_00255""]"
تضيق القنوات الموجودة داخل الكبد,تضيق القنوات الموجوده داخل الكبد,ent_diseasecondition_0058b0001848,تضيق القنوات الموجودة داخل الكبد,DiseaseCondition,1,"[""chunk_00174""]","[""ahd5k_00255""]"
تكيس المابيض,تكيس المابيض,ent_diseasecondition_a69e12c09129,تكيس المابيض,DiseaseCondition,0,"[""chunk_00095""]","[""ahd5k_04038""]"
تكيس المبايض,تكيس المبايض,ent_diseasecondition_d56405bafefa,تكيس المبايض,DiseaseCondition,2,"[""chunk_00161"", ""chunk_00184""]","[""ahd5k_00772"", ""ahd5k_04832""]"
تكيس المبيض,تكيس المبيض,ent_diseasecondition_d56405bafefa,تكيس المبايض,DiseaseCondition,0,"[""chunk_00161"", ""chunk_00184""]","[""ahd5k_00772"", ""ahd5k_04832""]"
تهاب,تهاب,ent_diseasecondition_109e661e0028,تهاب الغدة الدرقية,DiseaseCondition,0,"[""chunk_00170""]","[""ahd5k_02685""]"
تهاب,تهاب,ent_diseasecondition_16cf4e77b755,التهاب,DiseaseCondition,1,"[""chunk_00110""]","[""ahd5k_02532""]"
تهاب,تهاب,ent_diseasecondition_385230d505f3,تهاب,DiseaseCondition,8,"[""chunk_00090"", ""chunk_00109"", ""chunk_00127"", ""chunk_00136"", ""chunk_00181"", ""chunk_00188"", ""chunk_00191""]","[""ahd5k_00142"", ""ahd5k_00162"", ""ahd5k_00369"", ""ahd5k_00714"", ""ahd5k_00891"", ""ahd5k_01567"", ""ahd5k_03671"", ""ahd5k_04235""]"
تهاب الحلق,تهاب الحلق,ent_diseasecondition_385230d505f3,تهاب,DiseaseCondition,0,"[""chunk_00090"", ""chunk_00109"", ""chunk_00120"", ""chunk_00127"", ""chunk_00136"", ""chunk_00167"", ""chunk_00181"", ""chunk_00188"", ""chunk_00191""]","[""ahd5k_00142"", ""ahd5k_00162"", ""ahd5k_00369"", ""ahd5k_00372"", ""ahd5k_00714"", ""ahd5k_00791"", ""ahd5k_00891"", ""ahd5k_01491"", ""ahd5k_01567"", ""ahd5k_01579"", ""ahd5k_01750"", ""ahd5k_02037"", ""ahd5k_03671"", ""ahd5k_04235"", ""ahd5k_04258""]"
تهاب الحلمات,تهاب الحلمات,ent_diseasecondition_16cf4e77b755,التهاب,DiseaseCondition,0,"[""chunk_00001"", ""chunk_00014"", ""chunk_00021"", ""chunk_00025"", ""chunk_00028"", ""chunk_00034"", ""chunk_00035"", ""chunk_00037"", ""chunk_00039"", ""chunk_00042"", ""chunk_00049"", ""chunk_00052"", ""chunk_00061"", ""chunk_00062"", ""chunk_00067"", ""chunk_00072"", ""chunk_00076"", ""chunk_00079"", ""chunk_00080"", ""chunk_00082"", ""chunk_00085"", ""chunk_00088"", ""chunk_00091"", ""chunk_00098"", ""chunk_00110"", ""chunk_00111"", ""chunk_00113"", ""chunk_00117"", ""chunk_00119"", ""chunk_00121"", ""chunk_00122"", ""chunk_00123"", ""chunk_00125"", ""chunk_00126"", ""chunk_00128"", ""chunk_00129"", ""chunk_00130"", ""chunk_00135"", ""chunk_00136"", ""chunk_00138"", ""chunk_00143"", ""chunk_00145"", ""chunk_00156"", ""chunk_00158"", ""chunk_00166"", ""chunk_00168"", ""chunk_00170"", ""chunk_00176"", ""chunk_00177"", ""chunk_00178"", ""chunk_00180"", ""chunk_00183"", ""chunk_00192""]","[""ahd5k_00008"", ""ahd5k_00012"", ""ahd5k_00032"", ""ahd5k_00069"", ""ahd5k_00072"", ""ahd5k_00114"", ""ahd5k_00140"", ""ahd5k_00171"", ""ahd5k_00480"", ""ahd5k_00505"", ""ahd5k_00515"", ""ahd5k_00530"", ""ahd5k_00632"", ""ahd5k_00639"", ""ahd5k_00656"", ""ahd5k_00666"", ""ahd5k_00673"", ""ahd5k_00736"", ""ahd5k_00774"", ""ahd5k_00775"", ""ahd5k_00855"", ""ahd5k_00859"", ""ahd5k_00887"", ""ahd5k_00970"", ""ahd5k_00994"", ""ahd5k_01099"", ""ahd5k_01104"", ""ahd5k_01394"", ""ahd5k_01422"", ""ahd5k_01465"", ""ahd5k_01510"", ""ahd5k_01551"", ""ahd5k_01558"", ""ahd5k_01578"", ""ahd5k_01669"", ""ahd5k_01689"", ""ahd5k_01751"", ""ahd5k_01836"", ""ahd5k_01874"", ""ahd5k_02023"", ""ahd5k_02169"", ""ahd5k_02203"", ""ahd5k_02245"", ""ahd5k_02282"", ""ahd5k_02491"", ""ahd5k_02532"", ""ahd5k_02569"", ""ahd5k_02587"", ""ahd5k_02618"", ""ahd5k_02620"", ""ahd5k_02627"", ""ahd5k_02662"", ""ahd5k_02685"", ""ahd5k_02719"", ""ahd5k_02761"", ""ahd5k_02768"", ""ahd5k_02810"", ""ahd5k_02863"", ""ahd5k_02864"", ""ahd5k_02971"", ""ahd5k_03068"", ""ahd5k_03113"", ""ahd5k_03139"", ""ahd5k_03154"", ""ahd5k_03234"", ""ahd5k_03333"", ""ahd5k_03339"", ""ahd5k_03376"", ""ahd5k_03385"", ""ahd5k_03400"", ""ahd5k_03427"", ""ahd5k_03431"", ""ahd5k_03469"", ""ahd5k_03501"", ""ahd5k_03544"", ""ahd5k_03553"", ""ahd5k_03632"", ""ahd5k_03651"", ""ahd5k_03685"", ""ahd5k_03769"", ""ahd5k_03818"", ""ahd5k_03872"", ""ahd5k_03901"", ""ahd5k_03985"", ""ahd5k_03986"", ""ahd5k_04034"", ""ahd5k_04067"", ""ahd5k_04112"", ""ahd5k_04190"", ""ahd5k_04262"", ""ahd5k_04279"", ""ahd5k_04408"", ""ahd5k_04517"", ""ahd5k_04546"", ""ahd5k_04706"", ""ahd5k_04728"", ""ahd5k_04754"", ""ahd5k_04866"", ""ahd5k_04903"", ""ahd5k_04916"", ""ahd5k_04921"", ""ahd5k_04942"", ""ahd5k_04944""]"
تهاب الغدة الدرقية,تهاب الغده الدرقيه,ent_diseasecondition_109e661e0028,تهاب الغدة الدرقية,DiseaseCondition,0,"[""chunk_00170""]","[""ahd5k_02685""]"
تهاب الفم,تهاب الفم,ent_diseasecondition_16cf4e77b755,التهاب,DiseaseCondition,0,"[""chunk_00001"", ""chunk_00014"", ""chunk_00021"", ""chunk_00025"", ""chunk_00028"", ""chunk_00034"", ""chunk_00035"", ""chunk_00037"", ""chunk_00039"", ""chunk_00042"", ""chunk_00049"", ""chunk_00052"", ""chunk_00061"", ""chunk_00062"", ""chunk_00067"", ""chunk_00072"", ""chunk_00076"", ""chunk_00079"", ""chunk_00080"", ""chunk_00082"", ""chunk_00085"", ""chunk_00088"", ""chunk_00091"", ""chunk_00098"", ""chunk_00110"", ""chunk_00111"", ""chunk_00113"", ""chunk_00117"", ""chunk_00119"", ""chunk_00121"", ""chunk_00122"", ""chunk_00123"", ""chunk_00125"", ""chunk_00126"", ""chunk_00128"", ""chunk_00129"", ""chunk_00130"", ""chunk_00135"", ""chunk_00136"", ""chunk_00138"", ""chunk_00143"", ""chunk_00145"", ""chunk_00156"", ""chunk_00158"", ""chunk_00166"", ""chunk_00168"", ""chunk_00170"", ""chunk_00176"", ""chunk_00177"", ""chunk_00178"", ""chunk_00180"", ""chunk_00183"", ""chunk_00192""]","[""ahd5k_00008"", ""ahd5k_00012"", ""ahd5k_00032"", ""ahd5k_00069"", ""ahd5k_00072"", ""ahd5k_00114"", ""ahd5k_00140"", ""ahd5k_00171"", ""ahd5k_00480"", ""ahd5k_00505"", ""ahd5k_00515"", ""ahd5k_00530"", ""ahd5k_00632"", ""ahd5k_00639"", ""ahd5k_00656"", ""ahd5k_00666"", ""ahd5k_00673"", ""ahd5k_00736"", ""ahd5k_00774"", ""ahd5k_00775"", ""ahd5k_00855"", ""ahd5k_00859"", ""ahd5k_00887"", ""ahd5k_00970"", ""ahd5k_00994"", ""ahd5k_01099"", ""ahd5k_01104"", ""ahd5k_01394"", ""ahd5k_01422"", ""ahd5k_01465"", ""ahd5k_01510"", ""ahd5k_01551"", ""ahd5k_01558"", ""ahd5k_01578"", ""ahd5k_01669"", ""ahd5k_01689"", ""ahd5k_01751"", ""ahd5k_01836"", ""ahd5k_01874"", ""ahd5k_02023"", ""ahd5k_02169"", ""ahd5k_02203"", ""ahd5k_02245"", ""ahd5k_02282"", ""ahd5k_02491"", ""ahd5k_02532"", ""ahd5k_02569"", ""ahd5k_02587"", ""ahd5k_02618"", ""ahd5k_02620"", ""ahd5k_02627"", ""ahd5k_02662"", ""ahd5k_02685"", ""ahd5k_02719"", ""ahd5k_02761"", ""ahd5k_02768"", ""ahd5k_02810"", ""ahd5k_02863"", ""ahd5k_02864"", ""ahd5k_02971"", ""ahd5k_03068"", ""ahd5k_03113"", ""ahd5k_03139"", ""ahd5k_03154"", ""ahd5k_03234"", ""ahd5k_03333"", ""ahd5k_03339"", ""ahd5k_03376"", ""ahd5k_03385"", ""ahd5k_03400"", ""ahd5k_03427"", ""ahd5k_03431"", ""ahd5k_03469"", ""ahd5k_03501"", ""ahd5k_03544"", ""ahd5k_03553"", ""ahd5k_03632"", ""ahd5k_03651"", ""ahd5k_03685"", ""ahd5k_03769"", ""ahd5k_03818"", ""ahd5k_03872"", ""ahd5k_03901"", ""ahd5k_03985"", ""ahd5k_03986"", ""ahd5k_04034"", ""ahd5k_04067"", ""ahd5k_04112"", ""ahd5k_04190"", ""ahd5k_04262"", ""ahd5k_04279"", ""ahd5k_04408"", ""ahd5k_04517"", ""ahd5k_04546"", ""ahd5k_04706"", ""ahd5k_04728"", ""ahd5k_04754"", ""ahd5k_04866"", ""ahd5k_04903"", ""ahd5k_04916"", ""ahd5k_04921"", ""ahd5k_04942"", ""ahd5k_04944""]"
تهاب القصبات,تهاب القصبات,ent_diseasecondition_385230d505f3,تهاب,DiseaseCondition,0,"[""chunk_00090"", ""chunk_00109"", ""chunk_00120"", ""chunk_00127"", ""chunk_00136"", ""chunk_00167"", ""chunk_00181"", ""chunk_00188"", ""chunk_00191""]","[""ahd5k_00142"", ""ahd5k_00162"", ""ahd5k_00369"", ""ahd5k_00372"", ""ahd5k_00714"", ""ahd5k_00791"", ""ahd5k_00891"", ""ahd5k_01491"", ""ahd5k_01567"", ""ahd5k_01579"", ""ahd5k_01750"", ""ahd5k_02037"", ""ahd5k_03671"", ""ahd5k_04235"", ""ahd5k_04258""]"
تهاب اللثة,تهاب اللثه,ent_diseasecondition_16cf4e77b755,التهاب,DiseaseCondition,0,"[""chunk_00001"", ""chunk_00014"", ""chunk_00021"", ""chunk_00025"", ""chunk_00028"", ""chunk_00034"", ""chunk_00035"", ""chunk_00037"", ""chunk_00039"", ""chunk_00042"", ""chunk_00049"", ""chunk_00052"", ""chunk_00061"", ""chunk_00062"", ""chunk_00067"", ""chunk_00072"", ""chunk_00076"", ""chunk_00079"", ""chunk_00080"", ""chunk_00082"", ""chunk_00085"", ""chunk_00088"", ""chunk_00091"", ""chunk_00098"", ""chunk_00110"", ""chunk_00111"", ""chunk_00113"", ""chunk_00117"", ""chunk_00119"", ""chunk_00121"", ""chunk_00122"", ""chunk_00123"", ""chunk_00125"", ""chunk_00126"", ""chunk_00128"", ""chunk_00129"", ""chunk_00130"", ""chunk_00135"", ""chunk_00136"", ""chunk_00138"", ""chunk_00143"", ""chunk_00145"", ""chunk_00156"", ""chunk_00158"", ""chunk_00166"", ""chunk_00168"", ""chunk_00170"", ""chunk_00176"", ""chunk_00177"", ""chunk_00178"", ""chunk_00180"", ""chunk_00183"", ""chunk_00192""]","[""ahd5k_00008"", ""ahd5k_00012"", ""ahd5k_00032"", ""ahd5k_00069"", ""ahd5k_00072"", ""ahd5k_00114"", ""ahd5k_00140"", ""ahd5k_00171"", ""ahd5k_00480"", ""ahd5k_00505"", ""ahd5k_00515"", ""ahd5k_00530"", ""ahd5k_00632"", ""ahd5k_00639"", ""ahd5k_00656"", ""ahd5k_00666"", ""ahd5k_00673"", ""ahd5k_00736"", ""ahd5k_00774"", ""ahd5k_00775"", ""ahd5k_00855"", ""ahd5k_00859"", ""ahd5k_00887"", ""ahd5k_00970"", ""ahd5k_00994"", ""ahd5k_01099"", ""ahd5k_01104"", ""ahd5k_01394"", ""ahd5k_01422"", ""ahd5k_01465"", ""ahd5k_01510"", ""ahd5k_01551"", ""ahd5k_01558"", ""ahd5k_01578"", ""ahd5k_01669"", ""ahd5k_01689"", ""ahd5k_01751"", ""ahd5k_01836"", ""ahd5k_01874"", ""ahd5k_02023"", ""ahd5k_02169"", ""ahd5k_02203"", ""ahd5k_02245"", ""ahd5k_02282"", ""ahd5k_02491"", ""ahd5k_02532"", ""ahd5k_02569"", ""ahd5k_02587"", ""ahd5k_02618"", ""ahd5k_02620"", ""ahd5k_02627"", ""ahd5k_02662"", ""ahd5k_02685"", ""ahd5k_02719"", ""ahd5k_02761"", ""ahd5k_02768"", ""ahd5k_02810"", ""ahd5k_02863"", ""ahd5k_02864"", ""ahd5k_02971"", ""ahd5k_03068"", ""ahd5k_03113"", ""ahd5k_03139"", ""ahd5k_03154"", ""ahd5k_03234"", ""ahd5k_03333"", ""ahd5k_03339"", ""ahd5k_03376"", ""ahd5k_03385"", ""ahd5k_03400"", ""ahd5k_03427"", ""ahd5k_03431"", ""ahd5k_03469"", ""ahd5k_03501"", ""ahd5k_03544"", ""ahd5k_03553"", ""ahd5k_03632"", ""ahd5k_03651"", ""ahd5k_03685"", ""ahd5k_03769"", ""ahd5k_03818"", ""ahd5k_03872"", ""ahd5k_03901"", ""ahd5k_03985"", ""ahd5k_03986"", ""ahd5k_04034"", ""ahd5k_04067"", ""ahd5k_04112"", ""ahd5k_04190"", ""ahd5k_04262"", ""ahd5k_04279"", ""ahd5k_04408"", ""ahd5k_04517"", ""ahd5k_04546"", ""ahd5k_04706"", ""ahd5k_04728"", ""ahd5k_04754"", ""ahd5k_04866"", ""ahd5k_04903"", ""ahd5k_04916"", ""ahd5k_04921"", ""ahd5k_04942"", ""ahd5k_04944""]"
تهاب اللثه,تهاب اللثه,ent_diseasecondition_6e95846a4080,التهاب اللثة,DiseaseCondition,0,"[""chunk_00113"", ""chunk_00121""]","[""ahd5k_00736"", ""ahd5k_01751"", ""ahd5k_02169"", ""ahd5k_02245"", ""ahd5k_02491"", ""ahd5k_02618"", ""ahd5k_03427""]"
تهاب بكتيري,تهاب بكتيري,ent_diseasecondition_5a02034f11b7,التهاب بكتيري,DiseaseCondition,0,"[""chunk_00113""]","[""ahd5k_02169""]"
تهاب فطري,تهاب فطري,ent_diseasecondition_9c03a470d940,التهاب فطري,DiseaseCondition,0,"[""chunk_00113""]","[""ahd5k_02169""]"
تهاب لوز,تهاب لوز,ent_diseasecondition_341d574d8fe5,التهاب اللوزتين,DiseaseCondition,1,"[""chunk_00006""]","[""ahd5k_02124""]"
تهاب مفصل الركبة,تهاب مفصل الركبه,ent_diseasecondition_f12d335bd2d8,التهاب مفصل الركبة,DiseaseCondition,0,"[""chunk_00025""]","[""ahd5k_00673""]"
توقف القلب,توقف القلب,ent_diseasecondition_78b578d6c9c9,توقف القلب,DiseaseCondition,2,"[""chunk_00193""]","[""ahd5k_00235""]"
تيفود,تيفود,ent_diseasecondition_3af83594d14c,تيفود,DiseaseCondition,1,"[""chunk_00188""]","[""ahd5k_03524""]"
ثلاسيميا,ثلاسيميا,ent_diseasecondition_632b4053c8a7,ثلاسيميا,DiseaseCondition,0,"[""chunk_00056""]","[""ahd5k_02443""]"
جلطات,جلطات,ent_diseasecondition_925cfcb87467,الجلطات الدماغية,DiseaseCondition,0,"[""chunk_00144""]","[""ahd5k_01783""]"
جلطات,جلطات,ent_diseasecondition_9efe983f86e2,الجلطات,DiseaseCondition,1,"[""chunk_00080""]","[""ahd5k_00924""]"
جلطات دماغية,جلطات دماغيه,ent_diseasecondition_925cfcb87467,الجلطات الدماغية,DiseaseCondition,1,"[""chunk_00144""]","[""ahd5k_01783""]"
جلطة الاورده العميقه,جلطه الاورده العميقه,ent_diseasecondition_93e6689ea10d,جلطة الاورده العميقه,DiseaseCondition,1,"[""chunk_00071""]","[""ahd5k_04630""]"
حساسية,حساسيه,ent_diseasecondition_16cf4e77b755,التهاب,DiseaseCondition,0,"[""chunk_00001"", ""chunk_00014"", ""chunk_00021"", ""chunk_00025"", ""chunk_00028"", ""chunk_00034"", ""chunk_00035"", ""chunk_00037"", ""chunk_00039"", ""chunk_00042"", ""chunk_00049"", ""chunk_00052"", ""chunk_00061"", ""chunk_00062"", ""chunk_00067"", ""chunk_00072"", ""chunk_00076"", ""chunk_00079"", ""chunk_00080"", ""chunk_00082"", ""chunk_00085"", ""chunk_00088"", ""chunk_00091"", ""chunk_00098"", ""chunk_00110"", ""chunk_00111"", ""chunk_00113"", ""chunk_00117"", ""chunk_00119"", ""chunk_00121"", ""chunk_00122"", ""chunk_00123"", ""chunk_00125"", ""chunk_00126"", ""chunk_00128"", ""chunk_00129"", ""chunk_00130"", ""chunk_00135"", ""chunk_00136"", ""chunk_00138"", ""chunk_00143"", ""chunk_00145"", ""chunk_00156"", ""chunk_00158"", ""chunk_00166"", ""chunk_00168"", ""chunk_00170"", ""chunk_00176"", ""chunk_00177"", ""chunk_00178"", ""chunk_00180"", ""chunk_00183"", ""chunk_00192""]","[""ahd5k_00008"", ""ahd5k_00012"", ""ahd5k_00032"", ""ahd5k_00069"", ""ahd5k_00072"", ""ahd5k_00114"", ""ahd5k_00140"", ""ahd5k_00171"", ""ahd5k_00480"", ""ahd5k_00505"", ""ahd5k_00515"", ""ahd5k_00530"", ""ahd5k_00632"", ""ahd5k_00639"", ""ahd5k_00656"", ""ahd5k_00666"", ""ahd5k_00673"", ""ahd5k_00736"", ""ahd5k_00774"", ""ahd5k_00775"", ""ahd5k_00855"", ""ahd5k_00859"", ""ahd5k_00887"", ""ahd5k_00970"", ""ahd5k_00994"", ""ahd5k_01099"", ""ahd5k_01104"", ""ahd5k_01394"", ""ahd5k_01422"", ""ahd5k_01465"", ""ahd5k_01510"", ""ahd5k_01551"", ""ahd5k_01558"", ""ahd5k_01578"", ""ahd5k_01669"", ""ahd5k_01689"", ""ahd5k_01751"", ""ahd5k_01836"", ""ahd5k_01874"", ""ahd5k_02023"", ""ahd5k_02169"", ""ahd5k_02203"", ""ahd5k_02245"", ""ahd5k_02282"", ""ahd5k_02491"", ""ahd5k_02532"", ""ahd5k_02569"", ""ahd5k_02587"", ""ahd5k_02618"", ""ahd5k_02620"", ""ahd5k_02627"", ""ahd5k_02662"", ""ahd5k_02685"", ""ahd5k_02719"", ""ahd5k_02761"", ""ahd5k_02768"", ""ahd5k_02810"", ""ahd5k_02863"", ""ahd5k_02864"", ""ahd5k_02971"", ""ahd5k_03068"", ""ahd5k_03113"", ""ahd5k_03139"", ""ahd5k_03154"", ""ahd5k_03234"", ""ahd5k_03333"", ""ahd5k_03339"", ""ahd5k_03376"", ""ahd5k_03385"", ""ahd5k_03400"", ""ahd5k_03427"", ""ahd5k_03431"", ""ahd5k_03469"", ""ahd5k_03501"", ""ahd5k_03544"", ""ahd5k_03553"", ""ahd5k_03632"", ""ahd5k_03651"", ""ahd5k_03685"", ""ahd5k_03769"", ""ahd5k_03818"", ""ahd5k_03872"", ""ahd5k_03901"", ""ahd5k_03985"", ""ahd5k_03986"", ""ahd5k_04034"", ""ahd5k_04067"", ""ahd5k_04112"", ""ahd5k_04190"", ""ahd5k_04262"", ""ahd5k_04279"", ""ahd5k_04408"", ""ahd5k_04517"", ""ahd5k_04546"", ""ahd5k_04706"", ""ahd5k_04728"", ""ahd5k_04754"", ""ahd5k_04866"", ""ahd5k_04903"", ""ahd5k_04916"", ""ahd5k_04921"", ""ahd5k_04942"", ""ahd5k_04944""]"
حساسية,حساسيه,ent_diseasecondition_250910ab0701,حساسية الصدر,DiseaseCondition,0,"[""chunk_00004"", ""chunk_00096"", ""chunk_00172""]","[""ahd5k_00931"", ""ahd5k_03243"", ""ahd5k_03662"", ""ahd5k_04490""]"
حساسية,حساسيه,ent_diseasecondition_2f75d3dabe0b,حساسية,DiseaseCondition,27,"[""chunk_00001"", ""chunk_00002"", ""chunk_00003"", ""chunk_00004"", ""chunk_00006"", ""chunk_00007"", ""chunk_00009"", ""chunk_00013"", ""chunk_00014"", ""chunk_00068"", ""chunk_00082"", ""chunk_00089"", ""chunk_00096"", ""chunk_00098"", ""chunk_00114"", ""chunk_00119"", ""chunk_00122"", ""chunk_00127"", ""chunk_00136"", ""chunk_00191"", ""chunk_00195""]","[""ahd5k_00010"", ""ahd5k_00020"", ""ahd5k_00069"", ""ahd5k_00142"", ""ahd5k_00614"", ""ahd5k_00683"", ""ahd5k_00695"", ""ahd5k_00812"", ""ahd5k_00887"", ""ahd5k_00931"", ""ahd5k_00963"", ""ahd5k_00994"", ""ahd5k_01231"", ""ahd5k_01236"", ""ahd5k_01245"", ""ahd5k_01418"", ""ahd5k_01836"", ""ahd5k_02039"", ""ahd5k_02115"", ""ahd5k_02124"", ""ahd5k_02470"", ""ahd5k_02556"", ""ahd5k_02966"", ""ahd5k_03098"", ""ahd5k_03626"", ""ahd5k_03762""]"
حساسيه,حساسيه,ent_diseasecondition_2f75d3dabe0b,حساسية,DiseaseCondition,2,"[""chunk_00005""]","[""ahd5k_04144"", ""ahd5k_04347""]"
حساسية البروتين البقري,حساسيه البروتين البقري,ent_diseasecondition_22b7b2b1b34f,حساسية البروتين البقري,DiseaseCondition,1,"[""chunk_00112""]","[""ahd5k_04793""]"
حساسية الصدر,حساسيه الصدر,ent_diseasecondition_16cf4e77b755,التهاب,DiseaseCondition,0,"[""chunk_00001"", ""chunk_00014"", ""chunk_00021"", ""chunk_00025"", ""chunk_00028"", ""chunk_00034"", ""chunk_00035"", ""chunk_00037"", ""chunk_00039"", ""chunk_00042"", ""chunk_00049"", ""chunk_00052"", ""chunk_00061"", ""chunk_00062"", ""chunk_00067"", ""chunk_00072"", ""chunk_00076"", ""chunk_00079"", ""chunk_00080"", ""chunk_00082"", ""chunk_00085"", ""chunk_00088"", ""chunk_00091"", ""chunk_00098"", ""chunk_00110"", ""chunk_00111"", ""chunk_00113"", ""chunk_00117"", ""chunk_00119"", ""chunk_00121"", ""chunk_00122"", ""chunk_00123"", ""chunk_00125"", ""chunk_00126"", ""chunk_00128"", ""chunk_00129"", ""chunk_00130"", ""chunk_00135"", ""chunk_00136"", ""chunk_00138"", ""chunk_00143"", ""chunk_00145"", ""chunk_00156"", ""chunk_00158"", ""chunk_00166"", ""chunk_00168"", ""chunk_00170"", ""chunk_00176"", ""chunk_00177"", ""chunk_00178"", ""chunk_00180"", ""chunk_00183"", ""chunk_00192""]","[""ahd5k_00008"", ""ahd5k_00012"", ""ahd5k_00032"", ""ahd5k_00069"", ""ahd5k_00072"", ""ahd5k_00114"", ""ahd5k_00140"", ""ahd5k_00171"", ""ahd5k_00480"", ""ahd5k_00505"", ""ahd5k_00515"", ""ahd5k_00530"", ""ahd5k_00632"", ""ahd5k_00639"", ""ahd5k_00656"", ""ahd5k_00666"", ""ahd5k_00673"", ""ahd5k_00736"", ""ahd5k_00774"", ""ahd5k_00775"", ""ahd5k_00855"", ""ahd5k_00859"", ""ahd5k_00887"", ""ahd5k_00970"", ""ahd5k_00994"", ""ahd5k_01099"", ""ahd5k_01104"", ""ahd5k_01394"", ""ahd5k_01422"", ""ahd5k_01465"", ""ahd5k_01510"", ""ahd5k_01551"", ""ahd5k_01558"", ""ahd5k_01578"", ""ahd5k_01669"", ""ahd5k_01689"", ""ahd5k_01751"", ""ahd5k_01836"", ""ahd5k_01874"", ""ahd5k_02023"", ""ahd5k_02169"", ""ahd5k_02203"", ""ahd5k_02245"", ""ahd5k_02282"", ""ahd5k_02491"", ""ahd5k_02532"", ""ahd5k_02569"", ""ahd5k_02587"", ""ahd5k_02618"", ""ahd5k_02620"", ""ahd5k_02627"", ""ahd5k_02662"", ""ahd5k_02685"", ""ahd5k_02719"", ""ahd5k_02761"", ""ahd5k_02768"", ""ahd5k_02810"", ""ahd5k_02863"", ""ahd5k_02864"", ""ahd5k_02971"", ""ahd5k_03068"", ""ahd5k_03113"", ""ahd5k_03139"", ""ahd5k_03154"", ""ahd5k_03234"", ""ahd5k_03333"", ""ahd5k_03339"", ""ahd5k_03376"", ""ahd5k_03385"", ""ahd5k_03400"", ""ahd5k_03427"", ""ahd5k_03431"", ""ahd5k_03469"", ""ahd5k_03501"", ""ahd5k_03544"", ""ahd5k_03553"", ""ahd5k_03632"", ""ahd5k_03651"", ""ahd5k_03685"", ""ahd5k_03769"", ""ahd5k_03818"", ""ahd5k_03872"", ""ahd5k_03901"", ""ahd5k_03985"", ""ahd5k_03986"", ""ahd5k_04034"", ""ahd5k_04067"", ""ahd5k_04112"", ""ahd5k_04190"", ""ahd5k_04262"", ""ahd5k_04279"", ""ahd5k_04408"", ""ahd5k_04517"", ""ahd5k_04546"", ""ahd5k_04706"", ""ahd5k_04728"", ""ahd5k_04754"", ""ahd5k_04866"", ""ahd5k_04903"", ""ahd5k_04916"", ""ahd5k_04921"", ""ahd5k_04942"", ""ahd5k_04944""]"
حساسية الصدر,حساسيه الصدر,ent_diseasecondition_22348d970227,مرض الغدة الدرقية,DiseaseCondition,0,"[""chunk_00169""]","[""ahd5k_00035""]"
حساسية الصدر,حساسيه الصدر,ent_diseasecondition_250910ab0701,حساسية الصدر,DiseaseCondition,3,"[""chunk_00004"", ""chunk_00096"", ""chunk_00172""]","[""ahd5k_00931"", ""ahd5k_03243"", ""ahd5k_04490""]"
حساسية الصدر,حساسيه الصدر,ent_diseasecondition_2f75d3dabe0b,حساسية,DiseaseCondition,2,"[""chunk_00001"", ""chunk_00089""]","[""ahd5k_00864"", ""ahd5k_00970""]"
حساسية الصدر,حساسيه الصدر,ent_diseasecondition_ca9304cd0dde,القولون العصبي,DiseaseCondition,0,"[""chunk_00027"", ""chunk_00177"", ""chunk_00180"", ""chunk_00183"", ""chunk_00185""]","[""ahd5k_00012"", ""ahd5k_01181"", ""ahd5k_01465"", ""ahd5k_02411"", ""ahd5k_02511"", ""ahd5k_02677"", ""ahd5k_02679"", ""ahd5k_04323"", ""ahd5k_04517"", ""ahd5k_04566""]"
حساسية الصدر,حساسيه الصدر,ent_diseasecondition_db17a406c72e,ارتفاع ضغط الدم,DiseaseCondition,0,"[""chunk_00026"", ""chunk_00051"", ""chunk_00052"", ""chunk_00069"", ""chunk_00070"", ""chunk_00083"", ""chunk_00140"", ""chunk_00196""]","[""ahd5k_00065"", ""ahd5k_00237"", ""ahd5k_00823"", ""ahd5k_01005"", ""ahd5k_01682"", ""ahd5k_01761"", ""ahd5k_01763"", ""ahd5k_02399"", ""ahd5k_03242"", ""ahd5k_03423"", ""ahd5k_03624"", ""ahd5k_03983"", ""ahd5k_04477"", ""ahd5k_04701"", ""ahd5k_04944"", ""ahd5k_04975""]"
حساسية جلديه,حساسيه جلديه,ent_diseasecondition_2f75d3dabe0b,حساسية,DiseaseCondition,1,"[""chunk_00028""]","[""ahd5k_03068""]"
حساسية شقية,حساسيه شقيه,ent_diseasecondition_2f75d3dabe0b,حساسية,DiseaseCondition,1,"[""chunk_00130""]","[""ahd5k_00481""]"
حمل,حمل,ent_diseasecondition_7abdd04c7114,الحمل,DiseaseCondition,1,"[""chunk_00013""]","[""ahd5k_02556""]"
حمل الأنابيب,حمل الانابيب,ent_diseasecondition_7abdd04c7114,الحمل,DiseaseCondition,2,"[""chunk_00091"", ""chunk_00092""]","[""ahd5k_01099"", ""ahd5k_01629""]"
حمل لفايروس الكبد,حمل لفايروس الكبد,ent_diseasecondition_7abdd04c7114,الحمل,DiseaseCondition,0,"[""chunk_00011"", ""chunk_00013"", ""chunk_00045"", ""chunk_00050"", ""chunk_00091"", ""chunk_00092"", ""chunk_00099"", ""chunk_00145"", ""chunk_00146"", ""chunk_00147"", ""chunk_00149"", ""chunk_00151"", ""chunk_00152"", ""chunk_00159"", ""chunk_00168""]","[""ahd5k_00048"", ""ahd5k_00230"", ""ahd5k_00439"", ""ahd5k_00568"", ""ahd5k_00597"", ""ahd5k_00604"", ""ahd5k_00775"", ""ahd5k_00793"", ""ahd5k_00876"", ""ahd5k_00941"", ""ahd5k_01023"", ""ahd5k_01099"", ""ahd5k_01515"", ""ahd5k_01585"", ""ahd5k_01629"", ""ahd5k_01754"", ""ahd5k_02160"", ""ahd5k_02381"", ""ahd5k_02556"", ""ahd5k_02665"", ""ahd5k_02903"", ""ahd5k_03090"", ""ahd5k_03104"", ""ahd5k_03359"", ""ahd5k_03563"", ""ahd5k_03809"", ""ahd5k_03870"", ""ahd5k_04001"", ""ahd5k_04509"", ""ahd5k_04697"", ""ahd5k_04875""]"
حمى عضة الجرذ,حمي عضه الجرذ,ent_diseasecondition_21009b0da809,حمى عضة الجرذون,DiseaseCondition,0,"[""chunk_00198""]","[""ahd5k_01255""]"
حمى عضة الجرذ,حمي عضه الجرذ,ent_diseasecondition_6ac8dc82e106,حمى عضة الفأر,DiseaseCondition,0,"[""chunk_00198""]","[""ahd5k_01255""]"
حمى عضة الجرذ,حمي عضه الجرذ,ent_diseasecondition_c089d34028d0,حمى عضة الجرذ,DiseaseCondition,1,"[""chunk_00198""]","[""ahd5k_01255""]"
حمى عضة الجرذون,حمي عضه الجرذون,ent_diseasecondition_21009b0da809,حمى عضة الجرذون,DiseaseCondition,1,"[""chunk_00198""]","[""ahd5k_01255""]"
حمى عضة الجرذون,حمي عضه الجرذون,ent_diseasecondition_c089d34028d0,حمى عضة الجرذ,DiseaseCondition,0,"[""chunk_00198""]","[""ahd5k_01255""]"
حمى عضة الفأر,حمي عضه الفار,ent_diseasecondition_21009b0da809,حمى عضة الجرذون,DiseaseCondition,0,"[""chunk_00198""]","[""ahd5k_01255""]"
حمى عضة الفأر,حمي عضه الفار,ent_diseasecondition_6ac8dc82e106,حمى عضة الفأر,DiseaseCondition,1,"[""chunk_00198""]","[""ahd5k_01255""]"
حمى عضة الفأر,حمي عضه الفار,ent_diseasecondition_c089d34028d0,حمى عضة الجرذ,DiseaseCondition,0,"[""chunk_00198""]","[""ahd5k_01255""]"
داء الصرع,داء الصرع,ent_diseasecondition_1cff9c5dbe9e,صرع,DiseaseCondition,1,"[""chunk_00016""]","[""ahd5k_02823""]"
دبوس,دبوس,ent_diseasecondition_16a389cfd1bd,دبوس,DiseaseCondition,1,"[""chunk_00200""]","[""ahd5k_01295""]"
دهون ثلاثية,دهون ثلاثيه,ent_diseasecondition_93017f24bceb,دهون ثلاثية,DiseaseCondition,1,"[""chunk_00090""]","[""ahd5k_04045""]"
دوالي,دوالي,ent_diseasecondition_c4254d272647,دوالي الساقين,DiseaseCondition,1,"[""chunk_00011""]","[""ahd5k_04697""]"
دوالي الخصية,دوالي الخصيه,ent_diseasecondition_c7baf8534e07,دوالي الخصية,DiseaseCondition,1,"[""chunk_00033""]","[""ahd5k_00261""]"
دوالي الخصيه,دوالي الخصيه,ent_diseasecondition_c7baf8534e07,دوالي الخصية,DiseaseCondition,0,"[""chunk_00033""]","[""ahd5k_00261""]"
دوالي الساقين,دوالي الساقين,ent_diseasecondition_c4254d272647,دوالي الساقين,DiseaseCondition,1,"[""chunk_00011""]","[""ahd5k_04697""]"
ربو,ربو,ent_diseasecondition_16cf4e77b755,التهاب,DiseaseCondition,0,"[""chunk_00001"", ""chunk_00014"", ""chunk_00021"", ""chunk_00025"", ""chunk_00028"", ""chunk_00034"", ""chunk_00035"", ""chunk_00037"", ""chunk_00039"", ""chunk_00042"", ""chunk_00049"", ""chunk_00052"", ""chunk_00061"", ""chunk_00062"", ""chunk_00067"", ""chunk_00072"", ""chunk_00076"", ""chunk_00079"", ""chunk_00080"", ""chunk_00082"", ""chunk_00085"", ""chunk_00088"", ""chunk_00091"", ""chunk_00098"", ""chunk_00110"", ""chunk_00111"", ""chunk_00113"", ""chunk_00117"", ""chunk_00119"", ""chunk_00121"", ""chunk_00122"", ""chunk_00123"", ""chunk_00125"", ""chunk_00126"", ""chunk_00128"", ""chunk_00129"", ""chunk_00130"", ""chunk_00135"", ""chunk_00136"", ""chunk_00138"", ""chunk_00143"", ""chunk_00145"", ""chunk_00156"", ""chunk_00158"", ""chunk_00166"", ""chunk_00168"", ""chunk_00170"", ""chunk_00176"", ""chunk_00177"", ""chunk_00178"", ""chunk_00180"", ""chunk_00183"", ""chunk_00192""]","[""ahd5k_00008"", ""ahd5k_00012"", ""ahd5k_00032"", ""ahd5k_00069"", ""ahd5k_00072"", ""ahd5k_00114"", ""ahd5k_00140"", ""ahd5k_00171"", ""ahd5k_00480"", ""ahd5k_00505"", ""ahd5k_00515"", ""ahd5k_00530"", ""ahd5k_00632"", ""ahd5k_00639"", ""ahd5k_00656"", ""ahd5k_00666"", ""ahd5k_00673"", ""ahd5k_00736"", ""ahd5k_00774"", ""ahd5k_00775"", ""ahd5k_00855"", ""ahd5k_00859"", ""ahd5k_00887"", ""ahd5k_00970"", ""ahd5k_00994"", ""ahd5k_01099"", ""ahd5k_01104"", ""ahd5k_01394"", ""ahd5k_01422"", ""ahd5k_01465"", ""ahd5k_01510"", ""ahd5k_01551"", ""ahd5k_01558"", ""ahd5k_01578"", ""ahd5k_01669"", ""ahd5k_01689"", ""ahd5k_01751"", ""ahd5k_01836"", ""ahd5k_01874"", ""ahd5k_02023"", ""ahd5k_02169"", ""ahd5k_02203"", ""ahd5k_02245"", ""ahd5k_02282"", ""ahd5k_02491"", ""ahd5k_02532"", ""ahd5k_02569"", ""ahd5k_02587"", ""ahd5k_02618"", ""ahd5k_02620"", ""ahd5k_02627"", ""ahd5k_02662"", ""ahd5k_02685"", ""ahd5k_02719"", ""ahd5k_02761"", ""ahd5k_02768"", ""ahd5k_02810"", ""ahd5k_02863"", ""ahd5k_02864"", ""ahd5k_02971"", ""ahd5k_03068"", ""ahd5k_03113"", ""ahd5k_03139"", ""ahd5k_03154"", ""ahd5k_03234"", ""ahd5k_03333"", ""ahd5k_03339"", ""ahd5k_03376"", ""ahd5k_03385"", ""ahd5k_03400"", ""ahd5k_03427"", ""ahd5k_03431"", ""ahd5k_03469"", ""ahd5k_03501"", ""ahd5k_03544"", ""ahd5k_03553"", ""ahd5k_03632"", ""ahd5k_03651"", ""ahd5k_03685"", ""ahd5k_03769"", ""ahd5k_03818"", ""ahd5k_03872"", ""ahd5k_03901"", ""ahd5k_03985"", ""ahd5k_03986"", ""ahd5k_04034"", ""ahd5k_04067"", ""ahd5k_04112"", ""ahd5k_04190"", ""ahd5k_04262"", ""ahd5k_04279"", ""ahd5k_04408"", ""ahd5k_04517"", ""ahd5k_04546"", ""ahd5k_04706"", ""ahd5k_04728"", ""ahd5k_04754"", ""ahd5k_04866"", ""ahd5k_04903"", ""ahd5k_04916"", ""ahd5k_04921"", ""ahd5k_04942"", ""ahd5k_04944""]"
ربو,ربو,ent_diseasecondition_1c50bd11c45a,ربو,DiseaseCondition,4,"[""chunk_00001"", ""chunk_00002"", ""chunk_00004"", ""chunk_00014""]","[""ahd5k_00510"", ""ahd5k_00887"", ""ahd5k_00970"", ""ahd5k_03662""]"
ربو,ربو,ent_diseasecondition_250910ab0701,حساسية الصدر,DiseaseCondition,0,"[""chunk_00004"", ""chunk_00096"", ""chunk_00172""]","[""ahd5k_00931"", ""ahd5k_03243"", ""ahd5k_03662"", ""ahd5k_04490""]"
ربو,ربو,ent_diseasecondition_2f75d3dabe0b,حساسية,DiseaseCondition,0,"[""chunk_00001"", ""chunk_00002"", ""chunk_00003"", ""chunk_00004"", ""chunk_00005"", ""chunk_00006"", ""chunk_00007"", ""chunk_00009"", ""chunk_00013"", ""chunk_00014"", ""chunk_00019"", ""chunk_00028"", ""chunk_00068"", ""chunk_00082"", ""chunk_00089"", ""chunk_00096"", ""chunk_00098"", ""chunk_00114"", ""chunk_00119"", ""chunk_00122"", ""chunk_00127"", ""chunk_00130"", ""chunk_00136"", ""chunk_00191"", ""chunk_00195""]","[""ahd5k_00010"", ""ahd5k_00020"", ""ahd5k_00069"", ""ahd5k_00133"", ""ahd5k_00142"", ""ahd5k_00481"", ""ahd5k_00614"", ""ahd5k_00683"", ""ahd5k_00695"", ""ahd5k_00812"", ""ahd5k_00864"", ""ahd5k_00887"", ""ahd5k_00931"", ""ahd5k_00963"", ""ahd5k_00970"", ""ahd5k_00994"", ""ahd5k_01231"", ""ahd5k_01236"", ""ahd5k_01245"", ""ahd5k_01418"", ""ahd5k_01836"", ""ahd5k_02039"", ""ahd5k_02115"", ""ahd5k_02124"", ""ahd5k_02470"", ""ahd5k_02556"", ""ahd5k_02966"", ""ahd5k_03068"", ""ahd5k_03098"", ""ahd5k_03258"", ""ahd5k_03626"", ""ahd5k_03762"", ""ahd5k_04144"", ""ahd5k_04235"", ""ahd5k_04347""]"
رتكاريا,رتكاريا,ent_diseasecondition_db17a406c72e,ارتفاع ضغط الدم,DiseaseCondition,0,"[""chunk_00026"", ""chunk_00051"", ""chunk_00052"", ""chunk_00069"", ""chunk_00070"", ""chunk_00083"", ""chunk_00140"", ""chunk_00196""]","[""ahd5k_00065"", ""ahd5k_00237"", ""ahd5k_00823"", ""ahd5k_01005"", ""ahd5k_01682"", ""ahd5k_01761"", ""ahd5k_01763"", ""ahd5k_02399"", ""ahd5k_03242"", ""ahd5k_03423"", ""ahd5k_03624"", ""ahd5k_03983"", ""ahd5k_04477"", ""ahd5k_04701"", ""ahd5k_04944"", ""ahd5k_04975""]"
سائل,سايل,ent_diseasecondition_d2e284c27e53,اللمف,DiseaseCondition,0,"[""chunk_00024""]","[""ahd5k_00291""]"
سائل شفاف,سايل شفاف,ent_diseasecondition_d2e284c27e53,اللمف,DiseaseCondition,0,"[""chunk_00024""]","[""ahd5k_00291""]"
سرطان القولون,سرطان القولون,ent_diseasecondition_048de7f33784,سرطان المستقيم,DiseaseCondition,0,"[""chunk_00029""]","[""ahd5k_02207""]"
سرطان القولون,سرطان القولون,ent_diseasecondition_0643ed72d249,سرطان القولون,DiseaseCondition,1,"[""chunk_00029""]","[""ahd5k_02207""]"
سرطان المستقيم,سرطان المستقيم,ent_diseasecondition_048de7f33784,سرطان المستقيم,DiseaseCondition,1,"[""chunk_00029""]","[""ahd5k_02207""]"
سرطان المستقيم,سرطان المستقيم,ent_diseasecondition_0643ed72d249,سرطان القولون,DiseaseCondition,0,"[""chunk_00029""]","[""ahd5k_02207""]"
سكر,سكر,ent_diseasecondition_4393a2bf88a6,سكر,DiseaseCondition,0,"[""chunk_00087""]","[""ahd5k_03801""]"
سكر الذرة,سكر الذره,ent_diseasecondition_46faf93722a3,الفركتوز,DiseaseCondition,1,"[""chunk_00037""]","[""ahd5k_01578""]"
سكري,سكري,ent_diseasecondition_380db6d92562,مرض السكري,DiseaseCondition,0,"[""chunk_00014"", ""chunk_00028"", ""chunk_00052"", ""chunk_00061"", ""chunk_00071"", ""chunk_00084""]","[""ahd5k_01294"", ""ahd5k_01358"", ""ahd5k_01551"", ""ahd5k_02607"", ""ahd5k_03015"", ""ahd5k_03068"", ""ahd5k_03284"", ""ahd5k_04630"", ""ahd5k_04912"", ""ahd5k_04944""]"
سكري,سكري,ent_diseasecondition_6eb03902c623,السكري,DiseaseCondition,0,"[""chunk_00081""]","[""ahd5k_04533""]"
سكري,سكري,ent_diseasecondition_aa9977b6b112,سكري,DiseaseCondition,2,"[""chunk_00141""]","[""ahd5k_01577"", ""ahd5k_03627""]"
سمنة,سمنه,ent_diseasecondition_f756960fd62b,السمنة,DiseaseCondition,0,"[""chunk_00052""]","[""ahd5k_04944""]"
سمنة الأرداف,سمنه الارداف,ent_diseasecondition_2cbe61e08310,سمنة الأرداف,DiseaseCondition,2,"[""chunk_00043""]","[""ahd5k_00643"", ""ahd5k_03893""]"
سمنة الارداف,سمنه الارداف,ent_diseasecondition_2cbe61e08310,سمنة الأرداف,DiseaseCondition,0,"[""chunk_00043""]","[""ahd5k_00643"", ""ahd5k_03893""]"
سيستي هيدروما,سيستي هيدروما,ent_diseasecondition_7f8719b1c99d,سيستي هيدروما,DiseaseCondition,1,"[""chunk_00043""]","[""ahd5k_03893""]"
شحنات كهرباء,شحنات كهرباء,ent_diseasecondition_1cff9c5dbe9e,صرع,DiseaseCondition,0,"[""chunk_00016""]","[""ahd5k_02823""]"
شظايا القنابل الصغيرة الانشطارية,شظايا القنابل الصغيره الانشطاريه,ent_diseasecondition_1730144a5e89,شظايا القنابل الصغيرة الانشطارية,DiseaseCondition,1,"[""chunk_00200""]","[""ahd5k_01290""]"
شعور بالخوف,شعور بالخوف,ent_diseasecondition_c530adcb98c5,الاكتئاب,DiseaseCondition,0,"[""chunk_00135""]","[""ahd5k_01394""]"
شفة ارنبية,شفه ارنبيه,ent_diseasecondition_2a6dda2fbaec,شفة مشقوقة,DiseaseCondition,0,"[""chunk_00154""]","[""ahd5k_01266""]"
شفة مشقوقة,شفه مشقوقه,ent_diseasecondition_2a6dda2fbaec,شفة مشقوقة,DiseaseCondition,1,"[""chunk_00154""]","[""ahd5k_01266""]"
شك مريض,شك مريض,ent_diseasecondition_35eb2b8f8638,اضطراب نفسي,DiseaseCondition,0,"[""chunk_00144""]","[""ahd5k_03579""]"
شلل العصب السابع,شلل العصب السابع,ent_diseasecondition_bd502372680c,شلل العصب السابع,DiseaseCondition,1,"[""chunk_00033""]","[""ahd5k_01221""]"
شيب,شيب,ent_diseasecondition_7754d34e2c52,شيب,DiseaseCondition,1,"[""chunk_00022""]","[""ahd5k_04612""]"
شيب المبكر,شيب المبكر,ent_diseasecondition_7754d34e2c52,شيب,DiseaseCondition,0,"[""chunk_00022""]","[""ahd5k_04612""]"
شيخوخة,شيخوخه,ent_diseasecondition_d99fb1a77d6c,الشيخوخة,DiseaseCondition,0,"[""chunk_00144"", ""chunk_00156""]","[""ahd5k_00987"", ""ahd5k_03329""]"
شيخوخة المبكرة,شيخوخه المبكره,ent_diseasecondition_d99fb1a77d6c,الشيخوخة,DiseaseCondition,0,"[""chunk_00144"", ""chunk_00156""]","[""ahd5k_00987"", ""ahd5k_03329""]"
صداع التوتري,صداع التوتري,ent_diseasecondition_00247d3d5c80,الصداع التوتري,DiseaseCondition,1,"[""chunk_00131""]","[""ahd5k_00780""]"
صرع,صرع,ent_diseasecondition_1cff9c5dbe9e,صرع,DiseaseCondition,0,"[""chunk_00016""]","[""ahd5k_02823""]"
صغر الثدي,صغر الثدي,ent_diseasecondition_cbcc5fb6bf54,صغر الثدي,DiseaseCondition,1,"[""chunk_00020""]","[""ahd5k_01423""]"
صفة الثلاسيميا,صفه الثلاسيميا,ent_diseasecondition_632b4053c8a7,ثلاسيميا,DiseaseCondition,0,"[""chunk_00056""]","[""ahd5k_02443""]"
صمام,صمام,ent_diseasecondition_de01cca177b2,صمام القلب,DiseaseCondition,1,"[""chunk_00080""]","[""ahd5k_00391""]"
صمام القلب,صمام القلب,ent_diseasecondition_de01cca177b2,صمام القلب,DiseaseCondition,1,"[""chunk_00080""]","[""ahd5k_02217""]"
ضرس العقل,ضرس العقل,ent_diseasecondition_04b436ff2a98,ضرس العقل,DiseaseCondition,1,"[""chunk_00116""]","[""ahd5k_04356""]"
ضغط,ضغط,ent_diseasecondition_db17a406c72e,ارتفاع ضغط الدم,DiseaseCondition,0,"[""chunk_00026"", ""chunk_00051"", ""chunk_00052"", ""chunk_00069"", ""chunk_00070"", ""chunk_00083"", ""chunk_00140"", ""chunk_00196""]","[""ahd5k_00065"", ""ahd5k_00237"", ""ahd5k_00823"", ""ahd5k_01005"", ""ahd5k_01682"", ""ahd5k_01761"", ""ahd5k_01763"", ""ahd5k_02399"", ""ahd5k_03242"", ""ahd5k_03423"", ""ahd5k_03624"", ""ahd5k_03983"", ""ahd5k_04477"", ""ahd5k_04701"", ""ahd5k_04944"", ""ahd5k_04975""]"
ضغط الدم,ضغط الدم,ent_diseasecondition_db17a406c72e,ارتفاع ضغط الدم,DiseaseCondition,3,"[""chunk_00051"", ""chunk_00069""]","[""ahd5k_01682"", ""ahd5k_01761"", ""ahd5k_01763""]"
ضيق,ضيق,ent_diseasecondition_45b76d151316,الضيق البسيط,DiseaseCondition,0,"[""chunk_00081""]","[""ahd5k_03965""]"
عسر الهضم,عسر الهضم,ent_diseasecondition_66e69e23fa2d,عسر الهضم,DiseaseCondition,1,"[""chunk_00187""]","[""ahd5k_02673""]"
عضلات الصدر,عضلات الصدر,ent_diseasecondition_88a350b88c4d,عضلات الصدر,DiseaseCondition,1,"[""chunk_00132""]","[""ahd5k_00804""]"
عقيدات الغدة الدرقية,عقيدات الغده الدرقيه,ent_diseasecondition_c123927b86ec,عقيدات الغدة الدرقية,DiseaseCondition,1,"[""chunk_00162""]","[""ahd5k_02200""]"
علم التشريح,علم التشريح,ent_diseasecondition_987cc3cc606f,علم التشريح,DiseaseCondition,1,"[""chunk_00036""]","[""ahd5k_04679""]"
فايروس الكبد,فايروس الكبد,ent_diseasecondition_f3a36190d8c6,فايروس الكبد,DiseaseCondition,1,"[""chunk_00050""]","[""ahd5k_00597""]"
فايروس الكبد من النوع بي,فايروس الكبد من النوع بي,ent_diseasecondition_f3a36190d8c6,فايروس الكبد,DiseaseCondition,1,"[""chunk_00050""]","[""ahd5k_00597""]"
فرط الحساسية,فرط الحساسيه,ent_diseasecondition_28f5fc799e65,فرط الحساسية,DiseaseCondition,1,"[""chunk_00129""]","[""ahd5k_02023""]"
فشل قلبي,فشل قلبي,ent_diseasecondition_765c9fdd4495,الفشل القلبي اللامُعاوَض,DiseaseCondition,0,"[""chunk_00081""]","[""ahd5k_04533""]"
فطريات,فطريات,ent_diseasecondition_a8997ac91159,فطريات,DiseaseCondition,2,"[""chunk_00136""]","[""ahd5k_00142"", ""ahd5k_01874""]"
فقدان الشهية والرغبة في الاستفراغ,فقدان الشهيه والرغبه في الاستفراغ,ent_diseasecondition_1f4ad1fc407f,ملاريا,DiseaseCondition,0,"[""chunk_00190""]","[""ahd5k_00916""]"
فقر الدم,فقر الدم,ent_diseasecondition_9719230327a2,فقر الدم,DiseaseCondition,15,"[""chunk_00049"", ""chunk_00053"", ""chunk_00054"", ""chunk_00056"", ""chunk_00067"", ""chunk_00085"", ""chunk_00100"", ""chunk_00135"", ""chunk_00182""]","[""ahd5k_00681"", ""ahd5k_00757"", ""ahd5k_00838"", ""ahd5k_00855"", ""ahd5k_01394"", ""ahd5k_01903"", ""ahd5k_02292"", ""ahd5k_02546"", ""ahd5k_03400"", ""ahd5k_03651"", ""ahd5k_03707"", ""ahd5k_04046""]"
فقر الدم الانحلالي,فقر الدم الانحلالي,ent_diseasecondition_9719230327a2,فقر الدم,DiseaseCondition,0,"[""chunk_00049"", ""chunk_00053"", ""chunk_00054"", ""chunk_00056"", ""chunk_00058"", ""chunk_00059"", ""chunk_00067"", ""chunk_00085"", ""chunk_00100"", ""chunk_00135"", ""chunk_00182""]","[""ahd5k_00543"", ""ahd5k_00594"", ""ahd5k_00655"", ""ahd5k_00681"", ""ahd5k_00696"", ""ahd5k_00757"", ""ahd5k_00838"", ""ahd5k_00855"", ""ahd5k_01162"", ""ahd5k_01325"", ""ahd5k_01394"", ""ahd5k_01903"", ""ahd5k_02292"", ""ahd5k_02472"", ""ahd5k_02546"", ""ahd5k_03400"", ""ahd5k_03651"", ""ahd5k_03707"", ""ahd5k_04046""]"
فقر الدم عن نقص الحديد,فقر الدم عن نقص الحديد,ent_diseasecondition_9719230327a2,فقر الدم,DiseaseCondition,0,"[""chunk_00049"", ""chunk_00053"", ""chunk_00054"", ""chunk_00056"", ""chunk_00058"", ""chunk_00059"", ""chunk_00067"", ""chunk_00085"", ""chunk_00100"", ""chunk_00135"", ""chunk_00182""]","[""ahd5k_00543"", ""ahd5k_00594"", ""ahd5k_00655"", ""ahd5k_00681"", ""ahd5k_00696"", ""ahd5k_00757"", ""ahd5k_00838"", ""ahd5k_00855"", ""ahd5k_01162"", ""ahd5k_01325"", ""ahd5k_01394"", ""ahd5k_01903"", ""ahd5k_02292"", ""ahd5k_02472"", ""ahd5k_02546"", ""ahd5k_03400"", ""ahd5k_03651"", ""ahd5k_03707"", ""ahd5k_04046""]"
فقر الدم عند طفل عمره ١٣ سنة,فقر الدم عند طفل عمره ١٣ سنه,ent_diseasecondition_9719230327a2,فقر الدم,DiseaseCondition,0,"[""chunk_00049"", ""chunk_00053"", ""chunk_00054"", ""chunk_00056"", ""chunk_00058"", ""chunk_00059"", ""chunk_00067"", ""chunk_00085"", ""chunk_00100"", ""chunk_00135"", ""chunk_00182""]","[""ahd5k_00543"", ""ahd5k_00594"", ""ahd5k_00655"", ""ahd5k_00681"", ""ahd5k_00696"", ""ahd5k_00757"", ""ahd5k_00838"", ""ahd5k_00855"", ""ahd5k_01162"", ""ahd5k_01325"", ""ahd5k_01394"", ""ahd5k_01903"", ""ahd5k_02292"", ""ahd5k_02472"", ""ahd5k_02546"", ""ahd5k_03400"", ""ahd5k_03651"", ""ahd5k_03707"", ""ahd5k_04046""]"
فقر دم,فقر دم,ent_diseasecondition_99d821e71fc1,فقر دم,DiseaseCondition,1,"[""chunk_00020""]","[""ahd5k_01178""]"
فيروس الكبد,فيروس الكبد,ent_diseasecondition_56b595f8a1f5,فيروس الكبد الوبائي,DiseaseCondition,0,"[""chunk_00174""]","[""ahd5k_04633""]"
فيروس الكبد الوبائي,فيروس الكبد الوبايي,ent_diseasecondition_56b595f8a1f5,فيروس الكبد الوبائي,DiseaseCondition,1,"[""chunk_00174""]","[""ahd5k_04633""]"
قرحة,قرحه,ent_diseasecondition_780d3bf613f5,قرحة,DiseaseCondition,2,"[""chunk_00190""]","[""ahd5k_01066""]"
قولون,قولون,ent_diseasecondition_017a6d080eff,القولون,DiseaseCondition,2,"[""chunk_00185""]","[""ahd5k_04323""]"
قولون العصبي,قولون العصبي,ent_diseasecondition_02f1ee13cca6,قولون عصبي,DiseaseCondition,1,"[""chunk_00185""]","[""ahd5k_01998""]"
قولون العصبي,قولون العصبي,ent_diseasecondition_ca9304cd0dde,القولون العصبي,DiseaseCondition,1,"[""chunk_00185""]","[""ahd5k_04323""]"
قولون عصبي,قولون عصبي,ent_diseasecondition_02f1ee13cca6,قولون عصبي,DiseaseCondition,1,"[""chunk_00187""]","[""ahd5k_02673""]"
كتلة في الغدة الدرقية,كتله في الغده الدرقيه,ent_diseasecondition_c123927b86ec,عقيدات الغدة الدرقية,DiseaseCondition,0,"[""chunk_00162""]","[""ahd5k_02200""]"
كساح,كساح,ent_diseasecondition_584b39abb33a,الكساح,DiseaseCondition,1,"[""chunk_00110""]","[""ahd5k_01701""]"
كساح العظام,كساح العظام,ent_diseasecondition_584b39abb33a,الكساح,DiseaseCondition,0,"[""chunk_00110""]","[""ahd5k_01701""]"
كسر,كسر,ent_diseasecondition_63c6ebfcb439,كسر,DiseaseCondition,1,"[""chunk_00133""]","[""ahd5k_04078""]"
كسل بالغدة الدرقية,كسل بالغده الدرقيه,ent_diseasecondition_050f0f4f890b,كسل بالغدة الدرقية,DiseaseCondition,1,"[""chunk_00022""]","[""ahd5k_04779""]"
كلاينفلتر,كلاينفلتر,ent_diseasecondition_a7e5e3f0d48d,متلازمة كلاينفلتر,DiseaseCondition,1,"[""chunk_00046""]","[""ahd5k_02667""]"
كلسترول,كلسترول,ent_diseasecondition_677ee50113db,كلسترول,DiseaseCondition,1,"[""chunk_00090""]","[""ahd5k_04045""]"
كهرباء زائدة,كهرباء زايده,ent_diseasecondition_1cff9c5dbe9e,صرع,DiseaseCondition,1,"[""chunk_00016""]","[""ahd5k_02823""]"
كيس الشعر,كيس الشعر,ent_diseasecondition_304bdda1e242,كيس الشعر,DiseaseCondition,1,"[""chunk_00128""]","[""ahd5k_03594""]"
لثة,لثه,ent_diseasecondition_4171598a5900,اللثة,DiseaseCondition,0,"[""chunk_00113""]","[""ahd5k_00736"", ""ahd5k_01751"", ""ahd5k_02169"", ""ahd5k_02245"", ""ahd5k_02618"", ""ahd5k_03427""]"
متلازمة,متلازمه,ent_diseasecondition_d489c6c854f4,متلازمة خلية منجلية,DiseaseCondition,0,"[""chunk_00060""]","[""ahd5k_03561""]"
متلازمة Chiari,متلازمه chiari,ent_diseasecondition_3a654f2d937a,متلازمة Chiari,DiseaseCondition,1,"[""chunk_00146""]","[""ahd5k_00604""]"
متلازمة خلية منجلية,متلازمه خليه منجليه,ent_diseasecondition_d489c6c854f4,متلازمة خلية منجلية,DiseaseCondition,0,"[""chunk_00060""]","[""ahd5k_03561""]"
متلازمة فالدنستروم,متلازمه فالدنستروم,ent_diseasecondition_4b1ef800ffb3,متلازمة فالدنستروم,DiseaseCondition,1,"[""chunk_00041""]","[""ahd5k_01930""]"
متلازمة كلاينفلتر,متلازمه كلاينفلتر,ent_diseasecondition_a7e5e3f0d48d,متلازمة كلاينفلتر,DiseaseCondition,2,"[""chunk_00046"", ""chunk_00047""]","[""ahd5k_02667"", ""ahd5k_03496""]"
مرتفع,مرتفع,ent_diseasecondition_aa9977b6b112,سكري,DiseaseCondition,1,"[""chunk_00141""]","[""ahd5k_01577""]"
مرض السكر,مرض السكر,ent_diseasecondition_4393a2bf88a6,سكر,DiseaseCondition,0,"[""chunk_00087""]","[""ahd5k_03801""]"
مرض السكرى,مرض السكري,ent_diseasecondition_380db6d92562,مرض السكري,DiseaseCondition,0,"[""chunk_00014"", ""chunk_00028"", ""chunk_00052"", ""chunk_00061"", ""chunk_00071"", ""chunk_00084""]","[""ahd5k_01294"", ""ahd5k_01358"", ""ahd5k_01551"", ""ahd5k_02607"", ""ahd5k_03015"", ""ahd5k_03068"", ""ahd5k_03284"", ""ahd5k_04630"", ""ahd5k_04912"", ""ahd5k_04944""]"
مرض السكري,مرض السكري,ent_diseasecondition_380db6d92562,مرض السكري,DiseaseCondition,7,"[""chunk_00052"", ""chunk_00061"", ""chunk_00071"", ""chunk_00084""]","[""ahd5k_01294"", ""ahd5k_01551"", ""ahd5k_02607"", ""ahd5k_03015"", ""ahd5k_04630"", ""ahd5k_04912"", ""ahd5k_04944""]"
مرض الغدة الدرقية,مرض الغده الدرقيه,ent_diseasecondition_22348d970227,مرض الغدة الدرقية,DiseaseCondition,2,"[""chunk_00169""]","[""ahd5k_00035""]"
مرض بيلة الميوغلوبين,مرض بيله الميوغلوبين,ent_diseasecondition_28abf8165f28,بيلة الميوغلوبين,DiseaseCondition,1,"[""chunk_00038""]","[""ahd5k_03468""]"
مرض جريفز,مرض جريفز,ent_diseasecondition_09dfb160ec9a,مرض جريفز,DiseaseCondition,1,"[""chunk_00162""]","[""ahd5k_02200""]"
ملاريا,ملاريا,ent_diseasecondition_1f4ad1fc407f,ملاريا,DiseaseCondition,1,"[""chunk_00190""]","[""ahd5k_00916""]"
ملازمة داون,ملازمه داون,ent_diseasecondition_e33658f424f6,ملازمة داون,DiseaseCondition,1,"[""chunk_00035""]","[""ahd5k_04031""]"
موت دماغى,موت دماغي,ent_diseasecondition_1d360e20e36c,الموت الدماغي,DiseaseCondition,0,"[""chunk_00024""]","[""ahd5k_04739""]"
نخاع شوكى,نخاع شوكي,ent_diseasecondition_a2bb8f572461,النخاع الشوكي,DiseaseCondition,0,"[""chunk_00024""]","[""ahd5k_04739""]"
نزلة معوية,نزله معويه,ent_diseasecondition_2f75d3dabe0b,حساسية,DiseaseCondition,0,"[""chunk_00001"", ""chunk_00002"", ""chunk_00003"", ""chunk_00004"", ""chunk_00005"", ""chunk_00006"", ""chunk_00007"", ""chunk_00009"", ""chunk_00013"", ""chunk_00014"", ""chunk_00019"", ""chunk_00028"", ""chunk_00068"", ""chunk_00082"", ""chunk_00089"", ""chunk_00096"", ""chunk_00098"", ""chunk_00114"", ""chunk_00119"", ""chunk_00122"", ""chunk_00127"", ""chunk_00130"", ""chunk_00136"", ""chunk_00191"", ""chunk_00195""]","[""ahd5k_00010"", ""ahd5k_00020"", ""ahd5k_00069"", ""ahd5k_00133"", ""ahd5k_00142"", ""ahd5k_00481"", ""ahd5k_00614"", ""ahd5k_00683"", ""ahd5k_00695"", ""ahd5k_00812"", ""ahd5k_00864"", ""ahd5k_00887"", ""ahd5k_00931"", ""ahd5k_00963"", ""ahd5k_00970"", ""ahd5k_00994"", ""ahd5k_01231"", ""ahd5k_01236"", ""ahd5k_01245"", ""ahd5k_01418"", ""ahd5k_01836"", ""ahd5k_02039"", ""ahd5k_02115"", ""ahd5k_02124"", ""ahd5k_02470"", ""ahd5k_02556"", ""ahd5k_02966"", ""ahd5k_03068"", ""ahd5k_03098"", ""ahd5k_03258"", ""ahd5k_03626"", ""ahd5k_03762"", ""ahd5k_04144"", ""ahd5k_04235"", ""ahd5k_04347""]"
نزلة معوية,نزله معويه,ent_diseasecondition_c294dde65052,نزلة معوية,DiseaseCondition,1,"[""chunk_00180""]","[""ahd5k_00012""]"
نزله معويه,نزله معويه,ent_diseasecondition_c294dde65052,نزلة معوية,DiseaseCondition,1,"[""chunk_00001""]","[""ahd5k_03626""]"
نزلة معوية,نزله معويه,ent_diseasecondition_ca9304cd0dde,القولون العصبي,DiseaseCondition,0,"[""chunk_00027"", ""chunk_00177"", ""chunk_00180"", ""chunk_00183"", ""chunk_00185""]","[""ahd5k_00012"", ""ahd5k_01181"", ""ahd5k_01465"", ""ahd5k_02411"", ""ahd5k_02511"", ""ahd5k_02677"", ""ahd5k_02679"", ""ahd5k_04323"", ""ahd5k_04517"", ""ahd5k_04566""]"
نزيف بسيط,نزيف بسيط,ent_diseasecondition_e7ca942c5236,نزيف بسيط,DiseaseCondition,1,"[""chunk_00200""]","[""ahd5k_02003""]"
نسيج,نسيج,ent_diseasecondition_532d066568cb,النسيج,DiseaseCondition,1,"[""chunk_00080""]","[""ahd5k_00924""]"
نسيج فوق,نسيج فوق,ent_diseasecondition_bad4a78d1afb,النسيج فوق الدعامات,DiseaseCondition,1,"[""chunk_00080""]","[""ahd5k_00924""]"
نسيج محيط,نسيج محيط,ent_diseasecondition_77d1494eeb4a,النسيج المحيط,DiseaseCondition,1,"[""chunk_00080""]","[""ahd5k_00924""]"
نسيج محيط بالفتحة,نسيج محيط بالفتحه,ent_diseasecondition_1624385f1d65,النسيج المحيط بالفتحة,DiseaseCondition,1,"[""chunk_00080""]","[""ahd5k_00924""]"
نشاط الدرقية,نشاط الدرقيه,ent_diseasecondition_532f5db9617f,نشاط الغدة الدرقية,DiseaseCondition,0,"[""chunk_00162""]","[""ahd5k_02200""]"
نشاط الغدة الدرقية,نشاط الغده الدرقيه,ent_diseasecondition_532f5db9617f,نشاط الغدة الدرقية,DiseaseCondition,1,"[""chunk_00162""]","[""ahd5k_02200""]"
نقص الحليب,نقص الحليب,ent_diseasecondition_ddc87069534f,نقص الحليب,DiseaseCondition,0,"[""chunk_00130""]","[""ahd5k_03565""]"
نقص الصفائح,نقص الصفايح,ent_diseasecondition_d039dca7a8c0,النقص الشديد للصفائح,DiseaseCondition,2,"[""chunk_00057""]","[""ahd5k_00203""]"
نقص الصفيحات,نقص الصفيحات,ent_diseasecondition_3d19d6125641,نقص الصفيحات,DiseaseCondition,0,"[""chunk_00059""]","[""ahd5k_00313""]"
نقص الصفيحات الدموية,نقص الصفيحات الدمويه,ent_diseasecondition_3d19d6125641,نقص الصفيحات,DiseaseCondition,0,"[""chunk_00059""]","[""ahd5k_00313""]"
نقص الكريات البيضاء,نقص الكريات البيضاء,ent_diseasecondition_dc66fee46819,نقص الكريات البيضاء,DiseaseCondition,1,"[""chunk_00059""]","[""ahd5k_02552""]"
نقص بحجم الثدي,نقص بحجم الثدي,ent_diseasecondition_5fea51591b68,نقص بحجم الثدي,DiseaseCondition,0,"[""chunk_00163""]","[""ahd5k_02702""]"
نقص بحجم الثدي الايمن,نقص بحجم الثدي الايمن,ent_diseasecondition_5fea51591b68,نقص بحجم الثدي,DiseaseCondition,1,"[""chunk_00163""]","[""ahd5k_02702""]"
نقص حديد,نقص حديد,ent_diseasecondition_6116bf50d3f1,نقص حديد,DiseaseCondition,1,"[""chunk_00059""]","[""ahd5k_01162""]"
نقص في الدم,نقص في الدم,ent_diseasecondition_9719230327a2,فقر الدم,DiseaseCondition,1,"[""chunk_00054""]","[""ahd5k_02292""]"
نقص فيتامين,نقص فيتامين,ent_diseasecondition_1b4cda592c0e,نقص فيتامين,DiseaseCondition,2,"[""chunk_00136""]","[""ahd5k_00142"", ""ahd5k_01874""]"
نقص فيتامين د,نقص فيتامين د,ent_diseasecondition_74be32fb7f24,نقص فيتامين د,DiseaseCondition,1,"[""chunk_00059""]","[""ahd5k_01162""]"
نقص هرمون,نقص هرمون,ent_diseasecondition_21962ce71aec,نقص هرمونات,DiseaseCondition,0,"[""chunk_00160""]","[""ahd5k_04611""]"
نقص هرمونات,نقص هرمونات,ent_diseasecondition_21962ce71aec,نقص هرمونات,DiseaseCondition,1,"[""chunk_00160""]","[""ahd5k_04611""]"
blood pressure,blood pressure,ent_symptom_724e59ded899,ضغط الدم,Symptom,0,"[""chunk_00064"", ""chunk_00084""]","[""ahd5k_00085"", ""ahd5k_00691"", ""ahd5k_00756"", ""ahd5k_01259"", ""ahd5k_01294"", ""ahd5k_01350"", ""ahd5k_01894"", ""ahd5k_02577"", ""ahd5k_02607"", ""ahd5k_02754"", ""ahd5k_04912""]"
heartbeats,heartbeats,ent_symptom_19841fc2dc50,نبضات القلب,Symptom,0,"[""chunk_00064""]","[""ahd5k_00085"", ""ahd5k_00691"", ""ahd5k_00756"", ""ahd5k_01259"", ""ahd5k_01350"", ""ahd5k_01894""]"
اختلال وظائف الكبد,اختلال وظايف الكبد,ent_symptom_5a4646c01c0e,اختلال وظائف الكبد,Symptom,1,"[""chunk_00037""]","[""ahd5k_01578""]"
ارتجاف,ارتجاف,ent_symptom_a3c00de774da,ارتجاف,Symptom,1,"[""chunk_00198""]","[""ahd5k_01255""]"
ارتفاع حرارة,ارتفاع حراره,ent_symptom_018ebc11f6df,حمى,Symptom,2,"[""chunk_00102""]","[""ahd5k_02595"", ""ahd5k_04651""]"
ارتفاع خضاب الدم,ارتفاع خضاب الدم,ent_symptom_f6203734ffc7,ارتفاع خضاب الدم,Symptom,1,"[""chunk_00059""]","[""ahd5k_00313""]"
ارتكاريا,ارتكاريا,ent_symptom_018ebc11f6df,حمى,Symptom,0,"[""chunk_00030"", ""chunk_00040"", ""chunk_00093"", ""chunk_00101"", ""chunk_00102"", ""chunk_00165"", ""chunk_00181"", ""chunk_00198"", ""chunk_00199""]","[""ahd5k_00348"", ""ahd5k_00438"", ""ahd5k_00679"", ""ahd5k_01255"", ""ahd5k_01262"", ""ahd5k_01567"", ""ahd5k_01611"", ""ahd5k_02142"", ""ahd5k_02595"", ""ahd5k_03053"", ""ahd5k_03137"", ""ahd5k_04651"", ""ahd5k_04919""]"
ارتكاريا,ارتكاريا,ent_symptom_93828ade2cbe,الارتكاريا,Symptom,0,"[""chunk_00005""]","[""ahd5k_04654"", ""ahd5k_04733""]"
الارتكاريا,الارتكاريا,ent_symptom_93828ade2cbe,الارتكاريا,Symptom,0,"[""chunk_00005""]","[""ahd5k_04654"", ""ahd5k_04733""]"
الارهاق,الارهاق,ent_symptom_3ab5bd868858,الارهاق,Symptom,0,"[""chunk_00173""]","[""ahd5k_04953""]"
الإغماء,الاغماء,ent_symptom_759403abc54c,الإغماء,Symptom,1,"[""chunk_00140""]","[""ahd5k_03423""]"
الالم,الالم,ent_symptom_ad0da68fc73f,الالم,Symptom,1,"[""chunk_00179""]","[""ahd5k_03738""]"
الام,الام,ent_symptom_249d07021a1b,الام,Symptom,1,"[""chunk_00116""]","[""ahd5k_04356""]"
الانين,الانين,ent_symptom_9731436c9bf9,الانين,Symptom,1,"[""chunk_00138""]","[""ahd5k_00774""]"
البراز,البراز,ent_symptom_496829ff3f53,البراز,Symptom,1,"[""chunk_00176""]","[""ahd5k_00072""]"
البلغم,البلغم,ent_symptom_cdf7db203339,البلغم,Symptom,1,"[""chunk_00107""]","[""ahd5k_04277""]"
التدخين,التدخين,ent_symptom_215297000d7a,التدخين,Symptom,1,"[""chunk_00092""]","[""ahd5k_01629""]"
التصاق,التصاق,ent_symptom_e2d3b3389af6,التصاق,Symptom,1,"[""chunk_00047""]","[""ahd5k_04492""]"
التهديد بالإجهاض,التهديد بالاجهاض,ent_symptom_268a0d637f96,التهديد بالإجهاض,Symptom,1,"[""chunk_00149""]","[""ahd5k_03563""]"
التوتر,التوتر,ent_symptom_6e02a9cc4e27,التوتر,Symptom,0,"[""chunk_00173""]","[""ahd5k_04953""]"
التوتر والارهاق والقلق,التوتر والارهاق والقلق,ent_symptom_38888a2188fe,القلق,Symptom,1,"[""chunk_00173""]","[""ahd5k_04953""]"
التوتر والارهاق والقلق,التوتر والارهاق والقلق,ent_symptom_3ab5bd868858,الارهاق,Symptom,1,"[""chunk_00173""]","[""ahd5k_04953""]"
التوتر والارهاق والقلق,التوتر والارهاق والقلق,ent_symptom_6e02a9cc4e27,التوتر,Symptom,1,"[""chunk_00173""]","[""ahd5k_04953""]"
الجنين,الجنين,ent_symptom_8dbc08affae1,الجنين,Symptom,1,"[""chunk_00156""]","[""ahd5k_04815""]"
الجوع,الجوع,ent_symptom_3600b8bcb53e,الجوع,Symptom,0,"[""chunk_00097""]","[""ahd5k_01128""]"
الجيب اللثوي,الجيب اللثوي,ent_symptom_8837f8fd35f4,الجيب اللثوي,Symptom,0,"[""chunk_00121""]","[""ahd5k_02986""]"
الحادِث الوِعائيٌّ الدِمَاغِيّ,الحادث الوعايي الدماغي,ent_symptom_6ff36e848606,الحادِث الوِعائيٌّ الدِمَاغِيّ,Symptom,0,"[""chunk_00081""]","[""ahd5k_04533""]"
الحال,الحال,ent_symptom_57992c2ef292,الحال,Symptom,2,"[""chunk_00148""]","[""ahd5k_02182"", ""ahd5k_02249""]"
الحال بالمرديدين,الحال بالمرديدين,ent_symptom_fdb2085491d0,الحال بالمرديدين,Symptom,2,"[""chunk_00148""]","[""ahd5k_02182"", ""ahd5k_02249""]"
الحساسية على الوسط التَبايُنِيّ,الحساسيه علي الوسط التبايني,ent_symptom_d0d35afb979b,الحساسية على الوسط التَبايُنِيّ,Symptom,0,"[""chunk_00081""]","[""ahd5k_04533""]"
الدم,الدم,ent_symptom_59d5c1de0b88,الدم,Symptom,1,"[""chunk_00117""]","[""ahd5k_00666""]"
الزراق,الزراق,ent_symptom_c42bbeabdb83,الزراق,Symptom,1,"[""chunk_00099""]","[""ahd5k_00568""]"
الضيق التنفسي,الضيق التنفسي,ent_symptom_b5e5cc252e6a,الضيق التنفسي,Symptom,0,"[""chunk_00072""]","[""ahd5k_00515"", ""ahd5k_00656"", ""ahd5k_01510"", ""ahd5k_01669"", ""ahd5k_02719"", ""ahd5k_02761"", ""ahd5k_03333""]"
الغازات,الغازات,ent_symptom_544114d1fc6b,الغازات,Symptom,1,"[""chunk_00176""]","[""ahd5k_00072""]"
القلق,القلق,ent_symptom_38888a2188fe,القلق,Symptom,2,"[""chunk_00077"", ""chunk_00128""]","[""ahd5k_01574"", ""ahd5k_02662""]"
القولون,القولون,ent_symptom_0f8f2716b4d6,القولون,Symptom,1,"[""chunk_00180""]","[""ahd5k_02677""]"
القولون العصبى,القولون العصبي,ent_symptom_f9f21f627264,القولون العصبى,Symptom,1,"[""chunk_00180""]","[""ahd5k_02511""]"
الكتف,الكتف,ent_symptom_db012388d676,الكتف,Symptom,1,"[""chunk_00142""]","[""ahd5k_00486""]"
اللثة,اللثه,ent_symptom_170df8c18553,كيس,Symptom,0,"[""chunk_00120""]","[""ahd5k_02131""]"
الم,الم,ent_symptom_018ebc11f6df,حمى,Symptom,1,"[""chunk_00101""]","[""ahd5k_01611""]"
ألم,الم,ent_symptom_b754f1a1e5a8,صداع,Symptom,0,"[""chunk_00014"", ""chunk_00074"", ""chunk_00103"", ""chunk_00116"", ""chunk_00124"", ""chunk_00128"", ""chunk_00130"", ""chunk_00131"", ""chunk_00196""]","[""ahd5k_00065"", ""ahd5k_00222"", ""ahd5k_00507"", ""ahd5k_00780"", ""ahd5k_00887"", ""ahd5k_01058"", ""ahd5k_02266"", ""ahd5k_02318"", ""ahd5k_02662"", ""ahd5k_03689"", ""ahd5k_03737"", ""ahd5k_04265"", ""ahd5k_04356""]"
الم المعدجة,الم المعدجه,ent_symptom_c81532a33515,الم المعدجة,Symptom,1,"[""chunk_00054""]","[""ahd5k_02292""]"
ألم المفاصل,الم المفاصل,ent_symptom_202dedeff038,ألم المفاصل,Symptom,1,"[""chunk_00010""]","[""ahd5k_04473""]"
الم المفاصل,الم المفاصل,ent_symptom_202dedeff038,ألم المفاصل,Symptom,1,"[""chunk_00010""]","[""ahd5k_04473""]"
الم في المعده,الم في المعده,ent_symptom_c81532a33515,الم المعدجة,Symptom,0,"[""chunk_00054""]","[""ahd5k_02292"", ""ahd5k_02546""]"
المضاعفات الوعائية,المضاعفات الوعاييه,ent_symptom_f28c266dc478,المضاعفات الوعائية,Symptom,1,"[""chunk_00081""]","[""ahd5k_04533""]"
المغص,المغص,ent_symptom_4c83b1bd25ea,المغص,Symptom,1,"[""chunk_00178""]","[""ahd5k_04728""]"
المغص البطني,المغص البطني,ent_symptom_4c83b1bd25ea,المغص,Symptom,0,"[""chunk_00178""]","[""ahd5k_04728""]"
الملابس,الملابس,ent_symptom_7b297d9851d1,الملابس,Symptom,0,"[""chunk_00099""]","[""ahd5k_00568""]"
النزف,النزف,ent_symptom_e276c7fd7e33,النزف,Symptom,1,"[""chunk_00081""]","[""ahd5k_04533""]"
النزلة,النزله,ent_symptom_a6a5150fee6f,النزلة,Symptom,1,"[""chunk_00052""]","[""ahd5k_04944""]"
النزيف,النزيف,ent_symptom_23da4c61fd5e,النزيف,Symptom,1,"[""chunk_00149""]","[""ahd5k_03563""]"
النفخ,النفخ,ent_symptom_df03b3e7eef5,النفخ,Symptom,1,"[""chunk_00079""]","[""ahd5k_03469""]"
النفخ القلبي,النفخ القلبي,ent_symptom_df03b3e7eef5,النفخ,Symptom,0,"[""chunk_00079""]","[""ahd5k_03469""]"
النقص,النقص,ent_symptom_19a4e01ad622,النقص الحاد,Symptom,0,"[""chunk_00060""]","[""ahd5k_04583""]"
النقص الحاد,النقص الحاد,ent_symptom_19a4e01ad622,النقص الحاد,Symptom,0,"[""chunk_00060""]","[""ahd5k_04583""]"
الوجع الشديد في الجنب,الوجع الشديد في الجنب,ent_symptom_cee2a1d85e2d,الوجع الشديد في الجنب اليمين,Symptom,0,"[""chunk_00178""]","[""ahd5k_04921""]"
الوجع الشديد في الجنب اليمين,الوجع الشديد في الجنب اليمين,ent_symptom_cee2a1d85e2d,الوجع الشديد في الجنب اليمين,Symptom,1,"[""chunk_00178""]","[""ahd5k_04921""]"
الوفاة,الوفاه,ent_symptom_5dc2556b8338,الوفاة,Symptom,1,"[""chunk_00081""]","[""ahd5k_04533""]"
ام حادة,ام حاده,ent_symptom_b754f1a1e5a8,صداع,Symptom,0,"[""chunk_00014"", ""chunk_00074"", ""chunk_00103"", ""chunk_00116"", ""chunk_00124"", ""chunk_00128"", ""chunk_00130"", ""chunk_00131"", ""chunk_00196""]","[""ahd5k_00065"", ""ahd5k_00222"", ""ahd5k_00507"", ""ahd5k_00780"", ""ahd5k_00887"", ""ahd5k_01058"", ""ahd5k_02266"", ""ahd5k_02318"", ""ahd5k_02662"", ""ahd5k_03689"", ""ahd5k_03737"", ""ahd5k_04265"", ""ahd5k_04356""]"
انتفاخ,انتفاخ,ent_symptom_fd750eeb2865,انتفاخ,Symptom,0,"[""chunk_00086""]","[""ahd5k_01537""]"
انتفاخ بالوجه,انتفاخ بالوجه,ent_symptom_fd750eeb2865,انتفاخ,Symptom,1,"[""chunk_00086""]","[""ahd5k_01537""]"
انقطاع الدورة,انقطاع الدوره,ent_symptom_9510bd8242ac,انقطاع الطمث,Symptom,0,"[""chunk_00160""]","[""ahd5k_04611""]"
انقطاع الطمث,انقطاع الطمث,ent_symptom_9510bd8242ac,انقطاع الطمث,Symptom,1,"[""chunk_00160""]","[""ahd5k_04611""]"
أوجاع العضلات,اوجاع العضلات,ent_symptom_320d3e905b16,أوجاع العضلات,Symptom,1,"[""chunk_00198""]","[""ahd5k_01255""]"
أوجاع المفاصل,اوجاع المفاصل,ent_symptom_976231d5f27b,أوجاع المفاصل,Symptom,1,"[""chunk_00198""]","[""ahd5k_01255""]"
برودة الطقس,بروده الطقس,ent_symptom_9462c717910d,برودة الطقس,Symptom,1,"[""chunk_00099""]","[""ahd5k_00568""]"
برودة الماء,بروده الماء,ent_symptom_d76ebd36291e,برودة الماء,Symptom,1,"[""chunk_00099""]","[""ahd5k_00568""]"
بروز في البطن,بروز في البطن,ent_symptom_6910233b82fc,بروز في البطن,Symptom,1,"[""chunk_00022""]","[""ahd5k_04986""]"
بلغم,بلغم,ent_symptom_7b839cc80688,ضيق تنفس,Symptom,0,"[""chunk_00001"", ""chunk_00007"", ""chunk_00022"", ""chunk_00068"", ""chunk_00069"", ""chunk_00073"", ""chunk_00074"", ""chunk_00089"", ""chunk_00090""]","[""ahd5k_00010"", ""ahd5k_00683"", ""ahd5k_00823"", ""ahd5k_02329"", ""ahd5k_03444"", ""ahd5k_03671"", ""ahd5k_03872"", ""ahd5k_04265"", ""ahd5k_04701"", ""ahd5k_04898""]"
بلغم,بلغم,ent_symptom_dc2c7333a505,بلغم,Symptom,2,"[""chunk_00001""]","[""ahd5k_00970""]"
بلغم,بلغم,ent_symptom_f4cf885a0447,سعال,Symptom,0,"[""chunk_00001"", ""chunk_00009"", ""chunk_00096"", ""chunk_00119"", ""chunk_00123"", ""chunk_00172"", ""chunk_00192""]","[""ahd5k_00069"", ""ahd5k_00883"", ""ahd5k_00970"", ""ahd5k_01584"", ""ahd5k_03544"", ""ahd5k_04490"", ""ahd5k_04942""]"
تأغر فى غلق فتحة الرأس الأماميه,تاغر في غلق فتحه الراس الاماميه,ent_symptom_f51ef98950a2,قلق,Symptom,1,"[""chunk_00104""]","[""ahd5k_02476""]"
تدخين,تدخين,ent_symptom_215297000d7a,التدخين,Symptom,0,"[""chunk_00092""]","[""ahd5k_01629""]"
تسارع في ضربات القلب,تسارع في ضربات القلب,ent_symptom_1f6a3892391d,خفقان القلب,Symptom,1,"[""chunk_00069""]","[""ahd5k_04701""]"
تشنجات,تشنجات,ent_symptom_3218dcecad3c,تشنجات,Symptom,1,"[""chunk_00137""]","[""ahd5k_04924""]"
تصاق,تصاق,ent_symptom_e2d3b3389af6,التصاق,Symptom,0,"[""chunk_00047""]","[""ahd5k_04492""]"
تضخم,تضخم,ent_symptom_8d2e4253732b,تضخم في الارداف,Symptom,0,"[""chunk_00046""]","[""ahd5k_00647""]"
تضخم في الارداف,تضخم في الارداف,ent_symptom_8d2e4253732b,تضخم في الارداف,Symptom,1,"[""chunk_00046""]","[""ahd5k_00647""]"
تعب,تعب,ent_symptom_28acc791e82d,تعب,Symptom,1,"[""chunk_00001""]","[""ahd5k_03872""]"
تقيؤ,تقيو,ent_symptom_7a79bce3a153,قيء,Symptom,0,"[""chunk_00105"", ""chunk_00151""]","[""ahd5k_02903"", ""ahd5k_04856""]"
تنميل,تنميل,ent_symptom_d48190970b2d,تنميل,Symptom,1,"[""chunk_00182""]","[""ahd5k_00838""]"
توتر,توتر,ent_symptom_f51ef98950a2,قلق,Symptom,0,"[""chunk_00068"", ""chunk_00075"", ""chunk_00104"", ""chunk_00132""]","[""ahd5k_00671"", ""ahd5k_00683"", ""ahd5k_00804"", ""ahd5k_02476""]"
حادث وعائي دماغي,حادث وعايي دماغي,ent_symptom_6ff36e848606,الحادِث الوِعائيٌّ الدِمَاغِيّ,Symptom,0,"[""chunk_00081""]","[""ahd5k_04533""]"
حرقه,حرقه,ent_symptom_ecf500c8beea,حرقه,Symptom,1,"[""chunk_00091""]","[""ahd5k_01099""]"
حساسية على الوسط التبايني,حساسيه علي الوسط التبايني,ent_symptom_d0d35afb979b,الحساسية على الوسط التَبايُنِيّ,Symptom,0,"[""chunk_00081""]","[""ahd5k_04533""]"
حصاصة,حصاصه,ent_symptom_fe424a778440,حصاصة,Symptom,1,"[""chunk_00138""]","[""ahd5k_00774""]"
حكة,حكه,ent_symptom_7cfc95737dc0,حكة,Symptom,1,"[""chunk_00001""]","[""ahd5k_04414""]"
حكه,حكه,ent_symptom_93828ade2cbe,الارتكاريا,Symptom,2,"[""chunk_00005""]","[""ahd5k_04654"", ""ahd5k_04733""]"
حلمة,حلمه,ent_symptom_fd47e672abb7,حلمة,Symptom,0,"[""chunk_00155""]","[""ahd5k_00615""]"
حلمة ثديي الايمن,حلمه ثديي الايمن,ent_symptom_fd47e672abb7,حلمة,Symptom,1,"[""chunk_00155""]","[""ahd5k_00615""]"
حلمة مسطحه,حلمه مسطحه,ent_symptom_fd47e672abb7,حلمة,Symptom,1,"[""chunk_00155""]","[""ahd5k_00615""]"
حماى,حماي,ent_symptom_018ebc11f6df,حمى,Symptom,0,"[""chunk_00030"", ""chunk_00040"", ""chunk_00093"", ""chunk_00101"", ""chunk_00102"", ""chunk_00165"", ""chunk_00181"", ""chunk_00198"", ""chunk_00199""]","[""ahd5k_00348"", ""ahd5k_00438"", ""ahd5k_00679"", ""ahd5k_01255"", ""ahd5k_01262"", ""ahd5k_01567"", ""ahd5k_01611"", ""ahd5k_02142"", ""ahd5k_02595"", ""ahd5k_03053"", ""ahd5k_03137"", ""ahd5k_04651"", ""ahd5k_04919""]"
حموضة,حموضه,ent_symptom_1a7b2eae066b,حموضة,Symptom,1,"[""chunk_00188""]","[""ahd5k_01518""]"
حمى,حمي,ent_symptom_018ebc11f6df,حمى,Symptom,6,"[""chunk_00030"", ""chunk_00040"", ""chunk_00093"", ""chunk_00165"", ""chunk_00181"", ""chunk_00198""]","[""ahd5k_00348"", ""ahd5k_00679"", ""ahd5k_01255"", ""ahd5k_01567"", ""ahd5k_02142"", ""ahd5k_03137""]"
حمى عضة الجرذ,حمي عضه الجرذ,ent_symptom_018ebc11f6df,حمى,Symptom,0,"[""chunk_00030"", ""chunk_00040"", ""chunk_00093"", ""chunk_00101"", ""chunk_00102"", ""chunk_00165"", ""chunk_00181"", ""chunk_00198"", ""chunk_00199""]","[""ahd5k_00348"", ""ahd5k_00438"", ""ahd5k_00679"", ""ahd5k_01255"", ""ahd5k_01262"", ""ahd5k_01567"", ""ahd5k_01611"", ""ahd5k_02142"", ""ahd5k_02595"", ""ahd5k_03053"", ""ahd5k_03137"", ""ahd5k_04651"", ""ahd5k_04919""]"
حمى عضة الفأر,حمي عضه الفار,ent_symptom_018ebc11f6df,حمى,Symptom,0,"[""chunk_00030"", ""chunk_00040"", ""chunk_00093"", ""chunk_00101"", ""chunk_00102"", ""chunk_00165"", ""chunk_00181"", ""chunk_00198"", ""chunk_00199""]","[""ahd5k_00348"", ""ahd5k_00438"", ""ahd5k_00679"", ""ahd5k_01255"", ""ahd5k_01262"", ""ahd5k_01567"", ""ahd5k_01611"", ""ahd5k_02142"", ""ahd5k_02595"", ""ahd5k_03053"", ""ahd5k_03137"", ""ahd5k_04651"", ""ahd5k_04919""]"
خفقان القلب,خفقان القلب,ent_symptom_1f6a3892391d,خفقان القلب,Symptom,0,"[""chunk_00069""]","[""ahd5k_00823"", ""ahd5k_01690"", ""ahd5k_03624"", ""ahd5k_04701""]"
دقات سريعة للقلب,دقات سريعه للقلب,ent_symptom_2623f9ed0078,دقات سريعة للقلب,Symptom,1,"[""chunk_00136""]","[""ahd5k_01140""]"
دوار,دوار,ent_symptom_ec53995c86ca,دوار,Symptom,1,"[""chunk_00136""]","[""ahd5k_01140""]"
دوائر حمراء,دواير حمراء,ent_symptom_15f699fd4691,دوائر حمراء,Symptom,1,"[""chunk_00001""]","[""ahd5k_04414""]"
دوخة,دوخه,ent_symptom_850b2a35c32d,دوخة,Symptom,1,"[""chunk_00069""]","[""ahd5k_04701""]"
دوخه,دوخه,ent_symptom_ca6890d2fa81,غثيان,Symptom,0,"[""chunk_00186""]","[""ahd5k_04926""]"
راسي تقيل,راسي تقيل,ent_symptom_e9ec482600f1,راسي تقيل,Symptom,1,"[""chunk_00136""]","[""ahd5k_01140""]"
سعال,سعال,ent_symptom_7b839cc80688,ضيق تنفس,Symptom,0,"[""chunk_00001"", ""chunk_00007"", ""chunk_00022"", ""chunk_00068"", ""chunk_00069"", ""chunk_00073"", ""chunk_00074"", ""chunk_00089"", ""chunk_00090""]","[""ahd5k_00010"", ""ahd5k_00683"", ""ahd5k_00823"", ""ahd5k_02329"", ""ahd5k_03444"", ""ahd5k_03671"", ""ahd5k_03872"", ""ahd5k_04265"", ""ahd5k_04701"", ""ahd5k_04898""]"
سعال,سعال,ent_symptom_f4cf885a0447,سعال,Symptom,6,"[""chunk_00001"", ""chunk_00096"", ""chunk_00119"", ""chunk_00123"", ""chunk_00172"", ""chunk_00192""]","[""ahd5k_00069"", ""ahd5k_00970"", ""ahd5k_01584"", ""ahd5k_03544"", ""ahd5k_04490"", ""ahd5k_04942""]"
سمنة,سمنه,ent_symptom_dbef79463d2f,سمنة,Symptom,1,"[""chunk_00161""]","[""ahd5k_00772""]"
سيلان الانف,سيلان الانف,ent_symptom_c411d2ed3083,سيلان الانف,Symptom,1,"[""chunk_00108""]","[""ahd5k_04444""]"
شعور بالجوع,شعور بالجوع,ent_symptom_3600b8bcb53e,الجوع,Symptom,1,"[""chunk_00097""]","[""ahd5k_01128""]"
صداع,صداع,ent_symptom_b754f1a1e5a8,صداع,Symptom,8,"[""chunk_00014"", ""chunk_00116"", ""chunk_00128"", ""chunk_00130"", ""chunk_00131"", ""chunk_00196""]","[""ahd5k_00065"", ""ahd5k_00780"", ""ahd5k_00887"", ""ahd5k_01058"", ""ahd5k_02318"", ""ahd5k_02662"", ""ahd5k_03689"", ""ahd5k_04356""]"
صداع,صداع,ent_symptom_c01e00eb5c72,صداع التوتر,Symptom,0,"[""chunk_00128""]","[""ahd5k_02662""]"
صداع التوتر,صداع التوتر,ent_symptom_c01e00eb5c72,صداع التوتر,Symptom,1,"[""chunk_00128""]","[""ahd5k_02662""]"
صداع التوتري,صداع التوتري,ent_symptom_b754f1a1e5a8,صداع,Symptom,0,"[""chunk_00014"", ""chunk_00074"", ""chunk_00103"", ""chunk_00116"", ""chunk_00124"", ""chunk_00128"", ""chunk_00130"", ""chunk_00131"", ""chunk_00196""]","[""ahd5k_00065"", ""ahd5k_00222"", ""ahd5k_00507"", ""ahd5k_00780"", ""ahd5k_00887"", ""ahd5k_01058"", ""ahd5k_02266"", ""ahd5k_02318"", ""ahd5k_02662"", ""ahd5k_03689"", ""ahd5k_03737"", ""ahd5k_04265"", ""ahd5k_04356""]"
صداع في جنبي الرأس,صداع في جنبي الراس,ent_symptom_b754f1a1e5a8,صداع,Symptom,1,"[""chunk_00103""]","[""ahd5k_02266""]"
صداع قوي,صداع قوي,ent_symptom_b754f1a1e5a8,صداع,Symptom,1,"[""chunk_00074""]","[""ahd5k_04265""]"
ضربة الشمس,ضربه الشمس,ent_symptom_018ebc11f6df,حمى,Symptom,1,"[""chunk_00199""]","[""ahd5k_04919""]"
ضغط,ضغط,ent_symptom_724e59ded899,ضغط الدم,Symptom,1,"[""chunk_00084""]","[""ahd5k_04912""]"
ضغط,ضغط,ent_symptom_d713f64368d3,ضغط,Symptom,2,"[""chunk_00128"", ""chunk_00140""]","[""ahd5k_02662"", ""ahd5k_03423""]"
ضغط الدم,ضغط الدم,ent_symptom_724e59ded899,ضغط الدم,Symptom,9,"[""chunk_00064"", ""chunk_00084""]","[""ahd5k_00085"", ""ahd5k_00691"", ""ahd5k_00756"", ""ahd5k_01259"", ""ahd5k_01350"", ""ahd5k_01894"", ""ahd5k_02577"", ""ahd5k_02607"", ""ahd5k_02754""]"
ضيق التنفس,ضيق التنفس,ent_symptom_7b839cc80688,ضيق تنفس,Symptom,0,"[""chunk_00001"", ""chunk_00007"", ""chunk_00022"", ""chunk_00068"", ""chunk_00069"", ""chunk_00073"", ""chunk_00074"", ""chunk_00089"", ""chunk_00090""]","[""ahd5k_00010"", ""ahd5k_00683"", ""ahd5k_00823"", ""ahd5k_02329"", ""ahd5k_03444"", ""ahd5k_03671"", ""ahd5k_03872"", ""ahd5k_04265"", ""ahd5k_04701"", ""ahd5k_04898""]"
ضيق النفس,ضيق النفس,ent_symptom_7b839cc80688,ضيق تنفس,Symptom,1,"[""chunk_00022""]","[""ahd5k_03444""]"
ضيق بلتنفس,ضيق بلتنفس,ent_symptom_7b839cc80688,ضيق تنفس,Symptom,1,"[""chunk_00007""]","[""ahd5k_02329""]"
ضيق تنفس,ضيق تنفس,ent_symptom_7b839cc80688,ضيق تنفس,Symptom,6,"[""chunk_00001"", ""chunk_00068"", ""chunk_00069"", ""chunk_00074"", ""chunk_00089""]","[""ahd5k_00010"", ""ahd5k_00683"", ""ahd5k_00823"", ""ahd5k_03872"", ""ahd5k_04265"", ""ahd5k_04701""]"
ضيق تنفس,ضيق تنفس,ent_symptom_b5e5cc252e6a,الضيق التنفسي,Symptom,7,"[""chunk_00072""]","[""ahd5k_00515"", ""ahd5k_00656"", ""ahd5k_01510"", ""ahd5k_01669"", ""ahd5k_02719"", ""ahd5k_02761"", ""ahd5k_03333""]"
ضيق تنفس,ضيق تنفس,ent_symptom_c42bbeabdb83,الزراق,Symptom,0,"[""chunk_00099""]","[""ahd5k_00568""]"
ضيق تنفس,ضيق تنفس,ent_symptom_f4cf885a0447,سعال,Symptom,0,"[""chunk_00001"", ""chunk_00009"", ""chunk_00096"", ""chunk_00119"", ""chunk_00123"", ""chunk_00172"", ""chunk_00192""]","[""ahd5k_00069"", ""ahd5k_00883"", ""ahd5k_00970"", ""ahd5k_01584"", ""ahd5k_03544"", ""ahd5k_04490"", ""ahd5k_04942""]"
ضيق نفس,ضيق نفس,ent_symptom_7b839cc80688,ضيق تنفس,Symptom,2,"[""chunk_00073""]","[""ahd5k_04898""]"
غثيان,غثيان,ent_symptom_ca6890d2fa81,غثيان,Symptom,1,"[""chunk_00186""]","[""ahd5k_04926""]"
فقدان الشهية,فقدان الشهيه,ent_symptom_c48c0df96785,فقدان الشهيه,Symptom,0,"[""chunk_00054""]","[""ahd5k_02546""]"
فقدان الشهيه,فقدان الشهيه,ent_symptom_c48c0df96785,فقدان الشهيه,Symptom,1,"[""chunk_00054""]","[""ahd5k_02546""]"
فقدان الشهية والرغبة في الاستفراغ,فقدان الشهيه والرغبه في الاستفراغ,ent_symptom_94e1fb05bddc,فقدان الشهية والرغبة في الاستفراغ,Symptom,1,"[""chunk_00190""]","[""ahd5k_00916""]"
فقدان الوعي,فقدان الوعي,ent_symptom_1113453f7a36,فقدان الوعي,Symptom,1,"[""chunk_00197""]","[""ahd5k_00992""]"
قلق,قلق,ent_symptom_38888a2188fe,القلق,Symptom,0,"[""chunk_00077"", ""chunk_00128"", ""chunk_00173""]","[""ahd5k_01574"", ""ahd5k_02662"", ""ahd5k_04953""]"
قلق,قلق,ent_symptom_f51ef98950a2,قلق,Symptom,3,"[""chunk_00068"", ""chunk_00075"", ""chunk_00132""]","[""ahd5k_00671"", ""ahd5k_00683"", ""ahd5k_00804""]"
قيء,قيء,ent_symptom_7a79bce3a153,قيء,Symptom,1,"[""chunk_00151""]","[""ahd5k_02903""]"
كثرة الملابس,كثره الملابس,ent_symptom_7b297d9851d1,الملابس,Symptom,1,"[""chunk_00099""]","[""ahd5k_00568""]"
كيس,كيس,ent_symptom_170df8c18553,كيس,Symptom,1,"[""chunk_00120""]","[""ahd5k_02131""]"
مخاط,مخاط,ent_symptom_cdf7db203339,البلغم,Symptom,0,"[""chunk_00107""]","[""ahd5k_04277""]"
مضاعفات وعائية,مضاعفات وعاييه,ent_symptom_f28c266dc478,المضاعفات الوعائية,Symptom,0,"[""chunk_00081""]","[""ahd5k_04533""]"
نبض,نبض,ent_symptom_ff3a8a841494,نبض,Symptom,0,"[""chunk_00155""]","[""ahd5k_01973""]"
نبض قلبه,نبض قلبه,ent_symptom_ff3a8a841494,نبض,Symptom,1,"[""chunk_00155""]","[""ahd5k_01973""]"
نبضات القلب,نبضات القلب,ent_symptom_19841fc2dc50,نبضات القلب,Symptom,6,"[""chunk_00064""]","[""ahd5k_00085"", ""ahd5k_00691"", ""ahd5k_00756"", ""ahd5k_01259"", ""ahd5k_01350"", ""ahd5k_01894""]"
نزف,نزف,ent_symptom_b9ba6f86ab5a,نزف,Symptom,0,"[""chunk_00056""]","[""ahd5k_01440""]"
نزف,نزف,ent_symptom_e276c7fd7e33,النزف,Symptom,0,"[""chunk_00081""]","[""ahd5k_04533""]"
نزف بسيط,نزف بسيط,ent_symptom_b9ba6f86ab5a,نزف,Symptom,1,"[""chunk_00056""]","[""ahd5k_01440""]"
نزلة,نزله,ent_symptom_a6a5150fee6f,النزلة,Symptom,0,"[""chunk_00052""]","[""ahd5k_04944""]"
نشفان,نشفان,ent_symptom_66c2e60e8e52,نشفان,Symptom,1,"[""chunk_00006""]","[""ahd5k_02124""]"
نض سريع,نض سريع,ent_symptom_b754f1a1e5a8,صداع,Symptom,1,"[""chunk_00124""]","[""ahd5k_00222""]"
نغزات,نغزات,ent_symptom_7d2fce86bc12,نغزات,Symptom,1,"[""chunk_00070""]","[""ahd5k_04975""]"
نفث,نفث,ent_symptom_7b839cc80688,ضيق تنفس,Symptom,0,"[""chunk_00001"", ""chunk_00007"", ""chunk_00022"", ""chunk_00068"", ""chunk_00069"", ""chunk_00073"", ""chunk_00074"", ""chunk_00089"", ""chunk_00090""]","[""ahd5k_00010"", ""ahd5k_00683"", ""ahd5k_00823"", ""ahd5k_02329"", ""ahd5k_03444"", ""ahd5k_03671"", ""ahd5k_03872"", ""ahd5k_04265"", ""ahd5k_04701"", ""ahd5k_04898""]"
نفخ,نفخ,ent_symptom_17b6202362ba,نفخ,Symptom,0,"[""chunk_00078""]","[""ahd5k_01017""]"
نقص الاكسجين,نقص الاكسجين,ent_symptom_c42bbeabdb83,الزراق,Symptom,0,"[""chunk_00099""]","[""ahd5k_00568""]"
نقص الوعي,نقص الوعي,ent_symptom_1113453f7a36,فقدان الوعي,Symptom,0,"[""chunk_00197""]","[""ahd5k_00992""]"
نوبات,نوبات,ent_symptom_2b9271490fdf,نوبات,Symptom,2,"[""chunk_00077""]","[""ahd5k_00189"", ""ahd5k_01574""]"
نوبات جزئية,نوبات جزييه,ent_symptom_871c0c5d659d,نوبة,Symptom,1,"[""chunk_00016""]","[""ahd5k_02823""]"
نوبات عامة,نوبات عامه,ent_symptom_871c0c5d659d,نوبة,Symptom,1,"[""chunk_00016""]","[""ahd5k_02823""]"
نوبة,نوبه,ent_symptom_871c0c5d659d,نوبة,Symptom,0,"[""chunk_00016""]","[""ahd5k_02823""]"
هيشان الشعر,هيشان الشعر,ent_symptom_1489f63a8622,هيشان الشعر,Symptom,1,"[""chunk_00020""]","[""ahd5k_00149""]"
وجع,وجع,ent_symptom_42ad4acdebc5,وجع,Symptom,0,"[""chunk_00086""]","[""ahd5k_01537""]"
وجع بالجسم,وجع بالجسم,ent_symptom_42ad4acdebc5,وجع,Symptom,1,"[""chunk_00086""]","[""ahd5k_01537""]"
وخزات,وخزات,ent_symptom_f51ef98950a2,قلق,Symptom,0,"[""chunk_00068"", ""chunk_00075"", ""chunk_00104"", ""chunk_00132""]","[""ahd5k_00671"", ""ahd5k_00683"", ""ahd5k_00804"", ""ahd5k_02476""]"
وفاة,وفاه,ent_symptom_5dc2556b8338,الوفاة,Symptom,0,"[""chunk_00081""]","[""ahd5k_04533""]"
b12,b12,ent_test_d4c042551289,b12,Test,1,"[""chunk_00050""]","[""ahd5k_02605""]"
CBC,cbc,ent_test_eb10148e602f,CBC,Test,1,"[""chunk_00050""]","[""ahd5k_02605""]"
CBC التحليل الكامل للدم,cbc التحليل الكامل للدم,ent_test_f405aec80933,CBC التحليل الكامل للدم,Test,1,"[""chunk_00186""]","[""ahd5k_04926""]"
E.S.R.,e.s.r.,ent_test_7f9e855cef19,E.S.R.,Test,0,"[""chunk_00060""]","[""ahd5k_04249""]"
ferritin,ferritin,ent_test_9b953964df1c,ferritin,Test,1,"[""chunk_00050""]","[""ahd5k_02605""]"
iron,iron,ent_test_a720c5e59e85,iron,Test,1,"[""chunk_00050""]","[""ahd5k_02605""]"
kidney,kidney,ent_test_891e6b99157e,الكلية,Test,0,"[""chunk_00157""]","[""ahd5k_03394""]"
parathyroid hormone,parathyroid hormone,ent_test_ca6f7fce3808,PTH,Test,0,"[""chunk_00157""]","[""ahd5k_03833""]"
PTH,pth,ent_test_ca6f7fce3808,PTH,Test,1,"[""chunk_00157""]","[""ahd5k_03833""]"
RAST Test,rast test,ent_test_3f0d2e079b73,RAST Test,Test,1,"[""chunk_00003""]","[""ahd5k_01245""]"
RAST Test,rast test,ent_test_433492431144,تحليل الحساسية,Test,0,"[""chunk_00003"", ""chunk_00005"", ""chunk_00007"", ""chunk_00009"", ""chunk_00078"", ""chunk_00089"", ""chunk_00140"", ""chunk_00149"", ""chunk_00172"", ""chunk_00196""]","[""ahd5k_00065"", ""ahd5k_00436"", ""ahd5k_00614"", ""ahd5k_00864"", ""ahd5k_01231"", ""ahd5k_02482"", ""ahd5k_03423"", ""ahd5k_03563"", ""ahd5k_04480"", ""ahd5k_04490""]"
أشعة,اشعه,ent_test_c4cfd2d6468c,أشعة,Test,5,"[""chunk_00031"", ""chunk_00055"", ""chunk_00152"", ""chunk_00188"", ""chunk_00200""]","[""ahd5k_00876"", ""ahd5k_01220"", ""ahd5k_01295"", ""ahd5k_04844"", ""ahd5k_04934""]"
اشعة,اشعه,ent_test_c4cfd2d6468c,أشعة,Test,0,"[""chunk_00031"", ""chunk_00055"", ""chunk_00086"", ""chunk_00115"", ""chunk_00130"", ""chunk_00133"", ""chunk_00152"", ""chunk_00188"", ""chunk_00200""]","[""ahd5k_00114"", ""ahd5k_00876"", ""ahd5k_01220"", ""ahd5k_01290"", ""ahd5k_01295"", ""ahd5k_01537"", ""ahd5k_02003"", ""ahd5k_03019"", ""ahd5k_04468"", ""ahd5k_04648"", ""ahd5k_04844"", ""ahd5k_04934""]"
اشعة بالصبغة,اشعه بالصبغه,ent_test_c4cfd2d6468c,أشعة,Test,1,"[""chunk_00086""]","[""ahd5k_01537""]"
اشعة تلفزيونية,اشعه تلفزيونيه,ent_test_6f946fa998e8,اشعة تلفزيونية,Test,1,"[""chunk_00187""]","[""ahd5k_02673""]"
اشعة عادية,اشعه عاديه,ent_test_c4cfd2d6468c,أشعة,Test,0,"[""chunk_00031"", ""chunk_00055"", ""chunk_00086"", ""chunk_00115"", ""chunk_00130"", ""chunk_00133"", ""chunk_00152"", ""chunk_00188"", ""chunk_00200""]","[""ahd5k_00114"", ""ahd5k_00876"", ""ahd5k_01220"", ""ahd5k_01290"", ""ahd5k_01295"", ""ahd5k_01537"", ""ahd5k_02003"", ""ahd5k_03019"", ""ahd5k_04468"", ""ahd5k_04648"", ""ahd5k_04844"", ""ahd5k_04934""]"
التطعيم,التطعيم,ent_test_a8cf24723db9,التطعيمات,Test,0,"[""chunk_00110""]","[""ahd5k_01847""]"
التطعيمات,التطعيمات,ent_test_a8cf24723db9,التطعيمات,Test,1,"[""chunk_00110""]","[""ahd5k_01847""]"
التقييم,التقييم,ent_test_ce6fcb80c1fe,فحص سريري,Test,0,"[""chunk_00163"", ""chunk_00191""]","[""ahd5k_00714"", ""ahd5k_02702""]"
الثيحال الريوي,الثيحال الريوي,ent_test_789144e7ff3c,الثيحال الريوي,Test,1,"[""chunk_00138""]","[""ahd5k_00774""]"
الجلوكوز,الجلوكوز,ent_test_d990d9189fc6,الجلوكوز,Test,2,"[""chunk_00037""]","[""ahd5k_01578""]"
الجنين,الجنين,ent_test_0e8b0f13e650,الجنين,Test,2,"[""chunk_00156""]","[""ahd5k_03455"", ""ahd5k_04815""]"
الحيوانات المنوية,الحيوانات المنويه,ent_test_51926b4c8cd0,الحيوانات المنوية,Test,0,"[""chunk_00092""]","[""ahd5k_01629""]"
الديم,الديم,ent_test_c087a4192739,الديم,Test,1,"[""chunk_00179""]","[""ahd5k_04751""]"
الصور الشعاعية,الصور الشعاعيه,ent_test_e668861db259,الصور الشعاعية,Test,0,"[""chunk_00131""]","[""ahd5k_01058""]"
الفحوصات,الفحوصات,ent_test_c4ec2e232baf,الفحوصات المخبرية,Test,0,"[""chunk_00160""]","[""ahd5k_04611""]"
الفحوصات المخبرية,الفحوصات المخبريه,ent_test_c4ec2e232baf,الفحوصات المخبرية,Test,1,"[""chunk_00160""]","[""ahd5k_04611""]"
القسطرة التشخيصية,القسطره التشخيصيه,ent_test_27c861759100,القسطرة التشخيصية,Test,1,"[""chunk_00081""]","[""ahd5k_04970""]"
القولون,القولون,ent_test_f65cef357cee,القولون,Test,1,"[""chunk_00180""]","[""ahd5k_02411""]"
الكلية,الكليه,ent_test_891e6b99157e,الكلية,Test,2,"[""chunk_00157""]","[""ahd5k_03394""]"
النسبة,النسبه,ent_test_4e95ccf90696,النسبة,Test,1,"[""chunk_00183""]","[""ahd5k_04052""]"
الهرمون,الهرمون,ent_test_234f794d532f,الهرمون,Test,1,"[""chunk_00169""]","[""ahd5k_00035""]"
إيكو,ايكو,ent_test_4b0183158a0f,إيكو,Test,0,"[""chunk_00075""]","[""ahd5k_04352""]"
بزل الصدر,بزل الصدر,ent_test_5b6be44fb944,بزل الصدر,Test,1,"[""chunk_00035""]","[""ahd5k_04576""]"
تحاليل,تحاليل,ent_test_dd68aa784555,تحاليل مخبرية,Test,3,"[""chunk_00004"", ""chunk_00127"", ""chunk_00166""]","[""ahd5k_00632"", ""ahd5k_02039"", ""ahd5k_04235""]"
تحاليل مخبرية,تحاليل مخبريه,ent_test_2b2550da4a44,فحص الجرثومة الحلزونية,Test,0,"[""chunk_00054""]","[""ahd5k_02292""]"
تحاليل مخبرية,تحاليل مخبريه,ent_test_dd68aa784555,تحاليل مخبرية,Test,11,"[""chunk_00044"", ""chunk_00053"", ""chunk_00061"", ""chunk_00069"", ""chunk_00082"", ""chunk_00084"", ""chunk_00161"", ""chunk_00162"", ""chunk_00177"", ""chunk_00188"", ""chunk_00192""]","[""ahd5k_00480"", ""ahd5k_00696"", ""ahd5k_00772"", ""ahd5k_00823"", ""ahd5k_00994"", ""ahd5k_01220"", ""ahd5k_01294"", ""ahd5k_01551"", ""ahd5k_02200"", ""ahd5k_03238"", ""ahd5k_03544""]"
تحليل,تحليل,ent_test_645255369776,تحليل,Test,1,"[""chunk_00041""]","[""ahd5k_01930""]"
تحليل AMH,تحليل amh,ent_test_263ea3437869,تحليل AMH,Test,1,"[""chunk_00094""]","[""ahd5k_01925""]"
تحليل الحساسية,تحليل الحساسيه,ent_test_433492431144,تحليل الحساسية,Test,5,"[""chunk_00078"", ""chunk_00089"", ""chunk_00149"", ""chunk_00172"", ""chunk_00196""]","[""ahd5k_00065"", ""ahd5k_00436"", ""ahd5k_00864"", ""ahd5k_03563"", ""ahd5k_04490""]"
تحليل الحساسيه,تحليل الحساسيه,ent_test_433492431144,تحليل الحساسية,Test,0,"[""chunk_00003"", ""chunk_00005"", ""chunk_00007"", ""chunk_00009"", ""chunk_00078"", ""chunk_00089"", ""chunk_00140"", ""chunk_00149"", ""chunk_00172"", ""chunk_00196""]","[""ahd5k_00065"", ""ahd5k_00436"", ""ahd5k_00614"", ""ahd5k_00864"", ""ahd5k_01231"", ""ahd5k_02482"", ""ahd5k_03423"", ""ahd5k_03563"", ""ahd5k_04480"", ""ahd5k_04490""]"
تحليل الحساسية,تحليل الحساسيه,ent_test_7633369aec20,رسم قلب,Test,0,"[""chunk_00068""]","[""ahd5k_00963""]"
تحليل الحساسية,تحليل الحساسيه,ent_test_dd68aa784555,تحاليل مخبرية,Test,1,"[""chunk_00028""]","[""ahd5k_03068""]"
تحليل براز,تحليل براز,ent_test_cee0f03fdc31,تحليل براز,Test,1,"[""chunk_00187""]","[""ahd5k_02673""]"
تحليل بول,تحليل بول,ent_test_62f3f553cccf,تحليل بول,Test,0,"[""chunk_00076""]","[""ahd5k_04706""]"
تحليل حساسية,تحليل حساسيه,ent_test_433492431144,تحليل الحساسية,Test,1,"[""chunk_00003""]","[""ahd5k_01231""]"
تحليل مخبري,تحليل مخبري,ent_test_dd68aa784555,تحاليل مخبرية,Test,5,"[""chunk_00040"", ""chunk_00134"", ""chunk_00164"", ""chunk_00168""]","[""ahd5k_00679"", ""ahd5k_00775"", ""ahd5k_02588"", ""ahd5k_03761"", ""ahd5k_04620""]"
تخطيط كهربائية القلب,تخطيط كهرباييه القلب,ent_test_0deca3ec9d8b,تلفزيون قلب,Test,1,"[""chunk_00073""]","[""ahd5k_03958""]"
تصوير,تصوير,ent_test_2fa028778221,تصوير بالموجات الفوق صوتية,Test,0,"[""chunk_00087""]","[""ahd5k_03801""]"
تصوير الجهاز البولي,تصوير الجهاز البولي,ent_test_f6ff9119ed14,تصوير الجهاز البولي,Test,1,"[""chunk_00117""]","[""ahd5k_00666""]"
تصوير بالرنين المغناطيسي,تصوير بالرنين المغناطيسي,ent_test_ccfa39d8952e,تصوير بالرنين المغناطيسي,Test,0,"[""chunk_00189""]","[""ahd5k_04904""]"
تصوير بالموجات الفوق صوتية,تصوير بالموجات الفوق صوتيه,ent_test_2fa028778221,تصوير بالموجات الفوق صوتية,Test,0,"[""chunk_00087""]","[""ahd5k_03801""]"
تلفزيون قلب,تلفزيون قلب,ent_test_0deca3ec9d8b,تلفزيون قلب,Test,1,"[""chunk_00073""]","[""ahd5k_04775""]"
حيوانات منوية,حيوانات منويه,ent_test_51926b4c8cd0,الحيوانات المنوية,Test,1,"[""chunk_00092""]","[""ahd5k_01629""]"
خصائي الاطفال,خصايي الاطفال,ent_test_84971d541245,خصائي الاطفال,Test,1,"[""chunk_00108""]","[""ahd5k_04444""]"
رسم قلب,رسم قلب,ent_test_7633369aec20,رسم قلب,Test,1,"[""chunk_00068""]","[""ahd5k_00963""]"
سكر الذرة,سكر الذره,ent_test_d990d9189fc6,الجلوكوز,Test,0,"[""chunk_00037""]","[""ahd5k_01578""]"
سكر العنب,سكر العنب,ent_test_d990d9189fc6,الجلوكوز,Test,1,"[""chunk_00037""]","[""ahd5k_01578""]"
سونار,سونار,ent_test_e25254260950,سونار بطن وحوض مع انريمات الكبد,Test,0,"[""chunk_00174""]","[""ahd5k_01312""]"
سونار بطن وحوض مع انريمات الكبد,سونار بطن وحوض مع انريمات الكبد,ent_test_e25254260950,سونار بطن وحوض مع انريمات الكبد,Test,0,"[""chunk_00174""]","[""ahd5k_01312""]"
صور شعاعية,صور شعاعيه,ent_test_e668861db259,الصور الشعاعية,Test,1,"[""chunk_00131""]","[""ahd5k_01058""]"
صورة دم,صوره دم,ent_test_c0d07b06fcff,صورة دم,Test,1,"[""chunk_00187""]","[""ahd5k_02673""]"
فحص,فحص,ent_test_f1846b201f26,فحص,Test,2,"[""chunk_00085"", ""chunk_00122""]","[""ahd5k_00855"", ""ahd5k_04177""]"
فحص الجرثومة الحلزونية,فحص الجرثومه الحلزونيه,ent_test_2b2550da4a44,فحص الجرثومة الحلزونية,Test,1,"[""chunk_00054""]","[""ahd5k_02292""]"
فحص الحالة,فحص الحاله,ent_test_f1846b201f26,فحص,Test,0,"[""chunk_00085"", ""chunk_00122""]","[""ahd5k_00855"", ""ahd5k_04177""]"
فحص الدم,فحص الدم,ent_test_4ea4666752c1,فحص الدم,Test,0,"[""chunk_00055""]","[""ahd5k_04844""]"
فحص الدم و أشعة,فحص الدم و اشعه,ent_test_4ea4666752c1,فحص الدم,Test,0,"[""chunk_00055""]","[""ahd5k_04844""]"
فحص الفقرات العنقية,فحص الفقرات العنقيه,ent_test_6dcf66b68de3,فحص الفقرات العنقية,Test,1,"[""chunk_00067""]","[""ahd5k_03139""]"
فحص تحاليل مخبرية,فحص تحاليل مخبريه,ent_test_8dfa1780f518,فحص تحاليل مخبرية,Test,0,"[""chunk_00059""]","[""ahd5k_01162""]"
فحص دم للملاريا,فحص دم للملاريا,ent_test_6cc18337a180,فحص دم للملاريا,Test,1,"[""chunk_00190""]","[""ahd5k_00916""]"
فحص سريري,فحص سريري,ent_test_ce6fcb80c1fe,فحص سريري,Test,2,"[""chunk_00163"", ""chunk_00191""]","[""ahd5k_00714"", ""ahd5k_02702""]"
فحص نخاع العظم,فحص نخاع العظم,ent_test_db1175f121dc,فحص نخاع العظم,Test,1,"[""chunk_00059""]","[""ahd5k_00313""]"
قسطرة تشخيصية,قسطره تشخيصيه,ent_test_27c861759100,القسطرة التشخيصية,Test,0,"[""chunk_00081""]","[""ahd5k_04970""]"
مفصل الكتف,مفصل الكتف,ent_test_53daf0bebd13,مفصل الكتف,Test,1,"[""chunk_00067""]","[""ahd5k_03139""]"
نتيجة الحساسة,نتيجه الحساسه,ent_test_433492431144,تحليل الحساسية,Test,1,"[""chunk_00007""]","[""ahd5k_02482""]"
نظرية الخلية,نظريه الخليه,ent_test_752d1924792a,نظرية الخلية,Test,1,"[""chunk_00059""]","[""ahd5k_02952""]"
هيموغلوبين,هيموغلوبين,ent_test_8b503c2dc54c,هيموغلوبين,Test,1,"[""chunk_00066""]","[""ahd5k_04927""]"
Acetyl Salicylic Acid,acetyl salicylic acid,ent_treatment_7e88513b3bf7,Acetyl Salicylic Acid,Treatment,1,"[""chunk_00088""]","[""ahd5k_03846""]"
AspicotK,aspicotk,ent_treatment_441dfb50ce30,AspicotK,Treatment,1,"[""chunk_00088""]","[""ahd5k_03846""]"
carbimazole,carbimazole,ent_treatment_4e4b38e6ff32,كاربيمازول,Treatment,0,"[""chunk_00158""]","[""ahd5k_02203""]"
Dabigatran,dabigatran,ent_treatment_b3c222de947d,Dabigatran,Treatment,1,"[""chunk_00088""]","[""ahd5k_03846""]"
Deyamethasone,deyamethasone,ent_treatment_183e85947f1d,Deyamethasone,Treatment,1,"[""chunk_00147""]","[""ahd5k_03790""]"
euthyrox,euthyrox,ent_treatment_43dc015d2c81,euthyrox,Treatment,1,"[""chunk_00164""]","[""ahd5k_03761""]"
Euthyrox25,euthyrox25,ent_treatment_f9afb64b4575,Euthyrox25,Treatment,1,"[""chunk_00161""]","[""ahd5k_00772""]"
GLUCOVIG,glucovig,ent_treatment_3ca399102196,GLUCOVIG,Treatment,1,"[""chunk_00161""]","[""ahd5k_00772""]"
Iodine-131,iodine-131,ent_treatment_4d680c503ac2,Radioactive Iodine,Treatment,0,"[""chunk_00171""]","[""ahd5k_03963""]"
IVF,ivf,ent_treatment_318e308e2e2c,IVF,Treatment,1,"[""chunk_00094""]","[""ahd5k_01925""]"
levothyrox25,levothyrox25,ent_treatment_08325dd63292,ثيروكسين,Treatment,1,"[""chunk_00158""]","[""ahd5k_03769""]"
MG 180 lITHOGINKGO,mg 180 lithoginkgo,ent_treatment_9a6b401143ed,مكمل غدائي,Treatment,0,"[""chunk_00018""]","[""ahd5k_03753""]"
Radioactive Iodine,radioactive iodine,ent_treatment_4d680c503ac2,Radioactive Iodine,Treatment,0,"[""chunk_00171""]","[""ahd5k_03963""]"
T4,t4,ent_treatment_21722b3a3cbc,Tiroxine,Treatment,0,"[""chunk_00171""]","[""ahd5k_03831""]"
Tiroxine,tiroxine,ent_treatment_21722b3a3cbc,Tiroxine,Treatment,1,"[""chunk_00171""]","[""ahd5k_03831""]"
Vit D,vit d,ent_treatment_7197c00f491c,Vitamin D,Treatment,0,"[""chunk_00171""]","[""ahd5k_04342""]"
vitamin b complex,vitamin b complex,ent_treatment_1479a48d3d42,الدواء,Treatment,1,"[""chunk_00118""]","[""ahd5k_03474""]"
Vitamin D,vitamin d,ent_treatment_7197c00f491c,Vitamin D,Treatment,0,"[""chunk_00171""]","[""ahd5k_04342""]"
أبر جاهزة للحقن,ابر جاهزه للحقن,ent_treatment_307befae7768,أبر جاهزة للحقن,Treatment,1,"[""chunk_00071""]","[""ahd5k_04895""]"
أبيتنانت,ابيتنانت,ent_treatment_cb5aeb58976f,أبيتنانت,Treatment,1,"[""chunk_00107""]","[""ahd5k_01824""]"
أدوية بالفم,ادويه بالفم,ent_treatment_b036153000f8,أدوية بالفم,Treatment,1,"[""chunk_00071""]","[""ahd5k_04895""]"
اسبرين,اسبرين,ent_treatment_07bda7f8e857,توبيراميت,Treatment,0,"[""chunk_00154""]","[""ahd5k_01266""]"
اسبرين,اسبرين,ent_treatment_b333a867faf6,الأسبرين,Treatment,2,"[""chunk_00032"", ""chunk_00078""]","[""ahd5k_02905"", ""ahd5k_03085""]"
استئصال,استيصال,ent_treatment_d7c4801b256d,استئصال الإصبع السادسة,Treatment,0,"[""chunk_00046""]","[""ahd5k_02907""]"
استئصال الإصبع السادسة,استيصال الاصبع السادسه,ent_treatment_d7c4801b256d,استئصال الإصبع السادسة,Treatment,1,"[""chunk_00046""]","[""ahd5k_02907""]"
استئصال المرارة,استيصال المراره,ent_treatment_543034bf73f8,استئصال المرارة,Treatment,1,"[""chunk_00178""]","[""ahd5k_04916""]"
استئصال المرارة الجراحي,استيصال المراره الجراحي,ent_treatment_543034bf73f8,استئصال المرارة,Treatment,0,"[""chunk_00178""]","[""ahd5k_04916""]"
افاستين,افاستين,ent_treatment_cfd58ff106a6,افاستين,Treatment,1,"[""chunk_00032""]","[""ahd5k_03085""]"
أكليل الجبل,اكليل الجبل,ent_treatment_84e0992b5157,شاي الأعشاب,Treatment,1,"[""chunk_00135""]","[""ahd5k_01394""]"
اكليل الجبل,اكليل الجبل,ent_treatment_fd42eb263b89,اكليل الجبل,Treatment,1,"[""chunk_00012""]","[""ahd5k_04015""]"
الاخذ التاريخ,الاخذ التاريخ,ent_treatment_ad98d6688d4a,التقيم,Treatment,0,"[""chunk_00160""]","[""ahd5k_04611""]"
الادوات,الادوات,ent_treatment_3c3b0b18ce4a,الادوات,Treatment,1,"[""chunk_00039""]","[""ahd5k_04866""]"
الأسبرين,الاسبرين,ent_treatment_b333a867faf6,الأسبرين,Treatment,0,"[""chunk_00032"", ""chunk_00048"", ""chunk_00078"", ""chunk_00079"", ""chunk_00181""]","[""ahd5k_02507"", ""ahd5k_02732"", ""ahd5k_02905"", ""ahd5k_03085"", ""ahd5k_03696""]"
الاسبرين,الاسبرين,ent_treatment_b333a867faf6,الأسبرين,Treatment,1,"[""chunk_00181""]","[""ahd5k_02732""]"
الأسبرين + البلافيكس,الاسبرين + البلافيكس,ent_treatment_b333a867faf6,الأسبرين,Treatment,1,"[""chunk_00079""]","[""ahd5k_03696""]"
الاستئصال الجراحي,الاستيصال الجراحي,ent_treatment_2622a2a540cb,الاستئصال الجراحي,Treatment,1,"[""chunk_00033""]","[""ahd5k_02313""]"
الأسماك الدهنية,الاسماك الدهنيه,ent_treatment_f5972d4787bd,الأسماك الدهنية,Treatment,1,"[""chunk_00145""]","[""ahd5k_04616""]"
الافطار,الافطار,ent_treatment_e10588af6bf0,الافطار,Treatment,1,"[""chunk_00154""]","[""ahd5k_04065""]"
الاقاحات المضادة,الاقاحات المضاده,ent_treatment_621e99ad2c91,الاقاحات المضادة,Treatment,1,"[""chunk_00198""]","[""ahd5k_02528""]"
الاكثار من شرب الماء,الاكثار من شرب الماء,ent_treatment_839837a8561b,الاكثار من شرب الماء,Treatment,1,"[""chunk_00076""]","[""ahd5k_04706""]"
الامتناع عن اعطاء أي أطعمة أو سوائل عن طريق الفم,الامتناع عن اعطاء اي اطعمه او سوايل عن طريق الفم,ent_treatment_103a7b1accd7,الامتناع عن اعطاء أي أطعمة أو سوائل عن طريق الفم,Treatment,1,"[""chunk_00178""]","[""ahd5k_04916""]"
الامتناع عن تناول الطعام,الامتناع عن تناول الطعام,ent_treatment_103a7b1accd7,الامتناع عن اعطاء أي أطعمة أو سوائل عن طريق الفم,Treatment,0,"[""chunk_00178""]","[""ahd5k_04916""]"
الاندرال,الاندرال,ent_treatment_9318db295dde,الاندرال,Treatment,1,"[""chunk_00077""]","[""ahd5k_00189""]"
الانعاش القلبي الرئوي,الانعاش القلبي الريوي,ent_treatment_cd8907496d4c,الانعاش القلبي الرئوي,Treatment,1,"[""chunk_00193""]","[""ahd5k_03232""]"
الايزوتريتينوين,الايزوتريتينوين,ent_treatment_039793a12776,الايزوتريتينوين,Treatment,1,"[""chunk_00019""]","[""ahd5k_03258""]"
البابونج,البابونج,ent_treatment_84e0992b5157,شاي الأعشاب,Treatment,1,"[""chunk_00135""]","[""ahd5k_01394""]"
البرتقال,البرتقال,ent_treatment_84e0992b5157,شاي الأعشاب,Treatment,1,"[""chunk_00135""]","[""ahd5k_01394""]"
البردقوش,البردقوش,ent_treatment_fc32e4036e25,البردقوش,Treatment,2,"[""chunk_00012"", ""chunk_00014""]","[""ahd5k_01330"", ""ahd5k_04015""]"
البروفين,البروفين,ent_treatment_c93941cf1d98,البروفين,Treatment,1,"[""chunk_00142""]","[""ahd5k_00486""]"
البريمولوت ن,البريمولوت ن,ent_treatment_891f5d08fec8,البريمولوت ن,Treatment,1,"[""chunk_00146""]","[""ahd5k_00439""]"
البقدونس,البقدونس,ent_treatment_c91b15de897a,البقدونس,Treatment,1,"[""chunk_00012""]","[""ahd5k_04015""]"
البليلة,البليله,ent_treatment_84e0992b5157,شاي الأعشاب,Treatment,1,"[""chunk_00135""]","[""ahd5k_01394""]"
التبرع,التبرع,ent_treatment_3677ba04b27f,التبرع بالدم,Treatment,0,"[""chunk_00060""]","[""ahd5k_03281""]"
التبرع بالدم,التبرع بالدم,ent_treatment_3677ba04b27f,التبرع بالدم,Treatment,0,"[""chunk_00060""]","[""ahd5k_03281""]"
التروكسين,التروكسين,ent_treatment_3fd682796ae8,التروكسين,Treatment,1,"[""chunk_00169""]","[""ahd5k_00035""]"
التغذية,التغذيه,ent_treatment_451ebfb7cce2,التغذية,Treatment,1,"[""chunk_00114""]","[""ahd5k_02966""]"
التغذية بالأنبوب,التغذيه بالانبوب,ent_treatment_f3a613a63534,التغذية بالأنبوب,Treatment,1,"[""chunk_00144""]","[""ahd5k_01783""]"
التفاح,التفاح,ent_treatment_02bcaecf1a7e,التفاح,Treatment,1,"[""chunk_00145""]","[""ahd5k_04616""]"
التفريش,التفريش,ent_treatment_48d78ab2fe1d,التفريش,Treatment,1,"[""chunk_00114""]","[""ahd5k_02966""]"
التقيم,التقيم,ent_treatment_ad98d6688d4a,التقيم,Treatment,1,"[""chunk_00160""]","[""ahd5k_04611""]"
التلقيح الاصطناعي,التلقيح الاصطناعي,ent_treatment_38ccbae05698,التلقيح الاصطناعي,Treatment,1,"[""chunk_00096""]","[""ahd5k_02139""]"
الجراحة,الجراحه,ent_treatment_e8807cc4d324,الجراحة,Treatment,1,"[""chunk_00047""]","[""ahd5k_04047""]"
الجراحة التجميلية,الجراحه التجميليه,ent_treatment_5b2a681074cf,الجراحة التجميلية,Treatment,1,"[""chunk_00008""]","[""ahd5k_01190""]"
الجرعات الثلاثه,الجرعات الثلاثه,ent_treatment_06f93bf4dc11,الجرعات الثلاثه,Treatment,1,"[""chunk_00050""]","[""ahd5k_00597""]"
الجرعة,الجرعه,ent_treatment_574f7ec272a2,الجرعة,Treatment,1,"[""chunk_00143""]","[""ahd5k_01831""]"
الجرعة,الجرعه,ent_treatment_72992721d87a,جرعة,Treatment,0,"[""chunk_00018"", ""chunk_00106"", ""chunk_00162"", ""chunk_00167""]","[""ahd5k_00372"", ""ahd5k_00791"", ""ahd5k_01491"", ""ahd5k_01750"", ""ahd5k_02200"", ""ahd5k_03516"", ""ahd5k_03753"", ""ahd5k_04258""]"
الجعة,الجعه,ent_treatment_72992721d87a,جرعة,Treatment,0,"[""chunk_00018"", ""chunk_00106"", ""chunk_00162"", ""chunk_00167""]","[""ahd5k_00372"", ""ahd5k_00791"", ""ahd5k_01491"", ""ahd5k_01750"", ""ahd5k_02200"", ""ahd5k_03516"", ""ahd5k_03753"", ""ahd5k_04258""]"
الجماع,الجماع,ent_treatment_43cdb9f8f206,الجماع,Treatment,1,"[""chunk_00149""]","[""ahd5k_03563""]"
الجمل الأبيض,الجمل الابيض,ent_treatment_77e8744fec6a,فجل أبيض,Treatment,1,"[""chunk_00043""]","[""ahd5k_00643""]"
الجنين,الجنين,ent_treatment_f7646981eb0a,الجنين,Treatment,2,"[""chunk_00156""]","[""ahd5k_03455"", ""ahd5k_04815""]"
الجوارب,الجوارب,ent_treatment_d4184001686f,الجوارب,Treatment,1,"[""chunk_00089""]","[""ahd5k_02818""]"
الجيب اللثوي,الجيب اللثوي,ent_treatment_f60ee3a3269a,الجيب اللثوي,Treatment,1,"[""chunk_00121""]","[""ahd5k_02986""]"
الجينسينغ,الجينسينغ,ent_treatment_edb14dbd221a,الجينسينغ,Treatment,1,"[""chunk_00145""]","[""ahd5k_04616""]"
الحبوب منع الحمل,الحبوب منع الحمل,ent_treatment_3bca745f3196,الحبوب منع الحمل,Treatment,1,"[""chunk_00099""]","[""ahd5k_03809""]"
الحديد,الحديد,ent_treatment_db445915b47d,الحديد,Treatment,0,"[""chunk_00100""]","[""ahd5k_03707""]"
الحقن المجهري,الحقن المجهري,ent_treatment_38ccbae05698,التلقيح الاصطناعي,Treatment,0,"[""chunk_00096""]","[""ahd5k_02139""]"
الخردل,الخردل,ent_treatment_84e0992b5157,شاي الأعشاب,Treatment,1,"[""chunk_00135""]","[""ahd5k_01394""]"
الخزام,الخزام,ent_treatment_84e0992b5157,شاي الأعشاب,Treatment,1,"[""chunk_00135""]","[""ahd5k_01394""]"
الخضار,الخضار,ent_treatment_2b917ff56ac9,الخضار,Treatment,1,"[""chunk_00137""]","[""ahd5k_04817""]"
الدواء,الدواء,ent_treatment_1479a48d3d42,الدواء,Treatment,1,"[""chunk_00183""]","[""ahd5k_03807""]"
الدوخة,الدوخه,ent_treatment_d017757dbf16,الدوخة,Treatment,1,"[""chunk_00069""]","[""ahd5k_04701""]"
الديم,الديم,ent_treatment_389c673b9b0c,الديم,Treatment,1,"[""chunk_00179""]","[""ahd5k_04751""]"
الرضاعة,الرضاعه,ent_treatment_aa15c31ba83e,الرضاعة الطبيعية,Treatment,0,"[""chunk_00110""]","[""ahd5k_02532""]"
الرضاعة الطبيعية,الرضاعه الطبيعيه,ent_treatment_aa15c31ba83e,الرضاعة الطبيعية,Treatment,1,"[""chunk_00110""]","[""ahd5k_02532""]"
الروتيكسيماب,الروتيكسيماب,ent_treatment_0d20da4fd766,الروتيكسيماب,Treatment,2,"[""chunk_00057""]","[""ahd5k_00203""]"
الرياضة,الرياضه,ent_treatment_8f18706cd796,الرياضة,Treatment,2,"[""chunk_00008"", ""chunk_00137""]","[""ahd5k_01190"", ""ahd5k_04817""]"
الزعتر,الزعتر,ent_treatment_84e0992b5157,شاي الأعشاب,Treatment,1,"[""chunk_00135""]","[""ahd5k_01394""]"
الزنجبيل,الزنجبيل,ent_treatment_639e625fe991,الزنجبيل,Treatment,3,"[""chunk_00012"", ""chunk_00088"", ""chunk_00142""]","[""ahd5k_00486"", ""ahd5k_03223"", ""ahd5k_04015""]"
الزيتون,الزيتون,ent_treatment_84e0992b5157,شاي الأعشاب,Treatment,1,"[""chunk_00135""]","[""ahd5k_01394""]"
السبع زيوت,السبع زيوت,ent_treatment_9a34f0ba812d,السبع زيوت,Treatment,1,"[""chunk_00062""]","[""ahd5k_04408""]"
السوائل,السوايل,ent_treatment_b7e7fb09dd09,السوائل,Treatment,2,"[""chunk_00038"", ""chunk_00199""]","[""ahd5k_03468"", ""ahd5k_04919""]"
السوائل والأملاح,السوايل والاملاح,ent_treatment_7df0ceb5a906,السوائل والأملاح,Treatment,1,"[""chunk_00069""]","[""ahd5k_04701""]"
السيبروكسين,السيبروكسين,ent_treatment_477b80e9a19a,السيبروكسين,Treatment,1,"[""chunk_00183""]","[""ahd5k_04052""]"
الشمس,الشمس,ent_treatment_dcbc13cd571f,الشمس,Treatment,1,"[""chunk_00106""]","[""ahd5k_03516""]"
الشمع,الشمع,ent_treatment_06010a2495f7,الشمع,Treatment,1,"[""chunk_00119""]","[""ahd5k_00315""]"
الشوكولاته,الشوكولاته,ent_treatment_604cc35281be,الشوكولاته,Treatment,1,"[""chunk_00145""]","[""ahd5k_04616""]"
الصدمة الكهربائية,الصدمه الكهرباييه,ent_treatment_fb3321acf9db,الصدمة الكهربائية,Treatment,1,"[""chunk_00193""]","[""ahd5k_00235""]"
الطبيب,الطبيب,ent_treatment_450cbdcb87da,الطبيب,Treatment,1,"[""chunk_00039""]","[""ahd5k_04866""]"
الطعام,الطعام,ent_treatment_60ce765ad441,الطعام,Treatment,1,"[""chunk_00097""]","[""ahd5k_01128""]"
العدس,العدس,ent_treatment_612c88f2b060,العدس,Treatment,1,"[""chunk_00145""]","[""ahd5k_04616""]"
العقاقير,العقاقير,ent_treatment_a0a8ee46502f,العقاقير,Treatment,1,"[""chunk_00196""]","[""ahd5k_03242""]"
العقاقير المضادة للذهان,العقاقير المضاده للذهان,ent_treatment_b5d6db6d8c42,العقاقير المضادة للذهان,Treatment,1,"[""chunk_00144""]","[""ahd5k_03579""]"
العلاج,العلاج,ent_treatment_90baddc0bf15,العلاج,Treatment,2,"[""chunk_00117"", ""chunk_00172""]","[""ahd5k_00666"", ""ahd5k_04490""]"
العلاج الطبيعي,العلاج الطبيعي,ent_treatment_afbe4f3ae93f,العلاج الطبيعي,Treatment,1,"[""chunk_00033""]","[""ahd5k_01221""]"
العلاج بالإبر الصينية,العلاج بالابر الصينيه,ent_treatment_e7f992c031a2,العلاج بالإبر الصينية,Treatment,1,"[""chunk_00033""]","[""ahd5k_01221""]"
العلاج بالجراحة,العلاج بالجراحه,ent_treatment_f4382c9333bb,العلاج بالجراحة,Treatment,1,"[""chunk_00033""]","[""ahd5k_00261""]"
العلاج بالليزر,العلاج بالليزر,ent_treatment_f5d29134c577,العلاج بالليزر,Treatment,1,"[""chunk_00011""]","[""ahd5k_04697""]"
العمليات القلبية المفتوحة,العمليات القلبيه المفتوحه,ent_treatment_2223a55c026b,العمليات القلبية المفتوحة,Treatment,0,"[""chunk_00081""]","[""ahd5k_02957""]"
الفاليريانا,الفاليريانا,ent_treatment_84e0992b5157,شاي الأعشاب,Treatment,1,"[""chunk_00135""]","[""ahd5k_01394""]"
الفواكة,الفواكه,ent_treatment_903a54038c7e,الفواكة,Treatment,1,"[""chunk_00137""]","[""ahd5k_04817""]"
الفياغرا,الفياغرا,ent_treatment_3142ddcc1955,الفياغرا,Treatment,1,"[""chunk_00035""]","[""ahd5k_04451""]"
الفيتامين B12,الفيتامين b12,ent_treatment_db445915b47d,الحديد,Treatment,0,"[""chunk_00100""]","[""ahd5k_03707""]"
الفيتامين B6,الفيتامين b6,ent_treatment_db445915b47d,الحديد,Treatment,0,"[""chunk_00100""]","[""ahd5k_03707""]"
القات,القات,ent_treatment_fe7b9cfab843,القات,Treatment,1,"[""chunk_00061""]","[""ahd5k_01551""]"
القرفة,القرفه,ent_treatment_895d0d591838,القرفة,Treatment,1,"[""chunk_00012""]","[""ahd5k_04015""]"
القهوة,القهوه,ent_treatment_249018a21aa8,القهوة,Treatment,1,"[""chunk_00119""]","[""ahd5k_00315""]"
الكحول,الكحول,ent_treatment_9faa6531b364,الكحول,Treatment,2,"[""chunk_00045""]","[""ahd5k_04509""]"
الكرفس,الكرفس,ent_treatment_2cb98decc0ee,الكرفس,Treatment,1,"[""chunk_00012""]","[""ahd5k_04015""]"
الكركديه,الكركديه,ent_treatment_84e0992b5157,شاي الأعشاب,Treatment,1,"[""chunk_00135""]","[""ahd5k_01394""]"
الكركم,الكركم,ent_treatment_550808b4296e,الكركم,Treatment,1,"[""chunk_00008""]","[""ahd5k_03805""]"
الكنيدولا,الكنيدولا,ent_treatment_84e0992b5157,شاي الأعشاب,Treatment,1,"[""chunk_00135""]","[""ahd5k_01394""]"
الكورتيزونات,الكورتيزونات,ent_treatment_acb8b834aff2,الكورتيزونات,Treatment,1,"[""chunk_00033""]","[""ahd5k_01221""]"
اللافندر,اللافندر,ent_treatment_84e0992b5157,شاي الأعشاب,Treatment,1,"[""chunk_00135""]","[""ahd5k_01394""]"
اللحوم,اللحوم,ent_treatment_c8e54783a44f,اللحوم,Treatment,2,"[""chunk_00137"", ""chunk_00145""]","[""ahd5k_04616"", ""ahd5k_04817""]"
اللحوم الحمراء,اللحوم الحمراء,ent_treatment_6066173509fd,اللحوم الحمراء,Treatment,1,"[""chunk_00051""]","[""ahd5k_01005""]"
اللعب,اللعب,ent_treatment_df23e36cac5c,اللعب,Treatment,1,"[""chunk_00097""]","[""ahd5k_01128""]"
اللقاح,اللقاح,ent_treatment_d5946e76d323,اللقاح,Treatment,1,"[""chunk_00050""]","[""ahd5k_00597""]"
الماء,الماء,ent_treatment_328b48423699,الماء,Treatment,1,"[""chunk_00199""]","[""ahd5k_04919""]"
الماء المالح,الماء المالح,ent_treatment_546f9d2d4ff7,الماء المالح,Treatment,1,"[""chunk_00194""]","[""ahd5k_04623""]"
المراجعة الطبيب الأسنان,المراجعه الطبيب الاسنان,ent_treatment_f4876b0a4ac8,المراجعة الطبيب الأسنان,Treatment,0,"[""chunk_00055""]","[""ahd5k_04844""]"
المراجعة الطبيب الأسنان وطبيب أذنية,المراجعه الطبيب الاسنان وطبيب اذنيه,ent_treatment_f4876b0a4ac8,المراجعة الطبيب الأسنان,Treatment,1,"[""chunk_00055""]","[""ahd5k_04844""]"
المراجعة الطبية,المراجعه الطبيه,ent_treatment_1623092039ad,المراجعة الطبية,Treatment,0,"[""chunk_00116""]","[""ahd5k_04356""]"
المردقوش,المردقوش,ent_treatment_84e0992b5157,شاي الأعشاب,Treatment,1,"[""chunk_00135""]","[""ahd5k_01394""]"
المركز العلاجي,المركز العلاجي,ent_treatment_330cd62c6e95,المركز العلاجي,Treatment,0,"[""chunk_00092""]","[""ahd5k_01629""]"
المريمية,المريميه,ent_treatment_84e0992b5157,شاي الأعشاب,Treatment,1,"[""chunk_00135""]","[""ahd5k_01394""]"
المضادات الحيوية,المضادات الحيويه,ent_treatment_6d11b359c485,المضادات الحيوية,Treatment,1,"[""chunk_00198""]","[""ahd5k_01255""]"
المطاعيم,المطاعيم,ent_treatment_19641abdb8c6,المطاعيم,Treatment,1,"[""chunk_00198""]","[""ahd5k_02528""]"
الملفوف,الملفوف,ent_treatment_84e0992b5157,شاي الأعشاب,Treatment,1,"[""chunk_00135""]","[""ahd5k_01394""]"
المهدئات,المهديات,ent_treatment_a0a8ee46502f,العقاقير,Treatment,0,"[""chunk_00196""]","[""ahd5k_03242""]"
الميرمية,الميرميه,ent_treatment_b792fc31b8bb,الميرمية,Treatment,3,"[""chunk_00012"", ""chunk_00020""]","[""ahd5k_01651"", ""ahd5k_04015""]"
النارنج,النارنج,ent_treatment_84e0992b5157,شاي الأعشاب,Treatment,1,"[""chunk_00135""]","[""ahd5k_01394""]"
النضاد الحيوي,النضاد الحيوي,ent_treatment_ab5802cc2c0c,النضاد الحيوي,Treatment,0,"[""chunk_00111""]","[""ahd5k_02569""]"
النظافة اليومية,النظافه اليوميه,ent_treatment_948c17b9713d,النظافة اليومية,Treatment,1,"[""chunk_00114""]","[""ahd5k_02966""]"
النعناع,النعناع,ent_treatment_84e0992b5157,شاي الأعشاب,Treatment,1,"[""chunk_00135""]","[""ahd5k_01394""]"
النواقل,النواقل,ent_treatment_328642ab84d2,النواقل,Treatment,1,"[""chunk_00039""]","[""ahd5k_04866""]"
النوم جيداً,النوم جيدا,ent_treatment_df97f5e24856,النوم جيداً,Treatment,1,"[""chunk_00137""]","[""ahd5k_04817""]"
الهندباء البرية,الهندباء البريه,ent_treatment_84e0992b5157,شاي الأعشاب,Treatment,1,"[""chunk_00135""]","[""ahd5k_01394""]"
الوجبة الإفطار,الوجبه الافطار,ent_treatment_2c9d8c42194b,الوجبة الإفطار,Treatment,0,"[""chunk_00069""]","[""ahd5k_04701""]"
اليانسون,اليانسون,ent_treatment_84e0992b5157,شاي الأعشاب,Treatment,1,"[""chunk_00135""]","[""ahd5k_01394""]"
أنبوب,انبوب,ent_treatment_f3a613a63534,التغذية بالأنبوب,Treatment,0,"[""chunk_00144""]","[""ahd5k_01783""]"
اندرال,اندرال,ent_treatment_9318db295dde,الاندرال,Treatment,0,"[""chunk_00077""]","[""ahd5k_00189""]"
اورليستات,اورليستات,ent_treatment_60057f719d6c,اورليستات,Treatment,1,"[""chunk_00141""]","[""ahd5k_03627""]"
اوميبرازول,اوميبرازول,ent_treatment_c97970fb458a,اوميبرازول,Treatment,1,"[""chunk_00015""]","[""ahd5k_04382""]"
ايزومبرازول,ايزومبرازول,ent_treatment_90996a0e2d01,ايزومبرازول,Treatment,1,"[""chunk_00190""]","[""ahd5k_01066""]"
بابونج,بابونج,ent_treatment_91cb532e35c6,بابونج,Treatment,1,"[""chunk_00013""]","[""ahd5k_02556""]"
باندول فولت فاست,باندول فولت فاست,ent_treatment_2466e618d2bf,باندول فولت فاست,Treatment,1,"[""chunk_00124""]","[""ahd5k_00222""]"
بخاخات الماء والملح,بخاخات الماء والملح,ent_treatment_34b849dbecc0,بخاخات الماء والملح,Treatment,1,"[""chunk_00108""]","[""ahd5k_04444""]"
برامج رقية,برامج رقيه,ent_treatment_53d2565c0b22,برامج رقية,Treatment,1,"[""chunk_00022""]","[""ahd5k_03444""]"
بروبايوتيك,بروبايوتيك,ent_treatment_d440760c4700,بروبايوتيك,Treatment,1,"[""chunk_00112""]","[""ahd5k_04907""]"
بروفين,بروفين,ent_treatment_8b9727a6ed45,بروفين,Treatment,1,"[""chunk_00032""]","[""ahd5k_03085""]"
بريمولوت ن,بريمولوت ن,ent_treatment_02841a5b9786,بريمولوت ن,Treatment,1,"[""chunk_00146""]","[""ahd5k_00439""]"
بقلة يوحنا,بقله يوحنا,ent_treatment_84e0992b5157,شاي الأعشاب,Treatment,1,"[""chunk_00135""]","[""ahd5k_01394""]"
بكتيفلوكس,بكتيفلوكس,ent_treatment_c2daec36c810,بكتيفلوكس,Treatment,1,"[""chunk_00188""]","[""ahd5k_03524""]"
بلافكس,بلافكس,ent_treatment_af4d4bb1722f,بلافكس,Treatment,0,"[""chunk_00181""]","[""ahd5k_02732""]"
بنسلين,بنسلين,ent_treatment_70be4452db30,بنسلين,Treatment,1,"[""chunk_00001""]","[""ahd5k_03626""]"
بنسيلين,بنسيلين,ent_treatment_46930d71ed57,بنسيلين,Treatment,0,"[""chunk_00198""]","[""ahd5k_01255""]"
بيبي اسبرين,بيبي اسبرين,ent_treatment_b333a867faf6,الأسبرين,Treatment,0,"[""chunk_00032"", ""chunk_00048"", ""chunk_00078"", ""chunk_00079"", ""chunk_00181""]","[""ahd5k_02507"", ""ahd5k_02732"", ""ahd5k_02905"", ""ahd5k_03085"", ""ahd5k_03696""]"
بيفاسيزوماب,بيفاسيزوماب,ent_treatment_5ea001fbe018,بيفاسيزوماب,Treatment,1,"[""chunk_00032""]","[""ahd5k_03085""]"
تبديل الصمامات,تبديل الصمامات,ent_treatment_9a36b616695e,تبديل الصمامات,Treatment,1,"[""chunk_00081""]","[""ahd5k_02957""]"
تبديل صمام,تبديل صمام,ent_treatment_9a36b616695e,تبديل الصمامات,Treatment,0,"[""chunk_00081""]","[""ahd5k_02957""]"
تبييض,تبييض,ent_treatment_07c97c044791,تبييض,Treatment,0,"[""chunk_00120""]","[""ahd5k_01878""]"
تجنب المنتجات التي تحوي جلوتين,تجنب المنتجات التي تحوي جلوتين,ent_treatment_cbf0b7b10d4f,تجنب المنتجات التي تحوي جلوتين,Treatment,1,"[""chunk_00006""]","[""ahd5k_00812""]"
تدليك القلب,تدليك القلب,ent_treatment_57dc56a67c59,تدليك القلب,Treatment,1,"[""chunk_00193""]","[""ahd5k_00235""]"
تستيرون,تستيرون,ent_treatment_bda1067a70d1,تستيرون,Treatment,1,"[""chunk_00019""]","[""ahd5k_03453""]"
تطعيم,تطعيم,ent_treatment_026f10d47b4b,تطعيم,Treatment,1,"[""chunk_00101""]","[""ahd5k_01611""]"
تطويل العظم,تطويل العظم,ent_treatment_5947f4c8a22d,تطويل العظم,Treatment,1,"[""chunk_00155""]","[""ahd5k_02487""]"
تغذية,تغذيه,ent_treatment_451ebfb7cce2,التغذية,Treatment,0,"[""chunk_00114""]","[""ahd5k_02966""]"
تغذية بالأنبوب,تغذيه بالانبوب,ent_treatment_f3a613a63534,التغذية بالأنبوب,Treatment,0,"[""chunk_00144""]","[""ahd5k_01783""]"
تفريش,تفريش,ent_treatment_48d78ab2fe1d,التفريش,Treatment,0,"[""chunk_00114""]","[""ahd5k_02966""]"
تقوية المناعة,تقويه المناعه,ent_treatment_e341edad55d8,تقوية المناعة,Treatment,1,"[""chunk_00006""]","[""ahd5k_02124""]"
تمارين رياضية,تمارين رياضيه,ent_treatment_a3fdf405330a,تمارين رياضية,Treatment,0,"[""chunk_00022""]","[""ahd5k_04986""]"
تنظيف اللثة,تنظيف اللثه,ent_treatment_fca1a888ae57,تنظيف اللثة,Treatment,1,"[""chunk_00114""]","[""ahd5k_02966""]"
توبيراميت,توبيراميت,ent_treatment_07bda7f8e857,توبيراميت,Treatment,1,"[""chunk_00154""]","[""ahd5k_01266""]"
تيليفاست,تيليفاست,ent_treatment_104bb0a91d5a,تيليفاست,Treatment,1,"[""chunk_00127""]","[""ahd5k_02470""]"
ثلج,ثلج,ent_treatment_e77b8748ec09,ثلج,Treatment,1,"[""chunk_00199""]","[""ahd5k_04919""]"
ثيروكسين,ثيروكسين,ent_treatment_08325dd63292,ثيروكسين,Treatment,0,"[""chunk_00158""]","[""ahd5k_03769""]"
جراح,جراح,ent_treatment_469e39fc5835,جراح عظام,Treatment,0,"[""chunk_00046""]","[""ahd5k_02907""]"
جراح,جراح,ent_treatment_b8cee9c1b337,جراح التجميل,Treatment,0,"[""chunk_00046""]","[""ahd5k_03031""]"
جراح التجميل,جراح التجميل,ent_treatment_b8cee9c1b337,جراح التجميل,Treatment,1,"[""chunk_00046""]","[""ahd5k_03031""]"
جراح عظام,جراح عظام,ent_treatment_469e39fc5835,جراح عظام,Treatment,1,"[""chunk_00046""]","[""ahd5k_02907""]"
جراحة,جراحه,ent_treatment_e8807cc4d324,الجراحة,Treatment,0,"[""chunk_00047""]","[""ahd5k_04047""]"
جرعة,جرعه,ent_treatment_574f7ec272a2,الجرعة,Treatment,0,"[""chunk_00143""]","[""ahd5k_01831""]"
جرعة,جرعه,ent_treatment_72992721d87a,جرعة,Treatment,2,"[""chunk_00106"", ""chunk_00162""]","[""ahd5k_02200"", ""ahd5k_03516""]"
جرعة تيروكسين,جرعه تيروكسين,ent_treatment_72992721d87a,جرعة,Treatment,0,"[""chunk_00018"", ""chunk_00106"", ""chunk_00162"", ""chunk_00167""]","[""ahd5k_00372"", ""ahd5k_00791"", ""ahd5k_01491"", ""ahd5k_01750"", ""ahd5k_02200"", ""ahd5k_03516"", ""ahd5k_03753"", ""ahd5k_04258""]"
جنين القمح,جنين القمح,ent_treatment_84e0992b5157,شاي الأعشاب,Treatment,1,"[""chunk_00135""]","[""ahd5k_01394""]"
جهاز هولتر,جهاز هولتر,ent_treatment_dcc37cc6936c,جهاز هولتر,Treatment,1,"[""chunk_00066""]","[""ahd5k_04742""]"
حبه امادول,حبه امادول,ent_treatment_5ceca1d872a8,حبه امادول,Treatment,1,"[""chunk_00194""]","[""ahd5k_04623""]"
حبوب الأسبرين,حبوب الاسبرين,ent_treatment_470ecec01368,حبوب الأسبرين,Treatment,1,"[""chunk_00051""]","[""ahd5k_01005""]"
حبوب او شوفان,حبوب او شوفان,ent_treatment_e10588af6bf0,الافطار,Treatment,0,"[""chunk_00154""]","[""ahd5k_04065""]"
حبوب اوميجا 3,حبوب اوميجا 3,ent_treatment_62b0f0db0c20,حبوب اوميجا 3,Treatment,1,"[""chunk_00107""]","[""ahd5k_03828""]"
حبوب تخسيس الوزن,حبوب تخسيس الوزن,ent_treatment_6e2eca7e0846,حبوب تخسيس الوزن,Treatment,1,"[""chunk_00154""]","[""ahd5k_00127""]"
حبوب حامض الفوليك,حبوب حامض الفوليك,ent_treatment_ad1d7aa378fb,حبوب حامض الفوليك,Treatment,1,"[""chunk_00095""]","[""ahd5k_04038""]"
حبوب مغنيسيوم,حبوب مغنيسيوم,ent_treatment_25ad5edaca54,حبوب مغنيسيوم,Treatment,1,"[""chunk_00032""]","[""ahd5k_01924""]"
حجامة,حجامه,ent_treatment_b67abf88ef76,حجامة,Treatment,1,"[""chunk_00009""]","[""ahd5k_03307""]"
حشوة,حشوه,ent_treatment_b16a545c0e9c,حشوة,Treatment,1,"[""chunk_00122""]","[""ahd5k_04154""]"
حشوة الأسنان,حشوه الاسنان,ent_treatment_b16a545c0e9c,حشوة,Treatment,0,"[""chunk_00122""]","[""ahd5k_04154""]"
حشيشة الملاك,حشيشه الملاك,ent_treatment_c2ead061e2d0,حشيشة الملاك,Treatment,1,"[""chunk_00012""]","[""ahd5k_04015""]"
حليب الام,حليب الام,ent_treatment_f484b8bb62d4,حليب الام,Treatment,1,"[""chunk_00106""]","[""ahd5k_03516""]"
حليب الصويا,حليب الصويا,ent_treatment_3278b7c5cc1b,حليب الصويا,Treatment,1,"[""chunk_00020""]","[""ahd5k_01423""]"
حليب مكسر بروتين الحليب,حليب مكسر بروتين الحليب,ent_treatment_0311bc90ba75,حليب مكسر بروتين الحليب,Treatment,1,"[""chunk_00002""]","[""ahd5k_00020""]"
حمض الفوليك,حمض الفوليك,ent_treatment_db445915b47d,الحديد,Treatment,1,"[""chunk_00100""]","[""ahd5k_03707""]"
خافض حرارة,خافض حراره,ent_treatment_be514bea14bc,خافض حراره,Treatment,1,"[""chunk_00102""]","[""ahd5k_04651""]"
خافض حراره,خافض حراره,ent_treatment_be514bea14bc,خافض حراره,Treatment,1,"[""chunk_00101""]","[""ahd5k_01611""]"
خلطة الريحان و الروزماري,خلطه الريحان و الروزماري,ent_treatment_48712ae621b5,خلطة الريحان و الروزماري,Treatment,1,"[""chunk_00022""]","[""ahd5k_04612""]"
خلطة العسل والفوقص الحوصلي والغذاء الملكي والعكبر والقسط الهندي,خلطه العسل والفوقص الحوصلي والغذاء الملكي والعكبر والقسط الهندي,ent_treatment_982172163039,خلطة العسل والفوقص الحوصلي والغذاء الملكي والعكبر والقسط الهندي,Treatment,1,"[""chunk_00022""]","[""ahd5k_04779""]"
دايت ماكس,دايت ماكس,ent_treatment_1e3baddafc66,سيبوترامين,Treatment,0,"[""chunk_00141""]","[""ahd5k_03627""]"
دعامة عادية,دعامه عاديه,ent_treatment_8726a85ab84a,مركب دعامة عادية,Treatment,0,"[""chunk_00087""]","[""ahd5k_03801""]"
دكتور جهاز هضمي,دكتور جهاز هضمي,ent_treatment_85b33c000a00,دكتور جهاز هضمي,Treatment,1,"[""chunk_00187""]","[""ahd5k_02673""]"
دواء اخر,دواء اخر,ent_treatment_f53e37e03bcf,دواء اخر,Treatment,1,"[""chunk_00190""]","[""ahd5k_04948""]"
دواء الpradaxa,دواء الpradaxa,ent_treatment_fe1881a70477,دواء الpradaxa,Treatment,1,"[""chunk_00088""]","[""ahd5k_03846""]"
دواء تلفاست أ سيرين,دواء تلفاست ا سيرين,ent_treatment_9b5bfe80cea0,دواء تلفاست أ سيرين,Treatment,1,"[""chunk_00129""]","[""ahd5k_02023""]"
روتيكزيماب,روتيكزيماب,ent_treatment_0d20da4fd766,الروتيكسيماب,Treatment,0,"[""chunk_00057""]","[""ahd5k_00203""]"
روفسوفاستاتين,روفسوفاستاتين,ent_treatment_1a95beeb72ce,روفسوفاستاتين,Treatment,1,"[""chunk_00077""]","[""ahd5k_01375""]"
زراعة,زراعه,ent_treatment_cd6803651137,زراعة,Treatment,1,"[""chunk_00122""]","[""ahd5k_03032""]"
زراعة السن,زراعه السن,ent_treatment_cd6803651137,زراعة,Treatment,0,"[""chunk_00122""]","[""ahd5k_03032""]"
زيت الحبة السوداء,زيت الحبه السوداء,ent_treatment_677fdfb3086e,زيت الحبة السوداء,Treatment,1,"[""chunk_00014""]","[""ahd5k_00887""]"
زيت الحلبة,زيت الحلبه,ent_treatment_24d83b12af40,زيت الحلبة,Treatment,4,"[""chunk_00011"", ""chunk_00020""]","[""ahd5k_01292"", ""ahd5k_03104""]"
زيت الحلبه,زيت الحلبه,ent_treatment_24d83b12af40,زيت الحلبة,Treatment,0,"[""chunk_00011"", ""chunk_00020""]","[""ahd5k_01292"", ""ahd5k_03104""]"
زيت الحنظل,زيت الحنظل,ent_treatment_b036b1170044,زيت الحنظل,Treatment,1,"[""chunk_00010""]","[""ahd5k_04473""]"
زيت الزيتون,زيت الزيتون,ent_treatment_7dcc65be78f8,زيت الزيتون,Treatment,2,"[""chunk_00014"", ""chunk_00147""]","[""ahd5k_04001"", ""ahd5k_04761""]"
زيت اللوز المر,زيت اللوز المر,ent_treatment_126db3468e93,زيت اللوز المر,Treatment,1,"[""chunk_00146""]","[""ahd5k_00793""]"
سباستال,سباستال,ent_treatment_b5f12c81a7ee,سباستال,Treatment,1,"[""chunk_00112""]","[""ahd5k_04907""]"
سليماكس,سليماكس,ent_treatment_1e3baddafc66,سيبوترامين,Treatment,0,"[""chunk_00141""]","[""ahd5k_03627""]"
سوائل,سوايل,ent_treatment_b7e7fb09dd09,السوائل,Treatment,0,"[""chunk_00038"", ""chunk_00199""]","[""ahd5k_03468"", ""ahd5k_04919""]"
سيبروفلوكساسين,سيبروفلوكساسين,ent_treatment_790302b0b1e6,سيبروفلوكساسين,Treatment,0,"[""chunk_00198""]","[""ahd5k_01255""]"
سيبوترامين,سيبوترامين,ent_treatment_1e3baddafc66,سيبوترامين,Treatment,1,"[""chunk_00141""]","[""ahd5k_03627""]"
سيبوترم,سيبوترم,ent_treatment_1e3baddafc66,سيبوترامين,Treatment,0,"[""chunk_00141""]","[""ahd5k_03627""]"
سيلدينافيل,سيلدينافيل,ent_treatment_13b8274bb134,سيلدينافيل,Treatment,1,"[""chunk_00019""]","[""ahd5k_03453""]"
شاي الأعشاب,شاي الاعشاب,ent_treatment_84e0992b5157,شاي الأعشاب,Treatment,1,"[""chunk_00135""]","[""ahd5k_01394""]"
شراب ECHINACEA,شراب echinacea,ent_treatment_c48b0529e8b1,شراب ECHINACEA,Treatment,1,"[""chunk_00006""]","[""ahd5k_02124""]"
طبيب,طبيب,ent_treatment_450cbdcb87da,الطبيب,Treatment,0,"[""chunk_00039"", ""chunk_00131""]","[""ahd5k_00507"", ""ahd5k_00780"", ""ahd5k_01058"", ""ahd5k_03689"", ""ahd5k_04866""]"
طعام,طعام,ent_treatment_60ce765ad441,الطعام,Treatment,0,"[""chunk_00097""]","[""ahd5k_01128""]"
عسل,عسل,ent_treatment_b9702eae5c6a,عسل,Treatment,1,"[""chunk_00197""]","[""ahd5k_00992""]"
عسل طبي,عسل طبي,ent_treatment_b9702eae5c6a,عسل,Treatment,0,"[""chunk_00197""]","[""ahd5k_00992""]"
عسل ملكات النحل,عسل ملكات النحل,ent_treatment_70946505d33a,عسل ملكات النحل,Treatment,1,"[""chunk_00145""]","[""ahd5k_04616""]"
عقاقير,عقاقير,ent_treatment_b5d6db6d8c42,العقاقير المضادة للذهان,Treatment,0,"[""chunk_00144""]","[""ahd5k_03579""]"
عقاقير مضادة للذهان,عقاقير مضاده للذهان,ent_treatment_b5d6db6d8c42,العقاقير المضادة للذهان,Treatment,0,"[""chunk_00144""]","[""ahd5k_03579""]"
علاج,علاج,ent_treatment_72992721d87a,جرعة,Treatment,0,"[""chunk_00018"", ""chunk_00106"", ""chunk_00162"", ""chunk_00167""]","[""ahd5k_00372"", ""ahd5k_00791"", ""ahd5k_01491"", ""ahd5k_01750"", ""ahd5k_02200"", ""ahd5k_03516"", ""ahd5k_03753"", ""ahd5k_04258""]"
علاج نقص الكريات البيضاء,علاج نقص الكريات البيضاء,ent_treatment_6e452ff6ff8f,علاج نقص الكريات البيضاء,Treatment,1,"[""chunk_00059""]","[""ahd5k_02552""]"
عمليات قلبية مفتوحة,عمليات قلبيه مفتوحه,ent_treatment_2223a55c026b,العمليات القلبية المفتوحة,Treatment,0,"[""chunk_00081""]","[""ahd5k_02957""]"
عملية القلب المفتوح,عمليه القلب المفتوح,ent_treatment_e9980cc1f2a6,عملية القلب المفتوح,Treatment,1,"[""chunk_00084""]","[""ahd5k_03015""]"
عمليه توسيع,عمليه توسيع,ent_treatment_4b104e5e7744,عمليه توسيع,Treatment,0,"[""chunk_00090""]","[""ahd5k_03671""]"
عمليه قلب مفتوح,عمليه قلب مفتوح,ent_treatment_d9340b6ee231,عمليه قلب مفتوح,Treatment,1,"[""chunk_00083""]","[""ahd5k_02399""]"
عملية قلب مفتوح,عمليه قلب مفتوح,ent_treatment_e9980cc1f2a6,عملية القلب المفتوح,Treatment,1,"[""chunk_00084""]","[""ahd5k_01294""]"
عمليه نقل شريان,عمليه نقل شريان,ent_treatment_1d3c5ceebc05,عمليه نقل شريان,Treatment,0,"[""chunk_00090""]","[""ahd5k_04900""]"
فاندسيدار,فاندسيدار,ent_treatment_842e12e5a9df,فاندسيدار,Treatment,1,"[""chunk_00190""]","[""ahd5k_00916""]"
فجل أبيض,فجل ابيض,ent_treatment_77e8744fec6a,فجل أبيض,Treatment,1,"[""chunk_00043""]","[""ahd5k_00643""]"
فروتا,فروتا,ent_treatment_1d451938e684,فروتا,Treatment,1,"[""chunk_00109""]","[""ahd5k_00891""]"
فروتا,فروتا,ent_treatment_307b31c3646d,فيتامين أ,Treatment,0,"[""chunk_00109""]","[""ahd5k_00891""]"
فروتا 5 مل,فروتا 5 مل,ent_treatment_1d451938e684,فروتا,Treatment,0,"[""chunk_00109""]","[""ahd5k_00891""]"
فول,فول,ent_treatment_ace11c18f4c4,فول,Treatment,1,"[""chunk_00053""]","[""ahd5k_00696""]"
فول المخمر,فول المخمر,ent_treatment_ace11c18f4c4,فول,Treatment,0,"[""chunk_00053""]","[""ahd5k_00696""]"
فيتامين,فيتامين,ent_treatment_cb5aeb58976f,أبيتنانت,Treatment,0,"[""chunk_00107""]","[""ahd5k_01824""]"
فيتامين أ,فيتامين ا,ent_treatment_307b31c3646d,فيتامين أ,Treatment,1,"[""chunk_00109""]","[""ahd5k_00891""]"
فيتامين بوليفيتال,فيتامين بوليفيتال,ent_treatment_2a81ae8e5fd2,فيتامين بوليفيتال,Treatment,1,"[""chunk_00112""]","[""ahd5k_04642""]"
فيتامين د,فيتامين د,ent_treatment_23b78e4c5546,فيتامين د,Treatment,1,"[""chunk_00104""]","[""ahd5k_02476""]"
فيتامين دي,فيتامين دي,ent_treatment_23b78e4c5546,فيتامين د,Treatment,1,"[""chunk_00110""]","[""ahd5k_01701""]"
فيتامين-د-,فيتامين-د-,ent_treatment_273455224ab7,فيتامين-د-,Treatment,1,"[""chunk_00106""]","[""ahd5k_03516""]"
فينوروتون,فينوروتون,ent_treatment_6528bb63fe9c,فينوروتون,Treatment,1,"[""chunk_00011""]","[""ahd5k_04697""]"
كاربيمازول,كاربيمازول,ent_treatment_4e4b38e6ff32,كاربيمازول,Treatment,1,"[""chunk_00158""]","[""ahd5k_02203""]"
كافاكافا,كافاكافا,ent_treatment_84e0992b5157,شاي الأعشاب,Treatment,1,"[""chunk_00135""]","[""ahd5k_01394""]"
كالسيوم,كالسيوم,ent_treatment_21a74567013d,كالسيوم,Treatment,1,"[""chunk_00104""]","[""ahd5k_02476""]"
كربونات الصودا,كربونات الصودا,ent_treatment_e8d6fe8e2a6a,كربونات الصودا,Treatment,1,"[""chunk_00154""]","[""ahd5k_04065""]"
كريستور,كريستور,ent_treatment_5bbcb8e80aef,كريستور,Treatment,1,"[""chunk_00077""]","[""ahd5k_01375""]"
كلوفينال,كلوفينال,ent_treatment_831958f59880,كلوفينال,Treatment,1,"[""chunk_00077""]","[""ahd5k_01990""]"
كليمين,كليمين,ent_treatment_0faf4c6d9712,كليمين,Treatment,1,"[""chunk_00161""]","[""ahd5k_00772""]"
كورتيزون,كورتيزون,ent_treatment_07bda7f8e857,توبيراميت,Treatment,0,"[""chunk_00154""]","[""ahd5k_01266""]"
كورتيزون,كورتيزون,ent_treatment_843876e28a68,كورتيزون,Treatment,1,"[""chunk_00003""]","[""ahd5k_01231""]"
كي حبة,كي حبه,ent_treatment_06c0f51bf3d5,كي حبة,Treatment,1,"[""chunk_00032""]","[""ahd5k_01924""]"
لصقات,لصقات,ent_treatment_07c97c044791,تبييض,Treatment,1,"[""chunk_00120""]","[""ahd5k_01878""]"
لعب,لعب,ent_treatment_df23e36cac5c,اللعب,Treatment,0,"[""chunk_00097""]","[""ahd5k_01128""]"
لوسنتيس,لوسنتيس,ent_treatment_1ea61807a7b3,لوسنتيس,Treatment,1,"[""chunk_00032""]","[""ahd5k_03085""]"
ماء,ماء,ent_treatment_328b48423699,الماء,Treatment,0,"[""chunk_00199""]","[""ahd5k_04919""]"
ماجريم,ماجريم,ent_treatment_6e2eca7e0846,حبوب تخسيس الوزن,Treatment,0,"[""chunk_00154""]","[""ahd5k_00127""]"
مدر بول,مدر بول,ent_treatment_b6f673a13d6a,مدر بول,Treatment,1,"[""chunk_00141""]","[""ahd5k_03627""]"
مراجعة اخصائية النسائية,مراجعه اخصاييه النساييه,ent_treatment_57825f7a3418,مراجعة اخصائية النسائية,Treatment,1,"[""chunk_00163""]","[""ahd5k_02702""]"
مراقبة ضغط الدم,مراقبه ضغط الدم,ent_treatment_e3821aa5e124,مراقبة ضغط الدم,Treatment,1,"[""chunk_00140""]","[""ahd5k_03423""]"
مركب دعامة عادية,مركب دعامه عاديه,ent_treatment_8726a85ab84a,مركب دعامة عادية,Treatment,0,"[""chunk_00087""]","[""ahd5k_03801""]"
مركز علاجي,مركز علاجي,ent_treatment_330cd62c6e95,المركز العلاجي,Treatment,0,"[""chunk_00092""]","[""ahd5k_01629""]"
مرهم مايكونازول,مرهم مايكونازول,ent_treatment_a9901bfb5bd5,مرهم مايكونازول,Treatment,1,"[""chunk_00014""]","[""ahd5k_04864""]"
مرهم مضاد حيوي,مرهم مضاد حيوي,ent_treatment_43526f78a371,مضاد حيوي,Treatment,0,"[""chunk_00098"", ""chunk_00102"", ""chunk_00108"", ""chunk_00115"", ""chunk_00195""]","[""ahd5k_01293"", ""ahd5k_01836"", ""ahd5k_03986"", ""ahd5k_04431"", ""ahd5k_04444"", ""ahd5k_04651""]"
مسكن الم,مسكن الم,ent_treatment_b8b3fb59e87b,مسكن الم,Treatment,2,"[""chunk_00115""]","[""ahd5k_00625"", ""ahd5k_01293""]"
مسكن للالم,مسكن للالم,ent_treatment_b8a506ce96be,مسكن للالم,Treatment,1,"[""chunk_00101""]","[""ahd5k_01611""]"
مضاد الهستامين,مضاد الهستامين,ent_treatment_f4b5c1573769,مضاد الهيستامين,Treatment,0,"[""chunk_00002"", ""chunk_00003"", ""chunk_00004"", ""chunk_00005"", ""chunk_00007""]","[""ahd5k_00555"", ""ahd5k_01231"", ""ahd5k_02892"", ""ahd5k_04819"", ""ahd5k_04920""]"
مضاد الهيستامين,مضاد الهيستامين,ent_treatment_f4b5c1573769,مضاد الهيستامين,Treatment,0,"[""chunk_00002"", ""chunk_00003"", ""chunk_00004"", ""chunk_00005"", ""chunk_00007""]","[""ahd5k_00555"", ""ahd5k_01231"", ""ahd5k_02892"", ""ahd5k_04819"", ""ahd5k_04920""]"
مضاد حيوي,مضاد حيوي,ent_treatment_43526f78a371,مضاد حيوي,Treatment,6,"[""chunk_00098"", ""chunk_00102"", ""chunk_00108"", ""chunk_00115"", ""chunk_00195""]","[""ahd5k_01293"", ""ahd5k_01836"", ""ahd5k_03986"", ""ahd5k_04431"", ""ahd5k_04444"", ""ahd5k_04651""]"
مضاد للهيستامين,مضاد للهيستامين,ent_treatment_104bb0a91d5a,تيليفاست,Treatment,0,"[""chunk_00127""]","[""ahd5k_02470""]"
مضاد هيسامين,مضاد هيسامين,ent_treatment_f4b5c1573769,مضاد الهيستامين,Treatment,1,"[""chunk_00003""]","[""ahd5k_01231""]"
مضاد هيستامين,مضاد هيستامين,ent_treatment_f4b5c1573769,مضاد الهيستامين,Treatment,2,"[""chunk_00002"", ""chunk_00007""]","[""ahd5k_00555"", ""ahd5k_04920""]"
مضادات الالتهاب,مضادات الالتهاب,ent_treatment_93132ac17089,مضادات الالتهاب,Treatment,1,"[""chunk_00033""]","[""ahd5k_01221""]"
مضادات الصرع,مضادات الصرع,ent_treatment_d30b06ad4ba6,مضادات الصرع,Treatment,1,"[""chunk_00045""]","[""ahd5k_04509""]"
مضادات الفيروسات,مضادات الفيروسات,ent_treatment_65d67800955e,مضادات الفيروسات,Treatment,1,"[""chunk_00033""]","[""ahd5k_01221""]"
مضادات القلق,مضادات القلق,ent_treatment_2547ab58544d,مضادات القلق,Treatment,1,"[""chunk_00073""]","[""ahd5k_03958""]"
مضادات الهيستامين,مضادات الهيستامين,ent_treatment_f4b5c1573769,مضاد الهيستامين,Treatment,1,"[""chunk_00005""]","[""ahd5k_04819""]"
مضمضة الكلورهيكسيدين,مضمضه الكلورهيكسيدين,ent_treatment_1479a48d3d42,الدواء,Treatment,1,"[""chunk_00118""]","[""ahd5k_00209""]"
مكمل غدائي,مكمل غدايي,ent_treatment_9a6b401143ed,مكمل غدائي,Treatment,0,"[""chunk_00018""]","[""ahd5k_03753""]"
مكمل غدائيي,مكمل غداييي,ent_treatment_9a6b401143ed,مكمل غدائي,Treatment,0,"[""chunk_00018""]","[""ahd5k_03753""]"
منظار,منظار,ent_treatment_07d0f0ae4c18,منظار قنوات مرارية الف سلامة,Treatment,0,"[""chunk_00174""]","[""ahd5k_00255""]"
منظار قنوات مرارية الف سلامة,منظار قنوات مراريه الف سلامه,ent_treatment_07d0f0ae4c18,منظار قنوات مرارية الف سلامة,Treatment,0,"[""chunk_00174""]","[""ahd5k_00255""]"
موزة كبيرة,موزه كبيره,ent_treatment_adf1ea1ee5a7,موزة كبيرة,Treatment,1,"[""chunk_00154""]","[""ahd5k_04065""]"
ميريديا,ميريديا,ent_treatment_1e3baddafc66,سيبوترامين,Treatment,0,"[""chunk_00141""]","[""ahd5k_03627""]"
ميزوتاك,ميزوتاك,ent_treatment_2702542ba0eb,ميزوتاك,Treatment,1,"[""chunk_00146""]","[""ahd5k_01515""]"
نازونكس,نازونكس,ent_treatment_45a78ee47153,نازونكس,Treatment,1,"[""chunk_00002""]","[""ahd5k_00133""]"
نبتة القات,نبته القات,ent_treatment_fe7b9cfab843,القات,Treatment,0,"[""chunk_00061""]","[""ahd5k_01551""]"
نصف حبة,نصف حبه,ent_treatment_f11b22153e4b,نصف حبة,Treatment,1,"[""chunk_00032""]","[""ahd5k_01924""]"
نظافة اللثة,نظافه اللثه,ent_treatment_fca1a888ae57,تنظيف اللثة,Treatment,0,"[""chunk_00114""]","[""ahd5k_02966""]"
نظافة يومية,نظافه يوميه,ent_treatment_948c17b9713d,النظافة اليومية,Treatment,0,"[""chunk_00114""]","[""ahd5k_02966""]"
نقص فيتامين (ب12),نقص فيتامين (ب12),ent_treatment_e80fab31a076,نقص فيتامين (ب12),Treatment,1,"[""chunk_00182""]","[""ahd5k_00838""]"
نيوروتين,نيوروتين,ent_treatment_6daeffa55a15,نيوروتين,Treatment,1,"[""chunk_00129""]","[""ahd5k_02023""]"
هيبارين,هيبارين,ent_treatment_e601e738b889,هيبارين,Treatment,1,"[""chunk_00071""]","[""ahd5k_04895""]"
وارفارين,وارفارين,ent_treatment_9ef7c69bc634,وارفارين,Treatment,1,"[""chunk_00078""]","[""ahd5k_02905""]"
