entity_id,canonical_name,canonical_name_norm,entity_type,aliases,confidence,provider,model
ent_merge_000001,bacteremia,bacteremia,DiseaseCondition,"[""bacteremia""]|bacteremia",0.0,,
ent_merge_000002,septicemia,septicemia,DiseaseCondition,"[""septicemia""]|septicemia",0.0,,
ent_merge_000003,إجهاض,اجهاض,DiseaseCondition,"""اجهاض""]|[""إجهاض""|إجهاض",0.0,,
ent_merge_000004,إجهاض متكرر,اجهاض متكرر,DiseaseCondition,"[""إجهاض متكرر""]|إجهاض متكرر",0.0,,
ent_merge_000005,إدمان,ادمان,DiseaseCondition,"[""إدمان""]|إدمان",0.0,,
ent_merge_000006,إدمان القات,ادمان القات,DiseaseCondition,"[""إدمان القات""]|إدمان القات",0.0,,
ent_merge_000007,ارتخاء,ارتخاء,DiseaseCondition,"""ارتخاء في الآنسجة الضامة""]|[""ارتخاء""|[""ارتخاء""]|ارتخاء",0.0,,
ent_merge_000008,ارتخاء في الصمام الميترالي,ارتخاء في الصمام الميترالي,DiseaseCondition,"[""ارتخاء في الصمام الميترالي""]|ارتخاء في الصمام الميترالي",0.0,,
ent_merge_000009,ارتفاع انزيمات الكبد,ارتفاع انزيمات الكبد,DiseaseCondition,"""ارتفاع في انزيمات الكبد""]|[""ارتفاع انزيمات الكبد""|ارتفاع انزيمات الكبد",0.0,,
ent_merge_000010,ارتفاع ضغط الدم,ارتفاع ضغط الدم,DiseaseCondition,"""ارتفاع ضغط الدم""|""ارتفاع ضغط""|""ارتفاع في الضغط""|""ارتفاع في ضغط الدم""|""الضغط الخبيث""|""الضغط المرتفع""|""الضغط""|""حبة""|""ضغط الدم المرتفع""|""ضغط الدم المفرط""|""ضغط الدم""|""ضغط دم""|""ضغط عالي""|""ضغط""|""فرط ضغط الدم""]|""كتلة""]|[""ارتفاع الضغط الشرياني""|[""ارتفاع ضغط الدم""|ارتفاع ضغط الدم",0.0,,
ent_merge_000011,ارتفاع هرمون الحليب,ارتفاع هرمون الحليب,DiseaseCondition,"[""ارتفاع هرمون الحليب""]|ارتفاع هرمون الحليب",0.0,,
ent_merge_000012,ارتفاع هرمون اللبن,ارتفاع هرمون اللبن,DiseaseCondition,"[""ارتفاع هرمون اللبن""]|ارتفاع هرمون اللبن",0.0,,
ent_merge_000013,ارتكاريا,ارتكاريا,DiseaseCondition,"[""ارتكاريا""]|ارتكاريا",0.0,,
ent_merge_000014,آرجية جلدية,ارجيه جلديه,DiseaseCondition,"[""آرجية جلدية""]|آرجية جلدية",0.0,,
ent_merge_000015,استرواح الصدر,استرواح الصدر,DiseaseCondition,"""استرواح الصدر""]|[""pneumo thorax""|استرواح الصدر",0.0,,
ent_merge_000016,استرواح الصدر التوتري,استرواح الصدر التوتري,DiseaseCondition,"[""استرواح الصدر التوتري""]|استرواح الصدر التوتري",0.0,,
ent_merge_000017,استرواح الصدر اللاتوتري,استرواح الصدر اللاتوتري,DiseaseCondition,"[""استرواح الصدر اللاتوتري""]|استرواح الصدر اللاتوتري",0.0,,
ent_merge_000018,اسنان,اسنان,DiseaseCondition,"[""اسنان""]|اسنان",0.0,,
ent_merge_000019,إسهال,اسهال,DiseaseCondition,"[""إسهال""]|إسهال",0.0,,
ent_merge_000020,اشعه الشمس,اشعه الشمس,DiseaseCondition,"[""اشعه الشمس""]|اشعه الشمس",0.0,,
ent_merge_000021,إصابات القلب,اصابات القلب,DiseaseCondition,"[""إصابات القلب""]|إصابات القلب",0.0,,
ent_merge_000022,إصابة الكلى,اصابه الكلي,DiseaseCondition,"""قصور الكلى""]|[""إصابة الكلى""|إصابة الكلى",0.0,,
ent_merge_000023,اضطراب الجهاز العصبي,اضطراب الجهاز العصبي,DiseaseCondition,"[""اضطراب الجهاز العصبي""]|اضطراب الجهاز العصبي",0.0,,
ent_merge_000024,اضطراب المناعه,اضطراب المناعه,DiseaseCondition,"""اضطراب المناعه""]|[""اضطراب المناعة""|اضطراب المناعه",0.0,,
ent_merge_000025,اضطراب الوسواس القهري,اضطراب الوسواس القهري,DiseaseCondition,"[""اضطراب الوسواس القهري""]|اضطراب الوسواس القهري",0.0,,
ent_merge_000026,اضطراب دقات القلب,اضطراب دقات القلب,DiseaseCondition,"[""اضطراب دقات القلب""]|اضطراب دقات القلب",0.0,,
ent_merge_000027,اضطراب فى القولون,اضطراب في القولون,DiseaseCondition,"[""اضطراب فى القولون""]|اضطراب فى القولون",0.0,,
ent_merge_000028,اضطرابات الغدد,اضطرابات الغدد,DiseaseCondition,"[""اضطرابات الغدد""]|اضطرابات الغدد",0.0,,
ent_merge_000029,اضطرابات هرمونية,اضطرابات هرمونيه,DiseaseCondition,"[""اضطرابات هرمونية""]|اضطرابات هرمونية",0.0,,
ent_merge_000030,اعاقة ذهنية,اعاقه ذهنيه,DiseaseCondition,"[""اعاقة ذهنية""]|اعاقة ذهنية",0.0,,
ent_merge_000031,أعضاء الحس,اعضاء الحس,DiseaseCondition,"[""أعضاء الحس""]|أعضاء الحس",0.0,,
ent_merge_000032,اغتصاب,اغتصاب,DiseaseCondition,"[""اغتصاب""]|اغتصاب",0.0,,
ent_merge_000033,اكتئاب,اكتياب,DiseaseCondition,"""الإكتئاب""]|[""اكتئاب""|[""اكتئاب""]|اكتئاب",0.0,,
ent_merge_000034,إكزيما,اكزيما,DiseaseCondition,"""اكزيما""|""الأكزيما""|""الاكزيما الدهنيه""]|[""إكزيما""|إكزيما",0.0,,
ent_merge_000035,أكلة الأظافر,اكله الاظافر,DiseaseCondition,"[""أكلة الأظافر""]|أكلة الأظافر",0.0,,
ent_merge_000036,الاباضة,الاباضه,DiseaseCondition,"[""الاباضة""]|الاباضة",0.0,,
ent_merge_000037,الاجهاض,الاجهاض,DiseaseCondition,"""الاجهاض""]|[""اجهاض""|الاجهاض",0.0,,
ent_merge_000038,الأسمرار,الاسمرار,DiseaseCondition,"[""الأسمرار""]|الأسمرار",0.0,,
ent_merge_000039,الاضطرابات النفسية,الاضطرابات النفسيه,DiseaseCondition,"[""الاضطرابات النفسية""]|الاضطرابات النفسية",0.0,,
ent_merge_000040,الإكتئاب,الاكتياب,DiseaseCondition,"""الإكتئاب""|""الاكتئاب""|""الاكتئاب""]|""شعور بالخوف""]|[""اكتئاب""|الإكتئاب|الاكتئاب",0.0,,
ent_merge_000041,الاكزيما,الاكزيما,DiseaseCondition,"[""الاكزيما""]|الاكزيما",0.0,,
ent_merge_000042,الأكل الزائد,الاكل الزايد,DiseaseCondition,"[""الأكل الزائد""]|الأكل الزائد",0.0,,
ent_merge_000043,الإلتهابات,الالتهابات,DiseaseCondition,"[""الإلتهابات""]|الإلتهابات",0.0,,
ent_merge_000044,الامراض المعدية,الامراض المعديه,DiseaseCondition,"[""الامراض المعدية""]|الامراض المعدية",0.0,,
ent_merge_000045,الامعاء,الامعاء,DiseaseCondition,"[""الامعاء""]|الامعاء",0.0,,
ent_merge_000046,الانفلونزا,الانفلونزا,DiseaseCondition,"[""الانفلونزا""]|الانفلونزا",0.0,,
ent_merge_000047,الانيميا,الانيميا,DiseaseCondition,"""الانيميا""]|[""الأنيميا""|الانيميا",0.0,,
ent_merge_000048,الأورام الليفية العصبية,الاورام الليفيه العصبيه,DiseaseCondition,"[""الأورام الليفية العصبية""]|الأورام الليفية العصبية",0.0,,
ent_merge_000049,الأوعية اللمفية,الاوعيه اللمفيه,DiseaseCondition,"[""الأوعية اللمفية""]|الأوعية اللمفية",0.0,,
ent_merge_000050,الإياس,الاياس,DiseaseCondition,"[""الإياس""]|الإياس",0.0,,
ent_merge_000051,الإيدز,الايدز,DiseaseCondition,"""الآيدز""|""الإيدز""|""الايدز""]|[""إيدز""|الإيدز",0.0,,
ent_merge_000052,البرود الجنسي,البرود الجنسي,DiseaseCondition,"""البرودة الجنسية""]|[""البرود الجنسي""|البرود الجنسي",0.0,,
ent_merge_000053,البرولاكتين,البرولاكتين,DiseaseCondition,"[""البرولاكتين""]|البرولاكتين",0.0,,
ent_merge_000054,البلعوم,البلعوم,DiseaseCondition,"[""البلعوم""]|البلعوم",0.0,,
ent_merge_000055,البنكرياس,البنكرياس,DiseaseCondition,"[""البنكرياس""]|البنكرياس",0.0,,
ent_merge_000056,البهاق,البهاق,DiseaseCondition,"[""البهاق""]|البهاق",0.0,,
ent_merge_000057,التدخين,التدخين,DiseaseCondition,"[""التدخين""]|التدخين",0.0,,
ent_merge_000058,التسلخات,التسلخات,DiseaseCondition,"[""التسلخات""]|التسلخات",0.0,,
ent_merge_000059,التهاب,التهاب,DiseaseCondition,"""التهاب الاذن الوسطى""|""التهاب البربخ""|""التهاب البروستاتا""|""التهاب الجيوب""|""التهاب الدم""|""التهاب الرئة""|""التهاب الشعرة""|""التهاب العصب السابع""|""التهاب القصبات""|""التهاب القولون""|""التهاب اللثه""|""التهاب المزمن""|""التهاب المعدة""|""التهاب اوتار القدم""|""التهاب اوتار الكتف""|""التهاب بكتيري""|""التهاب جلدي""|""التهاب غشائي عضلي""|""التهاب في الاذن""|""التهاب في الجيوب الانفيه""|""التهاب في العصعص""|""التهاب في الكتف""|""التهاب في اليد""|""التهاب فيروسي""|""التهاب ما""|""التهاب""|""التهابات المفاصل""|""التهابات""|""تهاب المبيض""]|""تهاب""|""تهاب""]|[""إلتهاب""|[""التهاب""|التهاب",0.0,,
ent_merge_000060,التهاب الأذن,التهاب الاذن,DiseaseCondition,"[""التهاب الأذن""]|التهاب الأذن",0.0,,
ent_merge_000061,التهاب البربخ,التهاب البربخ,DiseaseCondition,"[""التهاب البربخ""]|التهاب البربخ",0.0,,
ent_merge_000062,التهاب البروستات,التهاب البروستات,DiseaseCondition,"[""التهاب البروستات""]|التهاب البروستات",0.0,,
ent_merge_000063,التهاب البروستاتا,التهاب البروستاتا,DiseaseCondition,"""التهاب البروستاتا""]|[""التهاب البروستات""|التهاب البروستاتا",0.0,,
ent_merge_000064,التهاب البول,التهاب البول,DiseaseCondition,"""التهابات البول""]|[""التهاب البول""|التهاب البول",0.0,,
ent_merge_000065,التهاب الجلد التأتبي,التهاب الجلد التاتبي,DiseaseCondition,"[""التهاب الجلد التأتبي""]|التهاب الجلد التأتبي",0.0,,
ent_merge_000066,التهاب الجيوب,التهاب الجيوب,DiseaseCondition,"[""التهاب الجيوب""]|التهاب الجيوب",0.0,,
ent_merge_000067,التهاب الجيوب الانفيه,التهاب الجيوب الانفيه,DiseaseCondition,"""التهاب الجيوب الانفيه""]|[""التهاب الجيوب الأنفية""]|[""التهاب الجيوب الانفية""|التهاب الجيوب الأنفية|التهاب الجيوب الانفيه",0.0,,
ent_merge_000068,التهاب الحلق,التهاب الحلق,DiseaseCondition,"[""التهاب الحلق""]|التهاب الحلق",0.0,,
ent_merge_000069,التهاب الرئة,التهاب الريه,DiseaseCondition,"[""التهاب الرئة""]|التهاب الرئة",0.0,,
ent_merge_000070,التهاب الزائدة الدودية,التهاب الزايده الدوديه,DiseaseCondition,"[""التهاب الزائدة الدودية""]|التهاب الزائدة الدودية",0.0,,
ent_merge_000071,التهاب السحايا,التهاب السحايا,DiseaseCondition,"[""التهاب السحايا""]|التهاب السحايا",0.0,,
ent_merge_000072,التهاب الشريان الصدغي,التهاب الشريان الصدغي,DiseaseCondition,"[""التهاب الشريان الصدغي""]|التهاب الشريان الصدغي",0.0,,
ent_merge_000073,التهاب العصب الوركي,التهاب العصب الوركي,DiseaseCondition,"[""التهاب العصب الوركي""]|التهاب العصب الوركي",0.0,,
ent_merge_000074,التهاب الغدد اللمفاوية,التهاب الغدد اللمفاويه,DiseaseCondition,"[""التهاب الغدد اللمفاوية""]|التهاب الغدد اللمفاوية",0.0,,
ent_merge_000075,التهاب الفرج,التهاب الفرج,DiseaseCondition,"[""التهاب الفرج""]|التهاب الفرج",0.0,,
ent_merge_000076,التهاب الفقار اللاصق,التهاب الفقار اللاصق,DiseaseCondition,"[""التهاب الفقار اللاصق""]|التهاب الفقار اللاصق",0.0,,
ent_merge_000077,التهاب القزحية,التهاب القزحيه,DiseaseCondition,"[""التهاب القزحية""]|التهاب القزحية",0.0,,
ent_merge_000078,التهاب القصبات التحسسي,التهاب القصبات التحسسي,DiseaseCondition,"[""التهاب القصبات التحسسي""]|التهاب القصبات التحسسي",0.0,,
ent_merge_000079,التهاب القنوات المراريه,التهاب القنوات المراريه,DiseaseCondition,"[""التهاب القنوات المراريه""]|التهاب القنوات المراريه",0.0,,
ent_merge_000080,التهاب القولون,التهاب القولون,DiseaseCondition,"""تهاب القولون""]|[""التهاب القولون""|[""التهاب القولون""]|التهاب القولون",0.0,,
ent_merge_000081,التهاب القولون التقرحي,التهاب القولون التقرحي,DiseaseCondition,"""تهاب القولون التقرحى""]|[""التهاب القولون التقرحى""|[""التهاب القولون التقرحي""]|التهاب القولون التقرحى|التهاب القولون التقرحي",0.0,,
ent_merge_000082,التهاب الكبد,التهاب الكبد,DiseaseCondition,"""التهاب الكبد الوبائي ب""|""التهاب الكبد ب""|""التهاب الكبد سي""|""التهاب الكبد فيروسي""|""التهاب كبيبات الكلى""]|[""التهاب الكبد""|[""التهاب الكبد""]|التهاب الكبد",0.0,,
ent_merge_000083,التهاب الكبد أ,التهاب الكبد ا,DiseaseCondition,"[""التهاب الكبد أ""]|التهاب الكبد أ",0.0,,
ent_merge_000084,التهاب الكبد الفيروسي ب,التهاب الكبد الفيروسي ب,DiseaseCondition,"""التهاب الكبد ب""]|[""التهاب الكبد الفيروسي ب""|التهاب الكبد الفيروسي ب",0.0,,
ent_merge_000085,التهاب الكبد ب,التهاب الكبد ب,DiseaseCondition,"""التهاب الكبد ب""]|[""التهاب الكبد""|التهاب الكبد ب",0.0,,
ent_merge_000086,التهاب الكبد ج,التهاب الكبد ج,DiseaseCondition,"[""التهاب الكبد ج""]|التهاب الكبد ج",0.0,,
ent_merge_000087,التهاب الكبد سي,التهاب الكبد سي,DiseaseCondition,"[""التهاب الكبد سي""]|التهاب الكبد سي",0.0,,
ent_merge_000088,التهاب الكبدى الفيروسى,التهاب الكبدي الفيروسي,DiseaseCondition,"[""التهاب الكبدى الفيروسى""]|التهاب الكبدى الفيروسى",0.0,,
ent_merge_000089,التهاب الكلى,التهاب الكلي,DiseaseCondition,"""التهاب الكلي""|""التهابات الكلية""]|[""التهاب الكلى""|التهاب الكلى",0.0,,
ent_merge_000090,التهاب اللثة,التهاب اللثه,DiseaseCondition,"""التهاب اللثة""|""تهاب اللثه""]|[""التهاب اللثة""]|[""التهاب""|التهاب اللثة",0.0,,
ent_merge_000091,التهاب اللوزتين,التهاب اللوزتين,DiseaseCondition,"""التهاب لوز""|""التهاب لوزتين""]|""تهاب لوز""]|[""التهاب اللوزتين""|التهاب اللوزتين",0.0,,
ent_merge_000092,التهاب المثانة,التهاب المثانه,DiseaseCondition,"""التهاب المثانه""]|[""التهاب المثانة""|التهاب المثانة",0.0,,
ent_merge_000093,التهاب المري,التهاب المري,DiseaseCondition,"[""التهاب المري""]|التهاب المري",0.0,,
ent_merge_000094,التهاب المريء,التهاب المريء,DiseaseCondition,"""التهاب المريء""]|[""التهاب المري""|التهاب المريء",0.0,,
ent_merge_000095,التهاب المسالك البولية,التهاب المسالك البوليه,DiseaseCondition,"[""التهاب المسالك البولية""]|التهاب المسالك البولية",0.0,,
ent_merge_000096,التهاب المستقيم,التهاب المستقيم,DiseaseCondition,"[""التهاب المستقيم""]|التهاب المستقيم",0.0,,
ent_merge_000097,التهاب المعدة,التهاب المعده,DiseaseCondition,"""التهاب المعدة""]|""تهاب المعدة""]|[""التهاب المعدة""|[""التهاب""|التهاب المعدة",0.0,,
ent_merge_000098,التهاب المفاصل,التهاب المفاصل,DiseaseCondition,"""التهاب المفاصل""]|[""التهاب المفاصل""]|[""التهاب""|التهاب المفاصل",0.0,,
ent_merge_000099,التهاب المهبل,التهاب المهبل,DiseaseCondition,"[""التهاب المهبل""]|التهاب المهبل",0.0,,
ent_merge_000100,التهاب بول,التهاب بول,DiseaseCondition,"[""التهاب بول""]|التهاب بول",0.0,,
ent_merge_000101,التهاب فتحة الشرج,التهاب فتحه الشرج,DiseaseCondition,"[""التهاب فتحة الشرج""]|التهاب فتحة الشرج",0.0,,
ent_merge_000102,التهاب فطري,التهاب فطري,DiseaseCondition,"""تهاب فطري""]|[""التهاب فطري""|[""التهاب فطري""]|التهاب فطري",0.0,,
ent_merge_000103,التهاب كبد مناعي ذاتي,التهاب كبد مناعي ذاتي,DiseaseCondition,"[""التهاب كبد مناعي ذاتي""]|التهاب كبد مناعي ذاتي",0.0,,
ent_merge_000104,التهاب كبدي,التهاب كبدي,DiseaseCondition,"""التهاب كبدي""]|[""التهاب الكبدي""|التهاب كبدي",0.0,,
ent_merge_000105,التهاب مفصل الركبه,التهاب مفصل الركبه,DiseaseCondition,"""تهاب مفصل الركبة""]|""سوفان مفصل الركبه""]|[""التهاب مفصل الركبة""|[""التهاب مفصل الركبه""|التهاب مفصل الركبة|التهاب مفصل الركبه",0.0,,
ent_merge_000106,التهابات,التهابات,DiseaseCondition,"""التهابات""]|[""التهاب""|التهابات",0.0,,
ent_merge_000107,التهابات الرئوية,التهابات الريويه,DiseaseCondition,"[""التهابات الرئوية""]|التهابات الرئوية",0.0,,
ent_merge_000108,الثعلبة,الثعلبه,DiseaseCondition,"""داء الثعلبة""]|[""الثعلبة""|الثعلبة",0.0,,
ent_merge_000109,الجرثومة الحلزونية,الجرثومه الحلزونيه,DiseaseCondition,"[""الجرثومة الحلزونية""]|الجرثومة الحلزونية",0.0,,
ent_merge_000110,الجروح القطعية,الجروح القطعيه,DiseaseCondition,"[""الجروح القطعية""]|الجروح القطعية",0.0,,
ent_merge_000111,الجلطات القلبية,الجلطات القلبيه,DiseaseCondition,"""الجلطة القلبية""]|[""الجلطات القلبية""|الجلطات القلبية",0.0,,
ent_merge_000112,الجنين,الجنين,DiseaseCondition,"[""الجنين""]|الجنين",0.0,,
ent_merge_000113,الجنين المشوه,الجنين المشوه,DiseaseCondition,"[""الجنين المشوه""]|الجنين المشوه",0.0,,
ent_merge_000114,الجهاز العصبي المركزي,الجهاز العصبي المركزي,DiseaseCondition,"[""الجهاز العصبي المركزي""]|الجهاز العصبي المركزي",0.0,,
ent_merge_000115,الجهاز الهضمي,الجهاز الهضمي,DiseaseCondition,"[""الجهاز الهضمي""]|الجهاز الهضمي",0.0,,
ent_merge_000116,الحشيش,الحشيش,DiseaseCondition,"[""الحشيش""]|الحشيش",0.0,,
ent_merge_000117,الحمل,الحمل,DiseaseCondition,"""الحمل الوراثي""|""حامل""|""حمل الأنابيب""|""حمل بالاسبوع العاشر""|""حمل خارج الرحم""]|""حمل سابق""|""حمل طبيعي""]|""حمل""|[""الحمل""|الحمل",0.0,,
ent_merge_000118,الحيض,الحيض,DiseaseCondition,"[""الحيض""]|الحيض",0.0,,
ent_merge_000119,الحيوانات المنوية,الحيوانات المنويه,DiseaseCondition,"[""الحيوانات المنوية""]|الحيوانات المنوية",0.0,,
ent_merge_000120,الخصوبة,الخصوبه,DiseaseCondition,"[""الخصوبة""]|الخصوبة",0.0,,
ent_merge_000121,الخصية,الخصيه,DiseaseCondition,"[""الخصية""]|الخصية",0.0,,
ent_merge_000122,الخطر ع الكبد,الخطر ع الكبد,DiseaseCondition,"[""الخطر ع الكبد""]|الخطر ع الكبد",0.0,,
ent_merge_000123,الدماغ,الدماغ,DiseaseCondition,"[""الدماغ""]|الدماغ",0.0,,
ent_merge_000124,الدوالي,الدوالي,DiseaseCondition,"""دوالي الخصية""]|""دوالي""|[""الدوالي""|الدوالي",0.0,,
ent_merge_000125,الدوالي على الخصية,الدوالي علي الخصيه,DiseaseCondition,"""دوالي على الخصية""]|[""الدوالي على الخصية""|الدوالي على الخصية",0.0,,
ent_merge_000126,الدورة الشهرية,الدوره الشهريه,DiseaseCondition,"""الحيض""|""الدورة الشهرية""|""الدورة الشهريه""|""الدورة""|""الدوره الشهريه""|""العدة""|""دورة شهرية""|""دورة شهرية""]|""دورة""|""دوره شهرية""]|[""اضطراب الدورة الشهرية""|[""الدورة""|الدورة الشهرية",0.0,,
ent_merge_000127,الذئبة,الذيبه,DiseaseCondition,"[""الذئبة""]|الذئبة",0.0,,
ent_merge_000128,الرباط,الرباط,DiseaseCondition,"[""الرباط""]|الرباط",0.0,,
ent_merge_000129,الربو,الربو,DiseaseCondition,"""ربو""]|[""الربو""|[""الربو""]|الربو",0.0,,
ent_merge_000130,الرضاعه,الرضاعه,DiseaseCondition,"[""الرضاعه""]|الرضاعه",0.0,,
ent_merge_000131,الرقبة,الرقبه,DiseaseCondition,"[""الرقبة""]|الرقبة",0.0,,
ent_merge_000132,الرهاب,الرهاب,DiseaseCondition,"[""الرهاب""]|الرهاب",0.0,,
ent_merge_000133,الروماتويد,الروماتويد,DiseaseCondition,"[""الروماتويد""]|الروماتويد",0.0,,
ent_merge_000134,الروماتيزم,الروماتيزم,DiseaseCondition,"[""الروماتيزم""]|الروماتيزم",0.0,,
ent_merge_000135,الرئه,الريه,DiseaseCondition,"[""الرئه""]|الرئه",0.0,,
ent_merge_000136,السرطان,السرطان,DiseaseCondition,"""سرطان الثدي""]|[""السرطان""|[""السرطان""]|السرطان",0.0,,
ent_merge_000137,السرطانات,السرطانات,DiseaseCondition,"[""السرطانات""]|السرطانات",0.0,,
ent_merge_000138,السكتة الدماغية,السكته الدماغيه,DiseaseCondition,"[""السكتة الدماغية""]|السكتة الدماغية",0.0,,
ent_merge_000139,السكر,السكر,DiseaseCondition,"[""السكر""]|السكر",0.0,,
ent_merge_000140,السكري,السكري,DiseaseCondition,"""داء السكري""]|""سكري""]|[""السكري""|السكري",0.0,,
ent_merge_000141,السل,السل,DiseaseCondition,"[""السل""]|السل",0.0,,
ent_merge_000142,السمنة,السمنه,DiseaseCondition,"""السمنه""|""سمنة مفرطة""]|""سمنة""]|[""السمنة""|السمنة",0.0,,
ent_merge_000143,السموم,السموم,DiseaseCondition,"[""السموم""]|السموم",0.0,,
ent_merge_000144,السيلان,السيلان,DiseaseCondition,"[""السيلان""]|السيلان",0.0,,
ent_merge_000145,الشامات,الشامات,DiseaseCondition,"[""الشامات""]|الشامات",0.0,,
ent_merge_000146,الشراهة,الشراهه,DiseaseCondition,"[""الشراهة""]|الشراهة",0.0,,
ent_merge_000147,الشفه الارنبيه,الشفه الارنبيه,DiseaseCondition,"[""الشفه الارنبيه""]|الشفه الارنبيه",0.0,,
ent_merge_000148,الشيب,الشيب,DiseaseCondition,"""الشيب""]|[""الشعر الأبيض""|الشيب",0.0,,
ent_merge_000149,الشيخوخة,الشيخوخه,DiseaseCondition,"""شيخوخة المبكرة""]|""شيخوخة""|[""الشيخوخة""|[""الشيخوخة""]|الشيخوخة",0.0,,
ent_merge_000150,الصدفية,الصدفيه,DiseaseCondition,"""الصدفية""|""القشرة السميكة""]|[""أعراض الصدفية""|الصدفية",0.0,,
ent_merge_000151,الضعف الجنسي,الضعف الجنسي,DiseaseCondition,"""الضعف الجنسي""]|[""الضعف الجنسى""|الضعف الجنسي",0.0,,
ent_merge_000152,الضغط,الضغط,DiseaseCondition,"[""الضغط""]|الضغط",0.0,,
ent_merge_000153,الضغط النفسي,الضغط النفسي,DiseaseCondition,"[""الضغط النفسي""]|الضغط النفسي",0.0,,
ent_merge_000154,الظهارة المتقرنة,الظهاره المتقرنه,DiseaseCondition,"[""الظهارة المتقرنة""]|الظهارة المتقرنة",0.0,,
ent_merge_000155,العصب المبهم,العصب المبهم,DiseaseCondition,"""الرئوي – المعدي""|""العصب المبهم""|""الغامض""]|[""الحائر""|العصب المبهم",0.0,,
ent_merge_000156,العقد الليمفاوية,العقد الليمفاويه,DiseaseCondition,"""العقد الليمفاويه""]|[""العقد الليمفاوية""|العقد الليمفاوية",0.0,,
ent_merge_000157,العقم,العقم,DiseaseCondition,"[""العقم""]|العقم",0.0,,
ent_merge_000158,الغدد الصماء,الغدد الصماء,DiseaseCondition,"[""الغدد الصماء""]|الغدد الصماء",0.0,,
ent_merge_000159,الغدد اللمفاويه,الغدد اللمفاويه,DiseaseCondition,"[""الغدد اللمفاويه""]|الغدد اللمفاويه",0.0,,
ent_merge_000160,الغدة الدرقية,الغده الدرقيه,DiseaseCondition,"[""الغدة الدرقية""]|الغدة الدرقية",0.0,,
ent_merge_000161,الغضروف,الغضروف,DiseaseCondition,"[""الغضروف""]|الغضروف",0.0,,
ent_merge_000162,الفشل الكلوي,الفشل الكلوي,DiseaseCondition,"[""الفشل الكلوي""]|الفشل الكلوي",0.0,,
ent_merge_000163,الفطريات,الفطريات,DiseaseCondition,"[""الفطريات""]|الفطريات",0.0,,
ent_merge_000164,الفيروس,الفيروس,DiseaseCondition,"""الفيروس الكبدي""]|[""الفيروس""|الفيروس",0.0,,
ent_merge_000165,القرحة,القرحه,DiseaseCondition,"""القرحه""]|[""القرحة""|[""القرحة""]|القرحة",0.0,,
ent_merge_000166,القلب المفتوح,القلب المفتوح,DiseaseCondition,"[""القلب المفتوح""]|القلب المفتوح",0.0,,
ent_merge_000167,القلس المعدي المريئي,القلس المعدي المرييي,DiseaseCondition,"[""القلس المعدي المريئي""]|القلس المعدي المريئي",0.0,,
ent_merge_000168,القلق,القلق,DiseaseCondition,"""قلق""]|[""القلق""|القلق",0.0,,
ent_merge_000169,القناة الشريانية المفتوحة,القناه الشريانيه المفتوحه,DiseaseCondition,"[""القناة الشريانية المفتوحة""]|القناة الشريانية المفتوحة",0.0,,
ent_merge_000170,القولون العصبي,القولون العصبي,DiseaseCondition,"""التهاب""|""القولون التقرحي""|""القولون العصبي""|""حساسية الصدر""|""ربو""|""قولون العصبي""|""قولون عصبى""|""قولون عصبي""|""متلازمة القولون العصابي""]|""نزلة معوية""]|[""ارتكاريا""|[""القولون""|القولون العصبي",0.0,,
ent_merge_000171,الكبد الدهني,الكبد الدهني,DiseaseCondition,"[""الكبد الدهني""]|الكبد الدهني",0.0,,
ent_merge_000172,الكتلة,الكتله,DiseaseCondition,"""كتله""]|[""الكتلة""|الكتلة",0.0,,
ent_merge_000173,الكلوي,الكلوي,DiseaseCondition,"[""الكلوي""]|الكلوي",0.0,,
ent_merge_000174,الكولسترول,الكولسترول,DiseaseCondition,"[""الكولسترول""]|الكولسترول",0.0,,
ent_merge_000175,الكوليسترول,الكوليسترول,DiseaseCondition,"[""الكوليسترول""]|الكوليسترول",0.0,,
ent_merge_000176,اللقمة الهستيريائية,اللقمه الهستيرياييه,DiseaseCondition,"[""اللقمة الهستيريائية""]|اللقمة الهستيريائية",0.0,,
ent_merge_000177,المبيضات,المبيضات,DiseaseCondition,"[""المبيضات""]|المبيضات",0.0,,
ent_merge_000178,المرارة,المراره,DiseaseCondition,"""المراره""]|[""المرارة""|المرارة",0.0,,
ent_merge_000179,المرض,المرض,DiseaseCondition,"[""المرض""]|المرض",0.0,,
ent_merge_000180,المناعة,المناعه,DiseaseCondition,"""مناعة""]|[""المناعة""|المناعة",0.0,,
ent_merge_000181,النقرس,النقرس,DiseaseCondition,"""نقرس في المفاصل""]|""نقرس""|[""النقرس""|[""النقرس""]|النقرس",0.0,,
ent_merge_000182,النكاف,النكاف,DiseaseCondition,"[""النكاف""]|النكاف",0.0,,
ent_merge_000183,النواة اللبية,النواه اللبيه,DiseaseCondition,"[""النواة اللبية""]|النواة اللبية",0.0,,
ent_merge_000184,الهالات السوداء,الهالات السوداء,DiseaseCondition,"[""الهالات السوداء""]|الهالات السوداء",0.0,,
ent_merge_000185,الهرمون,الهرمون,DiseaseCondition,"[""الهرمون""]|الهرمون",0.0,,
ent_merge_000186,الوتر,الوتر,DiseaseCondition,"[""الوتر""]|الوتر",0.0,,
ent_merge_000187,الوسواس,الوسواس,DiseaseCondition,"[""الوسواس""]|الوسواس",0.0,,
ent_merge_000188,الولادة,الولاده,DiseaseCondition,"""الولاده""|""ولادة""]|[""الولادة""|الولادة",0.0,,
ent_merge_000189,ألياف عصبية,الياف عصبيه,DiseaseCondition,"""الألياف العصبية""]|[""ألياف عصبية""|ألياف عصبية",0.0,,
ent_merge_000190,ألياف عضلية,الياف عضليه,DiseaseCondition,"""الألياف العضلية""]|[""ألياف عضلية""|ألياف عضلية",0.0,,
ent_merge_000191,اليرقان,اليرقان,DiseaseCondition,"[""اليرقان""]|اليرقان",0.0,,
ent_merge_000192,ام الدم الشريانية,ام الدم الشريانيه,DiseaseCondition,"[""ام الدم الشريانية""]|ام الدم الشريانية",0.0,,
ent_merge_000193,أمراض الثدي,امراض الثدي,DiseaseCondition,"[""أمراض الثدي""]|أمراض الثدي",0.0,,
ent_merge_000194,أمراض الجيوب,امراض الجيوب,DiseaseCondition,"[""أمراض الجيوب""]|أمراض الجيوب",0.0,,
ent_merge_000195,امراض العظام,امراض العظام,DiseaseCondition,"[""امراض العظام""]|امراض العظام",0.0,,
ent_merge_000196,أمراض القلب,امراض القلب,DiseaseCondition,"""امراض القلب""|""مرض القلب""]|[""أمراض القلب""|أمراض القلب",0.0,,
ent_merge_000197,أمراض القلب الوعائية,امراض القلب الوعاييه,DiseaseCondition,"[""أمراض القلب الوعائية""]|أمراض القلب الوعائية",0.0,,
ent_merge_000198,امراض الكبد,امراض الكبد,DiseaseCondition,"[""امراض الكبد""]|امراض الكبد",0.0,,
ent_merge_000199,أمراض الكلى,امراض الكلي,DiseaseCondition,"[""أمراض الكلى""]|أمراض الكلى",0.0,,
ent_merge_000200,أمراض باطنية,امراض باطنيه,DiseaseCondition,"[""أمراض باطنية""]|أمراض باطنية",0.0,,
ent_merge_000201,إمساك,امساك,DiseaseCondition,"""امساك""]|[""إمساك""|[""إمساك""]|إمساك|امساك",0.0,,
ent_merge_000202,املاح,املاح,DiseaseCondition,"[""املاح""]|املاح",0.0,,
ent_merge_000203,انتفاخ,انتفاخ,DiseaseCondition,"[""انتفاخ""]|انتفاخ",0.0,,
ent_merge_000204,انحسار,انحسار,DiseaseCondition,"[""انحسار""]|انحسار",0.0,,
ent_merge_000205,انحلال الدم,انحلال الدم,DiseaseCondition,"[""انحلال الدم""]|انحلال الدم",0.0,,
ent_merge_000206,انخفاض السكر,انخفاض السكر,DiseaseCondition,"[""انخفاض السكر""]|انخفاض السكر",0.0,,
ent_merge_000207,انخفاض ضغط الدم,انخفاض ضغط الدم,DiseaseCondition,"""انخفاض ضغط الدم""|""انخفاض ضغط الدم""]|""ضغط الدم المنخفض""|""هبوط ضغط الدم""]|[""انخفاض الضغط""|[""انخفاض ضغط""|انخفاض ضغط الدم",0.0,,
ent_merge_000208,انخفاض مستويات هرمون الاستروجين,انخفاض مستويات هرمون الاستروجين,DiseaseCondition,"[""انخفاض مستويات هرمون الاستروجين""]|انخفاض مستويات هرمون الاستروجين",0.0,,
ent_merge_000209,انخفاض هرمون البروجسترون,انخفاض هرمون البروجسترون,DiseaseCondition,"[""انخفاض هرمون البروجسترون""]|انخفاض هرمون البروجسترون",0.0,,
ent_merge_000210,انزلاق غضروفي,انزلاق غضروفي,DiseaseCondition,"[""انزلاق غضروفي""]|انزلاق غضروفي",0.0,,
ent_merge_000211,انزلاق غضروفي عنقي,انزلاق غضروفي عنقي,DiseaseCondition,"[""انزلاق غضروفي عنقي""]|انزلاق غضروفي عنقي",0.0,,
ent_merge_000212,انزلاق غضروفي قطني,انزلاق غضروفي قطني,DiseaseCondition,"[""انزلاق غضروفي قطني""]|انزلاق غضروفي قطني",0.0,,
ent_merge_000213,انسداد الاقنية اللمفاوية,انسداد الاقنيه اللمفاويه,DiseaseCondition,"[""انسداد الاقنية اللمفاوية""]|انسداد الاقنية اللمفاوية",0.0,,
ent_merge_000214,انسداد الاوعية الدموية,انسداد الاوعيه الدمويه,DiseaseCondition,"[""انسداد الاوعية الدموية""]|انسداد الاوعية الدموية",0.0,,
ent_merge_000215,انضغاط العصب البصري,انضغاط العصب البصري,DiseaseCondition,"[""انضغاط العصب البصري""]|انضغاط العصب البصري",0.0,,
ent_merge_000216,انضغاط عصب الكوع,انضغاط عصب الكوع,DiseaseCondition,"[""انضغاط عصب الكوع""]|انضغاط عصب الكوع",0.0,,
ent_merge_000217,انعدام النظر,انعدام النظر,DiseaseCondition,"[""انعدام النظر""]|انعدام النظر",0.0,,
ent_merge_000218,انفصام الشخصية,انفصام الشخصيه,DiseaseCondition,"[""انفصام الشخصية""]|انفصام الشخصية",0.0,,
ent_merge_000219,انفلونزا,انفلونزا,DiseaseCondition,"""البرد""|""انفلونزا""]|[""الانفلونزا""|انفلونزا",0.0,,
ent_merge_000220,انقطاع الدورة الشهرية,انقطاع الدوره الشهريه,DiseaseCondition,"[""انقطاع الدورة الشهرية""]|انقطاع الدورة الشهرية",0.0,,
ent_merge_000221,انقطاع الطمث,انقطاع الطمث,DiseaseCondition,"[""انقطاع الطمث""]|انقطاع الطمث",0.0,,
ent_merge_000222,أوبئة الكوليرا,اوبيه الكوليرا,DiseaseCondition,"[""أوبئة الكوليرا""]|أوبئة الكوليرا",0.0,,
ent_merge_000223,أورام الجهاز الهضمي,اورام الجهاز الهضمي,DiseaseCondition,"[""أورام الجهاز الهضمي""]|أورام الجهاز الهضمي",0.0,,
ent_merge_000224,أورام ليفية,اورام ليفيه,DiseaseCondition,"[""أورام ليفية""]|أورام ليفية",0.0,,
ent_merge_000225,إيدز,ايدز,DiseaseCondition,"""الفيروس""]|[""إيدز""|إيدز",0.0,,
ent_merge_000226,باسور,باسور,DiseaseCondition,"[""باسور""]|باسور",0.0,,
ent_merge_000227,برص,برص,DiseaseCondition,"[""برص""]|برص",0.0,,
ent_merge_000228,بقع بنيه,بقع بنيه,DiseaseCondition,"[""بقع بنيه""]|بقع بنيه",0.0,,
ent_merge_000229,بكتيريا,بكتيريا,DiseaseCondition,"""بكتيريا حلزونيه""]|[""بكتيريا""|بكتيريا",0.0,,
ent_merge_000230,بكتيريا الهيليكوباكتر بيلوري,بكتيريا الهيليكوباكتر بيلوري,DiseaseCondition,"[""بكتيريا الهيليكوباكتر بيلوري""]|بكتيريا الهيليكوباكتر بيلوري",0.0,,
ent_merge_000231,بهاق,بهاق,DiseaseCondition,"[""بهاق""]|بهاق",0.0,,
ent_merge_000232,بواسير,بواسير,DiseaseCondition,"[""بواسير""]|بواسير",0.0,,
ent_merge_000233,بيلة الميوغلوبين,بيله الميوغلوبين,DiseaseCondition,"""مرض بيلة الميوغلوبين""]|[""بيلة الميوغلوبين""|[""بيلة الميوغلوبين""]|بيلة الميوغلوبين",0.0,,
ent_merge_000234,تاخر الحمل,تاخر الحمل,DiseaseCondition,"[""تاخر الحمل""]|تاخر الحمل",0.0,,
ent_merge_000235,تجاعيد,تجاعيد,DiseaseCondition,"[""تجاعيد""]|تجاعيد",0.0,,
ent_merge_000236,تجلط الدم,تجلط الدم,DiseaseCondition,"[""تجلط الدم""]|تجلط الدم",0.0,,
ent_merge_000237,تجمع صديدى,تجمع صديدي,DiseaseCondition,"[""تجمع صديدى""]|تجمع صديدى",0.0,,
ent_merge_000238,تجمع ماء في الرئه,تجمع ماء في الريه,DiseaseCondition,"[""تجمع ماء في الرئه""]|تجمع ماء في الرئه",0.0,,
ent_merge_000239,تحسس,تحسس,DiseaseCondition,"[""تحسس""]|تحسس",0.0,,
ent_merge_000240,تخثر الدم,تخثر الدم,DiseaseCondition,"[""تخثر الدم""]|تخثر الدم",0.0,,
ent_merge_000241,تخر في الدم,تخر في الدم,DiseaseCondition,"[""تخر في الدم""]|تخر في الدم",0.0,,
ent_merge_000242,تخلف,تخلف,DiseaseCondition,"[""تخلف""]|تخلف",0.0,,
ent_merge_000243,تدخين,تدخين,DiseaseCondition,"[""تدخين""]|تدخين",0.0,,
ent_merge_000244,تدلي المستقيم,تدلي المستقيم,DiseaseCondition,"""تدلي المستقيم""]|[""تدلي القولون""|تدلي المستقيم",0.0,,
ent_merge_000245,تراكم الدهون في الكبد,تراكم الدهون في الكبد,DiseaseCondition,"[""تراكم الدهون في الكبد""]|تراكم الدهون في الكبد",0.0,,
ent_merge_000246,ترسب الدهون في الجلد,ترسب الدهون في الجلد,DiseaseCondition,"[""ترسب الدهون في الجلد""]|ترسب الدهون في الجلد",0.0,,
ent_merge_000247,ترهل,ترهل,DiseaseCondition,"""ترهل جلدى""]|[""ترهل""|ترهل",0.0,,
ent_merge_000248,ترهل البطن,ترهل البطن,DiseaseCondition,"""ترهلات البطن""]|[""ترهل البطن""|ترهل البطن",0.0,,
ent_merge_000249,تسارع ضربات القلب,تسارع ضربات القلب,DiseaseCondition,"""تسارع ضربات القلب""|""تسارع في ضربات القلب""]|[""SVT""|تسارع ضربات القلب",0.0,,
ent_merge_000250,تسارع قلبي,تسارع قلبي,DiseaseCondition,"[""تسارع قلبي""]|تسارع قلبي",0.0,,
ent_merge_000251,تساقط الشعر,تساقط الشعر,DiseaseCondition,"""سقوط الشعر""]|[""تساقط الشعر""|[""تساقط الشعر""]|تساقط الشعر",0.0,,
ent_merge_000252,تستو سيترون,تستو سيترون,DiseaseCondition,"[""تستو سيترون""]|تستو سيترون",0.0,,
ent_merge_000253,تسرطن للجلد,تسرطن للجلد,DiseaseCondition,"[""تسرطن للجلد""]|تسرطن للجلد",0.0,,
ent_merge_000254,تسرع القلب,تسرع القلب,DiseaseCondition,"""تسرع بالقلب""]|[""تسرع القلب""|تسرع القلب",0.0,,
ent_merge_000255,تسمم,تسمم,DiseaseCondition,"[""تسمم""]|تسمم",0.0,,
ent_merge_000256,تسمم الجسم,تسمم الجسم,DiseaseCondition,"[""تسمم الجسم""]|تسمم الجسم",0.0,,
ent_merge_000257,تسمم العصب البصري,تسمم العصب البصري,DiseaseCondition,"[""تسمم العصب البصري""]|تسمم العصب البصري",0.0,,
ent_merge_000258,تسمم غذائي,تسمم غذايي,DiseaseCondition,"[""تسمم غذائي""]|تسمم غذائي",0.0,,
ent_merge_000259,تشقق,تشقق,DiseaseCondition,"[""تشقق""]|تشقق",0.0,,
ent_merge_000260,تشقق الجلد,تشقق الجلد,DiseaseCondition,"[""تشقق الجلد""]|تشقق الجلد",0.0,,
ent_merge_000261,تشقق القدمين,تشقق القدمين,DiseaseCondition,"[""تشقق القدمين""]|تشقق القدمين",0.0,,
ent_merge_000262,تشمع الكبد,تشمع الكبد,DiseaseCondition,"""تشمع الكبد""]|[""تشمع الكبد""]|[""تشمع""|تشمع الكبد",0.0,,
ent_merge_000263,تشوه,تشوه,DiseaseCondition,"""تشوهات""]|[""تشوه""|[""تشوه""]|تشوه",0.0,,
ent_merge_000264,تشوه خلقي,تشوه خلقي,DiseaseCondition,"[""تشوه خلقي""]|تشوه خلقي",0.0,,
ent_merge_000265,تشوهات,تشوهات,DiseaseCondition,"""تشوهات""]|[""تشوه""|[""تشوهات""]|تشوهات",0.0,,
ent_merge_000266,تشوهات جينية,تشوهات جينيه,DiseaseCondition,"[""تشوهات جينية""]|تشوهات جينية",0.0,,
ent_merge_000267,تشوهات شرايين المخ,تشوهات شرايين المخ,DiseaseCondition,"[""تشوهات شرايين المخ""]|تشوهات شرايين المخ",0.0,,
ent_merge_000268,تصلب الجلد,تصلب الجلد,DiseaseCondition,"[""تصلب الجلد""]|تصلب الجلد",0.0,,
ent_merge_000269,تصلب الشرايين,تصلب الشرايين,DiseaseCondition,"[""تصلب الشرايين""]|تصلب الشرايين",0.0,,
ent_merge_000270,تضخم,تضخم,DiseaseCondition,"""تضخم في الارداف""]|[""تضخم""|[""تضخم""]|تضخم",0.0,,
ent_merge_000271,تضخم الطحال,تضخم الطحال,DiseaseCondition,"""تضخم الطحال""|""تضخم بالطحال""]|[""Hyperspleenism""|تضخم الطحال",0.0,,
ent_merge_000272,تضخم القلب,تضخم القلب,DiseaseCondition,"""تضخم فى القلب""]|[""تضخم القلب""|تضخم القلب",0.0,,
ent_merge_000273,تضخم الكبد,تضخم الكبد,DiseaseCondition,"[""تضخم الكبد""]|تضخم الكبد",0.0,,
ent_merge_000274,تضخم المبيض,تضخم المبيض,DiseaseCondition,"""تضخم مبيض""]|[""تضخم المبيض""|تضخم المبيض",0.0,,
ent_merge_000275,تضخم عضلة القلب,تضخم عضله القلب,DiseaseCondition,"""تضخم في عضلة القلب""]|[""تضخم عضلة القلب""|تضخم عضلة القلب",0.0,,
ent_merge_000276,تضخم في جدار القلب,تضخم في جدار القلب,DiseaseCondition,"[""تضخم في جدار القلب""]|تضخم في جدار القلب",0.0,,
ent_merge_000277,تضيق الأبهر,تضيق الابهر,DiseaseCondition,"[""تضيق الأبهر""]|تضيق الأبهر",0.0,,
ent_merge_000278,تضيق الأوعية,تضيق الاوعيه,DiseaseCondition,"[""تضيق الأوعية""]|تضيق الأوعية",0.0,,
ent_merge_000279,تضيق الحالب,تضيق الحالب,DiseaseCondition,"[""تضيق الحالب""]|تضيق الحالب",0.0,,
ent_merge_000280,تضيق الشرايين,تضيق الشرايين,DiseaseCondition,"""تضيق الشرايين القلبية""]|[""تضيق الشرايين""|[""تضيق الشرايين""]|تضيق الشرايين",0.0,,
ent_merge_000281,تضيق فتحة البواب,تضيق فتحه البواب,DiseaseCondition,"[""تضيق فتحة البواب""]|تضيق فتحة البواب",0.0,,
ent_merge_000282,تعجر الأظافر,تعجر الاظافر,DiseaseCondition,"""تعجر الأظافرو""]|[""تعجر الأظافر""|تعجر الأظافر",0.0,,
ent_merge_000283,تقرح القولون,تقرح القولون,DiseaseCondition,"[""تقرح القولون""]|تقرح القولون",0.0,,
ent_merge_000284,تقرحات الفم,تقرحات الفم,DiseaseCondition,"""تقرحات فمويه""|""قروح""]|[""تقرحات الفم""|تقرحات الفم",0.0,,
ent_merge_000285,تقلص في الشرايين,تقلص في الشرايين,DiseaseCondition,"[""تقلص في الشرايين""]|تقلص في الشرايين",0.0,,
ent_merge_000286,تقوس فى القفص الصدرى,تقوس في القفص الصدري,DiseaseCondition,"[""تقوس فى القفص الصدرى""]|تقوس فى القفص الصدرى",0.0,,
ent_merge_000287,تكبير الصدر,تكبير الصدر,DiseaseCondition,"[""تكبير الصدر""]|تكبير الصدر",0.0,,
ent_merge_000288,تكسير الصفائح الدموية,تكسير الصفايح الدمويه,DiseaseCondition,"""تكسير الصفائح الدموية""]|[""تكسر في الصفائح الدمويه""|تكسير الصفائح الدموية",0.0,,
ent_merge_000289,تكيس المبايض,تكيس المبايض,DiseaseCondition,"""تكيس المبايض""]|[""تكيس المبايض""]|[""تكيس""|تكيس المبايض",0.0,,
ent_merge_000290,تلف الانابيب,تلف الانابيب,DiseaseCondition,"[""تلف الانابيب""]|تلف الانابيب",0.0,,
ent_merge_000291,تلف كلوي,تلف كلوي,DiseaseCondition,"[""تلف كلوي""]|تلف كلوي",0.0,,
ent_merge_000292,تليف الرئتين,تليف الريتين,DiseaseCondition,"[""تليف الرئتين""]|تليف الرئتين",0.0,,
ent_merge_000293,تليف الكبد,تليف الكبد,DiseaseCondition,"""تليف في الكبد""]|[""تليف الكبد""|تليف الكبد",0.0,,
ent_merge_000294,تليف كبدي,تليف كبدي,DiseaseCondition,"""تليفالكبد""]|[""تليف كبدي""|تليف كبدي",0.0,,
ent_merge_000295,تمدد الشريان الاورطى,تمدد الشريان الاورطي,DiseaseCondition,"[""تمدد الشريان الاورطى""]|تمدد الشريان الاورطى",0.0,,
ent_merge_000296,تهاب,تهاب,DiseaseCondition,"""التهاب الجيوب""|""تهاب الحلق""|""تهاب القصبات""|""تهاب المعدة""]|""تهاب""|""تهاب""]|[""التهاب الاذن""|[""التهاب""|تهاب",0.0,,
ent_merge_000297,تهدل صمام القلب,تهدل صمام القلب,DiseaseCondition,"""تهدل صمام قلب اكليلي""]|[""تهدل صمام القلب""|تهدل صمام القلب",0.0,,
ent_merge_000298,تهيج القولون,تهيج القولون,DiseaseCondition,"[""تهيج القولون""]|تهيج القولون",0.0,,
ent_merge_000299,تورم القدمين,تورم القدمين,DiseaseCondition,"[""تورم القدمين""]|تورم القدمين",0.0,,
ent_merge_000300,توسع القصبات الهوائية,توسع القصبات الهواييه,DiseaseCondition,"[""توسع القصبات الهوائية""]|توسع القصبات الهوائية",0.0,,
ent_merge_000301,توسع في الشرايين,توسع في الشرايين,DiseaseCondition,"[""توسع في الشرايين""]|توسع في الشرايين",0.0,,
ent_merge_000302,توقف القلب,توقف القلب,DiseaseCondition,"[""توقف القلب""]|توقف القلب",0.0,,
ent_merge_000303,ثقب في القلب,ثقب في القلب,DiseaseCondition,"[""ثقب في القلب""]|ثقب في القلب",0.0,,
ent_merge_000304,ثقوب القلب,ثقوب القلب,DiseaseCondition,"""ثقوب القلب""|""ثقوب في القلب""]|[""ثقب في القلب""|ثقوب القلب",0.0,,
ent_merge_000305,ثلاسيميا,ثلاسيميا,DiseaseCondition,"""ثلاسيميا بيتا""]|""صفة الثلاسيميا""]|[""ثلاسيميا""|ثلاسيميا",0.0,,
ent_merge_000306,جراثيم,جراثيم,DiseaseCondition,"[""جراثيم""]|جراثيم",0.0,,
ent_merge_000307,جرثومة المعده,جرثومه المعده,DiseaseCondition,"""جرثومة المعدة""|""جرثومة المعدة""]|""جرثومة المعده""]|[""الجرثومة الحلزونية""|[""جرثومة""|جرثومة المعدة|جرثومة المعده",0.0,,
ent_merge_000308,جرح,جرح,DiseaseCondition,"[""جرح""]|جرح",0.0,,
ent_merge_000309,جروح,جروح,DiseaseCondition,"[""جروح""]|جروح",0.0,,
ent_merge_000310,جفاف,جفاف,DiseaseCondition,"[""جفاف""]|جفاف",0.0,,
ent_merge_000311,جفاف البشرة,جفاف البشره,DiseaseCondition,"""بشرة جافة""|""جفاف البشرة""]|[""البشرة الجافة""|جفاف البشرة",0.0,,
ent_merge_000312,جفاف الجلد,جفاف الجلد,DiseaseCondition,"""جفاف الشفة""]|[""جفاف الجلد""|جفاف الجلد",0.0,,
ent_merge_000313,جلطة,جلطه,DiseaseCondition,"[""جلطة""]|جلطة",0.0,,
ent_merge_000314,حاصاوى,حاصاوي,DiseaseCondition,"[""حاصاوى""]|حاصاوى",0.0,,
ent_merge_000315,حالة نفسية,حاله نفسيه,DiseaseCondition,"[""حالة نفسية""]|حالة نفسية",0.0,,
ent_merge_000316,حالة ولاده,حاله ولاده,DiseaseCondition,"[""حالة ولاده""]|حالة ولاده",0.0,,
ent_merge_000317,حامل,حامل,DiseaseCondition,"[""حامل""]|حامل",0.0,,
ent_merge_000318,حب الشباب,حب الشباب,DiseaseCondition,"[""حب الشباب""]|حب الشباب",0.0,,
ent_merge_000319,حبة الخال,حبه الخال,DiseaseCondition,"""الشامة""|""حبة الخال""]|[""الشامات""|حبة الخال",0.0,,
ent_merge_000320,حبوب شباب,حبوب شباب,DiseaseCondition,"[""حبوب شباب""]|حبوب شباب",0.0,,
ent_merge_000321,حثل المادة البيضاء,حثل الماده البيضاء,DiseaseCondition,"[""حثل المادة البيضاء""]|حثل المادة البيضاء",0.0,,
ent_merge_000322,حديث الولادة,حديث الولاده,DiseaseCondition,"[""حديث الولادة""]|حديث الولادة",0.0,,
ent_merge_000323,حروق,حروق,DiseaseCondition,"[""حروق""]|حروق",0.0,,
ent_merge_000324,حروق المعدة,حروق المعده,DiseaseCondition,"""حروق المعدة""]|[""حرقة المعدة""|حروق المعدة",0.0,,
ent_merge_000325,حزاز,حزاز,DiseaseCondition,"[""حزاز""]|حزاز",0.0,,
ent_merge_000326,حساسية,حساسيه,DiseaseCondition,"""التهاب""|""حساسية أنفية""|""حساسية الأنف""|""حساسية الانف""|""حساسية البرد""|""حساسية الجلد""|""حساسية الصدر""|""حساسية القمح""|""حساسية موسميه""]|""حساسية""|""ربو""|""نزلة معوية""]|[""آرجية""|[""ارتكاريا""|حساسية",0.0,,
ent_merge_000327,حساسية الأسنان,حساسيه الاسنان,DiseaseCondition,"""حساسيه الاسنان""]|[""حساسية الأسنان""|حساسية الأسنان",0.0,,
ent_merge_000328,حساسية الأنف,حساسيه الانف,DiseaseCondition,"[""حساسية الأنف""]|حساسية الأنف",0.0,,
ent_merge_000329,حساسية الصدر,حساسيه الصدر,DiseaseCondition,"""حساسية الصدر""|""حساسيه بالصدر""]|""ربو""]|[""حساسية""|حساسية الصدر",0.0,,
ent_merge_000330,حساسية الغلوتين,حساسيه الغلوتين,DiseaseCondition,"""حساسية الغلوتين""]|[""حساسية""|حساسية الغلوتين",0.0,,
ent_merge_000331,حساسية مهبلية,حساسيه مهبليه,DiseaseCondition,"""حساسية مهبلية""]|[""حساسية""|حساسية مهبلية",0.0,,
ent_merge_000332,حساسية موسمية,حساسيه موسميه,DiseaseCondition,"[""حساسية موسمية""]|حساسية موسمية",0.0,,
ent_merge_000333,حصاة,حصاه,DiseaseCondition,"""حصى""]|[""حصاة""|حصاة",0.0,,
ent_merge_000334,حصوة,حصوه,DiseaseCondition,"[""حصوة""]|حصوة",0.0,,
ent_merge_000335,حصوة الكلى,حصوه الكلي,DiseaseCondition,"[""حصوة الكلى""]|حصوة الكلى",0.0,,
ent_merge_000336,حصى الحالب,حصي الحالب,DiseaseCondition,"[""حصى الحالب""]|حصى الحالب",0.0,,
ent_merge_000337,حصى المرارة,حصي المراره,DiseaseCondition,"""حصى في المرارة""]|[""حصى المرارة""|حصى المرارة",0.0,,
ent_merge_000338,حصى في المرارة,حصي في المراره,DiseaseCondition,"""حصيات المرارة""]|[""حصى في المرارة""|حصى في المرارة",0.0,,
ent_merge_000339,حفر حب الشباب,حفر حب الشباب,DiseaseCondition,"[""حفر حب الشباب""]|حفر حب الشباب",0.0,,
ent_merge_000340,حماض استقلابي,حماض استقلابي,DiseaseCondition,"""حماض استقلابي""]|[""metabolic acidosis""|حماض استقلابي",0.0,,
ent_merge_000341,حمل الأنابيب,حمل الانابيب,DiseaseCondition,"""حمل الأنابيب""|""طفل الأنابيب""]|[""أطفال الأنابيب""|حمل الأنابيب",0.0,,
ent_merge_000342,حموض البول,حموض البول,DiseaseCondition,"""حموض البول""]|[""حمض البول""|حموض البول",0.0,,
ent_merge_000343,حموضه,حموضه,DiseaseCondition,"""حموضه""]|[""حموضة""|حموضه",0.0,,
ent_merge_000344,خراج,خراج,DiseaseCondition,"[""خراج""]|خراج",0.0,,
ent_merge_000345,خشونة عالية في الفقرات,خشونه عاليه في الفقرات,DiseaseCondition,"[""خشونة عالية في الفقرات""]|خشونة عالية في الفقرات",0.0,,
ent_merge_000346,خصية,خصيه,DiseaseCondition,"[""خصية""]|خصية",0.0,,
ent_merge_000347,خلع,خلع,DiseaseCondition,"[""خلع""]|خلع",0.0,,
ent_merge_000348,خلل بالغدة الجاردرقية,خلل بالغده الجاردرقيه,DiseaseCondition,"[""خلل بالغدة الجاردرقية""]|خلل بالغدة الجاردرقية",0.0,,
ent_merge_000349,خلل واضطرابات الغدة النخامية,خلل واضطرابات الغده النخاميه,DiseaseCondition,"[""خلل واضطرابات الغدة النخامية""]|خلل واضطرابات الغدة النخامية",0.0,,
ent_merge_000350,خلية عصبية,خليه عصبيه,DiseaseCondition,"""خلية عصبية""|""خلية ما""]|[""الخلاية العصبية""|خلية عصبية",0.0,,
ent_merge_000351,خمول الغدة الدرقية,خمول الغده الدرقيه,DiseaseCondition,"[""خمول الغدة الدرقية""]|خمول الغدة الدرقية",0.0,,
ent_merge_000352,داء الحثل العظمي,داء الحثل العظمي,DiseaseCondition,"[""داء الحثل العظمي""]|داء الحثل العظمي",0.0,,
ent_merge_000353,داء الحمى,داء الحمي,DiseaseCondition,"""داء الحمى""]|[""الحميات""|داء الحمى",0.0,,
ent_merge_000354,داء الزهايمر,داء الزهايمر,DiseaseCondition,"""داء الزهايمر""]|[""الزهايمر""|داء الزهايمر",0.0,,
ent_merge_000355,داء السكري,داء السكري,DiseaseCondition,"""السكري""|""داء السكري""|""ريباغلينيد""]|""سكر""|""مرض السكري""|""مرضى السكر""]|[""Amarel""|[""السكر""|داء السكري",0.0,,
ent_merge_000356,داء الفيل,داء الفيل,DiseaseCondition,"[""داء الفيل""]|داء الفيل",0.0,,
ent_merge_000357,داء القلب,داء القلب,DiseaseCondition,"""داء القلب""]|[""أمراض القلب""|داء القلب",0.0,,
ent_merge_000358,داء بهجت,داء بهجت,DiseaseCondition,"""مرض بهجت""]|[""داء بهجت""|داء بهجت",0.0,,
ent_merge_000359,داء ويلسون,داء ويلسون,DiseaseCondition,"""مرض ويلسون""]|[""داء ويلسون""|[""داء ويلسون""]|داء ويلسون",0.0,,
ent_merge_000360,دسك,دسك,DiseaseCondition,"[""دسك""]|دسك",0.0,,
ent_merge_000361,دقات القلب المش,دقات القلب المش,DiseaseCondition,"[""دقات القلب المش""]|دقات القلب المش",0.0,,
ent_merge_000362,دمل,دمل,DiseaseCondition,"[""دمل""]|دمل",0.0,,
ent_merge_000363,دهون في الكبد,دهون في الكبد,DiseaseCondition,"[""دهون في الكبد""]|دهون في الكبد",0.0,,
ent_merge_000364,دوالي,دوالي,DiseaseCondition,"[""دوالي""]|دوالي",0.0,,
ent_merge_000365,دوالي الخصيتين,دوالي الخصيتين,DiseaseCondition,"[""دوالي الخصيتين""]|دوالي الخصيتين",0.0,,
ent_merge_000366,دوالي الخصية,دوالي الخصيه,DiseaseCondition,"""دوالي الخصية""|""دوالي على الخصيه اليسرى""]|[""دوالي الخصية""]|[""دوالي""|دوالي الخصية",0.0,,
ent_merge_000367,دوالي الساقين,دوالي الساقين,DiseaseCondition,"""دوالي الساقين""]|[""دوالي الساق""|[""دوالي""|دوالي الساقين",0.0,,
ent_merge_000368,دوالي المريء,دوالي المريء,DiseaseCondition,"[""دوالي المريء""]|دوالي المريء",0.0,,
ent_merge_000369,دورة الحيض,دوره الحيض,DiseaseCondition,"[""دورة الحيض""]|دورة الحيض",0.0,,
ent_merge_000370,دوسنتاريا,دوسنتاريا,DiseaseCondition,"[""دوسنتاريا""]|دوسنتاريا",0.0,,
ent_merge_000371,ربو,ربو,DiseaseCondition,"""الربو القصبي""|""ربو القصبي""]|""ربو""|""ربو""]|[""الربو الشعبي""|[""حساسية الصدر""|ربو",0.0,,
ent_merge_000372,رتجاع مريئي,رتجاع مرييي,DiseaseCondition,"""رتجاع مريئي""]|[""ارتجاع مريئي""|رتجاع مريئي",0.0,,
ent_merge_000373,رتوج القولون,رتوج القولون,DiseaseCondition,"[""رتوج القولون""]|رتوج القولون",0.0,,
ent_merge_000374,رقة الرحم,رقه الرحم,DiseaseCondition,"[""رقة الرحم""]|رقة الرحم",0.0,,
ent_merge_000375,روماتيزم الكلى,روماتيزم الكلي,DiseaseCondition,"[""روماتيزم الكلى""]|روماتيزم الكلى",0.0,,
ent_merge_000376,زوائد لحمية,زوايد لحميه,DiseaseCondition,"[""زوائد لحمية""]|زوائد لحمية",0.0,,
ent_merge_000377,زيادة الوزن,زياده الوزن,DiseaseCondition,"[""زيادة الوزن""]|زيادة الوزن",0.0,,
ent_merge_000378,سرطان,سرطان,DiseaseCondition,"[""سرطان""]|سرطان",0.0,,
ent_merge_000379,سرطان البروستات,سرطان البروستات,DiseaseCondition,"[""سرطان البروستات""]|سرطان البروستات",0.0,,
ent_merge_000380,سرطان البنكرياس,سرطان البنكرياس,DiseaseCondition,"[""سرطان البنكرياس""]|سرطان البنكرياس",0.0,,
ent_merge_000381,سرطان الثدي,سرطان الثدي,DiseaseCondition,"""سرطان الثدي ١""]|[""سرطان الثدي""|[""سرطان الثدي""]|سرطان الثدي",0.0,,
ent_merge_000382,سرطان الرئه,سرطان الريه,DiseaseCondition,"""سرطان الرئه""]|[""سرطان الرئة""|سرطان الرئه",0.0,,
ent_merge_000383,سرطان العظم,سرطان العظم,DiseaseCondition,"[""سرطان العظم""]|سرطان العظم",0.0,,
ent_merge_000384,سرطان العقد اللمفاوية,سرطان العقد اللمفاويه,DiseaseCondition,"""هودجكن""]|[""سرطان العقد اللمفاوية""|سرطان العقد اللمفاوية",0.0,,
ent_merge_000385,سرطان القولون,سرطان القولون,DiseaseCondition,"""سرطان المستقيم""]|[""سرطان القولون""|[""سرطان القولون""]|سرطان القولون",0.0,,
ent_merge_000386,سرطان المستقيم,سرطان المستقيم,DiseaseCondition,"""سرطان المستقيم""]|[""سرطان القولون""|[""سرطان المستقيم""]|سرطان المستقيم",0.0,,
ent_merge_000387,سرعة القذف,سرعه القذف,DiseaseCondition,"""سرعه القذف""|""قذف سريع""]|[""سرعة القذف""|سرعة القذف",0.0,,
ent_merge_000388,سعار,سعار,DiseaseCondition,"[""سعار""]|سعار",0.0,,
ent_merge_000389,سقوط الثدي,سقوط الثدي,DiseaseCondition,"[""سقوط الثدي""]|سقوط الثدي",0.0,,
ent_merge_000390,سكر,سكر,DiseaseCondition,"""سكر""]|""مرض السكر""]|[""داء السكري""|[""سكر""|سكر",0.0,,
ent_merge_000391,سمنة,سمنه,DiseaseCondition,"""السمنة""|""السمنه""|""سمنة""]|[""البدانة""|سمنة",0.0,,
ent_merge_000392,سمنة الأرداف,سمنه الارداف,DiseaseCondition,"""سمنة الأرداف""]|[""سمنة الأرداف""]|[""سمنة""|سمنة الأرداف",0.0,,
ent_merge_000393,سودموناس,سودموناس,DiseaseCondition,"[""سودموناس""]|سودموناس",0.0,,
ent_merge_000394,شرخ شرجي,شرخ شرجي,DiseaseCondition,"[""شرخ شرجي""]|شرخ شرجي",0.0,,
ent_merge_000395,شعيرات دموية,شعيرات دمويه,DiseaseCondition,"[""شعيرات دموية""]|شعيرات دموية",0.0,,
ent_merge_000396,شعيرات عنكبوتية,شعيرات عنكبوتيه,DiseaseCondition,"[""شعيرات عنكبوتية""]|شعيرات عنكبوتية",0.0,,
ent_merge_000397,شفة أرنبية,شفه ارنبيه,DiseaseCondition,"""شفة أرنبية""]|[""الشفة الأرنبية""|شفة أرنبية",0.0,,
ent_merge_000398,شق,شق,DiseaseCondition,"[""شق""]|شق",0.0,,
ent_merge_000399,شقيقة,شقيقه,DiseaseCondition,"[""شقيقة""]|شقيقة",0.0,,
ent_merge_000400,شلل,شلل,DiseaseCondition,"[""شلل""]|شلل",0.0,,
ent_merge_000401,صحة الجسم,صحه الجسم,DiseaseCondition,"[""صحة الجسم""]|صحة الجسم",0.0,,
ent_merge_000402,صدفية,صدفيه,DiseaseCondition,"[""صدفية""]|صدفية",0.0,,
ent_merge_000403,صرع,صرع,DiseaseCondition,"""شحنات كهرباء""|""صرع""|""كهرباء زائدة""]|[""داء الصرع""|[""صرع""]|صرع",0.0,,
ent_merge_000404,صلع,صلع,DiseaseCondition,"[""صلع""]|صلع",0.0,,
ent_merge_000405,ضرس,ضرس,DiseaseCondition,"[""ضرس""]|ضرس",0.0,,
ent_merge_000406,ضعف الانتصاب,ضعف الانتصاب,DiseaseCondition,"[""ضعف الانتصاب""]|ضعف الانتصاب",0.0,,
ent_merge_000407,ضعف الحركة الأمامية,ضعف الحركه الاماميه,DiseaseCondition,"""ضعف الحركه الأماميه""]|[""ضعف الحركة الأمامية""|ضعف الحركة الأمامية",0.0,,
ent_merge_000408,ضعف الدورة الدموية,ضعف الدوره الدمويه,DiseaseCondition,"[""ضعف الدورة الدموية""]|ضعف الدورة الدموية",0.0,,
ent_merge_000409,ضعف المبايض,ضعف المبايض,DiseaseCondition,"[""ضعف المبايض""]|ضعف المبايض",0.0,,
ent_merge_000410,ضعف المناعه,ضعف المناعه,DiseaseCondition,"[""ضعف المناعة""]|[""ضعف المناعه""]|ضعف المناعه",0.0,,
ent_merge_000411,ضعف جهاز المناعة,ضعف جهاز المناعه,DiseaseCondition,"[""ضعف جهاز المناعة""]|ضعف جهاز المناعة",0.0,,
ent_merge_000412,ضعف عضلة القلب,ضعف عضله القلب,DiseaseCondition,"""ضعف في ضخ القلب""]|[""ضعف عضلة القلب""|ضعف عضلة القلب",0.0,,
ent_merge_000413,ضعف فى الدورة,ضعف في الدوره,DiseaseCondition,"[""ضعف فى الدورة""]|ضعف فى الدورة",0.0,,
ent_merge_000414,ضغط الدم,ضغط الدم,DiseaseCondition,"""ضغط الدم""]|[""ارتفاع ضغط الدم""|ضغط الدم",0.0,,
ent_merge_000415,ضغط العين,ضغط العين,DiseaseCondition,"""ضغط عين""]|[""ضغط العين""|ضغط العين",0.0,,
ent_merge_000416,ضغط فقرات عظام الرقبة,ضغط فقرات عظام الرقبه,DiseaseCondition,"[""ضغط فقرات عظام الرقبة""]|ضغط فقرات عظام الرقبة",0.0,,
ent_merge_000417,طفح جلدي,طفح جلدي,DiseaseCondition,"""طفح جلدي""]|[""الطفح الجلدي""|طفح جلدي",0.0,,
ent_merge_000418,طفرات جينية,طفرات جينيه,DiseaseCondition,"[""طفرات جينية""]|طفرات جينية",0.0,,
ent_merge_000419,عدم الإباضة,عدم الاباضه,DiseaseCondition,"[""عدم الإباضة""]|عدم الإباضة",0.0,,
ent_merge_000420,عدم الحمل,عدم الحمل,DiseaseCondition,"""عدم الحمل""]|[""عدم الانجاب""|عدم الحمل",0.0,,
ent_merge_000421,عدوى الميكروبات,عدوي الميكروبات,DiseaseCondition,"[""عدوى الميكروبات""]|عدوى الميكروبات",0.0,,
ent_merge_000422,عدوى فيروسية,عدوي فيروسيه,DiseaseCondition,"[""عدوى فيروسية""]|عدوى فيروسية",0.0,,
ent_merge_000423,عرق النسا,عرق النسا,DiseaseCondition,"[""عرق النسا""]|عرق النسا",0.0,,
ent_merge_000424,عرق النسى,عرق النسي,DiseaseCondition,"[""عرق النسى""]|عرق النسى",0.0,,
ent_merge_000425,عسر الهضم,عسر الهضم,DiseaseCondition,"[""عسر الهضم""]|عسر الهضم",0.0,,
ent_merge_000426,عضلة القلب,عضله القلب,DiseaseCondition,"[""عضلة القلب""]|عضلة القلب",0.0,,
ent_merge_000427,علم الشيخوخة,علم الشيخوخه,DiseaseCondition,"[""علم الشيخوخة""]|علم الشيخوخة",0.0,,
ent_merge_000428,غدد ليمفاوية,غدد ليمفاويه,DiseaseCondition,"[""غدد ليمفاوية""]|غدد ليمفاوية",0.0,,
ent_merge_000429,غدة درقية,غده درقيه,DiseaseCondition,"""غدة درقية""]|[""الغدة الدرقية""|غدة درقية",0.0,,
ent_merge_000430,غدة دهنية,غده دهنيه,DiseaseCondition,"""غده دهنيه""]|[""غدة دهنية""|غدة دهنية",0.0,,
ent_merge_000431,غشاء البكارة,غشاء البكاره,DiseaseCondition,"[""غشاء البكارة""]|غشاء البكارة",0.0,,
ent_merge_000432,فتحة في القلب,فتحه في القلب,DiseaseCondition,"[""فتحة في القلب""]|فتحة في القلب",0.0,,
ent_merge_000433,فتق السرة,فتق السره,DiseaseCondition,"""فتق السرة""]|[""بروز السرة""|فتق السرة",0.0,,
ent_merge_000434,فتق باب المعدة,فتق باب المعده,DiseaseCondition,"""فتق باب المعدة""]|[""إلتهاب في أسفل المرىء""|[""فتق باب المعدة""]|فتق باب المعدة",0.0,,
ent_merge_000435,فتق سري,فتق سري,DiseaseCondition,"""فتق سري""]|[""الفتق السري""|فتق سري",0.0,,
ent_merge_000436,فرط التعرق,فرط التعرق,DiseaseCondition,"""فرط التعرق الأوّلي""|""فرط التعرق الثانوي""|""فرط التعرق العام""|""فرط التعرق الموضعي""]|[""فرط التعرق""|فرط التعرق",0.0,,
ent_merge_000437,فرط شحميات الدم,فرط شحميات الدم,DiseaseCondition,"[""فرط شحميات الدم""]|فرط شحميات الدم",0.0,,
ent_merge_000438,فرط صوديوم الدم,فرط صوديوم الدم,DiseaseCondition,"""نقص صوديوم الدم""]|[""فرط صوديوم الدم""|فرط صوديوم الدم",0.0,,
ent_merge_000439,فرط فيتامين أ,فرط فيتامين ا,DiseaseCondition,"[""فرط فيتامين أ""]|فرط فيتامين أ",0.0,,
ent_merge_000440,فرط كالسيوم الدم,فرط كالسيوم الدم,DiseaseCondition,"[""فرط كالسيوم الدم""]|فرط كالسيوم الدم",0.0,,
ent_merge_000441,فشل القلب,فشل القلب,DiseaseCondition,"[""فشل القلب""]|فشل القلب",0.0,,
ent_merge_000442,فشل قلبي,فشل قلبي,DiseaseCondition,"""فشل قلبي""]|[""فشل القلب""|فشل قلبي",0.0,,
ent_merge_000443,فشل كلوى,فشل كلوي,DiseaseCondition,"""فشل كلوي""]|[""فشل كلوى""|فشل كلوى",0.0,,
ent_merge_000444,فطريات,فطريات,DiseaseCondition,"[""فطريات""]|فطريات",0.0,,
ent_merge_000445,فطريات الفم,فطريات الفم,DiseaseCondition,"[""فطريات الفم""]|فطريات الفم",0.0,,
ent_merge_000446,فقر الدم,فقر الدم,DiseaseCondition,"""الانيميا""|""انيميا""|""فقر الدم""]|""فقر""|[""أنيميا""|[""انيميا الفول (G6PD)""|فقر الدم",0.0,,
ent_merge_000447,فقر الدم الانحلالي,فقر الدم الانحلالي,DiseaseCondition,"[""فقر الدم الانحلالي""]|فقر الدم الانحلالي",0.0,,
ent_merge_000448,فقر دم,فقر دم,DiseaseCondition,"[""فقر دم""]|فقر دم",0.0,,
ent_merge_000449,فوبيا,فوبيا,DiseaseCondition,"[""فوبيا""]|فوبيا",0.0,,
ent_merge_000450,فيرس B,فيرس b,DiseaseCondition,"[""فيرس B""]|فيرس B",0.0,,
ent_merge_000451,فيروس الالتهاب الكبدي,فيروس الالتهاب الكبدي,DiseaseCondition,"""فيروس الالتهاب الكبدي""]|[""Virus - hepatitis""|فيروس الالتهاب الكبدي",0.0,,
ent_merge_000452,فيروس الكبد,فيروس الكبد,DiseaseCondition,"[""فيروس الكبد""]|فيروس الكبد",0.0,,
ent_merge_000453,فيروسات الكبد,فيروسات الكبد,DiseaseCondition,"[""فيروسات الكبد""]|فيروسات الكبد",0.0,,
ent_merge_000454,قذف سريع,قذف سريع,DiseaseCondition,"[""قذف سريع""]|قذف سريع",0.0,,
ent_merge_000455,قرحة,قرحه,DiseaseCondition,"""قرحه""]|[""قرحة""|[""قرحة""]|قرحة",0.0,,
ent_merge_000456,قرحة المعدة,قرحه المعده,DiseaseCondition,"""قرحة المعدة""]|[""قرحة المعدة""]|[""قرحة""|قرحة المعدة",0.0,,
ent_merge_000457,قرحة معدة,قرحه معده,DiseaseCondition,"[""قرحة معدة""]|قرحة معدة",0.0,,
ent_merge_000458,قشرة الرأس,قشره الراس,DiseaseCondition,"[""قشرة الرأس""]|قشرة الرأس",0.0,,
ent_merge_000459,قصزر الغدة الدرقية,قصزر الغده الدرقيه,DiseaseCondition,"[""قصزر الغدة الدرقية""]|قصزر الغدة الدرقية",0.0,,
ent_merge_000460,قصور الغدة الدرقية,قصور الغده الدرقيه,DiseaseCondition,"[""قصور الغدة الدرقية""]|قصور الغدة الدرقية",0.0,,
ent_merge_000461,قصور الغدة النخامية,قصور الغده النخاميه,DiseaseCondition,"[""قصور الغدة النخامية""]|قصور الغدة النخامية",0.0,,
ent_merge_000462,قصور عضلة القلب,قصور عضله القلب,DiseaseCondition,"[""قصور عضلة القلب""]|قصور عضلة القلب",0.0,,
ent_merge_000463,قصور في وظيفة الكلى,قصور في وظيفه الكلي,DiseaseCondition,"""هبوط فى الكلى""]|[""قصور في وظيفة الكلى""|قصور في وظيفة الكلى",0.0,,
ent_merge_000464,قلاء أيزي,قلاء ايزي,DiseaseCondition,"""قلاء أيزي""]|[""metabolic alkalosis""|قلاء أيزي",0.0,,
ent_merge_000465,قلاع فموي,قلاع فموي,DiseaseCondition,"[""قلاع فموي""]|قلاع فموي",0.0,,
ent_merge_000466,قلق,قلق,DiseaseCondition,"[""قلق""]|قلق",0.0,,
ent_merge_000467,قهم العصابي,قهم العصابي,DiseaseCondition,"""قهم العصابي""]|[""anorexia nervosa""|قهم العصابي",0.0,,
ent_merge_000468,كانديدا,كانديدا,DiseaseCondition,"[""كانديدا""]|كانديدا",0.0,,
ent_merge_000469,كبر حجم الثدي,كبر حجم الثدي,DiseaseCondition,"[""كبر حجم الثدي""]|كبر حجم الثدي",0.0,,
ent_merge_000470,كتله,كتله,DiseaseCondition,"[""كتله""]|كتله",0.0,,
ent_merge_000471,كتلة دهنية,كتله دهنيه,DiseaseCondition,"[""كتلة دهنية""]|كتلة دهنية",0.0,,
ent_merge_000472,كدمة,كدمه,DiseaseCondition,"[""كدمة""]|كدمة",0.0,,
ent_merge_000473,كرات الدم البيضاء,كرات الدم البيضاء,DiseaseCondition,"[""كرات الدم البيضاء""]|كرات الدم البيضاء",0.0,,
ent_merge_000474,كرش,كرش,DiseaseCondition,"[""كرش""]|كرش",0.0,,
ent_merge_000475,كسر,كسر,DiseaseCondition,"[""كسر""]|كسر",0.0,,
ent_merge_000476,كسور,كسور,DiseaseCondition,"[""كسور""]|كسور",0.0,,
ent_merge_000477,كسور العظام,كسور العظام,DiseaseCondition,"[""كسور العظام""]|كسور العظام",0.0,,
ent_merge_000478,كلف,كلف,DiseaseCondition,"[""كلف""]|كلف",0.0,,
ent_merge_000479,كيس دهني,كيس دهني,DiseaseCondition,"[""كيس دهني""]|كيس دهني",0.0,,
ent_merge_000480,كيس رطب,كيس رطب,DiseaseCondition,"[""كيس رطب""]|كيس رطب",0.0,,
ent_merge_000481,كيس على المبيض,كيس علي المبيض,DiseaseCondition,"""كيس على المبيض""|""كيس علي المبيض""]|[""كيس""|كيس على المبيض",0.0,,
ent_merge_000482,كيس في المبيض,كيس في المبيض,DiseaseCondition,"""كيس في المبيض""]|[""التكيس""|كيس في المبيض",0.0,,
ent_merge_000483,كيس ماء تحت الجلد,كيس ماء تحت الجلد,DiseaseCondition,"""كيس ماء تحت الجلد""]|[""كيس ماء""|كيس ماء تحت الجلد",0.0,,
ent_merge_000484,كيس ماء في الخصية,كيس ماء في الخصيه,DiseaseCondition,"[""كيس ماء في الخصية""]|كيس ماء في الخصية",0.0,,
ent_merge_000485,كيس منفوخ,كيس منفوخ,DiseaseCondition,"[""كيس منفوخ""]|كيس منفوخ",0.0,,
ent_merge_000486,كيسة دهنية,كيسه دهنيه,DiseaseCondition,"""كيسة دهنية""]|[""كتلة شحمية""|كيسة دهنية",0.0,,
ent_merge_000487,لحمية,لحميه,DiseaseCondition,"[""لحمية""]|لحمية",0.0,,
ent_merge_000488,لحمية الرحم,لحميه الرحم,DiseaseCondition,"""لحمية الرحم""|""لحميه الرحم""]|[""لحمية""|لحمية الرحم",0.0,,
ent_merge_000489,لياقة بدنية,لياقه بدنيه,DiseaseCondition,"[""لياقة بدنية""]|لياقة بدنية",0.0,,
ent_merge_000490,متلازمة Chiari,متلازمه chiari,DiseaseCondition,"[""متلازمة Chiari""]|متلازمة Chiari",0.0,,
ent_merge_000491,متلازمة ادوارد,متلازمه ادوارد,DiseaseCondition,"[""متلازمة ادوارد""]|متلازمة ادوارد",0.0,,
ent_merge_000492,متلازمة القولون,متلازمه القولون,DiseaseCondition,"[""متلازمة القولون""]|متلازمة القولون",0.0,,
ent_merge_000493,متلازمة القولون العصابي,متلازمه القولون العصابي,DiseaseCondition,"[""متلازمة القولون العصابي""]|متلازمة القولون العصابي",0.0,,
ent_merge_000494,متلازمة القولون العصبي,متلازمه القولون العصبي,DiseaseCondition,"""متلازمة القولون العصبي""]|[""القولون العصبي""|متلازمة القولون العصبي",0.0,,
ent_merge_000495,متلازمة داون,متلازمه داون,DiseaseCondition,"""التهاب""|""حساسية الصدر""|""داء بازيديو""|""ربو""|""متلازمة داون""|""متلازمة داون""]|""نزلة معوية""]|[""ارتكاريا""|[""داون""|متلازمة داون",0.0,,
ent_merge_000496,متلازمة عدم الحساسية للأندروجين الكاملة,متلازمه عدم الحساسيه للاندروجين الكامله,DiseaseCondition,"""متلازمة عدم الحساسية للأندروجين الكاملة""]|[""Complete Androgen insensitivity""|متلازمة عدم الحساسية للأندروجين الكاملة",0.0,,
ent_merge_000497,متلازمة مارفان,متلازمه مارفان,DiseaseCondition,"[""متلازمة مارفان""]|متلازمة مارفان",0.0,,
ent_merge_000498,متلازمة نقص الحساسية الجزئي للأندروجين,متلازمه نقص الحساسيه الجزيي للاندروجين,DiseaseCondition,"""متلازمة نقص الحساسية الجزئي للأندروجين""]|[""Partial androgen insensitivity syndrome""|متلازمة نقص الحساسية الجزئي للأندروجين",0.0,,
ent_merge_000499,متلازمة نونان,متلازمه نونان,DiseaseCondition,"[""متلازمة نونان""]|متلازمة نونان",0.0,,
ent_merge_000500,مرارة,مراره,DiseaseCondition,"[""مرارة""]|مرارة",0.0,,
ent_merge_000501,مرض الإيدز,مرض الايدز,DiseaseCondition,"""مرض الإيدز""|""مرض الايدز""]|[""ليدز""|مرض الإيدز",0.0,,
ent_merge_000502,مرض التشمع الصفراوي,مرض التشمع الصفراوي,DiseaseCondition,"[""مرض التشمع الصفراوي""]|مرض التشمع الصفراوي",0.0,,
ent_merge_000503,مرض الرنح الوراثي,مرض الرنح الوراثي,DiseaseCondition,"[""مرض الرنح الوراثي""]|مرض الرنح الوراثي",0.0,,
ent_merge_000504,مرض الزهايمر,مرض الزهايمر,DiseaseCondition,"[""مرض الزهايمر""]|مرض الزهايمر",0.0,,
ent_merge_000505,مرض السكري,مرض السكري,DiseaseCondition,"""سكري""|""مرض السكرى""]|""مرض السكري""]|[""السكري""|[""مرض السكر""|مرض السكري",0.0,,
ent_merge_000506,مرض الصدر,مرض الصدر,DiseaseCondition,"""مرض الصدر""]|[""امراض الصدر""|مرض الصدر",0.0,,
ent_merge_000507,مرض الغدة الدرقية,مرض الغده الدرقيه,DiseaseCondition,"""مرض الغدة الدرقية""]|[""جيتر""|[""حساسية الصدر""|مرض الغدة الدرقية",0.0,,
ent_merge_000508,مرض القلب,مرض القلب,DiseaseCondition,"""مرض قلبي""]|[""مرض القلب""|مرض القلب",0.0,,
ent_merge_000509,مرض الكلى,مرض الكلي,DiseaseCondition,"[""مرض الكلى""]|مرض الكلى",0.0,,
ent_merge_000510,مرض باركنسون,مرض باركنسون,DiseaseCondition,"[""مرض باركنسون""]|مرض باركنسون",0.0,,
ent_merge_000511,مرض بيروني,مرض بيروني,DiseaseCondition,"""مرض بيروني""]|[""بيروني""|مرض بيروني",0.0,,
ent_merge_000512,مرض تحت القلب,مرض تحت القلب,DiseaseCondition,"[""مرض تحت القلب""]|مرض تحت القلب",0.0,,
ent_merge_000513,مرض تشمع الكبد,مرض تشمع الكبد,DiseaseCondition,"[""مرض تشمع الكبد""]|مرض تشمع الكبد",0.0,,
ent_merge_000514,مرض زيادة الكريات الحمر,مرض زياده الكريات الحمر,DiseaseCondition,"""مرض زيادة الكريات الحمر""]|[""polycythemia vera""|مرض زيادة الكريات الحمر",0.0,,
ent_merge_000515,مرض فردرايخ,مرض فردرايخ,DiseaseCondition,"[""مرض فردرايخ""]|مرض فردرايخ",0.0,,
ent_merge_000516,مرض فنير كتنوري,مرض فنير كتنوري,DiseaseCondition,"[""مرض فنير كتنوري""]|مرض فنير كتنوري",0.0,,
ent_merge_000517,مرض كورن,مرض كورن,DiseaseCondition,"[""مرض كورن""]|مرض كورن",0.0,,
ent_merge_000518,مرض وراثي,مرض وراثي,DiseaseCondition,"[""مرض وراثي""]|مرض وراثي",0.0,,
ent_merge_000519,مرضعة,مرضعه,DiseaseCondition,"[""مرضعة""]|مرضعة",0.0,,
ent_merge_000520,مشاكل الجهاز التنفسي,مشاكل الجهاز التنفسي,DiseaseCondition,"[""مشاكل الجهاز التنفسي""]|مشاكل الجهاز التنفسي",0.0,,
ent_merge_000521,مشاكل عقليه,مشاكل عقليه,DiseaseCondition,"[""مشاكل عقليه""]|مشاكل عقليه",0.0,,
ent_merge_000522,مشاكل في الكبد,مشاكل في الكبد,DiseaseCondition,"[""مشاكل في الكبد""]|مشاكل في الكبد",0.0,,
ent_merge_000523,مشكلة بالغدة الدرقية,مشكله بالغده الدرقيه,DiseaseCondition,"[""مشكلة بالغدة الدرقية""]|مشكلة بالغدة الدرقية",0.0,,
ent_merge_000524,مشكلة بالكلي,مشكله بالكلي,DiseaseCondition,"[""مشكلة بالكلي""]|مشكلة بالكلي",0.0,,
ent_merge_000525,مقاومة الأنسولين,مقاومه الانسولين,DiseaseCondition,"[""مقاومة الأنسولين""]|مقاومة الأنسولين",0.0,,
ent_merge_000526,موت,موت,DiseaseCondition,"""موت""]|[""الموت""|موت",0.0,,
ent_merge_000527,ناسور,ناسور,DiseaseCondition,"[""ناسور""]|ناسور",0.0,,
ent_merge_000528,نحافة,نحافه,DiseaseCondition,"""نحافه""]|[""نحافة""|نحافة",0.0,,
ent_merge_000529,نخر الأسنان,نخر الاسنان,DiseaseCondition,"""نخر الأسنان""]|[""نخر""|نخر الأسنان",0.0,,
ent_merge_000530,ندبات,ندبات,DiseaseCondition,"[""ندبات""]|ندبات",0.0,,
ent_merge_000531,ندبات حب الشباب,ندبات حب الشباب,DiseaseCondition,"[""ندبات حب الشباب""]|ندبات حب الشباب",0.0,,
ent_merge_000532,نزف من القولون,نزف من القولون,DiseaseCondition,"[""نزف من القولون""]|نزف من القولون",0.0,,
ent_merge_000533,نزلات البرد,نزلات البرد,DiseaseCondition,"[""نزلات البرد""]|نزلات البرد",0.0,,
ent_merge_000534,نزلة البرد,نزله البرد,DiseaseCondition,"[""نزلة البرد""]|نزلة البرد",0.0,,
ent_merge_000535,نزلة معوية,نزله معويه,DiseaseCondition,"""التهاب""|""حساسية الصدر""|""حساسية""|""ربو""|""نزلة معوية""]|""نزله معويه""]|[""ارتكاريا""|[""نزلة معوية""|نزلة معوية",0.0,,
ent_merge_000536,نزيف,نزيف,DiseaseCondition,"[""نزيف""]|نزيف",0.0,,
ent_merge_000537,نزيف المخ,نزيف المخ,DiseaseCondition,"""نزيف تحت الام العنكبوتية""]|[""نزيف المخ""|نزيف المخ",0.0,,
ent_merge_000538,نقص الالبومين,نقص الالبومين,DiseaseCondition,"[""نقص الالبومين""]|نقص الالبومين",0.0,,
ent_merge_000539,نقص الألدوستيرون الكاذب,نقص الالدوستيرون الكاذب,DiseaseCondition,"[""نقص الألدوستيرون الكاذب""]|نقص الألدوستيرون الكاذب",0.0,,
ent_merge_000540,نقص التروية,نقص الترويه,DiseaseCondition,"[""نقص التروية""]|نقص التروية",0.0,,
ent_merge_000541,نقص التغذية,نقص التغذيه,DiseaseCondition,"""نقص في التغذية""]|[""نقص التغذية""|نقص التغذية",0.0,,
ent_merge_000542,نقص التهوية,نقص التهويه,DiseaseCondition,"[""نقص التهوية""]|نقص التهوية",0.0,,
ent_merge_000543,نقص الحديد,نقص الحديد,DiseaseCondition,"[""نقص الحديد""]|نقص الحديد",0.0,,
ent_merge_000544,نقص الدرق,نقص الدرق,DiseaseCondition,"[""نقص الدرق""]|نقص الدرق",0.0,,
ent_merge_000545,نقص السكر,نقص السكر,DiseaseCondition,"[""نقص السكر""]|نقص السكر",0.0,,
ent_merge_000546,نقص الكرياتين,نقص الكرياتين,DiseaseCondition,"""نقص مادة الكرياتين""]|[""نقص الكرياتين""|نقص الكرياتين",0.0,,
ent_merge_000547,نقص في التغذية,نقص في التغذيه,DiseaseCondition,"[""نقص في التغذية""]|نقص في التغذية",0.0,,
ent_merge_000548,نقص في الكالسيوم,نقص في الكالسيوم,DiseaseCondition,"[""نقص في الكالسيوم""]|نقص في الكالسيوم",0.0,,
ent_merge_000549,نقص في الهرمونات,نقص في الهرمونات,DiseaseCondition,"""نقص في الهرمونات""]|[""نقص الهرمونات""|نقص في الهرمونات",0.0,,
ent_merge_000550,نقص فيتامين ب 12,نقص فيتامين ب 12,DiseaseCondition,"[""نقص فيتامين ب 12""]|نقص فيتامين ب 12",0.0,,
ent_merge_000551,نقص فيتامين ب 6,نقص فيتامين ب 6,DiseaseCondition,"[""نقص فيتامين ب 6""]|نقص فيتامين ب 6",0.0,,
ent_merge_000552,نقص فيتامين د,نقص فيتامين د,DiseaseCondition,"[""نقص فيتامين د""]|نقص فيتامين د",0.0,,
ent_merge_000553,نقص هرمون الغدة الدرقية,نقص هرمون الغده الدرقيه,DiseaseCondition,"""نقص هرمون الغدة الدرقية""]|[""نقص هرمون الغدة""|نقص هرمون الغدة الدرقية",0.0,,
ent_merge_000554,نقص هرمونات,نقص هرمونات,DiseaseCondition,"""نقص هرمونات""]|[""نقص هرمون""|[""نقص هرمونات""]|نقص هرمونات",0.0,,
ent_merge_000555,نمش,نمش,DiseaseCondition,"[""نمش""]|نمش",0.0,,
ent_merge_000556,نوبات الهلع,نوبات الهلع,DiseaseCondition,"[""نوبات الهلع""]|نوبات الهلع",0.0,,
ent_merge_000557,نيكوتين,نيكوتين,DiseaseCondition,"[""نيكوتين""]|نيكوتين",0.0,,
ent_merge_000558,نيوفيبروما,نيوفيبروما,DiseaseCondition,"[""نيوفيبروما""]|نيوفيبروما",0.0,,
ent_merge_000559,هبوط الضغط,هبوط الضغط,DiseaseCondition,"""هبوط الضغط""]|[""انخفاض ضغط الدم""|هبوط الضغط",0.0,,
ent_merge_000560,هبوط عمل الكلى,هبوط عمل الكلي,DiseaseCondition,"[""هبوط عمل الكلى""]|هبوط عمل الكلى",0.0,,
ent_merge_000561,هرمون الاستروجين,هرمون الاستروجين,DiseaseCondition,"""هرمون الاستروجين""]|[""هرمون الاستراديول""|هرمون الاستروجين",0.0,,
ent_merge_000562,هرمون البروجسترون,هرمون البروجسترون,DiseaseCondition,"[""هرمون البروجسترون""]|هرمون البروجسترون",0.0,,
ent_merge_000563,هرمون التستو سيترون,هرمون التستو سيترون,DiseaseCondition,"[""هرمون التستو سيترون""]|هرمون التستو سيترون",0.0,,
ent_merge_000564,هرمون الحليب,هرمون الحليب,DiseaseCondition,"""هرمون الحليب""]|[""البرولاكتين""|هرمون الحليب",0.0,,
ent_merge_000565,هرمون الغدة الدرقية,هرمون الغده الدرقيه,DiseaseCondition,"[""هرمون الغدة الدرقية""]|هرمون الغدة الدرقية",0.0,,
ent_merge_000566,هرمون اللبن,هرمون اللبن,DiseaseCondition,"[""هرمون اللبن""]|هرمون اللبن",0.0,,
ent_merge_000567,هشاشة العظام,هشاشه العظام,DiseaseCondition,"[""هشاشة العظام""]|هشاشة العظام",0.0,,
ent_merge_000568,ورم,ورم,DiseaseCondition,"""ورم""]|[""كيس""|[""ورم""]|ورم",0.0,,
ent_merge_000569,ورم البرولاكتين,ورم البرولاكتين,DiseaseCondition,"[""ورم البرولاكتين""]|ورم البرولاكتين",0.0,,
ent_merge_000570,ورم بالغده النخاميه,ورم بالغده النخاميه,DiseaseCondition,"""ورم بالغده النخاميه""]|[""ورم بالغدة النخامية""|ورم بالغده النخاميه",0.0,,
ent_merge_000571,ورم دموي,ورم دموي,DiseaseCondition,"[""ورم دموي""]|ورم دموي",0.0,,
ent_merge_000572,ورم عصب السمع,ورم عصب السمع,DiseaseCondition,"[""ورم عصب السمع""]|ورم عصب السمع",0.0,,
ent_merge_000573,ورم ليفي,ورم ليفي,DiseaseCondition,"[""ورم ليفي""]|ورم ليفي",0.0,,
ent_merge_000574,ورم وعائي,ورم وعايي,DiseaseCondition,"""ورم وعائي""]|[""ورم الوعائي""|ورم وعائي",0.0,,
ent_merge_000575,وريد مغلق,وريد مغلق,DiseaseCondition,"[""وريد مغلق""]|وريد مغلق",0.0,,
ent_merge_000576,وزن زائد,وزن زايد,DiseaseCondition,"[""وزن زائد""]|وزن زائد",0.0,,
ent_merge_000577,وسواس قهري,وسواس قهري,DiseaseCondition,"[""وسواس قهري""]|وسواس قهري",0.0,,
ent_merge_000578,ولادة,ولاده,DiseaseCondition,"[""ولادة""]|ولادة",0.0,,
ent_merge_000579,ولادة مبكرة,ولاده مبكره,DiseaseCondition,"""ولادة مبكرة""|""ولاده مبكره""]|[""ولادة مبكر""|ولادة مبكرة",0.0,,
ent_merge_000580,آثار جانبية,اثار جانبيه,Symptom,"[""آثار جانبية""]|آثار جانبية",0.0,,
ent_merge_000581,أجسام مضادة,اجسام مضاده,Symptom,"[""أجسام مضادة""]|أجسام مضادة",0.0,,
ent_merge_000582,احتقان الحلق,احتقان الحلق,Symptom,"[""احتقان الحلق""]|احتقان الحلق",0.0,,
ent_merge_000583,إحتقان في الأنف,احتقان في الانف,Symptom,"[""إحتقان في الأنف""]|إحتقان في الأنف",0.0,,
ent_merge_000584,إحتقان في الوجه,احتقان في الوجه,Symptom,"[""إحتقان في الوجه""]|إحتقان في الوجه",0.0,,
ent_merge_000585,احمرار,احمرار,Symptom,"[""احمرار""]|احمرار",0.0,,
ent_merge_000586,اختلال الذاكره,اختلال الذاكره,Symptom,"[""اختلال الذاكره""]|اختلال الذاكره",0.0,,
ent_merge_000587,اختلال وظائف الكبد,اختلال وظايف الكبد,Symptom,"[""اختلال وظائف الكبد""]|اختلال وظائف الكبد",0.0,,
ent_merge_000588,اختلال وظائف الكلى,اختلال وظايف الكلي,Symptom,"[""اختلال وظائف الكلى""]|اختلال وظائف الكلى",0.0,,
ent_merge_000589,اذية كلوية,اذيه كلويه,Symptom,"[""اذية كلوية""]|اذية كلوية",0.0,,
ent_merge_000590,ارتخاء,ارتخاء,Symptom,"[""ارتخاء""]|ارتخاء",0.0,,
ent_merge_000591,ارتعاش,ارتعاش,Symptom,"[""ارتعاش""]|ارتعاش",0.0,,
ent_merge_000592,ارتعاش اليدين,ارتعاش اليدين,Symptom,"""ارتعاش اليدين""]|[""ارتعاش""|ارتعاش اليدين",0.0,,
ent_merge_000593,إرتفاع الحرارة,ارتفاع الحراره,Symptom,"[""إرتفاع الحرارة""]|إرتفاع الحرارة",0.0,,
ent_merge_000594,ارتفاع في بوتاسيوم الدم,ارتفاع في بوتاسيوم الدم,Symptom,"[""ارتفاع في بوتاسيوم الدم""]|ارتفاع في بوتاسيوم الدم",0.0,,
ent_merge_000595,ارتفاع وظائف الكلى,ارتفاع وظايف الكلي,Symptom,"[""ارتفاع وظائف الكلى""]|ارتفاع وظائف الكلى",0.0,,
ent_merge_000596,أرق,ارق,Symptom,"[""أرق""]|أرق",0.0,,
ent_merge_000597,إرهاق,ارهاق,Symptom,"""ارهاق""]|[""إرهاق""|إرهاق",0.0,,
ent_merge_000598,ازرقاء القدم,ازرقاء القدم,Symptom,"[""ازرقاء القدم""]|ازرقاء القدم",0.0,,
ent_merge_000599,استفراغ,استفراغ,Symptom,"""استفرغ""]|[""استفراغ""|استفراغ",0.0,,
ent_merge_000600,إسهال,اسهال,Symptom,"""اسهال""]|[""إسهال""|[""إسهال""]|إسهال",0.0,,
ent_merge_000601,اصفرار العين,اصفرار العين,Symptom,"""اصفرار في العين""]|[""اصفرار العين""|اصفرار العين",0.0,,
ent_merge_000602,اصفرار في العين,اصفرار في العين,Symptom,"""اصفرار في العين""]|[""أصفرار بياض العين""|اصفرار في العين",0.0,,
ent_merge_000603,إعاقة التنفس,اعاقه التنفس,Symptom,"[""إعاقة التنفس""]|إعاقة التنفس",0.0,,
ent_merge_000604,افرازات,افرازات,Symptom,"""افرازات من اللعاب""]|[""افرازات""|افرازات",0.0,,
ent_merge_000605,افرضات مهبلية,افرضات مهبليه,Symptom,"""افرضات مهبلية""]|[""إفرازات مهبلية""|افرضات مهبلية",0.0,,
ent_merge_000606,اكتئاب,اكتياب,Symptom,"[""اكتئاب""]|اكتئاب",0.0,,
ent_merge_000607,الاباضه,الاباضه,Symptom,"[""الاباضه""]|الاباضه",0.0,,
ent_merge_000608,الاحساس بالتقيؤ,الاحساس بالتقيو,Symptom,"[""الاحساس بالتقيؤ""]|الاحساس بالتقيؤ",0.0,,
ent_merge_000609,الإختناق,الاختناق,Symptom,"[""الإختناق""]|الإختناق",0.0,,
ent_merge_000610,الارتباك,الارتباك,Symptom,"[""الارتباك""]|الارتباك",0.0,,
ent_merge_000611,الاسهال,الاسهال,Symptom,"[""الاسهال""]|الاسهال",0.0,,
ent_merge_000612,الاسيد,الاسيد,Symptom,"[""الاسيد""]|الاسيد",0.0,,
ent_merge_000613,الاصفرار,الاصفرار,Symptom,"""الاصفرار""]|[""yellowing""|[""الاصفرار""]|الاصفرار",0.0,,
ent_merge_000614,الإفراط في تناول الطعام,الافراط في تناول الطعام,Symptom,"[""الإفراط في تناول الطعام""]|الإفراط في تناول الطعام",0.0,,
ent_merge_000615,الالام,الالام,Symptom,"[""الالام""]|الالام",0.0,,
ent_merge_000616,الألم,الالم,Symptom,"""الالم""|""الم""]|[""الألم""|[""الالم""]|الألم|الالم",0.0,,
ent_merge_000617,الام,الام,Symptom,"""الآلام""]|""الام""|""الامه""]|[""آلام""|آلام|الام",0.0,,
ent_merge_000618,الام المعدة,الام المعده,Symptom,"[""الام المعدة""]|الام المعدة",0.0,,
ent_merge_000619,آلام بالظهر,الام بالظهر,Symptom,"[""آلام بالظهر""]|آلام بالظهر",0.0,,
ent_merge_000620,الام بالعضلات,الام بالعضلات,Symptom,"[""الام بالعضلات""]|الام بالعضلات",0.0,,
ent_merge_000621,آلام بالكتفين,الام بالكتفين,Symptom,"[""آلام بالكتفين""]|آلام بالكتفين",0.0,,
ent_merge_000622,آلام بالكتيفين,الام بالكتيفين,Symptom,"[""آلام بالكتيفين""]|آلام بالكتيفين",0.0,,
ent_merge_000623,آلام في البطن,الام في البطن,Symptom,"[""آلام في البطن""]|آلام في البطن",0.0,,
ent_merge_000624,آلام في المفاصل,الام في المفاصل,Symptom,"[""آلام في المفاصل""]|آلام في المفاصل",0.0,,
ent_merge_000625,الإمساك,الامساك,Symptom,"""الامساك""]|[""الإمساك""|الإمساك",0.0,,
ent_merge_000626,الانتفاخ,الانتفاخ,Symptom,"[""الانتفاخ""]|الانتفاخ",0.0,,
ent_merge_000627,الانف,الانف,Symptom,"[""الانف""]|الانف",0.0,,
ent_merge_000628,البرد,البرد,Symptom,"[""البرد""]|البرد",0.0,,
ent_merge_000629,البروتينات,البروتينات,Symptom,"[""البروتينات""]|البروتينات",0.0,,
ent_merge_000630,البلغم,البلغم,Symptom,"""مخاط""]|[""البلغم""|[""البلغم""]|البلغم",0.0,,
ent_merge_000631,البيليروبين,البيليروبين,Symptom,"[""البيليروبين""]|البيليروبين",0.0,,
ent_merge_000632,التثاؤب,التثاوب,Symptom,"[""التثاؤب""]|التثاؤب",0.0,,
ent_merge_000633,التجشؤ,التجشو,Symptom,"""تجشؤ""]|[""التجشؤ""|التجشؤ",0.0,,
ent_merge_000634,التعب,التعب,Symptom,"""تعب""]|[""التعب""|التعب",0.0,,
ent_merge_000635,التقيئ,التقيي,Symptom,"""تقيئ""]|[""التقيئ""|التقيئ",0.0,,
ent_merge_000636,التنفس,التنفس,Symptom,"[""التنفس""]|التنفس",0.0,,
ent_merge_000637,التهيج,التهيج,Symptom,"[""التهيج""]|التهيج",0.0,,
ent_merge_000638,التوتر,التوتر,Symptom,"""التوتر العصبي""]|""التوتر والارهاق والقلق""]|[""التوتر""|التوتر",0.0,,
ent_merge_000639,الجفاف,الجفاف,Symptom,"""جفاف""]|[""الجفاف""|الجفاف",0.0,,
ent_merge_000640,الجماع,الجماع,Symptom,"""الجنس""|""العلاقة الجنسية""|""جماع""]|[""الجماع""|الجماع",0.0,,
ent_merge_000641,الجوع,الجوع,Symptom,"""شعور بالجوع""]|[""الجوع""|[""الجوع""]|الجوع",0.0,,
ent_merge_000642,الحركة,الحركه,Symptom,"""الحركة البطيئة""|""الحركة السريعة""]|[""الحركة""|الحركة",0.0,,
ent_merge_000643,الحركة البطيئة,الحركه البطييه,Symptom,"[""الحركة البطيئة""]|الحركة البطيئة",0.0,,
ent_merge_000644,الحركة السريعة,الحركه السريعه,Symptom,"[""الحركة السريعة""]|الحركة السريعة",0.0,,
ent_merge_000645,الحيوانات المنوية,الحيوانات المنويه,Symptom,"""المنوية""]|[""الحيوانات المنوية""|الحيوانات المنوية",0.0,,
ent_merge_000646,الخوف,الخوف,Symptom,"[""الخوف""]|الخوف",0.0,,
ent_merge_000647,الدم,الدم,Symptom,"[""الدم""]|الدم",0.0,,
ent_merge_000648,الدوار,الدوار,Symptom,"[""الدوار""]|الدوار",0.0,,
ent_merge_000649,الدوخة,الدوخه,Symptom,"""دوخة""]|[""الدوخة""|الدوخة",0.0,,
ent_merge_000650,الدورة الشهرية,الدوره الشهريه,Symptom,"""العادة الشهرية""|""دورة شهرية""]|[""الدورة الشهرية""|الدورة الشهرية",0.0,,
ent_merge_000651,الدوقه,الدوقه,Symptom,"[""الدوقه""]|الدوقه",0.0,,
ent_merge_000652,الرعشة الجنسية,الرعشه الجنسيه,Symptom,"[""الرعشة الجنسية""]|الرعشة الجنسية",0.0,,
ent_merge_000653,الرغبة للاخراج,الرغبه للاخراج,Symptom,"[""الرغبة للاخراج""]|الرغبة للاخراج",0.0,,
ent_merge_000654,الركوض,الركوض,Symptom,"[""الركوض""]|الركوض",0.0,,
ent_merge_000655,الرهبة,الرهبه,Symptom,"[""الرهبة""]|الرهبة",0.0,,
ent_merge_000656,الريح,الريح,Symptom,"[""الريح""]|الريح",0.0,,
ent_merge_000657,الزراق,الزراق,Symptom,"""ضيق تنفس""|""نقص الاكسجين""]|[""الزراق""|[""الزراق""]|الزراق",0.0,,
ent_merge_000658,السائل اللمفي,السايل اللمفي,Symptom,"[""السائل اللمفي""]|السائل اللمفي",0.0,,
ent_merge_000659,السهر,السهر,Symptom,"[""السهر""]|السهر",0.0,,
ent_merge_000660,الشيشة,الشيشه,Symptom,"[""الشيشة""]|الشيشة",0.0,,
ent_merge_000661,الصداع,الصداع,Symptom,"""صداع""]|[""الصداع""|[""الصداع""]|الصداع",0.0,,
ent_merge_000662,الصداع الجانبية,الصداع الجانبيه,Symptom,"[""الصداع الجانبية""]|الصداع الجانبية",0.0,,
ent_merge_000663,الضغط,الضغط,Symptom,"[""الضغط""]|الضغط",0.0,,
ent_merge_000664,الضغظ,الضغظ,Symptom,"[""الضغظ""]|الضغظ",0.0,,
ent_merge_000665,الطفح الجلدي,الطفح الجلدي,Symptom,"[""الطفح الجلدي""]|الطفح الجلدي",0.0,,
ent_merge_000666,العرق,العرق,Symptom,"[""العرق""]|العرق",0.0,,
ent_merge_000667,الغازات,الغازات,Symptom,"[""الغازات""]|الغازات",0.0,,
ent_merge_000668,الغثيان,الغثيان,Symptom,"[""الغثيان""]|الغثيان",0.0,,
ent_merge_000669,الغلوتين,الغلوتين,Symptom,"""الغلوتين""]|[""الجلوتين""|الغلوتين",0.0,,
ent_merge_000670,القلق,القلق,Symptom,"""القلق""|""قلق""]|[""التوتر والارهاق والقلق""|[""التوتر""|القلق",0.0,,
ent_merge_000671,الكآبة,الكابه,Symptom,"[""الكآبة""]|الكآبة",0.0,,
ent_merge_000672,الكافيين,الكافيين,Symptom,"[""الكافيين""]|الكافيين",0.0,,
ent_merge_000673,الكحة,الكحه,Symptom,"[""الكحة""]|الكحة",0.0,,
ent_merge_000674,الكرياتينين,الكرياتينين,Symptom,"[""الكرياتينين""]|الكرياتينين",0.0,,
ent_merge_000675,ألم اسفل البطن,الم اسفل البطن,Symptom,"[""ألم اسفل البطن""]|ألم اسفل البطن",0.0,,
ent_merge_000676,ألم الأسنان,الم الاسنان,Symptom,"""ألم الأسنان""]|[""ألم""|ألم الأسنان",0.0,,
ent_merge_000677,ألم الصدر,الم الصدر,Symptom,"""ألم الصدر""]|[""ألام فى صدرى""|ألم الصدر",0.0,,
ent_merge_000678,ألم حادة,الم حاده,Symptom,"[""ألم حادة""]|ألم حادة",0.0,,
ent_merge_000679,ألم في الصدر,الم في الصدر,Symptom,"""ألم في الصدر""|""ألم في صدري""]|[""ألم شديد في الصدر""|ألم في الصدر",0.0,,
ent_merge_000680,الم في القدم,الم في القدم,Symptom,"""الم في قدمي""]|[""الم في القدم""|الم في القدم",0.0,,
ent_merge_000681,الم في اليد,الم في اليد,Symptom,"""الم في اليد""]|[""الم""|الم في اليد",0.0,,
ent_merge_000682,المغص,المغص,Symptom,"""المغص البطني""]|[""المغص""|[""المغص""]|المغص",0.0,,
ent_merge_000683,المنوية,المنويه,Symptom,"[""المنوية""]|المنوية",0.0,,
ent_merge_000684,النتصاب,النتصاب,Symptom,"[""النتصاب""]|النتصاب",0.0,,
ent_merge_000685,النحافة,النحافه,Symptom,"[""النحافة""]|النحافة",0.0,,
ent_merge_000686,النرفزة,النرفزه,Symptom,"[""النرفزة""]|النرفزة",0.0,,
ent_merge_000687,النعاس,النعاس,Symptom,"[""النعاس""]|النعاس",0.0,,
ent_merge_000688,النفخة,النفخه,Symptom,"[""النفخة""]|النفخة",0.0,,
ent_merge_000689,الهبات الساخنة,الهبات الساخنه,Symptom,"[""الهبات الساخنة""]|الهبات الساخنة",0.0,,
ent_merge_000690,الوهن العام,الوهن العام,Symptom,"""الوهن العام""]|[""الوهن""|الوهن العام",0.0,,
ent_merge_000691,ام,ام,Symptom,"[""ام""]|ام",0.0,,
ent_merge_000692,ام عضلية,ام عضليه,Symptom,"[""ام عضلية""]|ام عضلية",0.0,,
ent_merge_000693,ام هيكلية,ام هيكليه,Symptom,"[""ام هيكلية""]|ام هيكلية",0.0,,
ent_merge_000694,أمراض الرأس,امراض الراس,Symptom,"""اﻷم بارأس""]|[""أمراض الرأس""|أمراض الرأس",0.0,,
ent_merge_000695,إمساك,امساك,Symptom,"[""إمساك""]|إمساك",0.0,,
ent_merge_000696,انتفاخ,انتفاخ,Symptom,"""انتفاخ بالوجه""]|""انتفاخ""]|[""إنتفاخ""|[""انتفاخ""|انتفاخ",0.0,,
ent_merge_000697,انتفاخ الوجه,انتفاخ الوجه,Symptom,"[""انتفاخ الوجه""]|انتفاخ الوجه",0.0,,
ent_merge_000698,إنتفاخ تحت جلد الرأس,انتفاخ تحت جلد الراس,Symptom,"""إنتفاخ تحت جلد الرأس""]|[""إنتفاخ""|إنتفاخ تحت جلد الرأس",0.0,,
ent_merge_000699,انحلال العضلات,انحلال العضلات,Symptom,"[""انحلال العضلات""]|انحلال العضلات",0.0,,
ent_merge_000700,انخفاض في ضغط الدم,انخفاض في ضغط الدم,Symptom,"[""انخفاض في ضغط الدم""]|انخفاض في ضغط الدم",0.0,,
ent_merge_000701,انخفاض نبضات القلب,انخفاض نبضات القلب,Symptom,"[""انخفاض نبضات القلب""]|انخفاض نبضات القلب",0.0,,
ent_merge_000702,انسحاب,انسحاب,Symptom,"""انسحاب""]|[""اعراض انسحاب""|انسحاب",0.0,,
ent_merge_000703,انسداد للسمع,انسداد للسمع,Symptom,"""انسداد للسمع""]|[""انسداد السمع""|انسداد للسمع",0.0,,
ent_merge_000704,انقطاع الدورة الشهرية,انقطاع الدوره الشهريه,Symptom,"""انقطاع الدورة الشهرية""]|[""انقطاع الدورة""|انقطاع الدورة الشهرية",0.0,,
ent_merge_000705,أوجاع,اوجاع,Symptom,"[""أوجاع""]|أوجاع",0.0,,
ent_merge_000706,برجله,برجله,Symptom,"[""برجله""]|برجله",0.0,,
ent_merge_000707,بطن كبير,بطن كبير,Symptom,"[""بطن كبير""]|بطن كبير",0.0,,
ent_merge_000708,بقع حمراء,بقع حمراء,Symptom,"[""بقع حمراء""]|بقع حمراء",0.0,,
ent_merge_000709,بلغم,بلغم,Symptom,"[""بلغم""]|بلغم",0.0,,
ent_merge_000710,تأخر الحمل,تاخر الحمل,Symptom,"[""تأخر الحمل""]|تأخر الحمل",0.0,,
ent_merge_000711,تأخر الدورة,تاخر الدوره,Symptom,"[""تأخر الدورة""]|تأخر الدورة",0.0,,
ent_merge_000712,تأخر الدورة الشهرية,تاخر الدوره الشهريه,Symptom,"""تأخر الدورة الشهرية""|""توقف الدورة الشهرية""]|[""تأخر الدورة""|تأخر الدورة الشهرية",0.0,,
ent_merge_000713,تأخر في الدورة الشهرية,تاخر في الدوره الشهريه,Symptom,"""تأخر في الدورة الشهرية""]|[""تأخر الدورة""|تأخر في الدورة الشهرية",0.0,,
ent_merge_000714,تباطؤ نبضات القلب,تباطو نبضات القلب,Symptom,"[""تباطؤ نبضات القلب""]|تباطؤ نبضات القلب",0.0,,
ent_merge_000715,تجاعيد,تجاعيد,Symptom,"[""تجاعيد""]|تجاعيد",0.0,,
ent_merge_000716,تجشؤ,تجشو,Symptom,"[""تجشؤ""]|تجشؤ",0.0,,
ent_merge_000717,تجمع السوائل,تجمع السوايل,Symptom,"[""تجمع السوائل""]|تجمع السوائل",0.0,,
ent_merge_000718,تحسس,تحسس,Symptom,"[""تحسس""]|تحسس",0.0,,
ent_merge_000719,تخثر,تخثر,Symptom,"[""تخثر""]|تخثر",0.0,,
ent_merge_000720,تخثر الدم,تخثر الدم,Symptom,"[""تخثر الدم""]|تخثر الدم",0.0,,
ent_merge_000721,تدخين,تدخين,Symptom,"[""تدخين""]|تدخين",0.0,,
ent_merge_000722,ترهل,ترهل,Symptom,"[""ترهل""]|ترهل",0.0,,
ent_merge_000723,تسارع,تسارع,Symptom,"[""تسارع""]|تسارع",0.0,,
ent_merge_000724,تسارع ضربات القلب,تسارع ضربات القلب,Symptom,"[""تسارع ضربات القلب""]|تسارع ضربات القلب",0.0,,
ent_merge_000725,تسارع في نبضات القلب,تسارع في نبضات القلب,Symptom,"[""تسارع في نبضات القلب""]|تسارع في نبضات القلب",0.0,,
ent_merge_000726,تستيرون,تستيرون,Symptom,"[""تستيرون""]|تستيرون",0.0,,
ent_merge_000727,تسرع القلب,تسرع القلب,Symptom,"""تسرع القلب""]|""تسرع""|[""تسارع في دقات القلب""|تسرع القلب",0.0,,
ent_merge_000728,تسرع في ضربات القلب,تسرع في ضربات القلب,Symptom,"""تسرع في ضربات القلب""]|[""تسارع فى ضربات القلب""|تسرع في ضربات القلب",0.0,,
ent_merge_000729,تسمم الجسم,تسمم الجسم,Symptom,"[""تسمم الجسم""]|تسمم الجسم",0.0,,
ent_merge_000730,تشنج,تشنج,Symptom,"[""تشنج""]|تشنج",0.0,,
ent_merge_000731,تشنج الراس,تشنج الراس,Symptom,"[""تشنج الراس""]|تشنج الراس",0.0,,
ent_merge_000732,تشنجات,تشنجات,Symptom,"[""تشنجات""]|تشنجات",0.0,,
ent_merge_000733,تضخم الأوردة السطحية,تضخم الاورده السطحيه,Symptom,"[""تضخم الأوردة السطحية""]|تضخم الأوردة السطحية",0.0,,
ent_merge_000734,تضخم البطن,تضخم البطن,Symptom,"[""تضخم البطن""]|تضخم البطن",0.0,,
ent_merge_000735,تعب,تعب,Symptom,"""تعب عام""]|""تعب""|[""ارهاق""|[""تعب""]|تعب",0.0,,
ent_merge_000736,تعرق,تعرق,Symptom,"""تعرق الرجلين""|""تعرق اليدين""]|[""تعرق""|تعرق",0.0,,
ent_merge_000737,تغير في حجم الثدي,تغير في حجم الثدي,Symptom,"[""تغير في حجم الثدي""]|تغير في حجم الثدي",0.0,,
ent_merge_000738,تغير لون الجلد,تغير لون الجلد,Symptom,"[""تغير لون الجلد""]|تغير لون الجلد",0.0,,
ent_merge_000739,تفتيح البشرة,تفتيح البشره,Symptom,"[""تفتيح البشرة""]|تفتيح البشرة",0.0,,
ent_merge_000740,تفسير في الجلد,تفسير في الجلد,Symptom,"[""تفسير في الجلد""]|تفسير في الجلد",0.0,,
ent_merge_000741,تقرحات,تقرحات,Symptom,"[""تقرحات""]|تقرحات",0.0,,
ent_merge_000742,تقرحات الفم,تقرحات الفم,Symptom,"[""تقرحات الفم""]|تقرحات الفم",0.0,,
ent_merge_000743,تقلبات مزاجية,تقلبات مزاجيه,Symptom,"[""تقلبات مزاجية""]|تقلبات مزاجية",0.0,,
ent_merge_000744,تقلص,تقلص,Symptom,"[""تقلص""]|تقلص",0.0,,
ent_merge_000745,تقلصات,تقلصات,Symptom,"[""تقلصات""]|تقلصات",0.0,,
ent_merge_000746,تقيؤ,تقيو,Symptom,"[""تقيؤ""]|تقيؤ",0.0,,
ent_merge_000747,تمزق,تمزق,Symptom,"[""تمزق""]|تمزق",0.0,,
ent_merge_000748,تنميل,تنميل,Symptom,"[""تنميل""]|تنميل",0.0,,
ent_merge_000749,تهيج الجلد,تهيج الجلد,Symptom,"[""تهيج الجلد""]|تهيج الجلد",0.0,,
ent_merge_000750,تهيج القولون,تهيج القولون,Symptom,"[""تهيج القولون""]|تهيج القولون",0.0,,
ent_merge_000751,توتر,توتر,Symptom,"[""توتر""]|توتر",0.0,,
ent_merge_000752,توتر عصبي,توتر عصبي,Symptom,"[""توتر عصبي""]|توتر عصبي",0.0,,
ent_merge_000753,تورم,تورم,Symptom,"[""تورم""]|تورم",0.0,,
ent_merge_000754,توسع عنق الرحم,توسع عنق الرحم,Symptom,"""توسع عنق الرحم""]|[""توسع عنق""|توسع عنق الرحم",0.0,,
ent_merge_000755,توقف التنفس,توقف التنفس,Symptom,"[""توقف التنفس""]|توقف التنفس",0.0,,
ent_merge_000756,تيبس,تيبس,Symptom,"[""تيبس""]|تيبس",0.0,,
ent_merge_000757,ثقل,ثقل,Symptom,"[""ثقل""]|ثقل",0.0,,
ent_merge_000758,جفاف,جفاف,Symptom,"[""جفاف""]|جفاف",0.0,,
ent_merge_000759,جفاف الحلق,جفاف الحلق,Symptom,"[""جفاف الحلق""]|جفاف الحلق",0.0,,
ent_merge_000760,جفاف الفم,جفاف الفم,Symptom,"[""جفاف الفم""]|جفاف الفم",0.0,,
ent_merge_000761,جلطة,جلطه,Symptom,"[""جلطة""]|جلطة",0.0,,
ent_merge_000762,حاسة الذوق,حاسه الذوق,Symptom,"[""حاسة الذوق""]|حاسة الذوق",0.0,,
ent_merge_000763,حاسة الشم,حاسه الشم,Symptom,"[""حاسة الشم""]|حاسة الشم",0.0,,
ent_merge_000764,حبوب الشباب,حبوب الشباب,Symptom,"[""حبوب الشباب""]|حبوب الشباب",0.0,,
ent_merge_000765,حرارة,حراره,Symptom,"[""حرارة""]|حرارة",0.0,,
ent_merge_000766,حرقان,حرقان,Symptom,"[""حرقان""]|حرقان",0.0,,
ent_merge_000767,حرقان فى البول,حرقان في البول,Symptom,"[""حرقان فى البول""]|حرقان فى البول",0.0,,
ent_merge_000768,حرقة,حرقه,Symptom,"[""حرقة""]|[""حرقه""]|حرقة|حرقه",0.0,,
ent_merge_000769,حرقة المعدة,حرقه المعده,Symptom,"[""حرقة المعدة""]|حرقة المعدة",0.0,,
ent_merge_000770,حركات العضلات غير الطوعي,حركات العضلات غير الطوعي,Symptom,"[""حركات العضلات غير الطوعي""]|حركات العضلات غير الطوعي",0.0,,
ent_merge_000771,حركة الحيوانات المنوية,حركه الحيوانات المنويه,Symptom,"[""حركة الحيوانات المنوية""]|حركة الحيوانات المنوية",0.0,,
ent_merge_000772,حروق,حروق,Symptom,"""حروق""]|[""حرقان""|حروق",0.0,,
ent_merge_000773,حساسية,حساسيه,Symptom,"""حساسية""]|[""حس""|حساسية",0.0,,
ent_merge_000774,حساسية الجلد,حساسيه الجلد,Symptom,"[""حساسية الجلد""]|حساسية الجلد",0.0,,
ent_merge_000775,حصر البول,حصر البول,Symptom,"""سخانة في البول""]|[""حصر البول""|حصر البول",0.0,,
ent_merge_000776,حكة,حكه,Symptom,"""حك""|""حكة الجلد""|""حكة شديدة""|""حكة""|""حكه""]|[""الحكة""|[""حكة""]|حكة",0.0,,
ent_merge_000777,حكة جلديه,حكه جلديه,Symptom,"""حكه جلديه""]|[""حكة جلديه""|حكة جلديه",0.0,,
ent_merge_000778,حماض استقلابي,حماض استقلابي,Symptom,"[""حماض استقلابي""]|حماض استقلابي",0.0,,
ent_merge_000779,حمامى,حمامي,Symptom,"""حمامى""]|[""جسمي حامي""|حمامى",0.0,,
ent_merge_000780,حمرة الوجه,حمره الوجه,Symptom,"""حمرة الوجه""]|[""احمرار الوجه""|حمرة الوجه",0.0,,
ent_merge_000781,حمة,حمه,Symptom,"""حمى""]|[""حمة""|حمة",0.0,,
ent_merge_000782,حمى,حمي,Symptom,"""حمى""]|[""حرارة""|[""حمى""]|حمى",0.0,,
ent_merge_000783,حيوانات منوية,حيوانات منويه,Symptom,"[""حيوانات منوية""]|حيوانات منوية",0.0,,
ent_merge_000784,خدر,خدر,Symptom,"[""خدر""]|خدر",0.0,,
ent_merge_000785,خدوش,خدوش,Symptom,"[""خدوش""]|خدوش",0.0,,
ent_merge_000786,خروجي دم,خروجي دم,Symptom,"[""خروجي دم""]|خروجي دم",0.0,,
ent_merge_000787,خز,خز,Symptom,"""خز ف اصبع القدم""]|[""خز""|خز",0.0,,
ent_merge_000788,خزق,خزق,Symptom,"[""خزق""]|خزق",0.0,,
ent_merge_000789,خشونه,خشونه,Symptom,"[""خشونه""]|خشونه",0.0,,
ent_merge_000790,خشونة الجلد,خشونه الجلد,Symptom,"[""خشونة الجلد""]|خشونة الجلد",0.0,,
ent_merge_000791,خفقان القلب,خفقان القلب,Symptom,"""خفقان القلب""|""خفقان القلب""]|""خفقان قوي""]|[""تسارع في ضربات القلب""|[""خفقان""|خفقان القلب",0.0,,
ent_merge_000792,خفقان في القلب,خفقان في القلب,Symptom,"[""خفقان في القلب""]|خفقان في القلب",0.0,,
ent_merge_000793,خمول,خمول,Symptom,"[""خمول""]|خمول",0.0,,
ent_merge_000794,خوف,خوف,Symptom,"[""خوف""]|خوف",0.0,,
ent_merge_000795,دقات,دقات,Symptom,"[""دقات""]|دقات",0.0,,
ent_merge_000796,دقات القلب,دقات القلب,Symptom,"[""دقات القلب""]|دقات القلب",0.0,,
ent_merge_000797,دقات القلب السريع,دقات القلب السريع,Symptom,"[""دقات القلب السريع""]|دقات القلب السريع",0.0,,
ent_merge_000798,دقات غريبة في القلب,دقات غريبه في القلب,Symptom,"[""دقات غريبة في القلب""]|دقات غريبة في القلب",0.0,,
ent_merge_000799,دم,دم,Symptom,"[""دم""]|دم",0.0,,
ent_merge_000800,دهون,دهون,Symptom,"[""دهون""]|دهون",0.0,,
ent_merge_000801,دوار,دوار,Symptom,"[""دوار""]|دوار",0.0,,
ent_merge_000802,دوخة,دوخه,Symptom,"""دوخة مستمرة""|""دوخه""]|[""دوخة""|[""دوخة""]|دوخة",0.0,,
ent_merge_000803,دوخة خفيفة,دوخه خفيفه,Symptom,"[""دوخة خفيفة""]|دوخة خفيفة",0.0,,
ent_merge_000804,دورة,دوره,Symptom,"[""دورة""]|دورة",0.0,,
ent_merge_000805,دورة شهرية,دوره شهريه,Symptom,"""دورة شهرية""|""دورتي الشهرية""]|[""دورة""|دورة شهرية",0.0,,
ent_merge_000806,ذبحة,ذبحه,Symptom,"[""ذبحة""]|ذبحة",0.0,,
ent_merge_000807,رائحة الفم,رايحه الفم,Symptom,"[""رائحة الفم""]|رائحة الفم",0.0,,
ent_merge_000808,رائحة الفم الكريهة,رايحه الفم الكريهه,Symptom,"[""رائحة الفم الكريهة""]|رائحة الفم الكريهة",0.0,,
ent_merge_000809,رائحة كريهة,رايحه كريهه,Symptom,"[""رائحة كريهة""]|رائحة كريهة",0.0,,
ent_merge_000810,رتجف,رتجف,Symptom,"[""رتجف""]|رتجف",0.0,,
ent_merge_000811,رجفان,رجفان,Symptom,"""رجفان""]|""رجفة""]|[""ارتخاء""|[""رجفان""|رجفان",0.0,,
ent_merge_000812,رعشه,رعشه,Symptom,"""رعشه""]|[""رعشة""|رعشه",0.0,,
ent_merge_000813,رنح مخيخي,رنح مخيخي,Symptom,"[""رنح مخيخي""]|رنح مخيخي",0.0,,
ent_merge_000814,زرقة,زرقه,Symptom,"[""زرقة""]|زرقة",0.0,,
ent_merge_000815,زغلله,زغلله,Symptom,"[""زغلله""]|زغلله",0.0,,
ent_merge_000816,زيادة الوزن,زياده الوزن,Symptom,"[""زيادة الوزن""]|زيادة الوزن",0.0,,
ent_merge_000817,زيادة ضربات القلب,زياده ضربات القلب,Symptom,"[""زيادة ضربات القلب""]|زيادة ضربات القلب",0.0,,
ent_merge_000818,زيادة ضغط العين,زياده ضغط العين,Symptom,"[""زيادة ضغط العين""]|زيادة ضغط العين",0.0,,
ent_merge_000819,سخونة,سخونه,Symptom,"[""سخونة""]|سخونة",0.0,,
ent_merge_000820,سرعة دقات القلب,سرعه دقات القلب,Symptom,"""سرعة ضربات القلب""]|[""سرعة دقات القلب""|سرعة دقات القلب",0.0,,
ent_merge_000821,سرعة ضربات القلب,سرعه ضربات القلب,Symptom,"[""سرعة ضربات القلب""]|سرعة ضربات القلب",0.0,,
ent_merge_000822,سعال,سعال,Symptom,"""سعال جاف""|""سعال رطب""|""سعال""|""ضيق تنفس""]|""عطاس""|""كحة""]|[""بلغم""|[""سعال""|سعال",0.0,,
ent_merge_000823,سعرات حراريه,سعرات حراريه,Symptom,"[""سعرات حراريه""]|سعرات حراريه",0.0,,
ent_merge_000824,سم,سم,Symptom,"[""سم""]|سم",0.0,,
ent_merge_000825,سيلان,سيلان,Symptom,"[""سيلان""]|سيلان",0.0,,
ent_merge_000826,سيلان دم,سيلان دم,Symptom,"""نزف""]|[""سيلان دم""|سيلان دم",0.0,,
ent_merge_000827,شحم,شحم,Symptom,"[""شحم""]|شحم",0.0,,
ent_merge_000828,شعر زائد,شعر زايد,Symptom,"[""شعر زائد""]|شعر زائد",0.0,,
ent_merge_000829,شعور بالغثيان,شعور بالغثيان,Symptom,"[""شعور بالغثيان""]|شعور بالغثيان",0.0,,
ent_merge_000830,صداع,صداع,Symptom,"""ألم في الراس""|""الام حادة في الراس""|""الصداع""|""الم الرأس""|""ام حادة""|""صداااع""|""صداع التوتري""|""صداع القوي""|""صداع جنسي""|""صداع شديد""|""صداع في جنبي الرأس""|""صداع قوي""|""صداع نصفي""|""صداع""|""صدع""|""نض سريع""]|""نوبات صداع""|""وجع الرأس""]|""وجع""|[""ألم في الرأس""|[""ألم""|صداع",0.0,,
ent_merge_000831,صديد اللوزتين,صديد اللوزتين,Symptom,"""صديد على سطح اللوزتين""]|[""صديد اللوزتين""|صديد اللوزتين",0.0,,
ent_merge_000832,صديد في البول,صديد في البول,Symptom,"""صديد في البول""]|[""صديد""|صديد في البول",0.0,,
ent_merge_000833,صعوبات التحرك,صعوبات التحرك,Symptom,"""لا استطيع تحريك لساني""]|[""صعوبات التحرك""|صعوبات التحرك",0.0,,
ent_merge_000834,صعوبات الفتح,صعوبات الفتح,Symptom,"""لا استطيع فتح فمي""]|[""صعوبات الفتح""|صعوبات الفتح",0.0,,
ent_merge_000835,صعوبة التبول,صعوبه التبول,Symptom,"[""صعوبة التبول""]|صعوبة التبول",0.0,,
ent_merge_000836,صعوبة النوم,صعوبه النوم,Symptom,"""صعوبة في النوم""]|[""صعوبة النوم""|صعوبة النوم",0.0,,
ent_merge_000837,صعوبة في التنفس,صعوبه في التنفس,Symptom,"[""صعوبة في التنفس""]|صعوبة في التنفس",0.0,,
ent_merge_000838,صلع,صلع,Symptom,"[""صلع""]|صلع",0.0,,
ent_merge_000839,صليل,صليل,Symptom,"[""صليل""]|صليل",0.0,,
ent_merge_000840,ضربات سريعة,ضربات سريعه,Symptom,"""ضربات سريعه""]|[""ضربات سريعة""|ضربات سريعة",0.0,,
ent_merge_000841,ضعف,ضعف,Symptom,"[""ضعف""]|ضعف",0.0,,
ent_merge_000842,ضعف ابصار,ضعف ابصار,Symptom,"[""ضعف ابصار""]|ضعف ابصار",0.0,,
ent_merge_000843,ضغط,ضغط,Symptom,"""ضغط دم""]|[""ضغط""|[""ضغط""]|ضغط",0.0,,
ent_merge_000844,ضغط نفسي,ضغط نفسي,Symptom,"[""ضغط نفسي""]|ضغط نفسي",0.0,,
ent_merge_000845,ضيق,ضيق,Symptom,"[""ضيق""]|ضيق",0.0,,
ent_merge_000846,ضيق التنفس,ضيق التنفس,Symptom,"""ضيق التنفس""|""ضيق فى التنفس""|""ضيق في التنفس""|""كرشة نفس""]|[""صعوبة التنفس""|ضيق التنفس",0.0,,
ent_merge_000847,ضيق تنفس,ضيق تنفس,Symptom,"""سعال""|""ضيق التنفس""|""ضيق النفس""|""ضيق بلتنفس""|""ضيق تنفس""|""ضيق فى التنفس""|""ضيق في التنفس""|""ضيق نفس""|""ضيق نفس""]|""نفث""]|[""بلغم""|[""زلة تنفسية""|ضيق تنفس",0.0,,
ent_merge_000848,طقطقة,طقطقه,Symptom,"""قفش""]|[""طقطقة""|طقطقة",0.0,,
ent_merge_000849,طيف احمر,طيف احمر,Symptom,"[""طيف احمر""]|طيف احمر",0.0,,
ent_merge_000850,عدم الاحساس,عدم الاحساس,Symptom,"[""عدم الاحساس""]|عدم الاحساس",0.0,,
ent_merge_000851,عدم الاحساس بالعلاقه الجنسيه,عدم الاحساس بالعلاقه الجنسيه,Symptom,"[""عدم الاحساس بالعلاقه الجنسيه""]|عدم الاحساس بالعلاقه الجنسيه",0.0,,
ent_merge_000852,عدم انتظام الدورة,عدم انتظام الدوره,Symptom,"""عدم انتظام الدورة""]|[""عدم انتظام البيريود""|عدم انتظام الدورة",0.0,,
ent_merge_000853,عدم وضوح الرؤيا,عدم وضوح الرويا,Symptom,"[""عدم وضوح الرؤيا""]|عدم وضوح الرؤيا",0.0,,
ent_merge_000854,عدم وضوح الرؤية,عدم وضوح الرويه,Symptom,"[""عدم وضوح الرؤية""]|عدم وضوح الرؤية",0.0,,
ent_merge_000855,عسرهضم,عسرهضم,Symptom,"[""عسرهضم""]|عسرهضم",0.0,,
ent_merge_000856,عصبية,عصبيه,Symptom,"[""عصبية""]|عصبية",0.0,,
ent_merge_000857,عطس,عطس,Symptom,"""عطس""]|[""عطاس""|عطس",0.0,,
ent_merge_000858,غازات,غازات,Symptom,"""غازات""]|[""غارات""|غازات",0.0,,
ent_merge_000859,غثيان,غثيان,Symptom,"""غثيان""]|[""دوخه""|[""غثيان""]|غثيان",0.0,,
ent_merge_000860,فض غشاء البكارة,فض غشاء البكاره,Symptom,"[""فض غشاء البكارة""]|فض غشاء البكارة",0.0,,
ent_merge_000861,فقاعة,فقاعه,Symptom,"[""فقاعة""]|فقاعة",0.0,,
ent_merge_000862,فقدان السمع,فقدان السمع,Symptom,"[""فقدان السمع""]|فقدان السمع",0.0,,
ent_merge_000863,فقدان الشهية,فقدان الشهيه,Symptom,"[""فقدان الشهية""]|فقدان الشهية|فقدان الشهيه",0.0,,
ent_merge_000864,فقدان حاسة الشم,فقدان حاسه الشم,Symptom,"[""فقدان حاسة الشم""]|فقدان حاسة الشم",0.0,,
ent_merge_000865,فقدان للشهية,فقدان للشهيه,Symptom,"[""فقدان للشهية""]|فقدان للشهية",0.0,,
ent_merge_000866,فوران,فوران,Symptom,"[""فوران""]|فوران",0.0,,
ent_merge_000867,قذف,قذف,Symptom,"""قذف""]|[""سرعة القذف""|قذف",0.0,,
ent_merge_000868,قرقرة,قرقره,Symptom,"[""قرقرة""]|قرقرة",0.0,,
ent_merge_000869,قروح,قروح,Symptom,"[""قروح""]|قروح",0.0,,
ent_merge_000870,قشرة,قشره,Symptom,"[""قشرة""]|قشرة",0.0,,
ent_merge_000871,قلق,قلق,Symptom,"[""قلق""]|قلق",0.0,,
ent_merge_000872,قلة التركيز,قله التركيز,Symptom,"[""قلة التركيز""]|قلة التركيز",0.0,,
ent_merge_000873,قله الهيموغلوبين,قله الهيموغلوبين,Symptom,"""قله الهيموغلوبين""]|[""انخفاض في نخزون الحديد""|قله الهيموغلوبين",0.0,,
ent_merge_000874,قلة اﻻكل,قله اﻻكل,Symptom,"[""قلة اﻻكل""]|قلة اﻻكل",0.0,,
ent_merge_000875,قيء,قيء,Symptom,"""تقيؤ""|""قيء""]|[""استفراغ""|[""قيء""]|قيء",0.0,,
ent_merge_000876,كآبة,كابه,Symptom,"[""كآبة""]|كآبة",0.0,,
ent_merge_000877,كتلة,كتله,Symptom,"[""كتلة""]|كتلة",0.0,,
ent_merge_000878,كسل,كسل,Symptom,"[""كسل""]|كسل",0.0,,
ent_merge_000879,مشاكل فى الملابس,مشاكل في الملابس,Symptom,"[""مشاكل فى الملابس""]|مشاكل فى الملابس",0.0,,
ent_merge_000880,مشاكل نفسية,مشاكل نفسيه,Symptom,"[""مشاكل نفسية""]|مشاكل نفسية",0.0,,
ent_merge_000881,مغص معوي,مغص معوي,Symptom,"""مغص معوي""]|[""مغص معوى""|مغص معوي",0.0,,
ent_merge_000882,مغض,مغض,Symptom,"[""مغض""]|مغض",0.0,,
ent_merge_000883,نبض القلب,نبض القلب,Symptom,"[""نبض القلب""]|نبض القلب",0.0,,
ent_merge_000884,نبض قلب عالي,نبض قلب عالي,Symptom,"[""نبض قلب عالي""]|نبض قلب عالي",0.0,,
ent_merge_000885,نبضات القلب,نبضات القلب,Symptom,"""نبضات القلب""]|[""heartbeats""|[""نبضات القلب""]|نبضات القلب",0.0,,
ent_merge_000886,نزف,نزف,Symptom,"""نزف بسيط""]|""نزيف""]|[""نزف""|نزف",0.0,,
ent_merge_000887,نزيف,نزيف,Symptom,"""نزول دم""|""نزيف""]|[""دم""|نزيف",0.0,,
ent_merge_000888,نغزات,نغزات,Symptom,"[""نغزات""]|نغزات",0.0,,
ent_merge_000889,نغزة في القلب,نغزه في القلب,Symptom,"[""نغزة في القلب""]|نغزة في القلب",0.0,,
ent_merge_000890,نغزه في منطقة القلب,نغزه في منطقه القلب,Symptom,"[""نغزه في منطقة القلب""]|نغزه في منطقة القلب",0.0,,
ent_merge_000891,نفسي,نفسي,Symptom,"[""نفسي""]|نفسي",0.0,,
ent_merge_000892,نقزات,نقزات,Symptom,"[""نقزات""]|نقزات",0.0,,
ent_merge_000893,نقص الوزن,نقص الوزن,Symptom,"[""نقص الوزن""]|نقص الوزن",0.0,,
ent_merge_000894,نقص ماء,نقص ماء,Symptom,"[""نقص ماء""]|نقص ماء",0.0,,
ent_merge_000895,نقص محتوى الجلد من الرطوبة,نقص محتوي الجلد من الرطوبه,Symptom,"[""نقص محتوى الجلد من الرطوبة""]|نقص محتوى الجلد من الرطوبة",0.0,,
ent_merge_000896,نوبات الهلع,نوبات الهلع,Symptom,"[""نوبات الهلع""]|نوبات الهلع",0.0,,
ent_merge_000897,نوبات ذعر,نوبات ذعر,Symptom,"[""نوبات ذعر""]|نوبات ذعر",0.0,,
ent_merge_000898,نوبات هلع,نوبات هلع,Symptom,"[""نوبات هلع""]|نوبات هلع",0.0,,
ent_merge_000899,هبات ساخنة,هبات ساخنه,Symptom,"[""هبات ساخنة""]|هبات ساخنة",0.0,,
ent_merge_000900,هبوط الدورة الدموية,هبوط الدوره الدمويه,Symptom,"[""هبوط الدورة الدموية""]|هبوط الدورة الدموية",0.0,,
ent_merge_000901,هرمون FSH,هرمون fsh,Symptom,"[""هرمون FSH""]|هرمون FSH",0.0,,
ent_merge_000902,هرمون الحليب,هرمون الحليب,Symptom,"[""هرمون الحليب""]|هرمون الحليب",0.0,,
ent_merge_000903,هلع,هلع,Symptom,"[""هلع""]|هلع",0.0,,
ent_merge_000904,هيستامين,هيستامين,Symptom,"[""هيستامين""]|هيستامين",0.0,,
ent_merge_000905,وانهاك,وانهاك,Symptom,"[""وانهاك""]|وانهاك",0.0,,
ent_merge_000906,وجع,وجع,Symptom,"""وجع بالجسم""]|""وجع""]|[""الالم""|[""وجع""|وجع",0.0,,
ent_merge_000907,وجع القلب,وجع القلب,Symptom,"[""وجع القلب""]|وجع القلب",0.0,,
ent_merge_000908,وجع في الرأس,وجع في الراس,Symptom,"[""وجع في الرأس""]|وجع في الرأس",0.0,,
ent_merge_000909,وخز,وخز,Symptom,"[""وخز""]|وخز",0.0,,
ent_merge_000910,وخزات,وخزات,Symptom,"[""وخزات""]|وخزات",0.0,,
ent_merge_000911,وخزة على القلب,وخزه علي القلب,Symptom,"""وخزة قلب""]|[""وخزة على القلب""|وخزة على القلب",0.0,,
ent_merge_000912,وزن,وزن,Symptom,"[""وزن""]|وزن",0.0,,
ent_merge_000913,cbc,cbc,Test,"CBC|[""CBC""]|[""cbc""]|cbc",0.0,,
ent_merge_000914,FSH,fsh,Test,"FSH|[""FSH""]",0.0,,
ent_merge_000915,kft,kft,Test,"[""kft""]|kft",0.0,,
ent_merge_000916,LH,lh,Test,"LH|[""LH""]",0.0,,
ent_merge_000917,Prolactin,prolactin,Test,"Prolactin|[""Prolactin""]",0.0,,
ent_merge_000918,RAST Test,rast test,Test,"""تحليل الحساسية""]|RAST Test|[""RAST Test""|[""RAST Test""]",0.0,,
ent_merge_000919,Regular Ultrasound,regular ultrasound,Test,"Regular Ultrasound|[""Regular Ultrasound""]",0.0,,
ent_merge_000920,thrombophilia test,thrombophilia test,Test,"[""thrombophilia test""]|thrombophilia test",0.0,,
ent_merge_000921,TSH,tsh,Test,"TSH|[""TSH""]",0.0,,
ent_merge_000922,اختبار الحساسية,اختبار الحساسيه,Test,"[""اختبار الحساسية""]|اختبار الحساسية",0.0,,
ent_merge_000923,إشاعة,اشاعه,Test,"[""إشاعة""]|إشاعة",0.0,,
ent_merge_000924,آشعة,اشعه,Test,"""أشعة مقطعية""|""أشعة""|""اشعة بالصبغة""|""اشعة عادية""|""اشعة للصدر""|""اشعة""|""تصوير إشعاعي""]|""صورة أشعة""]|[""آشعة""|[""أشعة""|آشعة|أشعة",0.0,,
ent_merge_000925,أشعة ايكو,اشعه ايكو,Test,"""اشعة ايكو للقلب""]|[""أشعة ايكو""|أشعة ايكو",0.0,,
ent_merge_000926,اشعة رنين مغناطيسي,اشعه رنين مغناطيسي,Test,"[""اشعة رنين مغناطيسي""]|اشعة رنين مغناطيسي",0.0,,
ent_merge_000927,إعادة الفحص,اعاده الفحص,Test,"[""إعادة الفحص""]|إعادة الفحص",0.0,,
ent_merge_000928,الاستكشاف الجراحي,الاستكشاف الجراحي,Test,"[""الاستكشاف الجراحي""]|الاستكشاف الجراحي",0.0,,
ent_merge_000929,الأشعة,الاشعه,Test,"""الأشعة الضيقة الموجات""|""الأشعة فوق البنفسجية""]|[""الأشعة""|الأشعة",0.0,,
ent_merge_000930,الاشعة المقطعية,الاشعه المقطعيه,Test,"[""الاشعة المقطعية""]|الاشعة المقطعية",0.0,,
ent_merge_000931,الانزيم,الانزيم,Test,"""انزيم""]|[""الانزيم""|الانزيم",0.0,,
ent_merge_000932,الايكو,الايكو,Test,"[""الايكو""]|الايكو",0.0,,
ent_merge_000933,التبويض,التبويض,Test,"[""التبويض""]|التبويض",0.0,,
ent_merge_000934,التحاليل,التحاليل,Test,"[""التحاليل""]|التحاليل",0.0,,
ent_merge_000935,التحليل النسيجي,التحليل النسيجي,Test,"[""التحليل النسيجي""]|التحليل النسيجي",0.0,,
ent_merge_000936,التراساوند,التراساوند,Test,"[""التراساوند""]|التراساوند",0.0,,
ent_merge_000937,التصوير المقطعي,التصوير المقطعي,Test,"[""التصوير المقطعي""]|التصوير المقطعي",0.0,,
ent_merge_000938,الجلوكوز,الجلوكوز,Test,"""سكر الذرة""|""سكر العنب""]|[""الجلوكوز""|[""الجلوكوز""]|الجلوكوز",0.0,,
ent_merge_000939,الجهاز,الجهاز,Test,"""صوره تلفزيونيه""]|[""الجهاز""|الجهاز",0.0,,
ent_merge_000940,الخزعة,الخزعه,Test,"[""الخزعة""]|الخزعة",0.0,,
ent_merge_000941,الرنين المغناطيسي,الرنين المغناطيسي,Test,"[""الرنين المغناطيسي""]|الرنين المغناطيسي",0.0,,
ent_merge_000942,السونار,السونار,Test,"""سونار""]|[""السونار""|[""السونار""]|السونار",0.0,,
ent_merge_000943,السونر,السونر,Test,"[""السونر""]|السونر",0.0,,
ent_merge_000944,الصور الشعاعية,الصور الشعاعيه,Test,"""صور شعاعية""]|[""الصور الشعاعية""|[""الصور الشعاعية""]|الصور الشعاعية",0.0,,
ent_merge_000945,الصور اللازمه,الصور اللازمه,Test,"[""الصور اللازمه""]|الصور اللازمه",0.0,,
ent_merge_000946,الفحص,الفحص,Test,"""الفحص الطبي""|""فحص""]|[""الفحص""|الفحص",0.0,,
ent_merge_000947,الفحص الدوري لدهون الدم,الفحص الدوري لدهون الدم,Test,"[""الفحص الدوري لدهون الدم""]|الفحص الدوري لدهون الدم",0.0,,
ent_merge_000948,الفحص السريري,الفحص السريري,Test,"[""الفحص السريري""]|الفحص السريري",0.0,,
ent_merge_000949,الفحص الطبي,الفحص الطبي,Test,"[""الفحص الطبي""]|الفحص الطبي",0.0,,
ent_merge_000950,الفحوص الخبريه,الفحوص الخبريه,Test,"[""الفحوص الخبريه""]|الفحوص الخبريه",0.0,,
ent_merge_000951,الفحوص المناسبة,الفحوص المناسبه,Test,"[""الفحوص المناسبة""]|الفحوص المناسبة",0.0,,
ent_merge_000952,الفحوصات الازمه,الفحوصات الازمه,Test,"[""الفحوصات الازمه""]|الفحوصات الازمه",0.0,,
ent_merge_000953,الفحوصات اللازمه,الفحوصات اللازمه,Test,"[""الفحوصات اللازمه""]|الفحوصات اللازمه",0.0,,
ent_merge_000954,الفحوصات المخبرية,الفحوصات المخبريه,Test,"""الفحوصات المخبرية""]|[""الفحوصات المخبرية""]|[""الفحوصات""|الفحوصات المخبرية",0.0,,
ent_merge_000955,القسطرة,القسطره,Test,"[""القسطرة""]|القسطرة",0.0,,
ent_merge_000956,الكرياتينين,الكرياتينين,Test,"""كرايتنين""]|[""الكرياتينين""|الكرياتينين",0.0,,
ent_merge_000957,الماموغرام,الماموغرام,Test,"[""الماموغرام""]|الماموغرام",0.0,,
ent_merge_000958,المكشة,المكشه,Test,"[""المكشة""]|المكشة",0.0,,
ent_merge_000959,المنظار,المنظار,Test,"[""المنظار""]|المنظار",0.0,,
ent_merge_000960,اليورك اسد,اليورك اسد,Test,"[""اليورك اسد""]|اليورك اسد",0.0,,
ent_merge_000961,امواج صادمة,امواج صادمه,Test,"[""امواج صادمة""]|امواج صادمة",0.0,,
ent_merge_000962,انزيم القلب,انزيم القلب,Test,"[""انزيم القلب""]|انزيم القلب",0.0,,
ent_merge_000963,إيكو,ايكو,Test,"""ايكو""]|[""إيكو""|[""إيكو""]|إيكو",0.0,,
ent_merge_000964,إيكو قلب,ايكو قلب,Test,"""ايكو قلب""]|[""إيكو قلب""|إيكو قلب",0.0,,
ent_merge_000965,تحاليل,تحاليل,Test,"""تحاليل للكليسترول""]|[""تحاليل""|[""تحاليل""]|تحاليل",0.0,,
ent_merge_000966,تحاليل الدم,تحاليل الدم,Test,"[""تحاليل الدم""]|تحاليل الدم",0.0,,
ent_merge_000967,تحاليل مخبرية,تحاليل مخبريه,Test,"""تحاليل دم""|""تحاليل مخبرية""|""تحليل العينات""|""تحليل دم""|""تحليل للبول""|""تحليل مخبري""|""تحليل""|""فحوصات جينية""]|""فحوصات مخبرية""]|""فحوصات""|[""تحاليل مخبرية""|[""تحاليل""|تحاليل مخبرية",0.0,,
ent_merge_000968,تحاليل هرمونية,تحاليل هرمونيه,Test,"[""تحاليل هرمونية""]|تحاليل هرمونية",0.0,,
ent_merge_000969,تحليل,تحليل,Test,"""تحاليل مخبرية""|""تحليل مخبري""]|""تحليل""|[""تحاليل""|[""تحليل""]|تحليل",0.0,,
ent_merge_000970,تحليل FSH,تحليل fsh,Test,"[""تحليل FSH""]|تحليل FSH",0.0,,
ent_merge_000971,تحليل PROLACTINE,تحليل prolactine,Test,"[""تحليل PROLACTINE""]|تحليل PROLACTINE",0.0,,
ent_merge_000972,تحليل الافرازات,تحليل الافرازات,Test,"[""تحليل الافرازات""]|تحليل الافرازات",0.0,,
ent_merge_000973,تحليل البول,تحليل البول,Test,"""تحليل البول""|""فحص البول""]|[""urine analysis""|تحليل البول",0.0,,
ent_merge_000974,تحليل الجلد,تحليل الجلد,Test,"""تحليل الجلد""]|[""اختبار الجلد""|تحليل الجلد",0.0,,
ent_merge_000975,تحليل الحساسية,تحليل الحساسيه,Test,"""اختبار الحساسية""|""تحاليل مخبرية""|""تحاليل""|""تحليل الحساسية""|""تحليل الحساسية""]|""تحليل الحساسيه""|""تحليل حساسية""|""تحليل""|""فحص حساسية""]|[""RAST Test""|[""RAST test""|تحليل الحساسية",0.0,,
ent_merge_000976,تحليل الحمل,تحليل الحمل,Test,"""تحليل الحمل""]|[""تحليل""|تحليل الحمل",0.0,,
ent_merge_000977,تحليل الحيوانات المنوية,تحليل الحيوانات المنويه,Test,"[""تحليل الحيوانات المنوية""]|تحليل الحيوانات المنوية",0.0,,
ent_merge_000978,تحليل الدم,تحليل الدم,Test,"""فحص الدم""]|[""تحليل الدم""|تحليل الدم",0.0,,
ent_merge_000979,تحليل السائل المنوي,تحليل السايل المنوي,Test,"""تحليل منوي""]|[""تحليل السائل المنوي""|تحليل السائل المنوي",0.0,,
ent_merge_000980,تحليل براز,تحليل براز,Test,"[""تحليل براز""]|تحليل براز",0.0,,
ent_merge_000981,تحليل بول,تحليل بول,Test,"[""تحليل بول""]|تحليل بول",0.0,,
ent_merge_000982,تحليل جرثومه المعده,تحليل جرثومه المعده,Test,"[""تحليل جرثومه المعده""]|تحليل جرثومه المعده",0.0,,
ent_merge_000983,تحليل دم,تحليل دم,Test,"""تحليل صوره الدم الكامله""]|[""تحليل دم""|تحليل دم",0.0,,
ent_merge_000984,تحليل صورة دم,تحليل صوره دم,Test,"""تحليل صورة دم""]|[""تحليل الدم""|تحليل صورة دم",0.0,,
ent_merge_000985,تخطيط,تخطيط,Test,"""فحص""]|[""تخطيط""|تخطيط",0.0,,
ent_merge_000986,تخطيط اعصاب الاطراف,تخطيط اعصاب الاطراف,Test,"[""تخطيط اعصاب الاطراف""]|تخطيط اعصاب الاطراف",0.0,,
ent_merge_000987,تخطيط اعصاب الوجه,تخطيط اعصاب الوجه,Test,"[""تخطيط اعصاب الوجه""]|تخطيط اعصاب الوجه",0.0,,
ent_merge_000988,تخطيط القلب,تخطيط القلب,Test,"""تخطيط كهربي للقلب""]|[""تخطيط القلب""|تخطيط القلب",0.0,,
ent_merge_000989,تخطيط عصب,تخطيط عصب,Test,"[""تخطيط عصب""]|تخطيط عصب",0.0,,
ent_merge_000990,تخطيط قلب,تخطيط قلب,Test,"""تخطيط قلب""]|[""تخطيط القلب""|تخطيط قلب",0.0,,
ent_merge_000991,تخطيط قلبي,تخطيط قلبي,Test,"[""تخطيط قلبي""]|تخطيط قلبي",0.0,,
ent_merge_000992,تخطيط كهربي للقلب,تخطيط كهربي للقلب,Test,"[""تخطيط كهربي للقلب""]|تخطيط كهربي للقلب",0.0,,
ent_merge_000993,تست,تست,Test,"[""تست""]|تست",0.0,,
ent_merge_000994,تصوير,تصوير,Test,"""تصوير لاسفل الظهر""]|[""تصوير""|تصوير",0.0,,
ent_merge_000995,تصوير بالرنين المغناطيسي,تصوير بالرنين المغناطيسي,Test,"""تصوير بالرنين المغناطيسي""|""صورة رنين مغناطيسي""]|[""اشعة رنين مغناطيسى""|[""تصوير بالرنين المغناطيسي""]|تصوير بالرنين المغناطيسي",0.0,,
ent_merge_000996,تقشير,تقشير,Test,"[""تقشير""]|تقشير",0.0,,
ent_merge_000997,تقييم الحالة الوظيفية,تقييم الحاله الوظيفيه,Test,"[""تقييم الحالة الوظيفية""]|تقييم الحالة الوظيفية",0.0,,
ent_merge_000998,تقييم للحالة,تقييم للحاله,Test,"[""تقييم للحالة""]|تقييم للحالة",0.0,,
ent_merge_000999,تقييم للذاكرة,تقييم للذاكره,Test,"[""تقييم للذاكرة""]|تقييم للذاكرة",0.0,,
ent_merge_001000,تنظير القولون,تنظير القولون,Test,"[""تنظير القولون""]|تنظير القولون",0.0,,
ent_merge_001001,تنظير علوي,تنظير علوي,Test,"[""تنظير علوي""]|تنظير علوي",0.0,,
ent_merge_001002,تيست,تيست,Test,"[""تيست""]|تيست",0.0,,
ent_merge_001003,رسم القلب,رسم القلب,Test,"[""رسم القلب""]|رسم القلب",0.0,,
ent_merge_001004,رسم المخ بالكمبيوتر,رسم المخ بالكمبيوتر,Test,"""رسم مخ بالكمبيوتر""]|[""رسم المخ بالكمبيوتر""|رسم المخ بالكمبيوتر",0.0,,
ent_merge_001005,رصد,رصد,Test,"[""رصد""]|رصد",0.0,,
ent_merge_001006,رنين مغناطيسي,رنين مغناطيسي,Test,"""رنين مغناطيسي""]|[""اشعة رنين مغناطيسى""|رنين مغناطيسي",0.0,,
ent_merge_001007,سونار,سونار,Test,"[""سونار""]|سونار",0.0,,
ent_merge_001008,سونار علي البطن,سونار علي البطن,Test,"[""سونار علي البطن""]|سونار علي البطن",0.0,,
ent_merge_001009,سونار على الثديين,سونار علي الثديين,Test,"""سونار على الثديين""]|[""سونار""|سونار على الثديين",0.0,,
ent_merge_001010,صور طبقية,صور طبقيه,Test,"[""صور طبقية""]|صور طبقية",0.0,,
ent_merge_001011,صورة,صوره,Test,"[""صورة""]|صورة",0.0,,
ent_merge_001012,صورة اشعة,صوره اشعه,Test,"[""صورة اشعة""]|صورة اشعة",0.0,,
ent_merge_001013,صورة ايكو,صوره ايكو,Test,"[""صورة ايكو""]|صورة ايكو",0.0,,
ent_merge_001014,صورة بانورامية,صوره بانوراميه,Test,"[""صورة بانورامية""]|صورة بانورامية",0.0,,
ent_merge_001015,صورة رنين مغناطيسي,صوره رنين مغناطيسي,Test,"[""صورة رنين مغناطيسي""]|صورة رنين مغناطيسي",0.0,,
ent_merge_001016,صورة سي تي,صوره سي تي,Test,"[""صورة سي تي""]|صورة سي تي",0.0,,
ent_merge_001017,صورة طبقيه,صوره طبقيه,Test,"[""صورة طبقيه""]|صورة طبقيه",0.0,,
ent_merge_001018,صورة للعصب البصري,صوره للعصب البصري,Test,"""صورة للعصب البصري""]|[""صورة""|صورة للعصب البصري",0.0,,
ent_merge_001019,صورة للقلب,صوره للقلب,Test,"[""صورة للقلب""]|صورة للقلب",0.0,,
ent_merge_001020,صوره ملونه للرحم,صوره ملونه للرحم,Test,"[""صوره ملونه للرحم""]|صوره ملونه للرحم",0.0,,
ent_merge_001021,ضغط الدم,ضغط الدم,Test,"""قياس ضغط الدم""]|[""ضغط الدم""|ضغط الدم",0.0,,
ent_merge_001022,غسيل الاذن,غسيل الاذن,Test,"[""غسيل الاذن""]|غسيل الاذن",0.0,,
ent_merge_001023,فحص,فحص,Test,"""فحص حمل""]|[""فحص""|[""فحص""]|فحص",0.0,,
ent_merge_001024,فحص FSH,فحص fsh,Test,"[""فحص FSH""]|فحص FSH",0.0,,
ent_merge_001025,فحص karyotype analysis,فحص karyotype analysis,Test,"[""فحص karyotype analysis""]|فحص karyotype analysis",0.0,,
ent_merge_001026,فحص LH,فحص lh,Test,"[""فحص LH""]|فحص LH",0.0,,
ent_merge_001027,فحص prolactin,فحص prolactin,Test,"[""فحص prolactin""]|فحص prolactin",0.0,,
ent_merge_001028,فحص TSH,فحص tsh,Test,"[""فحص TSH""]|فحص TSH",0.0,,
ent_merge_001029,فحص البول,فحص البول,Test,"[""فحص البول""]|فحص البول",0.0,,
ent_merge_001030,فحص التراساوند,فحص التراساوند,Test,"[""فحص التراساوند""]|فحص التراساوند",0.0,,
ent_merge_001031,فحص الجنين بواسطة الأمواج فوق الصوتية,فحص الجنين بواسطه الامواج فوق الصوتيه,Test,"[""فحص الجنين بواسطة الأمواج فوق الصوتية""]|فحص الجنين بواسطة الأمواج فوق الصوتية",0.0,,
ent_merge_001032,فحص الحساسية,فحص الحساسيه,Test,"""فحص الحساسية""]|[""تحليل الحساسية""|فحص الحساسية",0.0,,
ent_merge_001033,فحص الحمل,فحص الحمل,Test,"""فحص الحمل""|""فحص حمل""|""فحص للحمل""]|[""فحص""|فحص الحمل",0.0,,
ent_merge_001034,فحص الدم,فحص الدم,Test,"""فحص الدم""|""فحص لقوه الدم""]|[""تحاليل دم""|[""فحص الدم""]|فحص الدم",0.0,,
ent_merge_001035,فحص السائل السلوي,فحص السايل السلوي,Test,"[""فحص السائل السلوي""]|فحص السائل السلوي",0.0,,
ent_merge_001036,فحص السائل المنوى,فحص السايل المنوي,Test,"""فحص السائل المنوي""]|[""فحص السائل المنوى""|فحص السائل المنوى",0.0,,
ent_merge_001037,فحص السكر,فحص السكر,Test,"[""فحص السكر""]|فحص السكر",0.0,,
ent_merge_001038,فحص الشرج,فحص الشرج,Test,"[""فحص الشرج""]|فحص الشرج",0.0,,
ent_merge_001039,فحص العين,فحص العين,Test,"""فحص العين""]|[""فحص""|فحص العين",0.0,,
ent_merge_001040,فحص العيون,فحص العيون,Test,"[""فحص العيون""]|فحص العيون",0.0,,
ent_merge_001041,فحص القلب,فحص القلب,Test,"""فحص للقلب""]|[""فحص القلب""|فحص القلب",0.0,,
ent_merge_001042,فحص الكروموسومات,فحص الكروموسومات,Test,"[""فحص الكروموسومات""]|فحص الكروموسومات",0.0,,
ent_merge_001043,فحص الكلى بال超صوت,فحص الكلي بال超صوت,Test,"""فحص الكلى بال超صوت""]|[""renal us""|فحص الكلى بال超صوت",0.0,,
ent_merge_001044,فحص الموجات الفوق صوتيه,فحص الموجات الفوق صوتيه,Test,"""فحص الموجات الفوق صوتيه""]|[""فحص الموجات الفوق صوتية""|فحص الموجات الفوق صوتيه",0.0,,
ent_merge_001045,فحص الهرمونات,فحص الهرمونات,Test,"""فحوصات الهرمونيه""]|[""فحص الهرمونات""|فحص الهرمونات",0.0,,
ent_merge_001046,فحص ب12,فحص ب12,Test,"[""فحص ب12""]|فحص ب12",0.0,,
ent_merge_001047,فحص حمل,فحص حمل,Test,"""فحص حمل الطبي""]|""فحص حمل""]|[""فحص حمل""|[""فحص""|فحص حمل",0.0,,
ent_merge_001048,فحص دم,فحص دم,Test,"""فحص دم الرقمي""]|""فحص دم""|[""فحص""|فحص دم",0.0,,
ent_merge_001049,فحص رباعي الأبعاد,فحص رباعي الابعاد,Test,"[""فحص رباعي الأبعاد""]|فحص رباعي الأبعاد",0.0,,
ent_merge_001050,فحص سريري,فحص سريري,Test,"""فحص سريري""]|[""التقييم""|[""فحص سريري""]|فحص سريري",0.0,,
ent_merge_001051,فحص طبي,فحص طبي,Test,"""فحوصات""]|[""فحص طبي""|[""فحص طبي""]|فحص طبي",0.0,,
ent_merge_001052,فحص طبي شامل,فحص طبي شامل,Test,"""فحص طبي شامل""]|[""الفحص المخبري الشامل""|فحص طبي شامل",0.0,,
ent_merge_001053,فحص عند طبيب العيون,فحص عند طبيب العيون,Test,"[""فحص عند طبيب العيون""]|فحص عند طبيب العيون",0.0,,
ent_merge_001054,فحص قوة الدم,فحص قوه الدم,Test,"[""فحص قوة الدم""]|فحص قوة الدم",0.0,,
ent_merge_001055,فحص للبلعوم والحنجرة,فحص للبلعوم والحنجره,Test,"[""فحص للبلعوم والحنجرة""]|فحص للبلعوم والحنجرة",0.0,,
ent_merge_001056,فحص هرمون الحمل,فحص هرمون الحمل,Test,"""فحص هرمون الحمل""]|[""فحص الحمل""|فحص هرمون الحمل",0.0,,
ent_merge_001057,فحص هرمونات,فحص هرمونات,Test,"[""فحص هرمونات""]|فحص هرمونات",0.0,,
ent_merge_001058,فحص هرموني,فحص هرموني,Test,"""فحص هرموني""|""فحوصات هرمونية""]|[""فحص هرمونات""|فحص هرموني",0.0,,
ent_merge_001059,فحص هشاشة عظام,فحص هشاشه عظام,Test,"[""فحص هشاشة عظام""]|فحص هشاشة عظام",0.0,,
ent_merge_001060,فحوص سريريه,فحوص سريريه,Test,"[""فحوص سريريه""]|فحوص سريريه",0.0,,
ent_merge_001061,فحوصات,فحوصات,Test,"[""فحوصات""]|فحوصات",0.0,,
ent_merge_001062,فحوصات طبيه,فحوصات طبيه,Test,"[""فحوصات طبيه""]|فحوصات طبيه",0.0,,
ent_merge_001063,فحوصات مخبرية,فحوصات مخبريه,Test,"[""فحوصات مخبرية""]|فحوصات مخبرية",0.0,,
ent_merge_001064,فحوصات هرمونية,فحوصات هرمونيه,Test,"""فحوصات هرمونية""]|[""فحوصات مخبرية""|فحوصات هرمونية",0.0,,
ent_merge_001065,فيريتين,فيريتين,Test,"[""فيريتين""]|فيريتين",0.0,,
ent_merge_001066,قسطرة,قسطره,Test,"[""قسطرة""]|قسطرة",0.0,,
ent_merge_001067,قسطرة القلب,قسطره القلب,Test,"""قسطرة القلب الأيسر""]|[""قسطرة القلب""|قسطرة القلب",0.0,,
ent_merge_001068,قياس الضغط,قياس الضغط,Test,"[""قياس الضغط""]|قياس الضغط",0.0,,
ent_merge_001069,قياس ضغط الدم,قياس ضغط الدم,Test,"""قياس ضغط الدم""]|[""قياس الضغط""|قياس ضغط الدم",0.0,,
ent_merge_001070,كشق طبي,كشق طبي,Test,"""كشق طبي""]|[""كشق طبى""|كشق طبي",0.0,,
ent_merge_001071,مجال الرؤية,مجال الرويه,Test,"[""مجال الرؤية""]|مجال الرؤية",0.0,,
ent_merge_001072,مزرعة بول,مزرعه بول,Test,"""مزرعة بول""]|[""مزرعة""|مزرعة بول",0.0,,
ent_merge_001073,مسح ذري,مسح ذري,Test,"[""مسح ذري""]|مسح ذري",0.0,,
ent_merge_001074,مسحة عنق الرحم,مسحه عنق الرحم,Test,"[""مسحة عنق الرحم""]|مسحة عنق الرحم",0.0,,
ent_merge_001075,منظار,منظار,Test,"[""منظار""]|منظار",0.0,,
ent_merge_001076,منظار المعدة,منظار المعده,Test,"[""منظار المعدة""]|منظار المعدة",0.0,,
ent_merge_001077,منظار هضمي,منظار هضمي,Test,"""منظار هضمي""]|[""منظار""|منظار هضمي",0.0,,
ent_merge_001078,نظار,نظار,Test,"""نظار""]|[""المنظار""|نظار",0.0,,
ent_merge_001079,هرمون الحمل,هرمون الحمل,Test,"[""هرمون الحمل""]|هرمون الحمل",0.0,,
ent_merge_001080,هرمون جارات الغدة الدرقية,هرمون جارات الغده الدرقيه,Test,"[""هرمون جارات الغدة الدرقية""]|هرمون جارات الغدة الدرقية",0.0,,
ent_merge_001081,هرمون مولريان,هرمون مولريان,Test,"""هرمون مولريان""]|[""فحص المضاد للهرمون مولريان""|هرمون مولريان",0.0,,
ent_merge_001082,هولتر,هولتر,Test,"""هولتر""]|[""جهاز هولتر""|هولتر",0.0,,
ent_merge_001083,هيموغلوبين,هيموغلوبين,Test,"[""هيموغلوبين""]|هيموغلوبين",0.0,,
ent_merge_001084,وظائف الكلية,وظايف الكليه,Test,"[""وظائف الكلية""]|وظائف الكلية",0.0,,
ent_merge_001085,5-Hydroxytryptophan,5-hydroxytryptophan,Treatment,"""5htp""]|5-Hydroxytryptophan|[""5-Hydroxytryptophan""",0.0,,
ent_merge_001086,5ASA,5asa,Treatment,"5ASA|[""5ASA""]",0.0,,
ent_merge_001087,amlor,amlor,Treatment,"""amlor""]|[""AMLOR""|amlor",0.0,,
ent_merge_001088,azalic acid cream,azalic acid cream,Treatment,"[""azalic acid cream""]|azalic acid cream",0.0,,
ent_merge_001089,Azithromycin,azithromycin,Treatment,"Azithromycin|[""Azithromycin""]",0.0,,
ent_merge_001090,betasept,betasept,Treatment,"[""betasept""]|betasept",0.0,,
ent_merge_001091,biprotens,biprotens,Treatment,"[""biprotens""]|biprotens",0.0,,
ent_merge_001092,cazet,cazet,Treatment,"[""cazet""]|cazet",0.0,,
ent_merge_001093,cefuzime,cefuzime,Treatment,"[""cefuzime""]|cefuzime",0.0,,
ent_merge_001094,Ciprofloxacin,ciprofloxacin,Treatment,"""سيفلوكساسين""]|Ciprofloxacin|[""Ciprofloxacin""",0.0,,
ent_merge_001095,cipromax,cipromax,Treatment,"[""cipromax""]|cipromax",0.0,,
ent_merge_001096,Clomipramine,clomipramine,Treatment,"Clomipramine|[""Clomipramine""]",0.0,,
ent_merge_001097,Clotremazol kream,clotremazol kream,Treatment,"Clotremazol kream|[""Clotremazol kream""]",0.0,,
ent_merge_001098,coxicam,coxicam,Treatment,"[""coxicam""]|coxicam",0.0,,
ent_merge_001099,DACTACORT,dactacort,Treatment,"DACTACORT|[""DACTACORT""]",0.0,,
ent_merge_001100,dalacin,dalacin,Treatment,"[""dalacin""]|dalacin",0.0,,
ent_merge_001101,dalacin vaginal ovule,dalacin vaginal ovule,Treatment,"[""dalacin vaginal ovule""]|dalacin vaginal ovule",0.0,,
ent_merge_001102,dexon,dexon,Treatment,"[""dexon""]|dexon",0.0,,
ent_merge_001103,Deyamethasone,deyamethasone,Treatment,"Deyamethasone|[""Deyamethasone""]",0.0,,
ent_merge_001104,DIFLUCAN,diflucan,Treatment,"DIFLUCAN|[""DIFLUCAN""]",0.0,,
ent_merge_001105,DIGOXIN,digoxin,Treatment,"DIGOXIN|[""DIGOXIN""]",0.0,,
ent_merge_001106,Equirab,equirab,Treatment,"Equirab|[""Equirab""]",0.0,,
ent_merge_001107,hydroqinon mono benzyl ether,hydroqinon mono benzyl ether,Treatment,"[""hydroqinon mono benzyl ether""]|hydroqinon mono benzyl ether",0.0,,
ent_merge_001108,indometacin,indometacin,Treatment,"[""indometacin""]|indometacin",0.0,,
ent_merge_001109,levothyrox,levothyrox,Treatment,"[""levothyrox""]|levothyrox",0.0,,
ent_merge_001110,levothyroxine,levothyroxine,Treatment,"""levothyroxine 50 mcg""]|[""levothyroxine""|levothyroxine",0.0,,
ent_merge_001111,losec,losec,Treatment,"[""losec""]|losec",0.0,,
ent_merge_001112,Mebo Cream,mebo cream,Treatment,"Mebo Cream|[""Mebo Cream""]",0.0,,
ent_merge_001113,Metrolag,metrolag,Treatment,"Metrolag|[""Metrolag""]",0.0,,
ent_merge_001114,mixavit,mixavit,Treatment,"[""mixavit""]|mixavit",0.0,,
ent_merge_001115,MUCOSOLVAN,mucosolvan,Treatment,"MUCOSOLVAN|[""MUCOSOLVAN""]",0.0,,
ent_merge_001116,Neostrata Facial cleanser,neostrata facial cleanser,Treatment,"Neostrata Facial cleanser|[""Neostrata Facial cleanser""]",0.0,,
ent_merge_001117,nexium,nexium,Treatment,"[""nexium""]|nexium",0.0,,
ent_merge_001118,Omeprazol,omeprazol,Treatment,"Omeprazol|[""Omeprazol""]",0.0,,
ent_merge_001119,omerozole,omerozole,Treatment,"[""omerozole""]|omerozole",0.0,,
ent_merge_001120,peptec care,peptec care,Treatment,"[""peptec care""]|peptec care",0.0,,
ent_merge_001121,PREFERTIL,prefertil,Treatment,"PREFERTIL|[""PREFERTIL""]",0.0,,
ent_merge_001122,Rhogam,rhogam,Treatment,"Rhogam|[""Rhogam""]",0.0,,
ent_merge_001123,safenac,safenac,Treatment,"[""safenac""]|safenac",0.0,,
ent_merge_001124,tamoxifen,tamoxifen,Treatment,"[""tamoxifen""]|tamoxifen",0.0,,
ent_merge_001125,urea cream,urea cream,Treatment,"[""urea cream""]|urea cream",0.0,,
ent_merge_001126,Vaseline,vaseline,Treatment,"Vaseline|[""Vaseline""]",0.0,,
ent_merge_001127,ابر منشطه,ابر منشطه,Treatment,"[""ابر منشطه""]|ابر منشطه",0.0,,
ent_merge_001128,إبرة انقاذ الحياة,ابره انقاذ الحياه,Treatment,"""إبرة انقاذ الحياة""]|[""epipen injector""|إبرة انقاذ الحياة",0.0,,
ent_merge_001129,اتاراكس,اتاراكس,Treatment,"[""اتاراكس""]|اتاراكس",0.0,,
ent_merge_001130,إجراء عملية جراحية,اجراء عمليه جراحيه,Treatment,"""جراحة""]|[""إجراء عملية جراحية""|إجراء عملية جراحية",0.0,,
ent_merge_001131,ادويه,ادويه,Treatment,"[""ادويه""]|ادويه",0.0,,
ent_merge_001132,إريثرومايسين,اريثرومايسين,Treatment,"""الاريثرومايسين""]|[""إريثرومايسين""|إريثرومايسين",0.0,,
ent_merge_001133,ازاثيوبرين,ازاثيوبرين,Treatment,"[""ازاثيوبرين""]|ازاثيوبرين",0.0,,
ent_merge_001134,إزالة الأعضاء الذكرية,ازاله الاعضاء الذكريه,Treatment,"[""إزالة الأعضاء الذكرية""]|إزالة الأعضاء الذكرية",0.0,,
ent_merge_001135,إزالة التثدي,ازاله التثدي,Treatment,"""إزالة التثدي""]|[""Gynecomastia""|إزالة التثدي",0.0,,
ent_merge_001136,ازالة الدوالي,ازاله الدوالي,Treatment,"""ازالة الدوالي الموجوده على الخصيه اليسرى""]|[""ازالة الدوالي""|ازالة الدوالي",0.0,,
ent_merge_001137,ازالة الشحوم,ازاله الشحوم,Treatment,"""ازالة الشحوم""]|[""ازالة الدهون""|ازالة الشحوم",0.0,,
ent_merge_001138,إزالة الضغط,ازاله الضغط,Treatment,"[""إزالة الضغط""]|إزالة الضغط",0.0,,
ent_merge_001139,إزالة جراحية,ازاله جراحيه,Treatment,"[""إزالة جراحية""]|إزالة جراحية",0.0,,
ent_merge_001140,إزونيازيد,ازونيازيد,Treatment,"[""إزونيازيد""]|إزونيازيد",0.0,,
ent_merge_001141,أزيثرومايسين,ازيثرومايسين,Treatment,"[""أزيثرومايسين""]|أزيثرومايسين",0.0,,
ent_merge_001142,استأصال الكلية,استاصال الكليه,Treatment,"[""استأصال الكلية""]|استأصال الكلية",0.0,,
ent_merge_001143,استخراج ذبابة الانف,استخراج ذبابه الانف,Treatment,"[""استخراج ذبابة الانف""]|استخراج ذبابة الانف",0.0,,
ent_merge_001144,إستشارة طبيب,استشاره طبيب,Treatment,"[""إستشارة طبيب""]|إستشارة طبيب",0.0,,
ent_merge_001145,استئصال,استيصال,Treatment,"""استئصال الفص""]|[""استئصال""|[""استئصال""]|استئصال",0.0,,
ent_merge_001146,استئصال الرحم,استيصال الرحم,Treatment,"""استئصال الرحم""]|[""استئصال""|استئصال الرحم",0.0,,
ent_merge_001147,استئصال المرارة,استيصال المراره,Treatment,"""استئصال المرارة الجراحي""]|[""استئصال المرارة""|[""استئصال المرارة""]|استئصال المرارة",0.0,,
ent_merge_001148,استئصال الورم,استيصال الورم,Treatment,"""استئصال الورم""]|[""استئصال""|استئصال الورم",0.0,,
ent_merge_001149,استئصال جزء من الدرقية,استيصال جزء من الدرقيه,Treatment,"[""استئصال جزء من الدرقية""]|استئصال جزء من الدرقية",0.0,,
ent_merge_001150,اطفال انابيب,اطفال انابيب,Treatment,"[""اطفال انابيب""]|اطفال انابيب",0.0,,
ent_merge_001151,اعشاب فيتارم,اعشاب فيتارم,Treatment,"[""اعشاب فيتارم""]|اعشاب فيتارم",0.0,,
ent_merge_001152,إغلاق بالقسطرة,اغلاق بالقسطره,Treatment,"[""إغلاق بالقسطرة""]|إغلاق بالقسطرة",0.0,,
ent_merge_001153,إغلاق جراحي,اغلاق جراحي,Treatment,"[""إغلاق جراحي""]|إغلاق جراحي",0.0,,
ent_merge_001154,أغمنتين,اغمنتين,Treatment,"[""أغمنتين""]|أغمنتين",0.0,,
ent_merge_001155,اكتومثرين,اكتومثرين,Treatment,"[""اكتومثرين""]|اكتومثرين",0.0,,
ent_merge_001156,إكزايمر ليزر,اكزايمر ليزر,Treatment,"""باكزايمر ليزر""]|[""إكزايمر ليزر""|إكزايمر ليزر",0.0,,
ent_merge_001157,أكسجين,اكسجين,Treatment,"[""أكسجين""]|أكسجين",0.0,,
ent_merge_001158,اكليل الجبل,اكليل الجبل,Treatment,"[""اكليل الجبل""]|اكليل الجبل",0.0,,
ent_merge_001159,الابتعاد عن التدخين,الابتعاد عن التدخين,Treatment,"[""الابتعاد عن التدخين""]|الابتعاد عن التدخين",0.0,,
ent_merge_001160,الابتعاد عن جلسات التخزين,الابتعاد عن جلسات التخزين,Treatment,"[""الابتعاد عن جلسات التخزين""]|الابتعاد عن جلسات التخزين",0.0,,
ent_merge_001161,الاختلاج الكهربائي,الاختلاج الكهربايي,Treatment,"[""الاختلاج الكهربائي""]|الاختلاج الكهربائي",0.0,,
ent_merge_001162,الأدرياميسين,الادرياميسين,Treatment,"[""الأدرياميسين""]|الأدرياميسين",0.0,,
ent_merge_001163,الأدرينالين,الادرينالين,Treatment,"[""الأدرينالين""]|الأدرينالين",0.0,,
ent_merge_001164,الادوية المثبطة لامتصاص السيروتنين,الادويه المثبطه لامتصاص السيروتنين,Treatment,"[""الادوية المثبطة لامتصاص السيروتنين""]|الادوية المثبطة لامتصاص السيروتنين",0.0,,
ent_merge_001165,الادويه مضادة الالتهاب,الادويه مضاده الالتهاب,Treatment,"[""الادويه مضادة الالتهاب""]|الادويه مضادة الالتهاب",0.0,,
ent_merge_001166,الأسبرين,الاسبرين,Treatment,"""اسبرين بيبي""|""الأسبرين + البلافيكس""|""الأسبرين""|""الاسبرين""]|""بيبي اسبرين""]|[""اسبرين""|الأسبرين",0.0,,
ent_merge_001167,الاستمناء,الاستمناء,Treatment,"""عادة سرية""]|[""الاستمناء""|الاستمناء",0.0,,
ent_merge_001168,الاستئصال,الاستيصال,Treatment,"[""الاستئصال""]|الاستئصال",0.0,,
ent_merge_001169,الأسماك الدهنية,الاسماك الدهنيه,Treatment,"[""الأسماك الدهنية""]|الأسماك الدهنية",0.0,,
ent_merge_001170,الاشراف,الاشراف,Treatment,"[""الاشراف""]|الاشراف",0.0,,
ent_merge_001171,الاشعاع,الاشعاع,Treatment,"[""الاشعاع""]|الاشعاع",0.0,,
ent_merge_001172,الأملج,الاملج,Treatment,"[""الأملج""]|الأملج",0.0,,
ent_merge_001173,الاموكسيسيللين,الاموكسيسيللين,Treatment,"[""الاموكسيسيللين""]|الاموكسيسيللين",0.0,,
ent_merge_001174,الانابيب,الانابيب,Treatment,"[""الانابيب""]|الانابيب",0.0,,
ent_merge_001175,الأنسولين,الانسولين,Treatment,"[""الأنسولين""]|الأنسولين",0.0,,
ent_merge_001176,الانعاش القلبي الرئوي,الانعاش القلبي الريوي,Treatment,"""التنفس الصناعي""]|[""الانعاش القلبي الرئوي""|[""الانعاش القلبي الرئوي""]|الانعاش القلبي الرئوي",0.0,,
ent_merge_001177,الايبوبروفين,الايبوبروفين,Treatment,"[""الايبوبروفين""]|الايبوبروفين",0.0,,
ent_merge_001178,البابونج,البابونج,Treatment,"[""البابونج""]|البابونج",0.0,,
ent_merge_001179,الباراسيتامول,الباراسيتامول,Treatment,"[""الباراسيتامول""]|الباراسيتامول",0.0,,
ent_merge_001180,الباندول,الباندول,Treatment,"[""الباندول""]|الباندول",0.0,,
ent_merge_001181,الببسين,الببسين,Treatment,"[""الببسين""]|الببسين",0.0,,
ent_merge_001182,البرتقال,البرتقال,Treatment,"[""البرتقال""]|البرتقال",0.0,,
ent_merge_001183,البردقوش,البردقوش,Treatment,"[""البردقوش""]|البردقوش",0.0,,
ent_merge_001184,البروتينات الطبيعية,البروتينات الطبيعيه,Treatment,"[""البروتينات الطبيعية""]|البروتينات الطبيعية",0.0,,
ent_merge_001185,البروزاك,البروزاك,Treatment,"[""البروزاك""]|البروزاك",0.0,,
ent_merge_001186,البقدونس,البقدونس,Treatment,"[""البقدونس""]|البقدونس",0.0,,
ent_merge_001187,البلافكس,البلافكس,Treatment,"[""البلافكس""]|البلافكس",0.0,,
ent_merge_001188,التخدير,التخدير,Treatment,"""تخدير""]|[""التخدير""|التخدير",0.0,,
ent_merge_001189,الترفبرون,الترفبرون,Treatment,"[""الترفبرون""]|الترفبرون",0.0,,
ent_merge_001190,التغذية المتوازنة,التغذيه المتوازنه,Treatment,"""تغذية متوازنة""]|[""التغذية المتوازنة""|التغذية المتوازنة",0.0,,
ent_merge_001191,التمارين الرياضية,التمارين الرياضيه,Treatment,"""تمارين رياضية""]|[""التمارين الرياضية""|التمارين الرياضية",0.0,,
ent_merge_001192,التمالرين الرياضيه,التمالرين الرياضيه,Treatment,"[""التمالرين الرياضيه""]|التمالرين الرياضيه",0.0,,
ent_merge_001193,التنظيف,التنظيف,Treatment,"""عملية تنظيفات""]|[""التنظيف""|التنظيف",0.0,,
ent_merge_001194,التوعية الجنسية,التوعيه الجنسيه,Treatment,"[""التوعية الجنسية""]|التوعية الجنسية",0.0,,
ent_merge_001195,الجالكتوز,الجالكتوز,Treatment,"[""الجالكتوز""]|الجالكتوز",0.0,,
ent_merge_001196,الجراحة,الجراحه,Treatment,"""جراحة""]|[""الجراحة""|[""الجراحة""]|الجراحة",0.0,,
ent_merge_001197,الجوارب الضاغطة,الجوارب الضاغطه,Treatment,"[""الجوارب الضاغطة""]|الجوارب الضاغطة",0.0,,
ent_merge_001198,الحجامة,الحجامه,Treatment,"[""الحجامة""]|الحجامة",0.0,,
ent_merge_001199,الحفاظ على الوزن الصحي,الحفاظ علي الوزن الصحي,Treatment,"[""الحفاظ على الوزن الصحي""]|الحفاظ على الوزن الصحي",0.0,,
ent_merge_001200,الحلبة,الحلبه,Treatment,"[""الحلبة""]|الحلبة",0.0,,
ent_merge_001201,الحمية,الحميه,Treatment,"[""الحمية""]|الحمية",0.0,,
ent_merge_001202,الخضروات الخضراء,الخضروات الخضراء,Treatment,"[""الخضروات الخضراء""]|الخضروات الخضراء",0.0,,
ent_merge_001203,الخل,الخل,Treatment,"[""الخل""]|الخل",0.0,,
ent_merge_001204,الدواء,الدواء,Treatment,"""الدواء""|""دواء""|""دواء""]|""مضمضة الكلورهيكسيدين""]|[""vitamin b complex""|[""الدواء""|الدواء",0.0,,
ent_merge_001205,الدينكسيت,الدينكسيت,Treatment,"[""الدينكسيت""]|الدينكسيت",0.0,,
ent_merge_001206,الراحة,الراحه,Treatment,"[""الراحة""]|الراحة",0.0,,
ent_merge_001207,الرضاعة,الرضاعه,Treatment,"""الرضاعة الطبيعية""|""حليب الأم""]|""رضاعة الطبيعية""]|""رضاعة""|[""الرضاعة""|الرضاعة",0.0,,
ent_merge_001208,الرضاعة الطبيعية,الرضاعه الطبيعيه,Treatment,"""الرضاعة الطبيعية""]|""رضاعة طبيعية""]|[""الرضاعة الطبيعية""|[""الرضاعة""|الرضاعة الطبيعية",0.0,,
ent_merge_001209,الرياضة,الرياضه,Treatment,"""الرياضة اليومية""|""رياضة""]|[""الرياضة""|[""الرياضة""]|الرياضة",0.0,,
ent_merge_001210,الريبافيرين,الريبافيرين,Treatment,"[""الريبافيرين""]|الريبافيرين",0.0,,
ent_merge_001211,الزنجبيل,الزنجبيل,Treatment,"[""الزنجبيل""]|الزنجبيل",0.0,,
ent_merge_001212,السايكلوسبورين,السايكلوسبورين,Treatment,"[""السايكلوسبورين""]|السايكلوسبورين",0.0,,
ent_merge_001213,السباحة,السباحه,Treatment,"[""السباحة""]|السباحة",0.0,,
ent_merge_001214,الستاتينات,الستاتينات,Treatment,"[""الستاتينات""]|الستاتينات",0.0,,
ent_merge_001215,السوائل,السوايل,Treatment,"""سوائل""]|[""السوائل""|[""السوائل""]|السوائل",0.0,,
ent_merge_001216,السيبرالكس,السيبرالكس,Treatment,"[""السيبرالكس""]|السيبرالكس",0.0,,
ent_merge_001217,السيلدنافيل,السيلدنافيل,Treatment,"[""السيلدنافيل""]|السيلدنافيل",0.0,,
ent_merge_001218,الشاي,الشاي,Treatment,"""الشاي الأبيض""|""الشاي الأخصر""|""الشاي الأسود""|""شاي البابونج""]|[""الشاي""|الشاي",0.0,,
ent_merge_001219,الشاي الاخضر,الشاي الاخضر,Treatment,"[""الشاي الاخضر""]|الشاي الاخضر",0.0,,
ent_merge_001220,الشوكولاته,الشوكولاته,Treatment,"[""الشوكولاته""]|الشوكولاته",0.0,,
ent_merge_001221,العسل,العسل,Treatment,"[""العسل""]|العسل",0.0,,
ent_merge_001222,العلاج الجراحي,العلاج الجراحي,Treatment,"[""العلاج الجراحي""]|العلاج الجراحي",0.0,,
ent_merge_001223,العلاج الدوائي,العلاج الدوايي,Treatment,"[""العلاج الدوائي""]|العلاج الدوائي",0.0,,
ent_merge_001224,العلاج الطبيعي,العلاج الطبيعي,Treatment,"[""العلاج الطبيعي""]|العلاج الطبيعي",0.0,,
ent_merge_001225,العلاج المعرفي والسلوكي,العلاج المعرفي والسلوكي,Treatment,"[""العلاج المعرفي والسلوكي""]|العلاج المعرفي والسلوكي",0.0,,
ent_merge_001226,العلاج بالليزر,العلاج بالليزر,Treatment,"[""العلاج بالليزر""]|العلاج بالليزر",0.0,,
ent_merge_001227,العلاج مزيل الاحتقان الكامل,العلاج مزيل الاحتقان الكامل,Treatment,"[""العلاج مزيل الاحتقان الكامل""]|العلاج مزيل الاحتقان الكامل",0.0,,
ent_merge_001228,العمليه,العمليه,Treatment,"[""العمليه""]|العمليه",0.0,,
ent_merge_001229,الغذاء الطبيعي,الغذاء الطبيعي,Treatment,"[""الغذاء الطبيعي""]|الغذاء الطبيعي",0.0,,
ent_merge_001230,الغرزه,الغرزه,Treatment,"[""الغرزه""]|الغرزه",0.0,,
ent_merge_001231,الفجل الابيض,الفجل الابيض,Treatment,"[""الفجل الابيض""]|الفجل الابيض",0.0,,
ent_merge_001232,الفركتوز,الفركتوز,Treatment,"[""الفركتوز""]|الفركتوز",0.0,,
ent_merge_001233,القرفة,القرفه,Treatment,"[""القرفة""]|القرفة",0.0,,
ent_merge_001234,القهوه,القهوه,Treatment,"[""القهوة""]|[""القهوه""]|القهوة|القهوه",0.0,,
ent_merge_001235,الكانيولا,الكانيولا,Treatment,"[""الكانيولا""]|الكانيولا",0.0,,
ent_merge_001236,الكرفس,الكرفس,Treatment,"[""الكرفس""]|الكرفس",0.0,,
ent_merge_001237,الكركديه,الكركديه,Treatment,"[""الكركديه""]|الكركديه",0.0,,
ent_merge_001238,الكرنتين,الكرنتين,Treatment,"""دواء الكرنتين""]|[""الكرنتين""|الكرنتين",0.0,,
ent_merge_001239,الكرياتين,الكرياتين,Treatment,"[""الكرياتين""]|الكرياتين",0.0,,
ent_merge_001240,الكريمات,الكريمات,Treatment,"[""الكريمات""]|الكريمات",0.0,,
ent_merge_001241,الكريمات الموضعية المخدرة,الكريمات الموضعيه المخدره,Treatment,"""الكريمات الموضعية المخدرة""]|[""الكريمات المخدرة""|الكريمات الموضعية المخدرة",0.0,,
ent_merge_001242,الكلورهيكيسدين,الكلورهيكيسدين,Treatment,"[""الكلورهيكيسدين""]|الكلورهيكيسدين",0.0,,
ent_merge_001243,الكورتيزون,الكورتيزون,Treatment,"[""الكورتيزون""]|الكورتيزون",0.0,,
ent_merge_001244,الكورتيكوستيرويد,الكورتيكوستيرويد,Treatment,"[""الكورتيكوستيرويد""]|الكورتيكوستيرويد",0.0,,
ent_merge_001245,الكيماوي,الكيماوي,Treatment,"""علاج كيمياوي""]|[""الكيماوي""|الكيماوي",0.0,,
ent_merge_001246,اللبن الرائب,اللبن الرايب,Treatment,"[""اللبن الرائب""]|اللبن الرائب",0.0,,
ent_merge_001247,اللحوم الحمراء,اللحوم الحمراء,Treatment,"[""اللحوم الحمراء""]|اللحوم الحمراء",0.0,,
ent_merge_001248,اللقاح,اللقاح,Treatment,"""لقاح""]|[""اللقاح""|[""اللقاح""]|اللقاح",0.0,,
ent_merge_001249,اللولب,اللولب,Treatment,"""لولب""]|[""اللولب""|اللولب",0.0,,
ent_merge_001250,الليزر,الليزر,Treatment,"[""الليزر""]|الليزر",0.0,,
ent_merge_001251,الليمون,الليمون,Treatment,"[""الليمون""]|الليمون",0.0,,
ent_merge_001252,المثبت,المثبت,Treatment,"[""المثبت""]|المثبت",0.0,,
ent_merge_001253,المداعبة,المداعبه,Treatment,"[""المداعبة""]|المداعبة",0.0,,
ent_merge_001254,المدرات البولية,المدرات البوليه,Treatment,"[""المدرات البولية""]|المدرات البولية",0.0,,
ent_merge_001255,المزلقات المائية,المزلقات الماييه,Treatment,"[""المزلقات المائية""]|المزلقات المائية",0.0,,
ent_merge_001256,المشي,المشي,Treatment,"[""المشي""]|المشي",0.0,,
ent_merge_001257,المضادات الحيوية,المضادات الحيويه,Treatment,"[""المضادات الحيوية""]|المضادات الحيوية",0.0,,
ent_merge_001258,المكسرات,المكسرات,Treatment,"[""المكسرات""]|المكسرات",0.0,,
ent_merge_001259,المكملات الغذائية,المكملات الغذاييه,Treatment,"[""المكملات الغذائية""]|المكملات الغذائية",0.0,,
ent_merge_001260,المنظم الهرموني,المنظم الهرموني,Treatment,"[""المنظم الهرموني""]|المنظم الهرموني",0.0,,
ent_merge_001261,الميرمية,الميرميه,Treatment,"""الميرمية""]|[""المرميه""|[""الميرمية""]|الميرمية",0.0,,
ent_merge_001262,المينوكسيديل,المينوكسيديل,Treatment,"[""المينوكسيديل""]|المينوكسيديل",0.0,,
ent_merge_001263,النظام,النظام,Treatment,"[""النظام""]|النظام",0.0,,
ent_merge_001264,الهرمونات,الهرمونات,Treatment,"[""الهرمونات""]|الهرمونات",0.0,,
ent_merge_001265,الورفارين,الورفارين,Treatment,"[""الورفارين""]|الورفارين",0.0,,
ent_merge_001266,الولادة القيصرية,الولاده القيصريه,Treatment,"""عملية قيصرية""|""ولادة قيصرية""]|[""الولادة القيصرية""|الولادة القيصرية",0.0,,
ent_merge_001267,أمоксيسيلين,امоксيسيلين,Treatment,"[""أمоксيسيلين""]|أمоксيسيلين",0.0,,
ent_merge_001268,امادول,امادول,Treatment,"""امادول""]|[""tramadol""|امادول",0.0,,
ent_merge_001269,اميبرامين,اميبرامين,Treatment,"[""اميبرامين""]|اميبرامين",0.0,,
ent_merge_001270,انبوب للتغذية,انبوب للتغذيه,Treatment,"""انبوب للتغذية""]|[""انبوب تغذية""|انبوب للتغذية",0.0,,
ent_merge_001271,انبوب للتنفس,انبوب للتنفس,Treatment,"""انبوب للتنفس""]|[""انبوب تنفسي""|انبوب للتنفس",0.0,,
ent_merge_001272,انفليكسيماب,انفليكسيماب,Treatment,"[""انفليكسيماب""]|انفليكسيماب",0.0,,
ent_merge_001273,أوجمنتين ٦٢٥,اوجمنتين ٦٢٥,Treatment,"[""أوجمنتين ٦٢٥""]|أوجمنتين ٦٢٥",0.0,,
ent_merge_001274,اوميبرازول,اوميبرازول,Treatment,"""اومبيرازول""|""اوميبرازول""]|[""أوميبرازول""|[""اوميبرازول""]|اوميبرازول",0.0,,
ent_merge_001275,اوميجا3,اوميجا3,Treatment,"[""اوميجا3""]|اوميجا3",0.0,,
ent_merge_001276,أيبوبروفين,ايبوبروفين,Treatment,"[""أيبوبروفين""]|أيبوبروفين",0.0,,
ent_merge_001277,إيثامبيوتول,ايثامبيوتول,Treatment,"[""إيثامبيوتول""]|إيثامبيوتول",0.0,,
ent_merge_001278,بензويل بيراوكسيد,بензويل بيراوكسيد,Treatment,"[""بензويل بيراوكسيد""]|بензويل بيراوكسيد",0.0,,
ent_merge_001279,باراسيتامول,باراسيتامول,Treatment,"""مسكن باراسيتامول""]|[""باراسيتامول""|[""باراسيتامول""]|باراسيتامول",0.0,,
ent_merge_001280,باريت,باريت,Treatment,"""ميتلوم""]|[""باريت""|[""باريت""]|باريت",0.0,,
ent_merge_001281,بانتوبرازول,بانتوبرازول,Treatment,"[""بانتوبرازول""]|بانتوبرازول",0.0,,
ent_merge_001282,بخاخ,بخاخ,Treatment,"""بخاخ ذو القرص""]|[""بخاخ""|بخاخ",0.0,,
ent_merge_001283,بخاخ انفي,بخاخ انفي,Treatment,"[""بخاخ انفي""]|بخاخ انفي",0.0,,
ent_merge_001284,بخاخات,بخاخات,Treatment,"[""بخاخات""]|بخاخات",0.0,,
ent_merge_001285,بخاخة,بخاخه,Treatment,"[""بخاخة""]|بخاخة",0.0,,
ent_merge_001286,بذر الكتان,بذر الكتان,Treatment,"[""بذر الكتان""]|بذر الكتان",0.0,,
ent_merge_001287,بذور الكتان,بذور الكتان,Treatment,"[""بذور الكتان""]|بذور الكتان",0.0,,
ent_merge_001288,برشام جينيرا,برشام جينيرا,Treatment,"[""برشام جينيرا""]|برشام جينيرا",0.0,,
ent_merge_001289,برهم,برهم,Treatment,"[""برهم""]|برهم",0.0,,
ent_merge_001290,بروبيوتك,بروبيوتك,Treatment,"[""بروبيوتك""]|بروبيوتك",0.0,,
ent_merge_001291,بروجسترون,بروجسترون,Treatment,"[""بروجسترون""]|بروجسترون",0.0,,
ent_merge_001292,بروفين,بروفين,Treatment,"[""بروفين""]|بروفين",0.0,,
ent_merge_001293,بريدنيزولون,بريدنيزولون,Treatment,"[""بريدنيزولون""]|بريدنيزولون",0.0,,
ent_merge_001294,بريدنيزون,بريدنيزون,Treatment,"[""بريدنيزون""]|بريدنيزون",0.0,,
ent_merge_001295,بريست أكتيفيز,بريست اكتيفيز,Treatment,"[""بريست أكتيفيز""]|بريست أكتيفيز",0.0,,
ent_merge_001296,بريمولوت,بريمولوت,Treatment,"[""بريمولوت""]|بريمولوت",0.0,,
ent_merge_001297,بريمولوت ن,بريمولوت ن,Treatment,"[""بريمولوت ن""]|بريمولوت ن",0.0,,
ent_merge_001298,بستلاين BM-301,بستلاين bm-301,Treatment,"[""بستلاين BM-301""]|بستلاين BM-301",0.0,,
ent_merge_001299,بناء جسم,بناء جسم,Treatment,"[""بناء جسم""]|بناء جسم",0.0,,
ent_merge_001300,بنسلين,بنسلين,Treatment,"[""بنسلين""]|بنسلين",0.0,,
ent_merge_001301,بودا سيف,بودا سيف,Treatment,"[""بودا سيف""]|بودا سيف",0.0,,
ent_merge_001302,بودرة الكولاجين,بودره الكولاجين,Treatment,"""بودرة الكولاجين اليابانية""]|[""بودرة الكولاجين""|بودرة الكولاجين",0.0,,
ent_merge_001303,بولارامين,بولارامين,Treatment,"[""بولارامين""]|بولارامين",0.0,,
ent_merge_001304,بيتاسيرك,بيتاسيرك,Treatment,"[""بيتاسيرك""]|بيتاسيرك",0.0,,
ent_merge_001305,بيتاميثازون,بيتاميثازون,Treatment,"[""بيتاميثازون""]|بيتاميثازون",0.0,,
ent_merge_001306,بيرازيناميد,بيرازيناميد,Treatment,"[""بيرازيناميد""]|بيرازيناميد",0.0,,
ent_merge_001307,بيكربونات الصوديوم,بيكربونات الصوديوم,Treatment,"[""بيكربونات الصوديوم""]|بيكربونات الصوديوم",0.0,,
ent_merge_001308,تبيض الاسنان,تبيض الاسنان,Treatment,"[""تبيض الاسنان""]|تبيض الاسنان",0.0,,
ent_merge_001309,تبييض الأسنان,تبييض الاسنان,Treatment,"""تبييض الأسنان""]|[""تبيض الاسنان""|تبييض الأسنان",0.0,,
ent_merge_001310,تجميل,تجميل,Treatment,"[""تجميل""]|تجميل",0.0,,
ent_merge_001311,تجميل الثدي,تجميل الثدي,Treatment,"""جراحة تصغير و شد او تجميل الثدي""]|[""تجميل الثدي""|تجميل الثدي",0.0,,
ent_merge_001312,تحريض ولادة,تحريض ولاده,Treatment,"""تحريض ولادة""]|[""تحريض""|تحريض ولادة",0.0,,
ent_merge_001313,تخدير,تخدير,Treatment,"""بنج""|""تخدير""]|[""البنج الكلي""|[""تخدير""]|تخدير",0.0,,
ent_merge_001314,تخدير موضعي,تخدير موضعي,Treatment,"[""تخدير موضعي""]|تخدير موضعي",0.0,,
ent_merge_001315,تخدير نصفي,تخدير نصفي,Treatment,"[""تخدير نصفي""]|تخدير نصفي",0.0,,
ent_merge_001316,ترافازول,ترافازول,Treatment,"""كريم ترافازول""]|[""ترافازول""|ترافازول",0.0,,
ent_merge_001317,تطعيم,تطعيم,Treatment,"[""تطعيم""]|تطعيم",0.0,,
ent_merge_001318,تطعيم البي سي جي,تطعيم البي سي جي,Treatment,"[""تطعيم البي سي جي""]|تطعيم البي سي جي",0.0,,
ent_merge_001319,تعرض لاشعة الشمس,تعرض لاشعه الشمس,Treatment,"[""تعرض لاشعة الشمس""]|تعرض لاشعة الشمس",0.0,,
ent_merge_001320,تعويض السوائل,تعويض السوايل,Treatment,"[""تعويض السوائل""]|تعويض السوائل",0.0,,
ent_merge_001321,تفتيت,تفتيت,Treatment,"[""تفتيت""]|تفتيت",0.0,,
ent_merge_001322,تفتيت باليزر,تفتيت باليزر,Treatment,"[""تفتيت باليزر""]|تفتيت باليزر",0.0,,
ent_merge_001323,تقشير الجلد,تقشير الجلد,Treatment,"[""تقشير الجلد""]|تقشير الجلد",0.0,,
ent_merge_001324,تقليل التوتر,تقليل التوتر,Treatment,"[""تقليل التوتر""]|تقليل التوتر",0.0,,
ent_merge_001325,تقليل الضغط النفسي,تقليل الضغط النفسي,Treatment,"[""تقليل الضغط النفسي""]|تقليل الضغط النفسي",0.0,,
ent_merge_001326,تقويم الاسنان,تقويم الاسنان,Treatment,"[""تقويم الاسنان""]|تقويم الاسنان",0.0,,
ent_merge_001327,تكبير الصدر,تكبير الصدر,Treatment,"[""تكبير الصدر""]|تكبير الصدر",0.0,,
ent_merge_001328,تكميم المعدة,تكميم المعده,Treatment,"[""تكميم المعدة""]|تكميم المعدة",0.0,,
ent_merge_001329,تل فاست,تل فاست,Treatment,"""حبة تل فاست""]|[""تل فاست""|تل فاست",0.0,,
ent_merge_001330,تلقيح صناعي,تلقيح صناعي,Treatment,"[""تلقيح صناعي""]|تلقيح صناعي",0.0,,
ent_merge_001331,تليفاست,تليفاست,Treatment,"[""تليفاست""]|تليفاست",0.0,,
ent_merge_001332,تمارين,تمارين,Treatment,"[""تمارين""]|تمارين",0.0,,
ent_merge_001333,تمارين الضغط,تمارين الضغط,Treatment,"[""تمارين الضغط""]|تمارين الضغط",0.0,,
ent_merge_001334,تمارين المعدة,تمارين المعده,Treatment,"[""تمارين المعدة""]|تمارين المعدة",0.0,,
ent_merge_001335,تمارين رياضية,تمارين رياضيه,Treatment,"[""تمارين رياضية""]|تمارين رياضية",0.0,,
ent_merge_001336,تمارين كيغل,تمارين كيغل,Treatment,"""تمارين كيغل لتقوية عضلات الشرج""]|""تمارين كيغل""|[""تمارين عضلات قاع الحوض""|تمارين كيغل",0.0,,
ent_merge_001337,تمارين للبطن,تمارين للبطن,Treatment,"[""تمارين للبطن""]|تمارين للبطن",0.0,,
ent_merge_001338,تناول اغذية فيها فيتامين د,تناول اغذيه فيها فيتامين د,Treatment,"[""تناول اغذية فيها فيتامين د""]|تناول اغذية فيها فيتامين د",0.0,,
ent_merge_001339,تناول الأطعمة الغنية بالألياف,تناول الاطعمه الغنيه بالالياف,Treatment,"[""تناول الأطعمة الغنية بالألياف""]|تناول الأطعمة الغنية بالألياف",0.0,,
ent_merge_001340,تناول الخضراوات,تناول الخضراوات,Treatment,"[""تناول الخضراوات""]|تناول الخضراوات",0.0,,
ent_merge_001341,تناول الفجل الأبيض,تناول الفجل الابيض,Treatment,"[""تناول الفجل الأبيض""]|تناول الفجل الأبيض",0.0,,
ent_merge_001342,تناول الفواكه,تناول الفواكه,Treatment,"[""تناول الفواكه""]|تناول الفواكه",0.0,,
ent_merge_001343,تناول مضادات الحموضة,تناول مضادات الحموضه,Treatment,"""مضادات الحموضة""]|[""تناول مضادات الحموضة""|تناول مضادات الحموضة",0.0,,
ent_merge_001344,تناول وجبة الإفطار,تناول وجبه الافطار,Treatment,"[""تناول وجبة الإفطار""]|تناول وجبة الإفطار",0.0,,
ent_merge_001345,تنبيب المريض,تنبيب المريض,Treatment,"[""تنبيب المريض""]|تنبيب المريض",0.0,,
ent_merge_001346,تنشيط كهربائي,تنشيط كهربايي,Treatment,"""تنشيط كهربائي""]|[""تنشيط بالكهرباء""|تنشيط كهربائي",0.0,,
ent_merge_001347,تنظيف,تنظيف,Treatment,"[""تنظيف""]|تنظيف",0.0,,
ent_merge_001348,تنظيف الأمعاء,تنظيف الامعاء,Treatment,"[""تنظيف الأمعاء""]|تنظيف الأمعاء",0.0,,
ent_merge_001349,توبليكسيل,توبليكسيل,Treatment,"[""توبليكسيل""]|توبليكسيل",0.0,,
ent_merge_001350,توسيع الشرايين,توسيع الشرايين,Treatment,"[""توسيع الشرايين""]|توسيع الشرايين",0.0,,
ent_merge_001351,توسيع عنق الرحم,توسيع عنق الرحم,Treatment,"""توسيع عنق الرحم""]|[""توسيع الرحم""|توسيع عنق الرحم",0.0,,
ent_merge_001352,توقف استعمال العدسات,توقف استعمال العدسات,Treatment,"[""توقف استعمال العدسات""]|توقف استعمال العدسات",0.0,,
ent_merge_001353,تينورمين 50 م,تينورمين 50 م,Treatment,"[""تينورمين 50 م""]|تينورمين 50 م",0.0,,
ent_merge_001354,ثمرة غوانابانا,ثمره غوانابانا,Treatment,"[""ثمرة غوانابانا""]|ثمرة غوانابانا",0.0,,
ent_merge_001355,جراحة,جراحه,Treatment,"""جراحة""]|[""جراح""|جراحة",0.0,,
ent_merge_001356,جراحة التجميل,جراحه التجميل,Treatment,"[""جراحة التجميل""]|جراحة التجميل",0.0,,
ent_merge_001357,جراحة العظام,جراحه العظام,Treatment,"""جراحة عظام""]|[""جراحة العظام""|جراحة العظام",0.0,,
ent_merge_001358,جراحة القلب,جراحه القلب,Treatment,"[""جراحة القلب""]|جراحة القلب",0.0,,
ent_merge_001359,جراحة القلب المفتوح,جراحه القلب المفتوح,Treatment,"""عملية قلب مفتوح""]|[""جراحة القلب المفتوح""|جراحة القلب المفتوح",0.0,,
ent_merge_001360,جراحة تجميلية,جراحه تجميليه,Treatment,"[""جراحة تجميلية""]|جراحة تجميلية",0.0,,
ent_merge_001361,جراحة لتعديل الأعضاء الذكرية,جراحه لتعديل الاعضاء الذكريه,Treatment,"[""جراحة لتعديل الأعضاء الذكرية""]|جراحة لتعديل الأعضاء الذكرية",0.0,,
ent_merge_001362,جراحة هامة,جراحه هامه,Treatment,"[""جراحة هامة""]|جراحة هامة",0.0,,
ent_merge_001363,جرعة,جرعه,Treatment,"""الجعة""|""جرعة تيروكسين""|""جرعة""|""علاج""]|[""الجرعة""|[""جرعة""]|جرعة",0.0,,
ent_merge_001364,جلايسوليسيد,جلايسوليسيد,Treatment,"[""جلايسوليسيد""]|جلايسوليسيد",0.0,,
ent_merge_001365,جليسوليد,جليسوليد,Treatment,"[""جليسوليد""]|جليسوليد",0.0,,
ent_merge_001366,جهاز لتصغير الصدر,جهاز لتصغير الصدر,Treatment,"[""جهاز لتصغير الصدر""]|جهاز لتصغير الصدر",0.0,,
ent_merge_001367,جهاز للتنفس,جهاز للتنفس,Treatment,"[""جهاز للتنفس""]|جهاز للتنفس",0.0,,
ent_merge_001368,حاصرات بيتا,حاصرات بيتا,Treatment,"[""حاصرات بيتا""]|حاصرات بيتا",0.0,,
ent_merge_001369,حاصرات قنوات الكالسيوم,حاصرات قنوات الكالسيوم,Treatment,"[""حاصرات قنوات الكالسيوم""]|حاصرات قنوات الكالسيوم",0.0,,
ent_merge_001370,حامض الفوليك,حامض الفوليك,Treatment,"[""حامض الفوليك""]|حامض الفوليك",0.0,,
ent_merge_001371,حبة سوداء,حبه سوداء,Treatment,"[""حبة سوداء""]|حبة سوداء",0.0,,
ent_merge_001372,حبوب الضغط,حبوب الضغط,Treatment,"[""حبوب الضغط""]|حبوب الضغط",0.0,,
ent_merge_001373,حبوب الغدة الرقية,حبوب الغده الرقيه,Treatment,"""حبوب الغدة الرقية""]|[""حبوب الغدة""|حبوب الغدة الرقية",0.0,,
ent_merge_001374,حبوب بريمولوت ن,حبوب بريمولوت ن,Treatment,"""حبوب بريمولوت ن""]|[""بريمولوت""|حبوب بريمولوت ن",0.0,,
ent_merge_001375,حبوب مارفيلون,حبوب مارفيلون,Treatment,"[""حبوب مارفيلون""]|حبوب مارفيلون",0.0,,
ent_merge_001376,حبوب منع الحمل,حبوب منع الحمل,Treatment,"[""حبوب منع الحمل""]|حبوب منع الحمل",0.0,,
ent_merge_001377,حديد,حديد,Treatment,"""حديد""]|[""حبوب حديد""|[""حديد""]|حديد",0.0,,
ent_merge_001378,حزام الساونا,حزام الساونا,Treatment,"[""حزام الساونا""]|حزام الساونا",0.0,,
ent_merge_001379,حزام الشد الأندونيسي,حزام الشد الاندونيسي,Treatment,"[""حزام الشد الأندونيسي""]|حزام الشد الأندونيسي",0.0,,
ent_merge_001380,حشيشة الملاك,حشيشه الملاك,Treatment,"[""حشيشة الملاك""]|حشيشة الملاك",0.0,,
ent_merge_001381,حقن الطحال,حقن الطحال,Treatment,"""عملية حقن للطحال""]|[""حقن الطحال""|حقن الطحال",0.0,,
ent_merge_001382,حقن الكيناكورت,حقن الكيناكورت,Treatment,"""حقن كيناكورت""]|[""حقن الكيناكورت""|حقن الكيناكورت",0.0,,
ent_merge_001383,حليب الصويا,حليب الصويا,Treatment,"[""حليب الصويا""]|حليب الصويا",0.0,,
ent_merge_001384,حمض السالساليك,حمض السالساليك,Treatment,"[""حمض السالساليك""]|حمض السالساليك",0.0,,
ent_merge_001385,حمض النمليك,حمض النمليك,Treatment,"[""حمض النمليك""]|حمض النمليك",0.0,,
ent_merge_001386,ختان,ختان,Treatment,"[""ختان""]|ختان",0.0,,
ent_merge_001387,خل تفاح,خل تفاح,Treatment,"[""خل تفاح""]|خل تفاح",0.0,,
ent_merge_001388,دابوكستين,دابوكستين,Treatment,"""دابوكستين""]|[""Dapoxetine""|دابوكستين",0.0,,
ent_merge_001389,دافلون,دافلون,Treatment,"""دافلون""]|[""Daflon""|[""دافلون""]|دافلون",0.0,,
ent_merge_001390,داكتاكورت,داكتاكورت,Treatment,"""كريم داكتاكورت""]|[""داكتاكورت""|داكتاكورت",0.0,,
ent_merge_001391,دامفيسيدون,دامفيسيدون,Treatment,"""مركبات الدامفيسيدون""]|[""دامفيسيدون""|دامفيسيدون",0.0,,
ent_merge_001392,دانزين,دانزين,Treatment,"[""دانزين""]|دانزين",0.0,,
ent_merge_001393,دايكلوفيناك,دايكلوفيناك,Treatment,"[""دايكلوفيناك""]|دايكلوفيناك",0.0,,
ent_merge_001394,دعامات,دعامات,Treatment,"[""دعامات""]|دعامات",0.0,,
ent_merge_001395,دكتارين,دكتارين,Treatment,"[""دكتارين""]|دكتارين",0.0,,
ent_merge_001396,دليل التصريف الليمفاوي,دليل التصريف الليمفاوي,Treatment,"[""دليل التصريف الليمفاوي""]|دليل التصريف الليمفاوي",0.0,,
ent_merge_001397,دهون CLIMIL,دهون climil,Treatment,"[""دهون CLIMIL""]|دهون CLIMIL",0.0,,
ent_merge_001398,دهونات ترطيب,دهونات ترطيب,Treatment,"[""دهونات ترطيب""]|دهونات ترطيب",0.0,,
ent_merge_001399,دواء السكري,دواء السكري,Treatment,"[""دواء السكري""]|دواء السكري",0.0,,
ent_merge_001400,دواء القلب,دواء القلب,Treatment,"[""دواء القلب""]|دواء القلب",0.0,,
ent_merge_001401,دواء ضغط الدم,دواء ضغط الدم,Treatment,"[""دواء ضغط الدم""]|دواء ضغط الدم",0.0,,
ent_merge_001402,دوستينيكس,دوستينيكس,Treatment,"[""دوستينيكس""]|دوستينيكس",0.0,,
ent_merge_001403,دوكسيسايكلين,دوكسيسايكلين,Treatment,"[""دوكسيسايكلين""]|دوكسيسايكلين",0.0,,
ent_merge_001404,دومبريدن,دومبريدن,Treatment,"[""دومبريدن""]|دومبريدن",0.0,,
ent_merge_001405,ديجستيل,ديجستيل,Treatment,"[""ديجستيل""]|ديجستيل",0.0,,
ent_merge_001406,ديزاكروفيس,ديزاكروفيس,Treatment,"[""ديزاكروفيس""]|ديزاكروفيس",0.0,,
ent_merge_001407,ديكلوفيناك,ديكلوفيناك,Treatment,"[""ديكلوفيناك""]|ديكلوفيناك",0.0,,
ent_merge_001408,ديلور,ديلور,Treatment,"[""ديلور""]|ديلور",0.0,,
ent_merge_001409,ربط المعدة,ربط المعده,Treatment,"""عملية ربط المعده""]|[""ربط المعدة""|ربط المعدة",0.0,,
ent_merge_001410,ربط الوسط بزنار,ربط الوسط بزنار,Treatment,"[""ربط الوسط بزنار""]|ربط الوسط بزنار",0.0,,
ent_merge_001411,رواكيوتين,رواكيوتين,Treatment,"[""رواكيوتين""]|رواكيوتين",0.0,,
ent_merge_001412,روفاميسين,روفاميسين,Treatment,"[""روفاميسين""]|روفاميسين",0.0,,
ent_merge_001413,روكتان,روكتان,Treatment,"[""روكتان""]|روكتان",0.0,,
ent_merge_001414,رياضة,رياضه,Treatment,"""رياضة""]|[""الرياضة""|رياضة",0.0,,
ent_merge_001415,ريجيم,ريجيم,Treatment,"[""ريجيم""]|ريجيم",0.0,,
ent_merge_001416,ريسبيردال,ريسبيردال,Treatment,"[""ريسبيردال""]|ريسبيردال",0.0,,
ent_merge_001417,ريفامبين,ريفامبين,Treatment,"[""ريفامبين""]|ريفامبين",0.0,,
ent_merge_001418,زاديتين,زاديتين,Treatment,"[""زاديتين""]|زاديتين",0.0,,
ent_merge_001419,زراعة الكبد,زراعه الكبد,Treatment,"[""زراعة الكبد""]|زراعة الكبد",0.0,,
ent_merge_001420,زراعة كلية,زراعه كليه,Treatment,"[""زراعة كلية""]|زراعة كلية",0.0,,
ent_merge_001421,زراعة نخاع العظم,زراعه نخاع العظم,Treatment,"[""زراعة نخاع العظم""]|زراعة نخاع العظم",0.0,,
ent_merge_001422,زرع السن,زرع السن,Treatment,"""عملية اعادة زرع للسن""]|[""زرع السن""|زرع السن",0.0,,
ent_merge_001423,زنك,زنك,Treatment,"""زنك""]|[""حبة زنك""|زنك",0.0,,
ent_merge_001424,زوتريم,زوتريم,Treatment,"[""زوتريم""]|زوتريم",0.0,,
ent_merge_001425,زيارة طبيب اخصائي في الامراض الغدد,زياره طبيب اخصايي في الامراض الغدد,Treatment,"[""زيارة طبيب اخصائي في الامراض الغدد""]|زيارة طبيب اخصائي في الامراض الغدد",0.0,,
ent_merge_001426,زيبام,زيبام,Treatment,"[""زيبام""]|زيبام",0.0,,
ent_merge_001427,زيت الحلبة,زيت الحلبه,Treatment,"[""زيت الحلبة""]|زيت الحلبة",0.0,,
ent_merge_001428,زيت الخروع,زيت الخروع,Treatment,"[""زيت الخروع""]|زيت الخروع",0.0,,
ent_merge_001429,زيت الزيتون,زيت الزيتون,Treatment,"[""زيت الزيتون""]|زيت الزيتون",0.0,,
ent_merge_001430,زيت اللوز,زيت اللوز,Treatment,"[""زيت اللوز""]|زيت اللوز",0.0,,
ent_merge_001431,زيت الورد,زيت الورد,Treatment,"[""زيت الورد""]|زيت الورد",0.0,,
ent_merge_001432,زيت زيتون,زيت زيتون,Treatment,"[""زيت زيتون""]|زيت زيتون",0.0,,
ent_merge_001433,سايكلوفوسفاميد,سايكلوفوسفاميد,Treatment,"[""سايكلوفوسفاميد""]|سايكلوفوسفاميد",0.0,,
ent_merge_001434,سباحة,سباحه,Treatment,"[""سباحة""]|سباحة",0.0,,
ent_merge_001435,سبازمو ديجستين,سبازمو ديجستين,Treatment,"[""سبازمو ديجستين""]|سبازمو ديجستين",0.0,,
ent_merge_001436,سردالود,سردالود,Treatment,"""سردالود""]|[""sirdalud""|سردالود",0.0,,
ent_merge_001437,سرعة المشي,سرعه المشي,Treatment,"[""سرعة المشي""]|سرعة المشي",0.0,,
ent_merge_001438,سليبركس,سليبركس,Treatment,"[""سليبركس""]|سليبركس",0.0,,
ent_merge_001439,سليمارين,سليمارين,Treatment,"[""سليمارين""]|سليمارين",0.0,,
ent_merge_001440,سنتروم,سنتروم,Treatment,"""سنتروم""]|[""اقراص.4 sintrom""|سنتروم",0.0,,
ent_merge_001441,سوليبراد,سوليبراد,Treatment,"[""سوليبراد""]|سوليبراد",0.0,,
ent_merge_001442,سيبتادين,سيبتادين,Treatment,"[""سيبتادين""]|سيبتادين",0.0,,
ent_merge_001443,سيدوتيستون,سيدوتيستون,Treatment,"[""سيدوتيستون""]|سيدوتيستون",0.0,,
ent_merge_001444,سيكلو بروجينوفا,سيكلو بروجينوفا,Treatment,"[""سيكلو بروجينوفا""]|سيكلو بروجينوفا",0.0,,
ent_merge_001445,سيكلوسبورين,سيكلوسبورين,Treatment,"""سيكلوسبورين""]|[""السيكلوسبورين""|سيكلوسبورين",0.0,,
ent_merge_001446,سيلدينافيل,سيلدينافيل,Treatment,"[""سيلدينافيل""]|سيلدينافيل",0.0,,
ent_merge_001447,سيليكوكسيب,سيليكوكسيب,Treatment,"[""سيليكوكسيب""]|سيليكوكسيب",0.0,,
ent_merge_001448,شاي أخضر,شاي اخضر,Treatment,"[""شاي أخضر""]|شاي أخضر",0.0,,
ent_merge_001449,شد البطن,شد البطن,Treatment,"[""شد البطن""]|شد البطن",0.0,,
ent_merge_001450,شد الذراع,شد الذراع,Treatment,"""شد الذراع""|""شد ترهلات الذراع""]|[""بركيوبلاستى""|شد الذراع",0.0,,
ent_merge_001451,شرب الماء,شرب الماء,Treatment,"[""شرب الماء""]|شرب الماء",0.0,,
ent_merge_001452,شفط الدهون,شفط الدهون,Treatment,"[""شفط الدهون""]|شفط الدهون",0.0,,
ent_merge_001453,شفط للدهون,شفط للدهون,Treatment,"[""شفط للدهون""]|شفط للدهون",0.0,,
ent_merge_001454,طفل الانابيب,طفل الانابيب,Treatment,"[""طفل الانابيب""]|طفل الانابيب",0.0,,
ent_merge_001455,عرق السوس,عرق السوس,Treatment,"[""عرق السوس""]|عرق السوس",0.0,,
ent_merge_001456,عسل,عسل,Treatment,"""عسل طبي""]|[""عسل""|[""عسل""]|عسل",0.0,,
ent_merge_001457,عسل الملكات,عسل الملكات,Treatment,"[""عسل الملكات""]|عسل الملكات",0.0,,
ent_merge_001458,عصير الليمون,عصير الليمون,Treatment,"[""عصير الليمون""]|عصير الليمون",0.0,,
ent_merge_001459,عصير اليمون,عصير اليمون,Treatment,"[""عصير اليمون""]|عصير اليمون",0.0,,
ent_merge_001460,علاج بالابر التفجيرية,علاج بالابر التفجيريه,Treatment,"[""علاج بالابر التفجيرية""]|علاج بالابر التفجيرية",0.0,,
ent_merge_001461,علاج بالاشعه,علاج بالاشعه,Treatment,"""علاج بالاشعه""]|[""علاج اشعاعي""|علاج بالاشعه",0.0,,
ent_merge_001462,علاج بالهرمونات,علاج بالهرمونات,Treatment,"[""علاج بالهرمونات""]|علاج بالهرمونات",0.0,,
ent_merge_001463,علاج دوائي,علاج دوايي,Treatment,"[""علاج دوائي""]|علاج دوائي",0.0,,
ent_merge_001464,علاج طبيعي,علاج طبيعي,Treatment,"""علاج طبيعي""]|[""جلسات علاج طبيعي""|علاج طبيعي",0.0,,
ent_merge_001465,علاج كيماوي,علاج كيماوي,Treatment,"[""علاج كيماوي""]|علاج كيماوي",0.0,,
ent_merge_001466,علاج كيميائي,علاج كيميايي,Treatment,"[""علاج كيميائي""]|علاج كيميائي",0.0,,
ent_merge_001467,علاج مناعي,علاج مناعي,Treatment,"""علاج مناعي لهما""]|[""علاج مناعي""|علاج مناعي",0.0,,
ent_merge_001468,علاج نفسي,علاج نفسي,Treatment,"[""علاج نفسي""]|علاج نفسي",0.0,,
ent_merge_001469,علاجات دوائية,علاجات دواييه,Treatment,"[""علاجات دوائية""]|علاجات دوائية",0.0,,
ent_merge_001470,عمليات جراحية,عمليات جراحيه,Treatment,"[""عمليات جراحية""]|عمليات جراحية",0.0,,
ent_merge_001471,عمليه القلب المفتوح,عمليه القلب المفتوح,Treatment,"""عملية قلب مفتوح""]|""عمليه قلب مفتوح""]|[""عملية القلب المفتوح""|[""عمليه القلب المفتوح""|عملية القلب المفتوح|عمليه القلب المفتوح",0.0,,
ent_merge_001472,عمليه تجميلية,عمليه تجميليه,Treatment,"[""عمليه تجميلية""]|عمليه تجميلية",0.0,,
ent_merge_001473,عمليه جراحيه,عمليه جراحيه,Treatment,"""عمليه جراحيه""]|[""عمليه تجميل""|عمليه جراحيه",0.0,,
ent_merge_001474,عمليه ربط عنق الرحم,عمليه ربط عنق الرحم,Treatment,"[""عمليه ربط عنق الرحم""]|عمليه ربط عنق الرحم",0.0,,
ent_merge_001475,عمليه قيصريه,عمليه قيصريه,Treatment,"[""عمليه قيصريه""]|عمليه قيصريه",0.0,,
ent_merge_001476,غسول بيتادين,غسول بيتادين,Treatment,"[""غسول بيتادين""]|غسول بيتادين",0.0,,
ent_merge_001477,غسول فموي,غسول فموي,Treatment,"[""غسول فموي""]|غسول فموي",0.0,,
ent_merge_001478,غسيل الكلى,غسيل الكلي,Treatment,"[""غسيل الكلى""]|غسيل الكلى",0.0,,
ent_merge_001479,غسيل كلوي,غسيل كلوي,Treatment,"""غسيل كلوي""]|[""الديلزة""|غسيل كلوي",0.0,,
ent_merge_001480,غسيل معدة,غسيل معده,Treatment,"[""غسيل معدة""]|غسيل معدة",0.0,,
ent_merge_001481,فازولين,فازولين,Treatment,"[""فازولين""]|فازولين",0.0,,
ent_merge_001482,فايتمن B12,فايتمن b12,Treatment,"[""فايتمن B12""]|فايتمن B12",0.0,,
ent_merge_001483,فايفرين,فايفرين,Treatment,"[""فايفرين""]|فايفرين",0.0,,
ent_merge_001484,فتح,فتح,Treatment,"[""فتح""]|فتح",0.0,,
ent_merge_001485,فكسودين,فكسودين,Treatment,"[""فكسودين""]|فكسودين",0.0,,
ent_merge_001486,فلاجيل,فلاجيل,Treatment,"[""فلاجيل""]|فلاجيل",0.0,,
ent_merge_001487,فلام,فلام,Treatment,"[""فلام""]|فلام",0.0,,
ent_merge_001488,فلورايد,فلورايد,Treatment,"[""فلورايد""]|فلورايد",0.0,,
ent_merge_001489,فلوكسابين,فلوكسابين,Treatment,"[""فلوكسابين""]|فلوكسابين",0.0,,
ent_merge_001490,فلوكستين,فلوكستين,Treatment,"[""فلوكستين""]|فلوكستين",0.0,,
ent_merge_001491,فلوكونازول,فلوكونازول,Treatment,"""فلوكونازول""]|[""فلوكورال""|فلوكونازول",0.0,,
ent_merge_001492,فوتركس,فوتركس,Treatment,"[""فوتركس""]|فوتركس",0.0,,
ent_merge_001493,فوستيمون,فوستيمون,Treatment,"[""فوستيمون""]|فوستيمون",0.0,,
ent_merge_001494,فوسيدين,فوسيدين,Treatment,"[""فوسيدين""]|فوسيدين",0.0,,
ent_merge_001495,فولتارين,فولتارين,Treatment,"[""فولتارين""]|فولتارين",0.0,,
ent_merge_001496,فياجرا,فياجرا,Treatment,"""فياجرا""]|[""سيلدينافيل""|فياجرا",0.0,,
ent_merge_001497,فيتامين A,فيتامين a,Treatment,"[""فيتامين A""]|فيتامين A",0.0,,
ent_merge_001498,فيتامين B6,فيتامين b6,Treatment,"[""فيتامين B6""]|فيتامين B6",0.0,,
ent_merge_001499,فيتامين D,فيتامين d,Treatment,"[""فيتامين D""]|فيتامين D",0.0,,
ent_merge_001500,فيتامين E,فيتامين e,Treatment,"""كبسولات فيتامين E""]|[""فيتامين E""|[""فيتامين E""]|فيتامين E",0.0,,
ent_merge_001501,فيتامين K,فيتامين k,Treatment,"[""فيتامين K""]|فيتامين K",0.0,,
ent_merge_001502,فيتامين أ,فيتامين ا,Treatment,"""فيتامين أ""]|[""فروتا""|[""فيتامين أ""]|فيتامين أ",0.0,,
ent_merge_001503,فيتامين إي,فيتامين اي,Treatment,"""فيتامين إي""|""فيتامين اي""]|[""ألفا توكوفيرول""|فيتامين إي",0.0,,
ent_merge_001504,فيتامين ب,فيتامين ب,Treatment,"""فيتامين ب المركب""]|[""فيتامين ب""|فيتامين ب",0.0,,
ent_merge_001505,فيتامين ب12,فيتامين ب12,Treatment,"[""فيتامين ب12""]|فيتامين ب12",0.0,,
ent_merge_001506,فيتامين ج,فيتامين ج,Treatment,"[""فيتامين ج""]|فيتامين ج",0.0,,
ent_merge_001507,فيتامين د,فيتامين د,Treatment,"""فيتامين دي""]|[""فيتامين د""|[""فيتامين د""]|فيتامين د",0.0,,
ent_merge_001508,فيتامين سي,فيتامين سي,Treatment,"[""فيتامين سي""]|فيتامين سي",0.0,,
ent_merge_001509,فيتامين ك,فيتامين ك,Treatment,"""فيتامين ك1""|""فيتامين ك2""]|[""فيتامين ك""|فيتامين ك",0.0,,
ent_merge_001510,فيتامين ك1,فيتامين ك1,Treatment,"[""فيتامين ك1""]|فيتامين ك1",0.0,,
ent_merge_001511,فيتامين ك2,فيتامين ك2,Treatment,"[""فيتامين ك2""]|فيتامين ك2",0.0,,
ent_merge_001512,فيتامينE,فيتامينe,Treatment,"[""فيتامينE""]|فيتامينE",0.0,,
ent_merge_001513,فيتامينات,فيتامينات,Treatment,"[""فيتامينات""]|فيتامينات",0.0,,
ent_merge_001514,فيتامينات برايورين,فيتامينات برايورين,Treatment,"[""فيتامينات برايورين""]|فيتامينات برايورين",0.0,,
ent_merge_001515,فيكسوفينادين,فيكسوفينادين,Treatment,"[""فيكسوفينادين""]|فيكسوفينادين",0.0,,
ent_merge_001516,فينوروتون,فينوروتون,Treatment,"[""فينوروتون""]|فينوروتون",0.0,,
ent_merge_001517,قسطرة,قسطره,Treatment,"[""قسطرة""]|قسطرة",0.0,,
ent_merge_001518,قص المعده,قص المعده,Treatment,"[""قص المعده""]|قص المعده",0.0,,
ent_merge_001519,قطرات,قطرات,Treatment,"[""قطرات""]|قطرات",0.0,,
ent_merge_001520,قطرة,قطره,Treatment,"""قطرة""]|[""قطرات""|قطرة",0.0,,
ent_merge_001521,قطرة مرطبة,قطره مرطبه,Treatment,"""قطرة مرطبة""]|[""قطرات مرطبة""|قطرة مرطبة",0.0,,
ent_merge_001522,كافيين,كافيين,Treatment,"[""كافيين""]|كافيين",0.0,,
ent_merge_001523,كبد الدجاج,كبد الدجاج,Treatment,"[""كبد الدجاج""]|كبد الدجاج",0.0,,
ent_merge_001524,كرتكويد,كرتكويد,Treatment,"[""كرتكويد""]|كرتكويد",0.0,,
ent_merge_001525,كركم,كركم,Treatment,"[""كركم""]|كركم",0.0,,
ent_merge_001526,كريم,كريم,Treatment,"[""كريم""]|كريم",0.0,,
ent_merge_001527,كريم الاساس,كريم الاساس,Treatment,"[""كريم الاساس""]|كريم الاساس",0.0,,
ent_merge_001528,كريم الحماية من الشمس,كريم الحمايه من الشمس,Treatment,"[""كريم الحماية من الشمس""]|كريم الحماية من الشمس",0.0,,
ent_merge_001529,كريم الكورتيزون,كريم الكورتيزون,Treatment,"[""كريم الكورتيزون""]|كريم الكورتيزون",0.0,,
ent_merge_001530,كريم بانثينول,كريم بانثينول,Treatment,"[""كريم بانثينول""]|كريم بانثينول",0.0,,
ent_merge_001531,كريم رومكس,كريم رومكس,Treatment,"[""كريم رومكس""]|كريم رومكس",0.0,,
ent_merge_001532,كريم فيتامين سي,كريم فيتامين سي,Treatment,"[""كريم فيتامين سي""]|كريم فيتامين سي",0.0,,
ent_merge_001533,كريم فيدآوْت,كريم فيداوْت,Treatment,"[""كريم فيدآوْت""]|كريم فيدآوْت",0.0,,
ent_merge_001534,كريم كورتيكوستيرويد,كريم كورتيكوستيرويد,Treatment,"""كريم يحتوي كورتيكوستيرويد""]|[""كريم كورتيكوستيرويد""|كريم كورتيكوستيرويد",0.0,,
ent_merge_001535,كريم مرطب,كريم مرطب,Treatment,"[""كريم مرطب""]|كريم مرطب",0.0,,
ent_merge_001536,كريم ميكونازول,كريم ميكونازول,Treatment,"[""كريم ميكونازول""]|كريم ميكونازول",0.0,,
ent_merge_001537,كريمات,كريمات,Treatment,"[""كريمات""]|كريمات",0.0,,
ent_merge_001538,كريمات مضاده للالتهابات,كريمات مضاده للالتهابات,Treatment,"[""كريمات مضاده للالتهابات""]|كريمات مضاده للالتهابات",0.0,,
ent_merge_001539,كلاريتين,كلاريتين,Treatment,"[""كلاريتين""]|كلاريتين",0.0,,
ent_merge_001540,كلافولانيك,كلافولانيك,Treatment,"[""كلافولانيك""]|كلافولانيك",0.0,,
ent_merge_001541,كليكسان,كليكسان,Treatment,"[""كليكسان""]|كليكسان",0.0,,
ent_merge_001542,كليندامايسين,كليندامايسين,Treatment,"[""كليندامايسين""]|كليندامايسين",0.0,,
ent_merge_001543,كمال الاجسام,كمال الاجسام,Treatment,"[""كمال الاجسام""]|كمال الاجسام",0.0,,
ent_merge_001544,كورتيزون,كورتيزون,Treatment,"[""كورتيزون""]|كورتيزون",0.0,,
ent_merge_001545,كونترلك,كونترلك,Treatment,"[""كونترلك""]|كونترلك",0.0,,
ent_merge_001546,كونكور,كونكور,Treatment,"[""كونكور""]|كونكور",0.0,,
ent_merge_001547,كيتوكونازول,كيتوكونازول,Treatment,"[""كيتوكونازول""]|كيتوكونازول",0.0,,
ent_merge_001548,لاروكسيل,لاروكسيل,Treatment,"[""لاروكسيل""]|لاروكسيل",0.0,,
ent_merge_001549,لانزوبرازول,لانزوبرازول,Treatment,"[""لانزوبرازول""]|لانزوبرازول",0.0,,
ent_merge_001550,لسان البحر,لسان البحر,Treatment,"[""لسان البحر""]|لسان البحر",0.0,,
ent_merge_001551,لقاح الانفلونزا,لقاح الانفلونزا,Treatment,"""لقاح الانفونزا""|""مطعوم الانفلونزا""]|[""لقاح الانفلونزا""|لقاح الانفلونزا",0.0,,
ent_merge_001552,لولب,لولب,Treatment,"[""لولب""]|لولب",0.0,,
ent_merge_001553,لوڤاسك,لوڤاسك,Treatment,"[""لوڤاسك""]|لوڤاسك",0.0,,
ent_merge_001554,ليدوكين,ليدوكين,Treatment,"""ليدوكين""]|[""lidocone gel""|ليدوكين",0.0,,
ent_merge_001555,ليفوتيروكس,ليفوتيروكس,Treatment,"[""ليفوتيروكس""]|ليفوتيروكس",0.0,,
ent_merge_001556,ماء الأوزون,ماء الاوزون,Treatment,"[""ماء الأوزون""]|ماء الأوزون",0.0,,
ent_merge_001557,ماء دافئ,ماء دافي,Treatment,"[""ماء دافئ""]|ماء دافئ",0.0,,
ent_merge_001558,مادة كلوكوز امين كوندروتين,ماده كلوكوز امين كوندروتين,Treatment,"[""مادة كلوكوز امين كوندروتين""]|مادة كلوكوز امين كوندروتين",0.0,,
ent_merge_001559,مادة لإيقاف العادة,ماده لايقاف العاده,Treatment,"""مادة مره""]|[""مادة لإيقاف العادة""|مادة لإيقاف العادة",0.0,,
ent_merge_001560,ماسك,ماسك,Treatment,"[""ماسك""]|ماسك",0.0,,
ent_merge_001561,ماكسيكال انترافير,ماكسيكال انترافير,Treatment,"[""ماكسيكال انترافير""]|ماكسيكال انترافير",0.0,,
ent_merge_001562,مانع حمل,مانع حمل,Treatment,"[""مانع حمل""]|مانع حمل",0.0,,
ent_merge_001563,مانع للحمل,مانع للحمل,Treatment,"""مانع للحمل""]|[""حبوب منع الحمل""|مانع للحمل",0.0,,
ent_merge_001564,مايكونازول,مايكونازول,Treatment,"[""مايكونازول""]|مايكونازول",0.0,,
ent_merge_001565,مبيفيرين,مبيفيرين,Treatment,"[""مبيفيرين""]|مبيفيرين",0.0,,
ent_merge_001566,مثبطات,مثبطات,Treatment,"[""مثبطات""]|مثبطات",0.0,,
ent_merge_001567,مثبطات الإنزيم المحول للأنجيوتنسين,مثبطات الانزيم المحول للانجيوتنسين,Treatment,"[""مثبطات الإنزيم المحول للأنجيوتنسين""]|مثبطات الإنزيم المحول للأنجيوتنسين",0.0,,
ent_merge_001568,مثبطات مستقبلات الأنجيوتنسين,مثبطات مستقبلات الانجيوتنسين,Treatment,"[""مثبطات مستقبلات الأنجيوتنسين""]|مثبطات مستقبلات الأنجيوتنسين",0.0,,
ent_merge_001569,مخدر موضعي,مخدر موضعي,Treatment,"""مخدر موضعي""]|[""مخدر""|مخدر موضعي",0.0,,
ent_merge_001570,مدرات البول,مدرات البول,Treatment,"[""مدرات البول""]|مدرات البول",0.0,,
ent_merge_001571,مراجعة إختصاصي الجراحة العامة,مراجعه اختصاصي الجراحه العامه,Treatment,"[""مراجعة إختصاصي الجراحة العامة""]|مراجعة إختصاصي الجراحة العامة",0.0,,
ent_merge_001572,مراجعة اختصاصي جراحة عامة,مراجعه اختصاصي جراحه عامه,Treatment,"""مراجعة اختصاصي جراحة عامة""]|[""مراجعة اختصاصي""|مراجعة اختصاصي جراحة عامة",0.0,,
ent_merge_001573,مراجعة أخصائي باطني,مراجعه اخصايي باطني,Treatment,"[""مراجعة أخصائي باطني""]|مراجعة أخصائي باطني",0.0,,
ent_merge_001574,مراجعة اخصائي هضمية وكبد,مراجعه اخصايي هضميه وكبد,Treatment,"[""مراجعة اخصائي هضمية وكبد""]|مراجعة اخصائي هضمية وكبد",0.0,,
ent_merge_001575,مراجعة استشاري,مراجعه استشاري,Treatment,"[""مراجعة استشاري""]|مراجعة استشاري",0.0,,
ent_merge_001576,مراجعة الطبيب,مراجعه الطبيب,Treatment,"[""مراجعة الطبيب""]|مراجعة الطبيب",0.0,,
ent_merge_001577,مراجعة طبيب اخصائي الاعصاب,مراجعه طبيب اخصايي الاعصاب,Treatment,"[""مراجعة طبيب اخصائي الاعصاب""]|مراجعة طبيب اخصائي الاعصاب",0.0,,
ent_merge_001578,مراجعة طبيب الأسنان,مراجعه طبيب الاسنان,Treatment,"[""مراجعة طبيب الأسنان""]|مراجعة طبيب الأسنان",0.0,,
ent_merge_001579,مراجعة طبيب الحهاز الهضمي والكبد,مراجعه طبيب الحهاز الهضمي والكبد,Treatment,"[""مراجعة طبيب الحهاز الهضمي والكبد""]|مراجعة طبيب الحهاز الهضمي والكبد",0.0,,
ent_merge_001580,مراجعة طبيب النسائية,مراجعه طبيب النساييه,Treatment,"[""مراجعة طبيب النسائية""]|مراجعة طبيب النسائية",0.0,,
ent_merge_001581,مراجعة طبيب أمراض صدريه,مراجعه طبيب امراض صدريه,Treatment,"[""مراجعة طبيب أمراض صدريه""]|مراجعة طبيب أمراض صدريه",0.0,,
ent_merge_001582,مراقبة الحمل,مراقبه الحمل,Treatment,"[""مراقبة الحمل""]|مراقبة الحمل",0.0,,
ent_merge_001583,مراقبة طبية,مراقبه طبيه,Treatment,"""مراقبة طبية مستمرة""]|[""مراقبة طبية""|مراقبة طبية",0.0,,
ent_merge_001584,مراهم مضادة للالتهاب,مراهم مضاده للالتهاب,Treatment,"[""مراهم مضادة للالتهاب""]|مراهم مضادة للالتهاب",0.0,,
ent_merge_001585,مرطب,مرطب,Treatment,"[""مرطب""]|مرطب",0.0,,
ent_merge_001586,مركز علاج طبيعي,مركز علاج طبيعي,Treatment,"[""مركز علاج طبيعي""]|مركز علاج طبيعي",0.0,,
ent_merge_001587,مرهم الريتينول,مرهم الريتينول,Treatment,"[""مرهم الريتينول""]|مرهم الريتينول",0.0,,
ent_merge_001588,مرهم ديب هيت,مرهم ديب هيت,Treatment,"[""مرهم ديب هيت""]|مرهم ديب هيت",0.0,,
ent_merge_001589,مرهم فيوسيكورت,مرهم فيوسيكورت,Treatment,"[""مرهم فيوسيكورت""]|مرهم فيوسيكورت",0.0,,
ent_merge_001590,مرهم كورتيزوني,مرهم كورتيزوني,Treatment,"[""مرهم كورتيزوني""]|مرهم كورتيزوني",0.0,,
ent_merge_001591,مرهم مخدر,مرهم مخدر,Treatment,"[""مرهم مخدر""]|مرهم مخدر",0.0,,
ent_merge_001592,مرهم مضاد للحروق,مرهم مضاد للحروق,Treatment,"[""مرهم مضاد للحروق""]|مرهم مضاد للحروق",0.0,,
ent_merge_001593,مسكن,مسكن,Treatment,"""مسكن للالم""]|[""مسكن""|مسكن",0.0,,
ent_merge_001594,مسكنات,مسكنات,Treatment,"""مسكن""|""مسكنات""]|[""الباندول""|مسكنات",0.0,,
ent_merge_001595,مسكنات قوية,مسكنات قويه,Treatment,"[""مسكنات قوية""]|مسكنات قوية",0.0,,
ent_merge_001596,مشاية,مشايه,Treatment,"[""مشاية""]|مشاية",0.0,,
ent_merge_001597,مشورة وراثية,مشوره وراثيه,Treatment,"[""مشورة وراثية""]|مشورة وراثية",0.0,,
ent_merge_001598,مشي,مشي,Treatment,"[""مشي""]|مشي",0.0,,
ent_merge_001599,مشية,مشيه,Treatment,"""مشية""]|[""مشي""|مشية",0.0,,
ent_merge_001600,مضاد الهيستامين,مضاد الهيستامين,Treatment,"""مضاد الهيستامين""|""مضاد هيسامين""|""مضاد هيستامين""|""مضادات الهيستامين""]|[""مضاد الهستامين""|مضاد الهيستامين",0.0,,
ent_merge_001601,مضاد حيوي,مضاد حيوي,Treatment,"""مضاد حيوي""|""مضاد للبكتيريا""|""مضادات حيوية""]|""مضادات""|[""المضاد الحيوى""|[""مضاد حيوي""]|مضاد حيوي",0.0,,
ent_merge_001602,مضاد للفيروس,مضاد للفيروس,Treatment,"""مضاد للفيروس""]|[""مضاد""|مضاد للفيروس",0.0,,
ent_merge_001603,مضادات الاكتئاب,مضادات الاكتياب,Treatment,"""مضادات الاكتئاب ثلاثية الحلقات""|""مُضادات الاكتئاب""]|[""مضادات الاكتئاب""|مضادات الاكتئاب",0.0,,
ent_merge_001604,مضادات الألم,مضادات الالم,Treatment,"[""مضادات الألم""]|مضادات الألم",0.0,,
ent_merge_001605,مضادات التهاب,مضادات التهاب,Treatment,"[""مضادات التهاب""]|مضادات التهاب",0.0,,
ent_merge_001606,مضادات التهابات,مضادات التهابات,Treatment,"[""مضادات التهابات""]|مضادات التهابات",0.0,,
ent_merge_001607,مضادات التوتر القلق,مضادات التوتر القلق,Treatment,"[""مضادات التوتر القلق""]|مضادات التوتر القلق",0.0,,
ent_merge_001608,مضادات الحساسية,مضادات الحساسيه,Treatment,"[""مضادات الحساسية""]|مضادات الحساسية",0.0,,
ent_merge_001609,مضادات الكابة,مضادات الكابه,Treatment,"[""مضادات الكابة""]|مضادات الكابة",0.0,,
ent_merge_001610,مضادات الهستامين,مضادات الهستامين,Treatment,"[""مضادات الهستامين""]|مضادات الهستامين",0.0,,
ent_merge_001611,مضادات الهيستامين,مضادات الهيستامين,Treatment,"[""مضادات الهيستامين""]|مضادات الهيستامين",0.0,,
ent_merge_001612,مضادات حيوية,مضادات حيويه,Treatment,"[""مضادات حيوية""]|مضادات حيوية",0.0,,
ent_merge_001613,مضادات مستقبلات H2,مضادات مستقبلات h2,Treatment,"[""مضادات مستقبلات H2""]|مضادات مستقبلات H2",0.0,,
ent_merge_001614,مضاض حيوي,مضاض حيوي,Treatment,"[""مضاض حيوي""]|مضاض حيوي",0.0,,
ent_merge_001615,مضمضة,مضمضه,Treatment,"[""مضمضة""]|مضمضة",0.0,,
ent_merge_001616,معاجين تحوي على البروارجين,معاجين تحوي علي البروارجين,Treatment,"[""معاجين تحوي على البروارجين""]|معاجين تحوي على البروارجين",0.0,,
ent_merge_001617,معالجه بالمستشفى,معالجه بالمستشفي,Treatment,"[""معالجه بالمستشفى""]|معالجه بالمستشفى",0.0,,
ent_merge_001618,معالجه لبيه,معالجه لبيه,Treatment,"[""معالجه لبيه""]|معالجه لبيه",0.0,,
ent_merge_001619,مغنيسيوم,مغنيسيوم,Treatment,"[""مغنيسيوم""]|مغنيسيوم",0.0,,
ent_merge_001620,مكملات فيتامين د,مكملات فيتامين د,Treatment,"[""مكملات فيتامين د""]|مكملات فيتامين د",0.0,,
ent_merge_001621,منشطات للمبايض,منشطات للمبايض,Treatment,"[""منشطات للمبايض""]|منشطات للمبايض",0.0,,
ent_merge_001622,منع الحمل,منع الحمل,Treatment,"""منع الحمل""]|[""حقة منع الحمل""|منع الحمل",0.0,,
ent_merge_001623,مهدئات,مهديات,Treatment,"""مضادات الهيستامين""|""مهدئات""]|[""أقراص منومة""|مهدئات",0.0,,
ent_merge_001624,موبيك,موبيك,Treatment,"[""موبيك""]|موبيك",0.0,,
ent_merge_001625,موتيليم,موتيليم,Treatment,"[""موتيليم""]|موتيليم",0.0,,
ent_merge_001626,موسعات الشعب,موسعات الشعب,Treatment,"[""موسعات الشعب""]|موسعات الشعب",0.0,,
ent_merge_001627,موفلوكساسين,موفلوكساسين,Treatment,"[""موفلوكساسين""]|موفلوكساسين",0.0,,
ent_merge_001628,مياة,مياه,Treatment,"[""مياة""]|مياة",0.0,,
ent_merge_001629,ميتلوم,ميتلوم,Treatment,"[""ميتلوم""]|ميتلوم",0.0,,
ent_merge_001630,ميرتاتزابين,ميرتاتزابين,Treatment,"[""ميرتاتزابين""]|ميرتاتزابين",0.0,,
ent_merge_001631,ميرتازابين,ميرتازابين,Treatment,"[""ميرتازابين""]|ميرتازابين",0.0,,
ent_merge_001632,ميرلوسم,ميرلوسم,Treatment,"[""ميرلوسم""]|ميرلوسم",0.0,,
ent_merge_001633,ميزوتاك,ميزوتاك,Treatment,"""ميزوتاك""]|[""حب ميزوتاك""|[""ميزوتاك""]|ميزوتاك",0.0,,
ent_merge_001634,ميكارديس,ميكارديس,Treatment,"[""ميكارديس""]|ميكارديس",0.0,,
ent_merge_001635,ميكروجينون,ميكروجينون,Treatment,"[""ميكروجينون""]|ميكروجينون",0.0,,
ent_merge_001636,مينوكسيديل,مينوكسيديل,Treatment,"""مينوكسيديل""]|[""مونوكسوديل""|مينوكسيديل",0.0,,
ent_merge_001637,نексيوم,نексيوم,Treatment,"""نексيوم""]|[""Nexium""|نексيوم",0.0,,
ent_merge_001638,نابروكسين,نابروكسين,Treatment,"[""نابروكسين""]|نابروكسين",0.0,,
ent_merge_001639,ناكسوبرازول,ناكسوبرازول,Treatment,"[""ناكسوبرازول""]|ناكسوبرازول",0.0,,
ent_merge_001640,نزع عصب الضرس,نزع عصب الضرس,Treatment,"""نزع عصب الضرس""]|[""نزع العصب""|نزع عصب الضرس",0.0,,
ent_merge_001641,نظافة الفم,نظافه الفم,Treatment,"[""نظافة الفم""]|نظافة الفم",0.0,,
ent_merge_001642,نظام غذائي,نظام غذايي,Treatment,"[""نظام غذائي""]|نظام غذائي",0.0,,
ent_merge_001643,نظام غذائي صحي,نظام غذايي صحي,Treatment,"[""نظام غذائي صحي""]|نظام غذائي صحي",0.0,,
ent_merge_001644,نقل الدم,نقل الدم,Treatment,"[""نقل الدم""]|نقل الدم",0.0,,
ent_merge_001645,نكسفار,نكسفار,Treatment,"[""نكسفار""]|نكسفار",0.0,,
ent_merge_001646,نيكسيوم,نيكسيوم,Treatment,"""نيكسيوم""]|[""nexium""|نيكسيوم",0.0,,
ent_merge_001647,نيوروفيتان,نيوروفيتان,Treatment,"[""نيوروفيتان""]|نيوروفيتان",0.0,,
ent_merge_001648,هرمون,هرمون,Treatment,"""هرمون""|""هرمونات""]|[""الهرمونات""|هرمون",0.0,,
ent_merge_001649,هرمون الإستروجين,هرمون الاستروجين,Treatment,"[""هرمون الإستروجين""]|هرمون الإستروجين",0.0,,
ent_merge_001650,هرمون الانسولين,هرمون الانسولين,Treatment,"[""هرمون الانسولين""]|هرمون الانسولين",0.0,,
ent_merge_001651,هرمون التستوستيرون,هرمون التستوستيرون,Treatment,"[""هرمون التستوستيرون""]|هرمون التستوستيرون",0.0,,
ent_merge_001652,هرمونات,هرمونات,Treatment,"[""هرمونات""]|هرمونات",0.0,,
ent_merge_001653,هيدروكلوروثيازيد,هيدروكلوروثيازيد,Treatment,"[""هيدروكلوروثيازيد""]|هيدروكلوروثيازيد",0.0,,
ent_merge_001654,واقي شمس,واقي شمس,Treatment,"[""واقي شمس""]|واقي شمس",0.0,,
ent_merge_001655,وجبات صحية متوازنة,وجبات صحيه متوازنه,Treatment,"[""وجبات صحية متوازنة""]|وجبات صحية متوازنة",0.0,,
ent_merge_001656,وقف التدخين,وقف التدخين,Treatment,"[""وقف التدخين""]|وقف التدخين",0.0,,
ent_merge_001657,ولادة قيصرية,ولاده قيصريه,Treatment,"""ولادة قيصرية""|""ولادة قيصريه""]|[""ولادة قيصري""|ولادة قيصرية",0.0,,
ent_merge_001658,Acanthosis nigricans,acanthosis nigricans,DiseaseCondition,"Acanthosis nigricans|[""Acanthosis nigricans""]",0.0,,
ent_merge_001659,Achondroplasia,achondroplasia,DiseaseCondition,"Achondroplasia|[""Achondroplasia""]",0.0,,
ent_merge_001660,Bleharasia,bleharasia,DiseaseCondition,"""Bleharasia""]|Bleharasia|[""Bilharzia""",0.0,,
ent_merge_001661,Genetics,genetics,DiseaseCondition,"Genetics|[""Genetics""]",0.0,,
ent_merge_001662,Growth Hormone,growth hormone,DiseaseCondition,"""Growth Hormone""]|Growth Hormone|[""GH""",0.0,,
ent_merge_001663,Hashimot,hashimot,DiseaseCondition,"""Hashimot's disease""]|Hashimot|[""Hashimot""",0.0,,
ent_merge_001664,Hashimoto,hashimoto,DiseaseCondition,"""Hashimotou""]|Hashimoto|[""Hashimoto""",0.0,,
ent_merge_001665,Hyperspleenism,hyperspleenism,DiseaseCondition,"""Hypersplenism""]|Hyperspleenism|[""Hyperspleenism""",0.0,,
ent_merge_001666,Hypothyroidism,hypothyroidism,DiseaseCondition,"""Underactive thyroid""]|Hypothyroidism|[""Hypothyroidism""",0.0,,
ent_merge_001667,Pallister Killian syndrome,pallister killian syndrome,DiseaseCondition,"Pallister Killian syndrome|[""Pallister Killian syndrome""]",0.0,,
ent_merge_001668,Rhizomelic and Micromelia,rhizomelic and micromelia,DiseaseCondition,"Rhizomelic and Micromelia|[""Rhizomelic and Micromelia""]",0.0,,
ent_merge_001669,ارتجاج دماغي,ارتجاج دماغي,DiseaseCondition,"[""ارتجاج دماغي""]|ارتجاج دماغي",0.0,,
ent_merge_001670,ارتخاء الصمام الميترالي,ارتخاء الصمام الميترالي,DiseaseCondition,"[""ارتخاء الصمام الميترالي""]|ارتخاء الصمام الميترالي",0.0,,
ent_merge_001671,ارتفاع الكلسترول,ارتفاع الكلسترول,DiseaseCondition,"""الدهون الثلاثيه""]|[""ارتفاع الكلسترول""|ارتفاع الكلسترول",0.0,,
ent_merge_001672,ارتياف دعب \u0627لديم,ارتياف دعب \u0627لديم,DiseaseCondition,"""ارتياف دعب الديم""]|[""ارتياف دعب \\u0627لديم""|ارتياف دعب \u0627لديم",0.0,,
ent_merge_001673,اضطراب الغدة الدرقية,اضطراب الغده الدرقيه,DiseaseCondition,"[""اضطراب الغدة الدرقية""]|اضطراب الغدة الدرقية",0.0,,
ent_merge_001674,اضطراب نفسي,اضطراب نفسي,DiseaseCondition,"""شك مريض""]|[""اضطراب نفسي""|اضطراب نفسي",0.0,,
ent_merge_001675,اضطراب نقص الإنتباه وفرط النشاط,اضطراب نقص الانتباه وفرط النشاط,DiseaseCondition,"""Hyper activity""|""اضطراب نقص الإنتباه وفرط النشاط""]|[""ADHD""|اضطراب نقص الإنتباه وفرط النشاط",0.0,,
ent_merge_001676,اضطرابات كهربية قلبية,اضطرابات كهربيه قلبيه,DiseaseCondition,"""اضطرابات كهربية قلبية""]|[""اضطرابات كهربية""|اضطرابات كهربية قلبية",0.0,,
ent_merge_001677,أقل من الطبيعي,اقل من الطبيعي,DiseaseCondition,"[""أقل من الطبيعي""]|أقل من الطبيعي",0.0,,
ent_merge_001678,الاثية الشرجي,الاثيه الشرجي,DiseaseCondition,"""الاثية الشرجي""]|[""الاثية""|الاثية الشرجي",0.0,,
ent_merge_001679,الاحمرار في المستقيم,الاحمرار في المستقيم,DiseaseCondition,"[""الاحمرار في المستقيم""]|الاحمرار في المستقيم",0.0,,
ent_merge_001680,الأسنان,الاسنان,DiseaseCondition,"""الأسنان""]|[""اسنان""|الأسنان",0.0,,
ent_merge_001681,الاعتلال العصبي الحاد,الاعتلال العصبي الحاد,DiseaseCondition,"""الاعتلال العصبي الحاد""]|[""الاعتلال العصبي""|الاعتلال العصبي الحاد",0.0,,
ent_merge_001682,الاعتلال العصبي المحيطي,الاعتلال العصبي المحيطي,DiseaseCondition,"""الاعتلال العصبي المحيطي""]|""الاعتلال العصبي""|[""اعتلال الأعصاب الحاد""|الاعتلال العصبي المحيطي",0.0,,
ent_merge_001683,الالثية,الالثيه,DiseaseCondition,"[""الالثية""]|الالثية",0.0,,
ent_merge_001684,الانتان,الانتان,DiseaseCondition,"""الانتان خفي أو ظاهر""]|[""الانتان""|الانتان",0.0,,
ent_merge_001685,الانتفاخ,الانتفاخ,DiseaseCondition,"[""الانتفاخ""]|الانتفاخ",0.0,,
ent_merge_001686,الانزلاقات الغضروفية العنقية,الانزلاقات الغضروفيه العنقيه,DiseaseCondition,"[""الانزلاقات الغضروفية العنقية""]|الانزلاقات الغضروفية العنقية",0.0,,
ent_merge_001687,الانفجار,الانفجار,DiseaseCondition,"""التهاب""]|[""الانفجار""|الانفجار",0.0,,
ent_merge_001688,الانفلوانزا,الانفلوانزا,DiseaseCondition,"[""الانفلوانزا""]|الانفلوانزا",0.0,,
ent_merge_001689,الانيمياء,الانيمياء,DiseaseCondition,"[""الانيمياء""]|الانيمياء",0.0,,
ent_merge_001690,البحبس,البحبس,DiseaseCondition,"[""البحبس""]|البحبس",0.0,,
ent_merge_001691,البرونكيتيس,البرونكيتيس,DiseaseCondition,"""التهاب""]|[""البرونكيتيس""|البرونكيتيس",0.0,,
ent_merge_001692,البواسير,البواسير,DiseaseCondition,"""بواسير""]|[""البواسير""|البواسير",0.0,,
ent_merge_001693,الترمسه,الترمسه,DiseaseCondition,"[""الترمسه""]|الترمسه",0.0,,
ent_merge_001694,التسوس,التسوس,DiseaseCondition,"""التصبغات السوداء""]|[""التسوس""|التسوس",0.0,,
ent_merge_001695,التشوهات الخلقية,التشوهات الخلقيه,DiseaseCondition,"[""التشوهات الخلقية""]|التشوهات الخلقية",0.0,,
ent_merge_001696,التصاق التوائم السيامي,التصاق التوايم السيامي,DiseaseCondition,"[""التصاق التوائم السيامي""]|التصاق التوائم السيامي",0.0,,
ent_merge_001697,التصبغات السوداء,التصبغات السوداء,DiseaseCondition,"""التصبغات السوداء""]|[""التسوس""|التصبغات السوداء",0.0,,
ent_merge_001698,التلاسيميا,التلاسيميا,DiseaseCondition,"""فقر دم البحر الابيض المتوسط""]|[""التلاسيميا""|التلاسيميا",0.0,,
ent_merge_001699,التهاب الامعاء,التهاب الامعاء,DiseaseCondition,"[""التهاب الامعاء""]|التهاب الامعاء",0.0,,
ent_merge_001700,التهاب الحفاظ,التهاب الحفاظ,DiseaseCondition,"[""التهاب الحفاظ""]|التهاب الحفاظ",0.0,,
ent_merge_001701,التهاب الخلوي,التهاب الخلوي,DiseaseCondition,"[""التهاب الخلوي""]|التهاب الخلوي",0.0,,
ent_merge_001702,التهاب الشعري,التهاب الشعري,DiseaseCondition,"[""التهاب الشعري""]|التهاب الشعري",0.0,,
ent_merge_001703,التهاب العصعصي,التهاب العصعصي,DiseaseCondition,"[""التهاب العصعصي""]|التهاب العصعصي",0.0,,
ent_merge_001704,التهاب العصي البصري,التهاب العصي البصري,DiseaseCondition,"[""التهاب العصي البصري""]|التهاب العصي البصري",0.0,,
ent_merge_001705,التهاب الغدة الدرقية,التهاب الغده الدرقيه,DiseaseCondition,"""التهاب الغدة الدرقية""]|[""التهاب الدرقية""|التهاب الغدة الدرقية",0.0,,
ent_merge_001706,التهاب اللسان,التهاب اللسان,DiseaseCondition,"""تهاب اللسان""]|[""التهاب اللسان""|التهاب اللسان",0.0,,
ent_merge_001707,التهاب بكتيري,التهاب بكتيري,DiseaseCondition,"""تهاب بكتيري""]|[""التهاب بكتيري""|التهاب بكتيري",0.0,,
ent_merge_001708,التهاب في البويصلة الشعرية,التهاب في البويصله الشعريه,DiseaseCondition,"[""التهاب في البويصلة الشعرية""]|التهاب في البويصلة الشعرية",0.0,,
ent_merge_001709,التهاب في الغدد الليمفاوية,التهاب في الغدد الليمفاويه,DiseaseCondition,"[""التهاب في الغدد الليمفاوية""]|التهاب في الغدد الليمفاوية",0.0,,
ent_merge_001710,التهاب فيروسي,التهاب فيروسي,DiseaseCondition,"[""التهاب فيروسي""]|التهاب فيروسي",0.0,,
ent_merge_001711,التهابات فى المعدة,التهابات في المعده,DiseaseCondition,"[""التهابات فى المعدة""]|التهابات فى المعدة",0.0,,
ent_merge_001712,التوائم,التوايم,DiseaseCondition,"[""التوائم""]|التوائم",0.0,,
ent_merge_001713,التوحد السلوكي,التوحد السلوكي,DiseaseCondition,"[""التوحد السلوكي""]|التوحد السلوكي",0.0,,
ent_merge_001714,الجالكتوز,الجالكتوز,DiseaseCondition,"[""الجالكتوز""]|الجالكتوز",0.0,,
ent_merge_001715,الجلد المترهل,الجلد المترهل,DiseaseCondition,"[""الجلد المترهل""]|الجلد المترهل",0.0,,
ent_merge_001716,الجلطات,الجلطات,DiseaseCondition,"""جلطات""]|[""الجلطات""|الجلطات",0.0,,
ent_merge_001717,الجلطات الدماغية,الجلطات الدماغيه,DiseaseCondition,"""جلطات دماغية""]|""جلطات""|[""الجلطات الدماغية""|الجلطات الدماغية",0.0,,
ent_merge_001718,الجلطة,الجلطه,DiseaseCondition,"""الجلطة""]|[""التهاب""|الجلطة",0.0,,
ent_merge_001719,الجلطة الدماغية,الجلطه الدماغيه,DiseaseCondition,"""الجلطة الدماغية السابقة""]|[""الجلطة الدماغية""|الجلطة الدماغية",0.0,,
ent_merge_001720,الجيب اللثوي,الجيب اللثوي,DiseaseCondition,"[""الجيب اللثوي""]|الجيب اللثوي",0.0,,
ent_merge_001721,الجينات المرضية,الجينات المرضيه,DiseaseCondition,"""الجينات الوراثية""]|[""الجينات المرضية""|الجينات المرضية",0.0,,
ent_merge_001722,الحثل العضلي,الحثل العضلي,DiseaseCondition,"""حثل دوشين العضلي""]|[""الحثل العضلي""|الحثل العضلي",0.0,,
ent_merge_001723,الحروق,الحروق,DiseaseCondition,"[""الحروق""]|الحروق",0.0,,
ent_merge_001724,الحصى,الحصي,DiseaseCondition,"[""الحصى""]|الحصى",0.0,,
ent_merge_001725,الحمى الشديدة,الحمي الشديده,DiseaseCondition,"""التهابات الجرثومية الحادة""|""الحمى الشديدة""]|[""الانفلوانزا""|الحمى الشديدة",0.0,,
ent_merge_001726,الحودة الحال,الحوده الحال,DiseaseCondition,"[""الحودة الحال""]|الحودة الحال",0.0,,
ent_merge_001727,الحودة الصكري,الحوده الصكري,DiseaseCondition,"[""الحودة الصكري""]|الحودة الصكري",0.0,,
ent_merge_001728,الختناق,الختناق,DiseaseCondition,"[""الختناق""]|الختناق",0.0,,
ent_merge_001729,الخراج,الخراج,DiseaseCondition,"""الناسور""]|[""الخراج""|الخراج",0.0,,
ent_merge_001730,الديدان,الديدان,DiseaseCondition,"""ديدان""]|[""الديدان""|الديدان",0.0,,
ent_merge_001731,الرئتين,الريتين,DiseaseCondition,"[""الرئتين""]|الرئتين",0.0,,
ent_merge_001732,السم,السم,DiseaseCondition,"""السم""]|[""الدغه العقرب""|السم",0.0,,
ent_merge_001733,الشلل الرعاشي,الشلل الرعاشي,DiseaseCondition,"""داء باركنسون""]|[""الشلل الرعاشي""|الشلل الرعاشي",0.0,,
ent_merge_001734,الصداع التوتري,الصداع التوتري,DiseaseCondition,"""صداع التوتري""]|[""الصداع التوتري""|الصداع التوتري",0.0,,
ent_merge_001735,الصداع النصفي,الصداع النصفي,DiseaseCondition,"[""الصداع النصفي""]|الصداع النصفي",0.0,,
ent_merge_001736,الصدمة الكهربائية,الصدمه الكهرباييه,DiseaseCondition,"[""الصدمة الكهربائية""]|الصدمة الكهربائية",0.0,,
ent_merge_001737,الصفائح الدموية,الصفايح الدمويه,DiseaseCondition,"""الصفائح الدموية""]|[""الصفائح""|الصفائح الدموية",0.0,,
ent_merge_001738,الضرس,الضرس,DiseaseCondition,"[""الضرس""]|الضرس",0.0,,
ent_merge_001739,الضيق البسيط,الضيق البسيط,DiseaseCondition,"""ضيق""]|[""الضيق البسيط""|الضيق البسيط",0.0,,
ent_merge_001740,الطفرة,الطفره,DiseaseCondition,"[""الطفرة""]|الطفرة",0.0,,
ent_merge_001741,الغازات,الغازات,DiseaseCondition,"""التهاب""|""الغازات""|""حساسية الصدر""|""ربو""|""نزلة معوية""]|[""ارتكاريا""|الغازات",0.0,,
ent_merge_001742,الغدة اللمفاوية,الغده اللمفاويه,DiseaseCondition,"[""الغدة اللمفاوية""]|الغدة اللمفاوية",0.0,,
ent_merge_001743,الفركتوز,الفركتوز,DiseaseCondition,"""سكر الذرة""]|[""الفركتوز""|الفركتوز",0.0,,
ent_merge_001744,الفشل القلبي اللامُعاوَض,الفشل القلبي اللامُعاوَض,DiseaseCondition,"""فشل قلبي""]|[""الفشل القلبي اللامُعاوَض""|الفشل القلبي اللامُعاوَض",0.0,,
ent_merge_001745,القفص الصدري,القفص الصدري,DiseaseCondition,"[""القفص الصدري""]|القفص الصدري",0.0,,
ent_merge_001746,القولون,القولون,DiseaseCondition,"""القولون العصبى""|""قولون""]|[""القولون""|القولون",0.0,,
ent_merge_001747,الكالسيوم,الكالسيوم,DiseaseCondition,"[""الكالسيوم""]|الكالسيوم",0.0,,
ent_merge_001748,الكساح,الكساح,DiseaseCondition,"""كساح العظام""]|""كساح""|[""الكساح""|الكساح",0.0,,
ent_merge_001749,اللثة,اللثه,DiseaseCondition,"""لثة""]|[""اللثة""|اللثة",0.0,,
ent_merge_001750,اللمف,اللمف,DiseaseCondition,"""سائل شفاف""]|""سائل""|[""اللمف""|اللمف",0.0,,
ent_merge_001751,المرض الفطري,المرض الفطري,DiseaseCondition,"[""المرض الفطري""]|المرض الفطري",0.0,,
ent_merge_001752,المرض الوراثي,المرض الوراثي,DiseaseCondition,"""المرض الوراثي""]|[""الأمراض الوراثية""|المرض الوراثي",0.0,,
ent_merge_001753,الملوية البوابية,الملويه البوابيه,DiseaseCondition,"[""الملوية البوابية""]|الملوية البوابية",0.0,,
ent_merge_001754,الموت الدماغي,الموت الدماغي,DiseaseCondition,"""موت دماغى""]|[""الموت الدماغي""|الموت الدماغي",0.0,,
ent_merge_001755,الناسور,الناسور,DiseaseCondition,"[""الناسور""]|الناسور",0.0,,
ent_merge_001756,الناسور العصعصي,الناسور العصعصي,DiseaseCondition,"[""الناسور العصعصي""]|الناسور العصعصي",0.0,,
ent_merge_001757,الناعور,الناعور,DiseaseCondition,"""مرض الناعور""]|[""الناعور""|الناعور",0.0,,
ent_merge_001758,النخاع الشوكي,النخاع الشوكي,DiseaseCondition,"""نخاع شوكى""]|[""النخاع الشوكي""|النخاع الشوكي",0.0,,
ent_merge_001759,النزلة,النزله,DiseaseCondition,"[""النزلة""]|النزلة",0.0,,
ent_merge_001760,النسيج,النسيج,DiseaseCondition,"""نسيج""]|[""النسيج""|النسيج",0.0,,
ent_merge_001761,النسيج المحيط,النسيج المحيط,DiseaseCondition,"""نسيج محيط""]|[""النسيج المحيط""|النسيج المحيط",0.0,,
ent_merge_001762,النسيج المحيط بالفتحة,النسيج المحيط بالفتحه,DiseaseCondition,"""نسيج محيط بالفتحة""]|[""النسيج المحيط بالفتحة""|النسيج المحيط بالفتحة",0.0,,
ent_merge_001763,النسيج فوق الدعامات,النسيج فوق الدعامات,DiseaseCondition,"""نسيج فوق""]|[""النسيج فوق الدعامات""|النسيج فوق الدعامات",0.0,,
ent_merge_001764,النغزات,النغزات,DiseaseCondition,"""التهاب""|""النغزات""|""حساسية الصدر""|""ربو""|""نزلة معوية""]|[""ارتكاريا""|النغزات",0.0,,
ent_merge_001765,النقص الشديد للصفائح,النقص الشديد للصفايح,DiseaseCondition,"""النقص الشديد للصفائح""|""نقص الصفائح""]|[""ITP""|النقص الشديد للصفائح",0.0,,
ent_merge_001766,الورم,الورم,DiseaseCondition,"[""الورم""]|الورم",0.0,,
ent_merge_001767,الورم الدماغي,الورم الدماغي,DiseaseCondition,"[""الورم الدماغي""]|الورم الدماغي",0.0,,
ent_merge_001768,الورم النقوي المتعدد,الورم النقوي المتعدد,DiseaseCondition,"[""الورم النقوي المتعدد""]|الورم النقوي المتعدد",0.0,,
ent_merge_001769,انزلاق أنقي,انزلاق انقي,DiseaseCondition,"[""انزلاق أنقي""]|انزلاق أنقي",0.0,,
ent_merge_001770,انسداد البلعوم,انسداد البلعوم,DiseaseCondition,"""انسداد البلعوم""]|[""انسداد""|انسداد البلعوم",0.0,,
ent_merge_001771,انفراص,انفراص,DiseaseCondition,"""انقراص""]|[""انفراص""|انفراص",0.0,,
ent_merge_001772,انقراص,انقراص,DiseaseCondition,"""انقراص""]|[""انفراص""|انقراص",0.0,,
ent_merge_001773,بروثرومبين,بروثرومبين,DiseaseCondition,"[""بروثرومبين""]|بروثرومبين",0.0,,
ent_merge_001774,تخم البروستاتا الحميد,تخم البروستاتا الحميد,DiseaseCondition,"[""تخم البروستاتا الحميد""]|تخم البروستاتا الحميد",0.0,,
ent_merge_001775,تسوس الأسنان,تسوس الاسنان,DiseaseCondition,"""تسوس الأسنان أو أي خراجات باللثة""]|[""تسوس الأسنان""|تسوس الأسنان",0.0,,
ent_merge_001776,تشوهات خلقية,تشوهات خلقيه,DiseaseCondition,"""تشوهات خلقية""]|[""تشوهات""|تشوهات خلقية",0.0,,
ent_merge_001777,تضخم الغدد اللمفية,تضخم الغدد اللمفيه,DiseaseCondition,"""تضخم الغدد اللمفية الموضعية""]|[""تضخم الغدد اللمفية""|تضخم الغدد اللمفية",0.0,,
ent_merge_001778,تضيق القنوات الموجودة داخل الكبد,تضيق القنوات الموجوده داخل الكبد,DiseaseCondition,"""تضيق القنوات الموجودة داخل الكبد""]|[""تضيق القنوات""|تضيق القنوات الموجودة داخل الكبد",0.0,,
ent_merge_001779,تكيس الثدي,تكيس الثدي,DiseaseCondition,"""تكيس الثدي""]|[""اكياس داخلها رواسب الكلس""|تكيس الثدي",0.0,,
ent_merge_001780,تكيس المابيض,تكيس المابيض,DiseaseCondition,"""تكيس المابيض""]|[""بداية تكيس المابيض""|تكيس المابيض",0.0,,
ent_merge_001781,تكيسات مائية,تكيسات ماييه,DiseaseCondition,"""تكيسات مائية""]|[""اكياس مائية""|تكيسات مائية",0.0,,
ent_merge_001782,تلون الشبكيه الصبغي,تلون الشبكيه الصبغي,DiseaseCondition,"[""تلون الشبكيه الصبغي""]|تلون الشبكيه الصبغي",0.0,,
ent_merge_001783,تليف وضيق في فتحة الشرج,تليف وضيق في فتحه الشرج,DiseaseCondition,"[""تليف وضيق في فتحة الشرج""]|تليف وضيق في فتحة الشرج",0.0,,
ent_merge_001784,تهاب الغدة الدرقية,تهاب الغده الدرقيه,DiseaseCondition,"""تهاب الغدة الدرقية""]|""تهاب""|[""التهاب""|تهاب الغدة الدرقية",0.0,,
ent_merge_001785,تيفود,تيفود,DiseaseCondition,"[""تيفود""]|تيفود",0.0,,
ent_merge_001786,جرثومة الهيليكوباكتر,جرثومه الهيليكوباكتر,DiseaseCondition,"""جرثومة الهيليكوباكتر""]|[""جرثومة""|جرثومة الهيليكوباكتر",0.0,,
ent_merge_001787,جلطة الاورده العميقه,جلطه الاورده العميقه,DiseaseCondition,"[""جلطة الاورده العميقه""]|جلطة الاورده العميقه",0.0,,
ent_merge_001788,حثل عضلي,حثل عضلي,DiseaseCondition,"[""حثل عضلي""]|حثل عضلي",0.0,,
ent_merge_001789,حساسية البروتين البقري,حساسيه البروتين البقري,DiseaseCondition,"[""حساسية البروتين البقري""]|حساسية البروتين البقري",0.0,,
ent_merge_001790,حساسية الموسمية,حساسيه الموسميه,DiseaseCondition,"""التهاب""|""حساسية الصدر""|""حساسية الموسمية""|""حساسية""|""ربو""|""نزلة معوية""]|[""ارتكاريا""|حساسية الموسمية",0.0,,
ent_merge_001791,حصوة المرارة,حصوه المراره,DiseaseCondition,"""حصية مرارية""]|[""حصوة المرارة""|حصوة المرارة",0.0,,
ent_merge_001792,حمى عضة الجرذ,حمي عضه الجرذ,DiseaseCondition,"""حمى عضة الجرذون""|""حمى عضة الفأر""]|[""حمى عضة الجرذ""|حمى عضة الجرذ",0.0,,
ent_merge_001793,حمى عضة الجرذون,حمي عضه الجرذون,DiseaseCondition,"""حمى عضة الجرذون""|""حمى عضة الفأر""]|[""حمى عضة الجرذ""|حمى عضة الجرذون",0.0,,
ent_merge_001794,حمى عضة الفأر,حمي عضه الفار,DiseaseCondition,"""حمى عضة الفأر""]|[""حمى عضة الجرذ""|حمى عضة الفأر",0.0,,
ent_merge_001795,داء باركنسون,داء باركنسون,DiseaseCondition,"[""داء باركنسون""]|داء باركنسون",0.0,,
ent_merge_001796,داء بازيديو,داء بازيديو,DiseaseCondition,"""متلازمة داون""]|[""داء بازيديو""|داء بازيديو",0.0,,
ent_merge_001797,دائة الصكري,دايه الصكري,DiseaseCondition,"[""دائة الصكري""]|دائة الصكري",0.0,,
ent_merge_001798,دبوس,دبوس,DiseaseCondition,"[""دبوس""]|دبوس",0.0,,
ent_merge_001799,دهون ثلاثية,دهون ثلاثيه,DiseaseCondition,"[""دهون ثلاثية""]|دهون ثلاثية",0.0,,
ent_merge_001800,دود بالبطن,دود بالبطن,DiseaseCondition,"[""دود بالبطن""]|دود بالبطن",0.0,,
ent_merge_001801,سكتة خلايا دموية,سكته خلايا دمويه,DiseaseCondition,"""سكتة خلايا دموية""]|[""trait""|سكتة خلايا دموية",0.0,,
ent_merge_001802,سكري,سكري,DiseaseCondition,"""سكري""]|[""داء السكري""|سكري",0.0,,
ent_merge_001803,سيستي هيدروما,سيستي هيدروما,DiseaseCondition,"""سيستي هيدروما""]|[""Systic Hygroma""|سيستي هيدروما",0.0,,
ent_merge_001804,شرخ في الشرج,شرخ في الشرج,DiseaseCondition,"[""شرخ في الشرج""]|شرخ في الشرج",0.0,,
ent_merge_001805,شظايا القنابل الصغيرة الانشطارية,شظايا القنابل الصغيره الانشطاريه,DiseaseCondition,"[""شظايا القنابل الصغيرة الانشطارية""]|شظايا القنابل الصغيرة الانشطارية",0.0,,
ent_merge_001806,شفة مشقوقة,شفه مشقوقه,DiseaseCondition,"""شفة مشقوقة""]|[""شفة ارنبية""|شفة مشقوقة",0.0,,
ent_merge_001807,شق شرجي,شق شرجي,DiseaseCondition,"[""شق شرجي""]|شق شرجي",0.0,,
ent_merge_001808,شلل العصب السابع,شلل العصب السابع,DiseaseCondition,"[""شلل العصب السابع""]|شلل العصب السابع",0.0,,
ent_merge_001809,شيب,شيب,DiseaseCondition,"""شيب المبكر""]|[""شيب""|شيب",0.0,,
ent_merge_001810,صغر الثدي,صغر الثدي,DiseaseCondition,"[""صغر الثدي""]|صغر الثدي",0.0,,
ent_merge_001811,صمام,صمام,DiseaseCondition,"[""صمام""]|صمام",0.0,,
ent_merge_001812,صمام القلب,صمام القلب,DiseaseCondition,"""صمام القلب""]|[""صمام""|صمام القلب",0.0,,
ent_merge_001813,صمم,صمم,DiseaseCondition,"""صمم""]|[""بكم""|صمم",0.0,,
ent_merge_001814,ضرس العقل,ضرس العقل,DiseaseCondition,"[""ضرس العقل""]|ضرس العقل",0.0,,
ent_merge_001815,عضلات الصدر,عضلات الصدر,DiseaseCondition,"[""عضلات الصدر""]|عضلات الصدر",0.0,,
ent_merge_001816,عقيدات الغدة الدرقية,عقيدات الغده الدرقيه,DiseaseCondition,"""كتلة في الغدة الدرقية""]|[""عقيدات الغدة الدرقية""|عقيدات الغدة الدرقية",0.0,,
ent_merge_001817,علم التشريح,علم التشريح,DiseaseCondition,"[""علم التشريح""]|علم التشريح",0.0,,
ent_merge_001818,علم الوراثة,علم الوراثه,DiseaseCondition,"[""علم الوراثة""]|علم الوراثة",0.0,,
ent_merge_001819,فايروس الكبد,فايروس الكبد,DiseaseCondition,"""فايروس الكبد من النوع بي""]|[""فايروس الكبد""|فايروس الكبد",0.0,,
ent_merge_001820,فرط الحساسية,فرط الحساسيه,DiseaseCondition,"[""فرط الحساسية""]|فرط الحساسية",0.0,,
ent_merge_001821,فصام,فصام,DiseaseCondition,"""فصام""]|[""اضطراب متعدد العوامل الوراثية والبيئية""|فصام",0.0,,
ent_merge_001822,فقدان الشهية,فقدان الشهيه,DiseaseCondition,"[""فقدان الشهية""]|فقدان الشهية",0.0,,
ent_merge_001823,فقر الدم المنجلي,فقر الدم المنجلي,DiseaseCondition,"""فقر الدم المنجلي""]|[""فقر الدم""|فقر الدم المنجلي",0.0,,
ent_merge_001824,فيروس الكبد الوبائي,فيروس الكبد الوبايي,DiseaseCondition,"""فيروس الكبد الوبائي""]|[""فيروس الكبد""|فيروس الكبد الوبائي",0.0,,
ent_merge_001825,قولون عصبى,قولون عصبي,DiseaseCondition,"""قولون تقرحي""|""قولون عصبي""]|[""قولون العصبي""|قولون عصبى",0.0,,
ent_merge_001826,كسل بالغدة الدرقية,كسل بالغده الدرقيه,DiseaseCondition,"[""كسل بالغدة الدرقية""]|كسل بالغدة الدرقية",0.0,,
ent_merge_001827,كلسترول,كلسترول,DiseaseCondition,"[""كلسترول""]|كلسترول",0.0,,
ent_merge_001828,كيس الشعر,كيس الشعر,DiseaseCondition,"[""كيس الشعر""]|كيس الشعر",0.0,,
ent_merge_001829,متلازمة خلية منجلية,متلازمه خليه منجليه,DiseaseCondition,"""متلازمة خلية منجلية""]|[""متلازمة""|متلازمة خلية منجلية",0.0,,
ent_merge_001830,متلازمة فالدنستروم,متلازمه فالدنستروم,DiseaseCondition,"[""متلازمة فالدنستروم""]|متلازمة فالدنستروم",0.0,,
ent_merge_001831,متلازمة كريغلر نجار,متلازمه كريغلر نجار,DiseaseCondition,"""متلازمة كريغلر نجار""]|""متلازمة كريغلر""|[""كريغلر نجار""|متلازمة كريغلر نجار",0.0,,
ent_merge_001832,متلازمة كلاينفلتر,متلازمه كلاينفلتر,DiseaseCondition,"[""متلازمة كلاينفلتر""]|متلازمة كلاينفلتر",0.0,,
ent_merge_001833,مرض بكاء القطة,مرض بكاء القطه,DiseaseCondition,"[""مرض بكاء القطة""]|مرض بكاء القطة",0.0,,
ent_merge_001834,مرض جريفز,مرض جريفز,DiseaseCondition,"""مرض جريفز""]|[""اضطرابات المناعة الذاتية الوراثية""|مرض جريفز",0.0,,
ent_merge_001835,ملاريا,ملاريا,DiseaseCondition,"""ملاريا""]|[""فقدان الشهية والرغبة في الاستفراغ""|ملاريا",0.0,,
ent_merge_001836,ملازمة داون,ملازمه داون,DiseaseCondition,"[""ملازمة داون""]|ملازمة داون",0.0,,
ent_merge_001837,نزيف بسيط,نزيف بسيط,DiseaseCondition,"[""نزيف بسيط""]|نزيف بسيط",0.0,,
ent_merge_001838,نشاط الغدة الدرقية,نشاط الغده الدرقيه,DiseaseCondition,"""نشاط الغدة الدرقية""]|[""نشاط الدرقية""|نشاط الغدة الدرقية",0.0,,
ent_merge_001839,نقص البروتينات,نقص البروتينات,DiseaseCondition,"""نقص البروتينات""|""نقص الحديد""]|[""الأنيميا""|نقص البروتينات",0.0,,
ent_merge_001840,نقص الحليب,نقص الحليب,DiseaseCondition,"[""نقص الحليب""]|نقص الحليب",0.0,,
ent_merge_001841,نقص الصفيحات,نقص الصفيحات,DiseaseCondition,"""نقص الصفيحات الدموية""]|[""نقص الصفيحات""|نقص الصفيحات",0.0,,
ent_merge_001842,نقص الكريات البيضاء,نقص الكريات البيضاء,DiseaseCondition,"[""نقص الكريات البيضاء""]|نقص الكريات البيضاء",0.0,,
ent_merge_001843,نقص بحجم الثدي,نقص بحجم الثدي,DiseaseCondition,"""نقص بحجم الثدي الايمن""]|[""نقص بحجم الثدي""|نقص بحجم الثدي",0.0,,
ent_merge_001844,نقص بقتامين د,نقص بقتامين د,DiseaseCondition,"[""نقص بقتامين د""]|نقص بقتامين د",0.0,,
ent_merge_001845,نقص حديد,نقص حديد,DiseaseCondition,"[""نقص حديد""]|نقص حديد",0.0,,
ent_merge_001846,نقص فيتامين,نقص فيتامين,DiseaseCondition,"[""نقص فيتامين""]|نقص فيتامين",0.0,,
ent_merge_001847,Fshl Klowi,fshl klowi,Symptom,"""Fshl Klowi""]|Fshl Klowi|[""Failing Kidneys""",0.0,,
ent_merge_001848,ارتجاف,ارتجاف,Symptom,"[""ارتجاف""]|ارتجاف",0.0,,
ent_merge_001849,ارتفاع خضاب الدم,ارتفاع خضاب الدم,Symptom,"[""ارتفاع خضاب الدم""]|ارتفاع خضاب الدم",0.0,,
ent_merge_001850,الاحساس بوجود هواء,الاحساس بوجود هواء,Symptom,"""بلغم""|""تعب""|""حكة""|""سعال""|""صداع""|""ضيق تنفس""]|[""الاحساس بوجود هواء""|الاحساس بوجود هواء",0.0,,
ent_merge_001851,الارتداد المريئ,الارتداد المريي,Symptom,"[""الارتداد المريئ""]|الارتداد المريئ",0.0,,
ent_merge_001852,الارتكاريا,الارتكاريا,Symptom,"""الارتكاريا""|""حكه""]|[""ارتكاريا""|الارتكاريا",0.0,,
ent_merge_001853,الارهاق,الارهاق,Symptom,"""التوتر والارهاق والقلق""]|[""الارهاق""|الارهاق",0.0,,
ent_merge_001854,الإغماء,الاغماء,Symptom,"[""الإغماء""]|الإغماء",0.0,,
ent_merge_001855,الافرازات,الافرازات,Symptom,"""افرازات خضراء""|""الافرازات""]|[""افرازات""|الافرازات",0.0,,
ent_merge_001856,الام البطن,الام البطن,Symptom,"[""الام البطن""]|الام البطن",0.0,,
ent_merge_001857,الام عند الإخراج,الام عند الاخراج,Symptom,"[""الام عند الإخراج""]|الام عند الإخراج",0.0,,
ent_merge_001858,الامتلاء,الامتلاء,Symptom,"[""الامتلاء""]|الامتلاء",0.0,,
ent_merge_001859,الانتان,الانتان,Symptom,"[""الانتان""]|الانتان",0.0,,
ent_merge_001860,الانين,الانين,Symptom,"[""الانين""]|الانين",0.0,,
ent_merge_001861,البراز,البراز,Symptom,"[""البراز""]|البراز",0.0,,
ent_merge_001862,التدخين,التدخين,Symptom,"""تدخين""]|[""التدخين""|التدخين",0.0,,
ent_merge_001863,التصاق,التصاق,Symptom,"""تصاق""]|[""التصاق""|التصاق",0.0,,
ent_merge_001864,التهديد بالإجهاض,التهديد بالاجهاض,Symptom,"[""التهديد بالإجهاض""]|التهديد بالإجهاض",0.0,,
ent_merge_001865,الجنين,الجنين,Symptom,"[""الجنين""]|الجنين",0.0,,
ent_merge_001866,الجيب اللثوي,الجيب اللثوي,Symptom,"[""الجيب اللثوي""]|الجيب اللثوي",0.0,,
ent_merge_001867,الحادِث الوِعائيٌّ الدِمَاغِيّ,الحادِث الوِعاييٌّ الدِمَاغِيّ,Symptom,"""حادث وعائي دماغي""]|[""الحادِث الوِعائيٌّ الدِمَاغِيّ""|الحادِث الوِعائيٌّ الدِمَاغِيّ",0.0,,
ent_merge_001868,الحال,الحال,Symptom,"[""الحال""]|الحال",0.0,,
ent_merge_001869,الحال بالمرديدين,الحال بالمرديدين,Symptom,"[""الحال بالمرديدين""]|الحال بالمرديدين",0.0,,
ent_merge_001870,الحرق,الحرق,Symptom,"""حريق""]|[""الحرق""|الحرق",0.0,,
ent_merge_001871,الحروق,الحروق,Symptom,"[""الحروق""]|الحروق",0.0,,
ent_merge_001872,الحساسية على الوسط التَبايُنِيّ,الحساسيه علي الوسط التَبايُنِيّ,Symptom,"""حساسية على الوسط التبايني""]|[""الحساسية على الوسط التَبايُنِيّ""|الحساسية على الوسط التَبايُنِيّ",0.0,,
ent_merge_001873,الخراج,الخراج,Symptom,"[""الخراج""]|الخراج",0.0,,
ent_merge_001874,الخريث,الخريث,Symptom,"""الخريث""]|[""الحصاصة""|الخريث",0.0,,
ent_merge_001875,الدورة,الدوره,Symptom,"""دورة منتظمة""]|""دورة""|[""الدورة""|الدورة",0.0,,
ent_merge_001876,الديدان الشريطية,الديدان الشريطيه,Symptom,"[""الديدان الشريطية""]|الديدان الشريطية",0.0,,
ent_merge_001877,الرائحة الكريهة,الرايحه الكريهه,Symptom,"[""الرائحة الكريهة""]|الرائحة الكريهة",0.0,,
ent_merge_001878,السمنة,السمنه,Symptom,"[""السمنة""]|السمنة",0.0,,
ent_merge_001879,الشرج,الشرج,Symptom,"[""الشرج""]|الشرج",0.0,,
ent_merge_001880,الضيق,الضيق,Symptom,"[""الضيق""]|الضيق",0.0,,
ent_merge_001881,الضيق التنفسي,الضيق التنفسي,Symptom,"""ضيق تنفس""]|[""الضيق التنفسي""|الضيق التنفسي",0.0,,
ent_merge_001882,الفتحات,الفتحات,Symptom,"[""الفتحات""]|الفتحات",0.0,,
ent_merge_001883,الفتحة الشرجية,الفتحه الشرجيه,Symptom,"[""الفتحة الشرجية""]|الفتحة الشرجية",0.0,,
ent_merge_001884,القطع من الشعر,القطع من الشعر,Symptom,"[""القطع من الشعر""]|القطع من الشعر",0.0,,
ent_merge_001885,القولون,القولون,Symptom,"[""القولون""]|القولون",0.0,,
ent_merge_001886,القولون العصبى,القولون العصبي,Symptom,"[""القولون العصبى""]|القولون العصبى",0.0,,
ent_merge_001887,الكتف,الكتف,Symptom,"[""الكتف""]|الكتف",0.0,,
ent_merge_001888,الم المعدجة,الم المعدجه,Symptom,"""الم في المعده""]|[""الم المعدجة""|الم المعدجة",0.0,,
ent_merge_001889,ألم المفاصل,الم المفاصل,Symptom,"[""ألم المفاصل""]|ألم المفاصل",0.0,,
ent_merge_001890,الم في القلب,الم في القلب,Symptom,"[""الم في القلب""]|الم في القلب",0.0,,
ent_merge_001891,المضاعفات الوعائية,المضاعفات الوعاييه,Symptom,"""مضاعفات وعائية""]|[""المضاعفات الوعائية""|المضاعفات الوعائية",0.0,,
ent_merge_001892,الملابس,الملابس,Symptom,"""كثرة الملابس""]|[""الملابس""|الملابس",0.0,,
ent_merge_001893,النزف,النزف,Symptom,"[""النزف""]|النزف",0.0,,
ent_merge_001894,النزلة,النزله,Symptom,"""نزلة""]|[""النزلة""|النزلة",0.0,,
ent_merge_001895,النزيف,النزيف,Symptom,"[""النزيف""]|النزيف",0.0,,
ent_merge_001896,النفخ,النفخ,Symptom,"""النفخ القلبي""]|[""النفخ""|النفخ",0.0,,
ent_merge_001897,النقص الحاد,النقص الحاد,Symptom,"""النقص الحاد""]|[""النقص""|النقص الحاد",0.0,,
ent_merge_001898,الوجع الشديد في الجنب اليمين,الوجع الشديد في الجنب اليمين,Symptom,"""الوجع الشديد في الجنب اليمين""]|[""الوجع الشديد في الجنب""|الوجع الشديد في الجنب اليمين",0.0,,
ent_merge_001899,الوفاة,الوفاه,Symptom,"""وفاة""]|[""الوفاة""|الوفاة",0.0,,
ent_merge_001900,انتاصبي,انتاصبي,Symptom,"[""انتاصبي""]|انتاصبي",0.0,,
ent_merge_001901,انفخ هواء,انفخ هواء,Symptom,"""بلغم""|""تعب""|""حكة""|""سعال""|""صداع""|""ضيق تنفس""]|[""انفخ هواء""|انفخ هواء",0.0,,
ent_merge_001902,انقطاع الطمث,انقطاع الطمث,Symptom,"""انقطاع الطمث""]|[""انقطاع الدورة""|انقطاع الطمث",0.0,,
ent_merge_001903,أوجاع العضلات,اوجاع العضلات,Symptom,"[""أوجاع العضلات""]|أوجاع العضلات",0.0,,
ent_merge_001904,أوجاع المفاصل,اوجاع المفاصل,Symptom,"[""أوجاع المفاصل""]|أوجاع المفاصل",0.0,,
ent_merge_001905,برودة الطقس,بروده الطقس,Symptom,"[""برودة الطقس""]|برودة الطقس",0.0,,
ent_merge_001906,برودة الماء,بروده الماء,Symptom,"[""برودة الماء""]|برودة الماء",0.0,,
ent_merge_001907,بروز في البطن,بروز في البطن,Symptom,"[""بروز في البطن""]|بروز في البطن",0.0,,
ent_merge_001908,تضخم في الارداف,تضخم في الارداف,Symptom,"""تضخم في الارداف""]|[""تضخم""|تضخم في الارداف",0.0,,
ent_merge_001909,جحوظ العينين,جحوظ العينين,Symptom,"""جحوظ العينين""]|[""اعتلال عيني""|جحوظ العينين",0.0,,
ent_merge_001910,جرثومة,جرثومه,Symptom,"[""جرثومة""]|جرثومة",0.0,,
ent_merge_001911,حصاصة,حصاصه,Symptom,"[""حصاصة""]|حصاصة",0.0,,
ent_merge_001912,حلمة,حلمه,Symptom,"""حلمة ثديي الايمن""|""حلمة مسطحه""]|[""حلمة""|حلمة",0.0,,
ent_merge_001913,حموضة,حموضه,Symptom,"[""حموضة""]|حموضة",0.0,,
ent_merge_001914,حيلية الربو,حيليه الربو,Symptom,"[""حيلية الربو""]|حيلية الربو",0.0,,
ent_merge_001915,دقات سريعة للقلب,دقات سريعه للقلب,Symptom,"[""دقات سريعة للقلب""]|دقات سريعة للقلب",0.0,,
ent_merge_001916,دوار الحركة,دوار الحركه,Symptom,"[""دوار الحركة""]|دوار الحركة",0.0,,
ent_merge_001917,دوائر حمراء,دواير حمراء,Symptom,"[""دوائر حمراء""]|دوائر حمراء",0.0,,
ent_merge_001918,راسي تقيل,راسي تقيل,Symptom,"[""راسي تقيل""]|راسي تقيل",0.0,,
ent_merge_001919,سمنة,سمنه,Symptom,"[""سمنة""]|سمنة",0.0,,
ent_merge_001920,سيلان الانف,سيلان الانف,Symptom,"[""سيلان الانف""]|سيلان الانف",0.0,,
ent_merge_001921,صبغات الشعر,صبغات الشعر,Symptom,"""صبغات الشعر""]|[""البرماننت""|صبغات الشعر",0.0,,
ent_merge_001922,صداع التوتر,صداع التوتر,Symptom,"""صداع التوتر""]|[""صداع""|صداع التوتر",0.0,,
ent_merge_001923,صمم,صمم,Symptom,"""صمم""]|[""بكم""|صمم",0.0,,
ent_merge_001924,ضغط الدم,ضغط الدم,Symptom,"""ضغط الدم""]|""ضغط""|[""blood pressure""|ضغط الدم",0.0,,
ent_merge_001925,فتحة الشرج,فتحه الشرج,Symptom,"""فتحة الشرج""]|[""فتحة""|فتحة الشرج",0.0,,
ent_merge_001926,فقدان الشهية والرغبة في الاستفراغ,فقدان الشهيه والرغبه في الاستفراغ,Symptom,"[""فقدان الشهية والرغبة في الاستفراغ""]|فقدان الشهية والرغبة في الاستفراغ",0.0,,
ent_merge_001927,فقدان الوعي,فقدان الوعي,Symptom,"""نقص الوعي""]|[""فقدان الوعي""|فقدان الوعي",0.0,,
ent_merge_001928,قرحة,قرحه,Symptom,"[""قرحة""]|قرحة",0.0,,
ent_merge_001929,كرات الدم البيضاء,كرات الدم البيضاء,Symptom,"""كرات الدم البيضاء""]|[""خلايا المناعه""|كرات الدم البيضاء",0.0,,
ent_merge_001930,كيس,كيس,Symptom,"""كيس""]|[""اللثة""|كيس",0.0,,
ent_merge_001931,ناسور مهبلي كولوني,ناسور مهبلي كولوني,Symptom,"[""ناسور مهبلي كولوني""]|ناسور مهبلي كولوني",0.0,,
ent_merge_001932,نبض,نبض,Symptom,"""نبض قلبه""]|[""نبض""|نبض",0.0,,
ent_merge_001933,نزول قطرات دماء مع البراز,نزول قطرات دماء مع البراز,Symptom,"[""نزول قطرات دماء مع البراز""]|نزول قطرات دماء مع البراز",0.0,,
ent_merge_001934,نشفان,نشفان,Symptom,"[""نشفان""]|نشفان",0.0,,
ent_merge_001935,نفخ,نفخ,Symptom,"[""نفخ""]|نفخ",0.0,,
ent_merge_001936,نوبات,نوبات,Symptom,"[""نوبات""]|نوبات",0.0,,
ent_merge_001937,نوبة,نوبه,Symptom,"""نوبات عامة""|""نوبة""]|[""نوبات جزئية""|نوبة",0.0,,
ent_merge_001938,هيشان الشعر,هيشان الشعر,Symptom,"[""هيشان الشعر""]|هيشان الشعر",0.0,,
ent_merge_001939,b12,b12,Test,"[""b12""]|b12",0.0,,
ent_merge_001940,CBC التحليل الكامل للدم,cbc التحليل الكامل للدم,Test,"CBC التحليل الكامل للدم|[""CBC التحليل الكامل للدم""]",0.0,,
ent_merge_001941,Colonoscopy,colonoscopy,Test,"Colonoscopy|[""Colonoscopy""]",0.0,,
ent_merge_001942,CT-Scan,ct-scan,Test,"""تصوير إشعاعي""]|CT-Scan|[""CT-Scan""",0.0,,
ent_merge_001943,E.S.R.,e.s.r.,Test,"E.S.R.|[""E.S.R.""]",0.0,,
ent_merge_001944,ferritin,ferritin,Test,"[""ferritin""]|ferritin",0.0,,
ent_merge_001945,Genetics,genetics,Test,"Genetics|[""Genetics""]",0.0,,
ent_merge_001946,Hb A1c,hb a1c,Test,"Hb A1c|[""Hb A1c""]",0.0,,
ent_merge_001947,iron,iron,Test,"[""iron""]|iron",0.0,,
ent_merge_001948,Mammoraphy,mammoraphy,Test,"Mammoraphy|[""Mammoraphy""]",0.0,,
ent_merge_001949,MRI,mri,Test,"MRI|[""MRI""]",0.0,,
ent_merge_001950,Protein,protein,Test,"""بروتين""]|Protein|[""Protein""",0.0,,
ent_merge_001951,PTH,pth,Test,"""parathyroid hormone""]|PTH|[""PTH""",0.0,,
ent_merge_001952,إسهال او إمساك,اسهال او امساك,Test,"[""إسهال او إمساك""]|إسهال او إمساك",0.0,,
ent_merge_001953,اشعة تلفزيونية,اشعه تلفزيونيه,Test,"[""اشعة تلفزيونية""]|اشعة تلفزيونية",0.0,,
ent_merge_001954,البرولاكتين,البرولاكتين,Test,"""برولاكتين""]|[""البرولاكتين""|البرولاكتين",0.0,,
ent_merge_001955,التجاوب الجيني,التجاوب الجيني,Test,"[""التجاوب الجيني""]|التجاوب الجيني",0.0,,
ent_merge_001956,التطعيمات,التطعيمات,Test,"""التطعيمات""]|[""التطعيم""|التطعيمات",0.0,,
ent_merge_001957,الثيحال الريوي,الثيحال الريوي,Test,"[""الثيحال الريوي""]|الثيحال الريوي",0.0,,
ent_merge_001958,الجنين,الجنين,Test,"[""الجنين""]|الجنين",0.0,,
ent_merge_001959,الحيوانات المنوية,الحيوانات المنويه,Test,"""حيوانات منوية""]|[""الحيوانات المنوية""|الحيوانات المنوية",0.0,,
ent_merge_001960,الديم,الديم,Test,"[""الديم""]|الديم",0.0,,
ent_merge_001961,الغدة الجار درقية,الغده الجار درقيه,Test,"[""الغدة الجار درقية""]|الغدة الجار درقية",0.0,,
ent_merge_001962,القسطرة التشخيصية,القسطره التشخيصيه,Test,"""قسطرة تشخيصية""]|[""القسطرة التشخيصية""|القسطرة التشخيصية",0.0,,
ent_merge_001963,القولون,القولون,Test,"[""القولون""]|القولون",0.0,,
ent_merge_001964,الكلية,الكليه,Test,"""الكلية""]|[""kidney""|الكلية",0.0,,
ent_merge_001965,النسبة,النسبه,Test,"[""النسبة""]|النسبة",0.0,,
ent_merge_001966,الهرمون,الهرمون,Test,"[""الهرمون""]|الهرمون",0.0,,
ent_merge_001967,بزل الصدر,بزل الصدر,Test,"[""بزل الصدر""]|بزل الصدر",0.0,,
ent_merge_001968,بيليروبين,بيليروبين,Test,"""بيليروبين""]|[""bilirubin""|بيليروبين",0.0,,
ent_merge_001969,تحليل AMH,تحليل amh,Test,"[""تحليل AMH""]|تحليل AMH",0.0,,
ent_merge_001970,تحليل ASOT,تحليل asot,Test,"[""تحليل ASOT""]|تحليل ASOT",0.0,,
ent_merge_001971,تحليل ESR,تحليل esr,Test,"[""تحليل ESR""]|تحليل ESR",0.0,,
ent_merge_001972,تحليل التراكمي,تحليل التراكمي,Test,"[""تحليل التراكمي""]|تحليل التراكمي",0.0,,
ent_merge_001973,تحليل الحديد,تحليل الحديد,Test,"[""تحليل الحديد""]|تحليل الحديد",0.0,,
ent_merge_001974,تحليل السكر,تحليل السكر,Test,"""تحليل السكر التراكمى""]|[""تحليل السكر""|تحليل السكر",0.0,,
ent_merge_001975,تحليل الفيريتين,تحليل الفيريتين,Test,"[""تحليل الفيريتين""]|تحليل الفيريتين",0.0,,
ent_merge_001976,تحليل الكبد,تحليل الكبد,Test,"[""تحليل الكبد""]|تحليل الكبد",0.0,,
ent_merge_001977,تحليل براز شامل,تحليل براز شامل,Test,"""تحليل براز شامل""]|[""تحليل براز""|تحليل براز شامل",0.0,,
ent_merge_001978,تحليل صائم,تحليل صايم,Test,"[""تحليل صائم""]|تحليل صائم",0.0,,
ent_merge_001979,تصوير الجهاز البولي,تصوير الجهاز البولي,Test,"[""تصوير الجهاز البولي""]|تصوير الجهاز البولي",0.0,,
ent_merge_001980,تصوير بالموجات الفوق صوتية,تصوير بالموجات الفوق صوتيه,Test,"""تصوير بالموجات الفوق صوتية""]|[""تصوير""|تصوير بالموجات الفوق صوتية",0.0,,
ent_merge_001981,تلفزيون قلب,تلفزيون قلب,Test,"""تلفزيون قلب""]|[""تخطيط كهربائية القلب""|تلفزيون قلب",0.0,,
ent_merge_001982,حمض اليوريك,حمض اليوريك,Test,"""حمض اليوريك""]|[""تحليل الحمض""|حمض اليوريك",0.0,,
ent_merge_001983,خصائي الاطفال,خصايي الاطفال,Test,"[""خصائي الاطفال""]|خصائي الاطفال",0.0,,
ent_merge_001984,رسم قلب,رسم قلب,Test,"""رسم قلب""]|[""تحليل الحساسية""|رسم قلب",0.0,,
ent_merge_001985,سونار بطن وحوض مع انريمات الكبد,سونار بطن وحوض مع انريمات الكبد,Test,"""سونار بطن وحوض مع انريمات الكبد""]|[""سونار""|سونار بطن وحوض مع انريمات الكبد",0.0,,
ent_merge_001986,صورة دم,صوره دم,Test,"[""صورة دم""]|صورة دم",0.0,,
ent_merge_001987,فحص PCR,فحص pcr,Test,"[""فحص PCR""]|فحص PCR",0.0,,
ent_merge_001988,فحص البطن بالسونار,فحص البطن بالسونار,Test,"[""فحص البطن بالسونار""]|فحص البطن بالسونار",0.0,,
ent_merge_001989,فحص الثالاسيميا,فحص الثالاسيميا,Test,"[""فحص الثالاسيميا""]|فحص الثالاسيميا",0.0,,
ent_merge_001990,فحص الجرثومة الحلزونية,فحص الجرثومه الحلزونيه,Test,"""فحص الجرثومة الحلزونية""]|[""تحاليل مخبرية""|فحص الجرثومة الحلزونية",0.0,,
ent_merge_001991,فحص الدنا,فحص الدنا,Test,"[""فحص الدنا""]|فحص الدنا",0.0,,
ent_merge_001992,فحص الفقرات العنقية,فحص الفقرات العنقيه,Test,"[""فحص الفقرات العنقية""]|فحص الفقرات العنقية",0.0,,
ent_merge_001993,فحص بول,فحص بول,Test,"""فحص بول الطبي""]|[""فحص بول""|فحص بول",0.0,,
ent_merge_001994,فحص تحاليل مخبرية,فحص تحاليل مخبريه,Test,"[""فحص تحاليل مخبرية""]|فحص تحاليل مخبرية",0.0,,
ent_merge_001995,فحص دم للملاريا,فحص دم للملاريا,Test,"[""فحص دم للملاريا""]|فحص دم للملاريا",0.0,,
ent_merge_001996,فحص زراعة البلغم,فحص زراعه البلغم,Test,"""فحص زراعة البلغم""]|[""زراعة البلغم""|فحص زراعة البلغم",0.0,,
ent_merge_001997,فحص مجموعات الدم,فحص مجموعات الدم,Test,"[""فحص مجموعات الدم""]|فحص مجموعات الدم",0.0,,
ent_merge_001998,فحص نخاع العظم,فحص نخاع العظم,Test,"[""فحص نخاع العظم""]|فحص نخاع العظم",0.0,,
ent_merge_001999,فحوصات جينية,فحوصات جينيه,Test,"""فحوصات جينية""]|[""تحاليل جينية""|فحوصات جينية",0.0,,
ent_merge_002000,فوسفاتاز قلوية,فوسفاتاز قلويه,Test,"""فوسفاتاز قلوية""]|[""alkaline phosphatase""|فوسفاتاز قلوية",0.0,,
ent_merge_002001,قرص المعدة,قرص المعده,Test,"[""قرص المعدة""]|قرص المعدة",0.0,,
ent_merge_002002,مفصل الكتف,مفصل الكتف,Test,"[""مفصل الكتف""]|مفصل الكتف",0.0,,
ent_merge_002003,نظرية الخلية,نظريه الخليه,Test,"[""نظرية الخلية""]|نظرية الخلية",0.0,,
ent_merge_002004,Acetyl Salicylic Acid,acetyl salicylic acid,Treatment,"Acetyl Salicylic Acid|[""Acetyl Salicylic Acid""]",0.0,,
ent_merge_002005,AspicotK,aspicotk,Treatment,"AspicotK|[""AspicotK""]",0.0,,
ent_merge_002006,Dabigatran,dabigatran,Treatment,"Dabigatran|[""Dabigatran""]",0.0,,
ent_merge_002007,euthyrox,euthyrox,Treatment,"[""euthyrox""]|euthyrox",0.0,,
ent_merge_002008,Euthyrox25,euthyrox25,Treatment,"Euthyrox25|[""Euthyrox25""]",0.0,,
ent_merge_002009,GLUCOVIG,glucovig,Treatment,"GLUCOVIG|[""GLUCOVIG""]",0.0,,
ent_merge_002010,Hypersplenism,hypersplenism,Treatment,"""Hypersplenism""]|Hypersplenism|[""Hyperspleenism""",0.0,,
ent_merge_002011,IVF,ivf,Treatment,"IVF|[""IVF""]",0.0,,
ent_merge_002012,Meddrat,meddrat,Treatment,"""Medications""]|Meddrat|[""Meddrat""",0.0,,
ent_merge_002013,Radioactive Iodine,radioactive iodine,Treatment,"""Radioactive Iodine""]|Radioactive Iodine|[""Iodine-131""",0.0,,
ent_merge_002014,Tiroxine,tiroxine,Treatment,"""Tiroxine""]|Tiroxine|[""T4""",0.0,,
ent_merge_002015,Vitamin D,vitamin d,Treatment,"""Vitamin D""]|Vitamin D|[""Vit D""",0.0,,
ent_merge_002016,أبر جاهزة للحقن,ابر جاهزه للحقن,Treatment,"[""أبر جاهزة للحقن""]|أبر جاهزة للحقن",0.0,,
ent_merge_002017,أبيتنانت,ابيتنانت,Treatment,"""فيتامين""]|[""أبيتنانت""|أبيتنانت",0.0,,
ent_merge_002018,إدخال أنبوب لشفط السائل,ادخال انبوب لشفط السايل,Treatment,"[""إدخال أنبوب لشفط السائل""]|إدخال أنبوب لشفط السائل",0.0,,
ent_merge_002019,ادوية الحديد,ادويه الحديد,Treatment,"[""ادوية الحديد""]|ادوية الحديد",0.0,,
ent_merge_002020,أدوية بالفم,ادويه بالفم,Treatment,"[""أدوية بالفم""]|أدوية بالفم",0.0,,
ent_merge_002021,استاتين,استاتين,Treatment,"""استاتين 20 جرام""]|[""استاتين""|استاتين",0.0,,
ent_merge_002022,استئصال الإصبع السادسة,استيصال الاصبع السادسه,Treatment,"""استئصال الإصبع السادسة""]|[""استئصال""|استئصال الإصبع السادسة",0.0,,
ent_merge_002023,استئصال المرارة بالتنظير,استيصال المراره بالتنظير,Treatment,"""استئصال المرارة بالتنظير""]|[""استئصال المرارة""|استئصال المرارة بالتنظير",0.0,,
ent_merge_002024,افاستين,افاستين,Treatment,"[""افاستين""]|افاستين",0.0,,
ent_merge_002025,الادوات,الادوات,Treatment,"[""الادوات""]|الادوات",0.0,,
ent_merge_002026,الاستئصال الجراحي,الاستيصال الجراحي,Treatment,"[""الاستئصال الجراحي""]|الاستئصال الجراحي",0.0,,
ent_merge_002027,الافطار,الافطار,Treatment,"""حبوب او شوفان""]|[""الافطار""|الافطار",0.0,,
ent_merge_002028,الاقاحات المضادة,الاقاحات المضاده,Treatment,"[""الاقاحات المضادة""]|الاقاحات المضادة",0.0,,
ent_merge_002029,الاكثار من شرب الماء,الاكثار من شرب الماء,Treatment,"[""الاكثار من شرب الماء""]|الاكثار من شرب الماء",0.0,,
ent_merge_002030,الامتناع عن اعطاء أي أطعمة أو سوائل عن طريق الفم,الامتناع عن اعطاء اي اطعمه او سوايل عن طريق الفم,Treatment,"""الامتناع عن تناول الطعام""]|[""الامتناع عن اعطاء أي أطعمة أو سوائل عن طريق الفم""|الامتناع عن اعطاء أي أطعمة أو سوائل عن طريق الفم",0.0,,
ent_merge_002031,الانجح,الانجح,Treatment,"[""الانجح""]|الانجح",0.0,,
ent_merge_002032,الاندرال,الاندرال,Treatment,"""اندرال""]|[""الاندرال""|الاندرال",0.0,,
ent_merge_002033,الانعاش,الانعاش,Treatment,"""التنفس الصناعي""]|[""الانعاش""|الانعاش",0.0,,
ent_merge_002034,الانعاش القلبي,الانعاش القلبي,Treatment,"[""الانعاش القلبي""]|الانعاش القلبي",0.0,,
ent_merge_002035,الايزوتريتينوين,الايزوتريتينوين,Treatment,"[""الايزوتريتينوين""]|الايزوتريتينوين",0.0,,
ent_merge_002036,البروفين,البروفين,Treatment,"[""البروفين""]|البروفين",0.0,,
ent_merge_002037,البريمولوت ن,البريمولوت ن,Treatment,"[""البريمولوت ن""]|البريمولوت ن",0.0,,
ent_merge_002038,البقوليات,البقوليات,Treatment,"[""البقوليات""]|البقوليات",0.0,,
ent_merge_002039,التبرع بالدم,التبرع بالدم,Treatment,"""التبرع بالدم""]|[""التبرع""|التبرع بالدم",0.0,,
ent_merge_002040,التروكسين,التروكسين,Treatment,"[""التروكسين""]|التروكسين",0.0,,
ent_merge_002041,التشخيص المبكر,التشخيص المبكر,Treatment,"[""التشخيص المبكر""]|التشخيص المبكر",0.0,,
ent_merge_002042,التغذية,التغذيه,Treatment,"""تغذية""]|[""التغذية""|التغذية",0.0,,
ent_merge_002043,التغذية بالأنبوب,التغذيه بالانبوب,Treatment,"""التغذية بالأنبوب""|""تغذية بالأنبوب""]|[""أنبوب""|التغذية بالأنبوب",0.0,,
ent_merge_002044,التفاح,التفاح,Treatment,"[""التفاح""]|التفاح",0.0,,
ent_merge_002045,التفريش,التفريش,Treatment,"""تفريش""]|[""التفريش""|التفريش",0.0,,
ent_merge_002046,التقيم,التقيم,Treatment,"""التقيم""]|[""الاخذ التاريخ""|التقيم",0.0,,
ent_merge_002047,التلقيح الاصطناعي,التلقيح الاصطناعي,Treatment,"""الحقن المجهري""]|[""التلقيح الاصطناعي""|التلقيح الاصطناعي",0.0,,
ent_merge_002048,التوتر النفسي,التوتر النفسي,Treatment,"[""التوتر النفسي""]|التوتر النفسي",0.0,,
ent_merge_002049,الجراح,الجراح,Treatment,"[""الجراح""]|الجراح",0.0,,
ent_merge_002050,الجراحة التجميلية,الجراحه التجميليه,Treatment,"[""الجراحة التجميلية""]|الجراحة التجميلية",0.0,,
ent_merge_002051,الجراحة العادية,الجراحه العاديه,Treatment,"[""الجراحة العادية""]|الجراحة العادية",0.0,,
ent_merge_002052,الجرعات الثلاثه,الجرعات الثلاثه,Treatment,"[""الجرعات الثلاثه""]|الجرعات الثلاثه",0.0,,
ent_merge_002053,الجرعة,الجرعه,Treatment,"""جرعة""]|[""الجرعة""|الجرعة",0.0,,
ent_merge_002054,الجماع,الجماع,Treatment,"[""الجماع""]|الجماع",0.0,,
ent_merge_002055,الجنين,الجنين,Treatment,"[""الجنين""]|الجنين",0.0,,
ent_merge_002056,الجوارب,الجوارب,Treatment,"[""الجوارب""]|الجوارب",0.0,,
ent_merge_002057,الجيب اللثوي,الجيب اللثوي,Treatment,"[""الجيب اللثوي""]|الجيب اللثوي",0.0,,
ent_merge_002058,الجينسينغ,الجينسينغ,Treatment,"[""الجينسينغ""]|الجينسينغ",0.0,,
ent_merge_002059,الحبوب منع الحمل,الحبوب منع الحمل,Treatment,"[""الحبوب منع الحمل""]|الحبوب منع الحمل",0.0,,
ent_merge_002060,الحديد,الحديد,Treatment,"""الفيتامين B12""|""الفيتامين B6""|""حمض الفوليك""]|[""الحديد""|الحديد",0.0,,
ent_merge_002061,الحقنة,الحقنه,Treatment,"""حقنة""]|[""الحقنة""|الحقنة",0.0,,
ent_merge_002062,الحقنه الشرجيه,الحقنه الشرجيه,Treatment,"[""الحقنه الشرجيه""]|الحقنه الشرجيه",0.0,,
ent_merge_002063,الحليب,الحليب,Treatment,"[""الحليب""]|الحليب",0.0,,
ent_merge_002064,الخس,الخس,Treatment,"[""الخس""]|الخس",0.0,,
ent_merge_002065,الخضار,الخضار,Treatment,"[""الخضار""]|الخضار",0.0,,
ent_merge_002066,الخضروات,الخضروات,Treatment,"[""الخضروات""]|الخضروات",0.0,,
ent_merge_002067,الدواد,الدواد,Treatment,"""دواد""|""دوادستون""]|[""الدواد""|الدواد",0.0,,
ent_merge_002068,الدوخة,الدوخه,Treatment,"[""الدوخة""]|الدوخة",0.0,,
ent_merge_002069,الديم,الديم,Treatment,"[""الديم""]|الديم",0.0,,
ent_merge_002070,الروتيكسيماب,الروتيكسيماب,Treatment,"""روتيكزيماب""]|[""الروتيكسيماب""|الروتيكسيماب",0.0,,
ent_merge_002071,السبع زيوت,السبع زيوت,Treatment,"[""السبع زيوت""]|السبع زيوت",0.0,,
ent_merge_002072,السوائل والأملاح,السوايل والاملاح,Treatment,"[""السوائل والأملاح""]|السوائل والأملاح",0.0,,
ent_merge_002073,السيبروكسين,السيبروكسين,Treatment,"[""السيبروكسين""]|السيبروكسين",0.0,,
ent_merge_002074,الشمس,الشمس,Treatment,"[""الشمس""]|الشمس",0.0,,
ent_merge_002075,الشمع,الشمع,Treatment,"[""الشمع""]|الشمع",0.0,,
ent_merge_002076,الصدمة الكهربائية,الصدمه الكهرباييه,Treatment,"[""الصدمة الكهربائية""]|الصدمة الكهربائية",0.0,,
ent_merge_002077,الصيام,الصيام,Treatment,"""الصيام""]|[""الصوم""|الصيام",0.0,,
ent_merge_002078,الضغط,الضغط,Treatment,"[""الضغط""]|الضغط",0.0,,
ent_merge_002079,الطبيب,الطبيب,Treatment,"""طبيب""]|[""الطبيب""|الطبيب",0.0,,
ent_merge_002080,الطعام,الطعام,Treatment,"[""الطعام""]|الطعام",0.0,,
ent_merge_002081,العدس,العدس,Treatment,"[""العدس""]|العدس",0.0,,
ent_merge_002082,العقاقير,العقاقير,Treatment,"""المهدئات""]|[""العقاقير""|العقاقير",0.0,,
ent_merge_002083,العقاقير المضادة للذهان,العقاقير المضاده للذهان,Treatment,"""عقاقير مضادة للذهان""]|""عقاقير""|[""العقاقير المضادة للذهان""|العقاقير المضادة للذهان",0.0,,
ent_merge_002084,العلاج,العلاج,Treatment,"[""العلاج""]|العلاج",0.0,,
ent_merge_002085,العلاج الجيني,العلاج الجيني,Treatment,"[""العلاج الجيني""]|العلاج الجيني",0.0,,
ent_merge_002086,العلاج المبكر,العلاج المبكر,Treatment,"[""العلاج المبكر""]|العلاج المبكر",0.0,,
ent_merge_002087,العلاج بالإبر الصينية,العلاج بالابر الصينيه,Treatment,"[""العلاج بالإبر الصينية""]|العلاج بالإبر الصينية",0.0,,
ent_merge_002088,العلاج بالجراحة,العلاج بالجراحه,Treatment,"[""العلاج بالجراحة""]|العلاج بالجراحة",0.0,,
ent_merge_002089,العمليات,العمليات,Treatment,"""عملية""]|[""العمليات""|العمليات",0.0,,
ent_merge_002090,العمليات القلبية المفتوحة,العمليات القلبيه المفتوحه,Treatment,"""عمليات قلبية مفتوحة""]|[""العمليات القلبية المفتوحة""|العمليات القلبية المفتوحة",0.0,,
ent_merge_002091,الغذاء,الغذاء,Treatment,"[""الغذاء""]|الغذاء",0.0,,
ent_merge_002092,الفواكة,الفواكه,Treatment,"[""الفواكة""]|الفواكة",0.0,,
ent_merge_002093,الفياغرا,الفياغرا,Treatment,"[""الفياغرا""]|الفياغرا",0.0,,
ent_merge_002094,القات,القات,Treatment,"""نبتة القات""]|[""القات""|القات",0.0,,
ent_merge_002095,الكحول,الكحول,Treatment,"[""الكحول""]|الكحول",0.0,,
ent_merge_002096,الكركم,الكركم,Treatment,"[""الكركم""]|الكركم",0.0,,
ent_merge_002097,الكورتيزونات,الكورتيزونات,Treatment,"[""الكورتيزونات""]|الكورتيزونات",0.0,,
ent_merge_002098,اللبانة,اللبانه,Treatment,"""اللبانة""]|[""العلكة""|اللبانة",0.0,,
ent_merge_002099,اللحوم,اللحوم,Treatment,"[""اللحوم""]|اللحوم",0.0,,
ent_merge_002100,اللعب,اللعب,Treatment,"""لعب""]|[""اللعب""|اللعب",0.0,,
ent_merge_002101,الماء,الماء,Treatment,"""ماء""]|[""الماء""|الماء",0.0,,
ent_merge_002102,الماء المالح,الماء المالح,Treatment,"[""الماء المالح""]|الماء المالح",0.0,,
ent_merge_002103,المخدر,المخدر,Treatment,"[""المخدر""]|المخدر",0.0,,
ent_merge_002104,المراجعة الطبيب الأسنان,المراجعه الطبيب الاسنان,Treatment,"""المراجعة الطبيب الأسنان وطبيب أذنية""]|[""المراجعة الطبيب الأسنان""|المراجعة الطبيب الأسنان",0.0,,
ent_merge_002105,المراجعة الطبيب المختص,المراجعه الطبيب المختص,Treatment,"""المراجعة الطبية""]|[""المراجعة الطبيب المختص""|المراجعة الطبيب المختص",0.0,,
ent_merge_002106,المراجعة الطبية,المراجعه الطبيه,Treatment,"[""المراجعة الطبية""]|المراجعة الطبية",0.0,,
ent_merge_002107,المركز العلاجي,المركز العلاجي,Treatment,"""مركز علاجي""]|[""المركز العلاجي""|المركز العلاجي",0.0,,
ent_merge_002108,المسبكات,المسبكات,Treatment,"[""المسبكات""]|المسبكات",0.0,,
ent_merge_002109,المطاعيم,المطاعيم,Treatment,"[""المطاعيم""]|المطاعيم",0.0,,
ent_merge_002110,المنشط,المنشط,Treatment,"""منشط""]|[""المنشط""|المنشط",0.0,,
ent_merge_002111,المنشطات,المنشطات,Treatment,"""منشطات""]|[""المنشطات""|المنشطات",0.0,,
ent_merge_002112,الناسور,الناسور,Treatment,"""عملية الناسور""]|[""الناسور""|الناسور",0.0,,
ent_merge_002113,النضاد الحيوي,النضاد الحيوي,Treatment,"[""النضاد الحيوي""]|النضاد الحيوي",0.0,,
ent_merge_002114,النظافة,النظافه,Treatment,"[""النظافة""]|النظافة",0.0,,
ent_merge_002115,النظافة اليومية,النظافه اليوميه,Treatment,"""نظافة يومية""]|[""النظافة اليومية""|النظافة اليومية",0.0,,
ent_merge_002116,النظام الغذائي,النظام الغذايي,Treatment,"""نظام غذائي صحي""]|""نظام غذائي""|[""النظام الغذائي""|النظام الغذائي",0.0,,
ent_merge_002117,النواقل,النواقل,Treatment,"[""النواقل""]|النواقل",0.0,,
ent_merge_002118,النوم جيداً,النوم جيداً,Treatment,"[""النوم جيداً""]|النوم جيداً",0.0,,
ent_merge_002119,النيكوتين,النيكوتين,Treatment,"[""النيكوتين""]|النيكوتين",0.0,,
ent_merge_002120,الوجبة الإفطار,الوجبه الافطار,Treatment,"[""الوجبة الإفطار""]|الوجبة الإفطار",0.0,,
ent_merge_002121,الورقيات,الورقيات,Treatment,"[""الورقيات""]|الورقيات",0.0,,
ent_merge_002122,انسلوين,انسلوين,Treatment,"[""انسلوين""]|انسلوين",0.0,,
ent_merge_002123,اورليستات,اورليستات,Treatment,"[""اورليستات""]|اورليستات",0.0,,
ent_merge_002124,أوميغا 3,اوميغا 3,Treatment,"[""أوميغا 3""]|أوميغا 3",0.0,,
ent_merge_002125,ايزومبرازول,ايزومبرازول,Treatment,"[""ايزومبرازول""]|ايزومبرازول",0.0,,
ent_merge_002126,بابونج,بابونج,Treatment,"[""بابونج""]|بابونج",0.0,,
ent_merge_002127,باندول فولت فاست,باندول فولت فاست,Treatment,"[""باندول فولت فاست""]|باندول فولت فاست",0.0,,
ent_merge_002128,بخاخات الماء والملح,بخاخات الماء والملح,Treatment,"[""بخاخات الماء والملح""]|بخاخات الماء والملح",0.0,,
ent_merge_002129,برامج رقية,برامج رقيه,Treatment,"[""برامج رقية""]|برامج رقية",0.0,,
ent_merge_002130,بروبايوتيك,بروبايوتيك,Treatment,"[""بروبايوتيك""]|بروبايوتيك",0.0,,
ent_merge_002131,بريمارين,بريمارين,Treatment,"[""بريمارين""]|بريمارين",0.0,,
ent_merge_002132,بكتيفلوكس,بكتيفلوكس,Treatment,"[""بكتيفلوكس""]|بكتيفلوكس",0.0,,
ent_merge_002133,بلافكس,بلافكس,Treatment,"[""بلافكس""]|بلافكس",0.0,,
ent_merge_002134,بنسيلين,بنسيلين,Treatment,"[""بنسيلين""]|بنسيلين",0.0,,
ent_merge_002135,بيفاسيزوماب,بيفاسيزوماب,Treatment,"[""بيفاسيزوماب""]|بيفاسيزوماب",0.0,,
ent_merge_002136,تاخدي,تاخدي,Treatment,"[""تاخدي""]|تاخدي",0.0,,
ent_merge_002137,تبديل الصمامات,تبديل الصمامات,Treatment,"""تبديل صمام""]|[""تبديل الصمامات""|تبديل الصمامات",0.0,,
ent_merge_002138,تبييض,تبييض,Treatment,"""لصقات""]|[""تبييض""|تبييض",0.0,,
ent_merge_002139,تجنب المنتجات التي تحوي جلوتين,تجنب المنتجات التي تحوي جلوتين,Treatment,"[""تجنب المنتجات التي تحوي جلوتين""]|تجنب المنتجات التي تحوي جلوتين",0.0,,
ent_merge_002140,تدليك القلب,تدليك القلب,Treatment,"[""تدليك القلب""]|تدليك القلب",0.0,,
ent_merge_002141,تستيرون,تستيرون,Treatment,"[""تستيرون""]|تستيرون",0.0,,
ent_merge_002142,تطويل العظم,تطويل العظم,Treatment,"[""تطويل العظم""]|تطويل العظم",0.0,,
ent_merge_002143,تقوية المناعة,تقويه المناعه,Treatment,"[""تقوية المناعة""]|تقوية المناعة",0.0,,
ent_merge_002144,تنظيف اللثة,تنظيف اللثه,Treatment,"""نظافة اللثة""]|[""تنظيف اللثة""|تنظيف اللثة",0.0,,
ent_merge_002145,توبيراميت,توبيراميت,Treatment,"""توبيراميت""|""كورتيزون""]|[""اسبرين""|توبيراميت",0.0,,
ent_merge_002146,تيليفاست,تيليفاست,Treatment,"""مضاد للهيستامين""]|[""تيليفاست""|تيليفاست",0.0,,
ent_merge_002147,ثلج,ثلج,Treatment,"[""ثلج""]|ثلج",0.0,,
ent_merge_002148,ثيروكسين,ثيروكسين,Treatment,"""ثيروكسين""]|[""levothyrox25""|ثيروكسين",0.0,,
ent_merge_002149,جراح التجميل,جراح التجميل,Treatment,"""جراح التجميل""]|[""جراح""|جراح التجميل",0.0,,
ent_merge_002150,جراح عظام,جراح عظام,Treatment,"""جراح عظام""]|[""جراح""|جراح عظام",0.0,,
ent_merge_002151,جراحة عامة,جراحه عامه,Treatment,"""جراحة عامة""]|[""جراح""|جراحة عامة",0.0,,
ent_merge_002152,جهاز هولتر,جهاز هولتر,Treatment,"[""جهاز هولتر""]|جهاز هولتر",0.0,,
ent_merge_002153,حبه امادول,حبه امادول,Treatment,"[""حبه امادول""]|حبه امادول",0.0,,
ent_merge_002154,حبوب الأسبرين,حبوب الاسبرين,Treatment,"[""حبوب الأسبرين""]|حبوب الأسبرين",0.0,,
ent_merge_002155,حبوب الفاصوليا,حبوب الفاصوليا,Treatment,"[""حبوب الفاصوليا""]|حبوب الفاصوليا",0.0,,
ent_merge_002156,حبوب اوميجا 3,حبوب اوميجا 3,Treatment,"[""حبوب اوميجا 3""]|حبوب اوميجا 3",0.0,,
ent_merge_002157,حبوب تخسيس الوزن,حبوب تخسيس الوزن,Treatment,"""ماجريم""]|[""حبوب تخسيس الوزن""|حبوب تخسيس الوزن",0.0,,
ent_merge_002158,حبوب حامض الفوليك,حبوب حامض الفوليك,Treatment,"[""حبوب حامض الفوليك""]|حبوب حامض الفوليك",0.0,,
ent_merge_002159,حبوب ديفلوكان,حبوب ديفلوكان,Treatment,"[""حبوب ديفلوكان""]|حبوب ديفلوكان",0.0,,
ent_merge_002160,حبوب مانعه للحمل,حبوب مانعه للحمل,Treatment,"[""حبوب مانعه للحمل""]|حبوب مانعه للحمل",0.0,,
ent_merge_002161,حبوب مغنيسيوم,حبوب مغنيسيوم,Treatment,"[""حبوب مغنيسيوم""]|حبوب مغنيسيوم",0.0,,
ent_merge_002162,حجامة,حجامه,Treatment,"[""حجامة""]|حجامة",0.0,,
ent_merge_002163,حرمل,حرمل,Treatment,"""حرمل""]|[""بيغانوم""|حرمل",0.0,,
ent_merge_002164,حشوة,حشوه,Treatment,"""حشوة الأسنان""]|[""حشوة""|حشوة",0.0,,
ent_merge_002165,حليب الام,حليب الام,Treatment,"[""حليب الام""]|حليب الام",0.0,,
ent_merge_002166,حليب مكسر بروتين الحليب,حليب مكسر بروتين الحليب,Treatment,"[""حليب مكسر بروتين الحليب""]|حليب مكسر بروتين الحليب",0.0,,
ent_merge_002167,حمض الفوليك,حمض الفوليك,Treatment,"""حمض الفوليك""]|[""Folic acid""|حمض الفوليك",0.0,,
ent_merge_002168,خافض حراره,خافض حراره,Treatment,"[""خافض حرارة""]|خافض حراره",0.0,,
ent_merge_002169,خلطة الريحان و الروزماري,خلطه الريحان و الروزماري,Treatment,"[""خلطة الريحان و الروزماري""]|خلطة الريحان و الروزماري",0.0,,
ent_merge_002170,خلطة العسل والفوقص الحوصلي والغذاء الملكي والعكبر والقسط الهندي,خلطه العسل والفوقص الحوصلي والغذاء الملكي والعكبر والقسط الهندي,Treatment,"[""خلطة العسل والفوقص الحوصلي والغذاء الملكي والعكبر والقسط الهندي""]|خلطة العسل والفوقص الحوصلي والغذاء الملكي والعكبر والقسط الهندي",0.0,,
ent_merge_002171,دكتور جهاز هضمي,دكتور جهاز هضمي,Treatment,"[""دكتور جهاز هضمي""]|دكتور جهاز هضمي",0.0,,
ent_merge_002172,دواء اخر,دواء اخر,Treatment,"[""دواء اخر""]|دواء اخر",0.0,,
ent_merge_002173,دواء الpradaxa,دواء الpradaxa,Treatment,"[""دواء الpradaxa""]|دواء الpradaxa",0.0,,
ent_merge_002174,دواء تلفاست أ سيرين,دواء تلفاست ا سيرين,Treatment,"[""دواء تلفاست أ سيرين""]|دواء تلفاست أ سيرين",0.0,,
ent_merge_002175,دوكسي صيكلين,دوكسي صيكلين,Treatment,"[""دوكسي صيكلين""]|دوكسي صيكلين",0.0,,
ent_merge_002176,دومبيريدون,دومبيريدون,Treatment,"[""دومبيريدون""]|دومبيريدون",0.0,,
ent_merge_002177,ديكسا ميثازون,ديكسا ميثازون,Treatment,"[""ديكسا ميثازون""]|ديكسا ميثازون",0.0,,
ent_merge_002178,روفسوفاستاتين,روفسوفاستاتين,Treatment,"[""روفسوفاستاتين""]|روفسوفاستاتين",0.0,,
ent_merge_002179,زراعة,زراعه,Treatment,"""زراعة السن""]|[""زراعة""|زراعة",0.0,,
ent_merge_002180,زراعة الشعر,زراعه الشعر,Treatment,"""زراعة الشعر""]|[""العلاج بالليزر""|زراعة الشعر",0.0,,
ent_merge_002181,زنت,زنت,Treatment,"[""زنت""]|زنت",0.0,,
ent_merge_002182,زيت الحبة السوداء,زيت الحبه السوداء,Treatment,"[""زيت الحبة السوداء""]|زيت الحبة السوداء",0.0,,
ent_merge_002183,زيت الحنظل,زيت الحنظل,Treatment,"[""زيت الحنظل""]|زيت الحنظل",0.0,,
ent_merge_002184,زيت اللوز المر,زيت اللوز المر,Treatment,"[""زيت اللوز المر""]|زيت اللوز المر",0.0,,
ent_merge_002185,زيثروكان,زيثروكان,Treatment,"[""زيثروكان""]|زيثروكان",0.0,,
ent_merge_002186,سباستال,سباستال,Treatment,"[""سباستال""]|سباستال",0.0,,
ent_merge_002187,سيبروفلوكساسين,سيبروفلوكساسين,Treatment,"[""سيبروفلوكساسين""]|سيبروفلوكساسين",0.0,,
ent_merge_002188,سيبوترامين,سيبوترامين,Treatment,"""سليماكس""|""سيبوترامين""|""سيبوترم""|""ميريديا""]|[""دايت ماكس""|سيبوترامين",0.0,,
ent_merge_002189,سيرازيت,سيرازيت,Treatment,"[""سيرازيت""]|سيرازيت",0.0,,
ent_merge_002190,شاي الأعشاب,شاي الاعشاب,Treatment,"""البابونج""|""البرتقال""|""البليلة""|""الخردل""|""الخزام""|""الزعتر""|""الزيتون""|""الفاليريانا""|""الكركديه""|""الكنيدولا""|""اللافندر""|""المردقوش""|""المريمية""|""الملفوف""|""النارنج""|""النعناع""|""الهندباء البرية""|""اليانسون""|""بقلة يوحنا""|""جنين القمح""|""شاي الأعشاب""|""كافاكافا""]|[""أكليل الجبل""|شاي الأعشاب",0.0,,
ent_merge_002191,شراب ECHINACEA,شراب echinacea,Treatment,"[""شراب ECHINACEA""]|شراب ECHINACEA",0.0,,
ent_merge_002192,عسل ملكات النحل,عسل ملكات النحل,Treatment,"[""عسل ملكات النحل""]|عسل ملكات النحل",0.0,,
ent_merge_002193,علاج تساقط الشعر بالأعشاب,علاج تساقط الشعر بالاعشاب,Treatment,"[""علاج تساقط الشعر بالأعشاب""]|علاج تساقط الشعر بالأعشاب",0.0,,
ent_merge_002194,علاج نقص الكريات البيضاء,علاج نقص الكريات البيضاء,Treatment,"[""علاج نقص الكريات البيضاء""]|علاج نقص الكريات البيضاء",0.0,,
ent_merge_002195,عمليه توسيع,عمليه توسيع,Treatment,"[""عمليه توسيع""]|عمليه توسيع",0.0,,
ent_merge_002196,عملية فتق اربي,عمليه فتق اربي,Treatment,"""عملية فتق اربي""]|[""عملية فتق""|عملية فتق اربي",0.0,,
ent_merge_002197,عمليه قلب مفتوح,عمليه قلب مفتوح,Treatment,"[""عمليه قلب مفتوح""]|عمليه قلب مفتوح",0.0,,
ent_merge_002198,عمليه نقل شريان,عمليه نقل شريان,Treatment,"[""عمليه نقل شريان""]|عمليه نقل شريان",0.0,,
ent_merge_002199,فاندسيدار,فاندسيدار,Treatment,"[""فاندسيدار""]|فاندسيدار",0.0,,
ent_merge_002200,فجل أبيض,فجل ابيض,Treatment,"""فجل أبيض""]|[""الجمل الأبيض""|فجل أبيض",0.0,,
ent_merge_002201,فروتا,فروتا,Treatment,"""فروتا 5 مل""]|[""فروتا""|فروتا",0.0,,
ent_merge_002202,فغر الرغامى,فغر الرغامي,Treatment,"[""فغر الرغامى""]|فغر الرغامى",0.0,,
ent_merge_002203,فول,فول,Treatment,"""فول المخمر""]|[""فول""|فول",0.0,,
ent_merge_002204,فيتاسيد فوار,فيتاسيد فوار,Treatment,"[""فيتاسيد فوار""]|فيتاسيد فوار",0.0,,
ent_merge_002205,فيتامين (أ),فيتامين (ا),Treatment,"""فيتامين أ""]|[""فيتامين (أ)""|فيتامين (أ)",0.0,,
ent_merge_002206,فيتامين B12,فيتامين b12,Treatment,"[""فيتامين B12""]|فيتامين B12",0.0,,
ent_merge_002207,فيتامين بوليفيتال,فيتامين بوليفيتال,Treatment,"[""فيتامين بوليفيتال""]|فيتامين بوليفيتال",0.0,,
ent_merge_002208,فيتامين ب١٢,فيتامين ب١٢,Treatment,"[""فيتامين ب١٢""]|فيتامين ب١٢",0.0,,
ent_merge_002209,فيتامين-د-,فيتامين-د-,Treatment,"[""فيتامين-د-""]|فيتامين-د-",0.0,,
ent_merge_002210,قرص مانع الحمل,قرص مانع الحمل,Treatment,"[""قرص مانع الحمل""]|قرص مانع الحمل",0.0,,
ent_merge_002211,كاربيمازول,كاربيمازول,Treatment,"""كاربيمازول""]|[""carbimazole""|كاربيمازول",0.0,,
ent_merge_002212,كالسيوم,كالسيوم,Treatment,"[""كالسيوم""]|كالسيوم",0.0,,
ent_merge_002213,كربونات الصودا,كربونات الصودا,Treatment,"[""كربونات الصودا""]|كربونات الصودا",0.0,,
ent_merge_002214,كريستور,كريستور,Treatment,"[""كريستور""]|كريستور",0.0,,
ent_merge_002215,كلوفينال,كلوفينال,Treatment,"[""كلوفينال""]|كلوفينال",0.0,,
ent_merge_002216,كليمين,كليمين,Treatment,"[""كليمين""]|كليمين",0.0,,
ent_merge_002217,كي حبة,كي حبه,Treatment,"[""كي حبة""]|كي حبة",0.0,,
ent_merge_002218,لوسنتيس,لوسنتيس,Treatment,"[""لوسنتيس""]|لوسنتيس",0.0,,
ent_merge_002219,ليدوكون,ليدوكون,Treatment,"[""ليدوكون""]|ليدوكون",0.0,,
ent_merge_002220,مادة البوتاس الحارقة,ماده البوتاس الحارقه,Treatment,"[""مادة البوتاس الحارقة""]|مادة البوتاس الحارقة",0.0,,
ent_merge_002221,مختبرات,مختبرات,Treatment,"[""مختبرات""]|مختبرات",0.0,,
ent_merge_002222,مختبرات خاصة,مختبرات خاصه,Treatment,"[""مختبرات خاصة""]|مختبرات خاصة",0.0,,
ent_merge_002223,مختبرات وزارة الصحة,مختبرات وزاره الصحه,Treatment,"[""مختبرات وزارة الصحة""]|مختبرات وزارة الصحة",0.0,,
ent_merge_002224,مدد حيوي,مدد حيوي,Treatment,"[""مدد حيوي""]|مدد حيوي",0.0,,
ent_merge_002225,مدر بول,مدر بول,Treatment,"[""مدر بول""]|مدر بول",0.0,,
ent_merge_002226,مراجعة,مراجعه,Treatment,"""مراجعة إختصاصي""]|[""مراجعة""|مراجعة",0.0,,
ent_merge_002227,مراجعة اخصائية النسائية,مراجعه اخصاييه النساييه,Treatment,"[""مراجعة اخصائية النسائية""]|مراجعة اخصائية النسائية",0.0,,
ent_merge_002228,مراقبة ضغط الدم,مراقبه ضغط الدم,Treatment,"[""مراقبة ضغط الدم""]|مراقبة ضغط الدم",0.0,,
ent_merge_002229,مرحم الفوسيدين,مرحم الفوسيدين,Treatment,"[""مرحم الفوسيدين""]|مرحم الفوسيدين",0.0,,
ent_merge_002230,مركب دعامة عادية,مركب دعامه عاديه,Treatment,"""مركب دعامة عادية""]|[""دعامة عادية""|مركب دعامة عادية",0.0,,
ent_merge_002231,مرهم زايلوكائين,مرهم زايلوكايين,Treatment,"""مرهم زايلوكائين جل""]|[""مرهم زايلوكائين""|مرهم زايلوكائين",0.0,,
ent_merge_002232,مرهم مايكونازول,مرهم مايكونازول,Treatment,"[""مرهم مايكونازول""]|مرهم مايكونازول",0.0,,
ent_merge_002233,مرهم مضاد الحروق,مرهم مضاد الحروق,Treatment,"""مرهم مضاد الحروق""]|[""مرهم""|مرهم مضاد الحروق",0.0,,
ent_merge_002234,مسكن الم,مسكن الم,Treatment,"[""مسكن الم""]|مسكن الم",0.0,,
ent_merge_002235,مسكن للالم,مسكن للالم,Treatment,"[""مسكن للالم""]|مسكن للالم",0.0,,
ent_merge_002236,مضادات الالتهاب,مضادات الالتهاب,Treatment,"[""مضادات الالتهاب""]|مضادات الالتهاب",0.0,,
ent_merge_002237,مضادات الصرع,مضادات الصرع,Treatment,"[""مضادات الصرع""]|مضادات الصرع",0.0,,
ent_merge_002238,مضادات الفيروسات,مضادات الفيروسات,Treatment,"[""مضادات الفيروسات""]|مضادات الفيروسات",0.0,,
ent_merge_002239,مضادات القلق,مضادات القلق,Treatment,"[""مضادات القلق""]|مضادات القلق",0.0,,
ent_merge_002240,مكامدات باردة,مكامدات بارده,Treatment,"[""مكامدات باردة""]|مكامدات باردة",0.0,,
ent_merge_002241,مكمل غدائي,مكمل غدايي,Treatment,"""مكمل غدائي""|""مكمل غدائيي""]|[""MG 180 lITHOGINKGO""|مكمل غدائي",0.0,,
ent_merge_002242,ملينات,ملينات,Treatment,"[""ملينات""]|ملينات",0.0,,
ent_merge_002243,منظار قنوات مرارية الف سلامة,منظار قنوات مراريه الف سلامه,Treatment,"""منظار قنوات مرارية الف سلامة""]|[""منظار""|منظار قنوات مرارية الف سلامة",0.0,,
ent_merge_002244,موزة كبيرة,موزه كبيره,Treatment,"[""موزة كبيرة""]|موزة كبيرة",0.0,,
ent_merge_002245,ميترونيدازول,ميترونيدازول,Treatment,"[""ميترونيدازول""]|ميترونيدازول",0.0,,
ent_merge_002246,نازونكس,نازونكس,Treatment,"[""نازونكس""]|نازونكس",0.0,,
ent_merge_002247,نصف حبة,نصف حبه,Treatment,"[""نصف حبة""]|نصف حبة",0.0,,
ent_merge_002248,نقص فيتامين (ب12),نقص فيتامين (ب12),Treatment,"[""نقص فيتامين (ب12)""]|نقص فيتامين (ب12)",0.0,,
ent_merge_002249,نكسوم 20 mg,نكسوم 20 mg,Treatment,"[""نكسوم 20 mg""]|نكسوم 20 mg",0.0,,
ent_merge_002250,نكسيوم,نكسيوم,Treatment,"[""نكسيوم""]|نكسيوم",0.0,,
ent_merge_002251,نيوروتين,نيوروتين,Treatment,"[""نيوروتين""]|نيوروتين",0.0,,
ent_merge_002252,هيبارين,هيبارين,Treatment,"[""هيبارين""]|هيبارين",0.0,,
ent_merge_002253,وارفارين,وارفارين,Treatment,"[""وارفارين""]|وارفارين",0.0,,
