question,answer,entity_type,canonical_name
لدى الم فى اسفل راسى ورقبتى والم فى اسنانى حيث ان اخر دروس العقل يظهر وشاهدت اللثه بها التهاب هل سبب الم الراس والرقبه يمكن ان يكون ورائه الم الاسنان,احتمال وارد وقد يترافق مع أسباب أخرى من المفضل استشارة طبيب أسنان بالفحص السرير ي والشعاعي ليتم التشخيص أو قد يلزم استعانة أخصائي آخر حسب ما تطلبه الحالة,DiseaseCondition,التهاب
هل يفيد مسحوق العرقسوس في حالة البحة الصوتية؟ وبشكل عام ما هي فوائد عرق السوس واضراره؟,"نعم، يُعتقد أن عرق السوس يساهم في التخفيف من أعراض التهاب الحلق والحنجرة، مما يساهم بدوره في التخفيف من أعراض بحة الصوت، أما بالنسبة لفوائد عرق السوس على الصحة بشكل عام فقد تتضمن الآتي:

مضاد للالتهابات: يحتوي عرق السوس على مركبات نباتية لها خصائص مضادة للالتهابات، والتي يمكن أن تساعد في تخفيف الالتهابات في الجسم، مثل التهاب الحلق، والتهاب المفاصل، والتهاب الجلد.
مسكن للألم: يحتوي عرق السوس أيضًا على مركبات نباتية لها خصائص مسكنة للألم، والتي يمكن أن تساعد في تخفيف الآلام الخفيفة إلى المتوسطة، مثل الصداع، وآلام الأسنان، وآلام العضلات.
مضاد للأكسدة: يحتوي عرق السوس على مركبات نباتية لها خصائص مضادة للأكسدة، والتي يمكن أن تساعد في حماية الجسم من تلف الخلايا الناجم عن الجذور الحرة.
منشط للجهاز المناعي: يحتوي عرق السوس على مركبات نباتية يمكن أن تساعد في تعزيز الجهاز المناعي، مما قد يساعد في الوقاية من العدوى.
مفيد لصحة الجهاز الهضمي: يحتوي عرق السوس على مركبات نباتية يمكن أن تساعد في تخفيف الإمساك، وتحسين الهضم، وحماية المعدة والأمعاء من التلف.
مفيد لصحة القلب والأوعية الدموية: يحتوي عرق السوس على مركبات نباتية يمكن أن تساعد في خفض ضغط الدم، وتحسين صحة الأوعية الدموية، وحماية القلب من الأمراض.
مفيد لصحة الكبد: يحتوي عرق السوس على مركبات نباتية يمكن أن تساعد في حماية الكبد من التلف، وتحسين وظائف الكبد.

أما بالنسبة لأضرار عرق السوس على الجسم فإنها قد تظهر نتيجة الإفراط في استخدام عرق السوس أو استخدام عرق السوس من قبل بعض الأشخاص الذين يتناولون بعض الأدوية أو يعانون من بعض الأمراض المزمنة، وقد تتضمن أضرار عرق السوس الآتي:

ارتفاع ضغط الدم: يمكن أن يؤدي تناول عرق السوس بكميات كبيرة إلى ارتفاع ضغط الدم، وخاصةً لدى الأشخاص الذين يعانون من ارتفاع ضغط الدم بالفعل.
انخفاض مستويات البوتاسيوم: يمكن أن يؤدي تناول عرق السوس بكميات كبيرة إلى انخفاض مستويات البوتاسيوم في الجسم، مما قد يؤدي إلى مشاكل في القلب، والعضلات، والجهاز العصبي.
احتباس السوائل: يمكن أن يؤدي تناول عرق السوس بكميات كبيرة إلى احتباس السوائل في الجسم، مما قد يؤدي إلى تورم، وزيادة الوزن، ومشاكل في القلب.

للمزيد:

ما هي أهم فوائد عرق السوس للشعر والصحة العامة
عرق السوس والسكري فوائد مواد فعالة واثار جانبية",Treatment,عرق السوس
قعدت تقريبا سنة ما بقدر امشي لحالي لازم حدا يمسك ايدي لاني كنت عامل عملية لورم على جذع الدماغ انا بداية مرضي كنت بمشي بصعوبة جدا فكنت محتاجة لحدا يساعدني...,ابدئي بالتمرين على الاستقلال والمشي وحدك، يمكن أن تحاولي في البداية الاستعانة بالمشاية walker ثم تستغنين عنها بعد حين، ولكن البداية هي الاستقلال النفسي والاقتناع بقدرتك الذاتية، ثم الإصرار عليها والمتابعة حتى الاستقلال الكلي. تماماً مثل السياسة.مع تمنياتي بالشفاء.,Treatment,مشاية
أحس بنبض قوي في بطني فوق السرة وتحت عظام الصدر ويزيد بعد الأكل وبعد أي جد عضلي مع حرقان ؟؟ ما السبب ؟؟,يبدو أن عندك إلتهاب بسيط في جدار المعدة، والأسباب معظمها غير معروف ، ولكن هناك التدخين وبعض الأدوية مثل الأسبرين ،وتناول الحوامص والحار . العلاج : تناول مضادات الحموضة ومضادات للتقلص ومهدئات للامعاء، ومضادات حيوية لجرثومة الهيليكوباكتر في حال وجودها بالاضافة إلى تجنب الأطعمة الحارة والحوامض والمشروبات الغازية والبهارات وزبادة عدد الوجبات وتقليل كمية الأكل، والأكل ببطء ومضغ الطعام جيدا وتجنب العلكة والدخان ، وعدم الاضطجاع أثناء أو بعد الأكل,Treatment,تناول مضادات الحموضة
"السلام عليكم. علاج السواد الرقبه والشيب المبكر؟
أفيدوني بارك الله فيكم",بالنسبة للأماكن الداكنة بالرقبة ... يجب الاهتمام بنظافة الرقبة و جفافها من العرق ... كما يجب تجنب التعرض لضوء النهار ... هذه أهم خطوة لتجنب اسمرار البشرة فى هذه المنطقة يمكن استخدام بعض كريمات التفتيح بعد استشارة الطبيب أما شيب الشعر ...فربما يكون علاجه صعبا ... و يمكن فقط طمس اللون باستخدام الصبغة المناسبة او الحناء,DiseaseCondition,الشيب
انا عمري 23 سنه وكنت امارس العاده السريه منذ 3 شهرور تقريبا ولاكن ليسا باستمرار .وانا خائفه جدا لان دورتي انقطاعت منذ شهر ولاكن في نفس يوم الدوره احسست بالاعراض...,هناك عده اسباب لعدم انتظام الدوره الشهريه ومنها  ١. القلق والتوتر ٢. خلل في النظام الغذائي ٣. تكيس على المبايض ٤.خلل في هرمونات الجسم مثل : ١.زياده في هرمون الحليب ٢. خلل في هرمونات الغده النخاميه ٣. خلل في الهرمونات التي تفرزها الغده الدرقيه، والهيبوثلامس ٤. ارتفاع في الهرمون الذكري  لذلك انصحك بمراجعه اخصائي نسائيه لاجراء الفحوصات الهرمونيه اللازمه وكذلك فحص بجهاز الموجات الفوق صوتيه للرحم والمبايض لتشخيص حالتك.,Symptom,القلق
كيفية تصغير الثدى ؟؟,"شد الصدر ورفعه بواسطة عملية جراحية تجميلية عند اختصاصي جراحة التجميل ، ففي حالة كبر حجمه وترهله وارتخائه لأسفل تجرى له
جراحة تصغير و شد او تجميل الثدي
فكرة العملية:
تقليل حجم الثدى ورفعة إما بأزالة الجلد الزائد أو الدهن الزائد أو كليهما
زمن العملية:ساعة إلى ثلاث ساعات
 اسباب العمليه:
كبر حجم الثدى و سقوطه قد يؤدى لآلام بالظهر والكتيفين و مشاكل فى الملابس المناسبة و مشاكل نفسية لدى المرأة يتم أزالة جزء من الجلد لرفع الثدى يتم أزالة جزء من الدهن والجلد لتقليل حجم الثدى بعد العملية:تختفى هذه المشاكل كلها مقابل ندبة أسفل الثدى
وأما إذا كان حجم الثدي صغيرا فيحتاج إلى عملية تكبير ورفع وعملية التكبير تتم بحقن الثدي بالماء المالح أو بالسيليكون",Treatment,جراحة تجميلية
كيف يمكن شد الجلد المترهل في منطقه البطن مع العلم ان الوزن مناسب؟,يمكن شده بممارسة الرياضة أو بالجراحة التجميلية.راجعي اختصاصي تجميل.,Treatment,الجراحة التجميلية
هل زوتريم اقل فى الاعراض الجانبية فى التخسيس وهل عند ايقاف الكورس يعود الوزن مرة اخرى ؟ وشكرا,من الاثار الجانبية لزوتريم هي فقدان الشهية، ارتفاع ضغط الدم، والعصبية، والتوتر والهزات، والإسهال، والغثيان، ومشاكل في المعدة، وسلس البول، والجفاف، وربما التفاعلات مع بعض الأدوية والوصفات الطبية. ولنتائج أكثر إيجابية يجب دمجها مع تمارين بدنية منتظمة و تقليل الطعام كي لا يعود الوزن الذي تم فقده في حالة التوقف عن اخذه ولا يجب تناوله دون استشارة الطبيب,Treatment,زوتريم
هل الاولاد الذين يولدون بعد سبعة اشهر من الحمل يكونون معرضون للعقم فى الكبر ؟,يرجى تحويل السؤال لإختصاصي أمراض النسائية,DiseaseCondition,العقم
ما هي مضار الصوف الصخري عند لمسه و استنشاقه؟,"يستخدم الصوف الصخري في عزل البناء، ويتم انتاجه عن طريق أكاسيد معدنية وطبيعية. يتعرض العمال والأشخاص الذين يتعاملون معه بشكل كبير إلى أضراره والتي تحدث خلال فترة زمنية قصيرة (بالإنجليزية: Acute) أو فترة زمينة طويلة (بالإنجليزية: Chronic). 
فمن أضرار الصوف الصخري على الإنسان والتي تحدث عند ملامسته مباشرة ما يلي: 

تهيج واحمرار في الجلد والعينين: يؤدي تعرض للصوف الصخري في بعض الأحيان إلى التهاب الجلد والعينين، حيث تظهر الأعراض التالية: حكة، واحمرار، وتقشر، وظهور فقاعات مائية، وغيرها من التغيرات الجلدية. 
تهيج الجهاز التنفسي: يمكن أن تظهر بعض أعراض تهيج الجهاز التنفسي بعد استنشاق الصوف الصخري، مثل السعال، والتهاب الحلق، وحكة الأنف، واحتقان الأنف. 
الإصابة بالعدوى: قد تجرح الألياف الحادة من الصوف الصخري الجلد، وبالتالي يزيد من خطر دخول الجراثيم المسببة للعدوى. 

ومن أضرار الصوف الصخري على الإنسان والتي تحدث عند التعرض لفترات طويلة: 

زيادة من خطر الإصابة تليف الرئتين (بالإنجليزية: Lung fibrosis).
زيادة من خطر الإصابة بالتهاب الرئوي والتهاب الجنبي (بالإنجليزية: Pleural inflammation).
صنفت الوكالة الدولية لبحوث السرطان (IARC) الصوف الصخري كمادة غير مسببة للسرطان.
لا توجد دراسات كافية على تأثير الصوف الصخري على صحة الإنجاب.

لذا لمنع تعرض الجلد والجهاز التنفسي للصوف الصخري، وللتقليل من أضراره ينصح بأن يرتدي أولئك الذين يتعاملون مع الصوف الصخري قفازات واقية، وكمامة أو قناع مانع للاستنشاق، ونظارات واقية.
للمزيد:

أسباب وعلاج احمرار الجلد
تقشر الجلد: أسباب وعلاجات طبيعية
أشياء غير متوقعة تسبب حساسية الجلد

المراجع: 

Carcinogenicity of the insulation wools: Reassessment of the IARC evaluation
Health Hazards of Rockwool
Lung Cancer among Rock and Slag Wool Production Workers",DiseaseCondition,التهاب الجلد
اكل علك وابلعه هل يمكن ان يؤدي الى انسداد البلعوم؟,"بلع العلكة "" اللبانة "" عادةً لا يسبب مشاكل في البلعوم .. في حالات نادرة قد يسبب مشاكل إذا دخل إلى القصبات أو القصيبات الهوائية مثل الإختناق أو الإلتهابات الناتجة عن وجود جسم أجنبي فيها .. أما المشاكل الأخرى فهي ممكنة وتكون ناتجة عن صعوبات هضمية سواء في المعدة أو الأمعاء .. فهي تتكون من مواد صعبة الهضم .. لذلك أنصحك أن لا تقومي بذلك أبداً",DiseaseCondition,انسداد البلعوم
بعد فرك المهبل بقوة من خلال الاصابع اصبح هنالك انتفاخ واحمرار في الشفرتين وحرقة والم اثناء التبول فهل هذا يعني ان البكارة تمزق وانني لست عذراء ؟,لا. لم تتمزق.ولكن اصبح عندك التهاب وتلوث,DiseaseCondition,التهاب
نسبه فيتامين د 17 هل هذه النسبه قليله في الشهور الاولي من الحمل,خذي فيتامين D2000 يوميا,Test,نسبه فيتامين د
انا اعني من نزول كتل من الدم أثناء الدورة الشهرية هل في ذلك خطورة وماتفسير ذلك ، مع العلم انا لست متزوجة ...؟؟؟؟؟؟؟؟؟؟؟؟,هذا عادي ولا خطر منه.ولكن اعملي فحص قوة الدم,Test,فحص قوة الدم
عمري٣٣حامل الاسبوع١٢ وتبين لدي ورم او كيس داخل الرحم حجمه ٥*٦سم مكانه قاع الرحم ونحن لاجئين في تركيا و الاطباء هنا لا يتكلمون كثيرا و قالو عادي! هل يكتمل حملي...,"مراقبة الحمل كل اسبوعين حتى نهاية الشهر الرابع, ومتابعة الاطباء بعد ذلك عند الضرورة والا كل شهر لغاية الشهر السابع, ثم اسبوعيا او حسب برنامج الطبيب المعالج",DiseaseCondition,ورم
السلام عليكم ..اشعر بكتلة صغيرة لينة تحت الجلد اسفل الرأس اعلى الرقبة بحجم حبة الحمص عندما المسها اشعر بحرارة في المكان وتشنج قليل في الرقبة ولكن لا تؤلمني ومسببة لي...,أنا أظن أن هذه كتلة دهنية ولكن لا يمكن الجزم قبل المعاينة لذلك أنصحك بإستشارة طبيب.,DiseaseCondition,كتلة دهنية
تنظيف الجهاز التنفسي والرءه من النيكوتين,"التوقف عن التدخين بكل انواعه اولا ...
الابتعاد عن الاجواء الملوثة ...
أخذ علاج ال MUCOSOLVAN شراب ثلاث مرات يوميا على معدة فارغة لمدة ستة أشهر على ان يؤخذ في الأشهر الأخيرة علاج مرافق Expectorant 3 مرات يوميا وهذا سيؤدي لخروج اليلغم من القصبات
من الافضل تنشق الأكسجين نصف ساعة صباحا ... وتصف ساعة مساء والابقاء على تواصل مع الأخصائي ..",Treatment,MUCOSOLVAN
"ﻋﻨﺪﻣﺎ ﺃﻧﺎﻡ ﻋﻠﻰ ﺟﻨﺒﻲ ﺍﻷﻳﻤﻦ ﺗﻜﻮﻥ ﻓﺘﺤﺔ ﺍﻷﻧﻒ
ﺍﻟﻴﺴﺮﻯ ﻓﻘﻂ ﻫﻲ ﺍﻟﺘﻲ ﺗﻌﻤﻞ، ﻭﺍﻟﻌﻜﺲ ﻋﻨﺪﻣﺎ ﺃﻧﺎﻡ ﻋﻠﻰ ﺟﻨﺒﻲ ﺍﻷﻳﺴﺮ
ﺗﻜﻮﻥ ﻓﺘﺤﺖ ﺍﻷﻧﻒ ﺍﻟﻴﻤﻨﻰ ﻫﻴﺎ ﺍﻟﺘﻲ ﺗﻌﻤﻞ",من الطبيعي ان نشعر باغلاق وفتح الانف بشكل دوري ولكن اذا وصلت لدرجة الانزعاج فغالبا ما يكون بسبب الحساسيه الانفيه وتضخم القرنيات الانفيه,DiseaseCondition,الحساسيه الانفيه
هل يوجد شئ غير الخصيتين داخل كيس الصفن اشعر بشي غير الخصيتين داخل الكيس لا تسبب اى الم حتى بعد الضغط عليها ترى ماذا تكون ؟,"يحتوي كيس الصفن على:

الخصيتين
البربخ
الاوعية الناقلة للحيوانات المنوية
اوعية دموية

 
الشعور ب أي شيء آخر قد يكون بسبب:

 التهاب البربخ
توسع بالاوعية الدموية ما يسمى ب دوالي الخصية
كيس او كتلة

 
عليك ب مراجعة طبيب المسالك البولية، لاخد تاريخ مرضي، واجراء فحص سريري، و صورة تلفزونية (التراساوند).
 
للمزيد:

خمسة أسئلة يتحرج الرجال من سؤالها للطبيب
أمور تضر بصحة الحيوانات المنوية

المرجع:

Scrotum
Scrotum Masses",DiseaseCondition,دوالي الخصية
"السلام عليكم
دائما اشعر بنعاس حتى لو كنت نائمة فترة جيدة تقريبا 6 او 7 ساعات ما السبب وما االحل ؟؟
وشكرا الكم كتير","الأسباب الشائعة:
- النوم لفترات قصيرة.
- الأدوية والعقاقير (مهدئات- أقراص منومة- مضادات الهيستامين).
- اضطرابات النوم (مثل تقطع النفس أثناء النوم) أو الغفوات النومية.
- حالات طبية أخرى مثل ( خمول الغدة الدرقية - فرط كالسيوم الدم - فرط صوديوم الدم أو نقصه).
- علاج النعاس:
- العناية فى المنزل:
- ينبغى علاج الأسباب، بالنسبة للنعاس الذى يكون سببه الاكتئاب، القلق، الملل، الضغوط عليك بمحاولة حل المشكلة بدون اللجوء للمساعدة الطبية النتخصصة.
- أما إذا كان بسبب أحد الادوية أو العقاقير عليك بالتحدث إلى الطبيب الذى وصفه لك للتوقف عنه على الفور أو لتغييره (لا تفعل ذلك من نفسك أبداً).
- وإذا كان السبب السمنة أو نقص التهوية، فاللجوء إلى إنقاص الوزن هو علاج فى حد ذاته مع استشارة طبيب متخصص.
- وإذا كان النعاس بسبب خمول الغدة الدرقية أو فرط كالسيوم الدم أو فرط صوديوم الدم أو نقصه يعالجها الطبيب المتخصص كل شخص حسب حالته الصحية.",Symptom,النعاس
مولوده بشفه ارنبيه هل من الممكن انجب اطفال يعانون من نفس المشكله وكيف يمكن ان اتجنب عدم ولاده اطفال مصابين بالشفه الارنبيه,السبب بيئي وجيني على العموم-تجنب السجاير والدخان وبعض الامراض الفيروسيه -اما الاسباب الجينيه لها دور في الاسباب -ذالك يعني ان الفرصه للاصابه موجوده- التشخيص اثناء الحمل ممكن بعمل التراساوند واخصائي النسائه له دور في التشخيص والتصرف,Test,التراساوند
السلام عليكم،،عندي التهاب في اليد اليسرى و انتفاخ الان انا داخل في اليوم الرابع،رحت مستوصف قال التهاب في العصب وصرف لي دواء بروفين وحط لي مشد، والانتفاخ مستمر هل هو...,نعم نتيجة الالتهاب وتجمع السوائل فقط قم بوضع اليد بماء بارد لمدة 20 دقيقه ثم قم بوضع الضاغط وكرر العمليه 3 مرات باليوم,DiseaseCondition,التهاب في العصب
هل انتفاخ اصابع القدم و احيانا ازراق الاصابع عند وضع القدم دخل الماء الساخن او عند الجلوس لمدة طويلة او الوقوف لمدة طويلة امر عادي ؟ و لا أعاني من...,"تورم القدمين
هذه هي عادة مصدر ازعاج مؤقت وتكون إما بسبب الوقوف طويلا وخاصة إذا كنت حاملا. في المقابل ، يمكن أن يكون تورم القدمين علامة على حالة مرضية خطيرة فقد يكون السبب ضعف الدورة الدموية، أو مشكلة مع الجهاز الليمفاوي ، أو تجلط الدم , أو مشكلة بالكلي أو الغدة الدرقية
اما ازرقائها القدمين في الماء الساخن أظن ان هذه الحالة موجودة في الماء البارد لكن بالماء الساخن ممكن ان تنتفخ القدم وهذا طبيعي لحدوث توسع في الشرايين ام ازرقاء القدم فهو نتيجة تقلص في الشرايين ويكون هذا في الماء البارد او في فصل الشتاء",Symptom,تورم القدمين
"كم فنجان قهوة مسموح لي بالشرب يوميا ؟
علما باني طالبة ثانوية عامة واحتاجها للتركيز بدراستي","الكمية الموصى بهـــا 200 ملغم لكل يوم للأشخاص البالغين حسب الجمعية العامة للغذاء والدواء الأمريكية
ومن الجدير بالذكر أن الإكثار من تناول الكافيين أكثر من 400 ملغم يؤدي إلى :
- الأرق
- الهلع
- التهيج للأمعاء
- اضطراب المعدة
- سرعة ضربات القلب
- الهزل العام في العضلات",Treatment,قهوة
ما معنى المرض من ناحية علمية و نفسية,تحول عن حالة الصحة العادية، وبدقة أكثر فإن المرض هو المجموع الكلي للتفاعلات الجسدية والعقلية من قبل شخص تجاه عامل مؤذي يدخل جسمه من الخارج، أو ينشأ من الداخل (كالكائنات الدقيقة، أو السموم)، أو جرح، أو خلل خلقي، أو ولادي. او خلل استقلابي، او نقص في التغذية، أو عملية متنكسة. وتقسم الأمراض إلى معدية وغير معدية،وبائية وغير وبائية.,DiseaseCondition,المرض
"كان معايا الجرثومه الحلزونيه واتعالجت منها
لكن تعبت جدا
عملت منظار للمعده
لاقيت فى شرخ فى جدار المعده و تهتكات فى الحجاب الحاجزواشعر بالم وحرقان تحت القفص الصدرى.ماذا افعل؟",متابعة جادة مع الطبيب المعالج.,DiseaseCondition,شرخ فى جدار المعده
عمري 22 طالبة امتياز تمريض،أعاني من فترة طويله ألم بأكتافي ويثور عندما أعمل بيدي ولا أعلم مالسبب ،ارجو مساعدتكم,"في الاعمار الشابة هذه الالام سببها الرئيسب التهاب اوتار او شد عضلي , ينصح العمل على تقوية عضلات العنق والجذع , ينصح عمل صورة اشعة للعنق ومراجعة مركز علاج طبيعي",DiseaseCondition,التهاب اوتار
هل الهرمونات تسبب حساسيه في الجلد( مثل منطقة الصدر)؟؟؟,من الامراض التي تؤدي الى خلل هرموني وكذلك تغيرات جلديه هي ما يسمى بمتلازمه تكيس المبايض فبهذه الحاله نتيجه للارتفاع المفرط في الأنسولين و حالة مقاومة الانسولين، فهذا قد يؤدي الى زيادة بالوزن في الجزء العلوي من الجسم وكذلك تغيرات جلدية، مثل ظهور علامات في الجلد، أو ظهور بقع جلدية داكنة تحت الذراع أو على الرقبة أو في أعلى الفخذ و منطقة الأعضاء التناسلية.,DiseaseCondition,متلازمه تكيس المبايض
هل خلط إبرة dexon مع safenac ضار ؟,لن يضر الا ان كان المريض يعاني من مشكلة في المعدة لأن كلاهما (حتى ان كانا حقن) يؤثران بشكل سلبي على المعدة.,Treatment,dexon
اعراض التهاب القولون لاني اعاني من الم في البطن من اسبوعين في الجهة اليسرى اكثر وفي اسفل البطن بدي اعرف السببب والعلاج وشكرا,"• يجب نغير أنماطنا السريعة المتعجلة في تناول الطعام وفي عملية التبرز
• لا بد ان ندقق في نوعية الأطعمة التي نأكلها وفي موعد تناولها
لا تشرب المشروبات الغازية
ابتعد عن مضغ العلك
ابتعد عن البقوليات
ان كانت منتجات الحليب تؤذيك فتجنبها
أيضاً البصل والملفوف
المخللات
الاكل المملوء بالبهارات والفلفل
الشوفان وبذر الكتان جيدا للغازات والنفخة
شاي الأعشاب مثل النعناع والبابونج مفيدة",DiseaseCondition,التهاب القولون
حصل لي إلتهاب مكان الضرس المخلوع لكن مع ايام شفيت الحمدلله و الأن قررت المضمضة بيروكسيد الهيدروجين ماء اكسجيني 10٪؜ لكن خفت ان يترك لي اثار جانبية او يضر مكان...,ما سبب استخدامك لهذه المضمضه ...يجب ان لا تستخدمها استخدم مضمضه عاديه وابتعد عن هذه,Treatment,ابتعاد بيروكسيد الهيدروجين
دوخه و دوار بسيط لمده شهرين بدون فقدان التوازن و عندما اقود السياره اشعر ان السيارات تتحرك وهي واقفه تحاليل الدم و الحديد و ب12 كلها سليمه,"يجب عليك التاكد من عدم وجود التهاب بالاذن الوسطي
الدوخه والدوار قد تكون لهدا السبب وجود التهابات بالاذن الوسطي",DiseaseCondition,التهاب بالاذن الوسطي
صعوبة التنفس,"ضيق التنفس
هو عبارة عن تنفس مجهد وسريع أو عدم القدرة على استنشاق الهواء أو اخراجه من الرئتين.
وفي الغالبية العظمى من الحالات تنبيء هذه الحالة عن ضرورة طلب العناية الطبية خاصة إذا كانت مصحوبة بالم في الصدر أو تورم في الوجه.
أهم اسباب ضيق النفس:
قصور عضلة القلب/ الربو الشعبي / النوبة القلبية / الاسترواح الصدري / فقر الدم
إذا بدات تشعر بقصر النفس مؤخرآ + وإذا كنت تشعر بأي من الاعراض التالية :
- تورم الوجه أو الزور
- حكة أو ارتكاريا
فالحالة على الارجح
تفاعل حساسية / العوار / الربو الشعبي
إذا بدات تشعر بقصر النفس مؤخرآ + واصبت بالم مفاجيء بالصدر أثناء التنفس بعمق واستمر بعد الاستراحة لبضع دقائق
إذا بدات تشعر بقصر النفس مؤخرآ + وتشعر بأي من الاعراض التالية :
- دوار خفيف
- خوف شديد مفاجيء.
- تنميل بالشفاه أو اليدين.
- عرق.
- سرعة ضربات القلب
فالتشخيص على الارجح
اضطراب الذعر
إذا بدات تشعر بقصر النفس مؤخرآ +
وتشعر باي من الاعراض التالية:
- حرارة فوق 37.4 درجة مؤية.
- بلغم أصفر أة أخضر.
- ألم بالصدر اثناء التنفس.
فالتشخيص الراجح:
عدوى بكتيرية / الانفلونزا / الالتهاب الرئوي / نزلة البرد
إذا كنت مصاب بقصر مزمن في التنفس مع أو بدون سعال+
وتشعر بأي من الاعراض التالية:
- حمى.
- عرق غزير بالليل.
- فقدان الشهية.
- سعال مع دم.
- إصابة سابقة بالسل.
فالتشخيص الراجح:
ورم رئوي / خراج رئوي أو سل / سرطان الرئة
إذا كنت مصاب بقصر مزمن في التنفس مع أو بدون سعال+
وتشعر باي من الاعراض التالية:
- قصر النفس أو السعال يزداد سوءآ عند الرقاد.
- تورم الساقين.
- إصابة سابقة بمرض القلب
فالتشخيص الراجح:هبوط القلب الاحتقاني
إذا كنت مصاب بقصر مزمن في التنفس مع أو بدون سعال+
واصابك قصر النفس أثناء نشاط و سعال مصحوب ببلغم لمدة 3 شهور على الاقل
الالتهاب الشعبي المزمن / الانتفاخ الرئوي
إذا كان ضيق النفس مصحوبة بتزييق بالصدر
فالتشخيص الراجح:
تزييق الصدر / الربو الشعبي
إذا كنت بدينآ
زيادة الوزن والسمنة قد تكون السبب",Symptom,ضيق التنفس
هل مرض السرطان وراثي,معظم حالات السرطان ليست وراثية، ولهاأسباب متعددة، وحوالي ١٠-١٥٪ من السرطانات مثل القولون والثدي والرحم والمبيض والدم تكون عائلية ولها أسباب جينية.,DiseaseCondition,السرطان
عندى حساسية صدر مزمنه اخذ لها موسع للشعب وبخاخ ودواء مذيب وطارد للبلغم هل اخذ حقنة دبيروفوس اثناء الازمه مفيد للمرض وما هى المده بين أخذ هذه الحقنه والاخرى,في حالات الاصابة بنوبة حادة قد تعطى الحقنة في المشفى ولكن يجب استشارة الطبيب ومراجعته,Treatment,حقنة دبيروفوس
انا بدي اضعف وزني ٦٤ وطولي ١٦٥ كان وزني ٥٥ ونصحت وكيف اتخلص من كرشه صغيره من الولاده القيصري مرتين صار عندي كرش صغير,تحفيف كمية الطعام تدريجيا والتركيز على الأغذيه قليلة السعرات الحرارية مثل الخضار وبعض المشروبات مثل الشاي الأخضر والقرفه وتناول كافة الاطعمه الصحيه بكميات قليله مع التمارين الرياضية وباستشارة اخصائية تغذيه,Treatment,التمارين الرياضية
ابني ٨ اشهر و عندا حساسية الحليب و البيض و الرز و القمح و تناول حليب الصويا و بعد ساعتين تقيء و بعدها اسهال هل تحسس من حليب الصويا او...,نسبة كبيرة من الأطفال الذين يعانون من تحسس البروتين البقري في الحليب..يكون عندهم حساسية من الصويا.لكن هذا طبعاً لا يعني أن السبب هو الصويا.لابد من فحص الطفل أولاً.سلامته,DiseaseCondition,حساسية الحليب
ماهي افضل طريقه للتخلص من الجلد الزاائد بعد ازاله الكرش او البطن,حسب كمية الزيادة وليونة الجلد اذا بسيط ولا يوجد انثنأت الرياضة وعلاج الميزو بساعد والعكس جراحة,Treatment,جراحة
التحليل النسيجي ورم من الثدي T3 G3N1M0 her2 neu +1مستقبلات الهرمون ايجابية،ماهي نسبة الشفاء التام وعدم عودة المرض ؟ لم تتم الجراحة بعد واللستئصال سيكون كلي ، العقد الابطية ٢,ما هي نسبة مؤشر لانتشار ki 67؟ اذا كان مرتفعا يمكن بدا العلاج بال chemotherapy لتجنب الاستئصال الكلي للثدي,DiseaseCondition,ورم من الثدي
ما هي اعراض الاصابة بمرض القلب وما هي اسبابه,أمراض القلب كثيرة ولكل منها سببه، ولا نعرف عن أي مرض تسأل هل عن ما يتعلق بالصمامات أو الشريين أو عضلة القلب أو أغشيته أو غير ذلك,DiseaseCondition,أمراض القلب
قبل فترة اصبت بالتهاب في اللوزتين فاخذت اقراص ازيثرومايسين 500 ملغم عانيت من الاعراض التالية كثرة النبرز ويحتوي بقايا طعام وبهدها بفترة خفقان وبعدها تحسس بالجلد كلسع الحشرات,الأعراض السابقة هي من أكثر الأعراض الجانبية للإريثرومايسين شيوعاًً .. مما يدل على وجود حساسية لجسمك تجاه الإريثرومايسين .. أنصحك بالإبتعاد عن تناول هذا الدواء بدون إشراف طبي و زيارة الطبيب للتعرف على مدى الحساسية و أنواع المضادات الحيوية الأخرى التي يمكن تناولها بدلاً من الاريثرومايسين.,Treatment,ازيثرومايسين
"لا أستطبع النوم على جانبي لا الأيمن ولا الأيسر وأجد صعوبة في التنفس العميق. كما أشعر بين الفينة والأخرى بآلام قرب القلب.
كما أخبركم أني مريصة بالقلب (مشكل في صمامتين)",لا داعي للقلق لكن اسباب ذلك كثيرة وقد لا تكون متعلقة بحالتك السابقة وفي جميع الاحوال لا بد من فحص طبي سريري اولا لبيان خصائص الاعراض وللكشف عن العلامات المرافقة اولا,Symptom,صعوبة في التنفس العميق
اعاني من طنين بالاذن اليمين اثنا الليل,طنين الاذن قد يكون بسبب. شمع كثيف بالاذن الخارجية. او تصلب بعظمة الركاب. او التهاب بعصب السمع او التهاب الاذن الوسطي او الداخلية. ينصح بمتابعة طبيب الانف فقد تحتاج الي غسيل الاذن. او عمل مقياس للسمع او ضغط للسمع,DiseaseCondition,التهاب
اعاني من الخوف وحالات هلع وقلة النوم وتقطعه هل علاج 5htp مفيد لحالتي وهل له اعراض جانبيه او اعراض انسحابيه,(5-Hydroxytryptophan) لم يتم ترخيصه عالميا من قبل وكالة الأغذية و الدواء لعلاج نوبات الهلع و القلق و الاكتئاب كذلك لا توجد دراسات واسعة موثقة تؤكد فعالية هذا العلاج.. الدراسات الموثقة و المنتشرة عالميا تشجع استخدام الادوية المثبطة لامتصاص السيروتنين SSRI بالاضافة للعلاج النفسي,DiseaseCondition,نوبات الهلع
ماهي نسبة الاشعة التي تشكل خطورة على جسم الانسان ؟؟؟؟,"الاشعة في الصور العادية او حتى الطبقية لا تتسبب بخطورة الا في حال تكرار بشكل كبير
كما يحدث مع فنيي الاشعة و هنا اهمية اللباس الواقي و الغرفة الواقية بالنسبة للفني و ذلك لحمايته من تأثير الاشعة
و بشكل اساسي لحماية الجهاز التناسلي و الغدة الدرقية وذلك بسبب حساسية هذه الاعضاء للاشعة",DiseaseCondition,حساسية
"تمت علاقة جنسية سطحية مع خطيبي فقط احتكاك الاعضاء ببعضهما وملامستهم لبعضهما البعض ولكن دون ايلاج ودون قذف وفي وضع الوقوف ف اليوم الذي يلي الدورة الشهرية
هل يحدث حمل؟...","الوقت غير مناسب للحمل. والحمل لا يتم إلافي وقت الإباضة، ايام الاباضة المتوقعة تكون تقريباً ب١٠-١٤ يوم قبل نزول الدوره القادمة(اول يوم من الدورة القادمة). فاذا كانت دورتك منتظمة  كل 28 يوم ،  فان افضل ايام  لحصول الحمل هي يوم ١٠،١٢،١٤،١٦ من بدايه الدورة.
ان الاباضة تحصل في يوم واحد من الايام المتوقعة ولكنها تبقى في قناة فالوب ومن ثم الرحم مده 48 ساعة, لذا اذا كان هناك رغبة بحصول حمل فينصح ان يكون الجماع بايام الاباضة المتوقعة.",DiseaseCondition,الحمل
اخذ علاج لمرض السكر من النوع الثانى واصبت منذ 3 سنوات بجلطة وتم تركيت 3 دعامات وبعدها 6 شهور تم تركيب 2 دعامة اخرى وحالتى مستقرة والحمد لله.اريد علاج لضعف...,يجب اولا استشارة اخصائي القلب ثم ممكن اخذ سيلدينافيل,Treatment,سيلدينافيل
هل يفيد مسحوق العرقسوس في حالة البحة الصوتية؟ وبشكل عام ما هي فوائد عرق السوس واضراره؟,"نعم، يُعتقد أن عرق السوس يساهم في التخفيف من أعراض التهاب الحلق والحنجرة، مما يساهم بدوره في التخفيف من أعراض بحة الصوت، أما بالنسبة لفوائد عرق السوس على الصحة بشكل عام فقد تتضمن الآتي:

مضاد للالتهابات: يحتوي عرق السوس على مركبات نباتية لها خصائص مضادة للالتهابات، والتي يمكن أن تساعد في تخفيف الالتهابات في الجسم، مثل التهاب الحلق، والتهاب المفاصل، والتهاب الجلد.
مسكن للألم: يحتوي عرق السوس أيضًا على مركبات نباتية لها خصائص مسكنة للألم، والتي يمكن أن تساعد في تخفيف الآلام الخفيفة إلى المتوسطة، مثل الصداع، وآلام الأسنان، وآلام العضلات.
مضاد للأكسدة: يحتوي عرق السوس على مركبات نباتية لها خصائص مضادة للأكسدة، والتي يمكن أن تساعد في حماية الجسم من تلف الخلايا الناجم عن الجذور الحرة.
منشط للجهاز المناعي: يحتوي عرق السوس على مركبات نباتية يمكن أن تساعد في تعزيز الجهاز المناعي، مما قد يساعد في الوقاية من العدوى.
مفيد لصحة الجهاز الهضمي: يحتوي عرق السوس على مركبات نباتية يمكن أن تساعد في تخفيف الإمساك، وتحسين الهضم، وحماية المعدة والأمعاء من التلف.
مفيد لصحة القلب والأوعية الدموية: يحتوي عرق السوس على مركبات نباتية يمكن أن تساعد في خفض ضغط الدم، وتحسين صحة الأوعية الدموية، وحماية القلب من الأمراض.
مفيد لصحة الكبد: يحتوي عرق السوس على مركبات نباتية يمكن أن تساعد في حماية الكبد من التلف، وتحسين وظائف الكبد.

أما بالنسبة لأضرار عرق السوس على الجسم فإنها قد تظهر نتيجة الإفراط في استخدام عرق السوس أو استخدام عرق السوس من قبل بعض الأشخاص الذين يتناولون بعض الأدوية أو يعانون من بعض الأمراض المزمنة، وقد تتضمن أضرار عرق السوس الآتي:

ارتفاع ضغط الدم: يمكن أن يؤدي تناول عرق السوس بكميات كبيرة إلى ارتفاع ضغط الدم، وخاصةً لدى الأشخاص الذين يعانون من ارتفاع ضغط الدم بالفعل.
انخفاض مستويات البوتاسيوم: يمكن أن يؤدي تناول عرق السوس بكميات كبيرة إلى انخفاض مستويات البوتاسيوم في الجسم، مما قد يؤدي إلى مشاكل في القلب، والعضلات، والجهاز العصبي.
احتباس السوائل: يمكن أن يؤدي تناول عرق السوس بكميات كبيرة إلى احتباس السوائل في الجسم، مما قد يؤدي إلى تورم، وزيادة الوزن، ومشاكل في القلب.

للمزيد:

ما هي أهم فوائد عرق السوس للشعر والصحة العامة
عرق السوس والسكري فوائد مواد فعالة واثار جانبية",Treatment,عرق السوس
"السلام عليكم
دائما اشعر بنعاس حتى لو كنت نائمة فترة جيدة تقريبا 6 او 7 ساعات ما السبب وما االحل ؟؟
وشكرا الكم كتير","الأسباب الشائعة:
- النوم لفترات قصيرة.
- الأدوية والعقاقير (مهدئات- أقراص منومة- مضادات الهيستامين).
- اضطرابات النوم (مثل تقطع النفس أثناء النوم) أو الغفوات النومية.
- حالات طبية أخرى مثل ( خمول الغدة الدرقية - فرط كالسيوم الدم - فرط صوديوم الدم أو نقصه).
- علاج النعاس:
- العناية فى المنزل:
- ينبغى علاج الأسباب، بالنسبة للنعاس الذى يكون سببه الاكتئاب، القلق، الملل، الضغوط عليك بمحاولة حل المشكلة بدون اللجوء للمساعدة الطبية النتخصصة.
- أما إذا كان بسبب أحد الادوية أو العقاقير عليك بالتحدث إلى الطبيب الذى وصفه لك للتوقف عنه على الفور أو لتغييره (لا تفعل ذلك من نفسك أبداً).
- وإذا كان السبب السمنة أو نقص التهوية، فاللجوء إلى إنقاص الوزن هو علاج فى حد ذاته مع استشارة طبيب متخصص.
- وإذا كان النعاس بسبب خمول الغدة الدرقية أو فرط كالسيوم الدم أو فرط صوديوم الدم أو نقصه يعالجها الطبيب المتخصص كل شخص حسب حالته الصحية.",Symptom,النعاس
هل تعاطي الحشيش لاول مرة اي لغير المدمن يؤثر على هرمون الحمل في الدم hgc علما ان التعاطي كان قبل ب 9 أيام من عمل التحليل الدم هل يؤثر على...,"لا يؤثر تعاطي الحشيش علي الحمل اذا كان مرة واحدة كما اخبرتي
ولكن استمرار تعاطيه اثناء الحمل يؤثر سلبا علي صحتك وصحة الجنين لذلك يجب الامتناع عن تعاطيه او حتي التدخين بصفة عامة طوال فترة الحمل وكذلك الجلوس في اماكن مغلقة مع مدخنين",DiseaseCondition,الحمل
هل استطيع الحمل وانا مصاب بالانفصام الشخصية,نعم مع متابعة العلاج بإشراف الطبيب النفساني,DiseaseCondition,الانفصام الشخصية
انا مصاب بالتهاب الكبد بي هل إذا أعطيت الزوجه التطعيمات لاينتقل لها المرض ارجو الاجابه,نعم تكون محميه من الفايروس .. بشرط ان تتاكد من درجه المناعه بعد اعطاء اللقاح..,DiseaseCondition,الفيروس
لماذا لا يؤثر الببسين على المعدة ما دام يفكك البروتينات,"لوجود عوامل في جدار المعدة تحول دون ذلك منها
1- طبقة من المخاط تبطن جدار المعدة من الداخل
2- افراز الماد القلوية لمقاومة الاحماض الموجودة في المعدة
3- وجود شبكة غنية من الاوعية الدموية في الطبقة الولى من جدار المعدة لتسريع عملية الشفاء عند التعرض للضرر",Treatment,الببسين
لدي وجع دائم في النصف الايمن من دماغي اعلي الرأس ويحدث كثيرا ويقل في بعض الأحيان ومكان الوجع غذا لمسته بيدي أشعر بنفس الالم وأشعر ان هناك ورم أو إنتفاخ...,الكثير من الناس يشكون من وجع في الرأس الذي يكون بطبائع متعددة، ويعبرون عنه بطرق مختلفة لكونه يظهر بآليات تقوم على أسباب كثيرة لا يمكن حصرها بسهولة هنا فمنها ما يتعلق بقضاياة وعائية ومنه ما يكون لاضطراب كيميائي وعصبي وما إلى غير ذلك، وليس بالضرورة أن يكون سببه موجود في مكان الألم، ويمكن المساعدة في تشخيص الأسباب التى تؤدى إلى ظهوره اذا حاولنا تذكر النشاط الذي سبقه مثل النشاط الرياضى أو النشاط الجنسى أو انواع معينة من الطعام أو المشروبات الباردة أو السعال أو ارتداء شىء ضاغط على الرأس أو غير ذلك من الأسباب، كذلك يتوجب استبعاد أمراض عضوية محددة خاصة ما يتعلق بالأنف والجيوب والعيون أو أمراض مجموعية مثل الضغط ، حيث يمكن أن تسبب هكذا صداع، ولتضيق دائرة الأسباب لا بد من الفحص الطبي السريري الذي يسمح بالوقوف على تفاصيل أكثر ويمكن أن يكون مدعوماُ ببعض الفحوصات الخاصة التي تسمح باستبعاد أشياء وتقريب أخرى، ومن المسبق لأوانه أن نقول هناك ورم ما كون أن الصداع الذي نشعر به يولد هكذا إحساس وكأن ذلك موجود حقاً لأن الاشارة العصبية الناجمة عنه تسبب هذا الشعور,Symptom,وجع في الرأس
اشعر بدوخة ودوار عند الضحك او العطس ما هو السبب,السبب المباشر لحدوث الدوخة والوار هو قلة وصول الدم الى المخ والاسباب المؤدية لذلك متعددة منها : ضع تروية جهاز التوازن في الاذن الداخلية ، دوار الوضع الحميد الذي ينتج عن تغير مفاجئ في وضعية الرأس والتصلب العصبي المتعدد وارام المخ وفقر الدم . وفي حالتك على الارجح يحدث عندك تضيق في الشرايين المغذية للدماغ والاذن الداخلية فيقل وصول الدم اليهما فتشعر بالدوخة والدوار ولهذا ننصحك بتناول ادوية موسعة للاوعية الدموية ومن أفضلها دواء بيتاسيرك ، وعلاج السبب مثل تمارين الوضع الحميد علىعلى كيفية تحريك الرأس ببطء وعلاج التهاب الأذن إن وجد وتخفيف الانفعال والتوتر النفسي,Treatment,بيتاسيرك
أسباب و علاج السعال الليلي عند الأطفال؟!,"تعتبر حالات السعال عند الأطفال من الأمور المزعجة في بعض الأحيان لكل من الأطفال والوالدين، ولكن ما هو السعال الليلي عند الطفل؟ يشير هذا المصطلح إلى زيادة عدد مرات السعال في فترة الليل وأثناء نوم الطفل، وقد تتحسن معظم حالات السعال الليلي عند الأطفال خلال بضعة أسابيع إلا أنها قد تستمر في بعض الأحيان وتصبح مزمنة. ويجب أن يتم تقييم الحالة من قبل الطبيب المختص لتحديد أسباب السعال الليلي عند الأطفال حيث قد تشمل أحد الحالات التالية:

السعال نتيجة التنقيط الأنفي الخلفي، حيث قد يشعر بعض الأطفال بتراكم المخاط وتقطيره في الحلق نتيجة تراكمه بالمجاري التنفسية في العديد من حالات الالتهابات والحساسية. وقد يتم اللجوء في هذه الحالة إلى تعديل وضعية نوم الطفل وتحديد مهيجات السعال لتجنبها مع تحديد العلاج المناسب من قبل الطبيب المختص.
الإصابة بالخناق أو السعال الذي يشبه صوت النباح خاصة بعد إصابة الجهاز التنفسي بالعدوى الفيروسية وانتفاخ القصبات الهوائية والتهاب الأحبال الصوتية.
السعال الديكي الذي يتطور نتيجة عدوى بكتيرية تصيب القناة التنفسية، ويجب أن يتم علاج الحالة تحت إشراف الطبيب عن طريق المضادات الحيوية تحت إشراف الطبيب والإكثار من شرب السوائل.
الربو، وقد تظهر أعراض السعال في هذه الحالة يرافقها الأزيز أي صوت الصفير الذي يخرج من الصدر ويجب أن يتم تحديد علاج من قبل الطبيب للتخفيف من النوبات بالإضافة للعلاج طويل الأمد.
الإصابة بعدوى فيروس كورونا (كوفيد 19)، حيث يعاني الأطفال في هذه الحالة من السعال الذي يرافقه ارتفاع في درجة حرارة الجسم.
الحساسية الموسمية أو الحساسية تجاه العث في الفراش أو نوعية الأقمشة وغيرها.

ينصح باتباع النصائح التالية للتخفيف من السعال الليلي عند الأطفال:

العمل على تجربة أخذ حمام ماء دافئ قبل النوم.
الحصول على قسط كاف من الراحة.
الحرص على حصول الطفل على الكثير من السوائل.
الحرص على تجنب إعطاء العسل للأطفال دون سن 12 شهر.
العمل على مراجعة الطبيب المختص بأسرع صورة ممكنة.

للمزيد:

أفضل طرق علاج السعال للأطفال
علاج السعال بالأعشاب الطبية",Symptom,السعال الليلي
السلام عليكم لي صديقتي تعاني من اكتئاب و واضبت على اخد مضاد الاكتئاب لمدة سنة ونص واتحسنت وقطعته تدريجيا بدون استشارة من طبيبتها وبعد اربع اشهر اصبح يؤلمها قليلا قلبها...,يج عليها اعادة استخدام العلاج,DiseaseCondition,اكتئاب
السلام عليكم انا عندي 28عام متزوجة وعندي بنت و ولد امس تعبت وحصلي عدد 6 إغمائات وروحت المستشفى الدكتور كشف عليا وقال لي ان الضغط مظبوط والسكر مظبوط وقال لي...,"التهاب الاذن الداخليه يسبب دوخه
وضعف الدم الحاد ايضا",DiseaseCondition,التهاب الاذن الداخليه
هل اعراض الاكتئاب هي الهروب الى النوم عندمواجهة مشكلة مع عدم البكاء برغم انه في السابق كنت ابكي كثيرا ام الان فانا لاابكى وانما ابقي صامتا مع تنتيف البشعر وتحب...,"من الممكن ان تكون هذه أعراض اكتئاب بالاضافه للكثير من الاعراض الاخرى
فهذه الاعراض لاتكفي للتشخيص نهائيا.
اما بالنسبه لتنتيف الشعر فذلك يحتاج لعلاج سلوكي",DiseaseCondition,اكتئاب
السلام عليكم زوجي عندةنسبةالحركةالحيوانات المنوية20بلميةمع عددالحيوانات 80 مليون هل تؤثر ع الانجاب ام لا رجاءا افيدوني,العدد ممتاز والحركة ضعيفة وان كان الحمل ممكن ولكن الافضل محاولة رفع الحركة الى فوق 50% . هناك الكثير من الادوية مثل : ال كارنيتين ، ترنتال ، كوكيو 10 . وهناك فيتامين إي . إذا هناك دوالي يمكن عمل عملية لربطها .,Treatment, كارنيتين ، ترنتال
الدورة الشهرية قبل موعدها ب 15 يوم و غزيرة مع تكبد الدم,راجعي الطبيب للفحص,Symptom,الدورة الشهرية
ابني عند ولادته كان يوجد بقلبه ثقب ولم يعطوه اللقاح الا مرة واحدة وعمره الان 7 اشهر واجرو له ايكو للقلب وقالو بانه تحسن جيدا فهل اكمل له اللقاحات واعوضها,ممكن التنسيق مع طبيب الأطفال و إجمالا يجب استكمال اللقاحات بمعظمها حتى بوجود ثقب في القلب,DiseaseCondition,ثقب في القلب
السلام عليكم انا حامل ببداية السادس وبسوي جهاز ال ultrasound تقريبا كل شهر للتأكد من سلامة الجنين. هل ال ultrasound تضر الجنين على ما يقول البعض؟؟؟ وماهي الاضرار؟؟؟,"اولا مبروك لك الحمل
ثانيا لا يوجد اي ضرر في اخذ السونار",Test,السونار
السلام عليكم ورحمت الله من فضلكم عوز اعرف ما علاج الدوالى,"العلاج التصلبي للاوردةوهو عبارة عن عملية يتم فيها حقن مادة كيميائية خاصة داخل الاوردة الصغيرة
العلاج بالليزر +بالنسبة للاوردة الأكبر حجمآ والتي تسبب اعراضآ خطيرة فإن أفضل علاج لها على المدى الطويل هو ازالة الوريد جراحي
مارس التمرينات باستمرار +تناول طعام قليل الدهون و الملح والسكر لمنع زيادة الوزن +حرك قدميك باستمرار خاصة أثناء الجلوس الطويل
+امتنع عن التدخين + حاول دائما أن يكون المشي بديلا للوقوف
+ارتداء الجورب الطبي المانع للدوالي و هو جورب ضاغط يمكن أن يكون تحت الركبة أو إلى الفخذ
+ رفع الساقين أعلى من مستوي القلب لدقائق على فترات أثناء اليوم و خاصة بعد فترات الوقوف الطويل
+و يتم علاج دوالي الساقين عن طريق وضع كمادات من خل التفاح مرتين كل يوم على المنطقة المراد علاجها ثم تثبت الكمادة",DiseaseCondition,الدوالى
اعانى من ضيق فى التنفس ( كرشة نفس ) مستمرة لمدة 10 ايام متواصلة بعد عمل اشعة عادية على الصدر اظهرت التهابات بسيطة جدا وبعد المضاد الحيوى وموسعات الشعب مازالت...,"هل هناك ارتفاع في الحرارة؟ سعال؟ أو أية أعراض أخرى؟
هل لضيق التنفس علاقة بالجهد؟
أنصحك بمراجعة أخصائي أمراض داخلية
تحياتي",Symptom,ضيق فى التنفس
انني اعاني من التهاب في مفصل الفك الايسر وذهبت الى طبيب اختصاص انف واذن وحنجرة وانه لم يستطيع تشخيص حالتي علما اني اعاني من صداع يبدا من فكي حتى اعلى...,قم بالذهاب لطبيب الأسنان للكشف عن أضراس العقل ووضعها وهل هي السبب في هذه الألام أم من سبب أخر,Symptom,صداع
"سوألي هناك فتاه تشعر بحراره شديده في جسمها الخارجي وقليل جدا من داخل جسمها
ولاترتاح الا بالاغتسال
ومستمر الحال معها قرابه الثلاث ايام ماهو التشخيص لهذي الحاله
وشكراا","قد يكون عندها نوع من أنواع الحساسية، ننصحها بالمكوث قي جو بارد وتناول
مضاد للهيستامين مثل تيليفاست أو إكزوفين أ, أي نوع آخر",DiseaseCondition,حساسية
"كانت توجد لدي اميبا متكيسه وستخدمت عدة مضادات ولم اشفى منها
تم عمل تحليل قبل ايام وكانت النتيجه فطريات وتخمر ولا توجد اكياس اميبيه لكن اعاني من اعراضها وربما الاكياس...",90 في المائه من الاصابه ىالاميبا لا يوجد أي اعراض لدي للمريض و تكتشف فقط بالتحاليل و يصفه عامه يتم علاج الامييا فقط لو هناك اعراض التهاب القولون والإسهال والم بالبطن و إسهال فيه دم بعلاج الفلاجيل flagyl وغير مجدي وغير لازم علاج الاكياس الاميبه في الدول التي بننشر بها وجود الامييا ومنها دول أسيا وأفريقيا ..........,DiseaseCondition,الاميبا
"الكوليسترول ال ldl لدى 195 وانا استخدم cazet 10/20
ونزل الى 120 فها اخفض الدواء الى 10/10 لتقليل الخطر ع الكبد ام استمر الى ما انا عليه",ينبغي تخفيضه بعد التحقق طبيا من الاستجابة,Test,الكوليسترول ال ldl
اعاني من رعشة اليدين,"تعتبر رعشة اليدين عبارة عن تقلصات لا إرادية في العضلات تسبب الاهتزاز و الرعشة في اليدين أو في أجزاء مختلفة من الجسم حيث تبدو كأنها ترتجف، وتعتبر رعشة اليدين في معظم الحالات  مصدر إزعاج بسيط إلا أنها في حالات أخرى قد تتداخل مع الحياة والأنشطة اليومية.
وتعتبر رعشة اليدين أكثر وضوحاً عند إصابة الشخص بالتوتر أو عند بسط اليدين أمام الجسم مباشرة، وقد تؤثر الرعشة على الرأس أو الذراعين أو الساقين وغيرها من أجزاء الجسم المختلفة. ويتم تقسيم رعشة اليدين بصورة رئيسية إلى نوعين هما:

رعشة اليدين خلال فترة الراحة، حيث يحدث هذا النوع عند استرخاء العضلات وعند راحة اليدين.
رعشة اليدين أثناء العمل، حيث يحدث هذا النوع عند انقباض العضلات نتيجة حركات إرادية يقوم بها الشخص.

ويوجد العديد من الأسباب المختلفة التي تؤدي إلى رعشة اليد ومن أبرزها ما يلي:

رعشة اليدين الفسيولوجية نتيجة لأحد الأسباب التالية:


القلق.
الضغط العصبي.
التعب.
الاضطرابات في النوم.
الإفراط في استهلاك الكافيين.
المبالغة في ممارسة التمارين الرياضية.
الاضطرابات في الغدة الدرقية مثل نشاط الغدة الدرقية.


رعشة اليدين نتيجة الإصابة بمشاكل في الجهاز العصبي بما في ذلك ما يلي:


التصلب اللويحي، حيث يؤثر على كل من الدماغ والحبل الشوكي وعلى مسار الجهاز العصبي المركزي والتحكم بالحركات.
الإصابة بمرض باركنسون، حيث تتطور الرعشة نتيجة فقدان الخلايا العصبية في جزء من الدماغ التي تتحكم في الحركة.
السكتة الدماغية.
التعرض لإصابة معينة في الدماغ.
الإصابة بخلل التوتر العضلي، حيث أنه اضطراب حركي تؤدي فيه تقلصات العضلات اللاإرادية إلى حدوث حركات وأوضاع متكررة بصورة لا إرادية.


وجود مشاكل صحية مزمنة بما في ذلك ما يلي:


المشاكل النفسية مثل الصدمة أو الاكتئاب وغيرها.
النشاط في الغدة الدرقية.
الفشل الكلوي ومشاكل في الكبد.


تناول أدوية معينة بما في ذلك ما يلي:


أدوية علاج الربو.
مضادات الاكتئاب.
أدوية علاج الصرع.
مثبطات المناعة.
بعض المضادات الحيوية.
الستيرويدات القشرية.

للمزيد:

7 طرق لعلاج رعشة اليد",Symptom,رعشة اليدين
ما هو الاكل المناسب لمرضى القولون العصبى,الخطوة الأساسية لعلاج القولون العصبي هي تجنب الأطعمة المسببة لتهيج القولون، حيث يمكن الاستعاضة عن منتجات الألبان باللبن الرائب الذي يحتوي على البكتيريا النافعة التي تفرز إنزيم اللاكتاز المسؤول عن هضم اللاكتوز المسبب لتهيج القولون، والإكثار من شرب الماء، وتجنب شرب المشروبات الغازية، وتناول وجبات قليلة الدهون وغنية بالكربوهيدرات,DiseaseCondition,القولون العصبى
يوجد لدي إنتفاخ بسيط في الفك السفلي قريب من منتصف الفك ولا استطيع فتح الفم بالكامل لوجود الم شديد,قد يكون خراج او التهاب العقد اللمفاوية. راجع الطبيب للتشخيص,DiseaseCondition,التهاب
"انا حامل ف 15 اسبوع و 1 يوم
رحت اتاكد من سلامة الجنين ب Regular Ultrasound
اللي بسويه كل شهر بس هذا المره قالت الدكتوره عندك ولد
يعني بين جنس...",ليس اكيدا و لكنه ممكن و الله أعلم,Test,Regular Ultrasound
كنت مدمن ترامادول لمدة سنة كل يوم حبتين وتركتو لانو سببلي وجع في بطني واستفراغ وطلع عندي التهاب بالاثنى عشرالحمدلله الي 7 شهور تاركو وجع بطني خف كتير بس سرت...,لا بد من معالجة الاثار النفسيه للتعاطي,DiseaseCondition,التهاب بالاثنى عشر
السعال الجاف المصحوب بكتمة في الرئة ويكون متكرر ويؤدي الى جرح في الحلق والم بالرأس,السعال الجاف غلبا ما يكون التهاب فيروسي ن وعلاجه تناول مضادات السعال الجاف مثل توبليكسيل أو ميرلوسم ومضاد للهيستامين لا يسبب النعاس مثل بولارامين أو كلاريتين أو تليفاست ، بلاضافة للتغذية المتوازنة والعسل والمربى,Treatment,توبليكسيل
السلام عليكم انا عملت التلقيح ضد فيروس الكبد ب بعد 9 اشهر عملت فحص لمعرفة هل تكونت لدي مضادات الاجسام كان العدد ممتاز وصل الى250 وهذا سنة 2010 بعد ذلك...,"بعد المقرر الأول المكون من 3 جرعات من اللقاح، يتم عمل تحليل دم بعد فترة تتراوح من 1-4 أشهر من أخر جرعة لتحديد ما إذا كانت هناك استجابة كافية، وهو يعرف بأنه ، المستضدات السطحية المضادة التهاب الكبد باء ويجب أن يكون مستوى الأجسام المضادة فوق 100 ملي من الوحدة الدولية / مليلتر. وقد حصلت انت على مستوى عالي جدا 250 وهذا ممتاز
مستوى الأجسام المضادة ما بين 10 و 100 ملي من الوحدة الدولية/ مل يعتبر استجابة ضعيفة، وهؤلاء الناس يجب أن يحصلوا على جرعة معززة واحدة في هذا الوقت، ولكن لا تحتاج إلى مزيد من إعادة الاختبار.[
وينبغي اختبار الناس الذين يفشلون في الاستجابة (مستوى الأجسام المضادة تقل عن 10 ملي من الوحدة الدولية/ مل) لاستبعاد أي عدوى التهاب الكبد باء حالية أو سابقة، ويجب تكرار المقرر من 3 جرعات من اللقاح، تليها إعادة الاختبار من 1-4 أشهر بعد المقرر الثاني. الذين ما زالوا لا تستجيبوا للمقرر الثاني من التطعيم ويمكن أن يستجيبوا لجرعة عالية من اللقاح أو لحقن اللقاح داخل الجلد. هؤلاء الذين لا يزالون غير مستجيبين يتم اعطائهم أجسام مضادة ضد الفيروس الكبدي بي (HBIG) في وقت لاحق إذا ما تعرضوا للفيروس التهاب الكبد البائي.[
الاستجابة الضعيفة غالبا ترتبط في معظمها مع سن ما فوق 40 سنة، والسمنة والتدخين، وكذلك في الذين يشربون المشروبات الكحولية، وخاصة إذا مع مرض الكبد المتفشي. المرضى الذين يعانون من نقص المناعة أو معتمدين على الغسيل الكلوي قد تكون الاستجابة أقل وتتطلب المزيد من جرعات متكررة أو جرعة أكبر من اللقاح.",Test,تحليل دم
السلام عليكم هل الطعام يسبب الاكتئاب مرات احس بالاكتئاب بعد تناول وجبة ثقية عمري 21,قد تكون عالية بالدسم او لانك تشعرين بالحزن لتناولك كمية من الطعام و لكن ليس من الغذاء نفسه,DiseaseCondition,الاكتئاب
السلام عليكم ورحمة الله وبركاته عند سوال عمر 40 سنة عندى حرارة عند الاصابة بزكام,الحرارة عند الإصابة بالزكام شئ طبيعي واساسي ،فكل التهاب بكتيري أو فيروسي تكون الحرارة هي العلامة الرتيسية، وفي حالة الزكام يتم تخفيض الحرارة بتناول خافضات الحرارة مثل باراسيتامول أو أيبوبروفين وكذلك تهدئ الصداع وآلام الجسم الأخرى,Symptom,الحرارة
ما علاج الساركوما الدرجه الرابعه هل ممكن ان تتشابه نتيجة الخزعه للمريض مع نتيجة التهاب في عمليه سابقه في العظم قبل عام ونصف ام ان نتيجة الخزعه قاطعة وتعني الإصابة...,لتطمئنوا أكثر من الممكن أخذ الشرائح للفحص في مختبر أنسجة آخر تأكيدا للنتيجة.,DiseaseCondition,الساركوما
ماسبب الوهن العام والدوخةوتسارع ضربات القلب والاحساس بالتقيؤ,"هناك اسباب عديدة للوهن العام وللدوخة منها ما يتعلق بالجهلز الهضمي او بضغط فقرات عظام الرقبة على الاعصاب او اي خلل يتعلق بالكلاوي وعملها
ارجوك اشرح لي الحالة بالتفصيل العمر والجنس والتاريخ الصحي كي استطيع ارشادك او استشر طبيب فالمعاينة المباشرة افضل في وضعك لعمل الفحص السريري اولا قبل الفحوصات المخبرية",Symptom,الوهن العام
هل زوتريم اقل فى الاعراض الجانبية فى التخسيس وهل عند ايقاف الكورس يعود الوزن مرة اخرى ؟ وشكرا,من الاثار الجانبية لزوتريم هي فقدان الشهية، ارتفاع ضغط الدم، والعصبية، والتوتر والهزات، والإسهال، والغثيان، ومشاكل في المعدة، وسلس البول، والجفاف، وربما التفاعلات مع بعض الأدوية والوصفات الطبية. ولنتائج أكثر إيجابية يجب دمجها مع تمارين بدنية منتظمة و تقليل الطعام كي لا يعود الوزن الذي تم فقده في حالة التوقف عن اخذه ولا يجب تناوله دون استشارة الطبيب,Symptom,غثيان
"السلام عليكم
لدي التهاب بالعصب السمعي الثالث مما أدى الى الطنين
ما هو علاج ذلك",العصب الثالث ليس العصب السمعي . للطنين اسباب عديدة . يفضل الفحص عند الطبيب,Symptom,صداع
هل من الممكن ممارسة العملية الجنسية مع زوجى اثناء الدورية الشهرية . وماذا يحدث اذا حدث الحمل اثناء الدورة الشهرية . وهل يوجد تأثير على الجنين فى اوائل ايام الحمل...,"من غير المستحب ممارسة الجنس أثناءالعادة الشهرية ، نظراً لكثرة الدم في المهبل، والحمل لا يمكن أن يحدث في أثناء الدورة، لأن وقت الإباض ما زال بعيداً حوالي أسبوعين.
ويفضل عدم ممارسة الجنس في الشهرين الأولين والأخيرين أيضاً حفاظاً على الجنين.",Symptom,الجماع
ما هي الفصوحات المطلوبة من قبل الزوج والزوجة لاجراء عملية الحقن المجهري,"بالنسبة للزوجة يجب اجراء فحص التراساوند في اليوم التاني من الدورة الشهرية للتأكد من وضع الرحم والمبايض واجراء فحص الهرمونات التالية
PRC,E2,LH
والبنسبة للزوج يجب اجراء فحص للسائل المنوي الرجاء تزويدنا بمعلومات اكثر عن حالتكم.",Test,فحص التراساوند
"هل يغني الأسبرين عن ابر السيولة في الأسابيع الأولى من الحمل، علما بأني في الأسبوع السادس واعاني من الإجهاض المتكرر، وهل يمكن وصف ابر سيولة لي؟
وهل الميتوفورمين أمن في...",الأسبرين لا يغني عن الابر..والميتفورمين آمن مع الحمل,DiseaseCondition,إجهاض
بحس بضيق في التنفس كل سنه في فتره دخول الصيف فقط و بحس ب صوت صفاره في صدري و بستخدم بخاخه فينتولين و الحاله بتفضل معايه لمده ١٠ ايام علي...,اعراض ربو وحساسيه لابد من استخدام علاج وقائي وعمل تحاليل لمعرفة سبب الحساسيه عن طريق زيارة طبيب,DiseaseCondition,ربو
مرحبا بشرتي دهنية وعمري 27 سنة اعاني من حب الشباب جربت العديد من العلاجات دون فائدة والان استخدم اكرتين كريم دون اشراف طبيب فهل هذا جيد ومناسب لبشرتي,اتبعي التعليمات المكتوبه في النشره الطبيه هو جيد لحب الشباب واستخدامه لفترهطويله مفيد يمنه فقط في الحمل,DiseaseCondition,حب الشباب
عندي ضغط 140-75 وليس دائما هل انا مريض بإرتفاع الضغط مع انني كثير قياس الضغط,عليك بممارسة الرياضه وتقليل الوزن ووقف التدخين ووقف تناول الكحول والحمية غذائية من الدهون والاملاح بالاطعمه مع متابعة قياس الضغط,DiseaseCondition,إرتفاع الضغط
هل لاستعمال المرميه مضار؟ومتى تكون اكثرفائده وقت الدوره ام في غير وقتها؟,ليس للميرمية تأثير واضح في الدورة الشهرية، يمكنك شربه في أي وقت ، ولكن باعتدال.,Treatment,المرميه
انا في الشهر 9 ورجلي اليمنى من اسفل الظهر الى الركبة تؤلمني بشدة ما الحل انصحوني,عليك ألمشي قدر الأمكان ، يسمى هذا بالعامية عرق النسى ناتج عن الحمل المشي هو الدواء المناسب مع حذاء مريح بالسلامة,Treatment,المشي
"السلام عليكم
ما هو السبب في سرعة دقات القلب بشكل مفاجئ ....تقريبا لمدة 5 دقائق ...",هناك أسباب كثيرة منها ما هو نفسي كالانعال والقلق وغير ذلك ومنها ما هو ناجن عن الافراط في تناول المنبهات، والأدوية، ومنها ما هو مرافق لحالة مرضية مجموعية كالالتهاب أو اضطراب الغة الدرقية ومنها ما هو ناجم عن اضطرابت كهربية قلبية ولتحديد السبب ينبغي فحص المريض وعلى ضوء العلامات السريرية الموجودة يمكن التعرف على السبب,Symptom,سرعة دقات القلب
سائل أبيض مائل للصفرة داخل العين في المكان الابيض في العين و ليس في البؤبؤ الاسود. ماهو هذا السائل؟ وكيف علاجه؟ ومدى خطورته ؟ و شكرا,ممكن ان يكون التهابات يلزمك فحص عند طبيب العيون,DiseaseCondition,التهابات
ماهي نتائج واحتمالات زواج بنت حامل سكلسل و سايلنت الفا ثلاسيميا برجل مصاب بيتا ثلاسيميا؟,لا ينصح بهكذا اقتران  لان كل الاحتمالات ممكنة من حيث اصابة الذرية تكون اصابة مختلطة شديدة,DiseaseCondition,بيتا ثلاسيميا
ظهر دمل كبير الحجم نسبيا بجانب فتحة الشرج ويبدو كانه متدليا من الجلد ولونه بنفسجي ماذا علي افعل وما هو هذا الشئ؟,احتمال يكون تجمع صديدى ويتوجب فتحه وتنظيفه بالمستشفى,DiseaseCondition,تجمع صديدى
انا اعاني من اكتئاب ولا احب ان احادت اصدقائي و اتكلم مع اشخاص غير موجود في الواقع واتكلم يصوت مرتفع واشكي لهم مافي اعماق قلبي و انهار بلبكاء,الإكتئاب يتعالج، عليك بمراجعة الطبيب النفساني وستكون الأمور بخير.,DiseaseCondition,اكتئاب
"انا عندي نقص فيتامين د ٤ وذي العلاجات
mixavitاخذت منها ٤ من اصل ٦٠
coxicamاخذت منه ٢٠ من اصل ٦٠
omerazole ما اخذت منها ولاشيء لانها توقف امتصاص البروتينات وانا...",اعطاء فيتامين د لا يتعارض مع حصوة الكلى خاصة و انه توجد انواع من هذا الفيتامين تعطى حتى في اصعب حالات اصابة الكلى و يجب استشارة الطبيب المعالج لوصف هذا النوع,Treatment,فيتامين د
تعريف الكبد الوبائي واعراضه ومسبباته,"يعتبر الالتهاب الكبدي من أخطر الأمراض التي تصيب جسم الإنسان وقد وينتشر هذا المرض في معظم بلدان العالم وقارتي آسيا وإفريقيا خاصة ، كما ينتشر في المناطق التي تكثر بها الإصابة بالبلهارسيا.
"" الالتهاب الكبدي "" من حيث العامل المسبب له إلى التهاب كبدي فيروسي ، التهاب كبدي بكتيري ، أو التهاب كبدي نتيجة استعمال أدوية معينة - أهمها الباراسيتامول - أسباب أخرى , أما بالنسبة لفترة هذا الالتهاب فيوجد التهاب كبدي حاد والتهاب كبدي مزمن.
هناك الكثير من الفيروسات التي تسبب هذا المرض مثل فيروس الهربس والابشتين بار وغيرهما إلا أنه يأتي على رأس القائمة فيروس الالتهابالكبدي المعروف باسم Virus - hepatitis .
توجد عدة أنواع وهي G,F,E,D,C,B,A- وهذه الأنواع هي التي تم اكتشافها حتى الآن، إلا أن العلماء يؤكدون على احتمال وجود أنواع كثيرة وهم يبذلون قصارى جهودهم لكشف النقاب عنها.
بالنسبة لنوعي E,A فهما ينتقلان عن طريق الأكل أو الشراب الملوث بهذه الفيروسات فالذباب يقف على البراز وينقل الفيروس إلى الغذاء المكشوف وهذان النوعان لا يسببان تلفاً مزمناً في النسيجالكبدي ولكن هنا ملحوظة هامة وهي إذا حدثت العدوى بفيروس Eأثناء فترة الحمل فمن المحتمل أن يؤدي إلى وفاة المرأة الحامل.
أما عن طريقة انتقال فيروس B فهو لا ينتقل عن طريق الغذاء ولكن ينتقل عن طريق الإبر الملوثة بالفيروس أو نقل الدم الملوث والأدوات الجراحية الملوثة أو عن طريق الاتصال الجنسي من الرجل للمرأة والعكس، كما انه ينتقل أيضا عن طريق الوشم، ونوع D أو Dattaينتقل أيضا بنفس هذه الطرق.
ولا تحدث الاصابه بالنوع D إلا أذا كان الشخص أصلا مصاباً بنوع B، والإصابة بفيروس D قد تكون متزامنة مع نوع Bأو تحدث بعدها والحالة الأخيرة تكون شديدة الخطورة .
أما بالنسبة للمريض المصاب بالفيروس B منفرداً أو بالإضافة إلى فيروس D فقد يؤدي ذلك إلى حدوث التهاب كبدي حاد من أعراضه ارتفاع في درجة الحرارة و فقدان الشهية واصفرار العينين وكذلك حدوث هرس بالجلد ويصاحب هذه الأعراض حدوث ارتفاع في أنزيمات الكبد وهذه الحالة إما أن تستمر عدة أيام وأسابيع بعدها يحدث اختفاء للأعراض وشفاء المريض أو أن يحدث تطور في الحالة وتتحول إلى التهاب كبدي مزمن مما قد يؤدي إلى حدوث تليف كبدي بعد فترة طويلة.
التليف الكبدي قد يكون غير مصحوب بأي أعراض سوى تضخم كبدي، أما في الحالات المتقدمة فنرى علامات التليف الكبدي الواضحة مثل استسقاء البطن تورم الساقين -حدوث الاصفرار- رائحة كريهة بالفم وحدوث تغيرات هرمونية واختلال درجة وعي المريض.
ومن أهم أعراض وعلامات تليفالكبد هو دوالي المريء فهو من العلامات الواضحة لحدوث تليف كبدي متقدم وهي تحدث نتيجة لارتفاع الضغط في الوريد الباني مما يؤدي إلى انبساط وتمدد الأوعية الدموية في الجزء الأسفل من المريء أو الجزء العلوي من المعدة ونستطيع تشخيصها الآن بسهولة عن طريق إجراء منظار المعدة، ومن مخاطر الدوالي حدوث نزيف دموي من الفم أو من فتحة الشرج ويتم إيقاف النزيف عن طريق حقن الدوالي أو ربطها، كما توجد طرق جراحية أخرى.
في العقود الماضية كان لا يوجد علاج فعال لمثل هذه الحالات ولكن الآن تم اكتشاف العديد من الأدوية الحديثة ويأتي على رأس القائمة حقن الانترفيرون وكبسولات الريبافيرين .
و تأتي زراعة الكبد كحل أخير في علاج التليف الكبدي المتقدم أو سرطان الكبد وتتم هذه الجراحة بنجاح في بلدان كثيرة .",DiseaseCondition,الالتهاب الكبدي
متى يظهر كيس الحمل في أطفال الانابيب؟ وهل مرض تكيس المبايض يؤثر عل الجنين ام يسبب اجهاض؟ .لدي ايضا افرازات بنية بها قليل من الدم الدكتورة قالت عادي وعنق الرحم...,يظهر الكيس بعد شهر من نقل الاجنة ، والتكيس قد يسبب الاجهاض,DiseaseCondition,تكيس المبايض
هل أعاني من ارتفاع ضغط الدم إذا كان قياسه بين 90 و 95 مع ألم متنقل في الرأس وطنين في الأذنين و آلآم في الرقبة وتشوش في الرؤية منذ شهر...,اذا كانت هذه الأرقام المذكورة هي للضغط الانبساطي فهي لا شك مرتفعة بالنسبة لعمرك خاصة اذا ما تكررت، ويُمكن أن ينجم عن ارتفاع الضخط أعراض كهذه ولذلك اذا ما تأكد التشخيص عليك الالتزام بالعلاج الطبي الموصوف,DiseaseCondition,ارتفاع ضغط الدم
ما هوه الفحص الذي يكشف التهاب البروستات المزمن غير الفحص السريري ؟,تحليل بول و مزرعة قبل و بعد اجراء فحص شرجي و دلك البروستاتا بالاصبع,Test,تحليل بول و مزرعة
أعاني من حالة اكل الأضافر بشكل مستمر لدرجة انهم لا يطولون وأحيانا الجلد عن طرف الأصبع ما الحل؟؟,توضع ماده مره على الاصابع لإيقاف العاده,DiseaseCondition,اكل الأضافر
هل ادخال الاصبع افقدني عذرية علما انه كانت فترة حيض اي ان الحيض ظهر بعد اقل من 05 دقائق بعد اخال الاصبع,لو انت متاكده انه ادم نزل من الدوره فبالتالي لم يؤاثر الاصبع على غشاء البكره لكن لو الدم كان من الغساء معناه تضرر العساء لكن انا باعتقد ان الاصبع غير كافي لفتح وتمزيق الغشاء,DiseaseCondition,غشاء البكره
"فتاة بعمر 22سنة أصيبت بعدوى اليرقان
هل هو مرض خطير؟؟؟",اذا كان القصد التهاب الكبد الفروسي أ فالأمر غير خطير إطلاقاً. علماً أن مسسبات اليرقان عديدة.,DiseaseCondition,التهاب الكبد الفروسي أ
السلام عليكم ورحمة الله وبركاته عند سوال عمر 40 سنة عندى حرارة عند الاصابة بزكام,الحرارة عند الإصابة بالزكام شئ طبيعي واساسي ،فكل التهاب بكتيري أو فيروسي تكون الحرارة هي العلامة الرتيسية، وفي حالة الزكام يتم تخفيض الحرارة بتناول خافضات الحرارة مثل باراسيتامول أو أيبوبروفين وكذلك تهدئ الصداع وآلام الجسم الأخرى,Symptom,الحرارة
هل يمكن ان يصاب الرجل بالعقم بعد ان ينجب مع العلم انه متزوج من نفس زوجته الني انجب منها؟,نظريا يمكن، إذا حصل انسداد أو توقف في بناء المنويات في الخصية نتيجة التهاب أو مرض أو غيره، أو نتيجة مشاكل عند الزوجة. واجع اختصاصي مسالك بولية.,DiseaseCondition,العقم
كيف اعرف انو غشاء البكارة موجود ؟ علما انو حاولت النظر اليه و وجدت فتحة ولما نظرت مرة اخرى وقت اخر وجدت فتحتين لم اقم بوضع اي شيء داخل المهبل...,الغالب أن هذه فتحة الحيض، ويختلف شكل الفتحة من شخص لآخر. والغشاء لا يتمزق إلا بدخول شيء في المهبل.,DiseaseCondition,غشاء البكارة
انا عندي التهاب شبكي صبغي و انا بشوف قدام عيني خيوط سوده دلوقتي باقيت اشوف زي الضوء الأبيض وكمان نقطه سوده ( كأني شايف صوره فيهاا جزء محروق),هذه عتمات في الساحة البصرية تدعى عتمات ايجابية بسبب التهاب الشبكية الصباغي راجع الطبيب لفحص الشبكية وتقييم حالتك ...,DiseaseCondition,التهاب الشبكية الصباغي
هل يمكن للعقد اللمفاوية الناتجة عن التهاب والسليمة أن تدوم دائما؟,"إن التهاب العقد اللمفاوية هو المصطلح الطبي الذي يُطلق على تضخم في واحد أو أكثر من العقد الليمفاوية في الجسم، وعادة ما يكون بسبب العدوى أو التهاب معين. وتحتوي الغدد الليمفاوية على خلايا الدم البيضاء التي تساعد الجسم على مكافحة الالتهابات. ومن الجدير بالذكر أن العقد الليمفاوية عندما تصاب بعدوى معينة فإنها تزداد في الحجم وتتضخم ويجب أن تعود إلى حجمها الطبيعي بعد الشفاء من العدوى ولكن في حال استمرار تضخمها بعد الانتهاء من العلاج يجب مراجعة الطبيب مرة أخرى ليتمكن من تحديد السبب.
للمزيد:

معلومات حول الغدد الليمفاوية الحارسة
التهاب الغدد اللمفاوية خلف الاذن
كتل وأورام الغدد اللمفاوية

المرجع: Lymphadenitis",DiseaseCondition,التهاب العقد اللمفاوية
"السلام عليكم ورحمة الله وبركاته
أريد أن أعرف إن كان لدي حمل أولا لأن آخر دورة كانت في 1_9 ولكن بعدها بأسبوع ظهرت نقطة دم فاهية اللون ومرضت ونحفت علما...",لايمكن الجزم الا بعمل فحص الحمل بالدم...,Test,فحص الحمل بالدم
فتاة عمري 20 غير متزوجة بدات بالعادة السرية برشاش ماء قوي حاولت التوقف ولكن صعب علي قبل عدة اشهر لاحظت حدوث حكة وحرقان عند تبول وافرازت بيضاء تحولت الى اللون...,ممكن وجود التهابات جلديه او مهبليه و اذا تكررت يجب مراجعه الطبيب للمعاينه و العلاج,DiseaseCondition,التهابات جلديه او مهبليه
"سلام عليكم سبقلي ان اطرحت سؤال عندي مشكل في ""كف"" الارجل الاسفل قصدي ""ابط"" الارجل عندي انتفاخ اسبابو ماشيت
وانا حافي الفدمين على اتربه حاميه من الشمس علما انا من...","تمت الاجابة على سؤالك سابقا , يمكنك الاستفادة من خلال جلسات علاج طبيعي , يبدو انك تعاني من التهاب غشائي عضلي , يحذر عليك المشي حافيا , يمكن الاستفادة من ادوية بريجابلين او جابابنتين يحدد الجرعة طبيب تاهيل او اعصاب",DiseaseCondition,التهاب غشائي عضلي
هل من اجابه انا كنت اخذ مارفيلون لمنع الحمل مدة سنه و4 شهور والان توقفت عنه ولكني بدأت احس بألم اسفل بطني من اول يوم من قطع المارفيلون لماذا لو...,"لا اعتقد بأن هناك علاقة بين الألم المذكور والتوقف عن المارفيلون وقد يكون الألم بسبب اقتراب نزول الدورة او بسبب التهابات في الحوض او المسالك البولية لذا انصح بمراجعة طبيب او طبيبة لتحديد سبب الالم ووصف العلاج المناسب
Ahmed El-Rass, M.D.
Dalia Clinic
Tel. Office: +966 2 660 7068
Mobile +966 505 600 676",Treatment,مارفيلون
قبل فترة اصبت بالتهاب في اللوزتين فاخذت اقراص ازيثرومايسين 500 ملغم عانيت من الاعراض التالية كثرة النبرز ويحتوي بقايا طعام وبهدها بفترة خفقان وبعدها تحسس بالجلد كلسع الحشرات,الأعراض السابقة هي من أكثر الأعراض الجانبية للإريثرومايسين شيوعاًً .. مما يدل على وجود حساسية لجسمك تجاه الإريثرومايسين .. أنصحك بالإبتعاد عن تناول هذا الدواء بدون إشراف طبي و زيارة الطبيب للتعرف على مدى الحساسية و أنواع المضادات الحيوية الأخرى التي يمكن تناولها بدلاً من الاريثرومايسين.,Treatment,ازيثرومايسين
ما هو سبب ظهور بروزات أو تعرجات في الرأس تحت الشعر,"يخلق البعض بفروة رأس فيها تعرجات وطيات، وتسمى هذه الحالة قمم التلافيف تحت الجلد (بالإنجليزية: Cutis Verticis Gyrata) وهي من أسباب تعرجات الرأس. تؤثر هذه الحالة بشكل أساسي على الناحية الجمالية لشكل فروة الرأس. نسبة حدوثها بين الذكور أكثر من الإناث بمعدل 5:1، ويمكن في حالات نادرة جداً أن تزداد التعرجات سوءاً بسبب حدوث أورام ميلانية.
تؤثر التعرجات على وسط وخلف الرأس، وفي بعض الأحيان قد تشمل فروة الرأس بأكملها، ويتراوح عدد التعرجات من 2- 10. و قد تظهر تعرجات الرأس بدون وجود سبب مرضي عند البلوغ وقبل سن الثلاثين، وفي حالات أخرى قد تظهر منذ الولادة نتيجة وجود الوحمة الدماغية داخل الأدمة. 
من أسباب تعرجات الرأس: 

أسباب أولية؛ أي غير معروفة السبب لكن قد يرتبط ظهورها بوجود بعض الأمراض العصبية والنفسية، مثل: الشلل الدماغي، والصرع، والنوبات التشنجية، وتشوهات العيون؛ مثل إعتام عدسة العين. 
أسباب ثانوية؛ أي يرتبط ظهورها بحدوث مشاكل صحية معينة تغير من شكل وبنية فروة الرأس، مثل: ضخامة الأطراف (بالإنجليزية: Acromegaly)، والوحمات الصبغية، وحمات النسيج الضام، والأورام الليفية والشحمية. 

كما يعد حدوث العمليات الالتهابية التالية على فروة الرأس من أسباب تعرجات الرأس ومنها: 

الاكزيما.
الصدفية.
مرض داريير.
التهاب بصيلات الشعر.
القوباء.
التهاب الجلد التأتبي.
حب الشباب. 

للمزيد: 

طرق تغذية فروة الرأس
كيف يمكن علاج الم فروة الرأس بالأعشاب",DiseaseCondition,قمم التلافيف تحت الجلد
السلام عليكم ..اصبت بمرض التهاب المفاصل وذهبت الى الطبيب ووصف لي دواء الكورتيزون وبعد فترة من العلاج تحسنت من ناحية التهاب المفاصل مع ان المرض لم يزول .. ولكن بعد...,"قد يكون الابتعاد عن التوتر والأفكار السلبية بداية الطريق لحل هذه المشكلة لأن معظم حالات النحافة المفرطة تتشكل بسبب عامل نفسي معين يؤثر بشكل مباشر على مستويات الهرمونات ويسبب اضطرابات في النسب ، لذا وجب ابعاد التفكير تماما عن مصدر التوتر .
بإمكانك البدء من هذه اللحظة في التغيير ، عن طريق تناول العناصر الأساسية التي يحتاجها الجسم حتى يبني شكلا متناسقا و مقبولا أكثر ، والعناصر هذه تشمل ( الدهون الصحية مثل شحم اللحوم ، سمن عربي ، زبدة ، زيت زيتون ، مسكرات ، سمك دهني مثل السلمون ، زبدة جوز الهند ، افوكادو ) و ( الكربوهيدرات مثل الرز والمعكرونة والخضروات و البذور الكاملة كالشوفان و الشيا و الكينوا ) و ( البروتينات مثل البيض ، الدجاج ، اللحوم بأنواعها ) ، وفقا لقراءاتك فإن جسمك يحتاج يوميا إلى 2200-2500 سعرة حرارية يوميا ، وعليك إعطاء فرصة لجسمك لتخزين هذه العناصر عن طريق القيام بتمارين تستهدف معظم عضلات الجسم في النادي او كالجري والوثب و القرفصاء ، أيضا يمكنك إضافة بعض التمارين لجدولك اليومي ك تمارين التمدد والاستطالة و المقاومة لكونها تعمل بخاصية الجهد العالي و تحفيز التعرق الشديد في الجسم لذا فإن بناء كتلة الجسم تتسارع مع هذه التمارين ، و يجب أن تتضح لك فكرة أن اكتساب الوزن يحتاج لوقت يقارب 4 أشهر ، ولكن ما تم تطبيق هذه الارشادات فإنك بالتأكيد ستكون راضيا عن النتائج.
ملاحظة : تناول 100 جرام من السمسم صباحا يساعدك بالحصول على ما يفوق ال 500 سعر حراري .
ودمتم سالمين ،،",DiseaseCondition,التهاب المفاصل
طريقه التعامل مع الغريق وهل نطبق له انعاش القلب الرئوي C.P.R ?,نعم يطبق له الانعاش القلبي الرئوي,Treatment,الانعاش القلبي الرئوي
هل هناك فحص لمصاب بالكبد الوبائي ب يبين نسبة العدوى اذا كانت شديدة او لا ؟,"تتعدد الفحوصات المخبرية اللازمة لتشخيص الاصابة بالتهاب الكبد الوبائي ( ب ) , اما اذا تم تشخيص الاصابة فيُوصى بالفحص الكمي للحمض النووي لفيروس التهاب الكبد الوبائي ( ب ) Hepatitis B Virus DNA quantitative وقد يُوصى بفحص العامل المُستضد السطحي للفيروس ( HBsAg ) .",Test,Hepatitis B Virus DNA quantitative
انا حامل في الشهر الثاني و يرتفع ضغطي يوميا ماذا افعل ؟؟,لا داعي للقلق لكن ينبغي أعلام طبيبتك لاستكمال التشخيص ووصف علاج مناسب حماية لك ولطفلك,DiseaseCondition,يرتفع ضغطي
حين استحمامي احسست فجأه بدخول جسم غريب من اسفل القدمين نحو الساقين بسرعه كبيره وبأعداد كبيره تجري داخل جلدي (كالنمل) وصرخت مذعوره بعد رؤيتي شكل ساقي قد ازداد إنتفاخ وتورم...,احسست بخروج الخيوط او رايت شيء يخرج اذا كان احساس فقط ربما يكون حالة حساسية سببها حشرة ما,DiseaseCondition,حساسية
انا حامل ودايما معي صداااع وبشهر الرابع وحتى الرؤية احيانا بتخفف وبيسير غباش بالرؤية,امر طبيعي خلال الحمل بسبب التغيرات الهرمونية وهذا يزول بعد الحمل,Symptom,صداااع
هل إستعمال قشور الرمان وغليها في الماء وغسل الشعر بهذا الماء يقلل من تساقطه علما أن شعري زيتي كثيرا ويسقط وبه قشرة؟فهل من حل لهذه المشكلة؟,قشر الرمان يفيد في علاج القروح ودوالي المرئ وألم الأسنان وقرحة المعدة والبواسير والتهاب اللوزتين وللجروح والتعرق الزائد ونزيف اللثة ونزيف الأنف والاسهالالمزمن ولم أجد أنه يفيد في علاج تساقط الشعر.,Symptom,تساقط الشعر
"السلام عليكم ورحمة الله وبركاته
والدتى لديه تمدد فى الشريان الاورطى واصبح قياس الشريان 5سم هل يمكن اان نعمل لها قسطرة لغرض العلاج وشكرا","يسمى هذا التمدد باللغة العلمية ام الدم الشريانية, وتطلق على الشرايين المتضخمة التي يزيد قطرها باكثر من مرة و نصف عن الحجم الطبيعي, وفي هذه الحالة يعتبر من الدرجة الاولى او الاصغر, وعادة يعتمد التصوير المقطعي (CT SCAN) كافيا لاجراء التشخيص والجراحة, الا في بعض الحالات التي يجب اجراء القسطرة الشريانية, وهذه الحالات هي : ام الدم في منطقة الصدر, التسلخ الاورطي, عندما تكون حدود ام الدم غير واضحة في التصوير المقطعي, ارتفاع الضغط الكلوي , تشوهات الكلية ,وجود اعراض انسداد او تضيق في شرايين البطن, و وجود تضيق شرياني او ام الدم الشريانية في الشرايين الحرقفية او الفخذية. الطبيب العالج هو صاحب القرار",DiseaseCondition,ام الدم الشريانية
علاج جرثومة المعدة للأطفال,ماهو سن الطفل ..:: هي تحتاج الى علاج مكثف لمده قد تزيد عن ال 6 اشهر بالعلاج الثلاثي او الرباعي .. منها مضاده للبكتيريا والجراثيم ، ومضاد حيوي واسع المجال ، ومضادات للحموضة .. ويمكن ذلك من خلال زيارتك طبيبك في عيادته للفحص السريري,DiseaseCondition,جرثومة المعدة
"ما هى فوائد زيت الحلبه للجسم اذا استعمل شربا مع الماء
شكرا","فوائد زيت الحلبة للجسم:
1. فوائد زيت الحلبة للشعر:
زيت الحلبة له تأثير قوي على نمو الشعر ويحد من الصلع وتساقط الشعر والقشور , فهو مصدر جيد لحمض النيكوتينيك والبروتين.
2. فوائد زيت الحلبة للصدر:
فهو تحتوي على الأستروجين وتعمل على تحفيز هرمون البرولاكتين , وكلها عوامل مؤثرة في زيادة حجم الصدر(الثدي) وتسمينه.
3. فوائد زيت الحلبة للبشرة:
يعمل زيت الحلبة على تحفيز تدفق الدم إلى الأنسجة , ولذلك فإن مستحضرات زيت الحلبة تعمل على الحماية من التجاعيد بالوجه والخدود , وله تأثير مرطب للجلد , كما أنه يعمل على إزالة السموم من البشرة بسبب صفاته المضادة للالتهابات.
أضرار زيت الحلبة:
لا ينبغي استخدام زيت الحلبة قبل استشارة الطبيب , ومن الأفضل تجنب استخدامه أثناء فترة الحمل.",Treatment,زيت الحلبه
اشعر بألم اسفل ابطي الايسر ممتد الى جانب الثدي ، كل ماحملت شي او ضغطت بيدي اشعر وكأن شي يتقطع وينشد بهذه المنطقه ولا استطيع ان اكمل حمل الشي خوفاً...,"كم عمرك؟
في خبطه او ضربه ؟ ممكن يكون كسر في احد عضمات القفص الصدري و او التهاب غصروفي خذي مسكن الام",DiseaseCondition,التهاب غصروفي
انا شاب عمري 30 سنة غير متزوج اعاني من ضعف انتصاب وسرعة قذف وهناك خروج لقطرات من البول بعد الخروج من الحمام هل هناك علاقة بين الامرين,ربما يجب فحص البول، للتأكد من عدم وجود التهابات وبلية ، ولا علاقة لذلك بسرعة القذف ولا ضعف الانتصاب بشكل مباشر.,DiseaseCondition,ضعف انتصاب
انا بعاني من تعرق اليدين و الرجلين بشكل كبيرررر .. بعض مرات يصير عندي تسارع في نبضات القلب و دايما احساسي انو جسمي حامي و ايدي و رجلي بفرزو عرق...,عليك القيام بزيارة طبيب اخصائي في الامراض الغدد ENDOCRINOLOGUE,Symptom,تعرق اليدين و الرجلين
العام الماضي عملت تنظيف للاسنان وبعده أصبحت ارى ان لون اسناني أصبحت صفراء علما بأني لا اشرب المشروبات الغازية ولا مشروبات الطاقة ولا الشاي و لا القهوه..فما هو السبب؟,ربما بفعل التنظيف تكون قد ازيلت او قلت سماكة طبقة المينا و شف من خلاله لون طبقة العاج السفلية الصفراء خاصة اذا تمت عملية تنظيف الاسنان عدة مرات في السنة او انه عملية تفريش الاسنان تتم بقوة و بفرشاة خشنة او استعمال بودرة خشنة للتنظيف ... و لا يوجد حل سوى التبييض لتفتيح اللون شرط عدم وجود حساسية في الاسنان,Symptom,لون اسناني أصبحت صفراء
انا مصاب بمرض بهجت واعاني من الامه بالجسم ،ولم يصيب العين حتى الان فماهي افضل طرق الوقايه حتى لا يصل الى العين؟,داءُ بَهْجَت يحتاج إلى تواصل بين المريض والطبيب ليس فقط من أجل العلاج، ولكن من أجل الحد من مضاعفاته سواء على مستوى العين أو أي مكان آخر حيث بالمتابعة الدقيقة لكل نشاط للمرض في الأوعية الدقيقة يتطلب استخدام علاج محدد وخاص وفوري لكبح جهاز المناعة، عدا عن الدواء الخاص بالإصابة ذاتها وهو يختلف من مريض لآخر، ومن الإجراآت العامة التي يمكن اتباعها هو الإكثار من تناوال السوئل خاصة الماء ومعالجة أي التهاب دون تلكئ.,DiseaseCondition,مرض بهجت
انا اعني من الوسواس القهري ونوبات الهلع ووصف لي الطبيب السيبرالكس ونسيت ان اخبره اني اتناول الدينكسيت ل القولون العصبي هل يتفعلان مع بعض ام سلمين لايوجد ضرر بتناول الاثنين,لا يوجد مانع من أخذهما معا,Treatment,السيبرالكس
هل وجود تقرحات تحت لسان في موضع لعاب وفي المري مع حموضة شديد في الفم مع براز غير متماسك من اعراض التهاب او القرحة في معدة,تحتاج الى مراجعة طبيب باطنيه,DiseaseCondition,القرحة في معدة
اعاني من التهاب المسالك البولية لاكثر من سنتين واستخدمت المضادات وجميع احتياطات النظافه وشرب الماء بكثره ولكن دون جدوى ماذا افعل ؟ غير متزوجه,"استعمال المضادات الحيوية يتم بناء على نتيجة الزراعه المخبريه
ربما تحتاجين الى تنظير المثانه للتاكد
راجعي اختصاصي المسالك البوليه",DiseaseCondition,التهاب المسالك البولية
"ماسبب الضغط بالصدر والم باليد اليسرى وحرقة شديدة
يمتد الالم للكتف والرقبة
عشكل نوبات وقت الراحة فقط
عندي كوليسترول وراثي عمري٣٣
فحوصات القلبية من سنة سليمة من ضمنها القثطرة",من الممكن أن تكون المشكلة لديك في الأوتار الكتفية,Symptom,الم باليد اليسرى
"السلام عليكم
اريد ان اعرف انواع الجروح وكيفية التعامل معها في علاجها واسعافها؟
وشكرا","تفرق الاتصال والاستمرار الطبيعي للسطح الخارجي لأي جسم، أو عضو داخلي، ناتج عن سبب خارجي، ويختلف عمقه حسب المسبب ويجوز أن يصيب الأنسجة الرخوة التي تلي الجلد، أو الغشاء المخاطي، وكذلك العضلات والمفاصل، أو التجاويف الصدرية والبطنية والجمجمية.
تقسم الجروح تبعاً لكيفية حدوثها ولمسبباتها إلى:
1- التسلخات والسحجات: وهي كشوط بالجلد، أو الغشاء المخاطي من احتكاك بجسم غريب.
2- الجروح القطعية: وتنتج ... راجع ا\جرح في القاموس للنزيد، وراجع مقالات الإسعاف الأولي للتعامل مع الجروح.",DiseaseCondition,الجروح
ضرس العقل لدي قد خرج قليل منه والباقي مغطى بااللثه هل يتم خلعه كاأي سن في هذه الحاله أم يحتاج إلى جراحه لخلعه أرجو الرد بوضوح ؟!,اذا كان اتجاه نموه صحيح و ليس فيه التهابات او الم فلا داعي لقلعه. ممكن قص اللثه من فوقه في حال كانت تسبب الم.,Treatment,قص اللثه
ماهي الاهمية الطبية للجلوكوز والفركتوز والجالكتوز؟,"الجلاكتوز هو نوع من انواع السكر يدخل في تركيب الكثير من البروتينات والدهون في الخلايا
اذا تم اضافة الجلوكوز له برابطة ثنائية ينج عندنا سكر اللاكتوز وهو من اهم مكونات الحليب الطبيعي
الخلل في تمثيل السكر يؤدي الى امراض في العين وفقدان حاسة الشم واختلال وظائف الكبد والكلى
الجلوكوز ويسمى ايضا سكر العنب اوسكر الذرة وهو المصدر الاساسي للطاقة داخل الخلية
الفركتوز هو نوع اخر من السكر يكون مكونا لجدار الخلايا واي خلل في تمثيله يؤدي الي اختلال في وظائف الكبد والكلى",DiseaseCondition,الخلل في تمثيل السكر
هل يمتص الشاي الخضر الحديد من الجسم؟وما هي الطرقة المثلة لاختيار النوعية الجيدة او الممتازة منه وتفادي النوعيات التجارية السيئة؟وهل له مضار,"هناك ثلاثة انواع مستخدمة من الشاى وهى :
الشاى الاسود black tea .
الشاى الاخضر green tea .
الشاى الالونج Oolog tea .
والشاي الأخضر أفضلهن لكثرة فوائده بالنسبة للآخرين ، وتستطيع معرفة النوع الجيد من الشركة المسوقة ومكانتها في السوق مثل مثلا الشاي الحمر الأفضل هو شاي ليبتون --مع أنني لا ولم أشرب الشاي-
الطريقة الصحيحة لتحضير الشاي
+ملء الغلاية بالماء المفلتر والنقي من الشوائب
+غلي الماء على النار حتى يفور الماء وليس بمجرد أن يسخن
+يوضع ملء ملعقة صغيرة من الشاي لكل
+يترك الشاي في الماء مدة 3دقائق والوعاء مغطى ثم يصب في الكأس ويشرب
من فوائد الشاي الأخضر
1- يخفض مستوى السكر في الدم، وضغط الدم، ومستوى
الشحوم المخزونة في الجسم، والكولسترول الضار، ويزيد من
مستويات الكولسترول النافع.
2- يُساعد على الوقاية من التسمم الغذائي، ومن السرطان،
ويمنع رائحة الفم.
3- يزيد من الأكزالات وليس اليورك أسد،
أما فوائد الشاي الأحمر
فهي قليلة،
ومن فوائده أنه منبه
يُستعمل لزيادة التركيز.
ومن اضرار الشاىبأنواعه الثلاثة
نقص الوزن، ونقص الحديد في الجسم، حيث أنه يعيق امتصاص الحديد من المواد الغذائية الأخرى ، ولهذ ينصح بتناوله بعد ساعتين من الأكل وما يفعله الناس من شرب الشاي أثناء الأكل خطأ وضار، والشاي الأخضر إضافة لذلك يعيق عملية امتصاص البروتينات من اللحم ، وكذلك يسبب
الأرق، وعند بعض الناس تهيّج المعدة، وتأثر في الكلى تأثير
بسيط، حيث أنه يزيد من إدرار البول",Treatment,الشاي الخضر
ما هي تفضل طريقه لمنع الحمل الغرسه او اللولب,من وجهة نظري الشخصية اللولب هو الأأمن في كل هذه الحالات لأنه ممكن التحكم فيه أي وقت,Treatment,اللولب
ما هو تاثير عشبت المرميه علي الكائنات الحيه,تعتبر الميراميه من الاعشاب المفيده للانسان وخاصة للامعاء والمغص وغير ذلك اما بالنسبه للاسنان واللثه فان المضمضه بمنقوع اللثه بعد غليها يساعد على الحد من التهاب اللثه والحد من تقلقل الاسنان,Treatment,المرميه
ابنتي عمرها 25 سنة قامت بتحليل الدم السنوي فلوحظ ارتفاع انزيم كرياتين كيناز الى 2441 هل يسبب خطرا على صحتها وما السبب في ارتفاعه وشكرا,يجب عمل رسم قلب كهربي للاطمئنان علي عضلة القلب,Test,انزيم كرياتين كيناز
انا استعمل كريم ترافازول وقد ظهر على جسمي حكة من بعد استعمال الكريم هل يمكنني معرفة السبب,غير مناسب وسبب لك حساسيه,DiseaseCondition,حساسيه
أنا فتاة عمري 18 عندي كتله تحت الابط الايمن من 6سنوات الكتله تولم ذراعي و الثدي الايمن ولكن منذ فترة زاد الألم مع الدورة الشهرية وايضا الألم اصبح في الجزء...,لاخوف انشاء الله ولكن اعرضي نفسك علي جراح ليطمئنك اكثر,DiseaseCondition,كتله تحت الابط
اعاني حساسية في الدم. في البداية ظهرت بقع حمراء على كامل الجسم مصحوبة بحمى مرتفعة ،انخفاض الضغط الدموي ،ضيق في التنفس و انتفاخ عام التي تسبب لي فشل و ارهاق...,"لابد من زيارة طبيب للشرح على استخدام إبرة انقاذ الحياةepipen injector
الابتعاد عن مسببات الحساسيه
الادويه الوقائية لابد من توفرها معك",DiseaseCondition,حساسية في الدم
أعاني من النحافة رغم أنني أقوم بأكل العديد من المأكولات الذهنية ولا يتغير أي شيء في جسدي هل هو ناتج عن مرض في القلون العصبي,القولون العصبي لا يسبب النحافة بحد ذاته، فهو يؤثر على قدرة الشخص على تحمل بعض انواع الاغذية و في حال بقي تناول الطعام كالمعتاد او اكثر من المعتاد فالبضرورة هناك اسباب اخرى للنحافة و عليه لا بد من التقييم الصحي و التغذوي ليتسنى معرفة السبب الرئيسي و عليه يتم وصف العلاج المناسب .,DiseaseCondition,النحافة
ماسبب الوهن العام والدوخةوتسارع ضربات القلب والاحساس بالتقيؤ,"هناك اسباب عديدة للوهن العام وللدوخة منها ما يتعلق بالجهلز الهضمي او بضغط فقرات عظام الرقبة على الاعصاب او اي خلل يتعلق بالكلاوي وعملها
ارجوك اشرح لي الحالة بالتفصيل العمر والجنس والتاريخ الصحي كي استطيع ارشادك او استشر طبيب فالمعاينة المباشرة افضل في وضعك لعمل الفحص السريري اولا قبل الفحوصات المخبرية",Symptom,الوهن العام
ضهور خدوش على راس قضيب و جلد قضيب و هل عادة سرية و اسمناء يسبب ذلك وما علاجها,طبعا إذا كنت تستمني بعنف او تستعمل بعض المرطبات الحارقة او التي تحتوي على مواد عطرية قد تسبب لك حساسية . توقف عن ممارسة هذه العادة وسترى الامور عادت الى طبيعتها . وما رأيك في الزواج !!,DiseaseCondition,خدوش على راس قضيب
طفلي فيه سعلة مع بلغم مع شحرجة بصدره وحمى,"هذي كلها أعراض إلتهاب في الشعب الهوائية
يحتاج مراجعة الطبيب",DiseaseCondition,إلتهاب في الشعب الهوائية
ماهي الاهمية الطبية للجلوكوز والفركتوز والجالكتوز؟,"الجلاكتوز هو نوع من انواع السكر يدخل في تركيب الكثير من البروتينات والدهون في الخلايا
اذا تم اضافة الجلوكوز له برابطة ثنائية ينج عندنا سكر اللاكتوز وهو من اهم مكونات الحليب الطبيعي
الخلل في تمثيل السكر يؤدي الى امراض في العين وفقدان حاسة الشم واختلال وظائف الكبد والكلى
الجلوكوز ويسمى ايضا سكر العنب اوسكر الذرة وهو المصدر الاساسي للطاقة داخل الخلية
الفركتوز هو نوع اخر من السكر يكون مكونا لجدار الخلايا واي خلل في تمثيله يؤدي الي اختلال في وظائف الكبد والكلى",DiseaseCondition,الخلل في تمثيل السكر
استخدم السيلدنافيل لضعف الانتصاب ولاكن اعاني من اثاره الجانبيه وتاثيره علي القلب . رجاء الافاده في حاله وجود بديل اكفأ .موضعي مثلا. له نفس الفوائد واقل ضررا,عليك تحسين لياقتك البدنية بممارسة الرياضة اليومية والتغذية المتوازنة وتناول المكسرات والعسل وعسل الملكات، وهذهلائحة بالأطعمة التى تساعد على التخلص من الضعف الجنسى مثل: الثوم، البصل، القمح، الموز،الزنجبيل، حبة البركة، التمر، الحلبة، الحمص، العدس، بذر الكتان، الكاكاو، الزعفران، جوز الطيب، القرنفل، العود، الكرفس، الشبت، التوت، الأسماك الدهنية ، التفاح.وستتحسن بالتدريج.,Treatment,السيلدنافيل
هل شرب ثلاث كوؤس من عصير البرتقال الطبيعي المصنع في البيت بدون سكر يعتبر مناسب وليس منه ضرر ويمد الجسم بالفيتامينات الكافيه؟,"البرتقال : فاكهة ذات قيمة غذائية وطبية عالية ,وهو من أغنى المصادر الغذائية بالفيتامين C الطبيعي.وهو يحتوي على مركبات كيميائية طبيعية مهمة جدا.البرتقال قليل الوحدات الحرارية فهو مناسب لبرامج الريجيم الصحي
القيمة الغذائية للبرتقال في كل 100 غ موضحة في الجدول التالي :
ماء 87 غ
بروتين 0.9 غ
دهون وزيوت 0.2 غ
سكريات 12 غ
ألياف 0.4 غ
طاقة حررية 47 وحدة حرارية
لذا يفيد البرتقال :
· تزويد الجسم بكميات وافرة بفيتامين C الضرورية للنشاط والحيوية بالاضافة الى المساهمة في عمليات الاستقلاب الغذائي وتركيب وتعويض أنسجة الجسم الحيوية.
· تزويد الجسم بكميات مناسبة من الفيتامينات B وحمض الفوليك اللازمة لبناء كريات الدم الحمراء.
· تزويد الجسم بكميات مناسبة من الأملاح المعدنية التي تتضمن الكلسيوم,المغنيزيوم,البوتاسيوم,الفوسفور,السيلينيوم,النحاس,الزنك.
· يفدي في معالجة : الرشح والكريب ,الحصى البولية,الخمول وضعف النشاط,عسر الهضم,الالتهابات والحساسية,التهاب اللثة ولأسنان,ضعف الشهية,المغص وآلام المعدة,الأورام وخاصة أورام الثدي,ضعف القلب وتصلب الشرايين.
الخلاصة : البرتقال نافع جدا وضروري لكل انسان ويمكن ان يؤخذ بكميات وافرة دون أي ضرر وبأي مرحلة من العمر كغذاء أساسي من الفاكهة وللوقاية والعلاج لمعظم الأمراض الشائعة.
نصيحة : حتى تحصل على أفضل النتائج وأكبر فائدة من البرتقال : إبقاء القليل من القشور قدر الأمكان على الثمرة عند تقشيرها وأكل الثمرة (أفضل من العصير فقط) فالفائدة كل الفائدة في الطبقة الاسفنجية البيضاء الموجودة تحت الطبقة الملونة من القشرة.",Treatment,عصير البرتقال
السلام عليكم، عمري 26 سنة وزني 60 كغ وطولي 174 سم أعاني من ألام خفيفة منذ شهرين في الجهة اليسرى من بطني (القولون) ذهبت الى الطبيب قال لي أنه بسبب...,إذا لم يكن هناك تناقص سريع و مستمر فى الوزن و ليس هناك أى أعراض أخرى فلا داعى للقلق و يمكن استخدام أقراص لتقلصات القولون مثل مادة مبيفيرين ، يبدو أنك تعانى من القولون العصبى نتيجة التوتر ..,DiseaseCondition,القولون العصبى
لحضة في البراز عندي انهو كل فتره كذا يطلع لين و مره يكون جداً قاسي هل هذا طبيعي مع العلم ان معدل البراز كل يومين تقريبن,من اعصاب القولون,DiseaseCondition,اعصاب القولون
"هل يحدث حمل ؟
انا شاب عندي 30 سنه ومتزوج منذ سنة ولم تحمل زوجتي عملت تحليلات وهذة النتائج العدد 37 مليون نسبة التشوهات الاجسام الغير طبيعية 55 % الحيوانات...","حركة الحيوانات المنويه لديك ضعيفه نسبيا مما يعيق الحمل
وهذا الامر ناتج عن وجود دوالي على الخصيه اليسرى
الحل هو ازالة الدوالي الموجوده على الخصيه اليسرى بعمليه جراحيه او باية طريقه .......",DiseaseCondition,دوالي على الخصيه اليسرى
السلام عليكم قبل الدورة باسبوع ينزلي خيوط بني او احمر فاتح وتجي الدورة بموعدها تكررت معي ٦ شهور ماالسبب وهل يمكن ان تكون السبب في منع الحمل متزوجة من سنتين...,هذا خلل هرموني خذي من يوم ١٦ للدوره خذي ٢ حبه في اليوم لمده ١٠ يوم وكرريه وراقبي التبويض,DiseaseCondition,خلل هرموني
انا اجهضت في نصف الشهر الثاني من الحمل وقد مضى على ذلك شهر واسبوع وللآن احس بأن بطني اكبر من السابق ولا تعود لحجمها الطبيعي ما السبب؟؟,من الافضل عمل صوره تلفزيونيه للتاكد من سلامة الرحم,Test,صوره تلفزيونيه
كنت نايم بالليل واستيقظت بحكه في جسمي كله وبعد الحكه تهيج وانتفخ وقمت بمسحه بمويه بملح واختفى الانتفاخ والتهيج ولم اذهب للطبيب الكلام هذا قبل 4 شهور وما اتكررت الرجاء...,"ارتكاريا او حساسيه
تحدث بنسبه1%للناس العاديين
لا داعي للقلق",DiseaseCondition,ارتكاريا
السلام عليكم دكتور عمري 18 سنة ولدي انقطاع في الطمث لمدة شهر يعني جوان لم يأتيني الحيض وقبله في ماي اتى ولكن قليل جدا استمر يومين فقط و الان اشعر...,راجعي لعمل سونار والهرمونات,DiseaseCondition,انقطاع في الطمث
السلام عليكم ورحمةالله....انا أقمت بمصرمنذسنتين ومع بداية كل شتاء اعاني من حساسية حكة شديدة وتذداد بعد الحمام وتبلل جسمي بالماء وأفضل احك جسمي لساعات طويلة,"عليها الإمتناع عن تناول الحلويات والبيض والسمك والموز وتناول حبة تل فاست عيار 180 ملغ كل مساء قبل النوم مع تناول حبة زنك عيار 50 ملغ يوميا بعد الفطار,وابتعدي عن تناول المسكنات ما عدا براسيتمول وابتعدي عن الدايكلوفينات وحبوب المفاصل ما عداINDOMETHACIN",DiseaseCondition,حساسية
ما فائده تناول فصين من الثوم على الريق ؟؟؟ هل يضر المعده ؟ هل يذيب الدهون ويزيل الكرش ؟؟ هل تنصحووني به ؟ والي متى استمر عليه علما انو الكولسترول...,هذه وصفات شعبية ليس لها دراسات ولا أرقام تدعمها، ولكنها بالتأكيد مفيدة في كل ما ذكرت، ولكن بدون أرقام، ولعلاج الكولسترول يجب عليك بالإضافة للأعشاب والعلاجات الطبيعية أيضاً تناول الأدوية من الستاتينات حسب وصفة الطبيب المعالج.كذلك و يجب تخفيف وزنك اذا كنت تعاني من السمنه و قد تكون رياضة المش مفيدة لك,Treatment,الثوم
مرحبا .. اعاني من ترهل بسيط في الذراعين ممكن المساعدة بدهن او طريقه لشد المنطقة ..جربت الرياضة وحصل تغير بسيط,"تراكم الدهون و ترهل جلد الذراع يعتبر علامة من علامات السمنة المفرطة أو فقد الوزن بطرق عشوائية مم يؤدى لتأذى النفس مع عدم أمكانية لبس نوعيات من الملابس. هل تعانى من تلك المشكلة؟ لا تقلق فالحل سهل و بسيط. فجراحات التجميل توفر لك ذلك الحل ما بشفط للدهون مع أو بدون أزالة للترهلات الجلدية. ولكن للحصول على الحجم المثالى للذراع يجب أن تلعم أن عملية إزالة الترهلات تترك ندبات تختفى فقط بالملابس. و يطلق على تلك العملية بالإنجليزية لفظ ""بركيوبلاستى (Brachio-plasty)"". إن شد الذراع سواء بالشفط أو بالجراحة يمكنك من الحصول على ذراع رقيق متناسق مع أجزاء الجسم الأخرى. فى الآونة الأخيرة و مع ظهور التقنيات الحديثة لجراحة التجميل أصبحت تلك النوعية من العمليات بسيطة و سريعة مع الحصول على نتائج أفضل و تقليل نسبة حدوث مضاعفات بعدها. مع أنتشار مفهوم جراحات التجميل و أزدياد الدعاية الغير صحيحة لعمليات التجميل و قيام بعض الأشخاص الغير متخصصين بمثل تلك العمليات فعليه أصبح من المحتم على كل مريض يبغى التجميل أن يفهم جيد جميع الأبعاد لمشكلته و ما يمكن علاجة و ما لا يمكن علاجه بعمليات التجميل و المشاكل و التكاليف المحتملة..ألخ. و عند الأقدام على أى عملية تجميل يجب أن تعى تمام أنه من المستحيل الرجوع للشكل السابق بعد تغييره. لذلك خذ من الوقت ما يكفيك لقراءة كل ما يتعلق بالموضوع لتأخذ قرارك السليم. لمن تصلح عمليات شد ترهل الذراع؟ عمليات شد ترهلات الذراعين من أكثر أربع عمليات شيوع تتم للمرضى بعد فقد الوزن و جراحات السمنة المفرطة. حيث أنه بتمدد جلد الدراع لمستويات أعلى من مرونة الجلد تحدث تشققات بطبقة الألياف بالجلد مم يؤدى لفقد الجلد لمرونته و يعطى شكل الخطوط الحمراء أو الداكنة و يليه الخطوط البيضاء بالجلد. و مع تغير كم الدهون او الشحوم بتلك المنطقة لا يعاود الجلد لوضعه الأولى و بالتالى يحدث الترهل و يزيد من هذ الترهل نظرية الجاذبية الأرضية. الأفراد ذوى الجسم النحيف قد يعانون ايض من تلك المشكلة نتيجة لأسباب التقدم بالسن أو أسباب وراثية. التغير فى وزن الجسم بأستمرارية بالزيادة و النقصان فى فترات قصيرة و أنقاص الوزن بطريقة سريعة عشوائية أيض من المسببات لترهل الذراع. كذلك بعض الرياضيين قد يعانون من هذه المشكلة أذ تم التركيز على عضلات الذراع فى التمرينات أو استخدام بعض المواد الغذائية المسببة لتضخيم العضلات بطرق غير طبية. وبشكل عام تصلح عملية تجميل الذراع: - أكبر من 18 سنة - وتعانى من ترهلات بالذراع. - و ووزنك ثابت لمدة ستة أشهر. - و لا تعانى من سمنة مفرطة. - وليس لديك من المشاكل الصحية مايمنعك عن القيام بالعمليات الجراحية. - ولديك من التوقعات ما هو واقعى و يناسب حالتك. أنواع الترهل فى الذراعين: يوجد أربعة أشكال أو أنواع لترهلات الذراع تقسم بحسب كم و مكان الترسبات الدهنية أو الترهلات: النوع الأول : ترهل جلدى بدون أو مع القليل من الترسبات الدهنية (مثل حالات مابعد جراحات السمنة المفرطة). النوع الثانى : زيادة فى كل من الجلد و الدهون (مثل حالات السمنة). النوع الثالث : زيادة فى الجلد مع أو بدون ترسب دهنى بالثلث العلوى من الذراع (مثل حالات التقدم بالعمر). النوع الرابع : زيادة فى الجلد مع أو بدون ترسب دهنى بالثلث السفلى من الذراع (مثل حالات التقدم بالعمر و فقد الوزن بطريقة عشوائية). كيف تتم عملية شد الذراع؟ - عادة ما تستغرق العملية ما بين ساعة لثلاث ساعات بحسب نوعية العملية. - يمكن أن تتم بتخدير موضعى مع مهدئ و إن كان أغلب الحالات تتم تحت تخدير كلى لراحة المريض. - شفط الدهون فقط قد يعطى النتيجة المرجوه وخاصة فى غياب ترهل بالجلد و إن كان سن المريض لم يتعدى الثلاثون. - تتم عملية شد لترهلات الذراع إذ كان هناك ترهل بالجلد أو كمية الدهون كبيرة. - تبد العملية بعمل تحديد لخطوط الشق الجراحى سواء كان بطول الذراع ممتد من الإبط للكوع (الشكل التقليدى للجرح) أو كان جرح بشكل السمكة (الشكل الجديد الصغير للجرح) أو فقط بمنطقة الإبط (الشكل العرضى للجرح). تم تقليل : 67% من الحجم - ثم يتم وضع سائل لعمل إنقباض بالأوعية الدموية و من ثم تبد عملية فتح الجرح كم هو محدد له مسبق مرور بالجلد و الدهون وحتى طبقة الأغشية المحيطة بعضلات الذراع. - يتم فصل الجلد والدهون عن تلك الطبقة فى أغلب منطقة الذراع ليكون الجلد حر و يمكن شده. - يتم تحديد كم الترهل الزائد ليتم إستئصاله تدريجي مع غلق للجروح فى عدة طبقات لتقليل أثار الندبات. - يتم تغطية الجرح بعد ذلك بغيار طبى معقم للحفاظ عليه من التلوث الخارجى ما يمكن توقعه أثناء فترة النقاهه و ما بعدها؟ - بالرغم من و جود بعض الكدمات و التورمات التى تلاحظه بجلد ذراعك لكنك أيض ستلاحظ أيض أن حجم الذراع أقل بكثير مم كنت عليه سابق مباشرة بعد العملية. كم ان تلك التورمات تزول خلال أيام من بعد العملية. ما بالنسبة للألم فهو محتمل ويتم علاجه بالمسكنات مع رفع الذراع فوق مستوى القلب. - بعد العملية تستمر فترة المراجعات و المتابعة الطبية لأسبوع او أسبوعين يتم فيه تغيير الغيار المعقم و فك للغرز الجراحية. - لبس مشد من أهم العوامل المساعدة على نجاح العملية و تقليل كل من التورمات و الألم. - يمكنك الأستحمام و أستخدام اليد خلال الأسبوع الأول من بعد العملية. كم انه يمكن ممارسة الحياة الطبيعية فى اليوم التالى للعملية و لكن بأحتراس لإستعمال اليد. ولكن يمكنك ممارسة الرياضة بعد شهر من العملية. ما هى المشاكل و الأعراض الجانبية لعملية شد الذراع؟ بالطبع أستخدام العلاجات الطبية و أتباع التعليمات قبل و بعد العملية من العوامل المهمة لتقليل نسبة حدوث مضاعفات بعد العملية و إن كان هناك تهاون فى ذلك فالألتهابات الميكروبية و التجمعات الدموية والندبات الواسعة قد تحدث. ما مدى استمرارية النتائج؟ أغلب المرضى يحتفظون بالنتائج مدى الحياة و إن كان فى بعض الأحوال قد يصاب المريض بسمنة مفرطة بعد العملية و يعاود الذراع للأنتفاخ و التهدل و لكن قلم ما يحدث ذلك. ما هى تكاليف عملية شد أو تصغير الذراع؟ غالب لا يعنى السعر المرتفع كفاءة الجراح أو شكل النتائج. فمعظم المستشفيات الخاصة و المراكز تهتم أكثر بالماديات و تخصص لتكاليف إعلاناته الميزانية لذلك تكون أسعاره أعلى بنسبة 20 ٪ أو 30 ٪ لتغطية تلك التكاليف. نظر لإنتشار مراكز التجميل و دخول بعض الأطباء الغير متخصصين فى ذلك المجال لذلك يتوجب على المريض ان يتوخى الحذر فى أختيار الجراح المتخصص فى ذلك المجال و لا مانع أن يطالبه برؤية شهادته و لا يكتفى المريض باستخدام التكاليف كمحدد أساسى لأختيار من يجرى العملية. لذلك فلابد و ان لا تشكل التكاليف عمل أساسى فى أختيارك للجراح ولكن العامل الأكثر أهمية هو أن تشعر أنك كنت تحصل على النتيجة الصحيحة لهذه العمليات. تختلف تكلفة العملية بحسب حجم الدهون و ترهل الجلد و بالتالى نوعية العملية المراد إجرائه و لكن فى الغالب تتراوح التكلفة بين 1000 إلى 1500 دولار امريكى او ما يعادلها. و لا تغطى شركات التأمين الصحى عمليات شد الذراع. أسئلة شائعة من المرضى عند التفكير فى عمليات شد الذراع؟! سؤال: هل يمكن عمل تصغير للذراع بشفط دهون فقط؟ جواب: يمكن فقط إن كان سنك أقل من ثلاثون عام و لا يوجد ترهل بالجلد. سؤال: ما هى اثار العملية؟ جواب: مشكلة هذه النوعية من العمليات الساسية هى الندبات أو أثار العملية. سواء كان بطول الذراع ممتد من الإبط للكوع (الشكل التقليدى للجرح) أو كان جرح بشكل السمكة (الشكل الجديد الصغير للجرح) أو فقط بمنطقة الإبط (الشكل العرضى للجرح) و بالطبع مع الحصول على فائدة تقليل حجم الذراع و لبس الملابس المراده لن ينظر كثير لشكل الندبات و لكن على المريض ان يعى شكله كم موضح بالصور أعلى الصفحة. سؤال: ما نوع التخدير المستخدم و متى يمكننى ممارسة الحياة الطبيعية؟ جواب: يمكن أن تتم بتخدير موضعى مع مهدئ و إن كان أغلب الحالات تتم تحت تخدير كلى لراحة المريض. يمكن ممارسة الحياة الطبيعية فى اليوم التالى للعملية و لكن بأحتراس لإستعمال اليد. ولكن يمكنك ممارسة الرياضة بعد شهر من العملية. سؤال: ما هى الأعراض التى قد تحدث خلال اليام التالية مباشرة لعملية شد الدراع؟ جواب: بعض التورمات و الكدمات و الألام الخفيفة التى تعالج برفع الذراع و المسكنات. سؤال: ما هى ضمانات نجاح العملية؟ جواب: لا شك ان اتباع تعليمات قبل وبعد العملية تمثل عامل اساسى للحصول على النتائج المرجوه. كم ان المتابعة الدقيقة مع الجراح خلال الأشهر الأولى هامة جدا. و إذ حدث مشكلة ما أو نتيجة غير مرجوه يتم أعادة العملية بتكاليف مخفضة خلال الثمانية أشهر الأولى. سؤال: متى يمكن الحصول على النتائج النهائية و مدة استمرارها؟ جواب: خلال ثلاثة أشهر بعد العملية. و تستمر مدى الحياة. ملخص عمليات تجميل أو شد أو تصغير الذراعين: مدة العملية:من ساعة لثلاث ساعات. نوع التخدير او البنج المستخدم: كلى فى الغالب و موضعى مع مهدئ فى بعض الأحيان. مكان إجراء العملية:فى مستشفى أو مركز جراحات تجميل مع الخروج فى نفس اليوم. الأعراض المتوقع حدوثه فى فترة النقاهه:بعض التورمات و الكدمات بالجلد و بعض الألام التى يتم معالجته بالمسكنات. فترة النقاهه:يمكنك ممارسة حياتك الطبيعية خلال أيام بعد العملية و النتائج النهائية خلال ثلاثة أشهر بعد العملية. تكاليف العملية: تختلف بنوع الطريقة المستخدمه و لكن تتراوح بين 1000 إلى 1500 دولار أمريكىإلى 7500 جنية مصرى. النتائج: مستمرة مدى الحياة",Treatment,شفط للدهون
اعاني من مشلكه ف ضربات قلبي كل تقريبا خمس دقايق بحس وكأن قلبي وقف وعمل زي دربكه وضربات سريعه لمده ثلاته او اربعه ثواني ويعود لطبيعته وهذا بصفه مستمره كل...,عليك بمراجعه الطبيب و عمل تخطيط القلب لمعرفه نوع اضطراب النبضات و علاجه,Test,تخطيط القلب
"السلام عليكم
أنا والدي ياخذ جلسات كيماوي بعد استئصال ورم في القولون
الجلسه الثانيه كانت متعبه عكس الاولى باقي اربع جلسات هل سيكون تاثيرها اقل ام اقوا
تعب كثير مع...",على حسب نوع العلاج الكيماوى وسن الوالد ونوع الورم لابد من اعطائنا كل المعلومات لنفيدك,Treatment,العلاج الكيماوى
اعاني من مرض الحزاز كيف يتم علاجه,سؤالك عام جدا وليس هناك تحديد ولا شرح عن ما تعاني منه وفي اي جزء من الجسم غالباً ما تكون الحالة خفيفة وقد لا تحتاج معالجة أو فقط استعمال ستيروئيدات قشرية موضعية ذات فعالية منخفضة لذا يجب عرض الموضوع على طبيب جلد لتأكيد التشخيص وفحص حجم الاصابة ونوعها لأعطاء العلاج المناسب والصحيح,DiseaseCondition,الحزاز
ما فائده تناول فصين من الثوم على الريق ؟؟؟ هل يضر المعده ؟ هل يذيب الدهون ويزيل الكرش ؟؟ هل تنصحووني به ؟ والي متى استمر عليه علما انو الكولسترول...,هذه وصفات شعبية ليس لها دراسات ولا أرقام تدعمها، ولكنها بالتأكيد مفيدة في كل ما ذكرت، ولكن بدون أرقام، ولعلاج الكولسترول يجب عليك بالإضافة للأعشاب والعلاجات الطبيعية أيضاً تناول الأدوية من الستاتينات حسب وصفة الطبيب المعالج.كذلك و يجب تخفيف وزنك اذا كنت تعاني من السمنه و قد تكون رياضة المش مفيدة لك,Treatment,الثوم
نفسي كريه جدا علي مدار الوقت ويوجد عندي غازات كثيره تخرج مني ورائحتها كريها وحاسس بشئ في زوري يطلع وينزل وحرقان بعد اوقات,أهم خطوة في العلاج هو معرفة المسبب ... فلا بد من تشخيص الحالة اولا و هناك عدة اسباب قد يكون مصدرها الفم مثل النخور و التهاب اللثة ...و مناطق اخرى مثل الجيوب الانفية و المعدة و الرئتين... بشكل عام اكثر مصدر لرائحة الفم شيوعا هو اللسان ... فالتنظيف الجيد للسان باستعمال اداة خاصة تبااع في الصيدليات Tongue cleanerللفم مهم... و التفريش الجيد باخذ وقت كاف بحدود 3-5 دقائق و قبلها استعمال خيط الاسنان الطبي بين جميع الاسنان للتاكد من عدم وجود بقايا طعام ... .... و في النهاية استعمال مطهر فموي طبي يحتوي على مادة الكلروهيكسيدين Chlorhexidine Gluconate .12 % لمدة اسبوعين يمكنك استعماله كغرغرة للحلق كذلك,Symptom,رائحة الفم
ماسبب الوهن العام والدوخةوتسارع ضربات القلب والاحساس بالتقيؤ,"هناك اسباب عديدة للوهن العام وللدوخة منها ما يتعلق بالجهلز الهضمي او بضغط فقرات عظام الرقبة على الاعصاب او اي خلل يتعلق بالكلاوي وعملها
ارجوك اشرح لي الحالة بالتفصيل العمر والجنس والتاريخ الصحي كي استطيع ارشادك او استشر طبيب فالمعاينة المباشرة افضل في وضعك لعمل الفحص السريري اولا قبل الفحوصات المخبرية",Symptom,الوهن العام
تعرضت لولادة مبكرة منذ 6 شهور ، حيث تمت الولادة بالشهر السابع و فقدت الجنين و إلى الان لم تتحسن نفسيتي اشعر انني اصبحت حساسة جداً و ابكي لأتفه الاسباب...,العلاج بأن تحملي الان,DiseaseCondition,ولادة مبكرة
انا سيده اعاني من كبر بطني بشكل غير طبيعي فهل هذا مؤشر لمرض معين وان لو يكن كذالك فكيف اصغر من حجمها,يعود كبر الكرش الى العادات الغذائية السيئة والأكل الزائد عن الحاجة وتناول الدهون والنشويات والسكريات ن وأفضل طريقة لعلاج الكرش هي تغيير عادة الأكل والإعتماد على الخضروات الخضراء بدون زيت وممارسة تمارين رياضية وارتداء حزام حول البطن لتصغير حجم المعدة وممارسة شد البطن ن ويمكن اللجوء الى عملية جراحية لربط المعدة,DiseaseCondition,كبر الكرش
تاخر الدوره الشهريه ٩ ايام لاول مره وظهر ف الاختبار المنزلي سلبي ع ٧ ايام,راجعي للفحص,DiseaseCondition,تاخر الدوره الشهريه
عند الاتكاء على جنبي جهة اليسار من ٥ ل ١٠قايق يحدث معي الم شديد في الصدر على نفس الجهة اشبه بي تشنج العضلات. راجعة دكتور شخصني بدن تخطيط ولا صور...,مسببات الالم في الصدر ناحية اليسار وخصوصا عند الاتكاء ، كثيرة منها تقلص عضلات القفص الصدري ، تقلص عضلات الرقبة وخشونة فقراته ، كما ان التهاب الغشاء البلوري للرئة او الغشاء التاموري الذي يغلف القلب ، عموما انصح بعمل تخطيط قلب للاطمئنان واستشارة طبيب روماتيزم,Test,تخطيط قلب
هل 30 مليون حيوان منوى فى المل كاف لحدوث حمل طبيعى,"طبعا فان هذا العدد يكفي تماما
اذا كانت العلامات الاخرى طبيعيه",Test,30 مليون حيوان منوى فى المل
اشعر بالحرق اثناء البول ولدي التهابات شديدة هل هذا يعني اني لم اعد املك القدرة على جلب الاولاد وما العلاج,لا علاقة للموضوع بالانجاب ، عليك علاج الالتهابات وستعودين كما كنت، راجعي اختصاصي/ة نسائية,DiseaseCondition,التهابات شديدة
انا عمري ٢٣ سنة الدكتورة شكت انو عندي مرض بهست فعملت تحليل vitesse de sedimentation و طلع عادي و عملت كمان تحليل hla-b27 و طلع سلبي فحبيت اعرف اذا عندي...,"ما هي متلازمة بهجت؟
وتتميز تقليديا متلازمة بهجت بوصفها ثالوث الأعراض التي تشمل المحاصيل المتكررة من تقرحات الفم (قرح القلاعي) ، القرح التناسلية ، والتهاب منطقة متخصصة حول. ويسمى التهاب في منطقة العين ، التهاب القزحية. هو أيضا متلازمة بهجت يشار إليه أحيانا باسم مرض بهجت.
ما هي أعراض متلازمة بهجت؟
أعراض متلازمة بهجت تعتمد على المنطقة المتأثرة من الجسم. يمكن لمتلازمة بهجت ان تشمل التهاب مناطق كثيرة من الجسم. وتشمل هذه المجالات في الشرايين التي تمد الدم إلى أنسجة الجسم. متلازمة بهجت يمكن أن تؤثر أيضا على الأوردة التي تأخذ الدم إلى الرئتين لتجديد محتوى الاكسجين. مناطق أخرى من الجسم يمكن أن تتأثر التهاب متلازمة بهجت تشمل الجزء الخلفي من العين (الشبكية) ، والدماغ والمفاصل والجلد والأمعاء.
الفم والأعضاء التناسلية تقرحات مؤلمة عموما وتتكرر (تقرحات سطحية كثيرة في نفس الوقت). وهي تتراوح في حجمها من بضعة ملليمترات الى 20 ملليمترات في القطر. وتحدث تقرحات الفم على اللثة واللسان والبطانة الداخلية من الفم. والقرح التناسلية تحدث في كيس الصفن والقضيب من الذكور والفرج من النساء ، ويمكن أن تترك ندبات.
يمكن التهاب في العين ، والتي يمكن أن تنطوي على الجزء الأمامي من العين (العنبية) تسبب التهاب القزحية ، أو الجزء الخلفي من العين (الشبكية) تسبب التهاب الشبكية ، يؤدي إلى العمى. اعراض التهاب العين وتشمل الألم ، وعدم وضوح الرؤية ، وتمزيق ، واحمرار ، وألم عند النظر في الأضواء الساطعة. ومن المهم جدا للمرضى لهذه المنطقة الحساسة للمراقبة من جانب التخصصي للعيون (طبيب عيون)..
يمكن التقرحات تحدث في أي مكان في الامعاء والمعدة الكبيرة أو الصغيرة في المرضى الذين يعانون من مرض بهجت.
كيف يتم تشخيص متلازمة بهجت؟
يتم تشخيص متلازمة بهجت استنادا إلى الحقائق من تقرحات الفم المتكررة جنبا إلى جنب مع أي اثنين من التالي : التهاب العين ، وتقرحات الأعضاء التناسلية ، أو تشوهات الجلد المذكورة أعلاه. ودعا اختبار خاص للجلد . هذا الاختبار يتكون من وخز جلد الساعد بإبرة معقمة. يسمى اختبار الإيجابية
بالاضافة الى الرنين المغنطيسي
الدكتورة عملت لك الفحص لانها ربما رأت انك تعاني من الم في المفاصل او ورم في المفاصل بالاضافة الى فحص ال du sang ( in English is ESR ) لمعرفة اذا كنت تعاني من امراض معينة",DiseaseCondition,مرض بهست
اصبت بكسر في منطقة الحوض و قمت بإجراء عملية بلاتين في منطقة الكسر مع العلم اني متزوجة منذ 6 شهور و انكسرت في اول اسبوع زواج هل الادوية التي اخذتها...,"عزيزتي
في الغالب جميع الأدوية التي نستعملها في مثل حالتك ليس لها تأثير على الخصوبة ولا تمنع الحمل... بالتوفيق ان شاء الله",DiseaseCondition,كسر في منطقة الحوض
الدورة الشهرية كانت منتظمة ولكن منذ بداية هذا العام اصبحت تأتيني كل 27 او 29 او28 ولكن الاكثر كان27 يوم ثم جاتتني شهر 6 يوم24 وشهر7 يوم28 وشهر 8 يوم24...,طالما الاختلاف لا يتجوز ٥ يوم لا تقلقي طبيعي وليس له تاثير على الحمل,DiseaseCondition,الدورة الشهرية
من فترةاعاني من ارتفاع وانخفاض سرعة نبضات القلب وبعض الاحيان يصاحبهاضيق تنفس واستيقظت من النوم استطيع الاحساس بأن نبضات قلبي ضعيفة واحس بحمل ثقيل في صدري واحسست بان اطرافي ضعيفة...,لا داعي للقلق ولكن ينبغي عمل تخطيط كهربي للقلب لتحديد نوع التسارع وسببه ومن ثم الأسلوب الأمثل لعلاجه,Test,تخطيط كهربي للقلب
هل يوجد تأثير على الجنين في حالة تعاطي أقراص ميزوتاك في بداية الحمل بغرض الإجهاض وأنا الآن اقتنعت باكمال الحمل ولكن قلق من تأثر الجنين بالمادة الفعالة لهذا الدواء؟,ننصحك بمتابعه الحمل لدى طبيبك النسائيه وكذلك اجراء فحص رباعي الابعاد لسلامه الجنين في الشهر الثالث والخامس من الحمل للاطمئنان على سلامه الجنين,Treatment,أقراص ميزوتاك
"تعرضت حامل الاشعه للرأس خمس مرات متتاليه ولم تعلم انها حامل وهي في بدايه الحمل الان هل تؤثر الاشعه على الجنين؟
وشكرا",تاثير الاشعة على الحمل في الاشهر الاولى يتضمن اما ان يكون الحمل ضعيف ولايستمر اصلا او ان يكون الحمل سليم من اي تاثيرات ويكمل بالسلامة لذا لاداعي للقلق طالما الحمل مستمر .,Test,الاشعه للرأس
هل يوجد شئ غير الخصيتين داخل كيس الصفن اشعر بشي غير الخصيتين داخل الكيس لا تسبب اى الم حتى بعد الضغط عليها ترى ماذا تكون ؟,"يحتوي كيس الصفن على:

الخصيتين
البربخ
الاوعية الناقلة للحيوانات المنوية
اوعية دموية

 
الشعور ب أي شيء آخر قد يكون بسبب:

 التهاب البربخ
توسع بالاوعية الدموية ما يسمى ب دوالي الخصية
كيس او كتلة

 
عليك ب مراجعة طبيب المسالك البولية، لاخد تاريخ مرضي، واجراء فحص سريري، و صورة تلفزونية (التراساوند).
 
للمزيد:

خمسة أسئلة يتحرج الرجال من سؤالها للطبيب
أمور تضر بصحة الحيوانات المنوية

المرجع:

Scrotum
Scrotum Masses",DiseaseCondition,دوالي الخصية
عمري19 اعاني تقريبا من 3سنوات التهاب حاد في المعدة ويذهب ويعود مرة أخرى لكن في اللآونه الاخيرة اعاني الم في اعلى معدتي الى الاسفل جهه اليسار يزداد بشدة وخاصة اللحوم...,غالبا هناك مشكلة تحسسية من بعض الأطعمة في المعدة يفضل محاولة معرفتها وتجنبها,DiseaseCondition,التهاب حاد في المعدة
ما أسباب الشعور بالحرارة في المعدة ؟,اسباب الشعور بالحراره وتكرار الالم في المعده قد يكون بسبب طريقه الاكل الخاطئه وتناول كثر من الاشاء التي تذيد الحموضه او ارتجاع المرئ كالمياه الغازيه والدسوم والحراق وكذلك الزنجبيل والشكولاته والقهوه وكثره المسكنات والتدخين كل هذا يؤدي الي زياده حموضه المعده وارتجاع المرئ والعلاج يحتاج لتناول غذاء صحي كالفواكه والخضروات ووتقليل كل ماسبق ذكره وتناول وجبات صغيره ومتكرره وعدم الاكل قبل النوم مباشره كذلك ممارسه الرياضه واحيانا رفع الوساده قبل عند النوم واخذ علاج يخفف من الحموضه مثل بانتوبرازول ويحسن حركه المعده مثل موتيليم وقد يحتاج الامر لتحليل جرثومه المعده او حتي عمل منظار اذا لم يستجيب للعلاج,DiseaseCondition,حموضه المعده
السلام عليكم انا حامل فى نهاية الشهر السادس واعانى من صديد فى البول طلب منى الدكتور عمل مزرعة بول وقالى ان الماء نقص بشكل لا يثير القلق ماذا أفعل كى...,عالجي الالتهابات.واكثري من شرب السوائل,Test,مزرعة بول
انا عمري 23 سنه وكنت امارس العاده السريه منذ 3 شهرور تقريبا ولاكن ليسا باستمرار .وانا خائفه جدا لان دورتي انقطاعت منذ شهر ولاكن في نفس يوم الدوره احسست بالاعراض...,هناك عده اسباب لعدم انتظام الدوره الشهريه ومنها  ١. القلق والتوتر ٢. خلل في النظام الغذائي ٣. تكيس على المبايض ٤.خلل في هرمونات الجسم مثل : ١.زياده في هرمون الحليب ٢. خلل في هرمونات الغده النخاميه ٣. خلل في الهرمونات التي تفرزها الغده الدرقيه، والهيبوثلامس ٤. ارتفاع في الهرمون الذكري  لذلك انصحك بمراجعه اخصائي نسائيه لاجراء الفحوصات الهرمونيه اللازمه وكذلك فحص بجهاز الموجات الفوق صوتيه للرحم والمبايض لتشخيص حالتك.,DiseaseCondition,عدم انتظام الدوره الشهريه
لدي التهاب في لثة مما ادى الى ابتعاد سن الامامية وبعد معلجة التهاب اقترح علي الطبيب عملية اعادة زرع للسن لانها اصبحت بارزة . هل هي طريقة امنة ؟,إذا كنت تقصدين القلع و إعادة الزرع فهي آمنة عندما يقوم بها طبيب يعرف ما يفعل أي طبيب ملم بخطوات هذا الإجراء و هي إجراءات تعتمد الدقة و تحتاج للعديد من المراجعات الدورية كما انها مؤلمة نوعا ما بعد القلع و الزرع كما انها معرضة للفشل كأي عمل من هذا النوع و كأي معالجة أخرى,Treatment,اعادة زرع للسن
السلام عليكم مبارح بالليل شعرت بالم في الصدر شديد كالضغط عليه وتنميل في اليد والكتف وغثيان ودوخة واعياء بشكل مفاجئ,الاسباب كثيره ومتنوعه عليك مراجعة طبيب قلب للفحص السريري واجراء اللازم للتشخيص والعلاج او لتوجيهك للتخصص المعني,Symptom,الم في الصدر
ماهو حمى السحايا وكيف العﻻج,التهاب السحايا اصابة جرثومية بنايسيريا السحايا وتعالج باخذالمضادات الحيوية كالسبرودار,DiseaseCondition,التهاب السحايا
اعني من الم في مفصل الكتف والم في عظمة اليد فوق المرفق وكذلك مفاصل الاصابع في الصباح فقط مع العلم انني ذهبت للاطباء وافادوا اسباب برد والاخر افاد بسبب املاح...,"الالم لديك ناتج عن التهاب في الاوتار,عليك مراجعة مركز علاج طبيعي",DiseaseCondition,التهاب في الاوتار
بالامس قطعت اصبعي الصغير وتم خياطته باربع غرز اليوم اشعر بحرارة بالاصبع ونبض مصحوب بالم يتعدى منطقة الخياطة هل هذا طبيعي ام يجب مراجعة الدكتور ؟,مرحبا،،،الالم اول يومين بعد خياطة الجرح متوقعة وبحاجة الى مسكن،، ويكون هناك ورم، انتفاخ،بسيط في المنطقة،،ولاكن اذا كان هناك احمرار او انتفاخ كثير في المنطقة، عادة ما يكون مترافقا مع ارتفاع في درجة حرارة الجسم،،، يجب عندها مراجعة الطبيب، للتاكد من عدم وجود التهاب في المنطقة،،،وشكرا،،،الانتفاخ البسيط يزول عادة بعد اسبوع،،،,DiseaseCondition,التهاب في المنطقة
كشفت بالتحليل الرقمي وجود حمل بالاسبوع الثالث بنسبه ١٤٠٧ولم يظهر للدكتوره لا بالسونار المهبلي ولا عن طريق البطن اي علامه لوجود كيس الحمل فقط تقول سائل موجود مالعمل؟,انتظري وافحصي,Test,التحليل الرقمي
ما هي مضار الصوف الصخري عند لمسه و استنشاقه؟,"يستخدم الصوف الصخري في عزل البناء، ويتم انتاجه عن طريق أكاسيد معدنية وطبيعية. يتعرض العمال والأشخاص الذين يتعاملون معه بشكل كبير إلى أضراره والتي تحدث خلال فترة زمنية قصيرة (بالإنجليزية: Acute) أو فترة زمينة طويلة (بالإنجليزية: Chronic). 
فمن أضرار الصوف الصخري على الإنسان والتي تحدث عند ملامسته مباشرة ما يلي: 

تهيج واحمرار في الجلد والعينين: يؤدي تعرض للصوف الصخري في بعض الأحيان إلى التهاب الجلد والعينين، حيث تظهر الأعراض التالية: حكة، واحمرار، وتقشر، وظهور فقاعات مائية، وغيرها من التغيرات الجلدية. 
تهيج الجهاز التنفسي: يمكن أن تظهر بعض أعراض تهيج الجهاز التنفسي بعد استنشاق الصوف الصخري، مثل السعال، والتهاب الحلق، وحكة الأنف، واحتقان الأنف. 
الإصابة بالعدوى: قد تجرح الألياف الحادة من الصوف الصخري الجلد، وبالتالي يزيد من خطر دخول الجراثيم المسببة للعدوى. 

ومن أضرار الصوف الصخري على الإنسان والتي تحدث عند التعرض لفترات طويلة: 

زيادة من خطر الإصابة تليف الرئتين (بالإنجليزية: Lung fibrosis).
زيادة من خطر الإصابة بالتهاب الرئوي والتهاب الجنبي (بالإنجليزية: Pleural inflammation).
صنفت الوكالة الدولية لبحوث السرطان (IARC) الصوف الصخري كمادة غير مسببة للسرطان.
لا توجد دراسات كافية على تأثير الصوف الصخري على صحة الإنجاب.

لذا لمنع تعرض الجلد والجهاز التنفسي للصوف الصخري، وللتقليل من أضراره ينصح بأن يرتدي أولئك الذين يتعاملون مع الصوف الصخري قفازات واقية، وكمامة أو قناع مانع للاستنشاق، ونظارات واقية.
للمزيد:

أسباب وعلاج احمرار الجلد
تقشر الجلد: أسباب وعلاجات طبيعية
أشياء غير متوقعة تسبب حساسية الجلد

المراجع: 

Carcinogenicity of the insulation wools: Reassessment of the IARC evaluation
Health Hazards of Rockwool
Lung Cancer among Rock and Slag Wool Production Workers",DiseaseCondition,التهاب الجلد
"يادكتور الله يرضى عليك ...
عندي التهاب في جدار المعده والاثنى عشر وحموضه زائده في المعده عندما اتناول الخيار او الحليب خالي الدسم اشعر بارتياح لمدة النصف ساعه فقط وانا...",ارى انه يجب البحث عن السبب وعلى الاغلب هو بكتيريا الهيليكوباكتر بيلوري ولهذا يجب عمل الفحص للتأكد من ذلك واذا كانت موجودة ارجو اعلامي لاعطائك العلاج الشافي ان شاء الله,DiseaseCondition,بكتيريا الهيليكوباكتر بيلوري
ما علاقة التهاب المهبل اثناء الحمل بنزول الماء الكثير في الشهر 8,هناك نوع من الالتهابات يشبه المياه .. تحسي مياه دافئه صفراء تنزل من حين لاخر,DiseaseCondition,التهاب المهبل
هل الرضاعة الطبيعية مسموحة أثناء الحمل هل لها اضرار؟ وهل يمكن الولادة طبيعي بعد6 أشهر من الولادة القيصرية علما أن سبب الولادة القيصيرية هو قلة الماء عند الجنين.,ممكن ولادة طبيعية.ويفضل الفطام,Treatment,الرضاعة الطبيعية
عندي ضغط 140-75 وليس دائما هل انا مريض بإرتفاع الضغط مع انني كثير قياس الضغط,عليك بممارسة الرياضه وتقليل الوزن ووقف التدخين ووقف تناول الكحول والحمية غذائية من الدهون والاملاح بالاطعمه مع متابعة قياس الضغط,DiseaseCondition,إرتفاع الضغط
"تقويم الاسنان له ضرر على العمليه القيصريه
وايهم افضل البنج الكامل ولا النصفي انا انجبت طفلين عمليه قيصريه",تقويم الاسنان لا يمثل خطورة على صحتك الانجابية. اما بالنسبة للشق الاخر من سؤالك فدلك من اختصاص اخصائي الولادة,Treatment,تقويم الاسنان
لماذا عندما اتناول شي من الطعام اشعر بالم في المعدة فترة بسيطة ويختفي هل هذا مرض افيدوني؟,"آلام البطن التي تأتي بعد الطعام لها عدة أسباب:
- التهاب المعدة، وهو يسبب ألما بعد الطعام، ويكون في أعلى البطن وفي الوسط، وقد يترافق ذلك مع غثيان وإقياء.
- قرحة المعدة، وهي أيضا تسبب ألما بعد تناول الطعام، ويكون آلام في نفس المنطقة التي تم وصفها.
- حصوات المرارة، وهي تسبب ألما في أعلى البطن وإلى الأيمن قليلا تحت الأضلاع، ويكون بعد تناول الأطعمة الدسمة، وقد يترافق مع الإحساس بالانتفاخ، والتهاب المعدة والقرحة المعدية عادة ما يكون سببها جرثومة المعدة الحلزونية.
أرى أن تتناول واحدا من الأدوية التالية:
-Omeprazol
-losec
-nexium
وتؤخذ حبة واحدة من أحد هذه الأدوية قبل الطعام، إلا أنه إن استمر الألم أو عادة بعد التوقف عن استخدام الدواء لمدة أسبوعين عليك مراجعة طبيب مختص بالجهاز الهضمي، فقد يلزم إجراء منظار للمعدة أو صورة للمرارة.",DiseaseCondition,التهاب المعدة
ما فائدة الأملج للشعر...و إن كان جيدا ممكن تفيدوني بوصفة لذلك؟؟فشعري يعاني من كثيرا خصوصا في فصل الصيف؟؟ وجازاكم الله كل الخير,"_ الأملج . هر السنانير- اسرَكَ . (معجم أسماء النبات ). هو بالفارسية آملة : هو الأملس من أنواع الاهليلج . وفي (المعتمد في الأدوية المفردة) ثمرة سوداء، تشبه عيون البقر، لها نوئ مستدير حاد الطرفين فإذا نزعت قشرته انشق النوى على ثلاث قطع ، والمستعمل منه ثمرته التي على نواه ، ويقرب فعله فعل الهليلج الكابلي ، وقد ينقع في بلده باللبن والحليب ، فيسمى شير أملج .
_ وهو نبات يشبه حبة نبات جوزه الطيب ويباع في مراكز الأعشاب ولدى العطارين .
لفتح الشهية عند الاطفال وحثى الكبار لعلاج النحافة
عشرة جرام من الاملج مطحون يذاب في كيلو عسل نحل
ثم بعد ذلك ناخذ ملعقة صغيرة منه ونذيبها في كوب ماء وتشرب قبل الاكل بربع ساعة وتستخدم بدون العسل ايضًا ولكن يضاف اليه العسل لكي يعطي طعمه حلاوه لانه مر
استخداماته :
** كما ورد في الطب النبوي عن فائدة -نبات الأملج : لنعومة الشعر وكثافته الشعر ( يغلي 3 جرام من هذا النبات بالماء ويدلك به فروه الرأس ثم يغسل بعد فترة قصيرة
وصفة طبيعية للشعر المجعد لفرده وتمليسه وتجعله مفرود كأنه مكوي تمام وتزيد من نعومته وليونته وهي طبيعية 100% بحيث لا تعرض الشعر لأضرار الفرد الكيميائي أو للتقصف والجفاف
يؤخذ 25 جرام أملج مطحون ويعجن ب 50 سم زيت سمسم ويدهن به الشعر جيداً ويترك
لمدة طويلة حوالي ساعتين ويغسل بالشامبو الطبيعي المناسب لطبيعة شعرك .
_ والنتيجة اكتر من رائعة بحيث يكون شعرك وكأنه مفرود بمكواة مصفف الشعر وناعم كالحرير .
وأيضاً يستخدم للهالات السوداء :
ملعقة املج يوميا في الصباح والمساء
*******
مشاكل القولون ( الأنتفاخ والغازات و ..... ) وأضطرابات الأمعاء والحموضه ومشاكل سوء الهضم والأمتصاص
طريقه الأستخدام:
يطحن الأملج بالهون كويس ( لأنه صعب الطحن بالخلاط الكهربي )
وبعدين يؤخذ مرتين في اليوم قبل الفطار والعشاء بساعه
المهم تعمليه زي الشاي:
يوضع قليل من السكر مع حوالى (1\2 الى 1 )معلقه من الاملج المطحون فى كوب متوسط ويصب عليه الماء المغلي ويغطى الكوب بسرعه لتجنب خروج الأبخره التي تحمل بعض الزيوت الطياره الهامه
وبعد فتره : يقلب الكوب جيدا
وعلى فكره الأملج طعمه حلو يشبه كثيرا طعم ورائحه الكركديه
وممكن أن تأخذ الأملج عن طريق الســــــــــف حوالي نص معلقه ع الريق
فوائد أخرى للأملج:
له ميزه رائعه فى علاج الكبد الدهني fatty liver وهي من أهم المشاكل الحديثه
كما أنه له بعض التأثير في أذابه دهون الجسم ولذلك قد يستخدم في علاج السمنه
يعالج القولون المنتفخ و الكبد الدهني و انتفاخ الجفون ، كما يساعد على اختفاء الخطوط البيضاء من الجسم و يساعد على تفتيح لون البشرة.
للبشره للبياض:
200 جرام أملج مطحون
زيت زيتون
الطريقة :
نأخذ ملعقة صغيرة أملج مع ملعقة أكل زيت زيتون كل يوم مرتين قبل الأكل",Treatment,الأملج
اكل علك وابلعه هل يمكن ان يؤدي الى انسداد البلعوم؟,"بلع العلكة "" اللبانة "" عادةً لا يسبب مشاكل في البلعوم .. في حالات نادرة قد يسبب مشاكل إذا دخل إلى القصبات أو القصيبات الهوائية مثل الإختناق أو الإلتهابات الناتجة عن وجود جسم أجنبي فيها .. أما المشاكل الأخرى فهي ممكنة وتكون ناتجة عن صعوبات هضمية سواء في المعدة أو الأمعاء .. فهي تتكون من مواد صعبة الهضم .. لذلك أنصحك أن لا تقومي بذلك أبداً",DiseaseCondition,انسداد البلعوم
تقع هذه المناطق في جانبي أسفل الأنف وفي الحاجبين،و يحدث الإحمرار والإنتفاخ والتقشرو الحكة عندما أتوقف عن وضع الدواء على تلك المناطق،و الآن أستعمل بايكوتين وهو مرهم ضد الإكزيما كما...,"هذه علامات مرض العد الوردي أو الوردية الحمراء واسبابها غير معروفة تماما ،ولكن منها أسباب وراثية،أو مصاحبة لبعض الأمراض الداخلية مثل ارتفاع ضغط الدم والتهاب الجهاز الهضمي والتعرض لأشعة الشمس
العلاج :كريمات ميترونيدازول ، أزيليك أسيد ،أو ساليديكس ، نيزورال . مع دواء رواكيوتين بجرعة 20مغم صباحا و10مغم مساء، أو
500تتراسايكلين كبسولة 3مرات يوميا مع ملاحظة عدم تناول اللبن الرايب أثناء تناول التتراسايكلين ، مع ميترونيدازول مغم حبة 3مرات يوميا",DiseaseCondition,العد الوردي
اعاني من الخوف وحالات هلع وقلة النوم وتقطعه هل علاج 5htp مفيد لحالتي وهل له اعراض جانبيه او اعراض انسحابيه,(5-Hydroxytryptophan) لم يتم ترخيصه عالميا من قبل وكالة الأغذية و الدواء لعلاج نوبات الهلع و القلق و الاكتئاب كذلك لا توجد دراسات واسعة موثقة تؤكد فعالية هذا العلاج.. الدراسات الموثقة و المنتشرة عالميا تشجع استخدام الادوية المثبطة لامتصاص السيروتنين SSRI بالاضافة للعلاج النفسي,DiseaseCondition,نوبات الهلع
لوسمحت كيف يتعالج التهاب الدم وهل هو،خطير للاطفال بعمر،سنتين ونصف,ارجو التفصيل لان التهاب الدم هذا مصطلح غير دقيق,DiseaseCondition,التهاب الدم
انا بعاني من الباسور وبستعمل برهم وكمان ابوي نفس الشي من فتره تهت بالبرهم واستعملت برهم ابوي وابوي عندو باسور داخلي يعني بفوت عصا البرهم لحتى يدهن وانا خايفه يكون...,"١- لا خوف من استعمال الدواء وهو في الغالب واحد، وكذلك لا علاقة للدواء بالحمل بأي شكل كان فاطمئني من هذه الناحية
٢- ما دمت تعانين من الباسور، فعليك إخبار طبيبك النسائي لتجنب مضاعفات الحمل الذي يضغط على الأوردة ويبرز البواسير، وحاولي علاج الباسور في أقرب وقت.",DiseaseCondition,الباسور
حساسية الانف عند الاطفال,شائعة جدا ، و تسبب سعال دائم خصوصا اثناء الليل مصحوبا باستفراغ في بعض الاحيان و صعوبة في التنفس و علاجها بسيط عن طريق الادوية,DiseaseCondition,حساسية الانف
السلام عليكم انا عمري 23 اخذت منضم دوره من يوم الخامس لاكن بعد عدت ايام نزل عليه ماده سوداء راجعت الطبيبه اعطتني مانع حمل لقطع الدم لاكن الدم زاد ماذا...,ممكن بحاجة لتنظيفات ز,Treatment,مانع حمل
..عند حساسيه من٧ سنوات الان تحليل الدم نسبه الحساسبه٢٢٥ وانا الا اخذ علاج ولكن با الام وهرش والجلد يكاد يكون محروق وبه جروح الكريمات بموضعيه اريد الحل الله يرضى عايكم...,"سلامتك
لابد من معرفة سبب الحساسيه وهي تكملي تحليلك بأن تعملي ال RAST test
خدي مضاد هيستامين مثل زيرتك يوميا
ادهني جسمك بالكلامين بخفف من الحكه",Test,RAST test
"""""""اعاني من تحسس انفي ،والذي ادى بمرور الوقت الى تحسس قصبي وبشكل دائم ومستمر ومنذ سنتين ونصف ،.راجعت عدة اطباء واخذت العديد من الادوية ولكن دون اي تحسن يذكر .من...","""""""يمكنك استخدام فيكسوفينادين وبخاخ فليكسونيزمرتين في الانف وبخاخ جيمفايبروسيل 3 مرات في النهار ومرة عند النوم . والله هو الشافي",DiseaseCondition,تحسس انفي
انا بكلم نفسى كتير لما بكون لوحدى وهذا الامر بدا من اولى ثانوى وزاد دلوقت وانا فى رابعه كليه بالاضافه الى حياتى والواقع المؤلم ودايما عايش فى خيال وقصص وسرحان...,لا بد من التوقف عن الكلام مع نفسك فهذا يخرج عن السيطره,Symptom,بكلم نفسى
هل دخول ذبابة في انف الانسان تؤثر اذا لم تخرج؟,"١- هي مزعجة
٢- قد تسبب الحساسية وإعاقة التنفس
٣- هي حشرة غير نظيفة وقد تسبب انتقال بعض السموم أو الجراثيم ومسببات الأمراض.
يمكن استخراجها بزبارة طبيب الأنف والأذن والحنجرة.",DiseaseCondition,الحساسية
شعرت بيوم عند الاستيقاظ من النوم بدوخة وايدى ورجلى مثلجة وعند ذهابى الى المشفى تم قياس الضغط وجد انه 160/120 مرتفع فتم اخذ نصف قرص تحت اللسان لتقليل الضغط ومعا...,"يجب عمل دراسة من خلال المتابعة مع طبيب لمعرفة ما اذا كنت تعاني من الضغط العالي ام ان ما حصل هو عرضي وبالتأكيد يجدب عمل فحوصات من خلال الطبيب لها علاقة بالضغط العالي
اذا تأكد انك تعاني من الضغط العالي فالرياضة ضرورية والمحافظة على الوزن المثالي والاكل المتوازن البعيد عن ملح الطعام لكن كل هذا رهن بالمتابعة ودراسة وضعك وضغطك",DiseaseCondition,الضغط العالي
انا حامل في. اول السابع اي اللي ممكن اعمله علشان الولاده المبكره علشان عندي تؤام,تتابعي حملك لدي متخصصين وتلتزمي بالنصائح,DiseaseCondition,الولاده المبكره
من فضلكم أريد معرفة ما إذا كان هناك علاقة ما بين الإكتئاب ما بعد الولادة والبرود الجنسي عند المرأة وأهم الدراسات و الأبحاث عن هذا الموضوع لأنه عنوان مذكرتي في...,هناك علاقه وثيقه ، أنصحك بل ابحث بموقع pubmed للإطلاع على المراجع,DiseaseCondition,الإكتئاب ما بعد الولادة
بعد زواجى مباشرة شعرت بكبر حجم المعدة و تقلصات من تحت فم المعدة مباشرة و يمين و شمال فم المعدة و كل كا اروح لدكتور يقولى قولون عصبى مع انى...,"اختي الكريمة من الافضل متابعة الموضوع مع اختصاصية تغذية يجب معرفة طولك ووزنك لوضع برنامج غذائي ورياضي يجعلك ضمن وزن طبيعي بالنسبة لطولك وسنك ونشاطك
لكن تأكدي قبل كل هذهه الامور ما اذا كنت حامل ام لا فهذا مهم جداً",DiseaseCondition,قولون عصبى
"عمر الجنين بالسونار 3 اسابيع و عمره في التحليل الهرموني 5 اسابيع و تاريخ اخر دوره 8 فبراير
ما السبب في اختلاف العمر
هل عدم انتظام الدوره الشهريه هو السبب",الجنين عمره ٧ اسابيع لا يوجد حنين يظهر في السونار اقل من ٥ اسابيع,Test,السونار
انا فتاة عمري 24 سنه .. وزني 40 كيلو غرام اي وزني قليل جدا عن الطبيعي طولي 158 سم هل من الممكن اجراء عمليه تكبير صدر ؟؟ وماهي المخاطر التي...,"الحل السليم لنمو وتكبيرالثدي و شد الصدر وبدون اي اضرار جانبيه
هو جهاز ( بستلاين BM-301 bustline
الالكتروني ) وهو الحل المثالي للمساعدة في حل مشاكل الثدي لدى النساء
سواء تكبير أو شد الثدي , حيث ان الجهاز يحفز الجسم بشكل طبيعي لافراز
الخلايا الدهنيه وخلايا افراز الحليب ويتم ذلك بأن ينشط الدورة الدمويه
في غضلات الثدي مما ينتج عن ذلك النشاط للدورة الدموية زياده في افراز
الهرمونات الانثويه ( استروجين و بروجسترون ) التي تتكون منها خلايا
وعضلات الثدي )
موانع الاستعمال :
1- يمنع استعمال الجهاز للمراه الحامل والمرضعه وامراض القلب الخطيره .
2- يمنع استعمال الجهاز للفتيات اقل من 15 سنه
عملية تكبير الثدي .. *موضوع شامل عن عملية تكبير الصدر*
أولا الإجابة على سؤاليك الإثنينحة : هي بالنفي وللفائدة إليك هذه
المعلومات التفصيلية عن عملية تكبير الثدي بالجرا
تعد عمليات تجميل الثديين أكثر العمليات التجميلية التي تجريها السيدات
ما بين السن التاسعة عشر إلى السن الرابعة والثلاثين من العمر، وتتراوح
هذه العمليات ما بين تكبير حجم الثديين بالسيليكون المغروس تحت الثديين
بمقدار درجة أو أكثر من مقاس حمالة الصدر، أو رفع الثديين المترهلين
بطريقة تقاوم تأثير الجاذبية عليهما فيعطيهما ذلك شكلا أكثر تماسكا
وجاذبية.
كما تشمل عمليات تجميل الثديين تصغير حجمها للسيدات أو الفتيات اللواتي
يعانين من كبر حجم الثديين ومضاعفات ذلك مثل آلام الرقبة أو الظهر أو
التهابات الجلد أو تقوس العظام أو مشاكل في التنفس.
ورغم كثرة إجراء هذه العمليات إلا أن أكثر المستفيدات منها هن أولئك
السيدات أو الفتيات اللواتي يتمتعن بصحة جيدة ويرغبن في تحسين تناسق
أجسامهن وليس الوصول إلى درجة الكمال.
تعد عملية تكبير الثديين من العمليات المناسبة للنساء اللواتي يعتقدن أن
حجم الثديين لديهن صغير جدا ولا يتناسق مع بقية الجسم، وتتم العملية
بزيادة حجم الثديين عن طريق غرس مواد صناعية تحت الثدي، والنتيجة المثلى
للعملية عادة هي زيادة حجم الثديين بمقدار درجة واحدة من مقاس حمالة
الصدر مثلا من (B) إلى (C).
ومن دواعي إجراء العملية تعويض الحجم المفقود من الثديين بعد الحمل
والولادة أو عدم تساوي الثديين في الحجم أو تعويض الثدي بعد استئصاله
جراحيا لأي سبب من الأسباب.
ويستعمل السيليكون كمادة تعويضية في حوالي 97% من حالات تكبير حجم
الثديين، حيث يتم ادخالها تحت أنسجة الثدي ثم حقنها بمحلول ملح كلورايد
الصوديوم. ورغم بعض المخاوف من أن بعض السيدات اللواتي ثم غرس مادة
السيليكون في الثديين قد يتعرضن لبعض المشاكل في المفاصل أو الأنسجة
الضامة إلا أن هذا لم يثبت علميا.
كما أن تكبير حجم الثديين لا يؤثر على مناطق الإحساس في الثديين ولا يؤدي
إلى العقم ولا يؤثر على الحمل، إلا أنه وفي حالات استثنائية فقط قد يؤثر
على القدرة على الرضاعة الطبيعية.
كما أن عملية تكبير حجم الثديين لا تؤثر على نتيجة أشعة الثدي، إلا أنه
يجب تنبيه الطبيب أو فني الأشعة على وجود مادة السيليكون قبل إجراء
الأشعة.
1- وصف العملية:
يتم إجراء العملية بغرس مادة تعويضية خلف الأنسجة الطبيعية للثدي أو خلف
العضلة الواقعة تحت الثدي تماما ، بعمل شق جراحي صغير يتناسب وحجم المادة
المغروسة وهناك أكثر من خيار لمكان الشق الجراحي .. إما تحت الحلمة أو
تحت الثدي مباشرة أو في الإبط أو من خلال فتحة صغيرة في السرة باستعمال
المنظار.
ويقوم الجراح بعد ذلك بعمل تجويف مناسب خلف الثدي وغرس مادة السيليكون
داخل هذا التجويف أو في بعض العمليات لا يتم إزالة أي أنسجة من الثدي
وتغرس مادة السيليكون خلف حلمة الثدي مباشرة، بعد ذلك يقوم الجراح بخياطة
الشق الجراحي بشريط لا صق وترتدي السيدة بعد ذلك حمالة جراحية خاصة للصدر
لمد أسبوعين ليلا ونهارا ولا تخلعها أبدا إلا عند الاستحمام، كما أنه
يفضل عدم إزالة الشريط اللاصق إلا بعد شهر كامل من إجراء العملية لتفادي
حدوث ندبة كبيرة محل الشق الجراحي.
- الشق الخارجي والكيس: الشق المثالي هو الذي لا يترك ندبات ظاهرة جدا
بعد فترة من الجراحة، وبعد الاختبار، تبين ان الموضع الافضل هو عند الحد
الفاصل بين الجلد البني الغامق والفاتح تحت الحلمة، من دون أن يتعدّى
طوله المقاس المذكور.
لكن تجدر الاشارة الى ان الجراح يستطيع في حالات معينة، ادخال الكيس عبر
شق تحت الثدي مباشرة او تحت الابط.
اما مكان الكيس، فقد تبين بعد خبرة طويلة، ان الشكل الافضل للثدي هو عند
وضع الكيس تحت الغدة مباشرة وفوق العضل لانه يتشابك كليا مع الثدي ويشكل
كتلة واحدة.
اما عند وضعه تحت العضل، فنحصل على كتلتين، الواحدة فوق الاخرى: كتلة
الكيس والعضل، والثانية تمثل الثدي والغدة.
والشكل النهائي اقل جاذبية وخصوصا عندما ينقبض العضل ويضغط معه الكيس،
ولكن في بعض الحالات منها نحافة جلد الثدي بدرجة كبيرة، نتجنب وضع الكيس
تحته مباشرة فنضعه تحت العضلات لجعل سماكة اكبر تغطيه بهدف التمويه.
- شكل الكيس وحجمه: هناك الشكل الدائري والبيضوي كالنقطة، غالبا ما
نستعمل الشكل البيضوي عند النساء اللواتي لديهن ثدي نحيف جدا، نتحسس عبره
الاضلاع، اما النساء اللواتي لديهن طبقة سميكة تغطي منطقة الصدر، فان
الكيس الدائري يفي بالغرض ويعطي شكلا مميزا وطبيعيا.
وبالنسبة الى حجم الكيس، فان كل الاحجام متوافرة ابتداء من 50 مليمترا
الى 600 مليمتر او اكثر، انما الجراح ينتقي الحجم الذي يلائم تكوين
المرأة، اي بعد الأخذ في الاعتبار ضخامة القفص الصدري والبطن وعرض
الكتفين وصغر الثدي الاساسي ومطاطية الجلد ورغبة المريضة.
وفي كل الاحوال، الجراح محكوم لدى انتقائه الكيس بمدى اتساع الجلد له،
فمطاطية الجلد لها حدود لا يمكن تخطيها دون الوقوع في مشكلات كبيرة، كذلك
يجب تنبيه المريضة الى أنه كلما كبر الثدي زاد وزنه وبالتالي صار عرضة
للترهل مع مرور الزمن.
- نوعية الكيس ومدة صلاحيته: امتنع الجراحون لسنوات طويلة عن استعمال
الكيس المحشو بمادة السيليكون، لانه كان لديهم شكوك حول تأثير هذه المادة
على جهاز المناعة وبالتالي الاصابة بمرض ضعف المناعة او تحفيزها او حتى
بالسرطان.
ولكن الدراسات المعمقة اثبتت ان لا ضرر ابدا من استعمال السيليكون، فعاود
الجراحون استعماله سريعا، خصوصا ان نتائج زرع الاكياس المحشوة بالماء لم
تكن مرضية على المدى الطويل، فالماء كان يتسرب ببطء الى الخارج ما كان
يستدعي استبدال الاكياس بعد سنوات قليلة، بالاضافة الى انها كانت تعطي
صوتا، اثناء الحركة، كصوت الماء في قنينة نصف ملآنة، وهذا مزعج جدا
للمريضة.
اما مدة صلاحية الكيس المزروع، فاننا ننصح المريضة عادة بتغيير الكيس بعد
15 سنة تقريبا، لاننا نعتقد انه بعد هذه المدة قد يضعف الغلاف الخارجي
ويتشقق مما يتسبب بتسرّب السيليكون.
وفي هذا الاطار، لا بد من الاشارة الى ان بعض السيدات يحتفظن بالكيس منذ
اكثر من ثلاثين عاما من دون مواجهة اي مشكلة.
ولكن خلال هذه الفترة، يمكن ان يترهل الجلد او حصول حمل أو رضاعة، مما
يؤثر على شكل الثدي، والمشكلة هنا لا تكمن في الكيس انما في الجلد الذي
يغطّيه.
2-مدة العملية :
تحتاج العملية الخاصة بتكبير حجم الثديين إلى حوالي ساعة أو ساعتين
نوعية التخدير في زراعة الثدي
ويعتمد على قابلية المريض لتحمل الالم وكذالك عوامل اخرى مثل عمر المريض
وحالته الصحية
1- تخدير موضعي مع مهدئات
2- تخدير عام
استخدامات الثدي الصناعي
1- شد الثدي لحالات الترهل في الجلد
2- تكبير الثدي -عندما يكون حجم الثدي صغيرا او حسب رغبة المريض
3- تعويض الثدي في حالات ازالة الثدي في عمليات جراحية سابقة او حوادث
ادت الى فقدان جزئي
او كلي للثدي
تاثيرات زراعة الثدي الصناعي
1- لايؤثر على الحمل اذا رغبت المريضة في ذالك.
2-لا يؤدي الى العقم
3-لا يؤثر على الاحساس الطبيعي للحلمة عادة
4-لا يؤثر على الرضاعة بشكل كبير الا فى حالات قليلة
5- لايؤدي الى سرطان الثدي ولايوجد اي دليل علمي يناقض هذا الشيء
6- لا يؤثر في اخذ الاشعة للثدي في الفحص الدوري للثدي
الفرق بين الثدي السليكوني والمائي في الزراعة(الزرعة)implants
1- الجرح في السليكوني 4-6 سم بينما المائي 2-3 سم
2- الملمس في السليكوني يكون اكثر طبيعيا من المائي
3- عند حدوث نضح من الثدي الصناعي في الحوادث – تفاعل الجسم والثدي يكون
اشد في السليكوني وقد يحتاج الى الازالة الفورية اما المائي فلايوجد
تفاعل شديد.
4- التليفات او التكبسل في الثدي السليكوني اسرع واشد منه من الاخر
اختيارت في زرع الثدي الصناعي وحسب رغبة المريض واستشارة جراح التجميل
وبالاتفاق معا
عن طريق شق جراحي في
1- تحت الثدي مباشرة INFRA MAMMARY
2- حول الحلمة PRE I AREOLAR
3- الابط AXILLARY
4- السرة-UMBALICAL
مضاعفات او مشاكل الثدي الصناعي-complications of breast implants
1- تورم الثدي بعد اجراء الزراعة اي ان حجم الثدي اكبر من المتوقع-لعدة
ايام بعد العملية.
2- التهاب الجلد او جرح العملية- يعالج بالتداوي والضماد اليومي واستخدام
المضادات الحيوية وحسب ارشادات الطبيب المختص.
3- ازرقاق او نزف بسيط تحت الجلد-يختفي ذاتيا بعد عدة ايام
4- تفقد الحلمة الاحساس في بعض الاحيان لعدة اشهر وتعود للحالة الطبيعية بعدها
5- الام في منطقة الزرع او حولها- تنتهي بعدة ايام او باستخدام بعض
المسكنات البسيطة
6- تكون الكبسول او التليف حول الثدي ويعتمد من شخص الى اخر capsular contraction
7-رفض الجسم او التحسس الشديد للثدي وهذه الحالة قليلة الحدوث وتحدث
نادرا extrusion
ولسوء الحظ فإنه لا يمكن لأي جراح تجميل أن يتنبأ بحدوث هذه المضاعفات
لأي امرأة قبل إجراء العملية حيث يعتمد ذلك على مدى تفاعل أنسجة الجسم
على مادة السيليكون المغروسة.
8-حدوث ثقب في الزرعة نتيجة شدة خارجية كبيرة او حادثة معينة-في هذه
الحالة اذا كانت الزرعة مائية فالجسم يمتص الماء الخارج من كيس الزرعة
ويصغر حجم الثدي , ام في حالة السليكون ممكن يؤدي الى تحسس شديد يحتاج
الى ازالته .
9- تغير مكان الزرعة نتيجة لشدة خارجية ايضا
-ممكن اعادة الزرعة لمكانها ثانية من قبل الجراح الى مكانها الاصلي غالبا
10- مع الوقت والعمر ممكن للزرعة تحتاج الى تغير لزرعة اكبر لترهل الجلد
الشديد نتيجة الشيخوخة
11- تندبات الجرح تختفي مع مرور الزمن وقد تتاخر حسب الشخص وقابلية
التئام جسمه للجروح, وممكن تقليل اثارها بالليزر او بعض الكريمات
الموضعية
:",Treatment,عمليه تكبير صدر
اذا شربت قهوه او كافي يجيني خفقان القلب وش السبب,هناك بعض الاجسام ترفض بعض المواد وتتحسس منها ولذلك ينبغي تجنب اي مادة تثير اعراض غير مرغوبة تجنبا لمضاعفات اكثر,Symptom,خفقان القلب
"انا حسيت بدوخه اكتر من مره فعملت تحليل صورة دم وكانت النتيجة كالتالي :
Haemoglobin 13.8
Red cell count 4.63
pcv 36%
mcv 77.7
mch 29.8
mchc 38.3
total leucocytic...","للدوخة اسباب عديدة منها مشكلة في النظر او مشكلة في الضغط والتدخين نفسه يقلل من استهلاك الاوكسجين ويسبب دوخة والحساية التي تعاني منها لم تشرح عوارضها هل العوارض هي في الجهاز التنفسي مثلا
من الجيد اللجوؤ الى طبيب لفحصك وتحديد سبب الدوخة بين الذي شرحتهم لك",Test,تحليل صورة دم
اعاني من وجع في قلبي وعدم التركيز وصعوبة التنفس وصداع طوال اليوم ودوخه قليله هل يمكن تشخيص الحاله بدون اجراء فحوصات,"قد يكون السبب ضعف التروية الدموية والارهاق, او بسبب الإجهاد أو التوتر العصبي وقضاء وقتا طويلا في وضعيةواحدة يؤدي أيضا إلى التوتر  عضوي ,او مرضي او سببي , اوالتهاب الاذن والعيونام اصابة الاوعية الدمويةو او الضغط او بسبب الدم او الهرمونات ,,و الخ سلامات",Symptom,صعوبة التنفس
اعاني من القذف السريع ماذا افعل لتاخير مدة القذف ، هل هناك مرهم يساعد على ذلك؟,"يتركز العلاج على مسألة التحكم الإرادي بعملية القذف . وهو يجمع عدة طرق . و الدواء الأكثر استعمالا و فعالية هو Clomipramine وهو مضاد للاكتئاب يعطي نتيجة ايجابية بنسبة 60% , غير أن هذه النتيجة لا تستمر إلا إذا رافقها علاج لإعادة التأهيل .
هناك و سائل أخرى ينصح باللجوء إليها وهي ذات فعالة بنسبة أو أخرى :
١.تمرين كبح التبول .
٢.استعمال الواقي الذكري أو مرهم مخدر , للتقليل من حساسية القضيب .
٣.شد الخصية إلى الأسفل عند اقتراب القذف .
٤.سحب القضيب عندما تشتد الإثارة .
٥.قرص باطن القدم أو عض باطن الخد عند اشتداد الإثارة .
٦- التوقف للحظات في وقت الجماع وبعد الادخال وبدأ العملية الجنسية التوقف للحظات عند الشعور بقرب القذف ومن ثم متابعة الادخال وهكذا وبهذه الطريقة يتأخر القذف الى ان يصل الشريك الى النشوة ولكن هذا يتطلب قدرا كبيرا من التعاون والتواصل بين الزوجين او الشريكين وربما هناك من يجد صعوبة في ذلك
ويوجد ايضا الحقن الموسعة للشرايين وتُحقن مباشرة في القضيب للمحافظة على الانتصاب وتاخير القذف.
في جميع الأحوال ينبغي المباشرة في علاج سلوكي يساهم فيه الطرفان , قبل تفاقم الوضع , و قبل أن تفقد الزوجة استعدادها للمساهمة .",DiseaseCondition,القذف السريع
دكتورمشكلتي عندما اتخلص من البول اقوم بفعاليات مختلفةينزل بول ماسبب ذاك واناعندي التهابات الكليةوصغرالكليةاليسرى علاجةماهو بليز,"على الاغلب ان السبب هو الالتهابات
يجب التخلص من الالتهابات اولا
راجعي الطبيب",DiseaseCondition,التهابات الكلية
احسست بتعب فحصت ضغط الدم والقلب فوجدتها 10/6هل هذا طبيعي,ضمن الطبيعي لعمرك,Test,ضغط الدم
"اعاني من الم في عيني اليسرى تؤلمني كثيرا حيث الضوء والتركيز يؤلمانها كثيرا
ماهو العلاج المناسب لكي يزول الالم",قد يتراوح الامر من تحسس اوضعف نظر لابد من فحص كامل للعين وعيوب الابصار وضغط العين وقاع العين كما يجب فحض ضغط الدم و إلتهابات الجيوب الأنفية والاذن لتسببها الالام المرتجعة يجب الفحص عند احد زملاء طب العيون,Test,فحص كامل للعين
السعال الجاف المصحوب بكتمة في الرئة ويكون متكرر ويؤدي الى جرح في الحلق والم بالرأس,السعال الجاف غلبا ما يكون التهاب فيروسي ن وعلاجه تناول مضادات السعال الجاف مثل توبليكسيل أو ميرلوسم ومضاد للهيستامين لا يسبب النعاس مثل بولارامين أو كلاريتين أو تليفاست ، بلاضافة للتغذية المتوازنة والعسل والمربى,Symptom,السعال الجاف
حبوب لجام لعلاج سرعه القذف هل مناسبة للاستخدام لاي شخص,"لا يجب تناول هذا العلاج اذا:
كان لديك حساسية لمادة دابوكستين أو أي مواد أخرى غير فعالة في الدواء.
كنت تعاني من مشاكل في القلب مثل فشل القلب أو مشاكل في ضربات القلب.
كنت تعاني من مشاكل في الكبد متوسطة أو شديدة.
كنت تتناول أدوية أخرى",Treatment,حبوب لجام
فكي تشنج مقدر افتح ولساني نصه.تخدر وحلقي ملتهب والغده الدرقيه ملتهبه احس كمان اللهاه توجع نفسي افتح.فمي,"حضرتك الغدة الدرفية لن تتأثر
اعتقد ما توصف التهاب باللوزتين قيحي
ويجب استشارة طبيب انف وأذن وحنجرة
والذي التهب هي الغدد الليمفاوية
مع ااخذ الادوية المناسبة",DiseaseCondition,التهاب باللوزتين قيحي
السلام عليكم ..اشعر بكتلة صغيرة لينة تحت الجلد اسفل الرأس اعلى الرقبة بحجم حبة الحمص عندما المسها اشعر بحرارة في المكان وتشنج قليل في الرقبة ولكن لا تؤلمني ومسببة لي...,أنا أظن أن هذه كتلة دهنية ولكن لا يمكن الجزم قبل المعاينة لذلك أنصحك بإستشارة طبيب.,DiseaseCondition,كتلة دهنية
"هل استطيع تخفيض جرعة الدواء اذا انقصت وزني؟
أنا استخدم كاندريستان 16 مجم فهل أستطيع تخفيضه اذا نقص وزني أكثر من 10كجم؟؟",جرعته تعتمد على نسبه ارتفاع الضغط وليس للوزن دور كبير فى الجرعه..راجع طبيبك,Treatment,كاندريستان 16 مجم
نزيف اللثه من الخلف ومن دون استعمال فرشاه الاسنان لمده 15 اليوم هل الموضوع خطير انا خايفه ؟,نزيف اللثة المتواصل سببه التهاب لثه او التهاب الانسجه الخول السنيه علاجه بعمل تنظيف لثه والتخلص من الترسبات حول الاسنان وتحت اللثة واستخدام مضمضه مثل كلوروهكساديل بعد التنظيف وسيختفي بعدها النزيف المتواصل,DiseaseCondition,التهاب لثه
"انا أعاني من القرحة منذ خمس سنوات
فهل هناك علاج نهائي لهذا المرض
المرجو الاجابة منكم...",القرحه اصبحت مرض من السهل علاجه. يتم علاجها عن طريق اخذ العلاجات التي تثبط افراز احماض المعده مثل proton pump inhibitors. ويمكن اخذ بعض المضادات الحيويه معها اذا كانت ناتجه عن بكتيريا حلزونيه H.pylori,DiseaseCondition,القرحه
بنت اخي لديها انتفاخ في الغدد الليمفاويةمما جعل لها تورما اسفل اللوزتين وخلف الركبه ولديها فتور في الجسم مع العلم ان عمرها 7 سنوات,العقد اللمفاوية موجودة بشكل طبيعي في الجسم خاصة الرقبة ولكنها تنتفخ (تكبر) كرة فعل على وجود التهاب في المنطقة كاللوزتين مثلاً وتصغر مع اعطاء ادوية الالتهاب اما اذا كان حجمها ثابتاً فيجب اجراء فحوصات مخبرية او خزعة,DiseaseCondition,انتفاخ في الغدد الليمفاوية
يظهر لاختي مجموعه من الغدد في رقبتها بعد التحليل قال الطبيب الجراح انها التهبات في الغدد اللمفاوية واعطاها بعض الادويه ولاكنها لم تتحسن وذاد في الظهور الي اي تخصص نذهب...,إذا كانت إلتهابات يجب معرفة سببها لوضع العلاج الصحيح. أنا أنصح بالمتابعة مع طبيب مختص في الأوبئة. وفي حال لم تكن إلتهابات أنصح بإستشارة طبيب أورام للتأكد من الأمر.,DiseaseCondition,التهبات في الغدد اللمفاوية
انا اسمي محمد وعمري 29 سنه والمشكله اللي عندي هيه اني الانتصاب عندي مش منتظم وفي حال الانتصاب يكون الانتصاب طري واحتاج مده طويله لكي يحدث انتصاب مره اخرى ولقد...,"ربما يوجد عندك التهاب غدة البروستات والذي يتطلب معالجه بمضاد حيوي مناسب لا بد ان الطبيب المعالج قد وصفه لك
لم تذكر ان كنت متزوجا او تمارس الحياه الجنسيه بانتظام؟",DiseaseCondition,التهاب غدة البروستات
عمري 19 و لي 7 اشهر اعاني من الم في منتصف الظهر الجهة اليمنى وعند الضغط في موقع الالم يؤلمني بشدة فما السبب؟,الاسباب كثيره والفحص السريري مهم وذلك مع طبيب روماتيزم لاجراء اللازم من تصوير وتحليل للدم لتشخيص حالتك,Symptom,الم في منتصف الظهر
انا أبلغ من العمر 33سنه منذو طفولتي ماجتني الدورة الشهرية,اعملي فحص الهرمونات,DiseaseCondition,الدورة الشهرية
مدى خطورة الشحوم الثلاثية,"فرط شحميات الدم هي:
ارتفاع تركيز أحد انواع الدهون أو جميعها كالكوليستيرول , ثلاثي الغليسيريد , البروتين الشحمي مرتفع الكثافة والبروتين الشحمي منخفض الكثافة في بلازما الدم
قد يؤدي ارتفاع نسبة الشحوم في الدم الى:
انسداد الاوعية الدموية .
- تراكم الدهون في الكبد , البنكرياس والطُحال والتسبب في تورمها أو تضخمها .
- ترسب الدهون في الجلد او الاوتار
لذا يجب:
- الفحص الدوري لدهون الدم
- تجنب الأطعمة الغنية بالدهون وخاصة المُشبعة مهنا .
- تناول الأطعمة الغنية بالألياف .
- الحفاظ على الوزن الصحي
-الابتعاد عن التدخين",DiseaseCondition,فرط شحميات الدم
اريد علاج عندي صداع ابد ميفاركني خصوصا من اريد ادرس وعندي نحول كل قوي ابد مو نشيطه ودوم نايمه,يجب معرفة سبب الصداع اولا بعمل صورة دم كامله وفحص النظر وقياس الضغط وكذلك عمل فحوصات الغده الدرقية لمعرفة أسباب الصداع والعلاج الحالي هو فقط المسكنات حتى نعرف السبب ونعالجه كالبنادول,Symptom,صداع
عمري٣٣حامل الاسبوع١٢ وتبين لدي ورم او كيس داخل الرحم حجمه ٥*٦سم مكانه قاع الرحم ونحن لاجئين في تركيا و الاطباء هنا لا يتكلمون كثيرا و قالو عادي! هل يكتمل حملي...,"مراقبة الحمل كل اسبوعين حتى نهاية الشهر الرابع, ومتابعة الاطباء بعد ذلك عند الضرورة والا كل شهر لغاية الشهر السابع, ثم اسبوعيا او حسب برنامج الطبيب المعالج",DiseaseCondition,كيس داخل الرحم
السعال الجاف المصحوب بكتمة في الرئة ويكون متكرر ويؤدي الى جرح في الحلق والم بالرأس,السعال الجاف غلبا ما يكون التهاب فيروسي ن وعلاجه تناول مضادات السعال الجاف مثل توبليكسيل أو ميرلوسم ومضاد للهيستامين لا يسبب النعاس مثل بولارامين أو كلاريتين أو تليفاست ، بلاضافة للتغذية المتوازنة والعسل والمربى,Symptom,السعال الجاف
"السلام عليكم ورحمة الله وبركاته
والدتى لديه تمدد فى الشريان الاورطى واصبح قياس الشريان 5سم هل يمكن اان نعمل لها قسطرة لغرض العلاج وشكرا","يسمى هذا التمدد باللغة العلمية ام الدم الشريانية, وتطلق على الشرايين المتضخمة التي يزيد قطرها باكثر من مرة و نصف عن الحجم الطبيعي, وفي هذه الحالة يعتبر من الدرجة الاولى او الاصغر, وعادة يعتمد التصوير المقطعي (CT SCAN) كافيا لاجراء التشخيص والجراحة, الا في بعض الحالات التي يجب اجراء القسطرة الشريانية, وهذه الحالات هي : ام الدم في منطقة الصدر, التسلخ الاورطي, عندما تكون حدود ام الدم غير واضحة في التصوير المقطعي, ارتفاع الضغط الكلوي , تشوهات الكلية ,وجود اعراض انسداد او تضيق في شرايين البطن, و وجود تضيق شرياني او ام الدم الشريانية في الشرايين الحرقفية او الفخذية. الطبيب العالج هو صاحب القرار",DiseaseCondition,ام الدم الشريانية
ما معنى المرض من ناحية علمية و نفسية,تحول عن حالة الصحة العادية، وبدقة أكثر فإن المرض هو المجموع الكلي للتفاعلات الجسدية والعقلية من قبل شخص تجاه عامل مؤذي يدخل جسمه من الخارج، أو ينشأ من الداخل (كالكائنات الدقيقة، أو السموم)، أو جرح، أو خلل خلقي، أو ولادي. او خلل استقلابي، او نقص في التغذية، أو عملية متنكسة. وتقسم الأمراض إلى معدية وغير معدية،وبائية وغير وبائية.,DiseaseCondition,المرض
ماهي اسباب ارتفاع هرمون اللبن,"الحالات المترافقة مع ارتفاع البرولاكتين
ورم البرولاكتين
زيادة هرمون مطلق وموجه الدرقيةعادة في نقص الدرق
الضغط العاطفي
الحمل والرضاعة",Test,هرمون اللبن
لدي حساسية من البروفين وبعض المضادات الحيوية ولدي ارتخاء في الصمام واريد ان اعمل عملية دوالي الخصية فهل التخدير له ضرر من خلال ما ذكرته ؟,فيما يتعلق بالحساسية، فإنه يمكن إجراء التخدير العام مع تفادي الأدوية المسببة للحساسية و اعطاء أدوية بديلة عنها. أما فيما يتعلق يالصمام، فالموضوع يعتمد على مكان الصمام، شدة الارتخاء و نوع العمليه و من الأفضل لذلك زيارة طبيب القلب لإجراء تقييم مباشر قبل العملية ولا يمكن إعطاء اجابه وافيه عبر الانترنت.,Treatment,التخدير العام
مدى خطورة الشحوم الثلاثية,"فرط شحميات الدم هي:
ارتفاع تركيز أحد انواع الدهون أو جميعها كالكوليستيرول , ثلاثي الغليسيريد , البروتين الشحمي مرتفع الكثافة والبروتين الشحمي منخفض الكثافة في بلازما الدم
قد يؤدي ارتفاع نسبة الشحوم في الدم الى:
انسداد الاوعية الدموية .
- تراكم الدهون في الكبد , البنكرياس والطُحال والتسبب في تورمها أو تضخمها .
- ترسب الدهون في الجلد او الاوتار
لذا يجب:
- الفحص الدوري لدهون الدم
- تجنب الأطعمة الغنية بالدهون وخاصة المُشبعة مهنا .
- تناول الأطعمة الغنية بالألياف .
- الحفاظ على الوزن الصحي
-الابتعاد عن التدخين",DiseaseCondition,فرط شحميات الدم
"طفلتي ميار عمرها ٣ شهور تقريبا تعاني من الأكزيما في وجهها، ما هو العلاج الأمثل؟
مع العلم إن الطبيب وصف لها مرهم فيوسيكورت لمدة ٥ أيام و قد تعافت تماما...","ياريت عدم الاكثار من كريم الكورتيزون ونستخدم كريم بانثينول حتى لو اخد وقت شوية
وياريت نعتبر حساسية الالبان لو الاكزيما طولت مع الطفلة ميار",DiseaseCondition,الأكزيما
طفلي فيه سعلة مع بلغم مع شحرجة بصدره وحمى,"هذي كلها أعراض إلتهاب في الشعب الهوائية
يحتاج مراجعة الطبيب",DiseaseCondition,إلتهاب في الشعب الهوائية
اعاني من صداع شديد جدا في الراس من الامام فوق الحاجيبين والصداع الاخر باسفل الراس من الخلف الصداع معي من اسبوع ومازال مستمر وكل يوم اقوى من الاخر,اسباب كثيرة ممكن ان تسبب الم الرأس وهذا ما يجب البحث عنه لمعرفة السبب ، من الاسباب مشاكل النظر ، التهاب الجيوب الانفية ، شد عضلي ، ارتفاع ضغط الدم ، الشقيقة ، واسباب اخرى لذا يجب معرفة وضعك الصحي وما ان كنت تعاني من احد الاسباب المذكورة,Symptom,صداع شديد
"اعاني من إلتهاب في الحواف الجفنية
بالإضافة إلى حبوب تظهر على أنفي ووجهي
وتسبب لي حرج
مع العلم أن عمري21
ولدي حساسية من الحيوانات والمؤكولات البحرية والحشرات والغبار","لابد من اجراء اختبارات للحساسيه.
Clotremazol kream",Test,اختبارات للحساسيه
"السلام عليكم ورحمة الله
هل استطيع فحص الثدي الماموغرام بعد انتهاء الدوره الشهريه بايام ؟",نعم...تستطيعين,Test,الماموغرام
"كيفية الوقاية من الزهايمر في سن الشيخوخة؟
وإذا أصبح فعلا مريض بالزهايمر كيف أوعية من الناحية الصحية","- ممارسة التمارين الرياضية المنتظمة تساعد لتحسين المزاج و تحسين صحة القلب والمحافظة على صحة العقل .
- نظام غذائي منخفض في الدهون وغني بالفواكه والخضروات للحفاظ على صحة الخلايا الدماغية .
- تناول الأوميغا- 3 للحفاظ عىل صحة القلب .
- الاندماج بالمجتمع و ممارسة النشاطات التي تحفز الخلايا الدماغية
لا تتوافر أية وسائل وقائية للحد من الاصابة بداء ألزهايمر الا أنه ثبت أن تقليل خطر الاصابة بأمراض القلب تُقلل من فرصة الاصابة بداء ألزهايمر",DiseaseCondition,الزهايمر
سني انكسرت كليا و بقيت الجذور فقط و اعاني من انتفاخ كبير قرب السن من كلا الجنبين ؟ هل هذا خطير,"اولا تاخذ علاج التهابات للسن اذا لم يكن لديك اي حساسية من البنسلين تاخذ علاج augmentin 625
Flagyl tap 500 ٣مرات في اليوم لان لديك التهاب قوي وتذهب مباشرة لاي طبيب اسنان حتة يتم ازالة الجذور ومعالجة الالتهاب وعندك العافية",DiseaseCondition,التهابات للسن
قررت استخدام فياجرا !! وفي الصيدلية سألني الصيدلي إن كنت مصاب بفقر الدم المنجلي فقلت نعم .. فقال لا أنصحك باستخدامه !! فما هي الاثار الجانبية والمضاعفات التي يمكن أن...,موانع الاستعمال: فرط الحساسية لهذا الدواء . استخدامه المتزامن مع أي شكل من النيترات ( النيتروجلسيرين ،إيزوسوربيد ثنائي النترات ) حيث يزيد من احتمالية هبوط الضغط . الإستخدام المتزامن مع نظام مثبط البروتياز عند استخدام السيلدينافيل لارتفاع ضغط الدم الشريان الرئوي. للمزيد راجع فياغرا في القاموس.,Treatment,فياجرا
انا عندي الغدة الدرقية واريد استشير معك هل استطيع ان اشرب عصير اليمون وبعد قطرات اليمون مع الماء لأني عندي شحم في الكبد وهل استطيع شرب الشاي مع النعناع وماذا...,يمكنك كل ذلك المهم تناول الدواء,DiseaseCondition,شحم في الكبد
دورتي الاخيرة كانت يوم 07 ماي و حدث جماع يوم 12 من الدورة مع العلم دورتي منتضمة و تدوم 6 ايام هل يمكن ان يصير حمل,نعم من الممكن جدا ان يصير حمل في جميع الأوقات,DiseaseCondition,حمل
هل هناك علاقة بين التهاب المستقيم والتهاب البروستاتا؟ اي هل اذا كان التهاب البروستات مزمن يؤثر على المستقيم ؟؟,ابدا لا توجد علاقة,DiseaseCondition,التهاب البروستاتا
"السلام عليكم
ايش افضل اعشاب طبيه تساعد على تقليل الوزن
شكرا لكم","بسم الله الرحمن الرحيم
الاعشاب في هذا القسم كثيرة ولكن يتم تحديد افضلها للحالة على حسب تقييم الطبيب لكل حالة من حيث الوزن والطول وحالة المعدة هل يوجد قرحة او قولون عصبي والتاريخ المرضي للمريض والادوية المستخدمة ارجو ارسال تلك المعلومات حتى يتسنى لنا مساعدتك .. تقبلوا احترامي",Treatment,اعشاب طبيه
السلام عليكم ورحمه الله وبركاته انا اعاني من انفصام بسيط جدا وعندي حاله اكتئاب شيديده ذهبت للطبيب واعطاني اعلاجه اسم العلاج faverin 50 mgوعلاج risperdal 2mgالان لي سنه و6 شهور...,لا بد من معاودة طبيبك لإعادة تقييم العلاج أو جرعته,Treatment,faverin 50 mg
هل ازرقاق القدمين المفاجئ ثم زواله مؤشر خطير لمن يعاني من ثقوب القلب او دليل علي عدم امكانيه انغلاق الثقوب طفلي عمره 4شهور ؟,لا، ان الازرقاق المرافق لمشكلات القلب يكون في اللسان و الشفتين,Symptom,ازرقاق القدمين
"بسم الله الرحمن الرحيم السلام عليكم
العمر 21 الجنس ذكر اعاني مرض ارتفاع ضغط الدم اتناول حبة تينورمين 50 م
لدي ضعف ابصار في العين اليمنى. اذا اغمضت عيني اليسرى...","بسم الله الرحمن الرحيم
ارتفاع ضغط الدم بشكل عالي يشوش الرؤيا وتأثير الضغط عل العيون كثير ويحتاج لعمر اكثر
عليك الحضور للعيادة لفحص العيون
المهم ان تضبط ضغط الدم عند طبيب الباطني اولا",DiseaseCondition,ارتفاع ضغط الدم
زوجتي حامل في الاسبوع27 توام وهي ممنوعه من الحركه بسبب نزول دم في الاسبوع14 وتستخدم مثبتات للحمل وسبرين اطفال وبعد الكشف بلشعه تبين نقص ماء احد الاجنه دون المستوى الطبيعي...,ننصح بالراحة فقط واخذ ابر Deyamethasone 12 mg X Twice for one time only,Treatment,ابر Deyamethasone
انا فتاة عمري 24 سنه .. وزني 40 كيلو غرام اي وزني قليل جدا عن الطبيعي طولي 158 سم هل من الممكن اجراء عمليه تكبير صدر ؟؟ وماهي المخاطر التي...,"الحل السليم لنمو وتكبيرالثدي و شد الصدر وبدون اي اضرار جانبيه
هو جهاز ( بستلاين BM-301 bustline
الالكتروني ) وهو الحل المثالي للمساعدة في حل مشاكل الثدي لدى النساء
سواء تكبير أو شد الثدي , حيث ان الجهاز يحفز الجسم بشكل طبيعي لافراز
الخلايا الدهنيه وخلايا افراز الحليب ويتم ذلك بأن ينشط الدورة الدمويه
في غضلات الثدي مما ينتج عن ذلك النشاط للدورة الدموية زياده في افراز
الهرمونات الانثويه ( استروجين و بروجسترون ) التي تتكون منها خلايا
وعضلات الثدي )
موانع الاستعمال :
1- يمنع استعمال الجهاز للمراه الحامل والمرضعه وامراض القلب الخطيره .
2- يمنع استعمال الجهاز للفتيات اقل من 15 سنه
عملية تكبير الثدي .. *موضوع شامل عن عملية تكبير الصدر*
أولا الإجابة على سؤاليك الإثنينحة : هي بالنفي وللفائدة إليك هذه
المعلومات التفصيلية عن عملية تكبير الثدي بالجرا
تعد عمليات تجميل الثديين أكثر العمليات التجميلية التي تجريها السيدات
ما بين السن التاسعة عشر إلى السن الرابعة والثلاثين من العمر، وتتراوح
هذه العمليات ما بين تكبير حجم الثديين بالسيليكون المغروس تحت الثديين
بمقدار درجة أو أكثر من مقاس حمالة الصدر، أو رفع الثديين المترهلين
بطريقة تقاوم تأثير الجاذبية عليهما فيعطيهما ذلك شكلا أكثر تماسكا
وجاذبية.
كما تشمل عمليات تجميل الثديين تصغير حجمها للسيدات أو الفتيات اللواتي
يعانين من كبر حجم الثديين ومضاعفات ذلك مثل آلام الرقبة أو الظهر أو
التهابات الجلد أو تقوس العظام أو مشاكل في التنفس.
ورغم كثرة إجراء هذه العمليات إلا أن أكثر المستفيدات منها هن أولئك
السيدات أو الفتيات اللواتي يتمتعن بصحة جيدة ويرغبن في تحسين تناسق
أجسامهن وليس الوصول إلى درجة الكمال.
تعد عملية تكبير الثديين من العمليات المناسبة للنساء اللواتي يعتقدن أن
حجم الثديين لديهن صغير جدا ولا يتناسق مع بقية الجسم، وتتم العملية
بزيادة حجم الثديين عن طريق غرس مواد صناعية تحت الثدي، والنتيجة المثلى
للعملية عادة هي زيادة حجم الثديين بمقدار درجة واحدة من مقاس حمالة
الصدر مثلا من (B) إلى (C).
ومن دواعي إجراء العملية تعويض الحجم المفقود من الثديين بعد الحمل
والولادة أو عدم تساوي الثديين في الحجم أو تعويض الثدي بعد استئصاله
جراحيا لأي سبب من الأسباب.
ويستعمل السيليكون كمادة تعويضية في حوالي 97% من حالات تكبير حجم
الثديين، حيث يتم ادخالها تحت أنسجة الثدي ثم حقنها بمحلول ملح كلورايد
الصوديوم. ورغم بعض المخاوف من أن بعض السيدات اللواتي ثم غرس مادة
السيليكون في الثديين قد يتعرضن لبعض المشاكل في المفاصل أو الأنسجة
الضامة إلا أن هذا لم يثبت علميا.
كما أن تكبير حجم الثديين لا يؤثر على مناطق الإحساس في الثديين ولا يؤدي
إلى العقم ولا يؤثر على الحمل، إلا أنه وفي حالات استثنائية فقط قد يؤثر
على القدرة على الرضاعة الطبيعية.
كما أن عملية تكبير حجم الثديين لا تؤثر على نتيجة أشعة الثدي، إلا أنه
يجب تنبيه الطبيب أو فني الأشعة على وجود مادة السيليكون قبل إجراء
الأشعة.
1- وصف العملية:
يتم إجراء العملية بغرس مادة تعويضية خلف الأنسجة الطبيعية للثدي أو خلف
العضلة الواقعة تحت الثدي تماما ، بعمل شق جراحي صغير يتناسب وحجم المادة
المغروسة وهناك أكثر من خيار لمكان الشق الجراحي .. إما تحت الحلمة أو
تحت الثدي مباشرة أو في الإبط أو من خلال فتحة صغيرة في السرة باستعمال
المنظار.
ويقوم الجراح بعد ذلك بعمل تجويف مناسب خلف الثدي وغرس مادة السيليكون
داخل هذا التجويف أو في بعض العمليات لا يتم إزالة أي أنسجة من الثدي
وتغرس مادة السيليكون خلف حلمة الثدي مباشرة، بعد ذلك يقوم الجراح بخياطة
الشق الجراحي بشريط لا صق وترتدي السيدة بعد ذلك حمالة جراحية خاصة للصدر
لمد أسبوعين ليلا ونهارا ولا تخلعها أبدا إلا عند الاستحمام، كما أنه
يفضل عدم إزالة الشريط اللاصق إلا بعد شهر كامل من إجراء العملية لتفادي
حدوث ندبة كبيرة محل الشق الجراحي.
- الشق الخارجي والكيس: الشق المثالي هو الذي لا يترك ندبات ظاهرة جدا
بعد فترة من الجراحة، وبعد الاختبار، تبين ان الموضع الافضل هو عند الحد
الفاصل بين الجلد البني الغامق والفاتح تحت الحلمة، من دون أن يتعدّى
طوله المقاس المذكور.
لكن تجدر الاشارة الى ان الجراح يستطيع في حالات معينة، ادخال الكيس عبر
شق تحت الثدي مباشرة او تحت الابط.
اما مكان الكيس، فقد تبين بعد خبرة طويلة، ان الشكل الافضل للثدي هو عند
وضع الكيس تحت الغدة مباشرة وفوق العضل لانه يتشابك كليا مع الثدي ويشكل
كتلة واحدة.
اما عند وضعه تحت العضل، فنحصل على كتلتين، الواحدة فوق الاخرى: كتلة
الكيس والعضل، والثانية تمثل الثدي والغدة.
والشكل النهائي اقل جاذبية وخصوصا عندما ينقبض العضل ويضغط معه الكيس،
ولكن في بعض الحالات منها نحافة جلد الثدي بدرجة كبيرة، نتجنب وضع الكيس
تحته مباشرة فنضعه تحت العضلات لجعل سماكة اكبر تغطيه بهدف التمويه.
- شكل الكيس وحجمه: هناك الشكل الدائري والبيضوي كالنقطة، غالبا ما
نستعمل الشكل البيضوي عند النساء اللواتي لديهن ثدي نحيف جدا، نتحسس عبره
الاضلاع، اما النساء اللواتي لديهن طبقة سميكة تغطي منطقة الصدر، فان
الكيس الدائري يفي بالغرض ويعطي شكلا مميزا وطبيعيا.
وبالنسبة الى حجم الكيس، فان كل الاحجام متوافرة ابتداء من 50 مليمترا
الى 600 مليمتر او اكثر، انما الجراح ينتقي الحجم الذي يلائم تكوين
المرأة، اي بعد الأخذ في الاعتبار ضخامة القفص الصدري والبطن وعرض
الكتفين وصغر الثدي الاساسي ومطاطية الجلد ورغبة المريضة.
وفي كل الاحوال، الجراح محكوم لدى انتقائه الكيس بمدى اتساع الجلد له،
فمطاطية الجلد لها حدود لا يمكن تخطيها دون الوقوع في مشكلات كبيرة، كذلك
يجب تنبيه المريضة الى أنه كلما كبر الثدي زاد وزنه وبالتالي صار عرضة
للترهل مع مرور الزمن.
- نوعية الكيس ومدة صلاحيته: امتنع الجراحون لسنوات طويلة عن استعمال
الكيس المحشو بمادة السيليكون، لانه كان لديهم شكوك حول تأثير هذه المادة
على جهاز المناعة وبالتالي الاصابة بمرض ضعف المناعة او تحفيزها او حتى
بالسرطان.
ولكن الدراسات المعمقة اثبتت ان لا ضرر ابدا من استعمال السيليكون، فعاود
الجراحون استعماله سريعا، خصوصا ان نتائج زرع الاكياس المحشوة بالماء لم
تكن مرضية على المدى الطويل، فالماء كان يتسرب ببطء الى الخارج ما كان
يستدعي استبدال الاكياس بعد سنوات قليلة، بالاضافة الى انها كانت تعطي
صوتا، اثناء الحركة، كصوت الماء في قنينة نصف ملآنة، وهذا مزعج جدا
للمريضة.
اما مدة صلاحية الكيس المزروع، فاننا ننصح المريضة عادة بتغيير الكيس بعد
15 سنة تقريبا، لاننا نعتقد انه بعد هذه المدة قد يضعف الغلاف الخارجي
ويتشقق مما يتسبب بتسرّب السيليكون.
وفي هذا الاطار، لا بد من الاشارة الى ان بعض السيدات يحتفظن بالكيس منذ
اكثر من ثلاثين عاما من دون مواجهة اي مشكلة.
ولكن خلال هذه الفترة، يمكن ان يترهل الجلد او حصول حمل أو رضاعة، مما
يؤثر على شكل الثدي، والمشكلة هنا لا تكمن في الكيس انما في الجلد الذي
يغطّيه.
2-مدة العملية :
تحتاج العملية الخاصة بتكبير حجم الثديين إلى حوالي ساعة أو ساعتين
نوعية التخدير في زراعة الثدي
ويعتمد على قابلية المريض لتحمل الالم وكذالك عوامل اخرى مثل عمر المريض
وحالته الصحية
1- تخدير موضعي مع مهدئات
2- تخدير عام
استخدامات الثدي الصناعي
1- شد الثدي لحالات الترهل في الجلد
2- تكبير الثدي -عندما يكون حجم الثدي صغيرا او حسب رغبة المريض
3- تعويض الثدي في حالات ازالة الثدي في عمليات جراحية سابقة او حوادث
ادت الى فقدان جزئي
او كلي للثدي
تاثيرات زراعة الثدي الصناعي
1- لايؤثر على الحمل اذا رغبت المريضة في ذالك.
2-لا يؤدي الى العقم
3-لا يؤثر على الاحساس الطبيعي للحلمة عادة
4-لا يؤثر على الرضاعة بشكل كبير الا فى حالات قليلة
5- لايؤدي الى سرطان الثدي ولايوجد اي دليل علمي يناقض هذا الشيء
6- لا يؤثر في اخذ الاشعة للثدي في الفحص الدوري للثدي
الفرق بين الثدي السليكوني والمائي في الزراعة(الزرعة)implants
1- الجرح في السليكوني 4-6 سم بينما المائي 2-3 سم
2- الملمس في السليكوني يكون اكثر طبيعيا من المائي
3- عند حدوث نضح من الثدي الصناعي في الحوادث – تفاعل الجسم والثدي يكون
اشد في السليكوني وقد يحتاج الى الازالة الفورية اما المائي فلايوجد
تفاعل شديد.
4- التليفات او التكبسل في الثدي السليكوني اسرع واشد منه من الاخر
اختيارت في زرع الثدي الصناعي وحسب رغبة المريض واستشارة جراح التجميل
وبالاتفاق معا
عن طريق شق جراحي في
1- تحت الثدي مباشرة INFRA MAMMARY
2- حول الحلمة PRE I AREOLAR
3- الابط AXILLARY
4- السرة-UMBALICAL
مضاعفات او مشاكل الثدي الصناعي-complications of breast implants
1- تورم الثدي بعد اجراء الزراعة اي ان حجم الثدي اكبر من المتوقع-لعدة
ايام بعد العملية.
2- التهاب الجلد او جرح العملية- يعالج بالتداوي والضماد اليومي واستخدام
المضادات الحيوية وحسب ارشادات الطبيب المختص.
3- ازرقاق او نزف بسيط تحت الجلد-يختفي ذاتيا بعد عدة ايام
4- تفقد الحلمة الاحساس في بعض الاحيان لعدة اشهر وتعود للحالة الطبيعية بعدها
5- الام في منطقة الزرع او حولها- تنتهي بعدة ايام او باستخدام بعض
المسكنات البسيطة
6- تكون الكبسول او التليف حول الثدي ويعتمد من شخص الى اخر capsular contraction
7-رفض الجسم او التحسس الشديد للثدي وهذه الحالة قليلة الحدوث وتحدث
نادرا extrusion
ولسوء الحظ فإنه لا يمكن لأي جراح تجميل أن يتنبأ بحدوث هذه المضاعفات
لأي امرأة قبل إجراء العملية حيث يعتمد ذلك على مدى تفاعل أنسجة الجسم
على مادة السيليكون المغروسة.
8-حدوث ثقب في الزرعة نتيجة شدة خارجية كبيرة او حادثة معينة-في هذه
الحالة اذا كانت الزرعة مائية فالجسم يمتص الماء الخارج من كيس الزرعة
ويصغر حجم الثدي , ام في حالة السليكون ممكن يؤدي الى تحسس شديد يحتاج
الى ازالته .
9- تغير مكان الزرعة نتيجة لشدة خارجية ايضا
-ممكن اعادة الزرعة لمكانها ثانية من قبل الجراح الى مكانها الاصلي غالبا
10- مع الوقت والعمر ممكن للزرعة تحتاج الى تغير لزرعة اكبر لترهل الجلد
الشديد نتيجة الشيخوخة
11- تندبات الجرح تختفي مع مرور الزمن وقد تتاخر حسب الشخص وقابلية
التئام جسمه للجروح, وممكن تقليل اثارها بالليزر او بعض الكريمات
الموضعية
:",Treatment,عمليه تكبير صدر
"السلام عليكم
دورتي الشهرية متوقفة منذ شهرين مع أني لست حامل",افحصي سونار,DiseaseCondition,دورتي الشهرية متوقفة
"لدي بروز في الضلع الاخير في الجهة اليسرا
وسبب الآم لي عند التنفس فعملت اشعة للكبد والكلى
لتأكد من عدم وجود تضخم فظرت النتيجة سليمة
لكن مازلت اشعر بالام فما...","بروز الضلع الاخير حالة شائعة بين عامة الناس و خاصة اذا كان المريض نحيفا, المشكلة التي تعانين منها هي التهاب الاعصاب المغذية لعضلات القفص الصدري. مع الشهيق تتوسع المسافة و بالتالي اطالة العضلات و اثارة العصب مما يسبب الالام. يجب قدر الامكان الابتعاد عن المكيفات و اخذ بعض المسكنات و ستختفي المشكلة",DiseaseCondition,التهاب الاعصاب
"ممكن تشخيص لتحليلى للبول microscpical وهل لدى مشكله
Pus cells (25_30)
Crystals(triple phosphare ++)
Epithlial(++++)
R.b.cs(5_7)","التشخيص هو وجود التهابات في المسالك البوليه
وعلى الاغلب وجود التهابات مهبليه كذلك
راجعي الطبيب",Test,تحليلى للبول
ظهور. خط خفيف جداً في التست بعد انقطاع الدورة لمدة5 ايام هل علامة حمل؟ ام قرب للدورة الشهرية؟.. اي انه هل من الممكن ان يظهر خط خفيف كعلامة لقرب الدورة؟؟...,لا يظهر بدون حمل,Test,التست
"لماذا عندما اتناول التفاح استفرغ فورا مع انني في الصغركنت اكل التفاح بشكل كبير
اما اليوم فانا احاول لاكن دون جدوى استفرغ فورا",لا تجبر نفسك على شيء حتى لا تعاني منه لاحقا ، دع الجسم يتصرف على طبيعته ويأخذ ما يشاء ويرفض ما يشاء ، ولا تخلق منها مشكلة، فلو كان التفاح ضروريا لوجدت ألف طريقة لإدخاله إلى المعدة. والجسم بآليته الخاصة يعرف ما يلزمه ويأخذه رغم كل شيء.وهناك فواكه كثيرة تحتوي على الفيتامينات الموجودة في التفاح فعليك بها.,Symptom,استفرغ
ما هى المده التى ياخذها جسم الانسان اذا كان شاب فى تكوين اجسام مضاده للفيروسات الكبديه وهل من الممكن ان يبدا الفيرس بمهاجمة الكبد خلال هذه الفتره وظهور الاعراض وعند...,"يضمن اللقاح الوقاية من عدوى التهاب الكبد الفيروسي ب. والقاح يحتوي على واحد من البروتينات المغلفة للفيروس، وهو المستضد الموجود على السطح الخارجي لفيروس بي (HBsAg). وهي مصنعة بواسطة خلايا فطر الخميرة، المدرج بداخلها الشفرة الوراثية لل HBsAg. مقرر مكون من (3) جرعات، الثانية تؤخذ بعد شهر واحد على الأقل من الجرعة الأولى والثالثة تؤخذ بعد الجرعة الأولى بستة أشهر.[1] بعد ذلك ينشئ جهاز المناعة أجسام مضادة ل HBsAg في الدم. وتعرف الأجسام المضادة ل HBsAg ب anti-HBsAg هذه الأجسام المضادة وذاكرة جهاز المناعة يوفر الحصانة ضد العدوى بالتهاب الكبد الفيروسي ب.
وهناك مجموعة من اللقاحات المتوفرة في السوق. في الوقت الحاضر لقاحات مصنعة بواسطة تكنولوجيا [[الهندسة الوراثية]] متوفرة، وهو ما يعني أنها تنتج عن طريق إدخال الوحدة الوراثية لالتهاب الكبد الفيروسي البائي في الخميرة المعروفة حيث يتم زرعها، وتجميعها، وتنقيتها. لا يمكن أن تحدث عدوى التهاب الكبد الفيروسي بي نتيجة أخذ اللقاح. كل هذه التطعيمات تؤخذ في العضل
على الرغم من أن في البداية كان يعتقد أن لقاح التهاب الكبد باء لا توفر الحماية لأجل غير مسمى، ولكن هذا لا يعتبر أمرا بالغ الأهمية الآن. وكانت تقارير سابقة قد اشارت إلى ان التطعيم الفعال لتوفير غطاء بين خمس وسبع سنوات، ولكن في وقت لاحق أنه تم تقدير هذا المدى الطويل للحصانة مستمد من الذاكرة المناعية التي تدوم وتعوض فقدان الأجسام المضادة وبالتالي إعطاء جرعات معززة أو اختبارها لم يعد مطلوبا في الأشخاص ذوي المناعة الجيدة الذين تلقوا التطعيم. وبالتالي مع مرور الوقت وبعد التجربة، أظهرت حماية قد لا تقل عن 25 سنة في أولئك الذين أظهر استجابة أولية كافية للمقرر الأول من التطعيمات، والمبادئ التوجيهية في المملكة المتحدة تشير الآن إلى أن الذين أظهروا استجابة أولية ويحتاجون إلى حماية مستمرة، مثل العاملين بالرعاية الصحية، يحتاجون فقط لجرعة واحدة معززة في 5 سنوات.",Treatment,اللقاح
انا لدي قولون عصبي نصفي اي انني احس بألام الجزء الايمن منه فقط(1-هل هذا طبيعي)، لدي غازات كثيرة.،اريد ان اعرف اذا كان هذا المرض يمكن ان يسبب ألام في الرجل...,"أعراض القولون العصبي :ألم في البطن ، والانتفاخ ، وعدم الراحة هي الأعراض الرئيسية للمرض. ومع ذلك ، يمكن أن تختلف الأعراض من شخص لآخر. بعض الناس يعانون من الإمساك ، والذي يعني صعوبة تمرير البراز ، أو ندرةحركات الأمعاء . هؤلاء الناس في كثير من الأحيان يشكون من توتر وتشنج عند محاولة الحصول على حركة الامعاء ولا يمكنهم البراز ، أو إخراج كمية صغيرة فقط. وإذا حصل البراز يكون مصحوباً بمخاط ، وهو السائل الذي يرطب ويحمي الممرات في الجهاز الهضمي. بعض المرضى الذين يعانون من الاسهال ، ويكون البراز متكرراً ، رخواً، مائياً ،.بعض الناس تشعر في كثير من الأحيان مع الإسهال بحاجة ملحة لا يمكن السيطرة عليها للبراز . والبعض الآخر من الناس يتناوبون الامساك والاسهال. الناس في بعض الأحيان تجد أن الأعراض تهدأ لبضعة أشهر ثم تعود، والبعض الآخر يشكون من تدهور مستمر من الأعراض مع مرور الوقت.
كما يشير اسمها ، هي متلازمة القولون العصبي ، مجموعة من العلامات والأعراض. القولون العصبي لا يؤدي إلى أمراض خطيرة ، بما في ذلك السرطان. على مر السنين ، فقد سميت المتلازمة بالعديد من الأسماء ، من بينها التهاب القولون ، التهاب القولون المخاطي والقولون التشنجي أو الأمعاء تشنجي. ومع ذلك ، لم يثبت وجود صلة بين المتلازمة وامراض التهابات الامعاء مثل مرض كرون أو التهاب القولون التقرحي.
ننصحك بزيار طبيب باطنية لعمل فحص عام لتحديد التشخيص وعمل فحص للبراز.",DiseaseCondition,قولون عصبي
21 ثدي الايمن اصغر قليلا من ثدي الايسر ويوجد ف ثدي الايمن من بدايه الثدي ورم طولي وعند رفع ذراعي يختفي لكني اشعر احيانا بثقل قيه اما تحت الابط يظهر...,من الطبيعي أن يختلف الحجم بين الثدي الأيمن والثدي الأيسر. ويحدث بعض التغيرات والإنتفاخات يالثدي وتحت الإبط قبل الدورة الشهرية وخلالها.,DiseaseCondition,ورم طولي
إبني عمر 6 سنوات و يعاني من حساسية الصدر أعطيه بخار الفنتولين و الأتروفين و شراب الزيلون .هل الفيس يفيد أم لا,غير واضح السؤال,DiseaseCondition,حساسية الصدر
اعاني من الصغر بضعف المناعه وهذا يسبب لي بعض الامراض مثل قرح وفطريات الفم والبرد ومشاكل في التحام الجروح حيث تترك ندبات فما الحل,"جهاز المناعة هو مجموعة متعددة من الأعضاء والخلايا والبروتينات أنعم الله بها على الإنسان لكى يتمكن من مقاومة الكائنات الحية الأخرى التى قد تهاجم الجسم مثل الميكروبات أو للسيطرة على بعض وظائف الجسم التى قد تتطرف فى عملها فتؤدى إلى ظهور أمراض المناعة الذاتية أو الحساسية أو إلى حدوث أورام . ومن أهم الأعضاء التى تقوم بوظائف مناعية هى الجلد الذى يحمى من إختراق الميكروبات والغدة السيموزية (Thymus) والتى توجد داخل الصدر منذ نشأة الجنين داخل الرحم وتنشأ بها بعض الخلايا المناعية الهامة (الخلايا الليمفاوية ت) وأيضاً الطحال والغدد الليمفاوية وكذلك الأمعاء والتى تمثل حائل دون إمتصاص بعض المواد الضارة فى الرضع والكبد الذى ينتج بعض البروتينات الهامة وغيرها. ومما هو جدير بالذكر أن كل أعضاء الجسم تحتوى على وسائل دفاعية أو خلايا مناعية لحماية الإنسان .
والخلايا المناعية متعددة فمنها كرات الدم البيضاء الأكولة والتى تهاجم الميكروبات بصورة مباشرة أثناء وجودها بالدورة الدموية والخلايا الأكولة الثابتة بالأغشية والتى تلتهم الميكروبات وتقوم بتقديمها للخلايا الليمفاوية لكى تتعرف عليها وتقوم بالتعامل معها عند التعرض لها مستقبلياً . والخلايا الليمفاوية هى التى تقود جهاز المناعة فى الأربعة سنوات الأولى من العمر حيث تكون باقى أجزاء جهاز المناعة غير ناضجة فيرتفع عددها فى دم الرضع والأطفال وكلما تعرض الطفل لعدوى بكتيرية تتضخم الغدد الليمفاوية مثل الموجود بالرقبة والتى تظهر عند إلتهاب اللوزتين وقد يزداد أيضاً حجم الطحال والذى يعمل عندئذ كغدة ليمفاوية كبيرة .
والخلايا الليمفاوية نوعان : النوع الأول "" ت "" (T lymphocytes) يعتبر خلية مركزية تسيطر على معظم جهاز المناعة فمنها المحفز ومنها المثبط ومنها المنظم لعمل النوعين الآخرين . أما النوع الثانى "" ب "" فيقوم بتحفيز وإفراز الجلوبيولينات المناعية (الأجسام المضادة المناعية) والتى تقاوم البكتيريا والفيروسات والفطريات ومنها نوع أ (IgA) و ج (IgG) و م (IgM) و هـ (IgE) و د (IgD) . ومن البروتينات الهامة أيضاً لجهاز المناعة نوع يطلق عليه البروتينات التكميلية (Complement) وتمثل جهاز دفاعى آخر لجسم الإنسان . ونقص عمل جهاز المناعة يعنى نقص كفاءة أى من هذه الأجهزة السالف ذكرها والذى قد يحدث خلقياً (تكوينياً) فيولد به الطفل أو يحدث فيما بعد ويسمى نقص المناعة المكتسب.
الأعراض التى تدل على نقص المناعة ؟
الطفل الذى يعانى من نقص وظيفى بجهاز المناعة معرض للعدوى الميكروبية بصورة شديدة يصعب السيطرة عليها بالعلاجات المعتادة فمثلاً الإصابة بتسمم جرثومى بالدم أو إلتهاب سحائى أو إلتهاب بالعظام مرتين فأكثر أو التهابات بكتيرية شديدة بالأغشية الخلوية والغدد الليمفاوية أو التهابات صديدية بالأذن ثلاثة مرات متلاحقة فأكثر . كذلك الالتهابات الميكروبية بأماكن غير معتادة مثل الخراريج بالكبد أو المخ أو الخراريج المتكررة بالجلد أو العدوى بميكروبات غير معتادة مثل بعض الفطريات والتى يتم تشخيصها من خلال المزرعة . وأيضاً حدوث التهابات بميكروبات عادية من التى تصيب كل الأطفال ولكن بصورة شديدة غير معتادة فبدلاً من أن تؤدى إلى التهاب الحلق أو دمل بالجلد تسبب التهاب سحائى أو إسهال مذمن أو تقيح شديد بالجلد أو التهاب رئوى شديد مما قد يتطلب العلاج بالمستشفى .
ومن الضرورى أن نأخذ فى الاعتبار أن ليس كل طفل يعانى من العدوى المتكررة مصاباً بخلل وظيفى فى جهاز المناعة ولكن توجد أسباب طبيعية لتكرار العدوى وهى أكثر انتشاراً من أمراض نقص المناعة . وعلى سبيل المثال فإن الإختلاط المبكر فى الحضانات قبل نضوج جهاز المناعة أى قبل سن 4 سنوات يؤدى إلى انتشار الفيروسات والميكروبات بين الرضع والأطفال خصوصاً لو كانت الأم تعمل وتضطر إلى إرسال طفلها للحضانة وهو مريض فتنتشر العدوى إلى أقرانه ثم ينقلون العدوى له بعد أن يشفى وهكذا .
كما تنتشر العدوى بسبب سوء التهوية فى المنازل والفصول وأتوبيسات المدارس نظراً لعادة غير صحية حيث يغلق البعض النوافذ خوفاً من البرد بينما يحتشد الأطفال داخل المكان سئ التهوية فتنتقل الميكروبات فيما بينهم .
بالنسبة لنقص المناعة الأولى (الخلقى) فإن منه أنواع وراثية وأنواع أخرى غير معلومة المنشأ ولكن بالفحص الإكلينيكى يمكن أن يتوقع الطبيب وجود خلل بوظائف المناعة فعلى سبيل المثال قد يتأخر سقوط السرة فى الوليد مع وجود تقيح بها أو قد تؤدى حقن التطعيمات إلى أثار أو تشوهات بالجلد أو قد توجد بعض الملامح على الطفل توحى ببعض من هذه الأمراض كما قد يوجد تضخم بالكبد والطحال أو اضطرابات بالجهاز الهضمى أو الجهاز العصبى مصحوبة بعدوى متكررة كما سبق ثم عندئذ يقوم الطبيب بعمل بعض الفحوص المعملية والتى توضح كفاءة عمل جهاز المناعة مثل قياس نسبة الأجسام المضادة المناعية وخصوصاً النوع أ (IgA) والتى يعد نقصها الأكثر شيوعاً فى أمراض نقص المناعة وكذلك صورة دم كاملة وهى تعطى فكرة عن خلايا الدم البيضاء الليمفاوية والأكولة وكذلك الصفائح الدموية والتى ينقص عددها فى أحد أمراض نقص المناعة وسرعة الترسيب والتى ترتفع فى بعض الالتهابات المزمنة . كما قد يطلب الطبيب عمل فحوص لمعرفة استجابة الطفل للطعوم البكتيرية المعتادة واختبارات لوظائف كرات الدم الأكولة وللبروتينات التكميلية. وفى حالة وجود خلل ببعض هذه الاختبارات يجب عمل فحوص أخرى متقدمة لمعرفة نوع نقص المناعة بالتحديد حيث أن أمراض نقص المناعة متعدد جداً ويختلف العلاج فيها كثيراً.
أما نقص المناعة المكتسب والذى قد ينشأ من بعض الأمراض الآخرى مثل سوء التغذية أو تناول بعض العقاقير مثل الكورتيزون أو العلاج الكيميائى أو الأوذيما الكلوية أو الإصابة ببعض الفيروسات مثل فيروس نقص المناعة المكتسب (الأيدز AIDS) فإن التشخيص يكون ملحقاً بتشخيص المرض المسبب.
التعامل مع مريض بنقص المناعة
المريض ناقص المناعة معرض للعدوى البكتيرية والفيروسية أكثر كثيراً من الطفل الطبيعى وخصوصا إذا كان نوع نقص المناعة لديه غير قابل للتعويض بالأجسام المضادة المناعية عن طريق الحقن . يجب على الأسرة مراعاة بعض الاحتياطات لحماية هذا الطفل ومنها الآتى:
– تجنب وجود الطفل فى الأماكن المزدحمة سيئة التهوية.
– عدم تقبيل الطفل وخصوصاً من الوجه.
– منع أى مريض بعدوى ميكروبية من الاقتراب من الطفل وإذا كان لابد من الاختلاط فيفضل إرتداء القناع الواقى لتغطية الأنف والفم.
– الاهتمام بنظافة الطفل الشخصية مثل نظافة ملابسه والاستحمام اليومى وغسل يدين الطفل بالماء والصابون مرارا وتكراراً يومياً.
– يجب على الأشخاص المنوطين بالعناية بالطفل غسل اليدين بالماء والصابون قبل التعامل معه حيث ثبت أن اليدين هم أكثر أعضاء الجسم نقلا للميكروبات.
– الاهتمام بنظافة غذاء الطفل حيث يفضل تناول الأطعمة التى تعرضت للتسخين الشديد مسبقاً وفى حالة تناول أطعمة طازجة تغسل بالماء والصابون وتجفف جيداً قبل الأكل وكذلك تغسل أوعية وأدوات تناول الطعام بالماء الساخن.
– غلى مياه الشرب وحفظها فى زجاجة مغطاة لحين الاستخدام.
– يفضل عدم الإحتفاظ بحيوانات أليفة بالمنزل.
– الفحص الدورى للطفل لإكتشاف العدوى الميكروبية وعلاجها مبكراً وكذلك اكتشاف أى مضاعفات أخرى وكذلك فحص أشقاء الطفل وكل المخالطين بالمنزل دوريا لتجنب إصابته بالعدوى الميكروبية منهم.
– فى بعض الأحيان قد يصف الطبيب المتخصص فى المناعة بعض العقاقير الواقية للطفل وفى هذه الحالة يجب تناولها بدقة وبالجرعات الموصوفة لتجنب حدوث مقاومة من جانب الميكروبات للمضادات الحيوية المستخدمة ويجب تجنب إستخدام المضادات الحيوية عشوائيا وبدون اللجوء للطبيب.
– يجب على الوالدين قياس درجة حرارة الطفل دوريا وملاحظة افرازات الأنف والبصاق ومراقبة البول والبراز وملاحظة أى طفح جلدى وابلاغ الطبيب عند حدوث أى علامات غير صحية أو تغير فى سلوك الطفل أو شهيته مع الأخذ فى الاعتبار أن بعض مرضى نقص المناعة قد يصابون بعدوى بكتيرية شديدة بدون ارتفاع فى درجة الحرارة مع ذلك قد تتطور الحالة سريعا وتسبب مضاعفات متعددة.
– الرجوع للطبيب المتخصص قبل إعطاء الطفل ناقص المناعة أى تطعيمات حيث أن بعض الطعوم لا يمكن استخدامه فى معظم أنواع نقص المناعة، كما أن فى بعض أنواع نقص المناعة الوراثى تكون الإستجابة لبعض الطعوم ضعيفة وأيضاً توجد بعض الطعوم الخاصة التى يجب إعطاءها للطفل المصاب بنقص المناعة تحت إشراف الطبيب المتخصص.
يوجد علاج فعال للكثير من أمراض نقص المناعة الوراثية يؤدى الى السيطرة على الأعراض ويسمح للطفل بممارسة حياته بصورة طبيعية مع الأخذ بأسباب الوقاية السابقة. على سبيل المثال فإن أمراض نقص المناعة الناتجة عن نقص تصنيع الجلوبيولينات (الأجسام المضادة) المناعية (antibody deficiency disorders or humoral immune deficiency) يمكن السيطرة عليها بحقن الطفل بالأجسام المضادة المناعية فى الوريد (IVIG) مرة شهريا وهذا العلاج برغم إرتفاع تكلفته متوفر فى مستشفيات الجامعة والتأمين الصحى . والطفل الذى يتناول هذا النوع من العلاج يجب متابعته بقياس نسبة الجلوبيولين المناعى ج فى الدم حيث يجب المحافظة على تركيز معين له ( أعلى من 500 مجم /100 مللى من المصل) لكى يحمى الطفل من العدوى الميكروبية بإذن الله وفى كل المرضى فإن حقن الجلوبيولينات المناعية الوريدى يجب أن يتم فى المستشفى وتحت إشراف طبى دقيق لتجنب المضاعفات التى قد يسببها مثل نوبات الحساسية المفرطة.
وهذا النوع من العلاج ممنوع إستخدامه فى أحد أنواع نقص المناعة وهو مرض نقص الجلوبيولين المناعى أ المحدود ( Selective IgA deficiency) حيث أن حقن الطفل بالجلوبيولينات المناعية فى هذه الحالة يمكن أن يفقده حياته كما يجب عدم إعطاء الطفل المريض بهذا النوع من نقص المناعة بروتينات البلازما أو الدم المحتوى على البلازما فى الوريد حتى لا يؤدى الى نفس الخطورة على حياته ولحسن الحظ فإن الطفل المصاب بنقص الجلوبيولين المناعى أ المحدود يكون أفضل حالا من مرضى باقى أنواع نقص المناعة من حيث خطورة العدوى الميكروبية ويمكن بفضل الله أن يمارس حياته بصورة طبيعية بمجرد الإلتزام بالإجراءات الوقائية السابق ذكرها ولحسن الحظ أيضا فإن نسبة من الأطفال المرضى بنقص الجلوبيولينات المناعية تكون الأعراض فيهم مؤقتة وتتحسن بمرور الأعوام مثل مرض النقص المؤقت للجلوبيولين المناعى أ.
أما أمراض نقص المناعة الخلوية (cell mediated immune deficiency) و كذلك الأنواع المختلطة من نقص المناعة(combined immune deficiency) فيكون علاجها أكثر صعوبة وقد تحتاج لزرع نخاع العظم والذى يكون شافيا بفضل الله فى بعض الأنواع وعموما فإن هؤلاء الأطفال عادة يحتاجون الى تناول عقاقير واقية بصفة مستديمة مثل المضادات الحيوية ومضادات الفطريات وبعض الطعوم الواقية وبعض هذه الأمراض قد يحتاج للحقن بالجلوبيولينات المناعية بين الحين والآخر وكذلك إستخدام متكرر لمضادات الفيروسات.وبالنسبة لنقص المناعة المكتسب والذى قد ينشأ من بعض الأمراض الأخرى مثل سوء التغذية أو الأوذيما الكلوية أو الناتج من العلاج بالكورتيزون ومثبطات المناعة والعلاج الكيميائى فإن علاجه يكون بعلاج المرض المسبب وعادة ما يكون نقص المناعة مؤقتا فى هذه الحالات ويزول بزوال المسبب ويستجيب الطفل للإجراءات الوقائية السابق ذكرها. أما لو كان سبب نقص المناعة المكتسب هو الإصابة بفيروس نقص المناعه (HIV) المسبب لمرض الإيدز (AIDS) فان الطفل يكون محتاجاً لرعاية من نوع مختلف",DiseaseCondition,ضعف المناعه
انا اوقف تدخين منذ يوم ولا اعرف اتنفس مثلمآ كنت ادخن واريد الحل هل الجئ للتدخين ام هناك حل للعلم ادخن منذ 5سنوات,اعراض انسحاب من التدخين بسبب زيادة نسبة الاكسجين في الدم الناتج عن انقطاعك عن التدخين ، تختفي مع الوقت ، البدايه تكون صعبه و من ثم تحسن ملحوظ بتحسن التنفس و التذوق والرائحه ٢-٣ ايام ، بعد اسبوعين - ثلاثة تحسن ملحوظ في الدوره الدمويه و عدد دقات القلب ، تمنياتي بالتوفيق والنجاح بالاقلاع,DiseaseCondition,اعراض انسحاب من التدخين
امي تبلغ من العمر 53 سنه تناولت قرص واحد من حبوب سيبتادين بغرض فتح الشهية حدثت معها دوخه ووجع في الرأس وكسل اسهال الأن مرت اربعة ايام ولم تذهب هذه...,"ينصح مراجعة اخصائي هضمية وكبد فاستمرار هذه الاعراض تؤدي الى فقدان سوائل الجسم وهبوط الضغط وزيادة الشكوى , من الضروري عدم الابطاء من اجل تعويض السوائل المفقودة ولحماية الكلى",Treatment,سيبتادين
حامل في نهاية سادس احس بثقل وتوسع بالمهبل من الخارج والاحظ عن الضغط وجود طابه لحميه من الامام استشرت طبيب قال ليس هبوط انما من حمل اريد ان اطمئن اكثر...,غالبا يخف بعد الولادة,Symptom,ثقل وتوسع بالمهبل
ابني عند ولادته كان يوجد بقلبه ثقب ولم يعطوه اللقاح الا مرة واحدة وعمره الان 7 اشهر واجرو له ايكو للقلب وقالو بانه تحسن جيدا فهل اكمل له اللقاحات واعوضها,ممكن التنسيق مع طبيب الأطفال و إجمالا يجب استكمال اللقاحات بمعظمها حتى بوجود ثقب في القلب,DiseaseCondition,ثقب في القلب
"PREFERTIL هذا الدواء اعطته الدكتورة لزوجتي
اريد معرفة السبب وما فوائده ومضعافاته",هو تشكيلة متنوعة من الفيتامينات و المعادن و العناصر الاساسية للجسم و يساعد على قيام الجسم بالوظائف اليومية و تقليل الشعور بالتعب و الارهاق و يقلل من تساقط الشعر و يحسن من شكل البشرة و الاظافر على المدى البعيد من الاستخدام و ليس له مضاعفات خطيرة لكن يجب الحذر من استخدامه اثناء الحمل,Treatment,PREFERTIL
هل كرات الدم البضاء اذا كان هناك نقص بها بنسبه بسيطه تعنى الاصابه بمرض خاصه وانا اعانى من انيميا,"هناك أسباب متعددة تـُحْدث قلة العدلات على رأسها
١-أمراض الدم الخبيثة كلـَّها بسبب استعمار النقي،
٢-وبعض الأخماج كالحمى التيفية والمراحل الباكرة للأخماج الفيروسية والإنتانات الصاعقة حيث يزداد استهلاك العدلات على إنتاجها،
٣-وفي فرط الطحالية وفقر الدم الوبيل وبعض أمراض الكولاجين كالذأب الحمامي ومتلازمة فيلتي Felty syndrome
٤-وتشاهد بعد استعمال الأدوية السامّة للخلايا وفي حالات أخرى كثيرة. أمّا ندرة المحببات فإنـّها في أكثر من 60% من الحالات تنجم عن استعمال بعض الأدوية كمضادات الالتهاب غير الستيروئيدية مثل الأمينوبيرين والإندوميثاسين والفينيل بوتازونال Aminopyrine' Amidopyrine' Phenylbutazone' Indomethacin وبعض المهدئات مثل الكلوربرومازين Chlorpromazine ومضادات الاختلاج مثل كاربامازينCarbamazepine ومضادات الدرقية Propylthiouracil و Methamizol وبعض المضادات الحيوية الكلورأمفينيكول والمثيسيلينمثل Chloramphenicol و Methicillin ومركبات السلفا والمدرَّات مثل الثيازيدThiazide وخافضات الضغط الكابتوبريلCaptopril. تحدث ندرة المحببات التالية لإستعمال الأدوية إما بسبب التأثير السِّمي المباشر على السلسلة المحببة في النقي أو بسبب تشكـّل أضداد المحببات بآلية مناعية.
راجعقلة البيض في القاموس.",Test,كرات الدم البضاء
أشعر بألم قوي برأسي تقريبا كل يوم وصرلي على هالوضع شهر ما سبب هذا الألم. أيام أستيقظ من النوم ورأسي يؤلمني كثيرا على العلم أن عندي مشكلة بالجيوب الأنفية شو...,من الواضح انك تعانى من نوبات من الصداع الحاد نتيجة التهابات مزمنة بالجيوب الانفية ننصحك بعمل اشعة رنين مغناطيسى او اشعة بانوراما على الجيوب الانفية والتواصل مع الزميل استشارى الانف والاذن فى بلدك للعلاج والمتابعة معه حتى الشفاء التام انشاءالله,DiseaseCondition,التهابات مزمنة بالجيوب الانفية
انا بخود هيمامكس و سترس تابس فيهم ضرر على الحمل,تأكدي من أنهما لا يحتويان على فيتامين أ وينصح بمراجعة طبيبك لاعطائك الفيامينات الضروية للحمل,Treatment,هيمامكس
انا امارس العادة السرية بكثرة ، وقبل يومين شعرت بعد الاستمناء بخفقان قوي ف القلب ورعشه ف الجسم وهو يحصل اول مرة لي هل يمكن ان يؤثر هذا على العلاقة...,يمكن أن يؤثر من الناحية النفسية والعاطفة,Symptom,خفقان قوي ف القلب
علاقه سطحيه بكامل الملابس .الطرفين يلبسون جينز ولباس داخلى .وقذف الشاب داخل ملابسه وهو مستلقى ع بطنه بعيد عن ملابس الفتاه وعضوها التناسلى هل يحدث حمل بهذه الطريقه؟انا قلق جدا,صعب حدوث الحمل بهذه الطريقة، فلا منويات ولا بويضة ولا تلقيح!!!,DiseaseCondition,الحمل
عمري 30لدي تسرع بالقلب مترافق مع برودة في الجسم وخاصة الركبتين واجريت الكثير من التحاليل والصور وكانت جمبعا سليمة,اختي الفاضله رجاء مراحعة طبيب قلب لان أسباب الخفقان كثيرة منها ما هو نفسي وعصبي وهرموني وقلبي ومجهول السبب وغير ذلك، وإذا لم يتم رصدها في التخطيط العادي هناك جهاز تسجيل لمدة 24 ساعة (هولتر) يوفر الفرصة لرصده للتحقق من طبيعتها ومن ثم علاجها حسب نوعها,Test,هولتر
سؤالي هو هل النسيان و عدم التركيز بشكل خطر على حياة الإنسان ؟ و هل هنالك حل و ايضا هل هناك علاج لجفاف العيون + معانات نقص النضر و الحساسية...,"مرحبا
بامكانك اخذ قطرة مرطبة للعين مثل
systane ultra eye drop
اربع مرات يوميا .
ايضا الاهتمام بالاكل الصحي",Symptom,النسيان و عدم التركيز
الم شديد بمنطقة الشرج خاصة بعد الحمام و يستمر لساعات و ذلك من شهور حيث يوجد تشققات حول منطقة الشرج و تم تشخيصي مرتين مره ناسور و مره شرخ شرجي...,من إختلاطات الشق الشرجي حدوث التهاب جرثومي. مما يعطي اعراض الشق الشرجي مع أعراض الناسور.... الرنين المغناطيسي مفيد قبل العمل الجراحي...القرار النهائي لحالتك هو الجراح المعالج...,DiseaseCondition,الشق الشرجي
أين يقع البنكرياس,يقع البنكرياس في اعلى البطن خلف المعدة.,DiseaseCondition,البنكرياس
هل نزول الدورة الشهرية جامد للبنت ليه علاقة ان ممكن بعد الزواج غشاء البكارة لايكون مؤلم وواسع ولا يؤلمها ف اول علاقة ف ليلة الزفاف,ليس له علاقة بكل هذا، ربما من التغذية أو الحالة الصحية!!,DiseaseCondition,غشاء البكارة
"ابني عمره 6 سنوات تعرض لاصابة جرح تحت اللسان من قلم رصاص
ماهو الاسعافات الاولية","اولا يجب ايقاف النزيف و ذلك يعتمد على شكل و حجم الجرح
وضع ضماده او شاش على مكان الجرح لمده 10 دقاءق
و من ثم اخذ مضاد حيوي لمنع التهاب الجرح
و يوجد بالصيدليات كريمات داخليه لمثل هذا النوع من الجروح و تقرحات اللسان",DiseaseCondition,جرح تحت اللسان
شعرت بيوم عند الاستيقاظ من النوم بدوخة وايدى ورجلى مثلجة وعند ذهابى الى المشفى تم قياس الضغط وجد انه 160/120 مرتفع فتم اخذ نصف قرص تحت اللسان لتقليل الضغط ومعا...,"يجب عمل دراسة من خلال المتابعة مع طبيب لمعرفة ما اذا كنت تعاني من الضغط العالي ام ان ما حصل هو عرضي وبالتأكيد يجدب عمل فحوصات من خلال الطبيب لها علاقة بالضغط العالي
اذا تأكد انك تعاني من الضغط العالي فالرياضة ضرورية والمحافظة على الوزن المثالي والاكل المتوازن البعيد عن ملح الطعام لكن كل هذا رهن بالمتابعة ودراسة وضعك وضغطك",DiseaseCondition,الضغط العالي
"السلام عليكم ورحمة الله وبركاته
والدتى لديه تمدد فى الشريان الاورطى واصبح قياس الشريان 5سم هل يمكن اان نعمل لها قسطرة لغرض العلاج وشكرا","يسمى هذا التمدد باللغة العلمية ام الدم الشريانية, وتطلق على الشرايين المتضخمة التي يزيد قطرها باكثر من مرة و نصف عن الحجم الطبيعي, وفي هذه الحالة يعتبر من الدرجة الاولى او الاصغر, وعادة يعتمد التصوير المقطعي (CT SCAN) كافيا لاجراء التشخيص والجراحة, الا في بعض الحالات التي يجب اجراء القسطرة الشريانية, وهذه الحالات هي : ام الدم في منطقة الصدر, التسلخ الاورطي, عندما تكون حدود ام الدم غير واضحة في التصوير المقطعي, ارتفاع الضغط الكلوي , تشوهات الكلية ,وجود اعراض انسداد او تضيق في شرايين البطن, و وجود تضيق شرياني او ام الدم الشريانية في الشرايين الحرقفية او الفخذية. الطبيب العالج هو صاحب القرار",DiseaseCondition,ام الدم الشريانية
افرازات الحمل اول ثلاث شهور مع التهابات اسفل البطن و حكة في المهبل,"بالنسبه للافرازات الاغلب طبيعيه
بالنسبه الام يجب التأكد من عدم وجود التهابات مسالك بوليه او غيرها من الاسباب",DiseaseCondition,التهابات مسالك بوليه
"سلام
عندي ألم في رأس ثدي وحين المسه احس كأنه هناك ولسيس علما انني ذكر بالسن 16
شكرا على الرد",إن هذا الأمر طبيعي في هذا العمر بسبب التغيرات الهورمونية بالجسم. ولكن إذا كان هناك إحمرار أو تورم مع ألم قوي أفضل أن تستشير طبيب للمعاينة إذ ربما يكون هناك إلتهاب موضعي.,DiseaseCondition,إلتهاب موضعي
عندي جرح في الرقبه طبقه حمراء من بعد عمليه اصتءصال نصف غده الدرقيه فهل يفضل ازالته باليزر ام بعمليه تجميليه ايه الافضل .....علما بانني اخذت حقن كيناكورت تحت الجلد ولم...,لا يوجد افضل حسب الجرح و نوع الندبة من الممكن ان تحتاج جراحه ثم الانتظام على بعض الكريمات او استخدام الليزر بعدها او من الممكن استخدام الليزر من البدايه مع الانتظام للجلسات و قد تصل الى ٦ أشهر,Treatment,الليزر
مقارنه بين الوتر والرباط ؟,"الوتر هو رباط متميز من النسيج الضام، يتكون من حزم متوازية من ألياف مغرائية (كولاجينية) تتصل بها العضلات، أو يجتمع عليها بطني عضلتين. والأوتار، أو الأوتار العضلية توجد حيث تكون الفسحة محدودة، أو يتغير اتجاه العضلات، أو تمر فوق العظام ، أو يكون اتصال العظم محدوداً ج : أوتار.
الرباط هو حبل من الأنسجة الرابطة توحد هيكلين، وتوجد عادة بالترافق مع المفاصل. والأربطة نوعان: النوع الأول- ويتكون من ألياف مغرائية وهي غير قابلة للمد في الحالات العادية؛ كأربطة مفصل الحق، والكوع. والنوع الثاني- ويتكون من أنسجة مرنة تستعيد شكلها بعد أنهاء الضغط؛ مثلاً الرباط الأصفر للعمود الفقري والرباط العقبي الزورقي.",DiseaseCondition,الوتر
اخر دورة شهريه يوم ٢٩ يوليو ودورتى ٢٤ يوم تقريبا فمتى تكون أيام الإباضه على شان الحمل,من اليوم الاحد وحتي الخميس القادم,DiseaseCondition,الإباضه
السلام عليكم انا بدي اتجوز بنت خالي والكن علمن انو املااض الوراثا موجودى عنا بالعيلا علمن انو اخوي حامل مرض فنير كتنوريى عشان ابوي ماخد لنت عمو وكمان عنا اطفال...,في وجود هذه الأمراض العائلية، ابعد عن الشر وغنيله. ولكن يمكن عمل خريطة جينية للزوجين لإوية احتمال انتقال الأمراض.,Test,خريطة جينية
ماذا يحدث عند نقص فيتامين ج؟ ولماذا ترتبط الإصابة بعوز فيتامين ج بالأشخاص الذين يعملون في البحر,"يؤدي نقص فيتامين ج إلى تطور العديد من المشاكل الصحية، ولكن في الغالب لا تظهر أعراض نقص فيتامين ج حتى انخفاضه إلى مستويات قليلة جدًا، ومن غير الشائع الإصابة بنقص في فيتامين ج، ومن الأعراض التي تظهر عند نقص فيتامين ج في الجسم ما يأتي:

ضعف المناعة وكثرة الإصابة بالعدوى.
اضطرابات الجلد، مثل الخشونة، والجفاف.
اضطرابات الشعر، مثل تساقط الشعر.
تأخر التئام الجروح.
التهاب وألم المفاصل.
نزيف اللثة.
ظهور الكدمات على الجلد.

أما بالنسبة لسؤالك حول سبب ارتفاع عوز فيتامين ج بالأشخاص الذين يعملون في البحار لأوقات طويلة، فإن ذلك يعود إلى تواجد فيتامين ج في الخضروات والفواكه فقط في الغالب، وفي السابق كان من الصعب تخزين الخضروات والفواكه عند السفر لمسافات طويلة في البحر، فيعتمد البحارة على نظام غذائي فقير بالخضروات والفواكه، مما يؤدي بدوره إلى الإصابة بعوز فيتامين ج، ومع وسائل التخزين الحديثة تم التخلص من هذه المشكلة في الوقت الحالي.
 
للمزيد:

علامات تدل على نقص الفيتامينات في الجسم
نقص فيتامين ج مرتبط باحتمال الإصابة بالسكتة الدماغية",DiseaseCondition,نقص فيتامين ج
هل يصح اجراء قسطرة ومع احتمال تركيب دعامات وبعد ذلك الدكتور يقول مش محتاج دعامات ونعمل بعدها بشهرين قسطرة مع احتمال تركيب دعامات وبعد كدة الدكتور قال مش مش ينفع...,هذه عادة تقرر من قبل فريق طبي وليس طبيب واحد مع أن طبيب المريض هو الذي يكون في الواجهة مع المريض ويظهر وكأن القرار كان أحادي منه، ولكن تقدير هذه الخطوة يخضع لمشاورات وتمحيصات متعددة الأطراف لنوع ومكان ونسبة الانسداد وحالة الاعضاء الوظيفية خاصة القلب وعضلتة وحالته الوظيفية، فلربما منذ القسطرة الأولى كانت الأمر غير واضحة تماماً لحسم الأمر أي ليست جلية لاتخاذ قرار من أي نوع مما استوجب اعادتها للوصول الى قرار نهائي.,Test,قسطرة
الدكتوره تنصح اول 3 اشهر ماكو جماع وما الاسباب التي تمنع الجماع في بداية الحمل ؟؟؟,"الجماع يكون عادي طيلة فترة الحمل اذا كان الحمل قويا ولا مشاكل به.
أما إذا وجد أي تهديد على الجنين فالجماع ممنوع",DiseaseCondition,الحمل
ماهو دواء ناكسوبرازول 40وهل يجوز إعطائه للحوامل,"يستخدم دواء ناكسوبرازول لعلاج:
- التهاب المري التقرحي
– القرحة الهضمية
– التقرح المرافق لاستخدام ادوية مضادات الللالتهاب اللاستيروئيدية مثل الايبوبروفين
– القلس المعدي المريئي (الارتداد المريئي)
ويمكن اعطائه للحامل لان الدراسات لم تثبت انه يؤدي الى ضرر على الجين ولكن يجب استشارة الطبيب قبل تناوله",Treatment,ناكسوبرازول 40
وضعت مصابة بالفيروس الكبدي طعاما بعد مضغه على الطاولة فاكلته طفلة تبلغ 4 سنوات. فهل تنتقل العدوى للطفلة,"حسب نوع الفيروس
هناك اكثر من نوع لالتهاب الكبد الفيروسي",DiseaseCondition,التهاب الكبد الفيروسي
قمت بتحاليل الايدز، و كانت سلبية. لكن عند أخذ عينة الدم، قامت الممرضة بمسح الجلد بالكحول أولا، بعدها بدأت بالبحث عن العرق بيدها و بدون قفازات ، يعني بدل ما...,"لا ينتشر الإيدز عن طريق:
-الهواء أو الماء
-البعوض، القراد أو غيرها من الحشرات
-اللعاب والدموع، أو العرق الذي لا مختلطة مع الدم من شخص مصاب بفيروس نقص المناعة البشرية
 -المصافحة، والمعانقة، وتقاسم المراحيض، وتبادل أطباق / كؤوس الشرب، أو إغلاق الفم أو ""الاجتماعي"" تقبيل مع شخص مصابا بهذا الفيروس
-نوافير الشرب
-الأنشطة الجنسية الأخرى التي لا تنطوي على تبادل سوائل الجسم (على سبيل المثال،اللمس).",Test,تحاليل الايدز