query_id,query,query_group,reference_answer,gold_entity_ids,gold_evidence_ids,gold_qa_ids,gold_relation_ids,answerable_from_final_graph,annotation_status,annotator_id,adjudicator_id,annotation_notes
evalv1_001,هل يوجد علاج أكيد وفعال لرفع نسبه هرمون البروجستروأذا كان معدله صفر؟,treatment,لماذا تم اجراء هذا الفحص ؟ عادةً يتم اجراء فحوصات هرمونيه اخرى مع هذا الهرمون. هناك حبوب عديده تحتوي على عده انواع من البرجسترون وهي تُستعمل في حالات عديده ولكن ليس لدي علم عن حالتك اذا كان هناك فائده من استعمال هذه الهورمونات,ent_merge_001058|ent_merge_001064,,,,false,provisional_dataset_annotation,dataset_preannotation_v1,,PROVISIONAL DATASET-DERIVED LABELS; human confirmation required; original_dataset_row_verified=true; source_qa_id=ahd5k_04855; source_row_number=795468; source_category=العقم; method=exact entity phrases in held-out question/reference plus frozen provenance overlap; not eligible for gold metrics until status is annotated or adjudicated
evalv1_002,عملت تحاليل و كل شيء و ماطلع شيء في سنة 2012 و الدوخة و الاغماء موجودين ماذا افعل ؟,symptoms,راجع اختصاصي باطنية عمل فحص شامل للدم والبول والبراز، وضغط الدم وما يلزم للمتابعة والتشخيص الدقيق.,ent_merge_001854|ent_merge_000649|ent_merge_000651|ent_merge_000802|ent_merge_000010|ent_merge_001924,men_merge_0003459|men_merge_0003736|men_merge_0003737|men_merge_0003852|men_merge_0003439|men_merge_0004549|men_merge_0003457|men_merge_0003458|men_merge_0003845|men_merge_0004546,ahd10k_06938|ahd10k_00499|ahd10k_00612|ahd10k_03179|ahd5k_04701,rel_seed_1212baa74be0077f|rel_seed_a50b3d92680f48a2|rel_seed_7896f89a376e0ebb|rel_seed_a0d26b768f70288f,true,provisional_dataset_annotation,dataset_preannotation_v1,,PROVISIONAL DATASET-DERIVED LABELS; human confirmation required; original_dataset_row_verified=true; source_qa_id=ahd5k_04950; source_row_number=723258; source_category=علم الأمراض; method=exact entity phrases in held-out question/reference plus frozen provenance overlap; not eligible for gold metrics until status is annotated or adjudicated
evalv1_003,ما هو الفحص الطبي ماذا يشمل؟,tests_diagnosis,الفحص الطبي هو استقصاء ناقد ومعاينة بهدف التشخيص.ويشمل جميع الوسائل التي تفيد في تحقيق الهدف، من الفحص السريري ثم المختبر والأشعة بأنواعها والفحوصات الخاصة لأمراض معينة مثل فحص الحمل والسكري وفحص الدم للسرطان وغيرها كثير،، يفيد مراجعتك للمفردات تحت بند التشخيص في مواضيع خاصة.,ent_merge_000949|ent_merge_000948|ent_merge_000117|ent_merge_001033|ent_merge_001034|ent_merge_000059|ent_merge_000140|ent_merge_000355|ent_merge_000505|ent_merge_000924,men_merge_0005282|men_merge_0005283|men_merge_0002496|men_merge_0002503|men_merge_0004325|men_merge_0004326|men_merge_0004328|men_merge_0004886|men_merge_0004887|men_merge_0005110,ahd10k_01433|ahd5k_03068|ahd5k_00775|ahd5k_00114|ahd5k_00453,rel_seed_636070e77235dd06|rel_seed_74c5cd6b487c8e46|rel_seed_07ad6639df4e801c|rel_seed_1d29011c343397f4|rel_seed_3f4ecd6aead473a0|rel_seed_6810d499ea283c90|rel_seed_69b607cacc0060b2|rel_seed_d593b83cca8af228|rel_seed_c8a09df7324a1d4b|rel_seed_e57f93bb182973a0,true,provisional_dataset_annotation,dataset_preannotation_v1,,PROVISIONAL DATASET-DERIVED LABELS; human confirmation required; original_dataset_row_verified=true; source_qa_id=ahd5k_00570; source_row_number=791835; source_category=تشخيص; method=exact entity phrases in held-out question/reference plus frozen provenance overlap; not eligible for gold metrics until status is annotated or adjudicated
evalv1_004,ماهي مسكنات الولاده الآمنه لمريضه مصابه بربو اوحساسيه بالصدر,causes_safety,اذا ما تم استعمال هذه المسكنات في المستشفى وتحت اشراف طبي فلا خوف منها ان شاء الله اما المسكنات فهناك انواع منها على شكل ابر ومنها غاز يتم استنشاقه ومنها التخدير النصفي ( ابرة الظهر ) وسوف يقوم طبيبك بتحديد ما يناسبك ومناقشة الأمر معك,ent_merge_000329|ent_merge_000326|ent_merge_001594|ent_merge_000188|ent_merge_000578|ent_merge_000129|ent_merge_000371|ent_merge_001593|ent_merge_001617|ent_merge_001188,men_merge_0003228|men_merge_0003229|men_merge_0003230|men_merge_0003243|men_merge_0003244|men_merge_0003403|men_merge_0003404|men_merge_0005531|men_merge_0005532|men_merge_0005533,ahd5k_00866|ahd10k_08356|ahd10k_00643|ahd10k_00874|ahd10k_03921,rel_seed_1244728dac819d22|rel_seed_38cdc31c0782c317|rel_seed_a3de31b9bcd0e1f6|rel_seed_f8f51e2af377bd23,true,provisional_dataset_annotation,dataset_preannotation_v1,,PROVISIONAL DATASET-DERIVED LABELS; human confirmation required; original_dataset_row_verified=true; source_qa_id=ahd5k_04806; source_row_number=785515; source_category=تخدير; method=exact entity phrases in held-out question/reference plus frozen provenance overlap; not eligible for gold metrics until status is annotated or adjudicated
evalv1_005,عندي ظعف في النظر اليسرى 7/10 واليمنى 10/10ولما زرت الطبيب قالي عندك حول لانو لما اكون بعيد ة الاشخاص مايظهرون لي خاصة من الوجه لا اعرف منهم غير لما احط...,general_medical,بسم الله الرحمن الرحيم هنا الرؤيا بالنظارة احسن . فلا ضير من استمرار لبس النظارة الطبية. في هذا العمر يعتبر النظر ثابت وما راح يضعف اكثر. تحتاجي لمراجعة عيادة العيون كل ستة شهور ويمكن عمل فحوصات للتأكد فيما اذا كنت قد تستفيدي من عملية تصحيح البصر والتخلص من النظارة الطبية .,ent_merge_000967|ent_merge_001051|ent_merge_001061|ent_merge_002226|ent_merge_002089,,,,false,provisional_dataset_annotation,dataset_preannotation_v1,,PROVISIONAL DATASET-DERIVED LABELS; human confirmation required; original_dataset_row_verified=true; source_qa_id=ahd5k_03589; source_row_number=763433; source_category=امراض العيون; method=exact entity phrases in held-out question/reference plus frozen provenance overlap; not eligible for gold metrics until status is annotated or adjudicated
evalv1_006,السلام عليكم اني المريض عمري 22 اعاني من ارتفاع ضغط الدم وكذلك عندم انتظامه رغم اخذ الادوية والالتزام بالاكل الصحي قليل الملح،وعند اجراء تحليل الالدستيرون تبين وجود فرط نشاط للهرمون...,treatment,اذا لم يثبت سبب اخر لارتفاع الضغط .. فأن معالجة خلل الهرمونات بالمتابعة مع طبيب اخصائي دقيق غدد صماء ممكن يسهم باستقرار ضغط الدم لديك بصورة تامة مع تمنياتي بالشفاء العاجل,ent_merge_000010|ent_merge_001264|ent_merge_001648|ent_merge_001924|ent_merge_001011|ent_merge_001018,men_merge_0003504|men_merge_0003513|men_merge_0003522|men_merge_0003536|men_merge_0003551,ahd10k_02710|ahd10k_03413|ahd10k_05624|ahd10k_00272|ahd10k_01649,rel_seed_25ed64fe7a8acab4,true,provisional_dataset_annotation,dataset_preannotation_v1,,PROVISIONAL DATASET-DERIVED LABELS; human confirmation required; original_dataset_row_verified=true; source_qa_id=ahd5k_02402; source_row_number=74618; source_category=ارتفاع ضغط الدم; method=exact entity phrases in held-out question/reference plus frozen provenance overlap; not eligible for gold metrics until status is annotated or adjudicated
evalv1_007,هل التهابات المهبليه عند الزوجه من الممكن ان تصيب الزوج بحرقان شديد فى العضو,symptoms,نعم ، هناك بعض الالتهاب تنتقل من الزوجة الى الزوج ، يفضل عمل فحص بول و زراعة و معالجتين الزوج و الزوجه معا .,ent_merge_000059|ent_merge_000106|ent_merge_000975|ent_merge_000766|ent_merge_000772|ent_merge_001993|ent_merge_002179,men_merge_0002022|men_merge_0002031|men_merge_0001488|men_merge_0000965|men_merge_0000971|men_merge_0002029|men_merge_0005725|men_merge_0005730|men_merge_0002035|men_merge_0001501,ahd10k_06958|ahd10k_02085|ahd5k_03407|ahd10k_05259|ahd10k_01793,rel_seed_3e5e943eceac6a80,true,provisional_dataset_annotation,dataset_preannotation_v1,,PROVISIONAL DATASET-DERIVED LABELS; human confirmation required; original_dataset_row_verified=true; source_qa_id=ahd5k_01481; source_row_number=641334; source_category=أمراض المسالك البولية والتناسلية; method=exact entity phrases in held-out question/reference plus frozen provenance overlap; not eligible for gold metrics until status is annotated or adjudicated
evalv1_008,لدي إنتفاخ بشكب غير معقول و كأن بطني سينفجر من الإنتفاخ أخشى أن يكون لدي مرض خطير أو تضخم بالكبد أرجو أن تفيدوني ما هي التحاليل اللازمة لأتأكد أنه لا...,tests_diagnosis,اخي الكريم يكفي ان يراك طبيب ويفحص بطنك لكي يعلم ما اذا كان هذا هو سمنة او انتفاخ او تضخم لأي عضو داخل البطن او هو استسقاء,ent_merge_000273|ent_merge_000626|ent_merge_000696|ent_merge_000270|ent_merge_000391,men_merge_0003340|men_merge_0001492|men_merge_0001493|men_merge_0003897|men_merge_0005436,ahd5k_01832|ahd10k_03182|ahd10k_02159|ahd10k_02998|ahd10k_04720,rel_seed_acdf81785be76241|rel_seed_bc05d86c6b97cbff,true,provisional_dataset_annotation,dataset_preannotation_v1,,PROVISIONAL DATASET-DERIVED LABELS; human confirmation required; original_dataset_row_verified=true; source_qa_id=ahd5k_02488; source_row_number=755723; source_category=أمراض الجهاز الهضمي; method=exact entity phrases in held-out question/reference plus frozen provenance overlap; not eligible for gold metrics until status is annotated or adjudicated
evalv1_009,اريد ان اعرف البكتيريا التي تسبب الاسهال؟,causes_safety,كثيرة هي الجراثيم التي تسبب الإسهال وتسبب أشكال مختلفة من التهابات المعدة والأمعاء ، وبعضه تخترق أنسجة الأمعاء وتنتشر في الدم والجهاز اللمفي والأجهزة الداخلية مسببة مجموعة من الأمراض الهامة وأهم الأنواع هي: الإشريكية القولونية والكلبسيللا والمتحولات والسالمونيللا، والشيغيللا والكوليرا واليرسينيا وغيرها.,ent_merge_000059|ent_merge_000106|ent_merge_000975|ent_merge_000045|ent_merge_000611|ent_merge_000939,men_merge_0001579|men_merge_0002022|men_merge_0002031|men_merge_0001488|men_merge_0002029|men_merge_0005725|men_merge_0005730|men_merge_0002035|men_merge_0001501|men_merge_0001585,ahd10k_06958|ahd5k_03407|ahd10k_05259|ahd10k_02085|ahd10k_01674,rel_seed_e22b285afd3721c2|rel_seed_504a3613bb12e397,true,provisional_dataset_annotation,dataset_preannotation_v1,,PROVISIONAL DATASET-DERIVED LABELS; human confirmation required; original_dataset_row_verified=true; source_qa_id=ahd5k_00174; source_row_number=790818; source_category=علم الأحياء الدقيقة; method=exact entity phrases in held-out question/reference plus frozen provenance overlap; not eligible for gold metrics until status is annotated or adjudicated
evalv1_010,كيف اجعل شعري يعود كثيفا وطويلا من جديد انا متزوجة,general_medical,تساقط الشعر وكثافته يعتمد على عامل وراثي ، والامراض الوراثية للان لم يتم اكتشاف علاج لها ولكن هناك بعض الادوية تستعمل لفترة طويلة وبحاجة الى صبر تساعد على نمو الشعر وتأخير تساقطه مثل Z-span كبسولة يوميا ودواء سنتروم كبسولة يوميا ، ودهن الرأس بمحلول مينيكسوديل 2%مرة يوميا وتناول اطعمة متوازنة تحتوي على فيتامين ب12 وفيتامين ج وفيتامين إي,ent_merge_001752|ent_merge_000251|ent_merge_001505|ent_merge_001503|ent_merge_001506|ent_merge_001440,men_merge_0001989|men_merge_0001990|men_merge_0001996,ahd10k_03128,rel_seed_4055383739aa6ee0,true,provisional_dataset_annotation,dataset_preannotation_v1,,PROVISIONAL DATASET-DERIVED LABELS; human confirmation required; original_dataset_row_verified=true; source_qa_id=ahd5k_03097; source_row_number=800326; source_category=أعشاب طبية; method=exact entity phrases in held-out question/reference plus frozen provenance overlap; not eligible for gold metrics until status is annotated or adjudicated
evalv1_011,تم عمل منظار للمعدة مرتين وأظهر أن هناك إلتهاب في المرئ والمعدة (شديد ) فما هو العلاج المناسب ؟ المريض أنثي 55 سنة,treatment,اظن انه يجب ان نعرف السبب لهذا الالتهاب ولهذا من الجيد عمل فحص ال H. pylori واعلامي بالنتيجة,ent_merge_001076|ent_merge_001077|ent_merge_000059|ent_merge_000090|ent_merge_000092|ent_merge_000097|ent_merge_000296|ent_merge_000830|ent_merge_000975,men_merge_0001591|men_merge_0001608|men_merge_0001627|men_merge_0001488|men_merge_0001502|men_merge_0001595|men_merge_0001610|men_merge_0000972|men_merge_0000975|men_merge_0001630,ahd10k_02085|ahd10k_00396|ahd10k_02730|ahd10k_05974|ahd10k_09113,rel_seed_fb614ca30a4cb893,true,provisional_dataset_annotation,dataset_preannotation_v1,,PROVISIONAL DATASET-DERIVED LABELS; human confirmation required; original_dataset_row_verified=true; source_qa_id=ahd5k_03145; source_row_number=750593; source_category=الامراض المعدية; method=exact entity phrases in held-out question/reference plus frozen provenance overlap; not eligible for gold metrics until status is annotated or adjudicated
evalv1_012,السلام عليكم عندي مشكلة بلثة ضرس تمت معالجة العصب وازالته لكن اللثة المحيطة بالعصب تؤلم عند لمسها هل هاذا يعني انه تضرر و او في خراج يؤدي الى قلع الضرس...,symptoms,ليس بالضرورة ذلك ... حاولي عمل مساج يومي لتلك المنطقة و اذا كان ذلك مؤلما يمكنك استعمال جل موضعي لالتهاب اللثة و راقبي الوضع بعد ايام ... اذا استمر الالم راجعي الطبيب لان ذلك يعني ان هناك مشكلة باللثة او بالسن او كليهما,ent_merge_001738|ent_merge_001749|ent_merge_000344|ent_merge_000405|ent_merge_000059|ent_merge_000090,men_merge_0004766|men_merge_0004769|men_merge_0004772|men_merge_0004777|men_merge_0004780|men_merge_0004765|men_merge_0004767|men_merge_0004768|men_merge_0004770|men_merge_0004771,ahd5k_01751|ahd5k_02245|ahd5k_00736|ahd5k_02169|ahd5k_02618,,true,provisional_dataset_annotation,dataset_preannotation_v1,,PROVISIONAL DATASET-DERIVED LABELS; human confirmation required; original_dataset_row_verified=true; source_qa_id=ahd5k_04962; source_row_number=388115; source_category=أمراض الأسنان; method=exact entity phrases in held-out question/reference plus frozen provenance overlap; not eligible for gold metrics until status is annotated or adjudicated
evalv1_013,تعديل السؤال السابق السؤال /لدي تحليل دم +بول وانتم بكرامه بعد أقل من شهر ولست واثق من سلامة دمي من السموم نوع السموم هي حبوب منشطه تُأخذ عن طريق الفم...,tests_diagnosis,ما هو إسم الحبوب المنشطة التي تتناولها خاصة الإسم العلمي لها وليس التجاري حيث يُمكن التعرف عليها وبالتالي وصف آثارها,ent_merge_000967|ent_merge_000983|ent_merge_000143,men_merge_0005084|men_merge_0005790|men_merge_0003166|men_merge_0004329|men_merge_0001877,ahd5k_03068|ahd10k_03419|ahd5k_03214|ahd10k_00904|ahd5k_02200,rel_seed_d486db7668e0f802|rel_seed_0a366a937bc52f1c|rel_seed_9f816eb225e33a70|rel_seed_1937eae47e21a4e4|rel_seed_1d4713561f263d80|rel_seed_0a1431857b516b45,true,provisional_dataset_annotation,dataset_preannotation_v1,,PROVISIONAL DATASET-DERIVED LABELS; human confirmation required; original_dataset_row_verified=true; source_qa_id=ahd5k_03078; source_row_number=792276; source_category=علم السموم; method=exact entity phrases in held-out question/reference plus frozen provenance overlap; not eligible for gold metrics until status is annotated or adjudicated
evalv1_014,السلام عليكم بعد زيارتي لطبيب الأسنان و معالجة السن بدى لون أزرق في اللثة قرب جذر السن و أظن مكان تخدير السن ممكن معرفة السبب,causes_safety,ازرقاق اللثة بعد عمل جراحي أو اجراء علاجي قد يكون رضي في بعد الحالات ويسبب هكذا تغير باللون، في حال عدم وجود ألم أو أعراض فموية غير طبيعية فيجب اعطاء المنطقة الوقت الكافي للشفاء والتي قد تكون مدة أسبوع وسطيا، ان استمرت الأعراض لبعدها أو زادت سوءا عندها يجب مراجعة الطبيب لفحص المنطقة والتأكد من العلاج.,ent_merge_000018|ent_merge_001680|ent_merge_001188|ent_merge_001313|ent_merge_001749|ent_merge_001576|ent_merge_000737,men_merge_0004766|men_merge_0004769|men_merge_0004772|men_merge_0004777|men_merge_0004783,ahd5k_02169|ahd5k_03427|ahd5k_00736|ahd5k_02245|ahd5k_01751,,true,provisional_dataset_annotation,dataset_preannotation_v1,,PROVISIONAL DATASET-DERIVED LABELS; human confirmation required; original_dataset_row_verified=true; source_qa_id=ahd5k_02389; source_row_number=270955; source_category=أمراض الأسنان; method=exact entity phrases in held-out question/reference plus frozen provenance overlap; not eligible for gold metrics until status is annotated or adjudicated
evalv1_015,انا شخص مدخن من ٣ سنوات من امس اصبحت اشعر بصعوبة اخذ النفس لدرجة اشعر بالنعاس وقلة التركيز اليوم رحت للطبيب عملي اكس راي وقلي عندي التهاب قصبات هوائية وصفلي...,general_medical,هذا الدواء يساعد على اسهال اخراج البلغم عندما يكون متخثر. تستطيعين اخذ ٢ ل من الماء اذا ليس لديك مشكل في الكلية. فهو يساعد ايضا على اخراج البلغم. لا تاخذيهما في اليل,ent_merge_000059|ent_merge_000872|ent_merge_000687|ent_merge_000630|ent_merge_000709|ent_merge_001964|ent_merge_000600|ent_merge_002101,men_merge_0001032|men_merge_0001064|men_merge_0001090|men_merge_0001967|men_merge_0004177|men_merge_0001093|men_merge_0004180|men_merge_0004181|men_merge_0001970|men_merge_0001042,ahd10k_01925|ahd10k_08965|ahd5k_00970|ahd10k_08138|ahd10k_03173,rel_seed_2574444a98ca85be|rel_seed_dc08b34a915a5377|rel_seed_64d60c1ac77e9ab4|rel_seed_78d6f71f2d20de82|rel_seed_7b1129512edd0f0a|rel_seed_0554cd3bd6afce81|rel_seed_1a707ff8df9371da|rel_seed_77d7d6533073beb0|rel_seed_abc9f0f0dff99200|rel_seed_23c611ce32ddf50d,true,provisional_dataset_annotation,dataset_preannotation_v1,,PROVISIONAL DATASET-DERIVED LABELS; human confirmation required; original_dataset_row_verified=true; source_qa_id=ahd5k_02083; source_row_number=95826; source_category=أمراض الجهاز التنفسي; method=exact entity phrases in held-out question/reference plus frozen provenance overlap; not eligible for gold metrics until status is annotated or adjudicated
evalv1_016,والدى سمين وعنده كرش ودائما يشعر بالجوع ولا يقدر ان يسمح لنفسه ان لا ياكل وجبة االعشاء فهل من علاج مانع للشهية وتخسيس الكرش والدى عنده 50 سنة,treatment,يجب مراجعة اخصائي تغذية ليساعده على تنظيم وجباته والتحكم في نوع وكمية الطعام التي يتناولها ويفضل الابتعاد تماما عن الادوية لانها ذات اضرار جانبية كما انها لا تساعد على تغيير العادات الغذائية فيعود الجسم لاكتساب الوزن عند التوقف عنها,ent_merge_000474|ent_merge_000641|ent_merge_002080|ent_merge_002226,men_merge_0000930|men_merge_0000896|men_merge_0004694|men_merge_0004695,ahd5k_01128|ahd10k_04781|ahd10k_07112,rel_seed_ca8a4c0fc1e7a696|rel_seed_9daa2c7ebdb4a806|rel_seed_e73de5e82610c6ed,true,provisional_dataset_annotation,dataset_preannotation_v1,,PROVISIONAL DATASET-DERIVED LABELS; human confirmation required; original_dataset_row_verified=true; source_qa_id=ahd5k_03158; source_row_number=662938; source_category=تغذية; method=exact entity phrases in held-out question/reference plus frozen provenance overlap; not eligible for gold metrics until status is annotated or adjudicated
evalv1_017,هل العملية الجراحية على مستوى المخ لاستاصال ورم ارومي دبقي للمرة الثانية بعد خطيرة و هل هناك أمل في العيش مع هذا الورم,symptoms,"إن أي عملية جراحية تعد خطيرة، خصوصاً أن هذا تدخل جراحي على الدماغ. أما عن نسبة الشفاء فلا أستطيع أن أجاوبك لأن هذا يتوقف على إمكانية استئصال الورم كاملاً. لذلك أنصحك أن تناقش الطبيب المعالج بكل هذه الأمور, هذا حقكم الطبيعي.",ent_merge_001145|ent_merge_001228|ent_merge_000378|ent_merge_001766|ent_merge_000568|ent_merge_001148|ent_merge_001168|ent_merge_001473|ent_merge_000123,men_merge_0000701|men_merge_0000870|men_merge_0000872|men_merge_0003195|men_merge_0003196|men_merge_0000703|men_merge_0000704|men_merge_0000876|men_merge_0000877,ahd10k_06018|ahd10k_09061|ahd10k_05402|ahd10k_07885|ahd10k_01032,,true,provisional_dataset_annotation,dataset_preannotation_v1,,PROVISIONAL DATASET-DERIVED LABELS; human confirmation required; original_dataset_row_verified=true; source_qa_id=ahd5k_01939; source_row_number=433906; source_category=الأورام الخبيثة والحميدة; method=exact entity phrases in held-out question/reference plus frozen provenance overlap; not eligible for gold metrics until status is annotated or adjudicated
evalv1_018,عملت تحليل كولسترول لزوجي وكانت النتائج Total cholesterol 200 LDL 119 HDL 33 VLDL 48 Fasting Triglycerides 245 هل النسبة مرتفعة جدا وهل هناك خطر عمر زوجي 45 سنة ويعاني...,tests_diagnosis,تركيز الدهون الثلاثية والكوليستيرول الضار مرتفعة أما تركيز الدهون الجيدة فهو منخفض . ننصح بمراجعة الطبيب الباطني المختص لاتخاذ الاجراء العلاجي اللازم .,ent_merge_001965|ent_merge_001576,men_merge_0005200|men_merge_0005558,ahd5k_03515|ahd5k_04052,,true,provisional_dataset_annotation,dataset_preannotation_v1,,PROVISIONAL DATASET-DERIVED LABELS; human confirmation required; original_dataset_row_verified=true; source_qa_id=ahd5k_02649; source_row_number=725873; source_category=مختبر; method=exact entity phrases in held-out question/reference plus frozen provenance overlap; not eligible for gold metrics until status is annotated or adjudicated
evalv1_019,ما هي اسباب قصر اطراف الجنين؟ هل لها حل؟ لماذا تظهر في الشهر السابع؟,causes_safety,الله اعلم بالسبب وكما اسلفت سابقا فان المسألة نسبية اي ما هو مقدار القصر وقد يكون هناك نوع من التشوه الخلقي في الاطراف وقد يكون السبب خلل في الكروموزومات وقد لا يكون هناك سبب في الأصل وكل ما هناك ان الاطراف قصيرة او ان الجنين يكون قصير القامة,ent_merge_000112,,,,false,provisional_dataset_annotation,dataset_preannotation_v1,,PROVISIONAL DATASET-DERIVED LABELS; human confirmation required; original_dataset_row_verified=true; source_qa_id=ahd5k_04716; source_row_number=788043; source_category=علم الأجنة; method=exact entity phrases in held-out question/reference plus frozen provenance overlap; not eligible for gold metrics until status is annotated or adjudicated
evalv1_020,لدي خصيه 3800000 ثمان وثلاثين مليون هل كافيه للانجاب وهل الخصيه اليمنى للذكر واليسرى للانثى بمعنى ان لدي اليسري فقط هل نسلي اناث ونصائحك,general_medical,العدد كافي وزياده للانجاب ويوجد كثيرون بخصيه واحده يؤدون واجبهم الزوجي وينجبون المعتقدات التي لديك لا اساس لها بتاتا,ent_merge_000121|ent_merge_000346,men_merge_0003454|men_merge_0002537,ahd10k_08811|ahd10k_07658,rel_seed_4769fcc0c89e7ee0,true,provisional_dataset_annotation,dataset_preannotation_v1,,PROVISIONAL DATASET-DERIVED LABELS; human confirmation required; original_dataset_row_verified=true; source_qa_id=ahd5k_02305; source_row_number=792099; source_category=العقم; method=exact entity phrases in held-out question/reference plus frozen provenance overlap; not eligible for gold metrics until status is annotated or adjudicated
evalv1_021,هل البخاخ ذو القرص (Diskhaler). علاجي او وقائي,treatment,هو علاجي و وقائي علاجي من ناحية انه يخفف من التهاب الطرق التنفسية ووقائي انه يخفف من تكرار الاعراض,ent_merge_001282|ent_merge_000059|ent_merge_000090|ent_merge_000092|ent_merge_000097|ent_merge_000296|ent_merge_000830,men_merge_0003232|men_merge_0001051|men_merge_0001052|men_merge_0001031|men_merge_0001591|men_merge_0001595|men_merge_0000972|men_merge_0000975,ahd10k_01057|ahd10k_04355|ahd10k_00396|ahd10k_00643|ahd10k_02730,rel_seed_79d4ad7d0e13e036|rel_seed_1244728dac819d22|rel_seed_339479e121746eb8|rel_seed_a3de31b9bcd0e1f6|rel_seed_fb614ca30a4cb893,true,provisional_dataset_annotation,dataset_preannotation_v1,,PROVISIONAL DATASET-DERIVED LABELS; human confirmation required; original_dataset_row_verified=true; source_qa_id=ahd5k_01076; source_row_number=774874; source_category=أمراض الجهاز التنفسي; method=exact entity phrases in held-out question/reference plus frozen provenance overlap; not eligible for gold metrics until status is annotated or adjudicated
evalv1_022,ماسبب خروج دم قليل جدا في فترات نادره مع المخاط والبلغم. ?,symptoms,يجب اجراء بعض الفحوصات المخبريه مثل صفائح الدم وعوامل التخثر وأشعة الصدر لمعرفة السبب.امنياتي بدوام الصحه والعافيه,ent_merge_000059|ent_merge_000630|ent_merge_000709|ent_merge_000954|ent_merge_000967|ent_merge_000924,men_merge_0001032|men_merge_0001440|men_merge_0001807|men_merge_0001817|men_merge_0004177|men_merge_0004180|men_merge_0004181|men_merge_0005150|men_merge_0001447|men_merge_0001042,ahd10k_01925|ahd5k_00970|ahd5k_00480|ahd10k_01338|ahd10k_01781,rel_seed_7b1129512edd0f0a|rel_seed_abc9f0f0dff99200|rel_seed_64d60c1ac77e9ab4|rel_seed_78d6f71f2d20de82|rel_seed_5069580587ec12ca|rel_seed_dc5160b584191f57|rel_seed_2ec98587ea273243|rel_seed_f221b15447fe509d|rel_seed_83f83d7a8e5df1a6|rel_seed_b718200c2cf8f81f,true,provisional_dataset_annotation,dataset_preannotation_v1,,PROVISIONAL DATASET-DERIVED LABELS; human confirmation required; original_dataset_row_verified=true; source_qa_id=ahd5k_03768; source_row_number=480524; source_category=أمراض باطنية; method=exact entity phrases in held-out question/reference plus frozen provenance overlap; not eligible for gold metrics until status is annotated or adjudicated
evalv1_023,السلام عليكم فحصة السكر بعد الاكل فوجدة 112 هل هو عادي جزاكم الله كل خير,tests_diagnosis,عليك بتجنب السكريات استعمل العسل و اشرب ماء اوراق الزيتون المغلية فيه انه فعال في الحفاض على المستوى الطبيعي و السكر عادة يقاس بصيام ٨ الى ١٢ ساعة قبل التحليل حاول قياسه FBS و اخبرني النتيجة,ent_merge_000355|ent_merge_000139|ent_merge_002190|ent_merge_001221|ent_merge_001456,men_merge_0000653|men_merge_0000654|men_merge_0000655|men_merge_0003292|men_merge_0003699|men_merge_0000662|men_merge_0000788,ahd10k_09543|ahd10k_06372|ahd10k_05970|ahd10k_01827|ahd10k_04699,rel_seed_84f1cf6c457000eb,true,provisional_dataset_annotation,dataset_preannotation_v1,,PROVISIONAL DATASET-DERIVED LABELS; human confirmation required; original_dataset_row_verified=true; source_qa_id=ahd5k_04662; source_row_number=447056; source_category=مرض السكري; method=exact entity phrases in held-out question/reference plus frozen provenance overlap; not eligible for gold metrics until status is annotated or adjudicated
evalv1_024,اشعر بخدر في قدمي اليسري واكنها مش موجوده او اكن اعصابي في قدمي اليسري فكه خالص فما السبب,causes_safety,الاسباب كثيره الفحص السريري مهم عليك مراجعة طبيب اعصاب لاجراء اللازم او لتوجيهك للتخصص المعني,ent_merge_000784|ent_merge_000948|ent_merge_002079|ent_merge_002226,men_merge_0003598,ahd10k_00838,rel_seed_aebfe4604715e3cd|rel_seed_205afc5ab6063a7a|rel_seed_33ba126e4f8cb324,true,provisional_dataset_annotation,dataset_preannotation_v1,,PROVISIONAL DATASET-DERIVED LABELS; human confirmation required; original_dataset_row_verified=true; source_qa_id=ahd5k_02773; source_row_number=131844; source_category=أمراض العضلات والعظام و المفاصل; method=exact entity phrases in held-out question/reference plus frozen provenance overlap; not eligible for gold metrics until status is annotated or adjudicated
evalv1_025,ما الأثار التي قد تحدث نتيجة تشوهات الفص الأمامي للدماغ؟,general_medical,تغيرات في الشخصية عدم القدرة على التحكم في البول و عدم القدرة على استيعاب المفاهيم,ent_merge_000265,men_merge_0005028|men_merge_0002662,ahd10k_06546|ahd5k_03355,,true,provisional_dataset_annotation,dataset_preannotation_v1,,PROVISIONAL DATASET-DERIVED LABELS; human confirmation required; original_dataset_row_verified=true; source_qa_id=ahd5k_01527; source_row_number=776472; source_category=تشوهات خلقية; method=exact entity phrases in held-out question/reference plus frozen provenance overlap; not eligible for gold metrics until status is annotated or adjudicated
evalv1_026,انا فتاة ابلغ22 عندي خلل في الدورة الحيضية تغيب لمدة 6 اشهر استعملت الكثير من الادوية دون حصول نتيجة . مع العلم اني كثيرة الشعر وخصوصافي وجهي . ماهو تشخيص...,treatment,"عدم انتظام الدوره الشهريه لديك يمكن ان يكون نتيجه لوجود تكيس على المبايض، وهو عباره عن اضطراب بعمليه الإباضة الطبيعية بسبب خلل هرموني في الجسم وهو يكون أحيانا متلازما مع عدة أعراض تظهر معا على المريضة مثل اضطرابات الدورة الشهرية (عادة\"" تكون ادوره الشهريه متباعده) اوازدياد وزن الجسم او ظهور الشعر الخشن في مناطق مختلفة من جسم المرأة. لذا انصحك بمراجعه طبيبك النسائيه لاجراء الفحوصات الهرموتيه الازمه مثل(اف،اس،اتش +ال،اتش+تستسترون+) وكذلك فحص لهرمون الحليب وايضا\"" فحص بجهاز الموجات الفوق صوتيه للمبايض لتشخيص حالتك ومن ثم العلاج حسب التشخيص",ent_merge_000126|ent_merge_000852|ent_merge_000564|ent_merge_000036|ent_merge_002226|ent_merge_002089|ent_merge_000912,men_merge_0005887|men_merge_0002942|men_merge_0002944|men_merge_0002890|men_merge_0002735,ahd10k_09336|ahd10k_03615|ahd10k_06195|ahd5k_02387|ahd10k_02135,,true,provisional_dataset_annotation,dataset_preannotation_v1,,PROVISIONAL DATASET-DERIVED LABELS; human confirmation required; original_dataset_row_verified=true; source_qa_id=ahd5k_02192; source_row_number=801465; source_category=هرمونات; method=exact entity phrases in held-out question/reference plus frozen provenance overlap; not eligible for gold metrics until status is annotated or adjudicated
evalv1_027,لماذا يتم تغطية الشخص المصاب بالحرق بالبطانية ؟,symptoms,يوجد غطاء خاص يغطى فيه مؤقت للمحافظه على حراره الجسم و الحمايه من الصدمه نقص الحجم \ الالم التى تصاحب الحروق الكبيره من مساحة الجسم,ent_merge_001870|ent_merge_001723|ent_merge_000765,men_merge_0005306|men_merge_0005308,ahd5k_03823|ahd5k_03636,,true,provisional_dataset_annotation,dataset_preannotation_v1,,PROVISIONAL DATASET-DERIVED LABELS; human confirmation required; original_dataset_row_verified=true; source_qa_id=ahd5k_00737; source_row_number=547474; source_category=إسعاف أولي; method=exact entity phrases in held-out question/reference plus frozen provenance overlap; not eligible for gold metrics until status is annotated or adjudicated
evalv1_028,"السلام عليكم و رحمة الله و بركاته في الاَونة الأجيرة بدأت أحس بتعب و خمول فعملت تحاليل و ها هي النتائج globules rouges 4,18 hemoglobine 11,1 hematocrite 34,1 V.G.M 81,6...",tests_diagnosis,"النتائج المخبرية غير واضحة ولكن اذا كانت الدهون الثلاثية ( الترايغليسيريد ) مرتفعة فننصح بممارسة التمارين الرياضية بشكل منتظم , خسارة 5 - 10 % من الوزن وتحت اشراف الطبيب وتجنب مصادر الدهون المُشبعة . ننصح باستشارة الطبيب حول العلاج الملائم لفقر الدم ( الأنيميا ) .",ent_merge_000793|ent_merge_000735|ent_merge_001191|ent_merge_000047|ent_merge_000446,men_merge_0005600|men_merge_0002868|men_merge_0002000|men_merge_0002078|men_merge_0004187|men_merge_0002866,ahd10k_03104|ahd5k_03872|ahd5k_01479|ahd10k_00391|ahd10k_02406,,true,provisional_dataset_annotation,dataset_preannotation_v1,,PROVISIONAL DATASET-DERIVED LABELS; human confirmation required; original_dataset_row_verified=true; source_qa_id=ahd5k_01232; source_row_number=736691; source_category=مختبر; method=exact entity phrases in held-out question/reference plus frozen provenance overlap; not eligible for gold metrics until status is annotated or adjudicated
evalv1_029,لماذا يوجد الجلوكوز في اللمف رغم انه ينتقل عبرالطريق الدموي؟,causes_safety,اللمف سائل شفاف يدخل الأوعية اللمفية من الأنسجة المحيطة خارج الخلايا وخارج الأوعية.تركيبه يعتمد على مكانه، مثلاً فإن اللمف الموجود في الكبد يحتوي على كمية أكبر من البروتين من ذلك القادم من الأطراف،راجع لمف في القاموس.,ent_merge_000938|ent_merge_001750|ent_merge_000049,men_merge_0004369|men_merge_0004370|men_merge_0000647|men_merge_0004306,ahd5k_00291|ahd10k_06143|ahd5k_01578,rel_seed_8ce665b3cee16d87|rel_seed_ca187ee27df2e606,true,provisional_dataset_annotation,dataset_preannotation_v1,,PROVISIONAL DATASET-DERIVED LABELS; human confirmation required; original_dataset_row_verified=true; source_qa_id=ahd5k_01628; source_row_number=794308; source_category=علم الأحياء الدقيقة; method=exact entity phrases in held-out question/reference plus frozen provenance overlap; not eligible for gold metrics until status is annotated or adjudicated
evalv1_030,لدي انحراف في الفك السفلي، لا أشعر بأي آلام،كل ما في الأمر هو أن وجهي لا يبدو متطابق خاصة عندما أفتح فمي ، زرت طبيباً من قبل فقال لي أن...,general_medical,لابد من مراجعة طبيب تقويم اسنان اولا ومن ثم جراحة فم وفكين ذو خبرة بالجراحة التقويمية,ent_merge_001196|ent_merge_002226|ent_merge_000018|ent_merge_001355,,,,false,provisional_dataset_annotation,dataset_preannotation_v1,,PROVISIONAL DATASET-DERIVED LABELS; human confirmation required; original_dataset_row_verified=true; source_qa_id=ahd5k_02635; source_row_number=455593; source_category=جراحة الفك والأسنان; method=exact entity phrases in held-out question/reference plus frozen provenance overlap; not eligible for gold metrics until status is annotated or adjudicated
evalv1_031,السلام عليكم اريدعلاج للربو مجرب و مضمون علما بأنني اعاني من ضيق في التنفس اثناء الذهاب الي النوم و كذلك في ساعة الصباح المبكر افيدوني مشكورين,treatment,من الافضل مراجعه طبيب اختصاصي امراض صدريه للفحص والتاكد من وظائف الرئة لوصف العلاج المناسب,ent_merge_000846|ent_merge_000847|ent_merge_000129|ent_merge_000371|ent_merge_002226|ent_merge_000135,men_merge_0001072|men_merge_0001073|men_merge_0001058|men_merge_0001061|men_merge_0001068|men_merge_0001069|men_merge_0003081|men_merge_0003084|men_merge_0003404|men_merge_0003408,ahd10k_03921|ahd10k_01288|ahd10k_08138|ahd10k_06854|ahd10k_05623,,true,provisional_dataset_annotation,dataset_preannotation_v1,,PROVISIONAL DATASET-DERIVED LABELS; human confirmation required; original_dataset_row_verified=true; source_qa_id=ahd5k_00332; source_row_number=245660; source_category=أمراض الجهاز التنفسي; method=exact entity phrases in held-out question/reference plus frozen provenance overlap; not eligible for gold metrics until status is annotated or adjudicated
evalv1_032,ما هو المطهر الطبيعى الأمن الذى لا يؤثر على مناعة الإنسان أو الأطفال على المدى الطويل؟,symptoms,من بين المطهرات الخارجية الفعالة صبغة اليود ، السبيرتو ، الديتول والركسول والسافلون,ent_merge_000180,men_merge_0000950,ahd10k_06318,,true,provisional_dataset_annotation,dataset_preannotation_v1,,PROVISIONAL DATASET-DERIVED LABELS; human confirmation required; original_dataset_row_verified=true; source_qa_id=ahd5k_01923; source_row_number=798612; source_category=علم المناعة; method=exact entity phrases in held-out question/reference plus frozen provenance overlap; not eligible for gold metrics until status is annotated or adjudicated
evalv1_033,عندي ضيق نفس تخطيط وايكو وفحص جخد القلب سليم ووظائف الرئه والدم كلها سليمه مالسبب اتعب كثيرا من اقل مجهود لايوجد وزن زائد,tests_diagnosis,هل جربت أخذ استشارة نفسية لأن بعض الضغوط النفسية يمكن ان تنعكس في صورة أعراض حسية ولابأس من استشارة طبيب نفسي حتى لمن لايعاني من أي أعراض,ent_merge_000576|ent_merge_000847|ent_merge_000135|ent_merge_000985|ent_merge_000963|ent_merge_001144|ent_merge_000891|ent_merge_001011|ent_merge_001018,men_merge_0000523|men_merge_0001073|men_merge_0003408|men_merge_0004670|men_merge_0004665,ahd10k_03921|ahd10k_08138|ahd10k_09755|ahd5k_00010|ahd5k_03671,rel_seed_bd780eedd9f7201b|rel_seed_f7c1fcfb72c5c567,true,provisional_dataset_annotation,dataset_preannotation_v1,,PROVISIONAL DATASET-DERIVED LABELS; human confirmation required; original_dataset_row_verified=true; source_qa_id=ahd5k_01560; source_row_number=582122; source_category=الطب العام; method=exact entity phrases in held-out question/reference plus frozen provenance overlap; not eligible for gold metrics until status is annotated or adjudicated
evalv1_034,عانيت لمره واحدة لحالة تشنج اثناءالنوم وصرف لي الطبيب اقراص Tegretol لا اعلم هل استمر عليها او لا! خصوصا بانها تسبب لي النعاس والدوار والالام بالجسمم ؟,causes_safety,بالتاكيد تحتاجين للاستمرار عليه لمدة عامين مع المتابعة برسم المخ وقياس نسبة الدواء بالدم مع المتابعة مع الزميل استشارى المخ والاعصاب فى بلدك لضبط الجرعات العلاجية مع عمل رسم مخ كل3شهور,ent_merge_000615|ent_merge_000648|ent_merge_000687|ent_merge_000801|ent_merge_000617|ent_merge_000691|ent_merge_000730,men_merge_0003476|men_merge_0003481|men_merge_0004165|men_merge_0000674|men_merge_0000675|men_merge_0001918|men_merge_0001890,ahd10k_01671|ahd10k_02488|ahd10k_00624|ahd10k_06613|ahd10k_07662,rel_seed_3c13044cbbc141ce|rel_seed_1bdb19e44c7c18ca|rel_seed_30222f8de1007ba4|rel_seed_3508f21623db067d|rel_seed_40a6421e6ed3d9a0|rel_seed_76d4e1c51526ce7b|rel_seed_77a665dceec45f16|rel_seed_7db39615f8ae58c4|rel_seed_b15bfabf0e8244a1|rel_seed_f71781114712925a,true,provisional_dataset_annotation,dataset_preannotation_v1,,PROVISIONAL DATASET-DERIVED LABELS; human confirmation required; original_dataset_row_verified=true; source_qa_id=ahd5k_03262; source_row_number=694194; source_category=الأمراض العصبية; method=exact entity phrases in held-out question/reference plus frozen provenance overlap; not eligible for gold metrics until status is annotated or adjudicated
evalv1_035,انا فتاة مغربية نظري ضعيف جدا _20 وهو وراثي قال لي الطبيب يستحيل ان يعود بصري حتى بارتداء النظارة لن ارى جيدا,general_medical,بسم الله لازم تعرفي اسم المرض وتعملي فحوصات متكامله وبعدها نقرر اذا كان من الممكن علاج,ent_merge_000967|ent_merge_001051|ent_merge_001061,,,,false,provisional_dataset_annotation,dataset_preannotation_v1,,PROVISIONAL DATASET-DERIVED LABELS; human confirmation required; original_dataset_row_verified=true; source_qa_id=ahd5k_01210; source_row_number=708270; source_category=بصريات; method=exact entity phrases in held-out question/reference plus frozen provenance overlap; not eligible for gold metrics until status is annotated or adjudicated
evalv1_036,زوجة تبلغ 31 وتعاني مِم صداع شديد بالرأس وصف لها الطبيب المعالج دواء relpax وتستعمله بشكل يومي . هل هذا الاستعمال اليومي له تأثير على صحتها على طول المدة وشكرا,treatment,الدواء ينتمى لمجموعةEletriptanلعلاج الصداع النصفى واعراضه الجانبية بسيطة مثل الدوخة وزغللة العينين والغثيان وعدم تحمل الاضاء المبهرة او الاصوات العالية ولكن على طول فترة الاستعمال ينصح بعمل تحليل لكرات الدم البيضاء كل ثلاثة شهور,ent_merge_000830|ent_merge_001929|ent_merge_001735|ent_merge_000668|ent_merge_000859|ent_merge_000649|ent_merge_000651|ent_merge_000802|ent_merge_000815,men_merge_0003603|men_merge_0003735|men_merge_0000729|men_merge_0003267|men_merge_0004877|men_merge_0000728|men_merge_0003265|men_merge_0003736|men_merge_0003737|men_merge_0004873,ahd10k_03959|ahd5k_02662|ahd10k_06938|ahd10k_03594|ahd10k_05151,,true,provisional_dataset_annotation,dataset_preannotation_v1,,PROVISIONAL DATASET-DERIVED LABELS; human confirmation required; original_dataset_row_verified=true; source_qa_id=ahd5k_02466; source_row_number=655916; source_category=الأمراض العصبية; method=exact entity phrases in held-out question/reference plus frozen provenance overlap; not eligible for gold metrics until status is annotated or adjudicated
evalv1_037,تناولت matador 750 لمده 15 وبعدها اصبت باسهال و تعب و نقص قلق والم فی المفاصل تغیر نضام غذائی. اجریت تحلیل البراز سلیم انا اعانی.فی.3.اشهر و نقص فی.الوزن کبیر و...,symptoms,يوجد في أمعاء الانسان نوعان من البكتيريا ، البكتيريا النافعة و هي تلعب دورا اساسيا في عملية الهضم و اشياء أخرى مفيدة ، و النوع الثاني هي البكتيريا الضارة . و البكتيريا النافعة اكثر من البكتيريا الضارة بثلاثة اضعاف 75/25 و هي دائما تقاومها . عند اخذ بعض المضادات الحيوية ، احيانا يحصل اختلال في هذه النسبة فترتفع نسبة البكتيريا الضارة و تنخفض نسبة البكتيريا النافعة ، و يحصل الذي تعاني منه حضرتك. و اختلال الهضم Didigestion و الاسهال و فقدان السوائل الذي يسبب التعب و الالم في المفاصل . و نقص الفيتامينات يُشعِرك بالقلق . و طبعا يحصل نقص في الوزن. يمكن تعويض البكتيريا النافعة يجب مراجعة الطبيب .,ent_merge_001861|ent_merge_000600|ent_merge_000670|ent_merge_000735|ent_merge_000871|ent_merge_001257|ent_merge_001601|ent_merge_001612|ent_merge_001576|ent_merge_000611,men_merge_0005409|men_merge_0005410|men_merge_0005411|men_merge_0003556|men_merge_0004529|men_merge_0005373|men_merge_0005374|men_merge_0005375|men_merge_0005376,ahd5k_03390|ahd5k_03543|ahd5k_04958|ahd10k_05624|ahd5k_00683,rel_seed_8d21afa86717a1c9,true,provisional_dataset_annotation,dataset_preannotation_v1,,PROVISIONAL DATASET-DERIVED LABELS; human confirmation required; original_dataset_row_verified=true; source_qa_id=ahd5k_02330; source_row_number=206321; source_category=أمراض الجهاز الهضمي; method=exact entity phrases in held-out question/reference plus frozen provenance overlap; not eligible for gold metrics until status is annotated or adjudicated
evalv1_038,اخذت جرعتين فقط من التهاب الكبد ب في مرحلة البلوغ هل هذا كافي ؟؟بعد العدوى بكم يوم يمكن ان اعرف اني مصاب عن طريق التحاليل,tests_diagnosis,اعتقد هذا كافى لان الجرعه الثالثه بتكون بعد ٦ شهور من الجرعه الثانيه بعد حوالى ب٣ شهور و ان كان هذا شىئ غير ثابت,ent_merge_000082|ent_merge_000085|ent_merge_002053,men_merge_0000575|men_merge_0001098|men_merge_0001516|men_merge_0001487|men_merge_0002012,ahd10k_06917|ahd10k_05789|ahd10k_01668|ahd10k_06755|ahd10k_03531,rel_seed_df7d3e135a4c00df,true,provisional_dataset_annotation,dataset_preannotation_v1,,PROVISIONAL DATASET-DERIVED LABELS; human confirmation required; original_dataset_row_verified=true; source_qa_id=ahd5k_03647; source_row_number=508586; source_category=أمراض باطنية; method=exact entity phrases in held-out question/reference plus frozen provenance overlap; not eligible for gold metrics until status is annotated or adjudicated
evalv1_039,لماذا نشعر بالدوار عندما نكون جالسين ونقف؟,causes_safety,هو شكل منتشر من انخفاض ضغط الدم . ويحدث عند تغيير الوضعة، خاصة عندما يقف الشخص من وضعية جاسة، أو مستلقية. وهي حالة عابرة غالباً وتمثل تأخر في القدرة التأقلمية العادية للجَهازُ العَصَبِيُّ المُسْتَقِل ، وتشاهد في نقص حجم الدم ونتيجة لأدوية كثيرة. وبالإضافة إلى الأدوية المذكورة ، فإن الأدوية النفسية أيضاً تعمل على خفض ضغط الدم، خاصة مضادات الإكتئاب. ويؤكد هذا التشخيص بقياس ضغط الدم أثناء الوقوف وأثناء الجلوس والإستلقاء.وهو انخفاض ضغط الدم الانتصابي.,ent_merge_000648|ent_merge_000801|ent_merge_000010|ent_merge_000207|ent_merge_001603|ent_merge_001069|ent_merge_001131,men_merge_0003481|men_merge_0004943|men_merge_0003551|men_merge_0005468|men_merge_0003559|men_merge_0003884|men_merge_0003888|men_merge_0005467,ahd10k_05624|ahd10k_03289|ahd5k_01140|ahd5k_02233|ahd10k_02488,rel_seed_d4097a329baec411|rel_seed_f71781114712925a|rel_seed_0554eeafac1da17f|rel_seed_225b31298d03bc3f,true,provisional_dataset_annotation,dataset_preannotation_v1,,PROVISIONAL DATASET-DERIVED LABELS; human confirmation required; original_dataset_row_verified=true; source_qa_id=ahd5k_02413; source_row_number=790278; source_category=علم الأحياء; method=exact entity phrases in held-out question/reference plus frozen provenance overlap; not eligible for gold metrics until status is annotated or adjudicated
evalv1_040,. خصيتي لا تاخذالشكل الطبيعي فهي ليست منتفخة كالكرة . بل اغلب الوقت متدلية جدا .احيانا كيس الصفن يتمدد ولايوجد به اي انتفاخ وتظهر الخصيتين بوضوح احيانا تنكمش الخصية فتصبح...,general_medical,هذا يا عزيزي هو الطبيعي تماما يعتمد على درجة الحراره الخارجيه حاول ان تضع شيئا باردا وستلاحظ الانكماش والعكس صحيح,ent_merge_000121|ent_merge_000626|ent_merge_000696|ent_merge_001930,men_merge_0003391|men_merge_0003454|men_merge_0003897|men_merge_0004823|men_merge_0005436,ahd10k_07658|ahd5k_02131|ahd5k_01832|ahd10k_00961|ahd10k_04720,rel_seed_a9758d23b68e3dc1|rel_seed_c0c9d4de264b8f32|rel_seed_acdf81785be76241|rel_seed_bc05d86c6b97cbff|rel_seed_7819999384ff38a6|rel_seed_1091dfee3a13a369|rel_seed_4769fcc0c89e7ee0|rel_seed_638f8386b7ac830c|rel_seed_87085398e8572529|rel_seed_a2ae57a7a1f0df8e,true,provisional_dataset_annotation,dataset_preannotation_v1,,PROVISIONAL DATASET-DERIVED LABELS; human confirmation required; original_dataset_row_verified=true; source_qa_id=ahd5k_03908; source_row_number=787244; source_category=الأمراض الجنسية; method=exact entity phrases in held-out question/reference plus frozen provenance overlap; not eligible for gold metrics until status is annotated or adjudicated
evalv1_041,ما هو علاج حمو الفم ( بقعة بيضاء في المنتصف وشديدة الأحمرار من الاطراف ) اعاني منها من ٤ أيام أشعر بتعب شديد و ألم ؟!,treatment,"ليس لها علاج ، و لكن العلاج هو علاج للالم الناتج ، تستمر تلك البقع من 7-14 يوم ثم تختفي تلقائيا، و علاج الالم هو جل يوصفه الطبيب يوضع علي تلك البقعة قبل الاكل لكي تتمكن من الاكل بدون الم ، و يمكن ان تستخدم ""الطحينة"" بدل ذلك الجيل و سوف تؤدي نفس الغرض",ent_merge_000735,men_merge_0000246|men_merge_0005600|men_merge_0002868|men_merge_0001347|men_merge_0002000,ahd5k_01479|ahd10k_00391|ahd10k_00435|ahd10k_09926|ahd10k_03104,rel_seed_7442ee194e02fd59|rel_seed_e75004872c1c57e3|rel_seed_cb5911d8d8cf6f4e|rel_seed_e7b4f9ea5a524865|rel_seed_28d9dae0ac81fb5f|rel_seed_89aa016598978f37|rel_seed_4426f85635c3d687|rel_seed_861a963731e4caac|rel_seed_f0f31276f34c2751,true,provisional_dataset_annotation,dataset_preannotation_v1,,PROVISIONAL DATASET-DERIVED LABELS; human confirmation required; original_dataset_row_verified=true; source_qa_id=ahd5k_00064; source_row_number=312829; source_category=أمراض الفم; method=exact entity phrases in held-out question/reference plus frozen provenance overlap; not eligible for gold metrics until status is annotated or adjudicated
evalv1_042,اخي يبلغ من العمر 24 وكان لديه ثقب في القلب مما ادى الى تجمع ماء في الرئه ولكن الثقب اغلق ومازال يعاني من ضيق التنفس والماء الذي في الرئه لم...,symptoms,لا نعرف نوع أو مكان أو حجم الثقب، وكيف كانت حالة المريض، العامة قبل العملية ، وما هي الحالة الوظيفية للرئة وللقلب قبل العملية وبعدها خاصة اذا كان هناك ارتفاع في التوتر الشرياني الرئوي، وفي جميع الأحوال ينبغي إعادة الفحص وتقييم الحالة الوظيفية لما ذكر آنفاً,ent_merge_000238|ent_merge_000303|ent_merge_000304|ent_merge_000846|ent_merge_000847|ent_merge_002101|ent_merge_000997|ent_merge_000927|ent_merge_001145|ent_merge_001228,men_merge_0000347|men_merge_0005601|men_merge_0005606|men_merge_0000348|men_merge_0000349|men_merge_0003189|men_merge_0003085|men_merge_0003510|men_merge_0000350|men_merge_0000351,ahd10k_00496|ahd5k_01479|ahd10k_05130|ahd10k_00982|ahd10k_07656,rel_seed_09cd13831e099fe0|rel_seed_4029f49360fdb5ad|rel_seed_48c55a2d659dee51|rel_seed_c0865ebe3f8d8119,true,provisional_dataset_annotation,dataset_preannotation_v1,,PROVISIONAL DATASET-DERIVED LABELS; human confirmation required; original_dataset_row_verified=true; source_qa_id=ahd5k_00960; source_row_number=790605; source_category=الأمراض الرثويه; method=exact entity phrases in held-out question/reference plus frozen provenance overlap; not eligible for gold metrics until status is annotated or adjudicated
evalv1_043,ماذا يعني نقص mcv في تحليل الدم؟ وهل يدل على مشكلة خطيرة؟ علمًا أن النقص بسيط جدًا وباقي تحاليل الدم طبيعية,tests_diagnosis,يرمز الاختصار MCV إلى متوسط ​​حجم كريات الدم الحمراء ويشير نقص MCV إلى أن خلايا الدم الحمراء أصغر من المعتاد. يجدر الذكر أن الانخفاض البسيط في معدل MCV مع وجود نتائج طبيعية لتحاليل الدم الأخرى لا يعني وجود مشكلة صحية في الغالب، وبشكل عام قد يدل نقص mcv في تحليل الدم على الآتي: فقر الدم الناجم عن نقص الحديد. اضطرابات خضاب الدم. مرض الثلاسيميا. بعض الأمراض المزمنة. التسمم بالرصاص. مرض كثرة كريات الدم الحمراء. أنصحك بمراجعة الطبيب للتأكد من قراءة تحليل الدم بشكل صحيح والكشف عن الأسباب التي قد أدت إلى انخفاض معدل MCV لديك، وبدوره سوف يقوم الطبيب بتحديد العلاج المناسب في حال تم الكشف أن هناك مشكلة صحية تسببت في انخفاض متوسط حجم كريات الدم الحمراء. للمزيد: فقر الدم الوراثي أعراضه، أسبابه، وطرق علاجه ما هي أنواع فقر الدم المختلفة؟,ent_merge_000966|ent_merge_000967|ent_merge_001576|ent_merge_000543|ent_merge_000975|ent_merge_000978|ent_merge_001897|ent_merge_000446,men_merge_0004447|men_merge_0003166|men_merge_0004466|men_merge_0004468|men_merge_0003521|men_merge_0004446|men_merge_0004465|men_merge_0004467,ahd5k_00696|ahd5k_00543|ahd5k_00757|ahd10k_03419|ahd10k_02347,rel_seed_80e87593d0630b38|rel_seed_d23a670d491f3500|rel_seed_d486db7668e0f802|rel_seed_0a366a937bc52f1c,true,provisional_dataset_annotation,dataset_preannotation_v1,,PROVISIONAL DATASET-DERIVED LABELS; human confirmation required; original_dataset_row_verified=true; source_qa_id=ahd5k_01146; source_row_number=228; source_category=أمراض الدم; method=exact entity phrases in held-out question/reference plus frozen provenance overlap; not eligible for gold metrics until status is annotated or adjudicated
evalv1_044,السلام عليكم ماهو سبب الكحه ويليها فقدان الوعي لعده دقايق وحدوثه لمرات متكرره ؟,causes_safety,اسباب السعال..كثيرة جدا..لكن حدوث فقدان الوعي بعدها قد تكون بسبب تحريض مبهمي يؤدي لنقص العود الوريدي للقلب وبطء حركته. يرجى مراجعة اخصائي صدرية فورا.,ent_merge_001927|ent_merge_000673|ent_merge_000822|ent_merge_002226|ent_merge_000357,men_merge_0005257|men_merge_0001446,ahd5k_00992|ahd10k_01781,rel_seed_a65c2067cae57d10|rel_seed_f221b15447fe509d|rel_seed_f5731974f11b3c2d|rel_seed_2ec98587ea273243|rel_seed_abc9f0f0dff99200,true,provisional_dataset_annotation,dataset_preannotation_v1,,PROVISIONAL DATASET-DERIVED LABELS; human confirmation required; original_dataset_row_verified=true; source_qa_id=ahd5k_00522; source_row_number=674596; source_category=أمراض الجهاز التنفسي; method=exact entity phrases in held-out question/reference plus frozen provenance overlap; not eligible for gold metrics until status is annotated or adjudicated
evalv1_045,كيف احلل شخصيتي ودي اعرف شخصيتي حقيقه,general_medical,الانسان يستطيع ان يتعرف على الكثير من خواص ذاته من خلال ملاحظة نفسه ملاحظة موضوعيه ومن خلال تفسير ذلك بحياد وشفافيه وهذا سيساعد بشكل اكبر لو اقترن بالمقاييس والاختبارات النفسية ونتائجها فالشخصية سمات وصفات ولمعرفة خواصها بشكل حقيقي يحتاج الانسان ان يخضع لاختبارات نفسيه يقوم بها تحت اشراف متخصص ليساعده في تحليلها وتفسيرها ومعرفتها .,,,,,false,provisional_dataset_annotation,dataset_preannotation_v1,,PROVISIONAL DATASET-DERIVED LABELS; human confirmation required; original_dataset_row_verified=true; source_qa_id=ahd5k_02730; source_row_number=570097; source_category=علم النفس; method=exact entity phrases in held-out question/reference plus frozen provenance overlap; not eligible for gold metrics until status is annotated or adjudicated
evalv1_046,castor.oil مادا يستخدم هدا الدواء وكيف الطريقه,treatment,يستخدم بشكل أساسي كملين في علاج حالات الامساك ولتفريغ الامعاء قبل التصوير او العمل الجراحي الجرعة للبالغين كملين في حالات الإمساك هي 15 مل تؤخذ قبل النوم الجرعة للبالغين لتفريغ الامعاء هي 60 مل تؤخذ قبل النوم,ent_merge_000045|ent_merge_000625|ent_merge_002053,,,,false,provisional_dataset_annotation,dataset_preannotation_v1,,PROVISIONAL DATASET-DERIVED LABELS; human confirmation required; original_dataset_row_verified=true; source_qa_id=ahd5k_04126; source_row_number=618945; source_category=علم الصيدلة; method=exact entity phrases in held-out question/reference plus frozen provenance overlap; not eligible for gold metrics until status is annotated or adjudicated
evalv1_047,ابني عمره ١٢ سنة و تحليل pct =0.378 في حين المستوى الطبيعي يجب ان يكون بين 0.11_0.29. وكذلك تحليل Gran%=46.5 والمستوى الطبيعي هو 50_70 أرجو توضيح ماذا يعني التحليل شكرا,symptoms,قد يكون فحص لبروكالسيتينونين procalcitonin level الذي يستطيع التمييز وبدرجة كبيرة بين العدوى الفيروسية والعدوى البكتيرية ، والنتيجة تدل على الالتهاب الجرثومي .سلامات,ent_merge_000059,,,,false,provisional_dataset_annotation,dataset_preannotation_v1,,PROVISIONAL DATASET-DERIVED LABELS; human confirmation required; original_dataset_row_verified=true; source_qa_id=ahd5k_02388; source_row_number=307470; source_category=الطب العام; method=exact entity phrases in held-out question/reference plus frozen provenance overlap; not eligible for gold metrics until status is annotated or adjudicated
evalv1_048,استخدامات اشعة الفا فى الطب,tests_diagnosis,أشعة ألفا أو جسيم ألف ، على الرغم من تسميتها اشعة الا انها عبارة عن نواة ذرة الهليوم وتتكون من بروتونين و نيوترونين ، تتحد في داخل النواة بقوة نووية كبيرة. وهي ذات شحنة موجبة وقوة اختراق ضعيفة مع قدرة ضعيفة على النفاذ لثقلها وانخفاض سرعتها ويمكن إيقافها بقطعة من الورق المقوى. وتمتاز بقدرة كبيرة على تايين المواد، تستخدم في الطب في صناعة منظم القلبPacemaker.,ent_merge_000924,men_merge_0003167|men_merge_0001454|men_merge_0001730|men_merge_0001903|men_merge_0004887,ahd10k_08370|ahd10k_03419|ahd10k_04286|ahd5k_00114|ahd10k_05019,rel_seed_636070e77235dd06|rel_seed_90e1443412dc9b47|rel_seed_d486db7668e0f802|rel_seed_0a366a937bc52f1c,true,provisional_dataset_annotation,dataset_preannotation_v1,,PROVISIONAL DATASET-DERIVED LABELS; human confirmation required; original_dataset_row_verified=true; source_qa_id=ahd5k_00967; source_row_number=804010; source_category=علم الأشعة; method=exact entity phrases in held-out question/reference plus frozen provenance overlap; not eligible for gold metrics until status is annotated or adjudicated
evalv1_049,تمزق وتر الكتف بسبب bodybuilding ذهبت لدكتور أعطاني 45ي راحة وبعدها ولم أشفى ثم حقن لي حقنة كتفي و طلب مني العودة لتمرين و الأن أحيانا بعد التمرين أحس الام...,causes_safety,غير طبيعي بحاجة الى صورة رنين مغناطيسي للكتف لأثبات التشخيص والالبتعاد عن الرياضة القوية للكتف,ent_merge_001887|ent_merge_000617|ent_merge_000691|ent_merge_000747|ent_merge_000995|ent_merge_001015|ent_merge_001209|ent_merge_001414,men_merge_0001834|men_merge_0000675|men_merge_0005640|men_merge_0001890|men_merge_0002395|men_merge_0001835,ahd10k_00746|ahd10k_01671|ahd10k_07662|ahd10k_08473|ahd5k_03529,rel_seed_9dbc85441d9166d6|rel_seed_e53776061f749e09|rel_seed_e87a8428f1915593|rel_seed_40a6421e6ed3d9a0|rel_seed_77a665dceec45f16|rel_seed_b53628e9bd0bdec5|rel_seed_3b793cce887f334b|rel_seed_7db39615f8ae58c4|rel_seed_83339b87eecaef6f|rel_seed_7232149bc28396a0,true,provisional_dataset_annotation,dataset_preannotation_v1,,PROVISIONAL DATASET-DERIVED LABELS; human confirmation required; original_dataset_row_verified=true; source_qa_id=ahd5k_03429; source_row_number=634336; source_category=علاج طبيعي; method=exact entity phrases in held-out question/reference plus frozen provenance overlap; not eligible for gold metrics until status is annotated or adjudicated
evalv1_050,هل الخصية اليسرى دائما اق ارتفاع من اليمنى,general_medical,في العادة تكون الخصية اليسرى مرتفعة أكثر قليلا من الخصية اليمنى، ولكن هناك اختلافات شخصية كثيرة.,ent_merge_000121,men_merge_0003454,ahd10k_07658,rel_seed_4769fcc0c89e7ee0,true,provisional_dataset_annotation,dataset_preannotation_v1,,PROVISIONAL DATASET-DERIVED LABELS; human confirmation required; original_dataset_row_verified=true; source_qa_id=ahd5k_03035; source_row_number=804334; source_category=علم التشريح; method=exact entity phrases in held-out question/reference plus frozen provenance overlap; not eligible for gold metrics until status is annotated or adjudicated
evalv1_051,اريد استفسار علي دواء valdoxan,treatment,يستخدم الدواء لعلاج الاكتئاب وهو يعمل ايضا على مستقبلات الدماغ (الميلاتونين) وهو الهرمون المسؤول عن تنظيم النوم ويجب استخدامه تحت اشراف طبي,ent_merge_000033|ent_merge_000040|ent_merge_000123,,,,false,provisional_dataset_annotation,dataset_preannotation_v1,,PROVISIONAL DATASET-DERIVED LABELS; human confirmation required; original_dataset_row_verified=true; source_qa_id=ahd5k_01032; source_row_number=655686; source_category=علم الصيدلة; method=exact entity phrases in held-out question/reference plus frozen provenance overlap; not eligible for gold metrics until status is annotated or adjudicated
evalv1_052,لدي ألم في رأسي من الخلف حتى الامام من الجهة اليسرى وكثيرا ما تأتيني هذه النوبات أحيانا بعد أيام من زوال الألم يصاحب ذلك خروج الدم من أنفي ويصل هذه...,symptoms,اختي العزيزة ان الاعراض التي تتكلمين عنها قد تكون نتيجة ارتفاع ضغط الدم فلو حبذا لو راجعتي طبيب ليقيس لك الضغط ويتاكد من حالتكي فان كان ضغطكي طبيعي فهناك اسباب اخرى كالصداع النصفي وله علاج باذن بالله ولكن بما انه تعانين من نزف من الانف فانا ارجح الاحتمال الاول وشكر,ent_merge_000010|ent_merge_001735|ent_merge_000627|ent_merge_000826|ent_merge_000886,,,,false,provisional_dataset_annotation,dataset_preannotation_v1,,PROVISIONAL DATASET-DERIVED LABELS; human confirmation required; original_dataset_row_verified=true; source_qa_id=ahd5k_01587; source_row_number=440965; source_category=صحة عامة; method=exact entity phrases in held-out question/reference plus frozen provenance overlap; not eligible for gold metrics until status is annotated or adjudicated
evalv1_053,مالفرق بين فحص VIT D Total وفحص 25 hydroxy vitamin D3حيث بلغ الأول لدي(9)ng/ml بينماالثاني (4)ng/ml مع انهما في يوم واحد غير انهما في مختبرين مغايرين,tests_diagnosis,"تختلف مسميات الفحص المخبري لفيتامين ( د ) ويُعرف عادة بفحص vit D3 , يعود سبب اختلاف نتيجة الفحص لتباين دقة الاجهزة المخبرية .",ent_merge_000352|ent_merge_001507|ent_merge_002015|ent_merge_002209,men_merge_0002871|men_merge_0002867,ahd10k_03104,,true,provisional_dataset_annotation,dataset_preannotation_v1,,PROVISIONAL DATASET-DERIVED LABELS; human confirmation required; original_dataset_row_verified=true; source_qa_id=ahd5k_04377; source_row_number=728977; source_category=مختبر; method=exact entity phrases in held-out question/reference plus frozen provenance overlap; not eligible for gold metrics until status is annotated or adjudicated
evalv1_054,ما سبب الفشل الكلوي وكيف يتم معالجته والوقاية منة؟,causes_safety,للفشل الكلوي اسباب كثيره جدا منها ما يتعلق بالكليه او بغير الكليه وهو نوعان حاد ومزمن ولكل سبب طريقة علاج تختلف عن الاخرى لكن بشكل عام اذا كان هنالك التهابات فيجب ان تعالج الالتهابات واذا كان هنالك معيقات لتدفق البول ل او من المثانه عندها يجب ان تزال هذه المعيقات ........وهكذا للوقايه....الغذاء المناسب والحميه المناسبه وكذلف الفحوصات الدوريه,ent_merge_000162|ent_merge_000043|ent_merge_000059|ent_merge_000106|ent_merge_000975|ent_merge_000173|ent_merge_001201|ent_merge_001964|ent_merge_002091,men_merge_0002022|men_merge_0002031|men_merge_0001488|men_merge_0000965|men_merge_0000971|men_merge_0002029|men_merge_0005725|men_merge_0005730|men_merge_0002035|men_merge_0001501,ahd5k_03407|ahd10k_05259|ahd10k_06958|ahd10k_01793|ahd10k_02085,rel_seed_e22b285afd3721c2|rel_seed_5cf14911e99ad269|rel_seed_504a3613bb12e397,true,provisional_dataset_annotation,dataset_preannotation_v1,,PROVISIONAL DATASET-DERIVED LABELS; human confirmation required; original_dataset_row_verified=true; source_qa_id=ahd5k_02829; source_row_number=802830; source_category=علم الأمراض; method=exact entity phrases in held-out question/reference plus frozen provenance overlap; not eligible for gold metrics until status is annotated or adjudicated
evalv1_055,ماذا يحدث في حال تناول الكبدة يومياً؟,general_medical,على الرغم من فوائد الكبدة المتعددة واحتوائها على العديد من العناصر الغذائية الضرورية والفيتامينات والمعادن، إلا أن السؤال الأهم يبقى هل اكل الكبدة يوميا مضر؟ تجدر الإشارة إلى أن تناول الكبدة بصورة يومية بكميات كبيرة، قد يرتبط ببعض الآثار الجانبية ومنها ما يلي: ارتفاع مستويات الكوليسترول في الدم، وهو أمر خطير للأشخاص الذين يتناولون أدوية خفض الكوليسترول أو الذين لديهم مستويات مرتفعه منه، حيث أن ارتفاع الكوليسترول يزيد من خطر الإصابة بأمراض القلب والأوعية الدموية. سمية فيتامين أ، حيث لا يستطيع الكبد في جسم الإنسان معالجة كميات كبيرة من فيتامين أ، لذا يوصى بتناول ما لا يزيد عن حصة واحدة فقط من الكبد كل أسبوع. حدوث تداخلات دوائية، حيث أن الكبد غني بفيتامين أ وقد يتعارض مع بعض الأدوية المستخدمة مما يزيد أو يقلل من تأثيرها، أو يسبب آثار جانبية غير مرغوبة. للمزيد: اهم الفيتامينات التي يحتاجها الجسم ومصادرها فوائد كبدة الغنم، واضراره,ent_merge_000175|ent_merge_000196|ent_merge_000357|ent_merge_000508|ent_merge_000580|ent_merge_001502|ent_merge_001513|ent_merge_002205|ent_merge_001131|ent_merge_001011,,,,false,provisional_dataset_annotation,dataset_preannotation_v1,,PROVISIONAL DATASET-DERIVED LABELS; human confirmation required; original_dataset_row_verified=true; source_qa_id=ahd5k_01473; source_row_number=23455; source_category=أمراض الدم; method=exact entity phrases in held-out question/reference plus frozen provenance overlap; not eligible for gold metrics until status is annotated or adjudicated
evalv1_056,سؤال هل فعلن ان اهداب قناة فالوب تكون كسلانه؟كيف اعرف ذلك؟هل فيه علاج لها؟,treatment,"يتأثر عبور الحيوانات المنوية في قناة فالوب بكل من: انقباضات عضلات قناة فالوب. نشاط الأهداب. تدفق الإفرازات فيها. على الرغم من أن الأهمية النسبية لهذه الآليات لا تزال غير واضحة، إلا أن هناك دليل على أن نشاط الأهداب قد يلعب الدور المهيمن في نقل الأمشاج والأجنة، كما أن الأهداب وحدها قادرة على نقل البويضة إلى موقع الإخصاب، لذلك تعاني النساء المصابات ""بمتلازمة الأهداب غير المتحركة"" أو الكسلانة أو متلازمة كارتاجينر، من ضعف الخصوبة، ويمكن معرفة إصابتك بهذه المتلازمة أم لا عن طريق استشارة الطبيب المختص كما أنه سيصف لك علاج تلف اهداب قناة فالوب. للمزيد: تقنيات المساعدة على الإنجاب كل ما تريد ان تعرفه عن الاخصاب الاصطناعي (IVF) او اطفال الانابيب",ent_merge_000645|ent_merge_000117|ent_merge_000341|ent_merge_001855|ent_merge_000291|ent_merge_000841|ent_merge_002011|ent_merge_000691,men_merge_0002083|men_merge_0002084|men_merge_0002086|men_merge_0002593|men_merge_0005861|men_merge_0002595|men_merge_0002596|men_merge_0002090|men_merge_0002091|men_merge_0002092,ahd10k_00037|ahd10k_00238|ahd5k_01192|ahd10k_01495|ahd10k_09698,,true,provisional_dataset_annotation,dataset_preannotation_v1,,PROVISIONAL DATASET-DERIVED LABELS; human confirmation required; original_dataset_row_verified=true; source_qa_id=ahd5k_04259; source_row_number=771404; source_category=العقم; method=exact entity phrases in held-out question/reference plus frozen provenance overlap; not eligible for gold metrics until status is annotated or adjudicated
evalv1_057,االسلام عليكم انا ذكر عمري22لدي ضمور في النخاعsma3 والان وزني في تزايد وانا امشي بعكازات وللمسافات البعيده بكرسي ما الالات الرياضيه المفيدة في تخفيف وزني وتحسين قدرة عضلاتي وهل مع...,symptoms,ننصحك باستشارة الزميل استشارى العلاج الطبيعى والتخسيبس بموقع الطبى فى موضوع تخسيس الوزن وانشاء الله مع العلاجبالادوية وجلسات العلاج الطبيعى وانقاص الوزن يمكنك المشى بطريقة معقولة وبدون مساعدة,ent_merge_000912|ent_merge_001224|ent_merge_001256,men_merge_0002526|men_merge_0002527|men_merge_0002528,ahd10k_00676|ahd10k_01312|ahd10k_05972,,true,provisional_dataset_annotation,dataset_preannotation_v1,,PROVISIONAL DATASET-DERIVED LABELS; human confirmation required; original_dataset_row_verified=true; source_qa_id=ahd5k_03903; source_row_number=687080; source_category=الأمراض العصبية; method=exact entity phrases in held-out question/reference plus frozen provenance overlap; not eligible for gold metrics until status is annotated or adjudicated
evalv1_058,قمت بإجراء تحليل دم لمعرفة هل أنا مصابة بالأنميا أو لا وخرج في التحليل lymphocytes كان مرتفع شوي 45.5% . ماذا يعني هذا؟,tests_diagnosis,من انواع كريات الدم البيضاء وقد يرتفع لوجود اي فايروس كالانفلونزا او الزكام...ﻻ داعي للقلق,ent_merge_000967|ent_merge_000983|ent_merge_001802|ent_merge_000046|ent_merge_000219|ent_merge_000782|ent_merge_000670|ent_merge_000871,men_merge_0005790|men_merge_0003166|men_merge_0001574|men_merge_0001596|men_merge_0004382|men_merge_0004381|men_merge_0001575,ahd5k_00679|ahd10k_08742|ahd10k_02730|ahd5k_03214|ahd10k_03419,rel_seed_d486db7668e0f802|rel_seed_0a366a937bc52f1c|rel_seed_1937eae47e21a4e4|rel_seed_0a1431857b516b45,true,provisional_dataset_annotation,dataset_preannotation_v1,,PROVISIONAL DATASET-DERIVED LABELS; human confirmation required; original_dataset_row_verified=true; source_qa_id=ahd5k_01367; source_row_number=558294; source_category=صحة عامة; method=exact entity phrases in held-out question/reference plus frozen provenance overlap; not eligible for gold metrics until status is annotated or adjudicated
evalv1_059,تعرضت لحادث الاصطدام كان من الخلف، سرعه الاصطدام جعلت راسي واعضائي الخلفيه ترتطم بكرسي السائق . هل الارتطام من الخلف يسبب خلل في الكلى او الاعضاء الاخرى؟؟ كيف اتاكد من...,causes_safety,اشعه عاديه x ray علي الاماكن المصابه للتاكد من عدم وجود كسور... اشعه تلفزيونيه ع البطن والحوض للتاكد من عدم وجود نزيف داخلي,ent_merge_000924|ent_merge_001953|ent_merge_000476|ent_merge_000887,,,,false,provisional_dataset_annotation,dataset_preannotation_v1,,PROVISIONAL DATASET-DERIVED LABELS; human confirmation required; original_dataset_row_verified=true; source_qa_id=ahd5k_03887; source_row_number=718746; source_category=علم الأشعة; method=exact entity phrases in held-out question/reference plus frozen provenance overlap; not eligible for gold metrics until status is annotated or adjudicated
evalv1_060,السلام عليكم ..... انا اعاني من الاستيقاظ بعد النوم لثلاث ساعات ثم اخلد للنوم مرة اخرى . هل هذا قد يؤثر على النمو؟,general_medical,للاسف نعم يؤثر على النمو رجاء استبعاد اﻻسباب النفسية وتجنب شرب المنبهات ليﻻ و عمل تحليل غدة درقية,ent_merge_000429,,,,false,provisional_dataset_annotation,dataset_preannotation_v1,,PROVISIONAL DATASET-DERIVED LABELS; human confirmation required; original_dataset_row_verified=true; source_qa_id=ahd5k_03966; source_row_number=553126; source_category=صحة عامة; method=exact entity phrases in held-out question/reference plus frozen provenance overlap; not eligible for gold metrics until status is annotated or adjudicated
evalv1_061,السلام عليكم انا من ممارسين العاده السريه وعمري 20 في بعض الأحيان يخرج مني السائل لا اراديا عند التحرك أو في حالة التهيج ما السبب والعلاج,treatment,قد يكون السبب هو التعود على الإثارة ، والعلاج هو تقليل العادة السرية وممارسة تمارين كيغل لتقوية عضلات الحوض.,ent_merge_000326|ent_merge_000637|ent_merge_001336,men_merge_0001968|men_merge_0001728|men_merge_0003164|men_merge_0003403|men_merge_0004327,ahd10k_04286|ahd10k_08965|ahd10k_03419|ahd10k_03921|ahd5k_03068,,true,provisional_dataset_annotation,dataset_preannotation_v1,,PROVISIONAL DATASET-DERIVED LABELS; human confirmation required; original_dataset_row_verified=true; source_qa_id=ahd5k_03130; source_row_number=459536; source_category=الأمراض الجنسية; method=exact entity phrases in held-out question/reference plus frozen provenance overlap; not eligible for gold metrics until status is annotated or adjudicated
evalv1_062,"عندي ورم صلب في فروة الراس منذ 3 سنوات الى الان بينمو ببطئ وبيسبب صداع شديد لو لمسته او اتخبطت او اي حركة قريبة من مكان وجود الكتلة الصلبة ,مع...",symptoms,يجب مبدئيا معاينة هذا الورم لمعرفة طبيعته هل هو ورم فعلا أم كيس دهني أم ورم دهني؟من الممكن تصوير المنطقة المصابة من الرأس للمعاينة عن بعد أيضا,ent_merge_000830|ent_merge_000172|ent_merge_000568|ent_merge_000479|ent_merge_000378|ent_merge_000994|ent_merge_001766|ent_merge_000691,men_merge_0000187|men_merge_0003196|men_merge_0000703|men_merge_0000704|men_merge_0005625|men_merge_0000701|men_merge_0003195,ahd10k_06018|ahd10k_07885|ahd10k_05402|ahd10k_00800|ahd5k_04033,,true,provisional_dataset_annotation,dataset_preannotation_v1,,PROVISIONAL DATASET-DERIVED LABELS; human confirmation required; original_dataset_row_verified=true; source_qa_id=ahd5k_00112; source_row_number=132433; source_category=الأورام الخبيثة والحميدة; method=exact entity phrases in held-out question/reference plus frozen provenance overlap; not eligible for gold metrics until status is annotated or adjudicated
evalv1_063,انا اعيش فى دوله عربيه وذهبت الى الحلاق وجرحنى ومن يومها صابنى الوسواس الى ان دخلت فى مرحله التغرب عن الذات واصبحت اتفحص جسمى كل دقيقه هل هل ممكن الاصابه...,tests_diagnosis,عزيزي أظن انك محطم نفسياً وهذا غير صحي ولا اعلم لماذا وصلت الى هذه المرحلة الحل بسيط جداً وتنتهي كل هذه المعاناة وذلك بعمل تحليل اعرف انك تخاف من النتيجة ربما ولكني اسألك هل خوفك هذا يغير بالنتيجة المحتملة اتكل على الله واعمل الفحص لان الوضع النفسي ممكن ان يدمرك تفسيا وحتى عضويا يمكنك ان تشعر بعوارضحقيقية وقريبة من عوارض امراض عديدة قم بعمل الفحص واتكل على الله,ent_merge_000187,men_merge_0003470,ahd10k_02488,,true,provisional_dataset_annotation,dataset_preannotation_v1,,PROVISIONAL DATASET-DERIVED LABELS; human confirmation required; original_dataset_row_verified=true; source_qa_id=ahd5k_04264; source_row_number=769814; source_category=الطب الوقائي; method=exact entity phrases in held-out question/reference plus frozen provenance overlap; not eligible for gold metrics until status is annotated or adjudicated
evalv1_064,السلام عليكم انا شاب عمري 17 سنة لااستطيع نطق جميع الحرووف وبالذات حرف (س)مما يسبب احراج كبير لي عندما اتكلم فما الحل لذالك وهل يوجد علاااج لي ارجوو الرد,causes_safety,.هذه المشكلة النطقية ليست صعبة الحل ولا تحتاج الى الكثير من الوقت...عليك مراجعة اخصائي نطق ليدلك على مكان نطق صوت السين وهيئة نطقه لانتاجه منفردا اولا ثم تعميمه على الكلام العفوي,ent_merge_002226,,,,false,provisional_dataset_annotation,dataset_preannotation_v1,,PROVISIONAL DATASET-DERIVED LABELS; human confirmation required; original_dataset_row_verified=true; source_qa_id=ahd5k_03534; source_row_number=764792; source_category=الامراض الوراثية; method=exact entity phrases in held-out question/reference plus frozen provenance overlap; not eligible for gold metrics until status is annotated or adjudicated
evalv1_065,انا عملت البي سي ار وطلع النتيجه 35000هل كدا عندي فيرس,general_medical,نعم هذا يعني وجود الفيروس، الرجاء زياره طبيب جهاز هضمي لبدأ كورس العلاج. الف سلامه علي حضرتك.,,,,,false,provisional_dataset_annotation,dataset_preannotation_v1,,PROVISIONAL DATASET-DERIVED LABELS; human confirmation required; original_dataset_row_verified=true; source_qa_id=ahd5k_01209; source_row_number=220666; source_category=أمراض باطنية; method=exact entity phrases in held-out question/reference plus frozen provenance overlap; not eligible for gold metrics until status is annotated or adjudicated
evalv1_066,دكتور انا من قترة تظهر حب شباب على وجهي ويبقى الاثر واستخدم مقشرات لكن ماتنفع معي ابد وممكن استخدم الزيروكتان -- isotretinoin-- وجهي حار وتظهر بقع حمرا,treatment,يمكن تحت اشراف طبيب وبعد اجراء الفحوصات اللازمة حيث لا يؤخذ هذا الدواء من دون وصفة طبية.,ent_merge_000953,,,,false,provisional_dataset_annotation,dataset_preannotation_v1,,PROVISIONAL DATASET-DERIVED LABELS; human confirmation required; original_dataset_row_verified=true; source_qa_id=ahd5k_03052; source_row_number=410543; source_category=الأمراض الجلدية; method=exact entity phrases in held-out question/reference plus frozen provenance overlap; not eligible for gold metrics until status is annotated or adjudicated
evalv1_067,من فترة بعانى من ضيق ف التنفس وبحس بضغط ع صدرى واما اتحرك او اعمل مجهود حتى لو خفيف مجرد مشى مثلا بحس بدوخة و نفسى بيروح,symptoms,إذا كنت لا تعاني من أي مشاكل صحية، من الأفضل المتابعة مع معالج نفسي لعلاج الأسباب النفسية لضيق التنفس والتوتر,ent_merge_000636|ent_merge_000059|ent_merge_000649|ent_merge_000802|ent_merge_000891|ent_merge_000845|ent_merge_001598|ent_merge_001599|ent_merge_000846|ent_merge_000847,men_merge_0001064|men_merge_0001354|men_merge_0002710|men_merge_0002712|men_merge_0003192|men_merge_0004012|men_merge_0001073|men_merge_0001352|men_merge_0001353|men_merge_0003189,ahd10k_02809|ahd10k_08138|ahd10k_00967|ahd10k_05130|ahd10k_08792,rel_seed_78a5886d3406fb54|rel_seed_09cd13831e099fe0|rel_seed_0cc62ec489d2296f|rel_seed_b1dc666f2d066b28|rel_seed_4e69d11f83a25ef7|rel_seed_096cac3fde260a90|rel_seed_83f83d7a8e5df1a6|rel_seed_842f4a63bcc1b9b0|rel_seed_904fd5ba46703e8d|rel_seed_48c55a2d659dee51,true,provisional_dataset_annotation,dataset_preannotation_v1,,PROVISIONAL DATASET-DERIVED LABELS; human confirmation required; original_dataset_row_verified=true; source_qa_id=ahd5k_02082; source_row_number=100334; source_category=أمراض نفسية; method=exact entity phrases in held-out question/reference plus frozen provenance overlap; not eligible for gold metrics until status is annotated or adjudicated
evalv1_068,سلام أنا سويت أشعة للكلى وباقي على دورتي 10 أيام .سؤالي هو لو صار في حمل هل في خطر عليه إن ينزل أو يكون عند تشوهات ،طيب ادى كان حمل...,tests_diagnosis,"لا اعتقد بأن عمل الاشعة قبل الدورة بعشرة ايام يضر بالجنين ان وجد لأن الجنين لم يتكون بعد واحتمال ان تؤثر الاشعة على الكروموزومات في هذه المرحلة قليل جدا لذا من رائيي ان تتوكلي على الله وان حدث الحمل فلا تقلقلي Ahmed El-Rass, M.D. Dalia Clinic",ent_merge_000265|ent_merge_000924|ent_merge_000117|ent_merge_000126|ent_merge_000804|ent_merge_000059|ent_merge_000112|ent_merge_000929,men_merge_0002680|men_merge_0005282|men_merge_0005283|men_merge_0005886|men_merge_0005887|men_merge_0005031|men_merge_0005032|men_merge_0005845|men_merge_0005846|men_merge_0002684,ahd5k_00876|ahd5k_00453|ahd5k_02387|ahd10k_04459|ahd5k_00920,rel_seed_3f4ecd6aead473a0|rel_seed_636070e77235dd06|rel_seed_6810d499ea283c90|rel_seed_69b607cacc0060b2|rel_seed_2ff3e8697bb6d58d|rel_seed_33ba126e4f8cb324|rel_seed_942c898ade0dd563|rel_seed_7075752c5c26aa45|rel_seed_e5cab223869d9e42|rel_seed_7843687e457da3a2,true,provisional_dataset_annotation,dataset_preannotation_v1,,PROVISIONAL DATASET-DERIVED LABELS; human confirmation required; original_dataset_row_verified=true; source_qa_id=ahd5k_01157; source_row_number=782776; source_category=علم الأشعة; method=exact entity phrases in held-out question/reference plus frozen provenance overlap; not eligible for gold metrics until status is annotated or adjudicated
evalv1_069,ما هي الوصفات الطبيعية التي تستخدم في التخسيس مع الابقاء على شكل الوجة ثابت ومع عدم الاضرار بطفلي في حالة الرضاعة الطبيعية ؟,causes_safety,من الصعب وصف حمية غذائية أو دواء للتخسيس يؤثر على جزء من الجسم ولا يؤثر على جزء آخر,ent_merge_001208,men_merge_0003803|men_merge_0003804|men_merge_0004749|men_merge_0002160,ahd10k_07580|ahd10k_04959|ahd5k_02532|ahd10k_03727,,true,provisional_dataset_annotation,dataset_preannotation_v1,,PROVISIONAL DATASET-DERIVED LABELS; human confirmation required; original_dataset_row_verified=true; source_qa_id=ahd5k_04221; source_row_number=769727; source_category=الطب البديل; method=exact entity phrases in held-out question/reference plus frozen provenance overlap; not eligible for gold metrics until status is annotated or adjudicated
evalv1_070,انا ذكر عمرى 18 عام هل من وصفات او اطعمه تساعد على اطاله الشعر فى مدد قصيره ؟؟,general_medical,"قبل الحديث عن اطعمة او وصفات تطيل الشعر من الضروري معرفة سبب المشكلة كتقصف الشعر او سقوطه بشكل كبير , ينصح مراجعة اخصائي جلدية او غدد صم وسكري من اجل الفحوصات المخبرية والتشخيص والعلاج",ent_merge_000954|ent_merge_002226|ent_merge_001802,,,,false,provisional_dataset_annotation,dataset_preannotation_v1,,PROVISIONAL DATASET-DERIVED LABELS; human confirmation required; original_dataset_row_verified=true; source_qa_id=ahd5k_02680; source_row_number=775461; source_category=علاج طبيعي; method=exact entity phrases in held-out question/reference plus frozen provenance overlap; not eligible for gold metrics until status is annotated or adjudicated
evalv1_071,هل دواء انافرونيل يظهر فى تحليل المخدرات فى عينة الدم والبول,treatment,يحتوي الانافرانيل على الكللوميبرامين وهو يستخدم لعلاج الاكتئاب وهذه الدواء يطرح بالبول بنسبة 60 % ويحتاج مدة 3 ايام تقريبا ليتم خروج نصف كمية الدواء من الجسم,ent_merge_000033|ent_merge_000040,,,,false,provisional_dataset_annotation,dataset_preannotation_v1,,PROVISIONAL DATASET-DERIVED LABELS; human confirmation required; original_dataset_row_verified=true; source_qa_id=ahd5k_03247; source_row_number=692629; source_category=علم السموم; method=exact entity phrases in held-out question/reference plus frozen provenance overlap; not eligible for gold metrics until status is annotated or adjudicated
evalv1_072,هل رداء ايليت بادى اليابانى له تاثير فعال فى التخسيس وشد الجسم دون اضرار وماهى افضل كريمات التخسيس الموضعى وطرق تنحيف الوجه و شكرا جزيلا على تعاونكم,symptoms,رداء ايليت بادى اليابانى ليس هناك راسات علمية تظهر فعاليته في التخسيس وأما كريمات التخسيس الموضعىة ففاعليتها ليست مؤكدة والأفضل اللجوء إلى حمية غذائية تزودك ب1000سعر يوميا معتمدا على الخضروات الخضراء والفواكه وتناول حبوب قطع الشهية من الصيدلية لتساعدك على تحمل الحمية الغذائية ، وممارسة رياضة المشي السريع وليس الجري لمدة ساعة يوميا وذلك يفيدك في تنحيف الوجه ويمكنك إستخدام كريم Gold Shape,ent_merge_001537|ent_merge_001202|ent_merge_002092|ent_merge_001201|ent_merge_001256|ent_merge_001414|ent_merge_001526,men_merge_0003211,ahd10k_00938,rel_seed_4285e53bf4f6cbaa,true,provisional_dataset_annotation,dataset_preannotation_v1,,PROVISIONAL DATASET-DERIVED LABELS; human confirmation required; original_dataset_row_verified=true; source_qa_id=ahd5k_04366; source_row_number=733817; source_category=الأمراض الجلدية; method=exact entity phrases in held-out question/reference plus frozen provenance overlap; not eligible for gold metrics until status is annotated or adjudicated
evalv1_073,اعاني من النحافه وزني 44 وطولي 164 ومالقيت حل رغم اني اكل 3 و4 واكثر وجبات في اليوم بس عظمي مبين فجسمي عملت فحصص غدد وسليم ، احدهم قال لي...,tests_diagnosis,تحتاج إلى عرض حالتك على أخصائي تغذية لتحديد السبب الحقيقي لنحافتك ومن ثم وضع خطة غذائية مناسبة، قد تحتاج أيضا إلى إجراء المزيد من الاختبارات لتحديد إذا كان هناك مشاكل في الأيض. لا يمكن تحديد السبب الحقيقي والعلاج المناسب بدون الفحوصات اللازمة والتقييم من قبل خبراء في هذا المجال. لذلك، ننصح بالتوجه إلى أخصائي تغذية للحصول على العلاج الصحيح.,ent_merge_000685|ent_merge_000912|ent_merge_000953,men_merge_0002526|men_merge_0002527|men_merge_0002528|men_merge_0004143,ahd10k_01848|ahd10k_00676|ahd10k_01312|ahd10k_05972,,true,provisional_dataset_annotation,dataset_preannotation_v1,,PROVISIONAL DATASET-DERIVED LABELS; human confirmation required; original_dataset_row_verified=true; source_qa_id=ahd5k_01834; source_row_number=21547; source_category=تغذية; method=exact entity phrases in held-out question/reference plus frozen provenance overlap; not eligible for gold metrics until status is annotated or adjudicated
evalv1_074,هل زواج الاقارب له خطورة على انجاب اطفال اصحاء خاصة ان احد الزوجين لديه اخوة بهم اعاقة بسبب ايضا زواج الاقارب,causes_safety,يعتمد ذلك على نوع الاعاقة وهل الصفة الوراثية لهذا المرض او الاعاقة سائدة ام متنحية ففي الصفة السائدة تزيد احتمالية الاصابة بالمرض اما في الصفة المتنحية تزيد احتمالية ان يكون الشخص حاملا للمرض الرجاء توضيح ما هو المرض للاجابة بالتفصيل,ent_merge_000691,,,,false,provisional_dataset_annotation,dataset_preannotation_v1,,PROVISIONAL DATASET-DERIVED LABELS; human confirmation required; original_dataset_row_verified=true; source_qa_id=ahd5k_00845; source_row_number=793643; source_category=علم الوراثة; method=exact entity phrases in held-out question/reference plus frozen provenance overlap; not eligible for gold metrics until status is annotated or adjudicated
evalv1_075,أعاني من تشققات في اللسان,general_medical,اللسان هو مرآة الجسم راجع طبيب الأسنان ليتسنى له رؤية لسانك وتحديد نوع التشققات ودراسة سببها المحتمل,ent_merge_001749|ent_merge_000018|ent_merge_001680,men_merge_0004766|men_merge_0004772|men_merge_0004777|men_merge_0004780|men_merge_0004783,ahd5k_02169|ahd5k_00736|ahd5k_02245|ahd5k_03427|ahd5k_02618,,true,provisional_dataset_annotation,dataset_preannotation_v1,,PROVISIONAL DATASET-DERIVED LABELS; human confirmation required; original_dataset_row_verified=true; source_qa_id=ahd5k_00487; source_row_number=558109; source_category=أمراض الفم; method=exact entity phrases in held-out question/reference plus frozen provenance overlap; not eligible for gold metrics until status is annotated or adjudicated
evalv1_076,ظهرت ثاليل في وجه بنتي الصغيرة عمرها ٤ سنوات.وتم تشخيصها على انها ثاليل لؤلؤيه.وبعد علاج شهرين بالمراهم وشراب زنك.لم تتحسن وقرر الطبيب العلاج بالحامض...فهل العلاج بالحامض سيترك اثار في مكان...,treatment,العلاج بالليزر من أنجح الوسائل مقارنة بالمعالجات الأخرى، حقن بعض الكيماويات داخل السنط مثل بليومايسين أو انترفيرون أ علاجات بالفم أو بالوريد: مثل السايميتيدين و الريتينويدز. العلاج بالكى: *الكي الكهربي: اكثر ايلاما ويترك بعده ندب. *الكي بالتبريد: باستخدام النيتروجين. : وهذه طريقة جيدةأنظرأول ثالول طلع في جسمك وجيب خيط نحيف ولف الخيط على الثالول و شده جيدإلى درجة إنك تمنع الدم من انه يصل للثالوثم اربط الخيط بشدةواتركه اسبوع سيسقط الثالول المربوط وبعد ذلك تبدأ الثواليل الباقيه بالإختفاء,ent_merge_001423|ent_merge_001226|ent_merge_001250,men_merge_0003161,ahd10k_01813,rel_seed_559327e8cc7f4c77|rel_seed_2677935110f08a92|rel_seed_f49fe2c360ef90de,true,provisional_dataset_annotation,dataset_preannotation_v1,,PROVISIONAL DATASET-DERIVED LABELS; human confirmation required; original_dataset_row_verified=true; source_qa_id=ahd5k_04319; source_row_number=741522; source_category=الأمراض الجلدية; method=exact entity phrases in held-out question/reference plus frozen provenance overlap; not eligible for gold metrics until status is annotated or adjudicated
evalv1_077,انا مصابه بمرض البطانه المهاجرة وسيجري لى عملية طفل انابيب مع العلم انني مدخنه فهل التدخين يجب ان اوقفه قبل العمليه وكم هي الفتره التي يجب ان تكون بين التوقف...,symptoms,انصحك بالتوقف عن التدخين على الاقل ٣ اشهر قبل اجراء طفل الانابيب لزياده فرص النجاح.,ent_merge_000057|ent_merge_000243|ent_merge_001145|ent_merge_001228|ent_merge_002089|ent_merge_000341|ent_merge_001454,men_merge_0000312|men_merge_0000313|men_merge_0000803|men_merge_0002276|men_merge_0003280|men_merge_0003281,ahd10k_04769|ahd10k_06860|ahd10k_04482|ahd10k_01065|ahd10k_05482,rel_seed_dbc0e87564024d2c|rel_seed_f2d3433878b8c734|rel_seed_62a8914e78421542,true,provisional_dataset_annotation,dataset_preannotation_v1,,PROVISIONAL DATASET-DERIVED LABELS; human confirmation required; original_dataset_row_verified=true; source_qa_id=ahd5k_03462; source_row_number=762491; source_category=حمل الأنابيب; method=exact entity phrases in held-out question/reference plus frozen provenance overlap; not eligible for gold metrics until status is annotated or adjudicated
evalv1_078,انا انثى العمر 31 نسبة tsh 0.008 ونسبة t3 و t4 طبيعيان ما هو التشخيص لحالتي ؟,tests_diagnosis,الاحتمالات كثيرة فمن الممكن ان يكون التشخيص زيادة افراز تحت سريرية او في مرحلة شفاء من التهاب صامت في الغدة وعلى كل الاحوال يجب عمل صورة نظائر مشعة ومتابعة فحص وظائف الغدة ومتابعة الاعراض السريرية لتاكيد التشخيص الصحيح وثم العلاج المناسب,ent_merge_000921|ent_merge_000059|ent_merge_000090|ent_merge_000092|ent_merge_000097|ent_merge_000296|ent_merge_000830|ent_merge_000429|ent_merge_001011|ent_merge_001018,men_merge_0001591|men_merge_0001701|men_merge_0001595|men_merge_0001770|men_merge_0001771|men_merge_0000972|men_merge_0000975|men_merge_0001709|men_merge_0001772|men_merge_0001773,ahd10k_00396|ahd10k_02730|ahd10k_02666|ahd5k_01517|ahd10k_07355,rel_seed_f3bc37fd673e52c9|rel_seed_5179f4233ef2a4ee,true,provisional_dataset_annotation,dataset_preannotation_v1,,PROVISIONAL DATASET-DERIVED LABELS; human confirmation required; original_dataset_row_verified=true; source_qa_id=ahd5k_01734; source_row_number=702249; source_category=أمراض الغدد الصماء; method=exact entity phrases in held-out question/reference plus frozen provenance overlap; not eligible for gold metrics until status is annotated or adjudicated
evalv1_079,هل يعد الزواج من الأقارب خطرا بمعنى الكلمة وفي كل الحالات؟,causes_safety,الزواج بين الاقارب ليس خطر في كل الحالات بكل معنى الكلمة لكن لا يُستحب الزواج لسهولة او لكثرة نسبة اللمراض الوراثية اذا وُجدت في نفس العالة فبزواج الاقارب يكون نسبة حدوثها عن الاولاد الذيبن هم نتيجة هذا الزواج عالية جدا ، لكن هذا ليس ممنوع ولا خطر اذا لم يكن هناك اي سبب,,,,,false,provisional_dataset_annotation,dataset_preannotation_v1,,PROVISIONAL DATASET-DERIVED LABELS; human confirmation required; original_dataset_row_verified=true; source_qa_id=ahd5k_01461; source_row_number=788637; source_category=الامراض الوراثية; method=exact entity phrases in held-out question/reference plus frozen provenance overlap; not eligible for gold metrics until status is annotated or adjudicated
evalv1_080,عندي طفلة رضيعة عمرها ٧ شهور شفت اليوم برازها أخضر داكن وقت الصبح و كانت بالليل كل شوي تبكي و ترجع تنام هل في شي خطير ؟,general_medical,السلام عليكم اخي الكريم ان البراز الاخضر ليس له اي مدلول طبي كبير فالبراز الاخضر له اسباب متعدده منها ادوار البرد المصاحب بالبلغم والرشح من الانسب كما انه دليل على بعض العدوى بارتفاع درجه الحراره او اي نوع من انواع اي عرض من اعراض البرد كالزكام والرشح والعطس والكحه او السعال فليس له اي مدلول طبي اخر,ent_merge_000593|ent_merge_000059|ent_merge_000630|ent_merge_000709|ent_merge_000822|ent_merge_001861|ent_merge_000628|ent_merge_000673|ent_merge_000857,men_merge_0001032|men_merge_0001440|men_merge_0001807|men_merge_0001967|men_merge_0001816|men_merge_0001817|men_merge_0001446|men_merge_0004177|men_merge_0004180|men_merge_0004181,ahd5k_00970|ahd10k_01925|ahd10k_01338|ahd10k_01781|ahd10k_08965,rel_seed_7b1129512edd0f0a|rel_seed_dc5160b584191f57|rel_seed_abc9f0f0dff99200|rel_seed_f221b15447fe509d|rel_seed_64d60c1ac77e9ab4|rel_seed_b718200c2cf8f81f|rel_seed_603e373db8b4fbd8|rel_seed_78d6f71f2d20de82|rel_seed_5069580587ec12ca|rel_seed_0554cd3bd6afce81,true,provisional_dataset_annotation,dataset_preannotation_v1,,PROVISIONAL DATASET-DERIVED LABELS; human confirmation required; original_dataset_row_verified=true; source_qa_id=ahd5k_00378; source_row_number=22132; source_category=أمراض الأطفال; method=exact entity phrases in held-out question/reference plus frozen provenance overlap; not eligible for gold metrics until status is annotated or adjudicated
evalv1_081,انا استعمل ريتان واستعمل معه شراب دكسون هل يجوز هذا ام لا؟,treatment,dexone عبارة عن ديكساميثازون من عائلة الكورتيزون. أما retane فهو عبارة عن أيزوتريتينوين يستخدم لعلاج حب الشباب . لا يوجد تفاعل دوائي بينهما و لكن يجب استشارة الطبيب عند تناولهما معا و اخباره بأي أثر جانبي قد يحدث أثناء تناول الأدوية لأن لكل منهما له أثاره الجانبية الكثيرة .,ent_merge_000691|ent_merge_001243|ent_merge_000318|ent_merge_000326|ent_merge_001463,men_merge_0003285|men_merge_0003276|men_merge_0003277|men_merge_0000070|men_merge_0000071,ahd10k_05482|ahd10k_03598,rel_seed_1783ebd0e47e2a1d|rel_seed_291ff57404e8d044|rel_seed_b4443ccc8abc0b37|rel_seed_369b09f2acd90618|rel_seed_6ba75bd25291463e,true,provisional_dataset_annotation,dataset_preannotation_v1,,PROVISIONAL DATASET-DERIVED LABELS; human confirmation required; original_dataset_row_verified=true; source_qa_id=ahd5k_02650; source_row_number=749962; source_category=علم السموم; method=exact entity phrases in held-out question/reference plus frozen provenance overlap; not eligible for gold metrics until status is annotated or adjudicated
evalv1_082,عاني من الم في المعدة واشعر بضيق في التنفس وبروده في الرجلين وبدوخه وقلة الشهيه؟ افيدون ا,symptoms,يجب مراجعة طبيب جهاز هضمي لعمل منظار وفحص البكتيريا الحلزونية قبل كل شيء لمعرفة السسب,ent_merge_000846|ent_merge_000847|ent_merge_001888|ent_merge_002226|ent_merge_001075,men_merge_0000523|men_merge_0001072|men_merge_0001060|men_merge_0003259|men_merge_0004453,ahd10k_06854|ahd5k_02292|ahd10k_03048|ahd10k_05062|ahd10k_09755,rel_seed_8de9e711c2dbf194|rel_seed_d432b095abdd4d72|rel_seed_2f64a0f513b60da5,true,provisional_dataset_annotation,dataset_preannotation_v1,,PROVISIONAL DATASET-DERIVED LABELS; human confirmation required; original_dataset_row_verified=true; source_qa_id=ahd5k_04508; source_row_number=787645; source_category=الامراض المعدية; method=exact entity phrases in held-out question/reference plus frozen provenance overlap; not eligible for gold metrics until status is annotated or adjudicated
evalv1_083,ماهي علامة سرطان الثدى في بدايته ؟ وهل كل ورم في الثدي يكون خبيث ؟ هل الفحص يكون عندى أى طبيب ؟ وشكرا,tests_diagnosis,ليس كل ورم في الثدي ورم خبيث، فهناك أورام حميدة أيضاً. يجب الفحص لدى اختصاصي جراحة عامة أو نسائية لسرطان الثدي العديد من الاعراض ، نذكر منها : - ورم أو تثخن في الثدي أو تحت الإبط - تغير في شكل ، حجم أو تدوير الثدي - وجود افرازات من الحلمة ( غير الحليب ) - تغير في لون أو ملمس الثدي - تغير في لون الحلمة أو بروزها أو انقلاب الحلمة أو تغير في جلد الحلمة ( طفح ) أو ألم في الحلمة راجعي سرطان الثدي فس القاموس.,ent_merge_000381|ent_merge_000568|ent_merge_002151|ent_merge_000604|ent_merge_001855|ent_merge_002063|ent_merge_000737,men_merge_0000187|men_merge_0000570|men_merge_0002832|men_merge_0005568|men_merge_0005625|men_merge_0002837,ahd10k_01809|ahd10k_02788|ahd5k_00690|ahd10k_00800|ahd5k_04033,rel_seed_d1eb4015e9104e65|rel_seed_64f507d133d5107f,true,provisional_dataset_annotation,dataset_preannotation_v1,,PROVISIONAL DATASET-DERIVED LABELS; human confirmation required; original_dataset_row_verified=true; source_qa_id=ahd5k_00890; source_row_number=780061; source_category=صحة المرأة; method=exact entity phrases in held-out question/reference plus frozen provenance overlap; not eligible for gold metrics until status is annotated or adjudicated
evalv1_084,سلام عليكو انا عوز اعرف اضرار الزنجبيل اى,causes_safety,الجرعه العاليه قد تسبب سرعة ضربات القلب--انخفاض الضغط -لا يعطى للمصابين بالمراره والسكري-يخفض السكر-يسبب عسرهضم احيانا لا يعطي مع القرنفل والحلبه قد يسبب تخثر--الجرعات القليله قليلة الضرر,ent_merge_001211|ent_merge_000820|ent_merge_000821|ent_merge_000010|ent_merge_000207|ent_merge_000178|ent_merge_000500|ent_merge_000140|ent_merge_000355|ent_merge_000505,men_merge_0004658|men_merge_0003511|men_merge_0003506|men_merge_0003902|men_merge_0004441|men_merge_0004442|men_merge_0004546|men_merge_0003903|men_merge_0003906|men_merge_0003904,ahd10k_07964|ahd10k_00694|ahd5k_04701|ahd5k_03223|ahd5k_04944,rel_seed_a0d26b768f70288f,true,provisional_dataset_annotation,dataset_preannotation_v1,,PROVISIONAL DATASET-DERIVED LABELS; human confirmation required; original_dataset_row_verified=true; source_qa_id=ahd5k_02050; source_row_number=509636; source_category=مطاعيم و لقاحات; method=exact entity phrases in held-out question/reference plus frozen provenance overlap; not eligible for gold metrics until status is annotated or adjudicated
evalv1_085,اللساني بيحرقني وعليه طبقه سميكه ولونه اصفر منذو خمس سنوات تروح وتيجي وانا تعبان ونفسي في حل,general_medical,"قد يحدث أحياناً هذا عند المدخنين وعند المهملين لصحتهم الفموية , الأفضل مراجعة الطبيب لفحص اللسان وإعطائك العلاج المناسب .",ent_merge_000891|ent_merge_001576|ent_merge_001749,men_merge_0004012,ahd10k_08792,rel_seed_842f4a63bcc1b9b0|rel_seed_904fd5ba46703e8d|rel_seed_a16b8f677db5fa76|rel_seed_0e9f7ea98b0739d1|rel_seed_09ccb9427fa82ddf|rel_seed_26a7ebdeedd00a94,true,provisional_dataset_annotation,dataset_preannotation_v1,,PROVISIONAL DATASET-DERIVED LABELS; human confirmation required; original_dataset_row_verified=true; source_qa_id=ahd5k_01905; source_row_number=254644; source_category=أمراض الفم; method=exact entity phrases in held-out question/reference plus frozen provenance overlap; not eligible for gold metrics until status is annotated or adjudicated
evalv1_086,كيفية علاج دوالى الرحم,treatment,لا علاج لها نكتفي بالمشي و تنشيط الدوره الدمويه و يمكن ان يساعد دواء اسمه دافلون و هو غير مثبت مدى فعاليته لذلك لا ينصح به,ent_merge_000124|ent_merge_000364|ent_merge_000367|ent_merge_001389|ent_merge_001256|ent_merge_001598|ent_merge_001599,men_merge_0000392|men_merge_0002438|men_merge_0004246|men_merge_0004247|men_merge_0000393|men_merge_0001437|men_merge_0002441|men_merge_0003047|men_merge_0003048,ahd10k_00907|ahd10k_05045|ahd5k_04697|ahd10k_03802|ahd10k_01635,rel_seed_7fdd45b4d4f11d07|rel_seed_a2b846018a0af456|rel_seed_b23e701b95052606|rel_seed_cb1ff2a69cfcbb8c|rel_seed_2331b9bbdc21e85a|rel_seed_621214519c4c5635|rel_seed_db87eb181b999d7f|rel_seed_9313e475a098a53b,true,provisional_dataset_annotation,dataset_preannotation_v1,,PROVISIONAL DATASET-DERIVED LABELS; human confirmation required; original_dataset_row_verified=true; source_qa_id=ahd5k_02941; source_row_number=724829; source_category=أمراض نسائية; method=exact entity phrases in held-out question/reference plus frozen provenance overlap; not eligible for gold metrics until status is annotated or adjudicated
evalv1_087,انا فتاه احب الجلوس مع اصدقائي في المدرسه كثرا وانا قريبه من طالبات الفصل ولكن لم استطع التكافؤ مع افراد عائلتي فعند الجلوس معهم اصمت ولا اتكلم وقط اسمع وارى...,symptoms,"قد يكون أمر عابر بسبب ضغط نفسي ما, لكن إن كان شعو دائم ينبغي معاودة أخصائي نفسية للكشف عن أي أعراض أخرى قد تكون موجودة وتشير إلة حالة اكتئاب أو اضطراب آخر ومن ثم سيضع لك خطة علاجية لتتخلصين منها بسهولة",ent_merge_000844|ent_merge_000033|ent_merge_000040,,,,false,provisional_dataset_annotation,dataset_preannotation_v1,,PROVISIONAL DATASET-DERIVED LABELS; human confirmation required; original_dataset_row_verified=true; source_qa_id=ahd5k_03187; source_row_number=755646; source_category=علم النفس; method=exact entity phrases in held-out question/reference plus frozen provenance overlap; not eligible for gold metrics until status is annotated or adjudicated
evalv1_088,لماذا كل ماانزلت داخل زوجتي تشعر بحرقان وكأنو جرح ونكب عليه ملح داخل الرحم,causes_safety,الاحتمال الاكبر هو وجود التهابات في المهبل على زوجتك مراجعة اختصاصي النسائيه والتوليد,ent_merge_000766|ent_merge_000772|ent_merge_000308|ent_merge_000059|ent_merge_000106|ent_merge_000975|ent_merge_002226,men_merge_0001411|men_merge_0001412|men_merge_0000122|men_merge_0001409|men_merge_0002022|men_merge_0002031|men_merge_0000120|men_merge_0002029|men_merge_0005725|men_merge_0005730,ahd10k_05459|ahd10k_09912|ahd5k_03407|ahd10k_06958|ahd10k_05259,rel_seed_3e5e943eceac6a80|rel_seed_3b13838cdae9051e|rel_seed_504a3613bb12e397,true,provisional_dataset_annotation,dataset_preannotation_v1,,PROVISIONAL DATASET-DERIVED LABELS; human confirmation required; original_dataset_row_verified=true; source_qa_id=ahd5k_04012; source_row_number=705033; source_category=الأمراض الجنسية; method=exact entity phrases in held-out question/reference plus frozen provenance overlap; not eligible for gold metrics until status is annotated or adjudicated
evalv1_089,هل استعمال حقنة menogon للرجال اللي عندهم نقص هرمونات دائمه ام ثلاث اشهر فقط,general_medical,السلام و عليكم اذا كان قصور في الغدة النخامية ( يعني معدل هرمونات الغدة النخامية Lh و Fsh مستواهم منخفض وكذلك انخفاض معدل التسترون ),ent_merge_000554|ent_merge_000691|ent_merge_001652|ent_merge_000429|ent_merge_000914|ent_merge_000916,men_merge_0002776|men_merge_0005070|men_merge_0003285|men_merge_0002875|men_merge_0002876|men_merge_0003284,ahd10k_05482|ahd10k_07690|ahd5k_04611|ahd10k_04694,rel_seed_f2d3433878b8c734|rel_seed_369b09f2acd90618|rel_seed_6ba75bd25291463e,true,provisional_dataset_annotation,dataset_preannotation_v1,,PROVISIONAL DATASET-DERIVED LABELS; human confirmation required; original_dataset_row_verified=true; source_qa_id=ahd5k_03094; source_row_number=611370; source_category=أمراض الغدد الصماء; method=exact entity phrases in held-out question/reference plus frozen provenance overlap; not eligible for gold metrics until status is annotated or adjudicated
evalv1_090,ما هو افضل علاج لأرتفاع ضغط الدم,treatment,"هذا يعتمد على عدة عوامل منها السبب ومدى تطور الحالة وعمر المريض وجنسه طبيعة استجابته على الدواء فلكل مريض ضواء يناسبه أكثر من غيره, وفي حالات الضغط الثانوي العلاج الأفضل يبدأ بإزالة السبب",ent_merge_000010,men_merge_0003523|men_merge_0003543|men_merge_0003551|men_merge_0003565|men_merge_0003571,ahd10k_02823|ahd10k_05624|ahd10k_06867|ahd10k_04728|ahd10k_07271,rel_seed_090fd117c4aa3cbf|rel_seed_7cb4b6c53ea374fc|rel_seed_558294826cc587ea|rel_seed_ce643b228db2e26d,true,provisional_dataset_annotation,dataset_preannotation_v1,,PROVISIONAL DATASET-DERIVED LABELS; human confirmation required; original_dataset_row_verified=true; source_qa_id=ahd5k_03313; source_row_number=750171; source_category=ارتفاع ضغط الدم; method=exact entity phrases in held-out question/reference plus frozen provenance overlap; not eligible for gold metrics until status is annotated or adjudicated
evalv1_091,ما سبب إحساسي المفاجئ بالحزن في بعض الأحيان؟علما ان هدا الحزن المفاجئ أحس به كل مرة في الشهر.؟ويكون هدا الحزن في أواخركل شهر؟,symptoms,شيىء طبيعي ان يشعر الانسان بالحزن ولكن ما دام يتكرر ولم تحدد الفتره الزمنيه للحزن اوتذكر اعراض اخرى قم باستشارة اخصائي.,,,,,false,provisional_dataset_annotation,dataset_preannotation_v1,,PROVISIONAL DATASET-DERIVED LABELS; human confirmation required; original_dataset_row_verified=true; source_qa_id=ahd5k_04173; source_row_number=754732; source_category=علم النفس; method=exact entity phrases in held-out question/reference plus frozen provenance overlap; not eligible for gold metrics until status is annotated or adjudicated
evalv1_092,هل ممكن تقسيم الحباية نصفين واخد كل نصف لوحده بدلا من اخد الحباية كلها مرة واحده لصعوبة بلعها بسبب انها كبيرة؟؟,causes_safety,الاصل لا يجب قسم الحبة الا اذا كان لها خط في المنتصف تدل على إمكانية القص . اما الاصل عدم قص اي حبة لانها قد تتأثر بحموضة المعدة و تغير خصائصها في الامتصاص. يمكنك التعود والمحاولة وشرب كمية ماء كبيرة بعد الحبة مباشر .,ent_merge_001913|ent_merge_000737|ent_merge_000010,,,,false,provisional_dataset_annotation,dataset_preannotation_v1,,PROVISIONAL DATASET-DERIVED LABELS; human confirmation required; original_dataset_row_verified=true; source_qa_id=ahd5k_04081; source_row_number=29772; source_category=علم الصيدلة; method=exact entity phrases in held-out question/reference plus frozen provenance overlap; not eligible for gold metrics until status is annotated or adjudicated
evalv1_093,هل تصدر من الدماغ وبالذات من الخلايا العصبية العريضة فى التلفيف اشعاعات نووية تنتقل الى خارج الجسم اريد تفسيرا لهذا الافتراض,general_medical,الجسم يبث إشعاعا كهرومغناطيسيا من كل أجزلئه وخاصة من الدماغ الجهاز الأكثر نشاطا في الجسم.وهذه الإشارات تنتقل في الجو ، وقذ يستقبلها البعض، ولكن هذه الأمور لم تخضع بعد لفحوصات كاملة أو قل لم نقرأ عنها الكثير، ربما المعلومان موجودة لدى الغرب في مراكز البحث.,ent_merge_000123|ent_merge_000939|ent_merge_000967|ent_merge_001051|ent_merge_001061,men_merge_0000193,ahd10k_05987,,true,provisional_dataset_annotation,dataset_preannotation_v1,,PROVISIONAL DATASET-DERIVED LABELS; human confirmation required; original_dataset_row_verified=true; source_qa_id=ahd5k_02888; source_row_number=805797; source_category=علم التشريح; method=exact entity phrases in held-out question/reference plus frozen provenance overlap; not eligible for gold metrics until status is annotated or adjudicated
evalv1_094,هل من مغيث.تبلغ امي من العمر٧٦ سنة تعاني من تشنجات في الركبتين مع ارتفاع الضغط في اوقات كثيرة ودون اسباب واضحة مع العلم انها تداوم منذ ٣٠ سنة على ادوية...,treatment,مادامت تتناول أدوية للقلب والضغط فمن الممكن أن تتضارب مع أدوية الروماتيزم ، ومريض القلب ينصح بعدم تناول أدوية الروماتيزم ولكن يمكن أن تتناول حبتين باراسيتامول وتدهن الركبة بمرهم ديب هيت ولون العلبة أحمر . وبالنسبة للسجود ننصحها بمثل هذا العمر - أن تصلي على كرسي لتفادي ثني الركب عند السجود وهذا مقبول شرعا,ent_merge_000010|ent_merge_000732|ent_merge_001131|ent_merge_001588|ent_merge_001279|ent_merge_000134|ent_merge_000357,men_merge_0003810|men_merge_0003811|men_merge_0004541|men_merge_0004959|men_merge_0004960|men_merge_0003812|men_merge_0003876|men_merge_0000677|men_merge_0003813|men_merge_0003814,ahd10k_02236|ahd5k_03624|ahd10k_01671|ahd5k_03423|ahd10k_04154,rel_seed_d116622676500efa|rel_seed_4399019cd86929c2|rel_seed_c44d55f0e1c2a93a|rel_seed_266b654d4e67431a|rel_seed_499324f099c118da|rel_seed_a7a8c678c54ab7e2,true,provisional_dataset_annotation,dataset_preannotation_v1,,PROVISIONAL DATASET-DERIVED LABELS; human confirmation required; original_dataset_row_verified=true; source_qa_id=ahd5k_03545; source_row_number=801219; source_category=صحة المسنين; method=exact entity phrases in held-out question/reference plus frozen provenance overlap; not eligible for gold metrics until status is annotated or adjudicated
evalv1_095,انا حامل بالشهر التاسع خلعت رضسين جنب بعض بالفك السفلي قبل ٤ ايام لاكن في الم غير محتمل بالفك و الأذن والعين والراس الدكتور كتبلي فقط بنادول إكسترا,symptoms,امن مسكن في حالتك هو البنادول يمكنك وضع كمادات ماء دافئ و المضمضة بمحلول ملح فاتر مع مراعاة المراجعه مع الطبيب للأطمأنان علي مكان الجرح,ent_merge_000117|ent_merge_000317|ent_merge_001557|ent_merge_000308|ent_merge_001593,men_merge_0002044|men_merge_0002265|men_merge_0002271|men_merge_0003652|men_merge_0005034|men_merge_0002267|men_merge_0002272,ahd10k_09702|ahd10k_00525|ahd10k_00721|ahd10k_01630|ahd5k_03870,rel_seed_0dd288e296021ca5|rel_seed_95ab013a07b298ff,true,provisional_dataset_annotation,dataset_preannotation_v1,,PROVISIONAL DATASET-DERIVED LABELS; human confirmation required; original_dataset_row_verified=true; source_qa_id=ahd5k_02338; source_row_number=31049; source_category=أمراض الأسنان; method=exact entity phrases in held-out question/reference plus frozen provenance overlap; not eligible for gold metrics until status is annotated or adjudicated
evalv1_096,ابنتي لا تقدر تبتلع الحليب إطلاقا وعندها ريفلاكس كيف اجعلها تتقبل الببروني والرضاعة الاصطناعيه ولكم جزيل الشكر,general_medical,ماهو عمر ابنتك ؟ ومن متي ما تقدر تبلع الحليب ؟ وكيف شخصتي الرفلكس ؟ عموما الرفلكس (Re flux) له علاج (Ranitidine),ent_merge_001207|ent_merge_002063,men_merge_0005871|men_merge_0002237|men_merge_0002615|men_merge_0002616|men_merge_0005521,ahd5k_00539|ahd10k_06758|ahd10k_08454|ahd10k_09419|ahd5k_01672,,true,provisional_dataset_annotation,dataset_preannotation_v1,,PROVISIONAL DATASET-DERIVED LABELS; human confirmation required; original_dataset_row_verified=true; source_qa_id=ahd5k_04561; source_row_number=467355; source_category=صحة الطفل; method=exact entity phrases in held-out question/reference plus frozen provenance overlap; not eligible for gold metrics until status is annotated or adjudicated
evalv1_097,ما_هو_علاج_قصر_القامة ?,treatment,اذا تعدى العمر الثامنة عشر فلا علاج لقصر القامة دوائيا مالم يكن هناك خللا هرمونيا . من الضروري مراجعة اخصائي غدد صماء وسكري وعمل صورة اشعة للاطراف السفلية لمعرفة هل ما زال مجال للنمو ام لا . يمكن علاج القصر من خلال عملية التطويل ضمن مواصفات معينة . يمكن الرجوع الى مقالة الكتور فريح ابو حسان بشأن عملية التطويل والتواصل معه بهذا الخصوص,ent_merge_000924|ent_merge_001012|ent_merge_002226|ent_merge_002089|ent_merge_001802|ent_merge_000691,,,,false,provisional_dataset_annotation,dataset_preannotation_v1,,PROVISIONAL DATASET-DERIVED LABELS; human confirmation required; original_dataset_row_verified=true; source_qa_id=ahd5k_02055; source_row_number=479710; source_category=جراحة العظام; method=exact entity phrases in held-out question/reference plus frozen provenance overlap; not eligible for gold metrics until status is annotated or adjudicated
evalv1_098,"حامل في الاسبوع التاسع وظهر في السونار كيسان حمل فارغان ولم يظهر نبض ولكن لايوجد نزيف ولم تنزل قطرت دم ولا اشعر بألم والوحام موجود ولكن اقل علما\""اني اسقطت مرتين...",symptoms,اذا لم يوجد نبض للجنين نتظر اسبوع واذا لم يظهر فهذا حمل فاشل نتمنى لكم كل التوفيق د.سليمان ضبيط مدير وحدة الاخصاب والوراثة اخصائي النسائية والتوليد مركز الخالدي الطبي,ent_merge_000942|ent_merge_001007|ent_merge_000117|ent_merge_000317|ent_merge_000887|ent_merge_001932,men_merge_0002193|men_merge_0002200|men_merge_0002650|men_merge_0002651|men_merge_0005840|men_merge_0005842|men_merge_0005845|men_merge_0005847|men_merge_0005855|men_merge_0005857,ahd5k_00760|ahd10k_00768|ahd10k_05989|ahd5k_00920|ahd5k_01130,rel_seed_a17067fad058eecf|rel_seed_d9d27393f8fab8f3|rel_seed_e32edfa9ecfbe740,true,provisional_dataset_annotation,dataset_preannotation_v1,,PROVISIONAL DATASET-DERIVED LABELS; human confirmation required; original_dataset_row_verified=true; source_qa_id=ahd5k_01031; source_row_number=780331; source_category=الحمل والولادة; method=exact entity phrases in held-out question/reference plus frozen provenance overlap; not eligible for gold metrics until status is annotated or adjudicated
evalv1_099,"ا والدى عنده ورم بالكبد واتشعب لبورة فى العمود الفقرى حجمها ١ سم فى ١,٥ سم وعملنا ١٠ جلسات اشعاع ذرى واخدناهم ٤ مكثفين وهل ممكن بعد الاشعاع ماخلص بفترة...",general_medical,للأسف لا أحد يستطيع أن يعطي أي ضمانات بعدم سوء الحالة أو إنتشار المرض في مكان آخر.,ent_merge_001171|ent_merge_000568|ent_merge_000824,men_merge_0003196|men_merge_0000704|men_merge_0000834|men_merge_0005568|men_merge_0005572,ahd10k_07885|ahd10k_06018|ahd10k_08047|ahd5k_00690|ahd5k_00990,,true,provisional_dataset_annotation,dataset_preannotation_v1,,PROVISIONAL DATASET-DERIVED LABELS; human confirmation required; original_dataset_row_verified=true; source_qa_id=ahd5k_02019; source_row_number=446008; source_category=الأورام الخبيثة والحميدة; method=exact entity phrases in held-out question/reference plus frozen provenance overlap; not eligible for gold metrics until status is annotated or adjudicated
evalv1_100,السلام عليكم ورحمة الله وبركاته يا دكتر انا العب قوى جري يوميا وقليل العب حديد لو استخدم عقاقير او ابر بناء جسم هل تاثر على الكبد وتسبب امراض اريد ابني...,treatment,"من الافضل الاعتماد على الغذاء الطبيعي والحصول على كمية من البروتينات الطبيعية من خلال الغذاء يحددها اخصائي التغذية وبالتنسيق مع الخبير الرياضي لاحتساب حاجتك منها , يمكنك بناء جسمك من خلال السباحة وكمال الاجسام وما تحصل عليه من خلال مدة طويلة وتدريب متواصل وليس في المناسبات يمكنه الثبات وليس الزوال بمجرد التوقف عن التدريب",ent_merge_001299|ent_merge_001377|ent_merge_001184|ent_merge_001229|ent_merge_001543|ent_merge_001213|ent_merge_002042,men_merge_0002872|men_merge_0000616|men_merge_0000617|men_merge_0005462|men_merge_0000618|men_merge_0000621|men_merge_0000619|men_merge_0000620,ahd10k_02724|ahd5k_01098|ahd10k_03104,rel_seed_e7b4f9ea5a524865|rel_seed_28d9dae0ac81fb5f|rel_seed_e75004872c1c57e3|rel_seed_cb5911d8d8cf6f4e|rel_seed_7442ee194e02fd59|rel_seed_89aa016598978f37|rel_seed_4426f85635c3d687,true,provisional_dataset_annotation,dataset_preannotation_v1,,PROVISIONAL DATASET-DERIVED LABELS; human confirmation required; original_dataset_row_verified=true; source_qa_id=ahd5k_03441; source_row_number=761663; source_category=علاج طبيعي; method=exact entity phrases in held-out question/reference plus frozen provenance overlap; not eligible for gold metrics until status is annotated or adjudicated
