query_id,rank,candidate_topic,candidate_score,overlap_terms,qa_id,category,source_question,source_answer,leakage_warning,recommendation,review_status,suggested_action
trial_query_003,1,other,4.9958,"[""اريد"", ""الاكل"", ""البقر"", ""التحسس"", ""اوقفه"", ""بالبطن"", ""بنتي"", ""حساسيه"", ""حليب"", ""خاص"", ""دايم"", ""سنتين"", ""عندها"", ""غازات"", ""فيه"", ""قليل"", ""لكن"", ""لها"", ""مسبب"", ""نسب"", ""وانتفاخ"", ""وتاخذ"", ""ونصف""]",ahd5k_00020,أرجية حساسية,بنتي سنتين ونصف عندها حساسية من حليب البقر وتأخذ حليب خاص قليل التحسس HA لكن دائم مسبب لها غازات وانتفاخ بالبطن أريد أن اوقفه ما الاكل الي فيه نسب من...,اعطيها حليب مكسر بروتين الحليب بالكامل او حليب رز,exact_eval_question_match,reject_eval_leakage,needs_review,approve_if_medically_relevant_then_convert_to_supplemental_fact
trial_query_003,2,other,0.8255,"[""حساسيه"", ""فيه"", ""لكن""]",ahd5k_00970,أرجية حساسية,ما علاج البلغم (حساسية الصدر) رغم اخذى هلاج اكثر من مرة ولا فائدة ؟ هل امتنع عن طعام معين يزيد البلغم وانا غير مدخن واخذ علاج للضغط والكوليسترول عمرى 55...,اذا كنت مدخنا يجب الاقلاع عن التدخين نهائياً وقطعياً علما بأنك لا تدخن كما قلت لكن جلوسك في مكان فيه مدخنين يجعلك مدخناً ايضاً اذا كنت تعاني من التهاب ما في الجزء العلوي من الجهاز التنفسي يجب ان تتعالج يجب التأكد من ما تعانيه هل هو ربو ؟؟ او هل هناك حساسية ...,,reject_generic_topic,needs_review,approve_if_medically_relevant_then_convert_to_supplemental_fact
trial_query_003,3,other,0.8255,"[""فيه"", ""لكن"", ""لها""]",ahd5k_01701,صحة الطفل,هل يوجد علاج اخر للكساح بدلا عن فيتامين دي,أهلا بحضرتك ..... نعم .. هناك أنواع من الكساح أو لين العظام تصنف بأنها ( Vit.D-Resistant Rickets ) ، أي لا تستجيب للعلاج بالجرعات المعتادة من فيتامين ( د ) .. و لكن تفاصيل هذه الحالات شرحها يطول .. لو فيه حالة محددة عند حضرتك أعطني تفاصيلها كاملة ليتم شرحها...,,reject_generic_topic,needs_review,approve_if_medically_relevant_then_convert_to_supplemental_fact
trial_query_003,4,other,0.8255,"[""اريد"", ""لكن"", ""لها""]",ahd5k_02472,أمراض الدم,عندي الدم نازل و اريد اسم حبوب او كبسولات لزيادة الدم ؟,نحن دائما بالخدمة للمساعدة لكن نريد معلومات صحيحة لكي نستطيع المساعدة بشكل صحيح وعلمي تقول ان الدم نازل ؟؟؟ما هي نتيجة الفحص بالارقام ؟؟؟ وما هو سبب ما تقوله اي ان الانيميا لها اسباب عديدة ولعلاجها يجب علاج السبب . هل هو مثلا نقص في الحديد ؟ او نقص في بعص ا...,,reject_generic_topic,needs_review,approve_if_medically_relevant_then_convert_to_supplemental_fact
trial_query_003,5,other,0.8255,"[""سنتين"", ""فيه"", ""لكن""]",ahd5k_03223,جراحة القلب والشرايين,السلام عليكم ورحمة الله وبركاته هل الزنجبيل مفيد للمصابين بالجلطة الدماغيه؟ وأن كان مفيد ماهي طريقة صحيح الاستخدامه؟ وشكرآ,نعتقد أنه مفيد لكن حتى الآن لا توجد معطيات علمية يمكن الاعتماد عليها بشكل قطعي، ولكن في نفس الوقت هناك بعض الدراسات الحديثة التي تشير إلى أن الزنجبيل يمكن أن يكون مساعد للحفاظ على معدلات الكوليسترول الطبيعية، ويستعمله البعض خاصة في الصين في علاج بعض الاضطرا...,,reject_generic_topic,needs_review,approve_if_medically_relevant_then_convert_to_supplemental_fact
trial_query_005,1,pregnancy_obstetrics,3.5166,"[""الحمل"", ""الغده"", ""توثر"", ""حامل"", ""زوجتي"", ""شهرين"", ""عندها"", ""كثير"", ""لها"", ""والجنين"", ""وظهرت""]",ahd5k_00048,أمراض الغدد الصماء,زوجتي حامل لها شهرين وظهرت عندها الغدة هل تؤثر الغدة علي الحمل والجنين ً كثير لكم,ان هرمون الثيروكسين (هرمون الغده الدرقيه) مهم لنمو الجنين العقلي والجسدي، لذلك فان نقص افراز هذا الهرمون الذي يكون نتيجه خمول بالغده الدرقيه قد يؤدي اذا لم تتم معالجته لمده طويله خلال الحمل وخاصه في الثلث الثاني والثالث من الحمل الى تشوهات خلقية وحالات التقزم,exact_eval_question_match,reject_eval_leakage,needs_review,approve_if_medically_relevant_then_convert_to_supplemental_fact
trial_query_005,2,pregnancy_obstetrics,1.1045,"[""الحمل"", ""حامل"", ""زوجتي""]",ahd5k_00941,علم الأجنة,زوجتي حامل في بداية الشهر الخامس وونزل منها ماء من الجنين بكثر استمر معها نصف ساعه وبداي ياتيها متقطع فماهو السبب وطريقه تفاديها وهل هناك خطوره عليهما؟,يجب مراجعه طبيبك في اقرب ، حيث ان هذا السائل يمكن ان يكون نتيجه ثقب في الكيس حول الجنين مما يؤدي الى نزول السائل الامينوسي حول الجنين ، او نتيجه لتوسع في عنق الرحم مما يؤدي الى نزول افرازات مهبليه تشبه الماء. وهذه قد تؤدي الى ولاده مبكره او التهابات قد تحتا...,,recommended_for_human_review,needs_review,approve_if_medically_relevant_then_convert_to_supplemental_fact
trial_query_005,3,pregnancy_obstetrics,1.1045,"[""الحمل"", ""كثير"", ""والجنين""]",ahd5k_02249,علم الأجنة,كيف يمكن ان يتاثر الجنين باضطرابات السكر في الام بمعنى هل اذا حدث هبوط او ارتفاع للسكر مرة واحدة يتاثر الجنين فوراحيث انني مصابة بالسكري واجهضت في الاسبوع السابع حيث...,يمكن أن يؤثر مرض السكري أثناء الحمل بما في ذلك النوع الأول، أو الثاني، أو سكري الحمل بشكل سلبي على صحة الأم والجنين. بالنسبة للنساء المصابات بمرض السكري من النوع الأول أو الثاني، فإن ارتفاع نسبة السكر في الدم واضطرابات السكر في الدم قبل حدوث الحمل وخلال الأ...,,recommended_for_human_review,needs_review,approve_if_medically_relevant_then_convert_to_supplemental_fact
trial_query_005,4,pregnancy_obstetrics,1.1045,"[""الحمل"", ""حامل"", ""زوجتي""]",ahd5k_02627,أمراض الدم,انا زوجتي حامل في الشهر السابع وعندها زيادة في تحليل فى تحليل crp وبعد تحاليل للبول ومسح وزرع لم يظهر شي وكانت جميع الفحوص عادية ومنذ بداية الحمل كانت تظهر...,"ان ارتفاع ال CRP وكذلك ارتفاع كريات الدم البيضاء يدل على وجود التهاب( انفلونزا, التهاب باللثه ,وغيرها....), ولكن اذا كان ال CRP هو فقط ايجابي او حتى مرتفع حتى 10 فيمكن ان يعتبر طبيعياً وكذلك ارتفاع الكريات الدم البيضاء حتى 16,000 يعتبر طبيعياً اثناء الحمل و...",,recommended_for_human_review,needs_review,approve_if_medically_relevant_then_convert_to_supplemental_fact
trial_query_005,5,pregnancy_obstetrics,1.1045,"[""الحمل"", ""حامل"", ""زوجتي""]",ahd5k_03563,علم الأجنة,انا متزوج ولكن منذ4شهور و زوجتي ليس لديهااي احساس جنسي و تعاني من الم وقت الايلاج فما هو رايكم الاسؤال الثاني زوجتي الان حامل في الشهر الثالث فما هي نصائحكم...,ما لم يكن هنالك سبب يحول دون العلاقة الزوجية خلال الحمل مثل النزيف والتهديد بالإجهاض فإن الجماع باعتدال في الأشهر الأولى غير ضار للحامل أو للطفل، أما بالنسبة للأسابيع الأخيرة حيث يتوقع حدوث الولادة فينصح بتجنب الجماع خلال هذه الأسابيع لأنه قد يؤدي إلى آثار ...,,recommended_for_human_review,needs_review,approve_if_medically_relevant_then_convert_to_supplemental_fact
trial_query_007,1,other,4.7958,"[""اربع"", ""اصابع"", ""اعتقد"", ""اكرمكم"", ""الاكل"", ""التبرز"", ""السره"", ""الله"", ""المعده"", ""بالمعده"", ""بانها"", ""بحوالي"", ""برايحه"", ""بكتيريا"", ""جدا"", ""غازات"", ""فقدان"", ""فوق"", ""كريهه"", ""للشهيه"", ""مغص"", ""والم"", ""وكثره""]",ahd5k_00072,أمراض باطنية,السلام عليكم اعاني من غازات والم مغص في المعدة فوق السرة بحوالي اربع اصابع. وكثرة التبرز برائحة كريهة جدا-اكرمكم الله- بعد الاكل مع فقدان للشهية. اعتقد بانها بكتيريا بالمعدة. ما...,الاخت الكريمة لا يمكن وصف علاج للبكتيري بمجرد اعتقادك بوجودها.. انصح اولا بالفحص و اذا كانت موجودة عندئذ العلاج.. كما ان هذه الاعراض قد تكون مصاحبة لامراض اخرى مثل بعض الديدان او اشياء اخرى. انصح بالفحص للتوصل الى التشخيص السليم,exact_eval_question_match,reject_eval_leakage,needs_review,approve_if_medically_relevant_then_convert_to_supplemental_fact
trial_query_007,2,other,0.8255,"[""اربع"", ""الله"", ""فوق""]",ahd5k_02823,الطب البديل,طفل عمره اربع سنوات شخص مرضه على انه كهرباء زائدة فهل يوجدلها علاج في الطب البديل وهل سيستمر هذا المرض طويلا وماهي نسبه أمكانية الشفاء؟وا,"عبارة ( كهرباء زائدة ) او ( شحنات كهرباء ) يطلقها الاطباء على داء الصرع لتخفيف الامر على الاهل بسبب الهلع و الخوف الذي ينتابهم من اسم الصرع بسبب النظرة الميتافيزيقية و الهالة التي تحيط بالصرع و له عدة اسماء : المسكة , النقطة , القرينة و غيرها من الاسماء و ا...",,reject_generic_topic,needs_review,approve_if_medically_relevant_then_convert_to_supplemental_fact
trial_query_007,3,other,0.617,"[""الله"", ""جدا""]",ahd5k_00510,أرجية حساسية,هل تؤخر علاجات الحساسية والربو عملية الحمل ؟,سؤال جدا شيق ومهم . حقيقة من مضاعفات استعمال بعض انواع مضادات الهيستامين على المدى الطويل قد تؤثر على الخصوبة لدى الرجال عن طريق تقليل كمية انتاج الحيوانات المنوية . اما لدى النساء فإن لمضادات الهيستامين اثرا على تجفيف بعض سوائل الجسم ومن بينها مخاط عنق الر...,,reject_generic_topic,needs_review,approve_if_medically_relevant_then_convert_to_supplemental_fact
trial_query_007,4,other,0.617,"[""الاكل"", ""برايحه""]",ahd5k_01518,أمراض باطنية,حموضة في فمي واحساس برائحة تفاح متعفن مع كدمات زرقاء غامقة في قدماي واحساس بغبوش في الرؤية,كشف سريري وعمل الفحوصات الاتية صورة دم لعدد الصفائح الدموية وكرات الدم البيضاء والحمراء تحليل سكر صايم وبعد الاكل بساعتين وتراكمي واستون بالدم تحليل وظائف كلي وال eGFR تحليل بول وبراز.. اشعة بالموجات ف الصوتية,,reject_generic_topic,needs_review,approve_if_medically_relevant_then_convert_to_supplemental_fact
trial_query_007,5,other,0.617,"[""الاكل"", ""التبرز""]",ahd5k_01998,أمراض باطنية,ما علاج قرقعة البطن مع انني لا اشرب الحليب ولا مشروبات غازيه ولا اكل بسرعه ولا اتوتر . اشعر بها فقط في قاعة محاضراتي.,ما تعاني منه يبدو القولون العصبي تجنب التفكير والقلق والنرفزة الراحة والاستجمام يجب تغير أنماطنا السريعة المتعجلة في تناول الطعام وفي عملية التبرز لا بد ان ندقق في نوعية الأطعمة التي نأكلها وفي موعد تناولها لا تشرب المشروبات الغازية ابتعد عن مضغ العلك ابتعد...,,reject_generic_topic,needs_review,approve_if_medically_relevant_then_convert_to_supplemental_fact
trial_query_009,1,other,3.0284,"[""العجزي"", ""القطني"", ""انفراص"", ""بالفاصل"", ""دوايي"", ""طبيعي"", ""لعلاج"", ""يوجد""]",ahd5k_00088,علم التشريح,هل يوجد علاج دوائى او طبيعي لعلاج انفراص بالفاصل العجزي القطني,اذا كان هذا الانقراص غير مسبب لضغط على الجذور العصبية يمكن العلاج من خلال جلسات علاج فيزيائي ام اذا كان ضاغطا فالجراحة هي الحل كذل في حال تضيق قناة النخاع المصاحبة لانزلاق غضروفي,exact_eval_question_match,reject_eval_leakage,needs_review,approve_if_medically_relevant_then_convert_to_supplemental_fact
trial_query_009,2,other,0.9071,"[""طبيعي"", ""يوجد""]",ahd5k_00775,أمراض الغدد الصماء,شكرا دكتور ممكن سؤال ثاني انا الاجسام المضادة للغدة الدرقية عندي مرتفعة بس تحليل الدم فيه نسبة الهرمون طبيعي.عادي اني ما اخذ دواء وهل يؤثر ارتفاع الاجسام المضادة على الحمل,اهم شيء هو نسبة الهرمونات في الدم. اذا كانت طبيعية فلا تحتاجي الى أي علاج ولا يوجد تأثير على الحمل,,reject_generic_topic,needs_review,approve_if_medically_relevant_then_convert_to_supplemental_fact
trial_query_009,3,other,0.9071,"[""لعلاج"", ""يوجد""]",ahd5k_01330,الطب البديل,ماهو البردقوش وهل يوجد باليمن وهل يزيد من عدد الحيوانات المنويه؟,البردقوش v ينظم هرمونات الرينين و الألدسترون وينظم ضغط الدم. v منشط عام ، و يعمل على إعادة الاتزان الهرموني فينظم الدورة الشهرية وينشط المبايض فيساعد على الحمل، و يزيل الماء الزائد من الجسم. v طارد للغازات. v يفيد في علاج الروماتيزم و الأكزيما و القرح المعد...,,reject_generic_topic,needs_review,approve_if_medically_relevant_then_convert_to_supplemental_fact
trial_query_009,4,other,0.9071,"[""طبيعي"", ""لعلاج""]",ahd5k_01783,صحة المسنين,السلام عليكم ابي اصيب بعدة جلطات دماغية وهذه الجلطات اثرت على عملية البلع لذلك اصبح ياكل عن طريق انبوب فهل هنالك امكانية للشفاء من هذه الحالة وهل هناك شيء ممكن...,إمكانية الشفاء بعد الجلطات الدماغية تحتاج لعلاج طبيعي طويل الأمد وصبر طويل، ولا بد من متابعة التغذية بالأنبوب لمدة طويلة حتى يبدأ التحسن، حسب عمره.,,reject_generic_topic,needs_review,approve_if_medically_relevant_then_convert_to_supplemental_fact
trial_query_009,5,other,0.9071,"[""لعلاج"", ""يوجد""]",ahd5k_02203,أمراض الغدد الصماء,السلام عليكم انا مصاب بالغدة السامة منذ 8 اشهر وقد تحولت الى خاملة بعد اخذ لدواء المضاد فماهو العلاج المناسب لهما .علما الدواء الذي استعمله هو carbimazole 5mg فقط,يوجد سببين لتحول الغدة من سامة الى خاملة هما 1) التهابات الغدة الدرقية (Thyroiditis) تحدث تكسيرا في الغدة فيزداد اطلاق الهرمون المختزن فيها (ولا يزداد الافراز أو الانتاج) مسببا السمية في البداية ولكن يعقب هذا خمول بسبب استهلاك الغدة والعلاج بعد انتهاء الفتر...,,reject_generic_topic,needs_review,approve_if_medically_relevant_then_convert_to_supplemental_fact
trial_query_010,1,other,3.6641,"[""اثناء"", ""الالم"", ""الايسر؟"", ""الثدي"", ""الدوره"", ""الشريه؟"", ""العلم"", ""المراه"", ""بوجع"", ""تحس"", ""طفيف"", ""مستوي""]",ahd5k_00140,تشخيص,هل يمكن ان تحس المرأة بوجع طفيف على مستوى الثدي أثناء الدورة الشرية؟ مع العلم ان الألم على مستوى الثدي الايسر؟,"يمكن ان يحدث هذا قبل او اثناء الدوره الشهريه نتيجه التغييرات الهرمونيه التي تحدث في هذه الاثناء, ولكن يختفي هذا الالم بعد انتهاء الدوره. لذلك اذا استمر الالم انصحك بمراجعه طبيبك للفحص.",exact_eval_question_match,reject_eval_leakage,needs_review,approve_if_medically_relevant_then_convert_to_supplemental_fact
trial_query_010,2,other,1.3547,"[""اثناء"", ""الالم"", ""الدوره"", ""المراه""]",ahd5k_04832,أمراض باطنية,أريد أن أعرف ما هي أعراض تكيس المبيض ( غير ألم البطن )؟ و أيضاً لدي ألم خفيف على جنبي البطن في الأسفل ، لست متزوجة ، الألم ليس مستمر...,تكيس المبايض، هوعباره عن وجود اكثر من 10-12 بويضة بحجم 8-10 ملم منتشرة في محيط المبيض وهذا قد يؤدي الى اضطراب بعمليه الإباضة الطبيعية بسبب خلل هرموني في الجسم وهو يكون أحيانا متلازما مع عدة أعراض تظهر معا على المريضة و حينها يسمى بمتلازمة تكيس المبايض مثل ا...,,reject_generic_topic,needs_review,approve_if_medically_relevant_then_convert_to_supplemental_fact
trial_query_010,3,other,1.066,"[""اثناء"", ""الدوره"", ""العلم""]",ahd5k_01924,علم التشريح,لدي قريبة تعاني من مشكل تفاوت الثديينحيث ان اثناء العادة الشهرية تنتفخ اليمنى دون تغير في اليسرى(بمعنى ان اليسرى هي التي لاتنمو طبيعيا)ما هو العلاج؟مع العلم انها تحاول تجنب العمليات...,الكثير من السيدات خاصة بعد سن 35 سنة تعانين من انتفاخ في الثديين قبل نزول الدورة باسبوع واثناء الدورة وذلك بسبب احتباس السوائل نتيجة تغير الهرمومنات التي تفرزها المبايض . وحجم الثديين لدى الكثير من السيدات غير متساوي بمعنى ان احد الثديي اكبر من الاخر وقد يظ...,,reject_generic_topic,needs_review,approve_if_medically_relevant_then_convert_to_supplemental_fact
trial_query_010,4,other,1.066,"[""اثناء"", ""العلم"", ""المراه""]",ahd5k_02249,علم الأجنة,كيف يمكن ان يتاثر الجنين باضطرابات السكر في الام بمعنى هل اذا حدث هبوط او ارتفاع للسكر مرة واحدة يتاثر الجنين فوراحيث انني مصابة بالسكري واجهضت في الاسبوع السابع حيث...,يمكن أن يؤثر مرض السكري أثناء الحمل بما في ذلك النوع الأول، أو الثاني، أو سكري الحمل بشكل سلبي على صحة الأم والجنين. بالنسبة للنساء المصابات بمرض السكري من النوع الأول أو الثاني، فإن ارتفاع نسبة السكر في الدم واضطرابات السكر في الدم قبل حدوث الحمل وخلال الأ...,,reject_generic_topic,needs_review,approve_if_medically_relevant_then_convert_to_supplemental_fact
trial_query_010,5,other,1.066,"[""اثناء"", ""الالم"", ""العلم""]",ahd5k_04754,تشخيص,هل سقوط الشعر بكثره مع الم شديد وشعور بلاختناق في البلعوم واللوزتين اثناء الزعل يدل على خلل في الغده الدرقيه0 مع العلم اني اعاني من السمنه المفرطه وكثرة العصبيه ارجوافادتي...,"الألم والشعور بالإختناق حالة نفسية ""نرفزة"" وعلاجها تناول مهدئات مثل فلونكسول. أما أعراض الغدة الدرقية فهي ارتعاش اليدين والأصابع والشعور بالسخونة وتسارع دقات القلب والإسهال ونقصان الوزن وجحوظ العينين والتعرق الغزير",,reject_generic_topic,needs_review,approve_if_medically_relevant_then_convert_to_supplemental_fact
trial_query_015,1,other,4.899,"[""اختي"", ""اصبحت"", ""الجبهه"", ""الراس"", ""الشرايين"", ""الموجوده"", ""بالام"", ""بنض"", ""بها"", ""تشعر"", ""تصاب"", ""تقريبا"", ""ثشخيصكم"", ""جدا"", ""جوانب"", ""حاده"", ""سريع"", ""سنتين"", ""عمرها"", ""لما"", ""منقطه"", ""وعندما"", ""وقوي"", ""ومنذ""]",ahd5k_00222,تشخيص,اختي عمرها 17 ومنذ سنتين تقريبا اصبحت تصاب بالام حادة في الراس وعندما تصاب بها تشعر بنض سريع وقوي جدا في الشرايين الموجودة في منقطة جوانب الجبهة ما ثشخيصكم لما...,على الاغلب هذا شقيقة يجب اجراء فحص طبي لنفي اي سبب اخر للصداع و من ثم يمكن اخذ المسكنات مثل الباندول فولت فاست,exact_eval_question_match,reject_eval_leakage,needs_review,approve_if_medically_relevant_then_convert_to_supplemental_fact
trial_query_015,2,other,0.8124,"[""بها"", ""جدا"", ""لما""]",ahd5k_00615,علم الأجنة,حلمة ثديي الايمن لا يوجد بها فتحة اي انها ملساء تماما فما هو الحل لذلك؟,يجب مراجعه اخصائي جراحه صدريه لفحص صدرك للتاكيد على فحصك، فاذا كنت فقط تعانين من وجود حلمه مسطحه فلا ضرر لها ،الا بعض الصعوبه عند الرضاعه ويمكن تصحيح هذا الشكل من الحلمات بعدة طرق ١.عمل بعض التمرينات لشد الحلمات إلى الخارج، وهي عبارة عن تمرينات تدليك لما حو...,,reject_generic_topic,needs_review,approve_if_medically_relevant_then_convert_to_supplemental_fact
trial_query_015,3,other,0.8124,"[""اختي"", ""الراس"", ""جدا""]",ahd5k_03870,علم الأجنة,دكتوري العزيز انا حامل في اول الشهر السابع وبعد الكشف الاخير بلغني الدكتور بان حجم الجنين صغير واطرافه قصيره بالنسبه لعمره وحولني الي متخصص اجنه ولكن الموعد متاخر؟ولكني قلقه جدا...,اختي الكريمة للأسف لا استطيع ان ابدي رأي قاطع في مشكلتك لأن صغر حجم الجنين قد يكون بسبب قصور في النمو أو حساب خاطيء لفترة الحمل وقصر الاطراف قد يكون بسبب بعض التشوهات لذا لا بد من عمل تصوير مفصل لجميع اعضاء الجنين خاصة الاطراف والاصابع وعظمة الأنف ومحيط الر...,,reject_generic_topic,needs_review,approve_if_medically_relevant_then_convert_to_supplemental_fact
trial_query_015,4,other,0.6124,"[""تشعر"", ""لما"", ""ومنذ""]",ahd5k_01099,حمل الأنابيب,زوجتي حامل ومنذ بداية حملها لم اتوقف عن الاتصال معهاابدا ..فهل ذلك له علاقه لما تشعر به من حرقه في المهبل...وهل ذلك له تأثير على الجنين....,ﻻتاثير على الجنين...والحرقه من التهابات نسائيه,,reject_generic_topic,needs_review,approve_if_medically_relevant_then_convert_to_supplemental_fact
trial_query_015,5,other,0.6082,"[""الراس"", ""عمرها""]",ahd5k_00891,صحة الطفل,بنتى عمرها سنة ونصف وفى فى شعرها مناطق ما فهاش شعر وشعرها بيقع وخفيف خالص دة من ايه ول ليه علاج وعلاجه ايه ارجوا الرد وياريت تكتبولى العلاج ايه علشان...,لو مناطق محددة في فروة الرأس يجب عرضها على أخصائي جلدية. فربما تكون فطريات. أما سقوط الشعر فسببه نقص فيتامين أ وعﻻجه شراب فروتال 5 مل يوميا,,reject_generic_topic,needs_review,approve_if_medically_relevant_then_convert_to_supplemental_fact
trial_query_017,1,other,3.4641,"[""الخاص"", ""الدم"", ""الفرق"", ""بالتفصيل"", ""بالجسم"", ""بالعينين؟"", ""بين"", ""تشرحولي"", ""ضغط"", ""عليكم،"", ""فضلكم"", ""والضغط""]",ahd5k_00237,أمراض القلب و الشرايين,السلام عليكم، ما هو الفرق بين ضغط الدم الخاص بالجسم والضغط الخاص بالعينين؟ من فضلكم تشرحولي بالتفصيل,لايوجد علاقة إجمالا,exact_eval_question_match,reject_eval_leakage,needs_review,approve_if_medically_relevant_then_convert_to_supplemental_fact
trial_query_017,2,other,1.066,"[""الخاص"", ""بالجسم"", ""بين""]",ahd5k_00008,علم الأجنة,انا مصاب بمرض بهجت واعاني من الامه بالجسم ،ولم يصيب العين حتى الان فماهي افضل طرق الوقايه حتى لا يصل الى العين؟,داءُ بَهْجَت يحتاج إلى تواصل بين المريض والطبيب ليس فقط من أجل العلاج، ولكن من أجل الحد من مضاعفاته سواء على مستوى العين أو أي مكان آخر حيث بالمتابعة الدقيقة لكل نشاط للمرض في الأوعية الدقيقة يتطلب استخدام علاج محدد وخاص وفوري لكبح جهاز المناعة، عدا عن الدو...,,reject_generic_topic,needs_review,approve_if_medically_relevant_then_convert_to_supplemental_fact
trial_query_017,3,other,1.066,"[""الدم"", ""بين"", ""ضغط""]",ahd5k_04477,أمراض القلب و الشرايين,هل هناك علاقة بين سوفان الرقبة وأرتفاع ضغط الدم؟,لا يوجد علاقة مباشرة بين ارتفاع ضغط الدم و الانزلاقات الغضروفية العنقية,,reject_generic_topic,needs_review,approve_if_medically_relevant_then_convert_to_supplemental_fact
trial_query_017,4,other,0.7774,"[""الدم"", ""ضغط""]",ahd5k_00065,إسعاف أولي,هل عقار اولفين المسكن له اثار جانبية مثل الفولتارين حيث اني مصاب بالصداع الشقيقه واحتاج مسكن قوي وشكرا,"الأولفين هو نفس الدواء فولتارين , فالاثنان يحتووا على نفس المادة الفعالة ديكلوفيناك , ولكن الاسم التجاري مختلف , ولهم نفس الأعراض الجانبية . فإذا كنت لا تعاني من ارتفاع في ضغط الدم. ولا من أي مشاكل , فإنك تستطيع أخذ الدواء , وخذه على معدة ممتلئة ( بعد الأكل...",,reject_generic_topic,needs_review,approve_if_medically_relevant_then_convert_to_supplemental_fact
trial_query_017,5,other,0.7774,"[""الدم"", ""بين""]",ahd5k_00313,أمراض الدم,هل يوجد علاقة بين انخفاض الصفيحات الدموية 122/ وارتفاع خضاب الدم / 16.8,يجب التأكد من blood smear فلم صورة الدم للتأكد من نقص الصفيحات بهذه الافتراض يجب اجراء فحص نخاع العظم,,reject_generic_topic,needs_review,approve_if_medically_relevant_then_convert_to_supplemental_fact
trial_query_020,1,other,1.4142,"[""باللمف"", ""مالمقصود""]",ahd5k_00291,علم التشريح,مالمقصود باللمف,اللمف سائل شفاف، يميل لونه إلى الصفرة يشبه في تركيبه تركيب الدم إلا أنّه لا يحتوي على كرات دم حمراء بل كرات دم بيضاء. يتكون من بقايا السائل النسيجي وجزيئات البروتين والكريات البيضاء وبعض مكونات الجهاز المناعي الأخرى يساهم في نقل الدسم من المعي الدقيق إلى ال...,exact_eval_question_match,reject_eval_leakage,needs_review,approve_if_medically_relevant_then_convert_to_supplemental_fact
trial_query_021,1,other,3.3623,"[""122"", ""الدم"", ""الدمويه"", ""الصفيحات"", ""انخفاض"", ""بين"", ""خضاب"", ""علاقه"", ""وارتفاع"", ""يوجد""]",ahd5k_00313,أمراض الدم,هل يوجد علاقة بين انخفاض الصفيحات الدموية 122/ وارتفاع خضاب الدم / 16.8,يجب التأكد من blood smear فلم صورة الدم للتأكد من نقص الصفيحات بهذه الافتراض يجب اجراء فحص نخاع العظم,exact_eval_question_match,reject_eval_leakage,needs_review,approve_if_medically_relevant_then_convert_to_supplemental_fact
trial_query_021,2,other,1.7811,"[""الدم"", ""بين"", ""علاقه"", ""وارتفاع"", ""يوجد""]",ahd5k_04477,أمراض القلب و الشرايين,هل هناك علاقة بين سوفان الرقبة وأرتفاع ضغط الدم؟,لا يوجد علاقة مباشرة بين ارتفاع ضغط الدم و الانزلاقات الغضروفية العنقية,,reject_generic_topic,needs_review,approve_if_medically_relevant_then_convert_to_supplemental_fact
trial_query_021,3,other,1.4649,"[""الدم"", ""انخفاض"", ""بين"", ""وارتفاع""]",ahd5k_02249,علم الأجنة,كيف يمكن ان يتاثر الجنين باضطرابات السكر في الام بمعنى هل اذا حدث هبوط او ارتفاع للسكر مرة واحدة يتاثر الجنين فوراحيث انني مصابة بالسكري واجهضت في الاسبوع السابع حيث...,يمكن أن يؤثر مرض السكري أثناء الحمل بما في ذلك النوع الأول، أو الثاني، أو سكري الحمل بشكل سلبي على صحة الأم والجنين. بالنسبة للنساء المصابات بمرض السكري من النوع الأول أو الثاني، فإن ارتفاع نسبة السكر في الدم واضطرابات السكر في الدم قبل حدوث الحمل وخلال الأ...,,reject_generic_topic,needs_review,approve_if_medically_relevant_then_convert_to_supplemental_fact
trial_query_021,4,other,1.1487,"[""الدم"", ""بين"", ""علاقه""]",ahd5k_00237,أمراض القلب و الشرايين,السلام عليكم، ما هو الفرق بين ضغط الدم الخاص بالجسم والضغط الخاص بالعينين؟ من فضلكم تشرحولي بالتفصيل,لايوجد علاقة إجمالا,,reject_generic_topic,needs_review,approve_if_medically_relevant_then_convert_to_supplemental_fact
trial_query_021,5,other,1.1487,"[""الدم"", ""الدمويه"", ""يوجد""]",ahd5k_00348,علم التشريح,كيف ترتفع درجة حرارة الجسم عن الحد الطبيعي؟,يوجد في جسم الإنسان العديد من الآليات التي تعمل على تنظيم الحرارة في جسمه لتبقى ضمن الحد الطبيعي، ولكن في بعض الأحيان قد ترتفع درجة الحرارة نتيجة عوامل خارجية أو داخلية، مثل: قضاء بعض الوقت في الطقس الحار، وممارسة الرياضة، والإصابة بعدوى، أو تناول بعض أنواع...,,reject_generic_topic,needs_review,approve_if_medically_relevant_then_convert_to_supplemental_fact
trial_query_023,1,labs,2.8284,"[""tah"", ""امي"", ""بقدر"", ""عملت"", ""فحص"", ""نتيجته"", ""وهاي"", ""يساعدني""]",ahd5k_00372,أمراض الغدد الصماء,في حد بقدر يساعدني أمي عملت فحص TAH وهاي نتيجته,التحليل طبيعي . إذا كانت تأخد تيروكسين عليها أن تستمر بنفس الجرعة . وإذا لم تكن تأخذ فالغدة طبيعية ولاتحتاج لشيء,exact_eval_question_match,reject_eval_leakage,needs_review,approve_if_medically_relevant_then_convert_to_supplemental_fact
trial_query_023,2,labs,0.9071,"[""عملت"", ""فحص""]",ahd5k_04052,أمراض باطنية,عملت فحص الفيدال والتيفوئيد وطلعت النسبة 1\160 ولاني مرضعة اخدت علاج وريدي روسفين وما اعطوني السيبروكسين هل ممكن يأثر علي وما يروح بسرعة وك وكمان بعاني من الم بمنطقة تحت...,الفحص دا في خلاف الصراحة لاعتماده في التشخيص ، وبالتالي هاتي اشياء اخرى تثبت اصابتك .. كالحمى التى لا تستجيب للعلاج وخاصة باليل .. او انك بتشربي حليب غير مبستر واكل لحوم غير مطهية جيدا .. ،، او اعملي مزرعة دم أو مزرعة براز,,recommended_for_human_review,needs_review,approve_if_medically_relevant_then_convert_to_supplemental_fact
trial_query_023,3,labs,0.9071,"[""امي"", ""فحص""]",ahd5k_04975,أمراض القلب و الشرايين,امي في عمر ٦٠ تعاني من امراض الضغط والسكر وضيق في شرايين القلب والكروستروال والان تشتكي من نغزات في الجهه اليسري من الامام والظهر مماسبب هده النغزات.؟؟,ليس بالضرورة فكل ألم في هذه المنطقة لا يعني أن مصدره القلب، فهناك انسجة كثيرة جلدية وعضلية هيكلية وغيرها يمكن أن تسبب ألم ولمعرفة السبب بدقة لا بد من فحص طبي سريري وبيان خصاءص الألم والعلامات المرافقة,,recommended_for_human_review,needs_review,approve_if_medically_relevant_then_convert_to_supplemental_fact
trial_query_023,4,labs,0.5536,"[""فحص""]",ahd5k_00171,صحة المسنين,امرأة تريد طرقة للتخلص من الكوليسترول في الجسم - وعمرها 54 سنة,أولاً يتوجب معرفة نوع الكوليسترول المرتفع لديها وهل يصاحبه ارتفاع في الدهون الثلاثية أم لا وهل الكوليسترول الحميد منخفض ، جميع هذه المعلومات يمكن الحصول عليها بعد فحص الدهون لتحديد نوع الزيادة ومقدارها ، كذلك يتطلب معرفة ما اذا كان وزنها طبيعي أم لا ، وهل ل...,,recommended_for_human_review,needs_review,approve_if_medically_relevant_then_convert_to_supplemental_fact
trial_query_023,5,labs,0.5536,"[""فحص""]",ahd5k_00222,تشخيص,اختي عمرها 17 ومنذ سنتين تقريبا اصبحت تصاب بالام حادة في الراس وعندما تصاب بها تشعر بنض سريع وقوي جدا في الشرايين الموجودة في منقطة جوانب الجبهة ما ثشخيصكم لما...,على الاغلب هذا شقيقة يجب اجراء فحص طبي لنفي اي سبب اخر للصداع و من ثم يمكن اخذ المسكنات مثل الباندول فولت فاست,,recommended_for_human_review,needs_review,approve_if_medically_relevant_then_convert_to_supplemental_fact
trial_query_024,1,surgery_urology,4.3589,"[""اجراء"", ""الصمام"", ""القلب"", ""المفتوح"", ""انسداد"", ""بتبديل"", ""بصمام"", ""بنجاح"", ""حيواني"", ""شرايين"", ""ضعف"", ""عمليه"", ""لكنه"", ""والدي"", ""وتبديل"", ""وتم"", ""وتمت"", ""ومشكله"", ""يعاني""]",ahd5k_00391,جراحة القلب والشرايين,والدي يعاني من انسداد في ٣ شرايين ومشكله في الصمام وتم إجراء عملية القلب المفتوح له بتبديل ٣ شرايين وتبديل الصمام بصمام حيواني وتمت بنجاح لكنه يعاني الان من ضعف...,ننصح بالإلتزام بإرشادات الطبيب المعالج,exact_eval_question_match,reject_eval_leakage,needs_review,approve_if_medically_relevant_then_convert_to_supplemental_fact
trial_query_024,2,surgery_urology,1.3471,"[""القلب"", ""المفتوح"", ""شرايين"", ""عمليه"", ""يعاني""]",ahd5k_01704,جراحة القلب والشرايين,قريبي عمره 55 يعاني من تصلب 3 من شرايين القلب ويحتاج الى عمليه القلب المفتوح ما هي نسبه نجاح هذه العمليه؟وهل هي خطيره؟.واين؟وبأي دوله يفضل اجرائها؟ارجو الرد ع جميع اسئلتي,غالبا لا تكون هناك مشكلة، والعملية هي الخلاص ، مع ذلك التقدير الدقيق يكون للطبيب المطلع على تفاصيل حالته,,recommended_for_human_review,needs_review,approve_if_medically_relevant_then_convert_to_supplemental_fact
trial_query_024,3,surgery_urology,1.3471,"[""القلب"", ""شرايين"", ""ضعف"", ""عمليه"", ""يعاني""]",ahd5k_04912,جراحة القلب والشرايين,هل ضعف عضله القلب وضيق ثلاث شرايين في القلب لهم عمليه جراحيه مع العلم أن المريض يعاني من مرض السكر ام يبقى على العلاج ولو عمليه جراحيهوين تنصحونا نعملها وعاووزيين...,هذا يتطلب معرفة نسبة الضعف الموجود في العضلة القلبية ونسبة التضيق في الثلاثة شرايين المذكورة، كما أنه من الضروري معرفة الحالة الوظيفية لباقي أعضاء الجسم خاصة الكلى والجهاز التنفسي، والكبد وغيره، وفي جميع الأحوال في العادة تُعرض نتائج القثطرة على فريق طبي مُ...,,recommended_for_human_review,needs_review,approve_if_medically_relevant_then_convert_to_supplemental_fact
trial_query_024,4,surgery_urology,1.1177,"[""الصمام"", ""القلب"", ""المفتوح"", ""عمليه""]",ahd5k_03015,جراحة القلب والشرايين,الوالدة عملت عملية القلب المفتوح دون تغيير صمامات شهر 1/2014معها السكري عمرها 65 ماهي الادوية التي يجب ان تأخذها يوميا ؟,لا نعرف نوع الصمام ولا حالتها السريرية بعد العملية والتي على أساسها سيتم تحديد الدواء الذي ينبغي وصفه,,recommended_for_human_review,needs_review,approve_if_medically_relevant_then_convert_to_supplemental_fact
trial_query_024,5,surgery_urology,0.9177,"[""الصمام"", ""انسداد"", ""عمليه"", ""وتبديل""]",ahd5k_01294,جراحة القلب والشرايين,تعاني والدتي من انسداد في الصمام الابهر بنسبة 40-60. حيث والتقرير ينصح باجراء عملية قلب مفتوح وتبديل صمامالابهر مع العلم انها تعاني من مرض السكري وضغط الدمز. العمر65س,العمليات الجراحية اليوم لا يعيقها أي مرض إذا ما تمت السيطرة عليه بشكل جيد قبل وأثناء وبعد العمل الجراحي، فلا داعي للقلق,,recommended_for_human_review,needs_review,approve_if_medically_relevant_then_convert_to_supplemental_fact
trial_query_025,1,other,4.899,"[""اخذ"", ""ارتداد"", ""الاستلقاء"", ""التامور"", ""الجلوس"", ""الراحه"", ""الصدر"", ""الظهر"", ""بالالم"", ""بعدم"", ""ضغط"", ""عميق"", ""لالتهاب"", ""لاوجود"", ""لايوجد"", ""معدي"", ""منتصف"", ""نفس"", ""واشعر"", ""والم"", ""وشعور"", ""وقلبيا"", ""ويخف"", ""يزداد""]",ahd5k_00436,أمراض القلب و الشرايين,ضغط والم وشعور بعدم الراحة في منتصف الصدر يزداد عند الاستلقاء على الظهر ويخف عند الجلوس واشعر بالالم عند اخذ نفس عميق لاوجود لالتهاب التامور او ارتداد معدي وقلبيا لايوجد...,لا بد من فحص طبي سريري لاستبعاد فتق في الحجاب الحاجز,exact_eval_question_match,reject_eval_leakage,needs_review,approve_if_medically_relevant_then_convert_to_supplemental_fact
trial_query_025,2,other,0.8124,"[""اخذ"", ""ضغط"", ""نفس""]",ahd5k_00065,إسعاف أولي,هل عقار اولفين المسكن له اثار جانبية مثل الفولتارين حيث اني مصاب بالصداع الشقيقه واحتاج مسكن قوي وشكرا,"الأولفين هو نفس الدواء فولتارين , فالاثنان يحتووا على نفس المادة الفعالة ديكلوفيناك , ولكن الاسم التجاري مختلف , ولهم نفس الأعراض الجانبية . فإذا كنت لا تعاني من ارتفاع في ضغط الدم. ولا من أي مشاكل , فإنك تستطيع أخذ الدواء , وخذه على معدة ممتلئة ( بعد الأكل...",,reject_generic_topic,needs_review,approve_if_medically_relevant_then_convert_to_supplemental_fact
trial_query_025,3,other,0.8124,"[""اخذ"", ""ضغط"", ""لالتهاب""]",ahd5k_01330,الطب البديل,ماهو البردقوش وهل يوجد باليمن وهل يزيد من عدد الحيوانات المنويه؟,البردقوش v ينظم هرمونات الرينين و الألدسترون وينظم ضغط الدم. v منشط عام ، و يعمل على إعادة الاتزان الهرموني فينظم الدورة الشهرية وينشط المبايض فيساعد على الحمل، و يزيل الماء الزائد من الجسم. v طارد للغازات. v يفيد في علاج الروماتيزم و الأكزيما و القرح المعد...,,reject_generic_topic,needs_review,approve_if_medically_relevant_then_convert_to_supplemental_fact
trial_query_025,4,other,0.6082,"[""ضغط"", ""لايوجد""]",ahd5k_00237,أمراض القلب و الشرايين,السلام عليكم، ما هو الفرق بين ضغط الدم الخاص بالجسم والضغط الخاص بالعينين؟ من فضلكم تشرحولي بالتفصيل,لايوجد علاقة إجمالا,,reject_generic_topic,needs_review,approve_if_medically_relevant_then_convert_to_supplemental_fact
trial_query_025,5,other,0.6082,"[""اخذ"", ""يزداد""]",ahd5k_02203,أمراض الغدد الصماء,السلام عليكم انا مصاب بالغدة السامة منذ 8 اشهر وقد تحولت الى خاملة بعد اخذ لدواء المضاد فماهو العلاج المناسب لهما .علما الدواء الذي استعمله هو carbimazole 5mg فقط,يوجد سببين لتحول الغدة من سامة الى خاملة هما 1) التهابات الغدة الدرقية (Thyroiditis) تحدث تكسيرا في الغدة فيزداد اطلاق الهرمون المختزن فيها (ولا يزداد الافراز أو الانتاج) مسببا السمية في البداية ولكن يعقب هذا خمول بسبب استهلاك الغدة والعلاج بعد انتهاء الفتر...,,reject_generic_topic,needs_review,approve_if_medically_relevant_then_convert_to_supplemental_fact
trial_query_027,1,other,4.4721,"[""اشفي"", ""البروفين"", ""البوليه"", ""التهاب"", ""المشف"", ""اموكسلين"", ""بالمجاري"", ""بفيروس"", ""بيغاسي"", ""جري"", ""فحصل"", ""مسكن"", ""مصاب"", ""معوي"", ""نزيف"", ""نوعيه"", ""واخت"", ""واخذتعﻻج"", ""وذهبتاسعاف"", ""ولم""]",ahd5k_00480,أمراض باطنية,السلام عليكم.انا مصاب بفيروس س4 واخذتعﻻج بيغاسي ولم اشفى.جرى عندي التهاب بالمجاري البولية واخت دواء اموكسلين مع مسكن من نوعية البروفين فحصل عندي نزيف معوي وذهبتاسعاف الى المشف,"عليكم السلام يمكنك اخذ دواء من فصيلة ايزومبرازول مثل النيكسيام 40 مج لمدة شهر على الاقل و ايضا يجب عمل فحص PT, PTT, INR لفحص سيولة",exact_eval_question_match,reject_eval_leakage,needs_review,approve_if_medically_relevant_then_convert_to_supplemental_fact
trial_query_027,2,other,0.8708,"[""التهاب"", ""بفيروس"", ""نوعيه""]",ahd5k_03400,أمراض الدم,ما هي اعراض مريض الايدز,الأعراض والعلامات يتضح التحول المصلي أحياناً بعلة محمومة حادة يمكن بسهولة أن تعتبر بصورة خاطئة ككثرة الوحيدات الفيروسية الحادة. الأعراض مثل الوعكة، الصداع، رهاب الضوء، ألم الحنجرة، بزغات جلدية، ألم مفصلي، ألم عضلي هي تشكيات خصائصية مترافقة في بعض الحالات بع...,,reject_generic_topic,needs_review,approve_if_medically_relevant_then_convert_to_supplemental_fact
trial_query_027,3,other,0.6472,"[""التهاب"", ""مصاب""]",ahd5k_00008,علم الأجنة,انا مصاب بمرض بهجت واعاني من الامه بالجسم ،ولم يصيب العين حتى الان فماهي افضل طرق الوقايه حتى لا يصل الى العين؟,داءُ بَهْجَت يحتاج إلى تواصل بين المريض والطبيب ليس فقط من أجل العلاج، ولكن من أجل الحد من مضاعفاته سواء على مستوى العين أو أي مكان آخر حيث بالمتابعة الدقيقة لكل نشاط للمرض في الأوعية الدقيقة يتطلب استخدام علاج محدد وخاص وفوري لكبح جهاز المناعة، عدا عن الدو...,,reject_generic_topic,needs_review,approve_if_medically_relevant_then_convert_to_supplemental_fact
trial_query_027,4,other,0.6472,"[""التهاب"", ""مصاب""]",ahd5k_02203,أمراض الغدد الصماء,السلام عليكم انا مصاب بالغدة السامة منذ 8 اشهر وقد تحولت الى خاملة بعد اخذ لدواء المضاد فماهو العلاج المناسب لهما .علما الدواء الذي استعمله هو carbimazole 5mg فقط,يوجد سببين لتحول الغدة من سامة الى خاملة هما 1) التهابات الغدة الدرقية (Thyroiditis) تحدث تكسيرا في الغدة فيزداد اطلاق الهرمون المختزن فيها (ولا يزداد الافراز أو الانتاج) مسببا السمية في البداية ولكن يعقب هذا خمول بسبب استهلاك الغدة والعلاج بعد انتهاء الفتر...,,reject_generic_topic,needs_review,approve_if_medically_relevant_then_convert_to_supplemental_fact
trial_query_027,5,other,0.6472,"[""البوليه"", ""التهاب""]",ahd5k_04517,أمراض باطنية,مدي وجع أسفل البطن بعد التبول وبعد مرات التبرز لما انتهي من عمليه التبول ومرات من التبرز يجيني وجع أسفل البطن قد يدوم مرات لحد ست ساعة وأحس بدوخه ما...,الأعراض التي تشكين منها عديدة وأسبابها كذلك كثيرة منها التهاب المسالك البولية أو وجود الحصى أو الرمل بهذه المسالك ومنها القولون العصابي، لذا لا بد من مراجعة أخصائي أمراض باطنية لتقويم حالتك وعمل الفحوصات الطبية اللازمة ومن ثم المعالجة الناجعة.,,reject_generic_topic,needs_review,approve_if_medically_relevant_then_convert_to_supplemental_fact
trial_query_030,1,other,4.6904,"[""الاذنين"", ""الاعراض"", ""التاليه"", ""الجفون"", ""الراس"", ""العين"", ""بالاسنان"", ""بالام"", ""بثقل"", ""بحراره"", ""حيث"", ""صداع"", ""علاقه"", ""لها"", ""ليست"", ""مشاكل"", ""هناك"", ""واشعر"", ""وشعور"", ""وفي"", ""ولكن"", ""وهي""]",ahd5k_00507,تشخيص,هل الأعراض التالية لها علاقة بالأسنان وهى صداع فى الرأس وشعور بحرارة فى الرأس وفى العين حيث أشعر بثقل فى الجفون وأشعر بألام فى الأذنين ولكن ليست هناك مشاكل فى...,من الافضل والاجدى اذا وجد ضرس غقل او اكثر مطمور ان تبادرى لازالتهم وذلك لدى طبيب اسنان متمرس او لدى طبيب جراح وجه وفكين خيث يندرج هذا التخصص من ضمن تخصصه,exact_eval_question_match,reject_eval_leakage,needs_review,approve_if_medically_relevant_then_convert_to_supplemental_fact
trial_query_030,2,other,1.4792,"[""العين"", ""حيث"", ""لها"", ""ليست"", ""ولكن"", ""وهي""]",ahd5k_04866,كيمياء حيوية,لماذا يموت الانسان عندما يلتمس بالكهرباء وما علاقته بالبروتين الموجود في الجسم ولماذا احيانا هنالك اشخاص لايتأثرون بالتيار الكهربائي؟,الصدمة الكهربائية وتتجلى بالضرر الذى يصيب انسجة الجسم نتيجة تأثير التيار او القوس الكهربائى وغالبا ما يكون الضرر سطحيأ اى يتضرر الجلد واحيانأ الانسجة الرخوة مع الاربطة والعظام حيث تتعلق خطورة الصدمة وصعوبة معالجتها بنوع ومميزات ودرجة الانسجة ورد فعل الاعضاء...,,reject_generic_topic,needs_review,approve_if_medically_relevant_then_convert_to_supplemental_fact
trial_query_030,3,other,1.266,"[""حيث"", ""ليست"", ""هناك"", ""وفي"", ""ولكن""]",ahd5k_00924,جراحة القلب والشرايين,ماسلبيات توسيع الشرايين بالشبكات,شبكات توسيع الشرايين هي من الأجهزة الطبية التي فرضت نفسها بقوة في مجال معالجة أمراض القلب وتضيق الأوعية، وهذه الدعامات عادة ما تتكون من إطار معدني، وتوضع داخل الشريان للمساعدة على ابقائه مفتوحا، ولكن بما أنها تشكل جسم غريب بالنسبة لجسم المريض (ليست من نسيج ...,,reject_generic_topic,needs_review,approve_if_medically_relevant_then_convert_to_supplemental_fact
trial_query_030,4,other,1.266,"[""حيث"", ""لها"", ""هناك"", ""وفي"", ""ولكن""]",ahd5k_03068,علم التشريح,أسباب التهاب الرحم المتكرر والاحساس بذلك والعلاج الافضل له وكيف نتفادى ذلك وماهي المطهرات المناسبه للمرآة التي لديها حساسيه جلديه,اعتقد بأن المقصود هو التهابات المهبل وليس الرحم وغالبا ما يكون سبب هذه الالتهابات هي الفطريات خاصة الكانديدا وقد يكون السبب التهابات جرثومية بعضها قد ينتقل عن طريق المعاشرة الزوجية وبعضها لا وفي حال تكررا الالتهابات فلا بد من اخذ عينة من الافرازات وفحصها وع...,,reject_generic_topic,needs_review,approve_if_medically_relevant_then_convert_to_supplemental_fact
trial_query_030,5,other,1.266,"[""الاعراض"", ""حيث"", ""علاقه"", ""لها"", ""وهي""]",ahd5k_03852,صحة المسنين,كيف نتعامل مع كآبة المسنين؟ الاعلامية والعاملة الاجتماعية سلام الحاج من لبنان,عادة بعد التقدم في السن يكون قد تكون لدى الشخص الكثير من التجارب الحياتية التي تطبع في ذاكرته معاني خاصة وتثير في نفسه شجون مختلفة فكلما انفرد مع نفسه أخذ يقلبها ويعيد حساباته وتقيمه لها، وهذا الاستطراق يأخذه إلى الانفصال المؤقت وعدم التفاعل مع المحيط والوا...,,reject_generic_topic,needs_review,approve_if_medically_relevant_then_convert_to_supplemental_fact
trial_query_031,1,pregnancy_obstetrics,2.6495,"[""الحساسيه"", ""الحمل"", ""توخر"", ""علاجات"", ""عمليه"", ""والربو""]",ahd5k_00510,أرجية حساسية,هل تؤخر علاجات الحساسية والربو عملية الحمل ؟,سؤال جدا شيق ومهم . حقيقة من مضاعفات استعمال بعض انواع مضادات الهيستامين على المدى الطويل قد تؤثر على الخصوبة لدى الرجال عن طريق تقليل كمية انتاج الحيوانات المنوية . اما لدى النساء فإن لمضادات الهيستامين اثرا على تجفيف بعض سوائل الجسم ومن بينها مخاط عنق الر...,exact_eval_question_match,reject_eval_leakage,needs_review,approve_if_medically_relevant_then_convert_to_supplemental_fact
trial_query_031,2,pregnancy_obstetrics,1.0165,"[""الحمل"", ""عمليه""]",ahd5k_01629,حمل الأنابيب,"على ماذا تعتمد نسبة نجاح أطفال الانابيب؟ ,ما هي نسبة نجاح طفل الانابيب ؟",تعتمد نسبة نجاح طفل الأنابيب على عدة عوامل، ومنها الآتي: عمر المرأة. وجود حمل سابق. الحالة الصحية للزوجين. سبب اللجوء لعملية الأنابيب. نمط الحياة والعادات المتبعة، مثل التدخين. سلامة الحيوانات المنوية للزوج. التقنية المتبعة في المركز العلاجي. خبرة الطبيب ال...,,recommended_for_human_review,needs_review,approve_if_medically_relevant_then_convert_to_supplemental_fact
trial_query_031,3,pregnancy_obstetrics,1.0165,"[""علاجات"", ""عمليه""]",ahd5k_01998,أمراض باطنية,ما علاج قرقعة البطن مع انني لا اشرب الحليب ولا مشروبات غازيه ولا اكل بسرعه ولا اتوتر . اشعر بها فقط في قاعة محاضراتي.,ما تعاني منه يبدو القولون العصبي تجنب التفكير والقلق والنرفزة الراحة والاستجمام يجب تغير أنماطنا السريعة المتعجلة في تناول الطعام وفي عملية التبرز لا بد ان ندقق في نوعية الأطعمة التي نأكلها وفي موعد تناولها لا تشرب المشروبات الغازية ابتعد عن مضغ العلك ابتعد...,,recommended_for_human_review,needs_review,approve_if_medically_relevant_then_convert_to_supplemental_fact
trial_query_031,4,pregnancy_obstetrics,0.6082,"[""الحمل""]",ahd5k_00048,أمراض الغدد الصماء,زوجتي حامل لها شهرين وظهرت عندها الغدة هل تؤثر الغدة علي الحمل والجنين ً كثير لكم,ان هرمون الثيروكسين (هرمون الغده الدرقيه) مهم لنمو الجنين العقلي والجسدي، لذلك فان نقص افراز هذا الهرمون الذي يكون نتيجه خمول بالغده الدرقيه قد يؤدي اذا لم تتم معالجته لمده طويله خلال الحمل وخاصه في الثلث الثاني والثالث من الحمل الى تشوهات خلقية وحالات التقزم,,recommended_for_human_review,needs_review,approve_if_medically_relevant_then_convert_to_supplemental_fact
trial_query_031,5,pregnancy_obstetrics,0.6082,"[""عمليه""]",ahd5k_00530,أمراض باطنية,انا سويت عملية بواسير لي الان ١٦ يوم من اول يوم البول عندي صعب وغير مريح حتى اليوم.. لكن بالاضفه الى وجود الالم البسيط بالمثانه والخصيتان.. هل هو الم طبيعي؟؟؟,استمرار الألم والمعاناة لمدة 16 يوما يبدو أنه غير عادي، لذا عليك مراجعة الجراح الذى أجرى لك العملية.,,recommended_for_human_review,needs_review,approve_if_medically_relevant_then_convert_to_supplemental_fact
trial_query_038,1,pregnancy_obstetrics,4.5826,"[""chiari"", ""الاشعه"", ""الثانيه،"", ""الجنين"", ""الحصول"", ""الدرجه"", ""السابع"", ""السينيه"", ""الممكن"", ""باسماء"", ""حامل"", ""زوجتي"", ""شهرها"", ""صور"", ""طبيه"", ""قايمه"", ""متلازمه"", ""مراكز"", ""نهايه"", ""وتبين"", ""يعاني""]",ahd5k_00604,علم الأجنة,زوجتي حامل في نهاية شهرها السابع وتبين من صور الأشعة السينية أن الجنين يعاني من متلازمة Chiari من الدرجة الثانية، : هل من الممكن الحصول على قائمة بأسماء مراكز طبية...,نعم هنالك عدد من اختصاصي جراحة الاكفاء في عمان الرجاء الاتصال بنا لدى حضوركم وسوف نقوم بالاتمام شخصيا لانتقاء افضل اطباء جراحي الاطفال لاجراء العمليه. د.سليمان ضبيط مدير وحدة الاخصاب والوراثة +962-6-4647217 +962-6-4644281 +692-79-5544688,exact_eval_question_match,reject_eval_leakage,needs_review,approve_if_medically_relevant_then_convert_to_supplemental_fact
trial_query_038,2,pregnancy_obstetrics,0.8547,"[""الجنين"", ""حامل"", ""زوجتي""]",ahd5k_00048,أمراض الغدد الصماء,زوجتي حامل لها شهرين وظهرت عندها الغدة هل تؤثر الغدة علي الحمل والجنين ً كثير لكم,ان هرمون الثيروكسين (هرمون الغده الدرقيه) مهم لنمو الجنين العقلي والجسدي، لذلك فان نقص افراز هذا الهرمون الذي يكون نتيجه خمول بالغده الدرقيه قد يؤدي اذا لم تتم معالجته لمده طويله خلال الحمل وخاصه في الثلث الثاني والثالث من الحمل الى تشوهات خلقية وحالات التقزم,,recommended_for_human_review,needs_review,approve_if_medically_relevant_then_convert_to_supplemental_fact
trial_query_038,3,pregnancy_obstetrics,0.8547,"[""الجنين"", ""حامل"", ""زوجتي""]",ahd5k_00941,علم الأجنة,زوجتي حامل في بداية الشهر الخامس وونزل منها ماء من الجنين بكثر استمر معها نصف ساعه وبداي ياتيها متقطع فماهو السبب وطريقه تفاديها وهل هناك خطوره عليهما؟,يجب مراجعه طبيبك في اقرب ، حيث ان هذا السائل يمكن ان يكون نتيجه ثقب في الكيس حول الجنين مما يؤدي الى نزول السائل الامينوسي حول الجنين ، او نتيجه لتوسع في عنق الرحم مما يؤدي الى نزول افرازات مهبليه تشبه الماء. وهذه قد تؤدي الى ولاده مبكره او التهابات قد تحتا...,,recommended_for_human_review,needs_review,approve_if_medically_relevant_then_convert_to_supplemental_fact
trial_query_038,4,pregnancy_obstetrics,0.8547,"[""الجنين"", ""حامل"", ""زوجتي""]",ahd5k_01099,حمل الأنابيب,زوجتي حامل ومنذ بداية حملها لم اتوقف عن الاتصال معهاابدا ..فهل ذلك له علاقه لما تشعر به من حرقه في المهبل...وهل ذلك له تأثير على الجنين....,ﻻتاثير على الجنين...والحرقه من التهابات نسائيه,,recommended_for_human_review,needs_review,approve_if_medically_relevant_then_convert_to_supplemental_fact
trial_query_038,5,pregnancy_obstetrics,0.8547,"[""الاشعه"", ""الممكن"", ""صور""]",ahd5k_02588,تشخيص,هل من الممكن تشخيص الحالة اذا تم ارسال فحوصات الاشعة لحالة مرضية من خلال موقعكم,حسب الحالة وحسب الوصف المقدم إذا كان مفصلا أم لا . كافيا أم لا؟ولكن التشخيص الأمثل يستلزم وجود صور الأشعة والفحوصات المخبرية.,,recommended_for_human_review,needs_review,approve_if_medically_relevant_then_convert_to_supplemental_fact
trial_query_039,1,other,4.073,"[""الدم"", ""الزعرور"", ""السليم"", ""الشخص"", ""تتعارض"", ""تناول"", ""سلبيه"", ""عشبه"", ""كالاسبرين"", ""للعشبه"", ""لنتيجه"", ""مميعات"", ""وتودي"", ""وهل"", ""يوثر""]",ahd5k_00614,الطب البديل,هل عشبة الزعرور تتعارض مع مميعات الدم كالأسبرين وتؤدي لنتيجة سلبية ؟ وهل تناول الشخص السليم للعشبة لا يؤثر ؟,وجد ان هذه العشبة تزيد من سيولة الدم في المرضى الذين يأخذون الاسبرين او البلافكس او الورفارين وهم الغالبية العظمى من مرضى القلب وبالتالي تزيد من سيولة الدم ، وكذلك تزيد من احتمالية تسمم الجسم بدواء ( DIGOXIN ) وذلك عند تفاعله مع هذه العشبة تزداد معدلاته في ...,exact_eval_question_match,reject_eval_leakage,needs_review,approve_if_medically_relevant_then_convert_to_supplemental_fact
trial_query_039,2,other,0.9746,"[""الدم"", ""تناول"", ""وهل""]",ahd5k_00696,أمراض الدم,السلام عليكم مولود جديد بعد التحاليل ظهر مع الانيميا الفوليه ما اسباب الانيميا الفوليه وكيفية تفاديها؟ وهل لها علاج وهل تذهب او تزول كل ما كبر الطفل؟ وهل لها مخاطر...,الفوال أو التفول هو الاضطراب الخلقي الجيني الناجم عن نقص الأنزيم المسؤول عن الحفاظ على تركيز ببتيد الغلوتاثيون الذي يحمي خلايا الدم الحمراء من التلف بفعل الأكسدة وبالتالي التسبب في فقر الدم الانحلالي الغير مناعي وخاصة عند تناول المُصاب لكميات كبيرة من الفول...,,reject_generic_topic,needs_review,approve_if_medically_relevant_then_convert_to_supplemental_fact
trial_query_039,3,other,0.9746,"[""الدم"", ""وهل"", ""يوثر""]",ahd5k_00775,أمراض الغدد الصماء,شكرا دكتور ممكن سؤال ثاني انا الاجسام المضادة للغدة الدرقية عندي مرتفعة بس تحليل الدم فيه نسبة الهرمون طبيعي.عادي اني ما اخذ دواء وهل يؤثر ارتفاع الاجسام المضادة على الحمل,اهم شيء هو نسبة الهرمونات في الدم. اذا كانت طبيعية فلا تحتاجي الى أي علاج ولا يوجد تأثير على الحمل,,reject_generic_topic,needs_review,approve_if_medically_relevant_then_convert_to_supplemental_fact
trial_query_039,4,other,0.9746,"[""الدم"", ""وهل"", ""يوثر""]",ahd5k_01551,علم النبات,ماهي أضرارشجرة القات وماهي منافعها إذا لها فوائد وهل صحيح أنها علاج لمرضى السكر,مضاره: ١- يؤدي إلى صعوبة التبول، وإفرازات منوية لاإرادية بعد التبول وكذلك الضعف الجنسي. ٢-زيادة السكر في الدم والتعرض لمرض السكري ٣-يقلل نسبة البروتين في الدم مما يؤثر على نمو الجسم ويسبب الهزال وضعف البنية لدى المتعاطين ٤-يسبب عسر الهضم ويؤدي إلي البواسير ...,,reject_generic_topic,needs_review,approve_if_medically_relevant_then_convert_to_supplemental_fact
trial_query_039,5,other,0.9746,"[""الدم"", ""تناول"", ""يوثر""]",ahd5k_02200,أمراض الغدد الصماء,ما هي أهم أسباب نشاط الغدة الدرقية؟,يعاني العديد من الأشخاص من حالة صحية تسمى نشاط الغدة الدرقية حيث يحدث في هذه الحالة إفراز كمية كبيرة من هرمونات الغدة الدرقية وهما ثلاثي يودوثيرونين (T3) وهرمون ثيروكسين (T4). ويوجد العديد من الحالات الصحية التي تسبب نشاط الغدة الدرقية ومن أسباب نشاط الغدة ...,,reject_generic_topic,needs_review,approve_if_medically_relevant_then_convert_to_supplemental_fact
trial_query_040,1,other,3.6641,"[""الايمن"", ""الحل"", ""انها"", ""بها"", ""تماما"", ""ثديي"", ""حلمه"", ""فتحه"", ""فما"", ""لذلك؟"", ""ملساء"", ""يوجد""]",ahd5k_00615,علم الأجنة,حلمة ثديي الايمن لا يوجد بها فتحة اي انها ملساء تماما فما هو الحل لذلك؟,يجب مراجعه اخصائي جراحه صدريه لفحص صدرك للتاكيد على فحصك، فاذا كنت فقط تعانين من وجود حلمه مسطحه فلا ضرر لها ،الا بعض الصعوبه عند الرضاعه ويمكن تصحيح هذا الشكل من الحلمات بعدة طرق ١.عمل بعض التمرينات لشد الحلمات إلى الخارج، وهي عبارة عن تمرينات تدليك لما حو...,exact_eval_question_match,reject_eval_leakage,needs_review,approve_if_medically_relevant_then_convert_to_supplemental_fact
trial_query_040,2,other,1.066,"[""انها"", ""بها"", ""يوجد""]",ahd5k_03329,علم الأجنة,أريد منكم تفاصيل كاملة عن الشيفرة الوراثية . وعن الأجنة التى يكون فيها إنقسامات ولكن الشيفرة الوراثية لديهم يوجد بها خلل. أرجووووووووووكم ساعدونى فى هذه المعلومات,خريطة الجينوم يمكن تعريفها على أنها التركيبة الكاملة للتعليمات الخاصة بتكوين الكائن الحي، وتحتوي على البصمات التي تحدد كل مكونات وأنشطة الخلية طوال حياة الكائن الحي، وهذه العوامل الوراثية موجودة على أشرطة محكمة الحلزونية من الحمض الديوكسي ريبوزي (DNA) بالإض...,,reject_generic_topic,needs_review,approve_if_medically_relevant_then_convert_to_supplemental_fact
trial_query_040,3,other,1.066,"[""انها"", ""فتحه"", ""يوجد""]",ahd5k_03339,أمراض القلب و الشرايين,عمر طفلي 7 أشهر عملو له تخطيط بالقلب يوجد بقلبه فتحه او ثقب قال الطبيب طبيعي لعمرة ويزول مع العمر هل هذا صحيح وهل يوجد خطورة ومتى تزول؟,لم تذكر نوع ومكان الفتحة، لكن من قول الطبيب يبدو أنها في الجدار الأذيني، وإن كان كذلك فإنها ليست مدعاة للقلق وفقط يستوجب علاج أي التهاب يتعرض له بشكل جيد والمتابعة الدورية خاصة في البداية والالتزام بنصائح الطبيب ليس أكثر.,,reject_generic_topic,needs_review,approve_if_medically_relevant_then_convert_to_supplemental_fact
trial_query_040,4,other,0.866,"[""انها"", ""بها"", ""يوجد""]",ahd5k_03769,أمراض الغدد الصماء,عملت جميع الفحوصات على العدة الدرقية تبين أنها تعمل بشكل جيد وهرموناتها معتدلة لكن يوجد بها التهاب فوصف لي الطبيب levothyrox25 1/2cp أيش رأيكم,هذا الدواء لا يفيد الالتهابات,,reject_generic_topic,needs_review,approve_if_medically_relevant_then_convert_to_supplemental_fact
trial_query_040,5,other,0.7774,"[""الحل"", ""يوجد""]",ahd5k_00088,علم التشريح,هل يوجد علاج دوائى او طبيعي لعلاج انفراص بالفاصل العجزي القطني,اذا كان هذا الانقراص غير مسبب لضغط على الجذور العصبية يمكن العلاج من خلال جلسات علاج فيزيائي ام اذا كان ضاغطا فالجراحة هي الحل كذل في حال تضيق قناة النخاع المصاحبة لانزلاق غضروفي,,reject_generic_topic,needs_review,approve_if_medically_relevant_then_convert_to_supplemental_fact
trial_query_041,1,dental,3.0284,"[""cephadar"", ""forte"", ""اخذ"", ""الاسنان"", ""تنصحني"", ""معي"", ""منه"", ""وعندي""]",ahd5k_00625,أمراض الأسنان,معي علاج cephadar forte وعندي الام في الاسنان.. تنصحني اخذ منه,ممكن تأخذ منه ولكن انت بحاجة إلى مسكن الم أيضا مثل Brufen,exact_eval_question_match,reject_eval_leakage,needs_review,approve_if_medically_relevant_then_convert_to_supplemental_fact
trial_query_041,2,dental,0.9071,"[""معي"", ""منه""]",ahd5k_00804,تشخيص,ما تفسير شعورى بقبضة فى صدرى تستغرق بضعة ثوانى ويصاحبها ضيق فى التنفس ....كان يتكرر هذا الموضوع معى من فترة الى اخرى ثم اصبح يوميا ثم يقل تدريجيا ولكنى مازلت...,لفتاة بمثل عمرك من المستبعد وجود سبب قلبي للذي تشكين منه ولكن على الاغلب السبب خارجي من عضلات الصدر او من التوتر و القلق الافضل مراجعة طبيب,,recommended_for_human_review,needs_review,approve_if_medically_relevant_then_convert_to_supplemental_fact
trial_query_041,3,dental,0.9071,"[""اخذ"", ""منه""]",ahd5k_01330,الطب البديل,ماهو البردقوش وهل يوجد باليمن وهل يزيد من عدد الحيوانات المنويه؟,البردقوش v ينظم هرمونات الرينين و الألدسترون وينظم ضغط الدم. v منشط عام ، و يعمل على إعادة الاتزان الهرموني فينظم الدورة الشهرية وينشط المبايض فيساعد على الحمل، و يزيل الماء الزائد من الجسم. v طارد للغازات. v يفيد في علاج الروماتيزم و الأكزيما و القرح المعد...,,recommended_for_human_review,needs_review,approve_if_medically_relevant_then_convert_to_supplemental_fact
trial_query_041,4,dental,0.9071,"[""اخذ"", ""منه""]",ahd5k_02203,أمراض الغدد الصماء,السلام عليكم انا مصاب بالغدة السامة منذ 8 اشهر وقد تحولت الى خاملة بعد اخذ لدواء المضاد فماهو العلاج المناسب لهما .علما الدواء الذي استعمله هو carbimazole 5mg فقط,يوجد سببين لتحول الغدة من سامة الى خاملة هما 1) التهابات الغدة الدرقية (Thyroiditis) تحدث تكسيرا في الغدة فيزداد اطلاق الهرمون المختزن فيها (ولا يزداد الافراز أو الانتاج) مسببا السمية في البداية ولكن يعقب هذا خمول بسبب استهلاك الغدة والعلاج بعد انتهاء الفتر...,,recommended_for_human_review,needs_review,approve_if_medically_relevant_then_convert_to_supplemental_fact
trial_query_041,5,dental,0.5536,"[""اخذ""]",ahd5k_00065,إسعاف أولي,هل عقار اولفين المسكن له اثار جانبية مثل الفولتارين حيث اني مصاب بالصداع الشقيقه واحتاج مسكن قوي وشكرا,"الأولفين هو نفس الدواء فولتارين , فالاثنان يحتووا على نفس المادة الفعالة ديكلوفيناك , ولكن الاسم التجاري مختلف , ولهم نفس الأعراض الجانبية . فإذا كنت لا تعاني من ارتفاع في ضغط الدم. ولا من أي مشاكل , فإنك تستطيع أخذ الدواء , وخذه على معدة ممتلئة ( بعد الأكل...",,recommended_for_human_review,needs_review,approve_if_medically_relevant_then_convert_to_supplemental_fact
trial_query_042,1,other,3.9417,"[""اجد"", ""اريد"", ""الدرقيه"", ""الشكر"", ""الطبيب"", ""النتيجه"", ""تحاليل"", ""جزيل"", ""عمله"", ""للغده"", ""مختبر"", ""معرفه"", ""ولكم"", ""ولم""]",ahd5k_00632,أمراض الغدد الصماء,السلام عليكم عملة تحاليل في مختبر للغدة الدرقية ولم اجد الطبيب اريد معرفة النتيجه ولكم جزيل الشكر,يوجد كسل أولى بالغده الدرقيه ونحتاج للعلاج يجب زياره طبيب الغدد للفحص السريرى والاحتياج لاكمال باقى الفحوصات المعمليه وموجات صوتيه على الغده الدرقيه,exact_eval_question_match,reject_eval_leakage,needs_review,approve_if_medically_relevant_then_convert_to_supplemental_fact
trial_query_042,2,other,1.269,"[""اريد"", ""الدرقيه"", ""للغده"", ""معرفه""]",ahd5k_03154,أمراض الغدد الصماء,طب الغدد السلام عليكم اريد معرفة الحجم الطبيعي للغدة الدرقية بالسنتمتر. مثلا الفص الايمن طوله 7.30 وعرضه 2.69 وبسماكة 2،45 والفص الايسر طوله 7.25 وعرضه 2.49 وبسماكة 2.60 شكرا,تستطيع معرفة ذلك عبر مواقع الانترنت,,reject_generic_topic,needs_review,approve_if_medically_relevant_then_convert_to_supplemental_fact
trial_query_042,3,other,0.8018,"[""الشكر"", ""جزيل"", ""ولكم""]",ahd5k_04985,كيمياء حيوية,هل السرطان يختلف بعضه مع البعض من حيث تركيب بايوكيمستري؟ مع المصر اذا وجد! ولكم مني جزيل الشكر,نعم كل نوع من السرطان ينشأ من نوع خلايا معينة ولكل منها صفات خاصة,,reject_generic_topic,needs_review,approve_if_medically_relevant_then_convert_to_supplemental_fact
trial_query_042,4,other,0.7345,"[""الدرقيه"", ""ولم""]",ahd5k_00189,أمراض القلب و الشرايين,ماهي اسباب الضربات الهاجرة في القلب وكيف يمكن علاجها بدون اخذ حبوب الاندرال لاني اخذته ولم تذهب هذه الضربات علما ان عمري 45 سنة افيدوني؟,أسبابها كثيرة وتختلف من شخص لآخر، فمن الممكن أن تكون أحد الأعراض الثانوية لإضطراب آخر يتعلق بالغدة الدرقية أو بفقر الدم أوغيره من الأسباب الكثيرة والمتعددة، وإذا كان لا يوجد هناك أي علة أو سبب واضح يفسر حدوثها، يبقى الإحتمال أن تكون أولية وهذه عدة أنواع أيض...,,reject_generic_topic,needs_review,approve_if_medically_relevant_then_convert_to_supplemental_fact
trial_query_042,5,other,0.7345,"[""الدرقيه"", ""الطبيب""]",ahd5k_00683,أمراض القلب و الشرايين,مرحبا اعاني منذ فتره من نبضات قلي قويه واصبحت اشعر بها في جميع اجزاء جسمي خصوصا قبل النوم وضيق تنفس وسرعة التعب وقلق علما اني تعرضت لموقف قلق وتوتر ووخزات...,أتمنى لك السلامة، وأود الإشارة إلى ضرورة مراجعة الطبيب لتحديد الأسباب المحتملة ووصف العلاج المناسب فلا يجب إهمال هذه الأعراض، وبشكل عام قد يكون ذلك ناجم عن العديد من الأسباب، ومنها الآتي: القلق أو التوتر. ممارسة الرياضة أو النشاط البدني. الجفاف. ارتفاع درجة...,,reject_generic_topic,needs_review,approve_if_medically_relevant_then_convert_to_supplemental_fact
trial_query_044,1,drug_safety,4.3231,"[""استخدامهم"", ""الحديد"", ""بالسكر"", ""حبوب"", ""ظهري"", ""ظهور"", ""علاقه"", ""فقر"", ""فيتامين"", ""فيرومن"", ""كبريتات"", ""لاحظت"", ""لان"", ""لها"", ""مريضه"", ""واستخدم"", ""وبعد""]",ahd5k_00655,أمراض الدم,انا مريضه بالسكر واستخدم فيرومن كبريتات الحديد لان عندي فقر دم مع فيتامين ب وبعد استخدامهم لاحظت ظهور حبوب في ظهري هل لها علاقه في ذلك ؟,من التاثيرات الجانبية لدواء فيرومين كبريتات الحديد ظهور مثل هذه الحبوب غيري العلاج,exact_eval_question_match,reject_eval_leakage,needs_review,approve_if_medically_relevant_then_convert_to_supplemental_fact
trial_query_044,2,drug_safety,1.4127,"[""حبوب"", ""فقر"", ""فيتامين"", ""لان"", ""وبعد""]",ahd5k_01394,تشخيص,هل يوجد أعشاب طبية تساعد على الشفاء من حالة الاكتئاب و الشعور بالخوف ، علما بأنه يوجد لدي فقر دم (انيميا الفول ) و يتجدث حالات الاكتئاب هذه عند تناول...,يختلف تأثير الطعام على الإنسان من شخص لآخر تبعاً للعديد من العوامل والأسباب وإن من أهم أسباب الشعور بالاكتئاب هو نقص عناصر غذائية في وجباتنا الغذائية . مشروبات بين الوجبات للقضاء على الاكتئاب للحالات العادية : - شاي الأعشاب المكوّن من التليو + النعناع + الب...,,recommended_for_human_review,needs_review,approve_if_medically_relevant_then_convert_to_supplemental_fact
trial_query_044,3,drug_safety,1.1701,"[""ظهور"", ""علاقه"", ""لان"", ""لها""]",ahd5k_03852,صحة المسنين,كيف نتعامل مع كآبة المسنين؟ الاعلامية والعاملة الاجتماعية سلام الحاج من لبنان,عادة بعد التقدم في السن يكون قد تكون لدى الشخص الكثير من التجارب الحياتية التي تطبع في ذاكرته معاني خاصة وتثير في نفسه شجون مختلفة فكلما انفرد مع نفسه أخذ يقلبها ويعيد حساباته وتقيمه لها، وهذا الاستطراق يأخذه إلى الانفصال المؤقت وعدم التفاعل مع المحيط والوا...,,recommended_for_human_review,needs_review,approve_if_medically_relevant_then_convert_to_supplemental_fact
trial_query_044,4,drug_safety,0.9276,"[""الحديد"", ""فقر"", ""فيتامين""]",ahd5k_00594,أمراض الدم,السلام عليكم دكتور انا عندي فقر دم اي هي اغدية المفيدة الي؟,يحدث فقر الدم عندما لا يحتوي جسمك على ما يكفي من خلايا الدم الحمراء نتيجة فقدان الدم أو عدم القدرة على تكوين خلايا دم حمراء كافية. ويوجد العديد من أنوع فقر الدم منها الذي يكون بسبب نقص الحديد أو حمض الفوليك أو فيتامين ب-12 وغيرها. ويمكن اتباع نظام غذائي غني...,,recommended_for_human_review,needs_review,approve_if_medically_relevant_then_convert_to_supplemental_fact
trial_query_044,5,drug_safety,0.9276,"[""علاقه"", ""فيتامين"", ""لها""]",ahd5k_00838,أمراض باطنية,اشعر بتنميل من بداية النصف الاسفل من الجسم حتى اسفل القدم عند تحريك الرقبة الى اسفل و انا عندي انيميا هل لها علاقة,نعم ... نقص فيتامين (ب12) يسبب انيميا وتنميل,,recommended_for_human_review,needs_review,approve_if_medically_relevant_then_convert_to_supplemental_fact
trial_query_045,1,other,4.9958,"[""eco"", ""الصدر"", ""العمر"", ""تشخيصيه"", ""تعاني"", ""دوا"", ""سنتين"", ""ضغط"", ""طبيعي"", ""عملت"", ""قسطره"", ""كله"", ""لاول"", ""للظهر،"", ""للقلب"", ""مره"", ""مستقر،"", ""معها"", ""والوضع"", ""وبتاخدله"", ""وفحوصات"", ""وكان"", ""ويمتد""]",ahd5k_00656,أمراض القلب و الشرايين,العمر 47.. لأول مرة تعاني من الم في الصدر ويمتد للظهر، معها ضغط وبتاخدله دوا والوضع مستقر، من سنتين عملت قسطرة تشخيصية للقلب وفحوصات دم و ECO وكان كله طبيعي.....,إذا كانت الفحوصات القلبية طبيعية فقد يكون السبب من العمود الفقري الرقبي أو الظهري,exact_eval_question_match,reject_eval_leakage,needs_review,approve_if_medically_relevant_then_convert_to_supplemental_fact
trial_query_045,2,other,1.0341,"[""تعاني"", ""سنتين"", ""طبيعي"", ""مره""]",ahd5k_04903,تشخيص,واعذروني للاطالة للضرورة القصوي ولاشرح الصورة كاملة ، منذ سنتين تقريبا وانا اعاني من الاعراض التاليةالم وحرقة وحرارة وحكة اسفل الفخذين فقط عندما اكون جالسا وعند الوقوف والمشي والنوم لا...,مرة اخرى اقول لك بان ما تعاني منه عبارة عن التهاب غشائي عضلي انصحك الجلوس على طوق هواء لتخفيف اثارة الانسجة والاعصاب ويمكنك مراجعة مركز علاج طبيعي,,reject_generic_topic,needs_review,approve_if_medically_relevant_then_convert_to_supplemental_fact
trial_query_045,3,other,0.8255,"[""الصدر"", ""تعاني"", ""مره""]",ahd5k_00970,أرجية حساسية,ما علاج البلغم (حساسية الصدر) رغم اخذى هلاج اكثر من مرة ولا فائدة ؟ هل امتنع عن طعام معين يزيد البلغم وانا غير مدخن واخذ علاج للضغط والكوليسترول عمرى 55...,اذا كنت مدخنا يجب الاقلاع عن التدخين نهائياً وقطعياً علما بأنك لا تدخن كما قلت لكن جلوسك في مكان فيه مدخنين يجعلك مدخناً ايضاً اذا كنت تعاني من التهاب ما في الجزء العلوي من الجهاز التنفسي يجب ان تتعالج يجب التأكد من ما تعانيه هل هو ربو ؟؟ او هل هناك حساسية ...,,reject_generic_topic,needs_review,approve_if_medically_relevant_then_convert_to_supplemental_fact
trial_query_045,4,other,0.8255,"[""الصدر"", ""تعاني"", ""ضغط""]",ahd5k_03423,صحة المسنين,"لدي جدتي تعاني من مرض لحد الان لم نتمكن من معرفة السبب رغم اخضاعها لعدة أطباء و يقولون صحتها ممتازة , أجرينا اشعاعات الصدر و القلب و الرئة و لا...",يجب مراقبة ضغط الدم باستمرار ، وخاصة عندما يصيبها الإغماء،ومراجعة الطبيب حول الموضوع.,,reject_generic_topic,needs_review,approve_if_medically_relevant_then_convert_to_supplemental_fact
trial_query_045,5,other,0.617,"[""تعاني"", ""ضغط""]",ahd5k_00065,إسعاف أولي,هل عقار اولفين المسكن له اثار جانبية مثل الفولتارين حيث اني مصاب بالصداع الشقيقه واحتاج مسكن قوي وشكرا,"الأولفين هو نفس الدواء فولتارين , فالاثنان يحتووا على نفس المادة الفعالة ديكلوفيناك , ولكن الاسم التجاري مختلف , ولهم نفس الأعراض الجانبية . فإذا كنت لا تعاني من ارتفاع في ضغط الدم. ولا من أي مشاكل , فإنك تستطيع أخذ الدواء , وخذه على معدة ممتلئة ( بعد الأكل...",,reject_generic_topic,needs_review,approve_if_medically_relevant_then_convert_to_supplemental_fact
trial_query_048,1,labs,2.8458,"[""البروثرومبين"", ""البروثرومبين؟"", ""بمعلويه"", ""تركيز"", ""حساب"", ""زمن"", ""كيف""]",ahd5k_00679,كيمياء حيوية,بمعلوية زمن البروثرومبين كيف يمكن حساب تركيز البروثرومبين؟,إن زمن البروثرومبين وتركيز البروثرومبين في الدم يتم قياسه من خلال تحليل الدم. إن زمن التخثر هو مقياس للتسلسل التخثري للدم ويتكون من مجموعة من العوامل منها العامل 7، 2(البروثرومبين)، 5، 10، والفيبرينوجين. ويتم إجراء الاختبار عن طريق إضافة الكالسيوم والثرومبو...,exact_eval_question_match,reject_eval_leakage,needs_review,approve_if_medically_relevant_then_convert_to_supplemental_fact
trial_query_048,2,labs,0.578,"[""كيف""]",ahd5k_00012,أمراض باطنية,السلام عليكم اناعمري 22 سنة واعاني من القولون العصبي ولدي توسع بالكليتين بسبب وجود الحصى كيف يمكنني التخلص من الحصى ومشاكل القولون,التخلص من الحصى يكون اولا بدراستها لمعرفة مكانها وخجمها وطبيعتها وبعد ذلك ممكن للطبيب ان يقرركيفية التخلص منها اما القولون العصبي فبأمكانك البحث في موقعنا الطبي عن ذلك وستجد كتابات عديدة وقيمة,,recommended_for_human_review,needs_review,approve_if_medically_relevant_then_convert_to_supplemental_fact
trial_query_048,3,labs,0.578,"[""تركيز""]",ahd5k_00696,أمراض الدم,السلام عليكم مولود جديد بعد التحاليل ظهر مع الانيميا الفوليه ما اسباب الانيميا الفوليه وكيفية تفاديها؟ وهل لها علاج وهل تذهب او تزول كل ما كبر الطفل؟ وهل لها مخاطر...,الفوال أو التفول هو الاضطراب الخلقي الجيني الناجم عن نقص الأنزيم المسؤول عن الحفاظ على تركيز ببتيد الغلوتاثيون الذي يحمي خلايا الدم الحمراء من التلف بفعل الأكسدة وبالتالي التسبب في فقر الدم الانحلالي الغير مناعي وخاصة عند تناول المُصاب لكميات كبيرة من الفول...,,recommended_for_human_review,needs_review,approve_if_medically_relevant_then_convert_to_supplemental_fact
trial_query_048,4,labs,0.578,"[""تركيز""]",ahd5k_01162,أمراض الدم,عندي فقر دم وعملت التحاليل عندي نقص فيتامين دال ونقص حديد وصف لي الدكتور 20 ابرة حديد لمدة شهر هل اخذ هالكمية بهذه المدة آمن أم مضر للجسم ؟ وما...,يجب الاعتماد على نسبة الهيموكلوبين لتحديد طريقة العلاج و كمية العلاج نسبة مخزون الحديد في الجسم مقبولة نعم يوجد نقص في نسبة فيتامين د تركيز الحديد يختلف حسب نوعية العلاج العدد المذكور في رسالتك غير مستوجب وغير متوافق مع التحليل المرسل مع السؤال,,recommended_for_human_review,needs_review,approve_if_medically_relevant_then_convert_to_supplemental_fact
trial_query_048,5,labs,0.578,"[""زمن""]",ahd5k_02142,حمل الأنابيب,هل تعرض السائل المنوي للبرودة او التبريد في نقله من البيت الى المختبر يؤثر على النتائج ام لا ؟,نعم يؤثر على النتيجة لذلك يفضل عند عمل التحليل للسائل المنوي اولا ان يتم وضع كامل العينة وخاصة اولها في العبوة المخصصة لذلك واما بالنسبة للحرارة فاضل حرارة ملائمة لنقل السائل المنوي هي من 25-37 مؤية ويفضل ان لا يستغرق زمن اكثر من 30 دقيقة لوصول العينة للمختبر.,,recommended_for_human_review,needs_review,approve_if_medically_relevant_then_convert_to_supplemental_fact
trial_query_050,1,other,2.2361,"[""العلاج"", ""القلب"", ""بطييه"", ""فما"", ""نبضات""]",ahd5k_00691,أمراض القلب و الشرايين,نبضات القلب بطيئة فما العلاج,هذا يعتمد على حدة ونوع البطئ وعلى السبب,exact_eval_question_match,reject_eval_leakage,needs_review,approve_if_medically_relevant_then_convert_to_supplemental_fact
trial_query_050,2,other,1.5416,"[""العلاج"", ""القلب"", ""نبضات""]",ahd5k_00683,أمراض القلب و الشرايين,مرحبا اعاني منذ فتره من نبضات قلي قويه واصبحت اشعر بها في جميع اجزاء جسمي خصوصا قبل النوم وضيق تنفس وسرعة التعب وقلق علما اني تعرضت لموقف قلق وتوتر ووخزات...,أتمنى لك السلامة، وأود الإشارة إلى ضرورة مراجعة الطبيب لتحديد الأسباب المحتملة ووصف العلاج المناسب فلا يجب إهمال هذه الأعراض، وبشكل عام قد يكون ذلك ناجم عن العديد من الأسباب، ومنها الآتي: القلق أو التوتر. ممارسة الرياضة أو النشاط البدني. الجفاف. ارتفاع درجة...,,reject_generic_topic,needs_review,approve_if_medically_relevant_then_convert_to_supplemental_fact
trial_query_050,3,other,1.0944,"[""القلب"", ""نبضات""]",ahd5k_00085,أمراض القلب و الشرايين,ماهو المعدل الطبيعي لضغط الدم لرجل عمرة في 79 سنة وماهو هو عدد نبضات القلب المثالي بالنسبة له .,حسب عوامل الخطورة الاخرى كالسكري و الكلى. اذا لانوجد أمراض مصاحبة ١٤٠-٨٠ و ضربات القلب تقريبا من ٦٥-٨٥ لكن ممكن ان نقبل ضربات قلب اقل او اكثر,,reject_generic_topic,needs_review,approve_if_medically_relevant_then_convert_to_supplemental_fact
trial_query_050,4,other,1.0944,"[""القلب"", ""نبضات""]",ahd5k_00614,الطب البديل,هل عشبة الزعرور تتعارض مع مميعات الدم كالأسبرين وتؤدي لنتيجة سلبية ؟ وهل تناول الشخص السليم للعشبة لا يؤثر ؟,وجد ان هذه العشبة تزيد من سيولة الدم في المرضى الذين يأخذون الاسبرين او البلافكس او الورفارين وهم الغالبية العظمى من مرضى القلب وبالتالي تزيد من سيولة الدم ، وكذلك تزيد من احتمالية تسمم الجسم بدواء ( DIGOXIN ) وذلك عند تفاعله مع هذه العشبة تزداد معدلاته في ...,,reject_generic_topic,needs_review,approve_if_medically_relevant_then_convert_to_supplemental_fact
trial_query_050,5,other,1.0944,"[""العلاج"", ""القلب""]",ahd5k_00924,جراحة القلب والشرايين,ماسلبيات توسيع الشرايين بالشبكات,شبكات توسيع الشرايين هي من الأجهزة الطبية التي فرضت نفسها بقوة في مجال معالجة أمراض القلب وتضيق الأوعية، وهذه الدعامات عادة ما تتكون من إطار معدني، وتوضع داخل الشريان للمساعدة على ابقائه مفتوحا، ولكن بما أنها تشكل جسم غريب بالنسبة لجسم المريض (ليست من نسيج ...,,reject_generic_topic,needs_review,approve_if_medically_relevant_then_convert_to_supplemental_fact
trial_query_054,1,dental,3.0284,"[""؟؟؟؟"", ""احمر"", ""اللثه"", ""تغير"", ""جزء"", ""لون"", ""وجزء"", ""وردي""]",ahd5k_00736,أمراض الأسنان,سبب تغير لون اللثه جزء وردي وجزء احمر ؟؟؟؟,الوردي هو اللون الطبيعي للثة السليمة و الاحمرار علامة التهاب ..... و التهاب اللثة في اغلب الاحيان يكمن السبب في اهمال الاعتناء بالنظافة الفمية ... الحل باجراء تنظيف للاسنان عند الطبيب و تفريش الاسنان بطريقة صحيحة و استعال مضمضة طبية و اتباع التعليمات الاضاف...,exact_eval_question_match,reject_eval_leakage,needs_review,approve_if_medically_relevant_then_convert_to_supplemental_fact
trial_query_054,2,dental,0.9071,"[""اللثه"", ""لون""]",ahd5k_04612,الطب البديل,هل يوجد حل لعلاج الشيب المبكر ؟ هل خلطة الريحان و الروزماري مفيدة للتخلص من الشيب؟,"لشيب (الشعر الأبيض) ظهور الشيب عملية فسيولوجية تحدث عادة عند التقدم في العمر. وذلك عندما لا تستطيع الخلايا الملونة التي تفرز مادة الميلانين (والتي تعطي الشعرة اللون) الاستمرار في نشاطها، إذ تفقد الشعرة لونها وتصبح بيضاء وهذا ما يسمى ""بالشيب"". إن ظهور الشيب ...",,recommended_for_human_review,needs_review,approve_if_medically_relevant_then_convert_to_supplemental_fact
trial_query_054,3,dental,0.5536,"[""تغير""]",ahd5k_01406,أمراض القلب و الشرايين,"انا عندى 16 سنة وعندي ارتخاء بالصمام الميترالى والاعراض اللى عندي دوخة لما أقف و بتعب من أقل مجهود , وعند الاستيقاظ هناك ضيق بالتنفس,والدكتورظكاتبلى اندرال 20 جم بس مش...",نرى من المهم معاودة طبيبك لتعديل العلاج فقد يتطلب الأمر تغير الاندرال أو تخفيض جرعته,,recommended_for_human_review,needs_review,approve_if_medically_relevant_then_convert_to_supplemental_fact
trial_query_054,4,dental,0.5536,"[""اللثه""]",ahd5k_01751,أمراض الأسنان,منذ فطرة عملت حشوة لسن الأمامي لكن الآن السن تتحرك كثيرا دون الم ما العمل من فضلكم,حركه السن فد ترجع لعده اسباب منها التهاب الاسنجه المحيطه بالسن او اللثه يفضل عمل صوره اشعه,,recommended_for_human_review,needs_review,approve_if_medically_relevant_then_convert_to_supplemental_fact
trial_query_054,5,dental,0.5536,"[""تغير""]",ahd5k_01924,علم التشريح,لدي قريبة تعاني من مشكل تفاوت الثديينحيث ان اثناء العادة الشهرية تنتفخ اليمنى دون تغير في اليسرى(بمعنى ان اليسرى هي التي لاتنمو طبيعيا)ما هو العلاج؟مع العلم انها تحاول تجنب العمليات...,الكثير من السيدات خاصة بعد سن 35 سنة تعانين من انتفاخ في الثديين قبل نزول الدورة باسبوع واثناء الدورة وذلك بسبب احتباس السوائل نتيجة تغير الهرمومنات التي تفرزها المبايض . وحجم الثديين لدى الكثير من السيدات غير متساوي بمعنى ان احد الثديي اكبر من الاخر وقد يظ...,,recommended_for_human_review,needs_review,approve_if_medically_relevant_then_convert_to_supplemental_fact
trial_query_055,1,other,4.5589,"[""اخري"", ""الا"", ""الالم"", ""الحوض"", ""الرقبه"", ""السبعين"", ""القويه"", ""الكتف"", ""المسكنات"", ""امراءه"", ""تخخف"", ""تمتد"", ""حتي"", ""عصاب"", ""علما"", ""فهل"", ""قويه"", ""نتيجه"", ""والظهر""]",ahd5k_00754,صحة المسنين,انا امراءة فى السبعين اعاني من الام قوية تمتد من الرقبة الى الكتف والظهر حتى الحوض فهل ممكن الالم نتيجة الا عصاب ام اسباب اخرى علما ام المسكنات القوية تخخف...,الالام التي تعانين منها قد تكون نتيجة انزلاق غضروفي عنقي او خشونة عالية في الفقرات او التهاب اوتار . ينصح عمل صورة رنين مغناطيسي للعنق وفحص هشاشة عظام ومراجعة اخصائي جراحة اعصاب من اجل الفحص السريري,exact_eval_question_match,reject_eval_leakage,needs_review,approve_if_medically_relevant_then_convert_to_supplemental_fact
trial_query_055,2,other,1.1177,"[""الالم"", ""حتي"", ""علما"", ""نتيجه""]",ahd5k_03738,أمراض باطنية,منذ فتره اشعر بألم فى عضله الصدر وليس القفص الصدرى وهذا عند الضغط عليها اريد ان اعرف ما السبب؟,الالم الذي يحدث عند الضغط على عضلة الصدر دليل وجود الالم في العضلة نفسها ربما نتيجة تشنج ما او جهد ما قمت به والافضل في هذه الحالة ان تريح هذه العضلة ولا تقوم بمجهود علما بان احيانا حتى السعال يسبب الم في عضلة الصدر,,reject_generic_topic,needs_review,approve_if_medically_relevant_then_convert_to_supplemental_fact
trial_query_055,3,other,0.8882,"[""الالم"", ""الكتف"", ""نتيجه""]",ahd5k_00486,صحة المسنين,السلام عليكم ورحمه الله وبركاته اناعندي الوالده كبيره بالسن تعاني من الم بالكتف وبعدالاشعات اخبروهابانه شخونه في الكتف واعطوهامسكنات وادويه ولاكن لم تفيدمعهاالابتخفبف الالم واخبروها كم دكتوربانه لازم تاخذابره بالكتف...,لم تذكر عمر الوالدة بالضبط، ولكن بشكل عام ، يحدث عند الكبار تاكل في الغضاريف ويسبب هذا الألم نتيجة احتكاك العظم،،هذا لا يمكن استعادته. لذلك يكون العلاج لتخفيف الألم ، والتدليك بالأدوية يفيد في تخفيف الألم ولكنه يجب أن يستمر، كذلك يجب تناول بعض المأكولات الت...,,reject_generic_topic,needs_review,approve_if_medically_relevant_then_convert_to_supplemental_fact
trial_query_055,4,other,0.8882,"[""الا"", ""حتي"", ""والظهر""]",ahd5k_03307,الطب البديل,ماهي نصائحك لمن عمل الحجامة بعد يوم؟,ملاحظات ومحظورات: وتكون الحجامة في الصباح والظهر أفضل من الليل. وهي مستحبة في أيام الإثنين والثلاثاء والخميس، ومنهيّ عن أيام السبت والأربعاء، ومكروهة في الجمعة وفي فصل الصيف الحجامة أفضل من فصل الشتاء (يمكن تدفئة الغرفة). وفي البلاد الحارة أفضل من البلاد ال...,,reject_generic_topic,needs_review,approve_if_medically_relevant_then_convert_to_supplemental_fact
trial_query_055,5,other,0.8882,"[""الكتف"", ""قويه"", ""نتيجه""]",ahd5k_04112,أمراض باطنية,السلام عليكم اولا اعاني من الصرع واتلقى العلاج الدائم يوميا حبتين كيبرا / ساينتوباين 200غرام واسبرين اطفال المخفف للدم الامي قوية بالمرارة والكلية لوجود حصى فيهما والحمد لله اخذت العلاج...,اولا بالنسبة للمرارة ان كان بها حص وات فالعلاج هو الاستئصال وان كان غير ذلك فتترك لقرار المريض حسب تحمله للألم و تكراره و عدم التاثير على حياته اليوميه، و بالنسبة لألم الكتف ان فى صورة حرارة فغالبا التهاب أعصاب نتيجة لخشونة بفقرات العنق، مراجعتك للطبيب ستشخ...,,reject_generic_topic,needs_review,approve_if_medically_relevant_then_convert_to_supplemental_fact
trial_query_058,1,other,3.7417,"[""اخروصف"", ""بالغدهالدرقيه"", ""بدات"", ""بسيط"", ""جيد"", ""سمنهوشعرانيهوكسل"", ""سن32عازبه"", ""طبيب"", ""طول154"", ""كليمين"", ""وeuthyrox25"", ""وجلوكوفيج"", ""ودورهغيرمنتظمهمن8سنوات"", ""وزن86""]",ahd5k_00772,أمراض الغدد الصماء,سن32عازبة طول154 وزن86 أعاني سمنةوشعرانيةوكسل بسيط بالغدةالدرقية ودورةغيرمنتظمةمن8سنوات بدأت مع طبيب آخروصف لي كليمين وجلوكوفيج وEuthyrox25 هل هذا جيد,بشكل عام نعم مناسب لعلاج تكيس المبايض وهذا مترافق مع زيادة الوزن ولذلك اهم شيء هو خفض الوزن,exact_eval_question_match,reject_eval_leakage,needs_review,approve_if_medically_relevant_then_convert_to_supplemental_fact
trial_query_058,2,other,0.4673,"[""طبيب""]",ahd5k_00142,تشخيص,السلام عليكم .. أعاني ما يقارب السنتين من تعرجات ( فطريات ) واضحة في لساني من الجهة اليمنى واليسرى بجوار منطقة الطحن مما سببت لي إحراج أثناء حديثي مع الناس...,عليك بالذهاب الى طبيب اخصائي وليس الى مستةصف لمعرفة التشخيص الحقيقي هل هو فطريات او نقص فيتامبناتك او اي شرء آخر,,reject_generic_topic,needs_review,approve_if_medically_relevant_then_convert_to_supplemental_fact
trial_query_058,3,other,0.4673,"[""طبيب""]",ahd5k_00507,تشخيص,هل الأعراض التالية لها علاقة بالأسنان وهى صداع فى الرأس وشعور بحرارة فى الرأس وفى العين حيث أشعر بثقل فى الجفون وأشعر بألام فى الأذنين ولكن ليست هناك مشاكل فى...,من الافضل والاجدى اذا وجد ضرس غقل او اكثر مطمور ان تبادرى لازالتهم وذلك لدى طبيب اسنان متمرس او لدى طبيب جراح وجه وفكين خيث يندرج هذا التخصص من ضمن تخصصه,,reject_generic_topic,needs_review,approve_if_medically_relevant_then_convert_to_supplemental_fact
trial_query_058,4,other,0.4673,"[""طبيب""]",ahd5k_00632,أمراض الغدد الصماء,السلام عليكم عملة تحاليل في مختبر للغدة الدرقية ولم اجد الطبيب اريد معرفة النتيجه ولكم جزيل الشكر,يوجد كسل أولى بالغده الدرقيه ونحتاج للعلاج يجب زياره طبيب الغدد للفحص السريرى والاحتياج لاكمال باقى الفحوصات المعمليه وموجات صوتيه على الغده الدرقيه,,reject_generic_topic,needs_review,approve_if_medically_relevant_then_convert_to_supplemental_fact
trial_query_058,5,other,0.4673,"[""طبيب""]",ahd5k_00671,أمراض القلب و الشرايين,السلام عليكم دكتور انا شاب عنري ٢٨ سنه - سويت اليوم فحص لضغط الدم طلع عندي الانبساطي٨٤ الانقباضي ١٦٢ مع العلم انه ودواني بعض القلق اثناء الفحص؟,ننصح بإعادة الفحص من قبل طبيب للتأكد من مستواه مرة ثانية وإن كان مرتفع اسكمال الفحص الطبي لتحديد درجته وسببه ان أمكن,,reject_generic_topic,needs_review,approve_if_medically_relevant_then_convert_to_supplemental_fact
trial_query_059,1,labs,4.5589,"[""اخذ"", ""ارتفاع"", ""الاجسام"", ""الحمل"", ""الدرقيه"", ""الدم"", ""المضاده"", ""الهرمون"", ""تحليل"", ""ثاني"", ""سوال"", ""طبيعي"", ""عادي"", ""فيه"", ""للغده"", ""مرتفعه"", ""نسبه"", ""وهل"", ""يوثر""]",ahd5k_00775,أمراض الغدد الصماء,شكرا دكتور ممكن سؤال ثاني انا الاجسام المضادة للغدة الدرقية عندي مرتفعة بس تحليل الدم فيه نسبة الهرمون طبيعي.عادي اني ما اخذ دواء وهل يؤثر ارتفاع الاجسام المضادة على الحمل,اهم شيء هو نسبة الهرمونات في الدم. اذا كانت طبيعية فلا تحتاجي الى أي علاج ولا يوجد تأثير على الحمل,exact_eval_question_match,reject_eval_leakage,needs_review,approve_if_medically_relevant_then_convert_to_supplemental_fact
trial_query_059,2,labs,1.5765,"[""الحمل"", ""الدرقيه"", ""الدم"", ""مرتفعه"", ""نسبه"", ""يوثر""]",ahd5k_02200,أمراض الغدد الصماء,ما هي أهم أسباب نشاط الغدة الدرقية؟,يعاني العديد من الأشخاص من حالة صحية تسمى نشاط الغدة الدرقية حيث يحدث في هذه الحالة إفراز كمية كبيرة من هرمونات الغدة الدرقية وهما ثلاثي يودوثيرونين (T3) وهرمون ثيروكسين (T4). ويوجد العديد من الحالات الصحية التي تسبب نشاط الغدة الدرقية ومن أسباب نشاط الغدة ...,,recommended_for_human_review,needs_review,approve_if_medically_relevant_then_convert_to_supplemental_fact
trial_query_059,3,labs,1.3471,"[""ارتفاع"", ""الحمل"", ""الهرمون"", ""تحليل"", ""نسبه""]",ahd5k_01925,حمل الأنابيب,هل يجب القيام بتحليل AMH قبل القيام ب IVF و هل تمثل نسبة ارتفاع مخزون البويضات الى فشل حدوث الحمل الطبيعي مع العلم ان تحليلي هوِAMH=15 h ارجو التوضيح قدر...,تحليل AMH ليس له علاقة بنجاح او فشل محاولة الاخصاب خارج الجسم وانما يعطي الطبيب المعالج فكرة تقريبه عن مخزون المبيض. عندما يكون فحوصات المبيض على الجهاز التراساوند بالحدود الطبيعية فلا داعي لاجراء فحص هرمون مخزون المبيض وارتفاع نسبة الهرمون يدل على ان المبي...,,recommended_for_human_review,needs_review,approve_if_medically_relevant_then_convert_to_supplemental_fact
trial_query_059,4,labs,1.3471,"[""ارتفاع"", ""الحمل"", ""الدم"", ""نسبه"", ""يوثر""]",ahd5k_02249,علم الأجنة,كيف يمكن ان يتاثر الجنين باضطرابات السكر في الام بمعنى هل اذا حدث هبوط او ارتفاع للسكر مرة واحدة يتاثر الجنين فوراحيث انني مصابة بالسكري واجهضت في الاسبوع السابع حيث...,يمكن أن يؤثر مرض السكري أثناء الحمل بما في ذلك النوع الأول، أو الثاني، أو سكري الحمل بشكل سلبي على صحة الأم والجنين. بالنسبة للنساء المصابات بمرض السكري من النوع الأول أو الثاني، فإن ارتفاع نسبة السكر في الدم واضطرابات السكر في الدم قبل حدوث الحمل وخلال الأ...,,recommended_for_human_review,needs_review,approve_if_medically_relevant_then_convert_to_supplemental_fact
trial_query_059,5,labs,1.3471,"[""ارتفاع"", ""الحمل"", ""الدم"", ""نسبه"", ""وهل""]",ahd5k_02823,الطب البديل,طفل عمره اربع سنوات شخص مرضه على انه كهرباء زائدة فهل يوجدلها علاج في الطب البديل وهل سيستمر هذا المرض طويلا وماهي نسبه أمكانية الشفاء؟وا,"عبارة ( كهرباء زائدة ) او ( شحنات كهرباء ) يطلقها الاطباء على داء الصرع لتخفيف الامر على الاهل بسبب الهلع و الخوف الذي ينتابهم من اسم الصرع بسبب النظرة الميتافيزيقية و الهالة التي تحيط بالصرع و له عدة اسماء : المسكة , النقطة , القرينة و غيرها من الاسماء و ا...",,recommended_for_human_review,needs_review,approve_if_medically_relevant_then_convert_to_supplemental_fact
trial_query_061,1,other,3.8056,"[""الدرقيه"", ""العلاج"", ""العمر"", ""الغده"", ""الممكن"", ""انها"", ""بقيه"", ""تزال"", ""تماما"", ""مريض"", ""معه"", ""منها"", ""يشفي""]",ahd5k_00791,أمراض الغدد الصماء,هل من الممكن مريض الغدة الدرقيه يشفى منها تماما بعد العلاج ام انها تزال معه بقيه العمر,عزيزتي غالباً عن استخدام هرمون الثايروكسين بالجرعة المطلوبة يتحسن النوم لدى الأغلبية ولذلك يجب التأكد ان الجرعة كافية عن طريق تحليل الدم لمستوى هرمون الغدة tsh والأمر الآخر يتطلب استقصاء الأسباب الاخرى لكثرة النوم او الخمول والكسل بشكل عام العضوية والنفسية,exact_eval_question_match,reject_eval_leakage,needs_review,approve_if_medically_relevant_then_convert_to_supplemental_fact
trial_query_061,2,other,1.3094,"[""الدرقيه"", ""العلاج"", ""الغده"", ""يشفي""]",ahd5k_02203,أمراض الغدد الصماء,السلام عليكم انا مصاب بالغدة السامة منذ 8 اشهر وقد تحولت الى خاملة بعد اخذ لدواء المضاد فماهو العلاج المناسب لهما .علما الدواء الذي استعمله هو carbimazole 5mg فقط,يوجد سببين لتحول الغدة من سامة الى خاملة هما 1) التهابات الغدة الدرقية (Thyroiditis) تحدث تكسيرا في الغدة فيزداد اطلاق الهرمون المختزن فيها (ولا يزداد الافراز أو الانتاج) مسببا السمية في البداية ولكن يعقب هذا خمول بسبب استهلاك الغدة والعلاج بعد انتهاء الفتر...,,reject_generic_topic,needs_review,approve_if_medically_relevant_then_convert_to_supplemental_fact
trial_query_061,3,other,1.0321,"[""الدرقيه"", ""العلاج"", ""الغده""]",ahd5k_00035,أمراض الغدد الصماء,انا أعني مرض الغدة الدرقية يعني يخفض هل استطيع ان اخذ التروكسين وكم جرام اخذ؟,علاج الغدة وجرعة العلاج تعتمد على مستوى الهرمون في الدم,,reject_generic_topic,needs_review,approve_if_medically_relevant_then_convert_to_supplemental_fact
trial_query_061,4,other,1.0321,"[""الدرقيه"", ""الممكن"", ""انها""]",ahd5k_00189,أمراض القلب و الشرايين,ماهي اسباب الضربات الهاجرة في القلب وكيف يمكن علاجها بدون اخذ حبوب الاندرال لاني اخذته ولم تذهب هذه الضربات علما ان عمري 45 سنة افيدوني؟,أسبابها كثيرة وتختلف من شخص لآخر، فمن الممكن أن تكون أحد الأعراض الثانوية لإضطراب آخر يتعلق بالغدة الدرقية أو بفقر الدم أوغيره من الأسباب الكثيرة والمتعددة، وإذا كان لا يوجد هناك أي علة أو سبب واضح يفسر حدوثها، يبقى الإحتمال أن تكون أولية وهذه عدة أنواع أيض...,,reject_generic_topic,needs_review,approve_if_medically_relevant_then_convert_to_supplemental_fact
trial_query_061,5,other,1.0321,"[""الدرقيه"", ""العلاج"", ""الغده""]",ahd5k_00683,أمراض القلب و الشرايين,مرحبا اعاني منذ فتره من نبضات قلي قويه واصبحت اشعر بها في جميع اجزاء جسمي خصوصا قبل النوم وضيق تنفس وسرعة التعب وقلق علما اني تعرضت لموقف قلق وتوتر ووخزات...,أتمنى لك السلامة، وأود الإشارة إلى ضرورة مراجعة الطبيب لتحديد الأسباب المحتملة ووصف العلاج المناسب فلا يجب إهمال هذه الأعراض، وبشكل عام قد يكون ذلك ناجم عن العديد من الأسباب، ومنها الآتي: القلق أو التوتر. ممارسة الرياضة أو النشاط البدني. الجفاف. ارتفاع درجة...,,reject_generic_topic,needs_review,approve_if_medically_relevant_then_convert_to_supplemental_fact
trial_query_062,1,pregnancy_obstetrics,4.8904,"[""اسابيع"", ""اسال"", ""استخدمه"", ""الاسبوع"", ""الثاني"", ""الله"", ""اللوز"", ""المر"", ""تقريبا"", ""جسمي"", ""حامل"", ""حبيت"", ""زيت"", ""عشر"", ""قرات"", ""لبطني"", ""للجسم"", ""وانا"", ""وبركاته"", ""ورحمه"", ""وكامل"", ""ولقد""]",ahd5k_00793,علم الأجنة,السلام عليكم ورحمه الله وبركاته حبيت اسال عن زيت اللوز المر للجسم انا استخدمه لبطني وكامل جسمي الان لي تقريبا 3 اسابيع وانا حامل في الاسبوع الثاني عشر ولقد قرات...,يوجد العديد من الفوائد لاستخدام زيت اللوز المر، منها التخلص من علامات التمدد ولكن هناك حاجة إلى مزيد من الدراسات قبل أن يتم إثبات فعالية زيت اللوز المر. ومن الجدير بالذكر أن زيت اللوز المر يحتوي على مركبات سامة مثل السيانيد بكميات معينة قد لا تكون آمنة خاصة...,exact_eval_question_match,reject_eval_leakage,needs_review,approve_if_medically_relevant_then_convert_to_supplemental_fact
trial_query_062,2,pregnancy_obstetrics,1.2792,"[""اسال"", ""الله"", ""حامل"", ""وانا"", ""وبركاته"", ""ورحمه""]",ahd5k_00597,أمراض الدم,السلام عليكم ورحمة الله وبركاته اريد ان اسأل بخصوص الزواج من رجل حامل لفايروس الكبد من النوع بي وانا فتاه سليمه هل هناك ضرر من ذلك هل الجرعات الثلاثه كافيه...,بوجود اللقاح تستطيعين الإطمئنان لن ينتقل اذا اتبعنا التعليمات الصحيحة سيتحجم الفيروس بالعلاج ويفقد نشاطه تابعي مع استشاري كبد,,recommended_for_human_review,needs_review,approve_if_medically_relevant_then_convert_to_supplemental_fact
trial_query_062,3,pregnancy_obstetrics,1.0528,"[""اسابيع"", ""الاسبوع"", ""الثاني"", ""جسمي""]",ahd5k_00643,تشوهات خلقية,مرحبا دكتور انا في عندي مشكله في جسمي انو حوضي كبير اكبر من الاكتاف واردافي والافخاذ كبيره انا اعرف جسمي مثل جسم النساء وهذا شيئ يحرجني بدي حل لهذه المشكله,هذا الشيء وراثي، عليك مراجعة اختصاصي غدد صماء لعمل فحص للهرمونات، وتقييم الحالة وإمكانية علاجها. او موضوع سعة وكبر الحوض تكوين خلقي مرتبط بالتئام العظام بعضها ببعض وتاثير الهرمونات، بينما تعتبر سمنة الأرداف والسيقان من المشاكل الرئيسية التي تؤرق النساء الشر...,,recommended_for_human_review,needs_review,approve_if_medically_relevant_then_convert_to_supplemental_fact
trial_query_062,4,pregnancy_obstetrics,0.8396,"[""الله"", ""وبركاته"", ""ورحمه""]",ahd5k_02213,أمراض باطنية,هل تشمع الكبد يوثر على مقدار البول او يسمع اصوات للسوائل في البطن,السلام عليكم ورحمة الله وبركاته بالنسبه لتشمع الكبد يؤثر على البول الله يكرمك من لون وكميه كما يوجد مرض يصاب فيه مريض التشمع الكبدي يسمى hepatorenal syndrome مما يسبب فشل بالكلى من اثر الكبد موضوع سماع اصوات في البطن وارد بسبب انه تشمع الكبد يسبب ترسبات سوا...,,recommended_for_human_review,needs_review,approve_if_medically_relevant_then_convert_to_supplemental_fact
trial_query_062,5,pregnancy_obstetrics,0.6396,"[""الله"", ""وبركاته"", ""ورحمه""]",ahd5k_00486,صحة المسنين,السلام عليكم ورحمه الله وبركاته اناعندي الوالده كبيره بالسن تعاني من الم بالكتف وبعدالاشعات اخبروهابانه شخونه في الكتف واعطوهامسكنات وادويه ولاكن لم تفيدمعهاالابتخفبف الالم واخبروها كم دكتوربانه لازم تاخذابره بالكتف...,لم تذكر عمر الوالدة بالضبط، ولكن بشكل عام ، يحدث عند الكبار تاكل في الغضاريف ويسبب هذا الألم نتيجة احتكاك العظم،،هذا لا يمكن استعادته. لذلك يكون العلاج لتخفيف الألم ، والتدليك بالأدوية يفيد في تخفيف الألم ولكنه يجب أن يستمر، كذلك يجب تناول بعض المأكولات الت...,,recommended_for_human_review,needs_review,approve_if_medically_relevant_then_convert_to_supplemental_fact
trial_query_063,1,dental,4.2426,"[""اقوم"", ""الاسنان"", ""الامريكيه"", ""الباقي"", ""الرايده"", ""الشركات"", ""النتيجه"", ""بزراعه"", ""جودتها"", ""حتي"", ""زراعه"", ""سوالي"", ""قمت"", ""مدي"", ""نوع"", ""والمعروفه"", ""وانتظر"", ""وهل""]",ahd5k_00821,أمراض الأسنان,سؤالي عن زراعة الاسنان الامريكية نوع 3i مدى جودتها وهل هي من الشركات الرائده والمعروفه . قمت بزراعة سن وانتظر النتيجه حتى اقوم بزراعة الباقي,كل انواع الزرعات غالبه ما يتم صنعها من مادة التيتانيوم ومثلها مثل باقى الزرعات العالميه,exact_eval_question_match,reject_eval_leakage,needs_review,approve_if_medically_relevant_then_convert_to_supplemental_fact
trial_query_063,2,dental,0.6714,"[""نوع"", ""وهل""]",ahd5k_00171,صحة المسنين,امرأة تريد طرقة للتخلص من الكوليسترول في الجسم - وعمرها 54 سنة,أولاً يتوجب معرفة نوع الكوليسترول المرتفع لديها وهل يصاحبه ارتفاع في الدهون الثلاثية أم لا وهل الكوليسترول الحميد منخفض ، جميع هذه المعلومات يمكن الحصول عليها بعد فحص الدهون لتحديد نوع الزيادة ومقدارها ، كذلك يتطلب معرفة ما اذا كان وزنها طبيعي أم لا ، وهل ل...,,recommended_for_human_review,needs_review,approve_if_medically_relevant_then_convert_to_supplemental_fact
trial_query_063,3,dental,0.6714,"[""الاسنان"", ""حتي""]",ahd5k_00828,أمراض الأسنان,برد الاسنان الاماميه ما ضرره وكم جلسه يحتاج,برد لمجرد البرد والتصغير في جلسه واحدة ولكن احذر من كثرة البرد حتي يؤثر علي الاسنان وتكون حساسه. ام لو برد للتركيب وعمل اسنان صناعيه ممكن جلسه او جلستين,,recommended_for_human_review,needs_review,approve_if_medically_relevant_then_convert_to_supplemental_fact
trial_query_063,4,dental,0.6714,"[""النتيجه"", ""قمت""]",ahd5k_01537,جراحة القلب والشرايين,قمت بعمل اشعة بالصبغة على الاورطى والشرايين الطرفية وجت انتفاخ بالوجه ووجع بالجسم ارجو الافادة,نرجو توضيح السؤال وما هي نتيجة الفحص الشعاعي كما وردت في التقرير ليتسنى لنا معرفة النتيجة ومن ثم التشخيص,,recommended_for_human_review,needs_review,approve_if_medically_relevant_then_convert_to_supplemental_fact
trial_query_063,5,dental,0.6714,"[""حتي"", ""وهل""]",ahd5k_01783,صحة المسنين,السلام عليكم ابي اصيب بعدة جلطات دماغية وهذه الجلطات اثرت على عملية البلع لذلك اصبح ياكل عن طريق انبوب فهل هنالك امكانية للشفاء من هذه الحالة وهل هناك شيء ممكن...,إمكانية الشفاء بعد الجلطات الدماغية تحتاج لعلاج طبيعي طويل الأمد وصبر طويل، ولا بد من متابعة التغذية بالأنبوب لمدة طويلة حتى يبدأ التحسن، حسب عمره.,,recommended_for_human_review,needs_review,approve_if_medically_relevant_then_convert_to_supplemental_fact
trial_query_068,1,other,4.5589,"[""اخي"", ""اسفل"", ""الجسم"", ""الركبه"", ""العلم"", ""الغدد"", ""اللوزتين"", ""الليمفاويهمما"", ""انتفاخ"", ""بنت"", ""تورما"", ""جعل"", ""سنوات"", ""عمرها"", ""فتور"", ""لديها"", ""لها"", ""وخلف"", ""ولديها""]",ahd5k_00859,تشخيص,بنت اخي لديها انتفاخ في الغدد الليمفاويةمما جعل لها تورما اسفل اللوزتين وخلف الركبه ولديها فتور في الجسم مع العلم ان عمرها 7 سنوات,العقد اللمفاوية موجودة بشكل طبيعي في الجسم خاصة الرقبة ولكنها تنتفخ (تكبر) كرة فعل على وجود التهاب في المنطقة كاللوزتين مثلاً وتصغر مع اعطاء ادوية الالتهاب اما اذا كان حجمها ثابتاً فيجب اجراء فحوصات مخبرية او خزعة,exact_eval_question_match,reject_eval_leakage,needs_review,approve_if_medically_relevant_then_convert_to_supplemental_fact
trial_query_068,2,other,0.8882,"[""اسفل"", ""الجسم"", ""الغدد""]",ahd5k_03594,تشخيص,ماهو التهاب الشعرة وكيفية الوقاية منه وماهو علاجه,"واليك المعلومات الوافية عنه (Pinolidal Cyst)الجواب:التهاب الشعرة اسمه الكيس الشعري وهوعبارة عن تكيس مليء بالشعر الميت, يظهر في أسفل الظهر في منطقة التقاء الردفين و غالباً ما يصيب الرجال الشعورين, و لكنه يصيب النساء أيضاً بين سن العشرين و الثلاثين. ألأسباب ق...",,reject_generic_topic,needs_review,approve_if_medically_relevant_then_convert_to_supplemental_fact
trial_query_068,3,other,0.8882,"[""الجسم"", ""انتفاخ"", ""وخلف""]",ahd5k_04739,علم التشريح,ما هي الوظيفة الاساسية لجذع الدماغ ومما يتكون وما هي العلاقة بينه وبين الاخدعين وهل هناك حالات موت دماغي شفيت ام ان الامر مستحيل,وهو ذو شكل مخروطي ويصل بين الجسر من فوق والنخاع الشوكي تحته.ويوجد على سطحه الأمامي أخدود ناصف وعلى كل جانب إنتفاخ يدعى الهرم . وتتكون الهرمين من حزم من الألياف العصبية التي تأتي من خلايا عصبية عريضة في التلفيف قبل المركزي.ووراء الهرم يكون هناك إرتفاع يسمى ا...,,reject_generic_topic,needs_review,approve_if_medically_relevant_then_convert_to_supplemental_fact
trial_query_068,4,other,0.6882,"[""اسفل"", ""الجسم"", ""لها""]",ahd5k_00838,أمراض باطنية,اشعر بتنميل من بداية النصف الاسفل من الجسم حتى اسفل القدم عند تحريك الرقبة الى اسفل و انا عندي انيميا هل لها علاقة,نعم ... نقص فيتامين (ب12) يسبب انيميا وتنميل,,reject_generic_topic,needs_review,approve_if_medically_relevant_then_convert_to_supplemental_fact
trial_query_068,5,other,0.6588,"[""الجسم"", ""لديها""]",ahd5k_00171,صحة المسنين,امرأة تريد طرقة للتخلص من الكوليسترول في الجسم - وعمرها 54 سنة,أولاً يتوجب معرفة نوع الكوليسترول المرتفع لديها وهل يصاحبه ارتفاع في الدهون الثلاثية أم لا وهل الكوليسترول الحميد منخفض ، جميع هذه المعلومات يمكن الحصول عليها بعد فحص الدهون لتحديد نوع الزيادة ومقدارها ، كذلك يتطلب معرفة ما اذا كان وزنها طبيعي أم لا ، وهل ل...,,reject_generic_topic,needs_review,approve_if_medically_relevant_then_convert_to_supplemental_fact
trial_query_070,1,pregnancy_obstetrics,5.2,"[""ارتفاعه"", ""افيدوني"", ""الاسبوع"", ""الامر"", ""التي"", ""الجنين"", ""السره"", ""السره؟"", ""العشرين"", ""بطني"", ""بها"", ""تحت"", ""حركه"", ""طبيعي"", ""فيه"", ""لمستوي"", ""ليونه"", ""مازالت"", ""وحتي"", ""وصلت"", ""ولم"", ""ومازال"", ""ومتي"", ""يخشن"", ""يوصل""]",ahd5k_00876,علم الأجنة,انا الان وصلت الى الاسبوع العشرين ومازال بطني فيه ليونه ولم يوصل ارتفاعه لمستوى السره وحتى حركة الجنين التي اشعر بها مازالت تحت السره؟ أفيدوني هل الامر طبيعي ومتى يخشن...,من الطبيعي ان يكون البطن لين اثناء الحمل اما حركة الجنين التي تحت السرة فمكان الحركة يعتمد على وضع الجنين وقد تكون اسفل البطن او اعلاه المهم ان هناك حركة وعادة ما يصل الرحم الى مستوى السرة عند بداية الاسبوع 24 لذا لا ارى اي مشاكل لديك ولكني بالرغم من ذلك ان...,exact_eval_question_match,reject_eval_leakage,needs_review,approve_if_medically_relevant_then_convert_to_supplemental_fact
trial_query_070,2,pregnancy_obstetrics,0.8,"[""الامر"", ""التي"", ""تحت""]",ahd5k_00348,علم التشريح,كيف ترتفع درجة حرارة الجسم عن الحد الطبيعي؟,يوجد في جسم الإنسان العديد من الآليات التي تعمل على تنظيم الحرارة في جسمه لتبقى ضمن الحد الطبيعي، ولكن في بعض الأحيان قد ترتفع درجة الحرارة نتيجة عوامل خارجية أو داخلية، مثل: قضاء بعض الوقت في الطقس الحار، وممارسة الرياضة، والإصابة بعدوى، أو تناول بعض أنواع...,,recommended_for_human_review,needs_review,approve_if_medically_relevant_then_convert_to_supplemental_fact
trial_query_070,3,pregnancy_obstetrics,0.8,"[""الامر"", ""بها"", ""طبيعي""]",ahd5k_01690,أمراض القلب و الشرايين,السلام عليكم . منذ اسبوع ملاحظ تسارع قوية بضربات القلب عند الوقوف واشعر بها عند وضع يدي وتختفى بعد مسافه بعد الحركه ، هل الامر خطير؟ الضغط طبيعي ولا اتناول...,لا داعي للقلق ، لكن ينبغي معرفة نوع التسارع هل هو مرضي أم طبيعي، أي ضمن المعدل الفسيلوجي وهذا يتم تحيده من خلال الفحص الطبي السريري,,recommended_for_human_review,needs_review,approve_if_medically_relevant_then_convert_to_supplemental_fact
trial_query_070,4,pregnancy_obstetrics,0.8,"[""الاسبوع"", ""الجنين"", ""حركه""]",ahd5k_02249,علم الأجنة,كيف يمكن ان يتاثر الجنين باضطرابات السكر في الام بمعنى هل اذا حدث هبوط او ارتفاع للسكر مرة واحدة يتاثر الجنين فوراحيث انني مصابة بالسكري واجهضت في الاسبوع السابع حيث...,يمكن أن يؤثر مرض السكري أثناء الحمل بما في ذلك النوع الأول، أو الثاني، أو سكري الحمل بشكل سلبي على صحة الأم والجنين. بالنسبة للنساء المصابات بمرض السكري من النوع الأول أو الثاني، فإن ارتفاع نسبة السكر في الدم واضطرابات السكر في الدم قبل حدوث الحمل وخلال الأ...,,recommended_for_human_review,needs_review,approve_if_medically_relevant_then_convert_to_supplemental_fact
trial_query_070,5,pregnancy_obstetrics,0.8,"[""التي"", ""فيه"", ""وحتي""]",ahd5k_02552,أمراض الدم,ماهو علاج نقص الكريات البيضاء لدى الكبار وهل يحتاج تنويم واخذ علاج عن طريق الوريد الكريات 3000,إن العدد الطبيعي للكريات البيض هو من 4500 - 10000 ، والانخفاض أقل من 4500 وحتى 3000 قد لا يشير إلى أي مرض خطير، إلا أن نزول الكريات البيض أقل من 2500 قد يشير إلى مرض يجب معرفة سببه. ومن أسبابه: - الالتهاب بالفيروسات وهذا تتحسن فيه الكريات البيض متى تحسن الم...,,recommended_for_human_review,needs_review,approve_if_medically_relevant_then_convert_to_supplemental_fact
trial_query_071,1,dermatology_hair,4.7826,"[""ارجوا"", ""العلاج"", ""ايه"", ""بنتي"", ""بيقع"", ""تكتبولي"", ""خالص"", ""سنه"", ""شعر"", ""شعرها"", ""علشان"", ""عمرها"", ""فهاش"", ""ليه"", ""مناطق"", ""وخفيف"", ""وشعرها"", ""وعلاجه"", ""وفي"", ""ونصف"", ""وياريت""]",ahd5k_00891,صحة الطفل,بنتى عمرها سنة ونصف وفى فى شعرها مناطق ما فهاش شعر وشعرها بيقع وخفيف خالص دة من ايه ول ليه علاج وعلاجه ايه ارجوا الرد وياريت تكتبولى العلاج ايه علشان...,لو مناطق محددة في فروة الرأس يجب عرضها على أخصائي جلدية. فربما تكون فطريات. أما سقوط الشعر فسببه نقص فيتامين أ وعﻻجه شراب فروتال 5 مل يوميا,exact_eval_question_match,reject_eval_leakage,needs_review,approve_if_medically_relevant_then_convert_to_supplemental_fact
trial_query_071,2,dermatology_hair,0.8547,"[""العلاج"", ""سنه"", ""ونصف""]",ahd5k_02905,أمراض القلب و الشرايين,والدتي٧٤ سنة اجرت عملية ازالة ورم حميد بالدماغ وبعدها حصلت لها جلطة في الرجل ومنذ سنين ونصف تاخذ وارفارين وحاليا الطبيب غيره الى اسبرين ايهما احسن بلافيكس ام الاسبرين,في هذه الحالة العلاج المعطى كافي,,recommended_for_human_review,needs_review,approve_if_medically_relevant_then_convert_to_supplemental_fact
trial_query_071,3,dermatology_hair,0.8547,"[""العلاج"", ""سنه"", ""وفي""]",ahd5k_04697,الطب البديل,السلام عليكم ..انا متزوجة وعمري 29 سنة ولدي ثلاثة اطفال اعاني من الدوالي في ساق قدمي بدت الدوالي عندي وانا حامل بالطفل الثاني وازدادت مع حملي في الطفل الثالث ....,دوالي الساقين : هي تضخم الأوردة السطحية وقد تحدث في أي مكان من الجسم ولكنها أكثر انتشارا في الساقين . الأسباب متعددة : الوراثة ، تقدم العمر ،الحمل ، السمنة الزائدة ، الوقوف أو الجلوس على الكرسي لفترة طويلة ، ضعف صماكات الأوردة. ++ نصائح يمكن اتياعها تعمل عل...,,recommended_for_human_review,needs_review,approve_if_medically_relevant_then_convert_to_supplemental_fact
trial_query_071,4,dermatology_hair,0.6364,"[""سنه"", ""وفي""]",ahd5k_00189,أمراض القلب و الشرايين,ماهي اسباب الضربات الهاجرة في القلب وكيف يمكن علاجها بدون اخذ حبوب الاندرال لاني اخذته ولم تذهب هذه الضربات علما ان عمري 45 سنة افيدوني؟,أسبابها كثيرة وتختلف من شخص لآخر، فمن الممكن أن تكون أحد الأعراض الثانوية لإضطراب آخر يتعلق بالغدة الدرقية أو بفقر الدم أوغيره من الأسباب الكثيرة والمتعددة، وإذا كان لا يوجد هناك أي علة أو سبب واضح يفسر حدوثها، يبقى الإحتمال أن تكون أولية وهذه عدة أنواع أيض...,,recommended_for_human_review,needs_review,approve_if_medically_relevant_then_convert_to_supplemental_fact
trial_query_071,5,dermatology_hair,0.6364,"[""العلاج"", ""وفي""]",ahd5k_00924,جراحة القلب والشرايين,ماسلبيات توسيع الشرايين بالشبكات,شبكات توسيع الشرايين هي من الأجهزة الطبية التي فرضت نفسها بقوة في مجال معالجة أمراض القلب وتضيق الأوعية، وهذه الدعامات عادة ما تتكون من إطار معدني، وتوضع داخل الشريان للمساعدة على ابقائه مفتوحا، ولكن بما أنها تشكل جسم غريب بالنسبة لجسم المريض (ليست من نسيج ...,,recommended_for_human_review,needs_review,approve_if_medically_relevant_then_convert_to_supplemental_fact
trial_query_073,1,drug_safety,3.2,"[""الحقن"", ""العلاج"", ""المبايض"", ""المجهري"", ""المستخدم"", ""الوزن؟"", ""تاثير"", ""تنشيط"", ""زياده""]",ahd5k_00931,حمل الأنابيب,هل العلاج المستخدم في تنشيط المبايض قبل الحقن المجهري له تاثير في زيادة الوزن؟,لا تؤثر الابر الهرمونية على زيادة الوزن فقط في فترة اخذهم قد يتم تجمع بعض السوائل في الجسم ولكن في حال الانتهاء من الابر يعود الجسم لوضعه الطبيعي,exact_eval_question_match,reject_eval_leakage,needs_review,approve_if_medically_relevant_then_convert_to_supplemental_fact
trial_query_073,2,drug_safety,2.5333,"[""الحقن"", ""العلاج"", ""المبايض"", ""المجهري"", ""المستخدم"", ""تاثير"", ""تنشيط""]",ahd5k_01770,حمل الأنابيب,هل العلاج المستخدم في تنشيم المبايض قبل عملية الحقن المجهري ضار بالصحة ام لا؟,حسب الخبرات والدراسات التي تشير انه لا يوجد اي تأثير مضر للهرمونات المستخدمة في تنشيط الاباضة نتمنى لك كل التوفيق,,recommended_for_human_review,needs_review,approve_if_medically_relevant_then_convert_to_supplemental_fact
trial_query_073,3,drug_safety,1.2,"[""تاثير"", ""تنشيط"", ""زياده""]",ahd5k_04616,علم الأجنة,ماهية الاغذية التي تعد منشطة جنسين ، والمفضلة لنشاط الحيوان المنوي ، وشكرآ؟,"التفاح .. إذا كان التفاح يغني عن الذهاب إلى الطبيب فإنه قد يغني أيضاً عن الفراق و الخصام لأنه يحتوي على مادة \""الكيرستين\"" التي تقاوم تراكم الكوليسترول الضار على جدران الأوعية الدموية فتسهم بالتالي في تنشيط الدورة الدموية و تجديد حيوية الجسم. الأسماك الدهني...",,recommended_for_human_review,needs_review,approve_if_medically_relevant_then_convert_to_supplemental_fact
trial_query_073,4,drug_safety,0.8667,"[""العلاج"", ""زياده""]",ahd5k_00683,أمراض القلب و الشرايين,مرحبا اعاني منذ فتره من نبضات قلي قويه واصبحت اشعر بها في جميع اجزاء جسمي خصوصا قبل النوم وضيق تنفس وسرعة التعب وقلق علما اني تعرضت لموقف قلق وتوتر ووخزات...,أتمنى لك السلامة، وأود الإشارة إلى ضرورة مراجعة الطبيب لتحديد الأسباب المحتملة ووصف العلاج المناسب فلا يجب إهمال هذه الأعراض، وبشكل عام قد يكون ذلك ناجم عن العديد من الأسباب، ومنها الآتي: القلق أو التوتر. ممارسة الرياضة أو النشاط البدني. الجفاف. ارتفاع درجة...,,recommended_for_human_review,needs_review,approve_if_medically_relevant_then_convert_to_supplemental_fact
trial_query_073,5,drug_safety,0.8667,"[""المبايض"", ""زياده""]",ahd5k_00772,أمراض الغدد الصماء,سن32عازبة طول154 وزن86 أعاني سمنةوشعرانيةوكسل بسيط بالغدةالدرقية ودورةغيرمنتظمةمن8سنوات بدأت مع طبيب آخروصف لي كليمين وجلوكوفيج وEuthyrox25 هل هذا جيد,بشكل عام نعم مناسب لعلاج تكيس المبايض وهذا مترافق مع زيادة الوزن ولذلك اهم شيء هو خفض الوزن,,recommended_for_human_review,needs_review,approve_if_medically_relevant_then_convert_to_supplemental_fact
trial_query_074,1,pregnancy_obstetrics,5.2,"[""استمر"", ""الجنين"", ""الخامس"", ""السبب"", ""الشهر"", ""بدايه"", ""بكثر"", ""تفاديها"", ""حامل"", ""خطوره"", ""زوجتي"", ""ساعه"", ""عليهما؟"", ""فماهو"", ""ماء"", ""متقطع"", ""معها"", ""منها"", ""نصف"", ""هناك"", ""وبداي"", ""وطريقه"", ""وهل"", ""وونزل"", ""ياتيها""]",ahd5k_00941,علم الأجنة,زوجتي حامل في بداية الشهر الخامس وونزل منها ماء من الجنين بكثر استمر معها نصف ساعه وبداي ياتيها متقطع فماهو السبب وطريقه تفاديها وهل هناك خطوره عليهما؟,يجب مراجعه طبيبك في اقرب ، حيث ان هذا السائل يمكن ان يكون نتيجه ثقب في الكيس حول الجنين مما يؤدي الى نزول السائل الامينوسي حول الجنين ، او نتيجه لتوسع في عنق الرحم مما يؤدي الى نزول افرازات مهبليه تشبه الماء. وهذه قد تؤدي الى ولاده مبكره او التهابات قد تحتا...,exact_eval_question_match,reject_eval_leakage,needs_review,approve_if_medically_relevant_then_convert_to_supplemental_fact
trial_query_074,2,pregnancy_obstetrics,1.4,"[""الجنين"", ""الشهر"", ""حامل"", ""زوجتي"", ""هناك"", ""وهل""]",ahd5k_03893,تشوهات خلقية,زوجتي حامل دخلت في الشهر الرابع وعند مراجعة الطبيبة تبين من خلال السونر ان الجنين مشوه بوجود كيس من الرأس وحول الرقبة يحتمل ان يكون فتق دماغي فهل هناك علاج...,هذه الكيس يطلق عليه اسم Systic Hygroma وهو نوع من انواع التشوهات التي قد تصيب الجنين وللأسف فلا يوجد علاج لمثل هذه الحالة وفي الغالب لا يكتمل الحمل ولكن اذا اكتمل فتتم معاينة الطفل والكيس وهل بالامكان ازالة الكيس ولكن في الغالب لا يتم ذلك,,recommended_for_human_review,needs_review,approve_if_medically_relevant_then_convert_to_supplemental_fact
trial_query_074,3,pregnancy_obstetrics,1.2,"[""الجنين"", ""بدايه"", ""حامل"", ""زوجتي"", ""وهل""]",ahd5k_01099,حمل الأنابيب,زوجتي حامل ومنذ بداية حملها لم اتوقف عن الاتصال معهاابدا ..فهل ذلك له علاقه لما تشعر به من حرقه في المهبل...وهل ذلك له تأثير على الجنين....,ﻻتاثير على الجنين...والحرقه من التهابات نسائيه,,recommended_for_human_review,needs_review,approve_if_medically_relevant_then_convert_to_supplemental_fact
trial_query_074,4,pregnancy_obstetrics,1.2,"[""الشهر"", ""بدايه"", ""حامل"", ""زوجتي"", ""هناك""]",ahd5k_02627,أمراض الدم,انا زوجتي حامل في الشهر السابع وعندها زيادة في تحليل فى تحليل crp وبعد تحاليل للبول ومسح وزرع لم يظهر شي وكانت جميع الفحوص عادية ومنذ بداية الحمل كانت تظهر...,"ان ارتفاع ال CRP وكذلك ارتفاع كريات الدم البيضاء يدل على وجود التهاب( انفلونزا, التهاب باللثه ,وغيرها....), ولكن اذا كان ال CRP هو فقط ايجابي او حتى مرتفع حتى 10 فيمكن ان يعتبر طبيعياً وكذلك ارتفاع الكريات الدم البيضاء حتى 16,000 يعتبر طبيعياً اثناء الحمل و...",,recommended_for_human_review,needs_review,approve_if_medically_relevant_then_convert_to_supplemental_fact
trial_query_074,5,pregnancy_obstetrics,1.0,"[""السبب"", ""ساعه"", ""فماهو"", ""منها"", ""نصف""]",ahd5k_01990,أمراض القلب و الشرايين,اخذت تحميلة من كلوفينال بعد العشاء ووضعت ثلث منها على صدري وفي جهة القلب ولكن بعد نصف ساعة على الاقل احسست بسرعة في نبضات القلب فماهو السبب افيدوني حالا ارجوكم,أي دواء يمكن أن يمتص بدرجات متفاوتة عندما يلامس مناطق مختلفة من الجسم وطلما كان امتصاصه أكثر كانت نتائجه أكثر تأثيرا,,recommended_for_human_review,needs_review,approve_if_medically_relevant_then_convert_to_supplemental_fact
trial_query_077,1,other,2.6495,"[""اعالج"", ""الشيخوخه"", ""المبكره"", ""بالوجه؟"", ""علامات"", ""كيف""]",ahd5k_00987,صحة المسنين,كيف اعالج علامات الشيخوخة المبكرة بالوجه؟,للتقليل من علامات الشيخوخة ننصحك بالتوقف عن التدخين، وشرب الكحول، وممارسة التمارين الرياضية بشكل مستمر وبانتظام، والمحافظة على الغذاء المتوازن الغني بالفيتامينات والمعادن.,exact_eval_question_match,reject_eval_leakage,needs_review,approve_if_medically_relevant_then_convert_to_supplemental_fact
trial_query_077,2,other,1.0165,"[""المبكره"", ""علامات""]",ahd5k_00793,علم الأجنة,السلام عليكم ورحمه الله وبركاته حبيت اسال عن زيت اللوز المر للجسم انا استخدمه لبطني وكامل جسمي الان لي تقريبا 3 اسابيع وانا حامل في الاسبوع الثاني عشر ولقد قرات...,يوجد العديد من الفوائد لاستخدام زيت اللوز المر، منها التخلص من علامات التمدد ولكن هناك حاجة إلى مزيد من الدراسات قبل أن يتم إثبات فعالية زيت اللوز المر. ومن الجدير بالذكر أن زيت اللوز المر يحتوي على مركبات سامة مثل السيانيد بكميات معينة قد لا تكون آمنة خاصة...,,reject_generic_topic,needs_review,approve_if_medically_relevant_then_convert_to_supplemental_fact
trial_query_077,3,other,1.0165,"[""المبكره"", ""كيف""]",ahd5k_02249,علم الأجنة,كيف يمكن ان يتاثر الجنين باضطرابات السكر في الام بمعنى هل اذا حدث هبوط او ارتفاع للسكر مرة واحدة يتاثر الجنين فوراحيث انني مصابة بالسكري واجهضت في الاسبوع السابع حيث...,يمكن أن يؤثر مرض السكري أثناء الحمل بما في ذلك النوع الأول، أو الثاني، أو سكري الحمل بشكل سلبي على صحة الأم والجنين. بالنسبة للنساء المصابات بمرض السكري من النوع الأول أو الثاني، فإن ارتفاع نسبة السكر في الدم واضطرابات السكر في الدم قبل حدوث الحمل وخلال الأ...,,reject_generic_topic,needs_review,approve_if_medically_relevant_then_convert_to_supplemental_fact
trial_query_077,4,other,1.0165,"[""علامات"", ""كيف""]",ahd5k_04473,الطب البديل,ما فوائد زيت الحنظل للمفاصل؟ وأود الاستفسار كيف يستعمل الحنظل لعلاج المفاصل؟,يستخرج زيت الحنظل من نبات الحنظل الصحراوي، ويعتقد أنه يساهم بالفعل في علاج بعض اضطرابات المفاصل وألم المفاصل، ومن فوائد زيت الحنظل للمفاصل أبين لك الآتي: الحد من التهاب المفاصل. التخفيف من ألم المفاصل. خفض سرعة تطور الأمراض المزمنة التي تؤدي إلى تلف المفاصل...,,reject_generic_topic,needs_review,approve_if_medically_relevant_then_convert_to_supplemental_fact
trial_query_077,5,other,0.8165,"[""اعالج"", ""كيف""]",ahd5k_00255,أمراض باطنية,كيف اعالج تضيق القنوات الموجودة داخل الكبد عند الاطفال,غالبا يحتاج إلى عمل منظار قنوات مرارية الف سلامة,,reject_generic_topic,needs_review,approve_if_medically_relevant_then_convert_to_supplemental_fact
trial_query_079,1,other,3.1623,"[""اسفل"", ""الاشعه"", ""الغده"", ""المقطعيه"", ""الوجه"", ""انتفاخ"", ""بالصبغه"", ""تسبب"", ""طبيعي"", ""للقلب""]",ahd5k_00994,جراحة القلب والشرايين,هل الاشعة المقطعيه بالصبغه للقلب تسبب انتفاخ اسفل الوجه او انتفاخ الغده هل هو طبيعي,لا، لكن اذا ما كان هناك تحسس أو استجابة جسدية غير ملائمة يمكن أن يحدث ذلك وننصح بإعلام طبيبك,exact_eval_question_match,reject_eval_leakage,needs_review,approve_if_medically_relevant_then_convert_to_supplemental_fact
trial_query_079,2,other,1.1487,"[""اسفل"", ""انتفاخ"", ""طبيعي""]",ahd5k_00859,تشخيص,بنت اخي لديها انتفاخ في الغدد الليمفاويةمما جعل لها تورما اسفل اللوزتين وخلف الركبه ولديها فتور في الجسم مع العلم ان عمرها 7 سنوات,العقد اللمفاوية موجودة بشكل طبيعي في الجسم خاصة الرقبة ولكنها تنتفخ (تكبر) كرة فعل على وجود التهاب في المنطقة كاللوزتين مثلاً وتصغر مع اعطاء ادوية الالتهاب اما اذا كان حجمها ثابتاً فيجب اجراء فحوصات مخبرية او خزعة,,reject_generic_topic,needs_review,approve_if_medically_relevant_then_convert_to_supplemental_fact
trial_query_079,3,other,1.1487,"[""الغده"", ""الوجه"", ""تسبب""]",ahd5k_03761,أمراض الغدد الصماء,هل التوقف عن اخذ علاج الغده لان النسبه اصبحت كويسه تسبب الوخز في الوجه وشعور شي ما تحت الجلد يمشي و كذلك في القدم و كثره الجشؤ و اسهال والشعور...,لا يجب التوقف عن اخذ علاج الغدة الدرقية عندما تصبح التسبة كويسة لان فى كثير من الاحوال يستمر علاج الغدة الدرقية الى مدى الحياة حتى اذا كانت كويسة لذا يجب مراجعة الطبيب اذا كان التوقف متاحا اما انه يستمر مدى الحياة ويجب عمل تحليل لوظائف الغدةو من العلاج االى...,,reject_generic_topic,needs_review,approve_if_medically_relevant_then_convert_to_supplemental_fact
trial_query_079,4,other,0.8325,"[""طبيعي"", ""للقلب""]",ahd5k_00656,أمراض القلب و الشرايين,العمر 47.. لأول مرة تعاني من الم في الصدر ويمتد للظهر، معها ضغط وبتاخدله دوا والوضع مستقر، من سنتين عملت قسطرة تشخيصية للقلب وفحوصات دم و ECO وكان كله طبيعي.....,إذا كانت الفحوصات القلبية طبيعية فقد يكون السبب من العمود الفقري الرقبي أو الظهري,,reject_generic_topic,needs_review,approve_if_medically_relevant_then_convert_to_supplemental_fact
trial_query_079,5,other,0.8325,"[""اسفل"", ""طبيعي""]",ahd5k_00876,علم الأجنة,انا الان وصلت الى الاسبوع العشرين ومازال بطني فيه ليونه ولم يوصل ارتفاعه لمستوى السره وحتى حركة الجنين التي اشعر بها مازالت تحت السره؟ أفيدوني هل الامر طبيعي ومتى يخشن...,من الطبيعي ان يكون البطن لين اثناء الحمل اما حركة الجنين التي تحت السرة فمكان الحركة يعتمد على وضع الجنين وقد تكون اسفل البطن او اعلاه المهم ان هناك حركة وعادة ما يصل الرحم الى مستوى السرة عند بداية الاسبوع 24 لذا لا ارى اي مشاكل لديك ولكني بالرغم من ذلك ان...,,reject_generic_topic,needs_review,approve_if_medically_relevant_then_convert_to_supplemental_fact
trial_query_080,1,labs,3.3166,"[""الاملاح"", ""الحاليه"", ""الدم"", ""العلاج"", ""المناسب"", ""النسبه"", ""ذكر؟"", ""سنه"", ""عمري"", ""لتقليل"", ""نسبه""]",ahd5k_01005,أمراض الدم,السلام عليكم..ماهو العلاج المناسب لتقليل نسبة الاملاح في الدم النسبة الحالية عندي هي (7.9) عمري 44 سنة /ذكر؟,فعادة لا نعالج ارتفاع حمض البول بحد ذاته إلا إذا كان عند المريض قصة سابقة لحصوة في الكلية أو مرض النقرس أو زيادة في طرح حمض البول في البول، وهذا نستطيع قياسه بتجميع البول لمدة أربع وعشرين ساعة. ويرتفع حمض البول عند من يتناولون أدوية الضغط التي تحتوي على الم...,exact_eval_question_match,reject_eval_leakage,needs_review,approve_if_medically_relevant_then_convert_to_supplemental_fact
trial_query_080,2,labs,1.7076,"[""الاملاح"", ""الدم"", ""العلاج"", ""المناسب"", ""نسبه""]",ahd5k_02823,الطب البديل,طفل عمره اربع سنوات شخص مرضه على انه كهرباء زائدة فهل يوجدلها علاج في الطب البديل وهل سيستمر هذا المرض طويلا وماهي نسبه أمكانية الشفاء؟وا,"عبارة ( كهرباء زائدة ) او ( شحنات كهرباء ) يطلقها الاطباء على داء الصرع لتخفيف الامر على الاهل بسبب الهلع و الخوف الذي ينتابهم من اسم الصرع بسبب النظرة الميتافيزيقية و الهالة التي تحيط بالصرع و له عدة اسماء : المسكة , النقطة , القرينة و غيرها من الاسماء و ا...",,recommended_for_human_review,needs_review,approve_if_medically_relevant_then_convert_to_supplemental_fact
trial_query_080,3,labs,1.1045,"[""الدم"", ""سنه"", ""عمري""]",ahd5k_00189,أمراض القلب و الشرايين,ماهي اسباب الضربات الهاجرة في القلب وكيف يمكن علاجها بدون اخذ حبوب الاندرال لاني اخذته ولم تذهب هذه الضربات علما ان عمري 45 سنة افيدوني؟,أسبابها كثيرة وتختلف من شخص لآخر، فمن الممكن أن تكون أحد الأعراض الثانوية لإضطراب آخر يتعلق بالغدة الدرقية أو بفقر الدم أوغيره من الأسباب الكثيرة والمتعددة، وإذا كان لا يوجد هناك أي علة أو سبب واضح يفسر حدوثها، يبقى الإحتمال أن تكون أولية وهذه عدة أنواع أيض...,,recommended_for_human_review,needs_review,approve_if_medically_relevant_then_convert_to_supplemental_fact
trial_query_080,4,labs,1.1045,"[""الدم"", ""سنه"", ""عمري""]",ahd5k_00855,جراحة القلب والشرايين,انا شاب عمري 25 سنه اصبحت اعاني من صعوبه في التنفس و الارهاق؟,"لا داعي للقلق ولكن ينبغي معرفة تاريخك المرضي واجراء فحص للكشف عن أي علامات سريرية قد تكون موجودة لديك وتساعد في تحديد طبيعة الحالة , فهكذا أعراض ممكن أن تكون ناجمة عن التها ب في الجهاز التنفسي ويمكن تترافق مع فقر الدم أو اضطرابات دموية أو متعلقة بجهاز الدور...",,recommended_for_human_review,needs_review,approve_if_medically_relevant_then_convert_to_supplemental_fact
trial_query_080,5,labs,1.1045,"[""الدم"", ""العلاج"", ""المناسب""]",ahd5k_01372,جراحة القلب والشرايين,انا عملت جراحة فى القلب وتم تغير الصمام المترالى بصمام ميكانيكى صناعى وباخد دواء واريفان ( لسيولة الدم ) 8 ملجرام ومصاب بالانفلوانزا ماالعلاج المناسب,العلاج يتطلب معاودة طبيبك المعالج للتأكد من العدوى الفيروسية أولاً,,recommended_for_human_review,needs_review,approve_if_medically_relevant_then_convert_to_supplemental_fact
trial_query_083,1,other,4.7826,"[""،حتي"", ""البديل"", ""السطح"", ""الضرس"", ""بتركيب"", ""بسبب"", ""حال"", ""حجم"", ""حشو"", ""طبيعي"", ""طول"", ""عصب"", ""قصير"", ""كراون"", ""كسر"", ""لعمل"", ""للضرس"", ""وتاكل"", ""يسمح"", ""يصبح"", ""يعود""]",ahd5k_01094,أمراض الأسنان,ما البديل لعمل كراون للضرس في حال كان طول الضرس قصير بسبب كسر وتآكل في السطح بعد حشو عصب مع حجم طبيعي للضرس ،حتى يعود يصبح في طول يسمح بتركيب...,فيه نوعيات من الطرابيش اسمها تليسكوبيك كراونtelescopic او الاون لاييonlay,exact_eval_question_match,reject_eval_leakage,needs_review,approve_if_medically_relevant_then_convert_to_supplemental_fact
trial_query_083,2,other,0.8547,"[""الضرس"", ""عصب"", ""كسر""]",ahd5k_01579,أمراض الأسنان,متى يلجأ الدكتور الي نزع عَصّب السن او الضرس,عندما يشتكى المريض من الاحساس بالساخن والبارد وعلامات متقدمة لتسوس الاسنان او كسر بالسن يصل لمنطقة عصب السن او الضرس,,reject_generic_topic,needs_review,approve_if_medically_relevant_then_convert_to_supplemental_fact
trial_query_083,3,other,0.8547,"[""حال"", ""لعمل"", ""يعود""]",ahd5k_02662,تشخيص,لدي الم في جانبي راسي وخصوصا الايسر فوق الاذن اشعر بضغط فى هذه المنطقه وكانه شي سينفجر وكثير من الاوقات اشعر بارهاق عام لهذا السبب,إن الألم في الرأس مع الشعور بالضغط على جانبي الرأس مع الإرهاق العام قد يعود لأحد الأسباب التالية: صداع التوتر. الشد العضلي. الضغط العصبي. القلق والتوتر أو الاكتئاب. التهاب الجيوب الأنفية. الشقيقة (الصداع النصفي). وجود مشاكل في الأذن التهاب السحايا. تمدد الأ...,,reject_generic_topic,needs_review,approve_if_medically_relevant_then_convert_to_supplemental_fact
trial_query_083,4,other,0.8547,"[""الضرس"", ""حشو"", ""عصب""]",ahd5k_03019,أمراض الأسنان,عملت ٤ جلسات ٣ تنظيف وسحب عصب والرابعة حشو الجذور ووضع مؤقتة عانيت من الم ل٥ ايام قوي ثم زال لكن بعد ٤ ايام رجعلي الم خفيف من حين لاخر...,يجب إنهاء المعالجة تماما حتى تنتهي من ألم الضرس ان كانت معالجة الجذور جيدة فستغيب الأعراض باذن الله ومن الطبيعي حصول الالم عند العض لمدة اسبوع,,reject_generic_topic,needs_review,approve_if_medically_relevant_then_convert_to_supplemental_fact
trial_query_083,5,other,0.6364,"[""بسبب"", ""طبيعي""]",ahd5k_00069,أمراض الأسنان,انا قبل يجي طقطقة في الفك الايسر بدون اللم وبعد ما سويت التمرين راح طقطقة الفك وجاني اللم هل هذا امر عادي بسبب التمرين ولا لل,طبيعي بسبب التمرين ومع الوقت بيختفي الألم وممكن استعمال بعض المسكنات الخفيفه,,reject_generic_topic,needs_review,approve_if_medically_relevant_then_convert_to_supplemental_fact
trial_query_085,1,other,4.6721,"[""الغياب"", ""الوعي"", ""انزعجت"", ""بدوار"", ""براسي"", ""تشخيصكم"", ""تقيل"", ""جزيل"", ""دون"", ""سريعه"", ""شخص"", ""فما"", ""كلما"", ""للقلب"", ""لمدا"", ""لهدا"", ""ودقات"", ""وشعور"", ""وشكرا"", ""يغمي""]",ahd5k_01140,تشخيص,لمدا كلما انزعجت من شخص ما أشعر بدوار ودقات سريعة للقلب وشعور براسي تقيل تم يغمى علي دون الغياب عن الوعي فما تشخيصكم لهدا وشكراً جزيل,هذه حالة من التوتر الشديد حيث يرافقها أعراض جسدية عابرة، ويُمكن الحد منها من خلال التحول المباشر من التفكير في الموضوع المثير إلى أي نقطة اهتمام أخرى لحين السيطرة على النفس بطريقة أفضل، والرياضة اليومية وجلسات الاسترخاء تُساعد الشخص على تجاوزها، وفي حالة عد...,exact_eval_question_match,reject_eval_leakage,needs_review,approve_if_medically_relevant_then_convert_to_supplemental_fact
trial_query_085,2,other,0.6472,"[""سريعه"", ""شخص""]",ahd5k_01394,تشخيص,هل يوجد أعشاب طبية تساعد على الشفاء من حالة الاكتئاب و الشعور بالخوف ، علما بأنه يوجد لدي فقر دم (انيميا الفول ) و يتجدث حالات الاكتئاب هذه عند تناول...,يختلف تأثير الطعام على الإنسان من شخص لآخر تبعاً للعديد من العوامل والأسباب وإن من أهم أسباب الشعور بالاكتئاب هو نقص عناصر غذائية في وجباتنا الغذائية . مشروبات بين الوجبات للقضاء على الاكتئاب للحالات العادية : - شاي الأعشاب المكوّن من التليو + النعناع + الب...,,reject_generic_topic,needs_review,approve_if_medically_relevant_then_convert_to_supplemental_fact
trial_query_085,3,other,0.6472,"[""دون"", ""شخص""]",ahd5k_02823,الطب البديل,طفل عمره اربع سنوات شخص مرضه على انه كهرباء زائدة فهل يوجدلها علاج في الطب البديل وهل سيستمر هذا المرض طويلا وماهي نسبه أمكانية الشفاء؟وا,"عبارة ( كهرباء زائدة ) او ( شحنات كهرباء ) يطلقها الاطباء على داء الصرع لتخفيف الامر على الاهل بسبب الهلع و الخوف الذي ينتابهم من اسم الصرع بسبب النظرة الميتافيزيقية و الهالة التي تحيط بالصرع و له عدة اسماء : المسكة , النقطة , القرينة و غيرها من الاسماء و ا...",,reject_generic_topic,needs_review,approve_if_medically_relevant_then_convert_to_supplemental_fact
trial_query_085,4,other,0.6472,"[""دون"", ""وشكرا""]",ahd5k_03258,الطب البديل,منذ دخول الصيف وانا اعاني من ظهور حبوب في وجهي اريد العلاج من خلال الطب البديل وشكرا لكم على مساعدتكم,يفضل مراجعة طبيب الجلدية لوصف العلاج المناسب لانه عادة يحتاج حب الشباب الى ادوية لعلاجها منها الايزوتريتينوين ولكن لا يجب اخذه دون استشارة الطبيب,,reject_generic_topic,needs_review,approve_if_medically_relevant_then_convert_to_supplemental_fact
trial_query_085,5,other,0.6472,"[""دون"", ""فما""]",ahd5k_03563,علم الأجنة,انا متزوج ولكن منذ4شهور و زوجتي ليس لديهااي احساس جنسي و تعاني من الم وقت الايلاج فما هو رايكم الاسؤال الثاني زوجتي الان حامل في الشهر الثالث فما هي نصائحكم...,ما لم يكن هنالك سبب يحول دون العلاقة الزوجية خلال الحمل مثل النزيف والتهديد بالإجهاض فإن الجماع باعتدال في الأشهر الأولى غير ضار للحامل أو للطفل، أما بالنسبة للأسابيع الأخيرة حيث يتوقع حدوث الولادة فينصح بتجنب الجماع خلال هذه الأسابيع لأنه قد يؤدي إلى آثار ...,,reject_generic_topic,needs_review,approve_if_medically_relevant_then_convert_to_supplemental_fact
trial_query_086,1,nutrition,4.7826,"[""ابره"", ""اخذ"", ""التحاليل"", ""الدكتور"", ""المده"", ""امن"", ""بهذه"", ""حديد"", ""دال"", ""شهر"", ""فقر"", ""فيتامين"", ""للجسم"", ""لمده"", ""مضر"", ""نقص"", ""هالكميه"", ""وصف"", ""وعملت"", ""وما"", ""ونقص""]",ahd5k_01162,أمراض الدم,عندي فقر دم وعملت التحاليل عندي نقص فيتامين دال ونقص حديد وصف لي الدكتور 20 ابرة حديد لمدة شهر هل اخذ هالكمية بهذه المدة آمن أم مضر للجسم ؟ وما...,يجب الاعتماد على نسبة الهيموكلوبين لتحديد طريقة العلاج و كمية العلاج نسبة مخزون الحديد في الجسم مقبولة نعم يوجد نقص في نسبة فيتامين د تركيز الحديد يختلف حسب نوعية العلاج العدد المذكور في رسالتك غير مستوجب وغير متوافق مع التحليل المرسل مع السؤال,exact_eval_question_match,reject_eval_leakage,needs_review,approve_if_medically_relevant_then_convert_to_supplemental_fact
trial_query_086,2,nutrition,1.0729,"[""فقر"", ""فيتامين"", ""لمده"", ""نقص""]",ahd5k_01394,تشخيص,هل يوجد أعشاب طبية تساعد على الشفاء من حالة الاكتئاب و الشعور بالخوف ، علما بأنه يوجد لدي فقر دم (انيميا الفول ) و يتجدث حالات الاكتئاب هذه عند تناول...,يختلف تأثير الطعام على الإنسان من شخص لآخر تبعاً للعديد من العوامل والأسباب وإن من أهم أسباب الشعور بالاكتئاب هو نقص عناصر غذائية في وجباتنا الغذائية . مشروبات بين الوجبات للقضاء على الاكتئاب للحالات العادية : - شاي الأعشاب المكوّن من التليو + النعناع + الب...,,recommended_for_human_review,needs_review,approve_if_medically_relevant_then_convert_to_supplemental_fact
trial_query_086,3,nutrition,1.0729,"[""اخذ"", ""لمده"", ""نقص"", ""وصف""]",ahd5k_04611,أمراض الغدد الصماء,اعاني من مشكلة انقطاع الطمث لمدة شهرين كل مرة اي غير منتظمة و عندما زرت اخصائي قال ان عندي مشكلة نقص هرمونات هل يمكن وصف علاج لهذه الحالة مع العلم...,التقيم بحاجة الى اخذ تاريخ مرضي واضح ومن ثم الفحص السريري واخيرا عمل الفحوصات المخبرية والصورالشعاعية ومن ثم العلاج,,recommended_for_human_review,needs_review,approve_if_medically_relevant_then_convert_to_supplemental_fact
trial_query_086,4,nutrition,0.8547,"[""اخذ"", ""شهر"", ""لمده""]",ahd5k_00480,أمراض باطنية,السلام عليكم.انا مصاب بفيروس س4 واخذتعﻻج بيغاسي ولم اشفى.جرى عندي التهاب بالمجاري البولية واخت دواء اموكسلين مع مسكن من نوعية البروفين فحصل عندي نزيف معوي وذهبتاسعاف الى المشف,"عليكم السلام يمكنك اخذ دواء من فصيلة ايزومبرازول مثل النيكسيام 40 مج لمدة شهر على الاقل و ايضا يجب عمل فحص PT, PTT, INR لفحص سيولة",,recommended_for_human_review,needs_review,approve_if_medically_relevant_then_convert_to_supplemental_fact
trial_query_086,5,nutrition,0.8547,"[""فقر"", ""فيتامين"", ""نقص""]",ahd5k_00594,أمراض الدم,السلام عليكم دكتور انا عندي فقر دم اي هي اغدية المفيدة الي؟,يحدث فقر الدم عندما لا يحتوي جسمك على ما يكفي من خلايا الدم الحمراء نتيجة فقدان الدم أو عدم القدرة على تكوين خلايا دم حمراء كافية. ويوجد العديد من أنوع فقر الدم منها الذي يكون بسبب نقص الحديد أو حمض الفوليك أو فيتامين ب-12 وغيرها. ويمكن اتباع نظام غذائي غني...,,recommended_for_human_review,needs_review,approve_if_medically_relevant_then_convert_to_supplemental_fact
trial_query_087,1,other,2.4361,"[""العلاج؟"", ""المستقيم؟وطرق"", ""اود"", ""تدلي"", ""معرفه""]",ahd5k_01181,علم التشريح,أود معرفة ما أسباب تدلي المستقيم؟وطرق العلاج؟,أسباب تدلي القولون هو ارتخاء في الآنسجة الضامة في الجسم، وربما يساعد كثرة الشد في البطن.,exact_eval_question_match,reject_eval_leakage,needs_review,approve_if_medically_relevant_then_convert_to_supplemental_fact
trial_query_087,2,other,0.6472,"[""معرفه""]",ahd5k_00171,صحة المسنين,امرأة تريد طرقة للتخلص من الكوليسترول في الجسم - وعمرها 54 سنة,أولاً يتوجب معرفة نوع الكوليسترول المرتفع لديها وهل يصاحبه ارتفاع في الدهون الثلاثية أم لا وهل الكوليسترول الحميد منخفض ، جميع هذه المعلومات يمكن الحصول عليها بعد فحص الدهون لتحديد نوع الزيادة ومقدارها ، كذلك يتطلب معرفة ما اذا كان وزنها طبيعي أم لا ، وهل ل...,,reject_generic_topic,needs_review,approve_if_medically_relevant_then_convert_to_supplemental_fact
trial_query_087,3,other,0.6472,"[""معرفه""]",ahd5k_00855,جراحة القلب والشرايين,انا شاب عمري 25 سنه اصبحت اعاني من صعوبه في التنفس و الارهاق؟,"لا داعي للقلق ولكن ينبغي معرفة تاريخك المرضي واجراء فحص للكشف عن أي علامات سريرية قد تكون موجودة لديك وتساعد في تحديد طبيعة الحالة , فهكذا أعراض ممكن أن تكون ناجمة عن التها ب في الجهاز التنفسي ويمكن تترافق مع فقر الدم أو اضطرابات دموية أو متعلقة بجهاز الدور...",,reject_generic_topic,needs_review,approve_if_medically_relevant_then_convert_to_supplemental_fact
trial_query_087,4,other,0.6472,"[""معرفه""]",ahd5k_01245,أرجية حساسية,انا اشعر بالصداع والنعاس وحساسية في وجهي والحكة بكل انحاء جسمي كيف استطيع ان اوقف هذا الدواء,معرفة سبب الحساسيه وتجنبه لتتجنب استخدام الادويه يتم ذلك عن طريق RAST Test,,reject_generic_topic,needs_review,approve_if_medically_relevant_then_convert_to_supplemental_fact
trial_query_087,5,other,0.6472,"[""معرفه""]",ahd5k_01510,أمراض القلب و الشرايين,يشعر والدي بألم في منطقة الصدر علما ان والدي مصاب بجلطة قلبية ودماغية اليوم قد تناول بيزا وكانت دسمة،،،،،هل هذا الم قلب ام الام معدة,لا يمكن معرفة ذلك بدون فحص يسمح بالتحقق من خصائص الالم وباقي الاعراض وللكشف عن العلامات المرافقة التي تساعد في معرفة السبب بدقة,,reject_generic_topic,needs_review,approve_if_medically_relevant_then_convert_to_supplemental_fact
trial_query_089,1,other,4.5589,"[""احساس"", ""ارتفاع"", ""اسفل"", ""البطن"", ""الدم"", ""الصفراء"", ""الطحال"", ""الظهر"", ""بالتعب"", ""تحاليل"", ""تضخم"", ""سلبي"", ""عمري43"", ""للفيروسات"", ""والم"", ""وجانبين"", ""وصلت"", ""ومناعهانكا"", ""ويوجد""]",ahd5k_01220,أمراض باطنية,السلام عليكم عمري43 اعاني ارتفاع الصفراء في الدم وصلت الي 7.6 ويوجد تضخم في الطحال والم ف اسفل البطن وجانبين الي الظهر مع احساس بالتعب تحاليل للفيروسات سلبي ومناعةانكا 1/80,ماهي تحاليل وظائف الكبد وصوره الدم ونتيجه الاشعه التليفزيونيه,exact_eval_question_match,reject_eval_leakage,needs_review,approve_if_medically_relevant_then_convert_to_supplemental_fact
trial_query_089,2,other,0.8882,"[""اسفل"", ""البطن"", ""وصلت""]",ahd5k_00876,علم الأجنة,انا الان وصلت الى الاسبوع العشرين ومازال بطني فيه ليونه ولم يوصل ارتفاعه لمستوى السره وحتى حركة الجنين التي اشعر بها مازالت تحت السره؟ أفيدوني هل الامر طبيعي ومتى يخشن...,من الطبيعي ان يكون البطن لين اثناء الحمل اما حركة الجنين التي تحت السرة فمكان الحركة يعتمد على وضع الجنين وقد تكون اسفل البطن او اعلاه المهم ان هناك حركة وعادة ما يصل الرحم الى مستوى السرة عند بداية الاسبوع 24 لذا لا ارى اي مشاكل لديك ولكني بالرغم من ذلك ان...,,reject_generic_topic,needs_review,approve_if_medically_relevant_then_convert_to_supplemental_fact
trial_query_089,3,other,0.8882,"[""الدم"", ""تضخم"", ""ويوجد""]",ahd5k_02200,أمراض الغدد الصماء,ما هي أهم أسباب نشاط الغدة الدرقية؟,يعاني العديد من الأشخاص من حالة صحية تسمى نشاط الغدة الدرقية حيث يحدث في هذه الحالة إفراز كمية كبيرة من هرمونات الغدة الدرقية وهما ثلاثي يودوثيرونين (T3) وهرمون ثيروكسين (T4). ويوجد العديد من الحالات الصحية التي تسبب نشاط الغدة الدرقية ومن أسباب نشاط الغدة ...,,reject_generic_topic,needs_review,approve_if_medically_relevant_then_convert_to_supplemental_fact
trial_query_089,4,other,0.8882,"[""اسفل"", ""البطن"", ""الدم""]",ahd5k_02207,علم التشريح,عندي سؤال عن سرطان القولون والكلى مش شغاله,"سرطان المستقيم هو سرطان الجزء الاخير من القولون. ويشكل سرطان المستقيم 50% من سرطانات القولون , والذي تزداد درجة تطوره بازدياد حجمه أو تسطحه , الشكل الشائع: هو الشكل اللاعرضي وحتى مرحلة متقدمة من الورم. - الشكل الاعتيادي: خروج الدم مع البراز, الم اسفل البطن ...",,reject_generic_topic,needs_review,approve_if_medically_relevant_then_convert_to_supplemental_fact
trial_query_089,5,other,0.8882,"[""ارتفاع"", ""الدم"", ""سلبي""]",ahd5k_02249,علم الأجنة,كيف يمكن ان يتاثر الجنين باضطرابات السكر في الام بمعنى هل اذا حدث هبوط او ارتفاع للسكر مرة واحدة يتاثر الجنين فوراحيث انني مصابة بالسكري واجهضت في الاسبوع السابع حيث...,يمكن أن يؤثر مرض السكري أثناء الحمل بما في ذلك النوع الأول، أو الثاني، أو سكري الحمل بشكل سلبي على صحة الأم والجنين. بالنسبة للنساء المصابات بمرض السكري من النوع الأول أو الثاني، فإن ارتفاع نسبة السكر في الدم واضطرابات السكر في الدم قبل حدوث الحمل وخلال الأ...,,reject_generic_topic,needs_review,approve_if_medically_relevant_then_convert_to_supplemental_fact
trial_query_092,1,other,3.4641,"[""استطيع"", ""الدواء"", ""انحاء"", ""اوقف"", ""بالصداع"", ""بكل"", ""جسمي"", ""كيف"", ""والحكه"", ""والنعاس"", ""وجهي"", ""وحساسيه""]",ahd5k_01245,أرجية حساسية,انا اشعر بالصداع والنعاس وحساسية في وجهي والحكة بكل انحاء جسمي كيف استطيع ان اوقف هذا الدواء,معرفة سبب الحساسيه وتجنبه لتتجنب استخدام الادويه يتم ذلك عن طريق RAST Test,exact_eval_question_match,reject_eval_leakage,needs_review,approve_if_medically_relevant_then_convert_to_supplemental_fact
trial_query_092,2,other,0.7774,"[""الدواء"", ""بالصداع""]",ahd5k_00065,إسعاف أولي,هل عقار اولفين المسكن له اثار جانبية مثل الفولتارين حيث اني مصاب بالصداع الشقيقه واحتاج مسكن قوي وشكرا,"الأولفين هو نفس الدواء فولتارين , فالاثنان يحتووا على نفس المادة الفعالة ديكلوفيناك , ولكن الاسم التجاري مختلف , ولهم نفس الأعراض الجانبية . فإذا كنت لا تعاني من ارتفاع في ضغط الدم. ولا من أي مشاكل , فإنك تستطيع أخذ الدواء , وخذه على معدة ممتلئة ( بعد الأكل...",,reject_generic_topic,needs_review,approve_if_medically_relevant_then_convert_to_supplemental_fact
trial_query_092,3,other,0.7774,"[""الدواء"", ""كيف""]",ahd5k_03627,صحة المسنين,انا رجل مقبل على الزواج طولى 180ووزنى 115 كيف اتخلص من الوزن الزايد بدون الرياضه,اهم الادوية لانقاص الوزن هي : 1- ميتفورمين وهو يستعمل لعلاج السكري فانتبهي حتى لا ينزل السكري عندك 2- مدر بول تخرج الماء الزائد من جسمك 3- علاج سيبوترامين مثل : ميريديا او سيبوترم او دايت ماكس او سليماكس و قاطع للشهية. 4- اورليستات يفضل تناول حبة دواء تحتوي...,,reject_generic_topic,needs_review,approve_if_medically_relevant_then_convert_to_supplemental_fact
trial_query_092,4,other,0.7774,"[""بكل"", ""كيف""]",ahd5k_03852,صحة المسنين,كيف نتعامل مع كآبة المسنين؟ الاعلامية والعاملة الاجتماعية سلام الحاج من لبنان,عادة بعد التقدم في السن يكون قد تكون لدى الشخص الكثير من التجارب الحياتية التي تطبع في ذاكرته معاني خاصة وتثير في نفسه شجون مختلفة فكلما انفرد مع نفسه أخذ يقلبها ويعيد حساباته وتقيمه لها، وهذا الاستطراق يأخذه إلى الانفصال المؤقت وعدم التفاعل مع المحيط والوا...,,reject_generic_topic,needs_review,approve_if_medically_relevant_then_convert_to_supplemental_fact
trial_query_092,5,other,0.5774,"[""جسمي"", ""وجهي""]",ahd5k_00481,تشخيص,انا ام ادم عمري ٢٧ سنة متزوجة لي طفلان اعاني منذ سنة من اوجاع في الجهة الشمالية من جسمي اي يدي الشمالو رجلي الشمال و نصف راسي حتى نصف وجهي...,هذه الاعراض تدل على وجود اصابة حسية شقية في شق الجسم الايسر، التي يمكن تتظاهر بالم او خدران وغيره طبعا عليكي مراجعة اخصائي عصبية بدون تردد لاجراء الفحوصات والصور اللازمة ونفي وجود اصابة دماغية او خزل شقي,,reject_generic_topic,needs_review,approve_if_medically_relevant_then_convert_to_supplemental_fact
trial_query_093,1,respiratory_general,4.8904,"[""اخبركم"", ""استطبع"", ""الايسر"", ""الايمن"", ""التنفس"", ""العميق"", ""الفينه"", ""القلب"", ""النوم"", ""بالام"", ""بالقلب"", ""بين"", ""جانبي"", ""صعوبه"", ""صمامتين"", ""قرب"", ""كما"", ""مريصه"", ""مشكل"", ""واجد"", ""والاخري"", ""ولا""]",ahd5k_01259,أمراض القلب و الشرايين,لا أستطبع النوم على جانبي لا الأيمن ولا الأيسر وأجد صعوبة في التنفس العميق. كما أشعر بين الفينة والأخرى بآلام قرب القلب. كما أخبركم أني مريصة بالقلب (مشكل في صمامتين),لا داعي للقلق لكن اسباب ذلك كثيرة وقد لا تكون متعلقة بحالتك السابقة وفي جميع الاحوال لا بد من فحص طبي سريري اولا لبيان خصائص الاعراض وللكشف عن العلامات المرافقة اولا,exact_eval_question_match,reject_eval_leakage,needs_review,approve_if_medically_relevant_then_convert_to_supplemental_fact
trial_query_093,2,respiratory_general,1.0528,"[""الايسر"", ""التنفس"", ""القلب"", ""بالقلب""]",ahd5k_01350,أمراض القلب و الشرايين,اعاني من حموضة وصعوبة في التنفس وصعوبة بلع والم في الجانب الايسر من الصدر مع تعب في الكتف اليسرى بعد ابذال مجهود فهل هذا خطر على القلب ام حموضة عادية,لا علاقه له بالقلب . اعمل رسم قلب وايكو ع الاقل وراجع طبيب الباطنه والعظام,,recommended_for_human_review,needs_review,approve_if_medically_relevant_then_convert_to_supplemental_fact
trial_query_093,3,respiratory_general,1.0528,"[""الايسر"", ""التنفس"", ""العميق"", ""جانبي""]",ahd5k_02662,تشخيص,لدي الم في جانبي راسي وخصوصا الايسر فوق الاذن اشعر بضغط فى هذه المنطقه وكانه شي سينفجر وكثير من الاوقات اشعر بارهاق عام لهذا السبب,إن الألم في الرأس مع الشعور بالضغط على جانبي الرأس مع الإرهاق العام قد يعود لأحد الأسباب التالية: صداع التوتر. الشد العضلي. الضغط العصبي. القلق والتوتر أو الاكتئاب. التهاب الجيوب الأنفية. الشقيقة (الصداع النصفي). وجود مشاكل في الأذن التهاب السحايا. تمدد الأ...,,recommended_for_human_review,needs_review,approve_if_medically_relevant_then_convert_to_supplemental_fact
trial_query_093,4,respiratory_general,1.0528,"[""القلب"", ""النوم"", ""كما"", ""مشكل""]",ahd5k_04701,أمراض القلب و الشرايين,انا اعاني من دوخة خاصة اثناء المشي وفي بعض الاحيان ضيق تنفس كما انني اعاني من مشكل اثناء بداية النوم لانها تنتابني الدوخة وتسارع في ضربات القلب ارجوكم افيدوني وشكرا,كثير من الفتيات يعانن من هذه الأعراض وذلك نتيجة انخفاض الضغط وبالتالي ارتفاع نبضات القلب والشعور بالدوخة والإجهاد وينصح بتناول وجبة الإفطار والإكثار من السوائل والأملاح .. ألف سلامة,,recommended_for_human_review,needs_review,approve_if_medically_relevant_then_convert_to_supplemental_fact
trial_query_093,5,respiratory_general,1.0528,"[""التنفس"", ""القلب"", ""بين"", ""كما""]",ahd5k_04866,كيمياء حيوية,لماذا يموت الانسان عندما يلتمس بالكهرباء وما علاقته بالبروتين الموجود في الجسم ولماذا احيانا هنالك اشخاص لايتأثرون بالتيار الكهربائي؟,الصدمة الكهربائية وتتجلى بالضرر الذى يصيب انسجة الجسم نتيجة تأثير التيار او القوس الكهربائى وغالبا ما يكون الضرر سطحيأ اى يتضرر الجلد واحيانأ الانسجة الرخوة مع الاربطة والعظام حيث تتعلق خطورة الصدمة وصعوبة معالجتها بنوع ومميزات ودرجة الانسجة ورد فعل الاعضاء...,,recommended_for_human_review,needs_review,approve_if_medically_relevant_then_convert_to_supplemental_fact
trial_query_094,1,other,3.5166,"[""اخري"", ""استعمال"", ""التوبيراميت"", ""تودي"", ""دات"", ""شفه"", ""غير"", ""محدده"", ""مشقوقه"", ""هناك"", ""ولاده""]",ahd5k_01266,علم الأجنة,هل هناك أسباب أخرى محددة تؤدي الى ولادة دات شفة مشقوقة من غير استعمال دواء التوبيراميت.,الشفة الأرنبية تعتبر من التشوهات الخلقية الشائعة نسبيا اذ تصل نسبتها الى 1 في كل 700 ولادة وفي الغالب يكون السبب وراثي وقم تم تحديد الجين المسئول عن ذلك ولكنها قد تنتج عن استعمال بعض الأدوية بجرعات كبيرة نسبيا مثل الاسبرين والكورتيزون والتوبيراميت وادوية اخ...,exact_eval_question_match,reject_eval_leakage,needs_review,approve_if_medically_relevant_then_convert_to_supplemental_fact
trial_query_094,2,other,1.1045,"[""تودي"", ""هناك"", ""ولاده""]",ahd5k_00941,علم الأجنة,زوجتي حامل في بداية الشهر الخامس وونزل منها ماء من الجنين بكثر استمر معها نصف ساعه وبداي ياتيها متقطع فماهو السبب وطريقه تفاديها وهل هناك خطوره عليهما؟,يجب مراجعه طبيبك في اقرب ، حيث ان هذا السائل يمكن ان يكون نتيجه ثقب في الكيس حول الجنين مما يؤدي الى نزول السائل الامينوسي حول الجنين ، او نتيجه لتوسع في عنق الرحم مما يؤدي الى نزول افرازات مهبليه تشبه الماء. وهذه قد تؤدي الى ولاده مبكره او التهابات قد تحتا...,,reject_generic_topic,needs_review,approve_if_medically_relevant_then_convert_to_supplemental_fact
trial_query_094,3,other,1.1045,"[""اخري"", ""غير"", ""هناك""]",ahd5k_03053,صحة الطفل,طفلى اخذ تطعيم ٦شهور واخذ ادول شراب سخنيه ولسه سخن اديله تحاميل روفيناك ٢٥,أهلا بحضرتك ....... * أولا : ارتفاع الحرارة بسبب التطعيم لا تستمر أكثر من 24 ساعة ، و لا تتجاوز 38.5 في أغلب الأحوال . * ثانيا : لا يمكن إعطاء لبوس روفيناك 25 مجم في هذا العمر ، و يكتفي بإعطاء الباراسيتامول كل 4-6 ساعات . * ثالثا : استمرار الحرارة لثاني يوم...,,reject_generic_topic,needs_review,approve_if_medically_relevant_then_convert_to_supplemental_fact
trial_query_094,4,other,1.1045,"[""استعمال"", ""غير"", ""هناك""]",ahd5k_03223,جراحة القلب والشرايين,السلام عليكم ورحمة الله وبركاته هل الزنجبيل مفيد للمصابين بالجلطة الدماغيه؟ وأن كان مفيد ماهي طريقة صحيح الاستخدامه؟ وشكرآ,نعتقد أنه مفيد لكن حتى الآن لا توجد معطيات علمية يمكن الاعتماد عليها بشكل قطعي، ولكن في نفس الوقت هناك بعض الدراسات الحديثة التي تشير إلى أن الزنجبيل يمكن أن يكون مساعد للحفاظ على معدلات الكوليسترول الطبيعية، ويستعمله البعض خاصة في الصين في علاج بعض الاضطرا...,,reject_generic_topic,needs_review,approve_if_medically_relevant_then_convert_to_supplemental_fact
trial_query_094,5,other,1.1045,"[""اخري"", ""تودي"", ""هناك""]",ahd5k_04509,تشوهات خلقية,هل الكحول بالنسبة للمرأة الحامل تزيد من نسبة أصابة الجنين بتشوهات خلقية؟ و ماهي الادوية التي يحظر على المرأة الحامل تعاطيهالأنها قد تؤدي ألى حدوث بعض التشوهات الخلقية؟,نعم الكحول مضر بالوليد ولا ينصح به أثناء الحمل. كما أن هناك أدوية أخرى مضرة أثناء الحمل مثل مضادات الصرع، ويجب التأكد قبل تناول الدواء واستشارة طبيب النسائية المشرف على الحمل.,,reject_generic_topic,needs_review,approve_if_medically_relevant_then_convert_to_supplemental_fact
trial_query_096,1,drug_safety,4.2,"[""الاستمرار"", ""التمارين"", ""التي"", ""الثدي"", ""الحلبه"", ""الريق"", ""الزيت؟"", ""المده"", ""بجانب"", ""تناول"", ""حجم"", ""زيت"", ""عليها"", ""ملعقه"", ""يزيد"", ""يوميا""]",ahd5k_01292,الطب البديل,السلام عليكم .. هل تناول ملعقة يوميا من زيت الحلبة على الريق يزيد من حجم الثدي بجانب التمارين ..؟؟ و ما المدة التى يمكن الاستمرار عليها فى تناول الزيت؟ و...,اشربى من الحلبة كتير اما بالنسبة لزيت الحلبة ضعي منه معلقة على صدرك وادهنى صدرك بزيت الحلبة بالليل وبزيت الزيتون الصبح، وافركي الثديين بشكل دائري ومن أسفل لأعلى ولكنه يحتاج استمرار وصبر لمدة بضع شهور بدون ملل ولا يأس,exact_eval_question_match,reject_eval_leakage,needs_review,approve_if_medically_relevant_then_convert_to_supplemental_fact
trial_query_096,2,drug_safety,1.7,"[""التي"", ""الحلبه"", ""الريق"", ""تناول"", ""زيت"", ""يزيد""]",ahd5k_04616,علم الأجنة,ماهية الاغذية التي تعد منشطة جنسين ، والمفضلة لنشاط الحيوان المنوي ، وشكرآ؟,"التفاح .. إذا كان التفاح يغني عن الذهاب إلى الطبيب فإنه قد يغني أيضاً عن الفراق و الخصام لأنه يحتوي على مادة \""الكيرستين\"" التي تقاوم تراكم الكوليسترول الضار على جدران الأوعية الدموية فتسهم بالتالي في تنشيط الدورة الدموية و تجديد حيوية الجسم. الأسماك الدهني...",,recommended_for_human_review,needs_review,approve_if_medically_relevant_then_convert_to_supplemental_fact
trial_query_096,3,drug_safety,1.2,"[""التي"", ""تناول"", ""زيت"", ""ملعقه""]",ahd5k_01394,تشخيص,هل يوجد أعشاب طبية تساعد على الشفاء من حالة الاكتئاب و الشعور بالخوف ، علما بأنه يوجد لدي فقر دم (انيميا الفول ) و يتجدث حالات الاكتئاب هذه عند تناول...,يختلف تأثير الطعام على الإنسان من شخص لآخر تبعاً للعديد من العوامل والأسباب وإن من أهم أسباب الشعور بالاكتئاب هو نقص عناصر غذائية في وجباتنا الغذائية . مشروبات بين الوجبات للقضاء على الاكتئاب للحالات العادية : - شاي الأعشاب المكوّن من التليو + النعناع + الب...,,recommended_for_human_review,needs_review,approve_if_medically_relevant_then_convert_to_supplemental_fact
trial_query_096,4,drug_safety,1.2,"[""الثدي"", ""الحلبه"", ""حجم"", ""يزيد""]",ahd5k_01423,الطب البديل,عمري 18 سنة وأنا أعاني من صغر الثدي هل يوجد أي حل لتكبيره دون جراحة?,حليب الصويا له فوائد عديدة فهو يزيد من افراز هرمون الأستروجين الأنثوي الذي يثير الرغبة الجنسية عند المرأة ويزيد من حجم الأعضاء التناسلية والثديين، يمكنك استعماله كما تشائين سواء شرب كالحليب أو عمل جبنة، وهناك الحلبة تعمل على تكبير الثدي.,,recommended_for_human_review,needs_review,approve_if_medically_relevant_then_convert_to_supplemental_fact
trial_query_096,5,drug_safety,1.2,"[""الثدي"", ""الحلبه"", ""حجم"", ""زيت""]",ahd5k_03104,الطب البديل,ما هى فوائد زيت الحلبه للجسم اذا استعمل شربا مع الماء شكرا,"فوائد زيت الحلبة للجسم: 1. فوائد زيت الحلبة للشعر: زيت الحلبة له تأثير قوي على نمو الشعر ويحد من الصلع وتساقط الشعر والقشور , فهو مصدر جيد لحمض النيكوتينيك والبروتين. 2. فوائد زيت الحلبة للصدر: فهو تحتوي على الأستروجين وتعمل على تحفيز هرمون البرولاكتين , وك...",,recommended_for_human_review,needs_review,approve_if_medically_relevant_then_convert_to_supplemental_fact
trial_query_097,1,dental,3.0,"[""احمرار"", ""الاسفل"", ""التعامل"", ""العقل"", ""الفك"", ""انتفاخ"", ""ضرس"", ""كيفيه"", ""مسببا""]",ahd5k_01293,أمراض الأسنان,كيفية التعامل مع انتفاخ ضرس العقل مسببا الام و احمرار الفك الاسفل,لا بد من مضاد حيوي و مسكن الم و مضمضة فموية و هذا كله يتم باشراف الطبيب و باذن الله بعد حوالي ثلاث ايام يصبح مقبولا ولكن لابد من الاستمرار بالعلاج 5-7 ايام,exact_eval_question_match,reject_eval_leakage,needs_review,approve_if_medically_relevant_then_convert_to_supplemental_fact
trial_query_097,2,dental,0.6667,"[""العقل"", ""ضرس""]",ahd5k_02169,أمراض الأسنان,منذ ٢٠ يوم حصل مثل التورم التدريجي من الخلف للأمام في جوف الفم أولا في الجهة اليسرى و من ثم اليمنى بنفس الطريقة دكتور الأسنان قال ممكن احتمال ضرس العقل...,قد تكون المشكلة في اللسان وله عدة اسباب مثل التهاب بكتيري او فطري او فيروسي معرفة السبب تؤدي الى المعالجة,,recommended_for_human_review,needs_review,approve_if_medically_relevant_then_convert_to_supplemental_fact
trial_query_097,3,dental,0.6667,"[""العقل"", ""ضرس""]",ahd5k_03474,أمراض الأسنان,اشكو من اثار البنج بعد ازالة ضرس العقل مستمرة من عدة ايام وصف لي الطبيب دواء vitamin b complex لاعادة العصب سليما لكني غير مقتنع بهذا الدواءvitamin b complex ارى...,هذا العلاج سليم و يساعد على تعافي العصب لكن لم تذكر بالضبط ما هي اثار البنج ... على كل حال يمكنك استشارة طبيب جراح وجه و فكين للوقوف على تفاصيل الحالة,,recommended_for_human_review,needs_review,approve_if_medically_relevant_then_convert_to_supplemental_fact
trial_query_097,4,dental,0.5333,"[""التعامل""]",ahd5k_00348,علم التشريح,كيف ترتفع درجة حرارة الجسم عن الحد الطبيعي؟,يوجد في جسم الإنسان العديد من الآليات التي تعمل على تنظيم الحرارة في جسمه لتبقى ضمن الحد الطبيعي، ولكن في بعض الأحيان قد ترتفع درجة الحرارة نتيجة عوامل خارجية أو داخلية، مثل: قضاء بعض الوقت في الطقس الحار، وممارسة الرياضة، والإصابة بعدوى، أو تناول بعض أنواع...,,recommended_for_human_review,needs_review,approve_if_medically_relevant_then_convert_to_supplemental_fact
trial_query_097,5,dental,0.5333,"[""ضرس""]",ahd5k_00507,تشخيص,هل الأعراض التالية لها علاقة بالأسنان وهى صداع فى الرأس وشعور بحرارة فى الرأس وفى العين حيث أشعر بثقل فى الجفون وأشعر بألام فى الأذنين ولكن ليست هناك مشاكل فى...,من الافضل والاجدى اذا وجد ضرس غقل او اكثر مطمور ان تبادرى لازالتهم وذلك لدى طبيب اسنان متمرس او لدى طبيب جراح وجه وفكين خيث يندرج هذا التخصص من ضمن تخصصه,,recommended_for_human_review,needs_review,approve_if_medically_relevant_then_convert_to_supplemental_fact
trial_query_100,1,other,4.2426,"[""الاكيد"", ""البقع"", ""العلاج"", ""العمليه"", ""الوجه"", ""انيميا"", ""بالمراره"", ""بقع"", ""بنيه"", ""جانبي"", ""حصوات"", ""زالت"", ""موجوده"", ""وانا"", ""وشكرا"", ""وعملت"", ""وكان"", ""ولا""]",ahd5k_01325,أمراض الدم,عندى بقع بنية على جانبى الوجة وانا اعانى من انيميا 10 وكان عندى حصوات بالمرارة وعملت العملية ولا زالت البقع موجودة ما العلاج الاكيد وشكرا,من الواضح انكب تعانين من تكسر مزمن في الدم أدى لظهور الحصى في المرارة لذا أنصحكم بمراجعة طبيب اختصاص دم لمعرفة نوعية التكسر والتي على الأغلب ان يكون العامل الوراثي له دور كبير,exact_eval_question_match,reject_eval_leakage,needs_review,approve_if_medically_relevant_then_convert_to_supplemental_fact
trial_query_100,2,other,0.9071,"[""العلاج"", ""وانا"", ""ولا""]",ahd5k_00970,أرجية حساسية,ما علاج البلغم (حساسية الصدر) رغم اخذى هلاج اكثر من مرة ولا فائدة ؟ هل امتنع عن طعام معين يزيد البلغم وانا غير مدخن واخذ علاج للضغط والكوليسترول عمرى 55...,اذا كنت مدخنا يجب الاقلاع عن التدخين نهائياً وقطعياً علما بأنك لا تدخن كما قلت لكن جلوسك في مكان فيه مدخنين يجعلك مدخناً ايضاً اذا كنت تعاني من التهاب ما في الجزء العلوي من الجهاز التنفسي يجب ان تتعالج يجب التأكد من ما تعانيه هل هو ربو ؟؟ او هل هناك حساسية ...,,reject_generic_topic,needs_review,approve_if_medically_relevant_then_convert_to_supplemental_fact
trial_query_100,3,other,0.9071,"[""العلاج"", ""وانا"", ""وشكرا""]",ahd5k_03258,الطب البديل,منذ دخول الصيف وانا اعاني من ظهور حبوب في وجهي اريد العلاج من خلال الطب البديل وشكرا لكم على مساعدتكم,يفضل مراجعة طبيب الجلدية لوصف العلاج المناسب لانه عادة يحتاج حب الشباب الى ادوية لعلاجها منها الايزوتريتينوين ولكن لا يجب اخذه دون استشارة الطبيب,,reject_generic_topic,needs_review,approve_if_medically_relevant_then_convert_to_supplemental_fact
trial_query_100,4,other,0.6714,"[""وشكرا"", ""ولا""]",ahd5k_00065,إسعاف أولي,هل عقار اولفين المسكن له اثار جانبية مثل الفولتارين حيث اني مصاب بالصداع الشقيقه واحتاج مسكن قوي وشكرا,"الأولفين هو نفس الدواء فولتارين , فالاثنان يحتووا على نفس المادة الفعالة ديكلوفيناك , ولكن الاسم التجاري مختلف , ولهم نفس الأعراض الجانبية . فإذا كنت لا تعاني من ارتفاع في ضغط الدم. ولا من أي مشاكل , فإنك تستطيع أخذ الدواء , وخذه على معدة ممتلئة ( بعد الأكل...",,reject_generic_topic,needs_review,approve_if_medically_relevant_then_convert_to_supplemental_fact
trial_query_100,5,other,0.6714,"[""العلاج"", ""موجوده""]",ahd5k_00072,أمراض باطنية,السلام عليكم اعاني من غازات والم مغص في المعدة فوق السرة بحوالي اربع اصابع. وكثرة التبرز برائحة كريهة جدا-اكرمكم الله- بعد الاكل مع فقدان للشهية. اعتقد بانها بكتيريا بالمعدة. ما...,الاخت الكريمة لا يمكن وصف علاج للبكتيري بمجرد اعتقادك بوجودها.. انصح اولا بالفحص و اذا كانت موجودة عندئذ العلاج.. كما ان هذه الاعراض قد تكون مصاحبة لامراض اخرى مثل بعض الديدان او اشياء اخرى. انصح بالفحص للتوصل الى التشخيص السليم,,reject_generic_topic,needs_review,approve_if_medically_relevant_then_convert_to_supplemental_fact
