query_id,query,hybrid_score,relation_confidence,seed_score,relation_weight,semantic_support,direction_bonus,evidence_relevance,seed_entity_id,seed_entity_name,seed_source,expansion_source,edge_id,original_relation_id,edge_direction,graph_relation_type,source_entity_id,source_name,source_type,target_entity_id,target_name,target_type,qa_id,evidence,reason
trial_query_076,ما علاج البلغم (حساسية الصدر) رغم اخذى هلاج اكثر من مرة ولا فائدة ؟ هل امتنع عن طعام معين يزيد البلغم وانا غير مدخن واخذ علاج للضغط والكوليسترول عمرى 55...,0.871748,0.95,0.82,1.0,0.53826,0.04,0.114286,ent_diseasecondition_2f75d3dabe0b,حساسية,detected_alias,seed_entity_traversal,rel_seed_e43cc896f52f8b30,rel_seed_e43cc896f52f8b30,direct,TREATED_BY,ent_diseasecondition_2f75d3dabe0b,حساسية,DiseaseCondition,ent_treatment_cbf0b7b10d4f,تجنب المنتجات التي تحوي جلوتين,Treatment,ahd5k_00812,للاسف اهم علاج تجنب المنتجات التي تحوي جلوتين,Direct treatment recommendation for allergy
trial_query_076,ما علاج البلغم (حساسية الصدر) رغم اخذى هلاج اكثر من مرة ولا فائدة ؟ هل امتنع عن طعام معين يزيد البلغم وانا غير مدخن واخذ علاج للضغط والكوليسترول عمرى 55...,0.856963,0.9,0.82,1.0,0.53826,0.04,0.142857,ent_diseasecondition_2f75d3dabe0b,حساسية,detected_alias,seed_entity_traversal,rel_seed_036615e69fe27f5a,rel_seed_036615e69fe27f5a,direct,TREATED_BY,ent_diseasecondition_2f75d3dabe0b,حساسية,DiseaseCondition,ent_treatment_f4b5c1573769,مضاد الهيستامين,Treatment,ahd5k_01231,استخدمي مضاد هيسامين وكورتيزون موضعي,Direct treatment recommendation for allergy
trial_query_076,ما علاج البلغم (حساسية الصدر) رغم اخذى هلاج اكثر من مرة ولا فائدة ؟ هل امتنع عن طعام معين يزيد البلغم وانا غير مدخن واخذ علاج للضغط والكوليسترول عمرى 55...,0.856963,0.9,0.82,1.0,0.53826,0.04,0.142857,ent_diseasecondition_2f75d3dabe0b,حساسية,detected_alias,seed_entity_traversal,rel_seed_8e92aaaff3cb2b47,rel_seed_8e92aaaff3cb2b47,direct,TREATED_BY,ent_diseasecondition_2f75d3dabe0b,حساسية,DiseaseCondition,ent_treatment_843876e28a68,كورتيزون,Treatment,ahd5k_01231,استخدمي مضاد هيسامين وكورتيزون موضعي,Direct treatment recommendation for allergy
trial_query_076,ما علاج البلغم (حساسية الصدر) رغم اخذى هلاج اكثر من مرة ولا فائدة ؟ هل امتنع عن طعام معين يزيد البلغم وانا غير مدخن واخذ علاج للضغط والكوليسترول عمرى 55...,0.85182,0.9,0.82,1.0,0.53826,0.04,0.057143,ent_diseasecondition_2f75d3dabe0b,حساسية,detected_alias,seed_entity_traversal,rel_seed_7ce02234253ff02e,rel_seed_7ce02234253ff02e,direct,TREATED_BY,ent_diseasecondition_2f75d3dabe0b,حساسية,DiseaseCondition,ent_treatment_104bb0a91d5a,تيليفاست,Treatment,ahd5k_02470,مضاد للهيستامين مثل تيليفاست,Direct treatment recommendation for allergy
trial_query_076,ما علاج البلغم (حساسية الصدر) رغم اخذى هلاج اكثر من مرة ولا فائدة ؟ هل امتنع عن طعام معين يزيد البلغم وانا غير مدخن واخذ علاج للضغط والكوليسترول عمرى 55...,0.846477,0.99,0.82,1.0,0.217662,0.04,0.114286,supp_ent_condition_cholesterol,ارتفاع الكوليسترول,detected_alias,seed_entity_traversal,supp_rel_cholesterol_lifestyle,supp_rel_cholesterol_lifestyle,direct,MANAGED_BY,supp_ent_condition_cholesterol,ارتفاع الكوليسترول,DiseaseCondition,supp_ent_lifestyle_cholesterol,تقليل الدهون والرياضة,LifestyleRecommendation,ahd5k_00171,طرق تخفيض الكوليسترول بدون دواء تعتمد على الجهد والتمارين خاصة المشي والحمية وتجنب الدهون الحيوانية والمقليات.,dataset-derived supplemental fact from ahd5k_00171
trial_query_076,ما علاج البلغم (حساسية الصدر) رغم اخذى هلاج اكثر من مرة ولا فائدة ؟ هل امتنع عن طعام معين يزيد البلغم وانا غير مدخن واخذ علاج للضغط والكوليسترول عمرى 55...,0.837034,0.85,0.82,1.0,0.53826,0.04,0.085714,ent_diseasecondition_2f75d3dabe0b,حساسية,detected_alias,seed_entity_traversal,rel_seed_f0f432e62cc5ed96,rel_seed_f0f432e62cc5ed96,direct,TREATED_BY,ent_diseasecondition_2f75d3dabe0b,حساسية,DiseaseCondition,ent_treatment_0311bc90ba75,حليب مكسر بروتين الحليب,Treatment,ahd5k_00020,اعطيها حليب مكسر بروتين الحليب بالكامل او حليب رز,Direct treatment recommendation for allergy
trial_query_076,ما علاج البلغم (حساسية الصدر) رغم اخذى هلاج اكثر من مرة ولا فائدة ؟ هل امتنع عن طعام معين يزيد البلغم وانا غير مدخن واخذ علاج للضغط والكوليسترول عمرى 55...,0.83532,0.85,0.82,1.0,0.53826,0.04,0.057143,ent_diseasecondition_2f75d3dabe0b,حساسية,detected_alias,seed_entity_traversal,rel_seed_df369e76bea13661,rel_seed_df369e76bea13661,direct,TREATED_BY,ent_diseasecondition_2f75d3dabe0b,حساسية,DiseaseCondition,ent_treatment_45a78ee47153,نازونكس,Treatment,ahd5k_00133,بدائل يوجد نازونكس وافاميز وتابونكس وفليكسونيز,Explicit treatment alternative listed for allergy
trial_query_076,ما علاج البلغم (حساسية الصدر) رغم اخذى هلاج اكثر من مرة ولا فائدة ؟ هل امتنع عن طعام معين يزيد البلغم وانا غير مدخن واخذ علاج للضغط والكوليسترول عمرى 55...,0.827391,0.8,0.82,1.0,0.53826,0.04,0.2,ent_diseasecondition_2f75d3dabe0b,حساسية,detected_alias,seed_entity_traversal,rel_seed_4f94c296991a8bf7,rel_seed_4f94c296991a8bf7,direct,TREATED_BY,ent_diseasecondition_2f75d3dabe0b,حساسية,DiseaseCondition,ent_treatment_677fdfb3086e,زيت الحبة السوداء,Treatment,ahd5k_00887,علاج حساسية الأنف. ما هي فوائد زيت حبة السوداء,Direct treatment claim for nasal allergies
trial_query_076,ما علاج البلغم (حساسية الصدر) رغم اخذى هلاج اكثر من مرة ولا فائدة ؟ هل امتنع عن طعام معين يزيد البلغم وانا غير مدخن واخذ علاج للضغط والكوليسترول عمرى 55...,0.771721,0.9,1.0,0.4,0.694106,0.0,0.857143,ent_symptom_dc2c7333a505,بلغم,detected_exact,seed_entity_traversal,rel_seed_0c7a95bcebd3a487__inverse,rel_seed_0c7a95bcebd3a487,inverse,SYMPTOM_OF,ent_symptom_dc2c7333a505,بلغم,Symptom,ent_diseasecondition_2f75d3dabe0b,حساسية,DiseaseCondition,ahd5k_00970,ما علاج البلغم (حساسية الصدر) رغم اخذى هلاج اكثر من مرة ولا فائدة ؟,Phlegm explicitly linked to allergy condition
trial_query_076,ما علاج البلغم (حساسية الصدر) رغم اخذى هلاج اكثر من مرة ولا فائدة ؟ هل امتنع عن طعام معين يزيد البلغم وانا غير مدخن واخذ علاج للضغط والكوليسترول عمرى 55...,0.771721,0.9,1.0,0.4,0.694106,0.0,0.857143,ent_symptom_dc2c7333a505,بلغم,detected_exact,seed_entity_traversal,rel_seed_2d8676e4afe037e2__inverse,rel_seed_2d8676e4afe037e2,inverse,SYMPTOM_OF,ent_symptom_dc2c7333a505,بلغم,Symptom,ent_diseasecondition_1c50bd11c45a,ربو,DiseaseCondition,ahd5k_00970,هل هو ربو ؟؟ او هل هناك حساسية ابسط من ذلك وعوارضها فقط السعال والبلغم,Phlegm explicitly linked to asthma symptoms
trial_query_076,ما علاج البلغم (حساسية الصدر) رغم اخذى هلاج اكثر من مرة ولا فائدة ؟ هل امتنع عن طعام معين يزيد البلغم وانا غير مدخن واخذ علاج للضغط والكوليسترول عمرى 55...,0.768521,0.9,0.82,0.4,0.694106,0.04,0.857143,ent_diseasecondition_2f75d3dabe0b,حساسية,detected_alias,seed_entity_traversal,rel_seed_0c7a95bcebd3a487,rel_seed_0c7a95bcebd3a487,direct,HAS_SYMPTOM,ent_diseasecondition_2f75d3dabe0b,حساسية,DiseaseCondition,ent_symptom_dc2c7333a505,بلغم,Symptom,ahd5k_00970,ما علاج البلغم (حساسية الصدر) رغم اخذى هلاج اكثر من مرة ولا فائدة ؟,Phlegm explicitly linked to allergy condition
trial_query_076,ما علاج البلغم (حساسية الصدر) رغم اخذى هلاج اكثر من مرة ولا فائدة ؟ هل امتنع عن طعام معين يزيد البلغم وانا غير مدخن واخذ علاج للضغط والكوليسترول عمرى 55...,0.766665,0.85,0.55,1.0,0.420426,0.04,0.228571,ent_diseasecondition_1c50bd11c45a,ربو,semantic_candidate,seed_entity_traversal,rel_seed_5a95dc63296dfe15,rel_seed_5a95dc63296dfe15,direct,TREATED_BY,ent_diseasecondition_1c50bd11c45a,ربو,DiseaseCondition,ent_treatment_677fdfb3086e,زيت الحبة السوداء,Treatment,ahd5k_00887,التخفيف من أعراض الربو وأمراض الجهاز التنفسي. ما هي فوائد زيت حبة السوداء,Direct treatment claim for asthma symptoms
trial_query_076,ما علاج البلغم (حساسية الصدر) رغم اخذى هلاج اكثر من مرة ولا فائدة ؟ هل امتنع عن طعام معين يزيد البلغم وانا غير مدخن واخذ علاج للضغط والكوليسترول عمرى 55...,0.761821,0.87,1.0,0.4,0.694106,0.0,0.857143,ent_symptom_dc2c7333a505,بلغم,detected_exact,seed_entity_traversal,rel_seed_6c884a1c6b84097f__inverse,rel_seed_6c884a1c6b84097f,inverse,SYMPTOM_OF,ent_symptom_dc2c7333a505,بلغم,Symptom,ent_diseasecondition_16cf4e77b755,التهاب,DiseaseCondition,ahd5k_00970,اذا كنت تعاني من التهاب ما في الجزء العلوي من الجهاز التنفسي يجب ان تتعالج,Phlegm explicitly mentioned in inflammation context
trial_query_076,ما علاج البلغم (حساسية الصدر) رغم اخذى هلاج اكثر من مرة ولا فائدة ؟ هل امتنع عن طعام معين يزيد البلغم وانا غير مدخن واخذ علاج للضغط والكوليسترول عمرى 55...,0.754705,0.92,0.82,0.4,0.53826,0.04,0.828571,ent_diseasecondition_2f75d3dabe0b,حساسية,detected_alias,seed_entity_traversal,rel_seed_56abfb8d8355106e,rel_seed_56abfb8d8355106e,direct,HAS_SYMPTOM,ent_diseasecondition_2f75d3dabe0b,حساسية,DiseaseCondition,ent_symptom_f4cf885a0447,سعال,Symptom,ahd5k_00970,هل هو ربو ؟؟ او هل هناك حساسية ابسط من ذلك وعوارضها فقط السعال والبلغم,Direct symptom attribution in allergy context
trial_query_076,ما علاج البلغم (حساسية الصدر) رغم اخذى هلاج اكثر من مرة ولا فائدة ؟ هل امتنع عن طعام معين يزيد البلغم وانا غير مدخن واخذ علاج للضغط والكوليسترول عمرى 55...,0.742208,0.92,1.0,0.4,0.431259,0.04,0.114286,ent_diseasecondition_250910ab0701,حساسية الصدر,detected_exact,seed_entity_traversal,rel_seed_bae062ec77d09618,rel_seed_bae062ec77d09618,direct,HAS_SYMPTOM,ent_diseasecondition_250910ab0701,حساسية الصدر,DiseaseCondition,ent_symptom_f4cf885a0447,سعال,Symptom,ahd5k_04490,حساسية الصدر and سعال co-occur with explicit symptom-pathology link,Direct symptom-pathology relationship established in QA context
trial_query_076,ما علاج البلغم (حساسية الصدر) رغم اخذى هلاج اكثر من مرة ولا فائدة ؟ هل امتنع عن طعام معين يزيد البلغم وانا غير مدخن واخذ علاج للضغط والكوليسترول عمرى 55...,0.720371,0.85,0.45,1.0,0.248928,0.04,0.2,ent_symptom_b754f1a1e5a8,صداع,semantic_qa_evidence,semantic_qa_relation_expansion,rel_seed_ae85f383f00386e8,rel_seed_ae85f383f00386e8,direct,TREATED_BY,ent_symptom_b754f1a1e5a8,صداع,Symptom,ent_treatment_677fdfb3086e,زيت الحبة السوداء,Treatment,ahd5k_00887,التخفيف من أعراض الصداع. ما هي فوائد زيت حبة السوداء,Direct treatment claim for headache symptoms
trial_query_076,ما علاج البلغم (حساسية الصدر) رغم اخذى هلاج اكثر من مرة ولا فائدة ؟ هل امتنع عن طعام معين يزيد البلغم وانا غير مدخن واخذ علاج للضغط والكوليسترول عمرى 55...,0.708677,0.9,0.82,0.4,0.53826,0.04,0.171429,ent_diseasecondition_2f75d3dabe0b,حساسية,detected_alias,seed_entity_traversal,rel_seed_aad068f18b3b6989,rel_seed_aad068f18b3b6989,direct,HAS_SYMPTOM,ent_diseasecondition_2f75d3dabe0b,حساسية,DiseaseCondition,ent_symptom_7b839cc80688,ضيق تنفس,Symptom,ahd5k_00683,ضيق تنفس وسرعة التعب وقلق,Direct symptom 'ضيق تنفس' explicitly linked to allergy in evidence
trial_query_076,ما علاج البلغم (حساسية الصدر) رغم اخذى هلاج اكثر من مرة ولا فائدة ؟ هل امتنع عن طعام معين يزيد البلغم وانا غير مدخن واخذ علاج للضغط والكوليسترول عمرى 55...,0.703721,0.9,0.55,0.4,0.694106,0.04,0.857143,ent_diseasecondition_1c50bd11c45a,ربو,semantic_candidate,seed_entity_traversal,rel_seed_2d8676e4afe037e2,rel_seed_2d8676e4afe037e2,direct,HAS_SYMPTOM,ent_diseasecondition_1c50bd11c45a,ربو,DiseaseCondition,ent_symptom_dc2c7333a505,بلغم,Symptom,ahd5k_00970,هل هو ربو ؟؟ او هل هناك حساسية ابسط من ذلك وعوارضها فقط السعال والبلغم,Phlegm explicitly linked to asthma symptoms
trial_query_076,ما علاج البلغم (حساسية الصدر) رغم اخذى هلاج اكثر من مرة ولا فائدة ؟ هل امتنع عن طعام معين يزيد البلغم وانا غير مدخن واخذ علاج للضغط والكوليسترول عمرى 55...,0.702665,0.85,0.45,1.0,0.420426,0.0,0.228571,ent_treatment_677fdfb3086e,زيت الحبة السوداء,semantic_qa_evidence,semantic_qa_relation_expansion,rel_seed_5a95dc63296dfe15__inverse,rel_seed_5a95dc63296dfe15,inverse,TREATS,ent_treatment_677fdfb3086e,زيت الحبة السوداء,Treatment,ent_diseasecondition_1c50bd11c45a,ربو,DiseaseCondition,ahd5k_00887,التخفيف من أعراض الربو وأمراض الجهاز التنفسي. ما هي فوائد زيت حبة السوداء,Direct treatment claim for asthma symptoms
trial_query_076,ما علاج البلغم (حساسية الصدر) رغم اخذى هلاج اكثر من مرة ولا فائدة ؟ هل امتنع عن طعام معين يزيد البلغم وانا غير مدخن واخذ علاج للضغط والكوليسترول عمرى 55...,0.70182,0.9,0.82,0.4,0.53826,0.04,0.057143,ent_diseasecondition_2f75d3dabe0b,حساسية,detected_alias,seed_entity_traversal,rel_seed_19c18472a8cd7446,rel_seed_19c18472a8cd7446,direct,HAS_SYMPTOM,ent_diseasecondition_2f75d3dabe0b,حساسية,DiseaseCondition,ent_symptom_66c2e60e8e52,نشفان,Symptom,ahd5k_02124,واشعر بنشفان دائم في الحلق,Symptom explicitly linked to allergy
trial_query_076,ما علاج البلغم (حساسية الصدر) رغم اخذى هلاج اكثر من مرة ولا فائدة ؟ هل امتنع عن طعام معين يزيد البلغم وانا غير مدخن واخذ علاج للضغط والكوليسترول عمرى 55...,0.698591,0.8,0.45,1.0,0.53826,0.0,0.2,ent_treatment_677fdfb3086e,زيت الحبة السوداء,semantic_qa_evidence,semantic_qa_relation_expansion,rel_seed_4f94c296991a8bf7__inverse,rel_seed_4f94c296991a8bf7,inverse,TREATS,ent_treatment_677fdfb3086e,زيت الحبة السوداء,Treatment,ent_diseasecondition_2f75d3dabe0b,حساسية,DiseaseCondition,ahd5k_00887,علاج حساسية الأنف. ما هي فوائد زيت حبة السوداء,Direct treatment claim for nasal allergies
trial_query_076,ما علاج البلغم (حساسية الصدر) رغم اخذى هلاج اكثر من مرة ولا فائدة ؟ هل امتنع عن طعام معين يزيد البلغم وانا غير مدخن واخذ علاج للضغط والكوليسترول عمرى 55...,0.690463,0.85,0.82,0.4,0.53826,0.04,0.142857,ent_diseasecondition_2f75d3dabe0b,حساسية,detected_alias,seed_entity_traversal,rel_seed_7dd0c20df6697b64,rel_seed_7dd0c20df6697b64,direct,HAS_SYMPTOM,ent_diseasecondition_2f75d3dabe0b,حساسية,DiseaseCondition,ent_symptom_f4cf885a0447,سعال,Symptom,ahd5k_00069,حساسية الصدر وسعال,Direct symptom-disease link in QA context
trial_query_076,ما علاج البلغم (حساسية الصدر) رغم اخذى هلاج اكثر من مرة ولا فائدة ؟ هل امتنع عن طعام معين يزيد البلغم وانا غير مدخن واخذ علاج للضغط والكوليسترول عمرى 55...,0.687034,0.85,0.82,0.4,0.53826,0.04,0.085714,ent_diseasecondition_2f75d3dabe0b,حساسية,detected_alias,seed_entity_traversal,rel_seed_07e32356e492ed5b,rel_seed_07e32356e492ed5b,direct,HAS_SYMPTOM,ent_diseasecondition_2f75d3dabe0b,حساسية,DiseaseCondition,ent_symptom_7b839cc80688,ضيق تنفس,Symptom,ahd5k_00010,حساسية تسبب ضيق تنفس,الحساسية تُعتبر سببًا مباشرًا لظهور ضيق التنفس كأعراض مرضية
trial_query_076,ما علاج البلغم (حساسية الصدر) رغم اخذى هلاج اكثر من مرة ولا فائدة ؟ هل امتنع عن طعام معين يزيد البلغم وانا غير مدخن واخذ علاج للضغط والكوليسترول عمرى 55...,0.684465,0.91,0.55,0.4,0.520426,0.04,0.828571,ent_diseasecondition_1c50bd11c45a,ربو,semantic_candidate,seed_entity_traversal,rel_seed_0c18290c6e2c4697,rel_seed_0c18290c6e2c4697,direct,HAS_SYMPTOM,ent_diseasecondition_1c50bd11c45a,ربو,DiseaseCondition,ent_symptom_f4cf885a0447,سعال,Symptom,ahd5k_00970,هل هو ربو ؟؟ او هل هناك حساسية ابسط من ذلك وعوارضها فقط السعال والبلغم,Cough directly attributed to asthma condition
trial_query_076,ما علاج البلغم (حساسية الصدر) رغم اخذى هلاج اكثر من مرة ولا فائدة ؟ هل امتنع عن طعام معين يزيد البلغم وانا غير مدخن واخذ علاج للضغط والكوليسترول عمرى 55...,0.682398,0.88,1.0,0.4,0.390456,0.0,0.085714,ent_symptom_d713f64368d3,ضغط,detected_exact,seed_entity_traversal,rel_seed_3f9dbbea6fdd8f6f__inverse,rel_seed_3f9dbbea6fdd8f6f,inverse,SYMPTOM_OF,ent_symptom_d713f64368d3,ضغط,Symptom,ent_diseasecondition_ad3e19c416f6,التهاب الجيوب الأنفية,DiseaseCondition,ahd5k_02662,ضغط,Sinusitis (التهاب الجيوب الأنفية) causes facial pressure (ضغط) as a direct symptom.
trial_query_076,ما علاج البلغم (حساسية الصدر) رغم اخذى هلاج اكثر من مرة ولا فائدة ؟ هل امتنع عن طعام معين يزيد البلغم وانا غير مدخن واخذ علاج للضغط والكوليسترول عمرى 55...,0.680371,0.85,0.45,1.0,0.248928,0.0,0.2,ent_treatment_677fdfb3086e,زيت الحبة السوداء,semantic_qa_evidence,semantic_qa_relation_expansion,rel_seed_ae85f383f00386e8__inverse,rel_seed_ae85f383f00386e8,inverse,TREATS,ent_treatment_677fdfb3086e,زيت الحبة السوداء,Treatment,ent_symptom_b754f1a1e5a8,صداع,Symptom,ahd5k_00887,التخفيف من أعراض الصداع. ما هي فوائد زيت حبة السوداء,Direct treatment claim for headache symptoms
trial_query_076,ما علاج البلغم (حساسية الصدر) رغم اخذى هلاج اكثر من مرة ولا فائدة ؟ هل امتنع عن طعام معين يزيد البلغم وانا غير مدخن واخذ علاج للضغط والكوليسترول عمرى 55...,0.669821,0.87,0.45,0.4,0.694106,0.04,0.857143,ent_diseasecondition_16cf4e77b755,التهاب,semantic_qa_evidence,semantic_qa_relation_expansion,rel_seed_6c884a1c6b84097f,rel_seed_6c884a1c6b84097f,direct,HAS_SYMPTOM,ent_diseasecondition_16cf4e77b755,التهاب,DiseaseCondition,ent_symptom_dc2c7333a505,بلغم,Symptom,ahd5k_00970,اذا كنت تعاني من التهاب ما في الجزء العلوي من الجهاز التنفسي يجب ان تتعالج,Phlegm explicitly mentioned in inflammation context
trial_query_076,ما علاج البلغم (حساسية الصدر) رغم اخذى هلاج اكثر من مرة ولا فائدة ؟ هل امتنع عن طعام معين يزيد البلغم وانا غير مدخن واخذ علاج للضغط والكوليسترول عمرى 55...,0.650565,0.88,0.45,0.4,0.520426,0.04,0.828571,ent_diseasecondition_16cf4e77b755,التهاب,semantic_qa_evidence,semantic_qa_relation_expansion,rel_seed_bd265df67c4d74e3,rel_seed_bd265df67c4d74e3,direct,HAS_SYMPTOM,ent_diseasecondition_16cf4e77b755,التهاب,DiseaseCondition,ent_symptom_f4cf885a0447,سعال,Symptom,ahd5k_00970,اذا كنت تعاني من التهاب ما في الجزء العلوي من الجهاز التنفسي يجب ان تتعالج,Cough directly associated with upper respiratory inflammation
trial_query_076,ما علاج البلغم (حساسية الصدر) رغم اخذى هلاج اكثر من مرة ولا فائدة ؟ هل امتنع عن طعام معين يزيد البلغم وانا غير مدخن واخذ علاج للضغط والكوليسترول عمرى 55...,0.627067,0.85,0.82,0.4,0.343296,0.0,0.142857,ent_symptom_724e59ded899,ضغط الدم,detected_alias,seed_entity_traversal,rel_seed_1a25f42f93f6f380__inverse,rel_seed_1a25f42f93f6f380,inverse,SYMPTOM_OF,ent_symptom_724e59ded899,ضغط الدم,Symptom,ent_diseasecondition_380db6d92562,مرض السكري,DiseaseCondition,ahd5k_02607,مرض السكري وضغط الدم,Direct disease-symptom relationship established
trial_query_076,ما علاج البلغم (حساسية الصدر) رغم اخذى هلاج اكثر من مرة ولا فائدة ؟ هل امتنع عن طعام معين يزيد البلغم وانا غير مدخن واخذ علاج للضغط والكوليسترول عمرى 55...,0.627067,0.85,0.82,0.4,0.343296,0.0,0.142857,ent_symptom_724e59ded899,ضغط الدم,detected_alias,seed_entity_traversal,rel_seed_b3536762c6f85e02__inverse,rel_seed_b3536762c6f85e02,inverse,SYMPTOM_OF,ent_symptom_724e59ded899,ضغط الدم,Symptom,ent_diseasecondition_380db6d92562,مرض السكري,DiseaseCondition,ahd5k_04912,مع العلم أن المريض يعاني من مرض السكر,Explicit disease-symptom relationship
trial_query_076,ما علاج البلغم (حساسية الصدر) رغم اخذى هلاج اكثر من مرة ولا فائدة ؟ هل امتنع عن طعام معين يزيد البلغم وانا غير مدخن واخذ علاج للضغط والكوليسترول عمرى 55...,0.625905,0.92,0.45,0.4,0.53826,0.0,0.828571,ent_symptom_f4cf885a0447,سعال,semantic_qa_evidence,semantic_qa_relation_expansion,rel_seed_56abfb8d8355106e__inverse,rel_seed_56abfb8d8355106e,inverse,SYMPTOM_OF,ent_symptom_f4cf885a0447,سعال,Symptom,ent_diseasecondition_2f75d3dabe0b,حساسية,DiseaseCondition,ahd5k_00970,هل هو ربو ؟؟ او هل هناك حساسية ابسط من ذلك وعوارضها فقط السعال والبلغم,Direct symptom attribution in allergy context
trial_query_076,ما علاج البلغم (حساسية الصدر) رغم اخذى هلاج اكثر من مرة ولا فائدة ؟ هل امتنع عن طعام معين يزيد البلغم وانا غير مدخن واخذ علاج للضغط والكوليسترول عمرى 55...,0.625353,0.85,0.82,0.4,0.343296,0.0,0.114286,ent_symptom_724e59ded899,ضغط الدم,detected_alias,seed_entity_traversal,rel_seed_bd9e5c6d36b9dbdb__inverse,rel_seed_bd9e5c6d36b9dbdb,inverse,SYMPTOM_OF,ent_symptom_724e59ded899,ضغط الدم,Symptom,ent_diseasecondition_380db6d92562,مرض السكري,DiseaseCondition,ahd5k_01294,مرض السكري وضغط الدمز,Direct co-occurrence with explicit disease-symptom relationship
trial_query_076,ما علاج البلغم (حساسية الصدر) رغم اخذى هلاج اكثر من مرة ولا فائدة ؟ هل امتنع عن طعام معين يزيد البلغم وانا غير مدخن واخذ علاج للضغط والكوليسترول عمرى 55...,0.620465,0.91,0.45,0.4,0.520426,0.0,0.828571,ent_symptom_f4cf885a0447,سعال,semantic_qa_evidence,semantic_qa_relation_expansion,rel_seed_0c18290c6e2c4697__inverse,rel_seed_0c18290c6e2c4697,inverse,SYMPTOM_OF,ent_symptom_f4cf885a0447,سعال,Symptom,ent_diseasecondition_1c50bd11c45a,ربو,DiseaseCondition,ahd5k_00970,هل هو ربو ؟؟ او هل هناك حساسية ابسط من ذلك وعوارضها فقط السعال والبلغم,Cough directly attributed to asthma condition
trial_query_076,ما علاج البلغم (حساسية الصدر) رغم اخذى هلاج اكثر من مرة ولا فائدة ؟ هل امتنع عن طعام معين يزيد البلغم وانا غير مدخن واخذ علاج للضغط والكوليسترول عمرى 55...,0.610565,0.88,0.45,0.4,0.520426,0.0,0.828571,ent_symptom_f4cf885a0447,سعال,semantic_qa_evidence,semantic_qa_relation_expansion,rel_seed_bd265df67c4d74e3__inverse,rel_seed_bd265df67c4d74e3,inverse,SYMPTOM_OF,ent_symptom_f4cf885a0447,سعال,Symptom,ent_diseasecondition_16cf4e77b755,التهاب,DiseaseCondition,ahd5k_00970,اذا كنت تعاني من التهاب ما في الجزء العلوي من الجهاز التنفسي يجب ان تتعالج,Cough directly associated with upper respiratory inflammation
trial_query_076,ما علاج البلغم (حساسية الصدر) رغم اخذى هلاج اكثر من مرة ولا فائدة ؟ هل امتنع عن طعام معين يزيد البلغم وانا غير مدخن واخذ علاج للضغط والكوليسترول عمرى 55...,0.606944,0.95,0.45,0.4,0.292987,0.04,0.171429,ent_diseasecondition_db17a406c72e,ارتفاع ضغط الدم,semantic_qa_evidence,semantic_qa_relation_expansion,rel_seed_b56f6f5369b043a2,rel_seed_b56f6f5369b043a2,direct,HAS_SYMPTOM,ent_diseasecondition_db17a406c72e,ارتفاع ضغط الدم,DiseaseCondition,ent_symptom_759403abc54c,الإغماء,Symptom,ahd5k_03423,الإغماء,Direct symptom mentioned in QA evidence
trial_query_076,ما علاج البلغم (حساسية الصدر) رغم اخذى هلاج اكثر من مرة ولا فائدة ؟ هل امتنع عن طعام معين يزيد البلغم وانا غير مدخن واخذ علاج للضغط والكوليسترول عمرى 55...,0.579008,0.88,1.0,-0.2,0.431259,0.04,0.114286,ent_diseasecondition_250910ab0701,حساسية الصدر,detected_exact,seed_entity_traversal,rel_seed_e4f1901524d0dd30,rel_seed_e4f1901524d0dd30,direct,DIAGNOSED_BY,ent_diseasecondition_250910ab0701,حساسية الصدر,DiseaseCondition,ent_test_433492431144,تحليل الحساسية,Test,ahd5k_04490,تحليل الحساسية explicitly mentioned as diagnostic tool for حساسية الصدر,Test directly linked to condition diagnosis in QA
trial_query_076,ما علاج البلغم (حساسية الصدر) رغم اخذى هلاج اكثر من مرة ولا فائدة ؟ هل امتنع عن طعام معين يزيد البلغم وانا غير مدخن واخذ علاج للضغط والكوليسترول عمرى 55...,0.570208,0.92,0.45,0.4,0.431259,0.0,0.114286,ent_symptom_f4cf885a0447,سعال,semantic_qa_evidence,semantic_qa_relation_expansion,rel_seed_bae062ec77d09618__inverse,rel_seed_bae062ec77d09618,inverse,SYMPTOM_OF,ent_symptom_f4cf885a0447,سعال,Symptom,ent_diseasecondition_250910ab0701,حساسية الصدر,DiseaseCondition,ahd5k_04490,حساسية الصدر and سعال co-occur with explicit symptom-pathology link,Direct symptom-pathology relationship established in QA context
trial_query_076,ما علاج البلغم (حساسية الصدر) رغم اخذى هلاج اكثر من مرة ولا فائدة ؟ هل امتنع عن طعام معين يزيد البلغم وانا غير مدخن واخذ علاج للضغط والكوليسترول عمرى 55...,0.566944,0.95,0.45,0.4,0.292987,0.0,0.171429,ent_symptom_759403abc54c,الإغماء,semantic_qa_evidence,semantic_qa_relation_expansion,rel_seed_b56f6f5369b043a2__inverse,rel_seed_b56f6f5369b043a2,inverse,SYMPTOM_OF,ent_symptom_759403abc54c,الإغماء,Symptom,ent_diseasecondition_db17a406c72e,ارتفاع ضغط الدم,DiseaseCondition,ahd5k_03423,الإغماء,Direct symptom mentioned in QA evidence
trial_query_076,ما علاج البلغم (حساسية الصدر) رغم اخذى هلاج اكثر من مرة ولا فائدة ؟ هل امتنع عن طعام معين يزيد البلغم وانا غير مدخن واخذ علاج للضغط والكوليسترول عمرى 55...,0.558677,0.9,0.82,-0.2,0.53826,0.04,0.171429,ent_diseasecondition_2f75d3dabe0b,حساسية,detected_alias,seed_entity_traversal,rel_seed_20e3faa05b161f86,rel_seed_20e3faa05b161f86,direct,DIAGNOSED_BY,ent_diseasecondition_2f75d3dabe0b,حساسية,DiseaseCondition,ent_test_dd68aa784555,تحاليل مخبرية,Test,ahd5k_03068,تحليل الحساسية,Allergy is directly diagnosed by allergy lab tests.
trial_query_076,ما علاج البلغم (حساسية الصدر) رغم اخذى هلاج اكثر من مرة ولا فائدة ؟ هل امتنع عن طعام معين يزيد البلغم وانا غير مدخن واخذ علاج للضغط والكوليسترول عمرى 55...,0.540463,0.85,0.82,-0.2,0.53826,0.04,0.142857,ent_diseasecondition_2f75d3dabe0b,حساسية,detected_alias,seed_entity_traversal,rel_seed_2a16da29661e0d27,rel_seed_2a16da29661e0d27,direct,DIAGNOSED_BY,ent_diseasecondition_2f75d3dabe0b,حساسية,DiseaseCondition,ent_test_433492431144,تحليل الحساسية,Test,ahd5k_01231,اعملي تحليل حساسية المضادات,Test explicitly linked to allergy diagnosis
trial_query_076,ما علاج البلغم (حساسية الصدر) رغم اخذى هلاج اكثر من مرة ولا فائدة ؟ هل امتنع عن طعام معين يزيد البلغم وانا غير مدخن واخذ علاج للضغط والكوليسترول عمرى 55...,0.538748,0.85,0.82,-0.2,0.53826,0.04,0.114286,ent_diseasecondition_2f75d3dabe0b,حساسية,detected_alias,seed_entity_traversal,rel_seed_7744590f6ff0be93,rel_seed_7744590f6ff0be93,direct,DIAGNOSED_BY,ent_diseasecondition_2f75d3dabe0b,حساسية,DiseaseCondition,ent_test_433492431144,تحليل الحساسية,Test,ahd5k_00864,تحليل الحساسية يُستخدم لتشخيص حساسية الصدر,الاختبار الطبي مرتبط مباشرة بتشخيص الحالة المرضية المذكورة
trial_query_076,ما علاج البلغم (حساسية الصدر) رغم اخذى هلاج اكثر من مرة ولا فائدة ؟ هل امتنع عن طعام معين يزيد البلغم وانا غير مدخن واخذ علاج للضغط والكوليسترول عمرى 55...,0.53532,0.85,0.82,-0.2,0.53826,0.04,0.057143,ent_diseasecondition_2f75d3dabe0b,حساسية,detected_alias,seed_entity_traversal,rel_seed_6687872658c864ac,rel_seed_6687872658c864ac,direct,DIAGNOSED_BY,ent_diseasecondition_2f75d3dabe0b,حساسية,DiseaseCondition,ent_test_3f0d2e079b73,RAST Test,Test,ahd5k_01245,معرفة سبب الحساسيه يتم ذلك عن طريق RAST Test,Test explicitly linked to allergy diagnosis
trial_query_076,ما علاج البلغم (حساسية الصدر) رغم اخذى هلاج اكثر من مرة ولا فائدة ؟ هل امتنع عن طعام معين يزيد البلغم وانا غير مدخن واخذ علاج للضغط والكوليسترول عمرى 55...,0.53532,0.85,0.82,-0.2,0.53826,0.04,0.057143,ent_diseasecondition_2f75d3dabe0b,حساسية,detected_alias,seed_entity_traversal,rel_seed_c4c6c926d85ac5f6,rel_seed_c4c6c926d85ac5f6,direct,DIAGNOSED_BY,ent_diseasecondition_2f75d3dabe0b,حساسية,DiseaseCondition,ent_test_dd68aa784555,تحاليل مخبرية,Test,ahd5k_02039,لابد من رؤيتها من قبل طبيب وعمل تحاليل خاصه بالحساسيه,The QA explicitly states that specific allergy tests are required to confirm the diagnosis of the allergy condition.
trial_query_076,ما علاج البلغم (حساسية الصدر) رغم اخذى هلاج اكثر من مرة ولا فائدة ؟ هل امتنع عن طعام معين يزيد البلغم وانا غير مدخن واخذ علاج للضغط والكوليسترول عمرى 55...,0.516308,0.99,0.697,-0.2,0.212253,0.04,0.114286,supp_ent_measurement_bp,ضغط الدم,family_equivalent,seed_entity_traversal,supp_rel_normal_bp,supp_rel_normal_bp,direct,HAS_NORMAL_RANGE,supp_ent_measurement_bp,ضغط الدم,Measurement,supp_ent_range_bp,140-80 إذا لا توجد أمراض مصاحبة,Range,ahd5k_00085,حسب عوامل الخطورة الأخرى كالسكري والكلى؛ إذا لا توجد أمراض مصاحبة فالقيمة المذكورة 140-80.,dataset-derived supplemental fact from ahd5k_00085
trial_query_076,ما علاج البلغم (حساسية الصدر) رغم اخذى هلاج اكثر من مرة ولا فائدة ؟ هل امتنع عن طعام معين يزيد البلغم وانا غير مدخن واخذ علاج للضغط والكوليسترول عمرى 55...,0.407008,0.88,0.45,-0.2,0.431259,0.0,0.114286,ent_test_433492431144,تحليل الحساسية,semantic_qa_evidence,semantic_qa_relation_expansion,rel_seed_e4f1901524d0dd30__inverse,rel_seed_e4f1901524d0dd30,inverse,DIAGNOSES,ent_test_433492431144,تحليل الحساسية,Test,ent_diseasecondition_250910ab0701,حساسية الصدر,DiseaseCondition,ahd5k_04490,تحليل الحساسية explicitly mentioned as diagnostic tool for حساسية الصدر,Test directly linked to condition diagnosis in QA
trial_query_077,كيف اعالج علامات الشيخوخة المبكرة بالوجه؟,0.705785,0.85,0.45,1.0,0.084515,0.04,0.285714,ent_diseasecondition_0058b0001848,تضيق القنوات الموجودة داخل الكبد,semantic_qa_evidence,semantic_qa_relation_expansion,rel_seed_0056146242b02ab5,rel_seed_0056146242b02ab5,direct,TREATED_BY,ent_diseasecondition_0058b0001848,تضيق القنوات الموجودة داخل الكبد,DiseaseCondition,ent_treatment_07d0f0ae4c18,منظار قنوات مرارية الف سلامة,Treatment,ahd5k_00255,عمل منظار قنوات مرارية الف سلامة,المناظير المرارية (ERCP) تُستخدم عادةً لعلاج تضيق القنوات داخل الكبد عبر تصحيح الانسداد أو توسعتها.
trial_query_077,كيف اعالج علامات الشيخوخة المبكرة بالوجه؟,0.665785,0.85,0.45,1.0,0.084515,0.0,0.285714,ent_treatment_07d0f0ae4c18,منظار قنوات مرارية الف سلامة,semantic_qa_evidence,semantic_qa_relation_expansion,rel_seed_0056146242b02ab5__inverse,rel_seed_0056146242b02ab5,inverse,TREATS,ent_treatment_07d0f0ae4c18,منظار قنوات مرارية الف سلامة,Treatment,ent_diseasecondition_0058b0001848,تضيق القنوات الموجودة داخل الكبد,DiseaseCondition,ahd5k_00255,عمل منظار قنوات مرارية الف سلامة,المناظير المرارية (ERCP) تُستخدم عادةً لعلاج تضيق القنوات داخل الكبد عبر تصحيح الانسداد أو توسعتها.
trial_query_077,كيف اعالج علامات الشيخوخة المبكرة بالوجه؟,0.394817,0.85,0.45,-0.2,0.06455,0.04,0.142857,ent_diseasecondition_2f75d3dabe0b,حساسية,semantic_qa_evidence,semantic_qa_relation_expansion,rel_seed_c4c6c926d85ac5f6,rel_seed_c4c6c926d85ac5f6,direct,DIAGNOSED_BY,ent_diseasecondition_2f75d3dabe0b,حساسية,DiseaseCondition,ent_test_dd68aa784555,تحاليل مخبرية,Test,ahd5k_02039,لابد من رؤيتها من قبل طبيب وعمل تحاليل خاصه بالحساسيه,The QA explicitly states that specific allergy tests are required to confirm the diagnosis of the allergy condition.
trial_query_077,كيف اعالج علامات الشيخوخة المبكرة بالوجه؟,0.394513,0.85,0.45,-0.2,0.062017,0.04,0.142857,ent_symptom_fd750eeb2865,انتفاخ,semantic_qa_evidence,semantic_qa_relation_expansion,rel_seed_b0669eae8f21f480,rel_seed_b0669eae8f21f480,direct,INVESTIGATED_BY,ent_symptom_fd750eeb2865,انتفاخ,Symptom,ent_test_c4cfd2d6468c,اشعة,Test,ahd5k_01537,اشعة بالصبغة,X-ray with contrast is explicitly mentioned as the investigative method for the symptom of swelling.
trial_query_077,كيف اعالج علامات الشيخوخة المبكرة بالوجه؟,0.394243,0.85,0.45,-0.2,0.059761,0.04,0.142857,ent_symptom_42ad4acdebc5,وجع,semantic_qa_evidence,semantic_qa_relation_expansion,rel_seed_11af4134e6087155,rel_seed_11af4134e6087155,direct,INVESTIGATED_BY,ent_symptom_42ad4acdebc5,وجع,Symptom,ent_test_c4cfd2d6468c,اشعة,Test,ahd5k_01537,اشعة بالصبغة,X-ray with contrast is explicitly mentioned as the investigative method for the symptom of body pain.
trial_query_077,كيف اعالج علامات الشيخوخة المبكرة بالوجه؟,0.354817,0.85,0.45,-0.2,0.06455,0.0,0.142857,ent_test_dd68aa784555,تحاليل مخبرية,semantic_qa_evidence,semantic_qa_relation_expansion,rel_seed_c4c6c926d85ac5f6__inverse,rel_seed_c4c6c926d85ac5f6,inverse,DIAGNOSES,ent_test_dd68aa784555,تحاليل مخبرية,Test,ent_diseasecondition_2f75d3dabe0b,حساسية,DiseaseCondition,ahd5k_02039,لابد من رؤيتها من قبل طبيب وعمل تحاليل خاصه بالحساسيه,The QA explicitly states that specific allergy tests are required to confirm the diagnosis of the allergy condition.
trial_query_077,كيف اعالج علامات الشيخوخة المبكرة بالوجه؟,0.354513,0.85,0.45,-0.2,0.062017,0.0,0.142857,ent_test_c4cfd2d6468c,اشعة,semantic_qa_evidence,semantic_qa_relation_expansion,rel_seed_b0669eae8f21f480__inverse,rel_seed_b0669eae8f21f480,inverse,INVESTIGATES,ent_test_c4cfd2d6468c,اشعة,Test,ent_symptom_fd750eeb2865,انتفاخ,Symptom,ahd5k_01537,اشعة بالصبغة,X-ray with contrast is explicitly mentioned as the investigative method for the symptom of swelling.
trial_query_077,كيف اعالج علامات الشيخوخة المبكرة بالوجه؟,0.354243,0.85,0.45,-0.2,0.059761,0.0,0.142857,ent_test_c4cfd2d6468c,اشعة,semantic_qa_evidence,semantic_qa_relation_expansion,rel_seed_11af4134e6087155__inverse,rel_seed_11af4134e6087155,inverse,INVESTIGATES,ent_test_c4cfd2d6468c,اشعة,Test,ent_symptom_42ad4acdebc5,وجع,Symptom,ahd5k_01537,اشعة بالصبغة,X-ray with contrast is explicitly mentioned as the investigative method for the symptom of body pain.
trial_query_078,ماالعلاج الاسعافي لأنخفاض السكر مع فقدان الوعي,0.921311,0.85,1.0,1.0,0.523422,0.04,0.8,ent_symptom_1113453f7a36,فقدان الوعي,detected_exact,seed_entity_traversal,rel_seed_db347ae3105b718e,rel_seed_db347ae3105b718e,direct,TREATED_BY,ent_symptom_1113453f7a36,فقدان الوعي,Symptom,ent_treatment_b9702eae5c6a,عسل,Treatment,ahd5k_00992,يجب عليك اعطاء المصاب عسل تحت لسانه,QA explicitly recommends honey as treatment for loss of consciousness in diabetic patient
trial_query_078,ماالعلاج الاسعافي لأنخفاض السكر مع فقدان الوعي,0.778613,0.9,0.55,1.0,0.346779,0.04,0.3,ent_diseasecondition_380db6d92562,مرض السكري,semantic_candidate,seed_entity_traversal,rel_seed_fff580f977f6b0c9,rel_seed_fff580f977f6b0c9,direct,DIAGNOSED_BY,ent_diseasecondition_380db6d92562,مرض السكري,DiseaseCondition,ent_test_dd68aa784555,تحاليل مخبرية,Test,ahd5k_01551,تحاليل مخبرية,Lab tests are standard diagnostic tools for diabetes.
trial_query_078,ماالعلاج الاسعافي لأنخفاض السكر مع فقدان الوعي,0.768113,0.85,0.55,1.0,0.346779,0.04,0.4,ent_diseasecondition_380db6d92562,مرض السكري,semantic_candidate,seed_entity_traversal,rel_seed_b3536762c6f85e02,rel_seed_b3536762c6f85e02,direct,HAS_SYMPTOM,ent_diseasecondition_380db6d92562,مرض السكري,DiseaseCondition,ent_symptom_724e59ded899,ضغط الدم,Symptom,ahd5k_04912,مع العلم أن المريض يعاني من مرض السكر,Explicit disease-symptom relationship
trial_query_078,ماالعلاج الاسعافي لأنخفاض السكر مع فقدان الوعي,0.762113,0.85,0.55,1.0,0.346779,0.04,0.3,ent_diseasecondition_380db6d92562,مرض السكري,semantic_candidate,seed_entity_traversal,rel_seed_bd9e5c6d36b9dbdb,rel_seed_bd9e5c6d36b9dbdb,direct,HAS_SYMPTOM,ent_diseasecondition_380db6d92562,مرض السكري,DiseaseCondition,ent_symptom_724e59ded899,ضغط الدم,Symptom,ahd5k_01294,مرض السكري وضغط الدمز,Direct co-occurrence with explicit disease-symptom relationship
trial_query_078,ماالعلاج الاسعافي لأنخفاض السكر مع فقدان الوعي,0.756113,0.85,0.55,1.0,0.346779,0.04,0.2,ent_diseasecondition_380db6d92562,مرض السكري,semantic_candidate,seed_entity_traversal,rel_seed_1a25f42f93f6f380,rel_seed_1a25f42f93f6f380,direct,HAS_SYMPTOM,ent_diseasecondition_380db6d92562,مرض السكري,DiseaseCondition,ent_symptom_724e59ded899,ضغط الدم,Symptom,ahd5k_02607,مرض السكري وضغط الدم,Direct disease-symptom relationship established
trial_query_078,ماالعلاج الاسعافي لأنخفاض السكر مع فقدان الوعي,0.718283,0.85,0.45,1.0,0.231523,0.04,0.2,ent_diseasecondition_16cf4e77b755,التهاب,semantic_qa_evidence,semantic_qa_relation_expansion,rel_seed_85a95e9683ec40c4,rel_seed_85a95e9683ec40c4,direct,DIAGNOSED_BY,ent_diseasecondition_16cf4e77b755,التهاب,DiseaseCondition,ent_test_dd68aa784555,تحاليل مخبرية,Test,ahd5k_01551,تحاليل مخبرية,Lab tests are standard diagnostic tools for inflammation.
trial_query_078,ماالعلاج الاسعافي لأنخفاض السكر مع فقدان الوعي,0.449311,0.85,0.45,-0.2,0.523422,0.0,0.8,ent_treatment_b9702eae5c6a,عسل,semantic_qa_evidence,semantic_qa_relation_expansion,rel_seed_db347ae3105b718e__inverse,rel_seed_db347ae3105b718e,inverse,TREATS,ent_treatment_b9702eae5c6a,عسل,Treatment,ent_symptom_1113453f7a36,فقدان الوعي,Symptom,ahd5k_00992,يجب عليك اعطاء المصاب عسل تحت لسانه,QA explicitly recommends honey as treatment for loss of consciousness in diabetic patient
trial_query_078,ماالعلاج الاسعافي لأنخفاض السكر مع فقدان الوعي,0.414613,0.9,0.45,-0.2,0.346779,0.0,0.3,ent_test_dd68aa784555,تحاليل مخبرية,semantic_qa_evidence,semantic_qa_relation_expansion,rel_seed_fff580f977f6b0c9__inverse,rel_seed_fff580f977f6b0c9,inverse,DIAGNOSES,ent_test_dd68aa784555,تحاليل مخبرية,Test,ent_diseasecondition_380db6d92562,مرض السكري,DiseaseCondition,ahd5k_01551,تحاليل مخبرية,Lab tests are standard diagnostic tools for diabetes.
trial_query_078,ماالعلاج الاسعافي لأنخفاض السكر مع فقدان الوعي,0.404113,0.85,0.45,-0.2,0.346779,0.0,0.4,ent_symptom_724e59ded899,ضغط الدم,semantic_qa_evidence,semantic_qa_relation_expansion,rel_seed_b3536762c6f85e02__inverse,rel_seed_b3536762c6f85e02,inverse,SYMPTOM_OF,ent_symptom_724e59ded899,ضغط الدم,Symptom,ent_diseasecondition_380db6d92562,مرض السكري,DiseaseCondition,ahd5k_04912,مع العلم أن المريض يعاني من مرض السكر,Explicit disease-symptom relationship
trial_query_078,ماالعلاج الاسعافي لأنخفاض السكر مع فقدان الوعي,0.378283,0.85,0.45,-0.2,0.231523,0.0,0.2,ent_test_dd68aa784555,تحاليل مخبرية,semantic_qa_evidence,semantic_qa_relation_expansion,rel_seed_85a95e9683ec40c4__inverse,rel_seed_85a95e9683ec40c4,inverse,DIAGNOSES,ent_test_dd68aa784555,تحاليل مخبرية,Test,ent_diseasecondition_16cf4e77b755,التهاب,DiseaseCondition,ahd5k_01551,تحاليل مخبرية,Lab tests are standard diagnostic tools for inflammation.
trial_query_079,هل الاشعة المقطعيه بالصبغه للقلب تسبب انتفاخ اسفل الوجه او انتفاخ الغده هل هو طبيعي,0.8814,0.85,1.0,1.0,0.497087,0.04,0.1875,ent_symptom_fd750eeb2865,انتفاخ,detected_exact,seed_entity_traversal,rel_seed_b0669eae8f21f480,rel_seed_b0669eae8f21f480,direct,INVESTIGATED_BY,ent_symptom_fd750eeb2865,انتفاخ,Symptom,ent_test_c4cfd2d6468c,اشعة,Test,ahd5k_01537,اشعة بالصبغة,X-ray with contrast is explicitly mentioned as the investigative method for the symptom of swelling.
trial_query_079,هل الاشعة المقطعيه بالصبغه للقلب تسبب انتفاخ اسفل الوجه او انتفاخ الغده هل هو طبيعي,0.8414,0.85,1.0,1.0,0.497087,0.0,0.1875,ent_test_c4cfd2d6468c,أشعة,detected_exact,seed_entity_traversal,rel_seed_b0669eae8f21f480__inverse,rel_seed_b0669eae8f21f480,inverse,INVESTIGATES,ent_test_c4cfd2d6468c,اشعة,Test,ent_symptom_fd750eeb2865,انتفاخ,Symptom,ahd5k_01537,اشعة بالصبغة,X-ray with contrast is explicitly mentioned as the investigative method for the symptom of swelling.
trial_query_079,هل الاشعة المقطعيه بالصبغه للقلب تسبب انتفاخ اسفل الوجه او انتفاخ الغده هل هو طبيعي,0.836325,0.85,1.0,1.0,0.423544,0.0,0.25,ent_test_c4cfd2d6468c,أشعة,detected_exact,seed_entity_traversal,rel_seed_892989157e377bf9__inverse,rel_seed_892989157e377bf9,inverse,DIAGNOSES,ent_test_c4cfd2d6468c,أشعة,Test,ent_diseasecondition_190a32dbb9bd,تسوس الأسنان,DiseaseCondition,ahd5k_04844,أشعة,أشعة مذكورة كوسيلة لتشخيص خراجات اللثة المرتبطة بتسوس الأسنان
trial_query_079,هل الاشعة المقطعيه بالصبغه للقلب تسبب انتفاخ اسفل الوجه او انتفاخ الغده هل هو طبيعي,0.832575,0.85,1.0,1.0,0.423544,0.0,0.1875,ent_test_c4cfd2d6468c,أشعة,detected_exact,seed_entity_traversal,rel_seed_11af4134e6087155__inverse,rel_seed_11af4134e6087155,inverse,INVESTIGATES,ent_test_c4cfd2d6468c,اشعة,Test,ent_symptom_42ad4acdebc5,وجع,Symptom,ahd5k_01537,اشعة بالصبغة,X-ray with contrast is explicitly mentioned as the investigative method for the symptom of body pain.
trial_query_079,هل الاشعة المقطعيه بالصبغه للقلب تسبب انتفاخ اسفل الوجه او انتفاخ الغده هل هو طبيعي,0.832575,0.85,1.0,1.0,0.423544,0.0,0.1875,ent_test_c4cfd2d6468c,أشعة,detected_exact,seed_entity_traversal,rel_seed_e970be45ddb963ae__inverse,rel_seed_e970be45ddb963ae,inverse,DIAGNOSES,ent_test_c4cfd2d6468c,اشعة,Test,ent_diseasecondition_16cf4e77b755,التهاب,DiseaseCondition,ahd5k_00114,اجراء صورة اشعة عادية للحوض,X-ray directly used to diagnose inflammation
trial_query_079,هل الاشعة المقطعيه بالصبغه للقلب تسبب انتفاخ اسفل الوجه او انتفاخ الغده هل هو طبيعي,0.828825,0.85,1.0,1.0,0.423544,0.0,0.125,ent_test_c4cfd2d6468c,أشعة,detected_exact,seed_entity_traversal,rel_seed_a0a9cb310e2c0172__inverse,rel_seed_a0a9cb310e2c0172,inverse,DIAGNOSES,ent_test_c4cfd2d6468c,أشعة,Test,ent_diseasecondition_4c4500ee0d57,ارتجاج دماغي,DiseaseCondition,ahd5k_02003,عمل صورة أشعة للرأس,الأشعة تُستخدم لتأكيد عدم وجود ارتجاج دماغي
trial_query_079,هل الاشعة المقطعيه بالصبغه للقلب تسبب انتفاخ اسفل الوجه او انتفاخ الغده هل هو طبيعي,0.825075,0.85,1.0,1.0,0.423544,0.0,0.0625,ent_test_c4cfd2d6468c,أشعة,detected_exact,seed_entity_traversal,rel_seed_41120cbf8a65837a__inverse,rel_seed_41120cbf8a65837a,inverse,DIAGNOSES,ent_test_c4cfd2d6468c,أشعة,Test,ent_diseasecondition_5490429a16c5,انزلاق غضروفي عنقي,DiseaseCondition,ahd5k_04468,ينصح لك بصورة اشعة للعنق، هذه العلامات تشير إلى انزلاق غضروفي عنقي,الأشعة موصى بها كوسيلة تشخيصية مباشرة للتحقق من انزلاق غضروفي عنقي بناءً على العلامات المذكورة
trial_query_079,هل الاشعة المقطعيه بالصبغه للقلب تسبب انتفاخ اسفل الوجه او انتفاخ الغده هل هو طبيعي,0.825075,0.85,1.0,1.0,0.423544,0.0,0.0625,ent_test_c4cfd2d6468c,أشعة,detected_exact,seed_entity_traversal,rel_seed_54ca34c63842f836__inverse,rel_seed_54ca34c63842f836,inverse,DIAGNOSES,ent_test_c4cfd2d6468c,أشعة,Test,ent_diseasecondition_1730144a5e89,شظايا القنابل الصغيرة الانشطارية,DiseaseCondition,ahd5k_01290,عمل تصوير بالأشعة لتحديد مكان الشظايا ونوعها,الأشعة تُستخدم لتحديد موقع ونوع الشظايا بشكل مباشر
trial_query_079,هل الاشعة المقطعيه بالصبغه للقلب تسبب انتفاخ اسفل الوجه او انتفاخ الغده هل هو طبيعي,0.825075,0.85,1.0,1.0,0.423544,0.0,0.0625,ent_test_c4cfd2d6468c,أشعة,detected_exact,seed_entity_traversal,rel_seed_a00e16b437bbc4d4__inverse,rel_seed_a00e16b437bbc4d4,inverse,DIAGNOSES,ent_test_c4cfd2d6468c,أشعة,Test,ent_diseasecondition_16a389cfd1bd,دبوس,DiseaseCondition,ahd5k_01295,أشعة لمعرفة مكان الدبوس والتأكد من وجوده,الأشعة تُستخدم لتحديد موقع الدبوس والتحقق من وجوده
trial_query_079,هل الاشعة المقطعيه بالصبغه للقلب تسبب انتفاخ اسفل الوجه او انتفاخ الغده هل هو طبيعي,0.7465,0.85,0.55,1.0,0.241666,0.04,0.25,ent_diseasecondition_22348d970227,مرض الغدة الدرقية,semantic_candidate,seed_entity_traversal,rel_seed_14a6be8faeb8ff92,rel_seed_14a6be8faeb8ff92,direct,DIAGNOSED_BY,ent_diseasecondition_22348d970227,مرض الغدة الدرقية,DiseaseCondition,ent_test_234f794d532f,الهرمون,Test,ahd5k_00035,مستوى الهرمون في الدم,Hormone level test directly linked to thyroid disease diagnosis
trial_query_079,هل الاشعة المقطعيه بالصبغه للقلب تسبب انتفاخ اسفل الوجه او انتفاخ الغده هل هو طبيعي,0.740575,0.85,0.45,1.0,0.423544,0.04,0.1875,ent_symptom_42ad4acdebc5,وجع,semantic_qa_evidence,semantic_qa_relation_expansion,rel_seed_11af4134e6087155,rel_seed_11af4134e6087155,direct,INVESTIGATED_BY,ent_symptom_42ad4acdebc5,وجع,Symptom,ent_test_c4cfd2d6468c,اشعة,Test,ahd5k_01537,اشعة بالصبغة,X-ray with contrast is explicitly mentioned as the investigative method for the symptom of body pain.
trial_query_079,هل الاشعة المقطعيه بالصبغه للقلب تسبب انتفاخ اسفل الوجه او انتفاخ الغده هل هو طبيعي,0.740575,0.85,0.45,1.0,0.423544,0.04,0.1875,ent_diseasecondition_16cf4e77b755,التهاب,semantic_qa_evidence,semantic_qa_relation_expansion,rel_seed_e970be45ddb963ae,rel_seed_e970be45ddb963ae,direct,DIAGNOSED_BY,ent_diseasecondition_16cf4e77b755,التهاب,DiseaseCondition,ent_test_c4cfd2d6468c,اشعة,Test,ahd5k_00114,اجراء صورة اشعة عادية للحوض,X-ray directly used to diagnose inflammation
trial_query_079,هل الاشعة المقطعيه بالصبغه للقلب تسبب انتفاخ اسفل الوجه او انتفاخ الغده هل هو طبيعي,0.736825,0.85,0.45,1.0,0.423544,0.04,0.125,ent_diseasecondition_4c4500ee0d57,ارتجاج دماغي,semantic_qa_evidence,semantic_qa_relation_expansion,rel_seed_a0a9cb310e2c0172,rel_seed_a0a9cb310e2c0172,direct,DIAGNOSED_BY,ent_diseasecondition_4c4500ee0d57,ارتجاج دماغي,DiseaseCondition,ent_test_c4cfd2d6468c,أشعة,Test,ahd5k_02003,عمل صورة أشعة للرأس,الأشعة تُستخدم لتأكيد عدم وجود ارتجاج دماغي
trial_query_079,هل الاشعة المقطعيه بالصبغه للقلب تسبب انتفاخ اسفل الوجه او انتفاخ الغده هل هو طبيعي,0.4465,0.85,0.55,-0.2,0.241666,0.04,0.25,ent_diseasecondition_22348d970227,مرض الغدة الدرقية,semantic_candidate,seed_entity_traversal,rel_seed_5398af5e1a992c3d,rel_seed_5398af5e1a992c3d,direct,TREATED_BY,ent_diseasecondition_22348d970227,مرض الغدة الدرقية,DiseaseCondition,ent_treatment_3fd682796ae8,التروكسين,Treatment,ahd5k_00035,اخذ التروكسين,Direct evidence of treatment for thyroid disease
trial_query_080,السلام عليكم..ماهو العلاج المناسب لتقليل نسبة الاملاح في الدم النسبة الحالية عندي هي (7.9) عمري 44 سنة /ذكر؟,0.589286,0.92,0.45,0.4,0.242622,0.04,0.142857,ent_diseasecondition_250910ab0701,حساسية الصدر,semantic_qa_evidence,semantic_qa_relation_expansion,rel_seed_bae062ec77d09618,rel_seed_bae062ec77d09618,direct,HAS_SYMPTOM,ent_diseasecondition_250910ab0701,حساسية الصدر,DiseaseCondition,ent_symptom_f4cf885a0447,سعال,Symptom,ahd5k_04490,حساسية الصدر and سعال co-occur with explicit symptom-pathology link,Direct symptom-pathology relationship established in QA context
trial_query_080,السلام عليكم..ماهو العلاج المناسب لتقليل نسبة الاملاح في الدم النسبة الحالية عندي هي (7.9) عمري 44 سنة /ذكر؟,0.586839,0.9,0.45,0.4,0.277231,0.04,0.142857,ent_diseasecondition_16cf4e77b755,التهاب,semantic_qa_evidence,semantic_qa_relation_expansion,rel_seed_cc52f0a3c44e4c1e,rel_seed_cc52f0a3c44e4c1e,direct,HAS_SYMPTOM,ent_diseasecondition_16cf4e77b755,التهاب,DiseaseCondition,ent_symptom_59d5c1de0b88,الدم,Symptom,ahd5k_00666,التهاب في المثانة أو الإحليل يسبب خروج الدم,Direct causal link between inflammation and blood as symptom
trial_query_080,السلام عليكم..ماهو العلاج المناسب لتقليل نسبة الاملاح في الدم النسبة الحالية عندي هي (7.9) عمري 44 سنة /ذكر؟,0.549286,0.92,0.45,0.4,0.242622,0.0,0.142857,ent_symptom_f4cf885a0447,سعال,semantic_qa_evidence,semantic_qa_relation_expansion,rel_seed_bae062ec77d09618__inverse,rel_seed_bae062ec77d09618,inverse,SYMPTOM_OF,ent_symptom_f4cf885a0447,سعال,Symptom,ent_diseasecondition_250910ab0701,حساسية الصدر,DiseaseCondition,ahd5k_04490,حساسية الصدر and سعال co-occur with explicit symptom-pathology link,Direct symptom-pathology relationship established in QA context
trial_query_080,السلام عليكم..ماهو العلاج المناسب لتقليل نسبة الاملاح في الدم النسبة الحالية عندي هي (7.9) عمري 44 سنة /ذكر؟,0.546839,0.9,0.45,0.4,0.277231,0.0,0.142857,ent_symptom_59d5c1de0b88,الدم,semantic_qa_evidence,semantic_qa_relation_expansion,rel_seed_cc52f0a3c44e4c1e__inverse,rel_seed_cc52f0a3c44e4c1e,inverse,SYMPTOM_OF,ent_symptom_59d5c1de0b88,الدم,Symptom,ent_diseasecondition_16cf4e77b755,التهاب,DiseaseCondition,ahd5k_00666,التهاب في المثانة أو الإحليل يسبب خروج الدم,Direct causal link between inflammation and blood as symptom
trial_query_080,السلام عليكم..ماهو العلاج المناسب لتقليل نسبة الاملاح في الدم النسبة الحالية عندي هي (7.9) عمري 44 سنة /ذكر؟,0.430239,0.88,0.45,-0.2,0.277231,0.04,0.142857,ent_diseasecondition_16cf4e77b755,التهاب,semantic_qa_evidence,semantic_qa_relation_expansion,rel_seed_582350660fdefde2,rel_seed_582350660fdefde2,direct,DIAGNOSED_BY,ent_diseasecondition_16cf4e77b755,التهاب,DiseaseCondition,ent_test_f6ff9119ed14,تصوير الجهاز البولي,Test,ahd5k_00666,تصوير الجهاز البولي لتحديد سبب التهاب المثانة,Diagnostic imaging directly linked to inflammation diagnosis
trial_query_080,السلام عليكم..ماهو العلاج المناسب لتقليل نسبة الاملاح في الدم النسبة الحالية عندي هي (7.9) عمري 44 سنة /ذكر؟,0.426939,0.87,0.45,-0.2,0.277231,0.04,0.142857,ent_symptom_59d5c1de0b88,الدم,semantic_qa_evidence,semantic_qa_relation_expansion,rel_seed_f03eb900aed1136f,rel_seed_f03eb900aed1136f,direct,INVESTIGATED_BY,ent_symptom_59d5c1de0b88,الدم,Symptom,ent_test_f6ff9119ed14,تصوير الجهاز البولي,Test,ahd5k_00666,تصوير الجهاز البولي لتحديد مكان خروج الدم,Direct investigation of blood symptom through imaging
trial_query_080,السلام عليكم..ماهو العلاج المناسب لتقليل نسبة الاملاح في الدم النسبة الحالية عندي هي (7.9) عمري 44 سنة /ذكر؟,0.426086,0.88,0.45,-0.2,0.242622,0.04,0.142857,ent_diseasecondition_250910ab0701,حساسية الصدر,semantic_qa_evidence,semantic_qa_relation_expansion,rel_seed_e4f1901524d0dd30,rel_seed_e4f1901524d0dd30,direct,DIAGNOSED_BY,ent_diseasecondition_250910ab0701,حساسية الصدر,DiseaseCondition,ent_test_433492431144,تحليل الحساسية,Test,ahd5k_04490,تحليل الحساسية explicitly mentioned as diagnostic tool for حساسية الصدر,Test directly linked to condition diagnosis in QA
trial_query_080,السلام عليكم..ماهو العلاج المناسب لتقليل نسبة الاملاح في الدم النسبة الحالية عندي هي (7.9) عمري 44 سنة /ذكر؟,0.390239,0.88,0.45,-0.2,0.277231,0.0,0.142857,ent_test_f6ff9119ed14,تصوير الجهاز البولي,semantic_qa_evidence,semantic_qa_relation_expansion,rel_seed_582350660fdefde2__inverse,rel_seed_582350660fdefde2,inverse,DIAGNOSES,ent_test_f6ff9119ed14,تصوير الجهاز البولي,Test,ent_diseasecondition_16cf4e77b755,التهاب,DiseaseCondition,ahd5k_00666,تصوير الجهاز البولي لتحديد سبب التهاب المثانة,Diagnostic imaging directly linked to inflammation diagnosis
trial_query_080,السلام عليكم..ماهو العلاج المناسب لتقليل نسبة الاملاح في الدم النسبة الحالية عندي هي (7.9) عمري 44 سنة /ذكر؟,0.386939,0.87,0.45,-0.2,0.277231,0.0,0.142857,ent_test_f6ff9119ed14,تصوير الجهاز البولي,semantic_qa_evidence,semantic_qa_relation_expansion,rel_seed_f03eb900aed1136f__inverse,rel_seed_f03eb900aed1136f,inverse,INVESTIGATES,ent_test_f6ff9119ed14,تصوير الجهاز البولي,Test,ent_symptom_59d5c1de0b88,الدم,Symptom,ahd5k_00666,تصوير الجهاز البولي لتحديد مكان خروج الدم,Direct investigation of blood symptom through imaging
trial_query_080,السلام عليكم..ماهو العلاج المناسب لتقليل نسبة الاملاح في الدم النسبة الحالية عندي هي (7.9) عمري 44 سنة /ذكر؟,0.386086,0.88,0.45,-0.2,0.242622,0.0,0.142857,ent_test_433492431144,تحليل الحساسية,semantic_qa_evidence,semantic_qa_relation_expansion,rel_seed_e4f1901524d0dd30__inverse,rel_seed_e4f1901524d0dd30,inverse,DIAGNOSES,ent_test_433492431144,تحليل الحساسية,Test,ent_diseasecondition_250910ab0701,حساسية الصدر,DiseaseCondition,ahd5k_04490,تحليل الحساسية explicitly mentioned as diagnostic tool for حساسية الصدر,Test directly linked to condition diagnosis in QA
trial_query_081,السلام عليكم أنا أشعر ببرودة رأسي -وغذا اصبح ملمس رأسي بارد جاني صداع لايزول بالمسكنات- ذهبت لأفضل أخصائي أنف وأذن وحنجرة قال هذا المرض ماله علاج !! ماهي التحاليل الأزمة...,0.858408,0.95,1.0,1.0,0.388605,0.0,0.137931,ent_symptom_b754f1a1e5a8,صداع,detected_exact,seed_entity_traversal,rel_seed_3d467dae60e3e704__inverse,rel_seed_3d467dae60e3e704,inverse,SYMPTOM_OF,ent_symptom_b754f1a1e5a8,صداع,Symptom,ent_diseasecondition_d9b91988beb9,التهاب السحايا,DiseaseCondition,ahd5k_02662,صداع,Meningitis (التهاب السحايا) directly causes headache (صداع) as a primary symptom.
trial_query_081,السلام عليكم أنا أشعر ببرودة رأسي -وغذا اصبح ملمس رأسي بارد جاني صداع لايزول بالمسكنات- ذهبت لأفضل أخصائي أنف وأذن وحنجرة قال هذا المرض ماله علاج !! ماهي التحاليل الأزمة...,0.841908,0.9,1.0,1.0,0.388605,0.0,0.137931,ent_symptom_b754f1a1e5a8,صداع,detected_exact,seed_entity_traversal,rel_seed_fc5afd3631ff5eb3__inverse,rel_seed_fc5afd3631ff5eb3,inverse,SYMPTOM_OF,ent_symptom_b754f1a1e5a8,صداع,Symptom,ent_diseasecondition_ad3e19c416f6,التهاب الجيوب الأنفية,DiseaseCondition,ahd5k_02662,صداع,Sinusitis (التهاب الجيوب الأنفية) commonly presents with headache (صداع) as a symptom.
trial_query_081,السلام عليكم أنا أشعر ببرودة رأسي -وغذا اصبح ملمس رأسي بارد جاني صداع لايزول بالمسكنات- ذهبت لأفضل أخصائي أنف وأذن وحنجرة قال هذا المرض ماله علاج !! ماهي التحاليل الأزمة...,0.835702,0.9,1.0,1.0,0.388605,0.0,0.034483,ent_symptom_b754f1a1e5a8,صداع,detected_exact,seed_entity_traversal,rel_seed_f7f26f23fb811356__inverse,rel_seed_f7f26f23fb811356,inverse,SYMPTOM_OF,ent_symptom_b754f1a1e5a8,صداع,Symptom,ent_diseasecondition_00247d3d5c80,الصداع التوتري,DiseaseCondition,ahd5k_00780,الصداع التوتري قد يظهر كصداع يختلف حدته,العلاقة مدعومة مباشرة من النص الذي يربط بين الحالة المرضية والأعراض
trial_query_081,السلام عليكم أنا أشعر ببرودة رأسي -وغذا اصبح ملمس رأسي بارد جاني صداع لايزول بالمسكنات- ذهبت لأفضل أخصائي أنف وأذن وحنجرة قال هذا المرض ماله علاج !! ماهي التحاليل الأزمة...,0.821271,0.85,1.0,1.0,0.388605,0.0,0.068966,ent_symptom_b754f1a1e5a8,صداع,detected_exact,seed_entity_traversal,rel_seed_938a3b9670527bd9__inverse,rel_seed_938a3b9670527bd9,inverse,SYMPTOM_OF,ent_symptom_b754f1a1e5a8,صداع,Symptom,ent_diseasecondition_04b436ff2a98,ضرس العقل,DiseaseCondition,ahd5k_04356,ضرس العقل,Wisdom teeth (ضرس العقل) are explicitly linked to headache (صداع) as a symptom.
trial_query_081,السلام عليكم أنا أشعر ببرودة رأسي -وغذا اصبح ملمس رأسي بارد جاني صداع لايزول بالمسكنات- ذهبت لأفضل أخصائي أنف وأذن وحنجرة قال هذا المرض ماله علاج !! ماهي التحاليل الأزمة...,0.785524,0.85,1.0,0.4,0.559106,0.04,0.965517,ent_symptom_b754f1a1e5a8,صداع,detected_exact,seed_entity_traversal,rel_seed_4c33ff1b89cf3eef,rel_seed_4c33ff1b89cf3eef,direct,INVESTIGATED_BY,ent_symptom_b754f1a1e5a8,صداع,Symptom,ent_test_e668861db259,الصور الشعاعية,Test,ahd5k_01058,الصور الشعاعية قد تُطلب لفحص الصداع,العلاقة مدعومة مباشرة من النص الذي يربط بين الأعراض والفحص
trial_query_081,السلام عليكم أنا أشعر ببرودة رأسي -وغذا اصبح ملمس رأسي بارد جاني صداع لايزول بالمسكنات- ذهبت لأفضل أخصائي أنف وأذن وحنجرة قال هذا المرض ماله علاج !! ماهي التحاليل الأزمة...,0.766408,0.95,0.45,1.0,0.388605,0.04,0.137931,ent_diseasecondition_d9b91988beb9,التهاب السحايا,semantic_qa_evidence,semantic_qa_relation_expansion,rel_seed_3d467dae60e3e704,rel_seed_3d467dae60e3e704,direct,HAS_SYMPTOM,ent_diseasecondition_d9b91988beb9,التهاب السحايا,DiseaseCondition,ent_symptom_b754f1a1e5a8,صداع,Symptom,ahd5k_02662,صداع,Meningitis (التهاب السحايا) directly causes headache (صداع) as a primary symptom.
trial_query_081,السلام عليكم أنا أشعر ببرودة رأسي -وغذا اصبح ملمس رأسي بارد جاني صداع لايزول بالمسكنات- ذهبت لأفضل أخصائي أنف وأذن وحنجرة قال هذا المرض ماله علاج !! ماهي التحاليل الأزمة...,0.749908,0.9,0.45,1.0,0.388605,0.04,0.137931,ent_diseasecondition_ad3e19c416f6,التهاب الجيوب الأنفية,semantic_qa_evidence,semantic_qa_relation_expansion,rel_seed_fc5afd3631ff5eb3,rel_seed_fc5afd3631ff5eb3,direct,HAS_SYMPTOM,ent_diseasecondition_ad3e19c416f6,التهاب الجيوب الأنفية,DiseaseCondition,ent_symptom_b754f1a1e5a8,صداع,Symptom,ahd5k_02662,صداع,Sinusitis (التهاب الجيوب الأنفية) commonly presents with headache (صداع) as a symptom.
trial_query_081,السلام عليكم أنا أشعر ببرودة رأسي -وغذا اصبح ملمس رأسي بارد جاني صداع لايزول بالمسكنات- ذهبت لأفضل أخصائي أنف وأذن وحنجرة قال هذا المرض ماله علاج !! ماهي التحاليل الأزمة...,0.729271,0.85,0.45,1.0,0.388605,0.04,0.068966,ent_diseasecondition_04b436ff2a98,ضرس العقل,semantic_qa_evidence,semantic_qa_relation_expansion,rel_seed_938a3b9670527bd9,rel_seed_938a3b9670527bd9,direct,HAS_SYMPTOM,ent_diseasecondition_04b436ff2a98,ضرس العقل,DiseaseCondition,ent_symptom_b754f1a1e5a8,صداع,Symptom,ahd5k_04356,ضرس العقل,Wisdom teeth (ضرس العقل) are explicitly linked to headache (صداع) as a symptom.
trial_query_081,السلام عليكم أنا أشعر ببرودة رأسي -وغذا اصبح ملمس رأسي بارد جاني صداع لايزول بالمسكنات- ذهبت لأفضل أخصائي أنف وأذن وحنجرة قال هذا المرض ماله علاج !! ماهي التحاليل الأزمة...,0.722947,0.88,0.45,1.0,0.218925,0.04,0.137931,ent_diseasecondition_ad3e19c416f6,التهاب الجيوب الأنفية,semantic_qa_evidence,semantic_qa_relation_expansion,rel_seed_3f9dbbea6fdd8f6f,rel_seed_3f9dbbea6fdd8f6f,direct,HAS_SYMPTOM,ent_diseasecondition_ad3e19c416f6,التهاب الجيوب الأنفية,DiseaseCondition,ent_symptom_d713f64368d3,ضغط,Symptom,ahd5k_02662,ضغط,Sinusitis (التهاب الجيوب الأنفية) causes facial pressure (ضغط) as a direct symptom.
trial_query_081,السلام عليكم أنا أشعر ببرودة رأسي -وغذا اصبح ملمس رأسي بارد جاني صداع لايزول بالمسكنات- ذهبت لأفضل أخصائي أنف وأذن وحنجرة قال هذا المرض ماله علاج !! ماهي التحاليل الأزمة...,0.711623,0.85,0.45,1.0,0.241546,0.04,0.068966,ent_diseasecondition_04b436ff2a98,ضرس العقل,semantic_qa_evidence,semantic_qa_relation_expansion,rel_seed_88e6f3fee8de6995,rel_seed_88e6f3fee8de6995,direct,HAS_SYMPTOM,ent_diseasecondition_04b436ff2a98,ضرس العقل,DiseaseCondition,ent_symptom_249d07021a1b,الام,Symptom,ahd5k_04356,ضرس العقل,Wisdom teeth (ضرس العقل) are explicitly linked to pain (الام) as a symptom.
trial_query_081,السلام عليكم أنا أشعر ببرودة رأسي -وغذا اصبح ملمس رأسي بارد جاني صداع لايزول بالمسكنات- ذهبت لأفضل أخصائي أنف وأذن وحنجرة قال هذا المرض ماله علاج !! ماهي التحاليل الأزمة...,0.711271,0.85,1.0,0.4,0.388605,0.04,0.068966,ent_symptom_b754f1a1e5a8,صداع,detected_exact,seed_entity_traversal,rel_seed_ae85f383f00386e8,rel_seed_ae85f383f00386e8,direct,TREATED_BY,ent_symptom_b754f1a1e5a8,صداع,Symptom,ent_treatment_677fdfb3086e,زيت الحبة السوداء,Treatment,ahd5k_00887,التخفيف من أعراض الصداع. ما هي فوائد زيت حبة السوداء,Direct treatment claim for headache symptoms
trial_query_081,السلام عليكم أنا أشعر ببرودة رأسي -وغذا اصبح ملمس رأسي بارد جاني صداع لايزول بالمسكنات- ذهبت لأفضل أخصائي أنف وأذن وحنجرة قال هذا المرض ماله علاج !! ماهي التحاليل الأزمة...,0.711271,0.85,1.0,0.4,0.388605,0.04,0.068966,ent_symptom_b754f1a1e5a8,صداع,detected_exact,seed_entity_traversal,rel_seed_141b9acbdb0c5296,rel_seed_141b9acbdb0c5296,direct,TREATED_BY,ent_symptom_b754f1a1e5a8,صداع,Symptom,ent_treatment_1623092039ad,المراجعة الطبية,Treatment,ahd5k_04356,مراجعة طبيبك او اخصائي جراحه وجه و فكين,Direct recommendation to consult a specialist for headache caused by wisdom teeth.
trial_query_081,السلام عليكم أنا أشعر ببرودة رأسي -وغذا اصبح ملمس رأسي بارد جاني صداع لايزول بالمسكنات- ذهبت لأفضل أخصائي أنف وأذن وحنجرة قال هذا المرض ماله علاج !! ماهي التحاليل الأزمة...,0.711271,0.85,1.0,0.4,0.388605,0.04,0.068966,ent_symptom_b754f1a1e5a8,صداع,detected_exact,seed_entity_traversal,rel_seed_7f2eafeaf08e65db,rel_seed_7f2eafeaf08e65db,direct,TREATED_BY,ent_symptom_b754f1a1e5a8,صداع,Symptom,ent_treatment_2466e618d2bf,باندول فولت فاست,Treatment,ahd5k_00222,باندول فولت فاست,Direct treatment recommendation for the symptom 'صداع' (headache) in the QA context.
trial_query_081,السلام عليكم أنا أشعر ببرودة رأسي -وغذا اصبح ملمس رأسي بارد جاني صداع لايزول بالمسكنات- ذهبت لأفضل أخصائي أنف وأذن وحنجرة قال هذا المرض ماله علاج !! ماهي التحاليل الأزمة...,0.682947,0.88,0.45,1.0,0.218925,0.0,0.137931,ent_symptom_d713f64368d3,ضغط,semantic_qa_evidence,semantic_qa_relation_expansion,rel_seed_3f9dbbea6fdd8f6f__inverse,rel_seed_3f9dbbea6fdd8f6f,inverse,SYMPTOM_OF,ent_symptom_d713f64368d3,ضغط,Symptom,ent_diseasecondition_ad3e19c416f6,التهاب الجيوب الأنفية,DiseaseCondition,ahd5k_02662,ضغط,Sinusitis (التهاب الجيوب الأنفية) causes facial pressure (ضغط) as a direct symptom.
trial_query_081,السلام عليكم أنا أشعر ببرودة رأسي -وغذا اصبح ملمس رأسي بارد جاني صداع لايزول بالمسكنات- ذهبت لأفضل أخصائي أنف وأذن وحنجرة قال هذا المرض ماله علاج !! ماهي التحاليل الأزمة...,0.671623,0.85,0.45,1.0,0.241546,0.0,0.068966,ent_symptom_249d07021a1b,الام,semantic_qa_evidence,semantic_qa_relation_expansion,rel_seed_88e6f3fee8de6995__inverse,rel_seed_88e6f3fee8de6995,inverse,SYMPTOM_OF,ent_symptom_249d07021a1b,الام,Symptom,ent_diseasecondition_04b436ff2a98,ضرس العقل,DiseaseCondition,ahd5k_04356,ضرس العقل,Wisdom teeth (ضرس العقل) are explicitly linked to pain (الام) as a symptom.
trial_query_081,السلام عليكم أنا أشعر ببرودة رأسي -وغذا اصبح ملمس رأسي بارد جاني صداع لايزول بالمسكنات- ذهبت لأفضل أخصائي أنف وأذن وحنجرة قال هذا المرض ماله علاج !! ماهي التحاليل الأزمة...,0.613524,0.85,0.45,0.4,0.559106,0.0,0.965517,ent_test_e668861db259,الصور الشعاعية,semantic_qa_evidence,semantic_qa_relation_expansion,rel_seed_4c33ff1b89cf3eef__inverse,rel_seed_4c33ff1b89cf3eef,inverse,INVESTIGATES,ent_test_e668861db259,الصور الشعاعية,Test,ent_symptom_b754f1a1e5a8,صداع,Symptom,ahd5k_01058,الصور الشعاعية قد تُطلب لفحص الصداع,العلاقة مدعومة مباشرة من النص الذي يربط بين الأعراض والفحص
trial_query_081,السلام عليكم أنا أشعر ببرودة رأسي -وغذا اصبح ملمس رأسي بارد جاني صداع لايزول بالمسكنات- ذهبت لأفضل أخصائي أنف وأذن وحنجرة قال هذا المرض ماله علاج !! ماهي التحاليل الأزمة...,0.561623,0.85,0.45,0.4,0.241546,0.04,0.068966,ent_diseasecondition_04b436ff2a98,ضرس العقل,semantic_qa_evidence,semantic_qa_relation_expansion,rel_seed_9858f932165f0bb3,rel_seed_9858f932165f0bb3,direct,TREATED_BY,ent_diseasecondition_04b436ff2a98,ضرس العقل,DiseaseCondition,ent_treatment_1623092039ad,المراجعة الطبية,Treatment,ahd5k_04356,مراجعة طبيبك او اخصائي جراحه وجه و فكين,Direct recommendation to consult a specialist for wisdom teeth (ضرس العقل).
trial_query_081,السلام عليكم أنا أشعر ببرودة رأسي -وغذا اصبح ملمس رأسي بارد جاني صداع لايزول بالمسكنات- ذهبت لأفضل أخصائي أنف وأذن وحنجرة قال هذا المرض ماله علاج !! ماهي التحاليل الأزمة...,0.561623,0.85,0.45,0.4,0.241546,0.04,0.068966,ent_symptom_249d07021a1b,الام,semantic_qa_evidence,semantic_qa_relation_expansion,rel_seed_959ce061116b7eab,rel_seed_959ce061116b7eab,direct,TREATED_BY,ent_symptom_249d07021a1b,الام,Symptom,ent_treatment_1623092039ad,المراجعة الطبية,Treatment,ahd5k_04356,مراجعة طبيبك او اخصائي جراحه وجه و فكين,Direct recommendation to consult a specialist for pain (الام) caused by wisdom teeth.
trial_query_081,السلام عليكم أنا أشعر ببرودة رأسي -وغذا اصبح ملمس رأسي بارد جاني صداع لايزول بالمسكنات- ذهبت لأفضل أخصائي أنف وأذن وحنجرة قال هذا المرض ماله علاج !! ماهي التحاليل الأزمة...,0.558667,0.85,0.45,0.4,0.234153,0.04,0.034483,ent_diseasecondition_1c50bd11c45a,ربو,semantic_qa_evidence,semantic_qa_relation_expansion,rel_seed_5a95dc63296dfe15,rel_seed_5a95dc63296dfe15,direct,TREATED_BY,ent_diseasecondition_1c50bd11c45a,ربو,DiseaseCondition,ent_treatment_677fdfb3086e,زيت الحبة السوداء,Treatment,ahd5k_00887,التخفيف من أعراض الربو وأمراض الجهاز التنفسي. ما هي فوائد زيت حبة السوداء,Direct treatment claim for asthma symptoms
trial_query_081,السلام عليكم أنا أشعر ببرودة رأسي -وغذا اصبح ملمس رأسي بارد جاني صداع لايزول بالمسكنات- ذهبت لأفضل أخصائي أنف وأذن وحنجرة قال هذا المرض ماله علاج !! ماهي التحاليل الأزمة...,0.542167,0.8,0.45,0.4,0.234153,0.04,0.034483,ent_diseasecondition_2f75d3dabe0b,حساسية,semantic_qa_evidence,semantic_qa_relation_expansion,rel_seed_4f94c296991a8bf7,rel_seed_4f94c296991a8bf7,direct,TREATED_BY,ent_diseasecondition_2f75d3dabe0b,حساسية,DiseaseCondition,ent_treatment_677fdfb3086e,زيت الحبة السوداء,Treatment,ahd5k_00887,علاج حساسية الأنف. ما هي فوائد زيت حبة السوداء,Direct treatment claim for nasal allergies
trial_query_081,السلام عليكم أنا أشعر ببرودة رأسي -وغذا اصبح ملمس رأسي بارد جاني صداع لايزول بالمسكنات- ذهبت لأفضل أخصائي أنف وأذن وحنجرة قال هذا المرض ماله علاج !! ماهي التحاليل الأزمة...,0.539271,0.85,0.45,0.4,0.388605,0.0,0.068966,ent_treatment_1623092039ad,المراجعة الطبية,semantic_qa_evidence,semantic_qa_relation_expansion,rel_seed_141b9acbdb0c5296__inverse,rel_seed_141b9acbdb0c5296,inverse,TREATS,ent_treatment_1623092039ad,المراجعة الطبية,Treatment,ent_symptom_b754f1a1e5a8,صداع,Symptom,ahd5k_04356,مراجعة طبيبك او اخصائي جراحه وجه و فكين,Direct recommendation to consult a specialist for headache caused by wisdom teeth.
trial_query_081,السلام عليكم أنا أشعر ببرودة رأسي -وغذا اصبح ملمس رأسي بارد جاني صداع لايزول بالمسكنات- ذهبت لأفضل أخصائي أنف وأذن وحنجرة قال هذا المرض ماله علاج !! ماهي التحاليل الأزمة...,0.539271,0.85,0.45,0.4,0.388605,0.0,0.068966,ent_treatment_677fdfb3086e,زيت الحبة السوداء,semantic_qa_evidence,semantic_qa_relation_expansion,rel_seed_ae85f383f00386e8__inverse,rel_seed_ae85f383f00386e8,inverse,TREATS,ent_treatment_677fdfb3086e,زيت الحبة السوداء,Treatment,ent_symptom_b754f1a1e5a8,صداع,Symptom,ahd5k_00887,التخفيف من أعراض الصداع. ما هي فوائد زيت حبة السوداء,Direct treatment claim for headache symptoms
trial_query_081,السلام عليكم أنا أشعر ببرودة رأسي -وغذا اصبح ملمس رأسي بارد جاني صداع لايزول بالمسكنات- ذهبت لأفضل أخصائي أنف وأذن وحنجرة قال هذا المرض ماله علاج !! ماهي التحاليل الأزمة...,0.521623,0.85,0.45,0.4,0.241546,0.0,0.068966,ent_treatment_1623092039ad,المراجعة الطبية,semantic_qa_evidence,semantic_qa_relation_expansion,rel_seed_9858f932165f0bb3__inverse,rel_seed_9858f932165f0bb3,inverse,TREATS,ent_treatment_1623092039ad,المراجعة الطبية,Treatment,ent_diseasecondition_04b436ff2a98,ضرس العقل,DiseaseCondition,ahd5k_04356,مراجعة طبيبك او اخصائي جراحه وجه و فكين,Direct recommendation to consult a specialist for wisdom teeth (ضرس العقل).
trial_query_081,السلام عليكم أنا أشعر ببرودة رأسي -وغذا اصبح ملمس رأسي بارد جاني صداع لايزول بالمسكنات- ذهبت لأفضل أخصائي أنف وأذن وحنجرة قال هذا المرض ماله علاج !! ماهي التحاليل الأزمة...,0.521623,0.85,0.45,0.4,0.241546,0.0,0.068966,ent_treatment_1623092039ad,المراجعة الطبية,semantic_qa_evidence,semantic_qa_relation_expansion,rel_seed_959ce061116b7eab__inverse,rel_seed_959ce061116b7eab,inverse,TREATS,ent_treatment_1623092039ad,المراجعة الطبية,Treatment,ent_symptom_249d07021a1b,الام,Symptom,ahd5k_04356,مراجعة طبيبك او اخصائي جراحه وجه و فكين,Direct recommendation to consult a specialist for pain (الام) caused by wisdom teeth.
trial_query_081,السلام عليكم أنا أشعر ببرودة رأسي -وغذا اصبح ملمس رأسي بارد جاني صداع لايزول بالمسكنات- ذهبت لأفضل أخصائي أنف وأذن وحنجرة قال هذا المرض ماله علاج !! ماهي التحاليل الأزمة...,0.518667,0.85,0.45,0.4,0.234153,0.0,0.034483,ent_treatment_677fdfb3086e,زيت الحبة السوداء,semantic_qa_evidence,semantic_qa_relation_expansion,rel_seed_5a95dc63296dfe15__inverse,rel_seed_5a95dc63296dfe15,inverse,TREATS,ent_treatment_677fdfb3086e,زيت الحبة السوداء,Treatment,ent_diseasecondition_1c50bd11c45a,ربو,DiseaseCondition,ahd5k_00887,التخفيف من أعراض الربو وأمراض الجهاز التنفسي. ما هي فوائد زيت حبة السوداء,Direct treatment claim for asthma symptoms
trial_query_081,السلام عليكم أنا أشعر ببرودة رأسي -وغذا اصبح ملمس رأسي بارد جاني صداع لايزول بالمسكنات- ذهبت لأفضل أخصائي أنف وأذن وحنجرة قال هذا المرض ماله علاج !! ماهي التحاليل الأزمة...,0.502167,0.8,0.45,0.4,0.234153,0.0,0.034483,ent_treatment_677fdfb3086e,زيت الحبة السوداء,semantic_qa_evidence,semantic_qa_relation_expansion,rel_seed_4f94c296991a8bf7__inverse,rel_seed_4f94c296991a8bf7,inverse,TREATS,ent_treatment_677fdfb3086e,زيت الحبة السوداء,Treatment,ent_diseasecondition_2f75d3dabe0b,حساسية,DiseaseCondition,ahd5k_00887,علاج حساسية الأنف. ما هي فوائد زيت حبة السوداء,Direct treatment claim for nasal allergies
trial_query_082,مامتي جدا تعبانه من القرحة من غير النزيف المستمر والان هي لا تتناول الاطعمة بسبب الغثيان ...ارجو مساعدتي ..وهي لا تريد المستشفی,0.624663,0.85,1.0,-0.2,0.474086,0.04,0.954545,ent_diseasecondition_780d3bf613f5,قرحة,detected_exact,seed_entity_traversal,rel_seed_d859af7524ae0413,rel_seed_d859af7524ae0413,direct,TREATED_BY,ent_diseasecondition_780d3bf613f5,قرحة,DiseaseCondition,ent_treatment_90996a0e2d01,ايزومبرازول,Treatment,ahd5k_01066,ممكن تجرب دواء اسمه ايزومبرازول,Treatment explicitly recommended for ulcer.
trial_query_082,مامتي جدا تعبانه من القرحة من غير النزيف المستمر والان هي لا تتناول الاطعمة بسبب الغثيان ...ارجو مساعدتي ..وهي لا تريد المستشفی,0.452663,0.85,0.45,-0.2,0.474086,0.0,0.954545,ent_treatment_90996a0e2d01,ايزومبرازول,semantic_qa_evidence,semantic_qa_relation_expansion,rel_seed_d859af7524ae0413__inverse,rel_seed_d859af7524ae0413,inverse,TREATS,ent_treatment_90996a0e2d01,ايزومبرازول,Treatment,ent_diseasecondition_780d3bf613f5,قرحة,DiseaseCondition,ahd5k_01066,ممكن تجرب دواء اسمه ايزومبرازول,Treatment explicitly recommended for ulcer.
trial_query_082,مامتي جدا تعبانه من القرحة من غير النزيف المستمر والان هي لا تتناول الاطعمة بسبب الغثيان ...ارجو مساعدتي ..وهي لا تريد المستشفی,0.438359,0.9,0.45,-0.2,0.293147,0.04,0.136364,ent_diseasecondition_86e897b1e25a,الملوية البوابية,semantic_qa_evidence,semantic_qa_relation_expansion,rel_seed_ca33d772076cfe85,rel_seed_ca33d772076cfe85,direct,TREATED_BY,ent_diseasecondition_86e897b1e25a,الملوية البوابية,DiseaseCondition,ent_treatment_1479a48d3d42,الدواء,Treatment,ahd5k_03807,مضادات حيويه نكسيوم و كلاريثرومايسين واموكسسلين,السياق يربط العلاج مباشرة بالملوية البوابية كسبب للقرحة
trial_query_082,مامتي جدا تعبانه من القرحة من غير النزيف المستمر والان هي لا تتناول الاطعمة بسبب الغثيان ...ارجو مساعدتي ..وهي لا تريد المستشفی,0.398359,0.9,0.45,-0.2,0.293147,0.0,0.136364,ent_treatment_1479a48d3d42,الدواء,semantic_qa_evidence,semantic_qa_relation_expansion,rel_seed_ca33d772076cfe85__inverse,rel_seed_ca33d772076cfe85,inverse,TREATS,ent_treatment_1479a48d3d42,الدواء,Treatment,ent_diseasecondition_86e897b1e25a,الملوية البوابية,DiseaseCondition,ahd5k_03807,مضادات حيويه نكسيوم و كلاريثرومايسين واموكسسلين,السياق يربط العلاج مباشرة بالملوية البوابية كسبب للقرحة
trial_query_083,ما البديل لعمل كراون للضرس في حال كان طول الضرس قصير بسبب كسر وتآكل في السطح بعد حشو عصب مع حجم طبيعي للضرس ،حتى يعود يصبح في طول يسمح بتركيب...,0.457136,0.97,0.45,-0.2,0.232705,0.04,0.185185,focus_ent_dental_filling,حشو الأسنان,semantic_qa_evidence,semantic_qa_relation_expansion,focus_rel_dental_filling_no_dimple_relation,focus_rel_dental_filling_no_dimple_relation,direct,NOT_ASSOCIATED_WITH,focus_ent_dental_filling,حشو الأسنان,Treatment,focus_ent_face_dimple,غمازة الوجه,BodyFeature,ahd5k_00484,لا توجد علاقة مرتبطة بين حشو الأسنان وغمازة الوجه حسب مصدر AHD.,focused dataset-derived expansion from ahd5k_00484
trial_query_083,ما البديل لعمل كراون للضرس في حال كان طول الضرس قصير بسبب كسر وتآكل في السطح بعد حشو عصب مع حجم طبيعي للضرس ،حتى يعود يصبح في طول يسمح بتركيب...,0.457136,0.97,0.45,-0.2,0.232705,0.04,0.185185,focus_ent_strong_local_anesthesia,تخدير موضعي قوي,semantic_qa_evidence,semantic_qa_relation_expansion,focus_rel_dental_anesthesia_temporary_dimple,focus_rel_dental_anesthesia_temporary_dimple,direct,MAY_TEMPORARILY_AFFECT,focus_ent_strong_local_anesthesia,تخدير موضعي قوي,Treatment,focus_ent_face_dimple,غمازة الوجه,BodyFeature,ahd5k_00484,إذا تم تخدير منطقة الغمازة بمخدر قوي وكمية كبيرة فقد تزول الحالة خلال 24-48 ساعة.,focused dataset-derived expansion from ahd5k_00484
trial_query_083,ما البديل لعمل كراون للضرس في حال كان طول الضرس قصير بسبب كسر وتآكل في السطح بعد حشو عصب مع حجم طبيعي للضرس ،حتى يعود يصبح في طول يسمح بتركيب...,0.452691,0.97,0.45,-0.2,0.232705,0.04,0.111111,focus_ent_tooth_filing,برد الأسنان,semantic_qa_evidence,semantic_qa_relation_expansion,focus_rel_tooth_filing_risk_sensitivity,focus_rel_tooth_filing_risk_sensitivity,direct,HAS_RISK,focus_ent_tooth_filing,برد الأسنان,Procedure,focus_ent_tooth_sensitivity,حساسية الأسنان,Symptom,ahd5k_00828,كثرة برد الأسنان قد تؤثر على الأسنان وتجعلها حساسة.,focused dataset-derived expansion from ahd5k_00828
trial_query_083,ما البديل لعمل كراون للضرس في حال كان طول الضرس قصير بسبب كسر وتآكل في السطح بعد حشو عصب مع حجم طبيعي للضرس ،حتى يعود يصبح في طول يسمح بتركيب...,0.452691,0.97,0.45,-0.2,0.232705,0.04,0.111111,focus_ent_tooth_filing,برد الأسنان,semantic_qa_evidence,semantic_qa_relation_expansion,focus_rel_tooth_filing_duration,focus_rel_tooth_filing_duration,direct,PROCEDURE_DURATION,focus_ent_tooth_filing,برد الأسنان,Procedure,focus_ent_one_two_sessions,جلسة واحدة أو جلستان,ProcedureDuration,ahd5k_00828,برد الأسنان للتصغير قد يتم في جلسة واحدة، أما للتركيب وعمل أسنان صناعية فقد يحتاج جلسة أو جلستين.,focused dataset-derived expansion from ahd5k_00828
trial_query_083,ما البديل لعمل كراون للضرس في حال كان طول الضرس قصير بسبب كسر وتآكل في السطح بعد حشو عصب مع حجم طبيعي للضرس ،حتى يعود يصبح في طول يسمح بتركيب...,0.400941,0.85,0.45,-0.2,0.112938,0.04,0.148148,ent_symptom_6910233b82fc,بروز في البطن,semantic_qa_evidence,semantic_qa_relation_expansion,rel_seed_8d3a656f552448a8,rel_seed_8d3a656f552448a8,direct,TREATED_BY,ent_symptom_6910233b82fc,بروز في البطن,Symptom,ent_treatment_a3fdf405330a,تمارين رياضية,Treatment,ahd5k_04986,وجربت التمارين فترة بس ما لاحظت نتيجة كبيرة,Exercise explicitly mentioned as treatment for belly protrusion
trial_query_083,ما البديل لعمل كراون للضرس في حال كان طول الضرس قصير بسبب كسر وتآكل في السطح بعد حشو عصب مع حجم طبيعي للضرس ،حتى يعود يصبح في طول يسمح بتركيب...,0.360941,0.85,0.45,-0.2,0.112938,0.0,0.148148,ent_treatment_a3fdf405330a,تمارين رياضية,semantic_qa_evidence,semantic_qa_relation_expansion,rel_seed_8d3a656f552448a8__inverse,rel_seed_8d3a656f552448a8,inverse,TREATS,ent_treatment_a3fdf405330a,تمارين رياضية,Treatment,ent_symptom_6910233b82fc,بروز في البطن,Symptom,ahd5k_04986,وجربت التمارين فترة بس ما لاحظت نتيجة كبيرة,Exercise explicitly mentioned as treatment for belly protrusion
trial_query_084,زوجتي حامل ومنذ بداية حملها لم اتوقف عن الاتصال معهاابدا ..فهل ذلك له علاقه لما تشعر به من حرقه في المهبل...وهل ذلك له تأثير على الجنين....,0.601929,0.85,1.0,-0.2,0.595238,0.0,1.0,ent_symptom_ecf500c8beea,حرقه,detected_exact,seed_entity_traversal,rel_seed_49bc59e28967e4ac__inverse,rel_seed_49bc59e28967e4ac,inverse,SYMPTOM_OF,ent_symptom_ecf500c8beea,حرقه,Symptom,ent_diseasecondition_16cf4e77b755,التهاب,DiseaseCondition,ahd5k_01099,التهابات نسائيه تسبب حرقه في المهبل,الالتهاب النسائي يُظهر مباشرةً حرقه كأعراض مصاحبة
trial_query_084,زوجتي حامل ومنذ بداية حملها لم اتوقف عن الاتصال معهاابدا ..فهل ذلك له علاقه لما تشعر به من حرقه في المهبل...وهل ذلك له تأثير على الجنين....,0.509929,0.85,0.45,-0.2,0.595238,0.04,1.0,ent_diseasecondition_16cf4e77b755,التهاب,semantic_qa_evidence,semantic_qa_relation_expansion,rel_seed_49bc59e28967e4ac,rel_seed_49bc59e28967e4ac,direct,HAS_SYMPTOM,ent_diseasecondition_16cf4e77b755,التهاب,DiseaseCondition,ent_symptom_ecf500c8beea,حرقه,Symptom,ahd5k_01099,التهابات نسائيه تسبب حرقه في المهبل,الالتهاب النسائي يُظهر مباشرةً حرقه كأعراض مصاحبة
trial_query_085,لمدا كلما انزعجت من شخص ما أشعر بدوار ودقات سريعة للقلب وشعور براسي تقيل تم يغمى علي دون الغياب عن الوعي فما تشخيصكم لهدا وشكراً جزيل,0.434009,0.97,0.45,-0.2,0.082572,0.04,0.1,focus_ent_anemia,فقر الدم,semantic_qa_evidence,semantic_qa_relation_expansion,focus_rel_anemia_managed_by_iron_rich_food,focus_rel_anemia_managed_by_iron_rich_food,direct,MANAGED_BY,focus_ent_anemia,فقر الدم,DiseaseCondition,focus_ent_iron_rich_foods,أغذية غنية بالحديد والفولات وفيتامين ب12,DietaryRecommendation,ahd5k_00594,يمكن دعم فقر الدم بنظام غذائي غني بعناصر مثل الحديد وحمض الفوليك وفيتامين ب-12، مع بقاء العلاج حسب نوع فقر الدم تحت إشراف الطبيب.,focused dataset-derived expansion from ahd5k_00594
trial_query_085,لمدا كلما انزعجت من شخص ما أشعر بدوار ودقات سريعة للقلب وشعور براسي تقيل تم يغمى علي دون الغياب عن الوعي فما تشخيصكم لهدا وشكراً جزيل,0.434009,0.97,0.45,-0.2,0.082572,0.04,0.1,focus_ent_iron_rich_foods,أغذية غنية بالحديد والفولات وفيتامين ب12,semantic_qa_evidence,semantic_qa_relation_expansion,focus_rel_iron_absorption_improved_by_vitamin_c,focus_rel_iron_absorption_improved_by_vitamin_c,direct,ABSORPTION_IMPROVED_BY,focus_ent_iron_rich_foods,أغذية غنية بالحديد والفولات وفيتامين ب12,DietaryRecommendation,focus_ent_vitamin_c_foods,أطعمة غنية بفيتامين ج,DietaryRecommendation,ahd5k_00594,تناول الأطعمة الغنية بالحديد مع أطعمة غنية بفيتامين ج مثل البرتقال والطماطم والفراولة قد يحسن الامتصاص.,focused dataset-derived expansion from ahd5k_00594
trial_query_085,لمدا كلما انزعجت من شخص ما أشعر بدوار ودقات سريعة للقلب وشعور براسي تقيل تم يغمى علي دون الغياب عن الوعي فما تشخيصكم لهدا وشكراً جزيل,0.434009,0.97,0.45,-0.2,0.082572,0.04,0.1,focus_ent_iron_rich_foods,أغذية غنية بالحديد والفولات وفيتامين ب12,semantic_qa_evidence,semantic_qa_relation_expansion,focus_rel_iron_absorption_reduced_by_tea_coffee,focus_rel_iron_absorption_reduced_by_tea_coffee,direct,ABSORPTION_REDUCED_BY,focus_ent_iron_rich_foods,أغذية غنية بالحديد والفولات وفيتامين ب12,DietaryRecommendation,focus_ent_tea_coffee_calcium,الشاي والقهوة والكالسيوم مع الحديد,DietaryCaution,ahd5k_00594,ينصح بتجنب تناول الأطعمة الغنية بالحديد مع القهوة أو الشاي أو الأطعمة الغنية بالكالسيوم لأنها قد تمنع امتصاص الحديد.,focused dataset-derived expansion from ahd5k_00594
trial_query_085,لمدا كلما انزعجت من شخص ما أشعر بدوار ودقات سريعة للقلب وشعور براسي تقيل تم يغمى علي دون الغياب عن الوعي فما تشخيصكم لهدا وشكراً جزيل,0.394756,0.85,0.45,-0.2,0.08547,0.04,0.1,ent_symptom_c411d2ed3083,سيلان الانف,semantic_qa_evidence,semantic_qa_relation_expansion,rel_seed_91d68abf0a3b2f49,rel_seed_91d68abf0a3b2f49,direct,TREATED_BY,ent_symptom_c411d2ed3083,سيلان الانف,Symptom,ent_treatment_34b849dbecc0,بخاخات الماء والملح,Treatment,ahd5k_04444,جرب بخاخات الماء والملح,النص يشير مباشرة إلى استخدام البخاخات كعلاج
trial_query_085,لمدا كلما انزعجت من شخص ما أشعر بدوار ودقات سريعة للقلب وشعور براسي تقيل تم يغمى علي دون الغياب عن الوعي فما تشخيصكم لهدا وشكراً جزيل,0.394756,0.85,0.45,-0.2,0.08547,0.04,0.1,ent_symptom_c411d2ed3083,سيلان الانف,semantic_qa_evidence,semantic_qa_relation_expansion,rel_seed_95c059b6f1660cdf,rel_seed_95c059b6f1660cdf,direct,INVESTIGATED_BY,ent_symptom_c411d2ed3083,سيلان الانف,Symptom,ent_test_84971d541245,خصائي الاطفال,Test,ahd5k_04444,لابد من عرضه على اخصائي الاطفال,النص يشير مباشرة إلى التحقيق عبر استشارة متخصص
trial_query_085,لمدا كلما انزعجت من شخص ما أشعر بدوار ودقات سريعة للقلب وشعور براسي تقيل تم يغمى علي دون الغياب عن الوعي فما تشخيصكم لهدا وشكراً جزيل,0.354756,0.85,0.45,-0.2,0.08547,0.0,0.1,ent_treatment_34b849dbecc0,بخاخات الماء والملح,semantic_qa_evidence,semantic_qa_relation_expansion,rel_seed_91d68abf0a3b2f49__inverse,rel_seed_91d68abf0a3b2f49,inverse,TREATS,ent_treatment_34b849dbecc0,بخاخات الماء والملح,Treatment,ent_symptom_c411d2ed3083,سيلان الانف,Symptom,ahd5k_04444,جرب بخاخات الماء والملح,النص يشير مباشرة إلى استخدام البخاخات كعلاج
trial_query_085,لمدا كلما انزعجت من شخص ما أشعر بدوار ودقات سريعة للقلب وشعور براسي تقيل تم يغمى علي دون الغياب عن الوعي فما تشخيصكم لهدا وشكراً جزيل,0.354756,0.85,0.45,-0.2,0.08547,0.0,0.1,ent_test_84971d541245,خصائي الاطفال,semantic_qa_evidence,semantic_qa_relation_expansion,rel_seed_95c059b6f1660cdf__inverse,rel_seed_95c059b6f1660cdf,inverse,INVESTIGATES,ent_test_84971d541245,خصائي الاطفال,Test,ent_symptom_c411d2ed3083,سيلان الانف,Symptom,ahd5k_04444,لابد من عرضه على اخصائي الاطفال,النص يشير مباشرة إلى التحقيق عبر استشارة متخصص
trial_query_086,عندي فقر دم وعملت التحاليل عندي نقص فيتامين دال ونقص حديد وصف لي الدكتور 20 ابرة حديد لمدة شهر هل اخذ هالكمية بهذه المدة آمن أم مضر للجسم ؟ وما...,0.80838,0.85,0.85,1.0,0.193047,0.04,0.178571,ent_diseasecondition_9719230327a2,فقر الدم,family_equivalent,seed_entity_traversal,rel_seed_0e8bcb10a29e6d54,rel_seed_0e8bcb10a29e6d54,direct,HAS_SYMPTOM,ent_diseasecondition_9719230327a2,فقر الدم,DiseaseCondition,ent_symptom_d48190970b2d,تنميل,Symptom,ahd5k_00838,نقص فيتامين (ب12) يسبب انيميا وتنميل,QA directly states vitamin B12 deficiency causes anemia and numbness
trial_query_086,عندي فقر دم وعملت التحاليل عندي نقص فيتامين دال ونقص حديد وصف لي الدكتور 20 ابرة حديد لمدة شهر هل اخذ هالكمية بهذه المدة آمن أم مضر للجسم ؟ وما...,0.801951,0.85,0.85,1.0,0.193047,0.04,0.071429,ent_diseasecondition_9719230327a2,فقر الدم,family_equivalent,seed_entity_traversal,rel_seed_6eed37b4f0733cbb,rel_seed_6eed37b4f0733cbb,direct,HAS_SYMPTOM,ent_diseasecondition_9719230327a2,فقر الدم,DiseaseCondition,ent_symptom_c81532a33515,الم المعدجة,Symptom,ahd5k_02292,نقص في الدم مع الالم في المعده,Directly states anemia is associated with stomach pain.
trial_query_086,عندي فقر دم وعملت التحاليل عندي نقص فيتامين دال ونقص حديد وصف لي الدكتور 20 ابرة حديد لمدة شهر هل اخذ هالكمية بهذه المدة آمن أم مضر للجسم ؟ وما...,0.801951,0.85,0.85,1.0,0.193047,0.04,0.071429,ent_diseasecondition_9719230327a2,فقر الدم,family_equivalent,seed_entity_traversal,rel_seed_c660576254101bcf,rel_seed_c660576254101bcf,direct,HAS_SYMPTOM,ent_diseasecondition_9719230327a2,فقر الدم,DiseaseCondition,ent_symptom_c81532a33515,الم المعدجة,Symptom,ahd5k_02546,أحيانا الم في المعدة كسل وخمول اضطرابات في النوم,Directly links anemia to stomach pain as a symptom.
trial_query_086,عندي فقر دم وعملت التحاليل عندي نقص فيتامين دال ونقص حديد وصف لي الدكتور 20 ابرة حديد لمدة شهر هل اخذ هالكمية بهذه المدة آمن أم مضر للجسم ؟ وما...,0.801951,0.85,0.85,1.0,0.193047,0.04,0.071429,ent_diseasecondition_9719230327a2,فقر الدم,family_equivalent,seed_entity_traversal,rel_seed_90514571a31526b3,rel_seed_90514571a31526b3,direct,HAS_SYMPTOM,ent_diseasecondition_9719230327a2,فقر الدم,DiseaseCondition,ent_symptom_c48c0df96785,فقدان الشهيه,Symptom,ahd5k_02546,فقر الدم سبب فقدان الشهيه,Directly states anemia causes loss of appetite.
trial_query_086,عندي فقر دم وعملت التحاليل عندي نقص فيتامين دال ونقص حديد وصف لي الدكتور 20 ابرة حديد لمدة شهر هل اخذ هالكمية بهذه المدة آمن أم مضر للجسم ؟ وما...,0.777847,0.85,1.0,0.4,0.477895,0.04,1.0,ent_diseasecondition_6116bf50d3f1,نقص حديد,detected_exact,seed_entity_traversal,rel_seed_26332336a3521fcf,rel_seed_26332336a3521fcf,direct,DIAGNOSED_BY,ent_diseasecondition_6116bf50d3f1,نقص حديد,DiseaseCondition,ent_test_8dfa1780f518,فحص تحاليل مخبرية,Test,ahd5k_01162,فحص التحاليل المخبرية مرتبط بتشخيص نقص حديد,الاختبار مذكور كوسيلة لتشخيص الحالة
trial_query_086,عندي فقر دم وعملت التحاليل عندي نقص فيتامين دال ونقص حديد وصف لي الدكتور 20 ابرة حديد لمدة شهر هل اخذ هالكمية بهذه المدة آمن أم مضر للجسم ؟ وما...,0.741847,0.85,0.85,0.4,0.477895,0.04,1.0,ent_diseasecondition_9719230327a2,فقر الدم,family_equivalent,seed_entity_traversal,rel_seed_c06b8520b4415b11,rel_seed_c06b8520b4415b11,direct,DIAGNOSED_BY,ent_diseasecondition_9719230327a2,فقر الدم,DiseaseCondition,ent_test_8dfa1780f518,فحص تحاليل مخبرية,Test,ahd5k_01162,فحص التحاليل المخبرية مرتبط بتشخيص فقر الدم,الاختبار مذكور كوسيلة لتشخيص الحالة
trial_query_086,عندي فقر دم وعملت التحاليل عندي نقص فيتامين دال ونقص حديد وصف لي الدكتور 20 ابرة حديد لمدة شهر هل اخذ هالكمية بهذه المدة آمن أم مضر للجسم ؟ وما...,0.722321,0.9,0.45,1.0,0.120532,0.04,0.214286,ent_diseasecondition_21962ce71aec,نقص هرمونات,semantic_qa_evidence,semantic_qa_relation_expansion,rel_seed_05bc738bb2725c91,rel_seed_05bc738bb2725c91,direct,HAS_SYMPTOM,ent_diseasecondition_21962ce71aec,نقص هرمونات,DiseaseCondition,ent_symptom_9510bd8242ac,انقطاع الطمث,Symptom,ahd5k_04611,اعاني من مشكلة انقطاع الطمث...قال ان عندي مشكلة نقص هرمونات,Direct causal link stated in patient's QA
trial_query_086,عندي فقر دم وعملت التحاليل عندي نقص فيتامين دال ونقص حديد وصف لي الدكتور 20 ابرة حديد لمدة شهر هل اخذ هالكمية بهذه المدة آمن أم مضر للجسم ؟ وما...,0.682321,0.9,0.45,1.0,0.120532,0.0,0.214286,ent_symptom_9510bd8242ac,انقطاع الطمث,semantic_qa_evidence,semantic_qa_relation_expansion,rel_seed_05bc738bb2725c91__inverse,rel_seed_05bc738bb2725c91,inverse,SYMPTOM_OF,ent_symptom_9510bd8242ac,انقطاع الطمث,Symptom,ent_diseasecondition_21962ce71aec,نقص هرمونات,DiseaseCondition,ahd5k_04611,اعاني من مشكلة انقطاع الطمث...قال ان عندي مشكلة نقص هرمونات,Direct causal link stated in patient's QA
trial_query_086,عندي فقر دم وعملت التحاليل عندي نقص فيتامين دال ونقص حديد وصف لي الدكتور 20 ابرة حديد لمدة شهر هل اخذ هالكمية بهذه المدة آمن أم مضر للجسم ؟ وما...,0.67238,0.85,0.45,1.0,0.193047,0.0,0.178571,ent_symptom_d48190970b2d,تنميل,semantic_qa_evidence,semantic_qa_relation_expansion,rel_seed_0e8bcb10a29e6d54__inverse,rel_seed_0e8bcb10a29e6d54,inverse,SYMPTOM_OF,ent_symptom_d48190970b2d,تنميل,Symptom,ent_diseasecondition_9719230327a2,فقر الدم,DiseaseCondition,ahd5k_00838,نقص فيتامين (ب12) يسبب انيميا وتنميل,QA directly states vitamin B12 deficiency causes anemia and numbness
trial_query_086,عندي فقر دم وعملت التحاليل عندي نقص فيتامين دال ونقص حديد وصف لي الدكتور 20 ابرة حديد لمدة شهر هل اخذ هالكمية بهذه المدة آمن أم مضر للجسم ؟ وما...,0.668451,0.9,0.85,0.4,0.193047,0.04,0.071429,ent_diseasecondition_9719230327a2,فقر الدم,family_equivalent,seed_entity_traversal,rel_seed_184239158a17a8bf,rel_seed_184239158a17a8bf,direct,DIAGNOSED_BY,ent_diseasecondition_9719230327a2,فقر الدم,DiseaseCondition,ent_test_dd68aa784555,تحاليل مخبرية,Test,ahd5k_00757,تحليل فقر الدم,Direct diagnostic test explicitly mentioned for anemia
trial_query_086,عندي فقر دم وعملت التحاليل عندي نقص فيتامين دال ونقص حديد وصف لي الدكتور 20 ابرة حديد لمدة شهر هل اخذ هالكمية بهذه المدة آمن أم مضر للجسم ؟ وما...,0.654094,0.85,0.85,0.4,0.193047,0.04,0.107143,ent_diseasecondition_9719230327a2,فقر الدم,family_equivalent,seed_entity_traversal,rel_seed_5fa73ea7b6f6ff3f,rel_seed_5fa73ea7b6f6ff3f,direct,DIAGNOSED_BY,ent_diseasecondition_9719230327a2,فقر الدم,DiseaseCondition,ent_test_dd68aa784555,تحاليل مخبرية,Test,ahd5k_00696,الفوال أو التفول هو الاضطراب الخلقي الجيني الناجم عن نقص الأنزيم المسؤول عن الحفاظ على تركيز ببتيد الغلوتاثيون,التحاليل المخبرية مذكورة بشكل مباشر كوسيلة لتشخيص نقص الأنزيم المرتبط بفقر الدم الانحلالي.
trial_query_086,عندي فقر دم وعملت التحاليل عندي نقص فيتامين دال ونقص حديد وصف لي الدكتور 20 ابرة حديد لمدة شهر هل اخذ هالكمية بهذه المدة آمن أم مضر للجسم ؟ وما...,0.645847,0.85,0.45,0.4,0.477895,0.04,1.0,ent_diseasecondition_74be32fb7f24,نقص فيتامين د,semantic_qa_evidence,semantic_qa_relation_expansion,rel_seed_a02e7796d4687bd7,rel_seed_a02e7796d4687bd7,direct,DIAGNOSED_BY,ent_diseasecondition_74be32fb7f24,نقص فيتامين د,DiseaseCondition,ent_test_8dfa1780f518,فحص تحاليل مخبرية,Test,ahd5k_01162,فحص التحاليل المخبرية مرتبط بتشخيص نقص فيتامين د,الاختبار مذكور كوسيلة لتشخيص الحالة
trial_query_086,عندي فقر دم وعملت التحاليل عندي نقص فيتامين دال ونقص حديد وصف لي الدكتور 20 ابرة حديد لمدة شهر هل اخذ هالكمية بهذه المدة آمن أم مضر للجسم ؟ وما...,0.605847,0.85,0.45,0.4,0.477895,0.0,1.0,ent_test_8dfa1780f518,فحص تحاليل مخبرية,semantic_qa_evidence,semantic_qa_relation_expansion,rel_seed_c06b8520b4415b11__inverse,rel_seed_c06b8520b4415b11,inverse,DIAGNOSES,ent_test_8dfa1780f518,فحص تحاليل مخبرية,Test,ent_diseasecondition_9719230327a2,فقر الدم,DiseaseCondition,ahd5k_01162,فحص التحاليل المخبرية مرتبط بتشخيص فقر الدم,الاختبار مذكور كوسيلة لتشخيص الحالة
trial_query_086,عندي فقر دم وعملت التحاليل عندي نقص فيتامين دال ونقص حديد وصف لي الدكتور 20 ابرة حديد لمدة شهر هل اخذ هالكمية بهذه المدة آمن أم مضر للجسم ؟ وما...,0.605847,0.85,0.45,0.4,0.477895,0.0,1.0,ent_test_8dfa1780f518,فحص تحاليل مخبرية,semantic_qa_evidence,semantic_qa_relation_expansion,rel_seed_a02e7796d4687bd7__inverse,rel_seed_a02e7796d4687bd7,inverse,DIAGNOSES,ent_test_8dfa1780f518,فحص تحاليل مخبرية,Test,ent_diseasecondition_74be32fb7f24,نقص فيتامين د,DiseaseCondition,ahd5k_01162,فحص التحاليل المخبرية مرتبط بتشخيص نقص فيتامين د,الاختبار مذكور كوسيلة لتشخيص الحالة
trial_query_086,عندي فقر دم وعملت التحاليل عندي نقص فيتامين دال ونقص حديد وصف لي الدكتور 20 ابرة حديد لمدة شهر هل اخذ هالكمية بهذه المدة آمن أم مضر للجسم ؟ وما...,0.605847,0.85,0.45,0.4,0.477895,0.0,1.0,ent_test_8dfa1780f518,فحص تحاليل مخبرية,semantic_qa_evidence,semantic_qa_relation_expansion,rel_seed_26332336a3521fcf__inverse,rel_seed_26332336a3521fcf,inverse,DIAGNOSES,ent_test_8dfa1780f518,فحص تحاليل مخبرية,Test,ent_diseasecondition_6116bf50d3f1,نقص حديد,DiseaseCondition,ahd5k_01162,فحص التحاليل المخبرية مرتبط بتشخيص نقص حديد,الاختبار مذكور كوسيلة لتشخيص الحالة
trial_query_086,عندي فقر دم وعملت التحاليل عندي نقص فيتامين دال ونقص حديد وصف لي الدكتور 20 ابرة حديد لمدة شهر هل اخذ هالكمية بهذه المدة آمن أم مضر للجسم ؟ وما...,0.565721,0.88,0.45,0.4,0.120532,0.04,0.214286,ent_symptom_9510bd8242ac,انقطاع الطمث,semantic_qa_evidence,semantic_qa_relation_expansion,rel_seed_4f5d9b743f9efed8,rel_seed_4f5d9b743f9efed8,direct,INVESTIGATED_BY,ent_symptom_9510bd8242ac,انقطاع الطمث,Symptom,ent_test_c4ec2e232baf,الفحوصات المخبرية,Test,ahd5k_04611,الفحوصات المخبرية...جزء من التقيم,Direct investigation relationship stated in QA
trial_query_086,عندي فقر دم وعملت التحاليل عندي نقص فيتامين دال ونقص حديد وصف لي الدكتور 20 ابرة حديد لمدة شهر هل اخذ هالكمية بهذه المدة آمن أم مضر للجسم ؟ وما...,0.538811,0.97,0.85,-0.2,0.116642,0.04,0.178571,focus_ent_anemia,فقر الدم,family_equivalent,seed_entity_traversal,focus_rel_anemia_managed_by_iron_rich_food,focus_rel_anemia_managed_by_iron_rich_food,direct,MANAGED_BY,focus_ent_anemia,فقر الدم,DiseaseCondition,focus_ent_iron_rich_foods,أغذية غنية بالحديد والفولات وفيتامين ب12,DietaryRecommendation,ahd5k_00594,يمكن دعم فقر الدم بنظام غذائي غني بعناصر مثل الحديد وحمض الفوليك وفيتامين ب-12، مع بقاء العلاج حسب نوع فقر الدم تحت إشراف الطبيب.,focused dataset-derived expansion from ahd5k_00594
trial_query_086,عندي فقر دم وعملت التحاليل عندي نقص فيتامين دال ونقص حديد وصف لي الدكتور 20 ابرة حديد لمدة شهر هل اخذ هالكمية بهذه المدة آمن أم مضر للجسم ؟ وما...,0.535447,0.97,0.45,-0.2,0.477895,0.04,1.0,focus_ent_iron_injections,إبر الحديد,semantic_qa_evidence,semantic_qa_relation_expansion,focus_rel_iron_injections_determined_by_hb,focus_rel_iron_injections_determined_by_hb,direct,DOSE_DETERMINED_BY,focus_ent_iron_injections,إبر الحديد,Treatment,focus_ent_hb_and_iron_type,نسبة الهيموغلوبين ونوع علاج الحديد,ClinicalFactor,ahd5k_01162,تحديد طريقة وكمية علاج الحديد يعتمد على نسبة الهيموغلوبين ونوعية علاج الحديد.,focused dataset-derived expansion from ahd5k_01162
trial_query_086,عندي فقر دم وعملت التحاليل عندي نقص فيتامين دال ونقص حديد وصف لي الدكتور 20 ابرة حديد لمدة شهر هل اخذ هالكمية بهذه المدة آمن أم مضر للجسم ؟ وما...,0.525721,0.88,0.45,0.4,0.120532,0.0,0.214286,ent_test_c4ec2e232baf,الفحوصات المخبرية,semantic_qa_evidence,semantic_qa_relation_expansion,rel_seed_4f5d9b743f9efed8__inverse,rel_seed_4f5d9b743f9efed8,inverse,INVESTIGATES,ent_test_c4ec2e232baf,الفحوصات المخبرية,Test,ent_symptom_9510bd8242ac,انقطاع الطمث,Symptom,ahd5k_04611,الفحوصات المخبرية...جزء من التقيم,Direct investigation relationship stated in QA
trial_query_086,عندي فقر دم وعملت التحاليل عندي نقص فيتامين دال ونقص حديد وصف لي الدكتور 20 ابرة حديد لمدة شهر هل اخذ هالكمية بهذه المدة آمن أم مضر للجسم ؟ وما...,0.464439,0.99,0.45,-0.2,0.27759,0.04,0.107143,supp_ent_mouth_fungus,فطريات الفم,semantic_qa_evidence,semantic_qa_relation_expansion,supp_rel_mouth_fungus_treated,supp_rel_mouth_fungus_treated,direct,TREATED_BY,supp_ent_mouth_fungus,فطريات الفم,DiseaseCondition,supp_ent_mouth_fungus_eval,مراجعة طبيب اختصاصي لتأكيد التشخيص,Treatment,ahd5k_00142,يوصي المصدر بالذهاب إلى طبيب اختصاصي لمعرفة التشخيص الحقيقي: هل هو فطريات أو نقص فيتامينات أو سبب آخر.,dataset-derived supplemental fact from ahd5k_00142
trial_query_086,عندي فقر دم وعملت التحاليل عندي نقص فيتامين دال ونقص حديد وصف لي الدكتور 20 ابرة حديد لمدة شهر هل اخذ هالكمية بهذه المدة آمن أم مضر للجسم ؟ وما...,0.442811,0.97,0.45,-0.2,0.116642,0.04,0.178571,focus_ent_iron_rich_foods,أغذية غنية بالحديد والفولات وفيتامين ب12,semantic_qa_evidence,semantic_qa_relation_expansion,focus_rel_iron_absorption_improved_by_vitamin_c,focus_rel_iron_absorption_improved_by_vitamin_c,direct,ABSORPTION_IMPROVED_BY,focus_ent_iron_rich_foods,أغذية غنية بالحديد والفولات وفيتامين ب12,DietaryRecommendation,focus_ent_vitamin_c_foods,أطعمة غنية بفيتامين ج,DietaryRecommendation,ahd5k_00594,تناول الأطعمة الغنية بالحديد مع أطعمة غنية بفيتامين ج مثل البرتقال والطماطم والفراولة قد يحسن الامتصاص.,focused dataset-derived expansion from ahd5k_00594
trial_query_086,عندي فقر دم وعملت التحاليل عندي نقص فيتامين دال ونقص حديد وصف لي الدكتور 20 ابرة حديد لمدة شهر هل اخذ هالكمية بهذه المدة آمن أم مضر للجسم ؟ وما...,0.442811,0.97,0.45,-0.2,0.116642,0.04,0.178571,focus_ent_iron_rich_foods,أغذية غنية بالحديد والفولات وفيتامين ب12,semantic_qa_evidence,semantic_qa_relation_expansion,focus_rel_iron_absorption_reduced_by_tea_coffee,focus_rel_iron_absorption_reduced_by_tea_coffee,direct,ABSORPTION_REDUCED_BY,focus_ent_iron_rich_foods,أغذية غنية بالحديد والفولات وفيتامين ب12,DietaryRecommendation,focus_ent_tea_coffee_calcium,الشاي والقهوة والكالسيوم مع الحديد,DietaryCaution,ahd5k_00594,ينصح بتجنب تناول الأطعمة الغنية بالحديد مع القهوة أو الشاي أو الأطعمة الغنية بالكالسيوم لأنها قد تمنع امتصاص الحديد.,focused dataset-derived expansion from ahd5k_00594
trial_query_087,أود معرفة ما أسباب تدلي المستقيم؟وطرق العلاج؟,0.747089,0.92,0.45,1.0,0.329071,0.04,0.1,ent_diseasecondition_250910ab0701,حساسية الصدر,semantic_qa_evidence,semantic_qa_relation_expansion,rel_seed_bae062ec77d09618,rel_seed_bae062ec77d09618,direct,HAS_SYMPTOM,ent_diseasecondition_250910ab0701,حساسية الصدر,DiseaseCondition,ent_symptom_f4cf885a0447,سعال,Symptom,ahd5k_04490,حساسية الصدر and سعال co-occur with explicit symptom-pathology link,Direct symptom-pathology relationship established in QA context
trial_query_087,أود معرفة ما أسباب تدلي المستقيم؟وطرق العلاج؟,0.730487,0.9,0.45,1.0,0.295728,0.04,0.0,ent_diseasecondition_16cf4e77b755,التهاب,semantic_qa_evidence,semantic_qa_relation_expansion,rel_seed_cc52f0a3c44e4c1e,rel_seed_cc52f0a3c44e4c1e,direct,HAS_SYMPTOM,ent_diseasecondition_16cf4e77b755,التهاب,DiseaseCondition,ent_symptom_59d5c1de0b88,الدم,Symptom,ahd5k_00666,التهاب في المثانة أو الإحليل يسبب خروج الدم,Direct causal link between inflammation and blood as symptom
trial_query_087,أود معرفة ما أسباب تدلي المستقيم؟وطرق العلاج؟,0.707089,0.92,0.45,1.0,0.329071,0.0,0.1,ent_symptom_f4cf885a0447,سعال,semantic_qa_evidence,semantic_qa_relation_expansion,rel_seed_bae062ec77d09618__inverse,rel_seed_bae062ec77d09618,inverse,SYMPTOM_OF,ent_symptom_f4cf885a0447,سعال,Symptom,ent_diseasecondition_250910ab0701,حساسية الصدر,DiseaseCondition,ahd5k_04490,حساسية الصدر and سعال co-occur with explicit symptom-pathology link,Direct symptom-pathology relationship established in QA context
trial_query_087,أود معرفة ما أسباب تدلي المستقيم؟وطرق العلاج؟,0.690487,0.9,0.45,1.0,0.295728,0.0,0.0,ent_symptom_59d5c1de0b88,الدم,semantic_qa_evidence,semantic_qa_relation_expansion,rel_seed_cc52f0a3c44e4c1e__inverse,rel_seed_cc52f0a3c44e4c1e,inverse,SYMPTOM_OF,ent_symptom_59d5c1de0b88,الدم,Symptom,ent_diseasecondition_16cf4e77b755,التهاب,DiseaseCondition,ahd5k_00666,التهاب في المثانة أو الإحليل يسبب خروج الدم,Direct causal link between inflammation and blood as symptom
trial_query_087,أود معرفة ما أسباب تدلي المستقيم؟وطرق العلاج؟,0.577381,0.9,0.45,0.4,0.169842,0.04,0.2,ent_diseasecondition_c7baf8534e07,دوالي الخصية,semantic_qa_evidence,semantic_qa_relation_expansion,rel_seed_5cf2bad5750a18bc,rel_seed_5cf2bad5750a18bc,direct,TREATED_BY,ent_diseasecondition_c7baf8534e07,دوالي الخصية,DiseaseCondition,ent_treatment_f4382c9333bb,العلاج بالجراحة,Treatment,ahd5k_00261,العلاج بالجراحة,Surgical treatment is a standard intervention for varicocele.
trial_query_087,أود معرفة ما أسباب تدلي المستقيم؟وطرق العلاج؟,0.537381,0.9,0.45,0.4,0.169842,0.0,0.2,ent_treatment_f4382c9333bb,العلاج بالجراحة,semantic_qa_evidence,semantic_qa_relation_expansion,rel_seed_5cf2bad5750a18bc__inverse,rel_seed_5cf2bad5750a18bc,inverse,TREATS,ent_treatment_f4382c9333bb,العلاج بالجراحة,Treatment,ent_diseasecondition_c7baf8534e07,دوالي الخصية,DiseaseCondition,ahd5k_00261,العلاج بالجراحة,Surgical treatment is a standard intervention for varicocele.
trial_query_087,أود معرفة ما أسباب تدلي المستقيم؟وطرق العلاج؟,0.433889,0.88,0.45,-0.2,0.329071,0.04,0.1,ent_diseasecondition_250910ab0701,حساسية الصدر,semantic_qa_evidence,semantic_qa_relation_expansion,rel_seed_e4f1901524d0dd30,rel_seed_e4f1901524d0dd30,direct,DIAGNOSED_BY,ent_diseasecondition_250910ab0701,حساسية الصدر,DiseaseCondition,ent_test_433492431144,تحليل الحساسية,Test,ahd5k_04490,تحليل الحساسية explicitly mentioned as diagnostic tool for حساسية الصدر,Test directly linked to condition diagnosis in QA
trial_query_087,أود معرفة ما أسباب تدلي المستقيم؟وطرق العلاج؟,0.423887,0.88,0.45,-0.2,0.295728,0.04,0.0,ent_diseasecondition_16cf4e77b755,التهاب,semantic_qa_evidence,semantic_qa_relation_expansion,rel_seed_582350660fdefde2,rel_seed_582350660fdefde2,direct,DIAGNOSED_BY,ent_diseasecondition_16cf4e77b755,التهاب,DiseaseCondition,ent_test_f6ff9119ed14,تصوير الجهاز البولي,Test,ahd5k_00666,تصوير الجهاز البولي لتحديد سبب التهاب المثانة,Diagnostic imaging directly linked to inflammation diagnosis
trial_query_087,أود معرفة ما أسباب تدلي المستقيم؟وطرق العلاج؟,0.420587,0.87,0.45,-0.2,0.295728,0.04,0.0,ent_symptom_59d5c1de0b88,الدم,semantic_qa_evidence,semantic_qa_relation_expansion,rel_seed_f03eb900aed1136f,rel_seed_f03eb900aed1136f,direct,INVESTIGATED_BY,ent_symptom_59d5c1de0b88,الدم,Symptom,ent_test_f6ff9119ed14,تصوير الجهاز البولي,Test,ahd5k_00666,تصوير الجهاز البولي لتحديد مكان خروج الدم,Direct investigation of blood symptom through imaging
trial_query_087,أود معرفة ما أسباب تدلي المستقيم؟وطرق العلاج؟,0.393889,0.88,0.45,-0.2,0.329071,0.0,0.1,ent_test_433492431144,تحليل الحساسية,semantic_qa_evidence,semantic_qa_relation_expansion,rel_seed_e4f1901524d0dd30__inverse,rel_seed_e4f1901524d0dd30,inverse,DIAGNOSES,ent_test_433492431144,تحليل الحساسية,Test,ent_diseasecondition_250910ab0701,حساسية الصدر,DiseaseCondition,ahd5k_04490,تحليل الحساسية explicitly mentioned as diagnostic tool for حساسية الصدر,Test directly linked to condition diagnosis in QA
trial_query_087,أود معرفة ما أسباب تدلي المستقيم؟وطرق العلاج؟,0.383887,0.88,0.45,-0.2,0.295728,0.0,0.0,ent_test_f6ff9119ed14,تصوير الجهاز البولي,semantic_qa_evidence,semantic_qa_relation_expansion,rel_seed_582350660fdefde2__inverse,rel_seed_582350660fdefde2,inverse,DIAGNOSES,ent_test_f6ff9119ed14,تصوير الجهاز البولي,Test,ent_diseasecondition_16cf4e77b755,التهاب,DiseaseCondition,ahd5k_00666,تصوير الجهاز البولي لتحديد سبب التهاب المثانة,Diagnostic imaging directly linked to inflammation diagnosis
trial_query_087,أود معرفة ما أسباب تدلي المستقيم؟وطرق العلاج؟,0.380587,0.87,0.45,-0.2,0.295728,0.0,0.0,ent_test_f6ff9119ed14,تصوير الجهاز البولي,semantic_qa_evidence,semantic_qa_relation_expansion,rel_seed_f03eb900aed1136f__inverse,rel_seed_f03eb900aed1136f,inverse,INVESTIGATES,ent_test_f6ff9119ed14,تصوير الجهاز البولي,Test,ent_symptom_59d5c1de0b88,الدم,Symptom,ahd5k_00666,تصوير الجهاز البولي لتحديد مكان خروج الدم,Direct investigation of blood symptom through imaging
trial_query_088,كيف يمكن شد الجلد المترهل في منطقه البطن مع العلم ان الوزن مناسب؟,0.968845,0.92,1.0,1.0,0.662759,0.04,0.928571,ent_diseasecondition_adcc5a085807,الجلد المترهل,detected_exact,seed_entity_traversal,rel_seed_982decef15a095a6,rel_seed_982decef15a095a6,direct,TREATED_BY,ent_diseasecondition_adcc5a085807,الجلد المترهل,DiseaseCondition,ent_treatment_5b2a681074cf,الجراحة التجميلية,Treatment,ahd5k_01190,يمكن شده بممارسة الرياضة أو بالجراحة التجميلية,الجراحة التجميلية مذكورة صراحة كعلاج للجلد المترهل في السؤال والجواب
trial_query_088,كيف يمكن شد الجلد المترهل في منطقه البطن مع العلم ان الوزن مناسب؟,0.719397,0.85,0.45,1.0,0.197952,0.04,0.285714,ent_diseasecondition_380db6d92562,مرض السكري,semantic_qa_evidence,semantic_qa_relation_expansion,rel_seed_b3536762c6f85e02,rel_seed_b3536762c6f85e02,direct,HAS_SYMPTOM,ent_diseasecondition_380db6d92562,مرض السكري,DiseaseCondition,ent_symptom_724e59ded899,ضغط الدم,Symptom,ahd5k_04912,مع العلم أن المريض يعاني من مرض السكر,Explicit disease-symptom relationship
trial_query_088,كيف يمكن شد الجلد المترهل في منطقه البطن مع العلم ان الوزن مناسب؟,0.496845,0.92,0.45,-0.2,0.662759,0.0,0.928571,ent_treatment_5b2a681074cf,الجراحة التجميلية,semantic_qa_evidence,semantic_qa_relation_expansion,rel_seed_982decef15a095a6__inverse,rel_seed_982decef15a095a6,inverse,TREATS,ent_treatment_5b2a681074cf,الجراحة التجميلية,Treatment,ent_diseasecondition_adcc5a085807,الجلد المترهل,DiseaseCondition,ahd5k_01190,يمكن شده بممارسة الرياضة أو بالجراحة التجميلية,الجراحة التجميلية مذكورة صراحة كعلاج للجلد المترهل في السؤال والجواب
trial_query_088,كيف يمكن شد الجلد المترهل في منطقه البطن مع العلم ان الوزن مناسب؟,0.379397,0.85,0.45,-0.2,0.197952,0.0,0.285714,ent_symptom_724e59ded899,ضغط الدم,semantic_qa_evidence,semantic_qa_relation_expansion,rel_seed_b3536762c6f85e02__inverse,rel_seed_b3536762c6f85e02,inverse,SYMPTOM_OF,ent_symptom_724e59ded899,ضغط الدم,Symptom,ent_diseasecondition_380db6d92562,مرض السكري,DiseaseCondition,ahd5k_04912,مع العلم أن المريض يعاني من مرض السكر,Explicit disease-symptom relationship
trial_query_089,السلام عليكم عمري43 اعاني ارتفاع الصفراء في الدم وصلت الي 7.6 ويوجد تضخم في الطحال والم ف اسفل البطن وجانبين الي الظهر مع احساس بالتعب تحاليل للفيروسات سلبي ومناعةانكا 1/80,0.868522,0.85,1.0,1.0,0.435126,0.04,0.096774,ent_diseasecondition_4453ab65a84b,تضخم,detected_exact,seed_entity_traversal,rel_seed_7de18c9b149431b5,rel_seed_7de18c9b149431b5,direct,HAS_SYMPTOM,ent_diseasecondition_4453ab65a84b,تضخم,DiseaseCondition,ent_symptom_8d2e4253732b,تضخم في الارداف,Symptom,ahd5k_00647,تضخم في الارداف,"The symptom 'تضخم في الارداف' is a specific manifestation of the disease 'تضخم', directly supported by the QA evidence."
trial_query_089,السلام عليكم عمري43 اعاني ارتفاع الصفراء في الدم وصلت الي 7.6 ويوجد تضخم في الطحال والم ف اسفل البطن وجانبين الي الظهر مع احساس بالتعب تحاليل للفيروسات سلبي ومناعةانكا 1/80,0.839675,0.88,1.0,1.0,0.429444,0.0,0.129032,ent_symptom_28acc791e82d,تعب,detected_exact,seed_entity_traversal,rel_seed_b17e2cb75449ca9f__inverse,rel_seed_b17e2cb75449ca9f,inverse,SYMPTOM_OF,ent_symptom_28acc791e82d,تعب,Symptom,ent_diseasecondition_16cf4e77b755,التهاب,DiseaseCondition,ahd5k_03872,اعاني من فتره من آلام في الانف والوجه والاخص الجبين واشعر بحساسيه في الحلق مما يسبب لي ضيق تنفس وتعب بشكل عام,Fatigue explicitly mentioned as symptom of inflammation
trial_query_089,السلام عليكم عمري43 اعاني ارتفاع الصفراء في الدم وصلت الي 7.6 ويوجد تضخم في الطحال والم ف اسفل البطن وجانبين الي الظهر مع احساس بالتعب تحاليل للفيروسات سلبي ومناعةانكا 1/80,0.747675,0.88,0.45,1.0,0.429444,0.04,0.129032,ent_diseasecondition_16cf4e77b755,التهاب,semantic_qa_evidence,semantic_qa_relation_expansion,rel_seed_b17e2cb75449ca9f,rel_seed_b17e2cb75449ca9f,direct,HAS_SYMPTOM,ent_diseasecondition_16cf4e77b755,التهاب,DiseaseCondition,ent_symptom_28acc791e82d,تعب,Symptom,ahd5k_03872,اعاني من فتره من آلام في الانف والوجه والاخص الجبين واشعر بحساسيه في الحلق مما يسبب لي ضيق تنفس وتعب بشكل عام,Fatigue explicitly mentioned as symptom of inflammation
trial_query_089,السلام عليكم عمري43 اعاني ارتفاع الصفراء في الدم وصلت الي 7.6 ويوجد تضخم في الطحال والم ف اسفل البطن وجانبين الي الظهر مع احساس بالتعب تحاليل للفيروسات سلبي ومناعةانكا 1/80,0.72864,0.89,0.45,1.0,0.259444,0.04,0.096774,ent_diseasecondition_16cf4e77b755,التهاب,semantic_qa_evidence,semantic_qa_relation_expansion,rel_seed_4e0920fcda8ee854,rel_seed_4e0920fcda8ee854,direct,HAS_SYMPTOM,ent_diseasecondition_16cf4e77b755,التهاب,DiseaseCondition,ent_symptom_7b839cc80688,ضيق تنفس,Symptom,ahd5k_03872,اعاني من فتره من آلام في الانف والوجه والاخص الجبين واشعر بحساسيه في الحلق مما يسبب لي ضيق تنفس وتعب بشكل عام,Direct symptom linkage in inflammation context
trial_query_089,السلام عليكم عمري43 اعاني ارتفاع الصفراء في الدم وصلت الي 7.6 ويوجد تضخم في الطحال والم ف اسفل البطن وجانبين الي الظهر مع احساس بالتعب تحاليل للفيروسات سلبي ومناعةانكا 1/80,0.722617,0.9,0.45,1.0,0.133366,0.04,0.193548,ent_diseasecondition_db17a406c72e,ارتفاع ضغط الدم,semantic_qa_evidence,semantic_qa_relation_expansion,rel_seed_88d097a1450be644,rel_seed_88d097a1450be644,direct,HAS_SYMPTOM,ent_diseasecondition_db17a406c72e,ارتفاع ضغط الدم,DiseaseCondition,ent_symptom_1f6a3892391d,خفقان القلب,Symptom,ahd5k_00823,خفقان احيتنا,Direct symptom mentioned in hypertension context
trial_query_089,السلام عليكم عمري43 اعاني ارتفاع الصفراء في الدم وصلت الي 7.6 ويوجد تضخم في الطحال والم ف اسفل البطن وجانبين الي الظهر مع احساس بالتعب تحاليل للفيروسات سلبي ومناعةانكا 1/80,0.716017,0.88,0.45,1.0,0.133366,0.04,0.193548,ent_diseasecondition_db17a406c72e,ارتفاع ضغط الدم,semantic_qa_evidence,semantic_qa_relation_expansion,rel_seed_42222f50c14ea113,rel_seed_42222f50c14ea113,direct,HAS_SYMPTOM,ent_diseasecondition_db17a406c72e,ارتفاع ضغط الدم,DiseaseCondition,ent_symptom_7b839cc80688,ضيق تنفس,Symptom,ahd5k_00823,ضيق تنفس,Direct symptom mentioned in hypertension context
trial_query_089,السلام عليكم عمري43 اعاني ارتفاع الصفراء في الدم وصلت الي 7.6 ويوجد تضخم في الطحال والم ف اسفل البطن وجانبين الي الظهر مع احساس بالتعب تحاليل للفيروسات سلبي ومناعةانكا 1/80,0.696522,0.85,0.45,1.0,0.435126,0.0,0.096774,ent_symptom_8d2e4253732b,تضخم في الارداف,semantic_qa_evidence,semantic_qa_relation_expansion,rel_seed_7de18c9b149431b5__inverse,rel_seed_7de18c9b149431b5,inverse,SYMPTOM_OF,ent_symptom_8d2e4253732b,تضخم في الارداف,Symptom,ent_diseasecondition_4453ab65a84b,تضخم,DiseaseCondition,ahd5k_00647,تضخم في الارداف,"The symptom 'تضخم في الارداف' is a specific manifestation of the disease 'تضخم', directly supported by the QA evidence."
trial_query_089,السلام عليكم عمري43 اعاني ارتفاع الصفراء في الدم وصلت الي 7.6 ويوجد تضخم في الطحال والم ف اسفل البطن وجانبين الي الظهر مع احساس بالتعب تحاليل للفيروسات سلبي ومناعةانكا 1/80,0.68864,0.89,0.45,1.0,0.259444,0.0,0.096774,ent_symptom_7b839cc80688,ضيق تنفس,semantic_qa_evidence,semantic_qa_relation_expansion,rel_seed_4e0920fcda8ee854__inverse,rel_seed_4e0920fcda8ee854,inverse,SYMPTOM_OF,ent_symptom_7b839cc80688,ضيق تنفس,Symptom,ent_diseasecondition_16cf4e77b755,التهاب,DiseaseCondition,ahd5k_03872,اعاني من فتره من آلام في الانف والوجه والاخص الجبين واشعر بحساسيه في الحلق مما يسبب لي ضيق تنفس وتعب بشكل عام,Direct symptom linkage in inflammation context
trial_query_089,السلام عليكم عمري43 اعاني ارتفاع الصفراء في الدم وصلت الي 7.6 ويوجد تضخم في الطحال والم ف اسفل البطن وجانبين الي الظهر مع احساس بالتعب تحاليل للفيروسات سلبي ومناعةانكا 1/80,0.682617,0.9,0.45,1.0,0.133366,0.0,0.193548,ent_symptom_1f6a3892391d,خفقان القلب,semantic_qa_evidence,semantic_qa_relation_expansion,rel_seed_88d097a1450be644__inverse,rel_seed_88d097a1450be644,inverse,SYMPTOM_OF,ent_symptom_1f6a3892391d,خفقان القلب,Symptom,ent_diseasecondition_db17a406c72e,ارتفاع ضغط الدم,DiseaseCondition,ahd5k_00823,خفقان احيتنا,Direct symptom mentioned in hypertension context
trial_query_089,السلام عليكم عمري43 اعاني ارتفاع الصفراء في الدم وصلت الي 7.6 ويوجد تضخم في الطحال والم ف اسفل البطن وجانبين الي الظهر مع احساس بالتعب تحاليل للفيروسات سلبي ومناعةانكا 1/80,0.676017,0.88,0.45,1.0,0.133366,0.0,0.193548,ent_symptom_7b839cc80688,ضيق تنفس,semantic_qa_evidence,semantic_qa_relation_expansion,rel_seed_42222f50c14ea113__inverse,rel_seed_42222f50c14ea113,inverse,SYMPTOM_OF,ent_symptom_7b839cc80688,ضيق تنفس,Symptom,ent_diseasecondition_db17a406c72e,ارتفاع ضغط الدم,DiseaseCondition,ahd5k_00823,ضيق تنفس,Direct symptom mentioned in hypertension context
trial_query_089,السلام عليكم عمري43 اعاني ارتفاع الصفراء في الدم وصلت الي 7.6 ويوجد تضخم في الطحال والم ف اسفل البطن وجانبين الي الظهر مع احساس بالتعب تحاليل للفيروسات سلبي ومناعةانكا 1/80,0.451178,0.99,0.45,-0.2,0.123876,0.04,0.193548,supp_ent_mouth_fungus,فطريات الفم,semantic_qa_evidence,semantic_qa_relation_expansion,supp_rel_mouth_fungus_treated,supp_rel_mouth_fungus_treated,direct,TREATED_BY,supp_ent_mouth_fungus,فطريات الفم,DiseaseCondition,supp_ent_mouth_fungus_eval,مراجعة طبيب اختصاصي لتأكيد التشخيص,Treatment,ahd5k_00142,يوصي المصدر بالذهاب إلى طبيب اختصاصي لمعرفة التشخيص الحقيقي: هل هو فطريات أو نقص فيتامينات أو سبب آخر.,dataset-derived supplemental fact from ahd5k_00142
trial_query_090,اعاني منذ فترة خمس سنوات من اصابة العصب السابع وترك بعض الاثار علي منها عند الطعام تذرف عيني اليسرى بالدمع هل هناك علاج للعصب السابع بعد مضي هذه المدة الزمنه,0.673929,0.85,1.0,0.4,0.393519,0.0,0.103448,ent_treatment_60ce765ad441,الطعام,detected_exact,seed_entity_traversal,rel_seed_f733b88e3626f3a2__inverse,rel_seed_f733b88e3626f3a2,inverse,TREATS,ent_treatment_60ce765ad441,الطعام,Treatment,ent_symptom_3600b8bcb53e,الجوع,Symptom,ahd5k_01128,الطعام,Direct evidence supports that 'الطعام' (food) treats 'الجوع' (hunger).
trial_query_090,اعاني منذ فترة خمس سنوات من اصابة العصب السابع وترك بعض الاثار علي منها عند الطعام تذرف عيني اليسرى بالدمع هل هناك علاج للعصب السابع بعد مضي هذه المدة الزمنه,0.669577,0.9,0.45,0.4,0.538145,0.04,1.0,ent_diseasecondition_bd502372680c,شلل العصب السابع,semantic_qa_evidence,semantic_qa_relation_expansion,rel_seed_e83e19ef634bddb1,rel_seed_e83e19ef634bddb1,direct,TREATED_BY,ent_diseasecondition_bd502372680c,شلل العصب السابع,DiseaseCondition,ent_treatment_acb8b834aff2,الكورتيزونات,Treatment,ahd5k_01221,الكورتيزونات,Corticosteroids are standard treatment for Bell's Palsy.
trial_query_090,اعاني منذ فترة خمس سنوات من اصابة العصب السابع وترك بعض الاثار علي منها عند الطعام تذرف عيني اليسرى بالدمع هل هناك علاج للعصب السابع بعد مضي هذه المدة الزمنه,0.653077,0.85,0.45,0.4,0.538145,0.04,1.0,ent_diseasecondition_bd502372680c,شلل العصب السابع,semantic_qa_evidence,semantic_qa_relation_expansion,rel_seed_11782988ba506d07,rel_seed_11782988ba506d07,direct,TREATED_BY,ent_diseasecondition_bd502372680c,شلل العصب السابع,DiseaseCondition,ent_treatment_93132ac17089,مضادات الالتهاب,Treatment,ahd5k_01221,مضادات الالتهاب,Anti-inflammatory drugs are commonly used in Bell's Palsy management.
trial_query_090,اعاني منذ فترة خمس سنوات من اصابة العصب السابع وترك بعض الاثار علي منها عند الطعام تذرف عيني اليسرى بالدمع هل هناك علاج للعصب السابع بعد مضي هذه المدة الزمنه,0.653077,0.85,0.45,0.4,0.538145,0.04,1.0,ent_diseasecondition_bd502372680c,شلل العصب السابع,semantic_qa_evidence,semantic_qa_relation_expansion,rel_seed_1cacccb2dca30ba0,rel_seed_1cacccb2dca30ba0,direct,TREATED_BY,ent_diseasecondition_bd502372680c,شلل العصب السابع,DiseaseCondition,ent_treatment_afbe4f3ae93f,العلاج الطبيعي,Treatment,ahd5k_01221,العلاج الطبيعي,Physical therapy is a recommended treatment for Bell's Palsy.
trial_query_090,اعاني منذ فترة خمس سنوات من اصابة العصب السابع وترك بعض الاثار علي منها عند الطعام تذرف عيني اليسرى بالدمع هل هناك علاج للعصب السابع بعد مضي هذه المدة الزمنه,0.653077,0.85,0.45,0.4,0.538145,0.04,1.0,ent_diseasecondition_bd502372680c,شلل العصب السابع,semantic_qa_evidence,semantic_qa_relation_expansion,rel_seed_4eab4bbd962f3990,rel_seed_4eab4bbd962f3990,direct,TREATED_BY,ent_diseasecondition_bd502372680c,شلل العصب السابع,DiseaseCondition,ent_treatment_65d67800955e,مضادات الفيروسات,Treatment,ahd5k_01221,مضادات الفيروسات,Antiviral drugs are part of Bell's Palsy treatment protocols.
trial_query_090,اعاني منذ فترة خمس سنوات من اصابة العصب السابع وترك بعض الاثار علي منها عند الطعام تذرف عيني اليسرى بالدمع هل هناك علاج للعصب السابع بعد مضي هذه المدة الزمنه,0.636577,0.8,0.45,0.4,0.538145,0.04,1.0,ent_diseasecondition_bd502372680c,شلل العصب السابع,semantic_qa_evidence,semantic_qa_relation_expansion,rel_seed_15dc9c6cd2bdc920,rel_seed_15dc9c6cd2bdc920,direct,TREATED_BY,ent_diseasecondition_bd502372680c,شلل العصب السابع,DiseaseCondition,ent_treatment_e7f992c031a2,العلاج بالإبر الصينية,Treatment,ahd5k_01221,العلاج بالإبر الصينية,Acupuncture is mentioned as a treatment option for Bell's Palsy.
trial_query_090,اعاني منذ فترة خمس سنوات من اصابة العصب السابع وترك بعض الاثار علي منها عند الطعام تذرف عيني اليسرى بالدمع هل هناك علاج للعصب السابع بعد مضي هذه المدة الزمنه,0.629577,0.9,0.45,0.4,0.538145,0.0,1.0,ent_treatment_acb8b834aff2,الكورتيزونات,semantic_qa_evidence,semantic_qa_relation_expansion,rel_seed_e83e19ef634bddb1__inverse,rel_seed_e83e19ef634bddb1,inverse,TREATS,ent_treatment_acb8b834aff2,الكورتيزونات,Treatment,ent_diseasecondition_bd502372680c,شلل العصب السابع,DiseaseCondition,ahd5k_01221,الكورتيزونات,Corticosteroids are standard treatment for Bell's Palsy.
trial_query_090,اعاني منذ فترة خمس سنوات من اصابة العصب السابع وترك بعض الاثار علي منها عند الطعام تذرف عيني اليسرى بالدمع هل هناك علاج للعصب السابع بعد مضي هذه المدة الزمنه,0.613077,0.85,0.45,0.4,0.538145,0.0,1.0,ent_treatment_93132ac17089,مضادات الالتهاب,semantic_qa_evidence,semantic_qa_relation_expansion,rel_seed_11782988ba506d07__inverse,rel_seed_11782988ba506d07,inverse,TREATS,ent_treatment_93132ac17089,مضادات الالتهاب,Treatment,ent_diseasecondition_bd502372680c,شلل العصب السابع,DiseaseCondition,ahd5k_01221,مضادات الالتهاب,Anti-inflammatory drugs are commonly used in Bell's Palsy management.
trial_query_090,اعاني منذ فترة خمس سنوات من اصابة العصب السابع وترك بعض الاثار علي منها عند الطعام تذرف عيني اليسرى بالدمع هل هناك علاج للعصب السابع بعد مضي هذه المدة الزمنه,0.613077,0.85,0.45,0.4,0.538145,0.0,1.0,ent_treatment_afbe4f3ae93f,العلاج الطبيعي,semantic_qa_evidence,semantic_qa_relation_expansion,rel_seed_1cacccb2dca30ba0__inverse,rel_seed_1cacccb2dca30ba0,inverse,TREATS,ent_treatment_afbe4f3ae93f,العلاج الطبيعي,Treatment,ent_diseasecondition_bd502372680c,شلل العصب السابع,DiseaseCondition,ahd5k_01221,العلاج الطبيعي,Physical therapy is a recommended treatment for Bell's Palsy.
trial_query_090,اعاني منذ فترة خمس سنوات من اصابة العصب السابع وترك بعض الاثار علي منها عند الطعام تذرف عيني اليسرى بالدمع هل هناك علاج للعصب السابع بعد مضي هذه المدة الزمنه,0.613077,0.85,0.45,0.4,0.538145,0.0,1.0,ent_treatment_65d67800955e,مضادات الفيروسات,semantic_qa_evidence,semantic_qa_relation_expansion,rel_seed_4eab4bbd962f3990__inverse,rel_seed_4eab4bbd962f3990,inverse,TREATS,ent_treatment_65d67800955e,مضادات الفيروسات,Treatment,ent_diseasecondition_bd502372680c,شلل العصب السابع,DiseaseCondition,ahd5k_01221,مضادات الفيروسات,Antiviral drugs are part of Bell's Palsy treatment protocols.
trial_query_090,اعاني منذ فترة خمس سنوات من اصابة العصب السابع وترك بعض الاثار علي منها عند الطعام تذرف عيني اليسرى بالدمع هل هناك علاج للعصب السابع بعد مضي هذه المدة الزمنه,0.596577,0.8,0.45,0.4,0.538145,0.0,1.0,ent_treatment_e7f992c031a2,العلاج بالإبر الصينية,semantic_qa_evidence,semantic_qa_relation_expansion,rel_seed_15dc9c6cd2bdc920__inverse,rel_seed_15dc9c6cd2bdc920,inverse,TREATS,ent_treatment_e7f992c031a2,العلاج بالإبر الصينية,Treatment,ent_diseasecondition_bd502372680c,شلل العصب السابع,DiseaseCondition,ahd5k_01221,العلاج بالإبر الصينية,Acupuncture is mentioned as a treatment option for Bell's Palsy.
trial_query_090,اعاني منذ فترة خمس سنوات من اصابة العصب السابع وترك بعض الاثار علي منها عند الطعام تذرف عيني اليسرى بالدمع هل هناك علاج للعصب السابع بعد مضي هذه المدة الزمنه,0.581929,0.85,0.45,0.4,0.393519,0.04,0.103448,ent_symptom_3600b8bcb53e,الجوع,semantic_qa_evidence,semantic_qa_relation_expansion,rel_seed_f733b88e3626f3a2,rel_seed_f733b88e3626f3a2,direct,TREATED_BY,ent_symptom_3600b8bcb53e,الجوع,Symptom,ent_treatment_60ce765ad441,الطعام,Treatment,ahd5k_01128,الطعام,Direct evidence supports that 'الطعام' (food) treats 'الجوع' (hunger).
trial_query_090,اعاني منذ فترة خمس سنوات من اصابة العصب السابع وترك بعض الاثار علي منها عند الطعام تذرف عيني اليسرى بالدمع هل هناك علاج للعصب السابع بعد مضي هذه المدة الزمنه,0.56186,0.85,0.45,0.4,0.157313,0.04,0.241379,ent_diseasecondition_28abf8165f28,بيلة الميوغلوبين,semantic_qa_evidence,semantic_qa_relation_expansion,rel_seed_00ef9afb72a2a73b,rel_seed_00ef9afb72a2a73b,direct,TREATED_BY,ent_diseasecondition_28abf8165f28,بيلة الميوغلوبين,DiseaseCondition,ent_treatment_b7e7fb09dd09,السوائل,Treatment,ahd5k_03468,العلاج الاهم هو السوائل للمحافظة على الكلى,QA explicitly states fluids are the primary treatment for myoglobinuria to protect kidneys
trial_query_090,اعاني منذ فترة خمس سنوات من اصابة العصب السابع وترك بعض الاثار علي منها عند الطعام تذرف عيني اليسرى بالدمع هل هناك علاج للعصب السابع بعد مضي هذه المدة الزمنه,0.52186,0.85,0.45,0.4,0.157313,0.0,0.241379,ent_treatment_b7e7fb09dd09,السوائل,semantic_qa_evidence,semantic_qa_relation_expansion,rel_seed_00ef9afb72a2a73b__inverse,rel_seed_00ef9afb72a2a73b,inverse,TREATS,ent_treatment_b7e7fb09dd09,السوائل,Treatment,ent_diseasecondition_28abf8165f28,بيلة الميوغلوبين,DiseaseCondition,ahd5k_03468,العلاج الاهم هو السوائل للمحافظة على الكلى,QA explicitly states fluids are the primary treatment for myoglobinuria to protect kidneys
trial_query_090,اعاني منذ فترة خمس سنوات من اصابة العصب السابع وترك بعض الاثار علي منها عند الطعام تذرف عيني اليسرى بالدمع هل هناك علاج للعصب السابع بعد مضي هذه المدة الزمنه,0.411566,0.85,0.45,-0.2,0.13762,0.04,0.275862,ent_diseasecondition_16cf4e77b755,التهاب,semantic_qa_evidence,semantic_qa_relation_expansion,rel_seed_e970be45ddb963ae,rel_seed_e970be45ddb963ae,direct,DIAGNOSED_BY,ent_diseasecondition_16cf4e77b755,التهاب,DiseaseCondition,ent_test_c4cfd2d6468c,اشعة,Test,ahd5k_00114,اجراء صورة اشعة عادية للحوض,X-ray directly used to diagnose inflammation
trial_query_090,اعاني منذ فترة خمس سنوات من اصابة العصب السابع وترك بعض الاثار علي منها عند الطعام تذرف عيني اليسرى بالدمع هل هناك علاج للعصب السابع بعد مضي هذه المدة الزمنه,0.371566,0.85,0.45,-0.2,0.13762,0.0,0.275862,ent_test_c4cfd2d6468c,اشعة,semantic_qa_evidence,semantic_qa_relation_expansion,rel_seed_e970be45ddb963ae__inverse,rel_seed_e970be45ddb963ae,inverse,DIAGNOSES,ent_test_c4cfd2d6468c,اشعة,Test,ent_diseasecondition_16cf4e77b755,التهاب,DiseaseCondition,ahd5k_00114,اجراء صورة اشعة عادية للحوض,X-ray directly used to diagnose inflammation
trial_query_091,تناولت مضاد حيووي زييثرون وانتج حساسيه شديده وتورم في المنطقة التناسليه وانا تعبانه جدا ما الحل ؟,0.939092,0.9,1.0,1.0,0.46188,0.04,0.944444,ent_diseasecondition_2f75d3dabe0b,حساسية,detected_exact,seed_entity_traversal,rel_seed_036615e69fe27f5a,rel_seed_036615e69fe27f5a,direct,TREATED_BY,ent_diseasecondition_2f75d3dabe0b,حساسية,DiseaseCondition,ent_treatment_f4b5c1573769,مضاد الهيستامين,Treatment,ahd5k_01231,استخدمي مضاد هيسامين وكورتيزون موضعي,Direct treatment recommendation for allergy
trial_query_091,تناولت مضاد حيووي زييثرون وانتج حساسيه شديده وتورم في المنطقة التناسليه وانا تعبانه جدا ما الحل ؟,0.939092,0.9,1.0,1.0,0.46188,0.04,0.944444,ent_diseasecondition_2f75d3dabe0b,حساسية,detected_exact,seed_entity_traversal,rel_seed_8e92aaaff3cb2b47,rel_seed_8e92aaaff3cb2b47,direct,TREATED_BY,ent_diseasecondition_2f75d3dabe0b,حساسية,DiseaseCondition,ent_treatment_843876e28a68,كورتيزون,Treatment,ahd5k_01231,استخدمي مضاد هيسامين وكورتيزون موضعي,Direct treatment recommendation for allergy
trial_query_091,تناولت مضاد حيووي زييثرون وانتج حساسيه شديده وتورم في المنطقة التناسليه وانا تعبانه جدا ما الحل ؟,0.899021,0.95,1.0,1.0,0.434895,0.04,0.055556,ent_diseasecondition_2f75d3dabe0b,حساسية,detected_exact,seed_entity_traversal,rel_seed_e43cc896f52f8b30,rel_seed_e43cc896f52f8b30,direct,TREATED_BY,ent_diseasecondition_2f75d3dabe0b,حساسية,DiseaseCondition,ent_treatment_cbf0b7b10d4f,تجنب المنتجات التي تحوي جلوتين,Treatment,ahd5k_00812,للاسف اهم علاج تجنب المنتجات التي تحوي جلوتين,Direct treatment recommendation for allergy
trial_query_091,تناولت مضاد حيووي زييثرون وانتج حساسيه شديده وتورم في المنطقة التناسليه وانا تعبانه جدا ما الحل ؟,0.895854,0.9,1.0,1.0,0.434895,0.04,0.277778,ent_diseasecondition_2f75d3dabe0b,حساسية,detected_exact,seed_entity_traversal,rel_seed_7ce02234253ff02e,rel_seed_7ce02234253ff02e,direct,TREATED_BY,ent_diseasecondition_2f75d3dabe0b,حساسية,DiseaseCondition,ent_treatment_104bb0a91d5a,تيليفاست,Treatment,ahd5k_02470,مضاد للهيستامين مثل تيليفاست,Direct treatment recommendation for allergy
trial_query_091,تناولت مضاد حيووي زييثرون وانتج حساسيه شديده وتورم في المنطقة التناسليه وانا تعبانه جدا ما الحل ؟,0.869354,0.85,1.0,1.0,0.434895,0.04,0.111111,ent_diseasecondition_2f75d3dabe0b,حساسية,detected_exact,seed_entity_traversal,rel_seed_f0f432e62cc5ed96,rel_seed_f0f432e62cc5ed96,direct,TREATED_BY,ent_diseasecondition_2f75d3dabe0b,حساسية,DiseaseCondition,ent_treatment_0311bc90ba75,حليب مكسر بروتين الحليب,Treatment,ahd5k_00020,اعطيها حليب مكسر بروتين الحليب بالكامل او حليب رز,Direct treatment recommendation for allergy
trial_query_091,تناولت مضاد حيووي زييثرون وانتج حساسيه شديده وتورم في المنطقة التناسليه وانا تعبانه جدا ما الحل ؟,0.869354,0.85,1.0,1.0,0.434895,0.04,0.111111,ent_diseasecondition_2f75d3dabe0b,حساسية,detected_exact,seed_entity_traversal,rel_seed_df369e76bea13661,rel_seed_df369e76bea13661,direct,TREATED_BY,ent_diseasecondition_2f75d3dabe0b,حساسية,DiseaseCondition,ent_treatment_45a78ee47153,نازونكس,Treatment,ahd5k_00133,بدائل يوجد نازونكس وافاميز وتابونكس وفليكسونيز,Explicit treatment alternative listed for allergy
trial_query_091,تناولت مضاد حيووي زييثرون وانتج حساسيه شديده وتورم في المنطقة التناسليه وانا تعبانه جدا ما الحل ؟,0.856187,0.8,1.0,1.0,0.434895,0.04,0.166667,ent_diseasecondition_2f75d3dabe0b,حساسية,detected_exact,seed_entity_traversal,rel_seed_4f94c296991a8bf7,rel_seed_4f94c296991a8bf7,direct,TREATED_BY,ent_diseasecondition_2f75d3dabe0b,حساسية,DiseaseCondition,ent_treatment_677fdfb3086e,زيت الحبة السوداء,Treatment,ahd5k_00887,علاج حساسية الأنف. ما هي فوائد زيت حبة السوداء,Direct treatment claim for nasal allergies
trial_query_091,تناولت مضاد حيووي زييثرون وانتج حساسيه شديده وتورم في المنطقة التناسليه وانا تعبانه جدا ما الحل ؟,0.767092,0.9,0.45,1.0,0.46188,0.0,0.944444,ent_treatment_f4b5c1573769,مضاد الهيستامين,semantic_qa_evidence,semantic_qa_relation_expansion,rel_seed_036615e69fe27f5a__inverse,rel_seed_036615e69fe27f5a,inverse,TREATS,ent_treatment_f4b5c1573769,مضاد الهيستامين,Treatment,ent_diseasecondition_2f75d3dabe0b,حساسية,DiseaseCondition,ahd5k_01231,استخدمي مضاد هيسامين وكورتيزون موضعي,Direct treatment recommendation for allergy
trial_query_091,تناولت مضاد حيووي زييثرون وانتج حساسيه شديده وتورم في المنطقة التناسليه وانا تعبانه جدا ما الحل ؟,0.767092,0.9,0.45,1.0,0.46188,0.0,0.944444,ent_treatment_843876e28a68,كورتيزون,semantic_qa_evidence,semantic_qa_relation_expansion,rel_seed_8e92aaaff3cb2b47__inverse,rel_seed_8e92aaaff3cb2b47,inverse,TREATS,ent_treatment_843876e28a68,كورتيزون,Treatment,ent_diseasecondition_2f75d3dabe0b,حساسية,DiseaseCondition,ahd5k_01231,استخدمي مضاد هيسامين وكورتيزون موضعي,Direct treatment recommendation for allergy
trial_query_091,تناولت مضاد حيووي زييثرون وانتج حساسيه شديده وتورم في المنطقة التناسليه وانا تعبانه جدا ما الحل ؟,0.622592,0.85,1.0,-0.2,0.46188,0.04,0.944444,ent_diseasecondition_2f75d3dabe0b,حساسية,detected_exact,seed_entity_traversal,rel_seed_2a16da29661e0d27,rel_seed_2a16da29661e0d27,direct,DIAGNOSED_BY,ent_diseasecondition_2f75d3dabe0b,حساسية,DiseaseCondition,ent_test_433492431144,تحليل الحساسية,Test,ahd5k_01231,اعملي تحليل حساسية المضادات,Test explicitly linked to allergy diagnosis
trial_query_091,تناولت مضاد حيووي زييثرون وانتج حساسيه شديده وتورم في المنطقة التناسليه وانا تعبانه جدا ما الحل ؟,0.605787,0.92,1.0,-0.2,0.434895,0.04,0.333333,ent_diseasecondition_2f75d3dabe0b,حساسية,detected_exact,seed_entity_traversal,rel_seed_56abfb8d8355106e,rel_seed_56abfb8d8355106e,direct,HAS_SYMPTOM,ent_diseasecondition_2f75d3dabe0b,حساسية,DiseaseCondition,ent_symptom_f4cf885a0447,سعال,Symptom,ahd5k_00970,هل هو ربو ؟؟ او هل هناك حساسية ابسط من ذلك وعوارضها فقط السعال والبلغم,Direct symptom attribution in allergy context
trial_query_091,تناولت مضاد حيووي زييثرون وانتج حساسيه شديده وتورم في المنطقة التناسليه وانا تعبانه جدا ما الحل ؟,0.599187,0.9,1.0,-0.2,0.434895,0.04,0.333333,ent_diseasecondition_2f75d3dabe0b,حساسية,detected_exact,seed_entity_traversal,rel_seed_0c7a95bcebd3a487,rel_seed_0c7a95bcebd3a487,direct,HAS_SYMPTOM,ent_diseasecondition_2f75d3dabe0b,حساسية,DiseaseCondition,ent_symptom_dc2c7333a505,بلغم,Symptom,ahd5k_00970,ما علاج البلغم (حساسية الصدر) رغم اخذى هلاج اكثر من مرة ولا فائدة ؟,Phlegm explicitly linked to allergy condition
trial_query_091,تناولت مضاد حيووي زييثرون وانتج حساسيه شديده وتورم في المنطقة التناسليه وانا تعبانه جدا ما الحل ؟,0.589187,0.9,1.0,-0.2,0.434895,0.04,0.166667,ent_diseasecondition_2f75d3dabe0b,حساسية,detected_exact,seed_entity_traversal,rel_seed_20e3faa05b161f86,rel_seed_20e3faa05b161f86,direct,DIAGNOSED_BY,ent_diseasecondition_2f75d3dabe0b,حساسية,DiseaseCondition,ent_test_dd68aa784555,تحاليل مخبرية,Test,ahd5k_03068,تحليل الحساسية,Allergy is directly diagnosed by allergy lab tests.
trial_query_091,تناولت مضاد حيووي زييثرون وانتج حساسيه شديده وتورم في المنطقة التناسليه وانا تعبانه جدا ما الحل ؟,0.589187,0.9,1.0,-0.2,0.434895,0.04,0.166667,ent_diseasecondition_2f75d3dabe0b,حساسية,detected_exact,seed_entity_traversal,rel_seed_aad068f18b3b6989,rel_seed_aad068f18b3b6989,direct,HAS_SYMPTOM,ent_diseasecondition_2f75d3dabe0b,حساسية,DiseaseCondition,ent_symptom_7b839cc80688,ضيق تنفس,Symptom,ahd5k_00683,ضيق تنفس وسرعة التعب وقلق,Direct symptom 'ضيق تنفس' explicitly linked to allergy in evidence
trial_query_091,تناولت مضاد حيووي زييثرون وانتج حساسيه شديده وتورم في المنطقة التناسليه وانا تعبانه جدا ما الحل ؟,0.585854,0.9,1.0,-0.2,0.434895,0.04,0.111111,ent_diseasecondition_2f75d3dabe0b,حساسية,detected_exact,seed_entity_traversal,rel_seed_19c18472a8cd7446,rel_seed_19c18472a8cd7446,direct,HAS_SYMPTOM,ent_diseasecondition_2f75d3dabe0b,حساسية,DiseaseCondition,ent_symptom_66c2e60e8e52,نشفان,Symptom,ahd5k_02124,واشعر بنشفان دائم في الحلق,Symptom explicitly linked to allergy
trial_query_091,تناولت مضاد حيووي زييثرون وانتج حساسيه شديده وتورم في المنطقة التناسليه وانا تعبانه جدا ما الحل ؟,0.576021,0.85,1.0,-0.2,0.434895,0.04,0.222222,ent_diseasecondition_2f75d3dabe0b,حساسية,detected_exact,seed_entity_traversal,rel_seed_7dd0c20df6697b64,rel_seed_7dd0c20df6697b64,direct,HAS_SYMPTOM,ent_diseasecondition_2f75d3dabe0b,حساسية,DiseaseCondition,ent_symptom_f4cf885a0447,سعال,Symptom,ahd5k_00069,حساسية الصدر وسعال,Direct symptom-disease link in QA context
trial_query_091,تناولت مضاد حيووي زييثرون وانتج حساسيه شديده وتورم في المنطقة التناسليه وانا تعبانه جدا ما الحل ؟,0.572687,0.85,1.0,-0.2,0.434895,0.04,0.166667,ent_diseasecondition_2f75d3dabe0b,حساسية,detected_exact,seed_entity_traversal,rel_seed_07e32356e492ed5b,rel_seed_07e32356e492ed5b,direct,HAS_SYMPTOM,ent_diseasecondition_2f75d3dabe0b,حساسية,DiseaseCondition,ent_symptom_7b839cc80688,ضيق تنفس,Symptom,ahd5k_00010,حساسية تسبب ضيق تنفس,الحساسية تُعتبر سببًا مباشرًا لظهور ضيق التنفس كأعراض مرضية
trial_query_091,تناولت مضاد حيووي زييثرون وانتج حساسيه شديده وتورم في المنطقة التناسليه وانا تعبانه جدا ما الحل ؟,0.572687,0.85,1.0,-0.2,0.434895,0.04,0.166667,ent_diseasecondition_2f75d3dabe0b,حساسية,detected_exact,seed_entity_traversal,rel_seed_7744590f6ff0be93,rel_seed_7744590f6ff0be93,direct,DIAGNOSED_BY,ent_diseasecondition_2f75d3dabe0b,حساسية,DiseaseCondition,ent_test_433492431144,تحليل الحساسية,Test,ahd5k_00864,تحليل الحساسية يُستخدم لتشخيص حساسية الصدر,الاختبار الطبي مرتبط مباشرة بتشخيص الحالة المرضية المذكورة
trial_query_091,تناولت مضاد حيووي زييثرون وانتج حساسيه شديده وتورم في المنطقة التناسليه وانا تعبانه جدا ما الحل ؟,0.569354,0.85,1.0,-0.2,0.434895,0.04,0.111111,ent_diseasecondition_2f75d3dabe0b,حساسية,detected_exact,seed_entity_traversal,rel_seed_6687872658c864ac,rel_seed_6687872658c864ac,direct,DIAGNOSED_BY,ent_diseasecondition_2f75d3dabe0b,حساسية,DiseaseCondition,ent_test_3f0d2e079b73,RAST Test,Test,ahd5k_01245,معرفة سبب الحساسيه يتم ذلك عن طريق RAST Test,Test explicitly linked to allergy diagnosis
trial_query_091,تناولت مضاد حيووي زييثرون وانتج حساسيه شديده وتورم في المنطقة التناسليه وانا تعبانه جدا ما الحل ؟,0.566021,0.85,1.0,-0.2,0.434895,0.04,0.055556,ent_diseasecondition_2f75d3dabe0b,حساسية,detected_exact,seed_entity_traversal,rel_seed_c4c6c926d85ac5f6,rel_seed_c4c6c926d85ac5f6,direct,DIAGNOSED_BY,ent_diseasecondition_2f75d3dabe0b,حساسية,DiseaseCondition,ent_test_dd68aa784555,تحاليل مخبرية,Test,ahd5k_02039,لابد من رؤيتها من قبل طبيب وعمل تحاليل خاصه بالحساسيه,The QA explicitly states that specific allergy tests are required to confirm the diagnosis of the allergy condition.
trial_query_091,تناولت مضاد حيووي زييثرون وانتج حساسيه شديده وتورم في المنطقة التناسليه وانا تعبانه جدا ما الحل ؟,0.539272,0.92,0.82,-0.2,0.35171,0.04,0.111111,ent_diseasecondition_250910ab0701,حساسية الصدر,detected_alias,seed_entity_traversal,rel_seed_bae062ec77d09618,rel_seed_bae062ec77d09618,direct,HAS_SYMPTOM,ent_diseasecondition_250910ab0701,حساسية الصدر,DiseaseCondition,ent_symptom_f4cf885a0447,سعال,Symptom,ahd5k_04490,حساسية الصدر and سعال co-occur with explicit symptom-pathology link,Direct symptom-pathology relationship established in QA context
trial_query_091,تناولت مضاد حيووي زييثرون وانتج حساسيه شديده وتورم في المنطقة التناسليه وانا تعبانه جدا ما الحل ؟,0.526072,0.88,0.82,-0.2,0.35171,0.04,0.111111,ent_diseasecondition_250910ab0701,حساسية الصدر,detected_alias,seed_entity_traversal,rel_seed_e4f1901524d0dd30,rel_seed_e4f1901524d0dd30,direct,DIAGNOSED_BY,ent_diseasecondition_250910ab0701,حساسية الصدر,DiseaseCondition,ent_test_433492431144,تحليل الحساسية,Test,ahd5k_04490,تحليل الحساسية explicitly mentioned as diagnostic tool for حساسية الصدر,Test directly linked to condition diagnosis in QA
trial_query_091,تناولت مضاد حيووي زييثرون وانتج حساسيه شديده وتورم في المنطقة التناسليه وانا تعبانه جدا ما الحل ؟,0.452683,0.91,0.45,-0.2,0.286525,0.04,0.333333,ent_diseasecondition_1c50bd11c45a,ربو,semantic_qa_evidence,semantic_qa_relation_expansion,rel_seed_0c18290c6e2c4697,rel_seed_0c18290c6e2c4697,direct,HAS_SYMPTOM,ent_diseasecondition_1c50bd11c45a,ربو,DiseaseCondition,ent_symptom_f4cf885a0447,سعال,Symptom,ahd5k_00970,هل هو ربو ؟؟ او هل هناك حساسية ابسط من ذلك وعوارضها فقط السعال والبلغم,Cough directly attributed to asthma condition
trial_query_091,تناولت مضاد حيووي زييثرون وانتج حساسيه شديده وتورم في المنطقة التناسليه وانا تعبانه جدا ما الحل ؟,0.450592,0.85,0.45,-0.2,0.46188,0.0,0.944444,ent_test_433492431144,تحليل الحساسية,semantic_qa_evidence,semantic_qa_relation_expansion,rel_seed_2a16da29661e0d27__inverse,rel_seed_2a16da29661e0d27,inverse,DIAGNOSES,ent_test_433492431144,تحليل الحساسية,Test,ent_diseasecondition_2f75d3dabe0b,حساسية,DiseaseCondition,ahd5k_01231,اعملي تحليل حساسية المضادات,Test explicitly linked to allergy diagnosis
trial_query_091,تناولت مضاد حيووي زييثرون وانتج حساسيه شديده وتورم في المنطقة التناسليه وانا تعبانه جدا ما الحل ؟,0.449383,0.9,0.45,-0.2,0.286525,0.04,0.333333,ent_diseasecondition_1c50bd11c45a,ربو,semantic_qa_evidence,semantic_qa_relation_expansion,rel_seed_2d8676e4afe037e2,rel_seed_2d8676e4afe037e2,direct,HAS_SYMPTOM,ent_diseasecondition_1c50bd11c45a,ربو,DiseaseCondition,ent_symptom_dc2c7333a505,بلغم,Symptom,ahd5k_00970,هل هو ربو ؟؟ او هل هناك حساسية ابسط من ذلك وعوارضها فقط السعال والبلغم,Phlegm explicitly linked to asthma symptoms
trial_query_091,تناولت مضاد حيووي زييثرون وانتج حساسيه شديده وتورم في المنطقة التناسليه وانا تعبانه جدا ما الحل ؟,0.442783,0.88,0.45,-0.2,0.286525,0.04,0.333333,ent_diseasecondition_16cf4e77b755,التهاب,semantic_qa_evidence,semantic_qa_relation_expansion,rel_seed_bd265df67c4d74e3,rel_seed_bd265df67c4d74e3,direct,HAS_SYMPTOM,ent_diseasecondition_16cf4e77b755,التهاب,DiseaseCondition,ent_symptom_f4cf885a0447,سعال,Symptom,ahd5k_00970,اذا كنت تعاني من التهاب ما في الجزء العلوي من الجهاز التنفسي يجب ان تتعالج,Cough directly associated with upper respiratory inflammation
trial_query_091,تناولت مضاد حيووي زييثرون وانتج حساسيه شديده وتورم في المنطقة التناسليه وانا تعبانه جدا ما الحل ؟,0.439483,0.87,0.45,-0.2,0.286525,0.04,0.333333,ent_diseasecondition_16cf4e77b755,التهاب,semantic_qa_evidence,semantic_qa_relation_expansion,rel_seed_6c884a1c6b84097f,rel_seed_6c884a1c6b84097f,direct,HAS_SYMPTOM,ent_diseasecondition_16cf4e77b755,التهاب,DiseaseCondition,ent_symptom_dc2c7333a505,بلغم,Symptom,ahd5k_00970,اذا كنت تعاني من التهاب ما في الجزء العلوي من الجهاز التنفسي يجب ان تتعالج,Phlegm explicitly mentioned in inflammation context
trial_query_091,تناولت مضاد حيووي زييثرون وانتج حساسيه شديده وتورم في المنطقة التناسليه وانا تعبانه جدا ما الحل ؟,0.433787,0.92,0.45,-0.2,0.434895,0.0,0.333333,ent_symptom_f4cf885a0447,سعال,semantic_qa_evidence,semantic_qa_relation_expansion,rel_seed_56abfb8d8355106e__inverse,rel_seed_56abfb8d8355106e,inverse,SYMPTOM_OF,ent_symptom_f4cf885a0447,سعال,Symptom,ent_diseasecondition_2f75d3dabe0b,حساسية,DiseaseCondition,ahd5k_00970,هل هو ربو ؟؟ او هل هناك حساسية ابسط من ذلك وعوارضها فقط السعال والبلغم,Direct symptom attribution in allergy context
trial_query_091,تناولت مضاد حيووي زييثرون وانتج حساسيه شديده وتورم في المنطقة التناسليه وانا تعبانه جدا ما الحل ؟,0.427187,0.9,0.45,-0.2,0.434895,0.0,0.333333,ent_symptom_dc2c7333a505,بلغم,semantic_qa_evidence,semantic_qa_relation_expansion,rel_seed_0c7a95bcebd3a487__inverse,rel_seed_0c7a95bcebd3a487,inverse,SYMPTOM_OF,ent_symptom_dc2c7333a505,بلغم,Symptom,ent_diseasecondition_2f75d3dabe0b,حساسية,DiseaseCondition,ahd5k_00970,ما علاج البلغم (حساسية الصدر) رغم اخذى هلاج اكثر من مرة ولا فائدة ؟,Phlegm explicitly linked to allergy condition
trial_query_091,تناولت مضاد حيووي زييثرون وانتج حساسيه شديده وتورم في المنطقة التناسليه وانا تعبانه جدا ما الحل ؟,0.412683,0.91,0.45,-0.2,0.286525,0.0,0.333333,ent_symptom_f4cf885a0447,سعال,semantic_qa_evidence,semantic_qa_relation_expansion,rel_seed_0c18290c6e2c4697__inverse,rel_seed_0c18290c6e2c4697,inverse,SYMPTOM_OF,ent_symptom_f4cf885a0447,سعال,Symptom,ent_diseasecondition_1c50bd11c45a,ربو,DiseaseCondition,ahd5k_00970,هل هو ربو ؟؟ او هل هناك حساسية ابسط من ذلك وعوارضها فقط السعال والبلغم,Cough directly attributed to asthma condition
trial_query_091,تناولت مضاد حيووي زييثرون وانتج حساسيه شديده وتورم في المنطقة التناسليه وانا تعبانه جدا ما الحل ؟,0.409383,0.9,0.45,-0.2,0.286525,0.0,0.333333,ent_symptom_dc2c7333a505,بلغم,semantic_qa_evidence,semantic_qa_relation_expansion,rel_seed_2d8676e4afe037e2__inverse,rel_seed_2d8676e4afe037e2,inverse,SYMPTOM_OF,ent_symptom_dc2c7333a505,بلغم,Symptom,ent_diseasecondition_1c50bd11c45a,ربو,DiseaseCondition,ahd5k_00970,هل هو ربو ؟؟ او هل هناك حساسية ابسط من ذلك وعوارضها فقط السعال والبلغم,Phlegm explicitly linked to asthma symptoms
trial_query_091,تناولت مضاد حيووي زييثرون وانتج حساسيه شديده وتورم في المنطقة التناسليه وانا تعبانه جدا ما الحل ؟,0.404021,0.85,0.45,-0.2,0.434895,0.0,0.222222,ent_symptom_f4cf885a0447,سعال,semantic_qa_evidence,semantic_qa_relation_expansion,rel_seed_7dd0c20df6697b64__inverse,rel_seed_7dd0c20df6697b64,inverse,SYMPTOM_OF,ent_symptom_f4cf885a0447,سعال,Symptom,ent_diseasecondition_2f75d3dabe0b,حساسية,DiseaseCondition,ahd5k_00069,حساسية الصدر وسعال,Direct symptom-disease link in QA context
trial_query_091,تناولت مضاد حيووي زييثرون وانتج حساسيه شديده وتورم في المنطقة التناسليه وانا تعبانه جدا ما الحل ؟,0.402783,0.88,0.45,-0.2,0.286525,0.0,0.333333,ent_symptom_f4cf885a0447,سعال,semantic_qa_evidence,semantic_qa_relation_expansion,rel_seed_bd265df67c4d74e3__inverse,rel_seed_bd265df67c4d74e3,inverse,SYMPTOM_OF,ent_symptom_f4cf885a0447,سعال,Symptom,ent_diseasecondition_16cf4e77b755,التهاب,DiseaseCondition,ahd5k_00970,اذا كنت تعاني من التهاب ما في الجزء العلوي من الجهاز التنفسي يجب ان تتعالج,Cough directly associated with upper respiratory inflammation
trial_query_091,تناولت مضاد حيووي زييثرون وانتج حساسيه شديده وتورم في المنطقة التناسليه وانا تعبانه جدا ما الحل ؟,0.400687,0.85,0.45,-0.2,0.434895,0.0,0.166667,ent_test_433492431144,تحليل الحساسية,semantic_qa_evidence,semantic_qa_relation_expansion,rel_seed_7744590f6ff0be93__inverse,rel_seed_7744590f6ff0be93,inverse,DIAGNOSES,ent_test_433492431144,تحليل الحساسية,Test,ent_diseasecondition_2f75d3dabe0b,حساسية,DiseaseCondition,ahd5k_00864,تحليل الحساسية يُستخدم لتشخيص حساسية الصدر,الاختبار الطبي مرتبط مباشرة بتشخيص الحالة المرضية المذكورة
trial_query_091,تناولت مضاد حيووي زييثرون وانتج حساسيه شديده وتورم في المنطقة التناسليه وانا تعبانه جدا ما الحل ؟,0.399483,0.87,0.45,-0.2,0.286525,0.0,0.333333,ent_symptom_dc2c7333a505,بلغم,semantic_qa_evidence,semantic_qa_relation_expansion,rel_seed_6c884a1c6b84097f__inverse,rel_seed_6c884a1c6b84097f,inverse,SYMPTOM_OF,ent_symptom_dc2c7333a505,بلغم,Symptom,ent_diseasecondition_16cf4e77b755,التهاب,DiseaseCondition,ahd5k_00970,اذا كنت تعاني من التهاب ما في الجزء العلوي من الجهاز التنفسي يجب ان تتعالج,Phlegm explicitly mentioned in inflammation context
trial_query_092,انا اشعر بالصداع والنعاس وحساسية في وجهي والحكة بكل انحاء جسمي كيف استطيع ان اوقف هذا الدواء,0.897061,0.92,1.0,1.0,0.43793,0.04,0.181818,ent_diseasecondition_2f75d3dabe0b,حساسية,detected_exact,seed_entity_traversal,rel_seed_56abfb8d8355106e,rel_seed_56abfb8d8355106e,direct,HAS_SYMPTOM,ent_diseasecondition_2f75d3dabe0b,حساسية,DiseaseCondition,ent_symptom_f4cf885a0447,سعال,Symptom,ahd5k_00970,هل هو ربو ؟؟ او هل هناك حساسية ابسط من ذلك وعوارضها فقط السعال والبلغم,Direct symptom attribution in allergy context
trial_query_092,انا اشعر بالصداع والنعاس وحساسية في وجهي والحكة بكل انحاء جسمي كيف استطيع ان اوقف هذا الدواء,0.893188,0.9,1.0,1.0,0.43793,0.04,0.227273,ent_diseasecondition_2f75d3dabe0b,حساسية,detected_exact,seed_entity_traversal,rel_seed_aad068f18b3b6989,rel_seed_aad068f18b3b6989,direct,HAS_SYMPTOM,ent_diseasecondition_2f75d3dabe0b,حساسية,DiseaseCondition,ent_symptom_7b839cc80688,ضيق تنفس,Symptom,ahd5k_00683,ضيق تنفس وسرعة التعب وقلق,Direct symptom 'ضيق تنفس' explicitly linked to allergy in evidence
trial_query_092,انا اشعر بالصداع والنعاس وحساسية في وجهي والحكة بكل انحاء جسمي كيف استطيع ان اوقف هذا الدواء,0.890461,0.9,1.0,1.0,0.43793,0.04,0.181818,ent_diseasecondition_2f75d3dabe0b,حساسية,detected_exact,seed_entity_traversal,rel_seed_0c7a95bcebd3a487,rel_seed_0c7a95bcebd3a487,direct,HAS_SYMPTOM,ent_diseasecondition_2f75d3dabe0b,حساسية,DiseaseCondition,ent_symptom_dc2c7333a505,بلغم,Symptom,ahd5k_00970,ما علاج البلغم (حساسية الصدر) رغم اخذى هلاج اكثر من مرة ولا فائدة ؟,Phlegm explicitly linked to allergy condition
trial_query_092,انا اشعر بالصداع والنعاس وحساسية في وجهي والحكة بكل انحاء جسمي كيف استطيع ان اوقف هذا الدواء,0.885006,0.9,1.0,1.0,0.43793,0.04,0.090909,ent_diseasecondition_2f75d3dabe0b,حساسية,detected_exact,seed_entity_traversal,rel_seed_19c18472a8cd7446,rel_seed_19c18472a8cd7446,direct,HAS_SYMPTOM,ent_diseasecondition_2f75d3dabe0b,حساسية,DiseaseCondition,ent_symptom_66c2e60e8e52,نشفان,Symptom,ahd5k_02124,واشعر بنشفان دائم في الحلق,Symptom explicitly linked to allergy
trial_query_092,انا اشعر بالصداع والنعاس وحساسية في وجهي والحكة بكل انحاء جسمي كيف استطيع ان اوقف هذا الدواء,0.876688,0.85,1.0,1.0,0.43793,0.04,0.227273,ent_diseasecondition_2f75d3dabe0b,حساسية,detected_exact,seed_entity_traversal,rel_seed_7dd0c20df6697b64,rel_seed_7dd0c20df6697b64,direct,HAS_SYMPTOM,ent_diseasecondition_2f75d3dabe0b,حساسية,DiseaseCondition,ent_symptom_f4cf885a0447,سعال,Symptom,ahd5k_00069,حساسية الصدر وسعال,Direct symptom-disease link in QA context
trial_query_092,انا اشعر بالصداع والنعاس وحساسية في وجهي والحكة بكل انحاء جسمي كيف استطيع ان اوقف هذا الدواء,0.873961,0.85,1.0,1.0,0.43793,0.04,0.181818,ent_diseasecondition_2f75d3dabe0b,حساسية,detected_exact,seed_entity_traversal,rel_seed_07e32356e492ed5b,rel_seed_07e32356e492ed5b,direct,HAS_SYMPTOM,ent_diseasecondition_2f75d3dabe0b,حساسية,DiseaseCondition,ent_symptom_7b839cc80688,ضيق تنفس,Symptom,ahd5k_00010,حساسية تسبب ضيق تنفس,الحساسية تُعتبر سببًا مباشرًا لظهور ضيق التنفس كأعراض مرضية
trial_query_092,انا اشعر بالصداع والنعاس وحساسية في وجهي والحكة بكل انحاء جسمي كيف استطيع ان اوقف هذا الدواء,0.864188,0.95,1.0,1.0,0.392098,0.0,0.227273,ent_symptom_b754f1a1e5a8,صداع,detected_exact,seed_entity_traversal,rel_seed_3d467dae60e3e704__inverse,rel_seed_3d467dae60e3e704,inverse,SYMPTOM_OF,ent_symptom_b754f1a1e5a8,صداع,Symptom,ent_diseasecondition_d9b91988beb9,التهاب السحايا,DiseaseCondition,ahd5k_02662,صداع,Meningitis (التهاب السحايا) directly causes headache (صداع) as a primary symptom.
trial_query_092,انا اشعر بالصداع والنعاس وحساسية في وجهي والحكة بكل انحاء جسمي كيف استطيع ان اوقف هذا الدواء,0.847688,0.9,1.0,1.0,0.392098,0.0,0.227273,ent_symptom_b754f1a1e5a8,صداع,detected_exact,seed_entity_traversal,rel_seed_fc5afd3631ff5eb3__inverse,rel_seed_fc5afd3631ff5eb3,inverse,SYMPTOM_OF,ent_symptom_b754f1a1e5a8,صداع,Symptom,ent_diseasecondition_ad3e19c416f6,التهاب الجيوب الأنفية,DiseaseCondition,ahd5k_02662,صداع,Sinusitis (التهاب الجيوب الأنفية) commonly presents with headache (صداع) as a symptom.
trial_query_092,انا اشعر بالصداع والنعاس وحساسية في وجهي والحكة بكل انحاء جسمي كيف استطيع ان اوقف هذا الدواء,0.844961,0.9,1.0,1.0,0.392098,0.0,0.181818,ent_symptom_b754f1a1e5a8,صداع,detected_exact,seed_entity_traversal,rel_seed_f7f26f23fb811356__inverse,rel_seed_f7f26f23fb811356,inverse,SYMPTOM_OF,ent_symptom_b754f1a1e5a8,صداع,Symptom,ent_diseasecondition_00247d3d5c80,الصداع التوتري,DiseaseCondition,ahd5k_00780,الصداع التوتري قد يظهر كصداع يختلف حدته,العلاقة مدعومة مباشرة من النص الذي يربط بين الحالة المرضية والأعراض
trial_query_092,انا اشعر بالصداع والنعاس وحساسية في وجهي والحكة بكل انحاء جسمي كيف استطيع ان اوقف هذا الدواء,0.839572,0.92,0.82,1.0,0.341584,0.04,0.136364,ent_diseasecondition_250910ab0701,حساسية الصدر,detected_alias,seed_entity_traversal,rel_seed_bae062ec77d09618,rel_seed_bae062ec77d09618,direct,HAS_SYMPTOM,ent_diseasecondition_250910ab0701,حساسية الصدر,DiseaseCondition,ent_symptom_f4cf885a0447,سعال,Symptom,ahd5k_04490,حساسية الصدر and سعال co-occur with explicit symptom-pathology link,Direct symptom-pathology relationship established in QA context
trial_query_092,انا اشعر بالصداع والنعاس وحساسية في وجهي والحكة بكل انحاء جسمي كيف استطيع ان اوقف هذا الدواء,0.823006,0.85,1.0,1.0,0.392098,0.0,0.090909,ent_symptom_b754f1a1e5a8,صداع,detected_exact,seed_entity_traversal,rel_seed_938a3b9670527bd9__inverse,rel_seed_938a3b9670527bd9,inverse,SYMPTOM_OF,ent_symptom_b754f1a1e5a8,صداع,Symptom,ent_diseasecondition_04b436ff2a98,ضرس العقل,DiseaseCondition,ahd5k_04356,ضرس العقل,Wisdom teeth (ضرس العقل) are explicitly linked to headache (صداع) as a symptom.
trial_query_092,انا اشعر بالصداع والنعاس وحساسية في وجهي والحكة بكل انحاء جسمي كيف استطيع ان اوقف هذا الدواء,0.751506,0.95,1.0,0.4,0.43793,0.04,0.090909,ent_diseasecondition_2f75d3dabe0b,حساسية,detected_exact,seed_entity_traversal,rel_seed_e43cc896f52f8b30,rel_seed_e43cc896f52f8b30,direct,TREATED_BY,ent_diseasecondition_2f75d3dabe0b,حساسية,DiseaseCondition,ent_treatment_cbf0b7b10d4f,تجنب المنتجات التي تحوي جلوتين,Treatment,ahd5k_00812,للاسف اهم علاج تجنب المنتجات التي تحوي جلوتين,Direct treatment recommendation for allergy
trial_query_092,انا اشعر بالصداع والنعاس وحساسية في وجهي والحكة بكل انحاء جسمي كيف استطيع ان اوقف هذا الدواء,0.742319,0.91,0.45,1.0,0.27592,0.04,0.181818,ent_diseasecondition_1c50bd11c45a,ربو,semantic_qa_evidence,semantic_qa_relation_expansion,rel_seed_0c18290c6e2c4697,rel_seed_0c18290c6e2c4697,direct,HAS_SYMPTOM,ent_diseasecondition_1c50bd11c45a,ربو,DiseaseCondition,ent_symptom_f4cf885a0447,سعال,Symptom,ahd5k_00970,هل هو ربو ؟؟ او هل هناك حساسية ابسط من ذلك وعوارضها فقط السعال والبلغم,Cough directly attributed to asthma condition
trial_query_092,انا اشعر بالصداع والنعاس وحساسية في وجهي والحكة بكل انحاء جسمي كيف استطيع ان اوقف هذا الدواء,0.739019,0.9,0.45,1.0,0.27592,0.04,0.181818,ent_diseasecondition_1c50bd11c45a,ربو,semantic_qa_evidence,semantic_qa_relation_expansion,rel_seed_2d8676e4afe037e2,rel_seed_2d8676e4afe037e2,direct,HAS_SYMPTOM,ent_diseasecondition_1c50bd11c45a,ربو,DiseaseCondition,ent_symptom_dc2c7333a505,بلغم,Symptom,ahd5k_00970,هل هو ربو ؟؟ او هل هناك حساسية ابسط من ذلك وعوارضها فقط السعال والبلغم,Phlegm explicitly linked to asthma symptoms
trial_query_092,انا اشعر بالصداع والنعاس وحساسية في وجهي والحكة بكل انحاء جسمي كيف استطيع ان اوقف هذا الدواء,0.735006,0.9,1.0,0.4,0.43793,0.04,0.090909,ent_diseasecondition_2f75d3dabe0b,حساسية,detected_exact,seed_entity_traversal,rel_seed_036615e69fe27f5a,rel_seed_036615e69fe27f5a,direct,TREATED_BY,ent_diseasecondition_2f75d3dabe0b,حساسية,DiseaseCondition,ent_treatment_f4b5c1573769,مضاد الهيستامين,Treatment,ahd5k_01231,استخدمي مضاد هيسامين وكورتيزون موضعي,Direct treatment recommendation for allergy
trial_query_092,انا اشعر بالصداع والنعاس وحساسية في وجهي والحكة بكل انحاء جسمي كيف استطيع ان اوقف هذا الدواء,0.735006,0.9,1.0,0.4,0.43793,0.04,0.090909,ent_diseasecondition_2f75d3dabe0b,حساسية,detected_exact,seed_entity_traversal,rel_seed_8e92aaaff3cb2b47,rel_seed_8e92aaaff3cb2b47,direct,TREATED_BY,ent_diseasecondition_2f75d3dabe0b,حساسية,DiseaseCondition,ent_treatment_843876e28a68,كورتيزون,Treatment,ahd5k_01231,استخدمي مضاد هيسامين وكورتيزون موضعي,Direct treatment recommendation for allergy
trial_query_092,انا اشعر بالصداع والنعاس وحساسية في وجهي والحكة بكل انحاء جسمي كيف استطيع ان اوقف هذا الدواء,0.735006,0.9,1.0,0.4,0.43793,0.04,0.090909,ent_diseasecondition_2f75d3dabe0b,حساسية,detected_exact,seed_entity_traversal,rel_seed_7ce02234253ff02e,rel_seed_7ce02234253ff02e,direct,TREATED_BY,ent_diseasecondition_2f75d3dabe0b,حساسية,DiseaseCondition,ent_treatment_104bb0a91d5a,تيليفاست,Treatment,ahd5k_02470,مضاد للهيستامين مثل تيليفاست,Direct treatment recommendation for allergy
trial_query_092,انا اشعر بالصداع والنعاس وحساسية في وجهي والحكة بكل انحاء جسمي كيف استطيع ان اوقف هذا الدواء,0.732419,0.88,0.45,1.0,0.27592,0.04,0.181818,ent_diseasecondition_16cf4e77b755,التهاب,semantic_qa_evidence,semantic_qa_relation_expansion,rel_seed_bd265df67c4d74e3,rel_seed_bd265df67c4d74e3,direct,HAS_SYMPTOM,ent_diseasecondition_16cf4e77b755,التهاب,DiseaseCondition,ent_symptom_f4cf885a0447,سعال,Symptom,ahd5k_00970,اذا كنت تعاني من التهاب ما في الجزء العلوي من الجهاز التنفسي يجب ان تتعالج,Cough directly associated with upper respiratory inflammation
trial_query_092,انا اشعر بالصداع والنعاس وحساسية في وجهي والحكة بكل انحاء جسمي كيف استطيع ان اوقف هذا الدواء,0.729119,0.87,0.45,1.0,0.27592,0.04,0.181818,ent_diseasecondition_16cf4e77b755,التهاب,semantic_qa_evidence,semantic_qa_relation_expansion,rel_seed_6c884a1c6b84097f,rel_seed_6c884a1c6b84097f,direct,HAS_SYMPTOM,ent_diseasecondition_16cf4e77b755,التهاب,DiseaseCondition,ent_symptom_dc2c7333a505,بلغم,Symptom,ahd5k_00970,اذا كنت تعاني من التهاب ما في الجزء العلوي من الجهاز التنفسي يجب ان تتعالج,Phlegm explicitly mentioned in inflammation context
trial_query_092,انا اشعر بالصداع والنعاس وحساسية في وجهي والحكة بكل انحاء جسمي كيف استطيع ان اوقف هذا الدواء,0.725061,0.92,0.45,1.0,0.43793,0.0,0.181818,ent_symptom_f4cf885a0447,سعال,semantic_qa_evidence,semantic_qa_relation_expansion,rel_seed_56abfb8d8355106e__inverse,rel_seed_56abfb8d8355106e,inverse,SYMPTOM_OF,ent_symptom_f4cf885a0447,سعال,Symptom,ent_diseasecondition_2f75d3dabe0b,حساسية,DiseaseCondition,ahd5k_00970,هل هو ربو ؟؟ او هل هناك حساسية ابسط من ذلك وعوارضها فقط السعال والبلغم,Direct symptom attribution in allergy context
trial_query_092,انا اشعر بالصداع والنعاس وحساسية في وجهي والحكة بكل انحاء جسمي كيف استطيع ان اوقف هذا الدواء,0.718506,0.85,1.0,0.4,0.43793,0.04,0.090909,ent_diseasecondition_2f75d3dabe0b,حساسية,detected_exact,seed_entity_traversal,rel_seed_f0f432e62cc5ed96,rel_seed_f0f432e62cc5ed96,direct,TREATED_BY,ent_diseasecondition_2f75d3dabe0b,حساسية,DiseaseCondition,ent_treatment_0311bc90ba75,حليب مكسر بروتين الحليب,Treatment,ahd5k_00020,اعطيها حليب مكسر بروتين الحليب بالكامل او حليب رز,Direct treatment recommendation for allergy
trial_query_092,انا اشعر بالصداع والنعاس وحساسية في وجهي والحكة بكل انحاء جسمي كيف استطيع ان اوقف هذا الدواء,0.718461,0.85,1.0,0.4,0.392098,0.04,0.181818,ent_symptom_b754f1a1e5a8,صداع,detected_exact,seed_entity_traversal,rel_seed_ae85f383f00386e8,rel_seed_ae85f383f00386e8,direct,TREATED_BY,ent_symptom_b754f1a1e5a8,صداع,Symptom,ent_treatment_677fdfb3086e,زيت الحبة السوداء,Treatment,ahd5k_00887,التخفيف من أعراض الصداع. ما هي فوائد زيت حبة السوداء,Direct treatment claim for headache symptoms
trial_query_092,انا اشعر بالصداع والنعاس وحساسية في وجهي والحكة بكل انحاء جسمي كيف استطيع ان اوقف هذا الدواء,0.718461,0.9,0.45,1.0,0.43793,0.0,0.181818,ent_symptom_dc2c7333a505,بلغم,semantic_qa_evidence,semantic_qa_relation_expansion,rel_seed_0c7a95bcebd3a487__inverse,rel_seed_0c7a95bcebd3a487,inverse,SYMPTOM_OF,ent_symptom_dc2c7333a505,بلغم,Symptom,ent_diseasecondition_2f75d3dabe0b,حساسية,DiseaseCondition,ahd5k_00970,ما علاج البلغم (حساسية الصدر) رغم اخذى هلاج اكثر من مرة ولا فائدة ؟,Phlegm explicitly linked to allergy condition
trial_query_092,انا اشعر بالصداع والنعاس وحساسية في وجهي والحكة بكل انحاء جسمي كيف استطيع ان اوقف هذا الدواء,0.715779,0.85,1.0,0.4,0.43793,0.04,0.045455,ent_diseasecondition_2f75d3dabe0b,حساسية,detected_exact,seed_entity_traversal,rel_seed_df369e76bea13661,rel_seed_df369e76bea13661,direct,TREATED_BY,ent_diseasecondition_2f75d3dabe0b,حساسية,DiseaseCondition,ent_treatment_45a78ee47153,نازونكس,Treatment,ahd5k_00133,بدائل يوجد نازونكس وافاميز وتابونكس وفليكسونيز,Explicit treatment alternative listed for allergy
trial_query_092,انا اشعر بالصداع والنعاس وحساسية في وجهي والحكة بكل انحاء جسمي كيف استطيع ان اوقف هذا الدواء,0.715734,0.85,1.0,0.4,0.392098,0.04,0.136364,ent_symptom_b754f1a1e5a8,صداع,detected_exact,seed_entity_traversal,rel_seed_7f2eafeaf08e65db,rel_seed_7f2eafeaf08e65db,direct,TREATED_BY,ent_symptom_b754f1a1e5a8,صداع,Symptom,ent_treatment_2466e618d2bf,باندول فولت فاست,Treatment,ahd5k_00222,باندول فولت فاست,Direct treatment recommendation for the symptom 'صداع' (headache) in the QA context.
trial_query_092,انا اشعر بالصداع والنعاس وحساسية في وجهي والحكة بكل انحاء جسمي كيف استطيع ان اوقف هذا الدواء,0.713006,0.85,1.0,0.4,0.392098,0.04,0.090909,ent_symptom_b754f1a1e5a8,صداع,detected_exact,seed_entity_traversal,rel_seed_141b9acbdb0c5296,rel_seed_141b9acbdb0c5296,direct,TREATED_BY,ent_symptom_b754f1a1e5a8,صداع,Symptom,ent_treatment_1623092039ad,المراجعة الطبية,Treatment,ahd5k_04356,مراجعة طبيبك او اخصائي جراحه وجه و فكين,Direct recommendation to consult a specialist for headache caused by wisdom teeth.
trial_query_092,انا اشعر بالصداع والنعاس وحساسية في وجهي والحكة بكل انحاء جسمي كيف استطيع ان اوقف هذا الدواء,0.704733,0.8,1.0,0.4,0.43793,0.04,0.136364,ent_diseasecondition_2f75d3dabe0b,حساسية,detected_exact,seed_entity_traversal,rel_seed_4f94c296991a8bf7,rel_seed_4f94c296991a8bf7,direct,TREATED_BY,ent_diseasecondition_2f75d3dabe0b,حساسية,DiseaseCondition,ent_treatment_677fdfb3086e,زيت الحبة السوداء,Treatment,ahd5k_00887,علاج حساسية الأنف. ما هي فوائد زيت حبة السوداء,Direct treatment claim for nasal allergies
trial_query_092,انا اشعر بالصداع والنعاس وحساسية في وجهي والحكة بكل انحاء جسمي كيف استطيع ان اوقف هذا الدواء,0.704688,0.85,0.45,1.0,0.43793,0.0,0.227273,ent_symptom_f4cf885a0447,سعال,semantic_qa_evidence,semantic_qa_relation_expansion,rel_seed_7dd0c20df6697b64__inverse,rel_seed_7dd0c20df6697b64,inverse,SYMPTOM_OF,ent_symptom_f4cf885a0447,سعال,Symptom,ent_diseasecondition_2f75d3dabe0b,حساسية,DiseaseCondition,ahd5k_00069,حساسية الصدر وسعال,Direct symptom-disease link in QA context
trial_query_092,انا اشعر بالصداع والنعاس وحساسية في وجهي والحكة بكل انحاء جسمي كيف استطيع ان اوقف هذا الدواء,0.702319,0.91,0.45,1.0,0.27592,0.0,0.181818,ent_symptom_f4cf885a0447,سعال,semantic_qa_evidence,semantic_qa_relation_expansion,rel_seed_0c18290c6e2c4697__inverse,rel_seed_0c18290c6e2c4697,inverse,SYMPTOM_OF,ent_symptom_f4cf885a0447,سعال,Symptom,ent_diseasecondition_1c50bd11c45a,ربو,DiseaseCondition,ahd5k_00970,هل هو ربو ؟؟ او هل هناك حساسية ابسط من ذلك وعوارضها فقط السعال والبلغم,Cough directly attributed to asthma condition
trial_query_092,انا اشعر بالصداع والنعاس وحساسية في وجهي والحكة بكل انحاء جسمي كيف استطيع ان اوقف هذا الدواء,0.699019,0.9,0.45,1.0,0.27592,0.0,0.181818,ent_symptom_dc2c7333a505,بلغم,semantic_qa_evidence,semantic_qa_relation_expansion,rel_seed_2d8676e4afe037e2__inverse,rel_seed_2d8676e4afe037e2,inverse,SYMPTOM_OF,ent_symptom_dc2c7333a505,بلغم,Symptom,ent_diseasecondition_1c50bd11c45a,ربو,DiseaseCondition,ahd5k_00970,هل هو ربو ؟؟ او هل هناك حساسية ابسط من ذلك وعوارضها فقط السعال والبلغم,Phlegm explicitly linked to asthma symptoms
trial_query_092,انا اشعر بالصداع والنعاس وحساسية في وجهي والحكة بكل انحاء جسمي كيف استطيع ان اوقف هذا الدواء,0.692419,0.88,0.45,1.0,0.27592,0.0,0.181818,ent_symptom_f4cf885a0447,سعال,semantic_qa_evidence,semantic_qa_relation_expansion,rel_seed_bd265df67c4d74e3__inverse,rel_seed_bd265df67c4d74e3,inverse,SYMPTOM_OF,ent_symptom_f4cf885a0447,سعال,Symptom,ent_diseasecondition_16cf4e77b755,التهاب,DiseaseCondition,ahd5k_00970,اذا كنت تعاني من التهاب ما في الجزء العلوي من الجهاز التنفسي يجب ان تتعالج,Cough directly associated with upper respiratory inflammation
trial_query_092,انا اشعر بالصداع والنعاس وحساسية في وجهي والحكة بكل انحاء جسمي كيف استطيع ان اوقف هذا الدواء,0.689119,0.87,0.45,1.0,0.27592,0.0,0.181818,ent_symptom_dc2c7333a505,بلغم,semantic_qa_evidence,semantic_qa_relation_expansion,rel_seed_6c884a1c6b84097f__inverse,rel_seed_6c884a1c6b84097f,inverse,SYMPTOM_OF,ent_symptom_dc2c7333a505,بلغم,Symptom,ent_diseasecondition_16cf4e77b755,التهاب,DiseaseCondition,ahd5k_00970,اذا كنت تعاني من التهاب ما في الجزء العلوي من الجهاز التنفسي يجب ان تتعالج,Phlegm explicitly mentioned in inflammation context
trial_query_092,انا اشعر بالصداع والنعاس وحساسية في وجهي والحكة بكل انحاء جسمي كيف استطيع ان اوقف هذا الدواء,0.688568,0.9,1.0,0.4,0.38428,0.0,0.090909,ent_treatment_1479a48d3d42,الدواء,detected_exact,seed_entity_traversal,rel_seed_ca33d772076cfe85__inverse,rel_seed_ca33d772076cfe85,inverse,TREATS,ent_treatment_1479a48d3d42,الدواء,Treatment,ent_diseasecondition_86e897b1e25a,الملوية البوابية,DiseaseCondition,ahd5k_03807,مضادات حيويه نكسيوم و كلاريثرومايسين واموكسسلين,السياق يربط العلاج مباشرة بالملوية البوابية كسبب للقرحة
trial_query_092,انا اشعر بالصداع والنعاس وحساسية في وجهي والحكة بكل انحاء جسمي كيف استطيع ان اوقف هذا الدواء,0.615049,0.85,1.0,-0.2,0.462147,0.04,0.818182,ent_diseasecondition_2f75d3dabe0b,حساسية,detected_exact,seed_entity_traversal,rel_seed_6687872658c864ac,rel_seed_6687872658c864ac,direct,DIAGNOSED_BY,ent_diseasecondition_2f75d3dabe0b,حساسية,DiseaseCondition,ent_test_3f0d2e079b73,RAST Test,Test,ahd5k_01245,معرفة سبب الحساسيه يتم ذلك عن طريق RAST Test,Test explicitly linked to allergy diagnosis
trial_query_092,انا اشعر بالصداع والنعاس وحساسية في وجهي والحكة بكل انحاء جسمي كيف استطيع ان اوقف هذا الدواء,0.587733,0.9,1.0,-0.2,0.43793,0.04,0.136364,ent_diseasecondition_2f75d3dabe0b,حساسية,detected_exact,seed_entity_traversal,rel_seed_20e3faa05b161f86,rel_seed_20e3faa05b161f86,direct,DIAGNOSED_BY,ent_diseasecondition_2f75d3dabe0b,حساسية,DiseaseCondition,ent_test_dd68aa784555,تحاليل مخبرية,Test,ahd5k_03068,تحليل الحساسية,Allergy is directly diagnosed by allergy lab tests.
trial_query_092,انا اشعر بالصداع والنعاس وحساسية في وجهي والحكة بكل انحاء جسمي كيف استطيع ان اوقف هذا الدواء,0.573961,0.85,1.0,-0.2,0.43793,0.04,0.181818,ent_diseasecondition_2f75d3dabe0b,حساسية,detected_exact,seed_entity_traversal,rel_seed_7744590f6ff0be93,rel_seed_7744590f6ff0be93,direct,DIAGNOSED_BY,ent_diseasecondition_2f75d3dabe0b,حساسية,DiseaseCondition,ent_test_433492431144,تحليل الحساسية,Test,ahd5k_00864,تحليل الحساسية يُستخدم لتشخيص حساسية الصدر,الاختبار الطبي مرتبط مباشرة بتشخيص الحالة المرضية المذكورة
trial_query_092,انا اشعر بالصداع والنعاس وحساسية في وجهي والحكة بكل انحاء جسمي كيف استطيع ان اوقف هذا الدواء,0.568506,0.85,1.0,-0.2,0.43793,0.04,0.090909,ent_diseasecondition_2f75d3dabe0b,حساسية,detected_exact,seed_entity_traversal,rel_seed_2a16da29661e0d27,rel_seed_2a16da29661e0d27,direct,DIAGNOSED_BY,ent_diseasecondition_2f75d3dabe0b,حساسية,DiseaseCondition,ent_test_433492431144,تحليل الحساسية,Test,ahd5k_01231,اعملي تحليل حساسية المضادات,Test explicitly linked to allergy diagnosis
trial_query_092,انا اشعر بالصداع والنعاس وحساسية في وجهي والحكة بكل انحاء جسمي كيف استطيع ان اوقف هذا الدواء,0.568506,0.85,1.0,-0.2,0.43793,0.04,0.090909,ent_diseasecondition_2f75d3dabe0b,حساسية,detected_exact,seed_entity_traversal,rel_seed_c4c6c926d85ac5f6,rel_seed_c4c6c926d85ac5f6,direct,DIAGNOSED_BY,ent_diseasecondition_2f75d3dabe0b,حساسية,DiseaseCondition,ent_test_dd68aa784555,تحاليل مخبرية,Test,ahd5k_02039,لابد من رؤيتها من قبل طبيب وعمل تحاليل خاصه بالحساسيه,The QA explicitly states that specific allergy tests are required to confirm the diagnosis of the allergy condition.
trial_query_092,انا اشعر بالصداع والنعاس وحساسية في وجهي والحكة بكل انحاء جسمي كيف استطيع ان اوقف هذا الدواء,0.568461,0.85,1.0,-0.2,0.392098,0.04,0.181818,ent_symptom_b754f1a1e5a8,صداع,detected_exact,seed_entity_traversal,rel_seed_4c33ff1b89cf3eef,rel_seed_4c33ff1b89cf3eef,direct,INVESTIGATED_BY,ent_symptom_b754f1a1e5a8,صداع,Symptom,ent_test_e668861db259,الصور الشعاعية,Test,ahd5k_01058,الصور الشعاعية قد تُطلب لفحص الصداع,العلاقة مدعومة مباشرة من النص الذي يربط بين الأعراض والفحص
trial_query_092,انا اشعر بالصداع والنعاس وحساسية في وجهي والحكة بكل انحاء جسمي كيف استطيع ان اوقف هذا الدواء,0.526372,0.88,0.82,-0.2,0.341584,0.04,0.136364,ent_diseasecondition_250910ab0701,حساسية الصدر,detected_alias,seed_entity_traversal,rel_seed_e4f1901524d0dd30,rel_seed_e4f1901524d0dd30,direct,DIAGNOSED_BY,ent_diseasecondition_250910ab0701,حساسية الصدر,DiseaseCondition,ent_test_433492431144,تحليل الحساسية,Test,ahd5k_04490,تحليل الحساسية explicitly mentioned as diagnostic tool for حساسية الصدر,Test directly linked to condition diagnosis in QA
trial_query_092,انا اشعر بالصداع والنعاس وحساسية في وجهي والحكة بكل انحاء جسمي كيف استطيع ان اوقف هذا الدواء,0.443049,0.85,0.45,-0.2,0.462147,0.0,0.818182,ent_test_3f0d2e079b73,RAST Test,semantic_qa_evidence,semantic_qa_relation_expansion,rel_seed_6687872658c864ac__inverse,rel_seed_6687872658c864ac,inverse,DIAGNOSES,ent_test_3f0d2e079b73,RAST Test,Test,ent_diseasecondition_2f75d3dabe0b,حساسية,DiseaseCondition,ahd5k_01245,معرفة سبب الحساسيه يتم ذلك عن طريق RAST Test,Test explicitly linked to allergy diagnosis
trial_query_092,انا اشعر بالصداع والنعاس وحساسية في وجهي والحكة بكل انحاء جسمي كيف استطيع ان اوقف هذا الدواء,0.401961,0.85,0.45,-0.2,0.43793,0.0,0.181818,ent_test_433492431144,تحليل الحساسية,semantic_qa_evidence,semantic_qa_relation_expansion,rel_seed_7744590f6ff0be93__inverse,rel_seed_7744590f6ff0be93,inverse,DIAGNOSES,ent_test_433492431144,تحليل الحساسية,Test,ent_diseasecondition_2f75d3dabe0b,حساسية,DiseaseCondition,ahd5k_00864,تحليل الحساسية يُستخدم لتشخيص حساسية الصدر,الاختبار الطبي مرتبط مباشرة بتشخيص الحالة المرضية المذكورة
trial_query_093,لا أستطبع النوم على جانبي لا الأيمن ولا الأيسر وأجد صعوبة في التنفس العميق. كما أشعر بين الفينة والأخرى بآلام قرب القلب. كما أخبركم أني مريصة بالقلب (مشكل في صمامتين),0.820601,0.85,1.0,1.0,0.381798,0.0,0.071429,ent_symptom_249d07021a1b,الام,detected_exact,seed_entity_traversal,rel_seed_88e6f3fee8de6995__inverse,rel_seed_88e6f3fee8de6995,inverse,SYMPTOM_OF,ent_symptom_249d07021a1b,الام,Symptom,ent_diseasecondition_04b436ff2a98,ضرس العقل,DiseaseCondition,ahd5k_04356,ضرس العقل,Wisdom teeth (ضرس العقل) are explicitly linked to pain (الام) as a symptom.
trial_query_093,لا أستطبع النوم على جانبي لا الأيمن ولا الأيسر وأجد صعوبة في التنفس العميق. كما أشعر بين الفينة والأخرى بآلام قرب القلب. كما أخبركم أني مريصة بالقلب (مشكل في صمامتين),0.728601,0.85,0.45,1.0,0.381798,0.04,0.071429,ent_diseasecondition_04b436ff2a98,ضرس العقل,semantic_qa_evidence,semantic_qa_relation_expansion,rel_seed_88e6f3fee8de6995,rel_seed_88e6f3fee8de6995,direct,HAS_SYMPTOM,ent_diseasecondition_04b436ff2a98,ضرس العقل,DiseaseCondition,ent_symptom_249d07021a1b,الام,Symptom,ahd5k_04356,ضرس العقل,Wisdom teeth (ضرس العقل) are explicitly linked to pain (الام) as a symptom.
trial_query_093,لا أستطبع النوم على جانبي لا الأيمن ولا الأيسر وأجد صعوبة في التنفس العميق. كما أشعر بين الفينة والأخرى بآلام قرب القلب. كما أخبركم أني مريصة بالقلب (مشكل في صمامتين),0.705978,0.85,0.45,1.0,0.211129,0.04,0.035714,ent_diseasecondition_04b436ff2a98,ضرس العقل,semantic_qa_evidence,semantic_qa_relation_expansion,rel_seed_938a3b9670527bd9,rel_seed_938a3b9670527bd9,direct,HAS_SYMPTOM,ent_diseasecondition_04b436ff2a98,ضرس العقل,DiseaseCondition,ent_symptom_b754f1a1e5a8,صداع,Symptom,ahd5k_04356,ضرس العقل,Wisdom teeth (ضرس العقل) are explicitly linked to headache (صداع) as a symptom.
trial_query_093,لا أستطبع النوم على جانبي لا الأيمن ولا الأيسر وأجد صعوبة في التنفس العميق. كما أشعر بين الفينة والأخرى بآلام قرب القلب. كما أخبركم أني مريصة بالقلب (مشكل في صمامتين),0.703008,0.85,0.45,1.0,0.11495,0.04,0.178571,ent_diseasecondition_9719230327a2,فقر الدم,semantic_qa_evidence,semantic_qa_relation_expansion,rel_seed_c660576254101bcf,rel_seed_c660576254101bcf,direct,HAS_SYMPTOM,ent_diseasecondition_9719230327a2,فقر الدم,DiseaseCondition,ent_symptom_c81532a33515,الم المعدجة,Symptom,ahd5k_02546,أحيانا الم في المعدة كسل وخمول اضطرابات في النوم,Directly links anemia to stomach pain as a symptom.
trial_query_093,لا أستطبع النوم على جانبي لا الأيمن ولا الأيسر وأجد صعوبة في التنفس العميق. كما أشعر بين الفينة والأخرى بآلام قرب القلب. كما أخبركم أني مريصة بالقلب (مشكل في صمامتين),0.703008,0.85,0.45,1.0,0.11495,0.04,0.178571,ent_diseasecondition_9719230327a2,فقر الدم,semantic_qa_evidence,semantic_qa_relation_expansion,rel_seed_90514571a31526b3,rel_seed_90514571a31526b3,direct,HAS_SYMPTOM,ent_diseasecondition_9719230327a2,فقر الدم,DiseaseCondition,ent_symptom_c48c0df96785,فقدان الشهيه,Symptom,ahd5k_02546,فقر الدم سبب فقدان الشهيه,Directly states anemia causes loss of appetite.
trial_query_093,لا أستطبع النوم على جانبي لا الأيمن ولا الأيسر وأجد صعوبة في التنفس العميق. كما أشعر بين الفينة والأخرى بآلام قرب القلب. كما أخبركم أني مريصة بالقلب (مشكل في صمامتين),0.665978,0.85,0.45,1.0,0.211129,0.0,0.035714,ent_symptom_b754f1a1e5a8,صداع,semantic_qa_evidence,semantic_qa_relation_expansion,rel_seed_938a3b9670527bd9__inverse,rel_seed_938a3b9670527bd9,inverse,SYMPTOM_OF,ent_symptom_b754f1a1e5a8,صداع,Symptom,ent_diseasecondition_04b436ff2a98,ضرس العقل,DiseaseCondition,ahd5k_04356,ضرس العقل,Wisdom teeth (ضرس العقل) are explicitly linked to headache (صداع) as a symptom.
trial_query_093,لا أستطبع النوم على جانبي لا الأيمن ولا الأيسر وأجد صعوبة في التنفس العميق. كما أشعر بين الفينة والأخرى بآلام قرب القلب. كما أخبركم أني مريصة بالقلب (مشكل في صمامتين),0.663008,0.85,0.45,1.0,0.11495,0.0,0.178571,ent_symptom_c81532a33515,الم المعدجة,semantic_qa_evidence,semantic_qa_relation_expansion,rel_seed_c660576254101bcf__inverse,rel_seed_c660576254101bcf,inverse,SYMPTOM_OF,ent_symptom_c81532a33515,الم المعدجة,Symptom,ent_diseasecondition_9719230327a2,فقر الدم,DiseaseCondition,ahd5k_02546,أحيانا الم في المعدة كسل وخمول اضطرابات في النوم,Directly links anemia to stomach pain as a symptom.
trial_query_093,لا أستطبع النوم على جانبي لا الأيمن ولا الأيسر وأجد صعوبة في التنفس العميق. كما أشعر بين الفينة والأخرى بآلام قرب القلب. كما أخبركم أني مريصة بالقلب (مشكل في صمامتين),0.663008,0.85,0.45,1.0,0.11495,0.0,0.178571,ent_symptom_c48c0df96785,فقدان الشهيه,semantic_qa_evidence,semantic_qa_relation_expansion,rel_seed_90514571a31526b3__inverse,rel_seed_90514571a31526b3,inverse,SYMPTOM_OF,ent_symptom_c48c0df96785,فقدان الشهيه,Symptom,ent_diseasecondition_9719230327a2,فقر الدم,DiseaseCondition,ahd5k_02546,فقر الدم سبب فقدان الشهيه,Directly states anemia causes loss of appetite.
trial_query_093,لا أستطبع النوم على جانبي لا الأيمن ولا الأيسر وأجد صعوبة في التنفس العميق. كما أشعر بين الفينة والأخرى بآلام قرب القلب. كما أخبركم أني مريصة بالقلب (مشكل في صمامتين),0.560601,0.85,1.0,-0.2,0.381798,0.04,0.071429,ent_symptom_249d07021a1b,الام,detected_exact,seed_entity_traversal,rel_seed_959ce061116b7eab,rel_seed_959ce061116b7eab,direct,TREATED_BY,ent_symptom_249d07021a1b,الام,Symptom,ent_treatment_1623092039ad,المراجعة الطبية,Treatment,ahd5k_04356,مراجعة طبيبك او اخصائي جراحه وجه و فكين,Direct recommendation to consult a specialist for pain (الام) caused by wisdom teeth.
trial_query_093,لا أستطبع النوم على جانبي لا الأيمن ولا الأيسر وأجد صعوبة في التنفس العميق. كما أشعر بين الفينة والأخرى بآلام قرب القلب. كما أخبركم أني مريصة بالقلب (مشكل في صمامتين),0.405978,0.85,0.45,-0.2,0.211129,0.04,0.035714,ent_symptom_b754f1a1e5a8,صداع,semantic_qa_evidence,semantic_qa_relation_expansion,rel_seed_141b9acbdb0c5296,rel_seed_141b9acbdb0c5296,direct,TREATED_BY,ent_symptom_b754f1a1e5a8,صداع,Symptom,ent_treatment_1623092039ad,المراجعة الطبية,Treatment,ahd5k_04356,مراجعة طبيبك او اخصائي جراحه وجه و فكين,Direct recommendation to consult a specialist for headache caused by wisdom teeth.
trial_query_093,لا أستطبع النوم على جانبي لا الأيمن ولا الأيسر وأجد صعوبة في التنفس العميق. كما أشعر بين الفينة والأخرى بآلام قرب القلب. كما أخبركم أني مريصة بالقلب (مشكل في صمامتين),0.405978,0.85,0.45,-0.2,0.211129,0.04,0.035714,ent_diseasecondition_04b436ff2a98,ضرس العقل,semantic_qa_evidence,semantic_qa_relation_expansion,rel_seed_9858f932165f0bb3,rel_seed_9858f932165f0bb3,direct,TREATED_BY,ent_diseasecondition_04b436ff2a98,ضرس العقل,DiseaseCondition,ent_treatment_1623092039ad,المراجعة الطبية,Treatment,ahd5k_04356,مراجعة طبيبك او اخصائي جراحه وجه و فكين,Direct recommendation to consult a specialist for wisdom teeth (ضرس العقل).
trial_query_093,لا أستطبع النوم على جانبي لا الأيمن ولا الأيسر وأجد صعوبة في التنفس العميق. كما أشعر بين الفينة والأخرى بآلام قرب القلب. كما أخبركم أني مريصة بالقلب (مشكل في صمامتين),0.388601,0.85,0.45,-0.2,0.381798,0.0,0.071429,ent_treatment_1623092039ad,المراجعة الطبية,semantic_qa_evidence,semantic_qa_relation_expansion,rel_seed_959ce061116b7eab__inverse,rel_seed_959ce061116b7eab,inverse,TREATS,ent_treatment_1623092039ad,المراجعة الطبية,Treatment,ent_symptom_249d07021a1b,الام,Symptom,ahd5k_04356,مراجعة طبيبك او اخصائي جراحه وجه و فكين,Direct recommendation to consult a specialist for pain (الام) caused by wisdom teeth.
trial_query_093,لا أستطبع النوم على جانبي لا الأيمن ولا الأيسر وأجد صعوبة في التنفس العميق. كما أشعر بين الفينة والأخرى بآلام قرب القلب. كما أخبركم أني مريصة بالقلب (مشكل في صمامتين),0.365978,0.85,0.45,-0.2,0.211129,0.0,0.035714,ent_treatment_1623092039ad,المراجعة الطبية,semantic_qa_evidence,semantic_qa_relation_expansion,rel_seed_141b9acbdb0c5296__inverse,rel_seed_141b9acbdb0c5296,inverse,TREATS,ent_treatment_1623092039ad,المراجعة الطبية,Treatment,ent_symptom_b754f1a1e5a8,صداع,Symptom,ahd5k_04356,مراجعة طبيبك او اخصائي جراحه وجه و فكين,Direct recommendation to consult a specialist for headache caused by wisdom teeth.
trial_query_093,لا أستطبع النوم على جانبي لا الأيمن ولا الأيسر وأجد صعوبة في التنفس العميق. كما أشعر بين الفينة والأخرى بآلام قرب القلب. كما أخبركم أني مريصة بالقلب (مشكل في صمامتين),0.365978,0.85,0.45,-0.2,0.211129,0.0,0.035714,ent_treatment_1623092039ad,المراجعة الطبية,semantic_qa_evidence,semantic_qa_relation_expansion,rel_seed_9858f932165f0bb3__inverse,rel_seed_9858f932165f0bb3,inverse,TREATS,ent_treatment_1623092039ad,المراجعة الطبية,Treatment,ent_diseasecondition_04b436ff2a98,ضرس العقل,DiseaseCondition,ahd5k_04356,مراجعة طبيبك او اخصائي جراحه وجه و فكين,Direct recommendation to consult a specialist for wisdom teeth (ضرس العقل).
trial_query_094,هل هناك أسباب أخرى محددة تؤدي الى ولادة دات شفة مشقوقة من غير استعمال دواء التوبيراميت.,0.56876,0.85,0.45,0.4,0.188445,0.04,0.294118,ent_diseasecondition_780d3bf613f5,قرحة,semantic_qa_evidence,semantic_qa_relation_expansion,rel_seed_d859af7524ae0413,rel_seed_d859af7524ae0413,direct,TREATED_BY,ent_diseasecondition_780d3bf613f5,قرحة,DiseaseCondition,ent_treatment_90996a0e2d01,ايزومبرازول,Treatment,ahd5k_01066,ممكن تجرب دواء اسمه ايزومبرازول,Treatment explicitly recommended for ulcer.
trial_query_094,هل هناك أسباب أخرى محددة تؤدي الى ولادة دات شفة مشقوقة من غير استعمال دواء التوبيراميت.,0.562084,0.85,0.45,0.4,0.162221,0.04,0.235294,ent_diseasecondition_7754d34e2c52,شيب,semantic_qa_evidence,semantic_qa_relation_expansion,rel_seed_950a6cd53d4f8f78,rel_seed_950a6cd53d4f8f78,direct,TREATED_BY,ent_diseasecondition_7754d34e2c52,شيب,DiseaseCondition,ent_treatment_48712ae621b5,خلطة الريحان و الروزماري,Treatment,ahd5k_04612,هل خلطة الريحان و الروزماري مفيدة للتخلص من الشيب,Direct treatment recommendation for gray hair
trial_query_094,هل هناك أسباب أخرى محددة تؤدي الى ولادة دات شفة مشقوقة من غير استعمال دواء التوبيراميت.,0.52876,0.85,0.45,0.4,0.188445,0.0,0.294118,ent_treatment_90996a0e2d01,ايزومبرازول,semantic_qa_evidence,semantic_qa_relation_expansion,rel_seed_d859af7524ae0413__inverse,rel_seed_d859af7524ae0413,inverse,TREATS,ent_treatment_90996a0e2d01,ايزومبرازول,Treatment,ent_diseasecondition_780d3bf613f5,قرحة,DiseaseCondition,ahd5k_01066,ممكن تجرب دواء اسمه ايزومبرازول,Treatment explicitly recommended for ulcer.
trial_query_094,هل هناك أسباب أخرى محددة تؤدي الى ولادة دات شفة مشقوقة من غير استعمال دواء التوبيراميت.,0.522084,0.85,0.45,0.4,0.162221,0.0,0.235294,ent_treatment_48712ae621b5,خلطة الريحان و الروزماري,semantic_qa_evidence,semantic_qa_relation_expansion,rel_seed_950a6cd53d4f8f78__inverse,rel_seed_950a6cd53d4f8f78,inverse,TREATS,ent_treatment_48712ae621b5,خلطة الريحان و الروزماري,Treatment,ent_diseasecondition_7754d34e2c52,شيب,DiseaseCondition,ahd5k_04612,هل خلطة الريحان و الروزماري مفيدة للتخلص من الشيب,Direct treatment recommendation for gray hair
trial_query_095,كيف تتم ازالة شظايا القنابل الصغيرة الانشطارية في المنزل عند عدم التمكن من الذهاب للمستشفى وهل هناك اخطار من بقائها؟,0.936058,0.85,1.0,1.0,0.571313,0.04,0.95,ent_diseasecondition_1730144a5e89,شظايا القنابل الصغيرة الانشطارية,detected_exact,seed_entity_traversal,rel_seed_54ca34c63842f836,rel_seed_54ca34c63842f836,direct,DIAGNOSED_BY,ent_diseasecondition_1730144a5e89,شظايا القنابل الصغيرة الانشطارية,DiseaseCondition,ent_test_c4cfd2d6468c,أشعة,Test,ahd5k_01290,عمل تصوير بالأشعة لتحديد مكان الشظايا ونوعها,الأشعة تُستخدم لتحديد موقع ونوع الشظايا بشكل مباشر
trial_query_095,كيف تتم ازالة شظايا القنابل الصغيرة الانشطارية في المنزل عند عدم التمكن من الذهاب للمستشفى وهل هناك اخطار من بقائها؟,0.704418,0.85,0.45,1.0,0.140981,0.04,0.15,ent_diseasecondition_16cf4e77b755,التهاب,semantic_qa_evidence,semantic_qa_relation_expansion,rel_seed_47e637be97e2161c,rel_seed_47e637be97e2161c,direct,DIAGNOSED_BY,ent_diseasecondition_16cf4e77b755,التهاب,DiseaseCondition,ent_test_62f3f553cccf,تحليل بول,Test,ahd5k_04706,عمل تحليل بول,QA explicitly states 'تحليل بول' as a diagnostic test for 'التهاب'
trial_query_095,كيف تتم ازالة شظايا القنابل الصغيرة الانشطارية في المنزل عند عدم التمكن من الذهاب للمستشفى وهل هناك اخطار من بقائها؟,0.704418,0.85,0.45,1.0,0.140981,0.04,0.15,ent_diseasecondition_16cf4e77b755,التهاب,semantic_qa_evidence,semantic_qa_relation_expansion,rel_seed_876af30ee6e2c340,rel_seed_876af30ee6e2c340,direct,TREATED_BY,ent_diseasecondition_16cf4e77b755,التهاب,DiseaseCondition,ent_treatment_839837a8561b,الاكثار من شرب الماء,Treatment,ahd5k_04706,الاكثار من شرب الماء,QA explicitly states 'الاكثار من شرب الماء' as a treatment for 'التهاب'
trial_query_095,كيف تتم ازالة شظايا القنابل الصغيرة الانشطارية في المنزل عند عدم التمكن من الذهاب للمستشفى وهل هناك اخطار من بقائها؟,0.464058,0.85,0.45,-0.2,0.571313,0.0,0.95,ent_test_c4cfd2d6468c,أشعة,semantic_qa_evidence,semantic_qa_relation_expansion,rel_seed_54ca34c63842f836__inverse,rel_seed_54ca34c63842f836,inverse,DIAGNOSES,ent_test_c4cfd2d6468c,أشعة,Test,ent_diseasecondition_1730144a5e89,شظايا القنابل الصغيرة الانشطارية,DiseaseCondition,ahd5k_01290,عمل تصوير بالأشعة لتحديد مكان الشظايا ونوعها,الأشعة تُستخدم لتحديد موقع ونوع الشظايا بشكل مباشر
trial_query_095,كيف تتم ازالة شظايا القنابل الصغيرة الانشطارية في المنزل عند عدم التمكن من الذهاب للمستشفى وهل هناك اخطار من بقائها؟,0.364418,0.85,0.45,-0.2,0.140981,0.0,0.15,ent_test_62f3f553cccf,تحليل بول,semantic_qa_evidence,semantic_qa_relation_expansion,rel_seed_47e637be97e2161c__inverse,rel_seed_47e637be97e2161c,inverse,DIAGNOSES,ent_test_62f3f553cccf,تحليل بول,Test,ent_diseasecondition_16cf4e77b755,التهاب,DiseaseCondition,ahd5k_04706,عمل تحليل بول,QA explicitly states 'تحليل بول' as a diagnostic test for 'التهاب'
trial_query_095,كيف تتم ازالة شظايا القنابل الصغيرة الانشطارية في المنزل عند عدم التمكن من الذهاب للمستشفى وهل هناك اخطار من بقائها؟,0.364418,0.85,0.45,-0.2,0.140981,0.0,0.15,ent_treatment_839837a8561b,الاكثار من شرب الماء,semantic_qa_evidence,semantic_qa_relation_expansion,rel_seed_876af30ee6e2c340__inverse,rel_seed_876af30ee6e2c340,inverse,TREATS,ent_treatment_839837a8561b,الاكثار من شرب الماء,Treatment,ent_diseasecondition_16cf4e77b755,التهاب,DiseaseCondition,ahd5k_04706,الاكثار من شرب الماء,QA explicitly states 'الاكثار من شرب الماء' as a treatment for 'التهاب'
trial_query_096,السلام عليكم .. هل تناول ملعقة يوميا من زيت الحلبة على الريق يزيد من حجم الثدي بجانب التمارين ..؟؟ و ما المدة التى يمكن الاستمرار عليها فى تناول الزيت؟ و...,0.733126,0.92,0.45,1.0,0.151602,0.04,0.222222,ent_diseasecondition_d039dca7a8c0,النقص الشديد للصفائح,semantic_qa_evidence,semantic_qa_relation_expansion,rel_seed_796780629bc7542c,rel_seed_796780629bc7542c,direct,TREATED_BY,ent_diseasecondition_d039dca7a8c0,النقص الشديد للصفائح,DiseaseCondition,ent_treatment_0d20da4fd766,الروتيكسيماب,Treatment,ahd5k_00203,الروتيكسيماب يفيده في علاج النقص الشديد للصفائح,QA explicitly discusses Rituximab as a treatment for severe thrombocytopenia (ITP) with dosage instructions.
trial_query_096,السلام عليكم .. هل تناول ملعقة يوميا من زيت الحلبة على الريق يزيد من حجم الثدي بجانب التمارين ..؟؟ و ما المدة التى يمكن الاستمرار عليها فى تناول الزيت؟ و...,0.393126,0.92,0.45,-0.2,0.151602,0.0,0.222222,ent_treatment_0d20da4fd766,الروتيكسيماب,semantic_qa_evidence,semantic_qa_relation_expansion,rel_seed_796780629bc7542c__inverse,rel_seed_796780629bc7542c,inverse,TREATS,ent_treatment_0d20da4fd766,الروتيكسيماب,Treatment,ent_diseasecondition_d039dca7a8c0,النقص الشديد للصفائح,DiseaseCondition,ahd5k_00203,الروتيكسيماب يفيده في علاج النقص الشديد للصفائح,QA explicitly discusses Rituximab as a treatment for severe thrombocytopenia (ITP) with dosage instructions.
trial_query_097,كيفية التعامل مع انتفاخ ضرس العقل مسببا الام و احمرار الفك الاسفل,0.900379,0.85,1.0,1.0,0.582321,0.04,0.333333,ent_diseasecondition_04b436ff2a98,ضرس العقل,detected_exact,seed_entity_traversal,rel_seed_88e6f3fee8de6995,rel_seed_88e6f3fee8de6995,direct,HAS_SYMPTOM,ent_diseasecondition_04b436ff2a98,ضرس العقل,DiseaseCondition,ent_symptom_249d07021a1b,الام,Symptom,ahd5k_04356,ضرس العقل,Wisdom teeth (ضرس العقل) are explicitly linked to pain (الام) as a symptom.
trial_query_097,كيفية التعامل مع انتفاخ ضرس العقل مسببا الام و احمرار الفك الاسفل,0.895379,0.85,1.0,1.0,0.582321,0.04,0.25,ent_symptom_249d07021a1b,الام,detected_exact,seed_entity_traversal,rel_seed_959ce061116b7eab,rel_seed_959ce061116b7eab,direct,TREATED_BY,ent_symptom_249d07021a1b,الام,Symptom,ent_treatment_1623092039ad,المراجعة الطبية,Treatment,ahd5k_04356,مراجعة طبيبك او اخصائي جراحه وجه و فكين,Direct recommendation to consult a specialist for pain (الام) caused by wisdom teeth.
trial_query_097,كيفية التعامل مع انتفاخ ضرس العقل مسببا الام و احمرار الفك الاسفل,0.894791,0.85,1.0,1.0,0.577429,0.04,0.25,ent_diseasecondition_04b436ff2a98,ضرس العقل,detected_exact,seed_entity_traversal,rel_seed_938a3b9670527bd9,rel_seed_938a3b9670527bd9,direct,HAS_SYMPTOM,ent_diseasecondition_04b436ff2a98,ضرس العقل,DiseaseCondition,ent_symptom_b754f1a1e5a8,صداع,Symptom,ahd5k_04356,ضرس العقل,Wisdom teeth (ضرس العقل) are explicitly linked to headache (صداع) as a symptom.
trial_query_097,كيفية التعامل مع انتفاخ ضرس العقل مسببا الام و احمرار الفك الاسفل,0.894791,0.85,1.0,1.0,0.577429,0.04,0.25,ent_diseasecondition_04b436ff2a98,ضرس العقل,detected_exact,seed_entity_traversal,rel_seed_9858f932165f0bb3,rel_seed_9858f932165f0bb3,direct,TREATED_BY,ent_diseasecondition_04b436ff2a98,ضرس العقل,DiseaseCondition,ent_treatment_1623092039ad,المراجعة الطبية,Treatment,ahd5k_04356,مراجعة طبيبك او اخصائي جراحه وجه و فكين,Direct recommendation to consult a specialist for wisdom teeth (ضرس العقل).
trial_query_097,كيفية التعامل مع انتفاخ ضرس العقل مسببا الام و احمرار الفك الاسفل,0.876041,0.85,1.0,1.0,0.504508,0.04,0.083333,ent_symptom_fd750eeb2865,انتفاخ,detected_exact,seed_entity_traversal,rel_seed_b0669eae8f21f480,rel_seed_b0669eae8f21f480,direct,INVESTIGATED_BY,ent_symptom_fd750eeb2865,انتفاخ,Symptom,ent_test_c4cfd2d6468c,اشعة,Test,ahd5k_01537,اشعة بالصبغة,X-ray with contrast is explicitly mentioned as the investigative method for the symptom of swelling.
trial_query_097,كيفية التعامل مع انتفاخ ضرس العقل مسببا الام و احمرار الفك الاسفل,0.732843,0.85,0.45,1.0,0.369525,0.04,0.166667,ent_symptom_b754f1a1e5a8,صداع,semantic_qa_evidence,semantic_qa_relation_expansion,rel_seed_141b9acbdb0c5296,rel_seed_141b9acbdb0c5296,direct,TREATED_BY,ent_symptom_b754f1a1e5a8,صداع,Symptom,ent_treatment_1623092039ad,المراجعة الطبية,Treatment,ahd5k_04356,مراجعة طبيبك او اخصائي جراحه وجه و فكين,Direct recommendation to consult a specialist for headache caused by wisdom teeth.
trial_query_097,كيفية التعامل مع انتفاخ ضرس العقل مسببا الام و احمرار الفك الاسفل,0.717011,0.85,0.45,1.0,0.279258,0.04,0.083333,ent_symptom_42ad4acdebc5,وجع,semantic_qa_evidence,semantic_qa_relation_expansion,rel_seed_11af4134e6087155,rel_seed_11af4134e6087155,direct,INVESTIGATED_BY,ent_symptom_42ad4acdebc5,وجع,Symptom,ent_test_c4cfd2d6468c,اشعة,Test,ahd5k_01537,اشعة بالصبغة,X-ray with contrast is explicitly mentioned as the investigative method for the symptom of body pain.
trial_query_097,كيفية التعامل مع انتفاخ ضرس العقل مسببا الام و احمرار الفك الاسفل,0.701365,0.85,0.45,1.0,0.107211,0.04,0.166667,ent_diseasecondition_4c4500ee0d57,ارتجاج دماغي,semantic_qa_evidence,semantic_qa_relation_expansion,rel_seed_a0a9cb310e2c0172,rel_seed_a0a9cb310e2c0172,direct,DIAGNOSED_BY,ent_diseasecondition_4c4500ee0d57,ارتجاج دماغي,DiseaseCondition,ent_test_c4cfd2d6468c,أشعة,Test,ahd5k_02003,عمل صورة أشعة للرأس,الأشعة تُستخدم لتأكيد عدم وجود ارتجاج دماغي
trial_query_097,كيفية التعامل مع انتفاخ ضرس العقل مسببا الام و احمرار الفك الاسفل,0.560379,0.85,1.0,-0.2,0.582321,0.0,0.333333,ent_symptom_249d07021a1b,الام,detected_exact,seed_entity_traversal,rel_seed_88e6f3fee8de6995__inverse,rel_seed_88e6f3fee8de6995,inverse,SYMPTOM_OF,ent_symptom_249d07021a1b,الام,Symptom,ent_diseasecondition_04b436ff2a98,ضرس العقل,DiseaseCondition,ahd5k_04356,ضرس العقل,Wisdom teeth (ضرس العقل) are explicitly linked to pain (الام) as a symptom.
trial_query_097,كيفية التعامل مع انتفاخ ضرس العقل مسببا الام و احمرار الفك الاسفل,0.423379,0.85,0.45,-0.2,0.582321,0.0,0.25,ent_treatment_1623092039ad,المراجعة الطبية,semantic_qa_evidence,semantic_qa_relation_expansion,rel_seed_959ce061116b7eab__inverse,rel_seed_959ce061116b7eab,inverse,TREATS,ent_treatment_1623092039ad,المراجعة الطبية,Treatment,ent_symptom_249d07021a1b,الام,Symptom,ahd5k_04356,مراجعة طبيبك او اخصائي جراحه وجه و فكين,Direct recommendation to consult a specialist for pain (الام) caused by wisdom teeth.
trial_query_097,كيفية التعامل مع انتفاخ ضرس العقل مسببا الام و احمرار الفك الاسفل,0.422791,0.85,0.45,-0.2,0.577429,0.0,0.25,ent_symptom_b754f1a1e5a8,صداع,semantic_qa_evidence,semantic_qa_relation_expansion,rel_seed_938a3b9670527bd9__inverse,rel_seed_938a3b9670527bd9,inverse,SYMPTOM_OF,ent_symptom_b754f1a1e5a8,صداع,Symptom,ent_diseasecondition_04b436ff2a98,ضرس العقل,DiseaseCondition,ahd5k_04356,ضرس العقل,Wisdom teeth (ضرس العقل) are explicitly linked to headache (صداع) as a symptom.
trial_query_097,كيفية التعامل مع انتفاخ ضرس العقل مسببا الام و احمرار الفك الاسفل,0.422791,0.85,0.45,-0.2,0.577429,0.0,0.25,ent_treatment_1623092039ad,المراجعة الطبية,semantic_qa_evidence,semantic_qa_relation_expansion,rel_seed_9858f932165f0bb3__inverse,rel_seed_9858f932165f0bb3,inverse,TREATS,ent_treatment_1623092039ad,المراجعة الطبية,Treatment,ent_diseasecondition_04b436ff2a98,ضرس العقل,DiseaseCondition,ahd5k_04356,مراجعة طبيبك او اخصائي جراحه وجه و فكين,Direct recommendation to consult a specialist for wisdom teeth (ضرس العقل).
trial_query_097,كيفية التعامل مع انتفاخ ضرس العقل مسببا الام و احمرار الفك الاسفل,0.404041,0.85,0.45,-0.2,0.504508,0.0,0.083333,ent_test_c4cfd2d6468c,اشعة,semantic_qa_evidence,semantic_qa_relation_expansion,rel_seed_b0669eae8f21f480__inverse,rel_seed_b0669eae8f21f480,inverse,INVESTIGATES,ent_test_c4cfd2d6468c,اشعة,Test,ent_symptom_fd750eeb2865,انتفاخ,Symptom,ahd5k_01537,اشعة بالصبغة,X-ray with contrast is explicitly mentioned as the investigative method for the symptom of swelling.
trial_query_097,كيفية التعامل مع انتفاخ ضرس العقل مسببا الام و احمرار الفك الاسفل,0.392843,0.85,0.45,-0.2,0.369525,0.0,0.166667,ent_treatment_1623092039ad,المراجعة الطبية,semantic_qa_evidence,semantic_qa_relation_expansion,rel_seed_141b9acbdb0c5296__inverse,rel_seed_141b9acbdb0c5296,inverse,TREATS,ent_treatment_1623092039ad,المراجعة الطبية,Treatment,ent_symptom_b754f1a1e5a8,صداع,Symptom,ahd5k_04356,مراجعة طبيبك او اخصائي جراحه وجه و فكين,Direct recommendation to consult a specialist for headache caused by wisdom teeth.
trial_query_097,كيفية التعامل مع انتفاخ ضرس العقل مسببا الام و احمرار الفك الاسفل,0.377011,0.85,0.45,-0.2,0.279258,0.0,0.083333,ent_test_c4cfd2d6468c,اشعة,semantic_qa_evidence,semantic_qa_relation_expansion,rel_seed_11af4134e6087155__inverse,rel_seed_11af4134e6087155,inverse,INVESTIGATES,ent_test_c4cfd2d6468c,اشعة,Test,ent_symptom_42ad4acdebc5,وجع,Symptom,ahd5k_01537,اشعة بالصبغة,X-ray with contrast is explicitly mentioned as the investigative method for the symptom of body pain.
trial_query_097,كيفية التعامل مع انتفاخ ضرس العقل مسببا الام و احمرار الفك الاسفل,0.361365,0.85,0.45,-0.2,0.107211,0.0,0.166667,ent_test_c4cfd2d6468c,أشعة,semantic_qa_evidence,semantic_qa_relation_expansion,rel_seed_a0a9cb310e2c0172__inverse,rel_seed_a0a9cb310e2c0172,inverse,DIAGNOSES,ent_test_c4cfd2d6468c,أشعة,Test,ent_diseasecondition_4c4500ee0d57,ارتجاج دماغي,DiseaseCondition,ahd5k_02003,عمل صورة أشعة للرأس,الأشعة تُستخدم لتأكيد عدم وجود ارتجاج دماغي
trial_query_098,تعاني والدتي من انسداد في الصمام الابهر بنسبة 40-60. حيث والتقرير ينصح باجراء عملية قلب مفتوح وتبديل صمامالابهر مع العلم انها تعاني من مرض السكري وضغط الدمز. العمر65س,0.641192,0.85,1.0,-0.2,0.62136,0.04,0.935484,ent_diseasecondition_380db6d92562,مرض السكري,detected_exact,seed_entity_traversal,rel_seed_bd9e5c6d36b9dbdb,rel_seed_bd9e5c6d36b9dbdb,direct,HAS_SYMPTOM,ent_diseasecondition_380db6d92562,مرض السكري,DiseaseCondition,ent_symptom_724e59ded899,ضغط الدم,Symptom,ahd5k_01294,مرض السكري وضغط الدمز,Direct co-occurrence with explicit disease-symptom relationship
trial_query_098,تعاني والدتي من انسداد في الصمام الابهر بنسبة 40-60. حيث والتقرير ينصح باجراء عملية قلب مفتوح وتبديل صمامالابهر مع العلم انها تعاني من مرض السكري وضغط الدمز. العمر65س,0.613176,0.9,1.0,-0.2,0.62136,0.04,0.193548,ent_diseasecondition_380db6d92562,مرض السكري,detected_exact,seed_entity_traversal,rel_seed_fff580f977f6b0c9,rel_seed_fff580f977f6b0c9,direct,DIAGNOSED_BY,ent_diseasecondition_380db6d92562,مرض السكري,DiseaseCondition,ent_test_dd68aa784555,تحاليل مخبرية,Test,ahd5k_01551,تحاليل مخبرية,Lab tests are standard diagnostic tools for diabetes.
trial_query_098,تعاني والدتي من انسداد في الصمام الابهر بنسبة 40-60. حيث والتقرير ينصح باجراء عملية قلب مفتوح وتبديل صمامالابهر مع العلم انها تعاني من مرض السكري وضغط الدمز. العمر65س,0.604418,0.85,1.0,-0.2,0.62136,0.04,0.322581,ent_diseasecondition_380db6d92562,مرض السكري,detected_exact,seed_entity_traversal,rel_seed_b3536762c6f85e02,rel_seed_b3536762c6f85e02,direct,HAS_SYMPTOM,ent_diseasecondition_380db6d92562,مرض السكري,DiseaseCondition,ent_symptom_724e59ded899,ضغط الدم,Symptom,ahd5k_04912,مع العلم أن المريض يعاني من مرض السكر,Explicit disease-symptom relationship
trial_query_098,تعاني والدتي من انسداد في الصمام الابهر بنسبة 40-60. حيث والتقرير ينصح باجراء عملية قلب مفتوح وتبديل صمامالابهر مع العلم انها تعاني من مرض السكري وضغط الدمز. العمر65س,0.600547,0.85,1.0,-0.2,0.62136,0.04,0.258065,ent_diseasecondition_380db6d92562,مرض السكري,detected_exact,seed_entity_traversal,rel_seed_1a25f42f93f6f380,rel_seed_1a25f42f93f6f380,direct,HAS_SYMPTOM,ent_diseasecondition_380db6d92562,مرض السكري,DiseaseCondition,ent_symptom_724e59ded899,ضغط الدم,Symptom,ahd5k_02607,مرض السكري وضغط الدم,Direct disease-symptom relationship established
trial_query_098,تعاني والدتي من انسداد في الصمام الابهر بنسبة 40-60. حيث والتقرير ينصح باجراء عملية قلب مفتوح وتبديل صمامالابهر مع العلم انها تعاني من مرض السكري وضغط الدمز. العمر65س,0.557992,0.85,0.82,-0.2,0.62136,0.0,0.935484,ent_symptom_724e59ded899,ضغط الدم,detected_alias,seed_entity_traversal,rel_seed_bd9e5c6d36b9dbdb__inverse,rel_seed_bd9e5c6d36b9dbdb,inverse,SYMPTOM_OF,ent_symptom_724e59ded899,ضغط الدم,Symptom,ent_diseasecondition_380db6d92562,مرض السكري,DiseaseCondition,ahd5k_01294,مرض السكري وضغط الدمز,Direct co-occurrence with explicit disease-symptom relationship
trial_query_098,تعاني والدتي من انسداد في الصمام الابهر بنسبة 40-60. حيث والتقرير ينصح باجراء عملية قلب مفتوح وتبديل صمامالابهر مع العلم انها تعاني من مرض السكري وضغط الدمز. العمر65س,0.53903,0.88,1.0,-0.2,0.391812,0.0,0.193548,ent_symptom_d713f64368d3,ضغط,detected_exact,seed_entity_traversal,rel_seed_3f9dbbea6fdd8f6f__inverse,rel_seed_3f9dbbea6fdd8f6f,inverse,SYMPTOM_OF,ent_symptom_d713f64368d3,ضغط,Symptom,ent_diseasecondition_ad3e19c416f6,التهاب الجيوب الأنفية,DiseaseCondition,ahd5k_02662,ضغط,Sinusitis (التهاب الجيوب الأنفية) causes facial pressure (ضغط) as a direct symptom.
trial_query_098,تعاني والدتي من انسداد في الصمام الابهر بنسبة 40-60. حيث والتقرير ينصح باجراء عملية قلب مفتوح وتبديل صمامالابهر مع العلم انها تعاني من مرض السكري وضغط الدمز. العمر65س,0.521434,0.99,0.697,-0.2,0.215346,0.04,0.193548,supp_ent_measurement_bp,ضغط الدم,family_equivalent,seed_entity_traversal,supp_rel_normal_bp,supp_rel_normal_bp,direct,HAS_NORMAL_RANGE,supp_ent_measurement_bp,ضغط الدم,Measurement,supp_ent_range_bp,140-80 إذا لا توجد أمراض مصاحبة,Range,ahd5k_00085,حسب عوامل الخطورة الأخرى كالسكري والكلى؛ إذا لا توجد أمراض مصاحبة فالقيمة المذكورة 140-80.,dataset-derived supplemental fact from ahd5k_00085
trial_query_098,تعاني والدتي من انسداد في الصمام الابهر بنسبة 40-60. حيث والتقرير ينصح باجراء عملية قلب مفتوح وتبديل صمامالابهر مع العلم انها تعاني من مرض السكري وضغط الدمز. العمر65س,0.521218,0.85,0.82,-0.2,0.62136,0.0,0.322581,ent_symptom_724e59ded899,ضغط الدم,detected_alias,seed_entity_traversal,rel_seed_b3536762c6f85e02__inverse,rel_seed_b3536762c6f85e02,inverse,SYMPTOM_OF,ent_symptom_724e59ded899,ضغط الدم,Symptom,ent_diseasecondition_380db6d92562,مرض السكري,DiseaseCondition,ahd5k_04912,مع العلم أن المريض يعاني من مرض السكر,Explicit disease-symptom relationship
trial_query_098,تعاني والدتي من انسداد في الصمام الابهر بنسبة 40-60. حيث والتقرير ينصح باجراء عملية قلب مفتوح وتبديل صمامالابهر مع العلم انها تعاني من مرض السكري وضغط الدمز. العمر65س,0.517347,0.85,0.82,-0.2,0.62136,0.0,0.258065,ent_symptom_724e59ded899,ضغط الدم,detected_alias,seed_entity_traversal,rel_seed_1a25f42f93f6f380__inverse,rel_seed_1a25f42f93f6f380,inverse,SYMPTOM_OF,ent_symptom_724e59ded899,ضغط الدم,Symptom,ent_diseasecondition_380db6d92562,مرض السكري,DiseaseCondition,ahd5k_02607,مرض السكري وضغط الدم,Direct disease-symptom relationship established
trial_query_099,انا ابتلعت دبوس امس ولا اشعر ببلعه واعاني بوجع صدري كيف اعمل,0.694777,0.85,0.45,1.0,0.058722,0.04,0.153846,ent_diseasecondition_9719230327a2,فقر الدم,semantic_qa_evidence,semantic_qa_relation_expansion,rel_seed_0e8bcb10a29e6d54,rel_seed_0e8bcb10a29e6d54,direct,HAS_SYMPTOM,ent_diseasecondition_9719230327a2,فقر الدم,DiseaseCondition,ent_symptom_d48190970b2d,تنميل,Symptom,ahd5k_00838,نقص فيتامين (ب12) يسبب انيميا وتنميل,QA directly states vitamin B12 deficiency causes anemia and numbness
trial_query_099,انا ابتلعت دبوس امس ولا اشعر ببلعه واعاني بوجع صدري كيف اعمل,0.654777,0.85,0.45,1.0,0.058722,0.0,0.153846,ent_symptom_d48190970b2d,تنميل,semantic_qa_evidence,semantic_qa_relation_expansion,rel_seed_0e8bcb10a29e6d54__inverse,rel_seed_0e8bcb10a29e6d54,inverse,SYMPTOM_OF,ent_symptom_d48190970b2d,تنميل,Symptom,ent_diseasecondition_9719230327a2,فقر الدم,DiseaseCondition,ahd5k_00838,نقص فيتامين (ب12) يسبب انيميا وتنميل,QA directly states vitamin B12 deficiency causes anemia and numbness
trial_query_099,انا ابتلعت دبوس امس ولا اشعر ببلعه واعاني بوجع صدري كيف اعمل,0.613289,0.85,1.0,-0.2,0.395038,0.04,0.923077,ent_diseasecondition_16a389cfd1bd,دبوس,detected_exact,seed_entity_traversal,rel_seed_a00e16b437bbc4d4,rel_seed_a00e16b437bbc4d4,direct,DIAGNOSED_BY,ent_diseasecondition_16a389cfd1bd,دبوس,DiseaseCondition,ent_test_c4cfd2d6468c,أشعة,Test,ahd5k_01295,أشعة لمعرفة مكان الدبوس والتأكد من وجوده,الأشعة تُستخدم لتحديد موقع الدبوس والتحقق من وجوده
trial_query_099,انا ابتلعت دبوس امس ولا اشعر ببلعه واعاني بوجع صدري كيف اعمل,0.563296,0.85,1.0,-0.2,0.401503,0.04,0.076923,ent_symptom_42ad4acdebc5,وجع,detected_exact,seed_entity_traversal,rel_seed_11af4134e6087155,rel_seed_11af4134e6087155,direct,INVESTIGATED_BY,ent_symptom_42ad4acdebc5,وجع,Symptom,ent_test_c4cfd2d6468c,اشعة,Test,ahd5k_01537,اشعة بالصبغة,X-ray with contrast is explicitly mentioned as the investigative method for the symptom of body pain.
trial_query_099,انا ابتلعت دبوس امس ولا اشعر ببلعه واعاني بوجع صدري كيف اعمل,0.441289,0.85,0.45,-0.2,0.395038,0.0,0.923077,ent_test_c4cfd2d6468c,أشعة,semantic_qa_evidence,semantic_qa_relation_expansion,rel_seed_a00e16b437bbc4d4__inverse,rel_seed_a00e16b437bbc4d4,inverse,DIAGNOSES,ent_test_c4cfd2d6468c,أشعة,Test,ent_diseasecondition_16a389cfd1bd,دبوس,DiseaseCondition,ahd5k_01295,أشعة لمعرفة مكان الدبوس والتأكد من وجوده,الأشعة تُستخدم لتحديد موقع الدبوس والتحقق من وجوده
trial_query_099,انا ابتلعت دبوس امس ولا اشعر ببلعه واعاني بوجع صدري كيف اعمل,0.406055,0.85,0.45,-0.2,0.229629,0.04,0.0,ent_symptom_fd750eeb2865,انتفاخ,semantic_qa_evidence,semantic_qa_relation_expansion,rel_seed_b0669eae8f21f480,rel_seed_b0669eae8f21f480,direct,INVESTIGATED_BY,ent_symptom_fd750eeb2865,انتفاخ,Symptom,ent_test_c4cfd2d6468c,اشعة,Test,ahd5k_01537,اشعة بالصبغة,X-ray with contrast is explicitly mentioned as the investigative method for the symptom of swelling.
trial_query_099,انا ابتلعت دبوس امس ولا اشعر ببلعه واعاني بوجع صدري كيف اعمل,0.402786,0.85,0.45,-0.2,0.087002,0.04,0.230769,ent_diseasecondition_2f75d3dabe0b,حساسية,semantic_qa_evidence,semantic_qa_relation_expansion,rel_seed_6687872658c864ac,rel_seed_6687872658c864ac,direct,DIAGNOSED_BY,ent_diseasecondition_2f75d3dabe0b,حساسية,DiseaseCondition,ent_test_3f0d2e079b73,RAST Test,Test,ahd5k_01245,معرفة سبب الحساسيه يتم ذلك عن طريق RAST Test,Test explicitly linked to allergy diagnosis
trial_query_099,انا ابتلعت دبوس امس ولا اشعر ببلعه واعاني بوجع صدري كيف اعمل,0.391296,0.85,0.45,-0.2,0.401503,0.0,0.076923,ent_test_c4cfd2d6468c,اشعة,semantic_qa_evidence,semantic_qa_relation_expansion,rel_seed_11af4134e6087155__inverse,rel_seed_11af4134e6087155,inverse,INVESTIGATES,ent_test_c4cfd2d6468c,اشعة,Test,ent_symptom_42ad4acdebc5,وجع,Symptom,ahd5k_01537,اشعة بالصبغة,X-ray with contrast is explicitly mentioned as the investigative method for the symptom of body pain.
trial_query_099,انا ابتلعت دبوس امس ولا اشعر ببلعه واعاني بوجع صدري كيف اعمل,0.366055,0.85,0.45,-0.2,0.229629,0.0,0.0,ent_test_c4cfd2d6468c,اشعة,semantic_qa_evidence,semantic_qa_relation_expansion,rel_seed_b0669eae8f21f480__inverse,rel_seed_b0669eae8f21f480,inverse,INVESTIGATES,ent_test_c4cfd2d6468c,اشعة,Test,ent_symptom_fd750eeb2865,انتفاخ,Symptom,ahd5k_01537,اشعة بالصبغة,X-ray with contrast is explicitly mentioned as the investigative method for the symptom of swelling.
trial_query_099,انا ابتلعت دبوس امس ولا اشعر ببلعه واعاني بوجع صدري كيف اعمل,0.362786,0.85,0.45,-0.2,0.087002,0.0,0.230769,ent_test_3f0d2e079b73,RAST Test,semantic_qa_evidence,semantic_qa_relation_expansion,rel_seed_6687872658c864ac__inverse,rel_seed_6687872658c864ac,inverse,DIAGNOSES,ent_test_3f0d2e079b73,RAST Test,Test,ent_diseasecondition_2f75d3dabe0b,حساسية,DiseaseCondition,ahd5k_01245,معرفة سبب الحساسيه يتم ذلك عن طريق RAST Test,Test explicitly linked to allergy diagnosis
trial_query_100,عندى بقع بنية على جانبى الوجة وانا اعانى من انيميا 10 وكان عندى حصوات بالمرارة وعملت العملية ولا زالت البقع موجودة ما العلاج الاكيد وشكرا,0.776803,0.85,0.55,1.0,0.523039,0.04,0.192308,ent_diseasecondition_9719230327a2,فقر الدم,semantic_candidate,seed_entity_traversal,rel_seed_0e8bcb10a29e6d54,rel_seed_0e8bcb10a29e6d54,direct,HAS_SYMPTOM,ent_diseasecondition_9719230327a2,فقر الدم,DiseaseCondition,ent_symptom_d48190970b2d,تنميل,Symptom,ahd5k_00838,نقص فيتامين (ب12) يسبب انيميا وتنميل,QA directly states vitamin B12 deficiency causes anemia and numbness
trial_query_100,عندى بقع بنية على جانبى الوجة وانا اعانى من انيميا 10 وكان عندى حصوات بالمرارة وعملت العملية ولا زالت البقع موجودة ما العلاج الاكيد وشكرا,0.772188,0.85,0.55,1.0,0.523039,0.04,0.115385,ent_diseasecondition_9719230327a2,فقر الدم,semantic_candidate,seed_entity_traversal,rel_seed_6eed37b4f0733cbb,rel_seed_6eed37b4f0733cbb,direct,HAS_SYMPTOM,ent_diseasecondition_9719230327a2,فقر الدم,DiseaseCondition,ent_symptom_c81532a33515,الم المعدجة,Symptom,ahd5k_02292,نقص في الدم مع الالم في المعده,Directly states anemia is associated with stomach pain.
trial_query_100,عندى بقع بنية على جانبى الوجة وانا اعانى من انيميا 10 وكان عندى حصوات بالمرارة وعملت العملية ولا زالت البقع موجودة ما العلاج الاكيد وشكرا,0.772188,0.85,0.55,1.0,0.523039,0.04,0.115385,ent_diseasecondition_9719230327a2,فقر الدم,semantic_candidate,seed_entity_traversal,rel_seed_c660576254101bcf,rel_seed_c660576254101bcf,direct,HAS_SYMPTOM,ent_diseasecondition_9719230327a2,فقر الدم,DiseaseCondition,ent_symptom_c81532a33515,الم المعدجة,Symptom,ahd5k_02546,أحيانا الم في المعدة كسل وخمول اضطرابات في النوم,Directly links anemia to stomach pain as a symptom.
trial_query_100,عندى بقع بنية على جانبى الوجة وانا اعانى من انيميا 10 وكان عندى حصوات بالمرارة وعملت العملية ولا زالت البقع موجودة ما العلاج الاكيد وشكرا,0.772188,0.85,0.55,1.0,0.523039,0.04,0.115385,ent_diseasecondition_9719230327a2,فقر الدم,semantic_candidate,seed_entity_traversal,rel_seed_90514571a31526b3,rel_seed_90514571a31526b3,direct,HAS_SYMPTOM,ent_diseasecondition_9719230327a2,فقر الدم,DiseaseCondition,ent_symptom_c48c0df96785,فقدان الشهيه,Symptom,ahd5k_02546,فقر الدم سبب فقدان الشهيه,Directly states anemia causes loss of appetite.
trial_query_100,عندى بقع بنية على جانبى الوجة وانا اعانى من انيميا 10 وكان عندى حصوات بالمرارة وعملت العملية ولا زالت البقع موجودة ما العلاج الاكيد وشكرا,0.736966,0.92,0.45,1.0,0.237027,0.04,0.115385,ent_diseasecondition_250910ab0701,حساسية الصدر,semantic_qa_evidence,semantic_qa_relation_expansion,rel_seed_bae062ec77d09618,rel_seed_bae062ec77d09618,direct,HAS_SYMPTOM,ent_diseasecondition_250910ab0701,حساسية الصدر,DiseaseCondition,ent_symptom_f4cf885a0447,سعال,Symptom,ahd5k_04490,حساسية الصدر and سعال co-occur with explicit symptom-pathology link,Direct symptom-pathology relationship established in QA context
trial_query_100,عندى بقع بنية على جانبى الوجة وانا اعانى من انيميا 10 وكان عندى حصوات بالمرارة وعملت العملية ولا زالت البقع موجودة ما العلاج الاكيد وشكرا,0.730606,0.9,0.45,1.0,0.239028,0.04,0.115385,ent_diseasecondition_16cf4e77b755,التهاب,semantic_qa_evidence,semantic_qa_relation_expansion,rel_seed_cc52f0a3c44e4c1e,rel_seed_cc52f0a3c44e4c1e,direct,HAS_SYMPTOM,ent_diseasecondition_16cf4e77b755,التهاب,DiseaseCondition,ent_symptom_59d5c1de0b88,الدم,Symptom,ahd5k_00666,التهاب في المثانة أو الإحليل يسبب خروج الدم,Direct causal link between inflammation and blood as symptom
trial_query_100,عندى بقع بنية على جانبى الوجة وانا اعانى من انيميا 10 وكان عندى حصوات بالمرارة وعملت العملية ولا زالت البقع موجودة ما العلاج الاكيد وشكرا,0.696966,0.92,0.45,1.0,0.237027,0.0,0.115385,ent_symptom_f4cf885a0447,سعال,semantic_qa_evidence,semantic_qa_relation_expansion,rel_seed_bae062ec77d09618__inverse,rel_seed_bae062ec77d09618,inverse,SYMPTOM_OF,ent_symptom_f4cf885a0447,سعال,Symptom,ent_diseasecondition_250910ab0701,حساسية الصدر,DiseaseCondition,ahd5k_04490,حساسية الصدر and سعال co-occur with explicit symptom-pathology link,Direct symptom-pathology relationship established in QA context
trial_query_100,عندى بقع بنية على جانبى الوجة وانا اعانى من انيميا 10 وكان عندى حصوات بالمرارة وعملت العملية ولا زالت البقع موجودة ما العلاج الاكيد وشكرا,0.690606,0.9,0.45,1.0,0.239028,0.0,0.115385,ent_symptom_59d5c1de0b88,الدم,semantic_qa_evidence,semantic_qa_relation_expansion,rel_seed_cc52f0a3c44e4c1e__inverse,rel_seed_cc52f0a3c44e4c1e,inverse,SYMPTOM_OF,ent_symptom_59d5c1de0b88,الدم,Symptom,ent_diseasecondition_16cf4e77b755,التهاب,DiseaseCondition,ahd5k_00666,التهاب في المثانة أو الإحليل يسبب خروج الدم,Direct causal link between inflammation and blood as symptom
trial_query_100,عندى بقع بنية على جانبى الوجة وانا اعانى من انيميا 10 وكان عندى حصوات بالمرارة وعملت العملية ولا زالت البقع موجودة ما العلاج الاكيد وشكرا,0.615162,0.97,0.4675,0.4,0.222566,0.04,0.269231,focus_ent_anemia,فقر الدم,family_equivalent,seed_entity_traversal,focus_rel_anemia_managed_by_iron_rich_food,focus_rel_anemia_managed_by_iron_rich_food,direct,MANAGED_BY,focus_ent_anemia,فقر الدم,DiseaseCondition,focus_ent_iron_rich_foods,أغذية غنية بالحديد والفولات وفيتامين ب12,DietaryRecommendation,ahd5k_00594,يمكن دعم فقر الدم بنظام غذائي غني بعناصر مثل الحديد وحمض الفوليك وفيتامين ب-12، مع بقاء العلاج حسب نوع فقر الدم تحت إشراف الطبيب.,focused dataset-derived expansion from ahd5k_00594
trial_query_100,عندى بقع بنية على جانبى الوجة وانا اعانى من انيميا 10 وكان عندى حصوات بالمرارة وعملت العملية ولا زالت البقع موجودة ما العلاج الاكيد وشكرا,0.488688,0.9,0.55,-0.2,0.523039,0.04,0.115385,ent_diseasecondition_9719230327a2,فقر الدم,semantic_candidate,seed_entity_traversal,rel_seed_184239158a17a8bf,rel_seed_184239158a17a8bf,direct,DIAGNOSED_BY,ent_diseasecondition_9719230327a2,فقر الدم,DiseaseCondition,ent_test_dd68aa784555,تحاليل مخبرية,Test,ahd5k_00757,تحليل فقر الدم,Direct diagnostic test explicitly mentioned for anemia
trial_query_100,عندى بقع بنية على جانبى الوجة وانا اعانى من انيميا 10 وكان عندى حصوات بالمرارة وعملت العملية ولا زالت البقع موجودة ما العلاج الاكيد وشكرا,0.479111,0.85,0.55,-0.2,0.523039,0.04,0.230769,ent_diseasecondition_9719230327a2,فقر الدم,semantic_candidate,seed_entity_traversal,rel_seed_c06b8520b4415b11,rel_seed_c06b8520b4415b11,direct,DIAGNOSED_BY,ent_diseasecondition_9719230327a2,فقر الدم,DiseaseCondition,ent_test_8dfa1780f518,فحص تحاليل مخبرية,Test,ahd5k_01162,فحص التحاليل المخبرية مرتبط بتشخيص فقر الدم,الاختبار مذكور كوسيلة لتشخيص الحالة
trial_query_100,عندى بقع بنية على جانبى الوجة وانا اعانى من انيميا 10 وكان عندى حصوات بالمرارة وعملت العملية ولا زالت البقع موجودة ما العلاج الاكيد وشكرا,0.476803,0.85,0.55,-0.2,0.523039,0.04,0.192308,ent_diseasecondition_9719230327a2,فقر الدم,semantic_candidate,seed_entity_traversal,rel_seed_5fa73ea7b6f6ff3f,rel_seed_5fa73ea7b6f6ff3f,direct,DIAGNOSED_BY,ent_diseasecondition_9719230327a2,فقر الدم,DiseaseCondition,ent_test_dd68aa784555,تحاليل مخبرية,Test,ahd5k_00696,الفوال أو التفول هو الاضطراب الخلقي الجيني الناجم عن نقص الأنزيم المسؤول عن الحفاظ على تركيز ببتيد الغلوتاثيون,التحاليل المخبرية مذكورة بشكل مباشر كوسيلة لتشخيص نقص الأنزيم المرتبط بفقر الدم الانحلالي.
trial_query_100,عندى بقع بنية على جانبى الوجة وانا اعانى من انيميا 10 وكان عندى حصوات بالمرارة وعملت العملية ولا زالت البقع موجودة ما العلاج الاكيد وشكرا,0.458654,0.97,0.45,-0.2,0.222566,0.04,0.230769,focus_ent_iron_rich_foods,أغذية غنية بالحديد والفولات وفيتامين ب12,semantic_qa_evidence,semantic_qa_relation_expansion,focus_rel_iron_absorption_improved_by_vitamin_c,focus_rel_iron_absorption_improved_by_vitamin_c,direct,ABSORPTION_IMPROVED_BY,focus_ent_iron_rich_foods,أغذية غنية بالحديد والفولات وفيتامين ب12,DietaryRecommendation,focus_ent_vitamin_c_foods,أطعمة غنية بفيتامين ج,DietaryRecommendation,ahd5k_00594,تناول الأطعمة الغنية بالحديد مع أطعمة غنية بفيتامين ج مثل البرتقال والطماطم والفراولة قد يحسن الامتصاص.,focused dataset-derived expansion from ahd5k_00594
trial_query_100,عندى بقع بنية على جانبى الوجة وانا اعانى من انيميا 10 وكان عندى حصوات بالمرارة وعملت العملية ولا زالت البقع موجودة ما العلاج الاكيد وشكرا,0.458654,0.97,0.45,-0.2,0.222566,0.04,0.230769,focus_ent_iron_rich_foods,أغذية غنية بالحديد والفولات وفيتامين ب12,semantic_qa_evidence,semantic_qa_relation_expansion,focus_rel_iron_absorption_reduced_by_tea_coffee,focus_rel_iron_absorption_reduced_by_tea_coffee,direct,ABSORPTION_REDUCED_BY,focus_ent_iron_rich_foods,أغذية غنية بالحديد والفولات وفيتامين ب12,DietaryRecommendation,focus_ent_tea_coffee_calcium,الشاي والقهوة والكالسيوم مع الحديد,DietaryCaution,ahd5k_00594,ينصح بتجنب تناول الأطعمة الغنية بالحديد مع القهوة أو الشاي أو الأطعمة الغنية بالكالسيوم لأنها قد تمنع امتصاص الحديد.,focused dataset-derived expansion from ahd5k_00594
trial_query_100,عندى بقع بنية على جانبى الوجة وانا اعانى من انيميا 10 وكان عندى حصوات بالمرارة وعملت العملية ولا زالت البقع موجودة ما العلاج الاكيد وشكرا,0.424006,0.88,0.45,-0.2,0.239028,0.04,0.115385,ent_diseasecondition_16cf4e77b755,التهاب,semantic_qa_evidence,semantic_qa_relation_expansion,rel_seed_582350660fdefde2,rel_seed_582350660fdefde2,direct,DIAGNOSED_BY,ent_diseasecondition_16cf4e77b755,التهاب,DiseaseCondition,ent_test_f6ff9119ed14,تصوير الجهاز البولي,Test,ahd5k_00666,تصوير الجهاز البولي لتحديد سبب التهاب المثانة,Diagnostic imaging directly linked to inflammation diagnosis
trial_query_100,عندى بقع بنية على جانبى الوجة وانا اعانى من انيميا 10 وكان عندى حصوات بالمرارة وعملت العملية ولا زالت البقع موجودة ما العلاج الاكيد وشكرا,0.423766,0.88,0.45,-0.2,0.237027,0.04,0.115385,ent_diseasecondition_250910ab0701,حساسية الصدر,semantic_qa_evidence,semantic_qa_relation_expansion,rel_seed_e4f1901524d0dd30,rel_seed_e4f1901524d0dd30,direct,DIAGNOSED_BY,ent_diseasecondition_250910ab0701,حساسية الصدر,DiseaseCondition,ent_test_433492431144,تحليل الحساسية,Test,ahd5k_04490,تحليل الحساسية explicitly mentioned as diagnostic tool for حساسية الصدر,Test directly linked to condition diagnosis in QA
trial_query_100,عندى بقع بنية على جانبى الوجة وانا اعانى من انيميا 10 وكان عندى حصوات بالمرارة وعملت العملية ولا زالت البقع موجودة ما العلاج الاكيد وشكرا,0.420706,0.87,0.45,-0.2,0.239028,0.04,0.115385,ent_symptom_59d5c1de0b88,الدم,semantic_qa_evidence,semantic_qa_relation_expansion,rel_seed_f03eb900aed1136f,rel_seed_f03eb900aed1136f,direct,INVESTIGATED_BY,ent_symptom_59d5c1de0b88,الدم,Symptom,ent_test_f6ff9119ed14,تصوير الجهاز البولي,Test,ahd5k_00666,تصوير الجهاز البولي لتحديد مكان خروج الدم,Direct investigation of blood symptom through imaging
trial_query_100,عندى بقع بنية على جانبى الوجة وانا اعانى من انيميا 10 وكان عندى حصوات بالمرارة وعملت العملية ولا زالت البقع موجودة ما العلاج الاكيد وشكرا,0.412803,0.85,0.45,-0.2,0.523039,0.0,0.192308,ent_test_dd68aa784555,تحاليل مخبرية,semantic_qa_evidence,semantic_qa_relation_expansion,rel_seed_5fa73ea7b6f6ff3f__inverse,rel_seed_5fa73ea7b6f6ff3f,inverse,DIAGNOSES,ent_test_dd68aa784555,تحاليل مخبرية,Test,ent_diseasecondition_9719230327a2,فقر الدم,DiseaseCondition,ahd5k_00696,الفوال أو التفول هو الاضطراب الخلقي الجيني الناجم عن نقص الأنزيم المسؤول عن الحفاظ على تركيز ببتيد الغلوتاثيون,التحاليل المخبرية مذكورة بشكل مباشر كوسيلة لتشخيص نقص الأنزيم المرتبط بفقر الدم الانحلالي.
trial_query_100,عندى بقع بنية على جانبى الوجة وانا اعانى من انيميا 10 وكان عندى حصوات بالمرارة وعملت العملية ولا زالت البقع موجودة ما العلاج الاكيد وشكرا,0.384006,0.88,0.45,-0.2,0.239028,0.0,0.115385,ent_test_f6ff9119ed14,تصوير الجهاز البولي,semantic_qa_evidence,semantic_qa_relation_expansion,rel_seed_582350660fdefde2__inverse,rel_seed_582350660fdefde2,inverse,DIAGNOSES,ent_test_f6ff9119ed14,تصوير الجهاز البولي,Test,ent_diseasecondition_16cf4e77b755,التهاب,DiseaseCondition,ahd5k_00666,تصوير الجهاز البولي لتحديد سبب التهاب المثانة,Diagnostic imaging directly linked to inflammation diagnosis
trial_query_100,عندى بقع بنية على جانبى الوجة وانا اعانى من انيميا 10 وكان عندى حصوات بالمرارة وعملت العملية ولا زالت البقع موجودة ما العلاج الاكيد وشكرا,0.383766,0.88,0.45,-0.2,0.237027,0.0,0.115385,ent_test_433492431144,تحليل الحساسية,semantic_qa_evidence,semantic_qa_relation_expansion,rel_seed_e4f1901524d0dd30__inverse,rel_seed_e4f1901524d0dd30,inverse,DIAGNOSES,ent_test_433492431144,تحليل الحساسية,Test,ent_diseasecondition_250910ab0701,حساسية الصدر,DiseaseCondition,ahd5k_04490,تحليل الحساسية explicitly mentioned as diagnostic tool for حساسية الصدر,Test directly linked to condition diagnosis in QA
trial_query_100,عندى بقع بنية على جانبى الوجة وانا اعانى من انيميا 10 وكان عندى حصوات بالمرارة وعملت العملية ولا زالت البقع موجودة ما العلاج الاكيد وشكرا,0.380706,0.87,0.45,-0.2,0.239028,0.0,0.115385,ent_test_f6ff9119ed14,تصوير الجهاز البولي,semantic_qa_evidence,semantic_qa_relation_expansion,rel_seed_f03eb900aed1136f__inverse,rel_seed_f03eb900aed1136f,inverse,INVESTIGATES,ent_test_f6ff9119ed14,تصوير الجهاز البولي,Test,ent_symptom_59d5c1de0b88,الدم,Symptom,ahd5k_00666,تصوير الجهاز البولي لتحديد مكان خروج الدم,Direct investigation of blood symptom through imaging
trial_query_101,ماهو البردقوش وهل يوجد باليمن وهل يزيد من عدد الحيوانات المنويه؟,0.770885,0.85,0.45,1.0,0.67897,0.04,0.181818,ent_diseasecondition_f870ba2ab6eb,الدورة الشهرية,semantic_qa_evidence,semantic_qa_relation_expansion,rel_seed_9771359a526fa098,rel_seed_9771359a526fa098,direct,TREATED_BY,ent_diseasecondition_f870ba2ab6eb,الدورة الشهرية,DiseaseCondition,ent_treatment_fc32e4036e25,البردقوش,Treatment,ahd5k_04015,البردقوش,Direct treatment recommendation for menstrual cycle regulation
trial_query_101,ماهو البردقوش وهل يوجد باليمن وهل يزيد من عدد الحيوانات المنويه؟,0.761552,0.85,0.45,1.0,0.555738,0.04,0.272727,ent_symptom_215297000d7a,التدخين,semantic_qa_evidence,semantic_qa_relation_expansion,rel_seed_14e9d1b76fd7c5e9,rel_seed_14e9d1b76fd7c5e9,direct,INVESTIGATED_BY,ent_symptom_215297000d7a,التدخين,Symptom,ent_test_51926b4c8cd0,الحيوانات المنوية,Test,ahd5k_01629,سلامة الحيوانات المنوية للزوج,التدخين كعامل مُستقصى عبر فحص الحيوانات المنوية
trial_query_101,ماهو البردقوش وهل يوجد باليمن وهل يزيد من عدد الحيوانات المنويه؟,0.716151,0.85,0.45,1.0,0.268302,0.04,0.090909,ent_diseasecondition_f870ba2ab6eb,الدورة الشهرية,semantic_qa_evidence,semantic_qa_relation_expansion,rel_seed_ff666fc9288a7df2,rel_seed_ff666fc9288a7df2,direct,TREATED_BY,ent_diseasecondition_f870ba2ab6eb,الدورة الشهرية,DiseaseCondition,ent_treatment_fd42eb263b89,اكليل الجبل,Treatment,ahd5k_04015,اكليل الجبل,Direct treatment recommendation for menstrual cycle regulation
trial_query_101,ماهو البردقوش وهل يوجد باليمن وهل يزيد من عدد الحيوانات المنويه؟,0.716151,0.85,0.45,1.0,0.268302,0.04,0.090909,ent_diseasecondition_f870ba2ab6eb,الدورة الشهرية,semantic_qa_evidence,semantic_qa_relation_expansion,rel_seed_410b5987d20de0d3,rel_seed_410b5987d20de0d3,direct,TREATED_BY,ent_diseasecondition_f870ba2ab6eb,الدورة الشهرية,DiseaseCondition,ent_treatment_b792fc31b8bb,الميرمية,Treatment,ahd5k_04015,الميرمية,Direct treatment recommendation for menstrual cycle regulation
trial_query_101,ماهو البردقوش وهل يوجد باليمن وهل يزيد من عدد الحيوانات المنويه؟,0.716151,0.85,0.45,1.0,0.268302,0.04,0.090909,ent_diseasecondition_f870ba2ab6eb,الدورة الشهرية,semantic_qa_evidence,semantic_qa_relation_expansion,rel_seed_326f7e183a766cef,rel_seed_326f7e183a766cef,direct,TREATED_BY,ent_diseasecondition_f870ba2ab6eb,الدورة الشهرية,DiseaseCondition,ent_treatment_c91b15de897a,البقدونس,Treatment,ahd5k_04015,البقدونس,Direct treatment recommendation for menstrual cycle regulation
trial_query_101,ماهو البردقوش وهل يوجد باليمن وهل يزيد من عدد الحيوانات المنويه؟,0.716151,0.85,0.45,1.0,0.268302,0.04,0.090909,ent_diseasecondition_f870ba2ab6eb,الدورة الشهرية,semantic_qa_evidence,semantic_qa_relation_expansion,rel_seed_efa5cdecacaf49f5,rel_seed_efa5cdecacaf49f5,direct,TREATED_BY,ent_diseasecondition_f870ba2ab6eb,الدورة الشهرية,DiseaseCondition,ent_treatment_c2ead061e2d0,حشيشة الملاك,Treatment,ahd5k_04015,حشيشة الملاك,Direct treatment recommendation for menstrual cycle regulation
trial_query_101,ماهو البردقوش وهل يوجد باليمن وهل يزيد من عدد الحيوانات المنويه؟,0.716151,0.85,0.45,1.0,0.268302,0.04,0.090909,ent_diseasecondition_f870ba2ab6eb,الدورة الشهرية,semantic_qa_evidence,semantic_qa_relation_expansion,rel_seed_244c1ab7820a5189,rel_seed_244c1ab7820a5189,direct,TREATED_BY,ent_diseasecondition_f870ba2ab6eb,الدورة الشهرية,DiseaseCondition,ent_treatment_895d0d591838,القرفة,Treatment,ahd5k_04015,القرفة,Direct treatment recommendation for menstrual cycle regulation
trial_query_101,ماهو البردقوش وهل يوجد باليمن وهل يزيد من عدد الحيوانات المنويه؟,0.716151,0.85,0.45,1.0,0.268302,0.04,0.090909,ent_diseasecondition_f870ba2ab6eb,الدورة الشهرية,semantic_qa_evidence,semantic_qa_relation_expansion,rel_seed_a7bb8588332ff407,rel_seed_a7bb8588332ff407,direct,TREATED_BY,ent_diseasecondition_f870ba2ab6eb,الدورة الشهرية,DiseaseCondition,ent_treatment_639e625fe991,الزنجبيل,Treatment,ahd5k_04015,الزنجبيل,Direct treatment recommendation for menstrual cycle regulation
trial_query_101,ماهو البردقوش وهل يوجد باليمن وهل يزيد من عدد الحيوانات المنويه؟,0.716151,0.85,0.45,1.0,0.268302,0.04,0.090909,ent_diseasecondition_f870ba2ab6eb,الدورة الشهرية,semantic_qa_evidence,semantic_qa_relation_expansion,rel_seed_512abecec0fbc4b3,rel_seed_512abecec0fbc4b3,direct,TREATED_BY,ent_diseasecondition_f870ba2ab6eb,الدورة الشهرية,DiseaseCondition,ent_treatment_2cb98decc0ee,الكرفس,Treatment,ahd5k_04015,الكرفس,Direct treatment recommendation for menstrual cycle regulation
trial_query_101,ماهو البردقوش وهل يوجد باليمن وهل يزيد من عدد الحيوانات المنويه؟,0.705303,0.85,0.45,1.0,0.132453,0.04,0.181818,ent_diseasecondition_7754d34e2c52,شيب,semantic_qa_evidence,semantic_qa_relation_expansion,rel_seed_950a6cd53d4f8f78,rel_seed_950a6cd53d4f8f78,direct,TREATED_BY,ent_diseasecondition_7754d34e2c52,شيب,DiseaseCondition,ent_treatment_48712ae621b5,خلطة الريحان و الروزماري,Treatment,ahd5k_04612,هل خلطة الريحان و الروزماري مفيدة للتخلص من الشيب,Direct treatment recommendation for gray hair
trial_query_101,ماهو البردقوش وهل يوجد باليمن وهل يزيد من عدد الحيوانات المنويه؟,0.562885,0.85,1.0,-0.2,0.67897,0.0,0.181818,ent_treatment_fc32e4036e25,البردقوش,detected_exact,seed_entity_traversal,rel_seed_9771359a526fa098__inverse,rel_seed_9771359a526fa098,inverse,TREATS,ent_treatment_fc32e4036e25,البردقوش,Treatment,ent_diseasecondition_f870ba2ab6eb,الدورة الشهرية,DiseaseCondition,ahd5k_04015,البردقوش,Direct treatment recommendation for menstrual cycle regulation
trial_query_101,ماهو البردقوش وهل يوجد باليمن وهل يزيد من عدد الحيوانات المنويه؟,0.553552,0.85,1.0,-0.2,0.555738,0.0,0.272727,ent_test_51926b4c8cd0,الحيوانات المنوية,detected_exact,seed_entity_traversal,rel_seed_14e9d1b76fd7c5e9__inverse,rel_seed_14e9d1b76fd7c5e9,inverse,INVESTIGATES,ent_test_51926b4c8cd0,الحيوانات المنوية,Test,ent_symptom_215297000d7a,التدخين,Symptom,ahd5k_01629,سلامة الحيوانات المنوية للزوج,التدخين كعامل مُستقصى عبر فحص الحيوانات المنوية
trial_query_101,ماهو البردقوش وهل يوجد باليمن وهل يزيد من عدد الحيوانات المنويه؟,0.376151,0.85,0.45,-0.2,0.268302,0.0,0.090909,ent_treatment_fd42eb263b89,اكليل الجبل,semantic_qa_evidence,semantic_qa_relation_expansion,rel_seed_ff666fc9288a7df2__inverse,rel_seed_ff666fc9288a7df2,inverse,TREATS,ent_treatment_fd42eb263b89,اكليل الجبل,Treatment,ent_diseasecondition_f870ba2ab6eb,الدورة الشهرية,DiseaseCondition,ahd5k_04015,اكليل الجبل,Direct treatment recommendation for menstrual cycle regulation
trial_query_101,ماهو البردقوش وهل يوجد باليمن وهل يزيد من عدد الحيوانات المنويه؟,0.376151,0.85,0.45,-0.2,0.268302,0.0,0.090909,ent_treatment_b792fc31b8bb,الميرمية,semantic_qa_evidence,semantic_qa_relation_expansion,rel_seed_410b5987d20de0d3__inverse,rel_seed_410b5987d20de0d3,inverse,TREATS,ent_treatment_b792fc31b8bb,الميرمية,Treatment,ent_diseasecondition_f870ba2ab6eb,الدورة الشهرية,DiseaseCondition,ahd5k_04015,الميرمية,Direct treatment recommendation for menstrual cycle regulation
trial_query_101,ماهو البردقوش وهل يوجد باليمن وهل يزيد من عدد الحيوانات المنويه؟,0.376151,0.85,0.45,-0.2,0.268302,0.0,0.090909,ent_treatment_c91b15de897a,البقدونس,semantic_qa_evidence,semantic_qa_relation_expansion,rel_seed_326f7e183a766cef__inverse,rel_seed_326f7e183a766cef,inverse,TREATS,ent_treatment_c91b15de897a,البقدونس,Treatment,ent_diseasecondition_f870ba2ab6eb,الدورة الشهرية,DiseaseCondition,ahd5k_04015,البقدونس,Direct treatment recommendation for menstrual cycle regulation
trial_query_101,ماهو البردقوش وهل يوجد باليمن وهل يزيد من عدد الحيوانات المنويه؟,0.376151,0.85,0.45,-0.2,0.268302,0.0,0.090909,ent_treatment_c2ead061e2d0,حشيشة الملاك,semantic_qa_evidence,semantic_qa_relation_expansion,rel_seed_efa5cdecacaf49f5__inverse,rel_seed_efa5cdecacaf49f5,inverse,TREATS,ent_treatment_c2ead061e2d0,حشيشة الملاك,Treatment,ent_diseasecondition_f870ba2ab6eb,الدورة الشهرية,DiseaseCondition,ahd5k_04015,حشيشة الملاك,Direct treatment recommendation for menstrual cycle regulation
trial_query_101,ماهو البردقوش وهل يوجد باليمن وهل يزيد من عدد الحيوانات المنويه؟,0.376151,0.85,0.45,-0.2,0.268302,0.0,0.090909,ent_treatment_895d0d591838,القرفة,semantic_qa_evidence,semantic_qa_relation_expansion,rel_seed_244c1ab7820a5189__inverse,rel_seed_244c1ab7820a5189,inverse,TREATS,ent_treatment_895d0d591838,القرفة,Treatment,ent_diseasecondition_f870ba2ab6eb,الدورة الشهرية,DiseaseCondition,ahd5k_04015,القرفة,Direct treatment recommendation for menstrual cycle regulation
trial_query_101,ماهو البردقوش وهل يوجد باليمن وهل يزيد من عدد الحيوانات المنويه؟,0.376151,0.85,0.45,-0.2,0.268302,0.0,0.090909,ent_treatment_639e625fe991,الزنجبيل,semantic_qa_evidence,semantic_qa_relation_expansion,rel_seed_a7bb8588332ff407__inverse,rel_seed_a7bb8588332ff407,inverse,TREATS,ent_treatment_639e625fe991,الزنجبيل,Treatment,ent_diseasecondition_f870ba2ab6eb,الدورة الشهرية,DiseaseCondition,ahd5k_04015,الزنجبيل,Direct treatment recommendation for menstrual cycle regulation
trial_query_101,ماهو البردقوش وهل يوجد باليمن وهل يزيد من عدد الحيوانات المنويه؟,0.376151,0.85,0.45,-0.2,0.268302,0.0,0.090909,ent_treatment_2cb98decc0ee,الكرفس,semantic_qa_evidence,semantic_qa_relation_expansion,rel_seed_512abecec0fbc4b3__inverse,rel_seed_512abecec0fbc4b3,inverse,TREATS,ent_treatment_2cb98decc0ee,الكرفس,Treatment,ent_diseasecondition_f870ba2ab6eb,الدورة الشهرية,DiseaseCondition,ahd5k_04015,الكرفس,Direct treatment recommendation for menstrual cycle regulation
trial_query_101,ماهو البردقوش وهل يوجد باليمن وهل يزيد من عدد الحيوانات المنويه؟,0.365303,0.85,0.45,-0.2,0.132453,0.0,0.181818,ent_treatment_48712ae621b5,خلطة الريحان و الروزماري,semantic_qa_evidence,semantic_qa_relation_expansion,rel_seed_950a6cd53d4f8f78__inverse,rel_seed_950a6cd53d4f8f78,inverse,TREATS,ent_treatment_48712ae621b5,خلطة الريحان و الروزماري,Treatment,ent_diseasecondition_7754d34e2c52,شيب,DiseaseCondition,ahd5k_04612,هل خلطة الريحان و الروزماري مفيدة للتخلص من الشيب,Direct treatment recommendation for gray hair
trial_query_102,اعاني من حموضة وصعوبة في التنفس وصعوبة بلع والم في الجانب الايسر من الصدر مع تعب في الكتف اليسرى بعد ابذال مجهود فهل هذا خطر على القلب ام حموضة عادية,0.848031,0.88,1.0,1.0,0.463592,0.0,0.2,ent_symptom_28acc791e82d,تعب,detected_exact,seed_entity_traversal,rel_seed_b17e2cb75449ca9f__inverse,rel_seed_b17e2cb75449ca9f,inverse,SYMPTOM_OF,ent_symptom_28acc791e82d,تعب,Symptom,ent_diseasecondition_16cf4e77b755,التهاب,DiseaseCondition,ahd5k_03872,اعاني من فتره من آلام في الانف والوجه والاخص الجبين واشعر بحساسيه في الحلق مما يسبب لي ضيق تنفس وتعب بشكل عام,Fatigue explicitly mentioned as symptom of inflammation
trial_query_102,اعاني من حموضة وصعوبة في التنفس وصعوبة بلع والم في الجانب الايسر من الصدر مع تعب في الكتف اليسرى بعد ابذال مجهود فهل هذا خطر على القلب ام حموضة عادية,0.756031,0.88,0.45,1.0,0.463592,0.04,0.2,ent_diseasecondition_16cf4e77b755,التهاب,semantic_qa_evidence,semantic_qa_relation_expansion,rel_seed_b17e2cb75449ca9f,rel_seed_b17e2cb75449ca9f,direct,HAS_SYMPTOM,ent_diseasecondition_16cf4e77b755,التهاب,DiseaseCondition,ent_symptom_28acc791e82d,تعب,Symptom,ahd5k_03872,اعاني من فتره من آلام في الانف والوجه والاخص الجبين واشعر بحساسيه في الحلق مما يسبب لي ضيق تنفس وتعب بشكل عام,Fatigue explicitly mentioned as symptom of inflammation
trial_query_102,اعاني من حموضة وصعوبة في التنفس وصعوبة بلع والم في الجانب الايسر من الصدر مع تعب في الكتف اليسرى بعد ابذال مجهود فهل هذا خطر على القلب ام حموضة عادية,0.736531,0.89,0.45,1.0,0.293592,0.04,0.16,ent_diseasecondition_16cf4e77b755,التهاب,semantic_qa_evidence,semantic_qa_relation_expansion,rel_seed_4e0920fcda8ee854,rel_seed_4e0920fcda8ee854,direct,HAS_SYMPTOM,ent_diseasecondition_16cf4e77b755,التهاب,DiseaseCondition,ent_symptom_7b839cc80688,ضيق تنفس,Symptom,ahd5k_03872,اعاني من فتره من آلام في الانف والوجه والاخص الجبين واشعر بحساسيه في الحلق مما يسبب لي ضيق تنفس وتعب بشكل عام,Direct symptom linkage in inflammation context
trial_query_102,اعاني من حموضة وصعوبة في التنفس وصعوبة بلع والم في الجانب الايسر من الصدر مع تعب في الكتف اليسرى بعد ابذال مجهود فهل هذا خطر على القلب ام حموضة عادية,0.696531,0.89,0.45,1.0,0.293592,0.0,0.16,ent_symptom_7b839cc80688,ضيق تنفس,semantic_qa_evidence,semantic_qa_relation_expansion,rel_seed_4e0920fcda8ee854__inverse,rel_seed_4e0920fcda8ee854,inverse,SYMPTOM_OF,ent_symptom_7b839cc80688,ضيق تنفس,Symptom,ent_diseasecondition_16cf4e77b755,التهاب,DiseaseCondition,ahd5k_03872,اعاني من فتره من آلام في الانف والوجه والاخص الجبين واشعر بحساسيه في الحلق مما يسبب لي ضيق تنفس وتعب بشكل عام,Direct symptom linkage in inflammation context
trial_query_102,اعاني من حموضة وصعوبة في التنفس وصعوبة بلع والم في الجانب الايسر من الصدر مع تعب في الكتف اليسرى بعد ابذال مجهود فهل هذا خطر على القلب ام حموضة عادية,0.583072,0.9,1.0,-0.2,0.387268,0.04,0.16,ent_symptom_db012388d676,الكتف,detected_exact,seed_entity_traversal,rel_seed_b2361f2f508625ea,rel_seed_b2361f2f508625ea,direct,TREATED_BY,ent_symptom_db012388d676,الكتف,Symptom,ent_treatment_c93941cf1d98,البروفين,Treatment,ahd5k_00486,تناول بعض الأدوية المسكنة للألم اللاستيروئيدية، مثل البروفين,Direct evidence links ibuprofen as a recommended treatment for shoulder pain.
trial_query_102,اعاني من حموضة وصعوبة في التنفس وصعوبة بلع والم في الجانب الايسر من الصدر مع تعب في الكتف اليسرى بعد ابذال مجهود فهل هذا خطر على القلب ام حموضة عادية,0.411072,0.9,0.45,-0.2,0.387268,0.0,0.16,ent_treatment_c93941cf1d98,البروفين,semantic_qa_evidence,semantic_qa_relation_expansion,rel_seed_b2361f2f508625ea__inverse,rel_seed_b2361f2f508625ea,inverse,TREATS,ent_treatment_c93941cf1d98,البروفين,Treatment,ent_symptom_db012388d676,الكتف,Symptom,ahd5k_00486,تناول بعض الأدوية المسكنة للألم اللاستيروئيدية، مثل البروفين,Direct evidence links ibuprofen as a recommended treatment for shoulder pain.
trial_query_103,ما هو ابسط علاج لمرض السكر بدون كيماويات؟,0.796243,0.85,0.55,1.0,0.614522,0.04,0.333333,ent_diseasecondition_380db6d92562,مرض السكري,semantic_candidate,seed_entity_traversal,rel_seed_1a25f42f93f6f380,rel_seed_1a25f42f93f6f380,direct,HAS_SYMPTOM,ent_diseasecondition_380db6d92562,مرض السكري,DiseaseCondition,ent_symptom_724e59ded899,ضغط الدم,Symptom,ahd5k_02607,مرض السكري وضغط الدم,Direct disease-symptom relationship established
trial_query_103,ما هو ابسط علاج لمرض السكر بدون كيماويات؟,0.791243,0.85,0.55,1.0,0.614522,0.04,0.25,ent_diseasecondition_380db6d92562,مرض السكري,semantic_candidate,seed_entity_traversal,rel_seed_bd9e5c6d36b9dbdb,rel_seed_bd9e5c6d36b9dbdb,direct,HAS_SYMPTOM,ent_diseasecondition_380db6d92562,مرض السكري,DiseaseCondition,ent_symptom_724e59ded899,ضغط الدم,Symptom,ahd5k_01294,مرض السكري وضغط الدمز,Direct co-occurrence with explicit disease-symptom relationship
trial_query_103,ما هو ابسط علاج لمرض السكر بدون كيماويات؟,0.791243,0.85,0.55,1.0,0.614522,0.04,0.25,ent_diseasecondition_380db6d92562,مرض السكري,semantic_candidate,seed_entity_traversal,rel_seed_b3536762c6f85e02,rel_seed_b3536762c6f85e02,direct,HAS_SYMPTOM,ent_diseasecondition_380db6d92562,مرض السكري,DiseaseCondition,ent_symptom_724e59ded899,ضغط الدم,Symptom,ahd5k_04912,مع العلم أن المريض يعاني من مرض السكر,Explicit disease-symptom relationship
trial_query_103,ما هو ابسط علاج لمرض السكر بدون كيماويات؟,0.732243,0.85,0.45,1.0,0.614522,0.0,0.333333,ent_symptom_724e59ded899,ضغط الدم,semantic_qa_evidence,semantic_qa_relation_expansion,rel_seed_1a25f42f93f6f380__inverse,rel_seed_1a25f42f93f6f380,inverse,SYMPTOM_OF,ent_symptom_724e59ded899,ضغط الدم,Symptom,ent_diseasecondition_380db6d92562,مرض السكري,DiseaseCondition,ahd5k_02607,مرض السكري وضغط الدم,Direct disease-symptom relationship established
trial_query_103,ما هو ابسط علاج لمرض السكر بدون كيماويات؟,0.727243,0.85,0.45,1.0,0.614522,0.0,0.25,ent_symptom_724e59ded899,ضغط الدم,semantic_qa_evidence,semantic_qa_relation_expansion,rel_seed_b3536762c6f85e02__inverse,rel_seed_b3536762c6f85e02,inverse,SYMPTOM_OF,ent_symptom_724e59ded899,ضغط الدم,Symptom,ent_diseasecondition_380db6d92562,مرض السكري,DiseaseCondition,ahd5k_04912,مع العلم أن المريض يعاني من مرض السكر,Explicit disease-symptom relationship
trial_query_103,ما هو ابسط علاج لمرض السكر بدون كيماويات؟,0.517743,0.9,0.55,-0.2,0.614522,0.04,0.416667,ent_diseasecondition_380db6d92562,مرض السكري,semantic_candidate,seed_entity_traversal,rel_seed_fff580f977f6b0c9,rel_seed_fff580f977f6b0c9,direct,DIAGNOSED_BY,ent_diseasecondition_380db6d92562,مرض السكري,DiseaseCondition,ent_test_dd68aa784555,تحاليل مخبرية,Test,ahd5k_01551,تحاليل مخبرية,Lab tests are standard diagnostic tools for diabetes.
trial_query_103,ما هو ابسط علاج لمرض السكر بدون كيماويات؟,0.453743,0.9,0.45,-0.2,0.614522,0.0,0.416667,ent_test_dd68aa784555,تحاليل مخبرية,semantic_qa_evidence,semantic_qa_relation_expansion,rel_seed_fff580f977f6b0c9__inverse,rel_seed_fff580f977f6b0c9,inverse,DIAGNOSES,ent_test_dd68aa784555,تحاليل مخبرية,Test,ent_diseasecondition_380db6d92562,مرض السكري,DiseaseCondition,ahd5k_01551,تحاليل مخبرية,Lab tests are standard diagnostic tools for diabetes.
trial_query_103,ما هو ابسط علاج لمرض السكر بدون كيماويات؟,0.432344,0.85,0.45,-0.2,0.282031,0.04,0.333333,ent_diseasecondition_16cf4e77b755,التهاب,semantic_qa_evidence,semantic_qa_relation_expansion,rel_seed_85a95e9683ec40c4,rel_seed_85a95e9683ec40c4,direct,DIAGNOSED_BY,ent_diseasecondition_16cf4e77b755,التهاب,DiseaseCondition,ent_test_dd68aa784555,تحاليل مخبرية,Test,ahd5k_01551,تحاليل مخبرية,Lab tests are standard diagnostic tools for inflammation.
trial_query_103,ما هو ابسط علاج لمرض السكر بدون كيماويات؟,0.392344,0.85,0.45,-0.2,0.282031,0.0,0.333333,ent_test_dd68aa784555,تحاليل مخبرية,semantic_qa_evidence,semantic_qa_relation_expansion,rel_seed_85a95e9683ec40c4__inverse,rel_seed_85a95e9683ec40c4,inverse,DIAGNOSES,ent_test_dd68aa784555,تحاليل مخبرية,Test,ent_diseasecondition_16cf4e77b755,التهاب,DiseaseCondition,ahd5k_01551,تحاليل مخبرية,Lab tests are standard diagnostic tools for inflammation.
trial_query_104,انا عملت جراحة فى القلب وتم تغير الصمام المترالى بصمام ميكانيكى صناعى وباخد دواء واريفان ( لسيولة الدم ) 8 ملجرام ومصاب بالانفلوانزا ماالعلاج المناسب,0.4192,0.9,0.45,-0.2,0.121666,0.04,0.16,ent_diseasecondition_db17a406c72e,ارتفاع ضغط الدم,semantic_qa_evidence,semantic_qa_relation_expansion,rel_seed_a287eb5127f157e6,rel_seed_a287eb5127f157e6,direct,HAS_SYMPTOM,ent_diseasecondition_db17a406c72e,ارتفاع ضغط الدم,DiseaseCondition,ent_symptom_1f6a3892391d,خفقان القلب,Symptom,ahd5k_04701,تسارع في ضربات القلب,Direct symptom mentioned in hypertension context
trial_query_104,انا عملت جراحة فى القلب وتم تغير الصمام المترالى بصمام ميكانيكى صناعى وباخد دواء واريفان ( لسيولة الدم ) 8 ملجرام ومصاب بالانفلوانزا ماالعلاج المناسب,0.4168,0.9,0.45,-0.2,0.121666,0.04,0.12,ent_diseasecondition_db17a406c72e,ارتفاع ضغط الدم,semantic_qa_evidence,semantic_qa_relation_expansion,rel_seed_22133d1ffdf602e1,rel_seed_22133d1ffdf602e1,direct,HAS_SYMPTOM,ent_diseasecondition_db17a406c72e,ارتفاع ضغط الدم,DiseaseCondition,ent_symptom_1f6a3892391d,خفقان القلب,Symptom,ahd5k_03624,خفقان القلب الشديد,Direct symptom mentioned in hypertension context
trial_query_104,انا عملت جراحة فى القلب وتم تغير الصمام المترالى بصمام ميكانيكى صناعى وباخد دواء واريفان ( لسيولة الدم ) 8 ملجرام ومصاب بالانفلوانزا ماالعلاج المناسب,0.4126,0.88,0.45,-0.2,0.121666,0.04,0.16,ent_diseasecondition_db17a406c72e,ارتفاع ضغط الدم,semantic_qa_evidence,semantic_qa_relation_expansion,rel_seed_13b272c580e2d6d6,rel_seed_13b272c580e2d6d6,direct,HAS_SYMPTOM,ent_diseasecondition_db17a406c72e,ارتفاع ضغط الدم,DiseaseCondition,ent_symptom_7b839cc80688,ضيق تنفس,Symptom,ahd5k_04701,ضيق تنفس,Direct symptom mentioned in hypertension context
trial_query_104,انا عملت جراحة فى القلب وتم تغير الصمام المترالى بصمام ميكانيكى صناعى وباخد دواء واريفان ( لسيولة الدم ) 8 ملجرام ومصاب بالانفلوانزا ماالعلاج المناسب,0.4027,0.85,0.45,-0.2,0.121666,0.04,0.16,ent_diseasecondition_db17a406c72e,ارتفاع ضغط الدم,semantic_qa_evidence,semantic_qa_relation_expansion,rel_seed_06f1204a91052e39,rel_seed_06f1204a91052e39,direct,HAS_SYMPTOM,ent_diseasecondition_db17a406c72e,ارتفاع ضغط الدم,DiseaseCondition,ent_symptom_850b2a35c32d,دوخة,Symptom,ahd5k_04701,دوخة,Direct symptom mentioned in hypertension context
trial_query_104,انا عملت جراحة فى القلب وتم تغير الصمام المترالى بصمام ميكانيكى صناعى وباخد دواء واريفان ( لسيولة الدم ) 8 ملجرام ومصاب بالانفلوانزا ماالعلاج المناسب,0.398061,0.85,0.45,-0.2,0.103011,0.04,0.12,ent_diseasecondition_380db6d92562,مرض السكري,semantic_qa_evidence,semantic_qa_relation_expansion,rel_seed_bd9e5c6d36b9dbdb,rel_seed_bd9e5c6d36b9dbdb,direct,HAS_SYMPTOM,ent_diseasecondition_380db6d92562,مرض السكري,DiseaseCondition,ent_symptom_724e59ded899,ضغط الدم,Symptom,ahd5k_01294,مرض السكري وضغط الدمز,Direct co-occurrence with explicit disease-symptom relationship
trial_query_104,انا عملت جراحة فى القلب وتم تغير الصمام المترالى بصمام ميكانيكى صناعى وباخد دواء واريفان ( لسيولة الدم ) 8 ملجرام ومصاب بالانفلوانزا ماالعلاج المناسب,0.3792,0.9,0.45,-0.2,0.121666,0.0,0.16,ent_symptom_1f6a3892391d,خفقان القلب,semantic_qa_evidence,semantic_qa_relation_expansion,rel_seed_a287eb5127f157e6__inverse,rel_seed_a287eb5127f157e6,inverse,SYMPTOM_OF,ent_symptom_1f6a3892391d,خفقان القلب,Symptom,ent_diseasecondition_db17a406c72e,ارتفاع ضغط الدم,DiseaseCondition,ahd5k_04701,تسارع في ضربات القلب,Direct symptom mentioned in hypertension context
trial_query_104,انا عملت جراحة فى القلب وتم تغير الصمام المترالى بصمام ميكانيكى صناعى وباخد دواء واريفان ( لسيولة الدم ) 8 ملجرام ومصاب بالانفلوانزا ماالعلاج المناسب,0.3768,0.9,0.45,-0.2,0.121666,0.0,0.12,ent_symptom_1f6a3892391d,خفقان القلب,semantic_qa_evidence,semantic_qa_relation_expansion,rel_seed_22133d1ffdf602e1__inverse,rel_seed_22133d1ffdf602e1,inverse,SYMPTOM_OF,ent_symptom_1f6a3892391d,خفقان القلب,Symptom,ent_diseasecondition_db17a406c72e,ارتفاع ضغط الدم,DiseaseCondition,ahd5k_03624,خفقان القلب الشديد,Direct symptom mentioned in hypertension context
trial_query_104,انا عملت جراحة فى القلب وتم تغير الصمام المترالى بصمام ميكانيكى صناعى وباخد دواء واريفان ( لسيولة الدم ) 8 ملجرام ومصاب بالانفلوانزا ماالعلاج المناسب,0.3726,0.88,0.45,-0.2,0.121666,0.0,0.16,ent_symptom_7b839cc80688,ضيق تنفس,semantic_qa_evidence,semantic_qa_relation_expansion,rel_seed_13b272c580e2d6d6__inverse,rel_seed_13b272c580e2d6d6,inverse,SYMPTOM_OF,ent_symptom_7b839cc80688,ضيق تنفس,Symptom,ent_diseasecondition_db17a406c72e,ارتفاع ضغط الدم,DiseaseCondition,ahd5k_04701,ضيق تنفس,Direct symptom mentioned in hypertension context
trial_query_104,انا عملت جراحة فى القلب وتم تغير الصمام المترالى بصمام ميكانيكى صناعى وباخد دواء واريفان ( لسيولة الدم ) 8 ملجرام ومصاب بالانفلوانزا ماالعلاج المناسب,0.3627,0.85,0.45,-0.2,0.121666,0.0,0.16,ent_symptom_850b2a35c32d,دوخة,semantic_qa_evidence,semantic_qa_relation_expansion,rel_seed_06f1204a91052e39__inverse,rel_seed_06f1204a91052e39,inverse,SYMPTOM_OF,ent_symptom_850b2a35c32d,دوخة,Symptom,ent_diseasecondition_db17a406c72e,ارتفاع ضغط الدم,DiseaseCondition,ahd5k_04701,دوخة,Direct symptom mentioned in hypertension context
trial_query_104,انا عملت جراحة فى القلب وتم تغير الصمام المترالى بصمام ميكانيكى صناعى وباخد دواء واريفان ( لسيولة الدم ) 8 ملجرام ومصاب بالانفلوانزا ماالعلاج المناسب,0.358061,0.85,0.45,-0.2,0.103011,0.0,0.12,ent_symptom_724e59ded899,ضغط الدم,semantic_qa_evidence,semantic_qa_relation_expansion,rel_seed_bd9e5c6d36b9dbdb__inverse,rel_seed_bd9e5c6d36b9dbdb,inverse,SYMPTOM_OF,ent_symptom_724e59ded899,ضغط الدم,Symptom,ent_diseasecondition_380db6d92562,مرض السكري,DiseaseCondition,ahd5k_01294,مرض السكري وضغط الدمز,Direct co-occurrence with explicit disease-symptom relationship
trial_query_105,هل حبوب كريستور(rousovastatin) تؤثر على عضلة القلب ؟,0.72197,0.85,0.45,1.0,0.140028,0.04,0.444444,ent_diseasecondition_9719230327a2,فقر الدم,semantic_qa_evidence,semantic_qa_relation_expansion,rel_seed_c660576254101bcf,rel_seed_c660576254101bcf,direct,HAS_SYMPTOM,ent_diseasecondition_9719230327a2,فقر الدم,DiseaseCondition,ent_symptom_c81532a33515,الم المعدجة,Symptom,ahd5k_02546,أحيانا الم في المعدة كسل وخمول اضطرابات في النوم,Directly links anemia to stomach pain as a symptom.
trial_query_105,هل حبوب كريستور(rousovastatin) تؤثر على عضلة القلب ؟,0.72197,0.85,0.45,1.0,0.140028,0.04,0.444444,ent_diseasecondition_9719230327a2,فقر الدم,semantic_qa_evidence,semantic_qa_relation_expansion,rel_seed_90514571a31526b3,rel_seed_90514571a31526b3,direct,HAS_SYMPTOM,ent_diseasecondition_9719230327a2,فقر الدم,DiseaseCondition,ent_symptom_c48c0df96785,فقدان الشهيه,Symptom,ahd5k_02546,فقر الدم سبب فقدان الشهيه,Directly states anemia causes loss of appetite.
trial_query_105,هل حبوب كريستور(rousovastatin) تؤثر على عضلة القلب ؟,0.446546,0.99,0.45,-0.2,0.126491,0.04,0.111111,supp_ent_measurement_bp,ضغط الدم,semantic_qa_evidence,semantic_qa_relation_expansion,supp_rel_normal_bp,supp_rel_normal_bp,direct,HAS_NORMAL_RANGE,supp_ent_measurement_bp,ضغط الدم,Measurement,supp_ent_range_bp,140-80 إذا لا توجد أمراض مصاحبة,Range,ahd5k_00085,حسب عوامل الخطورة الأخرى كالسكري والكلى؛ إذا لا توجد أمراض مصاحبة فالقيمة المذكورة 140-80.,dataset-derived supplemental fact from ahd5k_00085
trial_query_105,هل حبوب كريستور(rousovastatin) تؤثر على عضلة القلب ؟,0.446546,0.99,0.45,-0.2,0.126491,0.04,0.111111,supp_ent_measurement_hr,نبض القلب,semantic_qa_evidence,semantic_qa_relation_expansion,supp_rel_normal_hr,supp_rel_normal_hr,direct,HAS_NORMAL_RANGE,supp_ent_measurement_hr,نبض القلب,Measurement,supp_ent_range_hr,65-85 تقريبا وقد يقبل أقل أو أكثر,Range,ahd5k_00085,ضربات القلب تقريبا من 65-85، ويمكن قبول أقل أو أكثر حسب الحالة.,dataset-derived supplemental fact from ahd5k_00085
trial_query_105,هل حبوب كريستور(rousovastatin) تؤثر على عضلة القلب ؟,0.38197,0.85,0.45,-0.2,0.140028,0.0,0.444444,ent_symptom_c81532a33515,الم المعدجة,semantic_qa_evidence,semantic_qa_relation_expansion,rel_seed_c660576254101bcf__inverse,rel_seed_c660576254101bcf,inverse,SYMPTOM_OF,ent_symptom_c81532a33515,الم المعدجة,Symptom,ent_diseasecondition_9719230327a2,فقر الدم,DiseaseCondition,ahd5k_02546,أحيانا الم في المعدة كسل وخمول اضطرابات في النوم,Directly links anemia to stomach pain as a symptom.
trial_query_105,هل حبوب كريستور(rousovastatin) تؤثر على عضلة القلب ؟,0.38197,0.85,0.45,-0.2,0.140028,0.0,0.444444,ent_symptom_c48c0df96785,فقدان الشهيه,semantic_qa_evidence,semantic_qa_relation_expansion,rel_seed_90514571a31526b3__inverse,rel_seed_90514571a31526b3,inverse,SYMPTOM_OF,ent_symptom_c48c0df96785,فقدان الشهيه,Symptom,ent_diseasecondition_9719230327a2,فقر الدم,DiseaseCondition,ahd5k_02546,فقر الدم سبب فقدان الشهيه,Directly states anemia causes loss of appetite.
trial_query_106,هل يوجد أعشاب طبية تساعد على الشفاء من حالة الاكتئاب و الشعور بالخوف ، علما بأنه يوجد لدي فقر دم (انيميا الفول ) و يتجدث حالات الاكتئاب هذه عند تناول...,0.766981,0.9,0.55,1.0,0.330873,0.04,0.137931,ent_diseasecondition_9719230327a2,فقر الدم,semantic_candidate,seed_entity_traversal,rel_seed_184239158a17a8bf,rel_seed_184239158a17a8bf,direct,DIAGNOSED_BY,ent_diseasecondition_9719230327a2,فقر الدم,DiseaseCondition,ent_test_dd68aa784555,تحاليل مخبرية,Test,ahd5k_00757,تحليل فقر الدم,Direct diagnostic test explicitly mentioned for anemia
trial_query_106,هل يوجد أعشاب طبية تساعد على الشفاء من حالة الاكتئاب و الشعور بالخوف ، علما بأنه يوجد لدي فقر دم (انيميا الفول ) و يتجدث حالات الاكتئاب هذه عند تناول...,0.756688,0.85,0.55,1.0,0.330873,0.04,0.241379,ent_diseasecondition_9719230327a2,فقر الدم,semantic_candidate,seed_entity_traversal,rel_seed_5fa73ea7b6f6ff3f,rel_seed_5fa73ea7b6f6ff3f,direct,DIAGNOSED_BY,ent_diseasecondition_9719230327a2,فقر الدم,DiseaseCondition,ent_test_dd68aa784555,تحاليل مخبرية,Test,ahd5k_00696,الفوال أو التفول هو الاضطراب الخلقي الجيني الناجم عن نقص الأنزيم المسؤول عن الحفاظ على تركيز ببتيد الغلوتاثيون,التحاليل المخبرية مذكورة بشكل مباشر كوسيلة لتشخيص نقص الأنزيم المرتبط بفقر الدم الانحلالي.
trial_query_106,هل يوجد أعشاب طبية تساعد على الشفاء من حالة الاكتئاب و الشعور بالخوف ، علما بأنه يوجد لدي فقر دم (انيميا الفول ) و يتجدث حالات الاكتئاب هذه عند تناول...,0.756688,0.85,0.55,1.0,0.330873,0.04,0.241379,ent_diseasecondition_9719230327a2,فقر الدم,semantic_candidate,seed_entity_traversal,rel_seed_c06b8520b4415b11,rel_seed_c06b8520b4415b11,direct,DIAGNOSED_BY,ent_diseasecondition_9719230327a2,فقر الدم,DiseaseCondition,ent_test_8dfa1780f518,فحص تحاليل مخبرية,Test,ahd5k_01162,فحص التحاليل المخبرية مرتبط بتشخيص فقر الدم,الاختبار مذكور كوسيلة لتشخيص الحالة
trial_query_106,هل يوجد أعشاب طبية تساعد على الشفاء من حالة الاكتئاب و الشعور بالخوف ، علما بأنه يوجد لدي فقر دم (انيميا الفول ) و يتجدث حالات الاكتئاب هذه عند تناول...,0.756688,0.85,0.55,1.0,0.330873,0.04,0.241379,ent_diseasecondition_9719230327a2,فقر الدم,semantic_candidate,seed_entity_traversal,rel_seed_0e8bcb10a29e6d54,rel_seed_0e8bcb10a29e6d54,direct,HAS_SYMPTOM,ent_diseasecondition_9719230327a2,فقر الدم,DiseaseCondition,ent_symptom_d48190970b2d,تنميل,Symptom,ahd5k_00838,نقص فيتامين (ب12) يسبب انيميا وتنميل,QA directly states vitamin B12 deficiency causes anemia and numbness
trial_query_106,هل يوجد أعشاب طبية تساعد على الشفاء من حالة الاكتئاب و الشعور بالخوف ، علما بأنه يوجد لدي فقر دم (انيميا الفول ) و يتجدث حالات الاكتئاب هذه عند تناول...,0.750481,0.85,0.55,1.0,0.330873,0.04,0.137931,ent_diseasecondition_9719230327a2,فقر الدم,semantic_candidate,seed_entity_traversal,rel_seed_6eed37b4f0733cbb,rel_seed_6eed37b4f0733cbb,direct,HAS_SYMPTOM,ent_diseasecondition_9719230327a2,فقر الدم,DiseaseCondition,ent_symptom_c81532a33515,الم المعدجة,Symptom,ahd5k_02292,نقص في الدم مع الالم في المعده,Directly states anemia is associated with stomach pain.
trial_query_106,هل يوجد أعشاب طبية تساعد على الشفاء من حالة الاكتئاب و الشعور بالخوف ، علما بأنه يوجد لدي فقر دم (انيميا الفول ) و يتجدث حالات الاكتئاب هذه عند تناول...,0.750481,0.85,0.55,1.0,0.330873,0.04,0.137931,ent_diseasecondition_9719230327a2,فقر الدم,semantic_candidate,seed_entity_traversal,rel_seed_c660576254101bcf,rel_seed_c660576254101bcf,direct,HAS_SYMPTOM,ent_diseasecondition_9719230327a2,فقر الدم,DiseaseCondition,ent_symptom_c81532a33515,الم المعدجة,Symptom,ahd5k_02546,أحيانا الم في المعدة كسل وخمول اضطرابات في النوم,Directly links anemia to stomach pain as a symptom.
trial_query_106,هل يوجد أعشاب طبية تساعد على الشفاء من حالة الاكتئاب و الشعور بالخوف ، علما بأنه يوجد لدي فقر دم (انيميا الفول ) و يتجدث حالات الاكتئاب هذه عند تناول...,0.750481,0.85,0.55,1.0,0.330873,0.04,0.137931,ent_diseasecondition_9719230327a2,فقر الدم,semantic_candidate,seed_entity_traversal,rel_seed_90514571a31526b3,rel_seed_90514571a31526b3,direct,HAS_SYMPTOM,ent_diseasecondition_9719230327a2,فقر الدم,DiseaseCondition,ent_symptom_c48c0df96785,فقدان الشهيه,Symptom,ahd5k_02546,فقر الدم سبب فقدان الشهيه,Directly states anemia causes loss of appetite.
trial_query_106,هل يوجد أعشاب طبية تساعد على الشفاء من حالة الاكتئاب و الشعور بالخوف ، علما بأنه يوجد لدي فقر دم (انيميا الفول ) و يتجدث حالات الاكتئاب هذه عند تناول...,0.561141,0.97,0.85,-0.2,0.254078,0.04,0.275862,focus_ent_anemia,فقر الدم,family_equivalent,seed_entity_traversal,focus_rel_anemia_managed_by_iron_rich_food,focus_rel_anemia_managed_by_iron_rich_food,direct,MANAGED_BY,focus_ent_anemia,فقر الدم,DiseaseCondition,focus_ent_iron_rich_foods,أغذية غنية بالحديد والفولات وفيتامين ب12,DietaryRecommendation,ahd5k_00594,يمكن دعم فقر الدم بنظام غذائي غني بعناصر مثل الحديد وحمض الفوليك وفيتامين ب-12، مع بقاء العلاج حسب نوع فقر الدم تحت إشراف الطبيب.,focused dataset-derived expansion from ahd5k_00594
trial_query_106,هل يوجد أعشاب طبية تساعد على الشفاء من حالة الاكتئاب و الشعور بالخوف ، علما بأنه يوجد لدي فقر دم (انيميا الفول ) و يتجدث حالات الاكتئاب هذه عند تناول...,0.392688,0.85,0.45,-0.2,0.330873,0.0,0.241379,ent_test_dd68aa784555,تحاليل مخبرية,semantic_qa_evidence,semantic_qa_relation_expansion,rel_seed_5fa73ea7b6f6ff3f__inverse,rel_seed_5fa73ea7b6f6ff3f,inverse,DIAGNOSES,ent_test_dd68aa784555,تحاليل مخبرية,Test,ent_diseasecondition_9719230327a2,فقر الدم,DiseaseCondition,ahd5k_00696,الفوال أو التفول هو الاضطراب الخلقي الجيني الناجم عن نقص الأنزيم المسؤول عن الحفاظ على تركيز ببتيد الغلوتاثيون,التحاليل المخبرية مذكورة بشكل مباشر كوسيلة لتشخيص نقص الأنزيم المرتبط بفقر الدم الانحلالي.
trial_query_107,"انا عندى 16 سنة وعندي ارتخاء بالصمام الميترالى والاعراض اللى عندي دوخة لما أقف و بتعب من أقل مجهود , وعند الاستيقاظ هناك ضيق بالتنفس,والدكتورظكاتبلى اندرال 20 جم بس مش...",0.837456,0.88,1.0,1.0,0.428594,0.0,0.09375,ent_symptom_28acc791e82d,تعب,detected_exact,seed_entity_traversal,rel_seed_b17e2cb75449ca9f__inverse,rel_seed_b17e2cb75449ca9f,inverse,SYMPTOM_OF,ent_symptom_28acc791e82d,تعب,Symptom,ent_diseasecondition_16cf4e77b755,التهاب,DiseaseCondition,ahd5k_03872,اعاني من فتره من آلام في الانف والوجه والاخص الجبين واشعر بحساسيه في الحلق مما يسبب لي ضيق تنفس وتعب بشكل عام,Fatigue explicitly mentioned as symptom of inflammation
trial_query_107,"انا عندى 16 سنة وعندي ارتخاء بالصمام الميترالى والاعراض اللى عندي دوخة لما أقف و بتعب من أقل مجهود , وعند الاستيقاظ هناك ضيق بالتنفس,والدكتورظكاتبلى اندرال 20 جم بس مش...",0.82673,0.85,1.0,1.0,0.390456,0.0,0.15625,ent_symptom_850b2a35c32d,دوخة,detected_exact,seed_entity_traversal,rel_seed_06f1204a91052e39__inverse,rel_seed_06f1204a91052e39,inverse,SYMPTOM_OF,ent_symptom_850b2a35c32d,دوخة,Symptom,ent_diseasecondition_db17a406c72e,ارتفاع ضغط الدم,DiseaseCondition,ahd5k_04701,دوخة,Direct symptom mentioned in hypertension context
trial_query_107,"انا عندى 16 سنة وعندي ارتخاء بالصمام الميترالى والاعراض اللى عندي دوخة لما أقف و بتعب من أقل مجهود , وعند الاستيقاظ هناك ضيق بالتنفس,والدكتورظكاتبلى اندرال 20 جم بس مش...",0.745456,0.88,0.45,1.0,0.428594,0.04,0.09375,ent_diseasecondition_16cf4e77b755,التهاب,semantic_qa_evidence,semantic_qa_relation_expansion,rel_seed_b17e2cb75449ca9f,rel_seed_b17e2cb75449ca9f,direct,HAS_SYMPTOM,ent_diseasecondition_16cf4e77b755,التهاب,DiseaseCondition,ent_symptom_28acc791e82d,تعب,Symptom,ahd5k_03872,اعاني من فتره من آلام في الانف والوجه والاخص الجبين واشعر بحساسيه في الحلق مما يسبب لي ضيق تنفس وتعب بشكل عام,Fatigue explicitly mentioned as symptom of inflammation
trial_query_107,"انا عندى 16 سنة وعندي ارتخاء بالصمام الميترالى والاعراض اللى عندي دوخة لما أقف و بتعب من أقل مجهود , وعند الاستيقاظ هناك ضيق بالتنفس,والدكتورظكاتبلى اندرال 20 جم بس مش...",0.737717,0.9,0.45,1.0,0.277849,0.04,0.15625,ent_diseasecondition_db17a406c72e,ارتفاع ضغط الدم,semantic_qa_evidence,semantic_qa_relation_expansion,rel_seed_a287eb5127f157e6,rel_seed_a287eb5127f157e6,direct,HAS_SYMPTOM,ent_diseasecondition_db17a406c72e,ارتفاع ضغط الدم,DiseaseCondition,ent_symptom_1f6a3892391d,خفقان القلب,Symptom,ahd5k_04701,تسارع في ضربات القلب,Direct symptom mentioned in hypertension context
trial_query_107,"انا عندى 16 سنة وعندي ارتخاء بالصمام الميترالى والاعراض اللى عندي دوخة لما أقف و بتعب من أقل مجهود , وعند الاستيقاظ هناك ضيق بالتنفس,والدكتورظكاتبلى اندرال 20 جم بس مش...",0.73473,0.85,0.45,1.0,0.390456,0.04,0.15625,ent_diseasecondition_db17a406c72e,ارتفاع ضغط الدم,semantic_qa_evidence,semantic_qa_relation_expansion,rel_seed_06f1204a91052e39,rel_seed_06f1204a91052e39,direct,HAS_SYMPTOM,ent_diseasecondition_db17a406c72e,ارتفاع ضغط الدم,DiseaseCondition,ent_symptom_850b2a35c32d,دوخة,Symptom,ahd5k_04701,دوخة,Direct symptom mentioned in hypertension context
trial_query_107,"انا عندى 16 سنة وعندي ارتخاء بالصمام الميترالى والاعراض اللى عندي دوخة لما أقف و بتعب من أقل مجهود , وعند الاستيقاظ هناك ضيق بالتنفس,والدكتورظكاتبلى اندرال 20 جم بس مش...",0.731117,0.88,0.45,1.0,0.277849,0.04,0.15625,ent_diseasecondition_db17a406c72e,ارتفاع ضغط الدم,semantic_qa_evidence,semantic_qa_relation_expansion,rel_seed_13b272c580e2d6d6,rel_seed_13b272c580e2d6d6,direct,HAS_SYMPTOM,ent_diseasecondition_db17a406c72e,ارتفاع ضغط الدم,DiseaseCondition,ent_symptom_7b839cc80688,ضيق تنفس,Symptom,ahd5k_04701,ضيق تنفس,Direct symptom mentioned in hypertension context
trial_query_107,"انا عندى 16 سنة وعندي ارتخاء بالصمام الميترالى والاعراض اللى عندي دوخة لما أقف و بتعب من أقل مجهود , وعند الاستيقاظ هناك ضيق بالتنفس,والدكتورظكاتبلى اندرال 20 جم بس مش...",0.726481,0.89,0.45,1.0,0.258594,0.04,0.0625,ent_diseasecondition_16cf4e77b755,التهاب,semantic_qa_evidence,semantic_qa_relation_expansion,rel_seed_4e0920fcda8ee854,rel_seed_4e0920fcda8ee854,direct,HAS_SYMPTOM,ent_diseasecondition_16cf4e77b755,التهاب,DiseaseCondition,ent_symptom_7b839cc80688,ضيق تنفس,Symptom,ahd5k_03872,اعاني من فتره من آلام في الانف والوجه والاخص الجبين واشعر بحساسيه في الحلق مما يسبب لي ضيق تنفس وتعب بشكل عام,Direct symptom linkage in inflammation context
trial_query_107,"انا عندى 16 سنة وعندي ارتخاء بالصمام الميترالى والاعراض اللى عندي دوخة لما أقف و بتعب من أقل مجهود , وعند الاستيقاظ هناك ضيق بالتنفس,والدكتورظكاتبلى اندرال 20 جم بس مش...",0.697717,0.9,0.45,1.0,0.277849,0.0,0.15625,ent_symptom_1f6a3892391d,خفقان القلب,semantic_qa_evidence,semantic_qa_relation_expansion,rel_seed_a287eb5127f157e6__inverse,rel_seed_a287eb5127f157e6,inverse,SYMPTOM_OF,ent_symptom_1f6a3892391d,خفقان القلب,Symptom,ent_diseasecondition_db17a406c72e,ارتفاع ضغط الدم,DiseaseCondition,ahd5k_04701,تسارع في ضربات القلب,Direct symptom mentioned in hypertension context
trial_query_107,"انا عندى 16 سنة وعندي ارتخاء بالصمام الميترالى والاعراض اللى عندي دوخة لما أقف و بتعب من أقل مجهود , وعند الاستيقاظ هناك ضيق بالتنفس,والدكتورظكاتبلى اندرال 20 جم بس مش...",0.691117,0.88,0.45,1.0,0.277849,0.0,0.15625,ent_symptom_7b839cc80688,ضيق تنفس,semantic_qa_evidence,semantic_qa_relation_expansion,rel_seed_13b272c580e2d6d6__inverse,rel_seed_13b272c580e2d6d6,inverse,SYMPTOM_OF,ent_symptom_7b839cc80688,ضيق تنفس,Symptom,ent_diseasecondition_db17a406c72e,ارتفاع ضغط الدم,DiseaseCondition,ahd5k_04701,ضيق تنفس,Direct symptom mentioned in hypertension context
trial_query_107,"انا عندى 16 سنة وعندي ارتخاء بالصمام الميترالى والاعراض اللى عندي دوخة لما أقف و بتعب من أقل مجهود , وعند الاستيقاظ هناك ضيق بالتنفس,والدكتورظكاتبلى اندرال 20 جم بس مش...",0.686481,0.89,0.45,1.0,0.258594,0.0,0.0625,ent_symptom_7b839cc80688,ضيق تنفس,semantic_qa_evidence,semantic_qa_relation_expansion,rel_seed_4e0920fcda8ee854__inverse,rel_seed_4e0920fcda8ee854,inverse,SYMPTOM_OF,ent_symptom_7b839cc80688,ضيق تنفس,Symptom,ent_diseasecondition_16cf4e77b755,التهاب,DiseaseCondition,ahd5k_03872,اعاني من فتره من آلام في الانف والوجه والاخص الجبين واشعر بحساسيه في الحلق مما يسبب لي ضيق تنفس وتعب بشكل عام,Direct symptom linkage in inflammation context
trial_query_108,هل هناك اسباب للحساسية من الباراسيتمول وما الاغذية التى امتنع عنها وما هى الاغذية التى ااكلها,0.930112,0.92,1.0,1.0,0.604264,0.04,0.4,ent_diseasecondition_2f75d3dabe0b,حساسية,detected_exact,seed_entity_traversal,rel_seed_56abfb8d8355106e,rel_seed_56abfb8d8355106e,direct,HAS_SYMPTOM,ent_diseasecondition_2f75d3dabe0b,حساسية,DiseaseCondition,ent_symptom_f4cf885a0447,سعال,Symptom,ahd5k_00970,هل هو ربو ؟؟ او هل هناك حساسية ابسط من ذلك وعوارضها فقط السعال والبلغم,Direct symptom attribution in allergy context
trial_query_108,هل هناك اسباب للحساسية من الباراسيتمول وما الاغذية التى امتنع عنها وما هى الاغذية التى ااكلها,0.923512,0.9,1.0,1.0,0.604264,0.04,0.4,ent_diseasecondition_2f75d3dabe0b,حساسية,detected_exact,seed_entity_traversal,rel_seed_0c7a95bcebd3a487,rel_seed_0c7a95bcebd3a487,direct,HAS_SYMPTOM,ent_diseasecondition_2f75d3dabe0b,حساسية,DiseaseCondition,ent_symptom_dc2c7333a505,بلغم,Symptom,ahd5k_00970,ما علاج البلغم (حساسية الصدر) رغم اخذى هلاج اكثر من مرة ولا فائدة ؟,Phlegm explicitly linked to allergy condition
trial_query_108,هل هناك اسباب للحساسية من الباراسيتمول وما الاغذية التى امتنع عنها وما هى الاغذية التى ااكلها,0.915512,0.9,1.0,1.0,0.604264,0.04,0.266667,ent_diseasecondition_2f75d3dabe0b,حساسية,detected_exact,seed_entity_traversal,rel_seed_aad068f18b3b6989,rel_seed_aad068f18b3b6989,direct,HAS_SYMPTOM,ent_diseasecondition_2f75d3dabe0b,حساسية,DiseaseCondition,ent_symptom_7b839cc80688,ضيق تنفس,Symptom,ahd5k_00683,ضيق تنفس وسرعة التعب وقلق,Direct symptom 'ضيق تنفس' explicitly linked to allergy in evidence
trial_query_108,هل هناك اسباب للحساسية من الباراسيتمول وما الاغذية التى امتنع عنها وما هى الاغذية التى ااكلها,0.907512,0.9,1.0,1.0,0.604264,0.04,0.133333,ent_diseasecondition_2f75d3dabe0b,حساسية,detected_exact,seed_entity_traversal,rel_seed_19c18472a8cd7446,rel_seed_19c18472a8cd7446,direct,HAS_SYMPTOM,ent_diseasecondition_2f75d3dabe0b,حساسية,DiseaseCondition,ent_symptom_66c2e60e8e52,نشفان,Symptom,ahd5k_02124,واشعر بنشفان دائم في الحلق,Symptom explicitly linked to allergy
trial_query_108,هل هناك اسباب للحساسية من الباراسيتمول وما الاغذية التى امتنع عنها وما هى الاغذية التى ااكلها,0.903012,0.85,1.0,1.0,0.604264,0.04,0.333333,ent_diseasecondition_2f75d3dabe0b,حساسية,detected_exact,seed_entity_traversal,rel_seed_07e32356e492ed5b,rel_seed_07e32356e492ed5b,direct,HAS_SYMPTOM,ent_diseasecondition_2f75d3dabe0b,حساسية,DiseaseCondition,ent_symptom_7b839cc80688,ضيق تنفس,Symptom,ahd5k_00010,حساسية تسبب ضيق تنفس,الحساسية تُعتبر سببًا مباشرًا لظهور ضيق التنفس كأعراض مرضية
trial_query_108,هل هناك اسباب للحساسية من الباراسيتمول وما الاغذية التى امتنع عنها وما هى الاغذية التى ااكلها,0.895012,0.85,1.0,1.0,0.604264,0.04,0.2,ent_diseasecondition_2f75d3dabe0b,حساسية,detected_exact,seed_entity_traversal,rel_seed_7dd0c20df6697b64,rel_seed_7dd0c20df6697b64,direct,HAS_SYMPTOM,ent_diseasecondition_2f75d3dabe0b,حساسية,DiseaseCondition,ent_symptom_f4cf885a0447,سعال,Symptom,ahd5k_00069,حساسية الصدر وسعال,Direct symptom-disease link in QA context
trial_query_108,هل هناك اسباب للحساسية من الباراسيتمول وما الاغذية التى امتنع عنها وما هى الاغذية التى ااكلها,0.848674,0.92,0.82,1.0,0.385613,0.04,0.2,ent_diseasecondition_250910ab0701,حساسية الصدر,detected_alias,seed_entity_traversal,rel_seed_bae062ec77d09618,rel_seed_bae062ec77d09618,direct,HAS_SYMPTOM,ent_diseasecondition_250910ab0701,حساسية الصدر,DiseaseCondition,ent_symptom_f4cf885a0447,سعال,Symptom,ahd5k_04490,حساسية الصدر and سعال co-occur with explicit symptom-pathology link,Direct symptom-pathology relationship established in QA context
trial_query_108,هل هناك اسباب للحساسية من الباراسيتمول وما الاغذية التى امتنع عنها وما هى الاغذية التى ااكلها,0.76627,0.91,0.45,1.0,0.366418,0.04,0.4,ent_diseasecondition_1c50bd11c45a,ربو,semantic_qa_evidence,semantic_qa_relation_expansion,rel_seed_0c18290c6e2c4697,rel_seed_0c18290c6e2c4697,direct,HAS_SYMPTOM,ent_diseasecondition_1c50bd11c45a,ربو,DiseaseCondition,ent_symptom_f4cf885a0447,سعال,Symptom,ahd5k_00970,هل هو ربو ؟؟ او هل هناك حساسية ابسط من ذلك وعوارضها فقط السعال والبلغم,Cough directly attributed to asthma condition
trial_query_108,هل هناك اسباب للحساسية من الباراسيتمول وما الاغذية التى امتنع عنها وما هى الاغذية التى ااكلها,0.76297,0.9,0.45,1.0,0.366418,0.04,0.4,ent_diseasecondition_1c50bd11c45a,ربو,semantic_qa_evidence,semantic_qa_relation_expansion,rel_seed_2d8676e4afe037e2,rel_seed_2d8676e4afe037e2,direct,HAS_SYMPTOM,ent_diseasecondition_1c50bd11c45a,ربو,DiseaseCondition,ent_symptom_dc2c7333a505,بلغم,Symptom,ahd5k_00970,هل هو ربو ؟؟ او هل هناك حساسية ابسط من ذلك وعوارضها فقط السعال والبلغم,Phlegm explicitly linked to asthma symptoms
trial_query_108,هل هناك اسباب للحساسية من الباراسيتمول وما الاغذية التى امتنع عنها وما هى الاغذية التى ااكلها,0.758112,0.92,0.45,1.0,0.604264,0.0,0.4,ent_symptom_f4cf885a0447,سعال,semantic_qa_evidence,semantic_qa_relation_expansion,rel_seed_56abfb8d8355106e__inverse,rel_seed_56abfb8d8355106e,inverse,SYMPTOM_OF,ent_symptom_f4cf885a0447,سعال,Symptom,ent_diseasecondition_2f75d3dabe0b,حساسية,DiseaseCondition,ahd5k_00970,هل هو ربو ؟؟ او هل هناك حساسية ابسط من ذلك وعوارضها فقط السعال والبلغم,Direct symptom attribution in allergy context
trial_query_108,هل هناك اسباب للحساسية من الباراسيتمول وما الاغذية التى امتنع عنها وما هى الاغذية التى ااكلها,0.75637,0.88,0.45,1.0,0.366418,0.04,0.4,ent_diseasecondition_16cf4e77b755,التهاب,semantic_qa_evidence,semantic_qa_relation_expansion,rel_seed_bd265df67c4d74e3,rel_seed_bd265df67c4d74e3,direct,HAS_SYMPTOM,ent_diseasecondition_16cf4e77b755,التهاب,DiseaseCondition,ent_symptom_f4cf885a0447,سعال,Symptom,ahd5k_00970,اذا كنت تعاني من التهاب ما في الجزء العلوي من الجهاز التنفسي يجب ان تتعالج,Cough directly associated with upper respiratory inflammation
trial_query_108,هل هناك اسباب للحساسية من الباراسيتمول وما الاغذية التى امتنع عنها وما هى الاغذية التى ااكلها,0.75307,0.87,0.45,1.0,0.366418,0.04,0.4,ent_diseasecondition_16cf4e77b755,التهاب,semantic_qa_evidence,semantic_qa_relation_expansion,rel_seed_6c884a1c6b84097f,rel_seed_6c884a1c6b84097f,direct,HAS_SYMPTOM,ent_diseasecondition_16cf4e77b755,التهاب,DiseaseCondition,ent_symptom_dc2c7333a505,بلغم,Symptom,ahd5k_00970,اذا كنت تعاني من التهاب ما في الجزء العلوي من الجهاز التنفسي يجب ان تتعالج,Phlegm explicitly mentioned in inflammation context
trial_query_108,هل هناك اسباب للحساسية من الباراسيتمول وما الاغذية التى امتنع عنها وما هى الاغذية التى ااكلها,0.751512,0.9,0.45,1.0,0.604264,0.0,0.4,ent_symptom_dc2c7333a505,بلغم,semantic_qa_evidence,semantic_qa_relation_expansion,rel_seed_0c7a95bcebd3a487__inverse,rel_seed_0c7a95bcebd3a487,inverse,SYMPTOM_OF,ent_symptom_dc2c7333a505,بلغم,Symptom,ent_diseasecondition_2f75d3dabe0b,حساسية,DiseaseCondition,ahd5k_00970,ما علاج البلغم (حساسية الصدر) رغم اخذى هلاج اكثر من مرة ولا فائدة ؟,Phlegm explicitly linked to allergy condition
trial_query_108,هل هناك اسباب للحساسية من الباراسيتمول وما الاغذية التى امتنع عنها وما هى الاغذية التى ااكلها,0.72627,0.91,0.45,1.0,0.366418,0.0,0.4,ent_symptom_f4cf885a0447,سعال,semantic_qa_evidence,semantic_qa_relation_expansion,rel_seed_0c18290c6e2c4697__inverse,rel_seed_0c18290c6e2c4697,inverse,SYMPTOM_OF,ent_symptom_f4cf885a0447,سعال,Symptom,ent_diseasecondition_1c50bd11c45a,ربو,DiseaseCondition,ahd5k_00970,هل هو ربو ؟؟ او هل هناك حساسية ابسط من ذلك وعوارضها فقط السعال والبلغم,Cough directly attributed to asthma condition
trial_query_108,هل هناك اسباب للحساسية من الباراسيتمول وما الاغذية التى امتنع عنها وما هى الاغذية التى ااكلها,0.723012,0.85,0.45,1.0,0.604264,0.0,0.2,ent_symptom_f4cf885a0447,سعال,semantic_qa_evidence,semantic_qa_relation_expansion,rel_seed_7dd0c20df6697b64__inverse,rel_seed_7dd0c20df6697b64,inverse,SYMPTOM_OF,ent_symptom_f4cf885a0447,سعال,Symptom,ent_diseasecondition_2f75d3dabe0b,حساسية,DiseaseCondition,ahd5k_00069,حساسية الصدر وسعال,Direct symptom-disease link in QA context
trial_query_108,هل هناك اسباب للحساسية من الباراسيتمول وما الاغذية التى امتنع عنها وما هى الاغذية التى ااكلها,0.72297,0.9,0.45,1.0,0.366418,0.0,0.4,ent_symptom_dc2c7333a505,بلغم,semantic_qa_evidence,semantic_qa_relation_expansion,rel_seed_2d8676e4afe037e2__inverse,rel_seed_2d8676e4afe037e2,inverse,SYMPTOM_OF,ent_symptom_dc2c7333a505,بلغم,Symptom,ent_diseasecondition_1c50bd11c45a,ربو,DiseaseCondition,ahd5k_00970,هل هو ربو ؟؟ او هل هناك حساسية ابسط من ذلك وعوارضها فقط السعال والبلغم,Phlegm explicitly linked to asthma symptoms
trial_query_108,هل هناك اسباب للحساسية من الباراسيتمول وما الاغذية التى امتنع عنها وما هى الاغذية التى ااكلها,0.71637,0.88,0.45,1.0,0.366418,0.0,0.4,ent_symptom_f4cf885a0447,سعال,semantic_qa_evidence,semantic_qa_relation_expansion,rel_seed_bd265df67c4d74e3__inverse,rel_seed_bd265df67c4d74e3,inverse,SYMPTOM_OF,ent_symptom_f4cf885a0447,سعال,Symptom,ent_diseasecondition_16cf4e77b755,التهاب,DiseaseCondition,ahd5k_00970,اذا كنت تعاني من التهاب ما في الجزء العلوي من الجهاز التنفسي يجب ان تتعالج,Cough directly associated with upper respiratory inflammation
trial_query_108,هل هناك اسباب للحساسية من الباراسيتمول وما الاغذية التى امتنع عنها وما هى الاغذية التى ااكلها,0.71307,0.87,0.45,1.0,0.366418,0.0,0.4,ent_symptom_dc2c7333a505,بلغم,semantic_qa_evidence,semantic_qa_relation_expansion,rel_seed_6c884a1c6b84097f__inverse,rel_seed_6c884a1c6b84097f,inverse,SYMPTOM_OF,ent_symptom_dc2c7333a505,بلغم,Symptom,ent_diseasecondition_16cf4e77b755,التهاب,DiseaseCondition,ahd5k_00970,اذا كنت تعاني من التهاب ما في الجزء العلوي من الجهاز التنفسي يجب ان تتعالج,Phlegm explicitly mentioned in inflammation context
trial_query_108,هل هناك اسباب للحساسية من الباراسيتمول وما الاغذية التى امتنع عنها وما هى الاغذية التى ااكلها,0.632012,0.95,1.0,-0.2,0.604264,0.04,0.266667,ent_diseasecondition_2f75d3dabe0b,حساسية,detected_exact,seed_entity_traversal,rel_seed_e43cc896f52f8b30,rel_seed_e43cc896f52f8b30,direct,TREATED_BY,ent_diseasecondition_2f75d3dabe0b,حساسية,DiseaseCondition,ent_treatment_cbf0b7b10d4f,تجنب المنتجات التي تحوي جلوتين,Treatment,ahd5k_00812,للاسف اهم علاج تجنب المنتجات التي تحوي جلوتين,Direct treatment recommendation for allergy
trial_query_108,هل هناك اسباب للحساسية من الباراسيتمول وما الاغذية التى امتنع عنها وما هى الاغذية التى ااكلها,0.623512,0.9,1.0,-0.2,0.604264,0.04,0.4,ent_diseasecondition_2f75d3dabe0b,حساسية,detected_exact,seed_entity_traversal,rel_seed_20e3faa05b161f86,rel_seed_20e3faa05b161f86,direct,DIAGNOSED_BY,ent_diseasecondition_2f75d3dabe0b,حساسية,DiseaseCondition,ent_test_dd68aa784555,تحاليل مخبرية,Test,ahd5k_03068,تحليل الحساسية,Allergy is directly diagnosed by allergy lab tests.
trial_query_108,هل هناك اسباب للحساسية من الباراسيتمول وما الاغذية التى امتنع عنها وما هى الاغذية التى ااكلها,0.611512,0.9,1.0,-0.2,0.604264,0.04,0.2,ent_diseasecondition_2f75d3dabe0b,حساسية,detected_exact,seed_entity_traversal,rel_seed_7ce02234253ff02e,rel_seed_7ce02234253ff02e,direct,TREATED_BY,ent_diseasecondition_2f75d3dabe0b,حساسية,DiseaseCondition,ent_treatment_104bb0a91d5a,تيليفاست,Treatment,ahd5k_02470,مضاد للهيستامين مثل تيليفاست,Direct treatment recommendation for allergy
trial_query_108,هل هناك اسباب للحساسية من الباراسيتمول وما الاغذية التى امتنع عنها وما هى الاغذية التى ااكلها,0.603512,0.9,1.0,-0.2,0.604264,0.04,0.066667,ent_diseasecondition_2f75d3dabe0b,حساسية,detected_exact,seed_entity_traversal,rel_seed_036615e69fe27f5a,rel_seed_036615e69fe27f5a,direct,TREATED_BY,ent_diseasecondition_2f75d3dabe0b,حساسية,DiseaseCondition,ent_treatment_f4b5c1573769,مضاد الهيستامين,Treatment,ahd5k_01231,استخدمي مضاد هيسامين وكورتيزون موضعي,Direct treatment recommendation for allergy
trial_query_108,هل هناك اسباب للحساسية من الباراسيتمول وما الاغذية التى امتنع عنها وما هى الاغذية التى ااكلها,0.603512,0.9,1.0,-0.2,0.604264,0.04,0.066667,ent_diseasecondition_2f75d3dabe0b,حساسية,detected_exact,seed_entity_traversal,rel_seed_8e92aaaff3cb2b47,rel_seed_8e92aaaff3cb2b47,direct,TREATED_BY,ent_diseasecondition_2f75d3dabe0b,حساسية,DiseaseCondition,ent_treatment_843876e28a68,كورتيزون,Treatment,ahd5k_01231,استخدمي مضاد هيسامين وكورتيزون موضعي,Direct treatment recommendation for allergy
trial_query_108,هل هناك اسباب للحساسية من الباراسيتمول وما الاغذية التى امتنع عنها وما هى الاغذية التى ااكلها,0.595012,0.85,1.0,-0.2,0.604264,0.04,0.2,ent_diseasecondition_2f75d3dabe0b,حساسية,detected_exact,seed_entity_traversal,rel_seed_7744590f6ff0be93,rel_seed_7744590f6ff0be93,direct,DIAGNOSED_BY,ent_diseasecondition_2f75d3dabe0b,حساسية,DiseaseCondition,ent_test_433492431144,تحليل الحساسية,Test,ahd5k_00864,تحليل الحساسية يُستخدم لتشخيص حساسية الصدر,الاختبار الطبي مرتبط مباشرة بتشخيص الحالة المرضية المذكورة
trial_query_108,هل هناك اسباب للحساسية من الباراسيتمول وما الاغذية التى امتنع عنها وما هى الاغذية التى ااكلها,0.591012,0.85,1.0,-0.2,0.604264,0.04,0.133333,ent_diseasecondition_2f75d3dabe0b,حساسية,detected_exact,seed_entity_traversal,rel_seed_f0f432e62cc5ed96,rel_seed_f0f432e62cc5ed96,direct,TREATED_BY,ent_diseasecondition_2f75d3dabe0b,حساسية,DiseaseCondition,ent_treatment_0311bc90ba75,حليب مكسر بروتين الحليب,Treatment,ahd5k_00020,اعطيها حليب مكسر بروتين الحليب بالكامل او حليب رز,Direct treatment recommendation for allergy
trial_query_108,هل هناك اسباب للحساسية من الباراسيتمول وما الاغذية التى امتنع عنها وما هى الاغذية التى ااكلها,0.591012,0.85,1.0,-0.2,0.604264,0.04,0.133333,ent_diseasecondition_2f75d3dabe0b,حساسية,detected_exact,seed_entity_traversal,rel_seed_c4c6c926d85ac5f6,rel_seed_c4c6c926d85ac5f6,direct,DIAGNOSED_BY,ent_diseasecondition_2f75d3dabe0b,حساسية,DiseaseCondition,ent_test_dd68aa784555,تحاليل مخبرية,Test,ahd5k_02039,لابد من رؤيتها من قبل طبيب وعمل تحاليل خاصه بالحساسيه,The QA explicitly states that specific allergy tests are required to confirm the diagnosis of the allergy condition.
trial_query_108,هل هناك اسباب للحساسية من الباراسيتمول وما الاغذية التى امتنع عنها وما هى الاغذية التى ااكلها,0.587012,0.85,1.0,-0.2,0.604264,0.04,0.066667,ent_diseasecondition_2f75d3dabe0b,حساسية,detected_exact,seed_entity_traversal,rel_seed_df369e76bea13661,rel_seed_df369e76bea13661,direct,TREATED_BY,ent_diseasecondition_2f75d3dabe0b,حساسية,DiseaseCondition,ent_treatment_45a78ee47153,نازونكس,Treatment,ahd5k_00133,بدائل يوجد نازونكس وافاميز وتابونكس وفليكسونيز,Explicit treatment alternative listed for allergy
trial_query_108,هل هناك اسباب للحساسية من الباراسيتمول وما الاغذية التى امتنع عنها وما هى الاغذية التى ااكلها,0.587012,0.85,1.0,-0.2,0.604264,0.04,0.066667,ent_diseasecondition_2f75d3dabe0b,حساسية,detected_exact,seed_entity_traversal,rel_seed_2a16da29661e0d27,rel_seed_2a16da29661e0d27,direct,DIAGNOSED_BY,ent_diseasecondition_2f75d3dabe0b,حساسية,DiseaseCondition,ent_test_433492431144,تحليل الحساسية,Test,ahd5k_01231,اعملي تحليل حساسية المضادات,Test explicitly linked to allergy diagnosis
trial_query_108,هل هناك اسباب للحساسية من الباراسيتمول وما الاغذية التى امتنع عنها وما هى الاغذية التى ااكلها,0.587012,0.85,1.0,-0.2,0.604264,0.04,0.066667,ent_diseasecondition_2f75d3dabe0b,حساسية,detected_exact,seed_entity_traversal,rel_seed_6687872658c864ac,rel_seed_6687872658c864ac,direct,DIAGNOSED_BY,ent_diseasecondition_2f75d3dabe0b,حساسية,DiseaseCondition,ent_test_3f0d2e079b73,RAST Test,Test,ahd5k_01245,معرفة سبب الحساسيه يتم ذلك عن طريق RAST Test,Test explicitly linked to allergy diagnosis
trial_query_108,هل هناك اسباب للحساسية من الباراسيتمول وما الاغذية التى امتنع عنها وما هى الاغذية التى ااكلها,0.578512,0.8,1.0,-0.2,0.604264,0.04,0.2,ent_diseasecondition_2f75d3dabe0b,حساسية,detected_exact,seed_entity_traversal,rel_seed_4f94c296991a8bf7,rel_seed_4f94c296991a8bf7,direct,TREATED_BY,ent_diseasecondition_2f75d3dabe0b,حساسية,DiseaseCondition,ent_treatment_677fdfb3086e,زيت الحبة السوداء,Treatment,ahd5k_00887,علاج حساسية الأنف. ما هي فوائد زيت حبة السوداء,Direct treatment claim for nasal allergies
trial_query_108,هل هناك اسباب للحساسية من الباراسيتمول وما الاغذية التى امتنع عنها وما هى الاغذية التى ااكلها,0.535474,0.88,0.82,-0.2,0.385613,0.04,0.2,ent_diseasecondition_250910ab0701,حساسية الصدر,detected_alias,seed_entity_traversal,rel_seed_e4f1901524d0dd30,rel_seed_e4f1901524d0dd30,direct,DIAGNOSED_BY,ent_diseasecondition_250910ab0701,حساسية الصدر,DiseaseCondition,ent_test_433492431144,تحليل الحساسية,Test,ahd5k_04490,تحليل الحساسية explicitly mentioned as diagnostic tool for حساسية الصدر,Test directly linked to condition diagnosis in QA
trial_query_108,هل هناك اسباب للحساسية من الباراسيتمول وما الاغذية التى امتنع عنها وما هى الاغذية التى ااكلها,0.460012,0.95,0.45,-0.2,0.604264,0.0,0.266667,ent_treatment_cbf0b7b10d4f,تجنب المنتجات التي تحوي جلوتين,semantic_qa_evidence,semantic_qa_relation_expansion,rel_seed_e43cc896f52f8b30__inverse,rel_seed_e43cc896f52f8b30,inverse,TREATS,ent_treatment_cbf0b7b10d4f,تجنب المنتجات التي تحوي جلوتين,Treatment,ent_diseasecondition_2f75d3dabe0b,حساسية,DiseaseCondition,ahd5k_00812,للاسف اهم علاج تجنب المنتجات التي تحوي جلوتين,Direct treatment recommendation for allergy
trial_query_108,هل هناك اسباب للحساسية من الباراسيتمول وما الاغذية التى امتنع عنها وما هى الاغذية التى ااكلها,0.423012,0.85,0.45,-0.2,0.604264,0.0,0.2,ent_test_433492431144,تحليل الحساسية,semantic_qa_evidence,semantic_qa_relation_expansion,rel_seed_7744590f6ff0be93__inverse,rel_seed_7744590f6ff0be93,inverse,DIAGNOSES,ent_test_433492431144,تحليل الحساسية,Test,ent_diseasecondition_2f75d3dabe0b,حساسية,DiseaseCondition,ahd5k_00864,تحليل الحساسية يُستخدم لتشخيص حساسية الصدر,الاختبار الطبي مرتبط مباشرة بتشخيص الحالة المرضية المذكورة
trial_query_109,كان لدي ارتفاع بسيط في الصفائح ٤٦١ وعندما ولدت بعد ٥٠ يوم التحليل طلع ٦٧٩ واشكو من عدم اكتمال النفس في بعض الاوقات وقال لي الطبيب لديك التهاب في الصدر...,0.555791,0.85,0.45,0.4,0.211798,0.04,0.03125,ent_symptom_b754f1a1e5a8,صداع,semantic_qa_evidence,semantic_qa_relation_expansion,rel_seed_4c33ff1b89cf3eef,rel_seed_4c33ff1b89cf3eef,direct,INVESTIGATED_BY,ent_symptom_b754f1a1e5a8,صداع,Symptom,ent_test_e668861db259,الصور الشعاعية,Test,ahd5k_01058,الصور الشعاعية قد تُطلب لفحص الصداع,العلاقة مدعومة مباشرة من النص الذي يربط بين الأعراض والفحص
trial_query_109,كان لدي ارتفاع بسيط في الصفائح ٤٦١ وعندما ولدت بعد ٥٠ يوم التحليل طلع ٦٧٩ واشكو من عدم اكتمال النفس في بعض الاوقات وقال لي الطبيب لديك التهاب في الصدر...,0.544342,0.9,1.0,-0.2,0.3841,0.0,0.1875,ent_treatment_450cbdcb87da,الطبيب,detected_exact,seed_entity_traversal,rel_seed_8cd1644af5899ba5__inverse,rel_seed_8cd1644af5899ba5,inverse,TREATS,ent_treatment_450cbdcb87da,الطبيب,Treatment,ent_diseasecondition_6fc3f18427fb,الصدمة الكهربائية,DiseaseCondition,ahd5k_04866,يستدعي الطبيب او المسعف للتعامل مع المصاب,Direct evidence of calling a doctor to treat the condition
trial_query_109,كان لدي ارتفاع بسيط في الصفائح ٤٦١ وعندما ولدت بعد ٥٠ يوم التحليل طلع ٦٧٩ واشكو من عدم اكتمال النفس في بعض الاوقات وقال لي الطبيب لديك التهاب في الصدر...,0.544342,0.9,1.0,-0.2,0.3841,0.0,0.1875,ent_treatment_450cbdcb87da,الطبيب,detected_exact,seed_entity_traversal,rel_seed_1f346172d7d9ebdc__inverse,rel_seed_1f346172d7d9ebdc,inverse,TREATS,ent_treatment_450cbdcb87da,الطبيب,Treatment,ent_diseasecondition_5dcc30c3edc8,الحروق,DiseaseCondition,ahd5k_04866,يستدعي الطبيب او المسعف للتعامل مع المصاب,Direct evidence of calling a doctor to treat burns
trial_query_109,كان لدي ارتفاع بسيط في الصفائح ٤٦١ وعندما ولدت بعد ٥٠ يوم التحليل طلع ٦٧٩ واشكو من عدم اكتمال النفس في بعض الاوقات وقال لي الطبيب لديك التهاب في الصدر...,0.515791,0.85,0.45,0.4,0.211798,0.0,0.03125,ent_test_e668861db259,الصور الشعاعية,semantic_qa_evidence,semantic_qa_relation_expansion,rel_seed_4c33ff1b89cf3eef__inverse,rel_seed_4c33ff1b89cf3eef,inverse,INVESTIGATES,ent_test_e668861db259,الصور الشعاعية,Test,ent_symptom_b754f1a1e5a8,صداع,Symptom,ahd5k_01058,الصور الشعاعية قد تُطلب لفحص الصداع,العلاقة مدعومة مباشرة من النص الذي يربط بين الأعراض والفحص
trial_query_109,كان لدي ارتفاع بسيط في الصفائح ٤٦١ وعندما ولدت بعد ٥٠ يوم التحليل طلع ٦٧٩ واشكو من عدم اكتمال النفس في بعض الاوقات وقال لي الطبيب لديك التهاب في الصدر...,0.452342,0.9,0.45,-0.2,0.3841,0.04,0.1875,ent_diseasecondition_6fc3f18427fb,الصدمة الكهربائية,semantic_qa_evidence,semantic_qa_relation_expansion,rel_seed_8cd1644af5899ba5,rel_seed_8cd1644af5899ba5,direct,TREATED_BY,ent_diseasecondition_6fc3f18427fb,الصدمة الكهربائية,DiseaseCondition,ent_treatment_450cbdcb87da,الطبيب,Treatment,ahd5k_04866,يستدعي الطبيب او المسعف للتعامل مع المصاب,Direct evidence of calling a doctor to treat the condition
trial_query_109,كان لدي ارتفاع بسيط في الصفائح ٤٦١ وعندما ولدت بعد ٥٠ يوم التحليل طلع ٦٧٩ واشكو من عدم اكتمال النفس في بعض الاوقات وقال لي الطبيب لديك التهاب في الصدر...,0.452342,0.9,0.45,-0.2,0.3841,0.04,0.1875,ent_diseasecondition_5dcc30c3edc8,الحروق,semantic_qa_evidence,semantic_qa_relation_expansion,rel_seed_1f346172d7d9ebdc,rel_seed_1f346172d7d9ebdc,direct,TREATED_BY,ent_diseasecondition_5dcc30c3edc8,الحروق,DiseaseCondition,ent_treatment_450cbdcb87da,الطبيب,Treatment,ahd5k_04866,يستدعي الطبيب او المسعف للتعامل مع المصاب,Direct evidence of calling a doctor to treat burns
trial_query_109,كان لدي ارتفاع بسيط في الصفائح ٤٦١ وعندما ولدت بعد ٥٠ يوم التحليل طلع ٦٧٩ واشكو من عدم اكتمال النفس في بعض الاوقات وقال لي الطبيب لديك التهاب في الصدر...,0.429021,0.9,0.45,-0.2,0.236637,0.04,0.09375,ent_diseasecondition_00247d3d5c80,الصداع التوتري,semantic_qa_evidence,semantic_qa_relation_expansion,rel_seed_f7f26f23fb811356,rel_seed_f7f26f23fb811356,direct,HAS_SYMPTOM,ent_diseasecondition_00247d3d5c80,الصداع التوتري,DiseaseCondition,ent_symptom_b754f1a1e5a8,صداع,Symptom,ahd5k_00780,الصداع التوتري قد يظهر كصداع يختلف حدته,العلاقة مدعومة مباشرة من النص الذي يربط بين الحالة المرضية والأعراض
trial_query_109,كان لدي ارتفاع بسيط في الصفائح ٤٦١ وعندما ولدت بعد ٥٠ يوم التحليل طلع ٦٧٩ واشكو من عدم اكتمال النفس في بعض الاوقات وقال لي الطبيب لديك التهاب في الصدر...,0.389021,0.9,0.45,-0.2,0.236637,0.0,0.09375,ent_symptom_b754f1a1e5a8,صداع,semantic_qa_evidence,semantic_qa_relation_expansion,rel_seed_f7f26f23fb811356__inverse,rel_seed_f7f26f23fb811356,inverse,SYMPTOM_OF,ent_symptom_b754f1a1e5a8,صداع,Symptom,ent_diseasecondition_00247d3d5c80,الصداع التوتري,DiseaseCondition,ahd5k_00780,الصداع التوتري قد يظهر كصداع يختلف حدته,العلاقة مدعومة مباشرة من النص الذي يربط بين الحالة المرضية والأعراض
trial_query_110,عمري 18 سنة وأنا أعاني من صغر الثدي هل يوجد أي حل لتكبيره دون جراحة?,0.414564,0.85,0.45,-0.2,0.13387,0.04,0.333333,ent_diseasecondition_28abf8165f28,بيلة الميوغلوبين,semantic_qa_evidence,semantic_qa_relation_expansion,rel_seed_00ef9afb72a2a73b,rel_seed_00ef9afb72a2a73b,direct,TREATED_BY,ent_diseasecondition_28abf8165f28,بيلة الميوغلوبين,DiseaseCondition,ent_treatment_b7e7fb09dd09,السوائل,Treatment,ahd5k_03468,العلاج الاهم هو السوائل للمحافظة على الكلى,QA explicitly states fluids are the primary treatment for myoglobinuria to protect kidneys
trial_query_110,عمري 18 سنة وأنا أعاني من صغر الثدي هل يوجد أي حل لتكبيره دون جراحة?,0.41374,0.85,0.45,-0.2,0.127,0.04,0.333333,ent_diseasecondition_5fea51591b68,نقص بحجم الثدي,semantic_qa_evidence,semantic_qa_relation_expansion,rel_seed_161b6613a37c5ba2,rel_seed_161b6613a37c5ba2,direct,TREATED_BY,ent_diseasecondition_5fea51591b68,نقص بحجم الثدي,DiseaseCondition,ent_treatment_57825f7a3418,مراجعة اخصائية النسائية,Treatment,ahd5k_02702,مراجعة اخصائية النسائية,Direct treatment recommendation for the condition
trial_query_110,عمري 18 سنة وأنا أعاني من صغر الثدي هل يوجد أي حل لتكبيره دون جراحة?,0.41374,0.85,0.45,-0.2,0.127,0.04,0.333333,ent_diseasecondition_5fea51591b68,نقص بحجم الثدي,semantic_qa_evidence,semantic_qa_relation_expansion,rel_seed_50edf19b207eb0e8,rel_seed_50edf19b207eb0e8,direct,DIAGNOSED_BY,ent_diseasecondition_5fea51591b68,نقص بحجم الثدي,DiseaseCondition,ent_test_ce6fcb80c1fe,فحص سريري,Test,ahd5k_02702,فحص سريري,Clinical exam directly linked to diagnosis
trial_query_110,عمري 18 سنة وأنا أعاني من صغر الثدي هل يوجد أي حل لتكبيره دون جراحة?,0.412476,0.85,0.45,-0.2,0.149801,0.04,0.266667,ent_diseasecondition_7754d34e2c52,شيب,semantic_qa_evidence,semantic_qa_relation_expansion,rel_seed_950a6cd53d4f8f78,rel_seed_950a6cd53d4f8f78,direct,TREATED_BY,ent_diseasecondition_7754d34e2c52,شيب,DiseaseCondition,ent_treatment_48712ae621b5,خلطة الريحان و الروزماري,Treatment,ahd5k_04612,هل خلطة الريحان و الروزماري مفيدة للتخلص من الشيب,Direct treatment recommendation for gray hair
trial_query_110,عمري 18 سنة وأنا أعاني من صغر الثدي هل يوجد أي حل لتكبيره دون جراحة?,0.41133,0.85,0.45,-0.2,0.140248,0.04,0.266667,ent_diseasecondition_2f75d3dabe0b,حساسية,semantic_qa_evidence,semantic_qa_relation_expansion,rel_seed_7744590f6ff0be93,rel_seed_7744590f6ff0be93,direct,DIAGNOSED_BY,ent_diseasecondition_2f75d3dabe0b,حساسية,DiseaseCondition,ent_test_433492431144,تحليل الحساسية,Test,ahd5k_00864,تحليل الحساسية يُستخدم لتشخيص حساسية الصدر,الاختبار الطبي مرتبط مباشرة بتشخيص الحالة المرضية المذكورة
trial_query_110,عمري 18 سنة وأنا أعاني من صغر الثدي هل يوجد أي حل لتكبيره دون جراحة?,0.374564,0.85,0.45,-0.2,0.13387,0.0,0.333333,ent_treatment_b7e7fb09dd09,السوائل,semantic_qa_evidence,semantic_qa_relation_expansion,rel_seed_00ef9afb72a2a73b__inverse,rel_seed_00ef9afb72a2a73b,inverse,TREATS,ent_treatment_b7e7fb09dd09,السوائل,Treatment,ent_diseasecondition_28abf8165f28,بيلة الميوغلوبين,DiseaseCondition,ahd5k_03468,العلاج الاهم هو السوائل للمحافظة على الكلى,QA explicitly states fluids are the primary treatment for myoglobinuria to protect kidneys
trial_query_110,عمري 18 سنة وأنا أعاني من صغر الثدي هل يوجد أي حل لتكبيره دون جراحة?,0.37374,0.85,0.45,-0.2,0.127,0.0,0.333333,ent_treatment_57825f7a3418,مراجعة اخصائية النسائية,semantic_qa_evidence,semantic_qa_relation_expansion,rel_seed_161b6613a37c5ba2__inverse,rel_seed_161b6613a37c5ba2,inverse,TREATS,ent_treatment_57825f7a3418,مراجعة اخصائية النسائية,Treatment,ent_diseasecondition_5fea51591b68,نقص بحجم الثدي,DiseaseCondition,ahd5k_02702,مراجعة اخصائية النسائية,Direct treatment recommendation for the condition
trial_query_110,عمري 18 سنة وأنا أعاني من صغر الثدي هل يوجد أي حل لتكبيره دون جراحة?,0.37374,0.85,0.45,-0.2,0.127,0.0,0.333333,ent_test_ce6fcb80c1fe,فحص سريري,semantic_qa_evidence,semantic_qa_relation_expansion,rel_seed_50edf19b207eb0e8__inverse,rel_seed_50edf19b207eb0e8,inverse,DIAGNOSES,ent_test_ce6fcb80c1fe,فحص سريري,Test,ent_diseasecondition_5fea51591b68,نقص بحجم الثدي,DiseaseCondition,ahd5k_02702,فحص سريري,Clinical exam directly linked to diagnosis
trial_query_110,عمري 18 سنة وأنا أعاني من صغر الثدي هل يوجد أي حل لتكبيره دون جراحة?,0.372476,0.85,0.45,-0.2,0.149801,0.0,0.266667,ent_treatment_48712ae621b5,خلطة الريحان و الروزماري,semantic_qa_evidence,semantic_qa_relation_expansion,rel_seed_950a6cd53d4f8f78__inverse,rel_seed_950a6cd53d4f8f78,inverse,TREATS,ent_treatment_48712ae621b5,خلطة الريحان و الروزماري,Treatment,ent_diseasecondition_7754d34e2c52,شيب,DiseaseCondition,ahd5k_04612,هل خلطة الريحان و الروزماري مفيدة للتخلص من الشيب,Direct treatment recommendation for gray hair
trial_query_110,عمري 18 سنة وأنا أعاني من صغر الثدي هل يوجد أي حل لتكبيره دون جراحة?,0.37133,0.85,0.45,-0.2,0.140248,0.0,0.266667,ent_test_433492431144,تحليل الحساسية,semantic_qa_evidence,semantic_qa_relation_expansion,rel_seed_7744590f6ff0be93__inverse,rel_seed_7744590f6ff0be93,inverse,DIAGNOSES,ent_test_433492431144,تحليل الحساسية,Test,ent_diseasecondition_2f75d3dabe0b,حساسية,DiseaseCondition,ahd5k_00864,تحليل الحساسية يُستخدم لتشخيص حساسية الصدر,الاختبار الطبي مرتبط مباشرة بتشخيص الحالة المرضية المذكورة
trial_query_111,عمري ٢٥سنة واعاني من نشاط زائد في الغده الدرقية وقمت بأخذ جرعه من اليود النووي المشع وعندي طفل عمره سنه فما المده الزمنيه المحدده اللتي سأتمكن بعدها,0.742883,0.85,0.55,1.0,0.265095,0.04,0.142857,ent_diseasecondition_22348d970227,مرض الغدة الدرقية,semantic_candidate,seed_entity_traversal,rel_seed_5398af5e1a992c3d,rel_seed_5398af5e1a992c3d,direct,TREATED_BY,ent_diseasecondition_22348d970227,مرض الغدة الدرقية,DiseaseCondition,ent_treatment_3fd682796ae8,التروكسين,Treatment,ahd5k_00035,اخذ التروكسين,Direct evidence of treatment for thyroid disease
trial_query_111,عمري ٢٥سنة واعاني من نشاط زائد في الغده الدرقية وقمت بأخذ جرعه من اليود النووي المشع وعندي طفل عمره سنه فما المده الزمنيه المحدده اللتي سأتمكن بعدها,0.678883,0.85,0.45,1.0,0.265095,0.0,0.142857,ent_treatment_3fd682796ae8,التروكسين,semantic_qa_evidence,semantic_qa_relation_expansion,rel_seed_5398af5e1a992c3d__inverse,rel_seed_5398af5e1a992c3d,inverse,TREATS,ent_treatment_3fd682796ae8,التروكسين,Treatment,ent_diseasecondition_22348d970227,مرض الغدة الدرقية,DiseaseCondition,ahd5k_00035,اخذ التروكسين,Direct evidence of treatment for thyroid disease
trial_query_111,عمري ٢٥سنة واعاني من نشاط زائد في الغده الدرقية وقمت بأخذ جرعه من اليود النووي المشع وعندي طفل عمره سنه فما المده الزمنيه المحدده اللتي سأتمكن بعدها,0.442883,0.85,0.55,-0.2,0.265095,0.04,0.142857,ent_diseasecondition_22348d970227,مرض الغدة الدرقية,semantic_candidate,seed_entity_traversal,rel_seed_14a6be8faeb8ff92,rel_seed_14a6be8faeb8ff92,direct,DIAGNOSED_BY,ent_diseasecondition_22348d970227,مرض الغدة الدرقية,DiseaseCondition,ent_test_234f794d532f,الهرمون,Test,ahd5k_00035,مستوى الهرمون في الدم,Hormone level test directly linked to thyroid disease diagnosis
trial_query_111,عمري ٢٥سنة واعاني من نشاط زائد في الغده الدرقية وقمت بأخذ جرعه من اليود النووي المشع وعندي طفل عمره سنه فما المده الزمنيه المحدده اللتي سأتمكن بعدها,0.439527,0.92,0.45,-0.2,0.173205,0.04,0.285714,ent_diseasecondition_532f5db9617f,نشاط الغدة الدرقية,semantic_qa_evidence,semantic_qa_relation_expansion,rel_seed_d54a8b0f1f19f3c5,rel_seed_d54a8b0f1f19f3c5,direct,DIAGNOSED_BY,ent_diseasecondition_532f5db9617f,نشاط الغدة الدرقية,DiseaseCondition,ent_test_dd68aa784555,تحاليل مخبرية,Test,ahd5k_02200,يتم تشخيص نشاط الغدة الدرقية عبر تحاليل مخبرية لهرمونات T3 وT4,التحليل المخبري لهرمونات الغدة الدرقية (T3 وT4) هو الطريقة المعيارية لتشخيص نشاط الغدة الدرقية
trial_query_111,عمري ٢٥سنة واعاني من نشاط زائد في الغده الدرقية وقمت بأخذ جرعه من اليود النووي المشع وعندي طفل عمره سنه فما المده الزمنيه المحدده اللتي سأتمكن بعدها,0.432927,0.9,0.45,-0.2,0.173205,0.04,0.285714,ent_diseasecondition_09dfb160ec9a,مرض جريفز,semantic_qa_evidence,semantic_qa_relation_expansion,rel_seed_ab97cca01e3b333d,rel_seed_ab97cca01e3b333d,direct,DIAGNOSED_BY,ent_diseasecondition_09dfb160ec9a,مرض جريفز,DiseaseCondition,ent_test_dd68aa784555,تحاليل مخبرية,Test,ahd5k_02200,يتم تشخيص مرض جريفز عبر تحاليل مخبرية لهرمونات الغدة الدرقية,التحاليل المخبرية لهرمونات الغدة الدرقية تُستخدم لتشخيص مرض جريفز كسبب للنشاط الدرقي
trial_query_111,عمري ٢٥سنة واعاني من نشاط زائد في الغده الدرقية وقمت بأخذ جرعه من اليود النووي المشع وعندي طفل عمره سنه فما المده الزمنيه المحدده اللتي سأتمكن بعدها,0.399527,0.92,0.45,-0.2,0.173205,0.0,0.285714,ent_test_dd68aa784555,تحاليل مخبرية,semantic_qa_evidence,semantic_qa_relation_expansion,rel_seed_d54a8b0f1f19f3c5__inverse,rel_seed_d54a8b0f1f19f3c5,inverse,DIAGNOSES,ent_test_dd68aa784555,تحاليل مخبرية,Test,ent_diseasecondition_532f5db9617f,نشاط الغدة الدرقية,DiseaseCondition,ahd5k_02200,يتم تشخيص نشاط الغدة الدرقية عبر تحاليل مخبرية لهرمونات T3 وT4,التحليل المخبري لهرمونات الغدة الدرقية (T3 وT4) هو الطريقة المعيارية لتشخيص نشاط الغدة الدرقية
trial_query_111,عمري ٢٥سنة واعاني من نشاط زائد في الغده الدرقية وقمت بأخذ جرعه من اليود النووي المشع وعندي طفل عمره سنه فما المده الزمنيه المحدده اللتي سأتمكن بعدها,0.392927,0.9,0.45,-0.2,0.173205,0.0,0.285714,ent_test_dd68aa784555,تحاليل مخبرية,semantic_qa_evidence,semantic_qa_relation_expansion,rel_seed_ab97cca01e3b333d__inverse,rel_seed_ab97cca01e3b333d,inverse,DIAGNOSES,ent_test_dd68aa784555,تحاليل مخبرية,Test,ent_diseasecondition_09dfb160ec9a,مرض جريفز,DiseaseCondition,ahd5k_02200,يتم تشخيص مرض جريفز عبر تحاليل مخبرية لهرمونات الغدة الدرقية,التحاليل المخبرية لهرمونات الغدة الدرقية تُستخدم لتشخيص مرض جريفز كسبب للنشاط الدرقي
trial_query_111,عمري ٢٥سنة واعاني من نشاط زائد في الغده الدرقية وقمت بأخذ جرعه من اليود النووي المشع وعندي طفل عمره سنه فما المده الزمنيه المحدده اللتي سأتمكن بعدها,0.378883,0.85,0.45,-0.2,0.265095,0.0,0.142857,ent_test_234f794d532f,الهرمون,semantic_qa_evidence,semantic_qa_relation_expansion,rel_seed_14a6be8faeb8ff92__inverse,rel_seed_14a6be8faeb8ff92,inverse,DIAGNOSES,ent_test_234f794d532f,الهرمون,Test,ent_diseasecondition_22348d970227,مرض الغدة الدرقية,DiseaseCondition,ahd5k_00035,مستوى الهرمون في الدم,Hormone level test directly linked to thyroid disease diagnosis
trial_query_112,يشعر والدي بألم في منطقة الصدر علما ان والدي مصاب بجلطة قلبية ودماغية اليوم قد تناول بيزا وكانت دسمة،،،،،هل هذا الم قلب ام الام معدة,0.827336,0.85,1.0,1.0,0.415938,0.0,0.115385,ent_symptom_249d07021a1b,الام,detected_exact,seed_entity_traversal,rel_seed_88e6f3fee8de6995__inverse,rel_seed_88e6f3fee8de6995,inverse,SYMPTOM_OF,ent_symptom_249d07021a1b,الام,Symptom,ent_diseasecondition_04b436ff2a98,ضرس العقل,DiseaseCondition,ahd5k_04356,ضرس العقل,Wisdom teeth (ضرس العقل) are explicitly linked to pain (الام) as a symptom.
trial_query_112,يشعر والدي بألم في منطقة الصدر علما ان والدي مصاب بجلطة قلبية ودماغية اليوم قد تناول بيزا وكانت دسمة،،،،،هل هذا الم قلب ام الام معدة,0.735336,0.85,0.45,1.0,0.415938,0.04,0.115385,ent_diseasecondition_04b436ff2a98,ضرس العقل,semantic_qa_evidence,semantic_qa_relation_expansion,rel_seed_88e6f3fee8de6995,rel_seed_88e6f3fee8de6995,direct,HAS_SYMPTOM,ent_diseasecondition_04b436ff2a98,ضرس العقل,DiseaseCondition,ent_symptom_249d07021a1b,الام,Symptom,ahd5k_04356,ضرس العقل,Wisdom teeth (ضرس العقل) are explicitly linked to pain (الام) as a symptom.
trial_query_112,يشعر والدي بألم في منطقة الصدر علما ان والدي مصاب بجلطة قلبية ودماغية اليوم قد تناول بيزا وكانت دسمة،،،،،هل هذا الم قلب ام الام معدة,0.716334,0.85,0.45,1.0,0.276825,0.04,0.076923,ent_diseasecondition_04b436ff2a98,ضرس العقل,semantic_qa_evidence,semantic_qa_relation_expansion,rel_seed_938a3b9670527bd9,rel_seed_938a3b9670527bd9,direct,HAS_SYMPTOM,ent_diseasecondition_04b436ff2a98,ضرس العقل,DiseaseCondition,ent_symptom_b754f1a1e5a8,صداع,Symptom,ahd5k_04356,ضرس العقل,Wisdom teeth (ضرس العقل) are explicitly linked to headache (صداع) as a symptom.
trial_query_112,يشعر والدي بألم في منطقة الصدر علما ان والدي مصاب بجلطة قلبية ودماغية اليوم قد تناول بيزا وكانت دسمة،،،،،هل هذا الم قلب ام الام معدة,0.71147,0.85,0.45,1.0,0.159364,0.04,0.230769,ent_diseasecondition_f3982f19c624,ارتياف دعب \u0627لديم,semantic_qa_evidence,semantic_qa_relation_expansion,rel_seed_a35d3fb4d695b101,rel_seed_a35d3fb4d695b101,direct,HAS_SYMPTOM,ent_diseasecondition_f3982f19c624,ارتياف دعب \u0627لديم,DiseaseCondition,ent_symptom_ad0da68fc73f,الالم,Symptom,ahd5k_03738,الالم الدي الديم الديم الديم,The disease condition 'ارتياف دعب \u0627لديم' is directly described as involving 'الالم' (pain) in the evidence text.
trial_query_112,يشعر والدي بألم في منطقة الصدر علما ان والدي مصاب بجلطة قلبية ودماغية اليوم قد تناول بيزا وكانت دسمة،،،،،هل هذا الم قلب ام الام معدة,0.676334,0.85,0.45,1.0,0.276825,0.0,0.076923,ent_symptom_b754f1a1e5a8,صداع,semantic_qa_evidence,semantic_qa_relation_expansion,rel_seed_938a3b9670527bd9__inverse,rel_seed_938a3b9670527bd9,inverse,SYMPTOM_OF,ent_symptom_b754f1a1e5a8,صداع,Symptom,ent_diseasecondition_04b436ff2a98,ضرس العقل,DiseaseCondition,ahd5k_04356,ضرس العقل,Wisdom teeth (ضرس العقل) are explicitly linked to headache (صداع) as a symptom.
trial_query_112,يشعر والدي بألم في منطقة الصدر علما ان والدي مصاب بجلطة قلبية ودماغية اليوم قد تناول بيزا وكانت دسمة،،،،،هل هذا الم قلب ام الام معدة,0.67147,0.85,0.45,1.0,0.159364,0.0,0.230769,ent_symptom_ad0da68fc73f,الالم,semantic_qa_evidence,semantic_qa_relation_expansion,rel_seed_a35d3fb4d695b101__inverse,rel_seed_a35d3fb4d695b101,inverse,SYMPTOM_OF,ent_symptom_ad0da68fc73f,الالم,Symptom,ent_diseasecondition_f3982f19c624,ارتياف دعب \u0627لديم,DiseaseCondition,ahd5k_03738,الالم الدي الديم الديم الديم,The disease condition 'ارتياف دعب \u0627لديم' is directly described as involving 'الالم' (pain) in the evidence text.
trial_query_112,يشعر والدي بألم في منطقة الصدر علما ان والدي مصاب بجلطة قلبية ودماغية اليوم قد تناول بيزا وكانت دسمة،،،،،هل هذا الم قلب ام الام معدة,0.567336,0.85,1.0,-0.2,0.415938,0.04,0.115385,ent_symptom_249d07021a1b,الام,detected_exact,seed_entity_traversal,rel_seed_959ce061116b7eab,rel_seed_959ce061116b7eab,direct,TREATED_BY,ent_symptom_249d07021a1b,الام,Symptom,ent_treatment_1623092039ad,المراجعة الطبية,Treatment,ahd5k_04356,مراجعة طبيبك او اخصائي جراحه وجه و فكين,Direct recommendation to consult a specialist for pain (الام) caused by wisdom teeth.
trial_query_112,يشعر والدي بألم في منطقة الصدر علما ان والدي مصاب بجلطة قلبية ودماغية اليوم قد تناول بيزا وكانت دسمة،،،،،هل هذا الم قلب ام الام معدة,0.416334,0.85,0.45,-0.2,0.276825,0.04,0.076923,ent_symptom_b754f1a1e5a8,صداع,semantic_qa_evidence,semantic_qa_relation_expansion,rel_seed_141b9acbdb0c5296,rel_seed_141b9acbdb0c5296,direct,TREATED_BY,ent_symptom_b754f1a1e5a8,صداع,Symptom,ent_treatment_1623092039ad,المراجعة الطبية,Treatment,ahd5k_04356,مراجعة طبيبك او اخصائي جراحه وجه و فكين,Direct recommendation to consult a specialist for headache caused by wisdom teeth.
trial_query_112,يشعر والدي بألم في منطقة الصدر علما ان والدي مصاب بجلطة قلبية ودماغية اليوم قد تناول بيزا وكانت دسمة،،،،،هل هذا الم قلب ام الام معدة,0.416334,0.85,0.45,-0.2,0.276825,0.04,0.076923,ent_diseasecondition_04b436ff2a98,ضرس العقل,semantic_qa_evidence,semantic_qa_relation_expansion,rel_seed_9858f932165f0bb3,rel_seed_9858f932165f0bb3,direct,TREATED_BY,ent_diseasecondition_04b436ff2a98,ضرس العقل,DiseaseCondition,ent_treatment_1623092039ad,المراجعة الطبية,Treatment,ahd5k_04356,مراجعة طبيبك او اخصائي جراحه وجه و فكين,Direct recommendation to consult a specialist for wisdom teeth (ضرس العقل).
trial_query_112,يشعر والدي بألم في منطقة الصدر علما ان والدي مصاب بجلطة قلبية ودماغية اليوم قد تناول بيزا وكانت دسمة،،،،،هل هذا الم قلب ام الام معدة,0.395336,0.85,0.45,-0.2,0.415938,0.0,0.115385,ent_treatment_1623092039ad,المراجعة الطبية,semantic_qa_evidence,semantic_qa_relation_expansion,rel_seed_959ce061116b7eab__inverse,rel_seed_959ce061116b7eab,inverse,TREATS,ent_treatment_1623092039ad,المراجعة الطبية,Treatment,ent_symptom_249d07021a1b,الام,Symptom,ahd5k_04356,مراجعة طبيبك او اخصائي جراحه وجه و فكين,Direct recommendation to consult a specialist for pain (الام) caused by wisdom teeth.
trial_query_112,يشعر والدي بألم في منطقة الصدر علما ان والدي مصاب بجلطة قلبية ودماغية اليوم قد تناول بيزا وكانت دسمة،،،،،هل هذا الم قلب ام الام معدة,0.376334,0.85,0.45,-0.2,0.276825,0.0,0.076923,ent_treatment_1623092039ad,المراجعة الطبية,semantic_qa_evidence,semantic_qa_relation_expansion,rel_seed_141b9acbdb0c5296__inverse,rel_seed_141b9acbdb0c5296,inverse,TREATS,ent_treatment_1623092039ad,المراجعة الطبية,Treatment,ent_symptom_b754f1a1e5a8,صداع,Symptom,ahd5k_04356,مراجعة طبيبك او اخصائي جراحه وجه و فكين,Direct recommendation to consult a specialist for headache caused by wisdom teeth.
trial_query_112,يشعر والدي بألم في منطقة الصدر علما ان والدي مصاب بجلطة قلبية ودماغية اليوم قد تناول بيزا وكانت دسمة،،،،،هل هذا الم قلب ام الام معدة,0.376334,0.85,0.45,-0.2,0.276825,0.0,0.076923,ent_treatment_1623092039ad,المراجعة الطبية,semantic_qa_evidence,semantic_qa_relation_expansion,rel_seed_9858f932165f0bb3__inverse,rel_seed_9858f932165f0bb3,inverse,TREATS,ent_treatment_1623092039ad,المراجعة الطبية,Treatment,ent_diseasecondition_04b436ff2a98,ضرس العقل,DiseaseCondition,ahd5k_04356,مراجعة طبيبك او اخصائي جراحه وجه و فكين,Direct recommendation to consult a specialist for wisdom teeth (ضرس العقل).
trial_query_113,هل يوجد تأثير على الجنين في حالة تعاطي أقراص ميزوتاك في بداية الحمل بغرض الإجهاض وأنا الآن اقتنعت باكمال الحمل ولكن قلق من تأثر الجنين بالمادة الفعالة لهذا الدواء؟,0.768706,0.99,0.45,1.0,0.274124,0.04,0.185185,supp_ent_drug_primolut,بريمولوت ن,semantic_qa_evidence,semantic_qa_relation_expansion,supp_rel_primolut_pregnancy,supp_rel_primolut_pregnancy,direct,REQUIRES_MEDICAL_SUPERVISION_FOR,supp_ent_drug_primolut,بريمولوت ن,Drug,supp_ent_state_pregnancy,إيقاف الدواء ومراجعة الطبيب أثناء الحمل,Condition,ahd5k_00439,إذا كانت المريضة حاملا وتستعمل بريمولوت ن فيجب إيقافه؛ يذكر المصدر دراسات عن احتمال تشوهات في القلب والأوعية والأنبوب العصبي والدماغ.,dataset-derived supplemental fact from ahd5k_00439
trial_query_113,هل يوجد تأثير على الجنين في حالة تعاطي أقراص ميزوتاك في بداية الحمل بغرض الإجهاض وأنا الآن اقتنعت باكمال الحمل ولكن قلق من تأثر الجنين بالمادة الفعالة لهذا الدواء؟,0.696149,0.9,1.0,0.4,0.381798,0.0,0.222222,ent_treatment_1479a48d3d42,الدواء,detected_exact,seed_entity_traversal,rel_seed_ca33d772076cfe85__inverse,rel_seed_ca33d772076cfe85,inverse,TREATS,ent_treatment_1479a48d3d42,الدواء,Treatment,ent_diseasecondition_86e897b1e25a,الملوية البوابية,DiseaseCondition,ahd5k_03807,مضادات حيويه نكسيوم و كلاريثرومايسين واموكسسلين,السياق يربط العلاج مباشرة بالملوية البوابية كسبب للقرحة
trial_query_113,هل يوجد تأثير على الجنين في حالة تعاطي أقراص ميزوتاك في بداية الحمل بغرض الإجهاض وأنا الآن اقتنعت باكمال الحمل ولكن قلق من تأثر الجنين بالمادة الفعالة لهذا الدواء؟,0.622442,0.99,0.45,0.4,0.323777,0.04,0.148148,supp_ent_fetal_bones,عظام الجنين,semantic_qa_evidence,semantic_qa_relation_expansion,supp_rel_fetal_bones_timeline,supp_rel_fetal_bones_timeline,direct,DEVELOPS_DURING,supp_ent_fetal_bones,عظام الجنين,BodyPart,supp_ent_pregnancy_second_month,نهاية الأسبوع السادس تقريبا,TimePeriod,ahd5k_00230,في نهاية الأسبوع السادس يبدأ الجنين بتكوين العمود الفقري ويكون صغيرا جدا.,dataset-derived supplemental fact from ahd5k_00230
trial_query_113,هل يوجد تأثير على الجنين في حالة تعاطي أقراص ميزوتاك في بداية الحمل بغرض الإجهاض وأنا الآن اقتنعت باكمال الحمل ولكن قلق من تأثر الجنين بالمادة الفعالة لهذا الدواء؟,0.620365,0.85,1.0,-0.2,0.859986,0.04,0.111111,ent_diseasecondition_7abdd04c7114,الحمل,detected_exact,seed_entity_traversal,rel_seed_d77bdc67649d436d,rel_seed_d77bdc67649d436d,direct,HAS_SYMPTOM,ent_diseasecondition_7abdd04c7114,الحمل,DiseaseCondition,ent_symptom_7a79bce3a153,قيء,Symptom,ahd5k_02903,قيء,Direct symptom-disease relationship supported by explicit mention of vomiting as a manifestation of pregnancy
trial_query_113,هل يوجد تأثير على الجنين في حالة تعاطي أقراص ميزوتاك في بداية الحمل بغرض الإجهاض وأنا الآن اقتنعت باكمال الحمل ولكن قلق من تأثر الجنين بالمادة الفعالة لهذا الدواء؟,0.615921,0.85,1.0,-0.2,0.859986,0.04,0.037037,ent_diseasecondition_7abdd04c7114,الحمل,detected_exact,seed_entity_traversal,rel_seed_b8acae4ed65d8000,rel_seed_b8acae4ed65d8000,direct,HAS_SYMPTOM,ent_diseasecondition_7abdd04c7114,الحمل,DiseaseCondition,ent_symptom_c42bbeabdb83,الزراق,Symptom,ahd5k_00568,"بعض الحالات المرضية مثل امراض القلب والشرايين , او امراض الجهاو التنفسي التي قد تؤدي الة ضيق النفس ونقص الاكسجين وبالتالي الزراق",Direct causal link between pregnancy and cyanosis via hypoxia
trial_query_113,هل يوجد تأثير على الجنين في حالة تعاطي أقراص ميزوتاك في بداية الحمل بغرض الإجهاض وأنا الآن اقتنعت باكمال الحمل ولكن قلق من تأثر الجنين بالمادة الفعالة لهذا الدواء؟,0.584988,0.9,0.45,0.4,0.277677,0.04,0.111111,ent_diseasecondition_f3a36190d8c6,فايروس الكبد,semantic_qa_evidence,semantic_qa_relation_expansion,rel_seed_6708339bc60bd46e,rel_seed_6708339bc60bd46e,direct,TREATED_BY,ent_diseasecondition_f3a36190d8c6,فايروس الكبد,DiseaseCondition,ent_treatment_d5946e76d323,اللقاح,Treatment,ahd5k_00597,اللقاح,Direct evidence: Vaccine reduces Hepatitis B virus activity when followed correctly.
trial_query_113,هل يوجد تأثير على الجنين في حالة تعاطي أقراص ميزوتاك في بداية الحمل بغرض الإجهاض وأنا الآن اقتنعت باكمال الحمل ولكن قلق من تأثر الجنين بالمادة الفعالة لهذا الدواء؟,0.568488,0.85,0.45,0.4,0.277677,0.04,0.111111,ent_diseasecondition_f3a36190d8c6,فايروس الكبد,semantic_qa_evidence,semantic_qa_relation_expansion,rel_seed_e93540f09e8974da,rel_seed_e93540f09e8974da,direct,TREATED_BY,ent_diseasecondition_f3a36190d8c6,فايروس الكبد,DiseaseCondition,ent_treatment_06f93bf4dc11,الجرعات الثلاثه,Treatment,ahd5k_00597,الجرعات الثلاثه,Direct evidence: Three doses are sufficient for Hepatitis B prevention as per QA context.
trial_query_113,هل يوجد تأثير على الجنين في حالة تعاطي أقراص ميزوتاك في بداية الحمل بغرض الإجهاض وأنا الآن اقتنعت باكمال الحمل ولكن قلق من تأثر الجنين بالمادة الفعالة لهذا الدواء؟,0.544988,0.9,0.45,0.4,0.277677,0.0,0.111111,ent_treatment_d5946e76d323,اللقاح,semantic_qa_evidence,semantic_qa_relation_expansion,rel_seed_6708339bc60bd46e__inverse,rel_seed_6708339bc60bd46e,inverse,TREATS,ent_treatment_d5946e76d323,اللقاح,Treatment,ent_diseasecondition_f3a36190d8c6,فايروس الكبد,DiseaseCondition,ahd5k_00597,اللقاح,Direct evidence: Vaccine reduces Hepatitis B virus activity when followed correctly.
trial_query_113,هل يوجد تأثير على الجنين في حالة تعاطي أقراص ميزوتاك في بداية الحمل بغرض الإجهاض وأنا الآن اقتنعت باكمال الحمل ولكن قلق من تأثر الجنين بالمادة الفعالة لهذا الدواء؟,0.528488,0.85,0.45,0.4,0.277677,0.0,0.111111,ent_treatment_06f93bf4dc11,الجرعات الثلاثه,semantic_qa_evidence,semantic_qa_relation_expansion,rel_seed_e93540f09e8974da__inverse,rel_seed_e93540f09e8974da,inverse,TREATS,ent_treatment_06f93bf4dc11,الجرعات الثلاثه,Treatment,ent_diseasecondition_f3a36190d8c6,فايروس الكبد,DiseaseCondition,ahd5k_00597,الجرعات الثلاثه,Direct evidence: Three doses are sufficient for Hepatitis B prevention as per QA context.
trial_query_114,حموضة في فمي واحساس برائحة تفاح متعفن مع كدمات زرقاء غامقة في قدماي واحساس بغبوش في الرؤية,0.703937,0.85,0.45,1.0,0.140546,0.04,0.142857,ent_diseasecondition_9719230327a2,فقر الدم,semantic_qa_evidence,semantic_qa_relation_expansion,rel_seed_6eed37b4f0733cbb,rel_seed_6eed37b4f0733cbb,direct,HAS_SYMPTOM,ent_diseasecondition_9719230327a2,فقر الدم,DiseaseCondition,ent_symptom_c81532a33515,الم المعدجة,Symptom,ahd5k_02292,نقص في الدم مع الالم في المعده,Directly states anemia is associated with stomach pain.
trial_query_114,حموضة في فمي واحساس برائحة تفاح متعفن مع كدمات زرقاء غامقة في قدماي واحساس بغبوش في الرؤية,0.703937,0.85,0.45,1.0,0.140546,0.04,0.142857,ent_symptom_c81532a33515,الم المعدجة,semantic_qa_evidence,semantic_qa_relation_expansion,rel_seed_b3cc817a83f9e586,rel_seed_b3cc817a83f9e586,direct,INVESTIGATED_BY,ent_symptom_c81532a33515,الم المعدجة,Symptom,ent_test_2b2550da4a44,فحص الجرثومة الحلزونية,Test,ahd5k_02292,فحص الجرثومة الحلزونية,Test is explicitly mentioned to investigate stomach pain.
trial_query_114,حموضة في فمي واحساس برائحة تفاح متعفن مع كدمات زرقاء غامقة في قدماي واحساس بغبوش في الرؤية,0.363937,0.85,0.45,-0.2,0.140546,0.0,0.142857,ent_symptom_c81532a33515,الم المعدجة,semantic_qa_evidence,semantic_qa_relation_expansion,rel_seed_6eed37b4f0733cbb__inverse,rel_seed_6eed37b4f0733cbb,inverse,SYMPTOM_OF,ent_symptom_c81532a33515,الم المعدجة,Symptom,ent_diseasecondition_9719230327a2,فقر الدم,DiseaseCondition,ahd5k_02292,نقص في الدم مع الالم في المعده,Directly states anemia is associated with stomach pain.
trial_query_114,حموضة في فمي واحساس برائحة تفاح متعفن مع كدمات زرقاء غامقة في قدماي واحساس بغبوش في الرؤية,0.363937,0.85,0.45,-0.2,0.140546,0.0,0.142857,ent_test_2b2550da4a44,فحص الجرثومة الحلزونية,semantic_qa_evidence,semantic_qa_relation_expansion,rel_seed_b3cc817a83f9e586__inverse,rel_seed_b3cc817a83f9e586,inverse,INVESTIGATES,ent_test_2b2550da4a44,فحص الجرثومة الحلزونية,Test,ent_symptom_c81532a33515,الم المعدجة,Symptom,ahd5k_02292,فحص الجرثومة الحلزونية,Test is explicitly mentioned to investigate stomach pain.
trial_query_115,قمت بعمل اشعة بالصبغة على الاورطى والشرايين الطرفية وجت انتفاخ بالوجه ووجع بالجسم ارجو الافادة,0.881606,0.85,0.82,1.0,0.452548,0.04,1.0,ent_symptom_42ad4acdebc5,وجع,detected_alias,seed_entity_traversal,rel_seed_11af4134e6087155,rel_seed_11af4134e6087155,direct,INVESTIGATED_BY,ent_symptom_42ad4acdebc5,وجع,Symptom,ent_test_c4cfd2d6468c,اشعة,Test,ahd5k_01537,اشعة بالصبغة,X-ray with contrast is explicitly mentioned as the investigative method for the symptom of body pain.
trial_query_115,قمت بعمل اشعة بالصبغة على الاورطى والشرايين الطرفية وجت انتفاخ بالوجه ووجع بالجسم ارجو الافادة,0.877856,0.85,0.82,1.0,0.452548,0.04,0.9375,ent_symptom_fd750eeb2865,انتفاخ,detected_alias,seed_entity_traversal,rel_seed_b0669eae8f21f480,rel_seed_b0669eae8f21f480,direct,INVESTIGATED_BY,ent_symptom_fd750eeb2865,انتفاخ,Symptom,ent_test_c4cfd2d6468c,اشعة,Test,ahd5k_01537,اشعة بالصبغة,X-ray with contrast is explicitly mentioned as the investigative method for the symptom of swelling.
trial_query_115,قمت بعمل اشعة بالصبغة على الاورطى والشرايين الطرفية وجت انتفاخ بالوجه ووجع بالجسم ارجو الافادة,0.841606,0.85,0.82,1.0,0.452548,0.0,1.0,ent_test_c4cfd2d6468c,أشعة,detected_alias,seed_entity_traversal,rel_seed_11af4134e6087155__inverse,rel_seed_11af4134e6087155,inverse,INVESTIGATES,ent_test_c4cfd2d6468c,اشعة,Test,ent_symptom_42ad4acdebc5,وجع,Symptom,ahd5k_01537,اشعة بالصبغة,X-ray with contrast is explicitly mentioned as the investigative method for the symptom of body pain.
trial_query_115,قمت بعمل اشعة بالصبغة على الاورطى والشرايين الطرفية وجت انتفاخ بالوجه ووجع بالجسم ارجو الافادة,0.837856,0.85,0.82,1.0,0.452548,0.0,0.9375,ent_test_c4cfd2d6468c,أشعة,detected_alias,seed_entity_traversal,rel_seed_b0669eae8f21f480__inverse,rel_seed_b0669eae8f21f480,inverse,INVESTIGATES,ent_test_c4cfd2d6468c,اشعة,Test,ent_symptom_fd750eeb2865,انتفاخ,Symptom,ahd5k_01537,اشعة بالصبغة,X-ray with contrast is explicitly mentioned as the investigative method for the symptom of swelling.
trial_query_115,قمت بعمل اشعة بالصبغة على الاورطى والشرايين الطرفية وجت انتفاخ بالوجه ووجع بالجسم ارجو الافادة,0.780703,0.85,0.82,1.0,0.351274,0.0,0.1875,ent_test_c4cfd2d6468c,أشعة,detected_alias,seed_entity_traversal,rel_seed_892989157e377bf9__inverse,rel_seed_892989157e377bf9,inverse,DIAGNOSES,ent_test_c4cfd2d6468c,أشعة,Test,ent_diseasecondition_190a32dbb9bd,تسوس الأسنان,DiseaseCondition,ahd5k_04844,أشعة,أشعة مذكورة كوسيلة لتشخيص خراجات اللثة المرتبطة بتسوس الأسنان
trial_query_115,قمت بعمل اشعة بالصبغة على الاورطى والشرايين الطرفية وجت انتفاخ بالوجه ووجع بالجسم ارجو الافادة,0.776953,0.85,0.82,1.0,0.351274,0.0,0.125,ent_test_c4cfd2d6468c,أشعة,detected_alias,seed_entity_traversal,rel_seed_e970be45ddb963ae__inverse,rel_seed_e970be45ddb963ae,inverse,DIAGNOSES,ent_test_c4cfd2d6468c,اشعة,Test,ent_diseasecondition_16cf4e77b755,التهاب,DiseaseCondition,ahd5k_00114,اجراء صورة اشعة عادية للحوض,X-ray directly used to diagnose inflammation
trial_query_115,قمت بعمل اشعة بالصبغة على الاورطى والشرايين الطرفية وجت انتفاخ بالوجه ووجع بالجسم ارجو الافادة,0.776953,0.85,0.82,1.0,0.351274,0.0,0.125,ent_test_c4cfd2d6468c,أشعة,detected_alias,seed_entity_traversal,rel_seed_41120cbf8a65837a__inverse,rel_seed_41120cbf8a65837a,inverse,DIAGNOSES,ent_test_c4cfd2d6468c,أشعة,Test,ent_diseasecondition_5490429a16c5,انزلاق غضروفي عنقي,DiseaseCondition,ahd5k_04468,ينصح لك بصورة اشعة للعنق، هذه العلامات تشير إلى انزلاق غضروفي عنقي,الأشعة موصى بها كوسيلة تشخيصية مباشرة للتحقق من انزلاق غضروفي عنقي بناءً على العلامات المذكورة
trial_query_115,قمت بعمل اشعة بالصبغة على الاورطى والشرايين الطرفية وجت انتفاخ بالوجه ووجع بالجسم ارجو الافادة,0.776953,0.85,0.82,1.0,0.351274,0.0,0.125,ent_test_c4cfd2d6468c,أشعة,detected_alias,seed_entity_traversal,rel_seed_a0a9cb310e2c0172__inverse,rel_seed_a0a9cb310e2c0172,inverse,DIAGNOSES,ent_test_c4cfd2d6468c,أشعة,Test,ent_diseasecondition_4c4500ee0d57,ارتجاج دماغي,DiseaseCondition,ahd5k_02003,عمل صورة أشعة للرأس,الأشعة تُستخدم لتأكيد عدم وجود ارتجاج دماغي
trial_query_115,قمت بعمل اشعة بالصبغة على الاورطى والشرايين الطرفية وجت انتفاخ بالوجه ووجع بالجسم ارجو الافادة,0.773203,0.85,0.82,1.0,0.351274,0.0,0.0625,ent_test_c4cfd2d6468c,أشعة,detected_alias,seed_entity_traversal,rel_seed_54ca34c63842f836__inverse,rel_seed_54ca34c63842f836,inverse,DIAGNOSES,ent_test_c4cfd2d6468c,أشعة,Test,ent_diseasecondition_1730144a5e89,شظايا القنابل الصغيرة الانشطارية,DiseaseCondition,ahd5k_01290,عمل تصوير بالأشعة لتحديد مكان الشظايا ونوعها,الأشعة تُستخدم لتحديد موقع ونوع الشظايا بشكل مباشر
trial_query_115,قمت بعمل اشعة بالصبغة على الاورطى والشرايين الطرفية وجت انتفاخ بالوجه ووجع بالجسم ارجو الافادة,0.773203,0.85,0.82,1.0,0.351274,0.0,0.0625,ent_test_c4cfd2d6468c,أشعة,detected_alias,seed_entity_traversal,rel_seed_a00e16b437bbc4d4__inverse,rel_seed_a00e16b437bbc4d4,inverse,DIAGNOSES,ent_test_c4cfd2d6468c,أشعة,Test,ent_diseasecondition_16a389cfd1bd,دبوس,DiseaseCondition,ahd5k_01295,أشعة لمعرفة مكان الدبوس والتأكد من وجوده,الأشعة تُستخدم لتحديد موقع الدبوس والتحقق من وجوده
trial_query_115,قمت بعمل اشعة بالصبغة على الاورطى والشرايين الطرفية وجت انتفاخ بالوجه ووجع بالجسم ارجو الافادة,0.728153,0.85,0.45,1.0,0.351274,0.04,0.125,ent_diseasecondition_16cf4e77b755,التهاب,semantic_qa_evidence,semantic_qa_relation_expansion,rel_seed_e970be45ddb963ae,rel_seed_e970be45ddb963ae,direct,DIAGNOSED_BY,ent_diseasecondition_16cf4e77b755,التهاب,DiseaseCondition,ent_test_c4cfd2d6468c,اشعة,Test,ahd5k_00114,اجراء صورة اشعة عادية للحوض,X-ray directly used to diagnose inflammation
trial_query_115,قمت بعمل اشعة بالصبغة على الاورطى والشرايين الطرفية وجت انتفاخ بالوجه ووجع بالجسم ارجو الافادة,0.728153,0.85,0.45,1.0,0.351274,0.04,0.125,ent_diseasecondition_4c4500ee0d57,ارتجاج دماغي,semantic_qa_evidence,semantic_qa_relation_expansion,rel_seed_a0a9cb310e2c0172,rel_seed_a0a9cb310e2c0172,direct,DIAGNOSED_BY,ent_diseasecondition_4c4500ee0d57,ارتجاج دماغي,DiseaseCondition,ent_test_c4cfd2d6468c,أشعة,Test,ahd5k_02003,عمل صورة أشعة للرأس,الأشعة تُستخدم لتأكيد عدم وجود ارتجاج دماغي
trial_query_116,ماهي أضرارشجرة القات وماهي منافعها إذا لها فوائد وهل صحيح أنها علاج لمرضى السكر,0.75576,0.85,0.55,1.0,0.326183,0.04,0.235294,ent_diseasecondition_380db6d92562,مرض السكري,semantic_candidate,seed_entity_traversal,rel_seed_bd9e5c6d36b9dbdb,rel_seed_bd9e5c6d36b9dbdb,direct,HAS_SYMPTOM,ent_diseasecondition_380db6d92562,مرض السكري,DiseaseCondition,ent_symptom_724e59ded899,ضغط الدم,Symptom,ahd5k_01294,مرض السكري وضغط الدمز,Direct co-occurrence with explicit disease-symptom relationship
trial_query_116,ماهي أضرارشجرة القات وماهي منافعها إذا لها فوائد وهل صحيح أنها علاج لمرضى السكر,0.75576,0.85,0.55,1.0,0.326183,0.04,0.235294,ent_diseasecondition_380db6d92562,مرض السكري,semantic_candidate,seed_entity_traversal,rel_seed_1a25f42f93f6f380,rel_seed_1a25f42f93f6f380,direct,HAS_SYMPTOM,ent_diseasecondition_380db6d92562,مرض السكري,DiseaseCondition,ent_symptom_724e59ded899,ضغط الدم,Symptom,ahd5k_02607,مرض السكري وضغط الدم,Direct disease-symptom relationship established
trial_query_116,ماهي أضرارشجرة القات وماهي منافعها إذا لها فوائد وهل صحيح أنها علاج لمرضى السكر,0.75223,0.85,0.55,1.0,0.326183,0.04,0.176471,ent_diseasecondition_380db6d92562,مرض السكري,semantic_candidate,seed_entity_traversal,rel_seed_b3536762c6f85e02,rel_seed_b3536762c6f85e02,direct,HAS_SYMPTOM,ent_diseasecondition_380db6d92562,مرض السكري,DiseaseCondition,ent_symptom_724e59ded899,ضغط الدم,Symptom,ahd5k_04912,مع العلم أن المريض يعاني من مرض السكر,Explicit disease-symptom relationship
trial_query_116,ماهي أضرارشجرة القات وماهي منافعها إذا لها فوائد وهل صحيح أنها علاج لمرضى السكر,0.69176,0.85,0.45,1.0,0.326183,0.0,0.235294,ent_symptom_724e59ded899,ضغط الدم,semantic_qa_evidence,semantic_qa_relation_expansion,rel_seed_1a25f42f93f6f380__inverse,rel_seed_1a25f42f93f6f380,inverse,SYMPTOM_OF,ent_symptom_724e59ded899,ضغط الدم,Symptom,ent_diseasecondition_380db6d92562,مرض السكري,DiseaseCondition,ahd5k_02607,مرض السكري وضغط الدم,Direct disease-symptom relationship established
trial_query_116,ماهي أضرارشجرة القات وماهي منافعها إذا لها فوائد وهل صحيح أنها علاج لمرضى السكر,0.68823,0.85,0.45,1.0,0.326183,0.0,0.176471,ent_symptom_724e59ded899,ضغط الدم,semantic_qa_evidence,semantic_qa_relation_expansion,rel_seed_b3536762c6f85e02__inverse,rel_seed_b3536762c6f85e02,inverse,SYMPTOM_OF,ent_symptom_724e59ded899,ضغط الدم,Symptom,ent_diseasecondition_380db6d92562,مرض السكري,DiseaseCondition,ahd5k_04912,مع العلم أن المريض يعاني من مرض السكر,Explicit disease-symptom relationship
trial_query_116,ماهي أضرارشجرة القات وماهي منافعها إذا لها فوائد وهل صحيح أنها علاج لمرضى السكر,0.524039,0.9,0.55,-0.2,0.404733,0.04,0.941176,ent_diseasecondition_380db6d92562,مرض السكري,semantic_candidate,seed_entity_traversal,rel_seed_fff580f977f6b0c9,rel_seed_fff580f977f6b0c9,direct,DIAGNOSED_BY,ent_diseasecondition_380db6d92562,مرض السكري,DiseaseCondition,ent_test_dd68aa784555,تحاليل مخبرية,Test,ahd5k_01551,تحاليل مخبرية,Lab tests are standard diagnostic tools for diabetes.
trial_query_116,ماهي أضرارشجرة القات وماهي منافعها إذا لها فوائد وهل صحيح أنها علاج لمرضى السكر,0.480009,0.85,0.45,-0.2,0.404733,0.04,0.882353,ent_diseasecondition_16cf4e77b755,التهاب,semantic_qa_evidence,semantic_qa_relation_expansion,rel_seed_85a95e9683ec40c4,rel_seed_85a95e9683ec40c4,direct,DIAGNOSED_BY,ent_diseasecondition_16cf4e77b755,التهاب,DiseaseCondition,ent_test_dd68aa784555,تحاليل مخبرية,Test,ahd5k_01551,تحاليل مخبرية,Lab tests are standard diagnostic tools for inflammation.
trial_query_116,ماهي أضرارشجرة القات وماهي منافعها إذا لها فوائد وهل صحيح أنها علاج لمرضى السكر,0.460039,0.9,0.45,-0.2,0.404733,0.0,0.941176,ent_test_dd68aa784555,تحاليل مخبرية,semantic_qa_evidence,semantic_qa_relation_expansion,rel_seed_fff580f977f6b0c9__inverse,rel_seed_fff580f977f6b0c9,inverse,DIAGNOSES,ent_test_dd68aa784555,تحاليل مخبرية,Test,ent_diseasecondition_380db6d92562,مرض السكري,DiseaseCondition,ahd5k_01551,تحاليل مخبرية,Lab tests are standard diagnostic tools for diabetes.
trial_query_116,ماهي أضرارشجرة القات وماهي منافعها إذا لها فوائد وهل صحيح أنها علاج لمرضى السكر,0.440009,0.85,0.45,-0.2,0.404733,0.0,0.882353,ent_test_dd68aa784555,تحاليل مخبرية,semantic_qa_evidence,semantic_qa_relation_expansion,rel_seed_85a95e9683ec40c4__inverse,rel_seed_85a95e9683ec40c4,inverse,DIAGNOSES,ent_test_dd68aa784555,تحاليل مخبرية,Test,ent_diseasecondition_16cf4e77b755,التهاب,DiseaseCondition,ahd5k_01551,تحاليل مخبرية,Lab tests are standard diagnostic tools for inflammation.
trial_query_117,أعاني من حرقان بكامل بجسمي والتهاب المسالك البوليه وارتفاع الكلسترول والدهون الثلاثيه مال الحل جزاكم الله خير وما قد يكون المسبب,0.715003,0.9,0.45,1.0,0.101477,0.04,0.130435,ent_diseasecondition_00247d3d5c80,الصداع التوتري,semantic_qa_evidence,semantic_qa_relation_expansion,rel_seed_f7f26f23fb811356,rel_seed_f7f26f23fb811356,direct,HAS_SYMPTOM,ent_diseasecondition_00247d3d5c80,الصداع التوتري,DiseaseCondition,ent_symptom_b754f1a1e5a8,صداع,Symptom,ahd5k_00780,الصداع التوتري قد يظهر كصداع يختلف حدته,العلاقة مدعومة مباشرة من النص الذي يربط بين الحالة المرضية والأعراض
trial_query_117,أعاني من حرقان بكامل بجسمي والتهاب المسالك البوليه وارتفاع الكلسترول والدهون الثلاثيه مال الحل جزاكم الله خير وما قد يكون المسبب,0.675003,0.9,0.45,1.0,0.101477,0.0,0.130435,ent_symptom_b754f1a1e5a8,صداع,semantic_qa_evidence,semantic_qa_relation_expansion,rel_seed_f7f26f23fb811356__inverse,rel_seed_f7f26f23fb811356,inverse,SYMPTOM_OF,ent_symptom_b754f1a1e5a8,صداع,Symptom,ent_diseasecondition_00247d3d5c80,الصداع التوتري,DiseaseCondition,ahd5k_00780,الصداع التوتري قد يظهر كصداع يختلف حدته,العلاقة مدعومة مباشرة من النص الذي يربط بين الحالة المرضية والأعراض
trial_query_117,أعاني من حرقان بكامل بجسمي والتهاب المسالك البوليه وارتفاع الكلسترول والدهون الثلاثيه مال الحل جزاكم الله خير وما قد يكون المسبب,0.413863,0.9,0.45,-0.2,0.091971,0.04,0.130435,ent_diseasecondition_db17a406c72e,ارتفاع ضغط الدم,semantic_qa_evidence,semantic_qa_relation_expansion,rel_seed_abae48cd7b6a5b9c,rel_seed_abae48cd7b6a5b9c,direct,TREATED_BY,ent_diseasecondition_db17a406c72e,ارتفاع ضغط الدم,DiseaseCondition,ent_treatment_a0a8ee46502f,العقاقير,Treatment,ahd5k_03242,قد يعطى لك المهدئات لتقلصات العضلات والعقاقير من خلال الوريد (عن طريق الوريد) لعلاج ارتفاع ضغط الدم والإثارة والألم.,Direct treatment statement for hypertension using intravenous medications
trial_query_117,أعاني من حرقان بكامل بجسمي والتهاب المسالك البوليه وارتفاع الكلسترول والدهون الثلاثيه مال الحل جزاكم الله خير وما قد يكون المسبب,0.373863,0.9,0.45,-0.2,0.091971,0.0,0.130435,ent_treatment_a0a8ee46502f,العقاقير,semantic_qa_evidence,semantic_qa_relation_expansion,rel_seed_abae48cd7b6a5b9c__inverse,rel_seed_abae48cd7b6a5b9c,inverse,TREATS,ent_treatment_a0a8ee46502f,العقاقير,Treatment,ent_diseasecondition_db17a406c72e,ارتفاع ضغط الدم,DiseaseCondition,ahd5k_03242,قد يعطى لك المهدئات لتقلصات العضلات والعقاقير من خلال الوريد (عن طريق الوريد) لعلاج ارتفاع ضغط الدم والإثارة والألم.,Direct treatment statement for hypertension using intravenous medications
trial_query_118,ماهي علاجات حمى التهاب باطن القدم وباطن اليد وماهي الفحوصات للتاكد من اسباب هذا المرض؟,0.843952,0.9,1.0,1.0,0.415779,0.0,0.117647,ent_symptom_018ebc11f6df,حمى,detected_exact,seed_entity_traversal,rel_seed_52931e734af5153e__inverse,rel_seed_52931e734af5153e,inverse,SYMPTOM_OF,ent_symptom_018ebc11f6df,حمى,Symptom,ent_diseasecondition_c089d34028d0,حمى عضة الجرذ,DiseaseCondition,ahd5k_01255,حمى عضة الجرذ ، وحمى عضة الفأر,Direct co-occurrence in disease name and symptom
trial_query_118,ماهي علاجات حمى التهاب باطن القدم وباطن اليد وماهي الفحوصات للتاكد من اسباب هذا المرض؟,0.843952,0.9,1.0,1.0,0.415779,0.0,0.117647,ent_symptom_018ebc11f6df,حمى,detected_exact,seed_entity_traversal,rel_seed_48eca439f213cf7e__inverse,rel_seed_48eca439f213cf7e,inverse,SYMPTOM_OF,ent_symptom_018ebc11f6df,حمى,Symptom,ent_diseasecondition_6ac8dc82e106,حمى عضة الفأر,DiseaseCondition,ahd5k_01255,حمى عضة الفأر,Direct co-occurrence in disease name and symptom
trial_query_118,ماهي علاجات حمى التهاب باطن القدم وباطن اليد وماهي الفحوصات للتاكد من اسباب هذا المرض؟,0.843952,0.9,1.0,1.0,0.415779,0.0,0.117647,ent_symptom_018ebc11f6df,حمى,detected_exact,seed_entity_traversal,rel_seed_1ca8a7755403844c__inverse,rel_seed_1ca8a7755403844c,inverse,SYMPTOM_OF,ent_symptom_018ebc11f6df,حمى,Symptom,ent_diseasecondition_21009b0da809,حمى عضة الجرذون,DiseaseCondition,ahd5k_01255,حمى عضة الجرذون,Direct co-occurrence in disease name and symptom
trial_query_118,ماهي علاجات حمى التهاب باطن القدم وباطن اليد وماهي الفحوصات للتاكد من اسباب هذا المرض؟,0.751952,0.9,0.45,1.0,0.415779,0.04,0.117647,ent_diseasecondition_c089d34028d0,حمى عضة الجرذ,semantic_qa_evidence,semantic_qa_relation_expansion,rel_seed_52931e734af5153e,rel_seed_52931e734af5153e,direct,HAS_SYMPTOM,ent_diseasecondition_c089d34028d0,حمى عضة الجرذ,DiseaseCondition,ent_symptom_018ebc11f6df,حمى,Symptom,ahd5k_01255,حمى عضة الجرذ ، وحمى عضة الفأر,Direct co-occurrence in disease name and symptom
trial_query_118,ماهي علاجات حمى التهاب باطن القدم وباطن اليد وماهي الفحوصات للتاكد من اسباب هذا المرض؟,0.751952,0.9,0.45,1.0,0.415779,0.04,0.117647,ent_diseasecondition_6ac8dc82e106,حمى عضة الفأر,semantic_qa_evidence,semantic_qa_relation_expansion,rel_seed_48eca439f213cf7e,rel_seed_48eca439f213cf7e,direct,HAS_SYMPTOM,ent_diseasecondition_6ac8dc82e106,حمى عضة الفأر,DiseaseCondition,ent_symptom_018ebc11f6df,حمى,Symptom,ahd5k_01255,حمى عضة الفأر,Direct co-occurrence in disease name and symptom
trial_query_118,ماهي علاجات حمى التهاب باطن القدم وباطن اليد وماهي الفحوصات للتاكد من اسباب هذا المرض؟,0.751952,0.9,0.45,1.0,0.415779,0.04,0.117647,ent_diseasecondition_21009b0da809,حمى عضة الجرذون,semantic_qa_evidence,semantic_qa_relation_expansion,rel_seed_1ca8a7755403844c,rel_seed_1ca8a7755403844c,direct,HAS_SYMPTOM,ent_diseasecondition_21009b0da809,حمى عضة الجرذون,DiseaseCondition,ent_symptom_018ebc11f6df,حمى,Symptom,ahd5k_01255,حمى عضة الجرذون,Direct co-occurrence in disease name and symptom
trial_query_118,ماهي علاجات حمى التهاب باطن القدم وباطن اليد وماهي الفحوصات للتاكد من اسباب هذا المرض؟,0.720429,0.85,0.45,1.0,0.290581,0.04,0.117647,ent_diseasecondition_c089d34028d0,حمى عضة الجرذ,semantic_qa_evidence,semantic_qa_relation_expansion,rel_seed_a210f4f396ba3db3,rel_seed_a210f4f396ba3db3,direct,HAS_SYMPTOM,ent_diseasecondition_c089d34028d0,حمى عضة الجرذ,DiseaseCondition,ent_symptom_a3c00de774da,ارتجاف,Symptom,ahd5k_01255,ارتجاف,Symptom explicitly listed
trial_query_118,ماهي علاجات حمى التهاب باطن القدم وباطن اليد وماهي الفحوصات للتاكد من اسباب هذا المرض؟,0.720429,0.85,0.45,1.0,0.290581,0.04,0.117647,ent_diseasecondition_c089d34028d0,حمى عضة الجرذ,semantic_qa_evidence,semantic_qa_relation_expansion,rel_seed_24a2795dd4ff4bfd,rel_seed_24a2795dd4ff4bfd,direct,HAS_SYMPTOM,ent_diseasecondition_c089d34028d0,حمى عضة الجرذ,DiseaseCondition,ent_symptom_320d3e905b16,أوجاع العضلات,Symptom,ahd5k_01255,أوجاع العضلات,Symptom explicitly listed
trial_query_118,ماهي علاجات حمى التهاب باطن القدم وباطن اليد وماهي الفحوصات للتاكد من اسباب هذا المرض؟,0.720429,0.85,0.45,1.0,0.290581,0.04,0.117647,ent_diseasecondition_c089d34028d0,حمى عضة الجرذ,semantic_qa_evidence,semantic_qa_relation_expansion,rel_seed_d2620cf9ddc72332,rel_seed_d2620cf9ddc72332,direct,HAS_SYMPTOM,ent_diseasecondition_c089d34028d0,حمى عضة الجرذ,DiseaseCondition,ent_symptom_976231d5f27b,أوجاع المفاصل,Symptom,ahd5k_01255,أوجاع المفاصل,Symptom explicitly listed
trial_query_118,ماهي علاجات حمى التهاب باطن القدم وباطن اليد وماهي الفحوصات للتاكد من اسباب هذا المرض؟,0.720429,0.85,0.45,1.0,0.290581,0.04,0.117647,ent_diseasecondition_6ac8dc82e106,حمى عضة الفأر,semantic_qa_evidence,semantic_qa_relation_expansion,rel_seed_933534aa77bacc2f,rel_seed_933534aa77bacc2f,direct,HAS_SYMPTOM,ent_diseasecondition_6ac8dc82e106,حمى عضة الفأر,DiseaseCondition,ent_symptom_a3c00de774da,ارتجاف,Symptom,ahd5k_01255,ارتجاف,Symptom explicitly listed
trial_query_118,ماهي علاجات حمى التهاب باطن القدم وباطن اليد وماهي الفحوصات للتاكد من اسباب هذا المرض؟,0.720429,0.85,0.45,1.0,0.290581,0.04,0.117647,ent_diseasecondition_6ac8dc82e106,حمى عضة الفأر,semantic_qa_evidence,semantic_qa_relation_expansion,rel_seed_d06265fc46f1e698,rel_seed_d06265fc46f1e698,direct,HAS_SYMPTOM,ent_diseasecondition_6ac8dc82e106,حمى عضة الفأر,DiseaseCondition,ent_symptom_320d3e905b16,أوجاع العضلات,Symptom,ahd5k_01255,أوجاع العضلات,Symptom explicitly listed
trial_query_118,ماهي علاجات حمى التهاب باطن القدم وباطن اليد وماهي الفحوصات للتاكد من اسباب هذا المرض؟,0.720429,0.85,0.45,1.0,0.290581,0.04,0.117647,ent_diseasecondition_6ac8dc82e106,حمى عضة الفأر,semantic_qa_evidence,semantic_qa_relation_expansion,rel_seed_94f24939f142e057,rel_seed_94f24939f142e057,direct,HAS_SYMPTOM,ent_diseasecondition_6ac8dc82e106,حمى عضة الفأر,DiseaseCondition,ent_symptom_976231d5f27b,أوجاع المفاصل,Symptom,ahd5k_01255,أوجاع المفاصل,Symptom explicitly listed
trial_query_118,ماهي علاجات حمى التهاب باطن القدم وباطن اليد وماهي الفحوصات للتاكد من اسباب هذا المرض؟,0.720429,0.85,0.45,1.0,0.290581,0.04,0.117647,ent_diseasecondition_21009b0da809,حمى عضة الجرذون,semantic_qa_evidence,semantic_qa_relation_expansion,rel_seed_9801b830734a962e,rel_seed_9801b830734a962e,direct,HAS_SYMPTOM,ent_diseasecondition_21009b0da809,حمى عضة الجرذون,DiseaseCondition,ent_symptom_a3c00de774da,ارتجاف,Symptom,ahd5k_01255,ارتجاف,Symptom explicitly listed
trial_query_118,ماهي علاجات حمى التهاب باطن القدم وباطن اليد وماهي الفحوصات للتاكد من اسباب هذا المرض؟,0.680429,0.85,0.45,1.0,0.290581,0.0,0.117647,ent_symptom_a3c00de774da,ارتجاف,semantic_qa_evidence,semantic_qa_relation_expansion,rel_seed_a210f4f396ba3db3__inverse,rel_seed_a210f4f396ba3db3,inverse,SYMPTOM_OF,ent_symptom_a3c00de774da,ارتجاف,Symptom,ent_diseasecondition_c089d34028d0,حمى عضة الجرذ,DiseaseCondition,ahd5k_01255,ارتجاف,Symptom explicitly listed
trial_query_118,ماهي علاجات حمى التهاب باطن القدم وباطن اليد وماهي الفحوصات للتاكد من اسباب هذا المرض؟,0.680429,0.85,0.45,1.0,0.290581,0.0,0.117647,ent_symptom_320d3e905b16,أوجاع العضلات,semantic_qa_evidence,semantic_qa_relation_expansion,rel_seed_24a2795dd4ff4bfd__inverse,rel_seed_24a2795dd4ff4bfd,inverse,SYMPTOM_OF,ent_symptom_320d3e905b16,أوجاع العضلات,Symptom,ent_diseasecondition_c089d34028d0,حمى عضة الجرذ,DiseaseCondition,ahd5k_01255,أوجاع العضلات,Symptom explicitly listed
trial_query_118,ماهي علاجات حمى التهاب باطن القدم وباطن اليد وماهي الفحوصات للتاكد من اسباب هذا المرض؟,0.680429,0.85,0.45,1.0,0.290581,0.0,0.117647,ent_symptom_976231d5f27b,أوجاع المفاصل,semantic_qa_evidence,semantic_qa_relation_expansion,rel_seed_d2620cf9ddc72332__inverse,rel_seed_d2620cf9ddc72332,inverse,SYMPTOM_OF,ent_symptom_976231d5f27b,أوجاع المفاصل,Symptom,ent_diseasecondition_c089d34028d0,حمى عضة الجرذ,DiseaseCondition,ahd5k_01255,أوجاع المفاصل,Symptom explicitly listed
trial_query_118,ماهي علاجات حمى التهاب باطن القدم وباطن اليد وماهي الفحوصات للتاكد من اسباب هذا المرض؟,0.680429,0.85,0.45,1.0,0.290581,0.0,0.117647,ent_symptom_a3c00de774da,ارتجاف,semantic_qa_evidence,semantic_qa_relation_expansion,rel_seed_933534aa77bacc2f__inverse,rel_seed_933534aa77bacc2f,inverse,SYMPTOM_OF,ent_symptom_a3c00de774da,ارتجاف,Symptom,ent_diseasecondition_6ac8dc82e106,حمى عضة الفأر,DiseaseCondition,ahd5k_01255,ارتجاف,Symptom explicitly listed
trial_query_118,ماهي علاجات حمى التهاب باطن القدم وباطن اليد وماهي الفحوصات للتاكد من اسباب هذا المرض؟,0.680429,0.85,0.45,1.0,0.290581,0.0,0.117647,ent_symptom_320d3e905b16,أوجاع العضلات,semantic_qa_evidence,semantic_qa_relation_expansion,rel_seed_d06265fc46f1e698__inverse,rel_seed_d06265fc46f1e698,inverse,SYMPTOM_OF,ent_symptom_320d3e905b16,أوجاع العضلات,Symptom,ent_diseasecondition_6ac8dc82e106,حمى عضة الفأر,DiseaseCondition,ahd5k_01255,أوجاع العضلات,Symptom explicitly listed
trial_query_118,ماهي علاجات حمى التهاب باطن القدم وباطن اليد وماهي الفحوصات للتاكد من اسباب هذا المرض؟,0.680429,0.85,0.45,1.0,0.290581,0.0,0.117647,ent_symptom_976231d5f27b,أوجاع المفاصل,semantic_qa_evidence,semantic_qa_relation_expansion,rel_seed_94f24939f142e057__inverse,rel_seed_94f24939f142e057,inverse,SYMPTOM_OF,ent_symptom_976231d5f27b,أوجاع المفاصل,Symptom,ent_diseasecondition_6ac8dc82e106,حمى عضة الفأر,DiseaseCondition,ahd5k_01255,أوجاع المفاصل,Symptom explicitly listed
trial_query_118,ماهي علاجات حمى التهاب باطن القدم وباطن اليد وماهي الفحوصات للتاكد من اسباب هذا المرض؟,0.680429,0.85,0.45,1.0,0.290581,0.0,0.117647,ent_symptom_a3c00de774da,ارتجاف,semantic_qa_evidence,semantic_qa_relation_expansion,rel_seed_9801b830734a962e__inverse,rel_seed_9801b830734a962e,inverse,SYMPTOM_OF,ent_symptom_a3c00de774da,ارتجاف,Symptom,ent_diseasecondition_21009b0da809,حمى عضة الجرذون,DiseaseCondition,ahd5k_01255,ارتجاف,Symptom explicitly listed
trial_query_118,ماهي علاجات حمى التهاب باطن القدم وباطن اليد وماهي الفحوصات للتاكد من اسباب هذا المرض؟,0.649001,0.88,0.82,0.4,0.426777,0.0,0.176471,ent_test_c4ec2e232baf,الفحوصات المخبرية,detected_alias,seed_entity_traversal,rel_seed_4f5d9b743f9efed8__inverse,rel_seed_4f5d9b743f9efed8,inverse,INVESTIGATES,ent_test_c4ec2e232baf,الفحوصات المخبرية,Test,ent_symptom_9510bd8242ac,انقطاع الطمث,Symptom,ahd5k_04611,الفحوصات المخبرية...جزء من التقيم,Direct investigation relationship stated in QA
trial_query_118,ماهي علاجات حمى التهاب باطن القدم وباطن اليد وماهي الفحوصات للتاكد من اسباب هذا المرض؟,0.570982,0.85,1.0,-0.2,0.415779,0.04,0.176471,ent_symptom_018ebc11f6df,حمى,detected_exact,seed_entity_traversal,rel_seed_a23a22fd518eba56,rel_seed_a23a22fd518eba56,direct,TREATED_BY,ent_symptom_018ebc11f6df,حمى,Symptom,ent_treatment_be514bea14bc,خافض حراره,Treatment,ahd5k_01611,المفروض ان تزول هذه الاعراض خلال 48 ساعة وعليكي استخدام خافض حراره ومسكن للالم بعد تطعيم,Direct evidence supports fever reducer as treatment for fever.
trial_query_118,ماهي علاجات حمى التهاب باطن القدم وباطن اليد وماهي الفحوصات للتاكد من اسباب هذا المرض؟,0.567452,0.85,1.0,-0.2,0.415779,0.04,0.117647,ent_symptom_018ebc11f6df,حمى,detected_exact,seed_entity_traversal,rel_seed_6ebd3753c1cc18aa,rel_seed_6ebd3753c1cc18aa,direct,TREATED_BY,ent_symptom_018ebc11f6df,حمى,Symptom,ent_treatment_43526f78a371,مضاد حيوي,Treatment,ahd5k_04651,اعطية مضاد حيوي,Direct administration of antibiotic to address fever symptoms.
trial_query_118,ماهي علاجات حمى التهاب باطن القدم وباطن اليد وماهي الفحوصات للتاكد من اسباب هذا المرض؟,0.567452,0.85,1.0,-0.2,0.415779,0.04,0.117647,ent_symptom_018ebc11f6df,حمى,detected_exact,seed_entity_traversal,rel_seed_1b6ab5e5a8817d65,rel_seed_1b6ab5e5a8817d65,direct,TREATED_BY,ent_symptom_018ebc11f6df,حمى,Symptom,ent_treatment_be514bea14bc,خافض حرارة,Treatment,ahd5k_04651,اعطية خافض حرارة,Direct administration of fever reducer to address fever symptoms.
trial_query_118,ماهي علاجات حمى التهاب باطن القدم وباطن اليد وماهي الفحوصات للتاكد من اسباب هذا المرض؟,0.567452,0.85,1.0,-0.2,0.415779,0.04,0.117647,ent_symptom_018ebc11f6df,حمى,detected_exact,seed_entity_traversal,rel_seed_703977431c75de36,rel_seed_703977431c75de36,direct,TREATED_BY,ent_symptom_018ebc11f6df,حمى,Symptom,ent_treatment_328b48423699,الماء,Treatment,ahd5k_04919,يرش الجسم بالماء الفاتر أو ذو حرارة باردة نسبياً 'أبرد من جسد المصاب'.,الماء الفاتر مذكور كعلاج مباشر لحمى.
trial_query_118,ماهي علاجات حمى التهاب باطن القدم وباطن اليد وماهي الفحوصات للتاكد من اسباب هذا المرض؟,0.567452,0.85,1.0,-0.2,0.415779,0.04,0.117647,ent_symptom_018ebc11f6df,حمى,detected_exact,seed_entity_traversal,rel_seed_c8ded7877941fc37,rel_seed_c8ded7877941fc37,direct,TREATED_BY,ent_symptom_018ebc11f6df,حمى,Symptom,ent_treatment_e77b8748ec09,ثلج,Treatment,ahd5k_04919,توضع مكعبات ثلجية حول منطقة الرقبة ومنطقة ما تحت الإبط.,الثلج مذكور كعلاج مباشر لحمى.
trial_query_118,ماهي علاجات حمى التهاب باطن القدم وباطن اليد وماهي الفحوصات للتاكد من اسباب هذا المرض؟,0.567452,0.85,1.0,-0.2,0.415779,0.04,0.117647,ent_symptom_018ebc11f6df,حمى,detected_exact,seed_entity_traversal,rel_seed_4556749d4dbb166c,rel_seed_4556749d4dbb166c,direct,TREATED_BY,ent_symptom_018ebc11f6df,حمى,Symptom,ent_treatment_b7e7fb09dd09,السوائل,Treatment,ahd5k_04919,إعطاء المصاب السوائل اللازمة ويفضل أن تكون باردة.,السوائل مذكورة كعلاج مباشر لحمى.
trial_query_118,ماهي علاجات حمى التهاب باطن القدم وباطن اليد وماهي الفحوصات للتاكد من اسباب هذا المرض؟,0.436929,0.9,0.45,-0.2,0.290581,0.04,0.117647,ent_diseasecondition_c089d34028d0,حمى عضة الجرذ,semantic_qa_evidence,semantic_qa_relation_expansion,rel_seed_7df43fc4a20ecefe,rel_seed_7df43fc4a20ecefe,direct,TREATED_BY,ent_diseasecondition_c089d34028d0,حمى عضة الجرذ,DiseaseCondition,ent_treatment_46930d71ed57,بنسيلين,Treatment,ahd5k_01255,البنسيلين,Direct treatment recommendation
trial_query_118,ماهي علاجات حمى التهاب باطن القدم وباطن اليد وماهي الفحوصات للتاكد من اسباب هذا المرض؟,0.436929,0.9,0.45,-0.2,0.290581,0.04,0.117647,ent_diseasecondition_c089d34028d0,حمى عضة الجرذ,semantic_qa_evidence,semantic_qa_relation_expansion,rel_seed_b99c06c2dd4f09f6,rel_seed_b99c06c2dd4f09f6,direct,TREATED_BY,ent_diseasecondition_c089d34028d0,حمى عضة الجرذ,DiseaseCondition,ent_treatment_790302b0b1e6,سيبروفلوكساسين,Treatment,ahd5k_01255,السيبروفلوكساسين,Direct treatment recommendation
trial_query_118,ماهي علاجات حمى التهاب باطن القدم وباطن اليد وماهي الفحوصات للتاكد من اسباب هذا المرض؟,0.436929,0.9,0.45,-0.2,0.290581,0.04,0.117647,ent_diseasecondition_6ac8dc82e106,حمى عضة الفأر,semantic_qa_evidence,semantic_qa_relation_expansion,rel_seed_1832f5799b1ae9b6,rel_seed_1832f5799b1ae9b6,direct,TREATED_BY,ent_diseasecondition_6ac8dc82e106,حمى عضة الفأر,DiseaseCondition,ent_treatment_46930d71ed57,بنسيلين,Treatment,ahd5k_01255,البنسيلين,Direct treatment recommendation
trial_query_118,ماهي علاجات حمى التهاب باطن القدم وباطن اليد وماهي الفحوصات للتاكد من اسباب هذا المرض؟,0.436929,0.9,0.45,-0.2,0.290581,0.04,0.117647,ent_diseasecondition_6ac8dc82e106,حمى عضة الفأر,semantic_qa_evidence,semantic_qa_relation_expansion,rel_seed_9ad6e2f314aa280c,rel_seed_9ad6e2f314aa280c,direct,TREATED_BY,ent_diseasecondition_6ac8dc82e106,حمى عضة الفأر,DiseaseCondition,ent_treatment_790302b0b1e6,سيبروفلوكساسين,Treatment,ahd5k_01255,السيبروفلوكساسين,Direct treatment recommendation
trial_query_118,ماهي علاجات حمى التهاب باطن القدم وباطن اليد وماهي الفحوصات للتاكد من اسباب هذا المرض؟,0.420429,0.85,0.45,-0.2,0.290581,0.04,0.117647,ent_diseasecondition_c089d34028d0,حمى عضة الجرذ,semantic_qa_evidence,semantic_qa_relation_expansion,rel_seed_8d551278539bc390,rel_seed_8d551278539bc390,direct,TREATED_BY,ent_diseasecondition_c089d34028d0,حمى عضة الجرذ,DiseaseCondition,ent_treatment_6d11b359c485,المضادات الحيوية,Treatment,ahd5k_01255,المضادات الحيوية,General treatment category explicitly mentioned
trial_query_118,ماهي علاجات حمى التهاب باطن القدم وباطن اليد وماهي الفحوصات للتاكد من اسباب هذا المرض؟,0.420429,0.85,0.45,-0.2,0.290581,0.04,0.117647,ent_diseasecondition_6ac8dc82e106,حمى عضة الفأر,semantic_qa_evidence,semantic_qa_relation_expansion,rel_seed_888353f399dd5efd,rel_seed_888353f399dd5efd,direct,TREATED_BY,ent_diseasecondition_6ac8dc82e106,حمى عضة الفأر,DiseaseCondition,ent_treatment_6d11b359c485,المضادات الحيوية,Treatment,ahd5k_01255,المضادات الحيوية,General treatment category explicitly mentioned
trial_query_118,ماهي علاجات حمى التهاب باطن القدم وباطن اليد وماهي الفحوصات للتاكد من اسباب هذا المرض؟,0.396929,0.9,0.45,-0.2,0.290581,0.0,0.117647,ent_treatment_46930d71ed57,بنسيلين,semantic_qa_evidence,semantic_qa_relation_expansion,rel_seed_7df43fc4a20ecefe__inverse,rel_seed_7df43fc4a20ecefe,inverse,TREATS,ent_treatment_46930d71ed57,بنسيلين,Treatment,ent_diseasecondition_c089d34028d0,حمى عضة الجرذ,DiseaseCondition,ahd5k_01255,البنسيلين,Direct treatment recommendation
trial_query_118,ماهي علاجات حمى التهاب باطن القدم وباطن اليد وماهي الفحوصات للتاكد من اسباب هذا المرض؟,0.396929,0.9,0.45,-0.2,0.290581,0.0,0.117647,ent_treatment_790302b0b1e6,سيبروفلوكساسين,semantic_qa_evidence,semantic_qa_relation_expansion,rel_seed_b99c06c2dd4f09f6__inverse,rel_seed_b99c06c2dd4f09f6,inverse,TREATS,ent_treatment_790302b0b1e6,سيبروفلوكساسين,Treatment,ent_diseasecondition_c089d34028d0,حمى عضة الجرذ,DiseaseCondition,ahd5k_01255,السيبروفلوكساسين,Direct treatment recommendation
trial_query_118,ماهي علاجات حمى التهاب باطن القدم وباطن اليد وماهي الفحوصات للتاكد من اسباب هذا المرض؟,0.396929,0.9,0.45,-0.2,0.290581,0.0,0.117647,ent_treatment_46930d71ed57,بنسيلين,semantic_qa_evidence,semantic_qa_relation_expansion,rel_seed_1832f5799b1ae9b6__inverse,rel_seed_1832f5799b1ae9b6,inverse,TREATS,ent_treatment_46930d71ed57,بنسيلين,Treatment,ent_diseasecondition_6ac8dc82e106,حمى عضة الفأر,DiseaseCondition,ahd5k_01255,البنسيلين,Direct treatment recommendation
trial_query_118,ماهي علاجات حمى التهاب باطن القدم وباطن اليد وماهي الفحوصات للتاكد من اسباب هذا المرض؟,0.396929,0.9,0.45,-0.2,0.290581,0.0,0.117647,ent_treatment_790302b0b1e6,سيبروفلوكساسين,semantic_qa_evidence,semantic_qa_relation_expansion,rel_seed_9ad6e2f314aa280c__inverse,rel_seed_9ad6e2f314aa280c,inverse,TREATS,ent_treatment_790302b0b1e6,سيبروفلوكساسين,Treatment,ent_diseasecondition_6ac8dc82e106,حمى عضة الفأر,DiseaseCondition,ahd5k_01255,السيبروفلوكساسين,Direct treatment recommendation
trial_query_118,ماهي علاجات حمى التهاب باطن القدم وباطن اليد وماهي الفحوصات للتاكد من اسباب هذا المرض؟,0.380429,0.85,0.45,-0.2,0.290581,0.0,0.117647,ent_treatment_6d11b359c485,المضادات الحيوية,semantic_qa_evidence,semantic_qa_relation_expansion,rel_seed_8d551278539bc390__inverse,rel_seed_8d551278539bc390,inverse,TREATS,ent_treatment_6d11b359c485,المضادات الحيوية,Treatment,ent_diseasecondition_c089d34028d0,حمى عضة الجرذ,DiseaseCondition,ahd5k_01255,المضادات الحيوية,General treatment category explicitly mentioned
trial_query_118,ماهي علاجات حمى التهاب باطن القدم وباطن اليد وماهي الفحوصات للتاكد من اسباب هذا المرض؟,0.380429,0.85,0.45,-0.2,0.290581,0.0,0.117647,ent_treatment_6d11b359c485,المضادات الحيوية,semantic_qa_evidence,semantic_qa_relation_expansion,rel_seed_888353f399dd5efd__inverse,rel_seed_888353f399dd5efd,inverse,TREATS,ent_treatment_6d11b359c485,المضادات الحيوية,Treatment,ent_diseasecondition_6ac8dc82e106,حمى عضة الفأر,DiseaseCondition,ahd5k_01255,المضادات الحيوية,General treatment category explicitly mentioned
trial_query_119,والدي وقع من الدرج قبل ثلالث ايام نلاحظ هناك زغللة في عينه اليمنى مع حول فيها تم قياسة مستوى السكر اليوم 200 اتمنى افادتي بهذا الامر هل له علاقة بالحلطة...,0.766491,0.9,0.55,1.0,0.32,0.04,0.151515,ent_diseasecondition_380db6d92562,مرض السكري,semantic_candidate,seed_entity_traversal,rel_seed_fff580f977f6b0c9,rel_seed_fff580f977f6b0c9,direct,DIAGNOSED_BY,ent_diseasecondition_380db6d92562,مرض السكري,DiseaseCondition,ent_test_dd68aa784555,تحاليل مخبرية,Test,ahd5k_01551,تحاليل مخبرية,Lab tests are standard diagnostic tools for diabetes.
trial_query_119,والدي وقع من الدرج قبل ثلالث ايام نلاحظ هناك زغللة في عينه اليمنى مع حول فيها تم قياسة مستوى السكر اليوم 200 اتمنى افادتي بهذا الامر هل له علاقة بالحلطة...,0.753627,0.85,0.55,1.0,0.32,0.04,0.212121,ent_diseasecondition_380db6d92562,مرض السكري,semantic_candidate,seed_entity_traversal,rel_seed_bd9e5c6d36b9dbdb,rel_seed_bd9e5c6d36b9dbdb,direct,HAS_SYMPTOM,ent_diseasecondition_380db6d92562,مرض السكري,DiseaseCondition,ent_symptom_724e59ded899,ضغط الدم,Symptom,ahd5k_01294,مرض السكري وضغط الدمز,Direct co-occurrence with explicit disease-symptom relationship
trial_query_119,والدي وقع من الدرج قبل ثلالث ايام نلاحظ هناك زغللة في عينه اليمنى مع حول فيها تم قياسة مستوى السكر اليوم 200 اتمنى افادتي بهذا الامر هل له علاقة بالحلطة...,0.753627,0.85,0.55,1.0,0.32,0.04,0.212121,ent_diseasecondition_380db6d92562,مرض السكري,semantic_candidate,seed_entity_traversal,rel_seed_b3536762c6f85e02,rel_seed_b3536762c6f85e02,direct,HAS_SYMPTOM,ent_diseasecondition_380db6d92562,مرض السكري,DiseaseCondition,ent_symptom_724e59ded899,ضغط الدم,Symptom,ahd5k_04912,مع العلم أن المريض يعاني من مرض السكر,Explicit disease-symptom relationship
trial_query_119,والدي وقع من الدرج قبل ثلالث ايام نلاحظ هناك زغللة في عينه اليمنى مع حول فيها تم قياسة مستوى السكر اليوم 200 اتمنى افادتي بهذا الامر هل له علاقة بالحلطة...,0.751809,0.85,0.55,1.0,0.32,0.04,0.181818,ent_diseasecondition_380db6d92562,مرض السكري,semantic_candidate,seed_entity_traversal,rel_seed_1a25f42f93f6f380,rel_seed_1a25f42f93f6f380,direct,HAS_SYMPTOM,ent_diseasecondition_380db6d92562,مرض السكري,DiseaseCondition,ent_symptom_724e59ded899,ضغط الدم,Symptom,ahd5k_02607,مرض السكري وضغط الدم,Direct disease-symptom relationship established
trial_query_119,والدي وقع من الدرج قبل ثلالث ايام نلاحظ هناك زغللة في عينه اليمنى مع حول فيها تم قياسة مستوى السكر اليوم 200 اتمنى افادتي بهذا الامر هل له علاقة بالحلطة...,0.709118,0.85,0.45,1.0,0.194541,0.04,0.121212,ent_diseasecondition_16cf4e77b755,التهاب,semantic_qa_evidence,semantic_qa_relation_expansion,rel_seed_85a95e9683ec40c4,rel_seed_85a95e9683ec40c4,direct,DIAGNOSED_BY,ent_diseasecondition_16cf4e77b755,التهاب,DiseaseCondition,ent_test_dd68aa784555,تحاليل مخبرية,Test,ahd5k_01551,تحاليل مخبرية,Lab tests are standard diagnostic tools for inflammation.
trial_query_119,والدي وقع من الدرج قبل ثلالث ايام نلاحظ هناك زغللة في عينه اليمنى مع حول فيها تم قياسة مستوى السكر اليوم 200 اتمنى افادتي بهذا الامر هل له علاقة بالحلطة...,0.402491,0.9,0.45,-0.2,0.32,0.0,0.151515,ent_test_dd68aa784555,تحاليل مخبرية,semantic_qa_evidence,semantic_qa_relation_expansion,rel_seed_fff580f977f6b0c9__inverse,rel_seed_fff580f977f6b0c9,inverse,DIAGNOSES,ent_test_dd68aa784555,تحاليل مخبرية,Test,ent_diseasecondition_380db6d92562,مرض السكري,DiseaseCondition,ahd5k_01551,تحاليل مخبرية,Lab tests are standard diagnostic tools for diabetes.
trial_query_119,والدي وقع من الدرج قبل ثلالث ايام نلاحظ هناك زغللة في عينه اليمنى مع حول فيها تم قياسة مستوى السكر اليوم 200 اتمنى افادتي بهذا الامر هل له علاقة بالحلطة...,0.389627,0.85,0.45,-0.2,0.32,0.0,0.212121,ent_symptom_724e59ded899,ضغط الدم,semantic_qa_evidence,semantic_qa_relation_expansion,rel_seed_b3536762c6f85e02__inverse,rel_seed_b3536762c6f85e02,inverse,SYMPTOM_OF,ent_symptom_724e59ded899,ضغط الدم,Symptom,ent_diseasecondition_380db6d92562,مرض السكري,DiseaseCondition,ahd5k_04912,مع العلم أن المريض يعاني من مرض السكر,Explicit disease-symptom relationship
trial_query_119,والدي وقع من الدرج قبل ثلالث ايام نلاحظ هناك زغللة في عينه اليمنى مع حول فيها تم قياسة مستوى السكر اليوم 200 اتمنى افادتي بهذا الامر هل له علاقة بالحلطة...,0.369118,0.85,0.45,-0.2,0.194541,0.0,0.121212,ent_test_dd68aa784555,تحاليل مخبرية,semantic_qa_evidence,semantic_qa_relation_expansion,rel_seed_85a95e9683ec40c4__inverse,rel_seed_85a95e9683ec40c4,inverse,DIAGNOSES,ent_test_dd68aa784555,تحاليل مخبرية,Test,ent_diseasecondition_16cf4e77b755,التهاب,DiseaseCondition,ahd5k_01551,تحاليل مخبرية,Lab tests are standard diagnostic tools for inflammation.
trial_query_120,ماهي الاهمية الطبية للجلوكوز والفركتوز والجالكتوز؟,0.766242,0.85,0.45,1.0,0.331186,0.04,0.8,ent_diseasecondition_16cf4e77b755,التهاب,semantic_qa_evidence,semantic_qa_relation_expansion,rel_seed_5833cc6e20017e7f,rel_seed_5833cc6e20017e7f,direct,HAS_SYMPTOM,ent_diseasecondition_16cf4e77b755,التهاب,DiseaseCondition,ent_symptom_5a4646c01c0e,اختلال وظائف الكبد,Symptom,ahd5k_01578,التهاب في العين وفقدان حاسة الشم واختلال وظائف الكبد والكلى,النص يربط بشكل مباشر بين التهاب وعوارضه (اختلال وظائف الكبد)
trial_query_120,ماهي الاهمية الطبية للجلوكوز والفركتوز والجالكتوز؟,0.726242,0.85,0.45,1.0,0.331186,0.0,0.8,ent_symptom_5a4646c01c0e,اختلال وظائف الكبد,semantic_qa_evidence,semantic_qa_relation_expansion,rel_seed_5833cc6e20017e7f__inverse,rel_seed_5833cc6e20017e7f,inverse,SYMPTOM_OF,ent_symptom_5a4646c01c0e,اختلال وظائف الكبد,Symptom,ent_diseasecondition_16cf4e77b755,التهاب,DiseaseCondition,ahd5k_01578,التهاب في العين وفقدان حاسة الشم واختلال وظائف الكبد والكلى,النص يربط بشكل مباشر بين التهاب وعوارضه (اختلال وظائف الكبد)
trial_query_121,متى يلجأ الدكتور الي نزع عَصّب السن او الضرس,0.4677,0.97,0.45,-0.2,0.313333,0.04,0.2,focus_ent_dental_filling,حشو الأسنان,semantic_qa_evidence,semantic_qa_relation_expansion,focus_rel_dental_filling_no_dimple_relation,focus_rel_dental_filling_no_dimple_relation,direct,NOT_ASSOCIATED_WITH,focus_ent_dental_filling,حشو الأسنان,Treatment,focus_ent_face_dimple,غمازة الوجه,BodyFeature,ahd5k_00484,لا توجد علاقة مرتبطة بين حشو الأسنان وغمازة الوجه حسب مصدر AHD.,focused dataset-derived expansion from ahd5k_00484
trial_query_121,متى يلجأ الدكتور الي نزع عَصّب السن او الضرس,0.4677,0.97,0.45,-0.2,0.313333,0.04,0.2,focus_ent_strong_local_anesthesia,تخدير موضعي قوي,semantic_qa_evidence,semantic_qa_relation_expansion,focus_rel_dental_anesthesia_temporary_dimple,focus_rel_dental_anesthesia_temporary_dimple,direct,MAY_TEMPORARILY_AFFECT,focus_ent_strong_local_anesthesia,تخدير موضعي قوي,Treatment,focus_ent_face_dimple,غمازة الوجه,BodyFeature,ahd5k_00484,إذا تم تخدير منطقة الغمازة بمخدر قوي وكمية كبيرة فقد تزول الحالة خلال 24-48 ساعة.,focused dataset-derived expansion from ahd5k_00484
trial_query_121,متى يلجأ الدكتور الي نزع عَصّب السن او الضرس,0.4617,0.97,0.45,-0.2,0.313333,0.04,0.1,focus_ent_tooth_filing,برد الأسنان,semantic_qa_evidence,semantic_qa_relation_expansion,focus_rel_tooth_filing_risk_sensitivity,focus_rel_tooth_filing_risk_sensitivity,direct,HAS_RISK,focus_ent_tooth_filing,برد الأسنان,Procedure,focus_ent_tooth_sensitivity,حساسية الأسنان,Symptom,ahd5k_00828,كثرة برد الأسنان قد تؤثر على الأسنان وتجعلها حساسة.,focused dataset-derived expansion from ahd5k_00828
trial_query_121,متى يلجأ الدكتور الي نزع عَصّب السن او الضرس,0.4617,0.97,0.45,-0.2,0.313333,0.04,0.1,focus_ent_tooth_filing,برد الأسنان,semantic_qa_evidence,semantic_qa_relation_expansion,focus_rel_tooth_filing_duration,focus_rel_tooth_filing_duration,direct,PROCEDURE_DURATION,focus_ent_tooth_filing,برد الأسنان,Procedure,focus_ent_one_two_sessions,جلسة واحدة أو جلستان,ProcedureDuration,ahd5k_00828,برد الأسنان للتصغير قد يتم في جلسة واحدة، أما للتركيب وعمل أسنان صناعية فقد يحتاج جلسة أو جلستين.,focused dataset-derived expansion from ahd5k_00828
trial_query_122,سلام لقد اجريت فحص الهرمون B-HCG ،و نتائج التحاليل كما يللي 3-4 اسبوع 9-130 4-5 اسبوع 75-2600 5-6 اسبوع 850-20800 7-8 اسبوع 4000-100200 7-12 اسبوع 11500-289000 12-16 اسبوع 18300-137000 و...,0.668497,0.85,1.0,0.4,0.386084,0.0,0.027778,ent_test_234f794d532f,الهرمون,detected_exact,seed_entity_traversal,rel_seed_14a6be8faeb8ff92__inverse,rel_seed_14a6be8faeb8ff92,inverse,DIAGNOSES,ent_test_234f794d532f,الهرمون,Test,ent_diseasecondition_22348d970227,مرض الغدة الدرقية,DiseaseCondition,ahd5k_00035,مستوى الهرمون في الدم,Hormone level test directly linked to thyroid disease diagnosis
trial_query_122,سلام لقد اجريت فحص الهرمون B-HCG ،و نتائج التحاليل كما يللي 3-4 اسبوع 9-130 4-5 اسبوع 75-2600 5-6 اسبوع 850-20800 7-8 اسبوع 4000-100200 7-12 اسبوع 11500-289000 12-16 اسبوع 18300-137000 و...,0.597505,0.97,0.45,0.4,0.217268,0.04,0.055556,focus_ent_dyspnea_fatigue,صعوبة التنفس والإرهاق,semantic_qa_evidence,semantic_qa_relation_expansion,focus_rel_dyspnea_fatigue_investigated_by_exam,focus_rel_dyspnea_fatigue_investigated_by_exam,direct,INVESTIGATED_BY,focus_ent_dyspnea_fatigue,صعوبة التنفس والإرهاق,Symptom,focus_ent_history_physical_exam,التاريخ المرضي والفحص السريري,DiagnosticProcedure,ahd5k_00855,ينبغي معرفة التاريخ المرضي وإجراء فحص للكشف عن علامات سريرية تساعد في تحديد طبيعة الحالة.,focused dataset-derived expansion from ahd5k_00855
trial_query_122,سلام لقد اجريت فحص الهرمون B-HCG ،و نتائج التحاليل كما يللي 3-4 اسبوع 9-130 4-5 اسبوع 75-2600 5-6 اسبوع 850-20800 7-8 اسبوع 4000-100200 7-12 اسبوع 11500-289000 12-16 اسبوع 18300-137000 و...,0.576497,0.85,0.45,0.4,0.386084,0.04,0.027778,ent_diseasecondition_22348d970227,مرض الغدة الدرقية,semantic_qa_evidence,semantic_qa_relation_expansion,rel_seed_14a6be8faeb8ff92,rel_seed_14a6be8faeb8ff92,direct,DIAGNOSED_BY,ent_diseasecondition_22348d970227,مرض الغدة الدرقية,DiseaseCondition,ent_test_234f794d532f,الهرمون,Test,ahd5k_00035,مستوى الهرمون في الدم,Hormone level test directly linked to thyroid disease diagnosis
trial_query_122,سلام لقد اجريت فحص الهرمون B-HCG ،و نتائج التحاليل كما يللي 3-4 اسبوع 9-130 4-5 اسبوع 75-2600 5-6 اسبوع 850-20800 7-8 اسبوع 4000-100200 7-12 اسبوع 11500-289000 12-16 اسبوع 18300-137000 و...,0.561339,0.9,0.45,0.4,0.094491,0.04,0.083333,ent_diseasecondition_3d19d6125641,نقص الصفيحات,semantic_qa_evidence,semantic_qa_relation_expansion,rel_seed_8236475f7d4c4d52,rel_seed_8236475f7d4c4d52,direct,DIAGNOSED_BY,ent_diseasecondition_3d19d6125641,نقص الصفيحات,DiseaseCondition,ent_test_db1175f121dc,فحص نخاع العظم,Test,ahd5k_00313,فحص نخاع العظم مرتبط بتشخيص نقص الصفيحات,الاختبار مذكور كوسيلة لتشخيص الحالة
trial_query_122,سلام لقد اجريت فحص الهرمون B-HCG ،و نتائج التحاليل كما يللي 3-4 اسبوع 9-130 4-5 اسبوع 75-2600 5-6 اسبوع 850-20800 7-8 اسبوع 4000-100200 7-12 اسبوع 11500-289000 12-16 اسبوع 18300-137000 و...,0.521339,0.9,0.45,0.4,0.094491,0.0,0.083333,ent_test_db1175f121dc,فحص نخاع العظم,semantic_qa_evidence,semantic_qa_relation_expansion,rel_seed_8236475f7d4c4d52__inverse,rel_seed_8236475f7d4c4d52,inverse,DIAGNOSES,ent_test_db1175f121dc,فحص نخاع العظم,Test,ent_diseasecondition_3d19d6125641,نقص الصفيحات,DiseaseCondition,ahd5k_00313,فحص نخاع العظم مرتبط بتشخيص نقص الصفيحات,الاختبار مذكور كوسيلة لتشخيص الحالة
trial_query_122,سلام لقد اجريت فحص الهرمون B-HCG ،و نتائج التحاليل كما يللي 3-4 اسبوع 9-130 4-5 اسبوع 75-2600 5-6 اسبوع 850-20800 7-8 اسبوع 4000-100200 7-12 اسبوع 11500-289000 12-16 اسبوع 18300-137000 و...,0.447505,0.97,0.45,-0.2,0.217268,0.04,0.055556,focus_ent_dyspnea_fatigue,صعوبة التنفس والإرهاق,semantic_qa_evidence,semantic_qa_relation_expansion,focus_rel_dyspnea_fatigue_possible_causes,focus_rel_dyspnea_fatigue_possible_causes,direct,MAY_BE_ASSOCIATED_WITH,focus_ent_dyspnea_fatigue,صعوبة التنفس والإرهاق,Symptom,focus_ent_respiratory_anemia_circulation,التهاب تنفسي أو فقر دم أو اضطراب دموي أو دوراني,PossibleCondition,ahd5k_00855,صعوبة التنفس والإرهاق قد تكون ناجمة عن التهاب في الجهاز التنفسي أو فقر الدم أو اضطرابات دموية أو متعلقة بجهاز الدورة الدموية.,focused dataset-derived expansion from ahd5k_00855
trial_query_122,سلام لقد اجريت فحص الهرمون B-HCG ،و نتائج التحاليل كما يللي 3-4 اسبوع 9-130 4-5 اسبوع 75-2600 5-6 اسبوع 850-20800 7-8 اسبوع 4000-100200 7-12 اسبوع 11500-289000 12-16 اسبوع 18300-137000 و...,0.40574,0.85,0.45,-0.2,0.213113,0.04,0.027778,ent_diseasecondition_22348d970227,مرض الغدة الدرقية,semantic_qa_evidence,semantic_qa_relation_expansion,rel_seed_5398af5e1a992c3d,rel_seed_5398af5e1a992c3d,direct,TREATED_BY,ent_diseasecondition_22348d970227,مرض الغدة الدرقية,DiseaseCondition,ent_treatment_3fd682796ae8,التروكسين,Treatment,ahd5k_00035,اخذ التروكسين,Direct evidence of treatment for thyroid disease
trial_query_122,سلام لقد اجريت فحص الهرمون B-HCG ،و نتائج التحاليل كما يللي 3-4 اسبوع 9-130 4-5 اسبوع 75-2600 5-6 اسبوع 850-20800 7-8 اسبوع 4000-100200 7-12 اسبوع 11500-289000 12-16 اسبوع 18300-137000 و...,0.36574,0.85,0.45,-0.2,0.213113,0.0,0.027778,ent_treatment_3fd682796ae8,التروكسين,semantic_qa_evidence,semantic_qa_relation_expansion,rel_seed_5398af5e1a992c3d__inverse,rel_seed_5398af5e1a992c3d,inverse,TREATS,ent_treatment_3fd682796ae8,التروكسين,Treatment,ent_diseasecondition_22348d970227,مرض الغدة الدرقية,DiseaseCondition,ahd5k_00035,اخذ التروكسين,Direct evidence of treatment for thyroid disease
trial_query_123,لسلام عليكم ممكن تساعدوني ابني عملتله تطعيم سنة ونص اليوم هو يعاني من ارتفاع الحرارة ومايقدر يحرك رجلو وحتى يوقف وهو كتير البكاء كيف اتعامل معاه كيف اخفف من الم...,0.503056,0.85,0.45,-0.2,0.537964,0.04,1.0,ent_symptom_018ebc11f6df,حمى,semantic_qa_evidence,semantic_qa_relation_expansion,rel_seed_a23a22fd518eba56,rel_seed_a23a22fd518eba56,direct,TREATED_BY,ent_symptom_018ebc11f6df,حمى,Symptom,ent_treatment_be514bea14bc,خافض حراره,Treatment,ahd5k_01611,المفروض ان تزول هذه الاعراض خلال 48 ساعة وعليكي استخدام خافض حراره ومسكن للالم بعد تطعيم,Direct evidence supports fever reducer as treatment for fever.
trial_query_123,لسلام عليكم ممكن تساعدوني ابني عملتله تطعيم سنة ونص اليوم هو يعاني من ارتفاع الحرارة ومايقدر يحرك رجلو وحتى يوقف وهو كتير البكاء كيف اتعامل معاه كيف اخفف من الم...,0.463056,0.85,0.45,-0.2,0.537964,0.0,1.0,ent_treatment_be514bea14bc,خافض حراره,semantic_qa_evidence,semantic_qa_relation_expansion,rel_seed_a23a22fd518eba56__inverse,rel_seed_a23a22fd518eba56,inverse,TREATS,ent_treatment_be514bea14bc,خافض حراره,Treatment,ent_symptom_018ebc11f6df,حمى,Symptom,ahd5k_01611,المفروض ان تزول هذه الاعراض خلال 48 ساعة وعليكي استخدام خافض حراره ومسكن للالم بعد تطعيم,Direct evidence supports fever reducer as treatment for fever.
trial_query_123,لسلام عليكم ممكن تساعدوني ابني عملتله تطعيم سنة ونص اليوم هو يعاني من ارتفاع الحرارة ومايقدر يحرك رجلو وحتى يوقف وهو كتير البكاء كيف اتعامل معاه كيف اخفف من الم...,0.448103,0.99,0.45,-0.2,0.105739,0.04,0.178571,supp_ent_condition_kidney_stones,حصى الكلى,semantic_qa_evidence,semantic_qa_relation_expansion,supp_rel_kidney_stones_management,supp_rel_kidney_stones_management,direct,TREATED_BY,supp_ent_condition_kidney_stones,حصى الكلى,DiseaseCondition,supp_ent_kidney_stones_management,الإكثار من السوائل والتقييم الطبي,Treatment,ahd5k_00012,التخلص من الحصى يبدأ بدراستها لمعرفة مكانها وحجمها وطبيعتها ثم يقرر الطبيب كيفية التخلص منها.,dataset-derived supplemental fact from ahd5k_00012
trial_query_123,لسلام عليكم ممكن تساعدوني ابني عملتله تطعيم سنة ونص اليوم هو يعاني من ارتفاع الحرارة ومايقدر يحرك رجلو وحتى يوقف وهو كتير البكاء كيف اتعامل معاه كيف اخفف من الم...,0.419235,0.92,0.45,-0.2,0.093386,0.04,0.107143,ent_diseasecondition_d039dca7a8c0,النقص الشديد للصفائح,semantic_qa_evidence,semantic_qa_relation_expansion,rel_seed_796780629bc7542c,rel_seed_796780629bc7542c,direct,TREATED_BY,ent_diseasecondition_d039dca7a8c0,النقص الشديد للصفائح,DiseaseCondition,ent_treatment_0d20da4fd766,الروتيكسيماب,Treatment,ahd5k_00203,الروتيكسيماب يفيده في علاج النقص الشديد للصفائح,QA explicitly discusses Rituximab as a treatment for severe thrombocytopenia (ITP) with dosage instructions.
trial_query_123,لسلام عليكم ممكن تساعدوني ابني عملتله تطعيم سنة ونص اليوم هو يعاني من ارتفاع الحرارة ومايقدر يحرك رجلو وحتى يوقف وهو كتير البكاء كيف اتعامل معاه كيف اخفف من الم...,0.379235,0.92,0.45,-0.2,0.093386,0.0,0.107143,ent_treatment_0d20da4fd766,الروتيكسيماب,semantic_qa_evidence,semantic_qa_relation_expansion,rel_seed_796780629bc7542c__inverse,rel_seed_796780629bc7542c,inverse,TREATS,ent_treatment_0d20da4fd766,الروتيكسيماب,Treatment,ent_diseasecondition_d039dca7a8c0,النقص الشديد للصفائح,DiseaseCondition,ahd5k_00203,الروتيكسيماب يفيده في علاج النقص الشديد للصفائح,QA explicitly discusses Rituximab as a treatment for severe thrombocytopenia (ITP) with dosage instructions.
trial_query_124,هل زيت نبات الميرمية له آثار جانبية عند تناوله بشكل 3 كبسولات قبل الطعام للتخلص من افراز البرولاكتين المفرز والناتج عن ورم حميد في الغدة النخامية . .,0.578293,0.85,1.0,-0.2,0.844703,0.0,0.107143,ent_treatment_b792fc31b8bb,الميرمية,detected_exact,seed_entity_traversal,rel_seed_410b5987d20de0d3__inverse,rel_seed_410b5987d20de0d3,inverse,TREATS,ent_treatment_b792fc31b8bb,الميرمية,Treatment,ent_diseasecondition_f870ba2ab6eb,الدورة الشهرية,DiseaseCondition,ahd5k_04015,الميرمية,Direct treatment recommendation for menstrual cycle regulation
trial_query_124,هل زيت نبات الميرمية له آثار جانبية عند تناوله بشكل 3 كبسولات قبل الطعام للتخلص من افراز البرولاكتين المفرز والناتج عن ورم حميد في الغدة النخامية . .,0.524093,0.85,1.0,-0.2,0.393033,0.0,0.107143,ent_treatment_60ce765ad441,الطعام,detected_exact,seed_entity_traversal,rel_seed_f733b88e3626f3a2__inverse,rel_seed_f733b88e3626f3a2,inverse,TREATS,ent_treatment_60ce765ad441,الطعام,Treatment,ent_symptom_3600b8bcb53e,الجوع,Symptom,ahd5k_01128,الطعام,Direct evidence supports that 'الطعام' (food) treats 'الجوع' (hunger).
trial_query_124,هل زيت نبات الميرمية له آثار جانبية عند تناوله بشكل 3 كبسولات قبل الطعام للتخلص من افراز البرولاكتين المفرز والناتج عن ورم حميد في الغدة النخامية . .,0.486293,0.85,0.45,-0.2,0.844703,0.04,0.107143,ent_diseasecondition_f870ba2ab6eb,الدورة الشهرية,semantic_qa_evidence,semantic_qa_relation_expansion,rel_seed_410b5987d20de0d3,rel_seed_410b5987d20de0d3,direct,TREATED_BY,ent_diseasecondition_f870ba2ab6eb,الدورة الشهرية,DiseaseCondition,ent_treatment_b792fc31b8bb,الميرمية,Treatment,ahd5k_04015,الميرمية,Direct treatment recommendation for menstrual cycle regulation
trial_query_124,هل زيت نبات الميرمية له آثار جانبية عند تناوله بشكل 3 كبسولات قبل الطعام للتخلص من افراز البرولاكتين المفرز والناتج عن ورم حميد في الغدة النخامية . .,0.44403,0.85,0.55,-0.2,0.256797,0.04,0.178571,ent_diseasecondition_22348d970227,مرض الغدة الدرقية,semantic_candidate,seed_entity_traversal,rel_seed_5398af5e1a992c3d,rel_seed_5398af5e1a992c3d,direct,TREATED_BY,ent_diseasecondition_22348d970227,مرض الغدة الدرقية,DiseaseCondition,ent_treatment_3fd682796ae8,التروكسين,Treatment,ahd5k_00035,اخذ التروكسين,Direct evidence of treatment for thyroid disease
trial_query_124,هل زيت نبات الميرمية له آثار جانبية عند تناوله بشكل 3 كبسولات قبل الطعام للتخلص من افراز البرولاكتين المفرز والناتج عن ورم حميد في الغدة النخامية . .,0.44403,0.85,0.55,-0.2,0.256797,0.04,0.178571,ent_diseasecondition_22348d970227,مرض الغدة الدرقية,semantic_candidate,seed_entity_traversal,rel_seed_14a6be8faeb8ff92,rel_seed_14a6be8faeb8ff92,direct,DIAGNOSED_BY,ent_diseasecondition_22348d970227,مرض الغدة الدرقية,DiseaseCondition,ent_test_234f794d532f,الهرمون,Test,ahd5k_00035,مستوى الهرمون في الدم,Hormone level test directly linked to thyroid disease diagnosis
trial_query_124,هل زيت نبات الميرمية له آثار جانبية عند تناوله بشكل 3 كبسولات قبل الطعام للتخلص من افراز البرولاكتين المفرز والناتج عن ورم حميد في الغدة النخامية . .,0.432093,0.85,0.45,-0.2,0.393033,0.04,0.107143,ent_symptom_3600b8bcb53e,الجوع,semantic_qa_evidence,semantic_qa_relation_expansion,rel_seed_f733b88e3626f3a2,rel_seed_f733b88e3626f3a2,direct,TREATED_BY,ent_symptom_3600b8bcb53e,الجوع,Symptom,ent_treatment_60ce765ad441,الطعام,Treatment,ahd5k_01128,الطعام,Direct evidence supports that 'الطعام' (food) treats 'الجوع' (hunger).
trial_query_124,هل زيت نبات الميرمية له آثار جانبية عند تناوله بشكل 3 كبسولات قبل الطعام للتخلص من افراز البرولاكتين المفرز والناتج عن ورم حميد في الغدة النخامية . .,0.40849,0.85,0.45,-0.2,0.214199,0.04,0.071429,ent_diseasecondition_f870ba2ab6eb,الدورة الشهرية,semantic_qa_evidence,semantic_qa_relation_expansion,rel_seed_ff666fc9288a7df2,rel_seed_ff666fc9288a7df2,direct,TREATED_BY,ent_diseasecondition_f870ba2ab6eb,الدورة الشهرية,DiseaseCondition,ent_treatment_fd42eb263b89,اكليل الجبل,Treatment,ahd5k_04015,اكليل الجبل,Direct treatment recommendation for menstrual cycle regulation
trial_query_124,هل زيت نبات الميرمية له آثار جانبية عند تناوله بشكل 3 كبسولات قبل الطعام للتخلص من افراز البرولاكتين المفرز والناتج عن ورم حميد في الغدة النخامية . .,0.40849,0.85,0.45,-0.2,0.214199,0.04,0.071429,ent_diseasecondition_f870ba2ab6eb,الدورة الشهرية,semantic_qa_evidence,semantic_qa_relation_expansion,rel_seed_326f7e183a766cef,rel_seed_326f7e183a766cef,direct,TREATED_BY,ent_diseasecondition_f870ba2ab6eb,الدورة الشهرية,DiseaseCondition,ent_treatment_c91b15de897a,البقدونس,Treatment,ahd5k_04015,البقدونس,Direct treatment recommendation for menstrual cycle regulation
trial_query_124,هل زيت نبات الميرمية له آثار جانبية عند تناوله بشكل 3 كبسولات قبل الطعام للتخلص من افراز البرولاكتين المفرز والناتج عن ورم حميد في الغدة النخامية . .,0.40849,0.85,0.45,-0.2,0.214199,0.04,0.071429,ent_diseasecondition_f870ba2ab6eb,الدورة الشهرية,semantic_qa_evidence,semantic_qa_relation_expansion,rel_seed_efa5cdecacaf49f5,rel_seed_efa5cdecacaf49f5,direct,TREATED_BY,ent_diseasecondition_f870ba2ab6eb,الدورة الشهرية,DiseaseCondition,ent_treatment_c2ead061e2d0,حشيشة الملاك,Treatment,ahd5k_04015,حشيشة الملاك,Direct treatment recommendation for menstrual cycle regulation
trial_query_124,هل زيت نبات الميرمية له آثار جانبية عند تناوله بشكل 3 كبسولات قبل الطعام للتخلص من افراز البرولاكتين المفرز والناتج عن ورم حميد في الغدة النخامية . .,0.40849,0.85,0.45,-0.2,0.214199,0.04,0.071429,ent_diseasecondition_f870ba2ab6eb,الدورة الشهرية,semantic_qa_evidence,semantic_qa_relation_expansion,rel_seed_9771359a526fa098,rel_seed_9771359a526fa098,direct,TREATED_BY,ent_diseasecondition_f870ba2ab6eb,الدورة الشهرية,DiseaseCondition,ent_treatment_fc32e4036e25,البردقوش,Treatment,ahd5k_04015,البردقوش,Direct treatment recommendation for menstrual cycle regulation
trial_query_124,هل زيت نبات الميرمية له آثار جانبية عند تناوله بشكل 3 كبسولات قبل الطعام للتخلص من افراز البرولاكتين المفرز والناتج عن ورم حميد في الغدة النخامية . .,0.40849,0.85,0.45,-0.2,0.214199,0.04,0.071429,ent_diseasecondition_f870ba2ab6eb,الدورة الشهرية,semantic_qa_evidence,semantic_qa_relation_expansion,rel_seed_244c1ab7820a5189,rel_seed_244c1ab7820a5189,direct,TREATED_BY,ent_diseasecondition_f870ba2ab6eb,الدورة الشهرية,DiseaseCondition,ent_treatment_895d0d591838,القرفة,Treatment,ahd5k_04015,القرفة,Direct treatment recommendation for menstrual cycle regulation
trial_query_124,هل زيت نبات الميرمية له آثار جانبية عند تناوله بشكل 3 كبسولات قبل الطعام للتخلص من افراز البرولاكتين المفرز والناتج عن ورم حميد في الغدة النخامية . .,0.40849,0.85,0.45,-0.2,0.214199,0.04,0.071429,ent_diseasecondition_f870ba2ab6eb,الدورة الشهرية,semantic_qa_evidence,semantic_qa_relation_expansion,rel_seed_a7bb8588332ff407,rel_seed_a7bb8588332ff407,direct,TREATED_BY,ent_diseasecondition_f870ba2ab6eb,الدورة الشهرية,DiseaseCondition,ent_treatment_639e625fe991,الزنجبيل,Treatment,ahd5k_04015,الزنجبيل,Direct treatment recommendation for menstrual cycle regulation
trial_query_124,هل زيت نبات الميرمية له آثار جانبية عند تناوله بشكل 3 كبسولات قبل الطعام للتخلص من افراز البرولاكتين المفرز والناتج عن ورم حميد في الغدة النخامية . .,0.40849,0.85,0.45,-0.2,0.214199,0.04,0.071429,ent_diseasecondition_f870ba2ab6eb,الدورة الشهرية,semantic_qa_evidence,semantic_qa_relation_expansion,rel_seed_512abecec0fbc4b3,rel_seed_512abecec0fbc4b3,direct,TREATED_BY,ent_diseasecondition_f870ba2ab6eb,الدورة الشهرية,DiseaseCondition,ent_treatment_2cb98decc0ee,الكرفس,Treatment,ahd5k_04015,الكرفس,Direct treatment recommendation for menstrual cycle regulation
trial_query_124,هل زيت نبات الميرمية له آثار جانبية عند تناوله بشكل 3 كبسولات قبل الطعام للتخلص من افراز البرولاكتين المفرز والناتج عن ورم حميد في الغدة النخامية . .,0.38003,0.85,0.45,-0.2,0.256797,0.0,0.178571,ent_treatment_3fd682796ae8,التروكسين,semantic_qa_evidence,semantic_qa_relation_expansion,rel_seed_5398af5e1a992c3d__inverse,rel_seed_5398af5e1a992c3d,inverse,TREATS,ent_treatment_3fd682796ae8,التروكسين,Treatment,ent_diseasecondition_22348d970227,مرض الغدة الدرقية,DiseaseCondition,ahd5k_00035,اخذ التروكسين,Direct evidence of treatment for thyroid disease
trial_query_124,هل زيت نبات الميرمية له آثار جانبية عند تناوله بشكل 3 كبسولات قبل الطعام للتخلص من افراز البرولاكتين المفرز والناتج عن ورم حميد في الغدة النخامية . .,0.38003,0.85,0.45,-0.2,0.256797,0.0,0.178571,ent_test_234f794d532f,الهرمون,semantic_qa_evidence,semantic_qa_relation_expansion,rel_seed_14a6be8faeb8ff92__inverse,rel_seed_14a6be8faeb8ff92,inverse,DIAGNOSES,ent_test_234f794d532f,الهرمون,Test,ent_diseasecondition_22348d970227,مرض الغدة الدرقية,DiseaseCondition,ahd5k_00035,مستوى الهرمون في الدم,Hormone level test directly linked to thyroid disease diagnosis
trial_query_124,هل زيت نبات الميرمية له آثار جانبية عند تناوله بشكل 3 كبسولات قبل الطعام للتخلص من افراز البرولاكتين المفرز والناتج عن ورم حميد في الغدة النخامية . .,0.36849,0.85,0.45,-0.2,0.214199,0.0,0.071429,ent_treatment_fd42eb263b89,اكليل الجبل,semantic_qa_evidence,semantic_qa_relation_expansion,rel_seed_ff666fc9288a7df2__inverse,rel_seed_ff666fc9288a7df2,inverse,TREATS,ent_treatment_fd42eb263b89,اكليل الجبل,Treatment,ent_diseasecondition_f870ba2ab6eb,الدورة الشهرية,DiseaseCondition,ahd5k_04015,اكليل الجبل,Direct treatment recommendation for menstrual cycle regulation
trial_query_124,هل زيت نبات الميرمية له آثار جانبية عند تناوله بشكل 3 كبسولات قبل الطعام للتخلص من افراز البرولاكتين المفرز والناتج عن ورم حميد في الغدة النخامية . .,0.36849,0.85,0.45,-0.2,0.214199,0.0,0.071429,ent_treatment_c91b15de897a,البقدونس,semantic_qa_evidence,semantic_qa_relation_expansion,rel_seed_326f7e183a766cef__inverse,rel_seed_326f7e183a766cef,inverse,TREATS,ent_treatment_c91b15de897a,البقدونس,Treatment,ent_diseasecondition_f870ba2ab6eb,الدورة الشهرية,DiseaseCondition,ahd5k_04015,البقدونس,Direct treatment recommendation for menstrual cycle regulation
trial_query_124,هل زيت نبات الميرمية له آثار جانبية عند تناوله بشكل 3 كبسولات قبل الطعام للتخلص من افراز البرولاكتين المفرز والناتج عن ورم حميد في الغدة النخامية . .,0.36849,0.85,0.45,-0.2,0.214199,0.0,0.071429,ent_treatment_c2ead061e2d0,حشيشة الملاك,semantic_qa_evidence,semantic_qa_relation_expansion,rel_seed_efa5cdecacaf49f5__inverse,rel_seed_efa5cdecacaf49f5,inverse,TREATS,ent_treatment_c2ead061e2d0,حشيشة الملاك,Treatment,ent_diseasecondition_f870ba2ab6eb,الدورة الشهرية,DiseaseCondition,ahd5k_04015,حشيشة الملاك,Direct treatment recommendation for menstrual cycle regulation
trial_query_124,هل زيت نبات الميرمية له آثار جانبية عند تناوله بشكل 3 كبسولات قبل الطعام للتخلص من افراز البرولاكتين المفرز والناتج عن ورم حميد في الغدة النخامية . .,0.36849,0.85,0.45,-0.2,0.214199,0.0,0.071429,ent_treatment_fc32e4036e25,البردقوش,semantic_qa_evidence,semantic_qa_relation_expansion,rel_seed_9771359a526fa098__inverse,rel_seed_9771359a526fa098,inverse,TREATS,ent_treatment_fc32e4036e25,البردقوش,Treatment,ent_diseasecondition_f870ba2ab6eb,الدورة الشهرية,DiseaseCondition,ahd5k_04015,البردقوش,Direct treatment recommendation for menstrual cycle regulation
trial_query_124,هل زيت نبات الميرمية له آثار جانبية عند تناوله بشكل 3 كبسولات قبل الطعام للتخلص من افراز البرولاكتين المفرز والناتج عن ورم حميد في الغدة النخامية . .,0.36849,0.85,0.45,-0.2,0.214199,0.0,0.071429,ent_treatment_895d0d591838,القرفة,semantic_qa_evidence,semantic_qa_relation_expansion,rel_seed_244c1ab7820a5189__inverse,rel_seed_244c1ab7820a5189,inverse,TREATS,ent_treatment_895d0d591838,القرفة,Treatment,ent_diseasecondition_f870ba2ab6eb,الدورة الشهرية,DiseaseCondition,ahd5k_04015,القرفة,Direct treatment recommendation for menstrual cycle regulation
trial_query_124,هل زيت نبات الميرمية له آثار جانبية عند تناوله بشكل 3 كبسولات قبل الطعام للتخلص من افراز البرولاكتين المفرز والناتج عن ورم حميد في الغدة النخامية . .,0.36849,0.85,0.45,-0.2,0.214199,0.0,0.071429,ent_treatment_639e625fe991,الزنجبيل,semantic_qa_evidence,semantic_qa_relation_expansion,rel_seed_a7bb8588332ff407__inverse,rel_seed_a7bb8588332ff407,inverse,TREATS,ent_treatment_639e625fe991,الزنجبيل,Treatment,ent_diseasecondition_f870ba2ab6eb,الدورة الشهرية,DiseaseCondition,ahd5k_04015,الزنجبيل,Direct treatment recommendation for menstrual cycle regulation
trial_query_124,هل زيت نبات الميرمية له آثار جانبية عند تناوله بشكل 3 كبسولات قبل الطعام للتخلص من افراز البرولاكتين المفرز والناتج عن ورم حميد في الغدة النخامية . .,0.36849,0.85,0.45,-0.2,0.214199,0.0,0.071429,ent_treatment_2cb98decc0ee,الكرفس,semantic_qa_evidence,semantic_qa_relation_expansion,rel_seed_512abecec0fbc4b3__inverse,rel_seed_512abecec0fbc4b3,inverse,TREATS,ent_treatment_2cb98decc0ee,الكرفس,Treatment,ent_diseasecondition_f870ba2ab6eb,الدورة الشهرية,DiseaseCondition,ahd5k_04015,الكرفس,Direct treatment recommendation for menstrual cycle regulation
trial_query_125,عندي الم في منطقه البطن مع الم بصدر جهه اليمين الى الرقبه وماقدرت اعرف تفسير الالم ذا من ايش او سببه مع وجود احيان ضيق بالتنفس ،،،، افيدوني,0.831245,0.85,1.0,1.0,0.390825,0.0,0.230769,ent_symptom_ad0da68fc73f,الالم,detected_exact,seed_entity_traversal,rel_seed_a35d3fb4d695b101__inverse,rel_seed_a35d3fb4d695b101,inverse,SYMPTOM_OF,ent_symptom_ad0da68fc73f,الالم,Symptom,ent_diseasecondition_f3982f19c624,ارتياف دعب \u0627لديم,DiseaseCondition,ahd5k_03738,الالم الدي الديم الديم الديم,The disease condition 'ارتياف دعب \u0627لديم' is directly described as involving 'الالم' (pain) in the evidence text.
trial_query_125,عندي الم في منطقه البطن مع الم بصدر جهه اليمين الى الرقبه وماقدرت اعرف تفسير الالم ذا من ايش او سببه مع وجود احيان ضيق بالتنفس ،،،، افيدوني,0.739245,0.85,0.45,1.0,0.390825,0.04,0.230769,ent_diseasecondition_f3982f19c624,ارتياف دعب \u0627لديم,semantic_qa_evidence,semantic_qa_relation_expansion,rel_seed_a35d3fb4d695b101,rel_seed_a35d3fb4d695b101,direct,HAS_SYMPTOM,ent_diseasecondition_f3982f19c624,ارتياف دعب \u0627لديم,DiseaseCondition,ent_symptom_ad0da68fc73f,الالم,Symptom,ahd5k_03738,الالم الدي الديم الديم الديم,The disease condition 'ارتياف دعب \u0627لديم' is directly described as involving 'الالم' (pain) in the evidence text.
trial_query_125,عندي الم في منطقه البطن مع الم بصدر جهه اليمين الى الرقبه وماقدرت اعرف تفسير الالم ذا من ايش او سببه مع وجود احيان ضيق بالتنفس ،،،، افيدوني,0.709963,0.85,0.45,1.0,0.146805,0.04,0.230769,ent_diseasecondition_9719230327a2,فقر الدم,semantic_qa_evidence,semantic_qa_relation_expansion,rel_seed_6eed37b4f0733cbb,rel_seed_6eed37b4f0733cbb,direct,HAS_SYMPTOM,ent_diseasecondition_9719230327a2,فقر الدم,DiseaseCondition,ent_symptom_c81532a33515,الم المعدجة,Symptom,ahd5k_02292,نقص في الدم مع الالم في المعده,Directly states anemia is associated with stomach pain.
trial_query_125,عندي الم في منطقه البطن مع الم بصدر جهه اليمين الى الرقبه وماقدرت اعرف تفسير الالم ذا من ايش او سببه مع وجود احيان ضيق بالتنفس ،،،، افيدوني,0.669963,0.85,0.45,1.0,0.146805,0.0,0.230769,ent_symptom_c81532a33515,الم المعدجة,semantic_qa_evidence,semantic_qa_relation_expansion,rel_seed_6eed37b4f0733cbb__inverse,rel_seed_6eed37b4f0733cbb,inverse,SYMPTOM_OF,ent_symptom_c81532a33515,الم المعدجة,Symptom,ent_diseasecondition_9719230327a2,فقر الدم,DiseaseCondition,ahd5k_02292,نقص في الدم مع الالم في المعده,Directly states anemia is associated with stomach pain.
trial_query_125,عندي الم في منطقه البطن مع الم بصدر جهه اليمين الى الرقبه وماقدرت اعرف تفسير الالم ذا من ايش او سببه مع وجود احيان ضيق بالتنفس ،،،، افيدوني,0.430755,0.92,0.45,-0.2,0.146805,0.04,0.192308,ent_diseasecondition_adcc5a085807,الجلد المترهل,semantic_qa_evidence,semantic_qa_relation_expansion,rel_seed_982decef15a095a6,rel_seed_982decef15a095a6,direct,TREATED_BY,ent_diseasecondition_adcc5a085807,الجلد المترهل,DiseaseCondition,ent_treatment_5b2a681074cf,الجراحة التجميلية,Treatment,ahd5k_01190,يمكن شده بممارسة الرياضة أو بالجراحة التجميلية,الجراحة التجميلية مذكورة صراحة كعلاج للجلد المترهل في السؤال والجواب
trial_query_125,عندي الم في منطقه البطن مع الم بصدر جهه اليمين الى الرقبه وماقدرت اعرف تفسير الالم ذا من ايش او سببه مع وجود احيان ضيق بالتنفس ،،،، افيدوني,0.409963,0.85,0.45,-0.2,0.146805,0.04,0.230769,ent_symptom_c81532a33515,الم المعدجة,semantic_qa_evidence,semantic_qa_relation_expansion,rel_seed_b3cc817a83f9e586,rel_seed_b3cc817a83f9e586,direct,INVESTIGATED_BY,ent_symptom_c81532a33515,الم المعدجة,Symptom,ent_test_2b2550da4a44,فحص الجرثومة الحلزونية,Test,ahd5k_02292,فحص الجرثومة الحلزونية,Test is explicitly mentioned to investigate stomach pain.
trial_query_125,عندي الم في منطقه البطن مع الم بصدر جهه اليمين الى الرقبه وماقدرت اعرف تفسير الالم ذا من ايش او سببه مع وجود احيان ضيق بالتنفس ،،،، افيدوني,0.390755,0.92,0.45,-0.2,0.146805,0.0,0.192308,ent_treatment_5b2a681074cf,الجراحة التجميلية,semantic_qa_evidence,semantic_qa_relation_expansion,rel_seed_982decef15a095a6__inverse,rel_seed_982decef15a095a6,inverse,TREATS,ent_treatment_5b2a681074cf,الجراحة التجميلية,Treatment,ent_diseasecondition_adcc5a085807,الجلد المترهل,DiseaseCondition,ahd5k_01190,يمكن شده بممارسة الرياضة أو بالجراحة التجميلية,الجراحة التجميلية مذكورة صراحة كعلاج للجلد المترهل في السؤال والجواب
trial_query_125,عندي الم في منطقه البطن مع الم بصدر جهه اليمين الى الرقبه وماقدرت اعرف تفسير الالم ذا من ايش او سببه مع وجود احيان ضيق بالتنفس ،،،، افيدوني,0.369963,0.85,0.45,-0.2,0.146805,0.0,0.230769,ent_test_2b2550da4a44,فحص الجرثومة الحلزونية,semantic_qa_evidence,semantic_qa_relation_expansion,rel_seed_b3cc817a83f9e586__inverse,rel_seed_b3cc817a83f9e586,inverse,INVESTIGATES,ent_test_2b2550da4a44,فحص الجرثومة الحلزونية,Test,ent_symptom_c81532a33515,الم المعدجة,Symptom,ahd5k_02292,فحص الجرثومة الحلزونية,Test is explicitly mentioned to investigate stomach pain.
