mention_id,entity_id,canonical_name,entity_type,chunk_id,qa_id,source_row_number,surface_form,field,evidence,extraction_method,provider,model,confidence
men_llm_0000001,ent_diseasecondition_2f75d3dabe0b,حساسية,DiseaseCondition,chunk_00001,ahd5k_00970,769766,حساسية الصدر,question,ما علاج البلغم (حساسية الصدر) رغم اخذى هلاج اكثر من مرة ولا فائدة ؟,llm_structured_entity_extraction,groq,llama-3.3-70b-versatile,0.850
men_llm_0000002,ent_diseasecondition_2f75d3dabe0b,حساسية,DiseaseCondition,chunk_00001,ahd5k_03626,370529,حساسية,question,هل بنسلين يسبب إلتهاب المعدة للأطفال,llm_structured_entity_extraction,groq,llama-3.3-70b-versatile,0.850
men_llm_0000003,ent_diseasecondition_16cf4e77b755,التهاب,DiseaseCondition,chunk_00001,ahd5k_00970,769766,التهاب,answer,اذا كنت تعاني من التهاب ما في الجزء العلوي من الجهاز التنفسي يجب ان تتعالج,llm_structured_entity_extraction,groq,llama-3.3-70b-versatile,0.850
men_llm_0000004,ent_diseasecondition_16cf4e77b755,التهاب,DiseaseCondition,chunk_00001,ahd5k_03872,383286,التهاب,answer,أعراض التهاب وحساسيه الجيوب الانفيه لابد من استخدام الادويه المناسبه بعد الفحص عند طبيب ENT,llm_structured_entity_extraction,groq,llama-3.3-70b-versatile,0.850
men_llm_0000005,ent_diseasecondition_1c50bd11c45a,ربو,DiseaseCondition,chunk_00001,ahd5k_00970,769766,ربو,answer,هل هو ربو ؟؟ او هل هناك حساسية ابسط من ذلك وعوارضها فقط السعال والبلغم,llm_structured_entity_extraction,groq,llama-3.3-70b-versatile,0.700
men_llm_0000006,ent_diseasecondition_c294dde65052,نزلة معوية,DiseaseCondition,chunk_00001,ahd5k_03626,370529,نزله معويه,answer,ممكن ان يسبب نزله معويه,llm_structured_entity_extraction,groq,llama-3.3-70b-versatile,0.850
men_llm_0000007,ent_symptom_f4cf885a0447,سعال,Symptom,chunk_00001,ahd5k_00970,769766,سعال,answer,هل هو ربو ؟؟ او هل هناك حساسية ابسط من ذلك وعوارضها فقط السعال والبلغم,llm_structured_entity_extraction,groq,llama-3.3-70b-versatile,0.700
men_llm_0000008,ent_symptom_dc2c7333a505,بلغم,Symptom,chunk_00001,ahd5k_00970,769766,بلغم,question,ما علاج البلغم (حساسية الصدر) رغم اخذى هلاج اكثر من مرة ولا فائدة ؟,llm_structured_entity_extraction,groq,llama-3.3-70b-versatile,0.850
men_llm_0000009,ent_symptom_dc2c7333a505,بلغم,Symptom,chunk_00001,ahd5k_00970,769766,بلغم,answer,هل هو ربو ؟؟ او هل هناك حساسية ابسط من ذلك وعوارضها فقط السعال والبلغم,llm_structured_entity_extraction,groq,llama-3.3-70b-versatile,0.850
men_llm_0000010,ent_symptom_7b839cc80688,ضيق تنفس,Symptom,chunk_00001,ahd5k_03872,383286,ضيق تنفس,question,اعاني من فتره من آلام في الانف والوجه والاخص الجبين واشعر بحساسيه في الحلق مما يسبب لي ضيق تنفس وتعب بشكل عام,llm_structured_entity_extraction,groq,llama-3.3-70b-versatile,0.850
men_llm_0000011,ent_symptom_28acc791e82d,تعب,Symptom,chunk_00001,ahd5k_03872,383286,تعب,question,اعاني من فتره من آلام في الانف والوجه والاخص الجبين واشعر بحساسيه في الحلق مما يسبب لي ضيق تنفس وتعب بشكل عام,llm_structured_entity_extraction,groq,llama-3.3-70b-versatile,0.850
men_llm_0000012,ent_symptom_7cfc95737dc0,حكة,Symptom,chunk_00001,ahd5k_04414,383417,حكة,question,ظهر عندي دوائر حمراء بين الفخذين مع حكة شديدة ايه سببها,llm_structured_entity_extraction,groq,llama-3.3-70b-versatile,0.850
men_llm_0000013,ent_symptom_15f699fd4691,دوائر حمراء,Symptom,chunk_00001,ahd5k_04414,383417,دوائر حمراء,question,ظهر عندي دوائر حمراء بين الفخذين مع حكة شديدة ايه سببها,llm_structured_entity_extraction,groq,llama-3.3-70b-versatile,0.850
men_llm_0000014,ent_treatment_70be4452db30,بنسلين,Treatment,chunk_00001,ahd5k_03626,370529,بنسلين,question,هل بنسلين يسبب إلتهاب المعدة للأطفال,llm_structured_entity_extraction,groq,llama-3.3-70b-versatile,0.850
men_llm_0000015,ent_diseasecondition_2f75d3dabe0b,حساسية,DiseaseCondition,chunk_00002,ahd5k_00020,340580,حساسية,question,بنتي سنتين ونصف عندها حساسية من حليب البقر,llm_structured_entity_extraction,groq,llama-3.3-70b-versatile,0.850
men_llm_0000016,ent_diseasecondition_2f75d3dabe0b,حساسية,DiseaseCondition,chunk_00002,ahd5k_00133,376061,تحسس,question,عندي تحسس انفي موسمي بيتغير حسب المواسم,llm_structured_entity_extraction,groq,llama-3.3-70b-versatile,0.850
men_llm_0000017,ent_treatment_0311bc90ba75,حليب مكسر بروتين الحليب,Treatment,chunk_00002,ahd5k_00020,340580,حليب مكسر بروتين الحليب,answer,اعطيها حليب مكسر بروتين الحليب بالكامل او حليب رز,llm_structured_entity_extraction,groq,llama-3.3-70b-versatile,0.850
men_llm_0000018,ent_treatment_45a78ee47153,نازونكس,Treatment,chunk_00002,ahd5k_00133,376061,نازونكس,answer,بدائل يوجد نازونكس وافاميز وتابونكس وفليكسونيز,llm_structured_entity_extraction,groq,llama-3.3-70b-versatile,0.950
men_llm_0000019,ent_diseasecondition_1c50bd11c45a,ربو,DiseaseCondition,chunk_00002,ahd5k_00510,294513,ربو,question,هل تؤخر علاجات الحساسية والربو عملية الحمل ؟,llm_structured_entity_extraction,groq,llama-3.3-70b-versatile,0.850
men_llm_0000020,ent_treatment_f4b5c1573769,مضاد الهيستامين,Treatment,chunk_00002,ahd5k_00555,370571,مضاد هيستامين,answer,ابدا مضاد هيستامين مره الى مرتين باليوم الى ان تذهب للطبيب,llm_structured_entity_extraction,groq,llama-3.3-70b-versatile,0.850
men_llm_0000021,ent_diseasecondition_2f75d3dabe0b,حساسية,DiseaseCondition,chunk_00003,ahd5k_01231,390602,حساسية,question,تناولت مضاد حيووي زييثرون وانتج حساسية شديدة,llm_structured_entity_extraction,groq,llama-3.3-70b-versatile,0.950
men_llm_0000022,ent_diseasecondition_2f75d3dabe0b,حساسية,DiseaseCondition,chunk_00003,ahd5k_01245,266907,حساسية,question,انا اشعر بالصداع والنعاس وحساسية في وجهي,llm_structured_entity_extraction,groq,llama-3.3-70b-versatile,0.950
men_llm_0000023,ent_treatment_f4b5c1573769,مضاد الهيستامين,Treatment,chunk_00003,ahd5k_01231,390602,مضاد هيسامين,answer,استخدمي مضاد هيسامين وكورتيزون موضعي,llm_structured_entity_extraction,groq,llama-3.3-70b-versatile,0.850
men_llm_0000024,ent_treatment_843876e28a68,كورتيزون,Treatment,chunk_00003,ahd5k_01231,390602,كورتيزون,answer,استخدمي مضاد هيسامين وكورتيزون موضعي,llm_structured_entity_extraction,groq,llama-3.3-70b-versatile,0.850
men_llm_0000025,ent_test_433492431144,تحليل الحساسية,Test,chunk_00003,ahd5k_01231,390602,تحليل حساسية,answer,اعملي تحليل حساسية المضادات,llm_structured_entity_extraction,groq,llama-3.3-70b-versatile,0.850
men_llm_0000026,ent_test_3f0d2e079b73,RAST Test,Test,chunk_00003,ahd5k_01245,266907,RAST Test,answer,معرفة سبب الحساسيه يتم ذلك عن طريق RAST Test,llm_structured_entity_extraction,groq,llama-3.3-70b-versatile,0.850
men_llm_0000027,ent_diseasecondition_2f75d3dabe0b,حساسية,DiseaseCondition,chunk_00004,ahd5k_02039,383915,حساسية,question,اعاني من حبوب بيضاء صغيره ف اماكن معينه ف الوجه و اتوقع انها حساسية من البيض او اشعة الشمس,llm_structured_entity_extraction,groq,llama-3.3-70b-versatile,0.950
men_llm_0000028,ent_diseasecondition_2f75d3dabe0b,حساسية,DiseaseCondition,chunk_00004,ahd5k_02115,266317,حساسية,question,ابنتي معاها حساسية معينة لبعض الاطعمة وعمرها سنتان,llm_structured_entity_extraction,groq,llama-3.3-70b-versatile,0.950
men_llm_0000029,ent_diseasecondition_1c50bd11c45a,ربو,DiseaseCondition,chunk_00004,ahd5k_03662,381920,ربو,answer,متابعة مع طبيب ضروري جدا للبدأ بالعلاج العلاجي والوقائي للربو,llm_structured_entity_extraction,groq,llama-3.3-70b-versatile,0.900
men_llm_0000030,ent_diseasecondition_250910ab0701,حساسية الصدر,DiseaseCondition,chunk_00004,ahd5k_03243,286579,حساسية الصدر,question,إبني عمر 6 سنوات و يعاني من حساسية الصدر,llm_structured_entity_extraction,groq,llama-3.3-70b-versatile,0.850
men_llm_0000031,ent_diseasecondition_250910ab0701,حساسية الصدر,DiseaseCondition,chunk_00004,ahd5k_03662,381920,حساسية في الصدر,question,اعاني من حساسية في الصدر وضيق في التنفس وسعال وقئ صباحا,llm_structured_entity_extraction,groq,llama-3.3-70b-versatile,0.850
men_llm_0000032,ent_test_dd68aa784555,تحاليل مخبرية,Test,chunk_00004,ahd5k_02039,383915,تحاليل,answer,لابدمن رؤيتها من قبل طبيب وعمل تحاليل خاصه بالحساسيه,llm_structured_entity_extraction,groq,llama-3.3-70b-versatile,0.800
men_llm_0000033,ent_test_dd68aa784555,تحاليل مخبرية,Test,chunk_00004,ahd5k_02892,807374,فحص,answer,يجب عمل فحص للحساسية التعددة,llm_structured_entity_extraction,groq,llama-3.3-70b-versatile,0.800
men_llm_0000034,ent_treatment_f4b5c1573769,مضاد الهيستامين,Treatment,chunk_00004,ahd5k_02892,807374,مضاد للهستامين,answer,تناول مضاد للهستامين ومزيل للاحتقان,llm_structured_entity_extraction,groq,llama-3.3-70b-versatile,0.700
men_llm_0000035,ent_diseasecondition_2f75d3dabe0b,حساسية,DiseaseCondition,chunk_00005,ahd5k_04144,373880,حساسيه,question,ما هي ادويت الحساسيه التي لا تزيد من الوزن,llm_structured_entity_extraction,groq,llama-3.3-70b-versatile,0.950
men_llm_0000036,ent_diseasecondition_2f75d3dabe0b,حساسية,DiseaseCondition,chunk_00005,ahd5k_04347,353044,حساسيه,question,هل حليب الماعز لا يسبب حساسية مثل حليب البقر ؟,llm_structured_entity_extraction,groq,llama-3.3-70b-versatile,0.950
men_llm_0000037,ent_symptom_93828ade2cbe,الارتكاريا,Symptom,chunk_00005,ahd5k_04654,288628,حكه,question,السلام عليكم من فتره صار جسمي ايحكني لحتاه وشي ايدي كل جسمي,llm_structured_entity_extraction,groq,llama-3.3-70b-versatile,0.900
men_llm_0000038,ent_symptom_93828ade2cbe,الارتكاريا,Symptom,chunk_00005,ahd5k_04733,327643,حكه,question,السلام عليكم عندي حكة في جميع مناطق الجسم منذو 6 اشهر رغم اني اسعملت جميع لادويه دون فائده,llm_structured_entity_extraction,groq,llama-3.3-70b-versatile,0.900
men_llm_0000039,ent_test_433492431144,تحليل الحساسية,Test,chunk_00005,ahd5k_04480,268180,تحليل الحساسه,answer,ابداي العلاج له عن طريق طبيب حساسيه اوصدريه بعد الكشف عنه وعمل تحليل الحساسه RAST and IgE,llm_structured_entity_extraction,groq,llama-3.3-70b-versatile,0.850
men_llm_0000040,ent_treatment_f4b5c1573769,مضاد الهيستامين,Treatment,chunk_00005,ahd5k_04819,334866,مضادات الهيستامين,question,هل يمكن مواجهة حساسية الارتيكاريا بادوية المناعة بعيدا عن مضادات الهيستامين و الكورتيزون؟,llm_structured_entity_extraction,groq,llama-3.3-70b-versatile,0.800
men_llm_0000041,ent_diseasecondition_2f75d3dabe0b,حساسية,DiseaseCondition,chunk_00006,ahd5k_00812,393214,حساسية,question,طفلتي تتحسس من الجلوتين وعمرها سنة ونصف هل توجد أدوية تساعد على الشفاء من هذا المرض ام لا ؟؟,llm_structured_entity_extraction,groq,llama-3.3-70b-versatile,0.950
men_llm_0000042,ent_diseasecondition_2f75d3dabe0b,حساسية,DiseaseCondition,chunk_00006,ahd5k_02124,382451,حساسية,question,اصبت بحساسية في الصيف بالجسم وصفها الدكتور بحساسية شمس و بعد فترة اصبت بالتهاب لوز و بلعوم و حبوب في اخر الحلق الحبوب مازالت موجودة واشعر بنشفان دائم في الحلق...,llm_structured_entity_extraction,groq,llama-3.3-70b-versatile,0.950
men_llm_0000043,ent_diseasecondition_341d574d8fe5,التهاب اللوزتين,DiseaseCondition,chunk_00006,ahd5k_02124,382451,تهاب لوز,question,اصبت بحساسية في الصيف بالجسم وصفها الدكتور بحساسية شمس و بعد فترة اصبت بالتهاب لوز و بلعوم و حبوب في اخر الحلق الحبوب مازالت موجودة واشعر بنشفان دائم في الحلق...,llm_structured_entity_extraction,groq,llama-3.3-70b-versatile,0.850
men_llm_0000044,ent_symptom_66c2e60e8e52,نشفان,Symptom,chunk_00006,ahd5k_02124,382451,نشفان,question,اصبت بحساسية في الصيف بالجسم وصفها الدكتور بحساسية شمس و بعد فترة اصبت بالتهاب لوز و بلعوم و حبوب في اخر الحلق الحبوب مازالت موجودة واشعر بنشفان دائم في الحلق...,llm_structured_entity_extraction,groq,llama-3.3-70b-versatile,0.800
men_llm_0000045,ent_treatment_cbf0b7b10d4f,تجنب المنتجات التي تحوي جلوتين,Treatment,chunk_00006,ahd5k_00812,393214,تجنب المنتجات التي تحوي جلوتين,answer,للاسف اهم علاج تجنب المنتجات التي تحوي جلوتين,llm_structured_entity_extraction,groq,llama-3.3-70b-versatile,0.950
men_llm_0000046,ent_treatment_e341edad55d8,تقوية المناعة,Treatment,chunk_00006,ahd5k_02124,382451,تقوية المناعة,answer,الاعراض التي في الحلق أعراض فيروس مثل الكوكساكي فيروس تتحسن مع الوقت عليك بتقوية المناعة بأكل الفواكة والحمضيات وشرب الزنجبيل مع العسل والليمون مره باليوم الزنجبيل مطحون بمعدل معلقه صغيره يوجد أيضا شراب ECHINACEA يحسن حالتك,llm_structured_entity_extraction,groq,llama-3.3-70b-versatile,0.900
men_llm_0000047,ent_treatment_c48b0529e8b1,شراب ECHINACEA,Treatment,chunk_00006,ahd5k_02124,382451,شراب ECHINACEA,answer,الاعراض التي في الحلق أعراض فيروس مثل الكوكساكي فيروس تتحسن مع الوقت عليك بتقوية المناعة بأكل الفواكة والحمضيات وشرب الزنجبيل مع العسل والليمون مره باليوم الزنجبيل مطحون بمعدل معلقه صغيره يوجد أيضا شراب ECHINACEA يحسن حالتك,llm_structured_entity_extraction,groq,llama-3.3-70b-versatile,0.850
men_llm_0000048,ent_diseasecondition_2f75d3dabe0b,حساسية,DiseaseCondition,chunk_00007,ahd5k_01418,787042,حساسية,question,هل هناك اسباب للحساسية من الباراسيتمول,llm_structured_entity_extraction,groq,llama-3.3-70b-versatile,0.850
men_llm_0000049,ent_symptom_7b839cc80688,ضيق تنفس,Symptom,chunk_00007,ahd5k_02329,327080,ضيق بلتنفس,question,اعاني من ضيق بلتنفس عند حدوث الغبار في الجو,llm_structured_entity_extraction,groq,llama-3.3-70b-versatile,0.850
men_llm_0000050,ent_treatment_f4b5c1573769,مضاد الهيستامين,Treatment,chunk_00007,ahd5k_04920,375608,مضاد هيستامين,answer,ابدا مضاد هيستامين مره الى مرتين باليوم,llm_structured_entity_extraction,groq,llama-3.3-70b-versatile,0.850
men_llm_0000051,ent_test_433492431144,تحليل الحساسية,Test,chunk_00007,ahd5k_02482,370620,نتيجة الحساسة,question,نتيجة الحساسة عندي هي IMMUNOLOGIE ige 183 UI/ml,llm_structured_entity_extraction,groq,llama-3.3-70b-versatile,0.850
men_llm_0000052,ent_diseasecondition_adcc5a085807,الجلد المترهل,DiseaseCondition,chunk_00008,ahd5k_01190,785346,الجلد المترهل,question,كيف يمكن شد الجلد المترهل في منطقه البطن مع العلم ان الوزن مناسب؟,llm_structured_entity_extraction,groq,llama-3.3-70b-versatile,0.850
men_llm_0000053,ent_treatment_8f18706cd796,الرياضة,Treatment,chunk_00008,ahd5k_01190,785346,الرياضة,answer,يمكن شده بممارسة الرياضة أو بالجراحة التجميلية.,llm_structured_entity_extraction,groq,llama-3.3-70b-versatile,0.850
men_llm_0000054,ent_treatment_5b2a681074cf,الجراحة التجميلية,Treatment,chunk_00008,ahd5k_01190,785346,الجراحة التجميلية,answer,يمكن شده بممارسة الرياضة أو بالجراحة التجميلية.,llm_structured_entity_extraction,groq,llama-3.3-70b-versatile,0.850
men_llm_0000055,ent_treatment_550808b4296e,الكركم,Treatment,chunk_00008,ahd5k_03805,792923,الكركم,answer,يستعمل الكركم لتفتيح البشرة حيث انة يضفي اشراقة وحيوية على البشرة، و يستخدم للوجة والجسم بخلطة مع مواد اخرى كماء الورد و القشدة او الكريمة.,llm_structured_entity_extraction,groq,llama-3.3-70b-versatile,0.850
men_llm_0000056,ent_diseasecondition_2f75d3dabe0b,حساسية,DiseaseCondition,chunk_00009,ahd5k_00614,768114,حساسية,question,هل عشبة الزعرور تتعارض مع مميعات الدم كالأسبرين وتؤدي لنتيجة سلبية ؟,llm_structured_entity_extraction,groq,llama-3.3-70b-versatile,0.850
men_llm_0000057,ent_diseasecondition_1c50bd11c45a,ربو,DiseaseCondition,chunk_00009,ahd5k_00614,768114,مرضى القلب,answer,وجد ان هذه العشبة تزيد من سيولة الدم في المرضى الذين يأخذون الاسبرين او البلافكس او الورفارين وهم الغالبية العظمى من مرضى القلب,llm_structured_entity_extraction,groq,llama-3.3-70b-versatile,0.700
men_llm_0000058,ent_symptom_f4cf885a0447,سعال,Symptom,chunk_00009,ahd5k_00883,771623,الصداع,answer,نعم فقد أكدالأستاذ المساعد للتغذية الإكلينيكية في كلية العلوم الطبية التطبيقية بجامعة الملك سعود بالرياض الدكتور “عبدالعزيز بن محمد العثمان” أن مشروبات الطاقة تساهم في ارتفاع ضغط القلب، وزيادة نسبة السكر في الدم والأرق والصداع,llm_structured_entity_extraction,groq,llama-3.3-70b-versatile,0.700
men_llm_0000059,ent_treatment_b67abf88ef76,حجامة,Treatment,chunk_00009,ahd5k_03307,770478,حجامة,question,ماهي نصائحك لمن عمل الحجامة بعد يوم؟,llm_structured_entity_extraction,groq,llama-3.3-70b-versatile,0.950
men_llm_0000060,ent_test_433492431144,تحليل الحساسية,Test,chunk_00009,ahd5k_00614,768114,تسمم الجسم,answer,وكذلك تزيد من احتمالية تسمم الجسم بدواء ( DIGOXIN ) وذلك عند تفاعله مع هذه العشبة تزداد معدلاته في الدم بصورة عالية,llm_structured_entity_extraction,groq,llama-3.3-70b-versatile,0.700
men_llm_0000061,ent_diseasecondition_341d574d8fe5,التهاب اللوزتين,DiseaseCondition,chunk_00010,ahd5k_02465,771895,التهاب اللوزتين,question,هل يوجد علاج بالطب البديل لعلاج التهاب اللوزتين,llm_structured_entity_extraction,groq,llama-3.3-70b-versatile,0.950
men_llm_0000062,ent_diseasecondition_c8b276e9a67b,التهاب المفاصل,DiseaseCondition,chunk_00010,ahd5k_04473,22465,التهاب المفاصل,answer,الحد من التهاب المفاصل,llm_structured_entity_extraction,groq,llama-3.3-70b-versatile,0.950
men_llm_0000063,ent_diseasecondition_c8b276e9a67b,التهاب المفاصل,DiseaseCondition,chunk_00010,ahd5k_04473,22465,التهاب المفاصل,answer,لعلاج ألم المفاصل أو التهاب المفاصل,llm_structured_entity_extraction,groq,llama-3.3-70b-versatile,0.950
men_llm_0000064,ent_symptom_202dedeff038,ألم المفاصل,Symptom,chunk_00010,ahd5k_04473,22465,ألم المفاصل,answer,التخفيف من ألم المفاصل,llm_structured_entity_extraction,groq,llama-3.3-70b-versatile,0.900
men_llm_0000065,ent_symptom_202dedeff038,ألم المفاصل,Symptom,chunk_00010,ahd5k_04473,22465,الم المفاصل,answer,من فوائد زيت الحنظل للمفاصل أبين لك الآتي: ... التخفيف من الم المفاصل,llm_structured_entity_extraction,groq,llama-3.3-70b-versatile,0.900
men_llm_0000066,ent_treatment_b036b1170044,زيت الحنظل,Treatment,chunk_00010,ahd5k_04473,22465,زيت الحنظل,answer,يستخرج زيت الحنظل من نبات الحنظل الصحراوي,llm_structured_entity_extraction,groq,llama-3.3-70b-versatile,0.850
men_llm_0000067,ent_diseasecondition_7abdd04c7114,الحمل,DiseaseCondition,chunk_00011,ahd5k_03104,767363,فترة الحمل,answer,"لا ينبغي استخدام زيت الحلبة قبل استشارة الطبيب , ومن الأفضل تجنب استخدامه أثناء فترة الحمل.",llm_structured_entity_extraction,groq,llama-3.3-70b-versatile,0.950
men_llm_0000068,ent_diseasecondition_7abdd04c7114,الحمل,DiseaseCondition,chunk_00011,ahd5k_04697,767175,حامل,question,انا متزوجة وعمري 29 سنة ولدي ثلاثة اطفال اعاني من الدوالي في ساق قدمي بدت الدوالي عندي وانا حامل بالطفل الثاني وازدادت مع حملي في الطفل الثالث ....,llm_structured_entity_extraction,groq,llama-3.3-70b-versatile,0.950
men_llm_0000069,ent_diseasecondition_c4254d272647,دوالي الساقين,DiseaseCondition,chunk_00011,ahd5k_04697,767175,دوالي الساقين,answer,دوالي الساقين : هي تضخم الأوردة السطحية وقد تحدث في أي مكان من الجسم ولكنها أكثر انتشارا في الساقين .,llm_structured_entity_extraction,groq,llama-3.3-70b-versatile,0.950
men_llm_0000070,ent_diseasecondition_c4254d272647,دوالي الساقين,DiseaseCondition,chunk_00011,ahd5k_04697,767175,دوالي,question,انا متزوجة وعمري 29 سنة ولدي ثلاثة اطفال اعاني من الدوالي في ساق قدمي بدت الدوالي عندي وانا حامل بالطفل الثاني وازدادت مع حملي في الطفل الثالث ....,llm_structured_entity_extraction,groq,llama-3.3-70b-versatile,0.950
men_llm_0000071,ent_treatment_24d83b12af40,زيت الحلبة,Treatment,chunk_00011,ahd5k_03104,767363,زيت الحلبة,question,ما هى فوائد زيت الحلبه للجسم اذا استعمل شربا مع الماء شكرا,llm_structured_entity_extraction,groq,llama-3.3-70b-versatile,0.950
men_llm_0000072,ent_treatment_24d83b12af40,زيت الحلبة,Treatment,chunk_00011,ahd5k_03104,767363,زيت الحلبة,answer,"فوائد زيت الحلبة للجسم: 1. فوائد زيت الحلبة للشعر: زيت الحلبة له تأثير قوي على نمو الشعر ويحد من الصلع وتساقط الشعر والقشور , فهو مصدر جيد لحمض النيكوتينيك والبروتين.",llm_structured_entity_extraction,groq,llama-3.3-70b-versatile,0.950
men_llm_0000073,ent_treatment_6528bb63fe9c,فينوروتون,Treatment,chunk_00011,ahd5k_04697,767175,فينوروتون,answer,العلاج : 1-- تنفيذ النصائح السابقة وتناول علاج بسيط مثل فينوروتون,llm_structured_entity_extraction,groq,llama-3.3-70b-versatile,0.950
men_llm_0000074,ent_treatment_f5d29134c577,العلاج بالليزر,Treatment,chunk_00011,ahd5k_04697,767175,العلاج بالليزر,answer,6--وافضل طريقة هي العلاج بالليزر حيث أثبتت الأبحاث العالمية نجاحا يفوق الجراحات الأخرى .,llm_structured_entity_extraction,groq,llama-3.3-70b-versatile,0.950
men_llm_0000075,ent_diseasecondition_f870ba2ab6eb,الدورة الشهرية,DiseaseCondition,chunk_00012,ahd5k_04015,754522,الدورة الشهرية,answer,تنظيم الدورة الشهرية,llm_structured_entity_extraction,groq,llama-3.3-70b-versatile,0.950
men_llm_0000076,ent_diseasecondition_f870ba2ab6eb,الدورة الشهرية,DiseaseCondition,chunk_00012,ahd5k_04015,754522,الطمث,question,نزول الطمث,llm_structured_entity_extraction,groq,llama-3.3-70b-versatile,0.950
men_llm_0000077,ent_treatment_fd42eb263b89,اكليل الجبل,Treatment,chunk_00012,ahd5k_04015,754522,اكليل الجبل,answer,اكليل الجبل,llm_structured_entity_extraction,groq,llama-3.3-70b-versatile,0.850
men_llm_0000078,ent_treatment_b792fc31b8bb,الميرمية,Treatment,chunk_00012,ahd5k_04015,754522,الميرمية,answer,الميرمية,llm_structured_entity_extraction,groq,llama-3.3-70b-versatile,0.850
men_llm_0000079,ent_treatment_c91b15de897a,البقدونس,Treatment,chunk_00012,ahd5k_04015,754522,البقدونس,answer,البقدونس,llm_structured_entity_extraction,groq,llama-3.3-70b-versatile,0.850
men_llm_0000080,ent_treatment_c2ead061e2d0,حشيشة الملاك,Treatment,chunk_00012,ahd5k_04015,754522,حشيشة الملاك,answer,حشيشة الملاك,llm_structured_entity_extraction,groq,llama-3.3-70b-versatile,0.850
men_llm_0000081,ent_treatment_fc32e4036e25,البردقوش,Treatment,chunk_00012,ahd5k_04015,754522,البردقوش,answer,البردقوش,llm_structured_entity_extraction,groq,llama-3.3-70b-versatile,0.850
men_llm_0000082,ent_treatment_895d0d591838,القرفة,Treatment,chunk_00012,ahd5k_04015,754522,القرفة,answer,القرفة,llm_structured_entity_extraction,groq,llama-3.3-70b-versatile,0.850
men_llm_0000083,ent_treatment_639e625fe991,الزنجبيل,Treatment,chunk_00012,ahd5k_04015,754522,الزنجبيل,answer,الزنجبيل,llm_structured_entity_extraction,groq,llama-3.3-70b-versatile,0.850
men_llm_0000084,ent_treatment_2cb98decc0ee,الكرفس,Treatment,chunk_00012,ahd5k_04015,754522,الكرفس,answer,الكرفس,llm_structured_entity_extraction,groq,llama-3.3-70b-versatile,0.850
men_llm_0000085,ent_diseasecondition_2f75d3dabe0b,حساسية,DiseaseCondition,chunk_00013,ahd5k_02556,788199,حساسية,answer,تجبنه في حال المعاناة من حساسية تجاه البابونج,llm_structured_entity_extraction,groq,llama-3.3-70b-versatile,0.950
men_llm_0000086,ent_diseasecondition_7abdd04c7114,الحمل,DiseaseCondition,chunk_00013,ahd5k_02556,788199,حمل,answer,يجب تجنب الإفراط في استخدامه في حال الحمل,llm_structured_entity_extraction,groq,llama-3.3-70b-versatile,0.900
men_llm_0000087,ent_treatment_91cb532e35c6,بابونج,Treatment,chunk_00013,ahd5k_02556,788199,بابونج,question,كيف يحضر شراب البابونج,llm_structured_entity_extraction,groq,llama-3.3-70b-versatile,0.950
men_llm_0000088,ent_treatment_91cb532e35c6,بابونج,Treatment,chunk_00013,ahd5k_02556,788199,البابونج,answer,ينصح بتغطية كوب البابونج بعد إضافة الماء,llm_structured_entity_extraction,groq,llama-3.3-70b-versatile,0.950
men_llm_0000089,ent_diseasecondition_1c50bd11c45a,ربو,DiseaseCondition,chunk_00014,ahd5k_00887,25538,ربو,answer,التخفيف من أعراض الربو وأمراض الجهاز التنفسي.,llm_structured_entity_extraction,groq,llama-3.3-70b-versatile,0.850
men_llm_0000090,ent_diseasecondition_2f75d3dabe0b,حساسية,DiseaseCondition,chunk_00014,ahd5k_00887,25538,حساسية,answer,علاج حساسية الأنف والتهاب الجيوب الأنفية.,llm_structured_entity_extraction,groq,llama-3.3-70b-versatile,0.850
men_llm_0000091,ent_symptom_b754f1a1e5a8,صداع,Symptom,chunk_00014,ahd5k_00887,25538,صداع,answer,التخفيف من أعراض الصداع والصداع النصفي.,llm_structured_entity_extraction,groq,llama-3.3-70b-versatile,0.850
men_llm_0000092,ent_diseasecondition_16cf4e77b755,التهاب,DiseaseCondition,chunk_00014,ahd5k_00887,25538,التهاب,answer,علاج اضطرابات الهضم والتخفيف من أعراض القولون العصبي.,llm_structured_entity_extraction,groq,llama-3.3-70b-versatile,0.850
men_llm_0000093,ent_diseasecondition_380db6d92562,مرض السكري,DiseaseCondition,chunk_00014,ahd5k_01358,776142,مرض السكر,question,ما هو ابسط علاج لمرض السكر بدون كيماويات؟,llm_structured_entity_extraction,groq,llama-3.3-70b-versatile,0.850
men_llm_0000094,ent_treatment_677fdfb3086e,زيت الحبة السوداء,Treatment,chunk_00014,ahd5k_00887,25538,زيت الحبة السوداء,question,ما هي فوائد زيت حبة السوداء أو ما يعرف بحبة البركة، وهل يمكن تناولها بشكل يومي؟,llm_structured_entity_extraction,groq,llama-3.3-70b-versatile,0.850
men_llm_0000095,ent_treatment_fc32e4036e25,البردقوش,Treatment,chunk_00014,ahd5k_01330,784660,البردقوش,question,ماهو البردقوش وهل يوجد باليمن وهل يزيد من عدد الحيوانات المنويه؟,llm_structured_entity_extraction,groq,llama-3.3-70b-versatile,0.850
men_llm_0000096,ent_treatment_7dcc65be78f8,زيت الزيتون,Treatment,chunk_00014,ahd5k_04761,803257,زيت الزيتون,question,ما هي فوائد زيت الزيتون للصحة والجسم,llm_structured_entity_extraction,groq,llama-3.3-70b-versatile,0.850
men_llm_0000097,ent_treatment_a9901bfb5bd5,مرهم مايكونازول,Treatment,chunk_00014,ahd5k_04864,765501,مرهم مايكونازول,answer,العلاج باستخدام مرهم مايكونازول ، ومضمضة بمطهر حسب ما يصف الطبيب,llm_structured_entity_extraction,groq,llama-3.3-70b-versatile,0.850
men_llm_0000098,ent_treatment_c97970fb458a,اوميبرازول,Treatment,chunk_00015,ahd5k_04382,778481,اوميبرازول,answer,تناولي احد الأدوية المثبطة لافراز الحمض مثل اوميبرازول,llm_structured_entity_extraction,groq,llama-3.3-70b-versatile,0.950
men_llm_0000099,ent_diseasecondition_1cff9c5dbe9e,صرع,DiseaseCondition,chunk_00016,ahd5k_02823,808060,كهرباء زائدة,question,طفل عمره اربع سنوات شخص مرضه على انه كهرباء زائدة,llm_structured_entity_extraction,groq,llama-3.3-70b-versatile,0.950
men_llm_0000100,ent_diseasecondition_1cff9c5dbe9e,صرع,DiseaseCondition,chunk_00016,ahd5k_02823,808060,داء الصرع,answer,عبارة ( كهرباء زائدة ) او ( شحنات كهرباء ) يطلقها الاطباء على داء الصرع,llm_structured_entity_extraction,groq,llama-3.3-70b-versatile,0.950
men_llm_0000101,ent_symptom_871c0c5d659d,نوبة,Symptom,chunk_00016,ahd5k_02823,808060,نوبات عامة,answer,الصرع نوعان : 1- نوبات عامة تصيب جميع اجزاء الجسم,llm_structured_entity_extraction,groq,llama-3.3-70b-versatile,0.900
men_llm_0000102,ent_symptom_871c0c5d659d,نوبة,Symptom,chunk_00016,ahd5k_02823,808060,نوبات جزئية,answer,2- نوبات جزئية تصيب جزء او عضو من الجسم,llm_structured_entity_extraction,groq,llama-3.3-70b-versatile,0.900
men_llm_0000103,ent_treatment_9a6b401143ed,مكمل غدائي,Treatment,chunk_00018,ahd5k_03753,747892,مكمل غدائيي اسمه MG 180 lITHOGINKGO,question,اشتريت مكمل غدائيي اسمه MG 180 lITHOGINKGO,llm_structured_entity_extraction,groq,llama-3.3-70b-versatile,0.850
men_llm_0000104,ent_treatment_72992721d87a,جرعة,Treatment,chunk_00018,ahd5k_03753,747892,الجعة اللازمة,answer,الجعة اللازمة تكون خسب ما هو مكتوب على ورقة الإرشادات المرفقة مع عبوة الدواء,llm_structured_entity_extraction,groq,llama-3.3-70b-versatile,0.850
men_llm_0000105,ent_diseasecondition_2f75d3dabe0b,حساسية,DiseaseCondition,chunk_00019,ahd5k_03258,762430,حب الشباب,question,منذ دخول الصيف وانا اعاني من ظهور حبوب في وجهي,llm_structured_entity_extraction,groq,llama-3.3-70b-versatile,0.850
men_llm_0000106,ent_treatment_039793a12776,الايزوتريتينوين,Treatment,chunk_00019,ahd5k_03258,762430,الايزوتريتينوين,answer,يفضل مراجعة طبيب الجلدية لوصف العلاج المناسب لانه عادة يحتاج حب الشباب الى ادوية لعلاجها منها الايزوتريتينوين,llm_structured_entity_extraction,groq,llama-3.3-70b-versatile,0.950
men_llm_0000107,ent_treatment_13b8274bb134,سيلدينافيل,Treatment,chunk_00019,ahd5k_03453,758290,سيلدينافيل,answer,تكبير حجم القضيب تكبيرا دائما لا يحدث إلا في مرحلة البلوغ او المراهقة باخذ حقن التستيرون ولكنه لا يفيد بعد ذلك العمر اما تكبير حجمه بشكل مؤقت عند الممارسة الجنسية فيمكنك استعمال : - دواء سيلدينافيل الذي يساعد على الانتصاب,llm_structured_entity_extraction,groq,llama-3.3-70b-versatile,0.900
men_llm_0000108,ent_treatment_bda1067a70d1,تستيرون,Treatment,chunk_00019,ahd5k_03453,758290,تستيرون,answer,تكبير حجم القضيب تكبيرا دائما لا يحدث إلا في مرحلة البلوغ او المراهقة باخذ حقن التستيرون ولكنه لا يفيد بعد ذلك العمر,llm_structured_entity_extraction,groq,llama-3.3-70b-versatile,0.900
men_llm_0000109,ent_symptom_1489f63a8622,هيشان الشعر,Symptom,chunk_00020,ahd5k_00149,765465,هيشان الشعر,answer,علاج هيشان الشعر هو استخدام كريم التصفيف بالزيوت الطبيعية,llm_structured_entity_extraction,groq,llama-3.3-70b-versatile,0.850
men_llm_0000110,ent_diseasecondition_99d821e71fc1,فقر دم,DiseaseCondition,chunk_00020,ahd5k_01178,755335,فقر دم,answer,عليك بالذاء الصحي المتوازن و تناول الفيتامينات و عمل فحص للكشف اذا كان هناك فقر دم او لا,llm_structured_entity_extraction,groq,llama-3.3-70b-versatile,0.850
men_llm_0000111,ent_diseasecondition_cbcc5fb6bf54,صغر الثدي,DiseaseCondition,chunk_00020,ahd5k_01423,764662,صغر الثدي,question,عمري 18 سنة وأنا أعاني من صغر الثدي هل يوجد أي حل لتكبيره دون جراحة,llm_structured_entity_extraction,groq,llama-3.3-70b-versatile,0.850
men_llm_0000112,ent_treatment_3278b7c5cc1b,حليب الصويا,Treatment,chunk_00020,ahd5k_01423,764662,حليب الصويا,answer,حليب الصويا له فوائد عديدة فهو يزيد من افراز هرمون الأستروجين الأنثوي الذي يثير الرغبة الجنسية عند المرأة ويزيد من حجم الأعضاء التناسلية والثديين,llm_structured_entity_extraction,groq,llama-3.3-70b-versatile,0.850
men_llm_0000113,ent_treatment_24d83b12af40,زيت الحلبة,Treatment,chunk_00020,ahd5k_01292,773150,زيت الحلبة,question,هل تناول ملعقة يوميا من زيت الحلبة على الريق يزيد من حجم الثدي بجانب التمارين,llm_structured_entity_extraction,groq,llama-3.3-70b-versatile,0.850
men_llm_0000114,ent_treatment_24d83b12af40,زيت الحلبة,Treatment,chunk_00020,ahd5k_01292,773150,زيت الحلبة,answer,اشربى من الحلبة كتير اما بالنسبة لزيت الحلبة ضعي منه معلقة على صدرك وادهنى صدرك بزيت الحلبة بالليل وبزيت الزيتون الصبح,llm_structured_entity_extraction,groq,llama-3.3-70b-versatile,0.850
men_llm_0000115,ent_treatment_b792fc31b8bb,الميرمية,Treatment,chunk_00020,ahd5k_01651,796667,الميرمية,question,هل زيت نبات الميرمية له آثار جانبية عند تناوله بشكل 3 كبسولات قبل الطعام للتخلص من افراز البرولاكتين المفرز والناتج عن ورم حميد في الغدة النخامية,llm_structured_entity_extraction,groq,llama-3.3-70b-versatile,0.850
men_llm_0000116,ent_treatment_b792fc31b8bb,الميرمية,Treatment,chunk_00020,ahd5k_01651,796667,الميرمية,answer,الميرمية لها فوائد كثيرة ومنها تخفيف ادرار الجليب ولكنها لا تعطى للمرأة الحامل لأنها تثير تقلصات الرحم فيمكن أن تسبب الاجهاض,llm_structured_entity_extraction,groq,llama-3.3-70b-versatile,0.850
men_llm_0000117,ent_diseasecondition_16cf4e77b755,التهاب,DiseaseCondition,chunk_00021,ahd5k_02810,769792,البواسير,answer,البواسير بداية هو استخدام مرهم نيوهيلار داخل الشرج,llm_structured_entity_extraction,groq,llama-3.1-8b-instant,0.850
men_llm_0000118,ent_symptom_7b839cc80688,ضيق تنفس,Symptom,chunk_00022,ahd5k_03444,123,ضيق النفس,question,ضيق النفس شديد دون سبب طبى,llm_structured_entity_extraction,groq,llama-3.1-8b-instant,0.850
men_llm_0000119,ent_treatment_53d2565c0b22,برامج رقية,Treatment,chunk_00022,ahd5k_03444,123,برامج رقية,answer,استخدمت برامج رقية كتير,llm_structured_entity_extraction,groq,llama-3.1-8b-instant,0.850
men_llm_0000120,ent_diseasecondition_7754d34e2c52,شيب,DiseaseCondition,chunk_00022,ahd5k_04612,123,شيب,question,هل يوجد حل لعلاج الشيب المبكر,llm_structured_entity_extraction,groq,llama-3.1-8b-instant,0.850
men_llm_0000121,ent_treatment_48712ae621b5,خلطة الريحان و الروزماري,Treatment,chunk_00022,ahd5k_04612,123,خلطة الريحان و الروزماري,question,هل خلطة الريحان و الروزماري مفيدة للتخلص من الشيب,llm_structured_entity_extraction,groq,llama-3.1-8b-instant,0.850
men_llm_0000122,ent_diseasecondition_050f0f4f890b,كسل بالغدة الدرقية,DiseaseCondition,chunk_00022,ahd5k_04779,123,كسل بالغدة الدرقية,question,هل هناك اعشاب معينه ممكن ان آخذها للمحافظة على الغدة الدرقية,llm_structured_entity_extraction,groq,llama-3.1-8b-instant,0.850
men_llm_0000123,ent_treatment_982172163039,خلطة العسل والفوقص الحوصلي والغذاء الملكي والعكبر والقسط الهندي,Treatment,chunk_00022,ahd5k_04779,123,خلطة العسل والفوقص الحوصلي والغذاء الملكي والعكبر والقسط الهندي,answer,هذه خلطة مفيدة ان شاء الله لمن معهم كسل بالغدة الدرقية,llm_structured_entity_extraction,groq,llama-3.1-8b-instant,0.850
men_llm_0000124,ent_symptom_6910233b82fc,بروز في البطن,Symptom,chunk_00022,ahd5k_04986,123,بروز في البطن,question,انا بنت عمري 22 سنة بدي علاج طبيعي وسريع للبطن.. عندي بروز في البطن,llm_structured_entity_extraction,groq,llama-3.1-8b-instant,0.850
men_llm_0000125,ent_treatment_a3fdf405330a,تمارين رياضية,Treatment,chunk_00022,ahd5k_04986,123,تمارين,question,وجربت التمارين فترة بس ما لاحظت نتيجة كبيرة,llm_structured_entity_extraction,groq,llama-3.1-8b-instant,0.850
men_llm_0000126,ent_diseasecondition_d2e284c27e53,اللمف,DiseaseCondition,chunk_00024,ahd5k_00291,806401,اللمف,answer,سائل شفاف، يميل لونه إلى الصفرة يشبه في تركيبه تركيب الدم إلا أنّه لا يحتوي على كرات دم حمراء بل كرات دم بيضاء.,llm_structured_entity_extraction,groq,llama-3.1-8b-instant,0.850
men_llm_0000127,ent_diseasecondition_a2bb8f572461,النخاع الشوكي,DiseaseCondition,chunk_00024,ahd5k_04739,808347,النخاع الشوكي,answer,تحته.ويوجد على سطحه الأمامي أخدود ناصف وعلى كل جانب إنتفاخ يدعى الهرم . وتتكون الهرمين من حزم من الألياف العصبية التي تأتي من خلايا عصبية عريضة في التلفيف قبل المركزي.,llm_structured_entity_extraction,groq,llama-3.1-8b-instant,0.850
men_llm_0000128,ent_diseasecondition_1d360e20e36c,الموت الدماغي,DiseaseCondition,chunk_00024,ahd5k_04739,808347,الموت الدماغي,answer,يعني عدم وجود موجات كهربائية في تخطيط الدماغ الكهربائي.,llm_structured_entity_extraction,groq,llama-3.1-8b-instant,0.850
men_llm_0000129,ent_diseasecondition_f12d335bd2d8,التهاب مفصل الركبة,DiseaseCondition,chunk_00025,ahd5k_00673,805608,التهاب مفصل الركبة,answer,تهاب مفصل الركبة,llm_structured_entity_extraction,groq,llama-3.1-8b-instant,0.950
men_llm_0000130,ent_diseasecondition_16cf4e77b755,التهاب,DiseaseCondition,chunk_00025,ahd5k_00673,805608,التهاب,answer,التهاب,llm_structured_entity_extraction,groq,llama-3.1-8b-instant,0.950
men_llm_0000131,ent_diseasecondition_16cf4e77b755,التهاب,DiseaseCondition,chunk_00025,ahd5k_03985,805114,التهاب,answer,التهاب,llm_structured_entity_extraction,groq,llama-3.1-8b-instant,0.950
men_llm_0000132,ent_diseasecondition_f12d335bd2d8,التهاب مفصل الركبة,DiseaseCondition,chunk_00025,ahd5k_00673,805608,التهاب مفصل الركبة,question,التهاب مفصل الركبة,llm_structured_entity_extraction,groq,llama-3.1-8b-instant,0.950
men_llm_0000133,ent_diseasecondition_16cf4e77b755,التهاب,DiseaseCondition,chunk_00025,ahd5k_00673,805608,التهاب,question,التهاب,llm_structured_entity_extraction,groq,llama-3.1-8b-instant,0.950
men_llm_0000134,ent_diseasecondition_f12d335bd2d8,التهاب مفصل الركبة,DiseaseCondition,chunk_00025,ahd5k_00673,805608,التهاب مفصل الركبة,answer,التهاب مفصل الركبة,llm_structured_entity_extraction,groq,llama-3.1-8b-instant,0.950
men_llm_0000135,ent_diseasecondition_db17a406c72e,ارتفاع ضغط الدم,DiseaseCondition,chunk_00026,ahd5k_03983,668656,ارتفاع ضغط الدم,answer,ارتفاع ضغط الدم,llm_structured_entity_extraction,groq,llama-3.1-8b-instant,0.950
men_llm_0000136,ent_diseasecondition_d570c92436e9,ارتخاء,DiseaseCondition,chunk_00027,ahd5k_01181,806613,ارتخاء في الآنسجة الضامة في الجسم,answer,ارتخاء في الآنسجة الضامة في الجسم,llm_structured_entity_extraction,groq,llama-3.1-8b-instant,0.850
men_llm_0000137,ent_diseasecondition_d570c92436e9,ارتخاء,DiseaseCondition,chunk_00027,ahd5k_04566,806434,ارتخاء في الآنسجة الضامة في الجسم,answer,ارتخاء في الآنسجة الضامة في الجسم,llm_structured_entity_extraction,groq,llama-3.1-8b-instant,0.850
men_llm_0000138,ent_diseasecondition_017a6d080eff,القولون,DiseaseCondition,chunk_00027,ahd5k_01181,806613,القولون,answer,القولون,llm_structured_entity_extraction,groq,llama-3.1-8b-instant,0.850
men_llm_0000139,ent_diseasecondition_017a6d080eff,القولون,DiseaseCondition,chunk_00027,ahd5k_04566,806434,القولون,answer,القولون,llm_structured_entity_extraction,groq,llama-3.1-8b-instant,0.850
men_llm_0000140,ent_diseasecondition_ca9304cd0dde,القولون العصبي,DiseaseCondition,chunk_00027,ahd5k_01181,806613,القولون العصبي,question,القولون العصبي,llm_structured_entity_extraction,groq,llama-3.1-8b-instant,0.850
men_llm_0000141,ent_diseasecondition_ca9304cd0dde,القولون العصبي,DiseaseCondition,chunk_00027,ahd5k_04566,806434,القولون العصبي,question,القولون العصبي,llm_structured_entity_extraction,groq,llama-3.1-8b-instant,0.850
men_llm_0000142,ent_diseasecondition_ca9304cd0dde,القولون العصبي,DiseaseCondition,chunk_00027,ahd5k_01181,806613,القولون العصبي,answer,القولون العصبي,llm_structured_entity_extraction,groq,llama-3.1-8b-instant,0.850
men_llm_0000143,ent_diseasecondition_ca9304cd0dde,القولون العصبي,DiseaseCondition,chunk_00027,ahd5k_04566,806434,القولون العصبي,answer,القولون العصبي,llm_structured_entity_extraction,groq,llama-3.1-8b-instant,0.850
men_llm_0000144,ent_diseasecondition_017a6d080eff,القولون,DiseaseCondition,chunk_00027,ahd5k_01181,806613,القولون,question,القولون,llm_structured_entity_extraction,groq,llama-3.1-8b-instant,0.850
men_llm_0000145,ent_diseasecondition_017a6d080eff,القولون,DiseaseCondition,chunk_00027,ahd5k_04566,806434,القولون,question,القولون,llm_structured_entity_extraction,groq,llama-3.1-8b-instant,0.850
men_llm_0000146,ent_diseasecondition_16cf4e77b755,التهاب,DiseaseCondition,chunk_00028,ahd5k_03068,807985,التهاب الرحم,answer,التهابات المهبل,llm_structured_entity_extraction,groq,llama-3.1-8b-instant,0.850
men_llm_0000147,ent_diseasecondition_16cf4e77b755,التهاب,DiseaseCondition,chunk_00028,ahd5k_03068,807985,التهاب المهبل,answer,التهابات المهبل,llm_structured_entity_extraction,groq,llama-3.1-8b-instant,0.850
men_llm_0000148,ent_diseasecondition_2f75d3dabe0b,حساسية,DiseaseCondition,chunk_00028,ahd5k_03068,807985,حساسية جلديه,question,حساسية جلديه,llm_structured_entity_extraction,groq,llama-3.1-8b-instant,0.850
men_llm_0000149,ent_test_dd68aa784555,تحاليل مخبرية,Test,chunk_00028,ahd5k_03068,807985,تحليل الحساسية,answer,تحليل الحساسية,llm_structured_entity_extraction,groq,llama-3.1-8b-instant,0.850
men_llm_0000150,ent_diseasecondition_380db6d92562,مرض السكري,DiseaseCondition,chunk_00028,ahd5k_03068,807985,السكري,answer,مرض السكري,llm_structured_entity_extraction,groq,llama-3.1-8b-instant,0.850
men_llm_0000151,ent_diseasecondition_380db6d92562,مرض السكري,DiseaseCondition,chunk_00028,ahd5k_03284,807585,مرض السكري المتظور,answer,مرض السكري المتظور,llm_structured_entity_extraction,groq,llama-3.1-8b-instant,0.850
men_llm_0000152,ent_diseasecondition_7a635a09206f,الورم الدماغي,DiseaseCondition,chunk_00028,ahd5k_03284,807585,الورم الدماغي,question,الورم الدماغي,llm_structured_entity_extraction,groq,llama-3.1-8b-instant,0.850
men_llm_0000153,ent_diseasecondition_3a46ea69fd7e,التهاب العصي البصري,DiseaseCondition,chunk_00028,ahd5k_03284,807585,التهاب العصي البصري,answer,التهاب العصي البصري,llm_structured_entity_extraction,groq,llama-3.1-8b-instant,0.850
men_llm_0000154,ent_diseasecondition_048de7f33784,سرطان المستقيم,DiseaseCondition,chunk_00029,ahd5k_02207,808012,سرطان المستقيم,answer,سرطان المستقيم هو سرطان الجزء الاخير من القولون.,llm_structured_entity_extraction,groq,llama-3.1-8b-instant,0.950
men_llm_0000155,ent_diseasecondition_0643ed72d249,سرطان القولون,DiseaseCondition,chunk_00029,ahd5k_02207,808012,سرطان القولون,answer,سرطان المستقيم هو سرطان الجزء الاخير من القولون.,llm_structured_entity_extraction,groq,llama-3.1-8b-instant,0.950
men_llm_0000156,ent_symptom_018ebc11f6df,حمى,Symptom,chunk_00030,ahd5k_00348,83228,حمى,answer,ترتفع درجة حرارة الجسم عندما ترتبط البيروجينات بمنطقة تحت المهاد، أهمها إنترلوكين 1 (IL-1),llm_structured_entity_extraction,groq,llama-3.1-8b-instant,0.850
men_llm_0000157,ent_diseasecondition_7f3c581aaa3e,ارتكاريا,DiseaseCondition,chunk_00030,ahd5k_00348,83228,ارتكاريا,answer,ترتفع درجة حرارة الجسم عندما ترتبط البيروجينات بمنطقة تحت المهاد، أهمها إنترلوكين 1 (IL-1),llm_structured_entity_extraction,groq,llama-3.1-8b-instant,0.850
men_llm_0000158,ent_test_c4cfd2d6468c,أشعة,Test,chunk_00031,ahd5k_04934,808449,أشعة,answer,صورة أمامية خلفية وصورة أخرى جانبية,llm_structured_entity_extraction,groq,llama-3.1-8b-instant,0.950
men_llm_0000159,ent_diseasecondition_94a9a87f1248,انفراص,DiseaseCondition,chunk_00032,ahd5k_00088,786887,انفراص بالفاصل العجزي القطني,answer,انقراص غير مسبب لضغط على الجذور العصبية,llm_structured_entity_extraction,groq,llama-3.1-8b-instant,0.850
men_llm_0000160,ent_diseasecondition_bcda4485dd1d,انقراص,DiseaseCondition,chunk_00032,ahd5k_00088,786887,انقراص,answer,انقراص غير مسبب لضغط على الجذور العصبية,llm_structured_entity_extraction,groq,llama-3.1-8b-instant,0.850
men_llm_0000161,ent_treatment_25ad5edaca54,حبوب مغنيسيوم,Treatment,chunk_00032,ahd5k_01924,808294,حبوب مغنيسيوم,answer,استعمال حبوب مغنيسيوم او كي حبة يوميا,llm_structured_entity_extraction,groq,llama-3.1-8b-instant,0.850
men_llm_0000162,ent_treatment_06c0f51bf3d5,كي حبة,Treatment,chunk_00032,ahd5k_01924,808294,كي حبة,answer,استعمال حبوب مغنيسيوم او كي حبة يوميا,llm_structured_entity_extraction,groq,llama-3.1-8b-instant,0.850
men_llm_0000163,ent_treatment_f11b22153e4b,نصف حبة,Treatment,chunk_00032,ahd5k_01924,808294,نصف حبة,answer,اضافة نصف حبة لازكس يوميا قبل موعد الدورة باسبوع,llm_structured_entity_extraction,groq,llama-3.1-8b-instant,0.850
men_llm_0000164,ent_treatment_1ea61807a7b3,لوسنتيس,Treatment,chunk_00032,ahd5k_03085,807944,لوسنتيس,answer,استعمال ادويه من اجل تخفيف مشاكل الاوعيه الدمويه في الشبكيه مثل ادويه بيفاسيزوماب(افاستين) ورانيبيزوماب (لوسنتيس),llm_structured_entity_extraction,groq,llama-3.1-8b-instant,0.850
men_llm_0000165,ent_treatment_cfd58ff106a6,افاستين,Treatment,chunk_00032,ahd5k_03085,807944,افاستين,answer,استعمال ادويه من اجل تخفيف مشاكل الاوعيه الدمويه في الشبكيه مثل ادويه بيفاسيزوماب(افاستين) ورانيبيزوماب (لوسنتيس),llm_structured_entity_extraction,groq,llama-3.1-8b-instant,0.850
men_llm_0000166,ent_treatment_5ea001fbe018,بيفاسيزوماب,Treatment,chunk_00032,ahd5k_03085,807944,بيفاسيزوماب,answer,استعمال ادويه من اجل تخفيف مشاكل الاوعيه الدمويه في الشبكيه مثل ادويه بيفاسيزوماب(افاستين) ورانيبيزوماب (لوسنتيس),llm_structured_entity_extraction,groq,llama-3.1-8b-instant,0.850
men_llm_0000167,ent_treatment_b333a867faf6,الأسبرين,Treatment,chunk_00032,ahd5k_03085,807944,اسبرين,answer,استعمال بعض الادويه اللاستيروييديه المضاده للالتهاب مثل الاسبرين والبروفين,llm_structured_entity_extraction,groq,llama-3.1-8b-instant,0.850
men_llm_0000168,ent_treatment_8b9727a6ed45,بروفين,Treatment,chunk_00032,ahd5k_03085,807944,بروفين,answer,استعمال بعض الادويه اللاستيروييديه المضاده للالتهاب مثل الاسبرين والبروفين,llm_structured_entity_extraction,groq,llama-3.1-8b-instant,0.850
men_llm_0000169,ent_diseasecondition_c7baf8534e07,دوالي الخصية,DiseaseCondition,chunk_00033,ahd5k_00261,808368,دوالي الخصية,answer,دوالي الخصية,llm_structured_entity_extraction,groq,llama-3.1-8b-instant,0.850
men_llm_0000170,ent_diseasecondition_bd502372680c,شلل العصب السابع,DiseaseCondition,chunk_00033,ahd5k_01221,808405,شلل العصب السابع,answer,شلل العصب السابع,llm_structured_entity_extraction,groq,llama-3.1-8b-instant,0.850
men_llm_0000171,ent_treatment_93132ac17089,مضادات الالتهاب,Treatment,chunk_00033,ahd5k_01221,808405,مضادات الالتهاب,answer,مضادات الالتهاب,llm_structured_entity_extraction,groq,llama-3.1-8b-instant,0.850
men_llm_0000172,ent_treatment_afbe4f3ae93f,العلاج الطبيعي,Treatment,chunk_00033,ahd5k_01221,808405,العلاج الطبيعي,answer,العلاج الطبيعي,llm_structured_entity_extraction,groq,llama-3.1-8b-instant,0.850
men_llm_0000173,ent_treatment_e7f992c031a2,العلاج بالإبر الصينية,Treatment,chunk_00033,ahd5k_01221,808405,العلاج بالإبر الصينية,answer,العلاج بالإبر الصينية,llm_structured_entity_extraction,groq,llama-3.1-8b-instant,0.850
men_llm_0000174,ent_treatment_65d67800955e,مضادات الفيروسات,Treatment,chunk_00033,ahd5k_01221,808405,مضادات الفيروسات,answer,مضادات الفيروسات,llm_structured_entity_extraction,groq,llama-3.1-8b-instant,0.850
men_llm_0000175,ent_treatment_acb8b834aff2,الكورتيزونات,Treatment,chunk_00033,ahd5k_01221,808405,الكورتيزونات,answer,الكورتيزونات,llm_structured_entity_extraction,groq,llama-3.1-8b-instant,0.850
men_llm_0000176,ent_treatment_2622a2a540cb,الاستئصال الجراحي,Treatment,chunk_00033,ahd5k_02313,807750,الاستئصال الجراحي,answer,الاستئصال الجراحي,llm_structured_entity_extraction,groq,llama-3.1-8b-instant,0.850
men_llm_0000177,ent_treatment_f4382c9333bb,العلاج بالجراحة,Treatment,chunk_00033,ahd5k_00261,808368,العلاج بالجراحة,answer,العلاج بالجراحة,llm_structured_entity_extraction,groq,llama-3.1-8b-instant,0.850
men_llm_0000178,ent_diseasecondition_16cf4e77b755,التهاب,DiseaseCondition,chunk_00034,ahd5k_02587,785066,التهاب,answer,يحصل الاختناق نتيجة عدم وصول الاوكسجين الى الرئتين وتكاثرغاز ثاني اكسيد الكربون او غيره من الغازات غير الصالحة للتنفس فيتخدر الجهاز العصبي ويفسد الدم ويتعرض المصاب الى الارتخاء ثم الى الغيبوبة ثم الموت.ويحدث ذلك في حالات الصعقة الكهربائية والغرق وغيرهما من الحالات التي تسبب قلة استنشاق الأكسجين وتراكم الغازات غير الصالحة . للتنفس ويعم ذلك الدم في جميع اجزاء الجسم فيظهر إزرقاق الشفاه والانف والاذن والاصابع.،وعند الموت يتجمع الدم في الأجزاء السفلية من الجسم القريبة من الأرض، وبعد ساعتين تظهر البقع الزرقاء على الظهرفعل تجمع الدم --الذي يكون فقيرا بالكسجين وغنيا بثاني أكسيد الكربون--وإذا كانت الأصابع في وضعية أخفض من الجسم فيتراكم فيها هذا الدم فتبدو زرقاء اللون,llm_structured_entity_extraction,groq,llama-3.1-8b-instant,0.850
men_llm_0000179,ent_diseasecondition_e33658f424f6,ملازمة داون,DiseaseCondition,chunk_00035,ahd5k_04031,808100,ملازمة داون,answer,دراسات أخيرة وجد أن متوسط أعمار مرضى ملازمة داون قد ارتفع إلى حوالي ٤٨ سنة,llm_structured_entity_extraction,groq,llama-3.1-8b-instant,0.850
men_llm_0000180,ent_diseasecondition_16cf4e77b755,التهاب,DiseaseCondition,chunk_00035,ahd5k_04190,807849,التهاب,answer,هذه الطبقة هي نوع من التسوس,llm_structured_entity_extraction,groq,llama-3.1-8b-instant,0.850
men_llm_0000181,ent_diseasecondition_30c063bfe92d,التسوس,DiseaseCondition,chunk_00035,ahd5k_04190,807849,التسوس,answer,هذه الطبقة هي نوع من التسوس,llm_structured_entity_extraction,groq,llama-3.1-8b-instant,0.850
men_llm_0000182,ent_treatment_3142ddcc1955,الفياغرا,Treatment,chunk_00035,ahd5k_04451,804198,الفياغرا,answer,يمكنك استشارة الطبيب لتناول الفياغرا,llm_structured_entity_extraction,groq,llama-3.1-8b-instant,0.850
men_llm_0000183,ent_test_5b6be44fb944,بزل الصدر,Test,chunk_00035,ahd5k_04576,679451,بزل الصدر,answer,بزل الصدر (المعروف أيضا باسم تفجير الصدر) هو إجراء لإزالة سائل أو هواء من غشاء الجنب لأغراض تشخيصية أو علاجية,llm_structured_entity_extraction,groq,llama-3.1-8b-instant,0.850
men_llm_0000184,ent_diseasecondition_987cc3cc606f,علم التشريح,DiseaseCondition,chunk_00036,ahd5k_04679,760150,علم التشريح,answer,لقد حظي التشريح في عمل القاموس بنصيب الأسد,llm_structured_entity_extraction,groq,llama-3.1-8b-instant,0.950
men_llm_0000185,ent_test_d990d9189fc6,الجلوكوز,Test,chunk_00037,ahd5k_01578,805860,الجلوكوز,answer,الجلوكوز هو نوع من انواع السكر يدخل في تركيب الكثير من البروتينات والدهون في الخلايا,llm_structured_entity_extraction,groq,llama-3.1-8b-instant,0.950
men_llm_0000186,ent_test_d990d9189fc6,الجلوكوز,Test,chunk_00037,ahd5k_01578,805860,سكر العنب,answer,الجلوكوز ويسمى ايضا سكر العنب اوسكر الذرة,llm_structured_entity_extraction,groq,llama-3.1-8b-instant,0.950
men_llm_0000187,ent_diseasecondition_46faf93722a3,الفركتوز,DiseaseCondition,chunk_00037,ahd5k_01578,805860,الفركتوز,answer,الفركتوز هو نوع اخر من السكر يكون مكونا لجدار الخلايا,llm_structured_entity_extraction,groq,llama-3.1-8b-instant,0.950
men_llm_0000188,ent_diseasecondition_46faf93722a3,الفركتوز,DiseaseCondition,chunk_00037,ahd5k_01578,805860,سكر الذرة,answer,الجلوكوز ويسمى ايضا سكر العنب اوسكر الذرة,llm_structured_entity_extraction,groq,llama-3.1-8b-instant,0.950
men_llm_0000189,ent_diseasecondition_8e104f8ce212,الجالكتوز,DiseaseCondition,chunk_00037,ahd5k_01578,805860,الجالكتوز,answer,الجلاكتوز هو نوع من انواع السكر يدخل في تركيب الكثير من البروتينات والدهون في الخلايا,llm_structured_entity_extraction,groq,llama-3.1-8b-instant,0.950
men_llm_0000190,ent_diseasecondition_16cf4e77b755,التهاب,DiseaseCondition,chunk_00037,ahd5k_01578,805860,التهاب,answer,التهاب في العين وفقدان حاسة الشم واختلال وظائف الكبد والكلى,llm_structured_entity_extraction,groq,llama-3.1-8b-instant,0.950
men_llm_0000191,ent_symptom_5a4646c01c0e,اختلال وظائف الكبد,Symptom,chunk_00037,ahd5k_01578,805860,اختلال وظائف الكبد,answer,التهاب في العين وفقدان حاسة الشم واختلال وظائف الكبد والكلى,llm_structured_entity_extraction,groq,llama-3.1-8b-instant,0.950
men_llm_0000192,ent_test_d990d9189fc6,الجلوكوز,Test,chunk_00037,ahd5k_01578,805860,الجلوكوز,answer,اذا تم اضافه الجلوكوز له برابطه ثناييه ينج عندنا سكر اللاكتوز,llm_structured_entity_extraction,groq,llama-3.1-8b-instant,0.950
men_llm_0000193,ent_diseasecondition_28abf8165f28,بيلة الميوغلوبين,DiseaseCondition,chunk_00038,ahd5k_03468,787368,مرض بيلة الميوغلوبين,question,مرض بيلة الميوغلوبين ارجو ايفادي به,llm_structured_entity_extraction,groq,llama-3.1-8b-instant,0.950
men_llm_0000194,ent_diseasecondition_28abf8165f28,بيلة الميوغلوبين,DiseaseCondition,chunk_00038,ahd5k_03468,787368,بيلة الميوغلوبين,answer,العلاج الاهم هو السوائل للمحافظة على الكلى,llm_structured_entity_extraction,groq,llama-3.1-8b-instant,0.950
men_llm_0000195,ent_treatment_b7e7fb09dd09,السوائل,Treatment,chunk_00038,ahd5k_03468,787368,السوائل,answer,العلاج الاهم هو السوائل للمحافظة على الكلى,llm_structured_entity_extraction,groq,llama-3.1-8b-instant,0.950
men_llm_0000196,ent_diseasecondition_6fc3f18427fb,الصدمة الكهربائية,DiseaseCondition,chunk_00039,ahd5k_04866,792335,الصدمه الكهرباييه,answer,الصدمه الكهرباييه وتتجلي بالضرر الذى يصيب انسجة الجسم نتيجة تأثير التيار او القوس الكهربائى,llm_structured_entity_extraction,groq,llama-3.1-8b-instant,0.950
men_llm_0000197,ent_diseasecondition_5dcc30c3edc8,الحروق,DiseaseCondition,chunk_00039,ahd5k_04866,792335,الحروق,answer,الحروق الكهربائية وهى اكثر انواع الصدمات الكهربائية انتشارا,llm_structured_entity_extraction,groq,llama-3.1-8b-instant,0.950
men_llm_0000198,ent_diseasecondition_16cf4e77b755,التهاب,DiseaseCondition,chunk_00039,ahd5k_04866,792335,التهاب,answer,احتراق الجلد من قبل ذرات المعدن المنصهر والمتطاير عند القوس الكهربائى,llm_structured_entity_extraction,groq,llama-3.1-8b-instant,0.850
men_llm_0000199,ent_treatment_328642ab84d2,النواقل,Treatment,chunk_00039,ahd5k_04866,792335,النواقل,answer,توضع النواقل فى داره قصر للحصول علي نفس النتيجه,llm_structured_entity_extraction,groq,llama-3.1-8b-instant,0.950
men_llm_0000200,ent_treatment_3c3b0b18ce4a,الادوات,Treatment,chunk_00039,ahd5k_04866,792335,الادوات,answer,يستعمل الادوات التي لها مقابض عازلة,llm_structured_entity_extraction,groq,llama-3.1-8b-instant,0.950
men_llm_0000201,ent_treatment_450cbdcb87da,الطبيب,Treatment,chunk_00039,ahd5k_04866,792335,الطبيب,answer,يستدعي الطبيب او المسعف للتعامل مع المصاب,llm_structured_entity_extraction,groq,llama-3.1-8b-instant,0.950
men_llm_0000202,ent_diseasecondition_884ee2807f70,بروثرومبين,DiseaseCondition,chunk_00040,ahd5k_00679,801984,بروثرومبين,answer,بروثرومبين في الدم,llm_structured_entity_extraction,groq,llama-3.1-8b-instant,0.850
men_llm_0000203,ent_test_dd68aa784555,تحاليل مخبرية,Test,chunk_00040,ahd5k_00679,801984,تحليل مخبري,answer,تحليل مخبري,llm_structured_entity_extraction,groq,llama-3.1-8b-instant,0.850
men_llm_0000204,ent_symptom_018ebc11f6df,حمى,Symptom,chunk_00040,ahd5k_00679,801984,حمى,question,بمعلوية زمن البروثرومبين كيف يمكن حساب تركيز البروثرومبين؟,llm_structured_entity_extraction,groq,llama-3.1-8b-instant,0.850
men_llm_0000205,ent_diseasecondition_0c001085703e,الورم النقوي المتعدد,DiseaseCondition,chunk_00041,ahd5k_01930,770115,الورم النقوي المتعدد,answer,ورم نقوي متعدد multiple myeloma,llm_structured_entity_extraction,groq,llama-3.1-8b-instant,0.950
men_llm_0000206,ent_diseasecondition_4b1ef800ffb3,متلازمة فالدنستروم,DiseaseCondition,chunk_00041,ahd5k_01930,770115,متلازمة فالدنستروم,answer,متلازمة فالدنستروم,llm_structured_entity_extraction,groq,llama-3.1-8b-instant,0.950
men_llm_0000207,ent_test_645255369776,تحليل,Test,chunk_00041,ahd5k_01930,770115,تحليل,answer,تحليل لبروتينات الدم,llm_structured_entity_extraction,groq,llama-3.1-8b-instant,0.950
men_llm_0000208,ent_diseasecondition_16cf4e77b755,التهاب,DiseaseCondition,chunk_00042,ahd5k_00639,792334,التهاب,answer,التهاب,llm_structured_entity_extraction,groq,llama-3.1-8b-instant,0.850
men_llm_0000209,ent_diseasecondition_aaf0d0958a26,السرطان,DiseaseCondition,chunk_00042,ahd5k_04985,777302,السرطان,answer,السرطان,llm_structured_entity_extraction,groq,llama-3.1-8b-instant,0.850
men_llm_0000210,ent_diseasecondition_2cbe61e08310,سمنة الأرداف,DiseaseCondition,chunk_00043,ahd5k_00643,774568,سمنة الأرداف,answer,سمنة الأرداف والسيقان من المشاكل الرئيسية التي تؤرق النساء الشرقيات.,llm_structured_entity_extraction,groq,llama-3.1-8b-instant,0.850
men_llm_0000211,ent_treatment_77e8744fec6a,فجل أبيض,Treatment,chunk_00043,ahd5k_00643,774568,فجل أبيض,answer,تناول الفجل الأبيض الذي أثبتت الدراسات أنه يذيب الدهون عامة وفي منطقة الأرداف والفخذين,llm_structured_entity_extraction,groq,llama-3.1-8b-instant,0.850
men_llm_0000212,ent_treatment_77e8744fec6a,فجل أبيض,Treatment,chunk_00043,ahd5k_00643,774568,الجمل الأبيض,answer,تناول الفجل الأبيض الذي أثبتت الدراسات أنه يذيب الدهون عامة وفي منطقة الأرداف والفخذين,llm_structured_entity_extraction,groq,llama-3.1-8b-instant,0.850
men_llm_0000213,ent_diseasecondition_2cbe61e08310,سمنة الأرداف,DiseaseCondition,chunk_00043,ahd5k_03893,780050,سمنة الأرداف,answer,هذه السمنة في الأرداف تحمي المرأة من هشاشة العظام,llm_structured_entity_extraction,groq,llama-3.1-8b-instant,0.850
men_llm_0000214,ent_diseasecondition_7f8719b1c99d,سيستي هيدروما,DiseaseCondition,chunk_00043,ahd5k_03893,780050,سيستي هيدروما,answer,هذه الكيس يطلق عليه اسم Systic Hygroma وهو نوع من انواع التشوهات التي قد تصيب الجنين,llm_structured_entity_extraction,groq,llama-3.1-8b-instant,0.850
men_llm_0000215,ent_diseasecondition_7f8719b1c99d,سيستي هيدروما,DiseaseCondition,chunk_00043,ahd5k_03893,780050,Systic Hygroma,answer,هذه الكيس يطلق عليه اسم Systic Hygroma وهو نوع من انواع التشوهات التي قد تصيب الجنين,llm_structured_entity_extraction,groq,llama-3.1-8b-instant,0.850
men_llm_0000216,ent_diseasecondition_7f2969b272b5,تشوهات خلقية,DiseaseCondition,chunk_00044,ahd5k_03238,777394,تشوهات خلقية,question,تشوهات كثيرة على مستوى الرأس والشفة,llm_structured_entity_extraction,groq,llama-3.1-8b-instant,0.850
men_llm_0000217,ent_test_dd68aa784555,تحاليل مخبرية,Test,chunk_00044,ahd5k_03238,777394,تحاليل مخبرية,answer,عملت الزوجة فحوصات وتحاليل لدى طبيب مختص,llm_structured_entity_extraction,groq,llama-3.1-8b-instant,0.850
men_llm_0000218,ent_diseasecondition_7abdd04c7114,الحمل,DiseaseCondition,chunk_00045,ahd5k_04509,776306,الحمل,question,الحمل,llm_structured_entity_extraction,groq,llama-3.1-8b-instant,0.850
men_llm_0000219,ent_diseasecondition_7abdd04c7114,الحمل,DiseaseCondition,chunk_00045,ahd5k_04509,776306,الحمل,answer,الحمل,llm_structured_entity_extraction,groq,llama-3.1-8b-instant,0.850
men_llm_0000220,ent_treatment_9faa6531b364,الكحول,Treatment,chunk_00045,ahd5k_04509,776306,الكحول,question,الكحول,llm_structured_entity_extraction,groq,llama-3.1-8b-instant,0.850
men_llm_0000221,ent_treatment_9faa6531b364,الكحول,Treatment,chunk_00045,ahd5k_04509,776306,الكحول,answer,الكحول,llm_structured_entity_extraction,groq,llama-3.1-8b-instant,0.850
men_llm_0000222,ent_treatment_d30b06ad4ba6,مضادات الصرع,Treatment,chunk_00045,ahd5k_04509,776306,مضادات الصرع,answer,مضادات الصرع,llm_structured_entity_extraction,groq,llama-3.1-8b-instant,0.850
men_llm_0000223,ent_diseasecondition_7f2969b272b5,تشوهات خلقية,DiseaseCondition,chunk_00045,ahd5k_04509,776306,تشوهات خلقية,question,تشوهات خلقية,llm_structured_entity_extraction,groq,llama-3.1-8b-instant,0.850
men_llm_0000224,ent_diseasecondition_7f2969b272b5,تشوهات خلقية,DiseaseCondition,chunk_00045,ahd5k_04509,776306,تشوهات خلقية,answer,تشوهات خلقية,llm_structured_entity_extraction,groq,llama-3.1-8b-instant,0.850
men_llm_0000225,ent_diseasecondition_4453ab65a84b,تضخم,DiseaseCondition,chunk_00046,ahd5k_00647,123,تضخم في الارداف,question,تضخم في الارداف,llm_structured_entity_extraction,groq,llama-3.1-8b-instant,0.850
men_llm_0000226,ent_diseasecondition_a7e5e3f0d48d,متلازمة كلاينفلتر,DiseaseCondition,chunk_00046,ahd5k_02667,456,متلازمة كلاينفلتر,question,متلازمة كلاينفلتر,llm_structured_entity_extraction,groq,llama-3.1-8b-instant,0.850
men_llm_0000227,ent_diseasecondition_a7e5e3f0d48d,متلازمة كلاينفلتر,DiseaseCondition,chunk_00046,ahd5k_02667,456,كلاينفلتر,answer,كلاينفلتر,llm_structured_entity_extraction,groq,llama-3.1-8b-instant,0.850
men_llm_0000228,ent_symptom_8d2e4253732b,تضخم في الارداف,Symptom,chunk_00046,ahd5k_00647,123,تضخم في الارداف,question,تضخم في الارداف,llm_structured_entity_extraction,groq,llama-3.1-8b-instant,0.850
men_llm_0000229,ent_treatment_469e39fc5835,جراح عظام,Treatment,chunk_00046,ahd5k_02907,789,جراح عظام,answer,جراح عظام,llm_structured_entity_extraction,groq,llama-3.1-8b-instant,0.850
men_llm_0000230,ent_treatment_d7c4801b256d,استئصال الإصبع السادسة,Treatment,chunk_00046,ahd5k_02907,101,استئصال الإصبع السادسة,answer,استئصال الإصبع السادسة,llm_structured_entity_extraction,groq,llama-3.1-8b-instant,0.850
men_llm_0000231,ent_treatment_b8cee9c1b337,جراح التجميل,Treatment,chunk_00046,ahd5k_03031,111,جراح التجميل,answer,جراح التجميل,llm_structured_entity_extraction,groq,llama-3.1-8b-instant,0.850
men_llm_0000232,ent_diseasecondition_a7e5e3f0d48d,متلازمة كلاينفلتر,DiseaseCondition,chunk_00047,ahd5k_03496,775165,متلازمة كلاينفلتر,question,ذراعان طويلان و أصابع اليدين طويلان و لدي تضخم في الثديين,llm_structured_entity_extraction,groq,llama-3.1-8b-instant,0.850
men_llm_0000233,ent_symptom_e2d3b3389af6,التصاق,Symptom,chunk_00047,ahd5k_04492,777106,التصاق,question,تصاق في الاصابع القدم الصبع الثاني و الثالث,llm_structured_entity_extraction,groq,llama-3.1-8b-instant,0.850
men_llm_0000234,ent_treatment_e8807cc4d324,الجراحة,Treatment,chunk_00047,ahd5k_04047,778948,الجراحة,question,علاج بالجراحة,llm_structured_entity_extraction,groq,llama-3.1-8b-instant,0.850
men_llm_0000235,ent_treatment_b333a867faf6,الأسبرين,Treatment,chunk_00048,ahd5k_02507,758272,20 حبة بيبي اسبرين,question,بلع في الغلط 20 حبة بيبي اسبرين منذ سنة,llm_structured_entity_extraction,groq,llama-3.1-8b-instant,0.950
men_llm_0000236,ent_diseasecondition_16cf4e77b755,التهاب,DiseaseCondition,chunk_00049,ahd5k_01104,683327,التهاب الدم,answer,يجب النظر في اسباب التعاب الدم وذلك عن طريق مراجعة اختصاص الباطني او اخصائي الدم لعمل اللازم واعطاء العلاج,llm_structured_entity_extraction,groq,llama-3.1-8b-instant,0.850
men_llm_0000237,ent_diseasecondition_16cf4e77b755,التهاب,DiseaseCondition,chunk_00049,ahd5k_01422,64940,التهاب,answer,يجب اجراء فحص نسبة الحديد اولاونسبة معدل الالتهابات في الدم واذا كانت هذه طبيعية ومرت على الحالة 3 شهور يجب اجراء فحص نخاع العظم,llm_structured_entity_extraction,groq,llama-3.1-8b-instant,0.850
men_llm_0000238,ent_diseasecondition_16cf4e77b755,التهاب,DiseaseCondition,chunk_00049,ahd5k_02627,791118,التهاب,answer,"ان ارتفاع ال CRP وكذلك ارتفاع كريات الدم البيضاء يدل على وجود التهاب( انفلونزا, التهاب باللثه ,وغيرها....)",llm_structured_entity_extraction,groq,llama-3.1-8b-instant,0.850
men_llm_0000239,ent_diseasecondition_16cf4e77b755,التهاب,DiseaseCondition,chunk_00049,ahd5k_03400,771501,التهاب,answer,الأعراض والعلامات يتضح التحول المصلي أحياناً بعلة محمومة حادة يمكن بسهولة أن تعتبر بصورة خاطئة ككثرة الوحيدات الفيروسية الحادة. الأعراض مثل الوعكة، الصداع، رهاب الضوء، ألم الحنجرة، بزغات جلدية، ألم مفصلي، ألم عضلي هي تشكيات خصائصية مترافقة في بعض الحالات بعلامات عابرة بالتهاب السحايا أو التهاب الدماغ أو التهاب عصبي محيطي.,llm_structured_entity_extraction,groq,llama-3.1-8b-instant,0.850
men_llm_0000240,ent_diseasecondition_16cf4e77b755,التهاب,DiseaseCondition,chunk_00049,ahd5k_03553,769943,التهاب,answer,من الأسباب الشائعة لارتفاع الصفائح الدموية استئصال الطحال، وفقر الدم عن نقص الحديد، والسرطان وفقر الدم الانحلالي، والاضطرابات المعدية أو التهابات، بما في ذلك مرض التهاب الامعاء، والسل.,llm_structured_entity_extraction,groq,llama-3.1-8b-instant,0.850
men_llm_0000241,ent_diseasecondition_9719230327a2,فقر الدم,DiseaseCondition,chunk_00049,ahd5k_01903,768716,فقر الدم,answer,الاسباب 1- تناول بعض انواع الاطعمة وعلى رأسها البقوليات بأنواعها خاصة الفول الاخضر والعدس والفاصوليا والبازلاء، ويمكن ايضاً لغبار طلع الفول ان يؤدي إلى نفس النتيجة. 2- بعض أنواع الادوية (انظر الجدول التالي). 3- التعرض للالتهابات الفيروسية والجرثومية (مثل التهاب الكبد). 4- قد يحدث تكسر الكريات تلقائياً دون سبب واضح في بعض الحالات.,llm_structured_entity_extraction,groq,llama-3.1-8b-instant,0.850
men_llm_0000242,ent_diseasecondition_9719230327a2,فقر الدم,DiseaseCondition,chunk_00049,ahd5k_03400,771501,فقر الدم,answer,من الأسباب الشائعة لارتفاع الصفائح الدموية استئصال الطحال، وفقر الدم عن نقص الحديد، والسرطان وفقر الدم الانحلالي، والاضطرابات المعدية أو التهابات، بما في ذلك مرض التهاب الامعاء، والسل.,llm_structured_entity_extraction,groq,llama-3.1-8b-instant,0.850
men_llm_0000243,ent_diseasecondition_93d8578caf27,التهاب الكبد,DiseaseCondition,chunk_00049,ahd5k_01903,768716,التهاب الكبد,answer,الاسباب 1- تناول بعض انواع الاطعمة وعلى رأسها البقوليات بأنواعها خاصة الفول الاخضر والعدس والفاصوليا والبازلاء، ويمكن ايضاً لغبار طلع الفول ان يؤدي إلى نفس النتيجة. 2- بعض أنواع الادوية (انظر الجدول التالي). 3- التعرض للالتهابات الفيروسية والجرثومية (مثل التهاب الكبد). 4- قد يحدث تكسر الكريات تلقائياً دون سبب واضح في بعض الحالات.,llm_structured_entity_extraction,groq,llama-3.1-8b-instant,0.850
men_llm_0000244,ent_diseasecondition_aaf0d0958a26,السرطان,DiseaseCondition,chunk_00049,ahd5k_03400,771501,السرطان,answer,من الأسباب الشائعة لارتفاع الصفائح الدموية استئصال الطحال، وفقر الدم عن نقص الحديد، والسرطان وفقر الدم الانحلالي، والاضطرابات المعدية أو التهابات، بما في ذلك مرض التهاب الامعاء، والسل.,llm_structured_entity_extraction,groq,llama-3.1-8b-instant,0.850
men_llm_0000245,ent_diseasecondition_d1ac437fb721,التهاب الامعاء,DiseaseCondition,chunk_00049,ahd5k_03400,771501,التهاب الامعاء,answer,من الأسباب الشائعة لارتفاع الصفائح الدموية استئصال الطحال، وفقر الدم عن نقص الحديد، والسرطان وفقر الدم الانحلالي، والاضطرابات المعدية أو التهابات، بما في ذلك مرض التهاب الامعاء، والسل.,llm_structured_entity_extraction,groq,llama-3.1-8b-instant,0.850
men_llm_0000246,ent_diseasecondition_e315c7d51517,السل,DiseaseCondition,chunk_00049,ahd5k_03400,771501,السل,answer,من الأسباب الشائعة لارتفاع الصفائح الدموية استئصال الطحال، وفقر الدم عن نقص الحديد، والسرطان وفقر الدم الانحلالي، والاضطرابات المعدية أو التهابات، بما في ذلك مرض التهاب الامعاء، والسل.,llm_structured_entity_extraction,groq,llama-3.1-8b-instant,0.850
men_llm_0000247,ent_diseasecondition_7abdd04c7114,الحمل,DiseaseCondition,chunk_00050,ahd5k_00597,690510,رجل حامل لفايروس الكبد,question,السلام عليكم ورحمة الله وبركاته اريد ان اسأل بخصوص الزواج من رجل حامل لفايروس الكبد من النوع بي وانا فتاه سليمه هل هناك ضرر من ذلك هل الجرعات الثلاثه كافيه,llm_structured_entity_extraction,groq,llama-3.1-8b-instant,0.950
men_llm_0000248,ent_diseasecondition_7abdd04c7114,الحمل,DiseaseCondition,chunk_00050,ahd5k_00597,690510,حامل لفايروس الكبد,answer,بوجود اللقاح تستطيعين الإطمئنان لن ينتقل اذا اتبعنا التعليمات الصحيحة سيتحجم الفيروس بالعلاج ويفقد نشاطه تابعي مع استشاري كبد,llm_structured_entity_extraction,groq,llama-3.1-8b-instant,0.950
men_llm_0000249,ent_diseasecondition_f3a36190d8c6,فايروس الكبد,DiseaseCondition,chunk_00050,ahd5k_00597,690510,فايروس الكبد من النوع بي,question,السلام عليكم ورحمة الله وبركاته اريد ان اسأل بخصوص الزواج من رجل حامل لفايروس الكبد من النوع بي وانا فتاه سليمه هل هناك ضرر من ذلك هل الجرعات الثلاثه كافيه,llm_structured_entity_extraction,groq,llama-3.1-8b-instant,0.950
men_llm_0000250,ent_diseasecondition_f3a36190d8c6,فايروس الكبد,DiseaseCondition,chunk_00050,ahd5k_00597,690510,فايروس الكبد,answer,بوجود اللقاح تستطيعين الإطمئنان لن ينتقل اذا اتبعنا التعليمات الصحيحة سيتحجم الفيروس بالعلاج ويفقد نشاطه تابعي مع استشاري كبد,llm_structured_entity_extraction,groq,llama-3.1-8b-instant,0.950
men_llm_0000251,ent_treatment_d5946e76d323,اللقاح,Treatment,chunk_00050,ahd5k_00597,690510,اللقاح,answer,بوجود اللقاح تستطيعين الإطمئنان لن ينتقل اذا اتبعنا التعليمات الصحيحة سيتحجم الفيروس بالعلاج ويفقد نشاطه تابعي مع استشاري كبد,llm_structured_entity_extraction,groq,llama-3.1-8b-instant,0.950
men_llm_0000252,ent_treatment_06f93bf4dc11,الجرعات الثلاثه,Treatment,chunk_00050,ahd5k_00597,690510,الجرعات الثلاثه,question,السلام عليكم ورحمة الله وبركاته اريد ان اسأل بخصوص الزواج من رجل حامل لفايروس الكبد من النوع بي وانا فتاه سليمه هل هناك ضرر من ذلك هل الجرعات الثلاثه كافيه,llm_structured_entity_extraction,groq,llama-3.1-8b-instant,0.950
men_llm_0000253,ent_test_eb10148e602f,CBC,Test,chunk_00050,ahd5k_02605,94237,CBC,question,"عمري ٢٢ غير حامل عملت CBC طلع mcv72 ,22mch ناقص وباقي التحليل كله في الرينج الطبيعي حتى الهيموغلوبين وHCT و RBCطبيعي",llm_structured_entity_extraction,groq,llama-3.1-8b-instant,0.950
men_llm_0000254,ent_test_9b953964df1c,ferritin,Test,chunk_00050,ahd5k_02605,94237,ferritin,question,"عمري ٢٢ غير حامل عملت ferritin ,b12طبيعي معappearance of immature granulocytes بنسبه",llm_structured_entity_extraction,groq,llama-3.1-8b-instant,0.950
men_llm_0000255,ent_test_a720c5e59e85,iron,Test,chunk_00050,ahd5k_02605,94237,iron,answer,اعملي نسبه الiron وايضا كم نسبه الferitin,llm_structured_entity_extraction,groq,llama-3.1-8b-instant,0.950
men_llm_0000256,ent_test_d4c042551289,b12,Test,chunk_00050,ahd5k_02605,94237,b12,question,"عمري ٢٢ غير حامل عملت ferritin ,b12طبيعي معappearance of immature granulocytes بنسبه",llm_structured_entity_extraction,groq,llama-3.1-8b-instant,0.950
men_llm_0000257,ent_diseasecondition_db17a406c72e,ارتفاع ضغط الدم,DiseaseCondition,chunk_00051,ahd5k_01005,743021,ارتفاع حمض البول,answer,ارتفاع حمض البول بحد ذاته,llm_structured_entity_extraction,groq,llama-3.1-8b-instant,0.850
men_llm_0000258,ent_diseasecondition_db17a406c72e,ارتفاع ضغط الدم,DiseaseCondition,chunk_00051,ahd5k_01761,519776,ضغط الدم,question,ضغط الدم منخفض للغاية,llm_structured_entity_extraction,groq,llama-3.1-8b-instant,0.850
men_llm_0000259,ent_treatment_470ecec01368,حبوب الأسبرين,Treatment,chunk_00051,ahd5k_01005,743021,حبوب الأسبرين,answer,حبوب الأسبرين لحماية القلب,llm_structured_entity_extraction,groq,llama-3.1-8b-instant,0.850
men_llm_0000260,ent_treatment_6066173509fd,اللحوم الحمراء,Treatment,chunk_00051,ahd5k_01005,743021,اللحوم الحمراء,answer,قلل من اللحوم الحمراء والكلاوي والكبد,llm_structured_entity_extraction,groq,llama-3.1-8b-instant,0.850
men_llm_0000261,ent_treatment_249018a21aa8,القهوة,Treatment,chunk_00051,ahd5k_01761,519776,قهوة,answer,شرب قهوة مع الاكل,llm_structured_entity_extraction,groq,llama-3.1-8b-instant,0.850
men_llm_0000262,ent_diseasecondition_e04a557cb82b,Acanthosis nigricans,DiseaseCondition,chunk_00052,ahd5k_04944,772354,acanthosis nigricans,answer,مرض الاديسون هو سبب اخر لتغيير لون الجلد الي اسود,llm_structured_entity_extraction,groq,llama-3.1-8b-instant,0.950
men_llm_0000263,ent_diseasecondition_380db6d92562,مرض السكري,DiseaseCondition,chunk_00052,ahd5k_04944,772354,مرض السكري,answer,هل تعانين من مرض السكري,llm_structured_entity_extraction,groq,llama-3.1-8b-instant,0.950
men_llm_0000264,ent_diseasecondition_f756960fd62b,السمنة,DiseaseCondition,chunk_00052,ahd5k_04944,772354,السمنة,answer,تعد السمنة احد اهم مسبباته,llm_structured_entity_extraction,groq,llama-3.1-8b-instant,0.950
men_llm_0000265,ent_diseasecondition_db17a406c72e,ارتفاع ضغط الدم,DiseaseCondition,chunk_00052,ahd5k_04944,772354,ارتفاع ضغط الدم,answer,امراض الشرايين وعدم وصول تغذية كافية للجلد ايضاً يتسبب بتغيير اللون الى السواد ايضا,llm_structured_entity_extraction,groq,llama-3.1-8b-instant,0.950
men_llm_0000266,ent_diseasecondition_16cf4e77b755,التهاب,DiseaseCondition,chunk_00052,ahd5k_04944,772354,التهاب,answer,تغير لون الجلد الى اللون الاسود,llm_structured_entity_extraction,groq,llama-3.1-8b-instant,0.950
men_llm_0000267,ent_symptom_a6a5150fee6f,النزلة,Symptom,chunk_00052,ahd5k_04944,772354,النزلة,answer,تغير لون الجلد الى اللون الاسود,llm_structured_entity_extraction,groq,llama-3.1-8b-instant,0.950
men_llm_0000268,ent_diseasecondition_9719230327a2,فقر الدم,DiseaseCondition,chunk_00053,ahd5k_00696,736302,انيميا الفوليه,answer,الفوال أو التفول هو الاضطراب الخلقي الجيني الناجم عن نقص الأنزيم المسؤول عن الحفاظ على تركيز ببتيد الغلوتاثيون الذي يحمي خلايا الدم الحمراء من التلف بفعل الأكسدة وبالتالي التسبب في فقر الدم الانحلالي الغير مناعي,llm_structured_entity_extraction,groq,llama-3.1-8b-instant,0.950
men_llm_0000269,ent_diseasecondition_9719230327a2,فقر الدم,DiseaseCondition,chunk_00053,ahd5k_01325,735001,انيميا,question,عندى بقع بنية على جانبى الوجة وانا اعانى من انيميا 10,llm_structured_entity_extraction,groq,llama-3.1-8b-instant,0.950
men_llm_0000270,ent_diseasecondition_9719230327a2,فقر الدم,DiseaseCondition,chunk_00053,ahd5k_04046,734564,فقر الدم,answer,تعني غادة فقر الدم ، وتعالج بتحسين التغذية المتوازنة,llm_structured_entity_extraction,groq,llama-3.1-8b-instant,0.950
men_llm_0000271,ent_treatment_ace11c18f4c4,فول,Treatment,chunk_00053,ahd5k_00696,736302,فول,answer,لا يمكن الوقاية من المرض لانه خلقي جيني,llm_structured_entity_extraction,groq,llama-3.1-8b-instant,0.850
men_llm_0000272,ent_test_dd68aa784555,تحاليل مخبرية,Test,chunk_00053,ahd5k_00696,736302,تحاليل مخبرية,answer,الفوال أو التفول هو الاضطراب الخلقي الجيني الناجم عن نقص الأنزيم المسؤول عن الحفاظ على تركيز ببتيد الغلوتاثيون الذي يحمي خلايا الدم الحمراء من التلف بفعل الأكسدة وبالتالي التسبب في فقر الدم الانحلالي الغير مناعي,llm_structured_entity_extraction,groq,llama-3.1-8b-instant,0.950
men_llm_0000273,ent_diseasecondition_9719230327a2,فقر الدم,DiseaseCondition,chunk_00054,ahd5k_02292,738610,نقص في الدم,question,نقص في الدم مع الالم في المعده,llm_structured_entity_extraction,groq,llama-3.1-8b-instant,0.950
men_llm_0000274,ent_diseasecondition_9719230327a2,فقر الدم,DiseaseCondition,chunk_00054,ahd5k_02292,738610,فقر الدم,answer,فقر الدم فهذ يجب توضيحة بشكل جيد ودراسته لمعرفة السبب وعلاجه,llm_structured_entity_extraction,groq,llama-3.1-8b-instant,0.950
men_llm_0000275,ent_diseasecondition_9719230327a2,فقر الدم,DiseaseCondition,chunk_00054,ahd5k_02546,538205,فقر الدم,question,فقر الدم سبب فقدان الشهيه والكسل والخمول والتعب وثقل الوزن وغيره,llm_structured_entity_extraction,groq,llama-3.1-8b-instant,0.950
men_llm_0000276,ent_diseasecondition_9719230327a2,فقر الدم,DiseaseCondition,chunk_00054,ahd5k_02546,538205,فقر الدم,answer,أعراض فقر الدم تؤثر على جميع أعضاء الجسم دوخه وتوتر زيادة ضربات القلب ضيق في التنفس غثيان وتقي وأحيانا الم في المعدة كسل وخمول اضطرابات في النوم شحوب في البشره وأعراض كثيرة اخري,llm_structured_entity_extraction,groq,llama-3.1-8b-instant,0.950
men_llm_0000277,ent_symptom_c81532a33515,الم المعدجة,Symptom,chunk_00054,ahd5k_02292,738610,الم المعدجة,answer,الم المعدجة يجب معرفة سببه وذل بعمل دراسة للمعدة,llm_structured_entity_extraction,groq,llama-3.1-8b-instant,0.900
men_llm_0000278,ent_symptom_c81532a33515,الم المعدجة,Symptom,chunk_00054,ahd5k_02546,538205,الم في المعدة,answer,أحيانا الم في المعدة كسل وخمول اضطرابات في النوم شحوب في البشره وأعراض كثيرة اخري,llm_structured_entity_extraction,groq,llama-3.1-8b-instant,0.900
men_llm_0000279,ent_symptom_c48c0df96785,فقدان الشهيه,Symptom,chunk_00054,ahd5k_02546,538205,فقدان الشهيه,question,فقر الدم سبب فقدان الشهيه والكسل والخمول والتعب وثقل الوزن وغيره,llm_structured_entity_extraction,groq,llama-3.1-8b-instant,0.800
men_llm_0000280,ent_test_2b2550da4a44,فحص الجرثومة الحلزونية,Test,chunk_00054,ahd5k_02292,738610,فحص الجرثومة الحلزونية,answer,فحص الجرثومة الحلزونية ، وربما سنحتاج لاحقا لمنظار للمعدة,llm_structured_entity_extraction,groq,llama-3.1-8b-instant,0.900
men_llm_0000281,ent_diseasecondition_7ac7135caacd,تضخم الغدد اللمفية,DiseaseCondition,chunk_00055,ahd5k_04844,591171,تضخم بالغدد اللمفية الموضعية,answer,تضخم بالغدد اللمفية الموضعية,llm_structured_entity_extraction,groq,llama-3.1-8b-instant,0.950
men_llm_0000282,ent_diseasecondition_190a32dbb9bd,تسوس الأسنان,DiseaseCondition,chunk_00055,ahd5k_04844,591171,تسوس الأسنان أو أي خراجات باللثة,answer,تسوس الأسنان أو أي خراجات باللثة,llm_structured_entity_extraction,groq,llama-3.1-8b-instant,0.950
men_llm_0000283,ent_diseasecondition_8ca9f15583c7,الانتان,DiseaseCondition,chunk_00055,ahd5k_04844,591171,الانتان خفي أو ظاهر,answer,الانتان خفي أو ظاهر,llm_structured_entity_extraction,groq,llama-3.1-8b-instant,0.950
men_llm_0000284,ent_test_4ea4666752c1,فحص الدم,Test,chunk_00055,ahd5k_04844,591171,فحص دم و أشعة,question,فحص دم و أشعة,llm_structured_entity_extraction,groq,llama-3.1-8b-instant,0.950
men_llm_0000285,ent_test_c4cfd2d6468c,أشعة,Test,chunk_00055,ahd5k_04844,591171,أشعة,question,أشعة,llm_structured_entity_extraction,groq,llama-3.1-8b-instant,0.950
men_llm_0000286,ent_treatment_f4876b0a4ac8,المراجعة الطبيب الأسنان,Treatment,chunk_00055,ahd5k_04844,591171,المراجعة الطبيب الأسنان وطبيب أذنية,answer,المراجعة الطبيب الأسنان وطبيب أذنية,llm_structured_entity_extraction,groq,llama-3.1-8b-instant,0.950
men_llm_0000287,ent_diseasecondition_9719230327a2,فقر الدم,DiseaseCondition,chunk_00056,ahd5k_00543,651333,انيميا منجليه,question,انيميا منجليه,llm_structured_entity_extraction,groq,llama-3.1-8b-instant,0.850
men_llm_0000288,ent_diseasecondition_9719230327a2,فقر الدم,DiseaseCondition,chunk_00056,ahd5k_00757,760486,فقر الدم,question,فقر الدم,llm_structured_entity_extraction,groq,llama-3.1-8b-instant,0.850
men_llm_0000289,ent_test_dd68aa784555,تحاليل مخبرية,Test,chunk_00056,ahd5k_00543,651333,تحاليل ماقبل الزواج,question,تحاليل ماقبل الزواج,llm_structured_entity_extraction,groq,llama-3.1-8b-instant,0.850
men_llm_0000290,ent_test_dd68aa784555,تحاليل مخبرية,Test,chunk_00056,ahd5k_00757,760486,تحليل فقر الدم,question,تحليل فقر الدم,llm_structured_entity_extraction,groq,llama-3.1-8b-instant,0.850
men_llm_0000291,ent_symptom_b9ba6f86ab5a,نزف,Symptom,chunk_00056,ahd5k_01440,781427,نزف بسيط,answer,نزف بسيط,llm_structured_entity_extraction,groq,llama-3.1-8b-instant,0.850
men_llm_0000292,ent_diseasecondition_632b4053c8a7,ثلاسيميا,DiseaseCondition,chunk_00056,ahd5k_02443,45863,ثلاسيمياو,question,ثلاسيمياو,llm_structured_entity_extraction,groq,llama-3.1-8b-instant,0.850
men_llm_0000293,ent_diseasecondition_d039dca7a8c0,النقص الشديد للصفائح,DiseaseCondition,chunk_00057,ahd5k_00203,509892,نقص الصفائح,question,ابني عمره ١٠سنه يعاني من نقص الصفائح itp,llm_structured_entity_extraction,groq,llama-3.1-8b-instant,0.950
men_llm_0000294,ent_diseasecondition_d039dca7a8c0,النقص الشديد للصفائح,DiseaseCondition,chunk_00057,ahd5k_00203,509892,ITP,question,ابني عمره ١٠سنه يعاني من نقص الصفائح itp,llm_structured_entity_extraction,groq,llama-3.1-8b-instant,0.950
men_llm_0000295,ent_diseasecondition_d039dca7a8c0,النقص الشديد للصفائح,DiseaseCondition,chunk_00057,ahd5k_00203,509892,نقص الصفائح,answer,نعم مفيد لة ويجب الاستمرار فى العلاج و متابعة الطبيب المعالج,llm_structured_entity_extraction,groq,llama-3.1-8b-instant,0.950
men_llm_0000296,ent_treatment_0d20da4fd766,الروتيكسيماب,Treatment,chunk_00057,ahd5k_00203,509892,الروتيكسيماب,question,اول جرعه ونستمر عليها لمده شهر كل اسبوع مره هل الروتكسيماب يفيده,llm_structured_entity_extraction,groq,llama-3.1-8b-instant,0.950
men_llm_0000297,ent_treatment_0d20da4fd766,الروتيكسيماب,Treatment,chunk_00057,ahd5k_00203,509892,الروتيكسيماب,answer,نعم مفيد لة ويجب الاستمرار فى العلاج و متابعة الطبيب المعالج,llm_structured_entity_extraction,groq,llama-3.1-8b-instant,0.950
men_llm_0000298,ent_diseasecondition_9719230327a2,فقر الدم,DiseaseCondition,chunk_00058,ahd5k_00594,735577,فقر دم,answer,يحدث فقر الدم عندما لا يحتوي جسمك على ما يكفي من خلايا الدم الحمراء نتيجة فقدان الدم أو عدم القدرة على تكوين خلايا دم حمراء كافية.,llm_structured_entity_extraction,groq,llama-3.1-8b-instant,0.700
men_llm_0000299,ent_diseasecondition_9719230327a2,فقر الدم,DiseaseCondition,chunk_00058,ahd5k_00594,735577,فقر دم,answer,ويوجد العديد من أنواع فقر الدم منها الذي يكون بسبب نقص الحديد أو حمض الفوليك أو فيتامين ب-12 وغيرها.,llm_structured_entity_extraction,groq,llama-3.1-8b-instant,0.700
men_llm_0000300,ent_diseasecondition_9719230327a2,فقر الدم,DiseaseCondition,chunk_00058,ahd5k_00594,735577,فقر دم,answer,ويمكن اتباع نظام غذائي غني بالعناصر اللازمة لتعويض النقص من خلال: الورقيات الخضراء: السبانخ/ الكرنب/ الهندباء/ الخبيزة.,llm_structured_entity_extraction,groq,llama-3.1-8b-instant,0.700
men_llm_0000301,ent_diseasecondition_9719230327a2,فقر الدم,DiseaseCondition,chunk_00058,ahd5k_00594,735577,فقر دم,answer,ويمكن اتباع نظام غذائي غني بالعناصر اللازمة لتعويض النقص من خلال: اللحوم والدواجن.,llm_structured_entity_extraction,groq,llama-3.1-8b-instant,0.700
men_llm_0000302,ent_diseasecondition_9719230327a2,فقر الدم,DiseaseCondition,chunk_00058,ahd5k_00594,735577,فقر دم,answer,ويمكن اتباع نظام غذائي غني بالعناصر اللازمة لتعويض النقص من خلال: كبدة الخروف.,llm_structured_entity_extraction,groq,llama-3.1-8b-instant,0.700
men_llm_0000303,ent_diseasecondition_9719230327a2,فقر الدم,DiseaseCondition,chunk_00058,ahd5k_00594,735577,فقر دم,answer,ويمكن اتباع نظام غذائي غني بالعناصر اللازمة لتعويض النقص من خلال: المأكولات البحرية: السردين/ التونا/ السلمون.,llm_structured_entity_extraction,groq,llama-3.1-8b-instant,0.700
men_llm_0000304,ent_diseasecondition_9719230327a2,فقر الدم,DiseaseCondition,chunk_00058,ahd5k_00594,735577,فقر دم,answer,ويمكن اتباع نظام غذائي غني بالعناصر اللازمة لتعويض النقص من خلال: عصير البرتقال المحصن.,llm_structured_entity_extraction,groq,llama-3.1-8b-instant,0.700
men_llm_0000305,ent_diseasecondition_9719230327a2,فقر الدم,DiseaseCondition,chunk_00058,ahd5k_00594,735577,فقر دم,answer,ويمكن اتباع نظام غذائي غني بالعناصر اللازمة لتعويض النقص من خلال: الحبوب المدعمة.,llm_structured_entity_extraction,groq,llama-3.1-8b-instant,0.700
men_llm_0000306,ent_diseasecondition_9719230327a2,فقر الدم,DiseaseCondition,chunk_00058,ahd5k_00594,735577,فقر دم,answer,ويمكن اتباع نظام غذائي غني بالعناصر اللازمة لتعويض النقص من خلال: بعض الحبوب: الفاصولياء/ الحمص/ فول الصويا/ البازلاء.,llm_structured_entity_extraction,groq,llama-3.1-8b-instant,0.700
men_llm_0000307,ent_diseasecondition_9719230327a2,فقر الدم,DiseaseCondition,chunk_00058,ahd5k_00594,735577,فقر دم,answer,ويمكن اتباع نظام غذائي غني بالعناصر اللازمة لتعويض النقص من خلال: بذور اليقطين/ الكاجو/ الفستق/ الصنوبر/ الجوز/ بذور عباد الشمس.,llm_structured_entity_extraction,groq,llama-3.1-8b-instant,0.700
men_llm_0000308,ent_diseasecondition_9719230327a2,فقر الدم,DiseaseCondition,chunk_00058,ahd5k_00594,735577,فقر دم,answer,تجنب تناول الأطعمة الغنية بالحديد مع الأطعمة أو المشروبات التي تمنع امتصاص الحديد مثل: القهوة أو الشاي /البيض/ الأطعمة الغنية بالكالسيوم مثل الحليب و الأجبان والبروكلي واللبن.,llm_structured_entity_extraction,groq,llama-3.1-8b-instant,0.700
men_llm_0000309,ent_diseasecondition_9719230327a2,فقر الدم,DiseaseCondition,chunk_00058,ahd5k_00594,735577,فقر دم,answer,تناول الأطعمة الغنية بالحديد مع الأطعمة الغنية بفيتامين ج (C) مثل: البرتقال /الطماطم /الفراولة لتحسين الامتصاص.,llm_structured_entity_extraction,groq,llama-3.1-8b-instant,0.700
men_llm_0000310,ent_diseasecondition_9719230327a2,فقر الدم,DiseaseCondition,chunk_00058,ahd5k_00594,735577,فقر دم,answer,تناول الأطعمة الغنية بالحديد مع الأطعمة التي تحتوي على بيتا كاروتين مثل المشمش والفلفل الأحمر والبنجر لتحسين الامتصاص.,llm_structured_entity_extraction,groq,llama-3.1-8b-instant,0.700
men_llm_0000311,ent_diseasecondition_9719230327a2,فقر الدم,DiseaseCondition,chunk_00058,ahd5k_00594,735577,فقر دم,answer,ومن الجدير بالذكر أن النظام الغذائي قد يمنع عملية ازدياد فقر الدم سوءاً وقد يعوض بعض النقص ولكن يجب أن يتم اتباع علاج دوائي معين حسب نوع فقر الدم الذي تعاني منه تحت إشراف الطبيب المختص.,llm_structured_entity_extraction,groq,llama-3.1-8b-instant,0.700
men_llm_0000312,ent_diseasecondition_9719230327a2,فقر الدم,DiseaseCondition,chunk_00058,ahd5k_00594,735577,فقر دم,answer,المزيد: أهم عشرة أغذية لفقر الدم ابر الحديد اعراض فقر الدم فقر الدم وعلاجه المرجع: Best Diet Plan for Anemia,llm_structured_entity_extraction,groq,llama-3.1-8b-instant,0.700
men_llm_0000313,ent_diseasecondition_9719230327a2,فقر الدم,DiseaseCondition,chunk_00058,ahd5k_00594,735577,فقر دم,answer,أبر الحديد,llm_structured_entity_extraction,groq,llama-3.1-8b-instant,0.700
men_llm_0000314,ent_diseasecondition_9719230327a2,فقر الدم,DiseaseCondition,chunk_00058,ahd5k_00594,735577,فقر دم,answer,اعراض فقر الدم,llm_structured_entity_extraction,groq,llama-3.1-8b-instant,0.700
men_llm_0000315,ent_diseasecondition_9719230327a2,فقر الدم,DiseaseCondition,chunk_00058,ahd5k_00594,735577,فقر دم,answer,فقر الدم وعلاجه,llm_structured_entity_extraction,groq,llama-3.1-8b-instant,0.700
men_llm_0000316,ent_diseasecondition_9719230327a2,فقر الدم,DiseaseCondition,chunk_00058,ahd5k_00594,735577,فقر دم,answer,مرجع: Best Diet Plan for Anemia,llm_structured_entity_extraction,groq,llama-3.1-8b-instant,0.700
men_llm_0000317,ent_diseasecondition_9719230327a2,فقر الدم,DiseaseCondition,chunk_00058,ahd5k_00655,521119,فقر دم,question,انا مريضه بالسكر واستخدم فيرومن كبريتات الحديد لان عندي فقر دم مع فيتامين ب وبعد استخدامهم لاحظت ظهور حبوب في ظهري هل لها علاقه في ذلك ؟,llm_structured_entity_extraction,groq,llama-3.1-8b-instant,0.700
men_llm_0000318,ent_diseasecondition_9719230327a2,فقر الدم,DiseaseCondition,chunk_00058,ahd5k_00655,521119,فقر دم,answer,من التاثيرات الجانبية لدواء فيرومين كبريتات الحديد ظهور مثل هذه الحبوب غيري العلاج,llm_structured_entity_extraction,groq,llama-3.1-8b-instant,0.700
men_llm_0000319,ent_diseasecondition_9719230327a2,فقر الدم,DiseaseCondition,chunk_00058,ahd5k_02472,721907,فقر دم,question,عندي الدم نازل و اريد اسم حبوب او كبسولات لزيادة الدم ؟,llm_structured_entity_extraction,groq,llama-3.1-8b-instant,0.700
men_llm_0000320,ent_diseasecondition_3d19d6125641,نقص الصفيحات,DiseaseCondition,chunk_00059,ahd5k_00313,123,انخفاض الصفيحات الدموية,question,انخفاض الصفيحات الدموية 122/,llm_structured_entity_extraction,groq,llama-3.1-8b-instant,0.850
men_llm_0000321,ent_diseasecondition_9719230327a2,فقر الدم,DiseaseCondition,chunk_00059,ahd5k_01162,123,فقر دم,question,فقر دم,llm_structured_entity_extraction,groq,llama-3.1-8b-instant,0.850
men_llm_0000322,ent_diseasecondition_74be32fb7f24,نقص فيتامين د,DiseaseCondition,chunk_00059,ahd5k_01162,123,نقص فيتامين د,question,نقص فيتامين د,llm_structured_entity_extraction,groq,llama-3.1-8b-instant,0.850
men_llm_0000323,ent_diseasecondition_6116bf50d3f1,نقص حديد,DiseaseCondition,chunk_00059,ahd5k_01162,123,نقص حديد,question,نقص حديد,llm_structured_entity_extraction,groq,llama-3.1-8b-instant,0.850
men_llm_0000324,ent_symptom_f6203734ffc7,ارتفاع خضاب الدم,Symptom,chunk_00059,ahd5k_00313,123,ارتفاع خضاب الدم,question,ارتفاع خضاب الدم / 16.8,llm_structured_entity_extraction,groq,llama-3.1-8b-instant,0.850
men_llm_0000325,ent_diseasecondition_dc66fee46819,نقص الكريات البيضاء,DiseaseCondition,chunk_00059,ahd5k_02552,123,نقص الكريات البيضاء,question,نقص الكريات البيضاء لدى الكبار,llm_structured_entity_extraction,groq,llama-3.1-8b-instant,0.850
men_llm_0000326,ent_test_752d1924792a,نظرية الخلية,Test,chunk_00059,ahd5k_02952,123,نظرية الخلية,question,نظرية الخلية,llm_structured_entity_extraction,groq,llama-3.1-8b-instant,0.850
men_llm_0000327,ent_test_db1175f121dc,فحص نخاع العظم,Test,chunk_00059,ahd5k_00313,123,فحص نخاع العظم,answer,فحص نخاع العظم,llm_structured_entity_extraction,groq,llama-3.1-8b-instant,0.850
men_llm_0000328,ent_test_8dfa1780f518,فحص تحاليل مخبرية,Test,chunk_00059,ahd5k_01162,123,تحاليل مخبرية,answer,تحاليل مخبرية,llm_structured_entity_extraction,groq,llama-3.1-8b-instant,0.850
men_llm_0000329,ent_treatment_6e452ff6ff8f,علاج نقص الكريات البيضاء,Treatment,chunk_00059,ahd5k_02552,123,علاج نقص الكريات البيضاء,question,علاج نقص الكريات البيضاء لدى الكبار,llm_structured_entity_extraction,groq,llama-3.1-8b-instant,0.850
men_llm_0000330,ent_treatment_3677ba04b27f,التبرع بالدم,Treatment,chunk_00060,ahd5k_03281,462479,اشرب سوائل واتغذى,answer,اشرب سوائل واتغذى,llm_structured_entity_extraction,groq,llama-3.1-8b-instant,0.950
men_llm_0000331,ent_diseasecondition_b3e7fc089ddd,الصفائح الدموية,DiseaseCondition,chunk_00060,ahd5k_03348,564579,ضعيفة ونسبة الأملاح عالية جدا,question,ضعيفة ونسبة الأملاح عالية جدا,llm_structured_entity_extraction,groq,llama-3.1-8b-instant,0.850
men_llm_0000332,ent_diseasecondition_d489c6c854f4,متلازمة خلية منجلية,DiseaseCondition,chunk_00060,ahd5k_03561,600248,مرض متلازمة خلية منجلية'سيكل',question,مرض متلازمة خلية منجلية'سيكل',llm_structured_entity_extraction,groq,llama-3.1-8b-instant,0.950
men_llm_0000333,ent_test_7f9e855cef19,E.S.R.,Test,chunk_00060,ahd5k_04249,757965,E.S.R. 1 st h.= 6 mm,question,E.S.R. 1 st h.= 6 mm,llm_structured_entity_extraction,groq,llama-3.1-8b-instant,0.850
men_llm_0000334,ent_symptom_19a4e01ad622,النقص الحاد,Symptom,chunk_00060,ahd5k_04583,10876,نقص الحديد,question,نقص الحديد,llm_structured_entity_extraction,groq,llama-3.1-8b-instant,0.950
men_llm_0000335,ent_diseasecondition_380db6d92562,مرض السكري,DiseaseCondition,chunk_00061,ahd5k_01551,777350,مرض السكري,answer,مرض السكري,llm_structured_entity_extraction,groq,llama-3.1-8b-instant,0.950
men_llm_0000336,ent_treatment_fe7b9cfab843,القات,Treatment,chunk_00061,ahd5k_01551,777350,القات,answer,القات,llm_structured_entity_extraction,groq,llama-3.1-8b-instant,0.850
men_llm_0000337,ent_diseasecondition_16cf4e77b755,التهاب,DiseaseCondition,chunk_00061,ahd5k_01551,777350,التهاب,answer,التهاب,llm_structured_entity_extraction,groq,llama-3.1-8b-instant,0.700
men_llm_0000338,ent_test_dd68aa784555,تحاليل مخبرية,Test,chunk_00061,ahd5k_01551,777350,تحاليل مخبرية,answer,تحاليل مخبرية,llm_structured_entity_extraction,groq,llama-3.1-8b-instant,0.900
men_llm_0000339,ent_diseasecondition_16cf4e77b755,التهاب,DiseaseCondition,chunk_00062,ahd5k_04408,777288,التهاب,answer,السبع زيوت لمنع ترهل الثدي والبطن والارداف . زيوت من الأعشاب الطبيعية يعمل على شد تلك الخلايا المترهلة بسرعة عجيبة وتعيد لها حيويتها وجمالها دلك منطقة البطن او منطقة الارداف بزيت السبع زيوت بحركات دائرية الاسفل للاعلي الصاعدة إلى أعلى ولمدة ربع ساعة مرة يوميا لمدة شهر .,llm_structured_entity_extraction,groq,llama-3.1-8b-instant,0.850
men_llm_0000340,ent_treatment_9a34f0ba812d,السبع زيوت,Treatment,chunk_00062,ahd5k_04408,777288,السبع زيوت,answer,السبع زيوت لمنع ترهل الثدي والبطن والارداف . زيوت من الأعشاب الطبيعية يعمل على شد تلك الخلايا المترهلة بسرعة عجيبة وتعيد لها حيويتها وجمالها دلك منطقة البطن او منطقة الارداف بزيت السبع زيوت بحركات دائرية الاسفل للاعلي الصاعدة إلى أعلى ولمدة ربع ساعة مرة يوميا لمدة شهر .,llm_structured_entity_extraction,groq,llama-3.1-8b-instant,0.850
men_llm_0000341,ent_symptom_724e59ded899,ضغط الدم,Symptom,chunk_00064,ahd5k_00085,425888,ضغط الدم,question,ضغط الدم,llm_structured_entity_extraction,groq,llama-3.1-8b-instant,0.950
men_llm_0000342,ent_symptom_724e59ded899,ضغط الدم,Symptom,chunk_00064,ahd5k_00691,706523,ضغط الدم,question,ضغط الدم,llm_structured_entity_extraction,groq,llama-3.1-8b-instant,0.950
men_llm_0000343,ent_symptom_724e59ded899,ضغط الدم,Symptom,chunk_00064,ahd5k_00756,756642,ضغط الدم,question,ضغط الدم,llm_structured_entity_extraction,groq,llama-3.1-8b-instant,0.950
men_llm_0000344,ent_symptom_724e59ded899,ضغط الدم,Symptom,chunk_00064,ahd5k_01259,162039,ضغط الدم,question,ضغط الدم,llm_structured_entity_extraction,groq,llama-3.1-8b-instant,0.950
men_llm_0000345,ent_symptom_724e59ded899,ضغط الدم,Symptom,chunk_00064,ahd5k_01350,109462,ضغط الدم,question,ضغط الدم,llm_structured_entity_extraction,groq,llama-3.1-8b-instant,0.950
men_llm_0000346,ent_symptom_724e59ded899,ضغط الدم,Symptom,chunk_00064,ahd5k_01894,771326,ضغط الدم,question,ضغط الدم,llm_structured_entity_extraction,groq,llama-3.1-8b-instant,0.950
men_llm_0000347,ent_symptom_724e59ded899,ضغط الدم,Symptom,chunk_00064,ahd5k_02577,706137,ضغط الدم,question,ضغط الدم,llm_structured_entity_extraction,groq,llama-3.1-8b-instant,0.950
men_llm_0000348,ent_symptom_724e59ded899,ضغط الدم,Symptom,chunk_00064,ahd5k_02754,730411,ضغط الدم,question,ضغط الدم,llm_structured_entity_extraction,groq,llama-3.1-8b-instant,0.950
men_llm_0000349,ent_symptom_19841fc2dc50,نبضات القلب,Symptom,chunk_00064,ahd5k_00085,425888,نبضات القلب,question,نبضات القلب,llm_structured_entity_extraction,groq,llama-3.1-8b-instant,0.700
men_llm_0000350,ent_symptom_19841fc2dc50,نبضات القلب,Symptom,chunk_00064,ahd5k_00691,706523,نبضات القلب,question,نبضات القلب,llm_structured_entity_extraction,groq,llama-3.1-8b-instant,0.700
men_llm_0000351,ent_symptom_19841fc2dc50,نبضات القلب,Symptom,chunk_00064,ahd5k_00756,756642,نبضات القلب,question,نبضات القلب,llm_structured_entity_extraction,groq,llama-3.1-8b-instant,0.700
men_llm_0000352,ent_symptom_19841fc2dc50,نبضات القلب,Symptom,chunk_00064,ahd5k_01259,162039,نبضات القلب,question,نبضات القلب,llm_structured_entity_extraction,groq,llama-3.1-8b-instant,0.700
men_llm_0000353,ent_symptom_19841fc2dc50,نبضات القلب,Symptom,chunk_00064,ahd5k_01350,109462,نبضات القلب,question,نبضات القلب,llm_structured_entity_extraction,groq,llama-3.1-8b-instant,0.700
men_llm_0000354,ent_symptom_19841fc2dc50,نبضات القلب,Symptom,chunk_00064,ahd5k_01894,771326,نبضات القلب,question,نبضات القلب,llm_structured_entity_extraction,groq,llama-3.1-8b-instant,0.700
men_llm_0000355,ent_test_8b503c2dc54c,هيموغلوبين,Test,chunk_00066,ahd5k_04927,573416,هيموغلوبين,answer,إن كان كذلك يمكن يسبب إجهاد وفرط ضغط مستقبلا,llm_structured_entity_extraction,groq,llama-3.1-8b-instant,0.850
men_llm_0000356,ent_treatment_dcc37cc6936c,جهاز هولتر,Treatment,chunk_00066,ahd5k_04742,470731,جهاز هولتر,answer,يجب عليك زياره طبيب القلب وتركيب جهاز هولتر علي مدار ٢٤ ساعه,llm_structured_entity_extraction,groq,llama-3.1-8b-instant,0.950
men_llm_0000357,ent_diseasecondition_16cf4e77b755,التهاب,DiseaseCondition,chunk_00067,ahd5k_03139,679868,التهاب,answer,التحاليل المخبرية,llm_structured_entity_extraction,groq,llama-3.1-8b-instant,0.950
men_llm_0000358,ent_diseasecondition_16cf4e77b755,التهاب,DiseaseCondition,chunk_00067,ahd5k_03339,578950,التهاب,answer,التحاليل المخبرية,llm_structured_entity_extraction,groq,llama-3.1-8b-instant,0.950
men_llm_0000359,ent_diseasecondition_16cf4e77b755,التهاب,DiseaseCondition,chunk_00067,ahd5k_03651,170641,التهاب,answer,التحاليل المخبرية,llm_structured_entity_extraction,groq,llama-3.1-8b-instant,0.950
men_llm_0000360,ent_diseasecondition_16cf4e77b755,التهاب,DiseaseCondition,chunk_00067,ahd5k_04034,732751,التهاب,answer,التحاليل المخبرية,llm_structured_entity_extraction,groq,llama-3.1-8b-instant,0.950
men_llm_0000361,ent_diseasecondition_9719230327a2,فقر الدم,DiseaseCondition,chunk_00067,ahd5k_03651,170641,فقر الدم,answer,التحاليل المخبرية,llm_structured_entity_extraction,groq,llama-3.1-8b-instant,0.850
men_llm_0000362,ent_test_6dcf66b68de3,فحص الفقرات العنقية,Test,chunk_00067,ahd5k_03139,679868,فحص الفقرات العنقية,answer,التحاليل المخبرية,llm_structured_entity_extraction,groq,llama-3.1-8b-instant,0.950
men_llm_0000363,ent_test_53daf0bebd13,مفصل الكتف,Test,chunk_00067,ahd5k_03139,679868,مفصل الكتف,answer,التحاليل المخبرية,llm_structured_entity_extraction,groq,llama-3.1-8b-instant,0.950
men_llm_0000364,ent_diseasecondition_2c73be2f25fe,التهاب فيروسي,DiseaseCondition,chunk_00067,ahd5k_04034,732751,التهاب فيروسي,answer,التحاليل المخبرية,llm_structured_entity_extraction,groq,llama-3.1-8b-instant,0.850
men_llm_0000365,ent_diseasecondition_2f75d3dabe0b,حساسية,DiseaseCondition,chunk_00068,ahd5k_00683,31634,حساسية,answer,الحساسية,llm_structured_entity_extraction,groq,llama-3.1-8b-instant,0.850
men_llm_0000366,ent_diseasecondition_2f75d3dabe0b,حساسية,DiseaseCondition,chunk_00068,ahd5k_00963,609913,حساسية,question,حساسية ناتجة عن رطوبة الجو,llm_structured_entity_extraction,groq,llama-3.1-8b-instant,0.850
men_llm_0000367,ent_symptom_f51ef98950a2,قلق,Symptom,chunk_00068,ahd5k_00683,31634,قلق,question,قلق علما اني تعرضت لموقف قلق وتوتر ووخزات,llm_structured_entity_extraction,groq,llama-3.1-8b-instant,0.850
men_llm_0000368,ent_symptom_7b839cc80688,ضيق تنفس,Symptom,chunk_00068,ahd5k_00683,31634,ضيق تنفس,question,ضيق تنفس وسرعة التعب وقلق,llm_structured_entity_extraction,groq,llama-3.1-8b-instant,0.850
men_llm_0000369,ent_test_7633369aec20,رسم قلب,Test,chunk_00068,ahd5k_00963,609913,رسم قلب,answer,عمل رسم قلب بالمجهود,llm_structured_entity_extraction,groq,llama-3.1-8b-instant,0.850
men_llm_0000370,ent_diseasecondition_db17a406c72e,ارتفاع ضغط الدم,DiseaseCondition,chunk_00069,ahd5k_00237,343593,ضغط الدم الخاص بالجسم والضغط الخاص بالعينين,question,ضغط الدم الخاص بالجسم والضغط الخاص بالعينين,llm_structured_entity_extraction,groq,llama-3.1-8b-instant,0.950
men_llm_0000371,ent_diseasecondition_db17a406c72e,ارتفاع ضغط الدم,DiseaseCondition,chunk_00069,ahd5k_00823,282875,ارتفاع الضغط,answer,ارتفاع الضغط,llm_structured_entity_extraction,groq,llama-3.1-8b-instant,0.950
men_llm_0000372,ent_diseasecondition_db17a406c72e,ارتفاع ضغط الدم,DiseaseCondition,chunk_00069,ahd5k_01682,370852,ضغط الدم,question,ضغط الدم,llm_structured_entity_extraction,groq,llama-3.1-8b-instant,0.950
men_llm_0000373,ent_diseasecondition_db17a406c72e,ارتفاع ضغط الدم,DiseaseCondition,chunk_00069,ahd5k_01763,419840,ضغط الدم,question,ضغط الدم,llm_structured_entity_extraction,groq,llama-3.1-8b-instant,0.950
men_llm_0000374,ent_diseasecondition_db17a406c72e,ارتفاع ضغط الدم,DiseaseCondition,chunk_00069,ahd5k_03624,450277,ارتفاع في ضغط الدم,question,ارتفاع في ضغط الدم,llm_structured_entity_extraction,groq,llama-3.1-8b-instant,0.950
men_llm_0000375,ent_diseasecondition_db17a406c72e,ارتفاع ضغط الدم,DiseaseCondition,chunk_00069,ahd5k_04477,795318,ارتفاع ضغط الدم,answer,ارتفاع ضغط الدم,llm_structured_entity_extraction,groq,llama-3.1-8b-instant,0.950
men_llm_0000376,ent_diseasecondition_db17a406c72e,ارتفاع ضغط الدم,DiseaseCondition,chunk_00069,ahd5k_04701,245947,انخفاض الضغط,answer,انخفاض الضغط,llm_structured_entity_extraction,groq,llama-3.1-8b-instant,0.950
men_llm_0000377,ent_symptom_1f6a3892391d,خفقان القلب,Symptom,chunk_00069,ahd5k_00823,282875,خفقان احيتنا,answer,خفقان احيتنا,llm_structured_entity_extraction,groq,llama-3.1-8b-instant,0.900
men_llm_0000378,ent_symptom_1f6a3892391d,خفقان القلب,Symptom,chunk_00069,ahd5k_01690,212003,خفقان القلب الشديد,question,خفقان القلب الشديد,llm_structured_entity_extraction,groq,llama-3.1-8b-instant,0.900
men_llm_0000379,ent_symptom_1f6a3892391d,خفقان القلب,Symptom,chunk_00069,ahd5k_03624,450277,خفقان القلب الشديد,question,خفقان القلب الشديد,llm_structured_entity_extraction,groq,llama-3.1-8b-instant,0.900
men_llm_0000380,ent_symptom_1f6a3892391d,خفقان القلب,Symptom,chunk_00069,ahd5k_04701,245947,تسارع في ضربات القلب,question,تسارع في ضربات القلب,llm_structured_entity_extraction,groq,llama-3.1-8b-instant,0.900
men_llm_0000381,ent_symptom_850b2a35c32d,دوخة,Symptom,chunk_00069,ahd5k_04701,245947,دوخة,question,دوخة,llm_structured_entity_extraction,groq,llama-3.1-8b-instant,0.800
men_llm_0000382,ent_symptom_7b839cc80688,ضيق تنفس,Symptom,chunk_00069,ahd5k_00823,282875,ضيق تنفس,answer,ضيق تنفس,llm_structured_entity_extraction,groq,llama-3.1-8b-instant,0.900
men_llm_0000383,ent_symptom_7b839cc80688,ضيق تنفس,Symptom,chunk_00069,ahd5k_04701,245947,ضيق تنفس,question,ضيق تنفس,llm_structured_entity_extraction,groq,llama-3.1-8b-instant,0.900
men_llm_0000384,ent_diseasecondition_58d7d4ebddc3,انخفاض ضغط الدم,DiseaseCondition,chunk_00069,ahd5k_04701,245947,انخفاض الضغط,answer,انخفاض الضغط,llm_structured_entity_extraction,groq,llama-3.1-8b-instant,0.800
men_llm_0000385,ent_diseasecondition_d858e70d5fdf,الروماتيزم,DiseaseCondition,chunk_00069,ahd5k_03624,450277,روماتيزم الدم,question,روماتيزم الدم,llm_structured_entity_extraction,groq,llama-3.1-8b-instant,0.900
men_llm_0000386,ent_diseasecondition_4483219775eb,الانزلاقات الغضروفية العنقية,DiseaseCondition,chunk_00069,ahd5k_04477,795318,الانزلاقات الغضروفية العنقية,answer,الانزلاقات الغضروفية العنقية,llm_structured_entity_extraction,groq,llama-3.1-8b-instant,0.800
men_llm_0000387,ent_treatment_d017757dbf16,الدوخة,Treatment,chunk_00069,ahd5k_04701,245947,الدوخة,answer,الدوخة,llm_structured_entity_extraction,groq,llama-3.1-8b-instant,0.700
men_llm_0000388,ent_treatment_2c9d8c42194b,الوجبة الإفطار,Treatment,chunk_00069,ahd5k_04701,245947,وجبة الإفطار,answer,وجبة الإفطار,llm_structured_entity_extraction,groq,llama-3.1-8b-instant,0.800
men_llm_0000389,ent_treatment_7df0ceb5a906,السوائل والأملاح,Treatment,chunk_00069,ahd5k_04701,245947,السوائل والأملاح,answer,السوائل والأملاح,llm_structured_entity_extraction,groq,llama-3.1-8b-instant,0.900
men_llm_0000390,ent_test_dd68aa784555,تحاليل مخبرية,Test,chunk_00069,ahd5k_00823,282875,تحاليل مخبرية,answer,تحاليل مخبرية,llm_structured_entity_extraction,groq,llama-3.1-8b-instant,0.800
men_llm_0000391,ent_diseasecondition_db17a406c72e,ارتفاع ضغط الدم,DiseaseCondition,chunk_00070,ahd5k_04975,518117,ارتفاع ضغط الدم,answer,ارتفاع ضغط الدم,llm_structured_entity_extraction,groq,llama-3.1-8b-instant,0.950
men_llm_0000392,ent_symptom_7d2fce86bc12,نغزات,Symptom,chunk_00070,ahd5k_04975,518117,نغزات,question,نغزات,llm_structured_entity_extraction,groq,llama-3.1-8b-instant,0.950
men_llm_0000393,ent_diseasecondition_44e90462f6cf,تصلب الشرايين,DiseaseCondition,chunk_00071,ahd5k_04630,667359,تصلب الشرايين,answer,مرض الالتهاب الخلوي او الحمره المصاحبه لمرض السكري واذا صاحب ذلك تورم باحد الرجلين دون الاخري يجب وضع احتمال جلطة الاورده العميقه اما تصلب الشرايين فاعراضه الالم مع المشي وفي الحالات الشديدة التحول للون الازرق فالاسود وضمر الجلد والاظافر والغرغرينه,llm_structured_entity_extraction,groq,llama-3.1-8b-instant,0.850
men_llm_0000394,ent_diseasecondition_44e90462f6cf,تصلب الشرايين,DiseaseCondition,chunk_00071,ahd5k_04630,667359,تصلب الشرايين,answer,الالم مع المشي وفي الحالات الشديدة التحول للون الازرق فالاسود وضمر الجلد والاظافر والغرغرينه,llm_structured_entity_extraction,groq,llama-3.1-8b-instant,0.850
men_llm_0000395,ent_diseasecondition_93e6689ea10d,جلطة الاورده العميقه,DiseaseCondition,chunk_00071,ahd5k_04630,667359,جلطة الاورده العميقه,answer,مرض الالتهاب الخلوي او الحمره المصاحبه لمرض السكري واذا صاحب ذلك تورم باحد الرجلين دون الاخري يجب وضع احتمال جلطة الاورده العميقه اما تصلب الشرايين فاعراضه الالم مع المشي وفي الحالات الشديدة التحول للون الازرق فالاسود وضمر الجلد والاظافر والغرغرينه,llm_structured_entity_extraction,groq,llama-3.1-8b-instant,0.850
men_llm_0000396,ent_diseasecondition_8073c16255c6,التهاب الخلوي,DiseaseCondition,chunk_00071,ahd5k_04630,667359,التهاب الخلوي,answer,مرض الالتهاب الخلوي او الحمره المصاحبه لمرض السكري واذا صاحب ذلك تورم باحد الرجلين دون الاخري يجب وضع احتمال جلطة الاورده العميقه اما تصلب الشرايين فاعراضه الالم مع المشي وفي الحالات الشديدة التحول للون الازرق فالاسود وضمر الجلد والاظافر والغرغرينه,llm_structured_entity_extraction,groq,llama-3.1-8b-instant,0.850
men_llm_0000397,ent_diseasecondition_380db6d92562,مرض السكري,DiseaseCondition,chunk_00071,ahd5k_04630,667359,مرض السكري,answer,مرض الالتهاب الخلوي او الحمره المصاحبه لمرض السكري واذا صاحب ذلك تورم باحد الرجلين دون الاخري يجب وضع احتمال جلطة الاورده العميقه اما تصلب الشرايين فاعراضه الالم مع المشي وفي الحالات الشديدة التحول للون الازرق فالاسود وضمر الجلد والاظافر والغرغرينه,llm_structured_entity_extraction,groq,llama-3.1-8b-instant,0.850
men_llm_0000398,ent_treatment_e601e738b889,هيبارين,Treatment,chunk_00071,ahd5k_04895,473114,هيبارين,answer,هذا دواء مسيّل للدم يفضلّ استعماله داخل المستشفى لأنه يجب مراقبة نسبة سيلان الدم بالتحاليل.,llm_structured_entity_extraction,groq,llama-3.1-8b-instant,0.850
men_llm_0000399,ent_treatment_307befae7768,أبر جاهزة للحقن,Treatment,chunk_00071,ahd5k_04895,473114,أبر جاهزة للحقن,answer,و يمكن الاستعاضة عنه بأبر جاهزة للحقن حسب الوزن والحالة الصحية أو عبر أدوية بالفم.,llm_structured_entity_extraction,groq,llama-3.1-8b-instant,0.850
men_llm_0000400,ent_treatment_b036153000f8,أدوية بالفم,Treatment,chunk_00071,ahd5k_04895,473114,أدوية بالفم,answer,و يمكن الاستعاضة عنه بأبر جاهزة للحقن حسب الوزن والحالة الصحية أو عبر أدوية بالفم.,llm_structured_entity_extraction,groq,llama-3.1-8b-instant,0.850
men_llm_0000401,ent_diseasecondition_16cf4e77b755,التهاب,DiseaseCondition,chunk_00072,ahd5k_00515,579241,التهاب,question,التهاب,llm_structured_entity_extraction,groq,llama-3.1-8b-instant,0.850
men_llm_0000402,ent_diseasecondition_16cf4e77b755,التهاب,DiseaseCondition,chunk_00072,ahd5k_00656,32696,التهاب,question,التهاب,llm_structured_entity_extraction,groq,llama-3.1-8b-instant,0.850
men_llm_0000403,ent_diseasecondition_16cf4e77b755,التهاب,DiseaseCondition,chunk_00072,ahd5k_01510,176662,التهاب,question,التهاب,llm_structured_entity_extraction,groq,llama-3.1-8b-instant,0.850
men_llm_0000404,ent_diseasecondition_16cf4e77b755,التهاب,DiseaseCondition,chunk_00072,ahd5k_01669,456955,التهاب,question,التهاب,llm_structured_entity_extraction,groq,llama-3.1-8b-instant,0.850
men_llm_0000405,ent_diseasecondition_16cf4e77b755,التهاب,DiseaseCondition,chunk_00072,ahd5k_02719,522162,التهاب,question,التهاب,llm_structured_entity_extraction,groq,llama-3.1-8b-instant,0.850
men_llm_0000406,ent_diseasecondition_16cf4e77b755,التهاب,DiseaseCondition,chunk_00072,ahd5k_02761,112180,التهاب,question,التهاب,llm_structured_entity_extraction,groq,llama-3.1-8b-instant,0.850
men_llm_0000407,ent_diseasecondition_16cf4e77b755,التهاب,DiseaseCondition,chunk_00072,ahd5k_03333,132178,التهاب,question,التهاب,llm_structured_entity_extraction,groq,llama-3.1-8b-instant,0.850
men_llm_0000408,ent_diseasecondition_16cf4e77b755,التهاب,DiseaseCondition,chunk_00072,ahd5k_03501,569124,التهاب,question,التهاب,llm_structured_entity_extraction,groq,llama-3.1-8b-instant,0.850
men_llm_0000409,ent_symptom_b5e5cc252e6a,الضيق التنفسي,Symptom,chunk_00072,ahd5k_00515,579241,ضيق تنفس,question,ضيق تنفس,llm_structured_entity_extraction,groq,llama-3.1-8b-instant,0.700
men_llm_0000410,ent_symptom_b5e5cc252e6a,الضيق التنفسي,Symptom,chunk_00072,ahd5k_00656,32696,ضيق تنفس,question,ضيق تنفس,llm_structured_entity_extraction,groq,llama-3.1-8b-instant,0.700
men_llm_0000411,ent_symptom_b5e5cc252e6a,الضيق التنفسي,Symptom,chunk_00072,ahd5k_01510,176662,ضيق تنفس,question,ضيق تنفس,llm_structured_entity_extraction,groq,llama-3.1-8b-instant,0.700
men_llm_0000412,ent_symptom_b5e5cc252e6a,الضيق التنفسي,Symptom,chunk_00072,ahd5k_01669,456955,ضيق تنفس,question,ضيق تنفس,llm_structured_entity_extraction,groq,llama-3.1-8b-instant,0.700
men_llm_0000413,ent_symptom_b5e5cc252e6a,الضيق التنفسي,Symptom,chunk_00072,ahd5k_02719,522162,ضيق تنفس,question,ضيق تنفس,llm_structured_entity_extraction,groq,llama-3.1-8b-instant,0.700
men_llm_0000414,ent_symptom_b5e5cc252e6a,الضيق التنفسي,Symptom,chunk_00072,ahd5k_02761,112180,ضيق تنفس,question,ضيق تنفس,llm_structured_entity_extraction,groq,llama-3.1-8b-instant,0.700
men_llm_0000415,ent_symptom_b5e5cc252e6a,الضيق التنفسي,Symptom,chunk_00072,ahd5k_03333,132178,ضيق تنفس,question,ضيق تنفس,llm_structured_entity_extraction,groq,llama-3.1-8b-instant,0.700
men_llm_0000416,ent_symptom_7b839cc80688,ضيق تنفس,Symptom,chunk_00073,ahd5k_04898,504122,ضيق نفس,question,ضيق نفس في صدري من حين لآخر,llm_structured_entity_extraction,groq,llama-3.1-8b-instant,0.850
men_llm_0000417,ent_symptom_7b839cc80688,ضيق تنفس,Symptom,chunk_00073,ahd5k_04898,504122,ضيق نفس,question,احيانا اشعر بضيق النفس,llm_structured_entity_extraction,groq,llama-3.1-8b-instant,0.850
men_llm_0000418,ent_test_0deca3ec9d8b,تلفزيون قلب,Test,chunk_00073,ahd5k_03958,291423,تخطيط كهربائية القلب,answer,قال الطبيب انه عادي,llm_structured_entity_extraction,groq,llama-3.1-8b-instant,0.850
men_llm_0000419,ent_test_0deca3ec9d8b,تلفزيون قلب,Test,chunk_00073,ahd5k_04775,741098,تلفزيون قلب,question,ذهبت افعل تلفزيون قلب,llm_structured_entity_extraction,groq,llama-3.1-8b-instant,0.850
men_llm_0000420,ent_treatment_2547ab58544d,مضادات القلق,Treatment,chunk_00073,ahd5k_03958,291423,مضادات القلق,answer,باستخدام مضدات القلق ستتحسن,llm_structured_entity_extraction,groq,llama-3.1-8b-instant,0.850
men_llm_0000421,ent_symptom_b754f1a1e5a8,صداع,Symptom,chunk_00074,ahd5k_03737,184596,صداع متقطع,question,شعر بصداع متقطع في النصف الايسر من رأسي كومضات متقطعّة و دوخة و لا استطيع فتح عيني كاملة يظهر التعب على وجهي والاجهاد بالرغم من عدم فعل اي شيء و...,llm_structured_entity_extraction,groq,llama-3.1-8b-instant,0.850
men_llm_0000422,ent_symptom_b754f1a1e5a8,صداع,Symptom,chunk_00074,ahd5k_04265,654548,صداع قوي,question,عندي ضيق تنفس وبنفس الوقت معه صداع قوي وخفقان في القلب,llm_structured_entity_extraction,groq,llama-3.1-8b-instant,0.850
men_llm_0000423,ent_symptom_7b839cc80688,ضيق تنفس,Symptom,chunk_00074,ahd5k_04265,654548,ضيق تنفس,question,عندي ضيق تنفس وبنفس الوقت معه صداع قوي وخفقان في القلب,llm_structured_entity_extraction,groq,llama-3.1-8b-instant,0.850
men_llm_0000424,ent_symptom_f51ef98950a2,قلق,Symptom,chunk_00075,ahd5k_00671,496778,قلق,question,قلق,llm_structured_entity_extraction,groq,llama-3.1-8b-instant,0.950
men_llm_0000425,ent_diseasecondition_af6114123652,ارتخاء الصمام الميترالي,DiseaseCondition,chunk_00075,ahd5k_04352,102236,ارتجاع الصمام الميترالي,answer,ارتجاع الصمام الميترالي,llm_structured_entity_extraction,groq,llama-3.1-8b-instant,0.950
men_llm_0000426,ent_test_4b0183158a0f,إيكو,Test,chunk_00075,ahd5k_04352,102236,ايكو,question,ايكو,llm_structured_entity_extraction,groq,llama-3.1-8b-instant,0.950
men_llm_0000427,ent_diseasecondition_16cf4e77b755,التهاب,DiseaseCondition,chunk_00076,ahd5k_04706,274111,الم عند الاستيقاظ فى الكليتين,question,الم عند الاستيقاظ فى الكليتين,llm_structured_entity_extraction,groq,llama-3.1-8b-instant,0.850
men_llm_0000428,ent_test_62f3f553cccf,تحليل بول,Test,chunk_00076,ahd5k_04706,274111,عمل تحليل بول,answer,عمل تحليل بول,llm_structured_entity_extraction,groq,llama-3.1-8b-instant,0.850
men_llm_0000429,ent_treatment_839837a8561b,الاكثار من شرب الماء,Treatment,chunk_00076,ahd5k_04706,274111,الاكثار من شرب الماء,answer,الاكثار من شرب الماء,llm_structured_entity_extraction,groq,llama-3.1-8b-instant,0.850
men_llm_0000430,ent_treatment_9318db295dde,الاندرال,Treatment,chunk_00077,ahd5k_00189,777734,الاندرال,answer,الإندرال يمكن أن يُساعد في السيطرة عليها في أحيان كثيرة,llm_structured_entity_extraction,groq,llama-3.1-8b-instant,0.850
men_llm_0000431,ent_symptom_38888a2188fe,القلق,Symptom,chunk_00077,ahd5k_01574,172658,القلق,answer,بما ان الفحص الطبي كان سليما فلا داعي للقلق,llm_structured_entity_extraction,groq,llama-3.1-8b-instant,0.850
men_llm_0000432,ent_treatment_5bbcb8e80aef,كريستور,Treatment,chunk_00077,ahd5k_01375,410262,كريستور,question,هل حبوب كريستور(rousovastatin) تؤثر على عضلة القلب,llm_structured_entity_extraction,groq,llama-3.1-8b-instant,0.850
men_llm_0000433,ent_treatment_1a95beeb72ce,روفسوفاستاتين,Treatment,chunk_00077,ahd5k_01375,410262,روفسوفاستاتين,question,هل حبوب كريستور(rousovastatin) تؤثر على عضلة القلب,llm_structured_entity_extraction,groq,llama-3.1-8b-instant,0.850
men_llm_0000434,ent_treatment_831958f59880,كلوفينال,Treatment,chunk_00077,ahd5k_01990,446642,كلوفينال,question,اخذت تحميلة من كلوفينال بعد العشاء,llm_structured_entity_extraction,groq,llama-3.1-8b-instant,0.850
men_llm_0000435,ent_symptom_2b9271490fdf,نوبات,Symptom,chunk_00077,ahd5k_00189,777734,نوبات,question,ماهي اسباب الضربات الهاجرة في القلب وكيف يمكن علاجها,llm_structured_entity_extraction,groq,llama-3.1-8b-instant,0.850
men_llm_0000436,ent_symptom_2b9271490fdf,نوبات,Symptom,chunk_00077,ahd5k_01574,172658,نوبات,question,اعاني من ضربات القلب السريعه والقويه,llm_structured_entity_extraction,groq,llama-3.1-8b-instant,0.850
men_llm_0000437,ent_diseasecondition_7f3c581aaa3e,ارتكاريا,DiseaseCondition,chunk_00078,ahd5k_01406,571258,ارتخاء بالصمام الميترالى,question,ارتخاء بالصمام الميترالى,llm_structured_entity_extraction,groq,llama-3.1-8b-instant,0.850
men_llm_0000438,ent_symptom_d713f64368d3,ضغط,Symptom,chunk_00078,ahd5k_00436,590284,ضغط والم,question,ضغط والم,llm_structured_entity_extraction,groq,llama-3.1-8b-instant,0.850
men_llm_0000439,ent_symptom_17b6202362ba,نفخ,Symptom,chunk_00078,ahd5k_01017,440765,صدري ينتفخ,question,صدري ينتفخ,llm_structured_entity_extraction,groq,llama-3.1-8b-instant,0.850
men_llm_0000440,ent_treatment_9ef7c69bc634,وارفارين,Treatment,chunk_00078,ahd5k_02905,376234,وارفارين,answer,وارفارين,llm_structured_entity_extraction,groq,llama-3.1-8b-instant,0.850
men_llm_0000441,ent_treatment_b333a867faf6,الأسبرين,Treatment,chunk_00078,ahd5k_02905,376234,اسبرين,answer,اسبرين,llm_structured_entity_extraction,groq,llama-3.1-8b-instant,0.850
men_llm_0000442,ent_test_433492431144,تحليل الحساسية,Test,chunk_00078,ahd5k_00436,590284,تحليل الحساسية,answer,تحليل الحساسية,llm_structured_entity_extraction,groq,llama-3.1-8b-instant,0.850
men_llm_0000443,ent_diseasecondition_16cf4e77b755,التهاب,DiseaseCondition,chunk_00079,ahd5k_03469,446239,التهاب,answer,التهاب,llm_structured_entity_extraction,groq,llama-3.1-8b-instant,0.850
men_llm_0000444,ent_symptom_df03b3e7eef5,النفخ,Symptom,chunk_00079,ahd5k_03469,446239,النفخ,answer,النفخ,llm_structured_entity_extraction,groq,llama-3.1-8b-instant,0.850
men_llm_0000445,ent_treatment_b333a867faf6,الأسبرين,Treatment,chunk_00079,ahd5k_03696,108992,الأسبرين + البلافيكس,answer,الأسبرين + البلافيكس,llm_structured_entity_extraction,groq,llama-3.1-8b-instant,0.850
men_llm_0000446,ent_diseasecondition_da5565d6842c,الجلطة الدماغية,DiseaseCondition,chunk_00079,ahd5k_03696,108992,الجلطة الدماغية,question,الجلطة الدماغية,llm_structured_entity_extraction,groq,llama-3.1-8b-instant,0.850
men_llm_0000447,ent_diseasecondition_2e5268a07754,تضيق الشرايين,DiseaseCondition,chunk_00080,ahd5k_00391,722745,انسداد في ٣ شرايين,question,انسداد في ٣ شرايين ومشكله في الصمام,llm_structured_entity_extraction,groq,llama-3.1-8b-instant,0.850
men_llm_0000448,ent_diseasecondition_2e5268a07754,تضيق الشرايين,DiseaseCondition,chunk_00080,ahd5k_01704,468226,تصلب 3 من شرايين القلب,question,تصلب 3 من شرايين القلب,llm_structured_entity_extraction,groq,llama-3.1-8b-instant,0.850
men_llm_0000449,ent_diseasecondition_de01cca177b2,صمام القلب,DiseaseCondition,chunk_00080,ahd5k_00391,722745,صمام,question,مشكله في الصمام,llm_structured_entity_extraction,groq,llama-3.1-8b-instant,0.850
men_llm_0000450,ent_diseasecondition_de01cca177b2,صمام القلب,DiseaseCondition,chunk_00080,ahd5k_02217,426546,صمام القلب,question,تشوه خلقي في صمام القلب,llm_structured_entity_extraction,groq,llama-3.1-8b-instant,0.850
men_llm_0000451,ent_diseasecondition_16cf4e77b755,التهاب,DiseaseCondition,chunk_00080,ahd5k_02768,766709,التهاب,answer,التهاب أو اضطراب الغة الدرقية,llm_structured_entity_extraction,groq,llama-3.1-8b-instant,0.850
men_llm_0000452,ent_diseasecondition_b2548ad0e103,اضطراب الغدة الدرقية,DiseaseCondition,chunk_00080,ahd5k_02768,766709,اضطراب الغة الدرقية,answer,التهاب أو اضطراب الغة الدرقية,llm_structured_entity_extraction,groq,llama-3.1-8b-instant,0.850
men_llm_0000453,ent_diseasecondition_fab2e100965e,اضطرابات كهربية قلبية,DiseaseCondition,chunk_00080,ahd5k_02768,766709,اضطرابات كهربية قلبية,answer,اضطرابات كهربية قلبية,llm_structured_entity_extraction,groq,llama-3.1-8b-instant,0.850
men_llm_0000454,ent_diseasecondition_532d066568cb,النسيج,DiseaseCondition,chunk_00080,ahd5k_00924,804678,نسيج,answer,نمو سريع للنسيج فوق الدعامات,llm_structured_entity_extraction,groq,llama-3.1-8b-instant,0.850
men_llm_0000455,ent_diseasecondition_9efe983f86e2,الجلطات,DiseaseCondition,chunk_00080,ahd5k_00924,804678,جلطات,answer,جلطات في الموقع,llm_structured_entity_extraction,groq,llama-3.1-8b-instant,0.850
men_llm_0000456,ent_diseasecondition_77d1494eeb4a,النسيج المحيط,DiseaseCondition,chunk_00080,ahd5k_00924,804678,نسيج محيط,answer,توفر حافة كافية من الأنسجة المحيطة بالفتحة,llm_structured_entity_extraction,groq,llama-3.1-8b-instant,0.850
men_llm_0000457,ent_diseasecondition_bad4a78d1afb,النسيج فوق الدعامات,DiseaseCondition,chunk_00080,ahd5k_00924,804678,نسيج فوق,answer,نمو سريع للنسيج فوق الدعامات,llm_structured_entity_extraction,groq,llama-3.1-8b-instant,0.850
men_llm_0000458,ent_diseasecondition_1624385f1d65,النسيج المحيط بالفتحة,DiseaseCondition,chunk_00080,ahd5k_00924,804678,نسيج محيط بالفتحة,answer,توفر حافة كافية من الأنسجة المحيطة بالفتحة,llm_structured_entity_extraction,groq,llama-3.1-8b-instant,0.850
men_llm_0000459,ent_diseasecondition_45b76d151316,الضيق البسيط,DiseaseCondition,chunk_00081,ahd5k_03965,477399,ضيق في الشريان الاورطي,question,ضيق في الشريان الاورطي,llm_structured_entity_extraction,groq,llama-3.1-8b-instant,0.850
men_llm_0000460,ent_diseasecondition_6eb03902c623,السكري,DiseaseCondition,chunk_00081,ahd5k_04533,772185,السكري,answer,السكري,llm_structured_entity_extraction,groq,llama-3.1-8b-instant,0.850
men_llm_0000461,ent_diseasecondition_765c9fdd4495,الفشل القلبي اللامُعاوَض,DiseaseCondition,chunk_00081,ahd5k_04533,772185,فشل القلب المكتسب,answer,فشل القلب المكتسب,llm_structured_entity_extraction,groq,llama-3.1-8b-instant,0.850
men_llm_0000462,ent_symptom_e276c7fd7e33,النزف,Symptom,chunk_00081,ahd5k_04533,772185,النزف,answer,النزف,llm_structured_entity_extraction,groq,llama-3.1-8b-instant,0.850
men_llm_0000463,ent_symptom_f28c266dc478,المضاعفات الوعائية,Symptom,chunk_00081,ahd5k_04533,772185,المضاعفات الوعائية,answer,المضاعفات الوعائية,llm_structured_entity_extraction,groq,llama-3.1-8b-instant,0.850
men_llm_0000464,ent_symptom_d0d35afb979b,الحساسية على الوسط التَبايُنِيّ,Symptom,chunk_00081,ahd5k_04533,772185,الحساسية على الوسط التبايني,answer,الحساسية على الوسط التبايني,llm_structured_entity_extraction,groq,llama-3.1-8b-instant,0.850
men_llm_0000465,ent_symptom_6ff36e848606,الحادِث الوِعائيٌّ الدِمَاغِيّ,Symptom,chunk_00081,ahd5k_04533,772185,الحادث الوَعائيّ الدِمَاغِيّ,answer,الحادث الوَعائيّ الدِمَاغِيّ,llm_structured_entity_extraction,groq,llama-3.1-8b-instant,0.850
men_llm_0000466,ent_symptom_5dc2556b8338,الوفاة,Symptom,chunk_00081,ahd5k_04533,772185,الوفاة,answer,الوفاة,llm_structured_entity_extraction,groq,llama-3.1-8b-instant,0.850
men_llm_0000467,ent_test_27c861759100,القسطرة التشخيصية,Test,chunk_00081,ahd5k_04970,691197,القسطرة التشخيصية,question,القسطرة التشخيصية,llm_structured_entity_extraction,groq,llama-3.1-8b-instant,0.850
men_llm_0000468,ent_treatment_2223a55c026b,العمليات القلبية المفتوحة,Treatment,chunk_00081,ahd5k_02957,734477,عمليات القلب المفتوحة,answer,عمليات القلب المفتوحة كثيرة,llm_structured_entity_extraction,groq,llama-3.1-8b-instant,0.850
men_llm_0000469,ent_treatment_9a36b616695e,تبديل الصمامات,Treatment,chunk_00081,ahd5k_02957,734477,تبديل الصمامات,answer,تبديل الصمامات,llm_structured_entity_extraction,groq,llama-3.1-8b-instant,0.850
men_llm_0000470,ent_diseasecondition_2f75d3dabe0b,حساسية,DiseaseCondition,chunk_00082,ahd5k_00994,453427,حساسية,answer,حساسية أو استجابة جسدية غير ملائمة,llm_structured_entity_extraction,groq,llama-3.1-8b-instant,0.950
men_llm_0000471,ent_diseasecondition_2f75d3dabe0b,حساسية,DiseaseCondition,chunk_00082,ahd5k_01236,692953,حساسية,answer,حساسية أو خلل تقني,llm_structured_entity_extraction,groq,llama-3.1-8b-instant,0.950
men_llm_0000472,ent_diseasecondition_16cf4e77b755,التهاب,DiseaseCondition,chunk_00082,ahd5k_00994,453427,التهاب,answer,التهاب,llm_structured_entity_extraction,groq,llama-3.1-8b-instant,0.850
men_llm_0000473,ent_test_dd68aa784555,تحاليل مخبرية,Test,chunk_00082,ahd5k_00994,453427,تحاليل مخبرية,answer,تحاليل مخبرية,llm_structured_entity_extraction,groq,llama-3.1-8b-instant,0.950
men_llm_0000474,ent_diseasecondition_db17a406c72e,ارتفاع ضغط الدم,DiseaseCondition,chunk_00083,ahd5k_02399,526387,ارتفاع ضغط الدم,answer,ارتفاع ضغط الدم,llm_structured_entity_extraction,groq,llama-3.1-8b-instant,0.950
men_llm_0000475,ent_treatment_d9340b6ee231,عمليه قلب مفتوح,Treatment,chunk_00083,ahd5k_02399,526387,عمليه قلب مفتوح,question,عمليه قلب مفتوح,llm_structured_entity_extraction,groq,llama-3.1-8b-instant,0.950
men_llm_0000476,ent_diseasecondition_380db6d92562,مرض السكري,DiseaseCondition,chunk_00084,ahd5k_01294,456457,مرض السكري,answer,مرض السكري وضغط الدمز,llm_structured_entity_extraction,groq,llama-3.1-8b-instant,0.950
men_llm_0000477,ent_diseasecondition_380db6d92562,مرض السكري,DiseaseCondition,chunk_00084,ahd5k_02607,585122,مرض السكري,answer,مرض السكري وضغط الدم,llm_structured_entity_extraction,groq,llama-3.1-8b-instant,0.950
men_llm_0000478,ent_diseasecondition_380db6d92562,مرض السكري,DiseaseCondition,chunk_00084,ahd5k_03015,711478,مرض السكري,answer,معها السكري,llm_structured_entity_extraction,groq,llama-3.1-8b-instant,0.950
men_llm_0000479,ent_diseasecondition_380db6d92562,مرض السكري,DiseaseCondition,chunk_00084,ahd5k_04912,794360,مرض السكري,answer,مع العلم أن المريض يعاني من مرض السكر,llm_structured_entity_extraction,groq,llama-3.1-8b-instant,0.950
men_llm_0000480,ent_symptom_724e59ded899,ضغط الدم,Symptom,chunk_00084,ahd5k_01294,456457,ضغط الدمز,answer,مرض السكري وضغط الدمز,llm_structured_entity_extraction,groq,llama-3.1-8b-instant,0.850
men_llm_0000481,ent_symptom_724e59ded899,ضغط الدم,Symptom,chunk_00084,ahd5k_02607,585122,ضغط الدم,answer,مرض السكري وضغط الدم,llm_structured_entity_extraction,groq,llama-3.1-8b-instant,0.850
men_llm_0000482,ent_symptom_724e59ded899,ضغط الدم,Symptom,chunk_00084,ahd5k_04912,794360,ضغط,answer,ضغط الدم,llm_structured_entity_extraction,groq,llama-3.1-8b-instant,0.850
men_llm_0000483,ent_treatment_e9980cc1f2a6,عملية القلب المفتوح,Treatment,chunk_00084,ahd5k_01294,456457,عملية قلب مفتوح,answer,عملية قلب مفتوح وتبديل صمام الابهر,llm_structured_entity_extraction,groq,llama-3.1-8b-instant,0.950
men_llm_0000484,ent_treatment_e9980cc1f2a6,عملية القلب المفتوح,Treatment,chunk_00084,ahd5k_03015,711478,عملية القلب المفتوح,answer,عملية القلب المفتوح دون تغيير صمامات,llm_structured_entity_extraction,groq,llama-3.1-8b-instant,0.950
men_llm_0000485,ent_test_dd68aa784555,تحاليل مخبرية,Test,chunk_00084,ahd5k_01294,456457,تحاليل مخبرية,answer,لا نعرف نوع الصمام ولا حالتها السريرية بعد العملية والتي على أساسها سيتم تحديد الدواء الذي ينبغي وصفه,llm_structured_entity_extraction,groq,llama-3.1-8b-instant,0.800
men_llm_0000486,ent_diseasecondition_9719230327a2,فقر الدم,DiseaseCondition,chunk_00085,ahd5k_00855,760882,فقر الدم,answer,فقر الدم أو اضطرابات دموية أو متعلقة بجهاز الدورة الدموية,llm_structured_entity_extraction,groq,llama-3.1-8b-instant,0.850
men_llm_0000487,ent_diseasecondition_16cf4e77b755,التهاب,DiseaseCondition,chunk_00085,ahd5k_00855,760882,التهاب,answer,التهاب في الجهاز التنفسي,llm_structured_entity_extraction,groq,llama-3.1-8b-instant,0.850
men_llm_0000488,ent_test_f1846b201f26,فحص,Test,chunk_00085,ahd5k_00855,760882,فحص,answer,اجراء فحص للكشف عن أي علامات سريرية,llm_structured_entity_extraction,groq,llama-3.1-8b-instant,0.850
men_llm_0000489,ent_symptom_fd750eeb2865,انتفاخ,Symptom,chunk_00086,ahd5k_01537,764877,انتفاخ بالوجه,question,انتفاخ بالوجه,llm_structured_entity_extraction,groq,llama-3.1-8b-instant,0.850
men_llm_0000490,ent_symptom_42ad4acdebc5,وجع,Symptom,chunk_00086,ahd5k_01537,764877,وجع بالجسم,question,وجع بالجسم,llm_structured_entity_extraction,groq,llama-3.1-8b-instant,0.850
men_llm_0000491,ent_test_c4cfd2d6468c,أشعة,Test,chunk_00086,ahd5k_01537,764877,اشعة بالصبغة,question,اشعة بالصبغة,llm_structured_entity_extraction,groq,llama-3.1-8b-instant,0.850
men_llm_0000492,ent_treatment_8726a85ab84a,مركب دعامة عادية,Treatment,chunk_00087,ahd5k_03801,766256,مركب دعامة عادية فى الشريان التاجى بقالى 4سنوات,answer,يمكنك ذلك ولكن بالمتابعة مع طبيبك من خلال الزيارات الرتينية له يمكنك الطلب إليه عمل تصوير بالموجات الفوق صوتية لكي تطمئن,llm_structured_entity_extraction,groq,llama-3.1-8b-instant,0.850
men_llm_0000493,ent_diseasecondition_4393a2bf88a6,سكر,DiseaseCondition,chunk_00087,ahd5k_03801,766256,مريض سكر,question,مركب دعامة عادية فى الشريان التاجى بقالى 4سنوات مع العلم انى مريض سكر,llm_structured_entity_extraction,groq,llama-3.1-8b-instant,0.850
men_llm_0000494,ent_test_2fa028778221,تصوير بالموجات الفوق صوتية,Test,chunk_00087,ahd5k_03801,766256,عمل تصوير بالموجات الفوق صوتية,answer,يمكنك ذلك ولكن بالمتابعة مع طبيبك من خلال الزيارات الرتينية له يمكنك الطلب إليه عمل تصوير بالموجات الفوق صوتية لكي تطمئن,llm_structured_entity_extraction,groq,llama-3.1-8b-instant,0.850
men_llm_0000495,ent_diseasecondition_16cf4e77b755,التهاب,DiseaseCondition,chunk_00088,ahd5k_01558,447720,التهاب المسالك البوليه,question,التهاب المسالك البوليه,llm_structured_entity_extraction,groq,llama-3.1-8b-instant,0.850
men_llm_0000496,ent_diseasecondition_b774b131180f,ارتفاع الكلسترول,DiseaseCondition,chunk_00088,ahd5k_01558,447720,ارتفاع الكلسترول والدهون الثلاثيه,question,ارتفاع الكلسترول والدهون الثلاثيه,llm_structured_entity_extraction,groq,llama-3.1-8b-instant,0.850
men_llm_0000497,ent_diseasecondition_8ae017ffaf32,الانفلوانزا,DiseaseCondition,chunk_00088,ahd5k_01372,730133,الانفلوانزا,question,الانفلوانزا,llm_structured_entity_extraction,groq,llama-3.1-8b-instant,0.850
men_llm_0000498,ent_diseasecondition_da5565d6842c,الجلطة الدماغية,DiseaseCondition,chunk_00088,ahd5k_03846,413296,الجلطة الدماغية,question,الجلطة الدماغية,llm_structured_entity_extraction,groq,llama-3.1-8b-instant,0.850
men_llm_0000499,ent_treatment_639e625fe991,الزنجبيل,Treatment,chunk_00088,ahd5k_03223,779170,الزنجبيل,answer,الزنجبيل,llm_structured_entity_extraction,groq,llama-3.1-8b-instant,0.850
men_llm_0000500,ent_treatment_fe1881a70477,دواء الpradaxa,Treatment,chunk_00088,ahd5k_03846,413296,دواء الpradaxa,question,دواء الpradaxa,llm_structured_entity_extraction,groq,llama-3.1-8b-instant,0.850
men_llm_0000501,ent_treatment_b3c222de947d,Dabigatran,Treatment,chunk_00088,ahd5k_03846,413296,Dabigatran,question,Dabigatran,llm_structured_entity_extraction,groq,llama-3.1-8b-instant,0.850
men_llm_0000502,ent_treatment_441dfb50ce30,AspicotK,Treatment,chunk_00088,ahd5k_03846,413296,AspicotK,question,AspicotK,llm_structured_entity_extraction,groq,llama-3.1-8b-instant,0.850
men_llm_0000503,ent_treatment_7e88513b3bf7,Acetyl Salicylic Acid,Treatment,chunk_00088,ahd5k_03846,413296,Acetyl Salicylic Acid,question,Acetyl Salicylic Acid,llm_structured_entity_extraction,groq,llama-3.1-8b-instant,0.850
men_llm_0000504,ent_diseasecondition_2f75d3dabe0b,حساسية,DiseaseCondition,chunk_00089,ahd5k_00010,550455,حساسية,question,حساسية,llm_structured_entity_extraction,groq,llama-3.1-8b-instant,0.850
men_llm_0000505,ent_diseasecondition_2f75d3dabe0b,حساسية,DiseaseCondition,chunk_00089,ahd5k_00864,268161,حساسية الصدر,question,حساسية الصدر,llm_structured_entity_extraction,groq,llama-3.1-8b-instant,0.850
men_llm_0000506,ent_symptom_7b839cc80688,ضيق تنفس,Symptom,chunk_00089,ahd5k_00010,550455,ضيق تنفس,question,ضيق تنفس,llm_structured_entity_extraction,groq,llama-3.1-8b-instant,0.800
men_llm_0000507,ent_test_433492431144,تحليل الحساسية,Test,chunk_00089,ahd5k_00864,268161,تحليل الحساسية,answer,تحليل الحساسية,llm_structured_entity_extraction,groq,llama-3.1-8b-instant,0.900
men_llm_0000508,ent_treatment_d4184001686f,الجوارب,Treatment,chunk_00089,ahd5k_02818,807214,الجوارب,answer,الجوارب,llm_structured_entity_extraction,groq,llama-3.1-8b-instant,0.700
men_llm_0000509,ent_diseasecondition_385230d505f3,تهاب,DiseaseCondition,chunk_00090,ahd5k_03671,758041,تهاب,answer,حمى روماتزميه,llm_structured_entity_extraction,groq,llama-3.1-8b-instant,0.850
men_llm_0000510,ent_symptom_7b839cc80688,ضيق تنفس,Symptom,chunk_00090,ahd5k_03671,758041,ضيق بسيط في الصمام الميترالي,question,ضيق بسيط في الصمام الميترالي,llm_structured_entity_extraction,groq,llama-3.1-8b-instant,0.850
men_llm_0000511,ent_treatment_4b104e5e7744,عمليه توسيع,Treatment,chunk_00090,ahd5k_03671,758041,عمليه توسيع بالبلونه,answer,عمليه توسيع بالبلونه,llm_structured_entity_extraction,groq,llama-3.1-8b-instant,0.850
men_llm_0000512,ent_diseasecondition_677ee50113db,كلسترول,DiseaseCondition,chunk_00090,ahd5k_04045,520299,كلسترول,question,220,llm_structured_entity_extraction,groq,llama-3.1-8b-instant,0.850
men_llm_0000513,ent_diseasecondition_93017f24bceb,دهون ثلاثية,DiseaseCondition,chunk_00090,ahd5k_04045,520299,دهون ثلاثية,question,320,llm_structured_entity_extraction,groq,llama-3.1-8b-instant,0.850
men_llm_0000514,ent_treatment_1d3c5ceebc05,عمليه نقل شريان,Treatment,chunk_00090,ahd5k_04900,538683,عمليه نقل شريان من الرجل اليمنى الى الذراع الايسر,question,عمليه نقل شريان من الرجل اليمنى الى الذراع الايسر,llm_structured_entity_extraction,groq,llama-3.1-8b-instant,0.850
men_llm_0000515,ent_diseasecondition_16cf4e77b755,التهاب,DiseaseCondition,chunk_00091,ahd5k_01099,628555,التهابات نسائيه,answer,التهابات نسائيه,llm_structured_entity_extraction,groq,llama-3.1-8b-instant,0.950
men_llm_0000516,ent_diseasecondition_7abdd04c7114,الحمل,DiseaseCondition,chunk_00091,ahd5k_01099,628555,حمل الأنابيب,question,حمل الأنابيب,llm_structured_entity_extraction,groq,llama-3.1-8b-instant,0.950
men_llm_0000517,ent_symptom_ecf500c8beea,حرقه,Symptom,chunk_00091,ahd5k_01099,628555,حرقه,question,حرقه في المهبل,llm_structured_entity_extraction,groq,llama-3.1-8b-instant,0.950
men_llm_0000518,ent_diseasecondition_7abdd04c7114,الحمل,DiseaseCondition,chunk_00092,ahd5k_01629,730049,حمل الأنابيب,answer,تعتمد نسبة نجاح طفل الأنابيب على عدة عوامل,llm_structured_entity_extraction,groq,llama-3.1-8b-instant,0.850
men_llm_0000519,ent_diseasecondition_7abdd04c7114,الحمل,DiseaseCondition,chunk_00092,ahd5k_01629,730049,أطفال الأنابيب,answer,تعتمد نسبة نجاح طفل الأنابيب على عدة عوامل,llm_structured_entity_extraction,groq,llama-3.1-8b-instant,0.850
men_llm_0000520,ent_diseasecondition_7abdd04c7114,الحمل,DiseaseCondition,chunk_00092,ahd5k_04875,759090,أطفال الانابيب,question,قد قمت باجراء اطفال الانابيب لكن لم تنجح,llm_structured_entity_extraction,groq,llama-3.1-8b-instant,0.850
men_llm_0000521,ent_symptom_215297000d7a,التدخين,Symptom,chunk_00092,ahd5k_01629,730049,التدخين,answer,نمط الحياة والعادات المتبعة، مثل التدخين,llm_structured_entity_extraction,groq,llama-3.1-8b-instant,0.850
men_llm_0000522,ent_test_51926b4c8cd0,الحيوانات المنوية,Test,chunk_00092,ahd5k_01629,730049,حيوانات منوية,answer,سلامة الحيوانات المنوية للزوج,llm_structured_entity_extraction,groq,llama-3.1-8b-instant,0.850
men_llm_0000523,ent_treatment_330cd62c6e95,المركز العلاجي,Treatment,chunk_00092,ahd5k_01629,730049,مركز العلاجي,answer,تقنية المتبعة في المركز العلاجي,llm_structured_entity_extraction,groq,llama-3.1-8b-instant,0.850
men_llm_0000524,ent_symptom_018ebc11f6df,حمى,Symptom,chunk_00093,ahd5k_02142,712459,حمى,answer,لذلك يفضل عند عمل التحليل للسائل المنوي اولا ان يتم وضع كامل العينة وخاصة اولها في العبوة المخصصة لذلك واما بالنسبة للحرارة فاضل حرارة ملائمة لنقل السائل المنوي هي من 25-37 مؤية ويفضل ان لا يستغرق زمن اكثر من 30 دقيقة لوصول العينة للمختبر.,llm_structured_entity_extraction,groq,llama-3.1-8b-instant,0.850
men_llm_0000525,ent_test_263ea3437869,تحليل AMH,Test,chunk_00094,ahd5k_01925,758856,تحليل AMH,answer,تحليل AMH ليس له علاقة بنجاح او فشل محاولة الاخصاب خارج الجسم,llm_structured_entity_extraction,groq,llama-3.1-8b-instant,0.950
men_llm_0000526,ent_treatment_318e308e2e2c,IVF,Treatment,chunk_00094,ahd5k_01925,758856,IVF,question,هل يجب القيام بتحليل AMH قبل القيام ب IVF,llm_structured_entity_extraction,groq,llama-3.1-8b-instant,0.950
men_llm_0000527,ent_diseasecondition_a69e12c09129,تكيس المابيض,DiseaseCondition,chunk_00095,ahd5k_04038,759248,بداية تكيس المابيض,question,تبين عندي بداية تكيس المابيض,llm_structured_entity_extraction,groq,llama-3.1-8b-instant,0.850
men_llm_0000528,ent_treatment_ad1d7aa378fb,حبوب حامض الفوليك,Treatment,chunk_00095,ahd5k_04038,759248,حبوب حامض الفوليك,answer,نتناول حبوب حامض الفوليك لسلامة الاجنة,llm_structured_entity_extraction,groq,llama-3.1-8b-instant,0.850
men_llm_0000529,ent_diseasecondition_2f75d3dabe0b,حساسية,DiseaseCondition,chunk_00096,ahd5k_00931,767961,حساسية,answer,لا تؤثر الابر الهرمونية على زيادة الوزن فقط في فترة اخذهم قد يتم تجمع بعض السوائل في الجسم ولكن في حال الانتهاء من الابر يعود الجسم لوضعه الطبيعي,llm_structured_entity_extraction,groq,llama-3.1-8b-instant,0.850
men_llm_0000530,ent_symptom_f4cf885a0447,سعال,Symptom,chunk_00096,ahd5k_01584,746746,سعال,answer,لا ياسيدتي لايوجد هكدا سبب للطرح المتكرر وعليك تحديد مشكلتك لي بالتفصيل دابراهيم الهنداوي مستشار العقم واطفال الانابيب 00962776420095-الاردن,llm_structured_entity_extraction,groq,llama-3.1-8b-instant,0.850
men_llm_0000531,ent_diseasecondition_250910ab0701,حساسية الصدر,DiseaseCondition,chunk_00096,ahd5k_00931,767961,حساسية الصدر,answer,لا تؤثر الابر الهرمونية على زيادة الوزن فقط في فترة اخذهم قد يتم تجمع بعض السوائل في الجسم ولكن في حال الانتهاء من الابر يعود الجسم لوضعه الطبيعي,llm_structured_entity_extraction,groq,llama-3.1-8b-instant,0.850
men_llm_0000532,ent_diseasecondition_ce9ff22d8fac,البرونكيتيس,DiseaseCondition,chunk_00096,ahd5k_01770,771885,البرونكيتيس,answer,حسب الخبرات والدراسات التي تشير انه لا يوجد اي تأثير مضر للهرمونات المستخدمة في تنشيط الاباضة نتمنى لك كل التوفيق,llm_structured_entity_extraction,groq,llama-3.1-8b-instant,0.850
men_llm_0000533,ent_treatment_38ccbae05698,التلقيح الاصطناعي,Treatment,chunk_00096,ahd5k_02139,764825,التلقيح الاصطناعي,answer,من المعروف ان نسب النجاح بالتلقيح الاصطناعي لا تتعدى 25%اي انها تبقى افضل بكثير من الجماع الطبيعي واذا كانت عينة زوجكم اقل من 10 ملاين فالافضل اجراء طفل الانبوب الاخصاب خارج الجسم بالاستعمال الحقن المجهري للبويضة,llm_structured_entity_extraction,groq,llama-3.1-8b-instant,0.850
men_llm_0000534,ent_symptom_3600b8bcb53e,الجوع,Symptom,chunk_00097,ahd5k_01128,697206,شعور بالجوع,answer,شعور الطفل بالجوع,llm_structured_entity_extraction,groq,llama-3.1-8b-instant,0.850
men_llm_0000535,ent_treatment_60ce765ad441,الطعام,Treatment,chunk_00097,ahd5k_01128,697206,الطعام,answer,الطعام,llm_structured_entity_extraction,groq,llama-3.1-8b-instant,0.850
men_llm_0000536,ent_treatment_df23e36cac5c,اللعب,Treatment,chunk_00097,ahd5k_01128,697206,اللعب,answer,اللعب,llm_structured_entity_extraction,groq,llama-3.1-8b-instant,0.850
men_llm_0000537,ent_diseasecondition_16cf4e77b755,التهاب,DiseaseCondition,chunk_00098,ahd5k_01836,491669,التهاب,question,التقيوء بيكون بشكل نفوره وقذف وبكاء بعدها وليكون غالبا اثناء النوم مع وجود سعال وعانى من نغس الشىء منذ الولادة وكان...,llm_structured_entity_extraction,groq,llama-3.1-8b-instant,0.950
men_llm_0000538,ent_diseasecondition_16cf4e77b755,التهاب,DiseaseCondition,chunk_00098,ahd5k_03986,531274,التهاب,question,التهاب اللوز,llm_structured_entity_extraction,groq,llama-3.1-8b-instant,0.950
men_llm_0000539,ent_diseasecondition_2f75d3dabe0b,حساسية,DiseaseCondition,chunk_00098,ahd5k_01836,491669,حساسية,question,التقيوء بيكون بشكل نفوره وقذف وبكاء بعدها وليكون غالبا اثناء النوم مع وجود سعال وعانى من نغس الشىء منذ الولادة وكان...,llm_structured_entity_extraction,groq,llama-3.1-8b-instant,0.850
men_llm_0000540,ent_treatment_43526f78a371,مضاد حيوي,Treatment,chunk_00098,ahd5k_01836,491669,مضاد حيوي,answer,إعطائك بعض النصائح أو العلاجات إذا لزم لعلاج الإرتداد المعوي,llm_structured_entity_extraction,groq,llama-3.1-8b-instant,0.950
men_llm_0000541,ent_treatment_43526f78a371,مضاد حيوي,Treatment,chunk_00098,ahd5k_03986,531274,مضاد حيوي,answer,إعطائك بعض النصائح أو العلاجات إذا لزم لعلاج الإرتداد المعوي,llm_structured_entity_extraction,groq,llama-3.1-8b-instant,0.950
men_llm_0000542,ent_symptom_c42bbeabdb83,الزراق,Symptom,chunk_00099,ahd5k_00568,711814,الزراق,question,الزراق و بعض الحالات التي قد تؤدي للزراق,llm_structured_entity_extraction,groq,llama-3.1-8b-instant,0.850
men_llm_0000543,ent_diseasecondition_7abdd04c7114,الحمل,DiseaseCondition,chunk_00099,ahd5k_00568,711814,الحمل,answer,"بعض الحالات المرضية مثل امراض القلب والشرايين , او امراض الجهاو التنفسي التي قد تؤدي الة ضيق النفس ونقص الاكسجين وبالتالي الزراق و بعض الحالات التي قد تؤدي للزراق مثل كثرة الملابس التي يرتديها الطفل او بسبب شدة برودة الطقس او برودة الماء عند الاستحمام .",llm_structured_entity_extraction,groq,llama-3.1-8b-instant,0.850
men_llm_0000544,ent_diseasecondition_7abdd04c7114,الحمل,DiseaseCondition,chunk_00099,ahd5k_03809,754068,الحمل,question,الحبوب منع الحمل,llm_structured_entity_extraction,groq,llama-3.1-8b-instant,0.850
men_llm_0000545,ent_symptom_7b297d9851d1,الملابس,Symptom,chunk_00099,ahd5k_00568,711814,كثرة الملابس,answer,بعض الحالات التي قد تؤدي للزراق مثل كثرة الملابس التي يرتديها الطفل او بسبب شدة برودة الطقس او برودة الماء عند الاستحمام .,llm_structured_entity_extraction,groq,llama-3.1-8b-instant,0.850
men_llm_0000546,ent_symptom_d76ebd36291e,برودة الماء,Symptom,chunk_00099,ahd5k_00568,711814,برودة الماء,answer,بعض الحالات التي قد تؤدي للزراق مثل كثرة الملابس التي يرتديها الطفل او بسبب شدة برودة الطقس او برودة الماء عند الاستحمام .,llm_structured_entity_extraction,groq,llama-3.1-8b-instant,0.850
men_llm_0000547,ent_symptom_9462c717910d,برودة الطقس,Symptom,chunk_00099,ahd5k_00568,711814,برودة الطقس,answer,بعض الحالات التي قد تؤدي للزراق مثل كثرة الملابس التي يرتديها الطفل او بسبب شدة برودة الطقس او برودة الماء عند الاستحمام .,llm_structured_entity_extraction,groq,llama-3.1-8b-instant,0.850
men_llm_0000548,ent_treatment_3bca745f3196,الحبوب منع الحمل,Treatment,chunk_00099,ahd5k_03809,754068,الحبوب منع الحمل,question,الحبوب منع الحمل,llm_structured_entity_extraction,groq,llama-3.1-8b-instant,0.850
men_llm_0000549,ent_diseasecondition_9719230327a2,فقر الدم,DiseaseCondition,chunk_00100,ahd5k_00681,707491,فقر الدم,answer,فقر الدم فيجب علاج السبب خاصة في مثل هذا العمر,llm_structured_entity_extraction,groq,llama-3.1-8b-instant,0.950
men_llm_0000550,ent_diseasecondition_9719230327a2,فقر الدم,DiseaseCondition,chunk_00100,ahd5k_03707,540320,فقر الدم,answer,فقر دم عند طفل عمره ١٣ سنة شي جدي!,llm_structured_entity_extraction,groq,llama-3.1-8b-instant,0.950
men_llm_0000551,ent_diseasecondition_9719230327a2,فقر الدم,DiseaseCondition,chunk_00100,ahd5k_00681,707491,فقر الدم,question,ابنتي تبلغ من العمر تسعه اشهر ووزنها 6ونص كيلو ومره ضعيفه تاكل الاكل بس شي بسيط لو زاد شويه تستفرغ ماترضي تشرب الحليب الصناعي وترضع من صدري بس مافي كثير...,llm_structured_entity_extraction,groq,llama-3.1-8b-instant,0.950
men_llm_0000552,ent_diseasecondition_9719230327a2,فقر الدم,DiseaseCondition,chunk_00100,ahd5k_03707,540320,فقر الدم,question,السلام عليكم ورحمة الله وبركاته ابني عنده 13 سنة ويعاني من فقر الدم حابة اعرف اسم تحليلة الكالسيوم في العضام لانها الوحيده الي ماعملناها وشكرا,llm_structured_entity_extraction,groq,llama-3.1-8b-instant,0.950
men_llm_0000553,ent_treatment_db445915b47d,الحديد,Treatment,chunk_00100,ahd5k_03707,540320,حمض الفوليك,answer,فقر الدم له اسباب عديدة منها عوز الحديد او عوز حمض الفوليك او الفيتامين B12 او B6,llm_structured_entity_extraction,groq,llama-3.1-8b-instant,0.850
men_llm_0000554,ent_symptom_018ebc11f6df,حمى,Symptom,chunk_00101,ahd5k_00438,441065,الم في البطن,question,الم في البطن مع تعرق بارد,llm_structured_entity_extraction,groq,llama-3.1-8b-instant,0.850
men_llm_0000555,ent_symptom_018ebc11f6df,حمى,Symptom,chunk_00101,ahd5k_01611,617536,الم,answer,الم في مكان المطعوم,llm_structured_entity_extraction,groq,llama-3.1-8b-instant,0.850
men_llm_0000556,ent_treatment_026f10d47b4b,تطعيم,Treatment,chunk_00101,ahd5k_01611,617536,تطعيم,answer,المفروض ان تزول هذه الاعراض خلال 48 ساعة وعليكي استخدام خافض حراره ومسكن للالم بعد تطعيم,llm_structured_entity_extraction,groq,llama-3.1-8b-instant,0.850
men_llm_0000557,ent_treatment_be514bea14bc,خافض حراره,Treatment,chunk_00101,ahd5k_01611,617536,خافض حراره,answer,المفروض ان تزول هذه الاعراض خلال 48 ساعة وعليكي استخدام خافض حراره ومسكن للالم بعد تطعيم,llm_structured_entity_extraction,groq,llama-3.1-8b-instant,0.850
men_llm_0000558,ent_treatment_b8a506ce96be,مسكن للالم,Treatment,chunk_00101,ahd5k_01611,617536,مسكن للالم,answer,المفروض ان تزول هذه الاعراض خلال 48 ساعة وعليكي استخدام خافض حراره ومسكن للالم بعد تطعيم,llm_structured_entity_extraction,groq,llama-3.1-8b-instant,0.850
men_llm_0000559,ent_symptom_018ebc11f6df,حمى,Symptom,chunk_00102,ahd5k_01262,617838,ترتفع درجه حراره,question,ترتفع درجه حراره الرضيع بعدتطعيم شهرين,llm_structured_entity_extraction,groq,llama-3.1-8b-instant,0.950
men_llm_0000560,ent_symptom_018ebc11f6df,حمى,Symptom,chunk_00102,ahd5k_02595,297639,ارتفاع حرارة,question,طفلتي 6شهور مصابة بارتفاع حرارة 39 وهطيتها تحاميل مانزلت الحرارة ماسبب ارتفاع حرارتها علما ان اسنانها السفلية ظاهرين ارجوالرد,llm_structured_entity_extraction,groq,llama-3.1-8b-instant,0.950
men_llm_0000561,ent_symptom_018ebc11f6df,حمى,Symptom,chunk_00102,ahd5k_03053,454029,ارتفاع الحرارة,answer,أحيانا وتعطي خافض حرارة اذا ارتفعت سبتال,llm_structured_entity_extraction,groq,llama-3.1-8b-instant,0.950
men_llm_0000562,ent_symptom_018ebc11f6df,حمى,Symptom,chunk_00102,ahd5k_04651,519067,ارتفاع حرارة,question,ارتفعت حرارته وتقيا مراتان جسمه نحلان اعطية مضاد حيوي وخافض حرارة لكن تنزل حرارتة لفترة ثم تعود لترتفع عندة مغص في بطنة في بعض...,llm_structured_entity_extraction,groq,llama-3.1-8b-instant,0.950
men_llm_0000563,ent_treatment_43526f78a371,مضاد حيوي,Treatment,chunk_00102,ahd5k_04651,519067,مضاد حيوي,question,اعطية مضاد حيوي وخافض حرارة,llm_structured_entity_extraction,groq,llama-3.1-8b-instant,0.900
men_llm_0000564,ent_treatment_be514bea14bc,خافض حراره,Treatment,chunk_00102,ahd5k_04651,519067,خافض حرارة,question,اعطية مضاد حيوي وخافض حرارة,llm_structured_entity_extraction,groq,llama-3.1-8b-instant,0.900
men_llm_0000565,ent_symptom_b754f1a1e5a8,صداع,Symptom,chunk_00103,ahd5k_02266,432464,صداع في جنبي الرأس,question,فحص النظر سليم تقريبا,llm_structured_entity_extraction,groq,llama-3.1-8b-instant,0.850
men_llm_0000566,ent_symptom_f51ef98950a2,قلق,Symptom,chunk_00104,ahd5k_02476,754880,تأغر فى غلق فتحة الرأس الأماميه,question,طفله عمرها عام و4شهور تعانى من تأغر فى غلق فتحة الرأس الأماميه,llm_structured_entity_extraction,groq,llama-3.1-8b-instant,0.950
men_llm_0000567,ent_treatment_21a74567013d,كالسيوم,Treatment,chunk_00104,ahd5k_02476,754880,كالسيوم,answer,فيجب اعاده تقيم الحاله من قبل اخصائى اطفال.فربما بحاجه لعمل صوره طبقيه. الاستمرار في اعطائها الكالسيوم و فيتامين د.,llm_structured_entity_extraction,groq,llama-3.1-8b-instant,0.850
men_llm_0000568,ent_treatment_23b78e4c5546,فيتامين د,Treatment,chunk_00104,ahd5k_02476,754880,فيتامين د,answer,فيجب اعاده تقيم الحاله من قبل اخصائى اطفال.فربما بحاجه لعمل صوره طبقيه. الاستمرار في اعطائها الكالسيوم و فيتامين د.,llm_structured_entity_extraction,groq,llama-3.1-8b-instant,0.850
men_llm_0000569,ent_symptom_7a79bce3a153,قيء,Symptom,chunk_00105,ahd5k_04856,440612,تقيؤ الطفل يبلغ من العمر شهرين ! يتقيئ مادة صفراء اللون,question,تقيؤ الطفل يبلغ من العمر شهرين ! يتقيئ مادة صفراء اللون,llm_structured_entity_extraction,groq,llama-3.1-8b-instant,0.950
men_llm_0000570,ent_treatment_72992721d87a,جرعة,Treatment,chunk_00106,ahd5k_03516,487108,جرعة,answer,يعطى ٤٠٠ وحده دوليه من فيتامين-د- وهذا موجود على النشره الداخليه والطبيب يحدد الجرعه حسب احتياج الطفل من الفيتامينات الاخرى ولكن حليب الام لوحده والتعرض للشمس الخفيفه يكفي ولا داعي علميا لكل هذه الفيتامينات للطفل السليم,llm_structured_entity_extraction,groq,llama-3.1-8b-instant,0.950
men_llm_0000571,ent_treatment_273455224ab7,فيتامين-د-,Treatment,chunk_00106,ahd5k_03516,487108,فيتامين-د-,answer,يعطى ٤٠٠ وحده دوليه من فيتامين-د- وهذا موجود على النشره الداخليه والطبيب يحدد الجرعه حسب احتياج الطفل من الفيتامينات الاخرى ولكن حليب الام لوحده والتعرض للشمس الخفيفه يكفي ولا داعي علميا لكل هذه الفيتامينات للطفل السليم,llm_structured_entity_extraction,groq,llama-3.1-8b-instant,0.950
men_llm_0000572,ent_treatment_f484b8bb62d4,حليب الام,Treatment,chunk_00106,ahd5k_03516,487108,حليب الام,answer,يعطى ٤٠٠ وحده دوليه من فيتامين-د- وهذا موجود على النشره الداخليه والطبيب يحدد الجرعه حسب احتياج الطفل من الفيتامينات الاخرى ولكن حليب الام لوحده والتعرض للشمس الخفيفه يكفي ولا داعي علميا لكل هذه الفيتامينات للطفل السليم,llm_structured_entity_extraction,groq,llama-3.1-8b-instant,0.950
men_llm_0000573,ent_treatment_dcbc13cd571f,الشمس,Treatment,chunk_00106,ahd5k_03516,487108,الشمس,answer,يعطى ٤٠٠ وحده دوليه من فيتامين-د- وهذا موجود على النشره الداخليه والطبيب يحدد الجرعه حسب احتياج الطفل من الفيتامينات الاخرى ولكن حليب الام لوحده والتعرض للشمس الخفيفه يكفي ولا داعي علميا لكل هذه الفيتامينات للطفل السليم,llm_structured_entity_extraction,groq,llama-3.1-8b-instant,0.950
men_llm_0000574,ent_treatment_cb5aeb58976f,أبيتنانت,Treatment,chunk_00107,ahd5k_01824,484948,أبيتنانت,answer,حسب تركيبة الدواء ومحتواه من الفيتامينات,llm_structured_entity_extraction,groq,llama-3.1-8b-instant,0.950
men_llm_0000575,ent_symptom_cdf7db203339,البلغم,Symptom,chunk_00107,ahd5k_04277,391739,البلغم,answer,نعم ممكن من البلغم,llm_structured_entity_extraction,groq,llama-3.1-8b-instant,0.850
men_llm_0000576,ent_treatment_62b0f0db0c20,حبوب اوميجا 3,Treatment,chunk_00107,ahd5k_03828,481655,حبوب اوميجا 3,answer,انصحك باستخدام حبوب اوميجا 3 حبه باليوم,llm_structured_entity_extraction,groq,llama-3.1-8b-instant,0.950
men_llm_0000577,ent_symptom_c411d2ed3083,سيلان الانف,Symptom,chunk_00108,ahd5k_04444,484235,سيلان الانف,question,سيلان الانف باستمرار,llm_structured_entity_extraction,groq,llama-3.1-8b-instant,0.950
men_llm_0000578,ent_treatment_43526f78a371,مضاد حيوي,Treatment,chunk_00108,ahd5k_04444,484235,مضاد حيوي,answer,علاجات مضاد حيوي دون فايده,llm_structured_entity_extraction,groq,llama-3.1-8b-instant,0.850
men_llm_0000579,ent_treatment_34b849dbecc0,بخاخات الماء والملح,Treatment,chunk_00108,ahd5k_04444,484235,بخاخات الماء والملح,answer,جرب بخاخات الماء والملح,llm_structured_entity_extraction,groq,llama-3.1-8b-instant,0.950
men_llm_0000580,ent_test_84971d541245,خصائي الاطفال,Test,chunk_00108,ahd5k_04444,484235,خصائي الاطفال,answer,لابد من عرضه على اخصائي الاطفال,llm_structured_entity_extraction,groq,llama-3.1-8b-instant,0.850
men_llm_0000581,ent_diseasecondition_385230d505f3,تهاب,DiseaseCondition,chunk_00109,ahd5k_00891,584442,تهاب,answer,فربما تكون فطريات. أما سقوط الشعر فسببه نقص فيتامين أ وعﻻجه شراب فروتال 5 مل يوميا,llm_structured_entity_extraction,groq,llama-3.1-8b-instant,0.850
men_llm_0000582,ent_treatment_307b31c3646d,فيتامين أ,Treatment,chunk_00109,ahd5k_00891,584442,فيتامين أ,answer,فربما تكون فطريات. أما سقوط الشعر فسببه نقص فيتامين أ وعﻻجه شراب فروتال 5 مل يوميا,llm_structured_entity_extraction,groq,llama-3.1-8b-instant,0.850
men_llm_0000583,ent_treatment_1d451938e684,فروتا,Treatment,chunk_00109,ahd5k_00891,584442,فروتا,answer,فربما تكون فطريات. أما سقوط الشعر فسببه نقص فيتامين أ وعﻻجه شراب فروتال 5 مل يوميا,llm_structured_entity_extraction,groq,llama-3.1-8b-instant,0.850
men_llm_0000584,ent_diseasecondition_385230d505f3,تهاب,DiseaseCondition,chunk_00109,ahd5k_00162,650715,تهاب,question,كيف يؤثر...,llm_structured_entity_extraction,groq,llama-3.1-8b-instant,0.850
men_llm_0000585,ent_diseasecondition_584b39abb33a,الكساح,DiseaseCondition,chunk_00110,ahd5k_01701,403311,كساح,answer,أهلا بحضرتك ..... نعم .. هناك أنواع من الكساح أو لين العظام,llm_structured_entity_extraction,groq,llama-3.1-8b-instant,0.950
men_llm_0000586,ent_diseasecondition_16cf4e77b755,التهاب,DiseaseCondition,chunk_00110,ahd5k_02532,690845,تهاب,answer,ليس مضرا و لكن قد يؤذي الام ينصح بعلاج الحلمات,llm_structured_entity_extraction,groq,llama-3.1-8b-instant,0.850
men_llm_0000587,ent_treatment_23b78e4c5546,فيتامين د,Treatment,chunk_00110,ahd5k_01701,403311,فيتامين دي,answer,أهلا بحضرتك ..... نعم .. هناك أنواع من الكساح أو لين العظام تصنف بأنها ( Vit.D-Resistant Rickets ) ، أي لا تستجيب للعلاج بالجرعات المعتادة من فيتامين ( د ) ..,llm_structured_entity_extraction,groq,llama-3.1-8b-instant,0.950
men_llm_0000588,ent_treatment_aa15c31ba83e,الرضاعة الطبيعية,Treatment,chunk_00110,ahd5k_02532,690845,الرضاعة الطبيعية,answer,ليس مضرا و لكن قد يؤذي الام ينصح بعلاج الحلمات,llm_structured_entity_extraction,groq,llama-3.1-8b-instant,0.850
men_llm_0000589,ent_test_a8cf24723db9,التطعيمات,Test,chunk_00110,ahd5k_01847,483569,التطعيمات,answer,مسكن باراسيتامول عند اللزوم..وكمادات على مكان التطعيمة ان تورمت.وبالسلامة,llm_structured_entity_extraction,groq,llama-3.1-8b-instant,0.950
men_llm_0000590,ent_diseasecondition_16cf4e77b755,التهاب,DiseaseCondition,chunk_00111,ahd5k_02569,518611,التهاب في عينه,question,التهاب في عينه بعد يومين من ولادته,llm_structured_entity_extraction,groq,llama-3.1-8b-instant,0.850
men_llm_0000591,ent_diseasecondition_16cf4e77b755,التهاب,DiseaseCondition,chunk_00111,ahd5k_02569,518611,التهاب,answer,يجب اخذ مسحة من هذه الافرازات بعيادة الطبيب وارسالها لعمل مزرعة لمعرفة نوع الميكروب. وفي بعض الحالات يحتاج الطفل لعلاج بالنضاد الحيوي عن طريق الفم الي جانب العلاج الموضعي ولمدة كافية للقضاء عالميكروب,llm_structured_entity_extraction,groq,llama-3.1-8b-instant,0.850
men_llm_0000592,ent_treatment_ab5802cc2c0c,النضاد الحيوي,Treatment,chunk_00111,ahd5k_02569,518611,علاج بالنضاد الحيوي,answer,يجب اخذ مسحة من هذه الافرازات بعيادة الطبيب وارسالها لعمل مزرعة لمعرفة نوع الميكروب. وفي بعض الحالات يحتاج الطفل لعلاج بالنضاد الحيوي عن طريق الفم الي جانب العلاج الموضعي ولمدة كافية للقضاء عالميكروب,llm_structured_entity_extraction,groq,llama-3.1-8b-instant,0.850
men_llm_0000593,ent_diseasecondition_6ed57271807f,التهاب الحفاظ,DiseaseCondition,chunk_00111,ahd5k_02569,518611,التهاب الحفاظ,question,التهاب الحفاظ,llm_structured_entity_extraction,groq,llama-3.1-8b-instant,0.850
men_llm_0000594,ent_diseasecondition_6ed57271807f,التهاب الحفاظ,DiseaseCondition,chunk_00111,ahd5k_03234,317666,التهاب الحفاظ,question,هل يمكن استخدام مرهم كورتيزون ١٪؜ ل رضيع لعمر الشهر لالتهاب الحفاظ,llm_structured_entity_extraction,groq,llama-3.1-8b-instant,0.850
men_llm_0000595,ent_diseasecondition_16cf4e77b755,التهاب,DiseaseCondition,chunk_00111,ahd5k_03234,317666,التهاب,answer,1- حسب تركيبة الكورتيزون 2- لو كان السبب تحسسي..فالكورتيزون قد يفيد.أما لو كان السبب التهاباً فالكورتيزون قد يزيد الوضع سوءاً سلامته,llm_structured_entity_extraction,groq,llama-3.1-8b-instant,0.850
men_llm_0000596,ent_diseasecondition_16cf4e77b755,التهاب,DiseaseCondition,chunk_00111,ahd5k_04067,624844,التهاب,question,طفلي عمره اربعة اشهر الاحظ بين فتره واخرى ارتعاش يديه وقدميه وعندما امسك بها تتوقف واتركها تعود وترتعش ويجفل طفلي عندما امسك به,llm_structured_entity_extraction,groq,llama-3.1-8b-instant,0.850
men_llm_0000597,ent_diseasecondition_16cf4e77b755,التهاب,DiseaseCondition,chunk_00111,ahd5k_04067,624844,التهاب,answer,قد يكون هناك نقص عناصر لازمه في هذا العمر مثل الكالسيوم الذي يسبب مثل ذالك او فيتامين د= انصح مراجعة الاخصائى لتشخيص السبب واعطاء العلاج المناسب-,llm_structured_entity_extraction,groq,llama-3.1-8b-instant,0.850
men_llm_0000598,ent_diseasecondition_16cf4e77b755,التهاب,DiseaseCondition,chunk_00111,ahd5k_04279,662414,التهاب,question,ابني عمره 4 سنوات يعاني التاتاة رغم ذكائه وفطنته ارجوا ان اجد الحل عندكم,llm_structured_entity_extraction,groq,llama-3.1-8b-instant,0.850
men_llm_0000599,ent_diseasecondition_16cf4e77b755,التهاب,DiseaseCondition,chunk_00111,ahd5k_04546,476124,التهاب,answer,ولاً،لنتحدث عن الفوائد المحتملة لاستخدام اللهاية: 1- قد تهدئ من بكاء الطفل،وتلهيه إن كان يتألم مثلاً عن سبب الألم 2- قد تساعده على النوم 3- قد تقلل من خطر التعرض لموت الرضع المفاجئ ثانياً ، المخاطر المحتملة : 1- استخدامها المبكر قد يؤثر على الرضاعة الطبيعية 2- قد يعتاد الطفل عليها إلى درجة أنه سوف يبكي كلما سقطت من فمه 3- قد تزيد من خطر الإصابة بالتهابات الأذن الوسطى 4- استخدامها لفترات طويلة قد يؤثر على نمو الأسنان بشكل سليم,llm_structured_entity_extraction,groq,llama-3.1-8b-instant,0.850
men_llm_0000600,ent_diseasecondition_22b7b2b1b34f,حساسية البروتين البقري,DiseaseCondition,chunk_00112,ahd5k_04793,255677,حساسية البروتين البقري,answer,حليب خاص لحساسية البروتين البقري,llm_structured_entity_extraction,groq,llama-3.1-8b-instant,0.950
men_llm_0000601,ent_diseasecondition_443aafd23ff7,التوحد السلوكي,DiseaseCondition,chunk_00112,ahd5k_04764,530033,التوحد السلوكي,answer,التوحد يعني ضعف اوعدم القدره على التواصل مع الاخرين- والمصاب لا يقدر على التواصل البصري مع الاخرين-ينعزل ويكرر نفس العمل كتلبيس لعبته اوتنظيفها-قد يصاحبه تشنجات احيانا وضعف الكلام ويعالج فيالمراكز المتخصصه وحسب الاعراض,llm_structured_entity_extraction,groq,llama-3.1-8b-instant,0.950
men_llm_0000602,ent_treatment_2a81ae8e5fd2,فيتامين بوليفيتال,Treatment,chunk_00112,ahd5k_04642,703679,فيتامين بوليفيتال,question,فكتب له الدكتور قبل طهارته فيتامين بوليفيتال نقط كم نقطة...,llm_structured_entity_extraction,groq,llama-3.1-8b-instant,0.950
men_llm_0000603,ent_treatment_b5f12c81a7ee,سباستال,Treatment,chunk_00112,ahd5k_04907,451744,سباستال,answer,يعطى السباستال بمقدار قطرتين لكل كيلو غرام من وزن الطفل,llm_structured_entity_extraction,groq,llama-3.1-8b-instant,0.950
men_llm_0000604,ent_treatment_d440760c4700,بروبايوتيك,Treatment,chunk_00112,ahd5k_04907,451744,بروبايوتيك,answer,قطرات أو مسحوق البروبايوتيك الذي يعمل على تقوية المناعة وتخفيف الإنتفاخ والمغص لدى الرضع,llm_structured_entity_extraction,groq,llama-3.1-8b-instant,0.950
men_llm_0000605,ent_diseasecondition_16cf4e77b755,التهاب,DiseaseCondition,chunk_00113,ahd5k_00736,390106,التهاب,answer,التهاب في اغلب الاحيان يكمن السبب في اهمال الاعتناء بالنظافة الفمية,llm_structured_entity_extraction,groq,llama-3.1-8b-instant,0.850
men_llm_0000606,ent_diseasecondition_16cf4e77b755,التهاب,DiseaseCondition,chunk_00113,ahd5k_01751,84518,التهاب,answer,التهاب الاسنجه المحيطه بالسن او اللثه,llm_structured_entity_extraction,groq,llama-3.1-8b-instant,0.850
men_llm_0000607,ent_diseasecondition_16cf4e77b755,التهاب,DiseaseCondition,chunk_00113,ahd5k_02169,186436,التهاب,answer,قد تكون المشكلة في اللسان وله عدة اسباب مثل التهاب بكتيري او فطري او فيروسي,llm_structured_entity_extraction,groq,llama-3.1-8b-instant,0.850
men_llm_0000608,ent_diseasecondition_16cf4e77b755,التهاب,DiseaseCondition,chunk_00113,ahd5k_02245,299957,التهاب,answer,يمكن إجراء الفحص عند طبيب آخر و الأفضل الاستعانة بصور الأشعة و التهاب لثة,llm_structured_entity_extraction,groq,llama-3.1-8b-instant,0.850
men_llm_0000609,ent_diseasecondition_16cf4e77b755,التهاب,DiseaseCondition,chunk_00113,ahd5k_02618,105556,التهاب,answer,تحتاج إلى إزالة الرواسب الجيرية و علاج التهاب اللثة,llm_structured_entity_extraction,groq,llama-3.1-8b-instant,0.850
men_llm_0000610,ent_diseasecondition_16cf4e77b755,التهاب,DiseaseCondition,chunk_00113,ahd5k_03427,270249,التهاب,answer,ظهر التهاب بقمةجذر,llm_structured_entity_extraction,groq,llama-3.1-8b-instant,0.850
men_llm_0000611,ent_diseasecondition_4171598a5900,اللثة,DiseaseCondition,chunk_00113,ahd5k_00736,390106,اللثه,answer,التهاب في اغلب الاحيان يكمن السبب في اهمال الاعتناء بالنظافة الفمية ... الحل باجراء تنظيف للاسنان عند الطبيب و تفريش الاسنان بطريقة صحيحة و استعال مضمضة طبية و اتباع التعليمات الاضافية التي يمليها عليك الطبيب,llm_structured_entity_extraction,groq,llama-3.1-8b-instant,0.850
men_llm_0000612,ent_diseasecondition_4171598a5900,اللثة,DiseaseCondition,chunk_00113,ahd5k_01751,84518,اللثه,answer,التهاب اللثة في اغلب الاحيان يكمن السبب في اهمال الاعتناء بالنظافة الفمية,llm_structured_entity_extraction,groq,llama-3.1-8b-instant,0.850
men_llm_0000613,ent_diseasecondition_4171598a5900,اللثة,DiseaseCondition,chunk_00113,ahd5k_02169,186436,اللسان,answer,قد تكون المشكلة في اللسان وله عدة اسباب مثل التهاب بكتيري او فطري او فيروسي,llm_structured_entity_extraction,groq,llama-3.1-8b-instant,0.850
men_llm_0000614,ent_diseasecondition_4171598a5900,اللثة,DiseaseCondition,chunk_00113,ahd5k_02245,299957,اللثه,answer,يمكن إجراء الفحص عند طبيب آخر و الأفضل الاستعانة بصور الأشعة و التهاب اللثة,llm_structured_entity_extraction,groq,llama-3.1-8b-instant,0.850
men_llm_0000615,ent_diseasecondition_4171598a5900,اللثة,DiseaseCondition,chunk_00113,ahd5k_02618,105556,اللثه,answer,تحتاج إلى إزالة الرواسب الجيرية و علاج التهاب اللثة,llm_structured_entity_extraction,groq,llama-3.1-8b-instant,0.850
men_llm_0000616,ent_diseasecondition_4171598a5900,اللثة,DiseaseCondition,chunk_00113,ahd5k_03427,270249,اللثه,answer,ظهر التهاب بقمةجذر,llm_structured_entity_extraction,groq,llama-3.1-8b-instant,0.850
men_llm_0000617,ent_diseasecondition_6e95846a4080,التهاب اللثة,DiseaseCondition,chunk_00113,ahd5k_00736,390106,التهاب اللثه,answer,التهاب في اغلب الاحيان يكمن السبب في اهمال الاعتناء بالنظافة الفمية ... الحل باجراء تنظيف للاسنان عند الطبيب و تفريش الاسنان بطريقة صحيحة و استعال مضمضة طبية و اتباع التعليمات الاضافية التي يمليها عليك الطبيب,llm_structured_entity_extraction,groq,llama-3.1-8b-instant,0.850
men_llm_0000618,ent_diseasecondition_6e95846a4080,التهاب اللثة,DiseaseCondition,chunk_00113,ahd5k_01751,84518,التهاب اللثه,answer,التهاب اللثة في اغلب الاحيان يكمن السبب في اهمال الاعتناء بالنظافة الفمية,llm_structured_entity_extraction,groq,llama-3.1-8b-instant,0.850
men_llm_0000619,ent_diseasecondition_6e95846a4080,التهاب اللثة,DiseaseCondition,chunk_00113,ahd5k_02169,186436,التهاب اللثه,answer,قد تكون المشكلة في اللسان وله عدة اسباب مثل التهاب بكتيري او فطري او فيروسي,llm_structured_entity_extraction,groq,llama-3.1-8b-instant,0.850
men_llm_0000620,ent_diseasecondition_6e95846a4080,التهاب اللثة,DiseaseCondition,chunk_00113,ahd5k_02245,299957,التهاب اللثه,answer,يمكن إجراء الفحص عند طبيب آخر و الأفضل الاستعانة بصور الأشعة و التهاب اللثة,llm_structured_entity_extraction,groq,llama-3.1-8b-instant,0.850
men_llm_0000621,ent_diseasecondition_6e95846a4080,التهاب اللثة,DiseaseCondition,chunk_00113,ahd5k_02618,105556,التهاب اللثه,answer,تحتاج إلى إزالة الرواسب الجيرية و علاج التهاب اللثة,llm_structured_entity_extraction,groq,llama-3.1-8b-instant,0.850
men_llm_0000622,ent_diseasecondition_6e95846a4080,التهاب اللثة,DiseaseCondition,chunk_00113,ahd5k_03427,270249,التهاب اللثه,answer,ظهر التهاب بقمةجذر,llm_structured_entity_extraction,groq,llama-3.1-8b-instant,0.850
men_llm_0000623,ent_diseasecondition_5a02034f11b7,التهاب بكتيري,DiseaseCondition,chunk_00113,ahd5k_02169,186436,التهاب بكتيري,answer,قد تكون المشكلة في اللسان وله عدة اسباب مثل التهاب بكتيري او فطري او فيروسي,llm_structured_entity_extraction,groq,llama-3.1-8b-instant,0.850
men_llm_0000624,ent_diseasecondition_9c03a470d940,التهاب فطري,DiseaseCondition,chunk_00113,ahd5k_02169,186436,التهاب فطري,answer,قد تكون المشكلة في اللسان وله عدة اسباب مثل التهاب بكتيري او فطري او فيروسي,llm_structured_entity_extraction,groq,llama-3.1-8b-instant,0.850
men_llm_0000625,ent_diseasecondition_2f75d3dabe0b,حساسية,DiseaseCondition,chunk_00114,ahd5k_02966,650929,حساسية,answer,حساسية,llm_structured_entity_extraction,groq,llama-3.1-8b-instant,0.950
men_llm_0000626,ent_treatment_fca1a888ae57,تنظيف اللثة,Treatment,chunk_00114,ahd5k_02966,650929,تنظيف اللثة,answer,تنظيف اللثة,llm_structured_entity_extraction,groq,llama-3.1-8b-instant,0.900
men_llm_0000627,ent_treatment_948c17b9713d,النظافة اليومية,Treatment,chunk_00114,ahd5k_02966,650929,النظافة اليومية,answer,النظافة اليومية,llm_structured_entity_extraction,groq,llama-3.1-8b-instant,0.850
men_llm_0000628,ent_treatment_48d78ab2fe1d,التفريش,Treatment,chunk_00114,ahd5k_02966,650929,التفريش,answer,التفريش,llm_structured_entity_extraction,groq,llama-3.1-8b-instant,0.800
men_llm_0000629,ent_treatment_451ebfb7cce2,التغذية,Treatment,chunk_00114,ahd5k_02966,650929,التغذية,answer,التغذية,llm_structured_entity_extraction,groq,llama-3.1-8b-instant,0.750
men_llm_0000630,ent_diseasecondition_8b9d599f7475,الأسنان,DiseaseCondition,chunk_00114,ahd5k_02966,650929,الأسنان,answer,الأسنان,llm_structured_entity_extraction,groq,llama-3.1-8b-instant,0.700
men_llm_0000631,ent_treatment_43526f78a371,مضاد حيوي,Treatment,chunk_00115,ahd5k_01293,469627,مضاد حيوي,answer,لا بد من مضاد حيوي و مسكن الم و مضمضة فموية,llm_structured_entity_extraction,groq,llama-3.1-8b-instant,0.850
men_llm_0000632,ent_treatment_b8b3fb59e87b,مسكن الم,Treatment,chunk_00115,ahd5k_00625,639070,مسكن الم,answer,ممكن تأخذ منه ولكن انت بحاجة إلى مسكن الم أيضا مثل Brufen,llm_structured_entity_extraction,groq,llama-3.1-8b-instant,0.850
men_llm_0000633,ent_treatment_b8b3fb59e87b,مسكن الم,Treatment,chunk_00115,ahd5k_01293,469627,مسكن الم,answer,لا بد من مضاد حيوي و مسكن الم و مضمضة فموية,llm_structured_entity_extraction,groq,llama-3.1-8b-instant,0.850
men_llm_0000634,ent_treatment_b8b3fb59e87b,مسكن الم,Treatment,chunk_00115,ahd5k_03925,597066,مسكن ألم,answer,إذا لم يترافق مع الألم ورم أو انتباج لاداعي للمضاد الحيوي ويكفي مسكن ألم,llm_structured_entity_extraction,groq,llama-3.1-8b-instant,0.850
men_llm_0000635,ent_test_c4cfd2d6468c,أشعة,Test,chunk_00115,ahd5k_03019,162372,اشعه,answer,"ان شاء الله مع الوقت تخف, انصحك بزيارة الطبيب في أقرب وقت للفحص اللازم و عمل اشعه علي أسنانك للاطمئنان عليها",llm_structured_entity_extraction,groq,llama-3.1-8b-instant,0.850
men_llm_0000636,ent_test_c4cfd2d6468c,أشعة,Test,chunk_00115,ahd5k_04648,139259,اشعة بانورامية,answer,يجب اجراء صورة اشعة بانورامية لتشخيص المشكلة,llm_structured_entity_extraction,groq,llama-3.1-8b-instant,0.850
men_llm_0000637,ent_symptom_b754f1a1e5a8,صداع,Symptom,chunk_00116,ahd5k_04356,662197,صداع,question,صداع,llm_structured_entity_extraction,groq,llama-3.1-8b-instant,0.850
men_llm_0000638,ent_diseasecondition_04b436ff2a98,ضرس العقل,DiseaseCondition,chunk_00116,ahd5k_04356,662197,ضرس العقل,question,ضرس العقل,llm_structured_entity_extraction,groq,llama-3.1-8b-instant,0.850
men_llm_0000639,ent_symptom_249d07021a1b,الام,Symptom,chunk_00116,ahd5k_04356,662197,الام,question,الام,llm_structured_entity_extraction,groq,llama-3.1-8b-instant,0.850
men_llm_0000640,ent_treatment_1623092039ad,المراجعة الطبية,Treatment,chunk_00116,ahd5k_04356,662197,مراجعة طبيبك او اخصائي جراحه وجه و فكين,answer,مراجعة طبيبك او اخصائي جراحه وجه و فكين,llm_structured_entity_extraction,groq,llama-3.1-8b-instant,0.850
men_llm_0000641,ent_diseasecondition_16cf4e77b755,التهاب,DiseaseCondition,chunk_00117,ahd5k_00666,808135,التهاب,answer,التهاب في المثانة أو الإحليل,llm_structured_entity_extraction,groq,llama-3.1-8b-instant,0.850
men_llm_0000642,ent_symptom_59d5c1de0b88,الدم,Symptom,chunk_00117,ahd5k_00666,808135,الدم,answer,خروج الدم يعني وجود جرح في المثانة أو الإحليل,llm_structured_entity_extraction,groq,llama-3.1-8b-instant,0.850
men_llm_0000643,ent_test_f6ff9119ed14,تصوير الجهاز البولي,Test,chunk_00117,ahd5k_00666,808135,تصوير الجهاز البولي,answer,تصوير الجهاز البولي بصورة ملونر أي في بي لتحديد السبب والمكان,llm_structured_entity_extraction,groq,llama-3.1-8b-instant,0.850
men_llm_0000644,ent_treatment_90baddc0bf15,العلاج,Treatment,chunk_00117,ahd5k_00666,808135,العلاج,answer,وبعدها يتحدد العلاج,llm_structured_entity_extraction,groq,llama-3.1-8b-instant,0.850
men_llm_0000645,ent_diseasecondition_4ea30d57b62c,التصبغات السوداء,DiseaseCondition,chunk_00118,ahd5k_00209,392462,التصبغات السوداء,answer,التصبغات السوداء متنوعة المصدر منها ما هو خارجي,llm_structured_entity_extraction,groq,llama-3.1-8b-instant,0.850
men_llm_0000646,ent_diseasecondition_30c063bfe92d,التسوس,DiseaseCondition,chunk_00118,ahd5k_00209,392462,التسوس,answer,التسوس يكونه اسود اللون لكن يكون هناك نخر او تاكل في سطح السن,llm_structured_entity_extraction,groq,llama-3.1-8b-instant,0.850
men_llm_0000647,ent_treatment_1479a48d3d42,الدواء,Treatment,chunk_00118,ahd5k_00209,392462,مضمضة الكلورهيكسيدين,answer,مضمضة الكلورهيكسيدين,llm_structured_entity_extraction,groq,llama-3.1-8b-instant,0.850
men_llm_0000648,ent_treatment_1479a48d3d42,الدواء,Treatment,chunk_00118,ahd5k_03474,350141,vitamin b complex,answer,الدواءvitamin b complex,llm_structured_entity_extraction,groq,llama-3.1-8b-instant,0.850
men_llm_0000649,ent_diseasecondition_2f75d3dabe0b,حساسية,DiseaseCondition,chunk_00119,ahd5k_00069,89781,حساسية,question,حساسية الصدر,llm_structured_entity_extraction,groq,llama-3.1-8b-instant,0.850
men_llm_0000650,ent_diseasecondition_2f75d3dabe0b,حساسية,DiseaseCondition,chunk_00119,ahd5k_00069,89781,حساسية,answer,حساسية الصدر,llm_structured_entity_extraction,groq,llama-3.1-8b-instant,0.850
men_llm_0000651,ent_symptom_f4cf885a0447,سعال,Symptom,chunk_00119,ahd5k_00069,89781,سعال,question,سعال,llm_structured_entity_extraction,groq,llama-3.1-8b-instant,0.850
men_llm_0000652,ent_diseasecondition_16cf4e77b755,التهاب,DiseaseCondition,chunk_00119,ahd5k_00069,89781,التهاب,answer,التهاب,llm_structured_entity_extraction,groq,llama-3.1-8b-instant,0.850
men_llm_0000653,ent_treatment_249018a21aa8,القهوة,Treatment,chunk_00119,ahd5k_00315,237723,القهوة,answer,القهوة,llm_structured_entity_extraction,groq,llama-3.1-8b-instant,0.850
men_llm_0000654,ent_treatment_06010a2495f7,الشمع,Treatment,chunk_00119,ahd5k_00315,237723,الشمع,answer,الشمع,llm_structured_entity_extraction,groq,llama-3.1-8b-instant,0.850
men_llm_0000655,ent_diseasecondition_ee57bd84c53c,الضرس,DiseaseCondition,chunk_00119,ahd5k_00484,62516,الضرس,question,الضرس,llm_structured_entity_extraction,groq,llama-3.1-8b-instant,0.850
men_llm_0000656,ent_diseasecondition_ee57bd84c53c,الضرس,DiseaseCondition,chunk_00119,ahd5k_00977,474581,الضرس,question,الضرس,llm_structured_entity_extraction,groq,llama-3.1-8b-instant,0.850
men_llm_0000657,ent_diseasecondition_ee57bd84c53c,الضرس,DiseaseCondition,chunk_00119,ahd5k_01094,190690,الضرس,question,الضرس,llm_structured_entity_extraction,groq,llama-3.1-8b-instant,0.850
men_llm_0000658,ent_diseasecondition_ee57bd84c53c,الضرس,DiseaseCondition,chunk_00119,ahd5k_00821,723162,الضرس,question,الضرس,llm_structured_entity_extraction,groq,llama-3.1-8b-instant,0.850
men_llm_0000659,ent_diseasecondition_ee57bd84c53c,الضرس,DiseaseCondition,chunk_00119,ahd5k_00828,419047,الضرس,question,الضرس,llm_structured_entity_extraction,groq,llama-3.1-8b-instant,0.850
men_llm_0000660,ent_diseasecondition_385230d505f3,تهاب,DiseaseCondition,chunk_00120,ahd5k_01579,494295,التهاب,answer,علامات متقدمة لتسوس الاسنان او كسر بالسن يصل لمنطقة عصب السن او الضرس,llm_structured_entity_extraction,groq,llama-3.1-8b-instant,0.850
men_llm_0000661,ent_treatment_07c97c044791,تبييض,Treatment,chunk_00120,ahd5k_01878,129102,لصقات,answer,لصقات التبييض تعمل على تنظيف سطح الاسنان الطبيعي,llm_structured_entity_extraction,groq,llama-3.1-8b-instant,0.850
men_llm_0000662,ent_diseasecondition_385230d505f3,تهاب,DiseaseCondition,chunk_00120,ahd5k_02037,663742,التهاب,answer,انصحك بمراجعه طبيبك للكشف والنصيحه,llm_structured_entity_extraction,groq,llama-3.1-8b-instant,0.850
men_llm_0000663,ent_symptom_170df8c18553,كيس,Symptom,chunk_00120,ahd5k_02131,303735,كيس,question,هل كلاموكسيل يقظي على الكيس الموجود في اللثة,llm_structured_entity_extraction,groq,llama-3.1-8b-instant,0.850
men_llm_0000664,ent_diseasecondition_6e95846a4080,التهاب اللثة,DiseaseCondition,chunk_00121,ahd5k_02491,690449,تورم اللثه من الداخل,question,ما علاج تورم اللثه من الداخل؟,llm_structured_entity_extraction,groq,llama-3.1-8b-instant,0.850
men_llm_0000665,ent_diseasecondition_6e95846a4080,التهاب اللثة,DiseaseCondition,chunk_00121,ahd5k_02491,690449,التهاب,answer,لابد من تحديد السبب عن طريق الفحص واجراء الاشعة قد يكون بسبب سني او خراج لثوي لابد من مراجعة العيادة,llm_structured_entity_extraction,groq,llama-3.1-8b-instant,0.850
men_llm_0000666,ent_diseasecondition_16cf4e77b755,التهاب,DiseaseCondition,chunk_00121,ahd5k_02491,690449,التهاب,answer,لابد من تحديد السبب عن طريق الفحص واجراء الاشعة قد يكون بسبب سني او خراج لثوي لابد من مراجعة العيادة,llm_structured_entity_extraction,groq,llama-3.1-8b-instant,0.850
men_llm_0000667,ent_diseasecondition_2de63ce5404a,الجيب اللثوي,DiseaseCondition,chunk_00121,ahd5k_02986,18312,جيب لثوي,question,لدي جيب لثوي بين الضاحك والضرس,llm_structured_entity_extraction,groq,llama-3.1-8b-instant,0.850
men_llm_0000668,ent_symptom_8837f8fd35f4,الجيب اللثوي,Symptom,chunk_00121,ahd5k_02986,18312,جيب لثوي,question,لدي جيب لثوي بين الضاحك والضرس,llm_structured_entity_extraction,groq,llama-3.1-8b-instant,0.850
men_llm_0000669,ent_treatment_f60ee3a3269a,الجيب اللثوي,Treatment,chunk_00121,ahd5k_02986,18312,الجيب اللثوي,answer,قد تحتاج ازاله التلبيس و عمل جراحة بسيطة للجيب اللثوي و بعدها يتم وصع تاج جديد بعد شهر و اكيد وقتها رح تشعر بالتحسن ان شالله,llm_structured_entity_extraction,groq,llama-3.1-8b-instant,0.850
men_llm_0000670,ent_diseasecondition_16cf4e77b755,التهاب,DiseaseCondition,chunk_00121,ahd5k_02491,690449,الاشعة,answer,لابد من تحديد السبب عن طريق الفحص واجراء الاشعة قد يكون بسبب سني او خراج لثوي لابد من مراجعة العيادة,llm_structured_entity_extraction,groq,llama-3.1-8b-instant,0.850
men_llm_0000671,ent_diseasecondition_2f75d3dabe0b,حساسية,DiseaseCondition,chunk_00122,ahd5k_03098,57929,حساسية,answer,انصحك بعلاج كل الأسنان التي يتوجب علاجها و من ثم التوجه إلى طبيب اخصائي باطنيه,llm_structured_entity_extraction,groq,llama-3.1-8b-instant,0.850
men_llm_0000672,ent_diseasecondition_16cf4e77b755,التهاب,DiseaseCondition,chunk_00122,ahd5k_03113,51548,التهاب,question,عندي جرح داخل فمي في اللثه تحت السن ومؤلم جداً ، شنو الحل ؟,llm_structured_entity_extraction,groq,llama-3.1-8b-instant,0.850
men_llm_0000673,ent_treatment_cd6803651137,زراعة,Treatment,chunk_00122,ahd5k_03032,17578,زراعة,answer,حالة الحافة العظمية للفكممتازة لعمل زرعات سنية,llm_structured_entity_extraction,groq,llama-3.1-8b-instant,0.850
men_llm_0000674,ent_treatment_b16a545c0e9c,حشوة,Treatment,chunk_00122,ahd5k_04154,185958,حشوة,answer,يجب زيارة الطبيب لتنعيم الحشوه ......يمكن الأكل عليها ولكن لا يجب قطم النواشف عليها حيث أنها من الممكن أن تؤدى لكسرها,llm_structured_entity_extraction,groq,llama-3.1-8b-instant,0.850
men_llm_0000675,ent_test_f1846b201f26,فحص,Test,chunk_00122,ahd5k_04177,149998,فحص,answer,يجب فحص الحالة و التأكد من السن الذي تم خلعه هل هو سن دائم أو سن مؤقت مع بقاء مديد ..,llm_structured_entity_extraction,groq,llama-3.1-8b-instant,0.850
men_llm_0000676,ent_diseasecondition_16cf4e77b755,التهاب,DiseaseCondition,chunk_00123,ahd5k_04942,618358,التهاب,answer,علاج الاسنان و اللثة قبل البدء في تقويم الاسنان,llm_structured_entity_extraction,groq,llama-3.1-8b-instant,0.850
men_llm_0000677,ent_symptom_f4cf885a0447,سعال,Symptom,chunk_00123,ahd5k_04942,618358,سعال,question,سويت تقويم أسنان و الدكتور الي أشتغل عنده مهمل بس ركب تقويم وخلع ضرس ما نظف لي أي سن و لا شال أي سوسة من أضراسي الخلفية,llm_structured_entity_extraction,groq,llama-3.1-8b-instant,0.850
men_llm_0000678,ent_symptom_b754f1a1e5a8,صداع,Symptom,chunk_00124,ahd5k_00222,777470,ام حادة في الراس,question,ام حادة في الراس,llm_structured_entity_extraction,groq,llama-3.1-8b-instant,0.850
men_llm_0000679,ent_symptom_b754f1a1e5a8,صداع,Symptom,chunk_00124,ahd5k_00222,777470,نض سريع,question,نض سريع وقوي جدا في الشرايين الموجودة في منقطة جوانب الجبهة,llm_structured_entity_extraction,groq,llama-3.1-8b-instant,0.850
men_llm_0000680,ent_treatment_2466e618d2bf,باندول فولت فاست,Treatment,chunk_00124,ahd5k_00222,777470,باندول فولت فاست,answer,باندول فولت فاست,llm_structured_entity_extraction,groq,llama-3.1-8b-instant,0.850
men_llm_0000681,ent_diseasecondition_16cf4e77b755,التهاب,DiseaseCondition,chunk_00125,ahd5k_00859,784623,التهاب,answer,التحاليل المخبرية,llm_structured_entity_extraction,groq,llama-3.1-8b-instant,0.950
men_llm_0000682,ent_diseasecondition_16cf4e77b755,التهاب,DiseaseCondition,chunk_00125,ahd5k_01689,785565,التهاب,answer,رضح,llm_structured_entity_extraction,groq,llama-3.1-8b-instant,0.950
men_llm_0000683,ent_diseasecondition_16cf4e77b755,التهاب,DiseaseCondition,chunk_00125,ahd5k_03632,808032,التهاب,answer,التحاليل المخبرية,llm_structured_entity_extraction,groq,llama-3.1-8b-instant,0.950
men_llm_0000684,ent_diseasecondition_16cf4e77b755,التهاب,DiseaseCondition,chunk_00125,ahd5k_03685,793040,التهاب,answer,التهاب بكتيري وفطريات,llm_structured_entity_extraction,groq,llama-3.1-8b-instant,0.950
men_llm_0000685,ent_diseasecondition_16cf4e77b755,التهاب,DiseaseCondition,chunk_00125,ahd5k_03818,802465,التهاب,answer,التهاب فيروسي,llm_structured_entity_extraction,groq,llama-3.1-8b-instant,0.950
men_llm_0000686,ent_diseasecondition_16cf4e77b755,التهاب,DiseaseCondition,chunk_00125,ahd5k_04903,789927,التهاب,answer,التهاب غشائي عضلي,llm_structured_entity_extraction,groq,llama-3.1-8b-instant,0.950
men_llm_0000687,ent_diseasecondition_16cf4e77b755,التهاب,DiseaseCondition,chunk_00125,ahd5k_00859,784623,التهاب,question,التهاب في الغدد الليمفاوية,llm_structured_entity_extraction,groq,llama-3.1-8b-instant,0.950
men_llm_0000688,ent_diseasecondition_16cf4e77b755,التهاب,DiseaseCondition,chunk_00125,ahd5k_01689,785565,التهاب,question,التهاب في الثدي,llm_structured_entity_extraction,groq,llama-3.1-8b-instant,0.950
men_llm_0000689,ent_diseasecondition_16cf4e77b755,التهاب,DiseaseCondition,chunk_00125,ahd5k_03632,808032,التهاب,question,التهاب في الحالب,llm_structured_entity_extraction,groq,llama-3.1-8b-instant,0.950
men_llm_0000690,ent_diseasecondition_16cf4e77b755,التهاب,DiseaseCondition,chunk_00125,ahd5k_03685,793040,التهاب,question,التهاب بكتيري وفطريات,llm_structured_entity_extraction,groq,llama-3.1-8b-instant,0.950
men_llm_0000691,ent_diseasecondition_16cf4e77b755,التهاب,DiseaseCondition,chunk_00125,ahd5k_03818,802465,التهاب,question,التهاب في القفص الصدري,llm_structured_entity_extraction,groq,llama-3.1-8b-instant,0.950
men_llm_0000692,ent_diseasecondition_16cf4e77b755,التهاب,DiseaseCondition,chunk_00125,ahd5k_04903,789927,التهاب,question,التهاب غشائي عضلي,llm_structured_entity_extraction,groq,llama-3.1-8b-instant,0.950
men_llm_0000693,ent_diseasecondition_16cf4e77b755,التهاب,DiseaseCondition,chunk_00125,ahd5k_00859,784623,التحاليل المخبرية,answer,التحاليل المخبرية,llm_structured_entity_extraction,groq,llama-3.1-8b-instant,0.950
men_llm_0000694,ent_diseasecondition_16cf4e77b755,التهاب,DiseaseCondition,chunk_00125,ahd5k_01689,785565,رضح,answer,رضح,llm_structured_entity_extraction,groq,llama-3.1-8b-instant,0.950
men_llm_0000695,ent_diseasecondition_16cf4e77b755,التهاب,DiseaseCondition,chunk_00125,ahd5k_03632,808032,التحاليل المخبرية,answer,التحاليل المخبرية,llm_structured_entity_extraction,groq,llama-3.1-8b-instant,0.950
men_llm_0000696,ent_diseasecondition_16cf4e77b755,التهاب,DiseaseCondition,chunk_00125,ahd5k_03685,793040,التهاب بكتيري وفطريات,answer,التهاب بكتيري وفطريات,llm_structured_entity_extraction,groq,llama-3.1-8b-instant,0.950
men_llm_0000697,ent_diseasecondition_16cf4e77b755,التهاب,DiseaseCondition,chunk_00125,ahd5k_03818,802465,التهاب فيروسي,answer,التهاب فيروسي,llm_structured_entity_extraction,groq,llama-3.1-8b-instant,0.950
men_llm_0000698,ent_diseasecondition_16cf4e77b755,التهاب,DiseaseCondition,chunk_00125,ahd5k_04903,789927,التهاب غشائي عضلي,answer,التهاب غشائي عضلي,llm_structured_entity_extraction,groq,llama-3.1-8b-instant,0.950
men_llm_0000699,ent_diseasecondition_16cf4e77b755,التهاب,DiseaseCondition,chunk_00125,ahd5k_00859,784623,ادوية الالتهاب,answer,ادوية الالتهاب,llm_structured_entity_extraction,groq,llama-3.1-8b-instant,0.950
men_llm_0000700,ent_diseasecondition_16cf4e77b755,التهاب,DiseaseCondition,chunk_00125,ahd5k_03632,808032,ادوية الالتهاب,answer,ادوية الالتهاب,llm_structured_entity_extraction,groq,llama-3.1-8b-instant,0.950
men_llm_0000701,ent_diseasecondition_16cf4e77b755,التهاب,DiseaseCondition,chunk_00125,ahd5k_03685,793040,ادوية الالتهاب,answer,ادوية الالتهاب,llm_structured_entity_extraction,groq,llama-3.1-8b-instant,0.950
men_llm_0000702,ent_diseasecondition_16cf4e77b755,التهاب,DiseaseCondition,chunk_00125,ahd5k_03818,802465,ادوية الالتهاب,answer,ادوية الالتهاب,llm_structured_entity_extraction,groq,llama-3.1-8b-instant,0.950
men_llm_0000703,ent_diseasecondition_16cf4e77b755,التهاب,DiseaseCondition,chunk_00125,ahd5k_04903,789927,ادوية الالتهاب,answer,ادوية الالتهاب,llm_structured_entity_extraction,groq,llama-3.1-8b-instant,0.950
men_llm_0000704,ent_diseasecondition_f870ba2ab6eb,الدورة الشهرية,DiseaseCondition,chunk_00126,ahd5k_00140,795620,الدورة الشرية,question,الدورة الشرية,llm_structured_entity_extraction,groq,llama-3.1-8b-instant,0.950
men_llm_0000705,ent_diseasecondition_f870ba2ab6eb,الدورة الشهرية,DiseaseCondition,chunk_00126,ahd5k_00140,795620,الدورة الشهرية,answer,الدورة الشهرية,llm_structured_entity_extraction,groq,llama-3.1-8b-instant,0.950
men_llm_0000706,ent_diseasecondition_16cf4e77b755,التهاب,DiseaseCondition,chunk_00126,ahd5k_00140,795620,التهاب,answer,التهاب,llm_structured_entity_extraction,groq,llama-3.1-8b-instant,0.850
men_llm_0000707,ent_diseasecondition_2f75d3dabe0b,حساسية,DiseaseCondition,chunk_00127,ahd5k_02470,774384,حساسية,answer,نوع من أنواع الحساسية,llm_structured_entity_extraction,groq,llama-3.1-8b-instant,0.850
men_llm_0000708,ent_diseasecondition_2f75d3dabe0b,حساسية,DiseaseCondition,chunk_00127,ahd5k_04235,789452,تهاب القصبات,answer,التهاب القصبات,llm_structured_entity_extraction,groq,llama-3.1-8b-instant,0.850
men_llm_0000709,ent_diseasecondition_385230d505f3,تهاب,DiseaseCondition,chunk_00127,ahd5k_04235,789452,تهاب,answer,التهاب القصبات,llm_structured_entity_extraction,groq,llama-3.1-8b-instant,0.850
men_llm_0000710,ent_treatment_104bb0a91d5a,تيليفاست,Treatment,chunk_00127,ahd5k_02470,774384,تيليفاست,answer,مضاد للهيستامين مثل تيليفاست,llm_structured_entity_extraction,groq,llama-3.1-8b-instant,0.850
men_llm_0000711,ent_test_dd68aa784555,تحاليل مخبرية,Test,chunk_00127,ahd5k_04235,789452,تحاليل,answer,فحص طبي للوقوف على تفاصيل أكثر,llm_structured_entity_extraction,groq,llama-3.1-8b-instant,0.850
men_llm_0000712,ent_symptom_c01e00eb5c72,صداع التوتر,Symptom,chunk_00128,ahd5k_02662,123,صداع التوتر,answer,صداع التوتر,llm_structured_entity_extraction,groq,llama-3.1-8b-instant,0.850
men_llm_0000713,ent_diseasecondition_16cf4e77b755,التهاب,DiseaseCondition,chunk_00128,ahd5k_02662,123,التهاب,answer,التهاب,llm_structured_entity_extraction,groq,llama-3.1-8b-instant,0.850
men_llm_0000714,ent_symptom_b754f1a1e5a8,صداع,Symptom,chunk_00128,ahd5k_02662,123,صداع,question,صداع,llm_structured_entity_extraction,groq,llama-3.1-8b-instant,0.850
men_llm_0000715,ent_diseasecondition_6ed4cacd0b61,التهاب الشعري,DiseaseCondition,chunk_00128,ahd5k_03594,789751,التهاب الشعري,answer,التهاب الشعري,llm_structured_entity_extraction,groq,llama-3.1-8b-instant,0.850
men_llm_0000716,ent_diseasecondition_304bdda1e242,كيس الشعر,DiseaseCondition,chunk_00128,ahd5k_03594,789751,كيس الشعر,answer,كيس الشعر,llm_structured_entity_extraction,groq,llama-3.1-8b-instant,0.850
men_llm_0000717,ent_symptom_d713f64368d3,ضغط,Symptom,chunk_00128,ahd5k_02662,123,ضغط,question,ضغط,llm_structured_entity_extraction,groq,llama-3.1-8b-instant,0.850
men_llm_0000718,ent_symptom_38888a2188fe,القلق,Symptom,chunk_00128,ahd5k_02662,123,القلق,answer,القلق,llm_structured_entity_extraction,groq,llama-3.1-8b-instant,0.850
men_llm_0000719,ent_diseasecondition_d9b91988beb9,التهاب السحايا,DiseaseCondition,chunk_00128,ahd5k_02662,123,التهاب السحايا,answer,التهاب السحايا,llm_structured_entity_extraction,groq,llama-3.1-8b-instant,0.850
men_llm_0000720,ent_diseasecondition_aacab021c9d4,الصداع النصفي,DiseaseCondition,chunk_00128,ahd5k_02662,123,الصداع النصفي,answer,الصداع النصفي,llm_structured_entity_extraction,groq,llama-3.1-8b-instant,0.850
men_llm_0000721,ent_diseasecondition_ad3e19c416f6,التهاب الجيوب الأنفية,DiseaseCondition,chunk_00128,ahd5k_02662,123,التهاب الجيوب الأنفية,answer,التهاب الجيوب الأنفية,llm_structured_entity_extraction,groq,llama-3.1-8b-instant,0.850
men_llm_0000722,ent_diseasecondition_16cf4e77b755,التهاب,DiseaseCondition,chunk_00129,ahd5k_02023,802203,التهاب,answer,التهاب الأعصاب الطرفية,llm_structured_entity_extraction,groq,llama-3.1-8b-instant,0.850
men_llm_0000723,ent_diseasecondition_28f5fc799e65,فرط الحساسية,DiseaseCondition,chunk_00129,ahd5k_02023,802203,فرط الحساسية,answer,فرط الحساسية,llm_structured_entity_extraction,groq,llama-3.1-8b-instant,0.850
men_llm_0000724,ent_treatment_9b5bfe80cea0,دواء تلفاست أ سيرين,Treatment,chunk_00129,ahd5k_02023,802203,دواء تلفاست أ سيرين,answer,تناول دواء تلفاست أ سيرين,llm_structured_entity_extraction,groq,llama-3.1-8b-instant,0.850
men_llm_0000725,ent_treatment_6daeffa55a15,نيوروتين,Treatment,chunk_00129,ahd5k_02023,802203,نيوروتين,answer,دواء نيوروتين,llm_structured_entity_extraction,groq,llama-3.1-8b-instant,0.850
men_llm_0000726,ent_diseasecondition_2f75d3dabe0b,حساسية,DiseaseCondition,chunk_00130,ahd5k_00481,799649,حساسية شقية,answer,وجود اصابة حسية شقية في شق الجسم الايسر,llm_structured_entity_extraction,groq,llama-3.1-8b-instant,0.850
men_llm_0000727,ent_symptom_b754f1a1e5a8,صداع,Symptom,chunk_00130,ahd5k_02318,777880,صداع,question,صداع وظهور عرق بارز في جهه من الراس,llm_structured_entity_extraction,groq,llama-3.1-8b-instant,0.850
men_llm_0000728,ent_test_dd68aa784555,تحاليل مخبرية,Test,chunk_00130,ahd5k_03565,802159,تحليل بالدم,answer,اجراء تحليل بالدم,llm_structured_entity_extraction,groq,llama-3.1-8b-instant,0.850
men_llm_0000729,ent_test_c4cfd2d6468c,أشعة,Test,chunk_00130,ahd5k_00114,123,صورة اشعة عادية,answer,اجراء صورة اشعة عادية للحوض,llm_structured_entity_extraction,groq,llama-3.1-8b-instant,0.850
men_llm_0000730,ent_diseasecondition_16cf4e77b755,التهاب,DiseaseCondition,chunk_00130,ahd5k_00114,123,التهاب,answer,التهاب,llm_structured_entity_extraction,groq,llama-3.1-8b-instant,0.850
men_llm_0000731,ent_diseasecondition_ddc87069534f,نقص الحليب,DiseaseCondition,chunk_00130,ahd5k_03565,802159,نسبه هرمون الحليب,answer,نسبه هرمون الحليب,llm_structured_entity_extraction,groq,llama-3.1-8b-instant,0.850
men_llm_0000732,ent_diseasecondition_16cf4e77b755,التهاب,DiseaseCondition,chunk_00130,ahd5k_04754,785567,التهاب,answer,التهاب,llm_structured_entity_extraction,groq,llama-3.1-8b-instant,0.850
men_llm_0000733,ent_symptom_b754f1a1e5a8,صداع,Symptom,chunk_00131,ahd5k_00507,783653,صداع فى الرأس,question,صداع فى الرأس وشعور بحرارة فى الرأس وفى العين,llm_structured_entity_extraction,groq,llama-3.1-8b-instant,0.950
men_llm_0000734,ent_symptom_b754f1a1e5a8,صداع,Symptom,chunk_00131,ahd5k_00780,793477,صداع,question,صداع يختلف حدته من خفيف إلى قوي جدا,llm_structured_entity_extraction,groq,llama-3.1-8b-instant,0.950
men_llm_0000735,ent_symptom_b754f1a1e5a8,صداع,Symptom,chunk_00131,ahd5k_01058,780284,صداع,question,صداع لايزول بالمسكنات,llm_structured_entity_extraction,groq,llama-3.1-8b-instant,0.950
men_llm_0000736,ent_symptom_b754f1a1e5a8,صداع,Symptom,chunk_00131,ahd5k_03689,779339,صداع,question,صداع دائم,llm_structured_entity_extraction,groq,llama-3.1-8b-instant,0.950
men_llm_0000737,ent_diseasecondition_00247d3d5c80,الصداع التوتري,DiseaseCondition,chunk_00131,ahd5k_00780,793477,صداع التوتري,answer,قد يكون لديك نوع من الصداع يسمى بالصداع التوتري,llm_structured_entity_extraction,groq,llama-3.1-8b-instant,0.950
men_llm_0000738,ent_treatment_450cbdcb87da,الطبيب,Treatment,chunk_00131,ahd5k_00507,783653,طبيب اسنان متمرس,answer,من الافضل والاجدى اذا وجد ضرس غقل او اكثر مطمور ان تبادرى لازالتهم وذلك لدى طبيب اسنان متمرس,llm_structured_entity_extraction,groq,llama-3.1-8b-instant,0.950
men_llm_0000739,ent_treatment_450cbdcb87da,الطبيب,Treatment,chunk_00131,ahd5k_00780,793477,طبيب اعصاب,answer,مراجعة طبيب اعصاب وذلك لاتمام الفحص السريري و التاكد من التشخيص,llm_structured_entity_extraction,groq,llama-3.1-8b-instant,0.950
men_llm_0000740,ent_treatment_450cbdcb87da,الطبيب,Treatment,chunk_00131,ahd5k_01058,780284,أخصائي أنف وأذن وحنجرة,question,ذهبت لأفضل أخصائي أنف وأذن وحنجرة,llm_structured_entity_extraction,groq,llama-3.1-8b-instant,0.950
men_llm_0000741,ent_treatment_450cbdcb87da,الطبيب,Treatment,chunk_00131,ahd5k_03689,779339,أخصائي الأمراض الداخلية,answer,أنصحك بمراجعة أخصائي الأمراض الداخلية,llm_structured_entity_extraction,groq,llama-3.1-8b-instant,0.950
men_llm_0000742,ent_test_e668861db259,الصور الشعاعية,Test,chunk_00131,ahd5k_01058,780284,صور شعاعية,answer,قد يطلب صور شعاعية للرأس من ضمن فحوص أخرى,llm_structured_entity_extraction,groq,llama-3.1-8b-instant,0.950
men_llm_0000743,ent_symptom_f51ef98950a2,قلق,Symptom,chunk_00132,ahd5k_00804,768211,شعورى بقبضة فى صدرى,question,شعورى بقبضة فى صدرى تستغرق بضعة ثوانى ويصاحبها ضيق فى التنفس ....كان يتكرر هذا الموضوع معى من فترة الى اخرى ثم اصبح يوميا ثم يقل تدريجيا ولكنى مازلت...,llm_structured_entity_extraction,groq,llama-3.1-8b-instant,0.850
men_llm_0000744,ent_symptom_f51ef98950a2,قلق,Symptom,chunk_00132,ahd5k_00804,768211,قلق,answer,الافضل مراجعة طبيب,llm_structured_entity_extraction,groq,llama-3.1-8b-instant,0.850
men_llm_0000745,ent_diseasecondition_88a350b88c4d,عضلات الصدر,DiseaseCondition,chunk_00132,ahd5k_00804,768211,عضلات الصدر,answer,الافضل مراجعة طبيب,llm_structured_entity_extraction,groq,llama-3.1-8b-instant,0.850
men_llm_0000746,ent_test_c4cfd2d6468c,أشعة,Test,chunk_00133,ahd5k_04468,801217,صورة اشعة,answer,ينصح لك بصورة اشعة,llm_structured_entity_extraction,groq,llama-3.1-8b-instant,0.950
men_llm_0000747,ent_diseasecondition_63c6ebfcb439,كسر,DiseaseCondition,chunk_00133,ahd5k_04078,771729,كسر,answer,عليك بعمل صورة اشعة ربما هناك مشكلة معينة في عظام القفص الصدري مثل كسر,llm_structured_entity_extraction,groq,llama-3.1-8b-instant,0.950
men_llm_0000748,ent_diseasecondition_5490429a16c5,انزلاق غضروفي عنقي,DiseaseCondition,chunk_00133,ahd5k_04468,801217,انزلاق غضروفي عنقي,answer,ينصح لك بصورة اشعة للعنق، هذه العلامات تشير الى انزلاق غضروفي عنقي (في الرقبة) غالبا بين الخامسة و السادسة العنقية,llm_structured_entity_extraction,groq,llama-3.1-8b-instant,0.950
men_llm_0000749,ent_test_dd68aa784555,تحاليل مخبرية,Test,chunk_00134,ahd5k_02588,807194,تحليل مخبري,answer,فحوصات المخبرية,llm_structured_entity_extraction,groq,llama-3.1-8b-instant,0.950
men_llm_0000750,ent_test_dd68aa784555,تحاليل مخبرية,Test,chunk_00134,ahd5k_04620,791837,تحليل مخبري,answer,تحليل شامل للهرمونات وتصوير سونار للرحم والمبايض,llm_structured_entity_extraction,groq,llama-3.1-8b-instant,0.950
men_llm_0000751,ent_diseasecondition_c530adcb98c5,الاكتئاب,DiseaseCondition,chunk_00135,ahd5k_01394,786635,الاكتئاب,answer,الشعور بالاكتئاب,llm_structured_entity_extraction,groq,llama-3.1-8b-instant,0.950
men_llm_0000752,ent_diseasecondition_c530adcb98c5,الاكتئاب,DiseaseCondition,chunk_00135,ahd5k_01394,786635,الاكتئاب,answer,حالات الاكتئاب,llm_structured_entity_extraction,groq,llama-3.1-8b-instant,0.950
men_llm_0000753,ent_diseasecondition_9719230327a2,فقر الدم,DiseaseCondition,chunk_00135,ahd5k_01394,786635,فقر الدم,answer,فقر دم (انيميا الفول),llm_structured_entity_extraction,groq,llama-3.1-8b-instant,0.900
men_llm_0000754,ent_diseasecondition_16cf4e77b755,التهاب,DiseaseCondition,chunk_00135,ahd5k_01394,786635,التهاب,answer,تهاب,llm_structured_entity_extraction,groq,llama-3.1-8b-instant,0.800
men_llm_0000755,ent_treatment_84e0992b5157,شاي الأعشاب,Treatment,chunk_00135,ahd5k_01394,786635,شاي الأعشاب,answer,شاي الأعشاب,llm_structured_entity_extraction,groq,llama-3.1-8b-instant,0.950
men_llm_0000756,ent_treatment_84e0992b5157,شاي الأعشاب,Treatment,chunk_00135,ahd5k_01394,786635,أكليل الجبل,answer,أكليل الجبل,llm_structured_entity_extraction,groq,llama-3.1-8b-instant,0.950
men_llm_0000757,ent_treatment_84e0992b5157,شاي الأعشاب,Treatment,chunk_00135,ahd5k_01394,786635,النعناع,answer,النعناع,llm_structured_entity_extraction,groq,llama-3.1-8b-instant,0.950
men_llm_0000758,ent_treatment_84e0992b5157,شاي الأعشاب,Treatment,chunk_00135,ahd5k_01394,786635,البابونج,answer,البابونج,llm_structured_entity_extraction,groq,llama-3.1-8b-instant,0.950
men_llm_0000759,ent_treatment_84e0992b5157,شاي الأعشاب,Treatment,chunk_00135,ahd5k_01394,786635,اللافندر,answer,اللافندر,llm_structured_entity_extraction,groq,llama-3.1-8b-instant,0.950
men_llm_0000760,ent_treatment_84e0992b5157,شاي الأعشاب,Treatment,chunk_00135,ahd5k_01394,786635,اليانسون,answer,اليانسون,llm_structured_entity_extraction,groq,llama-3.1-8b-instant,0.950
men_llm_0000761,ent_treatment_84e0992b5157,شاي الأعشاب,Treatment,chunk_00135,ahd5k_01394,786635,الزعتر,answer,الزعتر,llm_structured_entity_extraction,groq,llama-3.1-8b-instant,0.950
men_llm_0000762,ent_treatment_84e0992b5157,شاي الأعشاب,Treatment,chunk_00135,ahd5k_01394,786635,المريمية,answer,المريمية,llm_structured_entity_extraction,groq,llama-3.1-8b-instant,0.950
men_llm_0000763,ent_treatment_84e0992b5157,شاي الأعشاب,Treatment,chunk_00135,ahd5k_01394,786635,البرتقال,answer,البرتقال,llm_structured_entity_extraction,groq,llama-3.1-8b-instant,0.950
men_llm_0000764,ent_treatment_84e0992b5157,شاي الأعشاب,Treatment,chunk_00135,ahd5k_01394,786635,الكركديه,answer,الكركديه,llm_structured_entity_extraction,groq,llama-3.1-8b-instant,0.950
men_llm_0000765,ent_treatment_84e0992b5157,شاي الأعشاب,Treatment,chunk_00135,ahd5k_01394,786635,الكنيدولا,answer,الكنيدولا,llm_structured_entity_extraction,groq,llama-3.1-8b-instant,0.950
men_llm_0000766,ent_treatment_84e0992b5157,شاي الأعشاب,Treatment,chunk_00135,ahd5k_01394,786635,الفاليريانا,answer,الفاليريانا,llm_structured_entity_extraction,groq,llama-3.1-8b-instant,0.950
men_llm_0000767,ent_treatment_84e0992b5157,شاي الأعشاب,Treatment,chunk_00135,ahd5k_01394,786635,المردقوش,answer,المردقوش,llm_structured_entity_extraction,groq,llama-3.1-8b-instant,0.950
men_llm_0000768,ent_treatment_84e0992b5157,شاي الأعشاب,Treatment,chunk_00135,ahd5k_01394,786635,الهندباء البرية,answer,الهندباء البرية,llm_structured_entity_extraction,groq,llama-3.1-8b-instant,0.950
men_llm_0000769,ent_treatment_84e0992b5157,شاي الأعشاب,Treatment,chunk_00135,ahd5k_01394,786635,الخزام,answer,الخزام,llm_structured_entity_extraction,groq,llama-3.1-8b-instant,0.950
men_llm_0000770,ent_treatment_84e0992b5157,شاي الأعشاب,Treatment,chunk_00135,ahd5k_01394,786635,النارنج,answer,النارنج,llm_structured_entity_extraction,groq,llama-3.1-8b-instant,0.950
men_llm_0000771,ent_treatment_84e0992b5157,شاي الأعشاب,Treatment,chunk_00135,ahd5k_01394,786635,الزيتون,answer,الزيتون,llm_structured_entity_extraction,groq,llama-3.1-8b-instant,0.950
men_llm_0000772,ent_treatment_84e0992b5157,شاي الأعشاب,Treatment,chunk_00135,ahd5k_01394,786635,الملفوف,answer,الملفوف,llm_structured_entity_extraction,groq,llama-3.1-8b-instant,0.950
men_llm_0000773,ent_treatment_84e0992b5157,شاي الأعشاب,Treatment,chunk_00135,ahd5k_01394,786635,جنين القمح,answer,جنين القمح,llm_structured_entity_extraction,groq,llama-3.1-8b-instant,0.950
men_llm_0000774,ent_treatment_84e0992b5157,شاي الأعشاب,Treatment,chunk_00135,ahd5k_01394,786635,البليلة,answer,البليلة,llm_structured_entity_extraction,groq,llama-3.1-8b-instant,0.950
men_llm_0000775,ent_treatment_84e0992b5157,شاي الأعشاب,Treatment,chunk_00135,ahd5k_01394,786635,الخردل,answer,الخردل,llm_structured_entity_extraction,groq,llama-3.1-8b-instant,0.950
men_llm_0000776,ent_treatment_84e0992b5157,شاي الأعشاب,Treatment,chunk_00135,ahd5k_01394,786635,بقلة يوحنا,answer,بقلة يوحنا,llm_structured_entity_extraction,groq,llama-3.1-8b-instant,0.950
men_llm_0000777,ent_treatment_84e0992b5157,شاي الأعشاب,Treatment,chunk_00135,ahd5k_01394,786635,كافاكافا,answer,كافاكافا,llm_structured_entity_extraction,groq,llama-3.1-8b-instant,0.950
men_llm_0000778,ent_diseasecondition_2f75d3dabe0b,حساسية,DiseaseCondition,chunk_00136,ahd5k_00142,771796,حساسية,question,حساسية,llm_structured_entity_extraction,groq,llama-3.1-8b-instant,0.850
men_llm_0000779,ent_diseasecondition_385230d505f3,تهاب,DiseaseCondition,chunk_00136,ahd5k_00142,771796,تهاب,answer,تهاب,llm_structured_entity_extraction,groq,llama-3.1-8b-instant,0.850
men_llm_0000780,ent_diseasecondition_a8997ac91159,فطريات,DiseaseCondition,chunk_00136,ahd5k_00142,771796,فطريات,question,فطريات,llm_structured_entity_extraction,groq,llama-3.1-8b-instant,0.850
men_llm_0000781,ent_diseasecondition_1b4cda592c0e,نقص فيتامين,DiseaseCondition,chunk_00136,ahd5k_00142,771796,نقص فيتامين,answer,نقص فيتامين,llm_structured_entity_extraction,groq,llama-3.1-8b-instant,0.850
men_llm_0000782,ent_symptom_ec53995c86ca,دوار,Symptom,chunk_00136,ahd5k_01140,783566,دوار,question,دوار,llm_structured_entity_extraction,groq,llama-3.1-8b-instant,0.850
men_llm_0000783,ent_symptom_2623f9ed0078,دقات سريعة للقلب,Symptom,chunk_00136,ahd5k_01140,783566,دقات سريعة للقلب,question,دقات سريعة للقلب,llm_structured_entity_extraction,groq,llama-3.1-8b-instant,0.850
men_llm_0000784,ent_symptom_e9ec482600f1,راسي تقيل,Symptom,chunk_00136,ahd5k_01140,783566,راسي تقيل,question,راسي تقيل,llm_structured_entity_extraction,groq,llama-3.1-8b-instant,0.850
men_llm_0000785,ent_diseasecondition_a8997ac91159,فطريات,DiseaseCondition,chunk_00136,ahd5k_01874,787594,فطريات,question,فطريات,llm_structured_entity_extraction,groq,llama-3.1-8b-instant,0.850
men_llm_0000786,ent_diseasecondition_1b4cda592c0e,نقص فيتامين,DiseaseCondition,chunk_00136,ahd5k_01874,787594,نقص فيتامين,answer,نقص فيتامين,llm_structured_entity_extraction,groq,llama-3.1-8b-instant,0.850
men_llm_0000787,ent_diseasecondition_16cf4e77b755,التهاب,DiseaseCondition,chunk_00136,ahd5k_01874,787594,التهاب,answer,التهاب,llm_structured_entity_extraction,groq,llama-3.1-8b-instant,0.850
men_llm_0000788,ent_diseasecondition_a2605dbbfa2a,أقل من الطبيعي,DiseaseCondition,chunk_00137,ahd5k_04817,778993,أقل من الطبيعي,answer,هذا أقل من الطبيعي ولكن في هذا العمر قد تحدث ثورة اذ يزداد الطول و الوزن بشكل مفاجئ,llm_structured_entity_extraction,groq,llama-3.1-8b-instant,0.850
men_llm_0000789,ent_treatment_df97f5e24856,النوم جيداً,Treatment,chunk_00137,ahd5k_04817,778993,النوم جيداً,answer,ماعليك سوى ممارسة الرياضة و تناول الاطعمة كاللحوم و الخضار و الفواكة والنوم جيداً,llm_structured_entity_extraction,groq,llama-3.1-8b-instant,0.850
men_llm_0000790,ent_treatment_c8e54783a44f,اللحوم,Treatment,chunk_00137,ahd5k_04817,778993,اللحوم,answer,ماعليك سوى ممارسة الرياضة و تناول الاطعمة كاللحوم و الخضار و الفواكة والنوم جيداً,llm_structured_entity_extraction,groq,llama-3.1-8b-instant,0.850
men_llm_0000791,ent_treatment_2b917ff56ac9,الخضار,Treatment,chunk_00137,ahd5k_04817,778993,الخضار,answer,ماعليك سوى ممارسة الرياضة و تناول الاطعمة كاللحوم و الخضار و الفواكة والنوم جيداً,llm_structured_entity_extraction,groq,llama-3.1-8b-instant,0.850
men_llm_0000792,ent_treatment_903a54038c7e,الفواكة,Treatment,chunk_00137,ahd5k_04817,778993,الفواكة,answer,ماعليك سوى ممارسة الرياضة و تناول الاطعمة كاللحوم و الخضار و الفواكة والنوم جيداً,llm_structured_entity_extraction,groq,llama-3.1-8b-instant,0.850
men_llm_0000793,ent_treatment_8f18706cd796,الرياضة,Treatment,chunk_00137,ahd5k_04817,778993,الرياضة,answer,ماعليك سوى ممارسة الرياضة و تناول الاطعمة كاللحوم و الخضار و الفواكة والنوم جيداً,llm_structured_entity_extraction,groq,llama-3.1-8b-instant,0.850
men_llm_0000794,ent_symptom_3218dcecad3c,تشنجات,Symptom,chunk_00137,ahd5k_04924,777360,تشنجات,question,هل تشنجات التي تحدث في الراس اي الجهة اليمنى والجهة الخلفية من الراس تدل...,llm_structured_entity_extraction,groq,llama-3.1-8b-instant,0.850
men_llm_0000795,ent_diseasecondition_16cf4e77b755,التهاب,DiseaseCondition,chunk_00138,ahd5k_00774,737406,التهاب,answer,التهاب الجلد الانين التهاب,llm_structured_entity_extraction,groq,llama-3.1-8b-instant,0.850
men_llm_0000796,ent_symptom_fe424a778440,حصاصة,Symptom,chunk_00138,ahd5k_00774,737406,حصاصة,answer,حصاصة الجلد الانين,llm_structured_entity_extraction,groq,llama-3.1-8b-instant,0.850
men_llm_0000797,ent_symptom_9731436c9bf9,الانين,Symptom,chunk_00138,ahd5k_00774,737406,الانين,answer,الانين الجلد,llm_structured_entity_extraction,groq,llama-3.1-8b-instant,0.850
men_llm_0000798,ent_test_789144e7ff3c,الثيحال الريوي,Test,chunk_00138,ahd5k_00774,737406,الثيحال الريوي,answer,الثيحال الريوي الثيحال الريوي,llm_structured_entity_extraction,groq,llama-3.1-8b-instant,0.850
men_llm_0000799,ent_diseasecondition_8900ade247cb,انزلاق أنقي,DiseaseCondition,chunk_00139,ahd5k_00754,786889,انزلاق أنقي,answer,انزلاق أنقي انزلاق انقي,llm_structured_entity_extraction,groq,llama-3.1-8b-instant,0.850
men_llm_0000800,ent_diseasecondition_db17a406c72e,ارتفاع ضغط الدم,DiseaseCondition,chunk_00140,ahd5k_03423,758528,مرض,question,مرض لحد الان لم نتمكن من معرفة السبب,llm_structured_entity_extraction,groq,llama-3.1-8b-instant,0.950
men_llm_0000801,ent_diseasecondition_db17a406c72e,ارتفاع ضغط الدم,DiseaseCondition,chunk_00140,ahd5k_03423,758528,ارتفاع ضغط الدم,answer,يجب مراقبة ضغط الدم باستمرار,llm_structured_entity_extraction,groq,llama-3.1-8b-instant,0.950
men_llm_0000802,ent_diseasecondition_32c84edce6a2,اكتئاب,DiseaseCondition,chunk_00140,ahd5k_03852,799940,اكتئاب,answer,التفكير بالانتحار,llm_structured_entity_extraction,groq,llama-3.1-8b-instant,0.900
men_llm_0000803,ent_symptom_d713f64368d3,ضغط,Symptom,chunk_00140,ahd5k_03423,758528,ضغط,question,مراقبة ضغط الدم باستمرار,llm_structured_entity_extraction,groq,llama-3.1-8b-instant,0.850
men_llm_0000804,ent_symptom_759403abc54c,الإغماء,Symptom,chunk_00140,ahd5k_03423,758528,الإغماء,answer,الإغماء,llm_structured_entity_extraction,groq,llama-3.1-8b-instant,0.900
men_llm_0000805,ent_test_433492431144,تحليل الحساسية,Test,chunk_00140,ahd5k_03423,758528,تحاليل مخبرية,question,اشعاعات الصدر و القلب و الرئة,llm_structured_entity_extraction,groq,llama-3.1-8b-instant,0.800
men_llm_0000806,ent_treatment_e3821aa5e124,مراقبة ضغط الدم,Treatment,chunk_00140,ahd5k_03423,758528,مراقبة ضغط الدم,answer,يجب مراقبة ضغط الدم باستمرار,llm_structured_entity_extraction,groq,llama-3.1-8b-instant,0.950
men_llm_0000807,ent_diseasecondition_aa9977b6b112,سكري,DiseaseCondition,chunk_00141,ahd5k_01577,762760,مرتفع,answer,السكري مرتفع يا بنتي!,llm_structured_entity_extraction,groq,llama-3.1-8b-instant,0.950
men_llm_0000808,ent_diseasecondition_aa9977b6b112,سكري,DiseaseCondition,chunk_00141,ahd5k_01577,762760,سكري,answer,السكري مرتفع يا بنتي!,llm_structured_entity_extraction,groq,llama-3.1-8b-instant,0.950
men_llm_0000809,ent_diseasecondition_aa9977b6b112,سكري,DiseaseCondition,chunk_00141,ahd5k_03627,790291,سكري,answer,1- ميتفورمين وهو يستعمل لعلاج السكري,llm_structured_entity_extraction,groq,llama-3.1-8b-instant,0.950
men_llm_0000810,ent_treatment_b6f673a13d6a,مدر بول,Treatment,chunk_00141,ahd5k_03627,790291,مدر بول,answer,2- مدر بول تخرج الماء الزائد من جسمك,llm_structured_entity_extraction,groq,llama-3.1-8b-instant,0.950
men_llm_0000811,ent_treatment_1e3baddafc66,سيبوترامين,Treatment,chunk_00141,ahd5k_03627,790291,سيبوترامين,answer,3- علاج سيبوترامين مثل : ميريديا او سيبوترم او دايت ماكس او سليماكس,llm_structured_entity_extraction,groq,llama-3.1-8b-instant,0.950
men_llm_0000812,ent_treatment_60057f719d6c,اورليستات,Treatment,chunk_00141,ahd5k_03627,790291,اورليستات,answer,4- اورليستات,llm_structured_entity_extraction,groq,llama-3.1-8b-instant,0.950
men_llm_0000813,ent_symptom_db012388d676,الكتف,Symptom,chunk_00142,ahd5k_00486,764818,الكتف,answer,الم بالكتف وبعد الاشعات اخبروهابانه شخونه في الكتف,llm_structured_entity_extraction,groq,llama-3.1-8b-instant,0.850
men_llm_0000814,ent_treatment_c93941cf1d98,البروفين,Treatment,chunk_00142,ahd5k_00486,764818,البروفين,answer,أو تناول بعض الأدوية المسكنة للألم اللاستيروئيدية ،ثل البروفين وغيره,llm_structured_entity_extraction,groq,llama-3.1-8b-instant,0.850
men_llm_0000815,ent_treatment_639e625fe991,الزنجبيل,Treatment,chunk_00142,ahd5k_00486,764818,الزنجبيل,answer,أو تناول بعض المأكولات التي خفف الألم مثل الزنجبيل وغيره,llm_structured_entity_extraction,groq,llama-3.1-8b-instant,0.850
men_llm_0000816,ent_diseasecondition_16cf4e77b755,التهاب,DiseaseCondition,chunk_00143,ahd5k_00171,796753,التهاب,answer,فحص الدهون لتحديد نوع الزيادة ومقدارها,llm_structured_entity_extraction,groq,llama-3.1-8b-instant,0.850
men_llm_0000817,ent_diseasecondition_1cda0b09f82c,الكوليسترول,DiseaseCondition,chunk_00143,ahd5k_00171,796753,الكوليسترول,answer,فحص الدهون لتحديد نوع الزيادة ومقدارها,llm_structured_entity_extraction,groq,llama-3.1-8b-instant,0.850
men_llm_0000818,ent_treatment_574f7ec272a2,الجرعة,Treatment,chunk_00143,ahd5k_01831,781654,الجرعة,answer,قراره على المعطيات السريرية والمخبرية الخاصة بالحالة,llm_structured_entity_extraction,groq,llama-3.1-8b-instant,0.850
men_llm_0000819,ent_diseasecondition_d99fb1a77d6c,الشيخوخة,DiseaseCondition,chunk_00144,ahd5k_00987,804794,علامات الشيخوخة المبكرة,answer,التقليل من علامات الشيخوخة,llm_structured_entity_extraction,groq,llama-3.1-8b-instant,0.850
men_llm_0000820,ent_diseasecondition_925cfcb87467,الجلطات الدماغية,DiseaseCondition,chunk_00144,ahd5k_01783,775935,جلطات دماغية,question,جلطات دماغية,llm_structured_entity_extraction,groq,llama-3.1-8b-instant,0.850
men_llm_0000821,ent_treatment_f3a613a63534,التغذية بالأنبوب,Treatment,chunk_00144,ahd5k_01783,775935,التغذية بالأنبوب,answer,متابعة التغذية بالأنبوب لمدة طويلة,llm_structured_entity_extraction,groq,llama-3.1-8b-instant,0.850
men_llm_0000822,ent_diseasecondition_35eb2b8f8638,اضطراب نفسي,DiseaseCondition,chunk_00144,ahd5k_03579,805596,اضطراب نفسي,answer,اضطراب نفسي يظهر لديها على شكل رهاب وعلى شكل الشك المرضي,llm_structured_entity_extraction,groq,llama-3.1-8b-instant,0.850
men_llm_0000823,ent_treatment_b5d6db6d8c42,العقاقير المضادة للذهان,Treatment,chunk_00144,ahd5k_03579,805596,العقاقير المضادة للذهان,answer,العقاقير المضادة للذهان,llm_structured_entity_extraction,groq,llama-3.1-8b-instant,0.850
men_llm_0000824,ent_diseasecondition_16cf4e77b755,التهاب,DiseaseCondition,chunk_00145,ahd5k_00008,807884,التهاب,answer,التهاب,llm_structured_entity_extraction,groq,llama-3.1-8b-instant,0.850
men_llm_0000825,ent_diseasecondition_7abdd04c7114,الحمل,DiseaseCondition,chunk_00145,ahd5k_00941,802831,الحمل,answer,الحمل,llm_structured_entity_extraction,groq,llama-3.1-8b-instant,0.850
men_llm_0000826,ent_treatment_02bcaecf1a7e,التفاح,Treatment,chunk_00145,ahd5k_04616,793031,التفاح,answer,التفاح,llm_structured_entity_extraction,groq,llama-3.1-8b-instant,0.850
men_llm_0000827,ent_treatment_f5972d4787bd,الأسماك الدهنية,Treatment,chunk_00145,ahd5k_04616,793031,الأسماك الدهنية,answer,الأسماك الدهنية,llm_structured_entity_extraction,groq,llama-3.1-8b-instant,0.850
men_llm_0000828,ent_treatment_c8e54783a44f,اللحوم,Treatment,chunk_00145,ahd5k_04616,793031,اللحوم,answer,اللحوم,llm_structured_entity_extraction,groq,llama-3.1-8b-instant,0.850
men_llm_0000829,ent_treatment_604cc35281be,الشوكولاته,Treatment,chunk_00145,ahd5k_04616,793031,الشوكولاته,answer,الشوكولاته,llm_structured_entity_extraction,groq,llama-3.1-8b-instant,0.850
men_llm_0000830,ent_treatment_612c88f2b060,العدس,Treatment,chunk_00145,ahd5k_04616,793031,العدس,answer,العدس,llm_structured_entity_extraction,groq,llama-3.1-8b-instant,0.850
men_llm_0000831,ent_treatment_70946505d33a,عسل ملكات النحل,Treatment,chunk_00145,ahd5k_04616,793031,عسل ملكات النحل,answer,عسل ملكات النحل,llm_structured_entity_extraction,groq,llama-3.1-8b-instant,0.850
men_llm_0000832,ent_treatment_edb14dbd221a,الجينسينغ,Treatment,chunk_00145,ahd5k_04616,793031,الجينسينغ,answer,الجينسينغ,llm_structured_entity_extraction,groq,llama-3.1-8b-instant,0.850
men_llm_0000833,ent_diseasecondition_7abdd04c7114,الحمل,DiseaseCondition,chunk_00146,ahd5k_00230,804638,الحمل,question,في أي شهر من أشهر الحمل يتم تكوين عظام الجنين,llm_structured_entity_extraction,groq,llama-3.1-8b-instant,0.850
men_llm_0000834,ent_diseasecondition_7abdd04c7114,الحمل,DiseaseCondition,chunk_00146,ahd5k_00439,802304,الحمل,answer,اذا كنت حامل وما زلت تستعملين اقراص ال بريمولوت ن فيجب ايقافها ، فهناك دراسات اثبتتت انه يمكن ان تؤدي هذه الاقراص الى تشوهات في القلب والاوعيه الدمويه لدى الجنين ، كما انه يمكن ان تؤدي الى تشوهات في الانبوب العصبي والدماغ,llm_structured_entity_extraction,groq,llama-3.1-8b-instant,0.850
men_llm_0000835,ent_diseasecondition_7abdd04c7114,الحمل,DiseaseCondition,chunk_00146,ahd5k_00604,787407,الحمل,question,زوجتي حامل في نهاية شهرها السابع وتبين من صور الأشعة السينية أن الجنين يعاني من متلازمة Chiari من الدرجة الثانية، : هل من الممكن الحصول على قائمة بأسماء مراكز طبية...,llm_structured_entity_extraction,groq,llama-3.1-8b-instant,0.850
men_llm_0000836,ent_diseasecondition_7abdd04c7114,الحمل,DiseaseCondition,chunk_00146,ahd5k_00793,782885,الحمل,question,حبيت اسال عن زيت اللوز المر للجسم انا استخدمه لبطني وكامل جسمي الان لي تقريبا 3 اسابيع وانا حامل في الاسبوع الثاني عشر ولقد قرات...,llm_structured_entity_extraction,groq,llama-3.1-8b-instant,0.850
men_llm_0000837,ent_diseasecondition_7abdd04c7114,الحمل,DiseaseCondition,chunk_00146,ahd5k_01023,807505,الحمل,question,كيف يمكننا اكتشاف هذة الحاله؟في اي عمر,llm_structured_entity_extraction,groq,llama-3.1-8b-instant,0.850
men_llm_0000838,ent_diseasecondition_7abdd04c7114,الحمل,DiseaseCondition,chunk_00146,ahd5k_01515,795116,الحمل,question,هل يوجد تأثير على الجنين في حالة تعاطي أقراص ميزوتاك في بداية الحمل بغرض الإجهاض وأنا الآن اقتنعت باكمال الحمل ولكن قلق من تأثر الجنين بالمادة الفعالة لهذا الدواء؟,llm_structured_entity_extraction,groq,llama-3.1-8b-instant,0.850
men_llm_0000839,ent_diseasecondition_7abdd04c7114,الحمل,DiseaseCondition,chunk_00146,ahd5k_01585,785691,الحمل,question,سلام لقد اجريت فحص الهرمون B-HCG ،و نتائج التحاليل كما يللي 3-4 اسبوع 9-130 4-5 اسبوع 75-2600 5-6 اسبوع 850-20800 7-8 اسبوع 4000-100200 7-12 اسبوع 11500-289000 12-16 اسبوع 18300-137000 و...,llm_structured_entity_extraction,groq,llama-3.1-8b-instant,0.850
men_llm_0000840,ent_diseasecondition_7abdd04c7114,الحمل,DiseaseCondition,chunk_00146,ahd5k_02160,806778,الحمل,question,هل من علاج فعال لمن يعاني من مرض anorectal agenesis عدم تكون المستقيم والشرج منذ الولادة وقد أجريت لي عدة عمليات ومازال التحكم ضعيف وفتحة الشرج ضيقة مع بروزها للخارج,llm_structured_entity_extraction,groq,llama-3.1-8b-instant,0.850
men_llm_0000841,ent_diseasecondition_3a654f2d937a,متلازمة Chiari,DiseaseCondition,chunk_00146,ahd5k_00604,787407,متلازمة Chiari,question,زوجتي حامل في نهاية شهرها السابع وتبين من صور الأشعة السينية أن الجنين يعاني من متلازمة Chiari من الدرجة الثانية، : هل من الممكن الحصول على قائمة بأسماء مراكز طبية...,llm_structured_entity_extraction,groq,llama-3.1-8b-instant,0.850
men_llm_0000842,ent_treatment_02841a5b9786,بريمولوت ن,Treatment,chunk_00146,ahd5k_00439,802304,بريمولوت ن,answer,اذا كنت حامل وما زلت تستعملين اقراص ال بريمولوت ن فيجب ايقافها ، فهناك دراسات اثبتتت انه يمكن ان تؤدي هذه الاقراص الى تشوهات في القلب والاوعيه الدمويه لدى الجنين ، كما انه يمكن ان تؤدي الى تشوهات في الانبوب العصبي والدماغ,llm_structured_entity_extraction,groq,llama-3.1-8b-instant,0.850
men_llm_0000843,ent_treatment_126db3468e93,زيت اللوز المر,Treatment,chunk_00146,ahd5k_00793,782885,زيت اللوز المر,question,حبيت اسال عن زيت اللوز المر للجسم انا استخدمه لبطني وكامل جسمي الان لي تقريبا 3 اسابيع وانا حامل في الاسبوع الثاني عشر ولقد قرات...,llm_structured_entity_extraction,groq,llama-3.1-8b-instant,0.850
men_llm_0000844,ent_treatment_2702542ba0eb,ميزوتاك,Treatment,chunk_00146,ahd5k_01515,795116,ميزوتاك,question,هل يوجد تأثير على الجنين في حالة تعاطي أقراص ميزوتاك في بداية الحمل بغرض الإجهاض وأنا الآن اقتنعت باكمال الحمل ولكن قلق من تأثر الجنين بالمادة الفعالة لهذا الدواء؟,llm_structured_entity_extraction,groq,llama-3.1-8b-instant,0.850
men_llm_0000845,ent_treatment_891f5d08fec8,البريمولوت ن,Treatment,chunk_00146,ahd5k_00439,802304,البريمولوت ن,answer,اذا كنت حامل وما زلت تستعملين اقراص ال بريمولوت ن فيجب ايقافها ، فهناك دراسات اثبتتت انه يمكن ان تؤدي هذه الاقراص الى تشوهات في القلب والاوعيه الدمويه لدى الجنين ، كما انه يمكن ان تؤدي الى تشوهات في الانبوب العصبي والدماغ,llm_structured_entity_extraction,groq,llama-3.1-8b-instant,0.850
men_llm_0000846,ent_diseasecondition_7abdd04c7114,الحمل,DiseaseCondition,chunk_00147,ahd5k_02381,802707,الحمل,question,ولدت الطفل داخل كيس اوغشاء عند ولداته,llm_structured_entity_extraction,groq,llama-3.1-8b-instant,0.850
men_llm_0000847,ent_diseasecondition_7abdd04c7114,الحمل,DiseaseCondition,chunk_00147,ahd5k_02665,805812,الحمل,answer,يستجيب الطفل في هذه المرحلة للصوت لذا يحبذ أن تسميعه ما تريدين من أصوات,llm_structured_entity_extraction,groq,llama-3.1-8b-instant,0.850
men_llm_0000848,ent_diseasecondition_7abdd04c7114,الحمل,DiseaseCondition,chunk_00147,ahd5k_03359,785247,الحمل,answer,حالة الحمل بسبب...,llm_structured_entity_extraction,groq,llama-3.1-8b-instant,0.850
men_llm_0000849,ent_diseasecondition_7abdd04c7114,الحمل,DiseaseCondition,chunk_00147,ahd5k_04001,797317,الحمل,question,حملي الاول,llm_structured_entity_extraction,groq,llama-3.1-8b-instant,0.850
men_llm_0000850,ent_treatment_183e85947f1d,Deyamethasone,Treatment,chunk_00147,ahd5k_03790,801919,Deyamethasone,answer,Nnصح بالراحة فقط واخذ ابر Deyamethasone 12 mg X Twice for one time only,llm_structured_entity_extraction,groq,llama-3.1-8b-instant,0.850
men_llm_0000851,ent_treatment_7dcc65be78f8,زيت الزيتون,Treatment,chunk_00147,ahd5k_04001,797317,زيت الزيتون,answer,بزيت الزيتون ثم حاولي شدها الى الخارج وذلك لمدة 3 - 5 دقائق 3 مرات في اليوم,llm_structured_entity_extraction,groq,llama-3.1-8b-instant,0.850
men_llm_0000852,ent_diseasecondition_d66c4956707a,Rhizomelic and Micromelia,DiseaseCondition,chunk_00147,ahd5k_04892,786375,Rhizomelic and Micromelia,question,اكتشفت فى نهاية الشهر السادس انه مصاب بRhizomelic and Micromelia,llm_structured_entity_extraction,groq,llama-3.1-8b-instant,0.850
men_llm_0000853,ent_diseasecondition_ae3dd473a795,Pallister Killian syndrome,DiseaseCondition,chunk_00147,ahd5k_04892,786375,Pallister Killian syndrome,answer,Among these syndromes: Pallister Killian syndrome,llm_structured_entity_extraction,groq,llama-3.1-8b-instant,0.850
men_llm_0000854,ent_diseasecondition_5f5cc11b7f72,Achondroplasia,DiseaseCondition,chunk_00147,ahd5k_04892,786375,Achondroplasia,answer,"Another possibility, Achondroplasia",llm_structured_entity_extraction,groq,llama-3.1-8b-instant,0.850
men_llm_0000855,ent_diseasecondition_33ebca04d291,الحودة الصكري,DiseaseCondition,chunk_00148,ahd5k_02182,803482,الحودة الصكري,answer,الحودة الصكري اليثثار الحودة الحال بالمرديدين,llm_structured_entity_extraction,groq,llama-3.1-8b-instant,0.850
men_llm_0000856,ent_diseasecondition_33ebca04d291,الحودة الصكري,DiseaseCondition,chunk_00148,ahd5k_02249,784955,الحودة الصكري,answer,الحودة الصكري اليثثار الحودة الحال بالمرديدين,llm_structured_entity_extraction,groq,llama-3.1-8b-instant,0.850
men_llm_0000857,ent_diseasecondition_41f520aa86a9,الحودة الحال,DiseaseCondition,chunk_00148,ahd5k_02182,803482,الحودة الحال,answer,الحودة الحال بالمرديدين,llm_structured_entity_extraction,groq,llama-3.1-8b-instant,0.850
men_llm_0000858,ent_diseasecondition_41f520aa86a9,الحودة الحال,DiseaseCondition,chunk_00148,ahd5k_02249,784955,الحودة الحال,answer,الحودة الحال بالمرديدين,llm_structured_entity_extraction,groq,llama-3.1-8b-instant,0.850
men_llm_0000859,ent_symptom_57992c2ef292,الحال,Symptom,chunk_00148,ahd5k_02182,803482,الحال,answer,الحال بالمرديدين,llm_structured_entity_extraction,groq,llama-3.1-8b-instant,0.850
men_llm_0000860,ent_symptom_57992c2ef292,الحال,Symptom,chunk_00148,ahd5k_02249,784955,الحال,answer,الحال بالمرديدين,llm_structured_entity_extraction,groq,llama-3.1-8b-instant,0.850
men_llm_0000861,ent_symptom_fdb2085491d0,الحال بالمرديدين,Symptom,chunk_00148,ahd5k_02182,803482,الحال بالمرديدين,answer,الحال بالمرديدين,llm_structured_entity_extraction,groq,llama-3.1-8b-instant,0.850
men_llm_0000862,ent_symptom_fdb2085491d0,الحال بالمرديدين,Symptom,chunk_00148,ahd5k_02249,784955,الحال بالمرديدين,answer,الحال بالمرديدين,llm_structured_entity_extraction,groq,llama-3.1-8b-instant,0.850
men_llm_0000863,ent_diseasecondition_7abdd04c7114,الحمل,DiseaseCondition,chunk_00149,ahd5k_03563,804972,الحمل,answer,الحمل,llm_structured_entity_extraction,groq,llama-3.1-8b-instant,0.950
men_llm_0000864,ent_symptom_23da4c61fd5e,النزيف,Symptom,chunk_00149,ahd5k_03563,804972,النزيف,answer,النزيف,llm_structured_entity_extraction,groq,llama-3.1-8b-instant,0.950
men_llm_0000865,ent_symptom_268a0d637f96,التهديد بالإجهاض,Symptom,chunk_00149,ahd5k_03563,804972,التهديد بالإجهاض,answer,التهديد بالإجهاض,llm_structured_entity_extraction,groq,llama-3.1-8b-instant,0.950
men_llm_0000866,ent_treatment_43cdb9f8f206,الجماع,Treatment,chunk_00149,ahd5k_03563,804972,الجماع,answer,الجماع,llm_structured_entity_extraction,groq,llama-3.1-8b-instant,0.950
men_llm_0000867,ent_test_433492431144,تحليل الحساسية,Test,chunk_00149,ahd5k_03563,804972,تحليل الحساسية,answer,تحليل الحساسية,llm_structured_entity_extraction,groq,llama-3.1-8b-instant,0.950
men_llm_0000868,ent_diseasecondition_b50b108a90f4,تشوهات,DiseaseCondition,chunk_00150,ahd5k_03355,783177,تشوهات في اليدين و رجلين,question,تشوهات في اليدين و رجلين,llm_structured_entity_extraction,groq,llama-3.1-8b-instant,0.950
men_llm_0000869,ent_diseasecondition_35d61a018e10,تشوه,DiseaseCondition,chunk_00150,ahd5k_03355,783177,تشوهات في اليدين و رجلين,question,تشوهات في اليدين و رجلين,llm_structured_entity_extraction,groq,llama-3.1-8b-instant,0.950
men_llm_0000870,ent_diseasecondition_7abdd04c7114,الحمل,DiseaseCondition,chunk_00151,ahd5k_02903,798607,الحمل,answer,نجحت وتم الحمل,llm_structured_entity_extraction,groq,llama-3.1-8b-instant,0.950
men_llm_0000871,ent_symptom_7a79bce3a153,قيء,Symptom,chunk_00151,ahd5k_02903,798607,قيء,question,قيء,llm_structured_entity_extraction,groq,llama-3.1-8b-instant,0.850
men_llm_0000872,ent_diseasecondition_7abdd04c7114,الحمل,DiseaseCondition,chunk_00152,ahd5k_00876,806090,الحمل,answer,الحمل,llm_structured_entity_extraction,groq,llama-3.1-8b-instant,0.850
men_llm_0000873,ent_diseasecondition_7abdd04c7114,الحمل,DiseaseCondition,chunk_00152,ahd5k_03090,790409,الحمل,answer,الحمل,llm_structured_entity_extraction,groq,llama-3.1-8b-instant,0.850
men_llm_0000874,ent_diseasecondition_7abdd04c7114,الحمل,DiseaseCondition,chunk_00152,ahd5k_03870,788044,الحمل,answer,الحمل,llm_structured_entity_extraction,groq,llama-3.1-8b-instant,0.850
men_llm_0000875,ent_test_c4cfd2d6468c,أشعة,Test,chunk_00152,ahd5k_00876,806090,أشعة,answer,أشعة,llm_structured_entity_extraction,groq,llama-3.1-8b-instant,0.850
men_llm_0000876,ent_test_dd68aa784555,تحاليل مخبرية,Test,chunk_00153,ahd5k_01185,806775,فحوصات,answer,إجراء فحوصات للتأكد,llm_structured_entity_extraction,groq,llama-3.1-8b-instant,0.950
men_llm_0000877,ent_test_dd68aa784555,تحاليل مخبرية,Test,chunk_00153,ahd5k_04735,803507,تحليل CMV IgM,answer,عمل تحليل CMV IgM بصفة دورية,llm_structured_entity_extraction,groq,llama-3.1-8b-instant,0.950
men_llm_0000878,ent_treatment_07bda7f8e857,توبيراميت,Treatment,chunk_00154,ahd5k_01266,787211,توبيراميت,answer,التي تؤدي الى ولادة دات شفة مشقوقة من غير استعمال دواء التوبيراميت,llm_structured_entity_extraction,groq,llama-3.1-8b-instant,0.850
men_llm_0000879,ent_diseasecondition_2a6dda2fbaec,شفة مشقوقة,DiseaseCondition,chunk_00154,ahd5k_01266,787211,شفة مشقوقة,answer,الشفة الأرنبية تعتبر من التشوهات الخلقية الشائعة نسبيا,llm_structured_entity_extraction,groq,llama-3.1-8b-instant,0.850
men_llm_0000880,ent_treatment_6e2eca7e0846,حبوب تخسيس الوزن,Treatment,chunk_00154,ahd5k_00127,803173,حبوب تخسيس الوزن,answer,ماجريم,llm_structured_entity_extraction,groq,llama-3.1-8b-instant,0.850
men_llm_0000881,ent_treatment_e10588af6bf0,الافطار,Treatment,chunk_00154,ahd5k_04065,793039,الافطار,answer,تناول وجبة الافطار يزيد من احتمالات انجاب اطفال ذكور,llm_structured_entity_extraction,groq,llama-3.1-8b-instant,0.850
men_llm_0000882,ent_treatment_adf1ea1ee5a7,موزة كبيرة,Treatment,chunk_00154,ahd5k_04065,793039,موزة كبيرة,answer,موزة كبيرة يوميا,llm_structured_entity_extraction,groq,llama-3.1-8b-instant,0.850
men_llm_0000883,ent_treatment_e8d6fe8e2a6a,كربونات الصودا,Treatment,chunk_00154,ahd5k_04065,793039,كربونات الصودا,answer,عمل دوش مهبلي بكربونات الصودا,llm_structured_entity_extraction,groq,llama-3.1-8b-instant,0.850
men_llm_0000884,ent_symptom_fd47e672abb7,حلمة,Symptom,chunk_00155,ahd5k_00615,802782,حلمة ثديي الايمن,question,حلمة ثديي الايمن لا يوجد بها فتحة اي انها ملساء تماما,llm_structured_entity_extraction,groq,llama-3.1-8b-instant,0.850
men_llm_0000885,ent_symptom_fd47e672abb7,حلمة,Symptom,chunk_00155,ahd5k_00615,802782,حلمة مسطحه,answer,فاذا كنت فقط تعانين من وجود حلمه مسطحه,llm_structured_entity_extraction,groq,llama-3.1-8b-instant,0.850
men_llm_0000886,ent_symptom_ff3a8a841494,نبض,Symptom,chunk_00155,ahd5k_01973,788922,نبض قلبه,question,ولكن قالت حجم الجنين8ملم وهوغيرطبيعي ويجب ان يكون19ملم في هذا العمروحللت لجرثومةالتكسوبلازماواظهرالتحليل انه كنت مصابةبهافي صغري ونسبتها30%ولكن شفيت منهاوعندي مناعة منها... ولكن بما انه كان هنالك نبض عند زيارة الطبيب,llm_structured_entity_extraction,groq,llama-3.1-8b-instant,0.850
men_llm_0000887,ent_treatment_5947f4c8a22d,تطويل العظم,Treatment,chunk_00155,ahd5k_02487,808258,تطويل العظم,answer,هناك طريقة روسية اخترعها الجراح الروسي لازاروف لتطويل العظم,llm_structured_entity_extraction,groq,llama-3.1-8b-instant,0.850
men_llm_0000888,ent_diseasecondition_743481d9d387,التصاق التوائم السيامي,DiseaseCondition,chunk_00155,ahd5k_02748,786045,التصاق التوائم السيامي,answer,التوائم السيامية تحدث بعد ان يتم التلقيح بحوالي ثمن ايام حيث تنقسم الجسم التوتي الى قسمين ولكن هذا النقسام لا يكون تاما فيحدث الالتصاق,llm_structured_entity_extraction,groq,llama-3.1-8b-instant,0.850
men_llm_0000889,ent_diseasecondition_16cf4e77b755,التهاب,DiseaseCondition,chunk_00156,ahd5k_02863,805723,التهاب,question,التهاب,llm_structured_entity_extraction,groq,llama-3.1-8b-instant,0.850
men_llm_0000890,ent_diseasecondition_16cf4e77b755,التهاب,DiseaseCondition,chunk_00156,ahd5k_02864,808289,التهاب,answer,التهاب,llm_structured_entity_extraction,groq,llama-3.1-8b-instant,0.850
men_llm_0000891,ent_diseasecondition_d99fb1a77d6c,الشيخوخة,DiseaseCondition,chunk_00156,ahd5k_03329,785657,الشيخوخة,answer,الشيخوخة,llm_structured_entity_extraction,groq,llama-3.1-8b-instant,0.850
men_llm_0000892,ent_diseasecondition_aaf0d0958a26,السرطان,DiseaseCondition,chunk_00156,ahd5k_03329,785657,السرطان,answer,السرطان,llm_structured_entity_extraction,groq,llama-3.1-8b-instant,0.850
men_llm_0000893,ent_diseasecondition_1420aadad936,الجنين,DiseaseCondition,chunk_00156,ahd5k_03455,800199,الجنين,question,الجنين,llm_structured_entity_extraction,groq,llama-3.1-8b-instant,0.850
men_llm_0000894,ent_diseasecondition_1420aadad936,الجنين,DiseaseCondition,chunk_00156,ahd5k_04815,787753,الجنين,answer,الجنين,llm_structured_entity_extraction,groq,llama-3.1-8b-instant,0.850
men_llm_0000895,ent_symptom_8dbc08affae1,الجنين,Symptom,chunk_00156,ahd5k_04815,787753,الجنين,answer,الجنين,llm_structured_entity_extraction,groq,llama-3.1-8b-instant,0.850
men_llm_0000896,ent_test_0e8b0f13e650,الجنين,Test,chunk_00156,ahd5k_03455,800199,الجنين,question,الجنين,llm_structured_entity_extraction,groq,llama-3.1-8b-instant,0.850
men_llm_0000897,ent_test_0e8b0f13e650,الجنين,Test,chunk_00156,ahd5k_04815,787753,الجنين,answer,الجنين,llm_structured_entity_extraction,groq,llama-3.1-8b-instant,0.850
men_llm_0000898,ent_treatment_f7646981eb0a,الجنين,Treatment,chunk_00156,ahd5k_03455,800199,الجنين,answer,الجنين,llm_structured_entity_extraction,groq,llama-3.1-8b-instant,0.850
men_llm_0000899,ent_treatment_f7646981eb0a,الجنين,Treatment,chunk_00156,ahd5k_04815,787753,الجنين,answer,الجنين,llm_structured_entity_extraction,groq,llama-3.1-8b-instant,0.850
men_llm_0000900,ent_diseasecondition_81ee665c48f1,Hashimoto,DiseaseCondition,chunk_00157,ahd5k_03394,15485,غدة درقية (هاشيموتو),question,غدة درقية (هاشيموتو),llm_structured_entity_extraction,groq,llama-3.1-8b-instant,0.950
men_llm_0000901,ent_diseasecondition_81ee665c48f1,Hashimoto,DiseaseCondition,chunk_00157,ahd5k_03394,15485,هاشيموتو,question,هاشيموتو,llm_structured_entity_extraction,groq,llama-3.1-8b-instant,0.950
men_llm_0000902,ent_test_891e6b99157e,الكلية,Test,chunk_00157,ahd5k_03394,15485,الكلية,question,الكلية,llm_structured_entity_extraction,groq,llama-3.1-8b-instant,0.850
men_llm_0000903,ent_test_891e6b99157e,الكلية,Test,chunk_00157,ahd5k_03394,15485,الكلية,answer,الكلية,llm_structured_entity_extraction,groq,llama-3.1-8b-instant,0.850
men_llm_0000904,ent_test_ca6f7fce3808,PTH,Test,chunk_00157,ahd5k_03833,629051,PTH,answer,PTH,llm_structured_entity_extraction,groq,llama-3.1-8b-instant,0.950
men_llm_0000905,ent_diseasecondition_16cf4e77b755,التهاب,DiseaseCondition,chunk_00158,ahd5k_02203,531473,التهاب,answer,تهابات الغدة الدرقية,llm_structured_entity_extraction,groq,llama-3.1-8b-instant,0.950
men_llm_0000906,ent_diseasecondition_16cf4e77b755,التهاب,DiseaseCondition,chunk_00158,ahd5k_03769,384290,التهاب,question,التهاب,llm_structured_entity_extraction,groq,llama-3.1-8b-instant,0.950
men_llm_0000907,ent_treatment_4e4b38e6ff32,كاربيمازول,Treatment,chunk_00158,ahd5k_02203,531473,كاربيمازول,question,كاربيمازول 5mg,llm_structured_entity_extraction,groq,llama-3.1-8b-instant,0.850
men_llm_0000908,ent_treatment_08325dd63292,ثيروكسين,Treatment,chunk_00158,ahd5k_03769,384290,levothyrox25,answer,levothyrox25 1/2cp,llm_structured_entity_extraction,groq,llama-3.1-8b-instant,0.950
men_llm_0000909,ent_diseasecondition_7abdd04c7114,الحمل,DiseaseCondition,chunk_00159,ahd5k_00048,799207,الحمل,answer,ان هرمون الثيروكسين (هرمون الغده الدرقيه) مهم لنمو الجنين العقلي والجسدي، لذلك فان نقص افراز هذا الهرمون الذي يكون نتيجه خمول بالغده الدرقيه قد يؤدي اذا لم تتم معالجته لمده طويله خلال الحمل وخاصه في الثلث الثاني والثالث من الحمل الى تشوهات خلقية وحالات التقزم,llm_structured_entity_extraction,groq,llama-3.1-8b-instant,0.950
men_llm_0000910,ent_diseasecondition_7abdd04c7114,الحمل,DiseaseCondition,chunk_00159,ahd5k_01754,643194,الحمل,answer,نعم يجب علاجها,llm_structured_entity_extraction,groq,llama-3.1-8b-instant,0.950
men_llm_0000911,ent_diseasecondition_21962ce71aec,نقص هرمونات,DiseaseCondition,chunk_00160,ahd5k_04611,722968,نقص هرمونات,answer,التقيم بحاجة الى اخذ تاريخ مرضي واضح ومن ثم الفحص السريري واخيرا عمل الفحوصات المخبرية والصورالشعاعية ومن ثم العلاج,llm_structured_entity_extraction,groq,llama-3.1-8b-instant,0.950
men_llm_0000912,ent_symptom_9510bd8242ac,انقطاع الطمث,Symptom,chunk_00160,ahd5k_04611,722968,انقطاع الطمث,question,اعاني من مشكلة انقطاع الطمث لمدة شهرين كل مرة اي غير منتظمة و عندما زرت اخصائي قال ان عندي مشكلة نقص هرمونات,llm_structured_entity_extraction,groq,llama-3.1-8b-instant,0.900
men_llm_0000913,ent_treatment_ad98d6688d4a,التقيم,Treatment,chunk_00160,ahd5k_04611,722968,التقيم,answer,التقيم بحاجة الى اخذ تاريخ مرضي واضح ومن ثم الفحص السريري واخيرا عمل الفحوصات المخبرية والصورالشعاعية ومن ثم العلاج,llm_structured_entity_extraction,groq,llama-3.1-8b-instant,0.800
men_llm_0000914,ent_test_c4ec2e232baf,الفحوصات المخبرية,Test,chunk_00160,ahd5k_04611,722968,الفحوصات المخبرية,answer,التقيم بحاجة الى اخذ تاريخ مرضي واضح ومن ثم الفحص السريري واخيرا عمل الفحوصات المخبرية والصورالشعاعية ومن ثم العلاج,llm_structured_entity_extraction,groq,llama-3.1-8b-instant,0.850
men_llm_0000915,ent_diseasecondition_d56405bafefa,تكيس المبايض,DiseaseCondition,chunk_00161,ahd5k_00772,719773,تكيس المبايض,answer,تكيس المبايض,llm_structured_entity_extraction,groq,llama-3.1-8b-instant,0.950
men_llm_0000916,ent_symptom_dbef79463d2f,سمنة,Symptom,chunk_00161,ahd5k_00772,719773,سمنة,question,سمنة,llm_structured_entity_extraction,groq,llama-3.1-8b-instant,0.850
men_llm_0000917,ent_treatment_0faf4c6d9712,كليمين,Treatment,chunk_00161,ahd5k_00772,719773,كليمين,answer,كليمين,llm_structured_entity_extraction,groq,llama-3.1-8b-instant,0.950
men_llm_0000918,ent_treatment_f9afb64b4575,Euthyrox25,Treatment,chunk_00161,ahd5k_00772,719773,Euthyrox25,answer,Euthyrox25,llm_structured_entity_extraction,groq,llama-3.1-8b-instant,0.950
men_llm_0000919,ent_treatment_3ca399102196,GLUCOVIG,Treatment,chunk_00161,ahd5k_00772,719773,GLUCOVIG,answer,GLUCOVIG,llm_structured_entity_extraction,groq,llama-3.1-8b-instant,0.950
men_llm_0000920,ent_test_dd68aa784555,تحاليل مخبرية,Test,chunk_00161,ahd5k_00772,719773,تحاليل مخبرية,answer,تحاليل مخبرية,llm_structured_entity_extraction,groq,llama-3.1-8b-instant,0.950
men_llm_0000921,ent_diseasecondition_532f5db9617f,نشاط الغدة الدرقية,DiseaseCondition,chunk_00162,ahd5k_02200,91240,نشاط الغدة الدرقية,answer,يعاني العديد من الأشخاص من حالة صحية تسمى نشاط الغدة الدرقية,llm_structured_entity_extraction,groq,llama-3.1-8b-instant,0.950
men_llm_0000922,ent_diseasecondition_09dfb160ec9a,مرض جريفز,DiseaseCondition,chunk_00162,ahd5k_02200,91240,مرض جريفز,answer,الإصابة بأحد اضطرابات المناعة الذاتية الوراثية مثل مرض جريفز,llm_structured_entity_extraction,groq,llama-3.1-8b-instant,0.950
men_llm_0000923,ent_diseasecondition_c123927b86ec,عقيدات الغدة الدرقية,DiseaseCondition,chunk_00162,ahd5k_02200,91240,عقيدات الغدة الدرقية,answer,الإصابة بحالة تسمى عقيدات الغدة الدرقية,llm_structured_entity_extraction,groq,llama-3.1-8b-instant,0.950
men_llm_0000924,ent_diseasecondition_31c6f1e3a619,التهاب الغدة الدرقية,DiseaseCondition,chunk_00162,ahd5k_02200,91240,التهاب الغدة الدرقية,answer,الإصابة بحالة تسمى التهاب الغدة الدرقية,llm_structured_entity_extraction,groq,llama-3.1-8b-instant,0.950
men_llm_0000925,ent_treatment_72992721d87a,جرعة,Treatment,chunk_00162,ahd5k_02200,91240,جرعة,answer,العمل على تناول جرعات كبيرة من هرمون الغدة الدرقية,llm_structured_entity_extraction,groq,llama-3.1-8b-instant,0.950
men_llm_0000926,ent_test_dd68aa784555,تحاليل مخبرية,Test,chunk_00162,ahd5k_02200,91240,تحاليل مخبرية,answer,يعاني العديد من الأشخاص من حالة صحية تسمى نشاط الغدة الدرقية حيث يحدث في هذه الحالة إفراز كمية كبيرة من هرمونات الغدة الدرقية وهما ثلاثي يودوثيرونين (T3) وهرمون ثيروكسين (T4).,llm_structured_entity_extraction,groq,llama-3.1-8b-instant,0.950
men_llm_0000927,ent_diseasecondition_5fea51591b68,نقص بحجم الثدي,DiseaseCondition,chunk_00163,ahd5k_02702,652152,نقص بحجم الثدي الايمن,question,نقص بحجم الثدي الايمن,llm_structured_entity_extraction,groq,llama-3.1-8b-instant,0.850
men_llm_0000928,ent_treatment_57825f7a3418,مراجعة اخصائية النسائية,Treatment,chunk_00163,ahd5k_02702,652152,مراجعة اخصائية النسائية,answer,مراجعة اخصائية النسائية,llm_structured_entity_extraction,groq,llama-3.1-8b-instant,0.850
men_llm_0000929,ent_test_ce6fcb80c1fe,فحص سريري,Test,chunk_00163,ahd5k_02702,652152,فحص سريري,answer,فحص سريري,llm_structured_entity_extraction,groq,llama-3.1-8b-instant,0.850
men_llm_0000930,ent_diseasecondition_9db0143f0c61,إسهال,DiseaseCondition,chunk_00164,ahd5k_03761,82756,اسهال,answer,اسهال,llm_structured_entity_extraction,groq,llama-3.1-8b-instant,0.850
men_llm_0000931,ent_test_dd68aa784555,تحاليل مخبرية,Test,chunk_00164,ahd5k_03761,82756,تحليل مخبري,answer,تحليل مخبري,llm_structured_entity_extraction,groq,llama-3.1-8b-instant,0.850
men_llm_0000932,ent_treatment_43dc015d2c81,euthyrox,Treatment,chunk_00164,ahd5k_03761,82756,euthyrox,answer,euthyrox,llm_structured_entity_extraction,groq,llama-3.1-8b-instant,0.850
men_llm_0000933,ent_symptom_018ebc11f6df,حمى,Symptom,chunk_00165,ahd5k_03137,764956,حمى,answer,زيادة في نشاط الدرق,llm_structured_entity_extraction,groq,llama-3.1-8b-instant,0.850
men_llm_0000934,ent_diseasecondition_16cf4e77b755,التهاب,DiseaseCondition,chunk_00166,ahd5k_00632,53158,التهاب,answer,يوجد كسل أولى بالغده الدرقيه ونحتاج للعلاج يجب زياره طبيب الغدد للفحص السريرى والاحتياج لاكمال باقى الفحوصات المعمليه وموجات صوتيه على الغده الدرقيه,llm_structured_entity_extraction,groq,llama-3.1-8b-instant,0.850
men_llm_0000935,ent_test_dd68aa784555,تحاليل مخبرية,Test,chunk_00166,ahd5k_00632,53158,تحاليل,answer,يوجد كسل أولى بالغده الدرقيه ونحتاج للعلاج يجب زياره طبيب الغدد للفحص السريرى والاحتياج لاكمال باقى الفحوصات المعمليه وموجات صوتيه على الغده الدرقيه,llm_structured_entity_extraction,groq,llama-3.1-8b-instant,0.850
men_llm_0000936,ent_diseasecondition_7b4788cd854a,الغدة الدرقية,DiseaseCondition,chunk_00166,ahd5k_00632,53158,الغده الدرقيه,answer,يوجد كسل أولى بالغده الدرقيه ونحتاج للعلاج يجب زياره طبيب الغدد للفحص السريرى والاحتياج لاكمال باقى الفحوصات المعمليه وموجات صوتيه على الغده الدرقيه,llm_structured_entity_extraction,groq,llama-3.1-8b-instant,0.850
men_llm_0000937,ent_diseasecondition_7b4788cd854a,الغدة الدرقية,DiseaseCondition,chunk_00166,ahd5k_02980,532577,الغده الدرقيه,answer,اذا كان ال TSH هو المقصود فهذه ممكن ان تكون بداية خمول ولكن عليكي اعادة التحليل للتأكد فإذا استمر ال tsh بالارتفاع فعليكب بدأ العلاج وتنظيم هرمون الغدة,llm_structured_entity_extraction,groq,llama-3.1-8b-instant,0.850
men_llm_0000938,ent_diseasecondition_7b4788cd854a,الغدة الدرقية,DiseaseCondition,chunk_00166,ahd5k_03465,670602,الغده الدرقيه,answer,هناك زيادة نشاط بسيط جدا يدعى ماقبل السريري افضل اعادة الفحص والمتابعة مع اخصائي الغدد و مبدئيا ممكن اخذ علاج preponplol 10mg ثلاث مرات يوميا,llm_structured_entity_extraction,groq,llama-3.1-8b-instant,0.850
men_llm_0000939,ent_diseasecondition_7b4788cd854a,الغدة الدرقية,DiseaseCondition,chunk_00166,ahd5k_02980,532577,الغده الدرقيه,question,السلام عليكم أنا عملت تحليل للغدة الدرقيه قبل سنه وكانت النتائج ممتازه ولكن لما عملته بعد مرور سنه ظهر بالتحليل ان المعدل ٦ وقالت الدكتوره فيه ارتفاع في مستوى هرمون...,llm_structured_entity_extraction,groq,llama-3.1-8b-instant,0.850
men_llm_0000940,ent_diseasecondition_7b4788cd854a,الغدة الدرقية,DiseaseCondition,chunk_00166,ahd5k_03465,670602,الغده الدرقيه,question,انا اعاني من جميع اعراض نشاط الغده الدرقيه واجريت تحليل وهذه النتائج TSH:0.32 ref range 0.35-5.5 freeT3:3 ref range 2.3-5.4 FreeT4:1.3 ref. Range 0.8-1.8 لذا هل ا عاني نشاط,llm_structured_entity_extraction,groq,llama-3.1-8b-instant,0.850
men_llm_0000941,ent_diseasecondition_385230d505f3,تهاب,DiseaseCondition,chunk_00167,ahd5k_00372,85574,التحليل طبيعي . إذا كانت تأخد تيروكسين عليها أن تستمر بنفس الجرعة . وإذا لم تكن تأخذ فالغدة طبيعية ولاتحتاج لشيء,answer,التحليل طبيعي,llm_structured_entity_extraction,groq,llama-3.1-8b-instant,0.850
men_llm_0000942,ent_diseasecondition_385230d505f3,تهاب,DiseaseCondition,chunk_00167,ahd5k_00791,423676,عزيزتي غالباً عن استخدام هرمون الثايروكسين بالجرعة المطلوبة يتحسن النوم لدى الأغلبية ولذلك يجب التأكد ان الجرعة كافية عن طريق تحليل الدم لمستوى هرمون الغدة tsh والأمر الآخر يتطلب استقصاء الأسباب الاخرى لكثرة النوم او الخمول والكسل بشكل عام العضوية والنفسية,answer,تهاب,llm_structured_entity_extraction,groq,llama-3.1-8b-instant,0.850
men_llm_0000943,ent_diseasecondition_385230d505f3,تهاب,DiseaseCondition,chunk_00167,ahd5k_01491,720295,عمري ٢٥سنة واعاني من نشاط زائد في الغده الدرقية وقمت بأخذ جرعه من اليود النووي المشع وعندي طفل عمره سنه فما المده الزمنيه المحدده اللتي سأتمكن بعدها,question,تهاب,llm_structured_entity_extraction,groq,llama-3.1-8b-instant,0.850
men_llm_0000944,ent_diseasecondition_385230d505f3,تهاب,DiseaseCondition,chunk_00167,ahd5k_01750,159290,زدت جرعه الثيروكسبن من ٧٥ الى ١٠٠ وبعدها ب ٣ اسابيع احس بالم بالحلق مثل الاحتقان بس مو احتفان لي اسبوع كذا هل ارجع لجرعتي السابقه وماذا افعل,question,تهاب,llm_structured_entity_extraction,groq,llama-3.1-8b-instant,0.850
men_llm_0000945,ent_diseasecondition_385230d505f3,تهاب,DiseaseCondition,chunk_00167,ahd5k_04258,30925,عندكسل غده واخذت علاج اثيروكس 25 رجعت بعدها وحللت الحمدلله نزلت ورجعت للمعدل الطبيعي بعدها بشهرين قاعده اشوفها وصلت 3:11 وبعد 4شهور وصلت3:92 هل هذايعني خلاص استمرعلى الحبوب؟,question,تهاب,llm_structured_entity_extraction,groq,llama-3.1-8b-instant,0.850
men_llm_0000946,ent_treatment_72992721d87a,جرعة,Treatment,chunk_00167,ahd5k_00372,85574,التحليل طبيعي . إذا كانت تأخد تيروكسين عليها أن تستمر بنفس الجرعة . وإذا لم تكن تأخذ فالغدة طبيعية ولاتحتاج لشيء,answer,بنفس الجرعة,llm_structured_entity_extraction,groq,llama-3.1-8b-instant,0.850
men_llm_0000947,ent_treatment_72992721d87a,جرعة,Treatment,chunk_00167,ahd5k_00791,423676,عزيزتي غالباً عن استخدام هرمون الثايروكسين بالجرعة المطلوبة يتحسن النوم لدى الأغلبية ولذلك يجب التأكد ان الجرعة كافية عن طريق تحليل الدم لمستوى هرمون الغدة tsh والأمر الآخر يتطلب استقصاء الأسباب الاخرى لكثرة النوم او الخمول والكسل بشكل عام العضوية والنفسية,answer,الجرعة المطلوبة,llm_structured_entity_extraction,groq,llama-3.1-8b-instant,0.850
men_llm_0000948,ent_treatment_72992721d87a,جرعة,Treatment,chunk_00167,ahd5k_01491,720295,عمري ٢٥سنة واعاني من نشاط زائد في الغده الدرقية وقمت بأخذ جرعه من اليود النووي المشع وعندي طفل عمره سنه فما المده الزمنيه المحدده اللتي سأتمكن بعدها,question,جرعه,llm_structured_entity_extraction,groq,llama-3.1-8b-instant,0.850
men_llm_0000949,ent_treatment_72992721d87a,جرعة,Treatment,chunk_00167,ahd5k_01750,159290,زدت جرعه الثيروكسبن من ٧٥ الى ١٠٠ وبعدها ب ٣ اسابيع احس بالم بالحلق مثل الاحتقان بس مو احتفان لي اسبوع كذا هل ارجع لجرعتي السابقه وماذا افعل,question,جرعتي السابقه,llm_structured_entity_extraction,groq,llama-3.1-8b-instant,0.850
men_llm_0000950,ent_treatment_72992721d87a,جرعة,Treatment,chunk_00167,ahd5k_04258,30925,عندكسل غده واخذت علاج اثيروكس 25 رجعت بعدها وحللت الحمدلله نزلت ورجعت للمعدل الطبيعي بعدها بشهرين قاعده اشوفها وصلت 3:11 وبعد 4شهور وصلت3:92 هل هذايعني خلاص استمرعلى الحبوب؟,question,استمرعلى الحبوب,llm_structured_entity_extraction,groq,llama-3.1-8b-instant,0.850
men_llm_0000951,ent_diseasecondition_16cf4e77b755,التهاب,DiseaseCondition,chunk_00168,ahd5k_00775,410042,التهاب,answer,التهاب,llm_structured_entity_extraction,groq,llama-3.1-8b-instant,0.850
men_llm_0000952,ent_diseasecondition_7abdd04c7114,الحمل,DiseaseCondition,chunk_00168,ahd5k_00775,410042,الحمل,question,الحمل,llm_structured_entity_extraction,groq,llama-3.1-8b-instant,0.850
men_llm_0000953,ent_test_dd68aa784555,تحاليل مخبرية,Test,chunk_00168,ahd5k_00775,410042,تحليل مخبري,answer,تحليل مخبري,llm_structured_entity_extraction,groq,llama-3.1-8b-instant,0.850
men_llm_0000954,ent_diseasecondition_22348d970227,مرض الغدة الدرقية,DiseaseCondition,chunk_00169,ahd5k_00035,317450,مرض الغدة الدرقية,question,مرض الغدة الدرقية يعني يخفض,llm_structured_entity_extraction,groq,llama-3.1-8b-instant,0.950
men_llm_0000955,ent_diseasecondition_22348d970227,مرض الغدة الدرقية,DiseaseCondition,chunk_00169,ahd5k_00035,317450,مرض الغدة الدرقية,answer,علاج الغدة,llm_structured_entity_extraction,groq,llama-3.1-8b-instant,0.950
men_llm_0000956,ent_treatment_3fd682796ae8,التروكسين,Treatment,chunk_00169,ahd5k_00035,317450,التروكسين,question,اخذ التروكسين,llm_structured_entity_extraction,groq,llama-3.1-8b-instant,0.900
men_llm_0000957,ent_test_234f794d532f,الهرمون,Test,chunk_00169,ahd5k_00035,317450,الهرمون,answer,مستوى الهرمون في الدم,llm_structured_entity_extraction,groq,llama-3.1-8b-instant,0.850
men_llm_0000958,ent_diseasecondition_109e661e0028,تهاب الغدة الدرقية,DiseaseCondition,chunk_00170,ahd5k_02685,722214,تهاب بالغدة الدرقيه,question,تهاب بالغدة الدرقيه زياده نشاط علما بانه بعد وﻻدتي السابقه حدث معي كذلك وزال بدون علاج ولكن هذه المره اشعر بان النشاط زاد وارهقني,llm_structured_entity_extraction,groq,llama-3.1-8b-instant,0.850
men_llm_0000959,ent_diseasecondition_16cf4e77b755,التهاب,DiseaseCondition,chunk_00170,ahd5k_02685,722214,التهاب,question,تهاب بالغدة الدرقيه زياده نشاط علما بانه بعد وﻻدتي السابقه حدث معي كذلك وزال بدون علاج ولكن هذه المره اشعر بان النشاط زاد وارهقني,llm_structured_entity_extraction,groq,llama-3.1-8b-instant,0.850
men_llm_0000960,ent_diseasecondition_16cf4e77b755,التهاب,DiseaseCondition,chunk_00170,ahd5k_03376,597810,اعراض الغدة الدرقيه,question,اعراض الغدة الدرقيه وعند اجراء التحليل وجد مايلي,llm_structured_entity_extraction,groq,llama-3.1-8b-instant,0.850
men_llm_0000961,ent_diseasecondition_16cf4e77b755,التهاب,DiseaseCondition,chunk_00170,ahd5k_03376,597810,التهاب,question,اعراض الغدة الدرقيه وعند اجراء التحليل وجد مايلي,llm_structured_entity_extraction,groq,llama-3.1-8b-instant,0.850
men_llm_0000962,ent_diseasecondition_16cf4e77b755,التهاب,DiseaseCondition,chunk_00170,ahd5k_03385,784709,اعانى من تضخم فى حجم الثدى,question,اعانى من تضخم فى حجم الثدى ...فهل يوجد علاقه بين قصر القضيب وتضخم حجم...,llm_structured_entity_extraction,groq,llama-3.1-8b-instant,0.850
men_llm_0000963,ent_diseasecondition_16cf4e77b755,التهاب,DiseaseCondition,chunk_00170,ahd5k_03385,784709,تضخم فى حجم الثدى,question,اعانى من تضخم فى حجم الثدى ...فهل يوجد علاقه بين قصر القضيب وتضخم حجم...,llm_structured_entity_extraction,groq,llama-3.1-8b-instant,0.850
men_llm_0000964,ent_diseasecondition_16cf4e77b755,التهاب,DiseaseCondition,chunk_00170,ahd5k_03431,791283,الم في الرقبه,question,الم في الرقبه ماهو سبب هل له علاقه بالعمليه,llm_structured_entity_extraction,groq,llama-3.1-8b-instant,0.850
men_llm_0000965,ent_diseasecondition_16cf4e77b755,التهاب,DiseaseCondition,chunk_00170,ahd5k_03431,791283,الم,question,الم في الرقبه ماهو سبب هل له علاقه بالعمليه,llm_structured_entity_extraction,groq,llama-3.1-8b-instant,0.850
men_llm_0000966,ent_diseasecondition_16cf4e77b755,التهاب,DiseaseCondition,chunk_00170,ahd5k_02620,712337,البلغم,question,لم يزداد طول القامة عندي بسرعة كما في البلوغ حيث ظهرت علامات البلوغ ما عدا النمو السريع حيث بلغت في سن 13 وانا لان عمري 15 ولم تاتي سرعة في...,llm_structured_entity_extraction,groq,llama-3.1-8b-instant,0.850
men_llm_0000967,ent_diseasecondition_16cf4e77b755,التهاب,DiseaseCondition,chunk_00170,ahd5k_02971,507400,الام اسفل الظهر,question,عند الاستيقاظ في الصباح اشعر بالام اسفل الظهر منذ فترة طويلة ما السبب انا استخدم علاج الثايروكسين هل له تاثير,llm_structured_entity_extraction,groq,llama-3.1-8b-instant,0.850
men_llm_0000968,ent_diseasecondition_16cf4e77b755,التهاب,DiseaseCondition,chunk_00170,ahd5k_03154,536341,التهاب,question,طب الغدد السلام عليكم اريد معرفة الحجم الطبيعي للغدة الدرقية بالسنتمتر,llm_structured_entity_extraction,groq,llama-3.1-8b-instant,0.850
men_llm_0000969,ent_diseasecondition_e70dbd4b1bf0,Hashimot,DiseaseCondition,chunk_00171,ahd5k_03831,442290,Hashimot,answer,لا يوجد تأثير ما دمتي تأخذي الدواء بانتظام,llm_structured_entity_extraction,groq,llama-3.1-8b-instant,0.950
men_llm_0000970,ent_treatment_21722b3a3cbc,Tiroxine,Treatment,chunk_00171,ahd5k_03831,442290,Tiroxine,question,أَنِّي أعاني من هاشيموتو في بعض الأحيان في رمضان أخذ الدواء قبل السحور ولا اكل شي بعده وأصوم طوال النهار,llm_structured_entity_extraction,groq,llama-3.1-8b-instant,0.950
men_llm_0000971,ent_treatment_4d680c503ac2,Radioactive Iodine,Treatment,chunk_00171,ahd5k_03963,494190,جرعة يود مشع,answer,هذا يدل ان اليود لا يفيدك. قد تحتاجي الى جراحة,llm_structured_entity_extraction,groq,llama-3.1-8b-instant,0.950
men_llm_0000972,ent_diseasecondition_85bdadb0e2a2,Hypothyroidism,DiseaseCondition,chunk_00171,ahd5k_04335,337004,خمول الغدة الدرقية,question,في موضوع خمول الغدة الدرقية ..هل عندما تعود الغدة الى وظيفتها الطبيعةبعد الخمول يعود الوزن كم كان قبل حدوث الخمول ؟,llm_structured_entity_extraction,groq,llama-3.1-8b-instant,0.950
men_llm_0000973,ent_treatment_7197c00f491c,Vitamin D,Treatment,chunk_00171,ahd5k_04342,492275,فيتامين د,answer,نعم. ممكن اخذ فيتامينات اخرى. لا مانع,llm_structured_entity_extraction,groq,llama-3.1-8b-instant,0.950
men_llm_0000974,ent_diseasecondition_8d0f4dc232cb,Growth Hormone,DiseaseCondition,chunk_00171,ahd5k_04373,285150,growth hormone,question,نصحونا نذهب لاخصائي غدد صماء لانو احتمال يكون نقص في growth hormone,llm_structured_entity_extraction,groq,llama-3.1-8b-instant,0.950
men_llm_0000975,ent_diseasecondition_250910ab0701,حساسية الصدر,DiseaseCondition,chunk_00172,ahd5k_04490,654959,حساسية الصدر,question,حساسية الصدر,llm_structured_entity_extraction,groq,llama-3.1-8b-instant,0.850
men_llm_0000976,ent_symptom_f4cf885a0447,سعال,Symptom,chunk_00172,ahd5k_04490,654959,سعال,question,سعال,llm_structured_entity_extraction,groq,llama-3.1-8b-instant,0.850
men_llm_0000977,ent_test_433492431144,تحليل الحساسية,Test,chunk_00172,ahd5k_04490,654959,تحليل الحساسية,answer,تحليل الحساسية,llm_structured_entity_extraction,groq,llama-3.1-8b-instant,0.850
men_llm_0000978,ent_treatment_90baddc0bf15,العلاج,Treatment,chunk_00172,ahd5k_04490,654959,العلاج,answer,العلاج,llm_structured_entity_extraction,groq,llama-3.1-8b-instant,0.850
men_llm_0000979,ent_symptom_6e02a9cc4e27,التوتر,Symptom,chunk_00173,ahd5k_04953,528105,التوتر والارهاق والقلق,answer,التوتر والارهاق والقلق,llm_structured_entity_extraction,groq,llama-3.1-8b-instant,0.850
men_llm_0000980,ent_symptom_3ab5bd868858,الارهاق,Symptom,chunk_00173,ahd5k_04953,528105,التوتر والارهاق والقلق,answer,التوتر والارهاق والقلق,llm_structured_entity_extraction,groq,llama-3.1-8b-instant,0.850
men_llm_0000981,ent_symptom_38888a2188fe,القلق,Symptom,chunk_00173,ahd5k_04953,528105,التوتر والارهاق والقلق,answer,التوتر والارهاق والقلق,llm_structured_entity_extraction,groq,llama-3.1-8b-instant,0.850
men_llm_0000982,ent_diseasecondition_0058b0001848,تضيق القنوات الموجودة داخل الكبد,DiseaseCondition,chunk_00174,ahd5k_00255,460646,تضيق القنوات الموجودة داخل الكبد,question,تضيق القنوات الموجودة داخل الكبد عند الاطفال,llm_structured_entity_extraction,groq,llama-3.1-8b-instant,0.850
men_llm_0000983,ent_diseasecondition_c0d08edb6394,تشمع الكبد,DiseaseCondition,chunk_00174,ahd5k_02213,236748,تشمع الكبد,answer,تشمع الكبد يؤثر على البول,llm_structured_entity_extraction,groq,llama-3.1-8b-instant,0.850
men_llm_0000984,ent_diseasecondition_56b595f8a1f5,فيروس الكبد الوبائي,DiseaseCondition,chunk_00174,ahd5k_04633,409102,فيروس الكبد الوبائي,answer,فيروس الكبد الوبائي بي,llm_structured_entity_extraction,groq,llama-3.1-8b-instant,0.850
men_llm_0000985,ent_treatment_07d0f0ae4c18,منظار قنوات مرارية الف سلامة,Treatment,chunk_00174,ahd5k_00255,460646,عمل منظار قنوات مرارية الف سلامة,answer,عمل منظار قنوات مرارية الف سلامة,llm_structured_entity_extraction,groq,llama-3.1-8b-instant,0.850
men_llm_0000986,ent_test_e25254260950,سونار بطن وحوض مع انريمات الكبد,Test,chunk_00174,ahd5k_01312,430732,عمل سونار بطن وحوض مع انريمات الكبد,answer,عمل سونار بطن وحوض مع انريمات الكبد,llm_structured_entity_extraction,groq,llama-3.1-8b-instant,0.850
men_llm_0000987,ent_symptom_496829ff3f53,البراز,Symptom,chunk_00176,ahd5k_00072,411608,البراز,answer,البراز,llm_structured_entity_extraction,groq,llama-3.1-8b-instant,0.850
men_llm_0000988,ent_diseasecondition_16cf4e77b755,التهاب,DiseaseCondition,chunk_00176,ahd5k_00072,411608,التهاب,answer,التهاب,llm_structured_entity_extraction,groq,llama-3.1-8b-instant,0.850
men_llm_0000989,ent_symptom_544114d1fc6b,الغازات,Symptom,chunk_00176,ahd5k_00072,411608,الغازات,question,الغازات,llm_structured_entity_extraction,groq,llama-3.1-8b-instant,0.850
men_llm_0000990,ent_diseasecondition_16cf4e77b755,التهاب,DiseaseCondition,chunk_00177,ahd5k_00032,639402,التهاب,answer,التهاب العضلات والتهاب الاضلاع واعتلال الغدد الليمفاوية,llm_structured_entity_extraction,groq,llama-3.1-8b-instant,0.850
men_llm_0000991,ent_diseasecondition_16cf4e77b755,التهاب,DiseaseCondition,chunk_00177,ahd5k_00480,528475,التهاب,answer,التهاب بالمجاري البولية,llm_structured_entity_extraction,groq,llama-3.1-8b-instant,0.850
men_llm_0000992,ent_diseasecondition_16cf4e77b755,التهاب,DiseaseCondition,chunk_00177,ahd5k_01465,596113,التهاب,answer,التهاب مجرى البول,llm_structured_entity_extraction,groq,llama-3.1-8b-instant,0.850
men_llm_0000993,ent_diseasecondition_16cf4e77b755,التهاب,DiseaseCondition,chunk_00177,ahd5k_02282,559113,التهاب,answer,التهاب بمجرى التنفس العلوي,llm_structured_entity_extraction,groq,llama-3.1-8b-instant,0.850
men_llm_0000994,ent_diseasecondition_16cf4e77b755,التهاب,DiseaseCondition,chunk_00177,ahd5k_03901,225601,التهاب,answer,التهابات,llm_structured_entity_extraction,groq,llama-3.1-8b-instant,0.850
men_llm_0000995,ent_diseasecondition_16cf4e77b755,التهاب,DiseaseCondition,chunk_00177,ahd5k_04112,96343,التهاب,answer,التهاب أعصاب,llm_structured_entity_extraction,groq,llama-3.1-8b-instant,0.850
men_llm_0000996,ent_diseasecondition_16cf4e77b755,التهاب,DiseaseCondition,chunk_00177,ahd5k_04262,294776,التهاب,answer,التهاب,llm_structured_entity_extraction,groq,llama-3.1-8b-instant,0.850
men_llm_0000997,ent_diseasecondition_16cf4e77b755,التهاب,DiseaseCondition,chunk_00177,ahd5k_04517,444954,التهاب,answer,التهاب المسالك البولية,llm_structured_entity_extraction,groq,llama-3.1-8b-instant,0.850
men_llm_0000998,ent_diseasecondition_ca9304cd0dde,القولون العصبي,DiseaseCondition,chunk_00177,ahd5k_01465,596113,القولون العصبي,answer,القولون العصبي,llm_structured_entity_extraction,groq,llama-3.1-8b-instant,0.850
men_llm_0000999,ent_diseasecondition_ca9304cd0dde,القولون العصبي,DiseaseCondition,chunk_00177,ahd5k_04517,444954,القولون العصبي,answer,القولون العصبي,llm_structured_entity_extraction,groq,llama-3.1-8b-instant,0.850
men_llm_0001000,ent_test_dd68aa784555,تحاليل مخبرية,Test,chunk_00177,ahd5k_00480,528475,تحاليل مخبرية,answer,تحاليل مخبرية,llm_structured_entity_extraction,groq,llama-3.1-8b-instant,0.850
men_llm_0001001,ent_diseasecondition_16cf4e77b755,التهاب,DiseaseCondition,chunk_00178,ahd5k_04728,796682,التهاب,answer,التهاب,llm_structured_entity_extraction,groq,llama-3.1-8b-instant,0.950
men_llm_0001002,ent_diseasecondition_16cf4e77b755,التهاب,DiseaseCondition,chunk_00178,ahd5k_04916,553582,التهاب,answer,التهاب,llm_structured_entity_extraction,groq,llama-3.1-8b-instant,0.950
men_llm_0001003,ent_diseasecondition_16cf4e77b755,التهاب,DiseaseCondition,chunk_00178,ahd5k_04921,558401,التهاب,answer,التهاب,llm_structured_entity_extraction,groq,llama-3.1-8b-instant,0.950
men_llm_0001004,ent_symptom_4c83b1bd25ea,المغص,Symptom,chunk_00178,ahd5k_04728,796682,المغص,answer,المغص,llm_structured_entity_extraction,groq,llama-3.1-8b-instant,0.850
men_llm_0001005,ent_treatment_103a7b1accd7,الامتناع عن اعطاء أي أطعمة أو سوائل عن طريق الفم,Treatment,chunk_00178,ahd5k_04916,553582,الامتناع عن اعطاء أي أطعمة أو سوائل عن طريق الفم,answer,الامتناع عن اعطاء أي أطعمة أو سوائل عن طريق الفم,llm_structured_entity_extraction,groq,llama-3.1-8b-instant,0.950
men_llm_0001006,ent_treatment_543034bf73f8,استئصال المرارة,Treatment,chunk_00178,ahd5k_04916,553582,استئصال المرارة,answer,استئصال المرارة,llm_structured_entity_extraction,groq,llama-3.1-8b-instant,0.950
men_llm_0001007,ent_symptom_cee2a1d85e2d,الوجع الشديد في الجنب اليمين,Symptom,chunk_00178,ahd5k_04921,558401,الوجع الشديد في الجنب اليمين,question,الوجع الشديد في الجنب اليمين,llm_structured_entity_extraction,groq,llama-3.1-8b-instant,0.850
men_llm_0001008,ent_diseasecondition_f3982f19c624,ارتياف دعب \u0627لديم,DiseaseCondition,chunk_00179,ahd5k_03738,770616,ارتياف دعب ديم,answer,الالم الدي الديم الديم الديم,llm_structured_entity_extraction,groq,llama-3.1-8b-instant,0.850
men_llm_0001009,ent_symptom_ad0da68fc73f,الالم,Symptom,chunk_00179,ahd5k_03738,770616,الالم,answer,الالم الدي الديم الديم الديم,llm_structured_entity_extraction,groq,llama-3.1-8b-instant,0.850
men_llm_0001010,ent_treatment_389c673b9b0c,الديم,Treatment,chunk_00179,ahd5k_04751,734419,الديم,answer,الديم الديم الديم الديم,llm_structured_entity_extraction,groq,llama-3.1-8b-instant,0.850
men_llm_0001011,ent_test_c087a4192739,الديم,Test,chunk_00179,ahd5k_04751,734419,الديم,answer,الديم الديم الديم الديم,llm_structured_entity_extraction,groq,llama-3.1-8b-instant,0.850
men_llm_0001012,ent_diseasecondition_ca9304cd0dde,القولون العصبي,DiseaseCondition,chunk_00180,ahd5k_00012,766399,القولون العصبي,question,القولون العصبي ولدي توسع بالكليتين بسبب وجود الحصى,llm_structured_entity_extraction,groq,llama-3.1-8b-instant,0.950
men_llm_0001013,ent_diseasecondition_ca9304cd0dde,القولون العصبي,DiseaseCondition,chunk_00180,ahd5k_02411,136621,القولون,answer,ووالدي كان شال ورم في القولون من 3 سنين تقريبا,llm_structured_entity_extraction,groq,llama-3.1-8b-instant,0.950
men_llm_0001014,ent_diseasecondition_ca9304cd0dde,القولون العصبي,DiseaseCondition,chunk_00180,ahd5k_02511,553548,القولون العصبى,answer,سببه التوتر العصبى و علاجه علاج التوتر العصبى,llm_structured_entity_extraction,groq,llama-3.1-8b-instant,0.950
men_llm_0001015,ent_diseasecondition_ca9304cd0dde,القولون العصبي,DiseaseCondition,chunk_00180,ahd5k_02677,460033,القولون,answer,من أجل تقرحات فى القولون او البواسير,llm_structured_entity_extraction,groq,llama-3.1-8b-instant,0.950
men_llm_0001016,ent_diseasecondition_ac6f7cbfb177,الحصى,DiseaseCondition,chunk_00180,ahd5k_00012,766399,الحصى,question,الحصى ومشاكل القولون,llm_structured_entity_extraction,groq,llama-3.1-8b-instant,0.850
men_llm_0001017,ent_diseasecondition_017a6d080eff,القولون,DiseaseCondition,chunk_00180,ahd5k_02411,136621,القولون,answer,ووالدي كان شال ورم في القولون من 3 سنين تقريبا,llm_structured_entity_extraction,groq,llama-3.1-8b-instant,0.950
men_llm_0001018,ent_diseasecondition_017a6d080eff,القولون,DiseaseCondition,chunk_00180,ahd5k_02511,553548,القولون العصبى,answer,سببه التوتر العصبى و علاجه علاج التوتر العصبى,llm_structured_entity_extraction,groq,llama-3.1-8b-instant,0.950
men_llm_0001019,ent_diseasecondition_017a6d080eff,القولون,DiseaseCondition,chunk_00180,ahd5k_02677,460033,القولون,answer,من أجل تقرحات فى القولون او البواسير,llm_structured_entity_extraction,groq,llama-3.1-8b-instant,0.950
men_llm_0001020,ent_diseasecondition_16cf4e77b755,التهاب,DiseaseCondition,chunk_00180,ahd5k_00012,766399,التهاب,question,الحصى ومشاكل القولون,llm_structured_entity_extraction,groq,llama-3.1-8b-instant,0.850
men_llm_0001021,ent_diseasecondition_c294dde65052,نزلة معوية,DiseaseCondition,chunk_00180,ahd5k_00012,766399,نزلة معوية,question,الحصى ومشاكل القولون,llm_structured_entity_extraction,groq,llama-3.1-8b-instant,0.850
men_llm_0001022,ent_diseasecondition_7f3c581aaa3e,ارتكاريا,DiseaseCondition,chunk_00180,ahd5k_00012,766399,ارتكاريا,question,الحصى ومشاكل القولون,llm_structured_entity_extraction,groq,llama-3.1-8b-instant,0.850
men_llm_0001023,ent_diseasecondition_f9f02cdde82f,البواسير,DiseaseCondition,chunk_00180,ahd5k_02677,460033,البواسير,answer,تقرحات فى القولون او البواسير,llm_structured_entity_extraction,groq,llama-3.1-8b-instant,0.950
men_llm_0001024,ent_symptom_f9f21f627264,القولون العصبى,Symptom,chunk_00180,ahd5k_02511,553548,القولون العصبى,answer,سببه التوتر العصبى و علاجه علاج التوتر العصبى,llm_structured_entity_extraction,groq,llama-3.1-8b-instant,0.950
men_llm_0001025,ent_symptom_0f8f2716b4d6,القولون,Symptom,chunk_00180,ahd5k_02677,460033,القولون,answer,من أجل تقرحات فى القولون او البواسير,llm_structured_entity_extraction,groq,llama-3.1-8b-instant,0.950
men_llm_0001026,ent_test_f65cef357cee,القولون,Test,chunk_00180,ahd5k_02411,136621,القولون,answer,ووالدي كان شال ورم في القولون من 3 سنين تقريبا,llm_structured_entity_extraction,groq,llama-3.1-8b-instant,0.950
men_llm_0001027,ent_diseasecondition_385230d505f3,تهاب,DiseaseCondition,chunk_00181,ahd5k_01567,796269,تهاب,answer,تهاب الاعصاب الطرفية,llm_structured_entity_extraction,groq,llama-3.1-8b-instant,0.850
men_llm_0001028,ent_diseasecondition_385230d505f3,تهاب,DiseaseCondition,chunk_00181,ahd5k_01567,796269,التهاب,answer,التهاب الاعصاب الطرفية,llm_structured_entity_extraction,groq,llama-3.1-8b-instant,0.850
men_llm_0001029,ent_symptom_018ebc11f6df,حمى,Symptom,chunk_00181,ahd5k_01567,796269,حمى,answer,حمى,llm_structured_entity_extraction,groq,llama-3.1-8b-instant,0.850
men_llm_0001030,ent_treatment_b333a867faf6,الأسبرين,Treatment,chunk_00181,ahd5k_02732,739273,الاسبرين,answer,ادوية القلب والضغط والاسبرين والبلافكس,llm_structured_entity_extraction,groq,llama-3.1-8b-instant,0.850
men_llm_0001031,ent_treatment_af4d4bb1722f,بلافكس,Treatment,chunk_00181,ahd5k_02732,739273,البلافكس,answer,ادوية القلب والضغط والاسبرين والبلافكس,llm_structured_entity_extraction,groq,llama-3.1-8b-instant,0.850
men_llm_0001032,ent_diseasecondition_9719230327a2,فقر الدم,DiseaseCondition,chunk_00182,ahd5k_00838,424803,فقر الدم,answer,نقص فيتامين (ب12) يسبب انيميا وتنميل,llm_structured_entity_extraction,groq,llama-3.1-8b-instant,0.950
men_llm_0001033,ent_symptom_d48190970b2d,تنميل,Symptom,chunk_00182,ahd5k_00838,424803,تنميل,answer,نقص فيتامين (ب12) يسبب انيميا وتنميل,llm_structured_entity_extraction,groq,llama-3.1-8b-instant,0.950
men_llm_0001034,ent_treatment_e80fab31a076,نقص فيتامين (ب12),Treatment,chunk_00182,ahd5k_00838,424803,نقص فيتامين (ب12),answer,نقص فيتامين (ب12) يسبب انيميا وتنميل,llm_structured_entity_extraction,groq,llama-3.1-8b-instant,0.950
men_llm_0001035,ent_diseasecondition_16cf4e77b755,التهاب,DiseaseCondition,chunk_00183,ahd5k_00505,636735,التهاب,answer,التحاليل المخبرية,llm_structured_entity_extraction,groq,llama-3.1-8b-instant,0.850
men_llm_0001036,ent_diseasecondition_16cf4e77b755,التهاب,DiseaseCondition,chunk_00183,ahd5k_00530,543649,التهاب,answer,الجراح الذى أجرى لك العملية,llm_structured_entity_extraction,groq,llama-3.1-8b-instant,0.850
men_llm_0001037,ent_diseasecondition_ca9304cd0dde,القولون العصبي,DiseaseCondition,chunk_00183,ahd5k_02679,645773,القولون العصبي,answer,القولون العصبي,llm_structured_entity_extraction,groq,llama-3.1-8b-instant,0.850
men_llm_0001038,ent_treatment_1479a48d3d42,الدواء,Treatment,chunk_00183,ahd5k_03807,446488,الدواء,answer,مضادات حيويه نكسيوم و كلاريثرومايسين واموكسسلين,llm_structured_entity_extraction,groq,llama-3.1-8b-instant,0.850
men_llm_0001039,ent_diseasecondition_d13d516b4149,القرحة,DiseaseCondition,chunk_00183,ahd5k_03807,446488,القرحة,answer,القرحة,llm_structured_entity_extraction,groq,llama-3.1-8b-instant,0.850
men_llm_0001040,ent_diseasecondition_86e897b1e25a,الملوية البوابية,DiseaseCondition,chunk_00183,ahd5k_03807,446488,الملوية البوابية,answer,الملوية البوابية,llm_structured_entity_extraction,groq,llama-3.1-8b-instant,0.850
men_llm_0001041,ent_treatment_477b80e9a19a,السيبروكسين,Treatment,chunk_00183,ahd5k_04052,578037,السيبروكسين,answer,السيبروكسين,llm_structured_entity_extraction,groq,llama-3.1-8b-instant,0.850
men_llm_0001042,ent_test_4e95ccf90696,النسبة,Test,chunk_00183,ahd5k_04052,578037,النسبة,answer,النسبة 1\160,llm_structured_entity_extraction,groq,llama-3.1-8b-instant,0.850
men_llm_0001043,ent_diseasecondition_d56405bafefa,تكيس المبايض,DiseaseCondition,chunk_00184,ahd5k_04832,782148,تكيس المبايض,answer,تكيس المبايض، هوعباره عن وجود اكثر من 10-12 بويضة بحجم 8-10 ملم منتشرة في محيط المبيض,llm_structured_entity_extraction,groq,llama-3.1-8b-instant,0.950
men_llm_0001044,ent_diseasecondition_deb4b94517cc,إمساك,DiseaseCondition,chunk_00185,ahd5k_01998,406064,قرقعة البطن,question,ما علاج قرقعة البطن مع انني لا اشرب الحليب ولا مشروبات غازيه ولا اكل بسرعه ولا اتوتر .,llm_structured_entity_extraction,groq,llama-3.1-8b-instant,0.950
men_llm_0001045,ent_diseasecondition_deb4b94517cc,إمساك,DiseaseCondition,chunk_00185,ahd5k_04017,535859,امساك,question,اعاني من امساك شديد دائما وذالك يسبب في تضخم الطحال عندي,llm_structured_entity_extraction,groq,llama-3.1-8b-instant,0.950
men_llm_0001046,ent_diseasecondition_deb4b94517cc,إمساك,DiseaseCondition,chunk_00185,ahd5k_04323,527406,امساك,question,دائما القولون به انتفاخات ودائما امساك وتزداد هذة الاعراض مع التوتر,llm_structured_entity_extraction,groq,llama-3.1-8b-instant,0.950
men_llm_0001047,ent_diseasecondition_deb4b94517cc,إمساك,DiseaseCondition,chunk_00185,ahd5k_01998,406064,امساك,answer,مفيد اكل الخضار والفاكهة و الدواء عند اللزوم,llm_structured_entity_extraction,groq,llama-3.1-8b-instant,0.950
men_llm_0001048,ent_diseasecondition_02f1ee13cca6,قولون عصبي,DiseaseCondition,chunk_00185,ahd5k_01998,406064,قولون العصبي,answer,يبدو القولون العصبي,llm_structured_entity_extraction,groq,llama-3.1-8b-instant,0.900
men_llm_0001049,ent_diseasecondition_017a6d080eff,القولون,DiseaseCondition,chunk_00185,ahd5k_04323,527406,قولون,question,اعصاب البطن والقولون,llm_structured_entity_extraction,groq,llama-3.1-8b-instant,0.800
men_llm_0001050,ent_diseasecondition_ca9304cd0dde,القولون العصبي,DiseaseCondition,chunk_00185,ahd5k_04323,527406,قولون العصبي,answer,اعصاب البطن والقولون--المفيد اكل الخضار والفاكهة و الدواء عند اللزوم,llm_structured_entity_extraction,groq,llama-3.1-8b-instant,0.900
men_llm_0001051,ent_diseasecondition_017a6d080eff,القولون,DiseaseCondition,chunk_00185,ahd5k_04323,527406,قولون,answer,اعصاب البطن والقولون--المفيد اكل الخضار والفاكهة و الدواء عند اللزوم,llm_structured_entity_extraction,groq,llama-3.1-8b-instant,0.800
men_llm_0001052,ent_symptom_ca6890d2fa81,غثيان,Symptom,chunk_00186,ahd5k_04926,496819,غثيان,question,غثيان,llm_structured_entity_extraction,groq,llama-3.1-8b-instant,0.950
men_llm_0001053,ent_test_f405aec80933,CBC التحليل الكامل للدم,Test,chunk_00186,ahd5k_04926,496819,CBC التحليل الكامل للدم,answer,CBC التحليل الكامل للدم,llm_structured_entity_extraction,groq,llama-3.1-8b-instant,0.950
men_llm_0001054,ent_diseasecondition_66e69e23fa2d,عسر الهضم,DiseaseCondition,chunk_00187,ahd5k_02673,436181,عسر الهضم,answer,عسر الهضم الذي له اسباب كثيرة,llm_structured_entity_extraction,groq,llama-3.1-8b-instant,0.950
men_llm_0001055,ent_diseasecondition_02f1ee13cca6,قولون عصبي,DiseaseCondition,chunk_00187,ahd5k_02673,436181,قولون عصبي,answer,القولون العصبي,llm_structured_entity_extraction,groq,llama-3.1-8b-instant,0.950
men_llm_0001056,ent_test_6f946fa998e8,اشعة تلفزيونية,Test,chunk_00187,ahd5k_02673,436181,اشعة تلفزيونية,answer,عمل اشعة تلفزيونية,llm_structured_entity_extraction,groq,llama-3.1-8b-instant,0.950
men_llm_0001057,ent_test_cee0f03fdc31,تحليل براز,Test,chunk_00187,ahd5k_02673,436181,تحليل براز,answer,تحليل براز,llm_structured_entity_extraction,groq,llama-3.1-8b-instant,0.950
men_llm_0001058,ent_test_c0d07b06fcff,صورة دم,Test,chunk_00187,ahd5k_02673,436181,صورة دم,answer,صورة دم,llm_structured_entity_extraction,groq,llama-3.1-8b-instant,0.950
men_llm_0001059,ent_treatment_85b33c000a00,دكتور جهاز هضمي,Treatment,chunk_00187,ahd5k_02673,436181,دكتور جهاز هضمي,answer,استشارة دكتور جهاز هضمي,llm_structured_entity_extraction,groq,llama-3.1-8b-instant,0.950
men_llm_0001060,ent_diseasecondition_385230d505f3,تهاب,DiseaseCondition,chunk_00188,ahd5k_00369,437753,تهاب,answer,فضفاضه جدا و هناك فحوصات كثيره للمناعه,llm_structured_entity_extraction,groq,llama-3.1-8b-instant,0.850
men_llm_0001061,ent_test_dd68aa784555,تحاليل مخبرية,Test,chunk_00188,ahd5k_01220,490162,تحاليل مخبرية,answer,ماهي تحاليل وظائف الكبد وصوره الدم ونتيجه الاشعه التليفزيونيه,llm_structured_entity_extraction,groq,llama-3.1-8b-instant,0.850
men_llm_0001062,ent_test_c4cfd2d6468c,أشعة,Test,chunk_00188,ahd5k_01220,490162,أشعة,answer,ماهي تحاليل وظائف الكبد وصوره الدم ونتيجه الاشعه التليفزيونيه,llm_structured_entity_extraction,groq,llama-3.1-8b-instant,0.850
men_llm_0001063,ent_symptom_1a7b2eae066b,حموضة,Symptom,chunk_00188,ahd5k_01518,170275,حموضة,question,حموضة في فمي,llm_structured_entity_extraction,groq,llama-3.1-8b-instant,0.850
men_llm_0001064,ent_diseasecondition_3af83594d14c,تيفود,DiseaseCondition,chunk_00188,ahd5k_03524,547417,تيفود,question,اصبت بالتيفود,llm_structured_entity_extraction,groq,llama-3.1-8b-instant,0.850
men_llm_0001065,ent_treatment_c2daec36c810,بكتيفلوكس,Treatment,chunk_00188,ahd5k_03524,547417,بكتيفلوكس,answer,بكتيفلوكس 500 مرتين يوميا لمدة عشر ايام,llm_structured_entity_extraction,groq,llama-3.1-8b-instant,0.850
men_llm_0001066,ent_test_ccfa39d8952e,تصوير بالرنين المغناطيسي,Test,chunk_00189,ahd5k_04904,554173,تصوير الرنين المغناطيسى على منطقة الصدر,answer,صورة النين المغناطيسى على منطقة الصدر ممكن ان تكشق عن اشياء كثيره داخل القفص مثل الرءتين و القاب وغيره,llm_structured_entity_extraction,groq,llama-3.1-8b-instant,0.950
men_llm_0001067,ent_diseasecondition_01ba795ec738,الرئتين,DiseaseCondition,chunk_00189,ahd5k_04904,554173,الرءتين,answer,صورة النين المغناطيسى على منطقة الصدر ممكن ان تكشق عن اشياء كثيره داخل القفص مثل الرءتين و القاب وغيره,llm_structured_entity_extraction,groq,llama-3.1-8b-instant,0.950
men_llm_0001068,ent_diseasecondition_8fec9e9307d6,القفص الصدري,DiseaseCondition,chunk_00189,ahd5k_04904,554173,القفص الصدري,question,ماذا يفيد تصوير الرنين المغناطيسي على منطقة الصدر وهل يمكن الكشف عن امراض في القفص الصدري والاضلاع!؟,llm_structured_entity_extraction,groq,llama-3.1-8b-instant,0.950
men_llm_0001069,ent_diseasecondition_1f4ad1fc407f,ملاريا,DiseaseCondition,chunk_00190,ahd5k_00916,510450,ملاريا,question,اعملى فحص دم للملاريا مره ثانيه,llm_structured_entity_extraction,groq,llama-3.1-8b-instant,0.850
men_llm_0001070,ent_symptom_94e1fb05bddc,فقدان الشهية والرغبة في الاستفراغ,Symptom,chunk_00190,ahd5k_00916,510450,فقدان الشهية والرغبة في الاستفراغ,question,اعملى فحص دم للملاريا مره ثانيه,llm_structured_entity_extraction,groq,llama-3.1-8b-instant,0.850
men_llm_0001071,ent_test_6cc18337a180,فحص دم للملاريا,Test,chunk_00190,ahd5k_00916,510450,فحص دم للملاريا,answer,اعملى فحص دم للملاريا مره ثانيه,llm_structured_entity_extraction,groq,llama-3.1-8b-instant,0.850
men_llm_0001072,ent_treatment_842e12e5a9df,فاندسيدار,Treatment,chunk_00190,ahd5k_00916,510450,فاندسيدار,question,اخذت علاج(fandsidar),llm_structured_entity_extraction,groq,llama-3.1-8b-instant,0.850
men_llm_0001073,ent_diseasecondition_780d3bf613f5,قرحة,DiseaseCondition,chunk_00190,ahd5k_01066,494860,قرحة,question,مامتي جدا تعبانه من القرحة,llm_structured_entity_extraction,groq,llama-3.1-8b-instant,0.850
men_llm_0001074,ent_diseasecondition_780d3bf613f5,قرحة,DiseaseCondition,chunk_00190,ahd5k_01066,494860,قرحة,answer,هل افهم من سؤالك ان والدتك عندها قرحه,llm_structured_entity_extraction,groq,llama-3.1-8b-instant,0.850
men_llm_0001075,ent_treatment_90996a0e2d01,ايزومبرازول,Treatment,chunk_00190,ahd5k_01066,494860,ايزومبرازول,answer,ممكن تجرب دواء اسمه ايزومبرازول,llm_structured_entity_extraction,groq,llama-3.1-8b-instant,0.850
men_llm_0001076,ent_diseasecondition_517952691aa3,تخم البروستاتا الحميد,DiseaseCondition,chunk_00190,ahd5k_04948,463054,تخم البروستاتا الحميد,question,عيانى من تخم البروستاتا الحميد,llm_structured_entity_extraction,groq,llama-3.1-8b-instant,0.850
men_llm_0001077,ent_treatment_f53e37e03bcf,دواء اخر,Treatment,chunk_00190,ahd5k_04948,463054,دواء اخر,answer,راجع الطبيب لإضافة دواء اخر للمعدة,llm_structured_entity_extraction,groq,llama-3.1-8b-instant,0.850
men_llm_0001078,ent_diseasecondition_385230d505f3,تهاب,DiseaseCondition,chunk_00191,ahd5k_00714,366829,تهاب,answer,التشخيص التفريقي للموضوع واسع,llm_structured_entity_extraction,groq,llama-3.1-8b-instant,0.850
men_llm_0001079,ent_diseasecondition_2f75d3dabe0b,حساسية,DiseaseCondition,chunk_00191,ahd5k_00695,175138,حساسية,question,أبر الحديد,llm_structured_entity_extraction,groq,llama-3.1-8b-instant,0.850
men_llm_0001080,ent_test_ce6fcb80c1fe,فحص سريري,Test,chunk_00191,ahd5k_00714,366829,فحص سريري,answer,التشخيص التفريقي للموضوع واسع,llm_structured_entity_extraction,groq,llama-3.1-8b-instant,0.850
men_llm_0001081,ent_diseasecondition_16cf4e77b755,التهاب,DiseaseCondition,chunk_00192,ahd5k_03544,540867,التهاب,answer,التحاليل اليومية,llm_structured_entity_extraction,groq,llama-3.1-8b-instant,0.950
men_llm_0001082,ent_symptom_f4cf885a0447,سعال,Symptom,chunk_00192,ahd5k_03544,540867,سعال,answer,التحاليل اليومية,llm_structured_entity_extraction,groq,llama-3.1-8b-instant,0.850
men_llm_0001083,ent_test_dd68aa784555,تحاليل مخبرية,Test,chunk_00192,ahd5k_03544,540867,تحاليل مخبرية,answer,التحاليل اليومية,llm_structured_entity_extraction,groq,llama-3.1-8b-instant,0.950
men_llm_0001084,ent_diseasecondition_78b578d6c9c9,توقف القلب,DiseaseCondition,chunk_00193,ahd5k_00235,765015,توقف القلب,question,توقف القلب,llm_structured_entity_extraction,groq,llama-3.1-8b-instant,0.850
men_llm_0001085,ent_diseasecondition_78b578d6c9c9,توقف القلب,DiseaseCondition,chunk_00193,ahd5k_00235,765015,توقف القلب,answer,توقف القلب,llm_structured_entity_extraction,groq,llama-3.1-8b-instant,0.850
men_llm_0001086,ent_treatment_57dc56a67c59,تدليك القلب,Treatment,chunk_00193,ahd5k_00235,765015,تدليك القلب,answer,تدليك القلب,llm_structured_entity_extraction,groq,llama-3.1-8b-instant,0.850
men_llm_0001087,ent_treatment_fb3321acf9db,الصدمة الكهربائية,Treatment,chunk_00193,ahd5k_00235,765015,الصدمة الكهربائية,answer,الصدمة الكهربائية,llm_structured_entity_extraction,groq,llama-3.1-8b-instant,0.850
men_llm_0001088,ent_treatment_cd8907496d4c,الانعاش القلبي الرئوي,Treatment,chunk_00193,ahd5k_03232,477109,الانعاش القلبي الرئوي,answer,الانعاش القلبي الرئوي,llm_structured_entity_extraction,groq,llama-3.1-8b-instant,0.850
men_llm_0001089,ent_treatment_5ceca1d872a8,حبه امادول,Treatment,chunk_00194,ahd5k_04623,400326,حبه امادول,question,حبه امادول,llm_structured_entity_extraction,groq,llama-3.1-8b-instant,0.850
men_llm_0001090,ent_treatment_546f9d2d4ff7,الماء المالح,Treatment,chunk_00194,ahd5k_04623,400326,الماء المالح,answer,الماء المالح,llm_structured_entity_extraction,groq,llama-3.1-8b-instant,0.850
men_llm_0001091,ent_diseasecondition_2f75d3dabe0b,حساسية,DiseaseCondition,chunk_00195,ahd5k_03762,421283,حساسية,answer,اعراض الحساسية,llm_structured_entity_extraction,groq,llama-3.1-8b-instant,0.950
men_llm_0001092,ent_treatment_43526f78a371,مضاد حيوي,Treatment,chunk_00195,ahd5k_04431,637222,مضاد حيوي,answer,مرهم مضاد حيوي,llm_structured_entity_extraction,groq,llama-3.1-8b-instant,0.850
men_llm_0001093,ent_diseasecondition_db17a406c72e,ارتفاع ضغط الدم,DiseaseCondition,chunk_00196,ahd5k_00065,784566,ارتفاع ضغط الدم,answer,"الأولفين هو نفس الدواء فولتارين , فالاثنان يحتووا على نفس المادة الفعالة ديكلوفيناك , ولكن الاسم التجاري مختلف , ولهم نفس الأعراض الجانبية .",llm_structured_entity_extraction,groq,llama-3.1-8b-instant,0.850
men_llm_0001094,ent_diseasecondition_db17a406c72e,ارتفاع ضغط الدم,DiseaseCondition,chunk_00196,ahd5k_03242,238032,ارتفاع ضغط الدم,answer,قد يعطى لك المهدئات لتقلصات العضلات والعقاقير من خلال الوريد (عن طريق الوريد) لعلاج ارتفاع ضغط الدم والإثارة والألم.,llm_structured_entity_extraction,groq,llama-3.1-8b-instant,0.850
men_llm_0001095,ent_symptom_b754f1a1e5a8,صداع,Symptom,chunk_00196,ahd5k_00065,784566,صداع,question,هل عقار اولفين المسكن له اثار جانبية مثل الفولتارين حيث اني مصاب بالصداع الشقيقه واحتاج مسكن قوي وشكرا,llm_structured_entity_extraction,groq,llama-3.1-8b-instant,0.850
men_llm_0001096,ent_treatment_a0a8ee46502f,العقاقير,Treatment,chunk_00196,ahd5k_03242,238032,العقاقير,answer,قد يعطى لك المهدئات لتقلصات العضلات والعقاقير من خلال الوريد (عن طريق الوريد) لعلاج ارتفاع ضغط الدم والإثارة والألم.,llm_structured_entity_extraction,groq,llama-3.1-8b-instant,0.850
men_llm_0001097,ent_test_433492431144,تحليل الحساسية,Test,chunk_00196,ahd5k_00065,784566,تحليل الحساسية,answer,"الأولفين هو نفس الدواء فولتارين , فالاثنان يحتووا على نفس المادة الفعالة ديكلوفيناك , ولكن الاسم التجاري مختلف , ولهم نفس الأعراض الجانبية .",llm_structured_entity_extraction,groq,llama-3.1-8b-instant,0.850
men_llm_0001098,ent_symptom_1113453f7a36,فقدان الوعي,Symptom,chunk_00197,ahd5k_00992,608792,فقدان الوعي,answer,فقدان الوعي لمريض السكري,llm_structured_entity_extraction,groq,llama-3.1-8b-instant,0.950
men_llm_0001099,ent_treatment_b9702eae5c6a,عسل,Treatment,chunk_00197,ahd5k_00992,608792,عسل,answer,يجب عليك اعطاء المصاب عسل تحت لسانه,llm_structured_entity_extraction,groq,llama-3.1-8b-instant,0.950
men_llm_0001100,ent_diseasecondition_c089d34028d0,حمى عضة الجرذ,DiseaseCondition,chunk_00198,ahd5k_01255,803073,حمى عضة الجرذ,answer,حمى عضة الجرذ ، وحمى عضة الفأر,llm_structured_entity_extraction,groq,llama-3.1-8b-instant,0.950
men_llm_0001101,ent_symptom_018ebc11f6df,حمى,Symptom,chunk_00198,ahd5k_01255,803073,حمى,answer,حمى عضة الجرذ ، وحمى عضة الفأر,llm_structured_entity_extraction,groq,llama-3.1-8b-instant,0.950
men_llm_0001102,ent_diseasecondition_6ac8dc82e106,حمى عضة الفأر,DiseaseCondition,chunk_00198,ahd5k_01255,803073,حمى عضة الفأر,answer,حمى عضة الجرذ ، وحمى عضة الفأر,llm_structured_entity_extraction,groq,llama-3.1-8b-instant,0.950
men_llm_0001103,ent_diseasecondition_21009b0da809,حمى عضة الجرذون,DiseaseCondition,chunk_00198,ahd5k_01255,803073,حمى عضة الجرذون,answer,حمى عضة الجرذ ، وحمى عضة الفأر,llm_structured_entity_extraction,groq,llama-3.1-8b-instant,0.950
men_llm_0001104,ent_symptom_a3c00de774da,ارتجاف,Symptom,chunk_00198,ahd5k_01255,803073,ارتجاف,answer,ارتجاف,llm_structured_entity_extraction,groq,llama-3.1-8b-instant,0.950
men_llm_0001105,ent_symptom_320d3e905b16,أوجاع العضلات,Symptom,chunk_00198,ahd5k_01255,803073,أوجاع العضلات,answer,أوجاع العضلات,llm_structured_entity_extraction,groq,llama-3.1-8b-instant,0.950
men_llm_0001106,ent_symptom_976231d5f27b,أوجاع المفاصل,Symptom,chunk_00198,ahd5k_01255,803073,أوجاع المفاصل,answer,أوجاع المفاصل,llm_structured_entity_extraction,groq,llama-3.1-8b-instant,0.950
men_llm_0001107,ent_treatment_46930d71ed57,بنسيلين,Treatment,chunk_00198,ahd5k_01255,803073,البنسيلين,answer,البنسيلين,llm_structured_entity_extraction,groq,llama-3.1-8b-instant,0.950
men_llm_0001108,ent_treatment_790302b0b1e6,سيبروفلوكساسين,Treatment,chunk_00198,ahd5k_01255,803073,السيبروفلوكساسين,answer,السيبروفلوكساسين,llm_structured_entity_extraction,groq,llama-3.1-8b-instant,0.950
men_llm_0001109,ent_treatment_6d11b359c485,المضادات الحيوية,Treatment,chunk_00198,ahd5k_01255,803073,المضادات الحيوية,answer,المضادات الحيوية,llm_structured_entity_extraction,groq,llama-3.1-8b-instant,0.950
men_llm_0001110,ent_treatment_19641abdb8c6,المطاعيم,Treatment,chunk_00198,ahd5k_02528,557410,المطاعيم,answer,المطاعيم,llm_structured_entity_extraction,groq,llama-3.1-8b-instant,0.950
men_llm_0001111,ent_treatment_621e99ad2c91,الاقاحات المضادة,Treatment,chunk_00198,ahd5k_02528,557410,الاقاحات المضادة,answer,الاقاحات المضادة,llm_structured_entity_extraction,groq,llama-3.1-8b-instant,0.950
men_llm_0001112,ent_symptom_018ebc11f6df,حمى,Symptom,chunk_00199,ahd5k_04919,596603,ضربة الشمس,answer,العلاج الأولي: ينقل المصاب إلى منطقة مظللة بعيداً عن الشمس.,llm_structured_entity_extraction,groq,llama-3.1-8b-instant,0.850
men_llm_0001113,ent_treatment_328b48423699,الماء,Treatment,chunk_00199,ahd5k_04919,596603,الماء,answer,يرش الجسم بالماء الفاتر أو ذو حرارة باردة نسبياً 'أبرد من جسد المصاب'.,llm_structured_entity_extraction,groq,llama-3.1-8b-instant,0.850
men_llm_0001114,ent_treatment_e77b8748ec09,ثلج,Treatment,chunk_00199,ahd5k_04919,596603,ثلج,answer,"توضع مكعبات ثلجية حول منطقة الرقبة ومنطقة ما تحت الإبط,",llm_structured_entity_extraction,groq,llama-3.1-8b-instant,0.850
men_llm_0001115,ent_treatment_b7e7fb09dd09,السوائل,Treatment,chunk_00199,ahd5k_04919,596603,السوائل,answer,إعطاء المصاب السوائل اللازمة ويفضل أن تكون باردة.,llm_structured_entity_extraction,groq,llama-3.1-8b-instant,0.850
men_llm_0001116,ent_test_c4cfd2d6468c,أشعة,Test,chunk_00200,ahd5k_01290,785063,تصوير بالأشعة,answer,عمل تصوير بالأشعة لتحديد مكان الشظايا ونوعها,llm_structured_entity_extraction,groq,llama-3.1-8b-instant,0.950
men_llm_0001117,ent_test_c4cfd2d6468c,أشعة,Test,chunk_00200,ahd5k_01295,492516,أشعة,answer,أشعة لمعرفة ممان الدبوس والتأكد من وجوده,llm_structured_entity_extraction,groq,llama-3.1-8b-instant,0.950
men_llm_0001118,ent_test_c4cfd2d6468c,أشعة,Test,chunk_00200,ahd5k_02003,793160,صورة أشعة,answer,عمل صورة أشعة للرأس,llm_structured_entity_extraction,groq,llama-3.1-8b-instant,0.950
men_llm_0001119,ent_diseasecondition_4c4500ee0d57,ارتجاج دماغي,DiseaseCondition,chunk_00200,ahd5k_02003,793160,ارتجاج دماغي,answer,التأكد من عدم إصابتها بارتجاج دماغي,llm_structured_entity_extraction,groq,llama-3.1-8b-instant,0.950
men_llm_0001120,ent_diseasecondition_e7ca942c5236,نزيف بسيط,DiseaseCondition,chunk_00200,ahd5k_02003,793160,نزيف بسيط,answer,التعامل مع الورم خلف الأذن الذي قد يكون نزيفاً بسيطاً,llm_structured_entity_extraction,groq,llama-3.1-8b-instant,0.950
men_llm_0001121,ent_diseasecondition_1730144a5e89,شظايا القنابل الصغيرة الانشطارية,DiseaseCondition,chunk_00200,ahd5k_01290,785063,شظايا القنابل الصغيرة الانشطارية,question,كيف تتم ازالة شظايا القنابل الصغيرة الانشطارية في المنزل,llm_structured_entity_extraction,groq,llama-3.1-8b-instant,0.950
men_llm_0001122,ent_diseasecondition_16a389cfd1bd,دبوس,DiseaseCondition,chunk_00200,ahd5k_01295,492516,دبوس,question,انا ابتلعت دبوس امس,llm_structured_entity_extraction,groq,llama-3.1-8b-instant,0.950
