entity_id,canonical_name,canonical_name_norm,entity_type,entity_quality,is_actionable_medical_entity,aliases,mention_count,source_chunk_count,qa_count,avg_confidence,source_chunks,source_models,qa_ids
ent_diseasecondition_e04a557cb82b,Acanthosis nigricans,acanthosis nigricans,DiseaseCondition,high,true,"[""Acanthosis nigricans"", ""acanthosis nigricans""]",1,1,1,0.950,"[""chunk_00052""]","[""llama-3.1-8b-instant""]","[""ahd5k_04944""]"
ent_diseasecondition_5f5cc11b7f72,Achondroplasia,achondroplasia,DiseaseCondition,high,true,"[""Achondroplasia""]",1,1,1,0.850,"[""chunk_00147""]","[""llama-3.1-8b-instant""]","[""ahd5k_04892""]"
ent_diseasecondition_8d0f4dc232cb,Growth Hormone,growth hormone,DiseaseCondition,high,true,"[""GH"", ""Growth Hormone""]",1,1,1,0.950,"[""chunk_00171""]","[""llama-3.1-8b-instant""]","[""ahd5k_04373""]"
ent_diseasecondition_e70dbd4b1bf0,Hashimot,hashimot,DiseaseCondition,high,true,"[""Hashimot"", ""Hashimot's disease""]",1,1,1,0.950,"[""chunk_00171""]","[""llama-3.1-8b-instant""]","[""ahd5k_03831""]"
ent_diseasecondition_81ee665c48f1,Hashimoto,hashimoto,DiseaseCondition,high,true,"[""Hashimoto"", ""Hashimotou""]",2,1,1,0.950,"[""chunk_00157""]","[""llama-3.1-8b-instant""]","[""ahd5k_03394""]"
ent_diseasecondition_85bdadb0e2a2,Hypothyroidism,hypothyroidism,DiseaseCondition,high,true,"[""Hypothyroidism"", ""Underactive thyroid""]",1,1,1,0.950,"[""chunk_00171""]","[""llama-3.1-8b-instant""]","[""ahd5k_04335""]"
ent_diseasecondition_ae3dd473a795,Pallister Killian syndrome,pallister killian syndrome,DiseaseCondition,high,true,"[""Pallister Killian syndrome""]",1,1,1,0.850,"[""chunk_00147""]","[""llama-3.1-8b-instant""]","[""ahd5k_04892""]"
ent_diseasecondition_d66c4956707a,Rhizomelic and Micromelia,rhizomelic and micromelia,DiseaseCondition,high,true,"[""Rhizomelic and Micromelia""]",1,1,1,0.850,"[""chunk_00147""]","[""llama-3.1-8b-instant""]","[""ahd5k_04892""]"
ent_diseasecondition_4c4500ee0d57,ارتجاج دماغي,ارتجاج دماغي,DiseaseCondition,high,true,"[""ارتجاج دماغي""]",1,1,1,0.950,"[""chunk_00200""]","[""llama-3.1-8b-instant""]","[""ahd5k_02003""]"
ent_diseasecondition_d570c92436e9,ارتخاء,ارتخاء,DiseaseCondition,high,true,"[""ارتخاء""]",2,1,2,0.850,"[""chunk_00027""]","[""llama-3.1-8b-instant""]","[""ahd5k_01181"", ""ahd5k_04566""]"
ent_diseasecondition_af6114123652,ارتخاء الصمام الميترالي,ارتخاء الصمام الميترالي,DiseaseCondition,high,true,"[""ارتخاء الصمام الميترالي""]",1,1,1,0.950,"[""chunk_00075""]","[""llama-3.1-8b-instant""]","[""ahd5k_04352""]"
ent_diseasecondition_b774b131180f,ارتفاع الكلسترول,ارتفاع الكلسترول,DiseaseCondition,high,true,"[""ارتفاع الكلسترول"", ""الدهون الثلاثيه""]",1,1,1,0.850,"[""chunk_00088""]","[""llama-3.1-8b-instant""]","[""ahd5k_01558""]"
ent_diseasecondition_db17a406c72e,ارتفاع ضغط الدم,ارتفاع ضغط الدم,DiseaseCondition,high,true,"[""ارتفاع ضغط"", ""ارتفاع ضغط الدم"", ""ارتكاريا"", ""التهاب"", ""حساسية الصدر"", ""رتكاريا"", ""ضغط"", ""ضغط الدم""]",17,8,16,0.925,"[""chunk_00026"", ""chunk_00051"", ""chunk_00052"", ""chunk_00069"", ""chunk_00070"", ""chunk_00083"", ""chunk_00140"", ""chunk_00196""]","[""llama-3.1-8b-instant""]","[""ahd5k_00065"", ""ahd5k_00237"", ""ahd5k_00823"", ""ahd5k_01005"", ""ahd5k_01682"", ""ahd5k_01761"", ""ahd5k_01763"", ""ahd5k_02399"", ""ahd5k_03242"", ""ahd5k_03423"", ""ahd5k_03624"", ""ahd5k_03983"", ""ahd5k_04477"", ""ahd5k_04701"", ""ahd5k_04944"", ""ahd5k_04975""]"
ent_diseasecondition_7f3c581aaa3e,ارتكاريا,ارتكاريا,DiseaseCondition,high,true,"[""ارتكاريا""]",3,3,3,0.850,"[""chunk_00030"", ""chunk_00078"", ""chunk_00180""]","[""llama-3.1-8b-instant""]","[""ahd5k_00012"", ""ahd5k_00348"", ""ahd5k_01406""]"
ent_diseasecondition_f3982f19c624,ارتياف دعب \u0627لديم,ارتياف دعب \u0627لديم,DiseaseCondition,high,true,"[""ارتياف دعب \\u0627لديم"", ""ارتياف دعب الديم""]",1,1,1,0.850,"[""chunk_00179""]","[""llama-3.1-8b-instant""]","[""ahd5k_03738""]"
ent_diseasecondition_9db0143f0c61,إسهال,اسهال,DiseaseCondition,high,true,"[""إسهال"", ""اسهال""]",1,1,1,0.850,"[""chunk_00164""]","[""llama-3.1-8b-instant""]","[""ahd5k_03761""]"
ent_diseasecondition_b2548ad0e103,اضطراب الغدة الدرقية,اضطراب الغده الدرقيه,DiseaseCondition,high,true,"[""اضطراب الغدة الدرقية""]",1,1,1,0.850,"[""chunk_00080""]","[""llama-3.1-8b-instant""]","[""ahd5k_02768""]"
ent_diseasecondition_35eb2b8f8638,اضطراب نفسي,اضطراب نفسي,DiseaseCondition,high,true,"[""اضطراب نفسي"", ""شك مريض""]",1,1,1,0.850,"[""chunk_00144""]","[""llama-3.1-8b-instant""]","[""ahd5k_03579""]"
ent_diseasecondition_fab2e100965e,اضطرابات كهربية قلبية,اضطرابات كهربيه قلبيه,DiseaseCondition,high,true,"[""اضطرابات كهربية"", ""اضطرابات كهربية قلبية""]",1,1,1,0.850,"[""chunk_00080""]","[""llama-3.1-8b-instant""]","[""ahd5k_02768""]"
ent_diseasecondition_a2605dbbfa2a,أقل من الطبيعي,اقل من الطبيعي,DiseaseCondition,high,true,"[""أقل من الطبيعي""]",1,1,1,0.850,"[""chunk_00137""]","[""llama-3.1-8b-instant""]","[""ahd5k_04817""]"
ent_diseasecondition_32c84edce6a2,اكتئاب,اكتياب,DiseaseCondition,high,true,"[""اكتئاب""]",1,1,1,0.900,"[""chunk_00140""]","[""llama-3.1-8b-instant""]","[""ahd5k_03852""]"
ent_diseasecondition_8b9d599f7475,الأسنان,الاسنان,DiseaseCondition,high,true,"[""اسنان"", ""الأسنان""]",1,1,1,0.700,"[""chunk_00114""]","[""llama-3.1-8b-instant""]","[""ahd5k_02966""]"
ent_diseasecondition_c530adcb98c5,الاكتئاب,الاكتياب,DiseaseCondition,high,true,"[""اكتئاب"", ""الاكتئاب"", ""شعور بالخوف""]",2,1,1,0.950,"[""chunk_00135""]","[""llama-3.1-8b-instant""]","[""ahd5k_01394""]"
ent_diseasecondition_8ca9f15583c7,الانتان,الانتان,DiseaseCondition,high,true,"[""الانتان"", ""الانتان خفي أو ظاهر""]",1,1,1,0.950,"[""chunk_00055""]","[""llama-3.1-8b-instant""]","[""ahd5k_04844""]"
ent_diseasecondition_4483219775eb,الانزلاقات الغضروفية العنقية,الانزلاقات الغضروفيه العنقيه,DiseaseCondition,high,true,"[""الانزلاقات الغضروفية العنقية""]",1,1,1,0.800,"[""chunk_00069""]","[""llama-3.1-8b-instant""]","[""ahd5k_04477""]"
ent_diseasecondition_8ae017ffaf32,الانفلوانزا,الانفلوانزا,DiseaseCondition,high,true,"[""الانفلوانزا""]",1,1,1,0.850,"[""chunk_00088""]","[""llama-3.1-8b-instant""]","[""ahd5k_01372""]"
ent_diseasecondition_ce9ff22d8fac,البرونكيتيس,البرونكيتيس,DiseaseCondition,high,true,"[""البرونكيتيس"", ""التهاب""]",1,1,1,0.850,"[""chunk_00096""]","[""llama-3.1-8b-instant""]","[""ahd5k_01770""]"
ent_diseasecondition_f9f02cdde82f,البواسير,البواسير,DiseaseCondition,high,true,"[""البواسير""]",1,1,1,0.950,"[""chunk_00180""]","[""llama-3.1-8b-instant""]","[""ahd5k_02677""]"
ent_diseasecondition_30c063bfe92d,التسوس,التسوس,DiseaseCondition,high,true,"[""التسوس"", ""التصبغات السوداء""]",2,2,2,0.850,"[""chunk_00035"", ""chunk_00118""]","[""llama-3.1-8b-instant""]","[""ahd5k_00209"", ""ahd5k_04190""]"
ent_diseasecondition_743481d9d387,التصاق التوائم السيامي,التصاق التوايم السيامي,DiseaseCondition,high,true,"[""التصاق التوائم السيامي""]",1,1,1,0.850,"[""chunk_00155""]","[""llama-3.1-8b-instant""]","[""ahd5k_02748""]"
ent_diseasecondition_4ea30d57b62c,التصبغات السوداء,التصبغات السوداء,DiseaseCondition,high,true,"[""التسوس"", ""التصبغات السوداء""]",1,1,1,0.850,"[""chunk_00118""]","[""llama-3.1-8b-instant""]","[""ahd5k_00209""]"
ent_diseasecondition_16cf4e77b755,التهاب,التهاب,DiseaseCondition,high,true,"[""إلتهاب"", ""التهاب"", ""التهاب البنكرياس"", ""التهاب الحاد"", ""التهاب الحفاظ"", ""التهاب الحلق"", ""التهاب الدم"", ""التهاب الرحم"", ""التهاب القلبي"", ""التهاب المهبل"", ""التهاب فيروسي"", ""التهابات"", ""الم"", ""تهاب"", ""تهاب الحلمات"", ""تهاب الفم"", ""تهاب اللثة"", ""حساسية"", ""حساسية الصدر"", ""ربو""]",128,53,103,0.866,"[""chunk_00001"", ""chunk_00014"", ""chunk_00021"", ""chunk_00025"", ""chunk_00028"", ""chunk_00034"", ""chunk_00035"", ""chunk_00037"", ""chunk_00039"", ""chunk_00042"", ""chunk_00049"", ""chunk_00052"", ""chunk_00061"", ""chunk_00062"", ""chunk_00067"", ""chunk_00072"", ""chunk_00076"", ""chunk_00079"", ""chunk_00080"", ""chunk_00082"", ""chunk_00085"", ""chunk_00088"", ""chunk_00091"", ""chunk_00098"", ""chunk_00110"", ""chunk_00111"", ""chunk_00113"", ""chunk_00117"", ""chunk_00119"", ""chunk_00121"", ""chunk_00122"", ""chunk_00123"", ""chunk_00125"", ""chunk_00126"", ""chunk_00128"", ""chunk_00129"", ""chunk_00130"", ""chunk_00135"", ""chunk_00136"", ""chunk_00138"", ""chunk_00143"", ""chunk_00145"", ""chunk_00156"", ""chunk_00158"", ""chunk_00166"", ""chunk_00168"", ""chunk_00170"", ""chunk_00176"", ""chunk_00177"", ""chunk_00178"", ""chunk_00180"", ""chunk_00183"", ""chunk_00192""]","[""llama-3.1-8b-instant"", ""llama-3.3-70b-versatile""]","[""ahd5k_00008"", ""ahd5k_00012"", ""ahd5k_00032"", ""ahd5k_00069"", ""ahd5k_00072"", ""ahd5k_00114"", ""ahd5k_00140"", ""ahd5k_00171"", ""ahd5k_00480"", ""ahd5k_00505"", ""ahd5k_00515"", ""ahd5k_00530"", ""ahd5k_00632"", ""ahd5k_00639"", ""ahd5k_00656"", ""ahd5k_00666"", ""ahd5k_00673"", ""ahd5k_00736"", ""ahd5k_00774"", ""ahd5k_00775"", ""ahd5k_00855"", ""ahd5k_00859"", ""ahd5k_00887"", ""ahd5k_00970"", ""ahd5k_00994"", ""ahd5k_01099"", ""ahd5k_01104"", ""ahd5k_01394"", ""ahd5k_01422"", ""ahd5k_01465"", ""ahd5k_01510"", ""ahd5k_01551"", ""ahd5k_01558"", ""ahd5k_01578"", ""ahd5k_01669"", ""ahd5k_01689"", ""ahd5k_01751"", ""ahd5k_01836"", ""ahd5k_01874"", ""ahd5k_02023"", ""ahd5k_02169"", ""ahd5k_02203"", ""ahd5k_02245"", ""ahd5k_02282"", ""ahd5k_02491"", ""ahd5k_02532"", ""ahd5k_02569"", ""ahd5k_02587"", ""ahd5k_02618"", ""ahd5k_02620"", ""ahd5k_02627"", ""ahd5k_02662"", ""ahd5k_02685"", ""ahd5k_02719"", ""ahd5k_02761"", ""ahd5k_02768"", ""ahd5k_02810"", ""ahd5k_02863"", ""ahd5k_02864"", ""ahd5k_02971"", ""ahd5k_03068"", ""ahd5k_03113"", ""ahd5k_03139"", ""ahd5k_03154"", ""ahd5k_03234"", ""ahd5k_03333"", ""ahd5k_03339"", ""ahd5k_03376"", ""ahd5k_03385"", ""ahd5k_03400"", ""ahd5k_03427"", ""ahd5k_03431"", ""ahd5k_03469"", ""ahd5k_03501"", ""ahd5k_03544"", ""ahd5k_03553"", ""ahd5k_03632"", ""ahd5k_03651"", ""ahd5k_03685"", ""ahd5k_03769"", ""ahd5k_03818"", ""ahd5k_03872"", ""ahd5k_03901"", ""ahd5k_03985"", ""ahd5k_03986"", ""ahd5k_04034"", ""ahd5k_04067"", ""ahd5k_04112"", ""ahd5k_04190"", ""ahd5k_04262"", ""ahd5k_04279"", ""ahd5k_04408"", ""ahd5k_04517"", ""ahd5k_04546"", ""ahd5k_04706"", ""ahd5k_04728"", ""ahd5k_04754"", ""ahd5k_04866"", ""ahd5k_04903"", ""ahd5k_04916"", ""ahd5k_04921"", ""ahd5k_04942"", ""ahd5k_04944""]"
ent_diseasecondition_d1ac437fb721,التهاب الامعاء,التهاب الامعاء,DiseaseCondition,high,true,"[""التهاب الامعاء""]",1,1,1,0.850,"[""chunk_00049""]","[""llama-3.1-8b-instant""]","[""ahd5k_03400""]"
ent_diseasecondition_ad3e19c416f6,التهاب الجيوب الأنفية,التهاب الجيوب الانفيه,DiseaseCondition,high,true,"[""التهاب الجيوب الأنفية""]",1,1,1,0.850,"[""chunk_00128""]","[""llama-3.1-8b-instant""]","[""ahd5k_02662""]"
ent_diseasecondition_6ed57271807f,التهاب الحفاظ,التهاب الحفاظ,DiseaseCondition,high,true,"[""التهاب الحفاظ""]",2,1,2,0.850,"[""chunk_00111""]","[""llama-3.1-8b-instant""]","[""ahd5k_02569"", ""ahd5k_03234""]"
ent_diseasecondition_8073c16255c6,التهاب الخلوي,التهاب الخلوي,DiseaseCondition,high,true,"[""التهاب الخلوي""]",1,1,1,0.850,"[""chunk_00071""]","[""llama-3.1-8b-instant""]","[""ahd5k_04630""]"
ent_diseasecondition_d9b91988beb9,التهاب السحايا,التهاب السحايا,DiseaseCondition,high,true,"[""التهاب السحايا""]",1,1,1,0.850,"[""chunk_00128""]","[""llama-3.1-8b-instant""]","[""ahd5k_02662""]"
ent_diseasecondition_6ed4cacd0b61,التهاب الشعري,التهاب الشعري,DiseaseCondition,high,true,"[""التهاب الشعري""]",1,1,1,0.850,"[""chunk_00128""]","[""llama-3.1-8b-instant""]","[""ahd5k_03594""]"
ent_diseasecondition_3a46ea69fd7e,التهاب العصي البصري,التهاب العصي البصري,DiseaseCondition,high,true,"[""التهاب العصي البصري""]",1,1,1,0.850,"[""chunk_00028""]","[""llama-3.1-8b-instant""]","[""ahd5k_03284""]"
ent_diseasecondition_31c6f1e3a619,التهاب الغدة الدرقية,التهاب الغده الدرقيه,DiseaseCondition,high,true,"[""التهاب الدرقية"", ""التهاب الغدة الدرقية""]",1,1,1,0.950,"[""chunk_00162""]","[""llama-3.1-8b-instant""]","[""ahd5k_02200""]"
ent_diseasecondition_93d8578caf27,التهاب الكبد,التهاب الكبد,DiseaseCondition,high,true,"[""التهاب الكبد""]",1,1,1,0.850,"[""chunk_00049""]","[""llama-3.1-8b-instant""]","[""ahd5k_01903""]"
ent_diseasecondition_6e95846a4080,التهاب اللثة,التهاب اللثه,DiseaseCondition,high,true,"[""التهاب"", ""التهاب اللثة"", ""التهاب اللثه"", ""تهاب اللثه""]",8,2,7,0.850,"[""chunk_00113"", ""chunk_00121""]","[""llama-3.1-8b-instant""]","[""ahd5k_00736"", ""ahd5k_01751"", ""ahd5k_02169"", ""ahd5k_02245"", ""ahd5k_02491"", ""ahd5k_02618"", ""ahd5k_03427""]"
ent_diseasecondition_341d574d8fe5,التهاب اللوزتين,التهاب اللوزتين,DiseaseCondition,high,true,"[""التهاب اللوزتين"", ""تهاب لوز""]",2,2,2,0.900,"[""chunk_00006"", ""chunk_00010""]","[""llama-3.3-70b-versatile""]","[""ahd5k_02124"", ""ahd5k_02465""]"
ent_diseasecondition_c8b276e9a67b,التهاب المفاصل,التهاب المفاصل,DiseaseCondition,high,true,"[""التهاب المفاصل""]",2,1,1,0.950,"[""chunk_00010""]","[""llama-3.3-70b-versatile""]","[""ahd5k_04473""]"
ent_diseasecondition_5a02034f11b7,التهاب بكتيري,التهاب بكتيري,DiseaseCondition,high,true,"[""التهاب بكتيري"", ""تهاب بكتيري""]",1,1,1,0.850,"[""chunk_00113""]","[""llama-3.1-8b-instant""]","[""ahd5k_02169""]"
ent_diseasecondition_9c03a470d940,التهاب فطري,التهاب فطري,DiseaseCondition,high,true,"[""التهاب فطري"", ""تهاب فطري""]",1,1,1,0.850,"[""chunk_00113""]","[""llama-3.1-8b-instant""]","[""ahd5k_02169""]"
ent_diseasecondition_2c73be2f25fe,التهاب فيروسي,التهاب فيروسي,DiseaseCondition,high,true,"[""التهاب فيروسي""]",1,1,1,0.850,"[""chunk_00067""]","[""llama-3.1-8b-instant""]","[""ahd5k_04034""]"
ent_diseasecondition_f12d335bd2d8,التهاب مفصل الركبة,التهاب مفصل الركبه,DiseaseCondition,high,true,"[""التهاب مفصل الركبة"", ""تهاب مفصل الركبة""]",3,1,1,0.950,"[""chunk_00025""]","[""llama-3.1-8b-instant""]","[""ahd5k_00673""]"
ent_diseasecondition_443aafd23ff7,التوحد السلوكي,التوحد السلوكي,DiseaseCondition,high,true,"[""التوحد السلوكي""]",1,1,1,0.950,"[""chunk_00112""]","[""llama-3.1-8b-instant""]","[""ahd5k_04764""]"
ent_diseasecondition_8e104f8ce212,الجالكتوز,الجالكتوز,DiseaseCondition,high,true,"[""الجالكتوز""]",1,1,1,0.950,"[""chunk_00037""]","[""llama-3.1-8b-instant""]","[""ahd5k_01578""]"
ent_diseasecondition_adcc5a085807,الجلد المترهل,الجلد المترهل,DiseaseCondition,high,true,"[""الجلد المترهل""]",1,1,1,0.850,"[""chunk_00008""]","[""llama-3.3-70b-versatile""]","[""ahd5k_01190""]"
ent_diseasecondition_9efe983f86e2,الجلطات,الجلطات,DiseaseCondition,high,true,"[""الجلطات"", ""جلطات""]",1,1,1,0.850,"[""chunk_00080""]","[""llama-3.1-8b-instant""]","[""ahd5k_00924""]"
ent_diseasecondition_925cfcb87467,الجلطات الدماغية,الجلطات الدماغيه,DiseaseCondition,high,true,"[""الجلطات الدماغية"", ""جلطات"", ""جلطات دماغية""]",1,1,1,0.850,"[""chunk_00144""]","[""llama-3.1-8b-instant""]","[""ahd5k_01783""]"
ent_diseasecondition_da5565d6842c,الجلطة الدماغية,الجلطه الدماغيه,DiseaseCondition,high,true,"[""الجلطة الدماغية"", ""الجلطة الدماغية السابقة""]",2,2,2,0.850,"[""chunk_00079"", ""chunk_00088""]","[""llama-3.1-8b-instant""]","[""ahd5k_03696"", ""ahd5k_03846""]"
ent_diseasecondition_1420aadad936,الجنين,الجنين,DiseaseCondition,high,true,"[""الجنين""]",2,1,2,0.850,"[""chunk_00156""]","[""llama-3.1-8b-instant""]","[""ahd5k_03455"", ""ahd5k_04815""]"
ent_diseasecondition_2de63ce5404a,الجيب اللثوي,الجيب اللثوي,DiseaseCondition,high,true,"[""الجيب اللثوي""]",1,1,1,0.850,"[""chunk_00121""]","[""llama-3.1-8b-instant""]","[""ahd5k_02986""]"
ent_diseasecondition_5dcc30c3edc8,الحروق,الحروق,DiseaseCondition,high,true,"[""الحروق""]",1,1,1,0.950,"[""chunk_00039""]","[""llama-3.1-8b-instant""]","[""ahd5k_04866""]"
ent_diseasecondition_ac6f7cbfb177,الحصى,الحصي,DiseaseCondition,high,true,"[""الحصى""]",1,1,1,0.850,"[""chunk_00180""]","[""llama-3.1-8b-instant""]","[""ahd5k_00012""]"
ent_diseasecondition_7abdd04c7114,الحمل,الحمل,DiseaseCondition,high,true,"[""أطفال الأنابيب"", ""الحمل"", ""حمل"", ""حمل الأنابيب"", ""حمل لفايروس الكبد""]",34,15,31,0.891,"[""chunk_00011"", ""chunk_00013"", ""chunk_00045"", ""chunk_00050"", ""chunk_00091"", ""chunk_00092"", ""chunk_00099"", ""chunk_00145"", ""chunk_00146"", ""chunk_00147"", ""chunk_00149"", ""chunk_00151"", ""chunk_00152"", ""chunk_00159"", ""chunk_00168""]","[""llama-3.1-8b-instant"", ""llama-3.3-70b-versatile""]","[""ahd5k_00048"", ""ahd5k_00230"", ""ahd5k_00439"", ""ahd5k_00568"", ""ahd5k_00597"", ""ahd5k_00604"", ""ahd5k_00775"", ""ahd5k_00793"", ""ahd5k_00876"", ""ahd5k_00941"", ""ahd5k_01023"", ""ahd5k_01099"", ""ahd5k_01515"", ""ahd5k_01585"", ""ahd5k_01629"", ""ahd5k_01754"", ""ahd5k_02160"", ""ahd5k_02381"", ""ahd5k_02556"", ""ahd5k_02665"", ""ahd5k_02903"", ""ahd5k_03090"", ""ahd5k_03104"", ""ahd5k_03359"", ""ahd5k_03563"", ""ahd5k_03809"", ""ahd5k_03870"", ""ahd5k_04001"", ""ahd5k_04509"", ""ahd5k_04697"", ""ahd5k_04875""]"
ent_diseasecondition_41f520aa86a9,الحودة الحال,الحوده الحال,DiseaseCondition,high,true,"[""الحودة الحال""]",2,1,2,0.850,"[""chunk_00148""]","[""llama-3.1-8b-instant""]","[""ahd5k_02182"", ""ahd5k_02249""]"
ent_diseasecondition_33ebca04d291,الحودة الصكري,الحوده الصكري,DiseaseCondition,high,true,"[""الحودة الصكري""]",2,1,2,0.850,"[""chunk_00148""]","[""llama-3.1-8b-instant""]","[""ahd5k_02182"", ""ahd5k_02249""]"
ent_diseasecondition_f870ba2ab6eb,الدورة الشهرية,الدوره الشهريه,DiseaseCondition,high,true,"[""التهاب"", ""الدورة"", ""الدورة الشهرية"", ""الطمث""]",4,2,2,0.950,"[""chunk_00012"", ""chunk_00126""]","[""llama-3.1-8b-instant"", ""llama-3.3-70b-versatile""]","[""ahd5k_00140"", ""ahd5k_04015""]"
ent_diseasecondition_d858e70d5fdf,الروماتيزم,الروماتيزم,DiseaseCondition,high,true,"[""الروماتيزم""]",1,1,1,0.900,"[""chunk_00069""]","[""llama-3.1-8b-instant""]","[""ahd5k_03624""]"
ent_diseasecondition_01ba795ec738,الرئتين,الريتين,DiseaseCondition,high,true,"[""الرئتين""]",1,1,1,0.950,"[""chunk_00189""]","[""llama-3.1-8b-instant""]","[""ahd5k_04904""]"
ent_diseasecondition_aaf0d0958a26,السرطان,السرطان,DiseaseCondition,high,true,"[""السرطان""]",3,3,3,0.850,"[""chunk_00042"", ""chunk_00049"", ""chunk_00156""]","[""llama-3.1-8b-instant""]","[""ahd5k_03329"", ""ahd5k_03400"", ""ahd5k_04985""]"
ent_diseasecondition_6eb03902c623,السكري,السكري,DiseaseCondition,high,true,"[""السكري"", ""سكري""]",1,1,1,0.850,"[""chunk_00081""]","[""llama-3.1-8b-instant""]","[""ahd5k_04533""]"
ent_diseasecondition_e315c7d51517,السل,السل,DiseaseCondition,high,true,"[""السل""]",1,1,1,0.850,"[""chunk_00049""]","[""llama-3.1-8b-instant""]","[""ahd5k_03400""]"
ent_diseasecondition_f756960fd62b,السمنة,السمنه,DiseaseCondition,high,true,"[""السمنة"", ""سمنة""]",1,1,1,0.950,"[""chunk_00052""]","[""llama-3.1-8b-instant""]","[""ahd5k_04944""]"
ent_diseasecondition_d99fb1a77d6c,الشيخوخة,الشيخوخه,DiseaseCondition,high,true,"[""الشيخوخة"", ""شيخوخة"", ""شيخوخة المبكرة""]",2,2,2,0.850,"[""chunk_00144"", ""chunk_00156""]","[""llama-3.1-8b-instant""]","[""ahd5k_00987"", ""ahd5k_03329""]"
ent_diseasecondition_00247d3d5c80,الصداع التوتري,الصداع التوتري,DiseaseCondition,high,true,"[""الصداع التوتري"", ""صداع التوتري""]",1,1,1,0.950,"[""chunk_00131""]","[""llama-3.1-8b-instant""]","[""ahd5k_00780""]"
ent_diseasecondition_aacab021c9d4,الصداع النصفي,الصداع النصفي,DiseaseCondition,high,true,"[""الصداع النصفي""]",1,1,1,0.850,"[""chunk_00128""]","[""llama-3.1-8b-instant""]","[""ahd5k_02662""]"
ent_diseasecondition_6fc3f18427fb,الصدمة الكهربائية,الصدمه الكهرباييه,DiseaseCondition,high,true,"[""الصدمة الكهربائية"", ""الصدمه الكهرباييه""]",1,1,1,0.950,"[""chunk_00039""]","[""llama-3.1-8b-instant""]","[""ahd5k_04866""]"
ent_diseasecondition_b3e7fc089ddd,الصفائح الدموية,الصفايح الدمويه,DiseaseCondition,high,true,"[""الصفائح"", ""الصفائح الدموية""]",1,1,1,0.850,"[""chunk_00060""]","[""llama-3.1-8b-instant""]","[""ahd5k_03348""]"
ent_diseasecondition_ee57bd84c53c,الضرس,الضرس,DiseaseCondition,high,true,"[""الضرس""]",5,1,5,0.850,"[""chunk_00119""]","[""llama-3.1-8b-instant""]","[""ahd5k_00484"", ""ahd5k_00821"", ""ahd5k_00828"", ""ahd5k_00977"", ""ahd5k_01094""]"
ent_diseasecondition_45b76d151316,الضيق البسيط,الضيق البسيط,DiseaseCondition,high,true,"[""الضيق البسيط"", ""ضيق""]",1,1,1,0.850,"[""chunk_00081""]","[""llama-3.1-8b-instant""]","[""ahd5k_03965""]"
ent_diseasecondition_7b4788cd854a,الغدة الدرقية,الغده الدرقيه,DiseaseCondition,high,true,"[""الغدة الدرقية""]",5,1,3,0.850,"[""chunk_00166""]","[""llama-3.1-8b-instant""]","[""ahd5k_00632"", ""ahd5k_02980"", ""ahd5k_03465""]"
ent_diseasecondition_46faf93722a3,الفركتوز,الفركتوز,DiseaseCondition,high,true,"[""الفركتوز"", ""سكر الذرة""]",2,1,1,0.950,"[""chunk_00037""]","[""llama-3.1-8b-instant""]","[""ahd5k_01578""]"
ent_diseasecondition_765c9fdd4495,الفشل القلبي اللامُعاوَض,الفشل القلبي اللامعاوض,DiseaseCondition,high,true,"[""الفشل القلبي اللامُعاوَض"", ""فشل قلبي""]",1,1,1,0.850,"[""chunk_00081""]","[""llama-3.1-8b-instant""]","[""ahd5k_04533""]"
ent_diseasecondition_d13d516b4149,القرحة,القرحه,DiseaseCondition,high,true,"[""القرحة""]",1,1,1,0.850,"[""chunk_00183""]","[""llama-3.1-8b-instant""]","[""ahd5k_03807""]"
ent_diseasecondition_8fec9e9307d6,القفص الصدري,القفص الصدري,DiseaseCondition,high,true,"[""القفص الصدري""]",1,1,1,0.950,"[""chunk_00189""]","[""llama-3.1-8b-instant""]","[""ahd5k_04904""]"
ent_diseasecondition_017a6d080eff,القولون,القولون,DiseaseCondition,high,true,"[""القولون"", ""القولون العصبى"", ""قولون""]",9,3,6,0.838,"[""chunk_00027"", ""chunk_00180"", ""chunk_00185""]","[""llama-3.1-8b-instant""]","[""ahd5k_01181"", ""ahd5k_02411"", ""ahd5k_02511"", ""ahd5k_02677"", ""ahd5k_04323"", ""ahd5k_04566""]"
ent_diseasecondition_ca9304cd0dde,القولون العصبي,القولون العصبي,DiseaseCondition,high,true,"[""ارتكاريا"", ""التهاب"", ""القولون العصبي"", ""حساسية الصدر"", ""قولون العصبي"", ""نزلة معوية""]",12,5,10,0.864,"[""chunk_00027"", ""chunk_00177"", ""chunk_00180"", ""chunk_00183"", ""chunk_00185""]","[""llama-3.1-8b-instant""]","[""ahd5k_00012"", ""ahd5k_01181"", ""ahd5k_01465"", ""ahd5k_02411"", ""ahd5k_02511"", ""ahd5k_02677"", ""ahd5k_02679"", ""ahd5k_04323"", ""ahd5k_04517"", ""ahd5k_04566""]"
ent_diseasecondition_584b39abb33a,الكساح,الكساح,DiseaseCondition,high,true,"[""الكساح"", ""كساح"", ""كساح العظام""]",1,1,1,0.950,"[""chunk_00110""]","[""llama-3.1-8b-instant""]","[""ahd5k_01701""]"
ent_diseasecondition_1cda0b09f82c,الكوليسترول,الكوليسترول,DiseaseCondition,high,true,"[""الكوليسترول""]",1,1,1,0.850,"[""chunk_00143""]","[""llama-3.1-8b-instant""]","[""ahd5k_00171""]"
ent_diseasecondition_4171598a5900,اللثة,اللثه,DiseaseCondition,high,true,"[""اللثة"", ""اللثه"", ""لثة""]",6,1,6,0.850,"[""chunk_00113""]","[""llama-3.1-8b-instant""]","[""ahd5k_00736"", ""ahd5k_01751"", ""ahd5k_02169"", ""ahd5k_02245"", ""ahd5k_02618"", ""ahd5k_03427""]"
ent_diseasecondition_d2e284c27e53,اللمف,اللمف,DiseaseCondition,high,true,"[""اللمف"", ""سائل"", ""سائل شفاف""]",1,1,1,0.850,"[""chunk_00024""]","[""llama-3.1-8b-instant""]","[""ahd5k_00291""]"
ent_diseasecondition_86e897b1e25a,الملوية البوابية,الملويه البوابيه,DiseaseCondition,high,true,"[""الملوية البوابية""]",1,1,1,0.850,"[""chunk_00183""]","[""llama-3.1-8b-instant""]","[""ahd5k_03807""]"
ent_diseasecondition_1d360e20e36c,الموت الدماغي,الموت الدماغي,DiseaseCondition,high,true,"[""الموت الدماغي"", ""موت دماغى""]",1,1,1,0.850,"[""chunk_00024""]","[""llama-3.1-8b-instant""]","[""ahd5k_04739""]"
ent_diseasecondition_a2bb8f572461,النخاع الشوكي,النخاع الشوكي,DiseaseCondition,high,true,"[""النخاع الشوكي"", ""نخاع شوكى""]",1,1,1,0.850,"[""chunk_00024""]","[""llama-3.1-8b-instant""]","[""ahd5k_04739""]"
ent_diseasecondition_532d066568cb,النسيج,النسيج,DiseaseCondition,high,true,"[""النسيج"", ""نسيج""]",1,1,1,0.850,"[""chunk_00080""]","[""llama-3.1-8b-instant""]","[""ahd5k_00924""]"
ent_diseasecondition_77d1494eeb4a,النسيج المحيط,النسيج المحيط,DiseaseCondition,high,true,"[""النسيج المحيط"", ""نسيج محيط""]",1,1,1,0.850,"[""chunk_00080""]","[""llama-3.1-8b-instant""]","[""ahd5k_00924""]"
ent_diseasecondition_1624385f1d65,النسيج المحيط بالفتحة,النسيج المحيط بالفتحه,DiseaseCondition,high,true,"[""النسيج المحيط بالفتحة"", ""نسيج محيط بالفتحة""]",1,1,1,0.850,"[""chunk_00080""]","[""llama-3.1-8b-instant""]","[""ahd5k_00924""]"
ent_diseasecondition_bad4a78d1afb,النسيج فوق الدعامات,النسيج فوق الدعامات,DiseaseCondition,high,true,"[""النسيج فوق الدعامات"", ""نسيج فوق""]",1,1,1,0.850,"[""chunk_00080""]","[""llama-3.1-8b-instant""]","[""ahd5k_00924""]"
ent_diseasecondition_d039dca7a8c0,النقص الشديد للصفائح,النقص الشديد للصفايح,DiseaseCondition,high,true,"[""ITP"", ""النقص الشديد للصفائح"", ""نقص الصفائح""]",3,1,1,0.950,"[""chunk_00057""]","[""llama-3.1-8b-instant""]","[""ahd5k_00203""]"
ent_diseasecondition_7a635a09206f,الورم الدماغي,الورم الدماغي,DiseaseCondition,high,true,"[""الورم الدماغي""]",1,1,1,0.850,"[""chunk_00028""]","[""llama-3.1-8b-instant""]","[""ahd5k_03284""]"
ent_diseasecondition_0c001085703e,الورم النقوي المتعدد,الورم النقوي المتعدد,DiseaseCondition,high,true,"[""الورم النقوي المتعدد""]",1,1,1,0.950,"[""chunk_00041""]","[""llama-3.1-8b-instant""]","[""ahd5k_01930""]"
ent_diseasecondition_deb4b94517cc,إمساك,امساك,DiseaseCondition,high,true,"[""إمساك"", ""امساك"", ""امساك شديد""]",4,1,3,0.950,"[""chunk_00185""]","[""llama-3.1-8b-instant""]","[""ahd5k_01998"", ""ahd5k_04017"", ""ahd5k_04323""]"
ent_diseasecondition_58d7d4ebddc3,انخفاض ضغط الدم,انخفاض ضغط الدم,DiseaseCondition,high,true,"[""انخفاض ضغط الدم""]",1,1,1,0.800,"[""chunk_00069""]","[""llama-3.1-8b-instant""]","[""ahd5k_04701""]"
ent_diseasecondition_8900ade247cb,انزلاق أنقي,انزلاق انقي,DiseaseCondition,high,true,"[""انزلاق أنقي"", ""انزلاق انقي""]",1,1,1,0.829,"[""chunk_00139""]","[""llama-3.1-8b-instant""]","[""ahd5k_00754""]"
ent_diseasecondition_5490429a16c5,انزلاق غضروفي عنقي,انزلاق غضروفي عنقي,DiseaseCondition,high,true,"[""انزلاق غضروفي عنقي""]",1,1,1,0.950,"[""chunk_00133""]","[""llama-3.1-8b-instant""]","[""ahd5k_04468""]"
ent_diseasecondition_94a9a87f1248,انفراص,انفراص,DiseaseCondition,high,true,"[""انفراص"", ""انقراص""]",1,1,1,0.850,"[""chunk_00032""]","[""llama-3.1-8b-instant""]","[""ahd5k_00088""]"
ent_diseasecondition_bcda4485dd1d,انقراص,انقراص,DiseaseCondition,high,true,"[""انفراص"", ""انقراص""]",1,1,1,0.850,"[""chunk_00032""]","[""llama-3.1-8b-instant""]","[""ahd5k_00088""]"
ent_diseasecondition_884ee2807f70,بروثرومبين,بروثرومبين,DiseaseCondition,high,true,"[""بروثرومبين""]",1,1,1,0.850,"[""chunk_00040""]","[""llama-3.1-8b-instant""]","[""ahd5k_00679""]"
ent_diseasecondition_28abf8165f28,بيلة الميوغلوبين,بيله الميوغلوبين,DiseaseCondition,high,true,"[""بيلة الميوغلوبين"", ""مرض بيلة الميوغلوبين""]",2,1,1,0.950,"[""chunk_00038""]","[""llama-3.1-8b-instant""]","[""ahd5k_03468""]"
ent_diseasecondition_517952691aa3,تخم البروستاتا الحميد,تخم البروستاتا الحميد,DiseaseCondition,high,true,"[""تخم البروستاتا الحميد""]",1,1,1,0.850,"[""chunk_00190""]","[""llama-3.1-8b-instant""]","[""ahd5k_04948""]"
ent_diseasecondition_190a32dbb9bd,تسوس الأسنان,تسوس الاسنان,DiseaseCondition,high,true,"[""تسوس الأسنان"", ""تسوس الأسنان أو أي خراجات باللثة""]",1,1,1,0.950,"[""chunk_00055""]","[""llama-3.1-8b-instant""]","[""ahd5k_04844""]"
ent_diseasecondition_c0d08edb6394,تشمع الكبد,تشمع الكبد,DiseaseCondition,high,true,"[""تشمع"", ""تشمع الكبد""]",1,1,1,0.850,"[""chunk_00174""]","[""llama-3.1-8b-instant""]","[""ahd5k_02213""]"
ent_diseasecondition_35d61a018e10,تشوه,تشوه,DiseaseCondition,high,true,"[""تشوه"", ""تشوهات""]",1,1,1,0.950,"[""chunk_00150""]","[""llama-3.1-8b-instant""]","[""ahd5k_03355""]"
ent_diseasecondition_b50b108a90f4,تشوهات,تشوهات,DiseaseCondition,high,true,"[""تشوه"", ""تشوهات""]",1,1,1,0.950,"[""chunk_00150""]","[""llama-3.1-8b-instant""]","[""ahd5k_03355""]"
ent_diseasecondition_7f2969b272b5,تشوهات خلقية,تشوهات خلقيه,DiseaseCondition,high,true,"[""تشوهات"", ""تشوهات خلقية""]",3,2,2,0.850,"[""chunk_00044"", ""chunk_00045""]","[""llama-3.1-8b-instant""]","[""ahd5k_03238"", ""ahd5k_04509""]"
ent_diseasecondition_44e90462f6cf,تصلب الشرايين,تصلب الشرايين,DiseaseCondition,high,true,"[""تصلب الشرايين""]",2,1,1,0.850,"[""chunk_00071""]","[""llama-3.1-8b-instant""]","[""ahd5k_04630""]"
ent_diseasecondition_4453ab65a84b,تضخم,تضخم,DiseaseCondition,high,true,"[""تضخم"", ""تضخم في الارداف""]",1,1,1,0.850,"[""chunk_00046""]","[""llama-3.1-8b-instant""]","[""ahd5k_00647""]"
ent_diseasecondition_7ac7135caacd,تضخم الغدد اللمفية,تضخم الغدد اللمفيه,DiseaseCondition,high,true,"[""تضخم الغدد اللمفية"", ""تضخم الغدد اللمفية الموضعية""]",1,1,1,0.950,"[""chunk_00055""]","[""llama-3.1-8b-instant""]","[""ahd5k_04844""]"
ent_diseasecondition_2e5268a07754,تضيق الشرايين,تضيق الشرايين,DiseaseCondition,high,true,"[""تضيق الشرايين"", ""تضيق الشرايين القلبية""]",2,1,2,0.850,"[""chunk_00080""]","[""llama-3.1-8b-instant""]","[""ahd5k_00391"", ""ahd5k_01704""]"
ent_diseasecondition_0058b0001848,تضيق القنوات الموجودة داخل الكبد,تضيق القنوات الموجوده داخل الكبد,DiseaseCondition,high,true,"[""تضيق القنوات"", ""تضيق القنوات الموجودة داخل الكبد""]",1,1,1,0.850,"[""chunk_00174""]","[""llama-3.1-8b-instant""]","[""ahd5k_00255""]"
ent_diseasecondition_a69e12c09129,تكيس المابيض,تكيس المابيض,DiseaseCondition,high,true,"[""بداية تكيس المابيض"", ""تكيس المابيض""]",1,1,1,0.850,"[""chunk_00095""]","[""llama-3.1-8b-instant""]","[""ahd5k_04038""]"
ent_diseasecondition_d56405bafefa,تكيس المبايض,تكيس المبايض,DiseaseCondition,high,true,"[""تكيس المبايض"", ""تكيس المبيض""]",2,2,2,0.950,"[""chunk_00161"", ""chunk_00184""]","[""llama-3.1-8b-instant""]","[""ahd5k_00772"", ""ahd5k_04832""]"
ent_diseasecondition_385230d505f3,تهاب,تهاب,DiseaseCondition,high,true,"[""التهاب"", ""تهاب"", ""تهاب الحلق"", ""تهاب القصبات""]",16,9,15,0.850,"[""chunk_00090"", ""chunk_00109"", ""chunk_00120"", ""chunk_00127"", ""chunk_00136"", ""chunk_00167"", ""chunk_00181"", ""chunk_00188"", ""chunk_00191""]","[""llama-3.1-8b-instant""]","[""ahd5k_00142"", ""ahd5k_00162"", ""ahd5k_00369"", ""ahd5k_00372"", ""ahd5k_00714"", ""ahd5k_00791"", ""ahd5k_00891"", ""ahd5k_01491"", ""ahd5k_01567"", ""ahd5k_01579"", ""ahd5k_01750"", ""ahd5k_02037"", ""ahd5k_03671"", ""ahd5k_04235"", ""ahd5k_04258""]"
ent_diseasecondition_109e661e0028,تهاب الغدة الدرقية,تهاب الغده الدرقيه,DiseaseCondition,high,true,"[""التهاب"", ""تهاب"", ""تهاب الغدة الدرقية""]",1,1,1,0.850,"[""chunk_00170""]","[""llama-3.1-8b-instant""]","[""ahd5k_02685""]"
ent_diseasecondition_78b578d6c9c9,توقف القلب,توقف القلب,DiseaseCondition,high,true,"[""توقف القلب""]",2,1,1,0.850,"[""chunk_00193""]","[""llama-3.1-8b-instant""]","[""ahd5k_00235""]"
ent_diseasecondition_3af83594d14c,تيفود,تيفود,DiseaseCondition,high,true,"[""تيفود""]",1,1,1,0.850,"[""chunk_00188""]","[""llama-3.1-8b-instant""]","[""ahd5k_03524""]"
ent_diseasecondition_632b4053c8a7,ثلاسيميا,ثلاسيميا,DiseaseCondition,high,true,"[""ثلاسيميا"", ""صفة الثلاسيميا""]",1,1,1,0.850,"[""chunk_00056""]","[""llama-3.1-8b-instant""]","[""ahd5k_02443""]"
ent_diseasecondition_93e6689ea10d,جلطة الاورده العميقه,جلطه الاورده العميقه,DiseaseCondition,high,true,"[""جلطة الاورده العميقه""]",1,1,1,0.850,"[""chunk_00071""]","[""llama-3.1-8b-instant""]","[""ahd5k_04630""]"
ent_diseasecondition_2f75d3dabe0b,حساسية,حساسيه,DiseaseCondition,high,true,"[""ارتكاريا"", ""التهاب"", ""حساسية"", ""حساسية الصدر"", ""حساسية جلديه"", ""حساسية شقية"", ""حساسيه"", ""ربو"", ""نزلة معوية""]",36,25,35,0.882,"[""chunk_00001"", ""chunk_00002"", ""chunk_00003"", ""chunk_00004"", ""chunk_00005"", ""chunk_00006"", ""chunk_00007"", ""chunk_00009"", ""chunk_00013"", ""chunk_00014"", ""chunk_00019"", ""chunk_00028"", ""chunk_00068"", ""chunk_00082"", ""chunk_00089"", ""chunk_00096"", ""chunk_00098"", ""chunk_00114"", ""chunk_00119"", ""chunk_00122"", ""chunk_00127"", ""chunk_00130"", ""chunk_00136"", ""chunk_00191"", ""chunk_00195""]","[""llama-3.1-8b-instant"", ""llama-3.3-70b-versatile""]","[""ahd5k_00010"", ""ahd5k_00020"", ""ahd5k_00069"", ""ahd5k_00133"", ""ahd5k_00142"", ""ahd5k_00481"", ""ahd5k_00614"", ""ahd5k_00683"", ""ahd5k_00695"", ""ahd5k_00812"", ""ahd5k_00864"", ""ahd5k_00887"", ""ahd5k_00931"", ""ahd5k_00963"", ""ahd5k_00970"", ""ahd5k_00994"", ""ahd5k_01231"", ""ahd5k_01236"", ""ahd5k_01245"", ""ahd5k_01418"", ""ahd5k_01836"", ""ahd5k_02039"", ""ahd5k_02115"", ""ahd5k_02124"", ""ahd5k_02470"", ""ahd5k_02556"", ""ahd5k_02966"", ""ahd5k_03068"", ""ahd5k_03098"", ""ahd5k_03258"", ""ahd5k_03626"", ""ahd5k_03762"", ""ahd5k_04144"", ""ahd5k_04235"", ""ahd5k_04347""]"
ent_diseasecondition_22b7b2b1b34f,حساسية البروتين البقري,حساسيه البروتين البقري,DiseaseCondition,high,true,"[""حساسية البروتين البقري""]",1,1,1,0.950,"[""chunk_00112""]","[""llama-3.1-8b-instant""]","[""ahd5k_04793""]"
ent_diseasecondition_250910ab0701,حساسية الصدر,حساسيه الصدر,DiseaseCondition,high,true,"[""حساسية"", ""حساسية الصدر"", ""ربو""]",4,3,4,0.850,"[""chunk_00004"", ""chunk_00096"", ""chunk_00172""]","[""llama-3.1-8b-instant"", ""llama-3.3-70b-versatile""]","[""ahd5k_00931"", ""ahd5k_03243"", ""ahd5k_03662"", ""ahd5k_04490""]"
ent_diseasecondition_c089d34028d0,حمى عضة الجرذ,حمي عضه الجرذ,DiseaseCondition,high,true,"[""حمى عضة الجرذ"", ""حمى عضة الجرذون"", ""حمى عضة الفأر""]",1,1,1,0.950,"[""chunk_00198""]","[""llama-3.1-8b-instant""]","[""ahd5k_01255""]"
ent_diseasecondition_21009b0da809,حمى عضة الجرذون,حمي عضه الجرذون,DiseaseCondition,high,true,"[""حمى عضة الجرذ"", ""حمى عضة الجرذون"", ""حمى عضة الفأر""]",1,1,1,0.950,"[""chunk_00198""]","[""llama-3.1-8b-instant""]","[""ahd5k_01255""]"
ent_diseasecondition_6ac8dc82e106,حمى عضة الفأر,حمي عضه الفار,DiseaseCondition,high,true,"[""حمى عضة الجرذ"", ""حمى عضة الفأر""]",1,1,1,0.950,"[""chunk_00198""]","[""llama-3.1-8b-instant""]","[""ahd5k_01255""]"
ent_diseasecondition_16a389cfd1bd,دبوس,دبوس,DiseaseCondition,high,true,"[""دبوس""]",1,1,1,0.950,"[""chunk_00200""]","[""llama-3.1-8b-instant""]","[""ahd5k_01295""]"
ent_diseasecondition_93017f24bceb,دهون ثلاثية,دهون ثلاثيه,DiseaseCondition,high,true,"[""دهون ثلاثية""]",1,1,1,0.850,"[""chunk_00090""]","[""llama-3.1-8b-instant""]","[""ahd5k_04045""]"
ent_diseasecondition_c7baf8534e07,دوالي الخصية,دوالي الخصيه,DiseaseCondition,high,true,"[""دوالي الخصية"", ""دوالي الخصيه""]",1,1,1,0.850,"[""chunk_00033""]","[""llama-3.1-8b-instant""]","[""ahd5k_00261""]"
ent_diseasecondition_c4254d272647,دوالي الساقين,دوالي الساقين,DiseaseCondition,high,true,"[""دوالي"", ""دوالي الساقين""]",2,1,1,0.950,"[""chunk_00011""]","[""llama-3.3-70b-versatile""]","[""ahd5k_04697""]"
ent_diseasecondition_1c50bd11c45a,ربو,ربو,DiseaseCondition,high,true,"[""ربو""]",5,5,5,0.800,"[""chunk_00001"", ""chunk_00002"", ""chunk_00004"", ""chunk_00009"", ""chunk_00014""]","[""llama-3.3-70b-versatile""]","[""ahd5k_00510"", ""ahd5k_00614"", ""ahd5k_00887"", ""ahd5k_00970"", ""ahd5k_03662""]"
ent_diseasecondition_0643ed72d249,سرطان القولون,سرطان القولون,DiseaseCondition,high,true,"[""سرطان القولون"", ""سرطان المستقيم""]",1,1,1,0.900,"[""chunk_00029""]","[""llama-3.1-8b-instant""]","[""ahd5k_02207""]"
ent_diseasecondition_048de7f33784,سرطان المستقيم,سرطان المستقيم,DiseaseCondition,high,true,"[""سرطان القولون"", ""سرطان المستقيم""]",1,1,1,0.950,"[""chunk_00029""]","[""llama-3.1-8b-instant""]","[""ahd5k_02207""]"
ent_diseasecondition_4393a2bf88a6,سكر,سكر,DiseaseCondition,high,true,"[""سكر"", ""مرض السكر""]",1,1,1,0.850,"[""chunk_00087""]","[""llama-3.1-8b-instant""]","[""ahd5k_03801""]"
ent_diseasecondition_aa9977b6b112,سكري,سكري,DiseaseCondition,high,true,"[""سكري"", ""مرتفع""]",3,1,2,0.950,"[""chunk_00141""]","[""llama-3.1-8b-instant""]","[""ahd5k_01577"", ""ahd5k_03627""]"
ent_diseasecondition_2cbe61e08310,سمنة الأرداف,سمنه الارداف,DiseaseCondition,high,true,"[""سمنة الأرداف"", ""سمنة الارداف""]",2,1,2,0.850,"[""chunk_00043""]","[""llama-3.1-8b-instant""]","[""ahd5k_00643"", ""ahd5k_03893""]"
ent_diseasecondition_7f8719b1c99d,سيستي هيدروما,سيستي هيدروما,DiseaseCondition,high,true,"[""Systic Hygroma"", ""سيستي هيدروما""]",2,1,1,0.850,"[""chunk_00043""]","[""llama-3.1-8b-instant""]","[""ahd5k_03893""]"
ent_diseasecondition_1730144a5e89,شظايا القنابل الصغيرة الانشطارية,شظايا القنابل الصغيره الانشطاريه,DiseaseCondition,high,true,"[""شظايا القنابل الصغيرة الانشطارية""]",1,1,1,0.950,"[""chunk_00200""]","[""llama-3.1-8b-instant""]","[""ahd5k_01290""]"
ent_diseasecondition_2a6dda2fbaec,شفة مشقوقة,شفه مشقوقه,DiseaseCondition,high,true,"[""شفة ارنبية"", ""شفة مشقوقة""]",1,1,1,0.850,"[""chunk_00154""]","[""llama-3.1-8b-instant""]","[""ahd5k_01266""]"
ent_diseasecondition_bd502372680c,شلل العصب السابع,شلل العصب السابع,DiseaseCondition,high,true,"[""شلل العصب السابع""]",1,1,1,0.850,"[""chunk_00033""]","[""llama-3.1-8b-instant""]","[""ahd5k_01221""]"
ent_diseasecondition_7754d34e2c52,شيب,شيب,DiseaseCondition,high,true,"[""شيب"", ""شيب المبكر""]",1,1,1,0.850,"[""chunk_00022""]","[""llama-3.1-8b-instant""]","[""ahd5k_04612""]"
ent_diseasecondition_1cff9c5dbe9e,صرع,صرع,DiseaseCondition,high,true,"[""داء الصرع"", ""شحنات كهرباء"", ""صرع"", ""كهرباء زائدة""]",2,1,1,0.950,"[""chunk_00016""]","[""llama-3.3-70b-versatile""]","[""ahd5k_02823""]"
ent_diseasecondition_cbcc5fb6bf54,صغر الثدي,صغر الثدي,DiseaseCondition,high,true,"[""صغر الثدي""]",1,1,1,0.850,"[""chunk_00020""]","[""llama-3.3-70b-versatile""]","[""ahd5k_01423""]"
ent_diseasecondition_de01cca177b2,صمام القلب,صمام القلب,DiseaseCondition,high,true,"[""صمام"", ""صمام القلب""]",2,1,2,0.850,"[""chunk_00080""]","[""llama-3.1-8b-instant""]","[""ahd5k_00391"", ""ahd5k_02217""]"
ent_diseasecondition_04b436ff2a98,ضرس العقل,ضرس العقل,DiseaseCondition,high,true,"[""ضرس العقل""]",1,1,1,0.850,"[""chunk_00116""]","[""llama-3.1-8b-instant""]","[""ahd5k_04356""]"
ent_diseasecondition_66e69e23fa2d,عسر الهضم,عسر الهضم,DiseaseCondition,high,true,"[""عسر الهضم""]",1,1,1,0.950,"[""chunk_00187""]","[""llama-3.1-8b-instant""]","[""ahd5k_02673""]"
ent_diseasecondition_88a350b88c4d,عضلات الصدر,عضلات الصدر,DiseaseCondition,high,true,"[""عضلات الصدر""]",1,1,1,0.850,"[""chunk_00132""]","[""llama-3.1-8b-instant""]","[""ahd5k_00804""]"
ent_diseasecondition_c123927b86ec,عقيدات الغدة الدرقية,عقيدات الغده الدرقيه,DiseaseCondition,high,true,"[""عقيدات الغدة الدرقية"", ""كتلة في الغدة الدرقية""]",1,1,1,0.950,"[""chunk_00162""]","[""llama-3.1-8b-instant""]","[""ahd5k_02200""]"
ent_diseasecondition_987cc3cc606f,علم التشريح,علم التشريح,DiseaseCondition,high,true,"[""علم التشريح""]",1,1,1,0.950,"[""chunk_00036""]","[""llama-3.1-8b-instant""]","[""ahd5k_04679""]"
ent_diseasecondition_f3a36190d8c6,فايروس الكبد,فايروس الكبد,DiseaseCondition,high,true,"[""فايروس الكبد"", ""فايروس الكبد من النوع بي""]",2,1,1,0.950,"[""chunk_00050""]","[""llama-3.1-8b-instant""]","[""ahd5k_00597""]"
ent_diseasecondition_28f5fc799e65,فرط الحساسية,فرط الحساسيه,DiseaseCondition,high,true,"[""فرط الحساسية""]",1,1,1,0.850,"[""chunk_00129""]","[""llama-3.1-8b-instant""]","[""ahd5k_02023""]"
ent_diseasecondition_a8997ac91159,فطريات,فطريات,DiseaseCondition,high,true,"[""فطريات""]",2,1,2,0.850,"[""chunk_00136""]","[""llama-3.1-8b-instant""]","[""ahd5k_00142"", ""ahd5k_01874""]"
ent_diseasecondition_9719230327a2,فقر الدم,فقر الدم,DiseaseCondition,high,true,"[""انيميا"", ""انيميا الفول"", ""فقر الدم"", ""فقر الدم الانحلالي"", ""فقر الدم عن نقص الحديد"", ""فقر الدم عند طفل عمره ١٣ سنة"", ""نقص في الدم""]",42,11,19,0.883,"[""chunk_00049"", ""chunk_00053"", ""chunk_00054"", ""chunk_00056"", ""chunk_00058"", ""chunk_00059"", ""chunk_00067"", ""chunk_00085"", ""chunk_00100"", ""chunk_00135"", ""chunk_00182""]","[""llama-3.1-8b-instant""]","[""ahd5k_00543"", ""ahd5k_00594"", ""ahd5k_00655"", ""ahd5k_00681"", ""ahd5k_00696"", ""ahd5k_00757"", ""ahd5k_00838"", ""ahd5k_00855"", ""ahd5k_01162"", ""ahd5k_01325"", ""ahd5k_01394"", ""ahd5k_01903"", ""ahd5k_02292"", ""ahd5k_02472"", ""ahd5k_02546"", ""ahd5k_03400"", ""ahd5k_03651"", ""ahd5k_03707"", ""ahd5k_04046""]"
ent_diseasecondition_99d821e71fc1,فقر دم,فقر دم,DiseaseCondition,high,true,"[""فقر دم""]",1,1,1,0.850,"[""chunk_00020""]","[""llama-3.3-70b-versatile""]","[""ahd5k_01178""]"
ent_diseasecondition_56b595f8a1f5,فيروس الكبد الوبائي,فيروس الكبد الوبايي,DiseaseCondition,high,true,"[""فيروس الكبد"", ""فيروس الكبد الوبائي""]",1,1,1,0.850,"[""chunk_00174""]","[""llama-3.1-8b-instant""]","[""ahd5k_04633""]"
ent_diseasecondition_780d3bf613f5,قرحة,قرحه,DiseaseCondition,high,true,"[""قرحة""]",2,1,1,0.850,"[""chunk_00190""]","[""llama-3.1-8b-instant""]","[""ahd5k_01066""]"
ent_diseasecondition_02f1ee13cca6,قولون عصبي,قولون عصبي,DiseaseCondition,high,true,"[""قولون العصبي"", ""قولون عصبي""]",2,2,2,0.925,"[""chunk_00185"", ""chunk_00187""]","[""llama-3.1-8b-instant""]","[""ahd5k_01998"", ""ahd5k_02673""]"
ent_diseasecondition_63c6ebfcb439,كسر,كسر,DiseaseCondition,high,true,"[""كسر""]",1,1,1,0.950,"[""chunk_00133""]","[""llama-3.1-8b-instant""]","[""ahd5k_04078""]"
ent_diseasecondition_050f0f4f890b,كسل بالغدة الدرقية,كسل بالغده الدرقيه,DiseaseCondition,high,true,"[""كسل بالغدة الدرقية""]",1,1,1,0.850,"[""chunk_00022""]","[""llama-3.1-8b-instant""]","[""ahd5k_04779""]"
ent_diseasecondition_677ee50113db,كلسترول,كلسترول,DiseaseCondition,high,true,"[""كلسترول""]",1,1,1,0.850,"[""chunk_00090""]","[""llama-3.1-8b-instant""]","[""ahd5k_04045""]"
ent_diseasecondition_304bdda1e242,كيس الشعر,كيس الشعر,DiseaseCondition,high,true,"[""كيس الشعر""]",1,1,1,0.850,"[""chunk_00128""]","[""llama-3.1-8b-instant""]","[""ahd5k_03594""]"
ent_diseasecondition_3a654f2d937a,متلازمة Chiari,متلازمه chiari,DiseaseCondition,high,true,"[""متلازمة Chiari""]",1,1,1,0.850,"[""chunk_00146""]","[""llama-3.1-8b-instant""]","[""ahd5k_00604""]"
ent_diseasecondition_d489c6c854f4,متلازمة خلية منجلية,متلازمه خليه منجليه,DiseaseCondition,high,true,"[""متلازمة"", ""متلازمة خلية منجلية""]",1,1,1,0.950,"[""chunk_00060""]","[""llama-3.1-8b-instant""]","[""ahd5k_03561""]"
ent_diseasecondition_4b1ef800ffb3,متلازمة فالدنستروم,متلازمه فالدنستروم,DiseaseCondition,high,true,"[""متلازمة فالدنستروم""]",1,1,1,0.950,"[""chunk_00041""]","[""llama-3.1-8b-instant""]","[""ahd5k_01930""]"
ent_diseasecondition_a7e5e3f0d48d,متلازمة كلاينفلتر,متلازمه كلاينفلتر,DiseaseCondition,high,true,"[""كلاينفلتر"", ""متلازمة كلاينفلتر""]",3,2,2,0.850,"[""chunk_00046"", ""chunk_00047""]","[""llama-3.1-8b-instant""]","[""ahd5k_02667"", ""ahd5k_03496""]"
ent_diseasecondition_380db6d92562,مرض السكري,مرض السكري,DiseaseCondition,high,true,"[""السكري"", ""سكري"", ""مرض السكرى"", ""مرض السكري""]",10,6,10,0.900,"[""chunk_00014"", ""chunk_00028"", ""chunk_00052"", ""chunk_00061"", ""chunk_00071"", ""chunk_00084""]","[""llama-3.1-8b-instant"", ""llama-3.3-70b-versatile""]","[""ahd5k_01294"", ""ahd5k_01358"", ""ahd5k_01551"", ""ahd5k_02607"", ""ahd5k_03015"", ""ahd5k_03068"", ""ahd5k_03284"", ""ahd5k_04630"", ""ahd5k_04912"", ""ahd5k_04944""]"
ent_diseasecondition_22348d970227,مرض الغدة الدرقية,مرض الغده الدرقيه,DiseaseCondition,high,true,"[""حساسية الصدر"", ""مرض الغدة الدرقية""]",2,1,1,0.950,"[""chunk_00169""]","[""llama-3.1-8b-instant""]","[""ahd5k_00035""]"
ent_diseasecondition_09dfb160ec9a,مرض جريفز,مرض جريفز,DiseaseCondition,high,true,"[""اضطرابات المناعة الذاتية الوراثية"", ""مرض جريفز""]",1,1,1,0.950,"[""chunk_00162""]","[""llama-3.1-8b-instant""]","[""ahd5k_02200""]"
ent_diseasecondition_1f4ad1fc407f,ملاريا,ملاريا,DiseaseCondition,high,true,"[""فقدان الشهية والرغبة في الاستفراغ"", ""ملاريا""]",1,1,1,0.850,"[""chunk_00190""]","[""llama-3.1-8b-instant""]","[""ahd5k_00916""]"
ent_diseasecondition_e33658f424f6,ملازمة داون,ملازمه داون,DiseaseCondition,high,true,"[""ملازمة داون""]",1,1,1,0.850,"[""chunk_00035""]","[""llama-3.1-8b-instant""]","[""ahd5k_04031""]"
ent_diseasecondition_c294dde65052,نزلة معوية,نزله معويه,DiseaseCondition,high,true,"[""نزلة معوية"", ""نزله معويه""]",2,2,2,0.850,"[""chunk_00001"", ""chunk_00180""]","[""llama-3.1-8b-instant"", ""llama-3.3-70b-versatile""]","[""ahd5k_00012"", ""ahd5k_03626""]"
ent_diseasecondition_e7ca942c5236,نزيف بسيط,نزيف بسيط,DiseaseCondition,high,true,"[""نزيف بسيط""]",1,1,1,0.950,"[""chunk_00200""]","[""llama-3.1-8b-instant""]","[""ahd5k_02003""]"
ent_diseasecondition_532f5db9617f,نشاط الغدة الدرقية,نشاط الغده الدرقيه,DiseaseCondition,high,true,"[""نشاط الدرقية"", ""نشاط الغدة الدرقية""]",1,1,1,0.950,"[""chunk_00162""]","[""llama-3.1-8b-instant""]","[""ahd5k_02200""]"
ent_diseasecondition_ddc87069534f,نقص الحليب,نقص الحليب,DiseaseCondition,high,true,"[""نقص الحليب""]",1,1,1,0.850,"[""chunk_00130""]","[""llama-3.1-8b-instant""]","[""ahd5k_03565""]"
ent_diseasecondition_3d19d6125641,نقص الصفيحات,نقص الصفيحات,DiseaseCondition,high,true,"[""نقص الصفيحات"", ""نقص الصفيحات الدموية""]",1,1,1,0.850,"[""chunk_00059""]","[""llama-3.1-8b-instant""]","[""ahd5k_00313""]"
ent_diseasecondition_dc66fee46819,نقص الكريات البيضاء,نقص الكريات البيضاء,DiseaseCondition,high,true,"[""نقص الكريات البيضاء""]",1,1,1,0.850,"[""chunk_00059""]","[""llama-3.1-8b-instant""]","[""ahd5k_02552""]"
ent_diseasecondition_5fea51591b68,نقص بحجم الثدي,نقص بحجم الثدي,DiseaseCondition,high,true,"[""نقص بحجم الثدي"", ""نقص بحجم الثدي الايمن""]",1,1,1,0.850,"[""chunk_00163""]","[""llama-3.1-8b-instant""]","[""ahd5k_02702""]"
ent_diseasecondition_6116bf50d3f1,نقص حديد,نقص حديد,DiseaseCondition,high,true,"[""نقص حديد""]",1,1,1,0.850,"[""chunk_00059""]","[""llama-3.1-8b-instant""]","[""ahd5k_01162""]"
ent_diseasecondition_1b4cda592c0e,نقص فيتامين,نقص فيتامين,DiseaseCondition,high,true,"[""نقص فيتامين""]",2,1,2,0.850,"[""chunk_00136""]","[""llama-3.1-8b-instant""]","[""ahd5k_00142"", ""ahd5k_01874""]"
ent_diseasecondition_74be32fb7f24,نقص فيتامين د,نقص فيتامين د,DiseaseCondition,high,true,"[""نقص فيتامين د""]",1,1,1,0.850,"[""chunk_00059""]","[""llama-3.1-8b-instant""]","[""ahd5k_01162""]"
ent_diseasecondition_21962ce71aec,نقص هرمونات,نقص هرمونات,DiseaseCondition,high,true,"[""نقص هرمون"", ""نقص هرمونات""]",1,1,1,0.950,"[""chunk_00160""]","[""llama-3.1-8b-instant""]","[""ahd5k_04611""]"
ent_symptom_5a4646c01c0e,اختلال وظائف الكبد,اختلال وظايف الكبد,Symptom,high,true,"[""اختلال وظائف الكبد""]",1,1,1,0.950,"[""chunk_00037""]","[""llama-3.1-8b-instant""]","[""ahd5k_01578""]"
ent_symptom_a3c00de774da,ارتجاف,ارتجاف,Symptom,high,true,"[""ارتجاف""]",1,1,1,0.950,"[""chunk_00198""]","[""llama-3.1-8b-instant""]","[""ahd5k_01255""]"
ent_symptom_f6203734ffc7,ارتفاع خضاب الدم,ارتفاع خضاب الدم,Symptom,high,true,"[""ارتفاع خضاب الدم""]",1,1,1,0.850,"[""chunk_00059""]","[""llama-3.1-8b-instant""]","[""ahd5k_00313""]"
ent_symptom_93828ade2cbe,الارتكاريا,الارتكاريا,Symptom,high,true,"[""ارتكاريا"", ""الارتكاريا"", ""حكه""]",2,1,2,0.900,"[""chunk_00005""]","[""llama-3.3-70b-versatile""]","[""ahd5k_04654"", ""ahd5k_04733""]"
ent_symptom_3ab5bd868858,الارهاق,الارهاق,Symptom,high,true,"[""الارهاق"", ""التوتر والارهاق والقلق""]",1,1,1,0.850,"[""chunk_00173""]","[""llama-3.1-8b-instant""]","[""ahd5k_04953""]"
ent_symptom_759403abc54c,الإغماء,الاغماء,Symptom,high,true,"[""الإغماء""]",1,1,1,0.900,"[""chunk_00140""]","[""llama-3.1-8b-instant""]","[""ahd5k_03423""]"
ent_symptom_ad0da68fc73f,الالم,الالم,Symptom,high,true,"[""الالم""]",1,1,1,0.850,"[""chunk_00179""]","[""llama-3.1-8b-instant""]","[""ahd5k_03738""]"
ent_symptom_249d07021a1b,الام,الام,Symptom,high,true,"[""الام""]",1,1,1,0.850,"[""chunk_00116""]","[""llama-3.1-8b-instant""]","[""ahd5k_04356""]"
ent_symptom_9731436c9bf9,الانين,الانين,Symptom,high,true,"[""الانين""]",1,1,1,0.850,"[""chunk_00138""]","[""llama-3.1-8b-instant""]","[""ahd5k_00774""]"
ent_symptom_496829ff3f53,البراز,البراز,Symptom,high,true,"[""البراز""]",1,1,1,0.850,"[""chunk_00176""]","[""llama-3.1-8b-instant""]","[""ahd5k_00072""]"
ent_symptom_cdf7db203339,البلغم,البلغم,Symptom,high,true,"[""البلغم"", ""مخاط""]",1,1,1,0.850,"[""chunk_00107""]","[""llama-3.1-8b-instant""]","[""ahd5k_04277""]"
ent_symptom_215297000d7a,التدخين,التدخين,Symptom,high,true,"[""التدخين"", ""تدخين""]",1,1,1,0.850,"[""chunk_00092""]","[""llama-3.1-8b-instant""]","[""ahd5k_01629""]"
ent_symptom_e2d3b3389af6,التصاق,التصاق,Symptom,high,true,"[""التصاق"", ""تصاق""]",1,1,1,0.850,"[""chunk_00047""]","[""llama-3.1-8b-instant""]","[""ahd5k_04492""]"
ent_symptom_268a0d637f96,التهديد بالإجهاض,التهديد بالاجهاض,Symptom,high,true,"[""التهديد بالإجهاض""]",1,1,1,0.950,"[""chunk_00149""]","[""llama-3.1-8b-instant""]","[""ahd5k_03563""]"
ent_symptom_6e02a9cc4e27,التوتر,التوتر,Symptom,high,true,"[""التوتر"", ""التوتر والارهاق والقلق""]",1,1,1,0.850,"[""chunk_00173""]","[""llama-3.1-8b-instant""]","[""ahd5k_04953""]"
ent_symptom_8dbc08affae1,الجنين,الجنين,Symptom,high,true,"[""الجنين""]",1,1,1,0.850,"[""chunk_00156""]","[""llama-3.1-8b-instant""]","[""ahd5k_04815""]"
ent_symptom_3600b8bcb53e,الجوع,الجوع,Symptom,high,true,"[""الجوع"", ""شعور بالجوع""]",1,1,1,0.850,"[""chunk_00097""]","[""llama-3.1-8b-instant""]","[""ahd5k_01128""]"
ent_symptom_8837f8fd35f4,الجيب اللثوي,الجيب اللثوي,Symptom,high,true,"[""الجيب اللثوي""]",1,1,1,0.850,"[""chunk_00121""]","[""llama-3.1-8b-instant""]","[""ahd5k_02986""]"
ent_symptom_6ff36e848606,الحادِث الوِعائيٌّ الدِمَاغِيّ,الحادث الوعايي الدماغي,Symptom,high,true,"[""الحادِث الوِعائيٌّ الدِمَاغِيّ"", ""حادث وعائي دماغي""]",1,1,1,0.850,"[""chunk_00081""]","[""llama-3.1-8b-instant""]","[""ahd5k_04533""]"
ent_symptom_57992c2ef292,الحال,الحال,Symptom,high,true,"[""الحال""]",2,1,2,0.850,"[""chunk_00148""]","[""llama-3.1-8b-instant""]","[""ahd5k_02182"", ""ahd5k_02249""]"
ent_symptom_fdb2085491d0,الحال بالمرديدين,الحال بالمرديدين,Symptom,high,true,"[""الحال بالمرديدين""]",2,1,2,0.850,"[""chunk_00148""]","[""llama-3.1-8b-instant""]","[""ahd5k_02182"", ""ahd5k_02249""]"
ent_symptom_d0d35afb979b,الحساسية على الوسط التَبايُنِيّ,الحساسيه علي الوسط التبايني,Symptom,high,true,"[""الحساسية على الوسط التَبايُنِيّ"", ""حساسية على الوسط التبايني""]",1,1,1,0.850,"[""chunk_00081""]","[""llama-3.1-8b-instant""]","[""ahd5k_04533""]"
ent_symptom_59d5c1de0b88,الدم,الدم,Symptom,high,true,"[""الدم""]",1,1,1,0.850,"[""chunk_00117""]","[""llama-3.1-8b-instant""]","[""ahd5k_00666""]"
ent_symptom_c42bbeabdb83,الزراق,الزراق,Symptom,high,true,"[""الزراق"", ""ضيق تنفس"", ""نقص الاكسجين""]",1,1,1,0.850,"[""chunk_00099""]","[""llama-3.1-8b-instant""]","[""ahd5k_00568""]"
ent_symptom_b5e5cc252e6a,الضيق التنفسي,الضيق التنفسي,Symptom,high,true,"[""الضيق التنفسي"", ""ضيق تنفس""]",7,1,7,0.700,"[""chunk_00072""]","[""llama-3.1-8b-instant""]","[""ahd5k_00515"", ""ahd5k_00656"", ""ahd5k_01510"", ""ahd5k_01669"", ""ahd5k_02719"", ""ahd5k_02761"", ""ahd5k_03333""]"
ent_symptom_544114d1fc6b,الغازات,الغازات,Symptom,high,true,"[""الغازات""]",1,1,1,0.850,"[""chunk_00176""]","[""llama-3.1-8b-instant""]","[""ahd5k_00072""]"
ent_symptom_38888a2188fe,القلق,القلق,Symptom,high,true,"[""التوتر والارهاق والقلق"", ""القلق"", ""قلق""]",3,3,3,0.850,"[""chunk_00077"", ""chunk_00128"", ""chunk_00173""]","[""llama-3.1-8b-instant""]","[""ahd5k_01574"", ""ahd5k_02662"", ""ahd5k_04953""]"
ent_symptom_0f8f2716b4d6,القولون,القولون,Symptom,high,true,"[""القولون""]",1,1,1,0.950,"[""chunk_00180""]","[""llama-3.1-8b-instant""]","[""ahd5k_02677""]"
ent_symptom_f9f21f627264,القولون العصبى,القولون العصبي,Symptom,high,true,"[""القولون العصبى""]",1,1,1,0.950,"[""chunk_00180""]","[""llama-3.1-8b-instant""]","[""ahd5k_02511""]"
ent_symptom_db012388d676,الكتف,الكتف,Symptom,high,true,"[""الكتف""]",1,1,1,0.850,"[""chunk_00142""]","[""llama-3.1-8b-instant""]","[""ahd5k_00486""]"
ent_symptom_c81532a33515,الم المعدجة,الم المعدجه,Symptom,high,true,"[""الم المعدجة"", ""الم في المعده""]",2,1,2,0.900,"[""chunk_00054""]","[""llama-3.1-8b-instant""]","[""ahd5k_02292"", ""ahd5k_02546""]"
ent_symptom_202dedeff038,ألم المفاصل,الم المفاصل,Symptom,high,true,"[""ألم المفاصل"", ""الم المفاصل""]",2,1,1,0.900,"[""chunk_00010""]","[""llama-3.3-70b-versatile""]","[""ahd5k_04473""]"
ent_symptom_f28c266dc478,المضاعفات الوعائية,المضاعفات الوعاييه,Symptom,high,true,"[""المضاعفات الوعائية"", ""مضاعفات وعائية""]",1,1,1,0.850,"[""chunk_00081""]","[""llama-3.1-8b-instant""]","[""ahd5k_04533""]"
ent_symptom_4c83b1bd25ea,المغص,المغص,Symptom,high,true,"[""المغص"", ""المغص البطني""]",1,1,1,0.850,"[""chunk_00178""]","[""llama-3.1-8b-instant""]","[""ahd5k_04728""]"
ent_symptom_7b297d9851d1,الملابس,الملابس,Symptom,high,true,"[""الملابس"", ""كثرة الملابس""]",1,1,1,0.850,"[""chunk_00099""]","[""llama-3.1-8b-instant""]","[""ahd5k_00568""]"
ent_symptom_e276c7fd7e33,النزف,النزف,Symptom,high,true,"[""النزف"", ""نزف""]",1,1,1,0.850,"[""chunk_00081""]","[""llama-3.1-8b-instant""]","[""ahd5k_04533""]"
ent_symptom_a6a5150fee6f,النزلة,النزله,Symptom,high,true,"[""النزلة"", ""نزلة""]",1,1,1,0.950,"[""chunk_00052""]","[""llama-3.1-8b-instant""]","[""ahd5k_04944""]"
ent_symptom_23da4c61fd5e,النزيف,النزيف,Symptom,high,true,"[""النزيف""]",1,1,1,0.950,"[""chunk_00149""]","[""llama-3.1-8b-instant""]","[""ahd5k_03563""]"
ent_symptom_df03b3e7eef5,النفخ,النفخ,Symptom,high,true,"[""النفخ"", ""النفخ القلبي""]",1,1,1,0.850,"[""chunk_00079""]","[""llama-3.1-8b-instant""]","[""ahd5k_03469""]"
ent_symptom_19a4e01ad622,النقص الحاد,النقص الحاد,Symptom,high,true,"[""النقص"", ""النقص الحاد""]",1,1,1,0.950,"[""chunk_00060""]","[""llama-3.1-8b-instant""]","[""ahd5k_04583""]"
ent_symptom_cee2a1d85e2d,الوجع الشديد في الجنب اليمين,الوجع الشديد في الجنب اليمين,Symptom,high,true,"[""الوجع الشديد في الجنب"", ""الوجع الشديد في الجنب اليمين""]",1,1,1,0.850,"[""chunk_00178""]","[""llama-3.1-8b-instant""]","[""ahd5k_04921""]"
ent_symptom_5dc2556b8338,الوفاة,الوفاه,Symptom,high,true,"[""الوفاة"", ""وفاة""]",1,1,1,0.850,"[""chunk_00081""]","[""llama-3.1-8b-instant""]","[""ahd5k_04533""]"
ent_symptom_fd750eeb2865,انتفاخ,انتفاخ,Symptom,high,true,"[""انتفاخ"", ""انتفاخ بالوجه""]",1,1,1,0.850,"[""chunk_00086""]","[""llama-3.1-8b-instant""]","[""ahd5k_01537""]"
ent_symptom_9510bd8242ac,انقطاع الطمث,انقطاع الطمث,Symptom,high,true,"[""انقطاع الدورة"", ""انقطاع الطمث""]",1,1,1,0.900,"[""chunk_00160""]","[""llama-3.1-8b-instant""]","[""ahd5k_04611""]"
ent_symptom_320d3e905b16,أوجاع العضلات,اوجاع العضلات,Symptom,high,true,"[""أوجاع العضلات""]",1,1,1,0.950,"[""chunk_00198""]","[""llama-3.1-8b-instant""]","[""ahd5k_01255""]"
ent_symptom_976231d5f27b,أوجاع المفاصل,اوجاع المفاصل,Symptom,high,true,"[""أوجاع المفاصل""]",1,1,1,0.950,"[""chunk_00198""]","[""llama-3.1-8b-instant""]","[""ahd5k_01255""]"
ent_symptom_9462c717910d,برودة الطقس,بروده الطقس,Symptom,high,true,"[""برودة الطقس""]",1,1,1,0.850,"[""chunk_00099""]","[""llama-3.1-8b-instant""]","[""ahd5k_00568""]"
ent_symptom_d76ebd36291e,برودة الماء,بروده الماء,Symptom,high,true,"[""برودة الماء""]",1,1,1,0.850,"[""chunk_00099""]","[""llama-3.1-8b-instant""]","[""ahd5k_00568""]"
ent_symptom_6910233b82fc,بروز في البطن,بروز في البطن,Symptom,high,true,"[""بروز في البطن""]",1,1,1,0.850,"[""chunk_00022""]","[""llama-3.1-8b-instant""]","[""ahd5k_04986""]"
ent_symptom_dc2c7333a505,بلغم,بلغم,Symptom,high,true,"[""بلغم""]",2,1,1,0.850,"[""chunk_00001""]","[""llama-3.3-70b-versatile""]","[""ahd5k_00970""]"
ent_symptom_3218dcecad3c,تشنجات,تشنجات,Symptom,high,true,"[""تشنجات""]",1,1,1,0.850,"[""chunk_00137""]","[""llama-3.1-8b-instant""]","[""ahd5k_04924""]"
ent_symptom_8d2e4253732b,تضخم في الارداف,تضخم في الارداف,Symptom,high,true,"[""تضخم"", ""تضخم في الارداف""]",1,1,1,0.850,"[""chunk_00046""]","[""llama-3.1-8b-instant""]","[""ahd5k_00647""]"
ent_symptom_28acc791e82d,تعب,تعب,Symptom,high,true,"[""تعب""]",1,1,1,0.850,"[""chunk_00001""]","[""llama-3.3-70b-versatile""]","[""ahd5k_03872""]"
ent_symptom_d48190970b2d,تنميل,تنميل,Symptom,high,true,"[""تنميل""]",1,1,1,0.950,"[""chunk_00182""]","[""llama-3.1-8b-instant""]","[""ahd5k_00838""]"
ent_symptom_ecf500c8beea,حرقه,حرقه,Symptom,high,true,"[""حرقه""]",1,1,1,0.950,"[""chunk_00091""]","[""llama-3.1-8b-instant""]","[""ahd5k_01099""]"
ent_symptom_fe424a778440,حصاصة,حصاصه,Symptom,high,true,"[""حصاصة""]",1,1,1,0.850,"[""chunk_00138""]","[""llama-3.1-8b-instant""]","[""ahd5k_00774""]"
ent_symptom_7cfc95737dc0,حكة,حكه,Symptom,high,true,"[""حكة""]",1,1,1,0.850,"[""chunk_00001""]","[""llama-3.3-70b-versatile""]","[""ahd5k_04414""]"
ent_symptom_fd47e672abb7,حلمة,حلمه,Symptom,high,true,"[""حلمة"", ""حلمة ثديي الايمن"", ""حلمة مسطحه""]",2,1,1,0.850,"[""chunk_00155""]","[""llama-3.1-8b-instant""]","[""ahd5k_00615""]"
ent_symptom_1a7b2eae066b,حموضة,حموضه,Symptom,high,true,"[""حموضة""]",1,1,1,0.850,"[""chunk_00188""]","[""llama-3.1-8b-instant""]","[""ahd5k_01518""]"
ent_symptom_018ebc11f6df,حمى,حمي,Symptom,high,true,"[""ارتفاع حرارة"", ""ارتكاريا"", ""الم"", ""حماى"", ""حمى"", ""حمى عضة الجرذ"", ""حمى عضة الفأر"", ""ضربة الشمس""]",13,9,13,0.872,"[""chunk_00030"", ""chunk_00040"", ""chunk_00093"", ""chunk_00101"", ""chunk_00102"", ""chunk_00165"", ""chunk_00181"", ""chunk_00198"", ""chunk_00199""]","[""llama-3.1-8b-instant""]","[""ahd5k_00348"", ""ahd5k_00438"", ""ahd5k_00679"", ""ahd5k_01255"", ""ahd5k_01262"", ""ahd5k_01567"", ""ahd5k_01611"", ""ahd5k_02142"", ""ahd5k_02595"", ""ahd5k_03053"", ""ahd5k_03137"", ""ahd5k_04651"", ""ahd5k_04919""]"
ent_symptom_1f6a3892391d,خفقان القلب,خفقان القلب,Symptom,high,true,"[""تسارع في ضربات القلب"", ""خفقان القلب""]",4,1,4,0.900,"[""chunk_00069""]","[""llama-3.1-8b-instant""]","[""ahd5k_00823"", ""ahd5k_01690"", ""ahd5k_03624"", ""ahd5k_04701""]"
ent_symptom_2623f9ed0078,دقات سريعة للقلب,دقات سريعه للقلب,Symptom,high,true,"[""دقات سريعة للقلب""]",1,1,1,0.850,"[""chunk_00136""]","[""llama-3.1-8b-instant""]","[""ahd5k_01140""]"
ent_symptom_ec53995c86ca,دوار,دوار,Symptom,high,true,"[""دوار""]",1,1,1,0.850,"[""chunk_00136""]","[""llama-3.1-8b-instant""]","[""ahd5k_01140""]"
ent_symptom_15f699fd4691,دوائر حمراء,دواير حمراء,Symptom,high,true,"[""دوائر حمراء""]",1,1,1,0.850,"[""chunk_00001""]","[""llama-3.3-70b-versatile""]","[""ahd5k_04414""]"
ent_symptom_850b2a35c32d,دوخة,دوخه,Symptom,high,true,"[""دوخة""]",1,1,1,0.800,"[""chunk_00069""]","[""llama-3.1-8b-instant""]","[""ahd5k_04701""]"
ent_symptom_e9ec482600f1,راسي تقيل,راسي تقيل,Symptom,high,true,"[""راسي تقيل""]",1,1,1,0.850,"[""chunk_00136""]","[""llama-3.1-8b-instant""]","[""ahd5k_01140""]"
ent_symptom_f4cf885a0447,سعال,سعال,Symptom,high,true,"[""بلغم"", ""سعال"", ""ضيق تنفس""]",7,7,7,0.807,"[""chunk_00001"", ""chunk_00009"", ""chunk_00096"", ""chunk_00119"", ""chunk_00123"", ""chunk_00172"", ""chunk_00192""]","[""llama-3.1-8b-instant"", ""llama-3.3-70b-versatile""]","[""ahd5k_00069"", ""ahd5k_00883"", ""ahd5k_00970"", ""ahd5k_01584"", ""ahd5k_03544"", ""ahd5k_04490"", ""ahd5k_04942""]"
ent_symptom_dbef79463d2f,سمنة,سمنه,Symptom,high,true,"[""سمنة""]",1,1,1,0.850,"[""chunk_00161""]","[""llama-3.1-8b-instant""]","[""ahd5k_00772""]"
ent_symptom_c411d2ed3083,سيلان الانف,سيلان الانف,Symptom,high,true,"[""سيلان الانف""]",1,1,1,0.950,"[""chunk_00108""]","[""llama-3.1-8b-instant""]","[""ahd5k_04444""]"
ent_symptom_b754f1a1e5a8,صداع,صداع,Symptom,high,true,"[""ألم"", ""ام حادة"", ""صداع"", ""صداع التوتري"", ""صداع في جنبي الرأس"", ""صداع قوي"", ""نض سريع""]",14,9,13,0.861,"[""chunk_00014"", ""chunk_00074"", ""chunk_00103"", ""chunk_00116"", ""chunk_00124"", ""chunk_00128"", ""chunk_00130"", ""chunk_00131"", ""chunk_00196""]","[""llama-3.1-8b-instant"", ""llama-3.3-70b-versatile""]","[""ahd5k_00065"", ""ahd5k_00222"", ""ahd5k_00507"", ""ahd5k_00780"", ""ahd5k_00887"", ""ahd5k_01058"", ""ahd5k_02266"", ""ahd5k_02318"", ""ahd5k_02662"", ""ahd5k_03689"", ""ahd5k_03737"", ""ahd5k_04265"", ""ahd5k_04356""]"
ent_symptom_c01e00eb5c72,صداع التوتر,صداع التوتر,Symptom,high,true,"[""صداع"", ""صداع التوتر""]",1,1,1,0.850,"[""chunk_00128""]","[""llama-3.1-8b-instant""]","[""ahd5k_02662""]"
ent_symptom_d713f64368d3,ضغط,ضغط,Symptom,high,true,"[""ضغط""]",3,3,3,0.850,"[""chunk_00078"", ""chunk_00128"", ""chunk_00140""]","[""llama-3.1-8b-instant""]","[""ahd5k_00436"", ""ahd5k_02662"", ""ahd5k_03423""]"
ent_symptom_724e59ded899,ضغط الدم,ضغط الدم,Symptom,high,true,"[""blood pressure"", ""ضغط"", ""ضغط الدم""]",11,2,11,0.900,"[""chunk_00064"", ""chunk_00084""]","[""llama-3.1-8b-instant""]","[""ahd5k_00085"", ""ahd5k_00691"", ""ahd5k_00756"", ""ahd5k_01259"", ""ahd5k_01294"", ""ahd5k_01350"", ""ahd5k_01894"", ""ahd5k_02577"", ""ahd5k_02607"", ""ahd5k_02754"", ""ahd5k_04912""]"
ent_symptom_7b839cc80688,ضيق تنفس,ضيق تنفس,Symptom,high,true,"[""بلغم"", ""سعال"", ""ضيق التنفس"", ""ضيق النفس"", ""ضيق بلتنفس"", ""ضيق تنفس"", ""ضيق نفس"", ""نفث""]",11,9,10,0.850,"[""chunk_00001"", ""chunk_00007"", ""chunk_00022"", ""chunk_00068"", ""chunk_00069"", ""chunk_00073"", ""chunk_00074"", ""chunk_00089"", ""chunk_00090""]","[""llama-3.1-8b-instant"", ""llama-3.3-70b-versatile""]","[""ahd5k_00010"", ""ahd5k_00683"", ""ahd5k_00823"", ""ahd5k_02329"", ""ahd5k_03444"", ""ahd5k_03671"", ""ahd5k_03872"", ""ahd5k_04265"", ""ahd5k_04701"", ""ahd5k_04898""]"
ent_symptom_ca6890d2fa81,غثيان,غثيان,Symptom,high,true,"[""دوخه"", ""غثيان""]",1,1,1,0.950,"[""chunk_00186""]","[""llama-3.1-8b-instant""]","[""ahd5k_04926""]"
ent_symptom_c48c0df96785,فقدان الشهيه,فقدان الشهيه,Symptom,high,true,"[""فقدان الشهية"", ""فقدان الشهيه""]",1,1,1,0.800,"[""chunk_00054""]","[""llama-3.1-8b-instant""]","[""ahd5k_02546""]"
ent_symptom_94e1fb05bddc,فقدان الشهية والرغبة في الاستفراغ,فقدان الشهيه والرغبه في الاستفراغ,Symptom,high,true,"[""فقدان الشهية والرغبة في الاستفراغ""]",1,1,1,0.850,"[""chunk_00190""]","[""llama-3.1-8b-instant""]","[""ahd5k_00916""]"
ent_symptom_1113453f7a36,فقدان الوعي,فقدان الوعي,Symptom,high,true,"[""فقدان الوعي"", ""نقص الوعي""]",1,1,1,0.950,"[""chunk_00197""]","[""llama-3.1-8b-instant""]","[""ahd5k_00992""]"
ent_symptom_f51ef98950a2,قلق,قلق,Symptom,high,true,"[""تأغر فى غلق فتحة الرأس الأماميه"", ""توتر"", ""قلق"", ""وخزات""]",5,4,4,0.890,"[""chunk_00068"", ""chunk_00075"", ""chunk_00104"", ""chunk_00132""]","[""llama-3.1-8b-instant""]","[""ahd5k_00671"", ""ahd5k_00683"", ""ahd5k_00804"", ""ahd5k_02476""]"
ent_symptom_7a79bce3a153,قيء,قيء,Symptom,high,true,"[""تقيؤ"", ""قيء""]",2,2,2,0.900,"[""chunk_00105"", ""chunk_00151""]","[""llama-3.1-8b-instant""]","[""ahd5k_02903"", ""ahd5k_04856""]"
ent_symptom_170df8c18553,كيس,كيس,Symptom,high,true,"[""اللثة"", ""كيس""]",1,1,1,0.850,"[""chunk_00120""]","[""llama-3.1-8b-instant""]","[""ahd5k_02131""]"
ent_symptom_ff3a8a841494,نبض,نبض,Symptom,high,true,"[""نبض"", ""نبض قلبه""]",1,1,1,0.850,"[""chunk_00155""]","[""llama-3.1-8b-instant""]","[""ahd5k_01973""]"
ent_symptom_19841fc2dc50,نبضات القلب,نبضات القلب,Symptom,high,true,"[""heartbeats"", ""نبضات القلب""]",6,1,6,0.700,"[""chunk_00064""]","[""llama-3.1-8b-instant""]","[""ahd5k_00085"", ""ahd5k_00691"", ""ahd5k_00756"", ""ahd5k_01259"", ""ahd5k_01350"", ""ahd5k_01894""]"
ent_symptom_b9ba6f86ab5a,نزف,نزف,Symptom,high,true,"[""نزف"", ""نزف بسيط""]",1,1,1,0.850,"[""chunk_00056""]","[""llama-3.1-8b-instant""]","[""ahd5k_01440""]"
ent_symptom_66c2e60e8e52,نشفان,نشفان,Symptom,high,true,"[""نشفان""]",1,1,1,0.800,"[""chunk_00006""]","[""llama-3.3-70b-versatile""]","[""ahd5k_02124""]"
ent_symptom_7d2fce86bc12,نغزات,نغزات,Symptom,high,true,"[""نغزات""]",1,1,1,0.950,"[""chunk_00070""]","[""llama-3.1-8b-instant""]","[""ahd5k_04975""]"
ent_symptom_17b6202362ba,نفخ,نفخ,Symptom,high,true,"[""نفخ""]",1,1,1,0.850,"[""chunk_00078""]","[""llama-3.1-8b-instant""]","[""ahd5k_01017""]"
ent_symptom_2b9271490fdf,نوبات,نوبات,Symptom,high,true,"[""نوبات""]",2,1,2,0.850,"[""chunk_00077""]","[""llama-3.1-8b-instant""]","[""ahd5k_00189"", ""ahd5k_01574""]"
ent_symptom_871c0c5d659d,نوبة,نوبه,Symptom,high,true,"[""نوبات جزئية"", ""نوبات عامة"", ""نوبة""]",2,1,1,0.900,"[""chunk_00016""]","[""llama-3.3-70b-versatile""]","[""ahd5k_02823""]"
ent_symptom_1489f63a8622,هيشان الشعر,هيشان الشعر,Symptom,high,true,"[""هيشان الشعر""]",1,1,1,0.850,"[""chunk_00020""]","[""llama-3.3-70b-versatile""]","[""ahd5k_00149""]"
ent_symptom_42ad4acdebc5,وجع,وجع,Symptom,high,true,"[""وجع"", ""وجع بالجسم""]",1,1,1,0.850,"[""chunk_00086""]","[""llama-3.1-8b-instant""]","[""ahd5k_01537""]"
ent_test_d4c042551289,b12,b12,Test,high,true,"[""b12""]",1,1,1,0.950,"[""chunk_00050""]","[""llama-3.1-8b-instant""]","[""ahd5k_02605""]"
ent_test_eb10148e602f,CBC,cbc,Test,high,true,"[""CBC""]",1,1,1,0.950,"[""chunk_00050""]","[""llama-3.1-8b-instant""]","[""ahd5k_02605""]"
ent_test_f405aec80933,CBC التحليل الكامل للدم,cbc التحليل الكامل للدم,Test,high,true,"[""CBC التحليل الكامل للدم""]",1,1,1,0.950,"[""chunk_00186""]","[""llama-3.1-8b-instant""]","[""ahd5k_04926""]"
ent_test_7f9e855cef19,E.S.R.,e.s.r.,Test,high,true,"[""E.S.R.""]",1,1,1,0.850,"[""chunk_00060""]","[""llama-3.1-8b-instant""]","[""ahd5k_04249""]"
ent_test_9b953964df1c,ferritin,ferritin,Test,high,true,"[""ferritin""]",1,1,1,0.950,"[""chunk_00050""]","[""llama-3.1-8b-instant""]","[""ahd5k_02605""]"
ent_test_a720c5e59e85,iron,iron,Test,high,true,"[""iron""]",1,1,1,0.950,"[""chunk_00050""]","[""llama-3.1-8b-instant""]","[""ahd5k_02605""]"
ent_test_ca6f7fce3808,PTH,pth,Test,high,true,"[""PTH"", ""parathyroid hormone""]",1,1,1,0.950,"[""chunk_00157""]","[""llama-3.1-8b-instant""]","[""ahd5k_03833""]"
ent_test_3f0d2e079b73,RAST Test,rast test,Test,high,true,"[""RAST Test""]",1,1,1,0.850,"[""chunk_00003""]","[""llama-3.3-70b-versatile""]","[""ahd5k_01245""]"
ent_test_c4cfd2d6468c,أشعة,اشعه,Test,high,true,"[""أشعة"", ""اشعة"", ""اشعة بالصبغة"", ""اشعة عادية""]",12,9,12,0.894,"[""chunk_00031"", ""chunk_00055"", ""chunk_00086"", ""chunk_00115"", ""chunk_00130"", ""chunk_00133"", ""chunk_00152"", ""chunk_00188"", ""chunk_00200""]","[""llama-3.1-8b-instant""]","[""ahd5k_00114"", ""ahd5k_00876"", ""ahd5k_01220"", ""ahd5k_01290"", ""ahd5k_01295"", ""ahd5k_01537"", ""ahd5k_02003"", ""ahd5k_03019"", ""ahd5k_04468"", ""ahd5k_04648"", ""ahd5k_04844"", ""ahd5k_04934""]"
ent_test_6f946fa998e8,اشعة تلفزيونية,اشعه تلفزيونيه,Test,high,true,"[""اشعة تلفزيونية""]",1,1,1,0.950,"[""chunk_00187""]","[""llama-3.1-8b-instant""]","[""ahd5k_02673""]"
ent_test_a8cf24723db9,التطعيمات,التطعيمات,Test,high,true,"[""التطعيم"", ""التطعيمات""]",1,1,1,0.950,"[""chunk_00110""]","[""llama-3.1-8b-instant""]","[""ahd5k_01847""]"
ent_test_789144e7ff3c,الثيحال الريوي,الثيحال الريوي,Test,high,true,"[""الثيحال الريوي""]",1,1,1,0.850,"[""chunk_00138""]","[""llama-3.1-8b-instant""]","[""ahd5k_00774""]"
ent_test_d990d9189fc6,الجلوكوز,الجلوكوز,Test,high,true,"[""الجلوكوز"", ""سكر الذرة"", ""سكر العنب""]",3,1,1,0.950,"[""chunk_00037""]","[""llama-3.1-8b-instant""]","[""ahd5k_01578""]"
ent_test_0e8b0f13e650,الجنين,الجنين,Test,high,true,"[""الجنين""]",2,1,2,0.850,"[""chunk_00156""]","[""llama-3.1-8b-instant""]","[""ahd5k_03455"", ""ahd5k_04815""]"
ent_test_51926b4c8cd0,الحيوانات المنوية,الحيوانات المنويه,Test,high,true,"[""الحيوانات المنوية"", ""حيوانات منوية""]",1,1,1,0.850,"[""chunk_00092""]","[""llama-3.1-8b-instant""]","[""ahd5k_01629""]"
ent_test_c087a4192739,الديم,الديم,Test,high,true,"[""الديم""]",1,1,1,0.850,"[""chunk_00179""]","[""llama-3.1-8b-instant""]","[""ahd5k_04751""]"
ent_test_e668861db259,الصور الشعاعية,الصور الشعاعيه,Test,high,true,"[""الصور الشعاعية"", ""صور شعاعية""]",1,1,1,0.950,"[""chunk_00131""]","[""llama-3.1-8b-instant""]","[""ahd5k_01058""]"
ent_test_c4ec2e232baf,الفحوصات المخبرية,الفحوصات المخبريه,Test,high,true,"[""الفحوصات"", ""الفحوصات المخبرية""]",1,1,1,0.850,"[""chunk_00160""]","[""llama-3.1-8b-instant""]","[""ahd5k_04611""]"
ent_test_27c861759100,القسطرة التشخيصية,القسطره التشخيصيه,Test,high,true,"[""القسطرة التشخيصية"", ""قسطرة تشخيصية""]",1,1,1,0.850,"[""chunk_00081""]","[""llama-3.1-8b-instant""]","[""ahd5k_04970""]"
ent_test_f65cef357cee,القولون,القولون,Test,high,true,"[""القولون""]",1,1,1,0.950,"[""chunk_00180""]","[""llama-3.1-8b-instant""]","[""ahd5k_02411""]"
ent_test_891e6b99157e,الكلية,الكليه,Test,high,true,"[""kidney"", ""الكلية""]",2,1,1,0.850,"[""chunk_00157""]","[""llama-3.1-8b-instant""]","[""ahd5k_03394""]"
ent_test_4e95ccf90696,النسبة,النسبه,Test,high,true,"[""النسبة""]",1,1,1,0.850,"[""chunk_00183""]","[""llama-3.1-8b-instant""]","[""ahd5k_04052""]"
ent_test_234f794d532f,الهرمون,الهرمون,Test,high,true,"[""الهرمون""]",1,1,1,0.850,"[""chunk_00169""]","[""llama-3.1-8b-instant""]","[""ahd5k_00035""]"
ent_test_4b0183158a0f,إيكو,ايكو,Test,high,true,"[""إيكو""]",1,1,1,0.950,"[""chunk_00075""]","[""llama-3.1-8b-instant""]","[""ahd5k_04352""]"
ent_test_5b6be44fb944,بزل الصدر,بزل الصدر,Test,high,true,"[""بزل الصدر""]",1,1,1,0.850,"[""chunk_00035""]","[""llama-3.1-8b-instant""]","[""ahd5k_04576""]"
ent_test_dd68aa784555,تحاليل مخبرية,تحاليل مخبريه,Test,high,true,"[""تحاليل"", ""تحاليل مخبرية"", ""تحليل الحساسية"", ""تحليل مخبري""]",26,22,26,0.877,"[""chunk_00004"", ""chunk_00028"", ""chunk_00040"", ""chunk_00044"", ""chunk_00053"", ""chunk_00056"", ""chunk_00061"", ""chunk_00069"", ""chunk_00082"", ""chunk_00084"", ""chunk_00127"", ""chunk_00130"", ""chunk_00134"", ""chunk_00153"", ""chunk_00161"", ""chunk_00162"", ""chunk_00164"", ""chunk_00166"", ""chunk_00168"", ""chunk_00177"", ""chunk_00188"", ""chunk_00192""]","[""llama-3.1-8b-instant"", ""llama-3.3-70b-versatile""]","[""ahd5k_00480"", ""ahd5k_00543"", ""ahd5k_00632"", ""ahd5k_00679"", ""ahd5k_00696"", ""ahd5k_00757"", ""ahd5k_00772"", ""ahd5k_00775"", ""ahd5k_00823"", ""ahd5k_00994"", ""ahd5k_01185"", ""ahd5k_01220"", ""ahd5k_01294"", ""ahd5k_01551"", ""ahd5k_02039"", ""ahd5k_02200"", ""ahd5k_02588"", ""ahd5k_02892"", ""ahd5k_03068"", ""ahd5k_03238"", ""ahd5k_03544"", ""ahd5k_03565"", ""ahd5k_03761"", ""ahd5k_04235"", ""ahd5k_04620"", ""ahd5k_04735""]"
ent_test_645255369776,تحليل,تحليل,Test,high,true,"[""تحليل""]",1,1,1,0.950,"[""chunk_00041""]","[""llama-3.1-8b-instant""]","[""ahd5k_01930""]"
ent_test_263ea3437869,تحليل AMH,تحليل amh,Test,high,true,"[""تحليل AMH""]",1,1,1,0.950,"[""chunk_00094""]","[""llama-3.1-8b-instant""]","[""ahd5k_01925""]"
ent_test_433492431144,تحليل الحساسية,تحليل الحساسيه,Test,high,true,"[""RAST Test"", ""تحليل الحساسية"", ""تحليل الحساسيه"", ""تحليل حساسية"", ""نتيجة الحساسة""]",10,10,10,0.845,"[""chunk_00003"", ""chunk_00005"", ""chunk_00007"", ""chunk_00009"", ""chunk_00078"", ""chunk_00089"", ""chunk_00140"", ""chunk_00149"", ""chunk_00172"", ""chunk_00196""]","[""llama-3.1-8b-instant"", ""llama-3.3-70b-versatile""]","[""ahd5k_00065"", ""ahd5k_00436"", ""ahd5k_00614"", ""ahd5k_00864"", ""ahd5k_01231"", ""ahd5k_02482"", ""ahd5k_03423"", ""ahd5k_03563"", ""ahd5k_04480"", ""ahd5k_04490""]"
ent_test_cee0f03fdc31,تحليل براز,تحليل براز,Test,high,true,"[""تحليل براز""]",1,1,1,0.950,"[""chunk_00187""]","[""llama-3.1-8b-instant""]","[""ahd5k_02673""]"
ent_test_62f3f553cccf,تحليل بول,تحليل بول,Test,high,true,"[""تحليل بول""]",1,1,1,0.850,"[""chunk_00076""]","[""llama-3.1-8b-instant""]","[""ahd5k_04706""]"
ent_test_f6ff9119ed14,تصوير الجهاز البولي,تصوير الجهاز البولي,Test,high,true,"[""تصوير الجهاز البولي""]",1,1,1,0.850,"[""chunk_00117""]","[""llama-3.1-8b-instant""]","[""ahd5k_00666""]"
ent_test_ccfa39d8952e,تصوير بالرنين المغناطيسي,تصوير بالرنين المغناطيسي,Test,high,true,"[""تصوير بالرنين المغناطيسي""]",1,1,1,0.950,"[""chunk_00189""]","[""llama-3.1-8b-instant""]","[""ahd5k_04904""]"
ent_test_2fa028778221,تصوير بالموجات الفوق صوتية,تصوير بالموجات الفوق صوتيه,Test,high,true,"[""تصوير"", ""تصوير بالموجات الفوق صوتية""]",1,1,1,0.850,"[""chunk_00087""]","[""llama-3.1-8b-instant""]","[""ahd5k_03801""]"
ent_test_0deca3ec9d8b,تلفزيون قلب,تلفزيون قلب,Test,high,true,"[""تخطيط كهربائية القلب"", ""تلفزيون قلب""]",2,1,2,0.850,"[""chunk_00073""]","[""llama-3.1-8b-instant""]","[""ahd5k_03958"", ""ahd5k_04775""]"
ent_test_84971d541245,خصائي الاطفال,خصايي الاطفال,Test,high,true,"[""خصائي الاطفال""]",1,1,1,0.850,"[""chunk_00108""]","[""llama-3.1-8b-instant""]","[""ahd5k_04444""]"
ent_test_7633369aec20,رسم قلب,رسم قلب,Test,high,true,"[""تحليل الحساسية"", ""رسم قلب""]",1,1,1,0.850,"[""chunk_00068""]","[""llama-3.1-8b-instant""]","[""ahd5k_00963""]"
ent_test_e25254260950,سونار بطن وحوض مع انريمات الكبد,سونار بطن وحوض مع انريمات الكبد,Test,high,true,"[""سونار"", ""سونار بطن وحوض مع انريمات الكبد""]",1,1,1,0.850,"[""chunk_00174""]","[""llama-3.1-8b-instant""]","[""ahd5k_01312""]"
ent_test_c0d07b06fcff,صورة دم,صوره دم,Test,high,true,"[""صورة دم""]",1,1,1,0.950,"[""chunk_00187""]","[""llama-3.1-8b-instant""]","[""ahd5k_02673""]"
ent_test_f1846b201f26,فحص,فحص,Test,high,true,"[""فحص"", ""فحص الحالة""]",2,2,2,0.850,"[""chunk_00085"", ""chunk_00122""]","[""llama-3.1-8b-instant""]","[""ahd5k_00855"", ""ahd5k_04177""]"
ent_test_2b2550da4a44,فحص الجرثومة الحلزونية,فحص الجرثومه الحلزونيه,Test,high,true,"[""تحاليل مخبرية"", ""فحص الجرثومة الحلزونية""]",1,1,1,0.900,"[""chunk_00054""]","[""llama-3.1-8b-instant""]","[""ahd5k_02292""]"
ent_test_4ea4666752c1,فحص الدم,فحص الدم,Test,high,true,"[""فحص الدم"", ""فحص الدم و أشعة""]",1,1,1,0.950,"[""chunk_00055""]","[""llama-3.1-8b-instant""]","[""ahd5k_04844""]"
ent_test_6dcf66b68de3,فحص الفقرات العنقية,فحص الفقرات العنقيه,Test,high,true,"[""فحص الفقرات العنقية""]",1,1,1,0.950,"[""chunk_00067""]","[""llama-3.1-8b-instant""]","[""ahd5k_03139""]"
ent_test_8dfa1780f518,فحص تحاليل مخبرية,فحص تحاليل مخبريه,Test,high,true,"[""فحص تحاليل مخبرية""]",1,1,1,0.850,"[""chunk_00059""]","[""llama-3.1-8b-instant""]","[""ahd5k_01162""]"
ent_test_6cc18337a180,فحص دم للملاريا,فحص دم للملاريا,Test,high,true,"[""فحص دم للملاريا""]",1,1,1,0.850,"[""chunk_00190""]","[""llama-3.1-8b-instant""]","[""ahd5k_00916""]"
ent_test_ce6fcb80c1fe,فحص سريري,فحص سريري,Test,high,true,"[""التقييم"", ""فحص سريري""]",2,2,2,0.850,"[""chunk_00163"", ""chunk_00191""]","[""llama-3.1-8b-instant""]","[""ahd5k_00714"", ""ahd5k_02702""]"
ent_test_db1175f121dc,فحص نخاع العظم,فحص نخاع العظم,Test,high,true,"[""فحص نخاع العظم""]",1,1,1,0.850,"[""chunk_00059""]","[""llama-3.1-8b-instant""]","[""ahd5k_00313""]"
ent_test_53daf0bebd13,مفصل الكتف,مفصل الكتف,Test,high,true,"[""مفصل الكتف""]",1,1,1,0.950,"[""chunk_00067""]","[""llama-3.1-8b-instant""]","[""ahd5k_03139""]"
ent_test_752d1924792a,نظرية الخلية,نظريه الخليه,Test,high,true,"[""نظرية الخلية""]",1,1,1,0.850,"[""chunk_00059""]","[""llama-3.1-8b-instant""]","[""ahd5k_02952""]"
ent_test_8b503c2dc54c,هيموغلوبين,هيموغلوبين,Test,high,true,"[""هيموغلوبين""]",1,1,1,0.850,"[""chunk_00066""]","[""llama-3.1-8b-instant""]","[""ahd5k_04927""]"
ent_treatment_7e88513b3bf7,Acetyl Salicylic Acid,acetyl salicylic acid,Treatment,high,true,"[""Acetyl Salicylic Acid""]",1,1,1,0.850,"[""chunk_00088""]","[""llama-3.1-8b-instant""]","[""ahd5k_03846""]"
ent_treatment_441dfb50ce30,AspicotK,aspicotk,Treatment,medium,true,"[""AspicotK""]",1,1,1,0.850,"[""chunk_00088""]","[""llama-3.1-8b-instant""]","[""ahd5k_03846""]"
ent_treatment_b3c222de947d,Dabigatran,dabigatran,Treatment,medium,true,"[""Dabigatran""]",1,1,1,0.850,"[""chunk_00088""]","[""llama-3.1-8b-instant""]","[""ahd5k_03846""]"
ent_treatment_183e85947f1d,Deyamethasone,deyamethasone,Treatment,medium,true,"[""Deyamethasone""]",1,1,1,0.850,"[""chunk_00147""]","[""llama-3.1-8b-instant""]","[""ahd5k_03790""]"
ent_treatment_43dc015d2c81,euthyrox,euthyrox,Treatment,medium,true,"[""euthyrox""]",1,1,1,0.850,"[""chunk_00164""]","[""llama-3.1-8b-instant""]","[""ahd5k_03761""]"
ent_treatment_f9afb64b4575,Euthyrox25,euthyrox25,Treatment,medium,true,"[""Euthyrox25""]",1,1,1,0.950,"[""chunk_00161""]","[""llama-3.1-8b-instant""]","[""ahd5k_00772""]"
ent_treatment_3ca399102196,GLUCOVIG,glucovig,Treatment,medium,true,"[""GLUCOVIG""]",1,1,1,0.950,"[""chunk_00161""]","[""llama-3.1-8b-instant""]","[""ahd5k_00772""]"
ent_treatment_318e308e2e2c,IVF,ivf,Treatment,medium,true,"[""IVF""]",1,1,1,0.950,"[""chunk_00094""]","[""llama-3.1-8b-instant""]","[""ahd5k_01925""]"
ent_treatment_4d680c503ac2,Radioactive Iodine,radioactive iodine,Treatment,high,true,"[""Iodine-131"", ""Radioactive Iodine""]",1,1,1,0.950,"[""chunk_00171""]","[""llama-3.1-8b-instant""]","[""ahd5k_03963""]"
ent_treatment_21722b3a3cbc,Tiroxine,tiroxine,Treatment,medium,true,"[""T4"", ""Tiroxine""]",1,1,1,0.950,"[""chunk_00171""]","[""llama-3.1-8b-instant""]","[""ahd5k_03831""]"
ent_treatment_7197c00f491c,Vitamin D,vitamin d,Treatment,high,true,"[""Vit D"", ""Vitamin D""]",1,1,1,0.950,"[""chunk_00171""]","[""llama-3.1-8b-instant""]","[""ahd5k_04342""]"
ent_treatment_307befae7768,أبر جاهزة للحقن,ابر جاهزه للحقن,Treatment,high,true,"[""أبر جاهزة للحقن""]",1,1,1,0.850,"[""chunk_00071""]","[""llama-3.1-8b-instant""]","[""ahd5k_04895""]"
ent_treatment_cb5aeb58976f,أبيتنانت,ابيتنانت,Treatment,medium,true,"[""أبيتنانت"", ""فيتامين""]",1,1,1,0.950,"[""chunk_00107""]","[""llama-3.1-8b-instant""]","[""ahd5k_01824""]"
ent_treatment_b036153000f8,أدوية بالفم,ادويه بالفم,Treatment,high,true,"[""أدوية بالفم""]",1,1,1,0.850,"[""chunk_00071""]","[""llama-3.1-8b-instant""]","[""ahd5k_04895""]"
ent_treatment_d7c4801b256d,استئصال الإصبع السادسة,استيصال الاصبع السادسه,Treatment,high,true,"[""استئصال"", ""استئصال الإصبع السادسة""]",1,1,1,0.850,"[""chunk_00046""]","[""llama-3.1-8b-instant""]","[""ahd5k_02907""]"
ent_treatment_543034bf73f8,استئصال المرارة,استيصال المراره,Treatment,high,true,"[""استئصال المرارة"", ""استئصال المرارة الجراحي""]",1,1,1,0.950,"[""chunk_00178""]","[""llama-3.1-8b-instant""]","[""ahd5k_04916""]"
ent_treatment_cfd58ff106a6,افاستين,افاستين,Treatment,medium,true,"[""افاستين""]",1,1,1,0.850,"[""chunk_00032""]","[""llama-3.1-8b-instant""]","[""ahd5k_03085""]"
ent_treatment_fd42eb263b89,اكليل الجبل,اكليل الجبل,Treatment,high,true,"[""اكليل الجبل""]",1,1,1,0.850,"[""chunk_00012""]","[""llama-3.3-70b-versatile""]","[""ahd5k_04015""]"
ent_treatment_3c3b0b18ce4a,الادوات,الادوات,Treatment,medium,true,"[""الادوات""]",1,1,1,0.950,"[""chunk_00039""]","[""llama-3.1-8b-instant""]","[""ahd5k_04866""]"
ent_treatment_b333a867faf6,الأسبرين,الاسبرين,Treatment,medium,true,"[""اسبرين"", ""الأسبرين"", ""الأسبرين + البلافيكس"", ""الاسبرين"", ""بيبي اسبرين""]",5,5,5,0.870,"[""chunk_00032"", ""chunk_00048"", ""chunk_00078"", ""chunk_00079"", ""chunk_00181""]","[""llama-3.1-8b-instant""]","[""ahd5k_02507"", ""ahd5k_02732"", ""ahd5k_02905"", ""ahd5k_03085"", ""ahd5k_03696""]"
ent_treatment_2622a2a540cb,الاستئصال الجراحي,الاستيصال الجراحي,Treatment,high,true,"[""الاستئصال الجراحي""]",1,1,1,0.850,"[""chunk_00033""]","[""llama-3.1-8b-instant""]","[""ahd5k_02313""]"
ent_treatment_f5972d4787bd,الأسماك الدهنية,الاسماك الدهنيه,Treatment,high,true,"[""الأسماك الدهنية""]",1,1,1,0.850,"[""chunk_00145""]","[""llama-3.1-8b-instant""]","[""ahd5k_04616""]"
ent_treatment_e10588af6bf0,الافطار,الافطار,Treatment,medium,true,"[""الافطار"", ""حبوب او شوفان""]",1,1,1,0.850,"[""chunk_00154""]","[""llama-3.1-8b-instant""]","[""ahd5k_04065""]"
ent_treatment_621e99ad2c91,الاقاحات المضادة,الاقاحات المضاده,Treatment,high,true,"[""الاقاحات المضادة""]",1,1,1,0.950,"[""chunk_00198""]","[""llama-3.1-8b-instant""]","[""ahd5k_02528""]"
ent_treatment_839837a8561b,الاكثار من شرب الماء,الاكثار من شرب الماء,Treatment,high,true,"[""الاكثار من شرب الماء""]",1,1,1,0.850,"[""chunk_00076""]","[""llama-3.1-8b-instant""]","[""ahd5k_04706""]"
ent_treatment_103a7b1accd7,الامتناع عن اعطاء أي أطعمة أو سوائل عن طريق الفم,الامتناع عن اعطاء اي اطعمه او سوايل عن طريق الفم,Treatment,high,true,"[""الامتناع عن اعطاء أي أطعمة أو سوائل عن طريق الفم"", ""الامتناع عن تناول الطعام""]",1,1,1,0.950,"[""chunk_00178""]","[""llama-3.1-8b-instant""]","[""ahd5k_04916""]"
ent_treatment_9318db295dde,الاندرال,الاندرال,Treatment,medium,true,"[""الاندرال"", ""اندرال""]",1,1,1,0.850,"[""chunk_00077""]","[""llama-3.1-8b-instant""]","[""ahd5k_00189""]"
ent_treatment_cd8907496d4c,الانعاش القلبي الرئوي,الانعاش القلبي الريوي,Treatment,high,true,"[""الانعاش القلبي الرئوي""]",1,1,1,0.850,"[""chunk_00193""]","[""llama-3.1-8b-instant""]","[""ahd5k_03232""]"
ent_treatment_039793a12776,الايزوتريتينوين,الايزوتريتينوين,Treatment,medium,true,"[""الايزوتريتينوين""]",1,1,1,0.950,"[""chunk_00019""]","[""llama-3.3-70b-versatile""]","[""ahd5k_03258""]"
ent_treatment_fc32e4036e25,البردقوش,البردقوش,Treatment,medium,true,"[""البردقوش""]",2,2,2,0.850,"[""chunk_00012"", ""chunk_00014""]","[""llama-3.3-70b-versatile""]","[""ahd5k_01330"", ""ahd5k_04015""]"
ent_treatment_c93941cf1d98,البروفين,البروفين,Treatment,medium,true,"[""البروفين""]",1,1,1,0.850,"[""chunk_00142""]","[""llama-3.1-8b-instant""]","[""ahd5k_00486""]"
ent_treatment_891f5d08fec8,البريمولوت ن,البريمولوت ن,Treatment,high,true,"[""البريمولوت ن""]",1,1,1,0.850,"[""chunk_00146""]","[""llama-3.1-8b-instant""]","[""ahd5k_00439""]"
ent_treatment_c91b15de897a,البقدونس,البقدونس,Treatment,medium,true,"[""البقدونس""]",1,1,1,0.850,"[""chunk_00012""]","[""llama-3.3-70b-versatile""]","[""ahd5k_04015""]"
ent_treatment_3677ba04b27f,التبرع بالدم,التبرع بالدم,Treatment,high,true,"[""التبرع"", ""التبرع بالدم""]",1,1,1,0.950,"[""chunk_00060""]","[""llama-3.1-8b-instant""]","[""ahd5k_03281""]"
ent_treatment_3fd682796ae8,التروكسين,التروكسين,Treatment,medium,true,"[""التروكسين""]",1,1,1,0.900,"[""chunk_00169""]","[""llama-3.1-8b-instant""]","[""ahd5k_00035""]"
ent_treatment_451ebfb7cce2,التغذية,التغذيه,Treatment,medium,true,"[""التغذية"", ""تغذية""]",1,1,1,0.750,"[""chunk_00114""]","[""llama-3.1-8b-instant""]","[""ahd5k_02966""]"
ent_treatment_f3a613a63534,التغذية بالأنبوب,التغذيه بالانبوب,Treatment,high,true,"[""أنبوب"", ""التغذية بالأنبوب"", ""تغذية بالأنبوب""]",1,1,1,0.850,"[""chunk_00144""]","[""llama-3.1-8b-instant""]","[""ahd5k_01783""]"
ent_treatment_02bcaecf1a7e,التفاح,التفاح,Treatment,medium,true,"[""التفاح""]",1,1,1,0.850,"[""chunk_00145""]","[""llama-3.1-8b-instant""]","[""ahd5k_04616""]"
ent_treatment_48d78ab2fe1d,التفريش,التفريش,Treatment,medium,true,"[""التفريش"", ""تفريش""]",1,1,1,0.800,"[""chunk_00114""]","[""llama-3.1-8b-instant""]","[""ahd5k_02966""]"
ent_treatment_ad98d6688d4a,التقيم,التقيم,Treatment,medium,true,"[""الاخذ التاريخ"", ""التقيم""]",1,1,1,0.800,"[""chunk_00160""]","[""llama-3.1-8b-instant""]","[""ahd5k_04611""]"
ent_treatment_38ccbae05698,التلقيح الاصطناعي,التلقيح الاصطناعي,Treatment,high,true,"[""التلقيح الاصطناعي"", ""الحقن المجهري""]",1,1,1,0.850,"[""chunk_00096""]","[""llama-3.1-8b-instant""]","[""ahd5k_02139""]"
ent_treatment_e8807cc4d324,الجراحة,الجراحه,Treatment,medium,true,"[""الجراحة"", ""جراحة""]",1,1,1,0.850,"[""chunk_00047""]","[""llama-3.1-8b-instant""]","[""ahd5k_04047""]"
ent_treatment_5b2a681074cf,الجراحة التجميلية,الجراحه التجميليه,Treatment,high,true,"[""الجراحة التجميلية""]",1,1,1,0.850,"[""chunk_00008""]","[""llama-3.3-70b-versatile""]","[""ahd5k_01190""]"
ent_treatment_06f93bf4dc11,الجرعات الثلاثه,الجرعات الثلاثه,Treatment,high,true,"[""الجرعات الثلاثه""]",1,1,1,0.950,"[""chunk_00050""]","[""llama-3.1-8b-instant""]","[""ahd5k_00597""]"
ent_treatment_574f7ec272a2,الجرعة,الجرعه,Treatment,low,false,"[""الجرعة"", ""جرعة""]",1,1,1,0.850,"[""chunk_00143""]","[""llama-3.1-8b-instant""]","[""ahd5k_01831""]"
ent_treatment_43cdb9f8f206,الجماع,الجماع,Treatment,medium,true,"[""الجماع""]",1,1,1,0.950,"[""chunk_00149""]","[""llama-3.1-8b-instant""]","[""ahd5k_03563""]"
ent_treatment_f7646981eb0a,الجنين,الجنين,Treatment,medium,true,"[""الجنين""]",2,1,2,0.850,"[""chunk_00156""]","[""llama-3.1-8b-instant""]","[""ahd5k_03455"", ""ahd5k_04815""]"
ent_treatment_d4184001686f,الجوارب,الجوارب,Treatment,medium,true,"[""الجوارب""]",1,1,1,0.700,"[""chunk_00089""]","[""llama-3.1-8b-instant""]","[""ahd5k_02818""]"
ent_treatment_f60ee3a3269a,الجيب اللثوي,الجيب اللثوي,Treatment,high,true,"[""الجيب اللثوي""]",1,1,1,0.850,"[""chunk_00121""]","[""llama-3.1-8b-instant""]","[""ahd5k_02986""]"
ent_treatment_edb14dbd221a,الجينسينغ,الجينسينغ,Treatment,medium,true,"[""الجينسينغ""]",1,1,1,0.850,"[""chunk_00145""]","[""llama-3.1-8b-instant""]","[""ahd5k_04616""]"
ent_treatment_3bca745f3196,الحبوب منع الحمل,الحبوب منع الحمل,Treatment,high,true,"[""الحبوب منع الحمل""]",1,1,1,0.850,"[""chunk_00099""]","[""llama-3.1-8b-instant""]","[""ahd5k_03809""]"
ent_treatment_db445915b47d,الحديد,الحديد,Treatment,medium,true,"[""الحديد"", ""الفيتامين B12"", ""الفيتامين B6"", ""حمض الفوليك""]",1,1,1,0.850,"[""chunk_00100""]","[""llama-3.1-8b-instant""]","[""ahd5k_03707""]"
ent_treatment_2b917ff56ac9,الخضار,الخضار,Treatment,medium,true,"[""الخضار""]",1,1,1,0.850,"[""chunk_00137""]","[""llama-3.1-8b-instant""]","[""ahd5k_04817""]"
ent_treatment_1479a48d3d42,الدواء,الدواء,Treatment,medium,true,"[""vitamin b complex"", ""الدواء"", ""مضمضة الكلورهيكسيدين""]",3,2,3,0.850,"[""chunk_00118"", ""chunk_00183""]","[""llama-3.1-8b-instant""]","[""ahd5k_00209"", ""ahd5k_03474"", ""ahd5k_03807""]"
ent_treatment_d017757dbf16,الدوخة,الدوخه,Treatment,medium,true,"[""الدوخة""]",1,1,1,0.700,"[""chunk_00069""]","[""llama-3.1-8b-instant""]","[""ahd5k_04701""]"
ent_treatment_389c673b9b0c,الديم,الديم,Treatment,medium,true,"[""الديم""]",1,1,1,0.850,"[""chunk_00179""]","[""llama-3.1-8b-instant""]","[""ahd5k_04751""]"
ent_treatment_aa15c31ba83e,الرضاعة الطبيعية,الرضاعه الطبيعيه,Treatment,high,true,"[""الرضاعة"", ""الرضاعة الطبيعية""]",1,1,1,0.850,"[""chunk_00110""]","[""llama-3.1-8b-instant""]","[""ahd5k_02532""]"
ent_treatment_0d20da4fd766,الروتيكسيماب,الروتيكسيماب,Treatment,medium,true,"[""الروتيكسيماب"", ""روتيكزيماب""]",2,1,1,0.950,"[""chunk_00057""]","[""llama-3.1-8b-instant""]","[""ahd5k_00203""]"
ent_treatment_8f18706cd796,الرياضة,الرياضه,Treatment,low,false,"[""الرياضة""]",2,2,2,0.850,"[""chunk_00008"", ""chunk_00137""]","[""llama-3.1-8b-instant"", ""llama-3.3-70b-versatile""]","[""ahd5k_01190"", ""ahd5k_04817""]"
ent_treatment_639e625fe991,الزنجبيل,الزنجبيل,Treatment,medium,true,"[""الزنجبيل""]",3,3,3,0.850,"[""chunk_00012"", ""chunk_00088"", ""chunk_00142""]","[""llama-3.1-8b-instant"", ""llama-3.3-70b-versatile""]","[""ahd5k_00486"", ""ahd5k_03223"", ""ahd5k_04015""]"
ent_treatment_9a34f0ba812d,السبع زيوت,السبع زيوت,Treatment,high,true,"[""السبع زيوت""]",1,1,1,0.850,"[""chunk_00062""]","[""llama-3.1-8b-instant""]","[""ahd5k_04408""]"
ent_treatment_b7e7fb09dd09,السوائل,السوايل,Treatment,medium,true,"[""السوائل"", ""سوائل""]",2,2,2,0.900,"[""chunk_00038"", ""chunk_00199""]","[""llama-3.1-8b-instant""]","[""ahd5k_03468"", ""ahd5k_04919""]"
ent_treatment_7df0ceb5a906,السوائل والأملاح,السوايل والاملاح,Treatment,high,true,"[""السوائل والأملاح""]",1,1,1,0.900,"[""chunk_00069""]","[""llama-3.1-8b-instant""]","[""ahd5k_04701""]"
ent_treatment_477b80e9a19a,السيبروكسين,السيبروكسين,Treatment,medium,true,"[""السيبروكسين""]",1,1,1,0.850,"[""chunk_00183""]","[""llama-3.1-8b-instant""]","[""ahd5k_04052""]"
ent_treatment_dcbc13cd571f,الشمس,الشمس,Treatment,medium,true,"[""الشمس""]",1,1,1,0.950,"[""chunk_00106""]","[""llama-3.1-8b-instant""]","[""ahd5k_03516""]"
ent_treatment_06010a2495f7,الشمع,الشمع,Treatment,medium,true,"[""الشمع""]",1,1,1,0.850,"[""chunk_00119""]","[""llama-3.1-8b-instant""]","[""ahd5k_00315""]"
ent_treatment_604cc35281be,الشوكولاته,الشوكولاته,Treatment,medium,true,"[""الشوكولاته""]",1,1,1,0.850,"[""chunk_00145""]","[""llama-3.1-8b-instant""]","[""ahd5k_04616""]"
ent_treatment_fb3321acf9db,الصدمة الكهربائية,الصدمه الكهرباييه,Treatment,high,true,"[""الصدمة الكهربائية""]",1,1,1,0.850,"[""chunk_00193""]","[""llama-3.1-8b-instant""]","[""ahd5k_00235""]"
ent_treatment_450cbdcb87da,الطبيب,الطبيب,Treatment,medium,true,"[""الطبيب"", ""طبيب""]",5,2,5,0.950,"[""chunk_00039"", ""chunk_00131""]","[""llama-3.1-8b-instant""]","[""ahd5k_00507"", ""ahd5k_00780"", ""ahd5k_01058"", ""ahd5k_03689"", ""ahd5k_04866""]"
ent_treatment_60ce765ad441,الطعام,الطعام,Treatment,medium,true,"[""الطعام"", ""طعام""]",1,1,1,0.850,"[""chunk_00097""]","[""llama-3.1-8b-instant""]","[""ahd5k_01128""]"
ent_treatment_612c88f2b060,العدس,العدس,Treatment,medium,true,"[""العدس""]",1,1,1,0.850,"[""chunk_00145""]","[""llama-3.1-8b-instant""]","[""ahd5k_04616""]"
ent_treatment_a0a8ee46502f,العقاقير,العقاقير,Treatment,medium,true,"[""العقاقير"", ""المهدئات""]",1,1,1,0.850,"[""chunk_00196""]","[""llama-3.1-8b-instant""]","[""ahd5k_03242""]"
ent_treatment_b5d6db6d8c42,العقاقير المضادة للذهان,العقاقير المضاده للذهان,Treatment,high,true,"[""العقاقير المضادة للذهان"", ""عقاقير"", ""عقاقير مضادة للذهان""]",1,1,1,0.850,"[""chunk_00144""]","[""llama-3.1-8b-instant""]","[""ahd5k_03579""]"
ent_treatment_90baddc0bf15,العلاج,العلاج,Treatment,medium,true,"[""العلاج""]",2,2,2,0.850,"[""chunk_00117"", ""chunk_00172""]","[""llama-3.1-8b-instant""]","[""ahd5k_00666"", ""ahd5k_04490""]"
ent_treatment_afbe4f3ae93f,العلاج الطبيعي,العلاج الطبيعي,Treatment,high,true,"[""العلاج الطبيعي""]",1,1,1,0.850,"[""chunk_00033""]","[""llama-3.1-8b-instant""]","[""ahd5k_01221""]"
ent_treatment_e7f992c031a2,العلاج بالإبر الصينية,العلاج بالابر الصينيه,Treatment,high,true,"[""العلاج بالإبر الصينية""]",1,1,1,0.850,"[""chunk_00033""]","[""llama-3.1-8b-instant""]","[""ahd5k_01221""]"
ent_treatment_f4382c9333bb,العلاج بالجراحة,العلاج بالجراحه,Treatment,high,true,"[""العلاج بالجراحة""]",1,1,1,0.850,"[""chunk_00033""]","[""llama-3.1-8b-instant""]","[""ahd5k_00261""]"
ent_treatment_f5d29134c577,العلاج بالليزر,العلاج بالليزر,Treatment,high,true,"[""العلاج بالليزر""]",1,1,1,0.950,"[""chunk_00011""]","[""llama-3.3-70b-versatile""]","[""ahd5k_04697""]"
ent_treatment_2223a55c026b,العمليات القلبية المفتوحة,العمليات القلبيه المفتوحه,Treatment,high,true,"[""العمليات القلبية المفتوحة"", ""عمليات قلبية مفتوحة""]",1,1,1,0.850,"[""chunk_00081""]","[""llama-3.1-8b-instant""]","[""ahd5k_02957""]"
ent_treatment_903a54038c7e,الفواكة,الفواكه,Treatment,medium,true,"[""الفواكة""]",1,1,1,0.850,"[""chunk_00137""]","[""llama-3.1-8b-instant""]","[""ahd5k_04817""]"
ent_treatment_3142ddcc1955,الفياغرا,الفياغرا,Treatment,medium,true,"[""الفياغرا""]",1,1,1,0.850,"[""chunk_00035""]","[""llama-3.1-8b-instant""]","[""ahd5k_04451""]"
ent_treatment_fe7b9cfab843,القات,القات,Treatment,medium,true,"[""القات"", ""نبتة القات""]",1,1,1,0.850,"[""chunk_00061""]","[""llama-3.1-8b-instant""]","[""ahd5k_01551""]"
ent_treatment_895d0d591838,القرفة,القرفه,Treatment,medium,true,"[""القرفة""]",1,1,1,0.850,"[""chunk_00012""]","[""llama-3.3-70b-versatile""]","[""ahd5k_04015""]"
ent_treatment_249018a21aa8,القهوة,القهوه,Treatment,medium,true,"[""القهوة""]",2,2,2,0.850,"[""chunk_00051"", ""chunk_00119""]","[""llama-3.1-8b-instant""]","[""ahd5k_00315"", ""ahd5k_01761""]"
ent_treatment_9faa6531b364,الكحول,الكحول,Treatment,medium,true,"[""الكحول""]",2,1,1,0.850,"[""chunk_00045""]","[""llama-3.1-8b-instant""]","[""ahd5k_04509""]"
ent_treatment_2cb98decc0ee,الكرفس,الكرفس,Treatment,medium,true,"[""الكرفس""]",1,1,1,0.850,"[""chunk_00012""]","[""llama-3.3-70b-versatile""]","[""ahd5k_04015""]"
ent_treatment_550808b4296e,الكركم,الكركم,Treatment,medium,true,"[""الكركم""]",1,1,1,0.850,"[""chunk_00008""]","[""llama-3.3-70b-versatile""]","[""ahd5k_03805""]"
ent_treatment_acb8b834aff2,الكورتيزونات,الكورتيزونات,Treatment,medium,true,"[""الكورتيزونات""]",1,1,1,0.850,"[""chunk_00033""]","[""llama-3.1-8b-instant""]","[""ahd5k_01221""]"
ent_treatment_c8e54783a44f,اللحوم,اللحوم,Treatment,medium,true,"[""اللحوم""]",2,2,2,0.850,"[""chunk_00137"", ""chunk_00145""]","[""llama-3.1-8b-instant""]","[""ahd5k_04616"", ""ahd5k_04817""]"
ent_treatment_6066173509fd,اللحوم الحمراء,اللحوم الحمراء,Treatment,high,true,"[""اللحوم الحمراء""]",1,1,1,0.850,"[""chunk_00051""]","[""llama-3.1-8b-instant""]","[""ahd5k_01005""]"
ent_treatment_df23e36cac5c,اللعب,اللعب,Treatment,medium,true,"[""اللعب"", ""لعب""]",1,1,1,0.850,"[""chunk_00097""]","[""llama-3.1-8b-instant""]","[""ahd5k_01128""]"
ent_treatment_d5946e76d323,اللقاح,اللقاح,Treatment,medium,true,"[""اللقاح""]",1,1,1,0.950,"[""chunk_00050""]","[""llama-3.1-8b-instant""]","[""ahd5k_00597""]"
ent_treatment_328b48423699,الماء,الماء,Treatment,medium,true,"[""الماء"", ""ماء""]",1,1,1,0.850,"[""chunk_00199""]","[""llama-3.1-8b-instant""]","[""ahd5k_04919""]"
ent_treatment_546f9d2d4ff7,الماء المالح,الماء المالح,Treatment,high,true,"[""الماء المالح""]",1,1,1,0.850,"[""chunk_00194""]","[""llama-3.1-8b-instant""]","[""ahd5k_04623""]"
ent_treatment_f4876b0a4ac8,المراجعة الطبيب الأسنان,المراجعه الطبيب الاسنان,Treatment,high,true,"[""المراجعة الطبيب الأسنان"", ""المراجعة الطبيب الأسنان وطبيب أذنية""]",1,1,1,0.950,"[""chunk_00055""]","[""llama-3.1-8b-instant""]","[""ahd5k_04844""]"
ent_treatment_1623092039ad,المراجعة الطبية,المراجعه الطبيه,Treatment,high,true,"[""المراجعة الطبية""]",1,1,1,0.850,"[""chunk_00116""]","[""llama-3.1-8b-instant""]","[""ahd5k_04356""]"
ent_treatment_330cd62c6e95,المركز العلاجي,المركز العلاجي,Treatment,high,true,"[""المركز العلاجي"", ""مركز علاجي""]",1,1,1,0.850,"[""chunk_00092""]","[""llama-3.1-8b-instant""]","[""ahd5k_01629""]"
ent_treatment_6d11b359c485,المضادات الحيوية,المضادات الحيويه,Treatment,high,true,"[""المضادات الحيوية""]",1,1,1,0.950,"[""chunk_00198""]","[""llama-3.1-8b-instant""]","[""ahd5k_01255""]"
ent_treatment_19641abdb8c6,المطاعيم,المطاعيم,Treatment,medium,true,"[""المطاعيم""]",1,1,1,0.950,"[""chunk_00198""]","[""llama-3.1-8b-instant""]","[""ahd5k_02528""]"
ent_treatment_b792fc31b8bb,الميرمية,الميرميه,Treatment,medium,true,"[""الميرمية""]",3,2,2,0.850,"[""chunk_00012"", ""chunk_00020""]","[""llama-3.3-70b-versatile""]","[""ahd5k_01651"", ""ahd5k_04015""]"
ent_treatment_ab5802cc2c0c,النضاد الحيوي,النضاد الحيوي,Treatment,high,true,"[""النضاد الحيوي""]",1,1,1,0.850,"[""chunk_00111""]","[""llama-3.1-8b-instant""]","[""ahd5k_02569""]"
ent_treatment_948c17b9713d,النظافة اليومية,النظافه اليوميه,Treatment,high,true,"[""النظافة اليومية"", ""نظافة يومية""]",1,1,1,0.850,"[""chunk_00114""]","[""llama-3.1-8b-instant""]","[""ahd5k_02966""]"
ent_treatment_328642ab84d2,النواقل,النواقل,Treatment,medium,true,"[""النواقل""]",1,1,1,0.950,"[""chunk_00039""]","[""llama-3.1-8b-instant""]","[""ahd5k_04866""]"
ent_treatment_df97f5e24856,النوم جيداً,النوم جيدا,Treatment,high,true,"[""النوم جيداً""]",1,1,1,0.850,"[""chunk_00137""]","[""llama-3.1-8b-instant""]","[""ahd5k_04817""]"
ent_treatment_2c9d8c42194b,الوجبة الإفطار,الوجبه الافطار,Treatment,high,true,"[""الوجبة الإفطار""]",1,1,1,0.800,"[""chunk_00069""]","[""llama-3.1-8b-instant""]","[""ahd5k_04701""]"
ent_treatment_60057f719d6c,اورليستات,اورليستات,Treatment,medium,true,"[""اورليستات""]",1,1,1,0.950,"[""chunk_00141""]","[""llama-3.1-8b-instant""]","[""ahd5k_03627""]"
ent_treatment_c97970fb458a,اوميبرازول,اوميبرازول,Treatment,medium,true,"[""اوميبرازول""]",1,1,1,0.950,"[""chunk_00015""]","[""llama-3.3-70b-versatile""]","[""ahd5k_04382""]"
ent_treatment_90996a0e2d01,ايزومبرازول,ايزومبرازول,Treatment,medium,true,"[""ايزومبرازول""]",1,1,1,0.850,"[""chunk_00190""]","[""llama-3.1-8b-instant""]","[""ahd5k_01066""]"
ent_treatment_91cb532e35c6,بابونج,بابونج,Treatment,medium,true,"[""بابونج""]",2,1,1,0.950,"[""chunk_00013""]","[""llama-3.3-70b-versatile""]","[""ahd5k_02556""]"
ent_treatment_2466e618d2bf,باندول فولت فاست,باندول فولت فاست,Treatment,high,true,"[""باندول فولت فاست""]",1,1,1,0.850,"[""chunk_00124""]","[""llama-3.1-8b-instant""]","[""ahd5k_00222""]"
ent_treatment_34b849dbecc0,بخاخات الماء والملح,بخاخات الماء والملح,Treatment,high,true,"[""بخاخات الماء والملح""]",1,1,1,0.950,"[""chunk_00108""]","[""llama-3.1-8b-instant""]","[""ahd5k_04444""]"
ent_treatment_53d2565c0b22,برامج رقية,برامج رقيه,Treatment,low,false,"[""برامج رقية""]",1,1,1,0.850,"[""chunk_00022""]","[""llama-3.1-8b-instant""]","[""ahd5k_03444""]"
ent_treatment_d440760c4700,بروبايوتيك,بروبايوتيك,Treatment,medium,true,"[""بروبايوتيك""]",1,1,1,0.950,"[""chunk_00112""]","[""llama-3.1-8b-instant""]","[""ahd5k_04907""]"
ent_treatment_8b9727a6ed45,بروفين,بروفين,Treatment,medium,true,"[""بروفين""]",1,1,1,0.850,"[""chunk_00032""]","[""llama-3.1-8b-instant""]","[""ahd5k_03085""]"
ent_treatment_02841a5b9786,بريمولوت ن,بريمولوت ن,Treatment,high,true,"[""بريمولوت ن""]",1,1,1,0.850,"[""chunk_00146""]","[""llama-3.1-8b-instant""]","[""ahd5k_00439""]"
ent_treatment_c2daec36c810,بكتيفلوكس,بكتيفلوكس,Treatment,medium,true,"[""بكتيفلوكس""]",1,1,1,0.850,"[""chunk_00188""]","[""llama-3.1-8b-instant""]","[""ahd5k_03524""]"
ent_treatment_af4d4bb1722f,بلافكس,بلافكس,Treatment,medium,true,"[""بلافكس""]",1,1,1,0.850,"[""chunk_00181""]","[""llama-3.1-8b-instant""]","[""ahd5k_02732""]"
ent_treatment_70be4452db30,بنسلين,بنسلين,Treatment,medium,true,"[""بنسلين""]",1,1,1,0.850,"[""chunk_00001""]","[""llama-3.3-70b-versatile""]","[""ahd5k_03626""]"
ent_treatment_46930d71ed57,بنسيلين,بنسيلين,Treatment,medium,true,"[""بنسيلين""]",1,1,1,0.950,"[""chunk_00198""]","[""llama-3.1-8b-instant""]","[""ahd5k_01255""]"
ent_treatment_5ea001fbe018,بيفاسيزوماب,بيفاسيزوماب,Treatment,medium,true,"[""بيفاسيزوماب""]",1,1,1,0.850,"[""chunk_00032""]","[""llama-3.1-8b-instant""]","[""ahd5k_03085""]"
ent_treatment_9a36b616695e,تبديل الصمامات,تبديل الصمامات,Treatment,high,true,"[""تبديل الصمامات"", ""تبديل صمام""]",1,1,1,0.850,"[""chunk_00081""]","[""llama-3.1-8b-instant""]","[""ahd5k_02957""]"
ent_treatment_07c97c044791,تبييض,تبييض,Treatment,medium,true,"[""تبييض"", ""لصقات""]",1,1,1,0.850,"[""chunk_00120""]","[""llama-3.1-8b-instant""]","[""ahd5k_01878""]"
ent_treatment_cbf0b7b10d4f,تجنب المنتجات التي تحوي جلوتين,تجنب المنتجات التي تحوي جلوتين,Treatment,high,true,"[""تجنب المنتجات التي تحوي جلوتين""]",1,1,1,0.950,"[""chunk_00006""]","[""llama-3.3-70b-versatile""]","[""ahd5k_00812""]"
ent_treatment_57dc56a67c59,تدليك القلب,تدليك القلب,Treatment,high,true,"[""تدليك القلب""]",1,1,1,0.850,"[""chunk_00193""]","[""llama-3.1-8b-instant""]","[""ahd5k_00235""]"
ent_treatment_bda1067a70d1,تستيرون,تستيرون,Treatment,medium,true,"[""تستيرون""]",1,1,1,0.900,"[""chunk_00019""]","[""llama-3.3-70b-versatile""]","[""ahd5k_03453""]"
ent_treatment_026f10d47b4b,تطعيم,تطعيم,Treatment,medium,true,"[""تطعيم""]",1,1,1,0.850,"[""chunk_00101""]","[""llama-3.1-8b-instant""]","[""ahd5k_01611""]"
ent_treatment_5947f4c8a22d,تطويل العظم,تطويل العظم,Treatment,high,true,"[""تطويل العظم""]",1,1,1,0.850,"[""chunk_00155""]","[""llama-3.1-8b-instant""]","[""ahd5k_02487""]"
ent_treatment_e341edad55d8,تقوية المناعة,تقويه المناعه,Treatment,high,true,"[""تقوية المناعة""]",1,1,1,0.900,"[""chunk_00006""]","[""llama-3.3-70b-versatile""]","[""ahd5k_02124""]"
ent_treatment_a3fdf405330a,تمارين رياضية,تمارين رياضيه,Treatment,high,true,"[""تمارين رياضية""]",1,1,1,0.850,"[""chunk_00022""]","[""llama-3.1-8b-instant""]","[""ahd5k_04986""]"
ent_treatment_fca1a888ae57,تنظيف اللثة,تنظيف اللثه,Treatment,high,true,"[""تنظيف اللثة"", ""نظافة اللثة""]",1,1,1,0.900,"[""chunk_00114""]","[""llama-3.1-8b-instant""]","[""ahd5k_02966""]"
ent_treatment_07bda7f8e857,توبيراميت,توبيراميت,Treatment,medium,true,"[""اسبرين"", ""توبيراميت"", ""كورتيزون""]",1,1,1,0.850,"[""chunk_00154""]","[""llama-3.1-8b-instant""]","[""ahd5k_01266""]"
ent_treatment_104bb0a91d5a,تيليفاست,تيليفاست,Treatment,medium,true,"[""تيليفاست"", ""مضاد للهيستامين""]",1,1,1,0.850,"[""chunk_00127""]","[""llama-3.1-8b-instant""]","[""ahd5k_02470""]"
ent_treatment_e77b8748ec09,ثلج,ثلج,Treatment,medium,true,"[""ثلج""]",1,1,1,0.850,"[""chunk_00199""]","[""llama-3.1-8b-instant""]","[""ahd5k_04919""]"
ent_treatment_08325dd63292,ثيروكسين,ثيروكسين,Treatment,medium,true,"[""levothyrox25"", ""ثيروكسين""]",1,1,1,0.950,"[""chunk_00158""]","[""llama-3.1-8b-instant""]","[""ahd5k_03769""]"
ent_treatment_b8cee9c1b337,جراح التجميل,جراح التجميل,Treatment,high,true,"[""جراح"", ""جراح التجميل""]",1,1,1,0.850,"[""chunk_00046""]","[""llama-3.1-8b-instant""]","[""ahd5k_03031""]"
ent_treatment_469e39fc5835,جراح عظام,جراح عظام,Treatment,high,true,"[""جراح"", ""جراح عظام""]",1,1,1,0.850,"[""chunk_00046""]","[""llama-3.1-8b-instant""]","[""ahd5k_02907""]"
ent_treatment_72992721d87a,جرعة,جرعه,Treatment,low,false,"[""الجرعة"", ""الجعة"", ""جرعة"", ""جرعة تيروكسين"", ""علاج""]",8,4,8,0.900,"[""chunk_00018"", ""chunk_00106"", ""chunk_00162"", ""chunk_00167""]","[""llama-3.1-8b-instant"", ""llama-3.3-70b-versatile""]","[""ahd5k_00372"", ""ahd5k_00791"", ""ahd5k_01491"", ""ahd5k_01750"", ""ahd5k_02200"", ""ahd5k_03516"", ""ahd5k_03753"", ""ahd5k_04258""]"
ent_treatment_dcc37cc6936c,جهاز هولتر,جهاز هولتر,Treatment,high,true,"[""جهاز هولتر""]",1,1,1,0.950,"[""chunk_00066""]","[""llama-3.1-8b-instant""]","[""ahd5k_04742""]"
ent_treatment_5ceca1d872a8,حبه امادول,حبه امادول,Treatment,high,true,"[""حبه امادول""]",1,1,1,0.850,"[""chunk_00194""]","[""llama-3.1-8b-instant""]","[""ahd5k_04623""]"
ent_treatment_470ecec01368,حبوب الأسبرين,حبوب الاسبرين,Treatment,high,true,"[""حبوب الأسبرين""]",1,1,1,0.850,"[""chunk_00051""]","[""llama-3.1-8b-instant""]","[""ahd5k_01005""]"
ent_treatment_62b0f0db0c20,حبوب اوميجا 3,حبوب اوميجا 3,Treatment,high,true,"[""حبوب اوميجا 3""]",1,1,1,0.950,"[""chunk_00107""]","[""llama-3.1-8b-instant""]","[""ahd5k_03828""]"
ent_treatment_6e2eca7e0846,حبوب تخسيس الوزن,حبوب تخسيس الوزن,Treatment,high,true,"[""حبوب تخسيس الوزن"", ""ماجريم""]",1,1,1,0.850,"[""chunk_00154""]","[""llama-3.1-8b-instant""]","[""ahd5k_00127""]"
ent_treatment_ad1d7aa378fb,حبوب حامض الفوليك,حبوب حامض الفوليك,Treatment,high,true,"[""حبوب حامض الفوليك""]",1,1,1,0.850,"[""chunk_00095""]","[""llama-3.1-8b-instant""]","[""ahd5k_04038""]"
ent_treatment_25ad5edaca54,حبوب مغنيسيوم,حبوب مغنيسيوم,Treatment,high,true,"[""حبوب مغنيسيوم""]",1,1,1,0.850,"[""chunk_00032""]","[""llama-3.1-8b-instant""]","[""ahd5k_01924""]"
ent_treatment_b67abf88ef76,حجامة,حجامه,Treatment,medium,true,"[""حجامة""]",1,1,1,0.950,"[""chunk_00009""]","[""llama-3.3-70b-versatile""]","[""ahd5k_03307""]"
ent_treatment_b16a545c0e9c,حشوة,حشوه,Treatment,medium,true,"[""حشوة"", ""حشوة الأسنان""]",1,1,1,0.850,"[""chunk_00122""]","[""llama-3.1-8b-instant""]","[""ahd5k_04154""]"
ent_treatment_c2ead061e2d0,حشيشة الملاك,حشيشه الملاك,Treatment,high,true,"[""حشيشة الملاك""]",1,1,1,0.850,"[""chunk_00012""]","[""llama-3.3-70b-versatile""]","[""ahd5k_04015""]"
ent_treatment_f484b8bb62d4,حليب الام,حليب الام,Treatment,high,true,"[""حليب الام""]",1,1,1,0.950,"[""chunk_00106""]","[""llama-3.1-8b-instant""]","[""ahd5k_03516""]"
ent_treatment_3278b7c5cc1b,حليب الصويا,حليب الصويا,Treatment,high,true,"[""حليب الصويا""]",1,1,1,0.850,"[""chunk_00020""]","[""llama-3.3-70b-versatile""]","[""ahd5k_01423""]"
ent_treatment_0311bc90ba75,حليب مكسر بروتين الحليب,حليب مكسر بروتين الحليب,Treatment,high,true,"[""حليب مكسر بروتين الحليب""]",1,1,1,0.850,"[""chunk_00002""]","[""llama-3.3-70b-versatile""]","[""ahd5k_00020""]"
ent_treatment_be514bea14bc,خافض حراره,خافض حراره,Treatment,high,true,"[""خافض حرارة"", ""خافض حراره""]",2,2,2,0.875,"[""chunk_00101"", ""chunk_00102""]","[""llama-3.1-8b-instant""]","[""ahd5k_01611"", ""ahd5k_04651""]"
ent_treatment_48712ae621b5,خلطة الريحان و الروزماري,خلطه الريحان و الروزماري,Treatment,high,true,"[""خلطة الريحان و الروزماري""]",1,1,1,0.850,"[""chunk_00022""]","[""llama-3.1-8b-instant""]","[""ahd5k_04612""]"
ent_treatment_982172163039,خلطة العسل والفوقص الحوصلي والغذاء الملكي والعكبر والقسط الهندي,خلطه العسل والفوقص الحوصلي والغذاء الملكي والعكبر والقسط الهندي,Treatment,high,true,"[""خلطة العسل والفوقص الحوصلي والغذاء الملكي والعكبر والقسط الهندي""]",1,1,1,0.850,"[""chunk_00022""]","[""llama-3.1-8b-instant""]","[""ahd5k_04779""]"
ent_treatment_85b33c000a00,دكتور جهاز هضمي,دكتور جهاز هضمي,Treatment,high,true,"[""دكتور جهاز هضمي""]",1,1,1,0.950,"[""chunk_00187""]","[""llama-3.1-8b-instant""]","[""ahd5k_02673""]"
ent_treatment_f53e37e03bcf,دواء اخر,دواء اخر,Treatment,high,true,"[""دواء اخر""]",1,1,1,0.850,"[""chunk_00190""]","[""llama-3.1-8b-instant""]","[""ahd5k_04948""]"
ent_treatment_fe1881a70477,دواء الpradaxa,دواء الpradaxa,Treatment,high,true,"[""دواء الpradaxa""]",1,1,1,0.850,"[""chunk_00088""]","[""llama-3.1-8b-instant""]","[""ahd5k_03846""]"
ent_treatment_9b5bfe80cea0,دواء تلفاست أ سيرين,دواء تلفاست ا سيرين,Treatment,high,true,"[""دواء تلفاست أ سيرين""]",1,1,1,0.850,"[""chunk_00129""]","[""llama-3.1-8b-instant""]","[""ahd5k_02023""]"
ent_treatment_1a95beeb72ce,روفسوفاستاتين,روفسوفاستاتين,Treatment,medium,true,"[""روفسوفاستاتين""]",1,1,1,0.850,"[""chunk_00077""]","[""llama-3.1-8b-instant""]","[""ahd5k_01375""]"
ent_treatment_cd6803651137,زراعة,زراعه,Treatment,medium,true,"[""زراعة"", ""زراعة السن""]",1,1,1,0.850,"[""chunk_00122""]","[""llama-3.1-8b-instant""]","[""ahd5k_03032""]"
ent_treatment_677fdfb3086e,زيت الحبة السوداء,زيت الحبه السوداء,Treatment,high,true,"[""زيت الحبة السوداء""]",1,1,1,0.850,"[""chunk_00014""]","[""llama-3.3-70b-versatile""]","[""ahd5k_00887""]"
ent_treatment_24d83b12af40,زيت الحلبة,زيت الحلبه,Treatment,high,true,"[""زيت الحلبة"", ""زيت الحلبه""]",4,2,2,0.900,"[""chunk_00011"", ""chunk_00020""]","[""llama-3.3-70b-versatile""]","[""ahd5k_01292"", ""ahd5k_03104""]"
ent_treatment_b036b1170044,زيت الحنظل,زيت الحنظل,Treatment,high,true,"[""زيت الحنظل""]",1,1,1,0.850,"[""chunk_00010""]","[""llama-3.3-70b-versatile""]","[""ahd5k_04473""]"
ent_treatment_7dcc65be78f8,زيت الزيتون,زيت الزيتون,Treatment,high,true,"[""زيت الزيتون""]",2,2,2,0.850,"[""chunk_00014"", ""chunk_00147""]","[""llama-3.1-8b-instant"", ""llama-3.3-70b-versatile""]","[""ahd5k_04001"", ""ahd5k_04761""]"
ent_treatment_126db3468e93,زيت اللوز المر,زيت اللوز المر,Treatment,high,true,"[""زيت اللوز المر""]",1,1,1,0.850,"[""chunk_00146""]","[""llama-3.1-8b-instant""]","[""ahd5k_00793""]"
ent_treatment_b5f12c81a7ee,سباستال,سباستال,Treatment,medium,true,"[""سباستال""]",1,1,1,0.950,"[""chunk_00112""]","[""llama-3.1-8b-instant""]","[""ahd5k_04907""]"
ent_treatment_790302b0b1e6,سيبروفلوكساسين,سيبروفلوكساسين,Treatment,medium,true,"[""سيبروفلوكساسين""]",1,1,1,0.950,"[""chunk_00198""]","[""llama-3.1-8b-instant""]","[""ahd5k_01255""]"
ent_treatment_1e3baddafc66,سيبوترامين,سيبوترامين,Treatment,medium,true,"[""دايت ماكس"", ""سليماكس"", ""سيبوترامين"", ""سيبوترم"", ""ميريديا""]",1,1,1,0.950,"[""chunk_00141""]","[""llama-3.1-8b-instant""]","[""ahd5k_03627""]"
ent_treatment_13b8274bb134,سيلدينافيل,سيلدينافيل,Treatment,medium,true,"[""سيلدينافيل""]",1,1,1,0.900,"[""chunk_00019""]","[""llama-3.3-70b-versatile""]","[""ahd5k_03453""]"
ent_treatment_84e0992b5157,شاي الأعشاب,شاي الاعشاب,Treatment,high,true,"[""أكليل الجبل"", ""البابونج"", ""البرتقال"", ""البليلة"", ""الخردل"", ""الخزام"", ""الزعتر"", ""الزيتون"", ""الفاليريانا"", ""الكركديه"", ""الكنيدولا"", ""اللافندر"", ""المردقوش"", ""المريمية"", ""الملفوف"", ""النارنج"", ""النعناع"", ""الهندباء البرية"", ""اليانسون"", ""بقلة يوحنا"", ""جنين القمح"", ""شاي الأعشاب"", ""كافاكافا""]",23,1,1,0.950,"[""chunk_00135""]","[""llama-3.1-8b-instant""]","[""ahd5k_01394""]"
ent_treatment_c48b0529e8b1,شراب ECHINACEA,شراب echinacea,Treatment,high,true,"[""شراب ECHINACEA""]",1,1,1,0.850,"[""chunk_00006""]","[""llama-3.3-70b-versatile""]","[""ahd5k_02124""]"
ent_treatment_b9702eae5c6a,عسل,عسل,Treatment,medium,true,"[""عسل"", ""عسل طبي""]",1,1,1,0.950,"[""chunk_00197""]","[""llama-3.1-8b-instant""]","[""ahd5k_00992""]"
ent_treatment_70946505d33a,عسل ملكات النحل,عسل ملكات النحل,Treatment,high,true,"[""عسل ملكات النحل""]",1,1,1,0.850,"[""chunk_00145""]","[""llama-3.1-8b-instant""]","[""ahd5k_04616""]"
ent_treatment_6e452ff6ff8f,علاج نقص الكريات البيضاء,علاج نقص الكريات البيضاء,Treatment,high,true,"[""علاج نقص الكريات البيضاء""]",1,1,1,0.850,"[""chunk_00059""]","[""llama-3.1-8b-instant""]","[""ahd5k_02552""]"
ent_treatment_e9980cc1f2a6,عملية القلب المفتوح,عمليه القلب المفتوح,Treatment,high,true,"[""عملية القلب المفتوح"", ""عملية قلب مفتوح""]",2,1,2,0.950,"[""chunk_00084""]","[""llama-3.1-8b-instant""]","[""ahd5k_01294"", ""ahd5k_03015""]"
ent_treatment_4b104e5e7744,عمليه توسيع,عمليه توسيع,Treatment,high,true,"[""عمليه توسيع""]",1,1,1,0.850,"[""chunk_00090""]","[""llama-3.1-8b-instant""]","[""ahd5k_03671""]"
ent_treatment_d9340b6ee231,عمليه قلب مفتوح,عمليه قلب مفتوح,Treatment,high,true,"[""عمليه قلب مفتوح""]",1,1,1,0.950,"[""chunk_00083""]","[""llama-3.1-8b-instant""]","[""ahd5k_02399""]"
ent_treatment_1d3c5ceebc05,عمليه نقل شريان,عمليه نقل شريان,Treatment,high,true,"[""عمليه نقل شريان""]",1,1,1,0.850,"[""chunk_00090""]","[""llama-3.1-8b-instant""]","[""ahd5k_04900""]"
ent_treatment_842e12e5a9df,فاندسيدار,فاندسيدار,Treatment,medium,true,"[""فاندسيدار""]",1,1,1,0.850,"[""chunk_00190""]","[""llama-3.1-8b-instant""]","[""ahd5k_00916""]"
ent_treatment_77e8744fec6a,فجل أبيض,فجل ابيض,Treatment,high,true,"[""الجمل الأبيض"", ""فجل أبيض""]",2,1,1,0.850,"[""chunk_00043""]","[""llama-3.1-8b-instant""]","[""ahd5k_00643""]"
ent_treatment_1d451938e684,فروتا,فروتا,Treatment,medium,true,"[""فروتا"", ""فروتا 5 مل""]",1,1,1,0.850,"[""chunk_00109""]","[""llama-3.1-8b-instant""]","[""ahd5k_00891""]"
ent_treatment_ace11c18f4c4,فول,فول,Treatment,medium,true,"[""فول"", ""فول المخمر""]",1,1,1,0.850,"[""chunk_00053""]","[""llama-3.1-8b-instant""]","[""ahd5k_00696""]"
ent_treatment_307b31c3646d,فيتامين أ,فيتامين ا,Treatment,high,true,"[""فروتا"", ""فيتامين أ""]",1,1,1,0.850,"[""chunk_00109""]","[""llama-3.1-8b-instant""]","[""ahd5k_00891""]"
ent_treatment_2a81ae8e5fd2,فيتامين بوليفيتال,فيتامين بوليفيتال,Treatment,high,true,"[""فيتامين بوليفيتال""]",1,1,1,0.950,"[""chunk_00112""]","[""llama-3.1-8b-instant""]","[""ahd5k_04642""]"
ent_treatment_23b78e4c5546,فيتامين د,فيتامين د,Treatment,high,true,"[""فيتامين د"", ""فيتامين دي""]",2,2,2,0.900,"[""chunk_00104"", ""chunk_00110""]","[""llama-3.1-8b-instant""]","[""ahd5k_01701"", ""ahd5k_02476""]"
ent_treatment_273455224ab7,فيتامين-د-,فيتامين-د-,Treatment,medium,true,"[""فيتامين-د-""]",1,1,1,0.950,"[""chunk_00106""]","[""llama-3.1-8b-instant""]","[""ahd5k_03516""]"
ent_treatment_6528bb63fe9c,فينوروتون,فينوروتون,Treatment,medium,true,"[""فينوروتون""]",1,1,1,0.950,"[""chunk_00011""]","[""llama-3.3-70b-versatile""]","[""ahd5k_04697""]"
ent_treatment_4e4b38e6ff32,كاربيمازول,كاربيمازول,Treatment,medium,true,"[""carbimazole"", ""كاربيمازول""]",1,1,1,0.850,"[""chunk_00158""]","[""llama-3.1-8b-instant""]","[""ahd5k_02203""]"
ent_treatment_21a74567013d,كالسيوم,كالسيوم,Treatment,medium,true,"[""كالسيوم""]",1,1,1,0.850,"[""chunk_00104""]","[""llama-3.1-8b-instant""]","[""ahd5k_02476""]"
ent_treatment_e8d6fe8e2a6a,كربونات الصودا,كربونات الصودا,Treatment,high,true,"[""كربونات الصودا""]",1,1,1,0.850,"[""chunk_00154""]","[""llama-3.1-8b-instant""]","[""ahd5k_04065""]"
ent_treatment_5bbcb8e80aef,كريستور,كريستور,Treatment,medium,true,"[""كريستور""]",1,1,1,0.850,"[""chunk_00077""]","[""llama-3.1-8b-instant""]","[""ahd5k_01375""]"
ent_treatment_831958f59880,كلوفينال,كلوفينال,Treatment,medium,true,"[""كلوفينال""]",1,1,1,0.850,"[""chunk_00077""]","[""llama-3.1-8b-instant""]","[""ahd5k_01990""]"
ent_treatment_0faf4c6d9712,كليمين,كليمين,Treatment,medium,true,"[""كليمين""]",1,1,1,0.950,"[""chunk_00161""]","[""llama-3.1-8b-instant""]","[""ahd5k_00772""]"
ent_treatment_843876e28a68,كورتيزون,كورتيزون,Treatment,medium,true,"[""كورتيزون""]",1,1,1,0.850,"[""chunk_00003""]","[""llama-3.3-70b-versatile""]","[""ahd5k_01231""]"
ent_treatment_06c0f51bf3d5,كي حبة,كي حبه,Treatment,high,true,"[""كي حبة""]",1,1,1,0.850,"[""chunk_00032""]","[""llama-3.1-8b-instant""]","[""ahd5k_01924""]"
ent_treatment_1ea61807a7b3,لوسنتيس,لوسنتيس,Treatment,medium,true,"[""لوسنتيس""]",1,1,1,0.850,"[""chunk_00032""]","[""llama-3.1-8b-instant""]","[""ahd5k_03085""]"
ent_treatment_b6f673a13d6a,مدر بول,مدر بول,Treatment,high,true,"[""مدر بول""]",1,1,1,0.950,"[""chunk_00141""]","[""llama-3.1-8b-instant""]","[""ahd5k_03627""]"
ent_treatment_57825f7a3418,مراجعة اخصائية النسائية,مراجعه اخصاييه النساييه,Treatment,high,true,"[""مراجعة اخصائية النسائية""]",1,1,1,0.850,"[""chunk_00163""]","[""llama-3.1-8b-instant""]","[""ahd5k_02702""]"
ent_treatment_e3821aa5e124,مراقبة ضغط الدم,مراقبه ضغط الدم,Treatment,high,true,"[""مراقبة ضغط الدم""]",1,1,1,0.950,"[""chunk_00140""]","[""llama-3.1-8b-instant""]","[""ahd5k_03423""]"
ent_treatment_8726a85ab84a,مركب دعامة عادية,مركب دعامه عاديه,Treatment,high,true,"[""دعامة عادية"", ""مركب دعامة عادية""]",1,1,1,0.850,"[""chunk_00087""]","[""llama-3.1-8b-instant""]","[""ahd5k_03801""]"
ent_treatment_a9901bfb5bd5,مرهم مايكونازول,مرهم مايكونازول,Treatment,high,true,"[""مرهم مايكونازول""]",1,1,1,0.850,"[""chunk_00014""]","[""llama-3.3-70b-versatile""]","[""ahd5k_04864""]"
ent_treatment_b8b3fb59e87b,مسكن الم,مسكن الم,Treatment,high,true,"[""مسكن الم""]",3,1,3,0.850,"[""chunk_00115""]","[""llama-3.1-8b-instant""]","[""ahd5k_00625"", ""ahd5k_01293"", ""ahd5k_03925""]"
ent_treatment_b8a506ce96be,مسكن للالم,مسكن للالم,Treatment,high,true,"[""مسكن للالم""]",1,1,1,0.850,"[""chunk_00101""]","[""llama-3.1-8b-instant""]","[""ahd5k_01611""]"
ent_treatment_f4b5c1573769,مضاد الهيستامين,مضاد الهيستامين,Treatment,high,true,"[""مضاد الهستامين"", ""مضاد الهيستامين"", ""مضاد هيسامين"", ""مضاد هيستامين"", ""مضادات الهيستامين""]",5,5,5,0.810,"[""chunk_00002"", ""chunk_00003"", ""chunk_00004"", ""chunk_00005"", ""chunk_00007""]","[""llama-3.3-70b-versatile""]","[""ahd5k_00555"", ""ahd5k_01231"", ""ahd5k_02892"", ""ahd5k_04819"", ""ahd5k_04920""]"
ent_treatment_43526f78a371,مضاد حيوي,مضاد حيوي,Treatment,high,true,"[""مرهم مضاد حيوي"", ""مضاد حيوي""]",6,5,6,0.880,"[""chunk_00098"", ""chunk_00102"", ""chunk_00108"", ""chunk_00115"", ""chunk_00195""]","[""llama-3.1-8b-instant""]","[""ahd5k_01293"", ""ahd5k_01836"", ""ahd5k_03986"", ""ahd5k_04431"", ""ahd5k_04444"", ""ahd5k_04651""]"
ent_treatment_93132ac17089,مضادات الالتهاب,مضادات الالتهاب,Treatment,high,true,"[""مضادات الالتهاب""]",1,1,1,0.850,"[""chunk_00033""]","[""llama-3.1-8b-instant""]","[""ahd5k_01221""]"
ent_treatment_d30b06ad4ba6,مضادات الصرع,مضادات الصرع,Treatment,high,true,"[""مضادات الصرع""]",1,1,1,0.850,"[""chunk_00045""]","[""llama-3.1-8b-instant""]","[""ahd5k_04509""]"
ent_treatment_65d67800955e,مضادات الفيروسات,مضادات الفيروسات,Treatment,high,true,"[""مضادات الفيروسات""]",1,1,1,0.850,"[""chunk_00033""]","[""llama-3.1-8b-instant""]","[""ahd5k_01221""]"
ent_treatment_2547ab58544d,مضادات القلق,مضادات القلق,Treatment,high,true,"[""مضادات القلق""]",1,1,1,0.850,"[""chunk_00073""]","[""llama-3.1-8b-instant""]","[""ahd5k_03958""]"
ent_treatment_9a6b401143ed,مكمل غدائي,مكمل غدايي,Treatment,high,true,"[""MG 180 lITHOGINKGO"", ""مكمل غدائي"", ""مكمل غدائيي""]",1,1,1,0.850,"[""chunk_00018""]","[""llama-3.3-70b-versatile""]","[""ahd5k_03753""]"
ent_treatment_07d0f0ae4c18,منظار قنوات مرارية الف سلامة,منظار قنوات مراريه الف سلامه,Treatment,high,true,"[""منظار"", ""منظار قنوات مرارية الف سلامة""]",1,1,1,0.850,"[""chunk_00174""]","[""llama-3.1-8b-instant""]","[""ahd5k_00255""]"
ent_treatment_adf1ea1ee5a7,موزة كبيرة,موزه كبيره,Treatment,high,true,"[""موزة كبيرة""]",1,1,1,0.850,"[""chunk_00154""]","[""llama-3.1-8b-instant""]","[""ahd5k_04065""]"
ent_treatment_2702542ba0eb,ميزوتاك,ميزوتاك,Treatment,medium,true,"[""ميزوتاك""]",1,1,1,0.850,"[""chunk_00146""]","[""llama-3.1-8b-instant""]","[""ahd5k_01515""]"
ent_treatment_45a78ee47153,نازونكس,نازونكس,Treatment,medium,true,"[""نازونكس""]",1,1,1,0.950,"[""chunk_00002""]","[""llama-3.3-70b-versatile""]","[""ahd5k_00133""]"
ent_treatment_f11b22153e4b,نصف حبة,نصف حبه,Treatment,high,true,"[""نصف حبة""]",1,1,1,0.850,"[""chunk_00032""]","[""llama-3.1-8b-instant""]","[""ahd5k_01924""]"
ent_treatment_e80fab31a076,نقص فيتامين (ب12),نقص فيتامين (ب12),Treatment,high,true,"[""نقص فيتامين (ب12)""]",1,1,1,0.950,"[""chunk_00182""]","[""llama-3.1-8b-instant""]","[""ahd5k_00838""]"
ent_treatment_6daeffa55a15,نيوروتين,نيوروتين,Treatment,medium,true,"[""نيوروتين""]",1,1,1,0.850,"[""chunk_00129""]","[""llama-3.1-8b-instant""]","[""ahd5k_02023""]"
ent_treatment_e601e738b889,هيبارين,هيبارين,Treatment,medium,true,"[""هيبارين""]",1,1,1,0.850,"[""chunk_00071""]","[""llama-3.1-8b-instant""]","[""ahd5k_04895""]"
ent_treatment_9ef7c69bc634,وارفارين,وارفارين,Treatment,medium,true,"[""وارفارين""]",1,1,1,0.850,"[""chunk_00078""]","[""llama-3.1-8b-instant""]","[""ahd5k_02905""]"
