qa_id,source_row_number,split,category,category_en,question,answer,question_norm,answer_norm,qa_char_len
ahd5k_00008,807884,graph_train,علم الأجنة,Embryology,انا مصاب بمرض بهجت واعاني من الامه بالجسم ،ولم يصيب العين حتى الان فماهي افضل طرق الوقايه حتى لا يصل الى العين؟,داءُ بَهْجَت يحتاج إلى تواصل بين المريض والطبيب ليس فقط من أجل العلاج، ولكن من أجل الحد من مضاعفاته سواء على مستوى العين أو أي مكان آخر حيث بالمتابعة الدقيقة لكل نشاط للمرض في الأوعية الدقيقة يتطلب استخدام علاج محدد وخاص وفوري لكبح جهاز المناعة، عدا عن الدواء الخاص بالإصابة ذاتها وهو يختلف من مريض لآخر، ومن الإجراآت العامة التي يمكن اتباعها هو الإكثار من تناوال السوئل خاصة الماء ومعالجة أي التهاب دون تلكئ.,"انا مصاب بمرض بهجت واعاني من الامه بالجسم ,ولم يصيب العين حتي الان فماهي افضل طرق الوقايه حتي لا يصل الي العين?","داء بهجت يحتاج الي تواصل بين المريض والطبيب ليس فقط من اجل العلاج, ولكن من اجل الحد من مضاعفاته سواء علي مستوي العين او اي مكان اخر حيث بالمتابعه الدقيقه لكل نشاط للمرض في الاوعيه الدقيقه يتطلب استخدام علاج محدد وخاص وفوري لكبح جهاز المناعه, عدا عن الدواء الخاص بالاصابه ذاتها وهو يختلف من مريض لاخر, ومن الاجراات العامه التي يمكن اتباعها هو الاكثار من تناوال السويل خاصه الماء ومعالجه اي التهاب دون تلكي.",520
ahd5k_00010,550455,graph_train,جراحة القلب والشرايين,Cardiovascular surgery,يوجد أعراض ترعبني. عند الصعود بالدرج او مرتفع ينقطع نفسي ويجب ان استريح علماً باني ب٢٦ من العمر ومن قبل كانت هناك آلام في الصدر غريبه كنت اتجاهلها علما بان...,لم تذكر خصائص ضيق النفس، لكن الفحص الطبي السريري ضروري كونه يسمح بالتأكد من خصائص الأعراض المذكورة والعلامات التي قد يجدها الطبيب عند الفحص، لأن الأسباب كثيرة تنفسية وقلبية ودموية ووعائية وغير ذلك,يوجد اعراض ترعبني. عند الصعود بالدرج او مرتفع ينقطع نفسي ويجب ان استريح علما باني ب26 من العمر ومن قبل كانت هناك الام في الصدر غريبه كنت اتجاهلها علما بان.,"لم تذكر خصايص ضيق النفس, لكن الفحص الطبي السريري ضروري كونه يسمح بالتاكد من خصايص الاعراض المذكوره والعلامات التي قد يجدها الطبيب عند الفحص, لان الاسباب كثيره تنفسيه وقلبيه ودمويه ووعاييه وغير ذلك",354
ahd5k_00012,766399,graph_train,أمراض باطنية,Esoteric,السلام عليكم اناعمري 22 سنة واعاني من القولون العصبي ولدي توسع بالكليتين بسبب وجود الحصى كيف يمكنني التخلص من الحصى ومشاكل القولون,التخلص من الحصى يكون اولا بدراستها لمعرفة مكانها وخجمها وطبيعتها وبعد ذلك ممكن للطبيب ان يقرركيفية التخلص منها اما القولون العصبي فبأمكانك البحث في موقعنا الطبي عن ذلك وستجد كتابات عديدة وقيمة,السلام عليكم اناعمري 22 سنه واعاني من القولون العصبي ولدي توسع بالكليتين بسبب وجود الحصي كيف يمكنني التخلص من الحصي ومشاكل القولون,التخلص من الحصي يكون اولا بدراستها لمعرفه مكانها وخجمها وطبيعتها وبعد ذلك ممكن للطبيب ان يقرركيفيه التخلص منها اما القولون العصبي فبامكانك البحث في موقعنا الطبي عن ذلك وستجد كتابات عديده وقيمه,322
ahd5k_00020,340580,graph_train,أرجية حساسية,Allergic allergy,بنتي سنتين ونصف عندها حساسية من حليب البقر وتأخذ حليب خاص قليل التحسس HA لكن دائم مسبب لها غازات وانتفاخ بالبطن أريد أن اوقفه ما الاكل الي فيه نسب من...,اعطيها حليب مكسر بروتين الحليب بالكامل او حليب رز,بنتي سنتين ونصف عندها حساسيه من حليب البقر وتاخذ حليب خاص قليل التحسس ha لكن دايم مسبب لها غازات وانتفاخ بالبطن اريد ان اوقفه ما الاكل الي فيه نسب من.,اعطيها حليب مكسر بروتين الحليب بالكامل او حليب رز,201
ahd5k_00032,639402,graph_train,أمراض باطنية,Esoteric,عندي الم في الجهه الايسرى اعزكم الله تحت الابط وعندي الم في ضلوع الصدر من الجهه اليسرى مع الحجاب الحاجز وشكراً لكم,الأسباب عديدة تتراوح بين التهاب العضلات والتهاب الاضلاع واعتلال الغدد الليمفاوية وربما يكون ناجما عن قصور الشرايين. لا بد من استشارة أخصائي أمراض باطنية لفحصك سريريا وإجراء ما يلزم من فحوصات طبية.,عندي الم في الجهه الايسري اعزكم الله تحت الابط وعندي الم في ضلوع الصدر من الجهه اليسري مع الحجاب الحاجز وشكرا لكم,الاسباب عديده تتراوح بين التهاب العضلات والتهاب الاضلاع واعتلال الغدد الليمفاويه وربما يكون ناجما عن قصور الشرايين. لا بد من استشاره اخصايي امراض باطنيه لفحصك سريريا واجراء ما يلزم من فحوصات طبيه.,310
ahd5k_00035,317450,graph_train,أمراض الغدد الصماء,Endocrine,انا أعني مرض الغدة الدرقية يعني يخفض هل استطيع ان اخذ التروكسين وكم جرام اخذ؟,علاج الغدة وجرعة العلاج تعتمد على مستوى الهرمون في الدم,انا اعني مرض الغده الدرقيه يعني يخفض هل استطيع ان اخذ التروكسين وكم جرام اخذ?,علاج الغده وجرعه العلاج تعتمد علي مستوي الهرمون في الدم,132
ahd5k_00048,799207,graph_train,أمراض الغدد الصماء,Endocrine,زوجتي حامل لها شهرين وظهرت عندها الغدة هل تؤثر الغدة علي الحمل والجنين ً كثير لكم,ان هرمون الثيروكسين (هرمون الغده الدرقيه) مهم لنمو الجنين العقلي والجسدي، لذلك فان نقص افراز هذا الهرمون الذي يكون نتيجه خمول بالغده الدرقيه قد يؤدي اذا لم تتم معالجته لمده طويله خلال الحمل وخاصه في الثلث الثاني والثالث من الحمل الى تشوهات خلقية وحالات التقزم,زوجتي حامل لها شهرين وظهرت عندها الغده هل توثر الغده علي الحمل والجنين كثير لكم,"ان هرمون الثيروكسين (هرمون الغده الدرقيه) مهم لنمو الجنين العقلي والجسدي, لذلك فان نقص افراز هذا الهرمون الذي يكون نتيجه خمول بالغده الدرقيه قد يودي اذا لم تتم معالجته لمده طويله خلال الحمل وخاصه في الثلث الثاني والثالث من الحمل الي تشوهات خلقيه وحالات التقزم",340
ahd5k_00065,784566,graph_train,إسعاف أولي,First aid,هل عقار اولفين المسكن له اثار جانبية مثل الفولتارين حيث اني مصاب بالصداع الشقيقه واحتاج مسكن قوي وشكرا,"الأولفين هو نفس الدواء فولتارين , فالاثنان يحتووا على نفس المادة الفعالة ديكلوفيناك , ولكن الاسم التجاري مختلف , ولهم نفس الأعراض الجانبية . فإذا كنت لا تعاني من ارتفاع في ضغط الدم. ولا من أي مشاكل , فإنك تستطيع أخذ الدواء , وخذه على معدة ممتلئة ( بعد الأكل ) لتقلل من تهيج الجهاز الهضمي. و في حال كانت الشقيقة شديدة فهناك أدوية تقلل من توسع الأوعية في الدماغ لان توسع الأوعية يسبب ألم الشقيقة , لذا يمكنك استشارة الطبيب في ذلك.",هل عقار اولفين المسكن له اثار جانبيه مثل الفولتارين حيث اني مصاب بالصداع الشقيقه واحتاج مسكن قوي وشكرا,"الاولفين هو نفس الدواء فولتارين , فالاثنان يحتووا علي نفس الماده الفعاله ديكلوفيناك , ولكن الاسم التجاري مختلف , ولهم نفس الاعراض الجانبيه . فاذا كنت لا تعاني من ارتفاع في ضغط الدم. ولا من اي مشاكل , فانك تستطيع اخذ الدواء , وخذه علي معده ممتليه ( بعد الاكل ) لتقلل من تهيج الجهاز الهضمي. و في حال كانت الشقيقه شديده فهناك ادويه تقلل من توسع الاوعيه في الدماغ لان توسع الاوعيه يسبب الم الشقيقه , لذا يمكنك استشاره الطبيب في ذلك.",530
ahd5k_00069,89781,graph_train,أمراض الأسنان,Dental,انا قبل يجي طقطقة في الفك الايسر بدون اللم وبعد ما سويت التمرين راح طقطقة الفك وجاني اللم هل هذا امر عادي بسبب التمرين ولا لل,طبيعي بسبب التمرين ومع الوقت بيختفي الألم وممكن استعمال بعض المسكنات الخفيفه,انا قبل يجي طقطقه في الفك الايسر بدون اللم وبعد ما سويت التمرين راح طقطقه الفك وجاني اللم هل هذا امر عادي بسبب التمرين ولا لل,طبيعي بسبب التمرين ومع الوقت بيختفي الالم وممكن استعمال بعض المسكنات الخفيفه,201
ahd5k_00072,411608,graph_train,أمراض باطنية,Esoteric,السلام عليكم اعاني من غازات والم مغص في المعدة فوق السرة بحوالي اربع اصابع. وكثرة التبرز برائحة كريهة جدا-اكرمكم الله- بعد الاكل مع فقدان للشهية. اعتقد بانها بكتيريا بالمعدة. ما...,الاخت الكريمة لا يمكن وصف علاج للبكتيري بمجرد اعتقادك بوجودها.. انصح اولا بالفحص و اذا كانت موجودة عندئذ العلاج.. كما ان هذه الاعراض قد تكون مصاحبة لامراض اخرى مثل بعض الديدان او اشياء اخرى. انصح بالفحص للتوصل الى التشخيص السليم,السلام عليكم اعاني من غازات والم مغص في المعده فوق السره بحوالي اربع اصابع. وكثره التبرز برايحه كريهه جدا-اكرمكم الله- بعد الاكل مع فقدان للشهيه. اعتقد بانها بكتيريا بالمعده. ما.,الاخت الكريمه لا يمكن وصف علاج للبكتيري بمجرد اعتقادك بوجودها. انصح اولا بالفحص و اذا كانت موجوده عنديذ العلاج. كما ان هذه الاعراض قد تكون مصاحبه لامراض اخري مثل بعض الديدان او اشياء اخري. انصح بالفحص للتوصل الي التشخيص السليم,408
ahd5k_00085,425888,graph_train,أمراض القلب و الشرايين,Cardiovascular disease,ماهو المعدل الطبيعي لضغط الدم لرجل عمرة في 79 سنة وماهو هو عدد نبضات القلب المثالي بالنسبة له .,حسب عوامل الخطورة الاخرى كالسكري و الكلى. اذا لانوجد أمراض مصاحبة ١٤٠-٨٠ و ضربات القلب تقريبا من ٦٥-٨٥ لكن ممكن ان نقبل ضربات قلب اقل او اكثر,ماهو المعدل الطبيعي لضغط الدم لرجل عمره في 79 سنه وماهو هو عدد نبضات القلب المثالي بالنسبه له .,حسب عوامل الخطوره الاخري كالسكري و الكلي. اذا لانوجد امراض مصاحبه 140-80 و ضربات القلب تقريبا من 65-85 لكن ممكن ان نقبل ضربات قلب اقل او اكثر,236
ahd5k_00088,786887,graph_train,علم التشريح,Anatomy,هل يوجد علاج دوائى او طبيعي لعلاج انفراص بالفاصل العجزي القطني,اذا كان هذا الانقراص غير مسبب لضغط على الجذور العصبية يمكن العلاج من خلال جلسات علاج فيزيائي ام اذا كان ضاغطا فالجراحة هي الحل كذل في حال تضيق قناة النخاع المصاحبة لانزلاق غضروفي,هل يوجد علاج دوايي او طبيعي لعلاج انفراص بالفاصل العجزي القطني,اذا كان هذا الانقراص غير مسبب لضغط علي الجذور العصبيه يمكن العلاج من خلال جلسات علاج فيزيايي ام اذا كان ضاغطا فالجراحه هي الحل كذل في حال تضيق قناه النخاع المصاحبه لانزلاق غضروفي,240
ahd5k_00114,787413,graph_train,تشخيص,Diagnosis,منذ دخول فصل الشتاء انتابتني بعض الاعراض ولاسيما في الرجل اليسري اشعر بالم في المفصل ودلك عند ثني الرجل يإما بالجلوس اوالقعود وعندما احاول الوقوف ارجع رجلي بصعوبة لمكانها الطبيعي...,"ما تعانين منه هو عبارة عن الم ميكانيكي اي وقت الحركة فقط ., لا وجود له مع الراحة , ينصح لك عمل صورة اشعة عادية للحوض وبها يتضح وضع راس الفخذ من الجهتين . اذا كانت الامور سليمة عليك بالسباحة وعمل جلسات علاج طبيعي وتليين حركة مفصل الفخذ بالنوم مستلقية على ظهرك وعمل حركة الدراجة خمس دقائق يوميا",منذ دخول فصل الشتاء انتابتني بعض الاعراض ولاسيما في الرجل اليسري اشعر بالم في المفصل ودلك عند ثني الرجل ياما بالجلوس اوالقعود وعندما احاول الوقوف ارجع رجلي بصعوبه لمكانها الطبيعي.,"ما تعانين منه هو عباره عن الم ميكانيكي اي وقت الحركه فقط ., لا وجود له مع الراحه , ينصح لك عمل صوره اشعه عاديه للحوض وبها يتضح وضع راس الفخذ من الجهتين . اذا كانت الامور سليمه عليك بالسباحه وعمل جلسات علاج طبيعي وتليين حركه مفصل الفخذ بالنوم مستلقيه علي ظهرك وعمل حركه الدراجه خمس دقايق يوميا",473
ahd5k_00127,803173,graph_train,علم الأجنة,Embryology,هل ادوية قاطع الشهية مضرة؟ وهل تؤدي الى العقم؟ مثلا (ماجريم),من المعروف أن أدوية تخسيس الوزن بعد التوقف عن تناولها يعود الوزن الى ما كان عليه سابفا ، يعني فائدتها مؤقتة ، ولها تأثيرات جانبية كالشلل واالإمساك واعتلال المفاصل كما لها تأثيرات على القلب والاعصاب والسرطان ، لذا لا ننصحك باستعمال هذه الحبوب . وأفضل طريقة لتخسيس الوزن هو المواظبة على التمارين الرياضية واتباع حمية غذائية قليلة السعرات وليس الحرمان من الغداء او العشاء ، يمكنك الإعتماد على الخضروات الخضراء بشكل أساسي في طعامك وتجنب الدهون والتقليل من الدهون والسكريات,هل ادويه قاطع الشهيه مضره? وهل تودي الي العقم? مثلا (ماجريم),"من المعروف ان ادويه تخسيس الوزن بعد التوقف عن تناولها يعود الوزن الي ما كان عليه سابفا , يعني فايدتها موقته , ولها تاثيرات جانبيه كالشلل واالامساك واعتلال المفاصل كما لها تاثيرات علي القلب والاعصاب والسرطان , لذا لا ننصحك باستعمال هذه الحبوب . وافضل طريقه لتخسيس الوزن هو المواظبه علي التمارين الرياضيه واتباع حميه غذاييه قليله السعرات وليس الحرمان من الغداء او العشاء , يمكنك الاعتماد علي الخضروات الخضراء بشكل اساسي في طعامك وتجنب الدهون والتقليل من الدهون والسكريات",528
ahd5k_00133,376061,graph_train,أرجية حساسية,Allergic allergy,تصاص كلينيل نازال سبراي قلو بديل لان ما عم لاقي منو مع العلم عندي تحسس انفي موسمي بيتغير حسب المواسم,بدائل يوجد نازونكس وافاميز وتابونكس وفليكسونيز,تصاص كلينيل نازال سبراي قلو بديل لان ما عم لاقي منو مع العلم عندي تحسس انفي موسمي بيتغير حسب المواسم,بدايل يوجد نازونكس وافاميز وتابونكس وفليكسونيز,146
ahd5k_00140,795620,graph_train,تشخيص,Diagnosis,هل يمكن ان تحس المرأة بوجع طفيف على مستوى الثدي أثناء الدورة الشرية؟ مع العلم ان الألم على مستوى الثدي الايسر؟,"يمكن ان يحدث هذا قبل او اثناء الدوره الشهريه نتيجه التغييرات الهرمونيه التي تحدث في هذه الاثناء, ولكن يختفي هذا الالم بعد انتهاء الدوره. لذلك اذا استمر الالم انصحك بمراجعه طبيبك للفحص.",هل يمكن ان تحس المراه بوجع طفيف علي مستوي الثدي اثناء الدوره الشريه? مع العلم ان الالم علي مستوي الثدي الايسر?,"يمكن ان يحدث هذا قبل او اثناء الدوره الشهريه نتيجه التغييرات الهرمونيه التي تحدث في هذه الاثناء, ولكن يختفي هذا الالم بعد انتهاء الدوره. لذلك اذا استمر الالم انصحك بمراجعه طبيبك للفحص.",294
ahd5k_00142,771796,graph_train,تشخيص,Diagnosis,السلام عليكم .. أعاني ما يقارب السنتين من تعرجات ( فطريات ) واضحة في لساني من الجهة اليمنى واليسرى بجوار منطقة الطحن مما سببت لي إحراج أثناء حديثي مع الناس...,عليك بالذهاب الى طبيب اخصائي وليس الى مستةصف لمعرفة التشخيص الحقيقي هل هو فطريات او نقص فيتامبناتك او اي شرء آخر,السلام عليكم . اعاني ما يقارب السنتين من تعرجات ( فطريات ) واضحه في لساني من الجهه اليمني واليسري بجوار منطقه الطحن مما سببت لي احراج اثناء حديثي مع الناس.,عليك بالذهاب الي طبيب اخصايي وليس الي مستهصف لمعرفه التشخيص الحقيقي هل هو فطريات او نقص فيتامبناتك او اي شرء اخر,270
ahd5k_00149,765465,graph_train,الطب البديل,Alternative medicine,سؤال هو فى اعشاب حاليا مفعول الكبروتين عالى للشعر بنفس نتيجة الكيراتين -- البروتين -- البيوثيرابي لان تكلفتهم عالية جدا واختى شعرها سئ جدا وهايش ومجهد ارجو الرد ولك منا...,علاج هيشان الشعر هو استخدام كريم التصفيف بالزيوت الطبيعية وهي زيت الزيتون وزيت الخروع وزيت اللوز مخلوطة مع بعضها البعض ثم يدهن به الشعر من الجذور ويدلك دلكا خفيفا و لتقصف الشعر أفضل شامبو هو شامبو الاطفال أو شامبو غني بالبروتينات مثل بانتين ، واستخدمي البلسم عند كل غسلة ولكن لا تضعيه على جذور الشعر وتجنبي قدر الامكان تجفيف الشعر بالسشوار وإذا كان لا بد من ذلك فليكن هواء متوسط الحرارة .,سوال هو في اعشاب حاليا مفعول الكبروتين عالي للشعر بنفس نتيجه الكيراتين -- البروتين -- البيوثيرابي لان تكلفتهم عاليه جدا واختي شعرها سي جدا وهايش ومجهد ارجو الرد ولك منا.,"علاج هيشان الشعر هو استخدام كريم التصفيف بالزيوت الطبيعيه وهي زيت الزيتون وزيت الخروع وزيت اللوز مخلوطه مع بعضها البعض ثم يدهن به الشعر من الجذور ويدلك دلكا خفيفا و لتقصف الشعر افضل شامبو هو شامبو الاطفال او شامبو غني بالبروتينات مثل بانتين , واستخدمي البلسم عند كل غسله ولكن لا تضعيه علي جذور الشعر وتجنبي قدر الامكان تجفيف الشعر بالسشوار واذا كان لا بد من ذلك فليكن هواء متوسط الحراره .",559
ahd5k_00162,650715,graph_train,صحة الطفل,Child health,بسبب ظروف اجتماعية عصيبه لدى فقد تركت ابنى مع والده بعد شهر من ولادته على ان اعود بعد ثلاثة اشهر ويقول والده انه ينظر اليه نظرات عتاب دائما. كيف يؤثر...,في هذا العمر سيعود كل شئ لطبيعته بالتدريج عند رجوعك-,بسبب ظروف اجتماعيه عصيبه لدي فقد تركت ابني مع والده بعد شهر من ولادته علي ان اعود بعد ثلاثه اشهر ويقول والده انه ينظر اليه نظرات عتاب دايما. كيف يوثر.,في هذا العمر سيعود كل شي لطبيعته بالتدريج عند رجوعك-,204
ahd5k_00171,796753,graph_train,صحة المسنين,Elderly health,امرأة تريد طرقة للتخلص من الكوليسترول في الجسم - وعمرها 54 سنة,أولاً يتوجب معرفة نوع الكوليسترول المرتفع لديها وهل يصاحبه ارتفاع في الدهون الثلاثية أم لا وهل الكوليسترول الحميد منخفض ، جميع هذه المعلومات يمكن الحصول عليها بعد فحص الدهون لتحديد نوع الزيادة ومقدارها ، كذلك يتطلب معرفة ما اذا كان وزنها طبيعي أم لا ، وهل لديها أي مرض مزمن، أما بشكل عام فطرق تخفيضه بدون دواء تعتمد في الدرجة الأولى على الجهد والتمارين خاصة المشي وعلى الحمية وتجنب الدهن الجيواني والاألبان خاصة الجبن والطعام المقلي كذلك تجنب الأغذية التي تحتوي على أحشاء الحيونات والكبد والطحال، والاستعاضة عنها بالأسماك والخضرة والفواكه الطازجة وزيت الزيتون,امراه تريد طرقه للتخلص من الكوليسترول في الجسم - وعمرها 54 سنه,"اولا يتوجب معرفه نوع الكوليسترول المرتفع لديها وهل يصاحبه ارتفاع في الدهون الثلاثيه ام لا وهل الكوليسترول الحميد منخفض , جميع هذه المعلومات يمكن الحصول عليها بعد فحص الدهون لتحديد نوع الزياده ومقدارها , كذلك يتطلب معرفه ما اذا كان وزنها طبيعي ام لا , وهل لديها اي مرض مزمن, اما بشكل عام فطرق تخفيضه بدون دواء تعتمد في الدرجه الاولي علي الجهد والتمارين خاصه المشي وعلي الحميه وتجنب الدهن الجيواني والاالبان خاصه الجبن والطعام المقلي كذلك تجنب الاغذيه التي تحتوي علي احشاء الحيونات والكبد والطحال, والاستعاضه عنها بالاسماك والخضره والفواكه الطازجه وزيت الزيتون",621
ahd5k_00189,777734,graph_train,أمراض القلب و الشرايين,Cardiovascular disease,ماهي اسباب الضربات الهاجرة في القلب وكيف يمكن علاجها بدون اخذ حبوب الاندرال لاني اخذته ولم تذهب هذه الضربات علما ان عمري 45 سنة افيدوني؟,أسبابها كثيرة وتختلف من شخص لآخر، فمن الممكن أن تكون أحد الأعراض الثانوية لإضطراب آخر يتعلق بالغدة الدرقية أو بفقر الدم أوغيره من الأسباب الكثيرة والمتعددة، وإذا كان لا يوجد هناك أي علة أو سبب واضح يفسر حدوثها، يبقى الإحتمال أن تكون أولية وهذه عدة أنواع أيضاً وعلاجها مرتبط بالتشخيص الدقيق لفئتها من خلال الرسم التخطيطي للقلب، وفي أغلب الحلات تكون فوق أذينية ولا تشكل خطورة ويتم السيطرة عليها بدواء يتناسب مع نوعها وسببها والإندرال يمكن أن يُساعد في السيطرة عليها في أحيان كثيرة، لكن في بعض الحالات قد يكون من المفيد استخدام أدوية أخرى وفقاً لنوعها وحدتها والأعراض المرافقة وحسب درجة الاستجابة الدوائية لدى الشخص وظروفه الصحية الأخرى، علماً أن في بعض الحالات لا تحتاج لأي علاج لا سيما إذا لم يكن يرافقها أعراض أخرى أو أنها قليلة ولا تسبب إزعاج مهم للمريض,ماهي اسباب الضربات الهاجره في القلب وكيف يمكن علاجها بدون اخذ حبوب الاندرال لاني اخذته ولم تذهب هذه الضربات علما ان عمري 45 سنه افيدوني?,"اسبابها كثيره وتختلف من شخص لاخر, فمن الممكن ان تكون احد الاعراض الثانويه لاضطراب اخر يتعلق بالغده الدرقيه او بفقر الدم اوغيره من الاسباب الكثيره والمتعدده, واذا كان لا يوجد هناك اي عله او سبب واضح يفسر حدوثها, يبقي الاحتمال ان تكون اوليه وهذه عده انواع ايضا وعلاجها مرتبط بالتشخيص الدقيق لفيتها من خلال الرسم التخطيطي للقلب, وفي اغلب الحلات تكون فوق اذينيه ولا تشكل خطوره ويتم السيطره عليها بدواء يتناسب مع نوعها وسببها والاندرال يمكن ان يساعد في السيطره عليها في احيان كثيره, لكن في بعض الحالات قد يكون من المفيد استخدام ادويه اخري وفقا لنوعها وحدتها والاعراض المرافقه وحسب درجه الاستجابه الدواييه لدي الشخص وظروفه الصحيه الاخري, علما ان في بعض الحالات لا تحتاج لاي علاج لا سيما اذا لم يكن يرافقها اعراض اخري او انها قليله ولا تسبب ازعاج مهم للمريض",890
ahd5k_00203,509892,graph_train,أمراض الدم,Blood,ابني عمره ١٠سنه يعاني من نقص الصفائح itpتم اعطائه ivigمرتين وتم اعطائه كرتزون وحاليا اضيف له علاج الروتيكسيماب اول جرعه ونستمر عليها لمده شهر كل اسبوع مره هل الروتكسيماب يفيده,نعم مفيد لة ويجب الاستمرار فى العلاج و متابعة الطبيب المعالج,ابني عمره 10سنه يعاني من نقص الصفايح itpتم اعطايه ivigمرتين وتم اعطايه كرتزون وحاليا اضيف له علاج الروتيكسيماب اول جرعه ونستمر عليها لمده شهر كل اسبوع مره هل الروتكسيماب يفيده,نعم مفيد له ويجب الاستمرار في العلاج و متابعه الطبيب المعالج,235
ahd5k_00209,392462,graph_train,أمراض الأسنان,Dental,السلام عليكم انا اعاني من وجود خطوط سوداء خفيفة على جوانب اضراسي وصولا الى انيابي و يزداد دالك فلا اضن انه تسوس ارجوك اريد الحل سريعا,التصبغات السوداء متنوعة المصدر منها ما هو خارجي. و منها ما هو داخلي ... الاحتمالات هنا عديدة منها التدخين ... الطعام و الشراب ... ادوية الحديد ... مضمضة الكلورهيكسيدين ... الترسبات الجيرية ... الخ .... التسوس يكونه اسود اللون لكن يكون هناك نخر او تاكل في سطح السن,السلام عليكم انا اعاني من وجود خطوط سوداء خفيفه علي جوانب اضراسي وصولا الي انيابي و يزداد دالك فلا اضن انه تسوس ارجوك اريد الحل سريعا,التصبغات السوداء متنوعه المصدر منها ما هو خارجي. و منها ما هو داخلي . الاحتمالات هنا عديده منها التدخين . الطعام و الشراب . ادويه الحديد . مضمضه الكلورهيكسيدين . الترسبات الجيريه . الخ . التسوس يكونه اسود اللون لكن يكون هناك نخر او تاكل في سطح السن,396
ahd5k_00222,777470,graph_train,تشخيص,Diagnosis,اختي عمرها 17 ومنذ سنتين تقريبا اصبحت تصاب بالام حادة في الراس وعندما تصاب بها تشعر بنض سريع وقوي جدا في الشرايين الموجودة في منقطة جوانب الجبهة ما ثشخيصكم لما...,على الاغلب هذا شقيقة يجب اجراء فحص طبي لنفي اي سبب اخر للصداع و من ثم يمكن اخذ المسكنات مثل الباندول فولت فاست,اختي عمرها 17 ومنذ سنتين تقريبا اصبحت تصاب بالام حاده في الراس وعندما تصاب بها تشعر بنض سريع وقوي جدا في الشرايين الموجوده في منقطه جوانب الجبهه ما ثشخيصكم لما.,علي الاغلب هذا شقيقه يجب اجراء فحص طبي لنفي اي سبب اخر للصداع و من ثم يمكن اخذ المسكنات مثل الباندول فولت فاست,272
ahd5k_00230,804638,graph_train,علم الأجنة,Embryology,في أي شهر من أشهر الحمل يتم تكوين عظام الجنين,في نهاية الاسبوع السادس يبدأ الجنين بتكوين العمود الفقري ويكون صغير جدا لا يزيد طوله عن 2/1سم.,في اي شهر من اشهر الحمل يتم تكوين عظام الجنين,في نهايه الاسبوع السادس يبدا الجنين بتكوين العمود الفقري ويكون صغير جدا لا يزيد طوله عن 2/1سم.,139
ahd5k_00235,765015,graph_train,إسعاف أولي,First aid,كيف انقذ شخص تم وقوف قلبه,يستخدم تدليك القلب في اللحظات الأولى من توقف القلب، أو يمكن استعمال الصدمة الكهربائية. وإذا تأخر الوقت فيرحمه الله.راجع مقالات الرسعاف الأولي في المقالات.,كيف انقذ شخص تم وقوف قلبه,"يستخدم تدليك القلب في اللحظات الاولي من توقف القلب, او يمكن استعمال الصدمه الكهرباييه. واذا تاخر الوقت فيرحمه الله.راجع مقالات الرسعاف الاولي في المقالات.",179
ahd5k_00237,343593,graph_train,أمراض القلب و الشرايين,Cardiovascular disease,السلام عليكم، ما هو الفرق بين ضغط الدم الخاص بالجسم والضغط الخاص بالعينين؟ من فضلكم تشرحولي بالتفصيل,لايوجد علاقة إجمالا,"السلام عليكم, ما هو الفرق بين ضغط الدم الخاص بالجسم والضغط الخاص بالعينين? من فضلكم تشرحولي بالتفصيل",لايوجد علاقه اجمالا,119
ahd5k_00255,460646,graph_train,أمراض باطنية,Esoteric,كيف اعالج تضيق القنوات الموجودة داخل الكبد عند الاطفال,غالبا يحتاج إلى عمل منظار قنوات مرارية الف سلامة,كيف اعالج تضيق القنوات الموجوده داخل الكبد عند الاطفال,غالبا يحتاج الي عمل منظار قنوات مراريه الف سلامه,102
ahd5k_00261,808368,graph_train,علم التشريح,Anatomy,اشعر بتدلى الخصيتين بشكل غير طبيعى لدرجة انه يؤثر على طول القضيب اثناء الارتخاء ويوجد بكيس الصفن عروق كثيره ولكنها لا تؤلمنى ما سبب هذه الحالة ارجو الاجابة,هي في الغالب دوالي الخصية. فاذهب إلى اختصاصي بالجراحة أو المسالك البولية واستشره. وراجع دوالي الخصية.,اشعر بتدلي الخصيتين بشكل غير طبيعي لدرجه انه يوثر علي طول القضيب اثناء الارتخاء ويوجد بكيس الصفن عروق كثيره ولكنها لا تولمني ما سبب هذه الحاله ارجو الاجابه,هي في الغالب دوالي الخصيه. فاذهب الي اختصاصي بالجراحه او المسالك البوليه واستشره. وراجع دوالي الخصيه.,256
ahd5k_00291,806401,graph_train,علم التشريح,Anatomy,مالمقصود باللمف,اللمف سائل شفاف، يميل لونه إلى الصفرة يشبه في تركيبه تركيب الدم إلا أنّه لا يحتوي على كرات دم حمراء بل كرات دم بيضاء. يتكون من بقايا السائل النسيجي وجزيئات البروتين والكريات البيضاء وبعض مكونات الجهاز المناعي الأخرى يساهم في نقل الدسم من المعي الدقيق إلى القلب.,مالمقصود باللمف,"اللمف سايل شفاف, يميل لونه الي الصفره يشبه في تركيبه تركيب الدم الا انه لا يحتوي علي كرات دم حمراء بل كرات دم بيضاء. يتكون من بقايا السايل النسيجي وجزييات البروتين والكريات البيضاء وبعض مكونات الجهاز المناعي الاخري يساهم في نقل الدسم من المعي الدقيق الي القلب.",276
ahd5k_00313,45938,graph_train,أمراض الدم,Blood,هل يوجد علاقة بين انخفاض الصفيحات الدموية 122/ وارتفاع خضاب الدم / 16.8,يجب التأكد من blood smear فلم صورة الدم للتأكد من نقص الصفيحات بهذه الافتراض يجب اجراء فحص نخاع العظم,هل يوجد علاقه بين انخفاض الصفيحات الدمويه 122/ وارتفاع خضاب الدم / 16.8,يجب التاكد من blood smear فلم صوره الدم للتاكد من نقص الصفيحات بهذه الافتراض يجب اجراء فحص نخاع العظم,172
ahd5k_00315,237723,graph_train,أمراض الأسنان,Dental,السلام عليكم انا فتحت التقويم والدكتور سوا لي تنظيف وقال لي لا تشربي القهوه او الشاي الا بعد مرور ٦ اشهر !! هل يمكنني اشرب القهوه واغسلها بالفور اسناني ام...,اشربي قهوتك و شايك على راحتك مع المحافظة على تنظيف الاسنان.,السلام عليكم انا فتحت التقويم والدكتور سوا لي تنظيف وقال لي لا تشربي القهوه او الشاي الا بعد مرور 6 اشهر ! هل يمكنني اشرب القهوه واغسلها بالفور اسناني ام.,اشربي قهوتك و شايك علي راحتك مع المحافظه علي تنظيف الاسنان.,216
ahd5k_00348,83228,graph_train,علم التشريح,Anatomy,كيف ترتفع درجة حرارة الجسم عن الحد الطبيعي؟,يوجد في جسم الإنسان العديد من الآليات التي تعمل على تنظيم الحرارة في جسمه لتبقى ضمن الحد الطبيعي، ولكن في بعض الأحيان قد ترتفع درجة الحرارة نتيجة عوامل خارجية أو داخلية، مثل: قضاء بعض الوقت في الطقس الحار، وممارسة الرياضة، والإصابة بعدوى، أو تناول بعض أنواع الأدوية، أو الإصابة بأحد الأمراض المناعة الذاتية، أو حدوث التقلبات الهرمونية. تعتبر منطقة ما تحت المهاد من الدماغ هي الجزء المسؤول عن التنظيم الحراري، فعند الشعور بأن درجة الحرارة الداخلية أصبحت منخفضة أو مرتفعة ترسل أجهزة الاستشعار في الجهاز العصبي المركزي إشارات إلى منطقة ما تحت المهاد والتي بدورها ترسل إشارات عصبية إلى العضلات، وأعضاء الجسم المختلفة، والغدد، والجهاز العصبي تفيد بضرورة الاستجابة بطرق معينة لإعادة درجة الحرارة إلى الوضع الطبيعي. ترتفع درجة حرارة الجسم عندما ترتبط البيروجينات بمنطقة تحت المهاد، أهمها إنترلوكين 1 (IL-1)، والذي ينتج عند ملامسة خلايا الدم البيضاء البلعمية مع البكتيريا والفيروسات. وبالتالي يرفع درجة حرارة الجسم بدرجة كافية لقتل الميكروبات الحساسة لتلك التغيرات. ترتقع درجة الحرارة نتيجة الاستجابات التالية من أعضاء الجسم المختلفة: تضيق الأوعية الدموية القريبة من الجلد للاحتفاظ بدرجة حرارة الجسم في الداخل، الأمر الذي يؤدي إلى قلة تدفق الدم إلى البشرة. توليد الحرارة من خلال العضلات وأعضاء الجسم المختلفة بعدة طرق، مثل: ارتعاش العضلات لإنتاج المزيد من الحرارة. توليد الحرارة من خلال الاستجابة الهرمونية، حيث يفرز هرمون الغدة الدرقية والذي يعمل على زيادة التمثيل الغذائي، وبالتالي إنتاج المزيد من الطاقة والحرارى التي ينتجها الجسم. للمزيد: التعامل مع ارتفاع حرارة الطفل ارتفاع حرارة أطراف الرضع,كيف ترتفع درجه حراره الجسم عن الحد الطبيعي?,"يوجد في جسم الانسان العديد من الاليات التي تعمل علي تنظيم الحراره في جسمه لتبقي ضمن الحد الطبيعي, ولكن في بعض الاحيان قد ترتفع درجه الحراره نتيجه عوامل خارجيه او داخليه, مثل: قضاء بعض الوقت في الطقس الحار, وممارسه الرياضه, والاصابه بعدوي, او تناول بعض انواع الادويه, او الاصابه باحد الامراض المناعه الذاتيه, او حدوث التقلبات الهرمونيه. تعتبر منطقه ما تحت المهاد من الدماغ هي الجزء المسوول عن التنظيم الحراري, فعند الشعور بان درجه الحراره الداخليه اصبحت منخفضه او مرتفعه ترسل اجهزه الاستشعار في الجهاز العصبي المركزي اشارات الي منطقه ما تحت المهاد والتي بدورها ترسل اشارات عصبيه الي العضلات, واعضاء الجسم المختلفه, والغدد, والجهاز العصبي تفيد بضروره الاستجابه بطرق معينه لاعاده درجه الحراره الي الوضع الطبيعي. ترتفع درجه حراره الجسم عندما ترتبط البيروجينات بمنطقه تحت المهاد, اهمها انترلوكين 1 (il-1), والذي ينتج عند ملامسه خلايا الدم البيضاء البلعميه مع البكتيريا والفيروسات. وبالتالي يرفع درجه حراره الجسم بدرجه كافيه لقتل الميكروبات الحساسه لتلك التغيرات. ترتقع درجه الحراره نتيجه الاستجابات التاليه من اعضاء الجسم المختلفه: تضيق الاوعيه الدمويه القريبه من الجلد للاحتفاظ بدرجه حراره الجسم في الداخل, الامر الذي يودي الي قله تدفق الدم الي البشره. توليد الحراره من خلال العضلات واعضاء الجسم المختلفه بعده طرق, مثل: ارتعاش العضلات لانتاج المزيد من الحراره. توليد الحراره من خلال الاستجابه الهرمونيه, حيث يفرز هرمون الغده الدرقيه والذي يعمل علي زياده التمثيل الغذايي, وبالتالي انتاج المزيد من الطاقه والحراري التي ينتجها الجسم. للمزيد: التعامل مع ارتفاع حراره الطفل ارتفاع حراره اطراف الرضع",1532
ahd5k_00369,437753,graph_train,أمراض باطنية,Esoteric,هل تحليل الكريات البيضاء و الحمراء هي نفسها المناعة,لا كلمة مناعه فضفاضه جدا و هناك فحوصات كثيره للمناعه,هل تحليل الكريات البيضاء و الحمراء هي نفسها المناعه,لا كلمه مناعه فضفاضه جدا و هناك فحوصات كثيره للمناعه,103
ahd5k_00372,85574,graph_train,أمراض الغدد الصماء,Endocrine,في حد بقدر يساعدني أمي عملت فحص TAH وهاي نتيجته,التحليل طبيعي . إذا كانت تأخد تيروكسين عليها أن تستمر بنفس الجرعة . وإذا لم تكن تأخذ فالغدة طبيعية ولاتحتاج لشيء,في حد بقدر يساعدني امي عملت فحص tah وهاي نتيجته,التحليل طبيعي . اذا كانت تاخد تيروكسين عليها ان تستمر بنفس الجرعه . واذا لم تكن تاخذ فالغده طبيعيه ولاتحتاج لشيء,159
ahd5k_00391,722745,graph_train,جراحة القلب والشرايين,Cardiovascular surgery,والدي يعاني من انسداد في ٣ شرايين ومشكله في الصمام وتم إجراء عملية القلب المفتوح له بتبديل ٣ شرايين وتبديل الصمام بصمام حيواني وتمت بنجاح لكنه يعاني الان من ضعف...,ننصح بالإلتزام بإرشادات الطبيب المعالج,والدي يعاني من انسداد في 3 شرايين ومشكله في الصمام وتم اجراء عمليه القلب المفتوح له بتبديل 3 شرايين وتبديل الصمام بصمام حيواني وتمت بنجاح لكنه يعاني الان من ضعف.,ننصح بالالتزام بارشادات الطبيب المعالج,201
ahd5k_00436,590284,graph_train,أمراض القلب و الشرايين,Cardiovascular disease,ضغط والم وشعور بعدم الراحة في منتصف الصدر يزداد عند الاستلقاء على الظهر ويخف عند الجلوس واشعر بالالم عند اخذ نفس عميق لاوجود لالتهاب التامور او ارتداد معدي وقلبيا لايوجد...,لا بد من فحص طبي سريري لاستبعاد فتق في الحجاب الحاجز,ضغط والم وشعور بعدم الراحه في منتصف الصدر يزداد عند الاستلقاء علي الظهر ويخف عند الجلوس واشعر بالالم عند اخذ نفس عميق لاوجود لالتهاب التامور او ارتداد معدي وقلبيا لايوجد.,لا بد من فحص طبي سريري لاستبعاد فتق في الحجاب الحاجز,224
ahd5k_00438,441065,graph_train,صحة الطفل,Child health,طفل في الثالثة من العمر يعاني من الم في البطن مع تعرق بارد مع العلم انه اول مرة تحصل معه,أهلا بحضرتك ........ لابد من فحصه بواسطة أخصائي الأطفال ،،،،،،،،،،،،،،،،،،،،،،،،،،،,طفل في الثالثه من العمر يعاني من الم في البطن مع تعرق بارد مع العلم انه اول مره تحصل معه,"اهلا بحضرتك . لابد من فحصه بواسطه اخصايي الاطفال ,",171
ahd5k_00439,802304,graph_train,علم الأجنة,Embryology,ماهي التشوهات التي تسببها بريمولوت ن اثناء الحمل,اذا كنت حامل وما زلت تستعملين اقراص ال بريمولوت ن فيجب ايقافها ، فهناك دراسات اثبتتت انه يمكن ان تؤدي هذه الاقراص الى تشوهات في القلب والاوعيه الدمويه لدى الجنين ، كما انه يمكن ان تؤدي الى تشوهات في الانبوب العصبي والدماغ,ماهي التشوهات التي تسببها بريمولوت ن اثناء الحمل,"اذا كنت حامل وما زلت تستعملين اقراص ال بريمولوت ن فيجب ايقافها , فهناك دراسات اثبتتت انه يمكن ان تودي هذه الاقراص الي تشوهات في القلب والاوعيه الدمويه لدي الجنين , كما انه يمكن ان تودي الي تشوهات في الانبوب العصبي والدماغ",269
ahd5k_00480,528475,graph_train,أمراض باطنية,Esoteric,السلام عليكم.انا مصاب بفيروس س4 واخذتعﻻج بيغاسي ولم اشفى.جرى عندي التهاب بالمجاري البولية واخت دواء اموكسلين مع مسكن من نوعية البروفين فحصل عندي نزيف معوي وذهبتاسعاف الى المشف,"عليكم السلام يمكنك اخذ دواء من فصيلة ايزومبرازول مثل النيكسيام 40 مج لمدة شهر على الاقل و ايضا يجب عمل فحص PT, PTT, INR لفحص سيولة",السلام عليكم.انا مصاب بفيروس س4 واخذتعﻻج بيغاسي ولم اشفي.جري عندي التهاب بالمجاري البوليه واخت دواء اموكسلين مع مسكن من نوعيه البروفين فحصل عندي نزيف معوي وذهبتاسعاف الي المشف,"عليكم السلام يمكنك اخذ دواء من فصيله ايزومبرازول مثل النيكسيام 40 مج لمده شهر علي الاقل و ايضا يجب عمل فحص pt, ptt, inr لفحص سيوله",305
ahd5k_00481,799649,graph_train,تشخيص,Diagnosis,انا ام ادم عمري ٢٧ سنة متزوجة لي طفلان اعاني منذ سنة من اوجاع في الجهة الشمالية من جسمي اي يدي الشمالو رجلي الشمال و نصف راسي حتى نصف وجهي...,هذه الاعراض تدل على وجود اصابة حسية شقية في شق الجسم الايسر، التي يمكن تتظاهر بالم او خدران وغيره طبعا عليكي مراجعة اخصائي عصبية بدون تردد لاجراء الفحوصات والصور اللازمة ونفي وجود اصابة دماغية او خزل شقي,انا ام ادم عمري 27 سنه متزوجه لي طفلان اعاني منذ سنه من اوجاع في الجهه الشماليه من جسمي اي يدي الشمالو رجلي الشمال و نصف راسي حتي نصف وجهي.,"هذه الاعراض تدل علي وجود اصابه حسيه شقيه في شق الجسم الايسر, التي يمكن تتظاهر بالم او خدران وغيره طبعا عليكي مراجعه اخصايي عصبيه بدون تردد لاجراء الفحوصات والصور اللازمه ونفي وجود اصابه دماغيه او خزل شقي",344
ahd5k_00484,62516,graph_train,أمراض الأسنان,Dental,كان عندي ضرس متسوس في أعلى الفم و الدكتور عمل لي حشوة و عالج التسوس و لكن لاحظت اختفاء غمازة وجهي بعدها مُباشرةً ، ما السبب و هل مُمكن ترجع...,لاتوجد أي علاقة مرتبطة بين حشو الأسنان وغمازة الوجه، وجه المقاربة قد يكون فقط في حال تم تخدير المنطقة نفسها الي تقع بها الغمازة بمخدر قوي وكمية كبيرة، وان كانت هذه الحالة فعندها تزول خلال ٢٤-٤٨ ساعة.,"كان عندي ضرس متسوس في اعلي الفم و الدكتور عمل لي حشوه و عالج التسوس و لكن لاحظت اختفاء غمازه وجهي بعدها مباشره , ما السبب و هل ممكن ترجع.","لاتوجد اي علاقه مرتبطه بين حشو الاسنان وغمازه الوجه, وجه المقاربه قد يكون فقط في حال تم تخدير المنطقه نفسها الي تقع بها الغمازه بمخدر قوي وكميه كبيره, وان كانت هذه الحاله فعندها تزول خلال 24-48 ساعه.",341
ahd5k_00486,764818,graph_train,صحة المسنين,Elderly health,السلام عليكم ورحمه الله وبركاته اناعندي الوالده كبيره بالسن تعاني من الم بالكتف وبعدالاشعات اخبروهابانه شخونه في الكتف واعطوهامسكنات وادويه ولاكن لم تفيدمعهاالابتخفبف الالم واخبروها كم دكتوربانه لازم تاخذابره بالكتف...,لم تذكر عمر الوالدة بالضبط، ولكن بشكل عام ، يحدث عند الكبار تاكل في الغضاريف ويسبب هذا الألم نتيجة احتكاك العظم،،هذا لا يمكن استعادته. لذلك يكون العلاج لتخفيف الألم ، والتدليك بالأدوية يفيد في تخفيف الألم ولكنه يجب أن يستمر، كذلك يجب تناول بعض المأكولات التي خفف الألم مثل الزنجبيل وغيره، أو تناول بعض الأدوية المسكنة للألم اللاستيروئيدية ،ثل البروفين وغيره، ولكن الإبر تعطي مفعولاً لمدة أسبوعين أو أكثر، ولهذا يحبها الناس.,السلام عليكم ورحمه الله وبركاته اناعندي الوالده كبيره بالسن تعاني من الم بالكتف وبعدالاشعات اخبروهابانه شخونه في الكتف واعطوهامسكنات وادويه ولاكن لم تفيدمعهاالابتخفبف الالم واخبروها كم دكتوربانه لازم تاخذابره بالكتف.,"لم تذكر عمر الوالده بالضبط, ولكن بشكل عام , يحدث عند الكبار تاكل في الغضاريف ويسبب هذا الالم نتيجه احتكاك العظم,هذا لا يمكن استعادته. لذلك يكون العلاج لتخفيف الالم , والتدليك بالادويه يفيد في تخفيف الالم ولكنه يجب ان يستمر, كذلك يجب تناول بعض الماكولات التي خفف الالم مثل الزنجبيل وغيره, او تناول بعض الادويه المسكنه للالم اللاستيروييديه ,ثل البروفين وغيره, ولكن الابر تعطي مفعولا لمده اسبوعين او اكثر, ولهذا يحبها الناس.",641
ahd5k_00505,636735,graph_train,أمراض باطنية,Esoteric,السلام عليكم انا كان عندى ازيمات الكبد مرتفعه واتعالجت الحمد لله بس بعد كده بقى عندى الم فى منطقه فم المعده بعد اكل اى وجبة اريد علاج سريع وشكرا,- لا بد من تشخيص الحالة أولا إذا كنت تخاف من منظار المعدة فالبديل الجيد هو صورة بالباريوم للمري والمعدة. ثم أرسل لنا النتائج.,السلام عليكم انا كان عندي ازيمات الكبد مرتفعه واتعالجت الحمد لله بس بعد كده بقي عندي الم في منطقه فم المعده بعد اكل اي وجبه اريد علاج سريع وشكرا,- لا بد من تشخيص الحاله اولا اذا كنت تخاف من منظار المعده فالبديل الجيد هو صوره بالباريوم للمري والمعده. ثم ارسل لنا النتايج.,269
ahd5k_00507,783653,graph_train,تشخيص,Diagnosis,هل الأعراض التالية لها علاقة بالأسنان وهى صداع فى الرأس وشعور بحرارة فى الرأس وفى العين حيث أشعر بثقل فى الجفون وأشعر بألام فى الأذنين ولكن ليست هناك مشاكل فى...,من الافضل والاجدى اذا وجد ضرس غقل او اكثر مطمور ان تبادرى لازالتهم وذلك لدى طبيب اسنان متمرس او لدى طبيب جراح وجه وفكين خيث يندرج هذا التخصص من ضمن تخصصه,هل الاعراض التاليه لها علاقه بالاسنان وهي صداع في الراس وشعور بحراره في الراس وفي العين حيث اشعر بثقل في الجفون واشعر بالام في الاذنين ولكن ليست هناك مشاكل في.,من الافضل والاجدي اذا وجد ضرس غقل او اكثر مطمور ان تبادري لازالتهم وذلك لدي طبيب اسنان متمرس او لدي طبيب جراح وجه وفكين خيث يندرج هذا التخصص من ضمن تخصصه,314
ahd5k_00510,294513,graph_train,أرجية حساسية,Allergic allergy,هل تؤخر علاجات الحساسية والربو عملية الحمل ؟,سؤال جدا شيق ومهم . حقيقة من مضاعفات استعمال بعض انواع مضادات الهيستامين على المدى الطويل قد تؤثر على الخصوبة لدى الرجال عن طريق تقليل كمية انتاج الحيوانات المنوية . اما لدى النساء فإن لمضادات الهيستامين اثرا على تجفيف بعض سوائل الجسم ومن بينها مخاط عنق الرحم والذي يلعب دورا مهما في الابقاء على الحيوانات المنوية حية لمدة تصل الى ٣ ايام مما يزيد من فرص الحمل، وتجفيف ذلك المخاط سيقلل من بقاء تلك الحيوانات حية لتلك الفترة وبالتالي تقليل فرص الحمل . والله أعلم انصح ك بالتقليل او ايقاف تناول حبوب مضاد الهيستامين اذا كانت هي العائق الوحيد في تأخر الحمل لديكي حاليا ام امكن . بالتوفيق ان شاء الله,هل توخر علاجات الحساسيه والربو عمليه الحمل ?,"سوال جدا شيق ومهم . حقيقه من مضاعفات استعمال بعض انواع مضادات الهيستامين علي المدي الطويل قد توثر علي الخصوبه لدي الرجال عن طريق تقليل كميه انتاج الحيوانات المنويه . اما لدي النساء فان لمضادات الهيستامين اثرا علي تجفيف بعض سوايل الجسم ومن بينها مخاط عنق الرحم والذي يلعب دورا مهما في الابقاء علي الحيوانات المنويه حيه لمده تصل الي 3 ايام مما يزيد من فرص الحمل, وتجفيف ذلك المخاط سيقلل من بقاء تلك الحيوانات حيه لتلك الفتره وبالتالي تقليل فرص الحمل . والله اعلم انصح ك بالتقليل او ايقاف تناول حبوب مضاد الهيستامين اذا كانت هي العايق الوحيد في تاخر الحمل لديكي حاليا ام امكن . بالتوفيق ان شاء الله",639
ahd5k_00515,579241,graph_train,أمراض القلب و الشرايين,Cardiovascular disease,متى وكيف يكون التعرق مؤشر او علامة بالإصابة بمرض في القلب؟,ان صاحبه الم صدر او كان بدون سبب,متي وكيف يكون التعرق موشر او علامه بالاصابه بمرض في القلب?,ان صاحبه الم صدر او كان بدون سبب,90
ahd5k_00530,543649,graph_train,أمراض باطنية,Esoteric,انا سويت عملية بواسير لي الان ١٦ يوم من اول يوم البول عندي صعب وغير مريح حتى اليوم.. لكن بالاضفه الى وجود الالم البسيط بالمثانه والخصيتان.. هل هو الم طبيعي؟؟؟,استمرار الألم والمعاناة لمدة 16 يوما يبدو أنه غير عادي، لذا عليك مراجعة الجراح الذى أجرى لك العملية.,انا سويت عمليه بواسير لي الان 16 يوم من اول يوم البول عندي صعب وغير مريح حتي اليوم. لكن بالاضفه الي وجود الالم البسيط بالمثانه والخصيتان. هل هو الم طبيعي?,"استمرار الالم والمعاناه لمده 16 يوما يبدو انه غير عادي, لذا عليك مراجعه الجراح الذي اجري لك العمليه.",258
ahd5k_00543,651333,graph_train,أمراض الدم,Blood,اختي عملت تحاليل ماقبل الزواج وهي وخطيبها طلعوا حاملين انيميا منجليه وش الحل؟,الزواج سيؤدى إلى وجود اوﻻد يعانون من المرض وتحطم كرات الدم باستمرار معاناة,اختي عملت تحاليل ماقبل الزواج وهي وخطيبها طلعوا حاملين انيميا منجليه وش الحل?,الزواج سيودي الي وجود اوﻻد يعانون من المرض وتحطم كرات الدم باستمرار معاناه,151
ahd5k_00555,370571,graph_train,أرجية حساسية,Allergic allergy,اعاني من حساسية في فصل ربيع والاعراض الحساسية قوية اي انني لا استطيغ التنفس بسهولة مع حالة عطاس قوي بالاضافة الى السيلان الانف بشكل كبير هل يوجد علاج لحالتي؟,ابدا مضاد هيستامين مره الى مرتين باليوم الى ان تذهب للطبيب,اعاني من حساسيه في فصل ربيع والاعراض الحساسيه قويه اي انني لا استطيغ التنفس بسهوله مع حاله عطاس قوي بالاضافه الي السيلان الانف بشكل كبير هل يوجد علاج لحالتي?,ابدا مضاد هيستامين مره الي مرتين باليوم الي ان تذهب للطبيب,215
ahd5k_00568,711814,graph_train,صحة الطفل,Child health,ما هي الحالات التي يصاب بها طفل حديث الولاده بالزراق مع العلم ان الفحوصات جميعها سليمه,"هناك بعض الحالات المرضية مثل امراض القلب والشرايين , او امراض الجهاو التنفسي التي قد تؤدي الة ضيق النفس ونقص الاكسجين وبالتالي الزراق و بعض الحالات التي قد تؤدي للزراق مثل كثرة الملابس التي يرتديها الطفل او بسبب شدة برودة الطقس او برودة الماء عند الاستحمام .",ما هي الحالات التي يصاب بها طفل حديث الولاده بالزراق مع العلم ان الفحوصات جميعها سليمه,"هناك بعض الحالات المرضيه مثل امراض القلب والشرايين , او امراض الجهاو التنفسي التي قد تودي اله ضيق النفس ونقص الاكسجين وبالتالي الزراق و بعض الحالات التي قد تودي للزراق مثل كثره الملابس التي يرتديها الطفل او بسبب شده بروده الطقس او بروده الماء عند الاستحمام .",344
ahd5k_00594,735577,graph_train,أمراض الدم,Blood,السلام عليكم دكتور انا عندي فقر دم اي هي اغدية المفيدة الي؟,يحدث فقر الدم عندما لا يحتوي جسمك على ما يكفي من خلايا الدم الحمراء نتيجة فقدان الدم أو عدم القدرة على تكوين خلايا دم حمراء كافية. ويوجد العديد من أنوع فقر الدم منها الذي يكون بسبب نقص الحديد أو حمض الفوليك أو فيتامين ب-12 وغيرها. ويمكن اتباع نظام غذائي غني بالعناصر اللازمة لتعويض النقص من خلال: الورقيات الخضراء: السبانخ/ الكرنب/ الهندباء/ الخبيزة. اللحوم والدواجن. كبدة الخروف. المأكولات البحرية: السردين/ التونا/ السلمون. عصير البرتقال المحصن. الحبوب المدعمة. بعض الحبوب: الفاصولياء/ الحمص/ فول الصويا/ البازلاء. بذور اليقطين/ الكاجو/ الفستق/ الصنوبر/ الجوز/ بذور عباد الشمس. تجنب تناول الأطعمة الغنية بالحديد مع الأطعمة أو المشروبات التي تمنع امتصاص الحديد مثل: القهوة أو الشاي /البيض/ الأطعمة الغنية بالكالسيوم مثل الحليب و الأجبان والبروكلي واللبن. تناول الأطعمة الغنية بالحديد مع الأطعمة الغنية بفيتامين ج (C) مثل: البرتقال /الطماطم /الفراولة لتحسين الامتصاص. تناول الأطعمة الغنية بالحديد مع الأطعمة التي تحتوي على بيتا كاروتين مثل المشمش والفلفل الأحمر والبنجر لتحسين الامتصاص. ومن الجدير بالذكر أن النظام الغذائي قد يمنع عملية ازدياد فقر الدم سوءاً وقد يعوض بعض النقص ولكن يجب أن يتم اتباع علاج دوائي معين حسب نوع فقر الدم الذي تعاني منه تحت إشراف الطبيب المختص. للمزيد: أهم عشرة أغذية لفقر الدم ابر الحديد اعراض فقر الدم فقر الدم وعلاجه المرجع: Best Diet Plan for Anemia,السلام عليكم دكتور انا عندي فقر دم اي هي اغديه المفيده الي?,يحدث فقر الدم عندما لا يحتوي جسمك علي ما يكفي من خلايا الدم الحمراء نتيجه فقدان الدم او عدم القدره علي تكوين خلايا دم حمراء كافيه. ويوجد العديد من انوع فقر الدم منها الذي يكون بسبب نقص الحديد او حمض الفوليك او فيتامين ب-12 وغيرها. ويمكن اتباع نظام غذايي غني بالعناصر اللازمه لتعويض النقص من خلال: الورقيات الخضراء: السبانخ/ الكرنب/ الهندباء/ الخبيزه. اللحوم والدواجن. كبده الخروف. الماكولات البحريه: السردين/ التونا/ السلمون. عصير البرتقال المحصن. الحبوب المدعمه. بعض الحبوب: الفاصولياء/ الحمص/ فول الصويا/ البازلاء. بذور اليقطين/ الكاجو/ الفستق/ الصنوبر/ الجوز/ بذور عباد الشمس. تجنب تناول الاطعمه الغنيه بالحديد مع الاطعمه او المشروبات التي تمنع امتصاص الحديد مثل: القهوه او الشاي /البيض/ الاطعمه الغنيه بالكالسيوم مثل الحليب و الاجبان والبروكلي واللبن. تناول الاطعمه الغنيه بالحديد مع الاطعمه الغنيه بفيتامين ج (c) مثل: البرتقال /الطماطم /الفراوله لتحسين الامتصاص. تناول الاطعمه الغنيه بالحديد مع الاطعمه التي تحتوي علي بيتا كاروتين مثل المشمش والفلفل الاحمر والبنجر لتحسين الامتصاص. ومن الجدير بالذكر ان النظام الغذايي قد يمنع عمليه ازدياد فقر الدم سوءا وقد يعوض بعض النقص ولكن يجب ان يتم اتباع علاج دوايي معين حسب نوع فقر الدم الذي تعاني منه تحت اشراف الطبيب المختص. للمزيد: اهم عشره اغذيه لفقر الدم ابر الحديد اعراض فقر الدم فقر الدم وعلاجه المرجع: best diet plan for anemia,1340
ahd5k_00597,690510,graph_train,أمراض الدم,Blood,السلام عليكم ورحمة الله وبركاته اريد ان اسأل بخصوص الزواج من رجل حامل لفايروس الكبد من النوع بي وانا فتاه سليمه هل هناك ضرر من ذلك هل الجرعات الثلاثه كافيه...,بوجود اللقاح تستطيعين الإطمئنان لن ينتقل اذا اتبعنا التعليمات الصحيحة سيتحجم الفيروس بالعلاج ويفقد نشاطه تابعي مع استشاري كبد,السلام عليكم ورحمه الله وبركاته اريد ان اسال بخصوص الزواج من رجل حامل لفايروس الكبد من النوع بي وانا فتاه سليمه هل هناك ضرر من ذلك هل الجرعات الثلاثه كافيه.,بوجود اللقاح تستطيعين الاطمينان لن ينتقل اذا اتبعنا التعليمات الصحيحه سيتحجم الفيروس بالعلاج ويفقد نشاطه تابعي مع استشاري كبد,283
ahd5k_00604,787407,graph_train,علم الأجنة,Embryology,زوجتي حامل في نهاية شهرها السابع وتبين من صور الأشعة السينية أن الجنين يعاني من متلازمة Chiari من الدرجة الثانية، : هل من الممكن الحصول على قائمة بأسماء مراكز طبية...,نعم هنالك عدد من اختصاصي جراحة الاكفاء في عمان الرجاء الاتصال بنا لدى حضوركم وسوف نقوم بالاتمام شخصيا لانتقاء افضل اطباء جراحي الاطفال لاجراء العمليه. د.سليمان ضبيط مدير وحدة الاخصاب والوراثة +962-6-4647217 +962-6-4644281 +692-79-5544688,"زوجتي حامل في نهايه شهرها السابع وتبين من صور الاشعه السينيه ان الجنين يعاني من متلازمه chiari من الدرجه الثانيه, : هل من الممكن الحصول علي قايمه باسماء مراكز طبيه.",نعم هنالك عدد من اختصاصي جراحه الاكفاء في عمان الرجاء الاتصال بنا لدي حضوركم وسوف نقوم بالاتمام شخصيا لانتقاء افضل اطباء جراحي الاطفال لاجراء العمليه. د.سليمان ضبيط مدير وحده الاخصاب والوراثه +962-6-4647217 +962-6-4644281 +692-79-5544688,403
ahd5k_00614,768114,graph_train,الطب البديل,Alternative medicine,هل عشبة الزعرور تتعارض مع مميعات الدم كالأسبرين وتؤدي لنتيجة سلبية ؟ وهل تناول الشخص السليم للعشبة لا يؤثر ؟,وجد ان هذه العشبة تزيد من سيولة الدم في المرضى الذين يأخذون الاسبرين او البلافكس او الورفارين وهم الغالبية العظمى من مرضى القلب وبالتالي تزيد من سيولة الدم ، وكذلك تزيد من احتمالية تسمم الجسم بدواء ( DIGOXIN ) وذلك عند تفاعله مع هذه العشبة تزداد معدلاته في الدم بصورة عالية مما يسبب هبوط الدورة الدموية وتباطؤ نبضات القلب.,هل عشبه الزعرور تتعارض مع مميعات الدم كالاسبرين وتودي لنتيجه سلبيه ? وهل تناول الشخص السليم للعشبه لا يوثر ?,"وجد ان هذه العشبه تزيد من سيوله الدم في المرضي الذين ياخذون الاسبرين او البلافكس او الورفارين وهم الغالبيه العظمي من مرضي القلب وبالتالي تزيد من سيوله الدم , وكذلك تزيد من احتماليه تسمم الجسم بدواء ( digoxin ) وذلك عند تفاعله مع هذه العشبه تزداد معدلاته في الدم بصوره عاليه مما يسبب هبوط الدوره الدمويه وتباطو نبضات القلب.",430
ahd5k_00615,802782,graph_train,علم الأجنة,Embryology,حلمة ثديي الايمن لا يوجد بها فتحة اي انها ملساء تماما فما هو الحل لذلك؟,"يجب مراجعه اخصائي جراحه صدريه لفحص صدرك للتاكيد على فحصك، فاذا كنت فقط تعانين من وجود حلمه مسطحه فلا ضرر لها ،الا بعض الصعوبه عند الرضاعه ويمكن تصحيح هذا الشكل من الحلمات بعدة طرق ١.عمل بعض التمرينات لشد الحلمات إلى الخارج، وهي عبارة عن تمرينات تدليك لما حول منطقة الحلمة للمساعدة على بروزها، وقد تكون نتائجها ضعيفة جدا ٢. يمكن استخدام جهاز يسمى \""breast slell\"" دائري من البلاستيك يثبت على الثدي، ويوضع عادة تحت حمالات الثدي فيعمل على ترطيب المنطقة المحيطة بالحلمة ليساعدها على البروز, ويستخدم هذا الجهاز بانتظام 4 مرات في اليوم ولعدد من الساعات حسب إرشاد الطبيب، وقد يعطي نتائج جيدة. ٣. وكذلك هناك وسائل جراحية لإبراز الحلمة المقلوبة ونتائجها مضمونة في إظهار شكل الحلمة طبيعي، غير أنها لن تفيد في حل المشكلة الأكثر أهمية وهي قدرة الطفل على الرضاعة؛ نظرا لأن هذه الجراحة تؤثر على القنوات اللبنية في الثدي.",حلمه ثديي الايمن لا يوجد بها فتحه اي انها ملساء تماما فما هو الحل لذلك?,"يجب مراجعه اخصايي جراحه صدريه لفحص صدرك للتاكيد علي فحصك, فاذا كنت فقط تعانين من وجود حلمه مسطحه فلا ضرر لها ,الا بعض الصعوبه عند الرضاعه ويمكن تصحيح هذا الشكل من الحلمات بعده طرق 1.عمل بعض التمرينات لشد الحلمات الي الخارج, وهي عباره عن تمرينات تدليك لما حول منطقه الحلمه للمساعده علي بروزها, وقد تكون نتايجها ضعيفه جدا 2. يمكن استخدام جهاز يسمي \""breast slell\"" دايري من البلاستيك يثبت علي الثدي, ويوضع عاده تحت حمالات الثدي فيعمل علي ترطيب المنطقه المحيطه بالحلمه ليساعدها علي البروز, ويستخدم هذا الجهاز بانتظام 4 مرات في اليوم ولعدد من الساعات حسب ارشاد الطبيب, وقد يعطي نتايج جيده. 3. وكذلك هناك وسايل جراحيه لابراز الحلمه المقلوبه ونتايجها مضمونه في اظهار شكل الحلمه طبيعي, غير انها لن تفيد في حل المشكله الاكثر اهميه وهي قدره الطفل علي الرضاعه; نظرا لان هذه الجراحه توثر علي القنوات اللبنيه في الثدي.",877
ahd5k_00625,639070,graph_train,أمراض الأسنان,Dental,معي علاج cephadar forte وعندي الام في الاسنان.. تنصحني اخذ منه,ممكن تأخذ منه ولكن انت بحاجة إلى مسكن الم أيضا مثل Brufen,معي علاج cephadar forte وعندي الام في الاسنان. تنصحني اخذ منه,ممكن تاخذ منه ولكن انت بحاجه الي مسكن الم ايضا مثل brufen,119
ahd5k_00632,53158,graph_train,أمراض الغدد الصماء,Endocrine,السلام عليكم عملة تحاليل في مختبر للغدة الدرقية ولم اجد الطبيب اريد معرفة النتيجه ولكم جزيل الشكر,يوجد كسل أولى بالغده الدرقيه ونحتاج للعلاج يجب زياره طبيب الغدد للفحص السريرى والاحتياج لاكمال باقى الفحوصات المعمليه وموجات صوتيه على الغده الدرقيه,السلام عليكم عمله تحاليل في مختبر للغده الدرقيه ولم اجد الطبيب اريد معرفه النتيجه ولكم جزيل الشكر,يوجد كسل اولي بالغده الدرقيه ونحتاج للعلاج يجب زياره طبيب الغدد للفحص السريري والاحتياج لاكمال باقي الفحوصات المعمليه وموجات صوتيه علي الغده الدرقيه,245
ahd5k_00639,792334,graph_train,كيمياء حيوية,Biochemistry,ما علاقة خطورة الالتماس الكهربائي بالبروتين الموجود في الجسم,ان المس الكهربائي كما شرحت سابقا له اضرار عديدة ومنها الموت الغير مباشر بالاضافة الى ان بوتيينات الجسم تفقد اشكالها وتركيبتها الطبيعية ايضا,ما علاقه خطوره الالتماس الكهربايي بالبروتين الموجود في الجسم,ان المس الكهربايي كما شرحت سابقا له اضرار عديده ومنها الموت الغير مباشر بالاضافه الي ان بوتيينات الجسم تفقد اشكالها وتركيبتها الطبيعيه ايضا,199
ahd5k_00643,774568,graph_train,تشوهات خلقية,Birth Defect,مرحبا دكتور انا في عندي مشكله في جسمي انو حوضي كبير اكبر من الاكتاف واردافي والافخاذ كبيره انا اعرف جسمي مثل جسم النساء وهذا شيئ يحرجني بدي حل لهذه المشكله,هذا الشيء وراثي، عليك مراجعة اختصاصي غدد صماء لعمل فحص للهرمونات، وتقييم الحالة وإمكانية علاجها. او موضوع سعة وكبر الحوض تكوين خلقي مرتبط بالتئام العظام بعضها ببعض وتاثير الهرمونات، بينما تعتبر سمنة الأرداف والسيقان من المشاكل الرئيسية التي تؤرق النساء الشرقيات. واسبابها لها ارتباط بالوراثة ، وبالهرمونات حيث وجد أن بعض الهرمونات تتركز في الأفخاذ والأرداف عند النساء . وكذلك الحمل حيث يعمل على اضعاف العضلات وترهلها مما يسبب تراكم الدهون فيها . ويرى معظم الباحثين أن أفضل طريقة للتخلص من سمنة الأرداف هي تناول الفجل الأبيض الذي أثبتت الدراسات أنه يذيب الدهون عامة وفي منطقة الأرداف والفخذين ،ويفضل تناول الخضروات الخضراء مع الفجل الأبيض وكذلك شرب الشاي الأخضر فهو يذيب الدهون في الجسم ويخفض الكوليستيرول الضار وعمل التمارين الرياضية واظهرت الدراسات ان الفجل الابيض يساعد على اذابة الدهون الزائدة، والتخلص من الوزن الاضافي، وخصوصا في المناطق القابلة للسمنة، مثل الارداف والاوراك والبطن عند المراة. ان الانتظام على تناول الخضراوات الورقية يعتبر وسيلة فعالة لانقاص الوزن الزائد، وتزويد الجسم بما يحتاجه من فيتامينات ومعادن وعناصر غذائية مفيدة، ولا تقل كمية الخضراوات الورقية عن 25 الى 35% من اجمالي كمية الوجبات الغذائية، سواء كانت تؤكل طازجة او مسلوقة او مطبوخة، على ان يمثل الفجل الابيض جزءا من هذه النسبة، لما له من تاثير فعال في التخلص من الدهون، وخاصة منطقة الارداف .وللعلم فان هذه السمنة في الأرداف تحمي المرأة من هشاشة العظامالتئام العظام مع بعضها البعض خلطة تصغير الانف و الصدر و المؤخرة(الأرداف) قهوه مع ملعقتين خل تفاح مع ليمونه كامله معصوره ( ماءها فقط ) قومي بخلطه بملعقه واحرصي ان تكون القهوه ناشفه وبللي جسمكي بماء ساخن وابدئي بالتدليك من اول مره ستحصلين على نتيجة ممتازة - 1 - عمل التمارين 6 ايام بالاسبوع 2 - اليوم السابع راحه 3 - مدة التمارين شهر ( اربع اسابيع ) 4 - الاسبوع الاول تنفيذ كل تمرين 10 مرات 5- الاسبوع الثاني تنفيذ كل تمرين 20 مره 6- الاسبوع الثالث تنفيذ كل تمرين 30 مره 7- الاسبوع الرابع تنفيذ كل تمرين 40 مره10 -,مرحبا دكتور انا في عندي مشكله في جسمي انو حوضي كبير اكبر من الاكتاف واردافي والافخاذ كبيره انا اعرف جسمي مثل جسم النساء وهذا شيي يحرجني بدي حل لهذه المشكله,"هذا الشيء وراثي, عليك مراجعه اختصاصي غدد صماء لعمل فحص للهرمونات, وتقييم الحاله وامكانيه علاجها. او موضوع سعه وكبر الحوض تكوين خلقي مرتبط بالتيام العظام بعضها ببعض وتاثير الهرمونات, بينما تعتبر سمنه الارداف والسيقان من المشاكل الرييسيه التي تورق النساء الشرقيات. واسبابها لها ارتباط بالوراثه , وبالهرمونات حيث وجد ان بعض الهرمونات تتركز في الافخاذ والارداف عند النساء . وكذلك الحمل حيث يعمل علي اضعاف العضلات وترهلها مما يسبب تراكم الدهون فيها . ويري معظم الباحثين ان افضل طريقه للتخلص من سمنه الارداف هي تناول الفجل الابيض الذي اثبتت الدراسات انه يذيب الدهون عامه وفي منطقه الارداف والفخذين ,ويفضل تناول الخضروات الخضراء مع الفجل الابيض وكذلك شرب الشاي الاخضر فهو يذيب الدهون في الجسم ويخفض الكوليستيرول الضار وعمل التمارين الرياضيه واظهرت الدراسات ان الفجل الابيض يساعد علي اذابه الدهون الزايده, والتخلص من الوزن الاضافي, وخصوصا في المناطق القابله للسمنه, مثل الارداف والاوراك والبطن عند المراه. ان الانتظام علي تناول الخضراوات الورقيه يعتبر وسيله فعاله لانقاص الوزن الزايد, وتزويد الجسم بما يحتاجه من فيتامينات ومعادن وعناصر غذاييه مفيده, ولا تقل كميه الخضراوات الورقيه عن 25 الي 35% من اجمالي كميه الوجبات الغذاييه, سواء كانت توكل طازجه او مسلوقه او مطبوخه, علي ان يمثل الفجل الابيض جزءا من هذه النسبه, لما له من تاثير فعال في التخلص من الدهون, وخاصه منطقه الارداف .وللعلم فان هذه السمنه في الارداف تحمي المراه من هشاشه العظامالتيام العظام مع بعضها البعض خلطه تصغير الانف و الصدر و الموخره(الارداف) قهوه مع ملعقتين خل تفاح مع ليمونه كامله معصوره ( ماءها فقط ) قومي بخلطه بملعقه واحرصي ان تكون القهوه ناشفه وبللي جسمكي بماء ساخن وابديي بالتدليك من اول مره ستحصلين علي نتيجه ممتازه - 1 - عمل التمارين 6 ايام بالاسبوع 2 - اليوم السابع راحه 3 - مده التمارين شهر ( اربع اسابيع ) 4 - الاسبوع الاول تنفيذ كل تمرين 10 مرات 5- الاسبوع الثاني تنفيذ كل تمرين 20 مره 6- الاسبوع الثالث تنفيذ كل تمرين 30 مره 7- الاسبوع الرابع تنفيذ كل تمرين 40 مره10 -",1997
ahd5k_00647,774376,graph_train,تشوهات خلقية,Birth Defect,يا دكتور انا شاب اعاني من تضخم في الارداف والا فخاذ اريد حل لهذه المشكله لأنها تسبب احراج انا شاب,هذا فالغالب شيء وراثي يعتمد على الجينات، يستحسن زيارة اختصاصي الأمراض الوراثية وبحث الموضوع معه.,يا دكتور انا شاب اعاني من تضخم في الارداف والا فخاذ اريد حل لهذه المشكله لانها تسبب احراج انا شاب,"هذا فالغالب شيء وراثي يعتمد علي الجينات, يستحسن زياره اختصاصي الامراض الوراثيه وبحث الموضوع معه.",193
ahd5k_00655,521119,graph_train,أمراض الدم,Blood,انا مريضه بالسكر واستخدم فيرومن كبريتات الحديد لان عندي فقر دم مع فيتامين ب وبعد استخدامهم لاحظت ظهور حبوب في ظهري هل لها علاقه في ذلك ؟,من التاثيرات الجانبية لدواء فيرومين كبريتات الحديد ظهور مثل هذه الحبوب غيري العلاج,انا مريضه بالسكر واستخدم فيرومن كبريتات الحديد لان عندي فقر دم مع فيتامين ب وبعد استخدامهم لاحظت ظهور حبوب في ظهري هل لها علاقه في ذلك ?,من التاثيرات الجانبيه لدواء فيرومين كبريتات الحديد ظهور مثل هذه الحبوب غيري العلاج,218
ahd5k_00656,32696,graph_train,أمراض القلب و الشرايين,Cardiovascular disease,العمر 47.. لأول مرة تعاني من الم في الصدر ويمتد للظهر، معها ضغط وبتاخدله دوا والوضع مستقر، من سنتين عملت قسطرة تشخيصية للقلب وفحوصات دم و ECO وكان كله طبيعي.....,إذا كانت الفحوصات القلبية طبيعية فقد يكون السبب من العمود الفقري الرقبي أو الظهري,"العمر 47. لاول مره تعاني من الم في الصدر ويمتد للظهر, معها ضغط وبتاخدله دوا والوضع مستقر, من سنتين عملت قسطره تشخيصيه للقلب وفحوصات دم و eco وكان كله طبيعي.",اذا كانت الفحوصات القلبيه طبيعيه فقد يكون السبب من العمود الفقري الرقبي او الظهري,242
ahd5k_00666,808135,graph_train,أمراض الأسنان,Dental,انا عندي مشكله عندما انتهي من التبول يخرج في اخر البول دم؟,خروج الدم يعني وجود جرح في المثانة أو الإحليل. ويمكن آن يكون هذا ناتجاً عن وجود جرح ينزل منه الدم، حصوة في المثانة أو الإحليل؟ يمكمنك تصوير الجهاز البولي بصورة ملونر أي في بي لتحديد السبب والمكان، وبعدها يتحدد العلاج؟سلامتك,انا عندي مشكله عندما انتهي من التبول يخرج في اخر البول دم?,"خروج الدم يعني وجود جرح في المثانه او الاحليل. ويمكن ان يكون هذا ناتجا عن وجود جرح ينزل منه الدم, حصوه في المثانه او الاحليل? يمكمنك تصوير الجهاز البولي بصوره ملونر اي في بي لتحديد السبب والمكان, وبعدها يتحدد العلاج?سلامتك",281
ahd5k_00671,496778,graph_train,أمراض القلب و الشرايين,Cardiovascular disease,السلام عليكم دكتور انا شاب عنري ٢٨ سنه - سويت اليوم فحص لضغط الدم طلع عندي الانبساطي٨٤ الانقباضي ١٦٢ مع العلم انه ودواني بعض القلق اثناء الفحص؟,ننصح بإعادة الفحص من قبل طبيب للتأكد من مستواه مرة ثانية وإن كان مرتفع اسكمال الفحص الطبي لتحديد درجته وسببه ان أمكن,السلام عليكم دكتور انا شاب عنري 28 سنه - سويت اليوم فحص لضغط الدم طلع عندي الانبساطي84 الانقباضي 162 مع العلم انه ودواني بعض القلق اثناء الفحص?,ننصح باعاده الفحص من قبل طبيب للتاكد من مستواه مره ثانيه وان كان مرتفع اسكمال الفحص الطبي لتحديد درجته وسببه ان امكن,259
ahd5k_00673,805608,graph_train,علم التشريح,Anatomy,هل من علاج لحالتي فأنا أشعر بآلام قوية في مفصل الركبة الأيسر أثناء المشي و الوقوف علماً بأنني مصاب بعواقب شلل الأطفال الطرف السفلي الأيمن و عندي جنف شديد تناولت...,يبدوا من وصفك انكة مصاب بالتهاب مفصل الركبه والذي هو احد انواع التهابات المفاصل والذي يسمى بالعاميه سوفان مفصل الركبه والذي سببه تغيرات انحطاطيه تشمل كل من الغضروف وما تحتهخ وكذلك تكوين تكلسات طرفيه وتورم الانسجه ما حول المفصل مع تغيرات في محاور الحركه تسبب الاما شديده مع تحدد في الحركه ان مادة كلوكوز امين كوندروتين بطيئة المفعول وخصوصا كلما ازداد العمر وهي لوحدها لاتؤ دي الغرض حيث اتن التمالرين الرياضيه والعلاج الطبيعي - الادويه مضادة الالتهاب والغير الكورتيزونيه - تكييف الحركه ومفردات الحياة وبحسب العمر والفعاليات ونوعية العمل هي الحل الامثل,هل من علاج لحالتي فانا اشعر بالام قويه في مفصل الركبه الايسر اثناء المشي و الوقوف علما بانني مصاب بعواقب شلل الاطفال الطرف السفلي الايمن و عندي جنف شديد تناولت.,يبدوا من وصفك انكه مصاب بالتهاب مفصل الركبه والذي هو احد انواع التهابات المفاصل والذي يسمي بالعاميه سوفان مفصل الركبه والذي سببه تغيرات انحطاطيه تشمل كل من الغضروف وما تحتهخ وكذلك تكوين تكلسات طرفيه وتورم الانسجه ما حول المفصل مع تغيرات في محاور الحركه تسبب الاما شديده مع تحدد في الحركه ان ماده كلوكوز امين كوندروتين بطييه المفعول وخصوصا كلما ازداد العمر وهي لوحدها لاتو دي الغرض حيث اتن التمالرين الرياضيه والعلاج الطبيعي - الادويه مضاده الالتهاب والغير الكورتيزونيه - تكييف الحركه ومفردات الحياه وبحسب العمر والفعاليات ونوعيه العمل هي الحل الامثل,712
ahd5k_00679,801984,graph_train,كيمياء حيوية,Biochemistry,بمعلوية زمن البروثرومبين كيف يمكن حساب تركيز البروثرومبين؟,إن زمن البروثرومبين وتركيز البروثرومبين في الدم يتم قياسه من خلال تحليل الدم. إن زمن التخثر هو مقياس للتسلسل التخثري للدم ويتكون من مجموعة من العوامل منها العامل 7، 2(البروثرومبين)، 5، 10، والفيبرينوجين. ويتم إجراء الاختبار عن طريق إضافة الكالسيوم والثرومبوبلاستين، وهو منشط لمسار التخثر، إلى عينة الدم ثم قياس الوقت (بالثواني) اللازم لتكوين الجلطة. وللحصول على نتيجة صحيحة يحب أخذ عينة الدم بالشكل الصحيح عن طريق ملء عينة الدم بالكامل (5 مل)، لأن الأنبوب المملوء بشكل غير كامل قد يؤدي إلى فترة تخثر طويلة بشكل خاطئ مع ضرورة إجراء التحليل خلال ساعتين في حال بقاء العينة في درجة حرارة الغرفة أو خلال 4 ساعات في حال الاحتفاظ بالعينة في الثلاجة. للمزيد: إرشادات غذائية للمرضى الذين يستخدمون مميعات الدم الفيتامينات ومرافقات الأنزيمات VITAMINS AND COENZYMES المرجع: Prothrombin Time,بمعلويه زمن البروثرومبين كيف يمكن حساب تركيز البروثرومبين?,"ان زمن البروثرومبين وتركيز البروثرومبين في الدم يتم قياسه من خلال تحليل الدم. ان زمن التخثر هو مقياس للتسلسل التخثري للدم ويتكون من مجموعه من العوامل منها العامل 7, 2(البروثرومبين), 5, 10, والفيبرينوجين. ويتم اجراء الاختبار عن طريق اضافه الكالسيوم والثرومبوبلاستين, وهو منشط لمسار التخثر, الي عينه الدم ثم قياس الوقت (بالثواني) اللازم لتكوين الجلطه. وللحصول علي نتيجه صحيحه يحب اخذ عينه الدم بالشكل الصحيح عن طريق ملء عينه الدم بالكامل (5 مل), لان الانبوب المملوء بشكل غير كامل قد يودي الي فتره تخثر طويله بشكل خاطي مع ضروره اجراء التحليل خلال ساعتين في حال بقاء العينه في درجه حراره الغرفه او خلال 4 ساعات في حال الاحتفاظ بالعينه في الثلاجه. للمزيد: ارشادات غذاييه للمرضي الذين يستخدمون مميعات الدم الفيتامينات ومرافقات الانزيمات vitamins and coenzymes المرجع: prothrombin time",836
ahd5k_00681,707491,graph_train,صحة الطفل,Child health,ابنتي تبلغ من العمر تسعه اشهر ووزنها 6ونص كيلو ومره ضعيفه تاكل الاكل بس شي بسيط لو زاد شويه تستفرغ ماترضي تشرب الحليب الصناعي وترضع من صدري بس مافي كثير...,اذا كان السبب فقر الدم فيجب علاج السبب خاصة في مثل هذا العمر,ابنتي تبلغ من العمر تسعه اشهر ووزنها 6ونص كيلو ومره ضعيفه تاكل الاكل بس شي بسيط لو زاد شويه تستفرغ ماترضي تشرب الحليب الصناعي وترضع من صدري بس مافي كثير.,اذا كان السبب فقر الدم فيجب علاج السبب خاصه في مثل هذا العمر,215
ahd5k_00683,31634,graph_train,أمراض القلب و الشرايين,Cardiovascular disease,مرحبا اعاني منذ فتره من نبضات قلي قويه واصبحت اشعر بها في جميع اجزاء جسمي خصوصا قبل النوم وضيق تنفس وسرعة التعب وقلق علما اني تعرضت لموقف قلق وتوتر ووخزات...,أتمنى لك السلامة، وأود الإشارة إلى ضرورة مراجعة الطبيب لتحديد الأسباب المحتملة ووصف العلاج المناسب فلا يجب إهمال هذه الأعراض، وبشكل عام قد يكون ذلك ناجم عن العديد من الأسباب، ومنها الآتي: القلق أو التوتر. ممارسة الرياضة أو النشاط البدني. الجفاف. ارتفاع درجة حرارة الجسم. الحساسية. اضطرابات الغدة الدرقية. أمراض القلب. اضطرابات الجهاز التنفسي. الاضطرابات العصبية. للمزيد: ما هي اسباب زيادة ضربات القلب المفاجئ؟ ما هي أهم طرق علاج ضربات القلب السريعة في المنزل؟,مرحبا اعاني منذ فتره من نبضات قلي قويه واصبحت اشعر بها في جميع اجزاء جسمي خصوصا قبل النوم وضيق تنفس وسرعه التعب وقلق علما اني تعرضت لموقف قلق وتوتر ووخزات.,"اتمني لك السلامه, واود الاشاره الي ضروره مراجعه الطبيب لتحديد الاسباب المحتمله ووصف العلاج المناسب فلا يجب اهمال هذه الاعراض, وبشكل عام قد يكون ذلك ناجم عن العديد من الاسباب, ومنها الاتي: القلق او التوتر. ممارسه الرياضه او النشاط البدني. الجفاف. ارتفاع درجه حراره الجسم. الحساسيه. اضطرابات الغده الدرقيه. امراض القلب. اضطرابات الجهاز التنفسي. الاضطرابات العصبيه. للمزيد: ما هي اسباب زياده ضربات القلب المفاجي? ما هي اهم طرق علاج ضربات القلب السريعه في المنزل?",616
ahd5k_00691,706523,graph_train,أمراض القلب و الشرايين,Cardiovascular disease,نبضات القلب بطيئة فما العلاج,هذا يعتمد على حدة ونوع البطئ وعلى السبب,نبضات القلب بطييه فما العلاج,هذا يعتمد علي حده ونوع البطي وعلي السبب,67
ahd5k_00695,175138,graph_train,أمراض باطنية,Esoteric,السلام عليكم صديقتي لها ثلاثه شهور تأخذ ابر الحديد اسبوعيا كل اسبوع ابره كانت نسبته 9 واخبرتها ان عدد ابر الحديد كثيره ولم تستمع ثم قاسته الان وكان 400 لم...,عليها المتابعة مع طبيب دم,السلام عليكم صديقتي لها ثلاثه شهور تاخذ ابر الحديد اسبوعيا كل اسبوع ابره كانت نسبته 9 واخبرتها ان عدد ابر الحديد كثيره ولم تستمع ثم قاسته الان وكان 400 لم.,عليها المتابعه مع طبيب دم,182
ahd5k_00696,736302,graph_train,أمراض الدم,Blood,السلام عليكم مولود جديد بعد التحاليل ظهر مع الانيميا الفوليه ما اسباب الانيميا الفوليه وكيفية تفاديها؟ وهل لها علاج وهل تذهب او تزول كل ما كبر الطفل؟ وهل لها مخاطر...,الفوال أو التفول هو الاضطراب الخلقي الجيني الناجم عن نقص الأنزيم المسؤول عن الحفاظ على تركيز ببتيد الغلوتاثيون الذي يحمي خلايا الدم الحمراء من التلف بفعل الأكسدة وبالتالي التسبب في فقر الدم الانحلالي الغير مناعي وخاصة عند تناول المُصاب لكميات كبيرة من الفول أو التعرض لحبوب اللقاح الخاصة بالنبته المُثمرة للفول لا يمكن الوقاية من المرض لانه خلقي جيني,السلام عليكم مولود جديد بعد التحاليل ظهر مع الانيميا الفوليه ما اسباب الانيميا الفوليه وكيفيه تفاديها? وهل لها علاج وهل تذهب او تزول كل ما كبر الطفل? وهل لها مخاطر.,الفوال او التفول هو الاضطراب الخلقي الجيني الناجم عن نقص الانزيم المسوول عن الحفاظ علي تركيز ببتيد الغلوتاثيون الذي يحمي خلايا الدم الحمراء من التلف بفعل الاكسده وبالتالي التسبب في فقر الدم الانحلالي الغير مناعي وخاصه عند تناول المصاب لكميات كبيره من الفول او التعرض لحبوب اللقاح الخاصه بالنبته المثمره للفول لا يمكن الوقايه من المرض لانه خلقي جيني,516
ahd5k_00714,366829,graph_train,أمراض باطنية,Esoteric,اعاني صعوبة تنفس وصداع ودوخه وعدم تركيز,يجب اجراء تقييم كامل من حيث القصة المرضية الكاملة والسوابق المرضية والفحص السريري الكامل فالتشخيص التفريقي للموضوع واسع,اعاني صعوبه تنفس وصداع ودوخه وعدم تركيز,يجب اجراء تقييم كامل من حيث القصه المرضيه الكامله والسوابق المرضيه والفحص السريري الكامل فالتشخيص التفريقي للموضوع واسع,158
ahd5k_00736,390106,graph_train,أمراض الأسنان,Dental,سبب تغير لون اللثه جزء وردي وجزء احمر ؟؟؟؟,الوردي هو اللون الطبيعي للثة السليمة و الاحمرار علامة التهاب ..... و التهاب اللثة في اغلب الاحيان يكمن السبب في اهمال الاعتناء بالنظافة الفمية ... الحل باجراء تنظيف للاسنان عند الطبيب و تفريش الاسنان بطريقة صحيحة و استعال مضمضة طبية و اتباع التعليمات الاضافية التي يمليها عليك الطبيب,سبب تغير لون اللثه جزء وردي وجزء احمر ?,الوردي هو اللون الطبيعي للثه السليمه و الاحمرار علامه التهاب . و التهاب اللثه في اغلب الاحيان يكمن السبب في اهمال الاعتناء بالنظافه الفميه . الحل باجراء تنظيف للاسنان عند الطبيب و تفريش الاسنان بطريقه صحيحه و استعال مضمضه طبيه و اتباع التعليمات الاضافيه التي يمليها عليك الطبيب,325
ahd5k_00754,786889,graph_train,صحة المسنين,Elderly health,انا امراءة فى السبعين اعاني من الام قوية تمتد من الرقبة الى الكتف والظهر حتى الحوض فهل ممكن الالم نتيجة الا عصاب ام اسباب اخرى علما ام المسكنات القوية تخخف...,الالام التي تعانين منها قد تكون نتيجة انزلاق غضروفي عنقي او خشونة عالية في الفقرات او التهاب اوتار . ينصح عمل صورة رنين مغناطيسي للعنق وفحص هشاشة عظام ومراجعة اخصائي جراحة اعصاب من اجل الفحص السريري,انا امراءه في السبعين اعاني من الام قويه تمتد من الرقبه الي الكتف والظهر حتي الحوض فهل ممكن الالم نتيجه الا عصاب ام اسباب اخري علما ام المسكنات القويه تخخف.,الالام التي تعانين منها قد تكون نتيجه انزلاق غضروفي عنقي او خشونه عاليه في الفقرات او التهاب اوتار . ينصح عمل صوره رنين مغناطيسي للعنق وفحص هشاشه عظام ومراجعه اخصايي جراحه اعصاب من اجل الفحص السريري,356
ahd5k_00756,756642,graph_train,أمراض القلب و الشرايين,Cardiovascular disease,في بعض الاحيان عند القيام من الجلوس لمدة طويلة أعاني من وجود دوخة مع خفقان في القلب ، ما هي الاسباب وكيف يمكنني التقليل من حدوث هذه المشكلة التي تحدث...,"هذا يحدث أحياناً عند بعض الشباب دون أن يكون ناجم عن حالة مرضية , ولكن في حالات أخرى يترافق مع مشاكل مختلفة تتعلق بالأذن والعيون والدورة الدموية وغير ذلك. فإذا كان الفحص الطبي سليماً فإن كل ما هو مطلوب منك تناول كميات كبيرة من السوائل وممارسة الرياضة بشكل يومي والتمشي أثناء العمل لتجنب الجلوس الطويل, وعند القيام أو عند تغيير وضعية الجسم تحريك القدمين لفترة وجيزة وتجنب الوقوف الماجئ","في بعض الاحيان عند القيام من الجلوس لمده طويله اعاني من وجود دوخه مع خفقان في القلب , ما هي الاسباب وكيف يمكنني التقليل من حدوث هذه المشكله التي تحدث.","هذا يحدث احيانا عند بعض الشباب دون ان يكون ناجم عن حاله مرضيه , ولكن في حالات اخري يترافق مع مشاكل مختلفه تتعلق بالاذن والعيون والدوره الدمويه وغير ذلك. فاذا كان الفحص الطبي سليما فان كل ما هو مطلوب منك تناول كميات كبيره من السوايل وممارسه الرياضه بشكل يومي والتمشي اثناء العمل لتجنب الجلوس الطويل, وعند القيام او عند تغيير وضعيه الجسم تحريك القدمين لفتره وجيزه وتجنب الوقوف الماجي",535
ahd5k_00757,760486,graph_train,أمراض الدم,Blood,أنا حللت تحليل فقر الدم والنتائج كالآتي hp=11.6 وp.c.v=38% فهل لدي فقر دم؟ وما هي نسبة الدم الطبيعية؟ وشكرا,الهيموغلوبين في النساء بين 12 و15 وال PCV عند النساء هو 38%,انا حللت تحليل فقر الدم والنتايج كالاتي hp=11.6 وp.c.v=38% فهل لدي فقر دم? وما هي نسبه الدم الطبيعيه? وشكرا,الهيموغلوبين في النساء بين 12 و15 وال pcv عند النساء هو 38%,166
ahd5k_00772,719773,graph_train,أمراض الغدد الصماء,Endocrine,سن32عازبة طول154 وزن86 أعاني سمنةوشعرانيةوكسل بسيط بالغدةالدرقية ودورةغيرمنتظمةمن8سنوات بدأت مع طبيب آخروصف لي كليمين وجلوكوفيج وEuthyrox25 هل هذا جيد,بشكل عام نعم مناسب لعلاج تكيس المبايض وهذا مترافق مع زيادة الوزن ولذلك اهم شيء هو خفض الوزن,سن32عازبه طول154 وزن86 اعاني سمنهوشعرانيهوكسل بسيط بالغدهالدرقيه ودورهغيرمنتظمهمن8سنوات بدات مع طبيب اخروصف لي كليمين وجلوكوفيج وeuthyrox25 هل هذا جيد,بشكل عام نعم مناسب لعلاج تكيس المبايض وهذا مترافق مع زياده الوزن ولذلك اهم شيء هو خفض الوزن,241
ahd5k_00774,737406,graph_train,علم البيئة,Ecology,ما هي مضار الصوف الصخري عند لمسه و استنشاقه؟,يستخدم الصوف الصخري في عزل البناء، ويتم انتاجه عن طريق أكاسيد معدنية وطبيعية. يتعرض العمال والأشخاص الذين يتعاملون معه بشكل كبير إلى أضراره والتي تحدث خلال فترة زمنية قصيرة (بالإنجليزية: Acute) أو فترة زمينة طويلة (بالإنجليزية: Chronic). فمن أضرار الصوف الصخري على الإنسان والتي تحدث عند ملامسته مباشرة ما يلي: تهيج واحمرار في الجلد والعينين: يؤدي تعرض للصوف الصخري في بعض الأحيان إلى التهاب الجلد والعينين، حيث تظهر الأعراض التالية: حكة، واحمرار، وتقشر، وظهور فقاعات مائية، وغيرها من التغيرات الجلدية. تهيج الجهاز التنفسي: يمكن أن تظهر بعض أعراض تهيج الجهاز التنفسي بعد استنشاق الصوف الصخري، مثل السعال، والتهاب الحلق، وحكة الأنف، واحتقان الأنف. الإصابة بالعدوى: قد تجرح الألياف الحادة من الصوف الصخري الجلد، وبالتالي يزيد من خطر دخول الجراثيم المسببة للعدوى. ومن أضرار الصوف الصخري على الإنسان والتي تحدث عند التعرض لفترات طويلة: زيادة من خطر الإصابة تليف الرئتين (بالإنجليزية: Lung fibrosis). زيادة من خطر الإصابة بالتهاب الرئوي والتهاب الجنبي (بالإنجليزية: Pleural inflammation). صنفت الوكالة الدولية لبحوث السرطان (IARC) الصوف الصخري كمادة غير مسببة للسرطان. لا توجد دراسات كافية على تأثير الصوف الصخري على صحة الإنجاب. لذا لمنع تعرض الجلد والجهاز التنفسي للصوف الصخري، وللتقليل من أضراره ينصح بأن يرتدي أولئك الذين يتعاملون مع الصوف الصخري قفازات واقية، وكمامة أو قناع مانع للاستنشاق، ونظارات واقية. للمزيد: أسباب وعلاج احمرار الجلد تقشر الجلد: أسباب وعلاجات طبيعية أشياء غير متوقعة تسبب حساسية الجلد المراجع: Carcinogenicity of the insulation wools: Reassessment of the IARC evaluation Health Hazards of Rockwool Lung Cancer among Rock and Slag Wool Production Workers,ما هي مضار الصوف الصخري عند لمسه و استنشاقه?,"يستخدم الصوف الصخري في عزل البناء, ويتم انتاجه عن طريق اكاسيد معدنيه وطبيعيه. يتعرض العمال والاشخاص الذين يتعاملون معه بشكل كبير الي اضراره والتي تحدث خلال فتره زمنيه قصيره (بالانجليزيه: acute) او فتره زمينه طويله (بالانجليزيه: chronic). فمن اضرار الصوف الصخري علي الانسان والتي تحدث عند ملامسته مباشره ما يلي: تهيج واحمرار في الجلد والعينين: يودي تعرض للصوف الصخري في بعض الاحيان الي التهاب الجلد والعينين, حيث تظهر الاعراض التاليه: حكه, واحمرار, وتقشر, وظهور فقاعات ماييه, وغيرها من التغيرات الجلديه. تهيج الجهاز التنفسي: يمكن ان تظهر بعض اعراض تهيج الجهاز التنفسي بعد استنشاق الصوف الصخري, مثل السعال, والتهاب الحلق, وحكه الانف, واحتقان الانف. الاصابه بالعدوي: قد تجرح الالياف الحاده من الصوف الصخري الجلد, وبالتالي يزيد من خطر دخول الجراثيم المسببه للعدوي. ومن اضرار الصوف الصخري علي الانسان والتي تحدث عند التعرض لفترات طويله: زياده من خطر الاصابه تليف الريتين (بالانجليزيه: lung fibrosis). زياده من خطر الاصابه بالتهاب الريوي والتهاب الجنبي (بالانجليزيه: pleural inflammation). صنفت الوكاله الدوليه لبحوث السرطان (iarc) الصوف الصخري كماده غير مسببه للسرطان. لا توجد دراسات كافيه علي تاثير الصوف الصخري علي صحه الانجاب. لذا لمنع تعرض الجلد والجهاز التنفسي للصوف الصخري, وللتقليل من اضراره ينصح بان يرتدي اوليك الذين يتعاملون مع الصوف الصخري قفازات واقيه, وكمامه او قناع مانع للاستنشاق, ونظارات واقيه. للمزيد: اسباب وعلاج احمرار الجلد تقشر الجلد: اسباب وعلاجات طبيعيه اشياء غير متوقعه تسبب حساسيه الجلد المراجع: carcinogenicity of the insulation wools: reassessment of the iarc evaluation health hazards of rockwool lung cancer among rock and slag wool production workers",1619
ahd5k_00775,410042,graph_train,أمراض الغدد الصماء,Endocrine,شكرا دكتور ممكن سؤال ثاني انا الاجسام المضادة للغدة الدرقية عندي مرتفعة بس تحليل الدم فيه نسبة الهرمون طبيعي.عادي اني ما اخذ دواء وهل يؤثر ارتفاع الاجسام المضادة على الحمل,اهم شيء هو نسبة الهرمونات في الدم. اذا كانت طبيعية فلا تحتاجي الى أي علاج ولا يوجد تأثير على الحمل,شكرا دكتور ممكن سوال ثاني انا الاجسام المضاده للغده الدرقيه عندي مرتفعه بس تحليل الدم فيه نسبه الهرمون طبيعي.عادي اني ما اخذ دواء وهل يوثر ارتفاع الاجسام المضاده علي الحمل,اهم شيء هو نسبه الهرمونات في الدم. اذا كانت طبيعيه فلا تحتاجي الي اي علاج ولا يوجد تاثير علي الحمل,269
ahd5k_00780,793477,graph_train,تشخيص,Diagnosis,لماذا اصحو من النوم يوميا بصداع يختلف حدته من خفيف إلى قوي جدا لدرجة ان عيناي تدمع من كثرة الصداع مع العلم بان عمري 29 سنة ولدي طفل عمره سنة...,قد يكون لديك نوع من الصداع يسمى بالصداع التوتري و هو ناتج عن وجود ضغوطات في الحياة كالعمل و الاستيقاظ الليلي لارضاع طفلك من المهم مراجعة طبيب اعصاب وذلك لاتمام الفحص السريري و التاكد من التشخيص,لماذا اصحو من النوم يوميا بصداع يختلف حدته من خفيف الي قوي جدا لدرجه ان عيناي تدمع من كثره الصداع مع العلم بان عمري 29 سنه ولدي طفل عمره سنه.,قد يكون لديك نوع من الصداع يسمي بالصداع التوتري و هو ناتج عن وجود ضغوطات في الحياه كالعمل و الاستيقاظ الليلي لارضاع طفلك من المهم مراجعه طبيب اعصاب وذلك لاتمام الفحص السريري و التاكد من التشخيص,336
ahd5k_00791,423676,graph_train,أمراض الغدد الصماء,Endocrine,هل من الممكن مريض الغدة الدرقيه يشفى منها تماما بعد العلاج ام انها تزال معه بقيه العمر,عزيزتي غالباً عن استخدام هرمون الثايروكسين بالجرعة المطلوبة يتحسن النوم لدى الأغلبية ولذلك يجب التأكد ان الجرعة كافية عن طريق تحليل الدم لمستوى هرمون الغدة tsh والأمر الآخر يتطلب استقصاء الأسباب الاخرى لكثرة النوم او الخمول والكسل بشكل عام العضوية والنفسية,هل من الممكن مريض الغده الدرقيه يشفي منها تماما بعد العلاج ام انها تزال معه بقيه العمر,عزيزتي غالبا عن استخدام هرمون الثايروكسين بالجرعه المطلوبه يتحسن النوم لدي الاغلبيه ولذلك يجب التاكد ان الجرعه كافيه عن طريق تحليل الدم لمستوي هرمون الغده tsh والامر الاخر يتطلب استقصاء الاسباب الاخري لكثره النوم او الخمول والكسل بشكل عام العضويه والنفسيه,342
ahd5k_00793,782885,graph_train,علم الأجنة,Embryology,السلام عليكم ورحمه الله وبركاته حبيت اسال عن زيت اللوز المر للجسم انا استخدمه لبطني وكامل جسمي الان لي تقريبا 3 اسابيع وانا حامل في الاسبوع الثاني عشر ولقد قرات...,يوجد العديد من الفوائد لاستخدام زيت اللوز المر، منها التخلص من علامات التمدد ولكن هناك حاجة إلى مزيد من الدراسات قبل أن يتم إثبات فعالية زيت اللوز المر. ومن الجدير بالذكر أن زيت اللوز المر يحتوي على مركبات سامة مثل السيانيد بكميات معينة قد لا تكون آمنة خاصة عند الاستخدام أثناء الحمل لذا يفضل التوقف عن استخدامه خلال فترة الحمل لارتباطه ببعض الآثار الجانبية غير المرغوبة مثل: إصابة الجنين بالعيوب الخلقية نتيجة احتواء هذا الزيت على فيتامين أ الذي يحظر استخدامه خلال الحمل. زيادة خطر الولادة المبكرة. للمزيد: زيوت المساج الطبيعية لتدليك الجسم المرجع: What essential oils are good for preventing stretch marks? Is It Safe To Use Almond Oil During Pregnancy?,السلام عليكم ورحمه الله وبركاته حبيت اسال عن زيت اللوز المر للجسم انا استخدمه لبطني وكامل جسمي الان لي تقريبا 3 اسابيع وانا حامل في الاسبوع الثاني عشر ولقد قرات.,"يوجد العديد من الفوايد لاستخدام زيت اللوز المر, منها التخلص من علامات التمدد ولكن هناك حاجه الي مزيد من الدراسات قبل ان يتم اثبات فعاليه زيت اللوز المر. ومن الجدير بالذكر ان زيت اللوز المر يحتوي علي مركبات سامه مثل السيانيد بكميات معينه قد لا تكون امنه خاصه عند الاستخدام اثناء الحمل لذا يفضل التوقف عن استخدامه خلال فتره الحمل لارتباطه ببعض الاثار الجانبيه غير المرغوبه مثل: اصابه الجنين بالعيوب الخلقيه نتيجه احتواء هذا الزيت علي فيتامين ا الذي يحظر استخدامه خلال الحمل. زياده خطر الولاده المبكره. للمزيد: زيوت المساج الطبيعيه لتدليك الجسم المرجع: what essential oils are good for preventing stretch marks? is it safe to use almond oil during pregnancy?",818
ahd5k_00804,768211,graph_train,تشخيص,Diagnosis,ما تفسير شعورى بقبضة فى صدرى تستغرق بضعة ثوانى ويصاحبها ضيق فى التنفس ....كان يتكرر هذا الموضوع معى من فترة الى اخرى ثم اصبح يوميا ثم يقل تدريجيا ولكنى مازلت...,لفتاة بمثل عمرك من المستبعد وجود سبب قلبي للذي تشكين منه ولكن على الاغلب السبب خارجي من عضلات الصدر او من التوتر و القلق الافضل مراجعة طبيب,ما تفسير شعوري بقبضه في صدري تستغرق بضعه ثواني ويصاحبها ضيق في التنفس .كان يتكرر هذا الموضوع معي من فتره الي اخري ثم اصبح يوميا ثم يقل تدريجيا ولكني مازلت.,لفتاه بمثل عمرك من المستبعد وجود سبب قلبي للذي تشكين منه ولكن علي الاغلب السبب خارجي من عضلات الصدر او من التوتر و القلق الافضل مراجعه طبيب,299
ahd5k_00812,393214,graph_train,أرجية حساسية,Allergic allergy,طفلتي تتحسس من الجلوتين وعمرها سنة ونصف هل توجد أدوية تساعد على الشفاء من هذا المرض ام لا ؟؟,للاسف اهم علاج تجنب المنتجات التي تحوي جلوتين,طفلتي تتحسس من الجلوتين وعمرها سنه ونصف هل توجد ادويه تساعد علي الشفاء من هذا المرض ام لا ?,للاسف اهم علاج تجنب المنتجات التي تحوي جلوتين,137
ahd5k_00821,723162,graph_train,أمراض الأسنان,Dental,سؤالي عن زراعة الاسنان الامريكية نوع 3i مدى جودتها وهل هي من الشركات الرائده والمعروفه . قمت بزراعة سن وانتظر النتيجه حتى اقوم بزراعة الباقي,كل انواع الزرعات غالبه ما يتم صنعها من مادة التيتانيوم ومثلها مثل باقى الزرعات العالميه,سوالي عن زراعه الاسنان الامريكيه نوع 3i مدي جودتها وهل هي من الشركات الرايده والمعروفه . قمت بزراعه سن وانتظر النتيجه حتي اقوم بزراعه الباقي,كل انواع الزرعات غالبه ما يتم صنعها من ماده التيتانيوم ومثلها مثل باقي الزرعات العالميه,227
ahd5k_00823,282875,graph_train,أمراض القلب و الشرايين,Cardiovascular disease,اجريت عمليه استبدال صمام ميترالي في 89ثم الاورطي في 2013 والان اعاني من ارتفاع الضغط وضيق تنفس وخفقان احيتنا,تحتاج الى تقييم سريري كامل مع اجراء بعض الفحوصات,اجريت عمليه استبدال صمام ميترالي في 89ثم الاورطي في 2013 والان اعاني من ارتفاع الضغط وضيق تنفس وخفقان احيتنا,تحتاج الي تقييم سريري كامل مع اجراء بعض الفحوصات,156
ahd5k_00828,419047,graph_train,أمراض الأسنان,Dental,برد الاسنان الاماميه ما ضرره وكم جلسه يحتاج,برد لمجرد البرد والتصغير في جلسه واحدة ولكن احذر من كثرة البرد حتي يؤثر علي الاسنان وتكون حساسه. ام لو برد للتركيب وعمل اسنان صناعيه ممكن جلسه او جلستين,برد الاسنان الاماميه ما ضرره وكم جلسه يحتاج,برد لمجرد البرد والتصغير في جلسه واحده ولكن احذر من كثره البرد حتي يوثر علي الاسنان وتكون حساسه. ام لو برد للتركيب وعمل اسنان صناعيه ممكن جلسه او جلستين,195
ahd5k_00838,424803,graph_train,أمراض باطنية,Esoteric,اشعر بتنميل من بداية النصف الاسفل من الجسم حتى اسفل القدم عند تحريك الرقبة الى اسفل و انا عندي انيميا هل لها علاقة,نعم ... نقص فيتامين (ب12) يسبب انيميا وتنميل,اشعر بتنميل من بدايه النصف الاسفل من الجسم حتي اسفل القدم عند تحريك الرقبه الي اسفل و انا عندي انيميا هل لها علاقه,نعم . نقص فيتامين (ب12) يسبب انيميا وتنميل,158
ahd5k_00855,760882,graph_train,جراحة القلب والشرايين,Cardiovascular surgery,انا شاب عمري 25 سنه اصبحت اعاني من صعوبه في التنفس و الارهاق؟,"لا داعي للقلق ولكن ينبغي معرفة تاريخك المرضي واجراء فحص للكشف عن أي علامات سريرية قد تكون موجودة لديك وتساعد في تحديد طبيعة الحالة , فهكذا أعراض ممكن أن تكون ناجمة عن التها ب في الجهاز التنفسي ويمكن تترافق مع فقر الدم أو اضطرابات دموية أو متعلقة بجهاز الدورة الدموية أو غير ذلك ، لذلك ننصحك بمعاودة طبيبك للوقوف على تفاصيل أكثر تسمح بالتشخيص ومن ثم اتخاذ السلوك الطبي الأمثل",انا شاب عمري 25 سنه اصبحت اعاني من صعوبه في التنفس و الارهاق?,"لا داعي للقلق ولكن ينبغي معرفه تاريخك المرضي واجراء فحص للكشف عن اي علامات سريريه قد تكون موجوده لديك وتساعد في تحديد طبيعه الحاله , فهكذا اعراض ممكن ان تكون ناجمه عن التها ب في الجهاز التنفسي ويمكن تترافق مع فقر الدم او اضطرابات دمويه او متعلقه بجهاز الدوره الدمويه او غير ذلك , لذلك ننصحك بمعاوده طبيبك للوقوف علي تفاصيل اكثر تسمح بالتشخيص ومن ثم اتخاذ السلوك الطبي الامثل",435
ahd5k_00859,784623,graph_train,تشخيص,Diagnosis,بنت اخي لديها انتفاخ في الغدد الليمفاويةمما جعل لها تورما اسفل اللوزتين وخلف الركبه ولديها فتور في الجسم مع العلم ان عمرها 7 سنوات,العقد اللمفاوية موجودة بشكل طبيعي في الجسم خاصة الرقبة ولكنها تنتفخ (تكبر) كرة فعل على وجود التهاب في المنطقة كاللوزتين مثلاً وتصغر مع اعطاء ادوية الالتهاب اما اذا كان حجمها ثابتاً فيجب اجراء فحوصات مخبرية او خزعة,بنت اخي لديها انتفاخ في الغدد الليمفاويهمما جعل لها تورما اسفل اللوزتين وخلف الركبه ولديها فتور في الجسم مع العلم ان عمرها 7 سنوات,العقد اللمفاويه موجوده بشكل طبيعي في الجسم خاصه الرقبه ولكنها تنتفخ (تكبر) كره فعل علي وجود التهاب في المنطقه كاللوزتين مثلا وتصغر مع اعطاء ادويه الالتهاب اما اذا كان حجمها ثابتا فيجب اجراء فحوصات مخبريه او خزعه,343
ahd5k_00864,268161,graph_train,جراحة القلب والشرايين,Cardiovascular surgery,أن زوجة في 50 من عمري أعاني من إنتفاخ الثدي الأييسر و الشعور بالألم عند لمسه,عليك مراجعة استشارى أمراض النساء او طبيب اورام,ان زوجه في 50 من عمري اعاني من انتفاخ الثدي الاييسر و الشعور بالالم عند لمسه,عليك مراجعه استشاري امراض النساء او طبيب اورام,122
ahd5k_00876,806090,graph_train,علم الأجنة,Embryology,انا الان وصلت الى الاسبوع العشرين ومازال بطني فيه ليونه ولم يوصل ارتفاعه لمستوى السره وحتى حركة الجنين التي اشعر بها مازالت تحت السره؟ أفيدوني هل الامر طبيعي ومتى يخشن...,من الطبيعي ان يكون البطن لين اثناء الحمل اما حركة الجنين التي تحت السرة فمكان الحركة يعتمد على وضع الجنين وقد تكون اسفل البطن او اعلاه المهم ان هناك حركة وعادة ما يصل الرحم الى مستوى السرة عند بداية الاسبوع 24 لذا لا ارى اي مشاكل لديك ولكني بالرغم من ذلك انصحك بعمل تصوير سونار للحمل للأطمئنان اكثر,انا الان وصلت الي الاسبوع العشرين ومازال بطني فيه ليونه ولم يوصل ارتفاعه لمستوي السره وحتي حركه الجنين التي اشعر بها مازالت تحت السره? افيدوني هل الامر طبيعي ومتي يخشن.,من الطبيعي ان يكون البطن لين اثناء الحمل اما حركه الجنين التي تحت السره فمكان الحركه يعتمد علي وضع الجنين وقد تكون اسفل البطن او اعلاه المهم ان هناك حركه وعاده ما يصل الرحم الي مستوي السره عند بدايه الاسبوع 24 لذا لا اري اي مشاكل لديك ولكني بالرغم من ذلك انصحك بعمل تصوير سونار للحمل للاطمينان اكثر,468
ahd5k_00883,771623,graph_train,الطب البديل,Alternative medicine,هل مشروبات الطاقة تسبب عقم؟,نعم فقد أكدالأستاذ المساعد للتغذية الإكلينيكية في كلية العلوم الطبية التطبيقية بجامعة الملك سعود بالرياض الدكتور “عبدالعزيز بن محمد العثمان” أن مشروبات الطاقة تساهم في ارتفاع ضغط القلب، وزيادة نسبة السكر في الدم والأرق والصداع والقلق ونزيف الأنف والنوبات المرضية، ومشاكل تسوس الأسنان، وتقليل الاعتماد على النفس كإحدى التأثيرات النفسية للمواد المخدرة. وأوضح أستاذ أمراض الباطنة والمناعة بجامعة عين شمس‏ الدكتور “مدحت الشافعي” أن هذه المشروبات تسبب العقم، والسمنة لاحتوائها علي ماء الكربونات والسكر والجلوكوز سريع الاحتراق، كما تسبب جفاف الجسم خاصة لدى كبار السن,هل مشروبات الطاقه تسبب عقم?,"نعم فقد اكدالاستاذ المساعد للتغذيه الاكلينيكيه في كليه العلوم الطبيه التطبيقيه بجامعه الملك سعود بالرياض الدكتور ""عبدالعزيز بن محمد العثمان"" ان مشروبات الطاقه تساهم في ارتفاع ضغط القلب, وزياده نسبه السكر في الدم والارق والصداع والقلق ونزيف الانف والنوبات المرضيه, ومشاكل تسوس الاسنان, وتقليل الاعتماد علي النفس كاحدي التاثيرات النفسيه للمواد المخدره. واوضح استاذ امراض الباطنه والمناعه بجامعه عين شمس‏ الدكتور ""مدحت الشافعي"" ان هذه المشروبات تسبب العقم, والسمنه لاحتوايها علي ماء الكربونات والسكر والجلوكوز سريع الاحتراق, كما تسبب جفاف الجسم خاصه لدي كبار السن",587
ahd5k_00887,25538,graph_train,الطب البديل,Alternative medicine,ما هي فوائد زيت حبة السوداء أو ما يعرف بحبة البركة، وهل يمكن تناولها بشكل يومي؟,يعتقد أن لزيت الحبة السوداء أو ما يعرف بحبة البركة العديد من الفوائد الصحية، والتي تضمن فوائد للجلد، والشعر، والجسم، والمناعة، ولكن لم يتم إثبات فاعلية جميع الفوائد المشهورة للحبة السوداء والمستخدمة في الطب الشعبي، لذلك ينصح باستشارة الطبيب قبل استخدام الحبة السوداء في علاج أي من الاضطرابات الصحية المختلفة. سوف أبين لك فيما يأتي مجموعة من فوائد زيت الحبة السوداء الشائعة: التخفيف من أعراض الربو وأمراض الجهاز التنفسي. علاج حساسية الأنف والتهاب الجيوب الأنفية. التخفيف من أعراض الصداع والصداع النصفي. التخفيف من الأرق، والقلق، والتوتر. التخفيف من أعراض بعض الأمراض الجلدية مثل الصدفية والإكزيما. علاج اضطرابات الهضم والتخفيف من أعراض القولون العصبي. تنظيم سكر الدم. تنظيم ضغط الدم والكوليسترول. تعزيز جهاز المناعة. المحافظة على صحة الشعر. للمزيد: أضرار حبة البركة وزيتها ومحاذير تناولهما فوائد الحبة السوداء مع العسل، وأضرار محتملة,"ما هي فوايد زيت حبه السوداء او ما يعرف بحبه البركه, وهل يمكن تناولها بشكل يومي?","يعتقد ان لزيت الحبه السوداء او ما يعرف بحبه البركه العديد من الفوايد الصحيه, والتي تضمن فوايد للجلد, والشعر, والجسم, والمناعه, ولكن لم يتم اثبات فاعليه جميع الفوايد المشهوره للحبه السوداء والمستخدمه في الطب الشعبي, لذلك ينصح باستشاره الطبيب قبل استخدام الحبه السوداء في علاج اي من الاضطرابات الصحيه المختلفه. سوف ابين لك فيما ياتي مجموعه من فوايد زيت الحبه السوداء الشايعه: التخفيف من اعراض الربو وامراض الجهاز التنفسي. علاج حساسيه الانف والتهاب الجيوب الانفيه. التخفيف من اعراض الصداع والصداع النصفي. التخفيف من الارق, والقلق, والتوتر. التخفيف من اعراض بعض الامراض الجلديه مثل الصدفيه والاكزيما. علاج اضطرابات الهضم والتخفيف من اعراض القولون العصبي. تنظيم سكر الدم. تنظيم ضغط الدم والكوليسترول. تعزيز جهاز المناعه. المحافظه علي صحه الشعر. للمزيد: اضرار حبه البركه وزيتها ومحاذير تناولهما فوايد الحبه السوداء مع العسل, واضرار محتمله",911
ahd5k_00891,584442,graph_train,صحة الطفل,Child health,بنتى عمرها سنة ونصف وفى فى شعرها مناطق ما فهاش شعر وشعرها بيقع وخفيف خالص دة من ايه ول ليه علاج وعلاجه ايه ارجوا الرد وياريت تكتبولى العلاج ايه علشان...,لو مناطق محددة في فروة الرأس يجب عرضها على أخصائي جلدية. فربما تكون فطريات. أما سقوط الشعر فسببه نقص فيتامين أ وعﻻجه شراب فروتال 5 مل يوميا,بنتي عمرها سنه ونصف وفي في شعرها مناطق ما فهاش شعر وشعرها بيقع وخفيف خالص ده من ايه ول ليه علاج وعلاجه ايه ارجوا الرد وياريت تكتبولي العلاج ايه علشان.,لو مناطق محدده في فروه الراس يجب عرضها علي اخصايي جلديه. فربما تكون فطريات. اما سقوط الشعر فسببه نقص فيتامين ا وعﻻجه شراب فروتال 5 مل يوميا,291
ahd5k_00916,510450,graph_train,أمراض باطنية,Esoteric,كنت اعاني من الملاريا واخذت علاج(fandsidar) وتحسنت لكن بعد انتهاء العلاج عادت الاعراض مرة اخري (فقدان الشهية والرغبة في الاستفراغ)افيدوني رجآاءا,اعملى فحص دم للملاريا مره ثانيه و اذا كان ايجابى اعيدى العلاج او جربى دواء اخر,كنت اعاني من الملاريا واخذت علاج(fandsidar) وتحسنت لكن بعد انتهاء العلاج عادت الاعراض مره اخري (فقدان الشهيه والرغبه في الاستفراغ)افيدوني رجااءا,اعملي فحص دم للملاريا مره ثانيه و اذا كان ايجابي اعيدي العلاج او جربي دواء اخر,222
ahd5k_00924,804678,graph_train,جراحة القلب والشرايين,Cardiovascular surgery,ماسلبيات توسيع الشرايين بالشبكات,شبكات توسيع الشرايين هي من الأجهزة الطبية التي فرضت نفسها بقوة في مجال معالجة أمراض القلب وتضيق الأوعية، وهذه الدعامات عادة ما تتكون من إطار معدني، وتوضع داخل الشريان للمساعدة على ابقائه مفتوحا، ولكن بما أنها تشكل جسم غريب بالنسبة لجسم المريض (ليست من نسيج الجسم)، فإنها قد تحرض على الإستجابة المناعية، وهذا قد يسبب ندبا (تكاثر الخلايا) ونمو سريع للنسيج فوق الدعامات، بالإضافة إلى ذلك هناك ميل قوي لتشكل الجُلْطَة في الموقع، حيث الدعامة تحدث أضرار في جدران الشرايين، وتُحفز الصفائح الدموية لتحدث عملية تخثر في الدم، ولذلك ومن أجل تجنب هكذا مضاعفات يجب اعطاء المرضى علاج يحد من التخثر وعادة ما يستخدم كلوبيدوقرل لمدة ستة أشهر، والأسبرين إلى أجل غير مسمى، ومع ذلك فإن العلاج المُضَادّ للصُّفَيحات قد لا يكون كافي لمنع الجلطات وتكاثر الخلايا، وبالتلي قد يحدث انسداد أو عودة لتضيق الدعامات المِعْيَارِيّة(المعدنية العارية)، وفي هذه الحالات ينصح بإستخدام الدعامات المغلفة بأدوية كابِتة للمَناعَة حيث صممت لتخفف من هذه المشكلة وتجنب الإنسداد.,ماسلبيات توسيع الشرايين بالشبكات,"شبكات توسيع الشرايين هي من الاجهزه الطبيه التي فرضت نفسها بقوه في مجال معالجه امراض القلب وتضيق الاوعيه, وهذه الدعامات عاده ما تتكون من اطار معدني, وتوضع داخل الشريان للمساعده علي ابقايه مفتوحا, ولكن بما انها تشكل جسم غريب بالنسبه لجسم المريض (ليست من نسيج الجسم), فانها قد تحرض علي الاستجابه المناعيه, وهذا قد يسبب ندبا (تكاثر الخلايا) ونمو سريع للنسيج فوق الدعامات, بالاضافه الي ذلك هناك ميل قوي لتشكل الجلطه في الموقع, حيث الدعامه تحدث اضرار في جدران الشرايين, وتحفز الصفايح الدمويه لتحدث عمليه تخثر في الدم, ولذلك ومن اجل تجنب هكذا مضاعفات يجب اعطاء المرضي علاج يحد من التخثر وعاده ما يستخدم كلوبيدوقرل لمده سته اشهر, والاسبرين الي اجل غير مسمي, ومع ذلك فان العلاج المضاد للصفيحات قد لا يكون كافي لمنع الجلطات وتكاثر الخلايا, وبالتلي قد يحدث انسداد او عوده لتضيق الدعامات المعياريه(المعدنيه العاريه), وفي هذه الحالات ينصح باستخدام الدعامات المغلفه بادويه كابته للمناعه حيث صممت لتخفف من هذه المشكله وتجنب الانسداد.",968
ahd5k_00931,767961,graph_train,حمل الأنابيب,Carry tubes,هل العلاج المستخدم في تنشيط المبايض قبل الحقن المجهري له تاثير في زيادة الوزن؟,لا تؤثر الابر الهرمونية على زيادة الوزن فقط في فترة اخذهم قد يتم تجمع بعض السوائل في الجسم ولكن في حال الانتهاء من الابر يعود الجسم لوضعه الطبيعي,هل العلاج المستخدم في تنشيط المبايض قبل الحقن المجهري له تاثير في زياده الوزن?,لا توثر الابر الهرمونيه علي زياده الوزن فقط في فتره اخذهم قد يتم تجمع بعض السوايل في الجسم ولكن في حال الانتهاء من الابر يعود الجسم لوضعه الطبيعي,223
ahd5k_00941,802831,graph_train,علم الأجنة,Embryology,زوجتي حامل في بداية الشهر الخامس وونزل منها ماء من الجنين بكثر استمر معها نصف ساعه وبداي ياتيها متقطع فماهو السبب وطريقه تفاديها وهل هناك خطوره عليهما؟,يجب مراجعه طبيبك في اقرب ، حيث ان هذا السائل يمكن ان يكون نتيجه ثقب في الكيس حول الجنين مما يؤدي الى نزول السائل الامينوسي حول الجنين ، او نتيجه لتوسع في عنق الرحم مما يؤدي الى نزول افرازات مهبليه تشبه الماء. وهذه قد تؤدي الى ولاده مبكره او التهابات قد تحتاج الى انهاء هذا الحمل . لذلك يجب مراجعه طبيبك لفحصك وتشخيص حالتك والتاكد من سلامه الحمل واعطائك العلاج المناسب,زوجتي حامل في بدايه الشهر الخامس وونزل منها ماء من الجنين بكثر استمر معها نصف ساعه وبداي ياتيها متقطع فماهو السبب وطريقه تفاديها وهل هناك خطوره عليهما?,"يجب مراجعه طبيبك في اقرب , حيث ان هذا السايل يمكن ان يكون نتيجه ثقب في الكيس حول الجنين مما يودي الي نزول السايل الامينوسي حول الجنين , او نتيجه لتوسع في عنق الرحم مما يودي الي نزول افرازات مهبليه تشبه الماء. وهذه قد تودي الي ولاده مبكره او التهابات قد تحتاج الي انهاء هذا الحمل . لذلك يجب مراجعه طبيبك لفحصك وتشخيص حالتك والتاكد من سلامه الحمل واعطايك العلاج المناسب",518
ahd5k_00963,609913,graph_train,أمراض القلب و الشرايين,Cardiovascular disease,لدي ألم في القفص الصدري يمتد الى الايدي والرقبه وهلك شديد في جميع انحاء الجسم ويشتد حين اخذ نفس كبير الامراض؛حساسية ناتجة عن رطوبة الجو تشتد عند ارتفاع درجه الحراره,لابد من عمل رسم قلب بالمجهود للتأكد من مصدر الالم هل له علاقه بالشريان التاجي ام لا,لدي الم في القفص الصدري يمتد الي الايدي والرقبه وهلك شديد في جميع انحاء الجسم ويشتد حين اخذ نفس كبير الامراض;حساسيه ناتجه عن رطوبه الجو تشتد عند ارتفاع درجه الحراره,لابد من عمل رسم قلب بالمجهود للتاكد من مصدر الالم هل له علاقه بالشريان التاجي ام لا,247
ahd5k_00970,769766,graph_train,أرجية حساسية,Allergic allergy,ما علاج البلغم (حساسية الصدر) رغم اخذى هلاج اكثر من مرة ولا فائدة ؟ هل امتنع عن طعام معين يزيد البلغم وانا غير مدخن واخذ علاج للضغط والكوليسترول عمرى 55...,اذا كنت مدخنا يجب الاقلاع عن التدخين نهائياً وقطعياً علما بأنك لا تدخن كما قلت لكن جلوسك في مكان فيه مدخنين يجعلك مدخناً ايضاً اذا كنت تعاني من التهاب ما في الجزء العلوي من الجهاز التنفسي يجب ان تتعالج يجب التأكد من ما تعانيه هل هو ربو ؟؟ او هل هناك حساسية ابسط من ذلك وعوارضها فقط السعال والبلغم يجب التأكد من ذلك وانصحك بان تطلب معاينة من اخصائي حساسية لكي يعطيك التشخيص النهائي وعندها الطريق الى العلاج يكون اسهل,ما علاج البلغم (حساسيه الصدر) رغم اخذي هلاج اكثر من مره ولا فايده ? هل امتنع عن طعام معين يزيد البلغم وانا غير مدخن واخذ علاج للضغط والكوليسترول عمري 55.,اذا كنت مدخنا يجب الاقلاع عن التدخين نهاييا وقطعيا علما بانك لا تدخن كما قلت لكن جلوسك في مكان فيه مدخنين يجعلك مدخنا ايضا اذا كنت تعاني من التهاب ما في الجزء العلوي من الجهاز التنفسي يجب ان تتعالج يجب التاكد من ما تعانيه هل هو ربو ? او هل هناك حساسيه ابسط من ذلك وعوارضها فقط السعال والبلغم يجب التاكد من ذلك وانصحك بان تطلب معاينه من اخصايي حساسيه لكي يعطيك التشخيص النهايي وعندها الطريق الي العلاج يكون اسهل,570
ahd5k_00977,474581,graph_train,أمراض الأسنان,Dental,السلام عليك لدي ضرس لبني وتكسر وبجنبه ضرس بدء بالظهور هل بامكاني ان اركب سن بدل الضري اللبني المكسور؟! ولكم الشكر,عمر المريض ووضع الاسنان له اعتبارات راجع طبيب اسنان متخصص فى تقويم الاسنان للافادة,السلام عليك لدي ضرس لبني وتكسر وبجنبه ضرس بدء بالظهور هل بامكاني ان اركب سن بدل الضري اللبني المكسور?! ولكم الشكر,عمر المريض ووضع الاسنان له اعتبارات راجع طبيب اسنان متخصص في تقويم الاسنان للافاده,195
ahd5k_00987,804794,graph_train,صحة المسنين,Elderly health,كيف اعالج علامات الشيخوخة المبكرة بالوجه؟,للتقليل من علامات الشيخوخة ننصحك بالتوقف عن التدخين، وشرب الكحول، وممارسة التمارين الرياضية بشكل مستمر وبانتظام، والمحافظة على الغذاء المتوازن الغني بالفيتامينات والمعادن.,كيف اعالج علامات الشيخوخه المبكره بالوجه?,"للتقليل من علامات الشيخوخه ننصحك بالتوقف عن التدخين, وشرب الكحول, وممارسه التمارين الرياضيه بشكل مستمر وبانتظام, والمحافظه علي الغذاء المتوازن الغني بالفيتامينات والمعادن.",212
ahd5k_00992,608792,graph_train,إسعاف أولي,First aid,ماالعلاج الاسعافي لأنخفاض السكر مع فقدان الوعي,يجب عليك اعطاء المصاب عسل تحت لسانه ليمضغه وتختلف درجه فقدان الوعي لمريض السكري,ماالعلاج الاسعافي لانخفاض السكر مع فقدان الوعي,يجب عليك اعطاء المصاب عسل تحت لسانه ليمضغه وتختلف درجه فقدان الوعي لمريض السكري,125
ahd5k_00994,453427,graph_train,جراحة القلب والشرايين,Cardiovascular surgery,هل الاشعة المقطعيه بالصبغه للقلب تسبب انتفاخ اسفل الوجه او انتفاخ الغده هل هو طبيعي,لا، لكن اذا ما كان هناك تحسس أو استجابة جسدية غير ملائمة يمكن أن يحدث ذلك وننصح بإعلام طبيبك,هل الاشعه المقطعيه بالصبغه للقلب تسبب انتفاخ اسفل الوجه او انتفاخ الغده هل هو طبيعي,"لا, لكن اذا ما كان هناك تحسس او استجابه جسديه غير ملايمه يمكن ان يحدث ذلك وننصح باعلام طبيبك",175
ahd5k_01005,743021,graph_train,أمراض الدم,Blood,السلام عليكم..ماهو العلاج المناسب لتقليل نسبة الاملاح في الدم النسبة الحالية عندي هي (7.9) عمري 44 سنة /ذكر؟,فعادة لا نعالج ارتفاع حمض البول بحد ذاته إلا إذا كان عند المريض قصة سابقة لحصوة في الكلية أو مرض النقرس أو زيادة في طرح حمض البول في البول، وهذا نستطيع قياسه بتجميع البول لمدة أربع وعشرين ساعة. ويرتفع حمض البول عند من يتناولون أدوية الضغط التي تحتوي على المدرات، ومن يتناول حبوب الأسبرين لحماية القلب، ولا حاجة لأن تنشغل كثيرا إن لم يكن عندك النقرس أو حصوة في الكلية، وفقط قلل من اللحوم الحمراء والكلاوي والكبد - كما ذكرت - وهو لا يحتاج لعلاج.,السلام عليكم.ماهو العلاج المناسب لتقليل نسبه الاملاح في الدم النسبه الحاليه عندي هي (7.9) عمري 44 سنه /ذكر?,"فعاده لا نعالج ارتفاع حمض البول بحد ذاته الا اذا كان عند المريض قصه سابقه لحصوه في الكليه او مرض النقرس او زياده في طرح حمض البول في البول, وهذا نستطيع قياسه بتجميع البول لمده اربع وعشرين ساعه. ويرتفع حمض البول عند من يتناولون ادويه الضغط التي تحتوي علي المدرات, ومن يتناول حبوب الاسبرين لحمايه القلب, ولا حاجه لان تنشغل كثيرا ان لم يكن عندك النقرس او حصوه في الكليه, وفقط قلل من اللحوم الحمراء والكلاوي والكبد - كما ذكرت - وهو لا يحتاج لعلاج.",551
ahd5k_01017,440765,graph_train,أمراض القلب و الشرايين,Cardiovascular disease,أخدت كليرا و أحس بان صدري ينتفخ و بيوجعني رأس كتير شو هو سبب ؟,لاداعي للقلق، فقديكون بسببه، لكن ينبغي معاودة طبيبك للتحقق,اخدت كليرا و احس بان صدري ينتفخ و بيوجعني راس كتير شو هو سبب ?,"لاداعي للقلق, فقديكون بسببه, لكن ينبغي معاوده طبيبك للتحقق",120
ahd5k_01023,807505,graph_train,علم الأجنة,Embryology,كيف يمكننا اكتشاف هذة الحاله؟في اي عمر,انعدام الحلمات يظهر منذ الولادة، وانعدام الثدي يظهر بعد البلوغ.,كيف يمكننا اكتشاف هذه الحاله?في اي عمر,"انعدام الحلمات يظهر منذ الولاده, وانعدام الثدي يظهر بعد البلوغ.",101
ahd5k_01058,780284,graph_train,تشخيص,Diagnosis,السلام عليكم أنا أشعر ببرودة رأسي -وغذا اصبح ملمس رأسي بارد جاني صداع لايزول بالمسكنات- ذهبت لأفضل أخصائي أنف وأذن وحنجرة قال هذا المرض ماله علاج !! ماهي التحاليل الأزمة...,أنصحك بمراجعة أخصائي الأمراض الداخلية الذي قد يطلب صور شعاعية للرأس من ضمن فحوص أخرى تحياتي,السلام عليكم انا اشعر ببروده راسي -وغذا اصبح ملمس راسي بارد جاني صداع لايزول بالمسكنات- ذهبت لافضل اخصايي انف واذن وحنجره قال هذا المرض ماله علاج ! ماهي التحاليل الازمه.,انصحك بمراجعه اخصايي الامراض الداخليه الذي قد يطلب صور شعاعيه للراس من ضمن فحوص اخري تحياتي,263
ahd5k_01066,494860,graph_train,أمراض باطنية,Esoteric,مامتي جدا تعبانه من القرحة من غير النزيف المستمر والان هي لا تتناول الاطعمة بسبب الغثيان ...ارجو مساعدتي ..وهي لا تريد المستشفی,هل افهم من سؤالك ان والدتك عندها قرحه مع نزيف مستمر اذا كان الامر هكذا فلابد من ذهابها الى المستشفى لان النزيف المستمر سيشكل خطر على حياتها. اما اذا كانت القرحه مؤكده بدون نزيف فممكن تجرب دواء اسمه ايزومبرازول ٤٠ مج يوميا لمدة ٣ شهور. ان لم يحدث تحسن من البدايه فيجب الذهاب الى المستشفى,مامتي جدا تعبانه من القرحه من غير النزيف المستمر والان هي لا تتناول الاطعمه بسبب الغثيان .ارجو مساعدتي .وهي لا تريد المستشفی,هل افهم من سوالك ان والدتك عندها قرحه مع نزيف مستمر اذا كان الامر هكذا فلابد من ذهابها الي المستشفي لان النزيف المستمر سيشكل خطر علي حياتها. اما اذا كانت القرحه موكده بدون نزيف فممكن تجرب دواء اسمه ايزومبرازول 40 مج يوميا لمده 3 شهور. ان لم يحدث تحسن من البدايه فيجب الذهاب الي المستشفي,413
ahd5k_01094,190690,graph_train,أمراض الأسنان,Dental,ما البديل لعمل كراون للضرس في حال كان طول الضرس قصير بسبب كسر وتآكل في السطح بعد حشو عصب مع حجم طبيعي للضرس ،حتى يعود يصبح في طول يسمح بتركيب...,فيه نوعيات من الطرابيش اسمها تليسكوبيك كراونtelescopic او الاون لاييonlay,"ما البديل لعمل كراون للضرس في حال كان طول الضرس قصير بسبب كسر وتاكل في السطح بعد حشو عصب مع حجم طبيعي للضرس ,حتي يعود يصبح في طول يسمح بتركيب.",فيه نوعيات من الطرابيش اسمها تليسكوبيك كراونtelescopic او الاون لاييonlay,217
ahd5k_01099,628555,graph_train,حمل الأنابيب,Carry tubes,زوجتي حامل ومنذ بداية حملها لم اتوقف عن الاتصال معهاابدا ..فهل ذلك له علاقه لما تشعر به من حرقه في المهبل...وهل ذلك له تأثير على الجنين....,ﻻتاثير على الجنين...والحرقه من التهابات نسائيه,زوجتي حامل ومنذ بدايه حملها لم اتوقف عن الاتصال معهاابدا .فهل ذلك له علاقه لما تشعر به من حرقه في المهبل.وهل ذلك له تاثير علي الجنين.,ﻻتاثير علي الجنين.والحرقه من التهابات نساييه,185
ahd5k_01104,683327,graph_train,أمراض الدم,Blood,كيف اعلاج التهاب الدم,يجب النظر في اسباب التعاب الدم وذلك عن طريق مراجعة اختصاص الباطني او اخصائي الدم لعمل اللازم واعطاء العلاج,كيف اعلاج التهاب الدم,يجب النظر في اسباب التعاب الدم وذلك عن طريق مراجعه اختصاص الباطني او اخصايي الدم لعمل اللازم واعطاء العلاج,127
ahd5k_01128,697206,graph_train,صحة الطفل,Child health,سبب استيقاظ الطفل اثناء الليل ونومه مده طويله خلال النهار ؟,ينام اكثر الاطفال الرضع عند شعورهم بالشبع خلال الاشهر الاولى ويعدود الطفل الرضيع ليستيقظ عند شعوره بالجوع ولكن يجب البدء بتعليم الطفل حتى خلال اشهره الاولى ان النهار هو للطعام واللعب والليل هو للنوم وعندما يصل وزن الطفل الرضيع الى 6 او 7 كغ اي بعد الشهر الثالث الى الرابع يبدا بالنوم لساعات متواصلة في الليل لان سعة معدة الطفل تكفي ليشعر الطفل بالشبع لعدة ساعات,سبب استيقاظ الطفل اثناء الليل ونومه مده طويله خلال النهار ?,ينام اكثر الاطفال الرضع عند شعورهم بالشبع خلال الاشهر الاولي ويعدود الطفل الرضيع ليستيقظ عند شعوره بالجوع ولكن يجب البدء بتعليم الطفل حتي خلال اشهره الاولي ان النهار هو للطعام واللعب والليل هو للنوم وعندما يصل وزن الطفل الرضيع الي 6 او 7 كغ اي بعد الشهر الثالث الي الرابع يبدا بالنوم لساعات متواصله في الليل لان سعه معده الطفل تكفي ليشعر الطفل بالشبع لعده ساعات,420
ahd5k_01140,783566,graph_train,تشخيص,Diagnosis,لمدا كلما انزعجت من شخص ما أشعر بدوار ودقات سريعة للقلب وشعور براسي تقيل تم يغمى علي دون الغياب عن الوعي فما تشخيصكم لهدا وشكراً جزيل,هذه حالة من التوتر الشديد حيث يرافقها أعراض جسدية عابرة، ويُمكن الحد منها من خلال التحول المباشر من التفكير في الموضوع المثير إلى أي نقطة اهتمام أخرى لحين السيطرة على النفس بطريقة أفضل، والرياضة اليومية وجلسات الاسترخاء تُساعد الشخص على تجاوزها، وفي حالة عدم القدرة على عمل ذلك ننصح بمعاودة أخصائي نفسية,لمدا كلما انزعجت من شخص ما اشعر بدوار ودقات سريعه للقلب وشعور براسي تقيل تم يغمي علي دون الغياب عن الوعي فما تشخيصكم لهدا وشكرا جزيل,"هذه حاله من التوتر الشديد حيث يرافقها اعراض جسديه عابره, ويمكن الحد منها من خلال التحول المباشر من التفكير في الموضوع المثير الي اي نقطه اهتمام اخري لحين السيطره علي النفس بطريقه افضل, والرياضه اليوميه وجلسات الاسترخاء تساعد الشخص علي تجاوزها, وفي حاله عدم القدره علي عمل ذلك ننصح بمعاوده اخصايي نفسيه",436
ahd5k_01162,32201,graph_train,أمراض الدم,Blood,عندي فقر دم وعملت التحاليل عندي نقص فيتامين دال ونقص حديد وصف لي الدكتور 20 ابرة حديد لمدة شهر هل اخذ هالكمية بهذه المدة آمن أم مضر للجسم ؟ وما...,يجب الاعتماد على نسبة الهيموكلوبين لتحديد طريقة العلاج و كمية العلاج نسبة مخزون الحديد في الجسم مقبولة نعم يوجد نقص في نسبة فيتامين د تركيز الحديد يختلف حسب نوعية العلاج العدد المذكور في رسالتك غير مستوجب وغير متوافق مع التحليل المرسل مع السؤال,عندي فقر دم وعملت التحاليل عندي نقص فيتامين دال ونقص حديد وصف لي الدكتور 20 ابره حديد لمده شهر هل اخذ هالكميه بهذه المده امن ام مضر للجسم ? وما.,يجب الاعتماد علي نسبه الهيموكلوبين لتحديد طريقه العلاج و كميه العلاج نسبه مخزون الحديد في الجسم مقبوله نعم يوجد نقص في نسبه فيتامين د تركيز الحديد يختلف حسب نوعيه العلاج العدد المذكور في رسالتك غير مستوجب وغير متوافق مع التحليل المرسل مع السوال,390
ahd5k_01178,755335,graph_train,الطب البديل,Alternative medicine,شعري لا يطول فحتي عندما اقصه يعود الي طوله قبل القص ولا يزيد عنه وانا ايضا قصيرة فمادا افعل حتي يطول شعري كما انه جاف ومتقصف ويتساقط بكترة ومجعد قليلا...,عليك بالذاء الصحي المتوازن و تناول الفيتامينات و عمل فحص للكشف اذا كان هناك فقر دم او لا,شعري لا يطول فحتي عندما اقصه يعود الي طوله قبل القص ولا يزيد عنه وانا ايضا قصيره فمادا افعل حتي يطول شعري كما انه جاف ومتقصف ويتساقط بكتره ومجعد قليلا.,عليك بالذاء الصحي المتوازن و تناول الفيتامينات و عمل فحص للكشف اذا كان هناك فقر دم او لا,241
ahd5k_01181,806613,graph_train,علم التشريح,Anatomy,أود معرفة ما أسباب تدلي المستقيم؟وطرق العلاج؟,أسباب تدلي القولون هو ارتخاء في الآنسجة الضامة في الجسم، وربما يساعد كثرة الشد في البطن.,اود معرفه ما اسباب تدلي المستقيم?وطرق العلاج?,"اسباب تدلي القولون هو ارتخاء في الانسجه الضامه في الجسم, وربما يساعد كثره الشد في البطن.",133
ahd5k_01185,806775,graph_train,علم الأجنة,Embryology,ماخطر وجود ثلاث خصيات عند الطفل,نظريا لا يوجد أي خطر. ولكن يجب إجراء فحوصات للتأكد أن الخصية الثالثة ليست سببا في أي مشكل آخر؟؟,ماخطر وجود ثلاث خصيات عند الطفل,نظريا لا يوجد اي خطر. ولكن يجب اجراء فحوصات للتاكد ان الخصيه الثالثه ليست سببا في اي مشكل اخر?,126
ahd5k_01190,785346,graph_train,الطب البديل,Alternative medicine,كيف يمكن شد الجلد المترهل في منطقه البطن مع العلم ان الوزن مناسب؟,يمكن شده بممارسة الرياضة أو بالجراحة التجميلية.راجعي اختصاصي تجميل.,كيف يمكن شد الجلد المترهل في منطقه البطن مع العلم ان الوزن مناسب?,يمكن شده بممارسه الرياضه او بالجراحه التجميليه.راجعي اختصاصي تجميل.,132
ahd5k_01220,490162,graph_train,أمراض باطنية,Esoteric,السلام عليكم عمري43 اعاني ارتفاع الصفراء في الدم وصلت الي 7.6 ويوجد تضخم في الطحال والم ف اسفل البطن وجانبين الي الظهر مع احساس بالتعب تحاليل للفيروسات سلبي ومناعةانكا 1/80,ماهي تحاليل وظائف الكبد وصوره الدم ونتيجه الاشعه التليفزيونيه,السلام عليكم عمري43 اعاني ارتفاع الصفراء في الدم وصلت الي 7.6 ويوجد تضخم في الطحال والم ف اسفل البطن وجانبين الي الظهر مع احساس بالتعب تحاليل للفيروسات سلبي ومناعهانكا 1/80,ماهي تحاليل وظايف الكبد وصوره الدم ونتيجه الاشعه التليفزيونيه,233
ahd5k_01221,808405,graph_train,علم التشريح,Anatomy,اعاني منذ فترة خمس سنوات من اصابة العصب السابع وترك بعض الاثار علي منها عند الطعام تذرف عيني اليسرى بالدمع هل هناك علاج للعصب السابع بعد مضي هذه المدة الزمنه,يصعب علاج شلل العصب السابع كلما تأخر العلاج، والعلاج المتبع عادة هو مضادات الالتهاب والكورتيزونات، وقد يضاف إليها مضادات الفيروسات، وقد يستفيد بعض المرضى من العلاج الطبيعي أو العلاج بالإبر الصينية، ولكن التأخر في العلاج يصعب الأمور.,اعاني منذ فتره خمس سنوات من اصابه العصب السابع وترك بعض الاثار علي منها عند الطعام تذرف عيني اليسري بالدمع هل هناك علاج للعصب السابع بعد مضي هذه المده الزمنه,"يصعب علاج شلل العصب السابع كلما تاخر العلاج, والعلاج المتبع عاده هو مضادات الالتهاب والكورتيزونات, وقد يضاف اليها مضادات الفيروسات, وقد يستفيد بعض المرضي من العلاج الطبيعي او العلاج بالابر الصينيه, ولكن التاخر في العلاج يصعب الامور.",389
ahd5k_01231,390602,graph_train,أرجية حساسية,Allergic allergy,تناولت مضاد حيووي زييثرون وانتج حساسيه شديده وتورم في المنطقة التناسليه وانا تعبانه جدا ما الحل ؟,لاتاخذيه مره اخرى استخدمي مضاد هيسامين وكورتيزون موضعي اعملي تحليل حساسية المضادات,تناولت مضاد حيووي زييثرون وانتج حساسيه شديده وتورم في المنطقه التناسليه وانا تعبانه جدا ما الحل ?,لاتاخذيه مره اخري استخدمي مضاد هيسامين وكورتيزون موضعي اعملي تحليل حساسيه المضادات,179
ahd5k_01236,692953,graph_train,جراحة القلب والشرايين,Cardiovascular surgery,السلام عليكم ماهية الاعراض والاضرار مابعد عملية القسطرة وشكرا,القسطرة وسيلة مساعدة للتأكد من تشخيص ما أو استبعاده وليست مرض وليس لها إعراض ولا ضر إلا إذا حصلت مضاعفة ما بسبب حساسية أو خلل تقني,السلام عليكم ماهيه الاعراض والاضرار مابعد عمليه القسطره وشكرا,القسطره وسيله مساعده للتاكد من تشخيص ما او استبعاده وليست مرض وليس لها اعراض ولا ضر الا اذا حصلت مضاعفه ما بسبب حساسيه او خلل تقني,191
ahd5k_01245,266907,graph_train,أرجية حساسية,Allergic allergy,انا اشعر بالصداع والنعاس وحساسية في وجهي والحكة بكل انحاء جسمي كيف استطيع ان اوقف هذا الدواء,معرفة سبب الحساسيه وتجنبه لتتجنب استخدام الادويه يتم ذلك عن طريق RAST Test,انا اشعر بالصداع والنعاس وحساسيه في وجهي والحكه بكل انحاء جسمي كيف استطيع ان اوقف هذا الدواء,معرفه سبب الحساسيه وتجنبه لتتجنب استخدام الادويه يتم ذلك عن طريق rast test,166
ahd5k_01255,803073,graph_train,إسعاف أولي,First aid,ما هي اعراض عضة الجردون؟وكيف يتم لها الاسعافات الاولية؟وهل علاجها بسلسلة من الحقن؟,من أخطر العضات عضة الجرذون لأنها تسبب أمراضا خطيرة مثل حمى عضة الجرذ ، وحمى عضة الفأر والسودوكو ، وأهم أعراض العضة هي : ارتفاع درجة الحرارة ، ارتجاف ، هيجان ، أوجاع العضلات آلام المفاصل . وعلاجها يكون باعطاء المضادات الحيوية مثل البنسيلين والسيبروفلوكساسين وغيرها بعد استشارة الطبيب.,ما هي اعراض عضه الجردون?وكيف يتم لها الاسعافات الاوليه?وهل علاجها بسلسله من الحقن?,"من اخطر العضات عضه الجرذون لانها تسبب امراضا خطيره مثل حمي عضه الجرذ , وحمي عضه الفار والسودوكو , واهم اعراض العضه هي : ارتفاع درجه الحراره , ارتجاف , هيجان , اوجاع العضلات الام المفاصل . وعلاجها يكون باعطاء المضادات الحيويه مثل البنسيلين والسيبروفلوكساسين وغيرها بعد استشاره الطبيب.",365
ahd5k_01259,162039,graph_train,أمراض القلب و الشرايين,Cardiovascular disease,لا أستطبع النوم على جانبي لا الأيمن ولا الأيسر وأجد صعوبة في التنفس العميق. كما أشعر بين الفينة والأخرى بآلام قرب القلب. كما أخبركم أني مريصة بالقلب (مشكل في صمامتين),لا داعي للقلق لكن اسباب ذلك كثيرة وقد لا تكون متعلقة بحالتك السابقة وفي جميع الاحوال لا بد من فحص طبي سريري اولا لبيان خصائص الاعراض وللكشف عن العلامات المرافقة اولا,لا استطبع النوم علي جانبي لا الايمن ولا الايسر واجد صعوبه في التنفس العميق. كما اشعر بين الفينه والاخري بالام قرب القلب. كما اخبركم اني مريصه بالقلب (مشكل في صمامتين),لا داعي للقلق لكن اسباب ذلك كثيره وقد لا تكون متعلقه بحالتك السابقه وفي جميع الاحوال لا بد من فحص طبي سريري اولا لبيان خصايص الاعراض وللكشف عن العلامات المرافقه اولا,331
ahd5k_01262,617838,graph_train,صحة الطفل,Child health,هل لازم ترتفع درجه حراره الرضيع بعدتطعيم شهرين,أحيانا وتعطي خافض حرارة اذا ارتفعت سبتال,هل لازم ترتفع درجه حراره الرضيع بعدتطعيم شهرين,احيانا وتعطي خافض حراره اذا ارتفعت سبتال,86
ahd5k_01266,787211,graph_train,علم الأجنة,Embryology,هل هناك أسباب أخرى محددة تؤدي الى ولادة دات شفة مشقوقة من غير استعمال دواء التوبيراميت.,الشفة الأرنبية تعتبر من التشوهات الخلقية الشائعة نسبيا اذ تصل نسبتها الى 1 في كل 700 ولادة وفي الغالب يكون السبب وراثي وقم تم تحديد الجين المسئول عن ذلك ولكنها قد تنتج عن استعمال بعض الأدوية بجرعات كبيرة نسبيا مثل الاسبرين والكورتيزون والتوبيراميت وادوية اخرى او التعرض للعدوى بواسطة بعض الفيروسات,هل هناك اسباب اخري محدده تودي الي ولاده دات شفه مشقوقه من غير استعمال دواء التوبيراميت.,الشفه الارنبيه تعتبر من التشوهات الخلقيه الشايعه نسبيا اذ تصل نسبتها الي 1 في كل 700 ولاده وفي الغالب يكون السبب وراثي وقم تم تحديد الجين المسيول عن ذلك ولكنها قد تنتج عن استعمال بعض الادويه بجرعات كبيره نسبيا مثل الاسبرين والكورتيزون والتوبيراميت وادويه اخري او التعرض للعدوي بواسطه بعض الفيروسات,384
ahd5k_01290,785063,graph_train,إسعاف أولي,First aid,كيف تتم ازالة شظايا القنابل الصغيرة الانشطارية في المنزل عند عدم التمكن من الذهاب للمستشفى وهل هناك اخطار من بقائها؟,حسب نوعية هذه الشظايا، ولكن في الغالب لا تؤثر في الجسم لأن الجسم يصنع محفظات حولها ويعزلها، ولكن الأفضل مراجعة مستشفى في الفرصة المناسبة وعمل تصوير بالأشعة لتحديد مكان الشظايا ونوعها، وربما استئصالها إذا أمكن.,كيف تتم ازاله شظايا القنابل الصغيره الانشطاريه في المنزل عند عدم التمكن من الذهاب للمستشفي وهل هناك اخطار من بقايها?,"حسب نوعيه هذه الشظايا, ولكن في الغالب لا توثر في الجسم لان الجسم يصنع محفظات حولها ويعزلها, ولكن الافضل مراجعه مستشفي في الفرصه المناسبه وعمل تصوير بالاشعه لتحديد مكان الشظايا ونوعها, وربما استيصالها اذا امكن.",325
ahd5k_01292,773150,graph_train,الطب البديل,Alternative medicine,السلام عليكم .. هل تناول ملعقة يوميا من زيت الحلبة على الريق يزيد من حجم الثدي بجانب التمارين ..؟؟ و ما المدة التى يمكن الاستمرار عليها فى تناول الزيت؟ و...,اشربى من الحلبة كتير اما بالنسبة لزيت الحلبة ضعي منه معلقة على صدرك وادهنى صدرك بزيت الحلبة بالليل وبزيت الزيتون الصبح، وافركي الثديين بشكل دائري ومن أسفل لأعلى ولكنه يحتاج استمرار وصبر لمدة بضع شهور بدون ملل ولا يأس,السلام عليكم . هل تناول ملعقه يوميا من زيت الحلبه علي الريق يزيد من حجم الثدي بجانب التمارين .? و ما المده التي يمكن الاستمرار عليها في تناول الزيت? و.,"اشربي من الحلبه كتير اما بالنسبه لزيت الحلبه ضعي منه معلقه علي صدرك وادهني صدرك بزيت الحلبه بالليل وبزيت الزيتون الصبح, وافركي الثديين بشكل دايري ومن اسفل لاعلي ولكنه يحتاج استمرار وصبر لمده بضع شهور بدون ملل ولا ياس",372
ahd5k_01293,469627,graph_train,أمراض الأسنان,Dental,كيفية التعامل مع انتفاخ ضرس العقل مسببا الام و احمرار الفك الاسفل,لا بد من مضاد حيوي و مسكن الم و مضمضة فموية و هذا كله يتم باشراف الطبيب و باذن الله بعد حوالي ثلاث ايام يصبح مقبولا ولكن لابد من الاستمرار بالعلاج 5-7 ايام,كيفيه التعامل مع انتفاخ ضرس العقل مسببا الام و احمرار الفك الاسفل,لا بد من مضاد حيوي و مسكن الم و مضمضه فمويه و هذا كله يتم باشراف الطبيب و باذن الله بعد حوالي ثلاث ايام يصبح مقبولا ولكن لابد من الاستمرار بالعلاج 5-7 ايام,220
ahd5k_01294,456457,graph_train,جراحة القلب والشرايين,Cardiovascular surgery,تعاني والدتي من انسداد في الصمام الابهر بنسبة 40-60. حيث والتقرير ينصح باجراء عملية قلب مفتوح وتبديل صمامالابهر مع العلم انها تعاني من مرض السكري وضغط الدمز. العمر65س,العمليات الجراحية اليوم لا يعيقها أي مرض إذا ما تمت السيطرة عليه بشكل جيد قبل وأثناء وبعد العمل الجراحي، فلا داعي للقلق,تعاني والدتي من انسداد في الصمام الابهر بنسبه 40-60. حيث والتقرير ينصح باجراء عمليه قلب مفتوح وتبديل صمامالابهر مع العلم انها تعاني من مرض السكري وضغط الدمز. العمر65س,"العمليات الجراحيه اليوم لا يعيقها اي مرض اذا ما تمت السيطره عليه بشكل جيد قبل واثناء وبعد العمل الجراحي, فلا داعي للقلق",285
ahd5k_01295,492516,graph_train,إسعاف أولي,First aid,انا ابتلعت دبوس امس ولا اشعر ببلعه واعاني بوجع صدري كيف اعمل,الافضل زيارة الطبيب لاجراء الفحوصات اللازمة و أشعة لمعرفة ممان الدبوس والتأكد من وجوده و اي اذية اخرى فيما اذا كان موجودا وتلقي العلاج المناسب,انا ابتلعت دبوس امس ولا اشعر ببلعه واعاني بوجع صدري كيف اعمل,الافضل زياره الطبيب لاجراء الفحوصات اللازمه و اشعه لمعرفه ممان الدبوس والتاكد من وجوده و اي اذيه اخري فيما اذا كان موجودا وتلقي العلاج المناسب,202
ahd5k_01312,430732,graph_train,أمراض باطنية,Esoteric,انا فتاه عمري23 عزباء عندي هرمون الفا فيتو بروتين وصل 400 فهل يشكل خطوره,يجب عمل سونار بطن وحوض مع انريمات الكبد,انا فتاه عمري23 عزباء عندي هرمون الفا فيتو بروتين وصل 400 فهل يشكل خطوره,يجب عمل سونار بطن وحوض مع انريمات الكبد,111
ahd5k_01325,735001,graph_train,أمراض الدم,Blood,عندى بقع بنية على جانبى الوجة وانا اعانى من انيميا 10 وكان عندى حصوات بالمرارة وعملت العملية ولا زالت البقع موجودة ما العلاج الاكيد وشكرا,من الواضح انكب تعانين من تكسر مزمن في الدم أدى لظهور الحصى في المرارة لذا أنصحكم بمراجعة طبيب اختصاص دم لمعرفة نوعية التكسر والتي على الأغلب ان يكون العامل الوراثي له دور كبير,عندي بقع بنيه علي جانبي الوجه وانا اعاني من انيميا 10 وكان عندي حصوات بالمراره وعملت العمليه ولا زالت البقع موجوده ما العلاج الاكيد وشكرا,من الواضح انكب تعانين من تكسر مزمن في الدم ادي لظهور الحصي في المراره لذا انصحكم بمراجعه طبيب اختصاص دم لمعرفه نوعيه التكسر والتي علي الاغلب ان يكون العامل الوراثي له دور كبير,312
ahd5k_01330,784660,graph_train,الطب البديل,Alternative medicine,ماهو البردقوش وهل يوجد باليمن وهل يزيد من عدد الحيوانات المنويه؟,البردقوش v ينظم هرمونات الرينين و الألدسترون وينظم ضغط الدم. v منشط عام ، و يعمل على إعادة الاتزان الهرموني فينظم الدورة الشهرية وينشط المبايض فيساعد على الحمل، و يزيل الماء الزائد من الجسم. v طارد للغازات. v يفيد في علاج الروماتيزم و الأكزيما و القرح المعدية. v يستعمل من الخارج كتدليك لالتهاب الأعصاب و آلام عضلات العنق. v له تأثير مضاد للأكسدة و يحوي على مواد تمنع تهتك الخلايا. v إذا أخذ مساءً يؤدي إلى الإسترخاء.. v ثبت حديثاً أن المستخلص المائي المحتفظ بالزيوت الطيارة منه يخفض سكر الدم بنسبة تصل إلى 15%. v الزكام و توسيع الشعب الهوائية. v ضبط الضغط المرتفع و إزلة الماء الزائد و تورمات القدمين. v انسمام الحمل. v القضاء على آلام المفاصل و الآلام الروماتيزمية. v لعلاج آلام الأذن,ماهو البردقوش وهل يوجد باليمن وهل يزيد من عدد الحيوانات المنويه?,"البردقوش v ينظم هرمونات الرينين و الالدسترون وينظم ضغط الدم. v منشط عام , و يعمل علي اعاده الاتزان الهرموني فينظم الدوره الشهريه وينشط المبايض فيساعد علي الحمل, و يزيل الماء الزايد من الجسم. v طارد للغازات. v يفيد في علاج الروماتيزم و الاكزيما و القرح المعديه. v يستعمل من الخارج كتدليك لالتهاب الاعصاب و الام عضلات العنق. v له تاثير مضاد للاكسده و يحوي علي مواد تمنع تهتك الخلايا. v اذا اخذ مساء يودي الي الاسترخاء. v ثبت حديثا ان المستخلص المايي المحتفظ بالزيوت الطياره منه يخفض سكر الدم بنسبه تصل الي 15%. v الزكام و توسيع الشعب الهواييه. v ضبط الضغط المرتفع و ازله الماء الزايد و تورمات القدمين. v انسمام الحمل. v القضاء علي الام المفاصل و الالام الروماتيزميه. v لعلاج الام الاذن",750
ahd5k_01350,109462,graph_train,أمراض القلب و الشرايين,Cardiovascular disease,اعاني من حموضة وصعوبة في التنفس وصعوبة بلع والم في الجانب الايسر من الصدر مع تعب في الكتف اليسرى بعد ابذال مجهود فهل هذا خطر على القلب ام حموضة عادية,لا علاقه له بالقلب . اعمل رسم قلب وايكو ع الاقل وراجع طبيب الباطنه والعظام,اعاني من حموضه وصعوبه في التنفس وصعوبه بلع والم في الجانب الايسر من الصدر مع تعب في الكتف اليسري بعد ابذال مجهود فهل هذا خطر علي القلب ام حموضه عاديه,لا علاقه له بالقلب . اعمل رسم قلب وايكو ع الاقل وراجع طبيب الباطنه والعظام,223
ahd5k_01358,776142,graph_train,الطب البديل,Alternative medicine,ما هو ابسط علاج لمرض السكر بدون كيماويات؟,أشاطرك القلق حول الادوية الصنعية، ولكن الكيماويات هي المادة الفعالة حتى في العلاجات غير المصنعة وسمعت وشاهدت الكثير من المرضى الذين استخدموا علاجات طبيعية، بعضهم استجاب بشكل ايجابي وبعضهم الاخر تعرض لارتفاعات خطيرة في مستويات سكر الدم بسبب ترك العلاج الصنعي المشكلة في العلاجات الطبيعية أنها غير مدروسة، لا من حيث الفعالية ولا من حيث التأثيرات الجانبية والسمية المحتملة الحادة أوعلى المستوى البعيد، ومن ناحية أخرى حتى الفعال منها لا يمكن اعطاء جرعة دقيقة ولا يمكن التنبؤ بنتائجها لدى الغالبة العظمى من المرضى، فمثل الادوية الصنعية، قد تكون فعالة لدى بعض المرضى وغير فعالة لدى مرضى آخرين تحياتي,ما هو ابسط علاج لمرض السكر بدون كيماويات?,"اشاطرك القلق حول الادويه الصنعيه, ولكن الكيماويات هي الماده الفعاله حتي في العلاجات غير المصنعه وسمعت وشاهدت الكثير من المرضي الذين استخدموا علاجات طبيعيه, بعضهم استجاب بشكل ايجابي وبعضهم الاخر تعرض لارتفاعات خطيره في مستويات سكر الدم بسبب ترك العلاج الصنعي المشكله في العلاجات الطبيعيه انها غير مدروسه, لا من حيث الفعاليه ولا من حيث التاثيرات الجانبيه والسميه المحتمله الحاده اوعلي المستوي البعيد, ومن ناحيه اخري حتي الفعال منها لا يمكن اعطاء جرعه دقيقه ولا يمكن التنبو بنتايجها لدي الغالبه العظمي من المرضي, فمثل الادويه الصنعيه, قد تكون فعاله لدي بعض المرضي وغير فعاله لدي مرضي اخرين تحياتي",634
ahd5k_01372,730133,graph_train,جراحة القلب والشرايين,Cardiovascular surgery,انا عملت جراحة فى القلب وتم تغير الصمام المترالى بصمام ميكانيكى صناعى وباخد دواء واريفان ( لسيولة الدم ) 8 ملجرام ومصاب بالانفلوانزا ماالعلاج المناسب,العلاج يتطلب معاودة طبيبك المعالج للتأكد من العدوى الفيروسية أولاً,انا عملت جراحه في القلب وتم تغير الصمام المترالي بصمام ميكانيكي صناعي وباخد دواء واريفان ( لسيوله الدم ) 8 ملجرام ومصاب بالانفلوانزا ماالعلاج المناسب,العلاج يتطلب معاوده طبيبك المعالج للتاكد من العدوي الفيروسيه اولا,215
ahd5k_01375,410262,graph_train,أمراض القلب و الشرايين,Cardiovascular disease,هل حبوب كريستور(rousovastatin) تؤثر على عضلة القلب ؟,هو علاج خافض للكولسترول وليس له أثير ضار على القلب,هل حبوب كريستور(rousovastatin) توثر علي عضله القلب ?,هو علاج خافض للكولسترول وليس له اثير ضار علي القلب,102
ahd5k_01394,786635,graph_train,تشخيص,Diagnosis,هل يوجد أعشاب طبية تساعد على الشفاء من حالة الاكتئاب و الشعور بالخوف ، علما بأنه يوجد لدي فقر دم (انيميا الفول ) و يتجدث حالات الاكتئاب هذه عند تناول...,يختلف تأثير الطعام على الإنسان من شخص لآخر تبعاً للعديد من العوامل والأسباب وإن من أهم أسباب الشعور بالاكتئاب هو نقص عناصر غذائية في وجباتنا الغذائية . مشروبات بين الوجبات للقضاء على الاكتئاب للحالات العادية : - شاي الأعشاب المكوّن من التليو + النعناع + البابونج . - شاي اللافندر + اليانسون + الزعتر والمريمية . للاكتئاب الحاد شاي الأعشاب مكون من أوراق البرتقال + اللافندر + الكركديه . شاي الأعشاب مكون من الكنيدولا + الفاليريانا + اليانسون مع عصير الخس الطازج مخلوط بربع كوب عصير الكرفس أعشاب ومشروبات في حالات الفشل العاطفي : المردقوش + الهندباء البرية مع ملعقة عسل … وقت العصر وبعد صلاة العشاء . للاكتئاب انقطاع ( الطمث ، سن اليأس ) وصفات سريعة لحالات متنوعة : كركديه + المردقوش + الخزام + ورق النارنج . للخوف الشديد وتوتر الأعصاب والفزع يؤخذ شاي الأعشاب / أكليل الجبل + الفنطريون وشرب عصير التفاح المخلوط بعصير الكرفس النيئ يؤخذ لتقوية الأعصاب ضد الضعف النفسي وله أكبر أثر على الدماغ ، وتهدئة النفس شاي أكليل الجبل والزيتون + الزعتر ، وغلي بصلة وشرب مائها مضاف له ورقتين من الملفوف لمدة (3) أسابيع وأخذ ملعقة كبيرة مرتين من زيت جنين القمح وتناول حبوب الهريس أو البليلة . ولفقد عزيز يؤخذ شاي الفنطريون والمردقوش + الهندباء البرية ويفضل وضع الكرفس النيئ على السلطة الخضراء في الاكتئاب والتفكير الحزين يفيد الخردل أوخلاصة بقلة يوحنا(سان جون ورت) أو خلاصة كافاكافا. وهذه أكثر فاعلية وأمنا من دواء البروزاك الشهير وبعض المواد التي تفيد في علاج الاكتئاب كفيتامين (ب) مركب تعيد التوازن الكيماوي الحيوي بالجسم مع تناول البطاطس المسلوقة وشرب اللبن يفيد. لأن به مادة التروفان التي يصنع منها هورمون السيروتنين في وجود فيتامين ب6 وب3 وعنصر الزنك. وهذا الهورمون يلعب دورا رئيسيا في ازالة الاكتئاب. ا,"هل يوجد اعشاب طبيه تساعد علي الشفاء من حاله الاكتياب و الشعور بالخوف , علما بانه يوجد لدي فقر دم (انيميا الفول ) و يتجدث حالات الاكتياب هذه عند تناول.","يختلف تاثير الطعام علي الانسان من شخص لاخر تبعا للعديد من العوامل والاسباب وان من اهم اسباب الشعور بالاكتياب هو نقص عناصر غذاييه في وجباتنا الغذاييه . مشروبات بين الوجبات للقضاء علي الاكتياب للحالات العاديه : - شاي الاعشاب المكون من التليو + النعناع + البابونج . - شاي اللافندر + اليانسون + الزعتر والمريميه . للاكتياب الحاد شاي الاعشاب مكون من اوراق البرتقال + اللافندر + الكركديه . شاي الاعشاب مكون من الكنيدولا + الفاليريانا + اليانسون مع عصير الخس الطازج مخلوط بربع كوب عصير الكرفس اعشاب ومشروبات في حالات الفشل العاطفي : المردقوش + الهندباء البريه مع ملعقه عسل … وقت العصر وبعد صلاه العشاء . للاكتياب انقطاع ( الطمث , سن الياس ) وصفات سريعه لحالات متنوعه : كركديه + المردقوش + الخزام + ورق النارنج . للخوف الشديد وتوتر الاعصاب والفزع يوخذ شاي الاعشاب / اكليل الجبل + الفنطريون وشرب عصير التفاح المخلوط بعصير الكرفس النيي يوخذ لتقويه الاعصاب ضد الضعف النفسي وله اكبر اثر علي الدماغ , وتهديه النفس شاي اكليل الجبل والزيتون + الزعتر , وغلي بصله وشرب مايها مضاف له ورقتين من الملفوف لمده (3) اسابيع واخذ ملعقه كبيره مرتين من زيت جنين القمح وتناول حبوب الهريس او البليله . ولفقد عزيز يوخذ شاي الفنطريون والمردقوش + الهندباء البريه ويفضل وضع الكرفس النيي علي السلطه الخضراء في الاكتياب والتفكير الحزين يفيد الخردل اوخلاصه بقله يوحنا(سان جون ورت) او خلاصه كافاكافا. وهذه اكثر فاعليه وامنا من دواء البروزاك الشهير وبعض المواد التي تفيد في علاج الاكتياب كفيتامين (ب) مركب تعيد التوازن الكيماوي الحيوي بالجسم مع تناول البطاطس المسلوقه وشرب اللبن يفيد. لان به ماده التروفان التي يصنع منها هورمون السيروتنين في وجود فيتامين ب6 وب3 وعنصر الزنك. وهذا الهورمون يلعب دورا رييسيا في ازاله الاكتياب. ا",1742
ahd5k_01406,571258,graph_train,أمراض القلب و الشرايين,Cardiovascular disease,"انا عندى 16 سنة وعندي ارتخاء بالصمام الميترالى والاعراض اللى عندي دوخة لما أقف و بتعب من أقل مجهود , وعند الاستيقاظ هناك ضيق بالتنفس,والدكتورظكاتبلى اندرال 20 جم بس مش...",نرى من المهم معاودة طبيبك لتعديل العلاج فقد يتطلب الأمر تغير الاندرال أو تخفيض جرعته,"انا عندي 16 سنه وعندي ارتخاء بالصمام الميترالي والاعراض اللي عندي دوخه لما اقف و بتعب من اقل مجهود , وعند الاستيقاظ هناك ضيق بالتنفس,والدكتورظكاتبلي اندرال 20 جم بس مش.",نري من المهم معاوده طبيبك لتعديل العلاج فقد يتطلب الامر تغير الاندرال او تخفيض جرعته,254
ahd5k_01418,787042,graph_train,أرجية حساسية,Allergic allergy,هل هناك اسباب للحساسية من الباراسيتمول وما الاغذية التى امتنع عنها وما هى الاغذية التى ااكلها,يسمح لك بتناول ما تشاء الممنوع هو الباندول,هل هناك اسباب للحساسيه من الباراسيتمول وما الاغذيه التي امتنع عنها وما هي الاغذيه التي ااكلها,يسمح لك بتناول ما تشاء الممنوع هو الباندول,135
ahd5k_01422,64940,graph_train,أمراض الدم,Blood,كان لدي ارتفاع بسيط في الصفائح ٤٦١ وعندما ولدت بعد ٥٠ يوم التحليل طلع ٦٧٩ واشكو من عدم اكتمال النفس في بعض الاوقات وقال لي الطبيب لديك التهاب في الصدر...,يجب اجراء فحص نسبة الحديد اولاونسبة معدل الالتهابات في الدم واذا كانت هذه طبيعية ومرت على الحالة 3 شهور يجب اجراء فحص نخاع العظم,كان لدي ارتفاع بسيط في الصفايح 461 وعندما ولدت بعد 50 يوم التحليل طلع 679 واشكو من عدم اكتمال النفس في بعض الاوقات وقال لي الطبيب لديك التهاب في الصدر.,يجب اجراء فحص نسبه الحديد اولاونسبه معدل الالتهابات في الدم واذا كانت هذه طبيعيه ومرت علي الحاله 3 شهور يجب اجراء فحص نخاع العظم,281
ahd5k_01423,764662,graph_train,الطب البديل,Alternative medicine,عمري 18 سنة وأنا أعاني من صغر الثدي هل يوجد أي حل لتكبيره دون جراحة?,حليب الصويا له فوائد عديدة فهو يزيد من افراز هرمون الأستروجين الأنثوي الذي يثير الرغبة الجنسية عند المرأة ويزيد من حجم الأعضاء التناسلية والثديين، يمكنك استعماله كما تشائين سواء شرب كالحليب أو عمل جبنة، وهناك الحلبة تعمل على تكبير الثدي.,عمري 18 سنه وانا اعاني من صغر الثدي هل يوجد اي حل لتكبيره دون جراحه?,"حليب الصويا له فوايد عديده فهو يزيد من افراز هرمون الاستروجين الانثوي الذي يثير الرغبه الجنسيه عند المراه ويزيد من حجم الاعضاء التناسليه والثديين, يمكنك استعماله كما تشايين سواء شرب كالحليب او عمل جبنه, وهناك الحلبه تعمل علي تكبير الثدي.",305
ahd5k_01440,781427,graph_train,أمراض الدم,Blood,طفلتي عندما تتعرض لأي ضربة على يديها أو أرجلها أو أي منطقة من جسمها تظهر بقع زرقاء كبيرة الحجم لا تتناسب مع قوة الضربة....فهل هذا مرض أم شيء طبيعي؟,هذه البقع حسب حجمها قد تكون عبارة عن نزف بسيط تحت الجلد عليك اجراء فحوصات للصفيحات الدموية أولاً و عوامل تخثر اخرى عن طريق الطبيب المختص,طفلتي عندما تتعرض لاي ضربه علي يديها او ارجلها او اي منطقه من جسمها تظهر بقع زرقاء كبيره الحجم لا تتناسب مع قوه الضربه.فهل هذا مرض ام شيء طبيعي?,هذه البقع حسب حجمها قد تكون عباره عن نزف بسيط تحت الجلد عليك اجراء فحوصات للصفيحات الدمويه اولا و عوامل تخثر اخري عن طريق الطبيب المختص,283
ahd5k_01465,596113,graph_train,أمراض باطنية,Esoteric,اعاني من اﻻم اسفل البطن,من الممكن ان يكون نتيجة لعدة اسباب نحتاج الى تاريخ المرضي كامل والفحص السريري ومن ثم التشخيص و العلاج الاسباب المحتملة: - امساك مزمن - فتق - حصوات مجرى البول - التهاب مجرى البول - القولون العصبي - التهاب الزائدة الدودية,اعاني من اﻻم اسفل البطن,من الممكن ان يكون نتيجه لعده اسباب نحتاج الي تاريخ المرضي كامل والفحص السريري ومن ثم التشخيص و العلاج الاسباب المحتمله: - امساك مزمن - فتق - حصوات مجري البول - التهاب مجري البول - القولون العصبي - التهاب الزايده الدوديه,242
ahd5k_01491,720295,graph_train,أمراض الغدد الصماء,Endocrine,عمري ٢٥سنة واعاني من نشاط زائد في الغده الدرقية وقمت بأخذ جرعه من اليود النووي المشع وعندي طفل عمره سنه فما المده الزمنيه المحدده اللتي سأتمكن بعدها,ستتمكن بعدها من ماذا اذا كان المقصود التعامل والاقتراب من الطفل فبعد اسبوع يمكنك ذلك اما اذا كان المقصود محاولة انجاب طفل اخر فالمدة هي 6 اشهر,عمري 25سنه واعاني من نشاط زايد في الغده الدرقيه وقمت باخذ جرعه من اليود النووي المشع وعندي طفل عمره سنه فما المده الزمنيه المحدده اللتي ساتمكن بعدها,ستتمكن بعدها من ماذا اذا كان المقصود التعامل والاقتراب من الطفل فبعد اسبوع يمكنك ذلك اما اذا كان المقصود محاوله انجاب طفل اخر فالمده هي 6 اشهر,290
ahd5k_01510,176662,graph_train,أمراض القلب و الشرايين,Cardiovascular disease,يشعر والدي بألم في منطقة الصدر علما ان والدي مصاب بجلطة قلبية ودماغية اليوم قد تناول بيزا وكانت دسمة،،،،،هل هذا الم قلب ام الام معدة,لا يمكن معرفة ذلك بدون فحص يسمح بالتحقق من خصائص الالم وباقي الاعراض وللكشف عن العلامات المرافقة التي تساعد في معرفة السبب بدقة,"يشعر والدي بالم في منطقه الصدر علما ان والدي مصاب بجلطه قلبيه ودماغيه اليوم قد تناول بيزا وكانت دسمه,هل هذا الم قلب ام الام معده",لا يمكن معرفه ذلك بدون فحص يسمح بالتحقق من خصايص الالم وباقي الاعراض وللكشف عن العلامات المرافقه التي تساعد في معرفه السبب بدقه,259
ahd5k_01515,795116,graph_train,علم الأجنة,Embryology,هل يوجد تأثير على الجنين في حالة تعاطي أقراص ميزوتاك في بداية الحمل بغرض الإجهاض وأنا الآن اقتنعت باكمال الحمل ولكن قلق من تأثر الجنين بالمادة الفعالة لهذا الدواء؟,ننصحك بمتابعه الحمل لدى طبيبك النسائيه وكذلك اجراء فحص رباعي الابعاد لسلامه الجنين في الشهر الثالث والخامس من الحمل للاطمئنان على سلامه الجنين,هل يوجد تاثير علي الجنين في حاله تعاطي اقراص ميزوتاك في بدايه الحمل بغرض الاجهاض وانا الان اقتنعت باكمال الحمل ولكن قلق من تاثر الجنين بالماده الفعاله لهذا الدواء?,ننصحك بمتابعه الحمل لدي طبيبك النساييه وكذلك اجراء فحص رباعي الابعاد لسلامه الجنين في الشهر الثالث والخامس من الحمل للاطمينان علي سلامه الجنين,305
ahd5k_01518,170275,graph_train,أمراض باطنية,Esoteric,حموضة في فمي واحساس برائحة تفاح متعفن مع كدمات زرقاء غامقة في قدماي واحساس بغبوش في الرؤية,كشف سريري وعمل الفحوصات الاتية صورة دم لعدد الصفائح الدموية وكرات الدم البيضاء والحمراء تحليل سكر صايم وبعد الاكل بساعتين وتراكمي واستون بالدم تحليل وظائف كلي وال eGFR تحليل بول وبراز.. اشعة بالموجات ف الصوتية,حموضه في فمي واحساس برايحه تفاح متعفن مع كدمات زرقاء غامقه في قدماي واحساس بغبوش في الرويه,كشف سريري وعمل الفحوصات الاتيه صوره دم لعدد الصفايح الدمويه وكرات الدم البيضاء والحمراء تحليل سكر صايم وبعد الاكل بساعتين وتراكمي واستون بالدم تحليل وظايف كلي وال egfr تحليل بول وبراز. اشعه بالموجات ف الصوتيه,299
ahd5k_01537,764877,graph_train,جراحة القلب والشرايين,Cardiovascular surgery,قمت بعمل اشعة بالصبغة على الاورطى والشرايين الطرفية وجت انتفاخ بالوجه ووجع بالجسم ارجو الافادة,نرجو توضيح السؤال وما هي نتيجة الفحص الشعاعي كما وردت في التقرير ليتسنى لنا معرفة النتيجة ومن ثم التشخيص,قمت بعمل اشعه بالصبغه علي الاورطي والشرايين الطرفيه وجت انتفاخ بالوجه ووجع بالجسم ارجو الافاده,نرجو توضيح السوال وما هي نتيجه الفحص الشعاعي كما وردت في التقرير ليتسني لنا معرفه النتيجه ومن ثم التشخيص,198
ahd5k_01551,777350,graph_train,علم النبات,Botany,ماهي أضرارشجرة القات وماهي منافعها إذا لها فوائد وهل صحيح أنها علاج لمرضى السكر,مضاره: ١- يؤدي إلى صعوبة التبول، وإفرازات منوية لاإرادية بعد التبول وكذلك الضعف الجنسي. ٢-زيادة السكر في الدم والتعرض لمرض السكري ٣-يقلل نسبة البروتين في الدم مما يؤثر على نمو الجسم ويسبب الهزال وضعف البنية لدى المتعاطين ٤-يسبب عسر الهضم ويؤدي إلي البواسير وفقدان الشهية والإمساك، وهو من أهم أعراض تعاطي القات. ٥-يؤدي إلى ازدياد حالات سرطانات الفم والفك. والقات يؤدي إلى الإدمان.,ماهي اضرارشجره القات وماهي منافعها اذا لها فوايد وهل صحيح انها علاج لمرضي السكر,"مضاره: 1- يودي الي صعوبه التبول, وافرازات منويه لااراديه بعد التبول وكذلك الضعف الجنسي. 2-زياده السكر في الدم والتعرض لمرض السكري 3-يقلل نسبه البروتين في الدم مما يوثر علي نمو الجسم ويسبب الهزال وضعف البنيه لدي المتعاطين 4-يسبب عسر الهضم ويودي الي البواسير وفقدان الشهيه والامساك, وهو من اهم اعراض تعاطي القات. 5-يودي الي ازدياد حالات سرطانات الفم والفك. والقات يودي الي الادمان.",458
ahd5k_01558,447720,graph_train,جراحة القلب والشرايين,Cardiovascular surgery,أعاني من حرقان بكامل بجسمي والتهاب المسالك البوليه وارتفاع الكلسترول والدهون الثلاثيه مال الحل جزاكم الله خير وما قد يكون المسبب,لا نعرف تاريخك الصحي، مع ذلك ننصح بمعاودة طبيك لاستكمال التشخيص ووضع خطة علاجية تتناسب مع حالتك، لأن علاج ارتفاع الكوليستيرول والدهنيات يشمل أدوية وحمية وتغير نمط الحياة ولكل حالة علاجها الخاص وفق نمطها الشحمي وعوامل الاختطار التي يكشف عنها الطبيب عند التشخيص.,اعاني من حرقان بكامل بجسمي والتهاب المسالك البوليه وارتفاع الكلسترول والدهون الثلاثيه مال الحل جزاكم الله خير وما قد يكون المسبب,"لا نعرف تاريخك الصحي, مع ذلك ننصح بمعاوده طبيك لاستكمال التشخيص ووضع خطه علاجيه تتناسب مع حالتك, لان علاج ارتفاع الكوليستيرول والدهنيات يشمل ادويه وحميه وتغير نمط الحياه ولكل حاله علاجها الخاص وفق نمطها الشحمي وعوامل الاختطار التي يكشف عنها الطبيب عند التشخيص.",388
ahd5k_01567,796269,graph_train,أمراض باطنية,Esoteric,ماهي علاجات حمى التهاب باطن القدم وباطن اليد وماهي الفحوصات للتاكد من اسباب هذا المرض؟,اسباب حرقة باطن القدم وباطن اليد كثيرة مثل : 1- مرض السكري بعد مرور عدة سنوات 2- نقص فيتامين ب 3- التصلب اللويحي 4- نقص الحديد الشديد و نقص الزنك التهاب الاعصاب الطرفية و يكمن العلاج في معرفة السبب.,ماهي علاجات حمي التهاب باطن القدم وباطن اليد وماهي الفحوصات للتاكد من اسباب هذا المرض?,اسباب حرقه باطن القدم وباطن اليد كثيره مثل : 1- مرض السكري بعد مرور عده سنوات 2- نقص فيتامين ب 3- التصلب اللويحي 4- نقص الحديد الشديد و نقص الزنك التهاب الاعصاب الطرفيه و يكمن العلاج في معرفه السبب.,284
ahd5k_01574,172658,graph_train,أمراض القلب و الشرايين,Cardiovascular disease,اعاني من ضربات القلب السريعه والقويه وتزدادأثناء النوم ذهبت منذ سنين الى مشفى واستخدمت دواء ينظم الدقات وتركته بعد فتره ولم اتحسن ذهبت لمشافي اخرى ولكن يقولون لي لا توجد...,بما ان الفحص الطبي كان سليما فلا داعي للقلق فقد يكون السبب القلق والإجهاد النفسي ليس اكثر,اعاني من ضربات القلب السريعه والقويه وتزداداثناء النوم ذهبت منذ سنين الي مشفي واستخدمت دواء ينظم الدقات وتركته بعد فتره ولم اتحسن ذهبت لمشافي اخري ولكن يقولون لي لا توجد.,بما ان الفحص الطبي كان سليما فلا داعي للقلق فقد يكون السبب القلق والاجهاد النفسي ليس اكثر,261
ahd5k_01577,762760,graph_train,صحة المسنين,Elderly health,والدي وقع من الدرج قبل ثلالث ايام نلاحظ هناك زغللة في عينه اليمنى مع حول فيها تم قياسة مستوى السكر اليوم 200 اتمنى افادتي بهذا الامر هل له علاقة بالحلطة...,السكري مرتفع يا بنتي! خذيه رلى طبيب الأمراض الباظنة أو السكري فوراً.,والدي وقع من الدرج قبل ثلالث ايام نلاحظ هناك زغلله في عينه اليمني مع حول فيها تم قياسه مستوي السكر اليوم 200 اتمني افادتي بهذا الامر هل له علاقه بالحلطه.,السكري مرتفع يا بنتي! خذيه رلي طبيب الامراض الباظنه او السكري فورا.,223
ahd5k_01578,805860,graph_train,كيمياء حيوية,Biochemistry,ماهي الاهمية الطبية للجلوكوز والفركتوز والجالكتوز؟,الجلاكتوز هو نوع من انواع السكر يدخل في تركيب الكثير من البروتينات والدهون في الخلايا اذا تم اضافة الجلوكوز له برابطة ثنائية ينج عندنا سكر اللاكتوز وهو من اهم مكونات الحليب الطبيعي الخلل في تمثيل السكر يؤدي الى امراض في العين وفقدان حاسة الشم واختلال وظائف الكبد والكلى الجلوكوز ويسمى ايضا سكر العنب اوسكر الذرة وهو المصدر الاساسي للطاقة داخل الخلية الفركتوز هو نوع اخر من السكر يكون مكونا لجدار الخلايا واي خلل في تمثيله يؤدي الي اختلال في وظائف الكبد والكلى,ماهي الاهميه الطبيه للجلوكوز والفركتوز والجالكتوز?,الجلاكتوز هو نوع من انواع السكر يدخل في تركيب الكثير من البروتينات والدهون في الخلايا اذا تم اضافه الجلوكوز له برابطه ثناييه ينج عندنا سكر اللاكتوز وهو من اهم مكونات الحليب الطبيعي الخلل في تمثيل السكر يودي الي امراض في العين وفقدان حاسه الشم واختلال وظايف الكبد والكلي الجلوكوز ويسمي ايضا سكر العنب اوسكر الذره وهو المصدر الاساسي للطاقه داخل الخليه الفركتوز هو نوع اخر من السكر يكون مكونا لجدار الخلايا واي خلل في تمثيله يودي الي اختلال في وظايف الكبد والكلي,509
ahd5k_01579,494295,graph_train,أمراض الأسنان,Dental,متى يلجأ الدكتور الي نزع عَصّب السن او الضرس,عندما يشتكى المريض من الاحساس بالساخن والبارد وعلامات متقدمة لتسوس الاسنان او كسر بالسن يصل لمنطقة عصب السن او الضرس,متي يلجا الدكتور الي نزع عصب السن او الضرس,عندما يشتكي المريض من الاحساس بالساخن والبارد وعلامات متقدمه لتسوس الاسنان او كسر بالسن يصل لمنطقه عصب السن او الضرس,160
ahd5k_01584,746746,graph_train,حمل الأنابيب,Carry tubes,هل نقص فيتمين دال يسبب لاجهاض للحامل وياخر لانجاب للرجل والمرئه ...من رد على سوالي فرج الله همه وكفاه شر لامراض وجميع المسلمين اللهم امين,سيدتي لا ياسيدتي لايوجد هكدا سبب للطرح المتكرر وعليك تحديد مشكلتك لي بالتفصيل دابراهيم الهنداوي مستشار العقم واطفال الانابيب 00962776420095-الاردن,هل نقص فيتمين دال يسبب لاجهاض للحامل وياخر لانجاب للرجل والمريه .من رد علي سوالي فرج الله همه وكفاه شر لامراض وجميع المسلمين اللهم امين,سيدتي لا ياسيدتي لايوجد هكدا سبب للطرح المتكرر وعليك تحديد مشكلتك لي بالتفصيل دابراهيم الهنداوي مستشار العقم واطفال الانابيب 00962776420095-الاردن,283
ahd5k_01585,785691,graph_train,علم الأجنة,Embryology,سلام لقد اجريت فحص الهرمون B-HCG ،و نتائج التحاليل كما يللي 3-4 اسبوع 9-130 4-5 اسبوع 75-2600 5-6 اسبوع 850-20800 7-8 اسبوع 4000-100200 7-12 اسبوع 11500-289000 12-16 اسبوع 18300-137000 و...,يجب عمل التراساوند للتأكد من وجود كيس حمل داخل الرحم ومعرفة عمر الجنين متمنيا لكم كل النجاح والتوفيق ……..,"سلام لقد اجريت فحص الهرمون b-hcg ,و نتايج التحاليل كما يللي 3-4 اسبوع 9-130 4-5 اسبوع 75-2600 5-6 اسبوع 850-20800 7-8 اسبوع 4000-100200 7-12 اسبوع 11500-289000 12-16 اسبوع 18300-137000 و.",يجب عمل التراساوند للتاكد من وجود كيس حمل داخل الرحم ومعرفه عمر الجنين متمنيا لكم كل النجاح والتوفيق …….,294
ahd5k_01611,617536,graph_train,صحة الطفل,Child health,لسلام عليكم ممكن تساعدوني ابني عملتله تطعيم سنة ونص اليوم هو يعاني من ارتفاع الحرارة ومايقدر يحرك رجلو وحتى يوقف وهو كتير البكاء كيف اتعامل معاه كيف اخفف من الم...,من الطبيعي ان يصاحب هذا المطعوم حراره والم في مكان المطعوم والمفروض ان تزول هذه الاعراض خلال 48 ساعة وعليكي استخدام خافض حراره ومسكن للالم .,لسلام عليكم ممكن تساعدوني ابني عملتله تطعيم سنه ونص اليوم هو يعاني من ارتفاع الحراره ومايقدر يحرك رجلو وحتي يوقف وهو كتير البكاء كيف اتعامل معاه كيف اخفف من الم.,من الطبيعي ان يصاحب هذا المطعوم حراره والم في مكان المطعوم والمفروض ان تزول هذه الاعراض خلال 48 ساعه وعليكي استخدام خافض حراره ومسكن للالم .,303
ahd5k_01629,730049,graph_train,حمل الأنابيب,Carry tubes,"على ماذا تعتمد نسبة نجاح أطفال الانابيب؟ ,ما هي نسبة نجاح طفل الانابيب ؟",تعتمد نسبة نجاح طفل الأنابيب على عدة عوامل، ومنها الآتي: عمر المرأة. وجود حمل سابق. الحالة الصحية للزوجين. سبب اللجوء لعملية الأنابيب. نمط الحياة والعادات المتبعة، مثل التدخين. سلامة الحيوانات المنوية للزوج. التقنية المتبعة في المركز العلاجي. خبرة الطبيب المعالج. يشار أن عمر المرأة يلعب دورًا مهمًا في تقدير نسبة نجاح الحمل باتباع طريقة أطفال الأنابيب، حيث تقدر نسبة نجاح الحمل 35% تقريبًا للنساء ذوات الأعمار الأقل من 35 عاماً بينما تبلغ نسبة النجاح 4% فقط لمن تزيد أعمارهن عن 42 عاماً. يجدر الذكر أيضًا أن تقنيات الحمل المساعدة في تطور دائم والتقنيات الحديثة تساهم في رفع فرص نجاح الحمل، كما يمكن اللجوء إلى أحد تقنيات الحمل المساعدة الأخرى ذات نسبة النجاح الأكبر. للمزيد: دليل نجاح عملية طفل الأنابيب. تحديات عمليه أطفال الأنابيب للسيدات فوق سن الأربعون. الفرق بين الحقن المجهري وأطفال الأنابيب.,"علي ماذا تعتمد نسبه نجاح اطفال الانابيب? ,ما هي نسبه نجاح طفل الانابيب ?","تعتمد نسبه نجاح طفل الانابيب علي عده عوامل, ومنها الاتي: عمر المراه. وجود حمل سابق. الحاله الصحيه للزوجين. سبب اللجوء لعمليه الانابيب. نمط الحياه والعادات المتبعه, مثل التدخين. سلامه الحيوانات المنويه للزوج. التقنيه المتبعه في المركز العلاجي. خبره الطبيب المعالج. يشار ان عمر المراه يلعب دورا مهما في تقدير نسبه نجاح الحمل باتباع طريقه اطفال الانابيب, حيث تقدر نسبه نجاح الحمل 35% تقريبا للنساء ذوات الاعمار الاقل من 35 عاما بينما تبلغ نسبه النجاح 4% فقط لمن تزيد اعمارهن عن 42 عاما. يجدر الذكر ايضا ان تقنيات الحمل المساعده في تطور دايم والتقنيات الحديثه تساهم في رفع فرص نجاح الحمل, كما يمكن اللجوء الي احد تقنيات الحمل المساعده الاخري ذات نسبه النجاح الاكبر. للمزيد: دليل نجاح عمليه طفل الانابيب. تحديات عمليه اطفال الانابيب للسيدات فوق سن الاربعون. الفرق بين الحقن المجهري واطفال الانابيب.",871
ahd5k_01651,796667,graph_train,الطب البديل,Alternative medicine,هل زيت نبات الميرمية له آثار جانبية عند تناوله بشكل 3 كبسولات قبل الطعام للتخلص من افراز البرولاكتين المفرز والناتج عن ورم حميد في الغدة النخامية . .,الميرمية لها فوائد كثيرة ومنها تخفيف ادرار الجليب ولكنها لا تعطى للمرأة الحامل لأنها تثير تقلصات الرحم فيمكن أن تسبب الاجهاض وكذلك في حالات الصرع ، ومادة التوجةن تتحول الى مادة سامة اذا تم تناولها بافرط لذلك يجب الانتباه الى عدم الاقراط قي تناوله ،وتناولها بكمية معقولة,هل زيت نبات الميرميه له اثار جانبيه عند تناوله بشكل 3 كبسولات قبل الطعام للتخلص من افراز البرولاكتين المفرز والناتج عن ورم حميد في الغده النخاميه . .,"الميرميه لها فوايد كثيره ومنها تخفيف ادرار الجليب ولكنها لا تعطي للمراه الحامل لانها تثير تقلصات الرحم فيمكن ان تسبب الاجهاض وكذلك في حالات الصرع , وماده التوجهن تتحول الي ماده سامه اذا تم تناولها بافرط لذلك يجب الانتباه الي عدم الاقراط قي تناوله ,وتناولها بكميه معقوله",418
ahd5k_01669,456955,graph_train,أمراض القلب و الشرايين,Cardiovascular disease,عندي الم في منطقه البطن مع الم بصدر جهه اليمين الى الرقبه وماقدرت اعرف تفسير الالم ذا من ايش او سببه مع وجود احيان ضيق بالتنفس ،،،، افيدوني,لا نعرف تاريخك الصحي، ولا نعرف خصائص الألم الذي لديك ، ولذلك ننصح باجراء فحص طبي سريري أولا للتحقق,"عندي الم في منطقه البطن مع الم بصدر جهه اليمين الي الرقبه وماقدرت اعرف تفسير الالم ذا من ايش او سببه مع وجود احيان ضيق بالتنفس , افيدوني","لا نعرف تاريخك الصحي, ولا نعرف خصايص الالم الذي لديك , ولذلك ننصح باجراء فحص طبي سريري اولا للتحقق",237
ahd5k_01682,370852,graph_train,أمراض القلب و الشرايين,Cardiovascular disease,احسست بتعب فحصت ضغط الدم والقلب فوجدتها 10/6هل هذا طبيعي,ضمن الطبيعي لعمرك,احسست بتعب فحصت ضغط الدم والقلب فوجدتها 10/6هل هذا طبيعي,ضمن الطبيعي لعمرك,73
ahd5k_01689,785565,graph_train,تشخيص,Diagnosis,لماذا اشعر بالم شديد في الثدي اشعر كائن نار تشتعل داخل الثدي تستمر ليوم وتذهب الاعراض وكائن لم يكن شئ,قد يكون هناك التهاب في الثدي، أو رضح ،عليك مراجعة طبيبك وعمل صورة للثدي والفحص السريري.,لماذا اشعر بالم شديد في الثدي اشعر كاين نار تشتعل داخل الثدي تستمر ليوم وتذهب الاعراض وكاين لم يكن شي,"قد يكون هناك التهاب في الثدي, او رضح ,عليك مراجعه طبيبك وعمل صوره للثدي والفحص السريري.",188
ahd5k_01690,212003,graph_train,أمراض القلب و الشرايين,Cardiovascular disease,السلام عليكم . منذ اسبوع ملاحظ تسارع قوية بضربات القلب عند الوقوف واشعر بها عند وضع يدي وتختفى بعد مسافه بعد الحركه ، هل الامر خطير؟ الضغط طبيعي ولا اتناول...,لا داعي للقلق ، لكن ينبغي معرفة نوع التسارع هل هو مرضي أم طبيعي، أي ضمن المعدل الفسيلوجي وهذا يتم تحيده من خلال الفحص الطبي السريري,"السلام عليكم . منذ اسبوع ملاحظ تسارع قويه بضربات القلب عند الوقوف واشعر بها عند وضع يدي وتختفي بعد مسافه بعد الحركه , هل الامر خطير? الضغط طبيعي ولا اتناول.","لا داعي للقلق , لكن ينبغي معرفه نوع التسارع هل هو مرضي ام طبيعي, اي ضمن المعدل الفسيلوجي وهذا يتم تحيده من خلال الفحص الطبي السريري",289
ahd5k_01701,403311,graph_train,صحة الطفل,Child health,هل يوجد علاج اخر للكساح بدلا عن فيتامين دي,أهلا بحضرتك ..... نعم .. هناك أنواع من الكساح أو لين العظام تصنف بأنها ( Vit.D-Resistant Rickets ) ، أي لا تستجيب للعلاج بالجرعات المعتادة من فيتامين ( د ) .. و لكن تفاصيل هذه الحالات شرحها يطول .. لو فيه حالة محددة عند حضرتك أعطني تفاصيلها كاملة ليتم شرحها لك و وصف العلاج اللازم لها ،،،،،،،،،،،،،،،،،،،،,هل يوجد علاج اخر للكساح بدلا عن فيتامين دي,"اهلا بحضرتك . نعم . هناك انواع من الكساح او لين العظام تصنف بانها ( vit.d-resistant rickets ) , اي لا تستجيب للعلاج بالجرعات المعتاده من فيتامين ( د ) . و لكن تفاصيل هذه الحالات شرحها يطول . لو فيه حاله محدده عند حضرتك اعطني تفاصيلها كامله ليتم شرحها لك و وصف العلاج اللازم لها ,",347
ahd5k_01704,468226,graph_train,جراحة القلب والشرايين,Cardiovascular surgery,قريبي عمره 55 يعاني من تصلب 3 من شرايين القلب ويحتاج الى عمليه القلب المفتوح ما هي نسبه نجاح هذه العمليه؟وهل هي خطيره؟.واين؟وبأي دوله يفضل اجرائها؟ارجو الرد ع جميع اسئلتي,غالبا لا تكون هناك مشكلة، والعملية هي الخلاص ، مع ذلك التقدير الدقيق يكون للطبيب المطلع على تفاصيل حالته,قريبي عمره 55 يعاني من تصلب 3 من شرايين القلب ويحتاج الي عمليه القلب المفتوح ما هي نسبه نجاح هذه العمليه?وهل هي خطيره?.واين?وباي دوله يفضل اجرايها?ارجو الرد ع جميع اسيلتي,"غالبا لا تكون هناك مشكله, والعمليه هي الخلاص , مع ذلك التقدير الدقيق يكون للطبيب المطلع علي تفاصيل حالته",274
ahd5k_01750,159290,graph_train,أمراض الغدد الصماء,Endocrine,زدت جرعه الثيروكسبن من ٧٥ الى ١٠٠ وبعدها ب ٣ اسابيع احس بالم بالحلق مثل الاحتقان بس مو احتفان لي اسبوع كذا هل ارجع لجرعتي السابقه وماذا افعل,ليس له علاقة بالجرعه راجع انف واذن,زدت جرعه الثيروكسبن من 75 الي 100 وبعدها ب 3 اسابيع احس بالم بالحلق مثل الاحتقان بس مو احتفان لي اسبوع كذا هل ارجع لجرعتي السابقه وماذا افعل,ليس له علاقه بالجرعه راجع انف واذن,174
ahd5k_01751,84518,graph_train,أمراض الأسنان,Dental,منذ فطرة عملت حشوة لسن الأمامي لكن الآن السن تتحرك كثيرا دون الم ما العمل من فضلكم,حركه السن فد ترجع لعده اسباب منها التهاب الاسنجه المحيطه بالسن او اللثه يفضل عمل صوره اشعه,منذ فطره عملت حشوه لسن الامامي لكن الان السن تتحرك كثيرا دون الم ما العمل من فضلكم,حركه السن فد ترجع لعده اسباب منها التهاب الاسنجه المحيطه بالسن او اللثه يفضل عمل صوره اشعه,172
ahd5k_01754,643194,graph_train,أمراض الغدد الصماء,Endocrine,السلام عليكم ممكن اعرف معي الغدة هل تؤثر اذا حدث معي حمل,نعم يجب علاجها,السلام عليكم ممكن اعرف معي الغده هل توثر اذا حدث معي حمل,نعم يجب علاجها,70
ahd5k_01761,519776,graph_train,أمراض الدم,Blood,ضغط الدم منخفض للغاية مع عدم وضوح للرؤية,ﻻ يلزمك أي عﻻج اشرب سوائل بكثرة مع زيادة الملح علي الاكل وشرب قهوة مع الاكل,ضغط الدم منخفض للغايه مع عدم وضوح للرويه,ﻻ يلزمك اي عﻻج اشرب سوايل بكثره مع زياده الملح علي الاكل وشرب قهوه مع الاكل,115
ahd5k_01763,419840,graph_train,أمراض القلب و الشرايين,Cardiovascular disease,وجدت ضغط الدم عندي 140/170 مع العلم أني كنت مرهق و خائف عند استعمالي لجهاز قياس الضغط...,الضغط ضمن الطبيعي و ربما على الحد الأعلى بالنسبة لعمرك. انصح بالمراقبة,وجدت ضغط الدم عندي 140/170 مع العلم اني كنت مرهق و خايف عند استعمالي لجهاز قياس الضغط.,الضغط ضمن الطبيعي و ربما علي الحد الاعلي بالنسبه لعمرك. انصح بالمراقبه,158
ahd5k_01770,771885,graph_train,حمل الأنابيب,Carry tubes,هل العلاج المستخدم في تنشيم المبايض قبل عملية الحقن المجهري ضار بالصحة ام لا؟,حسب الخبرات والدراسات التي تشير انه لا يوجد اي تأثير مضر للهرمونات المستخدمة في تنشيط الاباضة نتمنى لك كل التوفيق,هل العلاج المستخدم في تنشيم المبايض قبل عمليه الحقن المجهري ضار بالصحه ام لا?,حسب الخبرات والدراسات التي تشير انه لا يوجد اي تاثير مضر للهرمونات المستخدمه في تنشيط الاباضه نتمني لك كل التوفيق,190
ahd5k_01783,775935,graph_train,صحة المسنين,Elderly health,السلام عليكم ابي اصيب بعدة جلطات دماغية وهذه الجلطات اثرت على عملية البلع لذلك اصبح ياكل عن طريق انبوب فهل هنالك امكانية للشفاء من هذه الحالة وهل هناك شيء ممكن...,إمكانية الشفاء بعد الجلطات الدماغية تحتاج لعلاج طبيعي طويل الأمد وصبر طويل، ولا بد من متابعة التغذية بالأنبوب لمدة طويلة حتى يبدأ التحسن، حسب عمره.,السلام عليكم ابي اصيب بعده جلطات دماغيه وهذه الجلطات اثرت علي عمليه البلع لذلك اصبح ياكل عن طريق انبوب فهل هنالك امكانيه للشفاء من هذه الحاله وهل هناك شيء ممكن.,"امكانيه الشفاء بعد الجلطات الدماغيه تحتاج لعلاج طبيعي طويل الامد وصبر طويل, ولا بد من متابعه التغذيه بالانبوب لمده طويله حتي يبدا التحسن, حسب عمره.",309
ahd5k_01824,484948,graph_train,صحة الطفل,Child health,لو سمحت دكتور اريد اعطاء ابنتي دواء ابيتنانت وهو فيتامين هل يمكنني ذلك ومالكمية مع العلم ان ابنتي عمرها ١١شهر..... وشكرآ,حسب تركيبة الدواء ومحتواه من الفيتامينات.وحسب السبب الطبي لإعطاء الفيتامين,لو سمحت دكتور اريد اعطاء ابنتي دواء ابيتنانت وهو فيتامين هل يمكنني ذلك ومالكميه مع العلم ان ابنتي عمرها 11شهر. وشكرا,حسب تركيبه الدواء ومحتواه من الفيتامينات.وحسب السبب الطبي لاعطاء الفيتامين,194
ahd5k_01831,781654,graph_train,صحة المسنين,Elderly health,هل من الممكن التوقف عن اخذ دواء ليبيتور ؟؟ و هل يوجد من مضاعفات !!!,ينبغي عدم التوقف عنه إلا بعد موافقة الطبيب المعالج الذي يبني قراره على المعطيات السريرية والمخبرية الخاصة بالحالة، وسؤالك هل يوجد مضاعفات بالتأكيد لكنها تختلف بين مريض وآخر، وحسب الجرعة ومدة العلاج والأدوية الأخرى التي يتناولها الشخص المعني,هل من الممكن التوقف عن اخذ دواء ليبيتور ? و هل يوجد من مضاعفات !,"ينبغي عدم التوقف عنه الا بعد موافقه الطبيب المعالج الذي يبني قراره علي المعطيات السريريه والمخبريه الخاصه بالحاله, وسوالك هل يوجد مضاعفات بالتاكيد لكنها تختلف بين مريض واخر, وحسب الجرعه ومده العلاج والادويه الاخري التي يتناولها الشخص المعني",307
ahd5k_01836,491669,graph_train,صحة الطفل,Child health,علاج الترجيع عند طفل عمره سنه وخمس شهور والتقيوء بيكون بشكل نفوره وقذف وبكاء بعدها وليكون غالبا اثناء النوم مع وجود سعال وعانى من من نغس الشىء منذ الولادة وكان...,ينصح بزيارة طبيب الأطفال لفحص الطفل وتأكد من عدم وجود إلتهاب بالصدر أو تحسس ولإعطائك بعض النصائح أو العلاجات إذا لزم لعلاج الإرتداد المعوي,علاج الترجيع عند طفل عمره سنه وخمس شهور والتقيوء بيكون بشكل نفوره وقذف وبكاء بعدها وليكون غالبا اثناء النوم مع وجود سعال وعاني من من نغس الشيء منذ الولاده وكان.,ينصح بزياره طبيب الاطفال لفحص الطفل وتاكد من عدم وجود التهاب بالصدر او تحسس ولاعطايك بعض النصايح او العلاجات اذا لزم لعلاج الارتداد المعوي,300
ahd5k_01847,483569,graph_train,صحة الطفل,Child health,ولدي عمره شهرين وغداً بإذن الله سوف نعمل له تطعيمات عمر الشهرين ما الاجراءات اللازمه قبل وبعد التطعيمات ومالعمل اذا سخن وتورمت التطعيمه,مسكن باراسيتامول عند اللزوم..وكمادات على مكان التطعيمة ان تورمت.وبالسلامة,ولدي عمره شهرين وغدا باذن الله سوف نعمل له تطعيمات عمر الشهرين ما الاجراءات اللازمه قبل وبعد التطعيمات ومالعمل اذا سخن وتورمت التطعيمه,مسكن باراسيتامول عند اللزوم.وكمادات علي مكان التطعيمه ان تورمت.وبالسلامه,208
ahd5k_01874,787594,graph_train,تشخيص,Diagnosis,قبل شهرين وخلال استحمامي احسست فجأه بدخول شيء غريب خلال اصابع لقدمين نحو ساقيي بسرعه وبأعداد كبيره تجري داخل جلدي (كالنمل) وصرخت مذعوره بعد رؤيتي شكل ساقي قد ازداد إنتفاخ...,تمت الاجابة على السؤال,قبل شهرين وخلال استحمامي احسست فجاه بدخول شيء غريب خلال اصابع لقدمين نحو ساقيي بسرعه وباعداد كبيره تجري داخل جلدي (كالنمل) وصرخت مذعوره بعد رويتي شكل ساقي قد ازداد انتفاخ.,تمت الاجابه علي السوال,195
ahd5k_01878,129102,graph_train,أمراض الأسنان,Dental,انا مسويه حشوات امامية واريد تجربة لصقات كرست فهل تنزع لي الحشوات ؟,مرحبا لصقات التبييض تعمل على تنظيف سطح الاسنان الطبيعي ..اذا كانت الحشوات تغطي كل سطح الاسنان فلا داعي لهذه اللصقات و اتصحك في هذه الحاله التوجه لطبيب الاسنان ليقوم بعمل تلميع الاسنان ب ديسكات و ادوات خاصه,انا مسويه حشوات اماميه واريد تجربه لصقات كرست فهل تنزع لي الحشوات ?,مرحبا لصقات التبييض تعمل علي تنظيف سطح الاسنان الطبيعي .اذا كانت الحشوات تغطي كل سطح الاسنان فلا داعي لهذه اللصقات و اتصحك في هذه الحاله التوجه لطبيب الاسنان ليقوم بعمل تلميع الاسنان ب ديسكات و ادوات خاصه,272
ahd5k_01894,771326,graph_train,أمراض القلب و الشرايين,Cardiovascular disease,أعاني من رجفة في القلب تحسسني بالضيق وهي تتزايد حتى في أوقات الراحة و بعض المرات تتثاقل ضربات القلب بشكل مزعج، هل هذا مؤشر لمرض في القلب؟,لا داعي للقلق ولكن ينبغي رصدها في تخطيط القلب ومعرفة نوعها وسببها لأن لكل نوع منها له خصائصه، فمنها ما يكون سببه قلبي ومنه ما يكون ناجم عن أسباب أخرى كفقر الدم وإضطرابات الغدة الدرقية، والإجهاد وغير ذلك,"اعاني من رجفه في القلب تحسسني بالضيق وهي تتزايد حتي في اوقات الراحه و بعض المرات تتثاقل ضربات القلب بشكل مزعج, هل هذا موشر لمرض في القلب?","لا داعي للقلق ولكن ينبغي رصدها في تخطيط القلب ومعرفه نوعها وسببها لان لكل نوع منها له خصايصه, فمنها ما يكون سببه قلبي ومنه ما يكون ناجم عن اسباب اخري كفقر الدم واضطرابات الغده الدرقيه, والاجهاد وغير ذلك",339
ahd5k_01903,768716,graph_train,أمراض الدم,Blood,انا حامله لمرض انيميا الفول واريد ان اعرف ماهو الطعام الذي امتنع عنه بالتفصيل,الاسباب 1- تناول بعض انواع الاطعمة وعلى رأسها البقوليات بأنواعها خاصة الفول الاخضر والعدس والفاصوليا والبازلاء، ويمكن ايضاً لغبار طلع الفول ان يؤدي إلى نفس النتيجة. 2- بعض أنواع الادوية (انظر الجدول التالي). 3- التعرض للالتهابات الفيروسية والجرثومية (مثل التهاب الكبد). 4- قد يحدث تكسر الكريات تلقائياً دون سبب واضح في بعض الحالات. جدول يبين أهم الادوية التي قد تؤدي إلى تكسر الكريات الحمراء عند مرضى عوزG6PD* * المضادات الحيوية - السلفوناميدات - الكلورامفينكول - النتروفورانتوئين - TMP-SMX * مضادات الملاريا - الكلوروكين، الكيناكرين. * فيتامين C. * المسكنات (مثل الاسبرين) * مضادات الاقياء (مشتقات الفينوتيازين) * أدوية السل (مثل الإيزونيازيد) * ادوية القلب (مثل الهيدرالازين),انا حامله لمرض انيميا الفول واريد ان اعرف ماهو الطعام الذي امتنع عنه بالتفصيل,"الاسباب 1- تناول بعض انواع الاطعمه وعلي راسها البقوليات بانواعها خاصه الفول الاخضر والعدس والفاصوليا والبازلاء, ويمكن ايضا لغبار طلع الفول ان يودي الي نفس النتيجه. 2- بعض انواع الادويه (انظر الجدول التالي). 3- التعرض للالتهابات الفيروسيه والجرثوميه (مثل التهاب الكبد). 4- قد يحدث تكسر الكريات تلقاييا دون سبب واضح في بعض الحالات. جدول يبين اهم الادويه التي قد تودي الي تكسر الكريات الحمراء عند مرضي عوزg6pd* * المضادات الحيويه - السلفوناميدات - الكلورامفينكول - النتروفورانتويين - tmp-smx * مضادات الملاريا - الكلوروكين, الكيناكرين. * فيتامين c. * المسكنات (مثل الاسبرين) * مضادات الاقياء (مشتقات الفينوتيازين) * ادويه السل (مثل الايزونيازيد) * ادويه القلب (مثل الهيدرالازين)",754
ahd5k_01924,808294,graph_train,علم التشريح,Anatomy,لدي قريبة تعاني من مشكل تفاوت الثديينحيث ان اثناء العادة الشهرية تنتفخ اليمنى دون تغير في اليسرى(بمعنى ان اليسرى هي التي لاتنمو طبيعيا)ما هو العلاج؟مع العلم انها تحاول تجنب العمليات...,الكثير من السيدات خاصة بعد سن 35 سنة تعانين من انتفاخ في الثديين قبل نزول الدورة باسبوع واثناء الدورة وذلك بسبب احتباس السوائل نتيجة تغير الهرمومنات التي تفرزها المبايض . وحجم الثديين لدى الكثير من السيدات غير متساوي بمعنى ان احد الثديي اكبر من الاخر وقد يظهر هذا جليا قبل الدورة وعموما لا داعى للقلق وبامكان قريبتك استعمال حبوب مغنيسيوم او كي حبة يوميا واذا لم يحدث تحسن بالامكان اضافة نصف حبة لازكس يوميا قبل موعد الدورة باسبوع,لدي قريبه تعاني من مشكل تفاوت الثديينحيث ان اثناء العاده الشهريه تنتفخ اليمني دون تغير في اليسري(بمعني ان اليسري هي التي لاتنمو طبيعيا)ما هو العلاج?مع العلم انها تحاول تجنب العمليات.,الكثير من السيدات خاصه بعد سن 35 سنه تعانين من انتفاخ في الثديين قبل نزول الدوره باسبوع واثناء الدوره وذلك بسبب احتباس السوايل نتيجه تغير الهرمومنات التي تفرزها المبايض . وحجم الثديين لدي الكثير من السيدات غير متساوي بمعني ان احد الثديي اكبر من الاخر وقد يظهر هذا جليا قبل الدوره وعموما لا داعي للقلق وبامكان قريبتك استعمال حبوب مغنيسيوم او كي حبه يوميا واذا لم يحدث تحسن بالامكان اضافه نصف حبه لازكس يوميا قبل موعد الدوره باسبوع,613
ahd5k_01925,758856,graph_train,حمل الأنابيب,Carry tubes,هل يجب القيام بتحليل AMH قبل القيام ب IVF و هل تمثل نسبة ارتفاع مخزون البويضات الى فشل حدوث الحمل الطبيعي مع العلم ان تحليلي هوِAMH=15 h ارجو التوضيح قدر...,تحليل AMH ليس له علاقة بنجاح او فشل محاولة الاخصاب خارج الجسم وانما يعطي الطبيب المعالج فكرة تقريبه عن مخزون المبيض. عندما يكون فحوصات المبيض على الجهاز التراساوند بالحدود الطبيعية فلا داعي لاجراء فحص هرمون مخزون المبيض وارتفاع نسبة الهرمون يدل على ان المبيض يعمل بشكل جيد اما طبيعة البرنامج لتحريض الاباضة بغرض اجراء طفل الانبوب فهذا يعتمد على قدرات الطبيب المعالج.,هل يجب القيام بتحليل amh قبل القيام ب ivf و هل تمثل نسبه ارتفاع مخزون البويضات الي فشل حدوث الحمل الطبيعي مع العلم ان تحليلي هوamh=15 h ارجو التوضيح قدر.,تحليل amh ليس له علاقه بنجاح او فشل محاوله الاخصاب خارج الجسم وانما يعطي الطبيب المعالج فكره تقريبه عن مخزون المبيض. عندما يكون فحوصات المبيض علي الجهاز التراساوند بالحدود الطبيعيه فلا داعي لاجراء فحص هرمون مخزون المبيض وارتفاع نسبه الهرمون يدل علي ان المبيض يعمل بشكل جيد اما طبيعه البرنامج لتحريض الاباضه بغرض اجراء طفل الانبوب فهذا يعتمد علي قدرات الطبيب المعالج.,522
ahd5k_01930,770115,graph_train,كيمياء حيوية,Biochemistry,ما سبب البروتينات الزائدة في الدم وفي البول للبالغين ؟,هناك اكثر من سبب ولكن يجب نفي الورم النقوي المتعدد multiple myeloma وذلك بعمل تحليل لبروتينات الدم هناك متلازمة فالدنستروم وهناك ارتفاع البروتينات المجهول السبب,ما سبب البروتينات الزايده في الدم وفي البول للبالغين ?,هناك اكثر من سبب ولكن يجب نفي الورم النقوي المتعدد multiple myeloma وذلك بعمل تحليل لبروتينات الدم هناك متلازمه فالدنستروم وهناك ارتفاع البروتينات المجهول السبب,214
ahd5k_01973,788922,graph_train,علم الأجنة,Embryology,مارأيكم؟اناآخر دورةفي19/12/2010وكنت اتابع عندالطبيبةوالاربعاء9/2/2011اخبرتني بان الجنين اصبح ينبض قلبه ولكن قالت حجم الجنين8ملم وهوغيرطبيعي ويجب ان يكون19ملم في هذا العمروحللت لجرثومةالتكسوبلازماواظهرالتحليل انه كنت مصابةبهافي صغري ونسبتها30%ولكن شفيت منهاوعندي مناعة منها...,"عزيزتي شكرا لثقتك بنا , ولكن بما انه كان هنالك نبض عند زيارة الطبيب فهل يعتبر اهم من حجم الجنين ولكن ينصح بإعادة الفحص بعد عشرة ايام للتأكد من النبض مرة اخرى وايضا للتأكد من نمو الجنين.",مارايكم?انااخر دورهفي19/12/2010وكنت اتابع عندالطبيبهوالاربعاء9/2/2011اخبرتني بان الجنين اصبح ينبض قلبه ولكن قالت حجم الجنين8ملم وهوغيرطبيعي ويجب ان يكون19ملم في هذا العمروحللت لجرثومهالتكسوبلازماواظهرالتحليل انه كنت مصابهبهافي صغري ونسبتها30%ولكن شفيت منهاوعندي مناعه منها.,"عزيزتي شكرا لثقتك بنا , ولكن بما انه كان هنالك نبض عند زياره الطبيب فهل يعتبر اهم من حجم الجنين ولكن ينصح باعاده الفحص بعد عشره ايام للتاكد من النبض مره اخري وايضا للتاكد من نمو الجنين.",460
ahd5k_01990,446642,graph_train,أمراض القلب و الشرايين,Cardiovascular disease,اخذت تحميلة من كلوفينال بعد العشاء ووضعت ثلث منها على صدري وفي جهة القلب ولكن بعد نصف ساعة على الاقل احسست بسرعة في نبضات القلب فماهو السبب افيدوني حالا ارجوكم,أي دواء يمكن أن يمتص بدرجات متفاوتة عندما يلامس مناطق مختلفة من الجسم وطلما كان امتصاصه أكثر كانت نتائجه أكثر تأثيرا,اخذت تحميله من كلوفينال بعد العشاء ووضعت ثلث منها علي صدري وفي جهه القلب ولكن بعد نصف ساعه علي الاقل احسست بسرعه في نبضات القلب فماهو السبب افيدوني حالا ارجوكم,اي دواء يمكن ان يمتص بدرجات متفاوته عندما يلامس مناطق مختلفه من الجسم وطلما كان امتصاصه اكثر كانت نتايجه اكثر تاثيرا,275
ahd5k_01998,406064,graph_train,أمراض باطنية,Esoteric,ما علاج قرقعة البطن مع انني لا اشرب الحليب ولا مشروبات غازيه ولا اكل بسرعه ولا اتوتر . اشعر بها فقط في قاعة محاضراتي.,ما تعاني منه يبدو القولون العصبي تجنب التفكير والقلق والنرفزة الراحة والاستجمام يجب تغير أنماطنا السريعة المتعجلة في تناول الطعام وفي عملية التبرز لا بد ان ندقق في نوعية الأطعمة التي نأكلها وفي موعد تناولها لا تشرب المشروبات الغازية ابتعد عن مضغ العلك ابتعد عن البقوليات ان كانت منتجات الحليب تؤذيك فتجنبها أيضاً البصل والملفوف المخللات الاكل المملوء بالبهارات والفلفل تناول الشوفان وبذر الكتان شاي الأعشاب مثل النعناع والبابونج مفيدة علاجات الغازات:ديسفلاتيل من المهم علاج الامساك بتناول الكثير من الالياف التي في الخضار والفاكهة ويجب تناول 8 اكواب ماء يوميا على الاقل,ما علاج قرقعه البطن مع انني لا اشرب الحليب ولا مشروبات غازيه ولا اكل بسرعه ولا اتوتر . اشعر بها فقط في قاعه محاضراتي.,ما تعاني منه يبدو القولون العصبي تجنب التفكير والقلق والنرفزه الراحه والاستجمام يجب تغير انماطنا السريعه المتعجله في تناول الطعام وفي عمليه التبرز لا بد ان ندقق في نوعيه الاطعمه التي ناكلها وفي موعد تناولها لا تشرب المشروبات الغازيه ابتعد عن مضغ العلك ابتعد عن البقوليات ان كانت منتجات الحليب توذيك فتجنبها ايضا البصل والملفوف المخللات الاكل المملوء بالبهارات والفلفل تناول الشوفان وبذر الكتان شاي الاعشاب مثل النعناع والبابونج مفيده علاجات الغازات:ديسفلاتيل من المهم علاج الامساك بتناول الكثير من الالياف التي في الخضار والفاكهه ويجب تناول 8 اكواب ماء يوميا علي الاقل,686
ahd5k_02003,793160,graph_train,إسعاف أولي,First aid,سقطت ابنتي اعلى راسها فظهر لها انتفاخ خلف الاذن والم شديد في الرقبه ولاتستطيع تحريكها,يجب أخذها للمستشفى فوراً لعمل صورة أشعة للرأس ، والتأكد من عدم إصابتها بارتجاج دماغي، والتعامل مع الورم خلف الأذن الذي قد يكون نزيفاً بسيطاً.,سقطت ابنتي اعلي راسها فظهر لها انتفاخ خلف الاذن والم شديد في الرقبه ولاتستطيع تحريكها,"يجب اخذها للمستشفي فورا لعمل صوره اشعه للراس , والتاكد من عدم اصابتها بارتجاج دماغي, والتعامل مع الورم خلف الاذن الذي قد يكون نزيفا بسيطا.",226
ahd5k_02023,802203,graph_train,تشخيص,Diagnosis,أعاني قبل أنام وأنا في حالة الاسترخاء الأولية أشعر بنغزات في أطراف أصابع قدمي أحيانا اليمنى ومأحياناً اليسرى أشبه ماتكون بنغزات دبوس وهذه تؤرقني كثيرا أرجو الافادة أو النصح لي...,الوخز يمكن ان يكون انضغاط أو التهاب الأعصاب الطرفية أو بسبب السكري او فرط الحساسية . والعلاج يكون بتناول دواء تلفاست أ سيرين حبة واحدة يوميا ، ودواء نيوروتين 400 مغم حبة مرتين يوميا,اعاني قبل انام وانا في حاله الاسترخاء الاوليه اشعر بنغزات في اطراف اصابع قدمي احيانا اليمني وماحيانا اليسري اشبه ماتكون بنغزات دبوس وهذه تورقني كثيرا ارجو الافاده او النصح لي.,"الوخز يمكن ان يكون انضغاط او التهاب الاعصاب الطرفيه او بسبب السكري او فرط الحساسيه . والعلاج يكون بتناول دواء تلفاست ا سيرين حبه واحده يوميا , ودواء نيوروتين 400 مغم حبه مرتين يوميا",359
ahd5k_02037,663742,graph_train,أمراض الأسنان,Dental,السلام عليكم ● قبل 5 ايام قمت بتبيض اسناني بالليز وتركيب ماسه لكن اليوم لاحظت ان السن التى تم تركيب الماسه بها فقط قد تحول لونها مائل للزهرى فما السبب...,انصحك بمراجعه طبيبك للكشف والنصيحه,السلام عليكم ● قبل 5 ايام قمت بتبيض اسناني بالليز وتركيب ماسه لكن اليوم لاحظت ان السن التي تم تركيب الماسه بها فقط قد تحول لونها مايل للزهري فما السبب.,انصحك بمراجعه طبيبك للكشف والنصيحه,187
ahd5k_02039,383915,graph_train,أرجية حساسية,Allergic allergy,السلام عليكم ، اعاني من حبوب بيضاء صغيره ف اماكن معينه ف الوجه و اتوقع انها حساسية من البيض او اشعة الشمس ، ف كيف يمكنني اتأكد ! علماً انها...,لابدمن رؤيتها من قبل طبيب وعمل تحاليل خاصه بالحساسيه والغده الدرقيه وفيتامين د والزنك,"السلام عليكم , اعاني من حبوب بيضاء صغيره ف اماكن معينه ف الوجه و اتوقع انها حساسيه من البيض او اشعه الشمس , ف كيف يمكنني اتاكد ! علما انها.",لابدمن رويتها من قبل طبيب وعمل تحاليل خاصه بالحساسيه والغده الدرقيه وفيتامين د والزنك,227
ahd5k_02115,266317,graph_train,أرجية حساسية,Allergic allergy,ابنتي معاها حساسية معينة لبعض الاطعمة وعمرها سنتان هل تختفي بعد تخطيها 3 سنوات,80‎%‎من الحساسيه تختفي على عمر ال5سنوات,ابنتي معاها حساسيه معينه لبعض الاطعمه وعمرها سنتان هل تختفي بعد تخطيها 3 سنوات,80‎%‎من الحساسيه تختفي علي عمر ال5سنوات,117
ahd5k_02124,382451,graph_train,أرجية حساسية,Allergic allergy,اصبت بحساسية في الصيف بالجسم وصفها الدكتور بحساسية شمس و بعد فترة اصبت بالتهاب لوز و بلعوم و حبوب في اخر الحلق الحبوب مازالت موجودة واشعر بنشفان دائم في الحلق...,الاعراض التي في الحلق أعراض فيروس مثل الكوكساكي فيروس تتحسن مع الوقت عليك بتقوية المناعة بأكل الفواكة والحمضيات وشرب الزنجبيل مع العسل والليمون مره باليوم الزنجبيل مطحون بمعدل معلقه صغيره يوجد أيضا شراب ECHINACEA يحسن حالتك,اصبت بحساسيه في الصيف بالجسم وصفها الدكتور بحساسيه شمس و بعد فتره اصبت بالتهاب لوز و بلعوم و حبوب في اخر الحلق الحبوب مازالت موجوده واشعر بنشفان دايم في الحلق.,الاعراض التي في الحلق اعراض فيروس مثل الكوكساكي فيروس تتحسن مع الوقت عليك بتقويه المناعه باكل الفواكه والحمضيات وشرب الزنجبيل مع العسل والليمون مره باليوم الزنجبيل مطحون بمعدل معلقه صغيره يوجد ايضا شراب echinacea يحسن حالتك,384
ahd5k_02131,303735,graph_train,أمراض الأسنان,Dental,هل كلاموكسيل يقظي على الكيس الموجود في اللثة,ليس تماما طالما ان المسبب موجود ... لا بد من معرفة المسبب و معالجته او ازالته,هل كلاموكسيل يقظي علي الكيس الموجود في اللثه,ليس تماما طالما ان المسبب موجود . لا بد من معرفه المسبب و معالجته او ازالته,121
ahd5k_02139,764825,graph_train,حمل الأنابيب,Carry tubes,لسلام عليكم اريد ان اعمل التلقيح الاصطناعي ليس اطفال الانابيب علما ان زوجي البالغ من العمر33سنة عنده ضعف في الحيوانات المنوية وانا ليس لدي اية مشكلة فماهي من فضلكم نسبة...,من المعروف ان نسب النجاح بالتلقيح الاصطناعي لا تتعدى 25%اي انها تبقى افضل بكثير من الجماع الطبيعي واذا كانت عينة زوجكم اقل من 10 ملاين فالافضل اجراء طفل الانبوب الاخصاب خارج الجسم بالاستعمال الحقن المجهري للبويضة,لسلام عليكم اريد ان اعمل التلقيح الاصطناعي ليس اطفال الانابيب علما ان زوجي البالغ من العمر33سنه عنده ضعف في الحيوانات المنويه وانا ليس لدي ايه مشكله فماهي من فضلكم نسبه.,من المعروف ان نسب النجاح بالتلقيح الاصطناعي لا تتعدي 25%اي انها تبقي افضل بكثير من الجماع الطبيعي واذا كانت عينه زوجكم اقل من 10 ملاين فالافضل اجراء طفل الانبوب الاخصاب خارج الجسم بالاستعمال الحقن المجهري للبويضه,383
ahd5k_02142,712459,graph_train,حمل الأنابيب,Carry tubes,هل تعرض السائل المنوي للبرودة او التبريد في نقله من البيت الى المختبر يؤثر على النتائج ام لا ؟,نعم يؤثر على النتيجة لذلك يفضل عند عمل التحليل للسائل المنوي اولا ان يتم وضع كامل العينة وخاصة اولها في العبوة المخصصة لذلك واما بالنسبة للحرارة فاضل حرارة ملائمة لنقل السائل المنوي هي من 25-37 مؤية ويفضل ان لا يستغرق زمن اكثر من 30 دقيقة لوصول العينة للمختبر.,هل تعرض السايل المنوي للبروده او التبريد في نقله من البيت الي المختبر يوثر علي النتايج ام لا ?,نعم يوثر علي النتيجه لذلك يفضل عند عمل التحليل للسايل المنوي اولا ان يتم وضع كامل العينه وخاصه اولها في العبوه المخصصه لذلك واما بالنسبه للحراره فاضل حراره ملايمه لنقل السايل المنوي هي من 25-37 مويه ويفضل ان لا يستغرق زمن اكثر من 30 دقيقه لوصول العينه للمختبر.,354
ahd5k_02160,806778,graph_train,علم الأجنة,Embryology,هل من علاج فعال لمن يعاني من مرض anorectal agenesis عدم تكون المستقيم والشرج منذ الولادة وقد أجريت لي عدة عمليات ومازال التحكم ضعيف وفتحة الشرج ضيقة مع بروزها للخارج,هناك خلل خلقي ونقص في العضلات وقد خاول الجراح بالتأكيد إحراء الممكن،يجب جراجعة الجراح الذي أجرى العملية الإولى,هل من علاج فعال لمن يعاني من مرض anorectal agenesis عدم تكون المستقيم والشرج منذ الولاده وقد اجريت لي عده عمليات ومازال التحكم ضعيف وفتحه الشرج ضيقه مع بروزها للخارج,"هناك خلل خلقي ونقص في العضلات وقد خاول الجراح بالتاكيد احراء الممكن,يجب جراجعه الجراح الذي اجري العمليه الاولي",275
ahd5k_02169,186436,graph_train,أمراض الأسنان,Dental,منذ ٢٠ يوم حصل مثل التورم التدريجي من الخلف للأمام في جوف الفم أولا في الجهة اليسرى و من ثم اليمنى بنفس الطريقة دكتور الأسنان قال ممكن احتمال ضرس العقل...,قد تكون المشكلة في اللسان وله عدة اسباب مثل التهاب بكتيري او فطري او فيروسي معرفة السبب تؤدي الى المعالجة,منذ 20 يوم حصل مثل التورم التدريجي من الخلف للامام في جوف الفم اولا في الجهه اليسري و من ثم اليمني بنفس الطريقه دكتور الاسنان قال ممكن احتمال ضرس العقل.,قد تكون المشكله في اللسان وله عده اسباب مثل التهاب بكتيري او فطري او فيروسي معرفه السبب تودي الي المعالجه,259
ahd5k_02182,803482,graph_train,علم الأجنة,Embryology,ماأسباب تشوهات اصابع القدم؟,من اكثر الاسباب شيوعالتشوهات اصابع القدم انتعال الحذاء الضيق ومرض السكري وضعف التروية الدموية للاصابع واصابات الدماغ والنخاع الشوكي او الاعصاب والتهاب العظام,مااسباب تشوهات اصابع القدم?,من اكثر الاسباب شيوعالتشوهات اصابع القدم انتعال الحذاء الضيق ومرض السكري وضعف الترويه الدمويه للاصابع واصابات الدماغ والنخاع الشوكي او الاعصاب والتهاب العظام,184
ahd5k_02200,91240,graph_train,أمراض الغدد الصماء,Endocrine,ما هي أهم أسباب نشاط الغدة الدرقية؟,"يعاني العديد من الأشخاص من حالة صحية تسمى نشاط الغدة الدرقية حيث يحدث في هذه الحالة إفراز كمية كبيرة من هرمونات الغدة الدرقية وهما ثلاثي يودوثيرونين (T3) وهرمون ثيروكسين (T4). ويوجد العديد من الحالات الصحية التي تسبب نشاط الغدة الدرقية ومن أسباب نشاط الغدة الدرقية ما يلي: الإصابة بأحد اضطرابات المناعة الذاتية الوراثية مثل مرض جريفز، حيث يتم إنتاج أجسام مضادة تهاجم الغدة الدرقية وتسبب إنتاج كميات كبيرة من هرمونات الغدة الدرقية. وتشيع هذه الحالة عند الإناث مقارنة بالذكور وتشكل حوالي 85% من حالات نشاط الغدة الدرقية. الإصابة بحالة تسمى عقيدات الغدة الدرقية، وهي عبارة عن كتلة في الغدة الدرقية تسبب إنتاج هرمونات الغدة الدرقية بكمية أكبر مما يحتاجه الجسم, الإصابة بحالة تسمى التهاب الغدة الدرقية. العمل على استهلاك كميات كبيرة من اليود ضمن النظام الغذائي أو من خلال الأدوية مثل علاج أميودارون الذي يستخدم في حالات عدم انتظام ضربات القلب، حيث أن الغدة الدرقية تستخدم اليود من أجل إنتاج هرمون الغدة الدرقية وبالتالي فإن استهلاك كمية كبيرة من اليود يسبب نشاط الغدة الدرقية. الإصابة بوجود مستويات مرتفعة من هرمون الحمل في الدم خاصة في بداية الحمل أو الحمل المتعدد أو الحمل العنقودي. الإصابة بوجود ورم في الغدة النخامية التي توجد في قاعدة الدماغ مما يؤثر على مستويات الهرمونات التي تنتجها الغدة الدرقية. الإصابة بحالات سرطان الغدة الدرقية. الإصابة بوجود ورم في المبيض أو الخصيتين. العمل على تناول جرعات كبيرة من هرمون الغدة الدرقية الذي يستخدم في علاج حالات خمول الغدة الدرقية. وتوجد بعض عوامل الخطورة التي تزيد من خطر الإصابة بحالات نشاط الغدة الدرقية ومن أبرز هذه الحالات ما يلي: الجنس، حيث أن الإناث أكثر عرضة للإصابة بنشاط الغدة الدرقية. العمر، حيث تزيد نسبة الإصابة بنشاط الغدة الدرقية بعد عمر ال 60. الحمل أو إنجاب طفل خلال ال6 أشهر الماضية. الخضوع لعملية جراحية في الغدة الدرقية أو الإصابة بمشاكل في الغدة الدرقية مثل تضخم الغدة الدرقية. التاريخ العائلي لمشاكل الغدة الدرقية. استخدام المكملات الغذائية التي تحتوي على اليود. الإصابة بحالات فقر الدم الوبيل، حيث لا يمكن إنتاج خلايا الدم الحمراء نتيجة عدم وجود كمية كافية من فيتامين ب 12. الإصابة باضطرابات هرمونية مختلفة في الجسم. الإصابة بحالات قصور الغدة الكظرية الأولي. الإصابة بمرض السكري من النوع الأول. للمزيد: أدوية الغدة الدرقية النشطة جراحة الغدة الدرقية",ما هي اهم اسباب نشاط الغده الدرقيه?,"يعاني العديد من الاشخاص من حاله صحيه تسمي نشاط الغده الدرقيه حيث يحدث في هذه الحاله افراز كميه كبيره من هرمونات الغده الدرقيه وهما ثلاثي يودوثيرونين (t3) وهرمون ثيروكسين (t4). ويوجد العديد من الحالات الصحيه التي تسبب نشاط الغده الدرقيه ومن اسباب نشاط الغده الدرقيه ما يلي: الاصابه باحد اضطرابات المناعه الذاتيه الوراثيه مثل مرض جريفز, حيث يتم انتاج اجسام مضاده تهاجم الغده الدرقيه وتسبب انتاج كميات كبيره من هرمونات الغده الدرقيه. وتشيع هذه الحاله عند الاناث مقارنه بالذكور وتشكل حوالي 85% من حالات نشاط الغده الدرقيه. الاصابه بحاله تسمي عقيدات الغده الدرقيه, وهي عباره عن كتله في الغده الدرقيه تسبب انتاج هرمونات الغده الدرقيه بكميه اكبر مما يحتاجه الجسم, الاصابه بحاله تسمي التهاب الغده الدرقيه. العمل علي استهلاك كميات كبيره من اليود ضمن النظام الغذايي او من خلال الادويه مثل علاج اميودارون الذي يستخدم في حالات عدم انتظام ضربات القلب, حيث ان الغده الدرقيه تستخدم اليود من اجل انتاج هرمون الغده الدرقيه وبالتالي فان استهلاك كميه كبيره من اليود يسبب نشاط الغده الدرقيه. الاصابه بوجود مستويات مرتفعه من هرمون الحمل في الدم خاصه في بدايه الحمل او الحمل المتعدد او الحمل العنقودي. الاصابه بوجود ورم في الغده النخاميه التي توجد في قاعده الدماغ مما يوثر علي مستويات الهرمونات التي تنتجها الغده الدرقيه. الاصابه بحالات سرطان الغده الدرقيه. الاصابه بوجود ورم في المبيض او الخصيتين. العمل علي تناول جرعات كبيره من هرمون الغده الدرقيه الذي يستخدم في علاج حالات خمول الغده الدرقيه. وتوجد بعض عوامل الخطوره التي تزيد من خطر الاصابه بحالات نشاط الغده الدرقيه ومن ابرز هذه الحالات ما يلي: الجنس, حيث ان الاناث اكثر عرضه للاصابه بنشاط الغده الدرقيه. العمر, حيث تزيد نسبه الاصابه بنشاط الغده الدرقيه بعد عمر ال 60. الحمل او انجاب طفل خلال ال6 اشهر الماضيه. الخضوع لعمليه جراحيه في الغده الدرقيه او الاصابه بمشاكل في الغده الدرقيه مثل تضخم الغده الدرقيه. التاريخ العايلي لمشاكل الغده الدرقيه. استخدام المكملات الغذاييه التي تحتوي علي اليود. الاصابه بحالات فقر الدم الوبيل, حيث لا يمكن انتاج خلايا الدم الحمراء نتيجه عدم وجود كميه كافيه من فيتامين ب 12. الاصابه باضطرابات هرمونيه مختلفه في الجسم. الاصابه بحالات قصور الغده الكظريه الاولي. الاصابه بمرض السكري من النوع الاول. للمزيد: ادويه الغده الدرقيه النشطه جراحه الغده الدرقيه",2149
ahd5k_02203,531473,graph_train,أمراض الغدد الصماء,Endocrine,السلام عليكم انا مصاب بالغدة السامة منذ 8 اشهر وقد تحولت الى خاملة بعد اخذ لدواء المضاد فماهو العلاج المناسب لهما .علما الدواء الذي استعمله هو carbimazole 5mg فقط,يوجد سببين لتحول الغدة من سامة الى خاملة هما 1) التهابات الغدة الدرقية (Thyroiditis) تحدث تكسيرا في الغدة فيزداد اطلاق الهرمون المختزن فيها (ولا يزداد الافراز أو الانتاج) مسببا السمية في البداية ولكن يعقب هذا خمول بسبب استهلاك الغدة والعلاج بعد انتهاء الفترة السامة المؤقتة يعتمد على نوع الالتهاب فمثلا الالتهاب الفيروسي يشفى منه المريض تلقائيا بعد فترة أما التهاب هاشيموتو فيحتاج لعلاج تعويضي مستمر بالثيروكسين 2) جرعة أكثر من اللازم من كاربيمازول والعلاج هو خفض الجرعة حتى تتناسب مع الافراز,السلام عليكم انا مصاب بالغده السامه منذ 8 اشهر وقد تحولت الي خامله بعد اخذ لدواء المضاد فماهو العلاج المناسب لهما .علما الدواء الذي استعمله هو carbimazole 5mg فقط,يوجد سببين لتحول الغده من سامه الي خامله هما 1) التهابات الغده الدرقيه (thyroiditis) تحدث تكسيرا في الغده فيزداد اطلاق الهرمون المختزن فيها (ولا يزداد الافراز او الانتاج) مسببا السميه في البدايه ولكن يعقب هذا خمول بسبب استهلاك الغده والعلاج بعد انتهاء الفتره السامه الموقته يعتمد علي نوع الالتهاب فمثلا الالتهاب الفيروسي يشفي منه المريض تلقاييا بعد فتره اما التهاب هاشيموتو فيحتاج لعلاج تعويضي مستمر بالثيروكسين 2) جرعه اكثر من اللازم من كاربيمازول والعلاج هو خفض الجرعه حتي تتناسب مع الافراز,654
ahd5k_02207,808012,graph_train,علم التشريح,Anatomy,عندي سؤال عن سرطان القولون والكلى مش شغاله,"سرطان المستقيم هو سرطان الجزء الاخير من القولون. ويشكل سرطان المستقيم 50% من سرطانات القولون , والذي تزداد درجة تطوره بازدياد حجمه أو تسطحه , الشكل الشائع: هو الشكل اللاعرضي وحتى مرحلة متقدمة من الورم. - الشكل الاعتيادي: خروج الدم مع البراز, الم اسفل البطن , حيث أن اكثر من نصف الحالات تترافق مع الم عند التشخيص وخاصة الم القولون , حيث يشعر الشخص بألم من 2-3 نوبة / اليوم تترافق مع قرقرة وارتياح بعد طرح الغازات و الفضلات . - فقر الدم ،تدهور الحالة العامة ، اضطرابات عادات التغوط (إسهال / إمساك ) أي تناوب حالات الإسهال والإمساك - جس كتلة بطنية ، نزف دم احمر من المستقيم ،البراز الزفتي ،انسداد الأمعاء. حالات نادرة: - انثقاب أمعاء - خراج حول القولون. يتم العلاج بطرق عديدة منها: 1- الجراحة: قد يكون الحل استئصال الورم عن طريق الجراحة. 2- المعالجة الكيماوية: يجب البدء بها خلال شهرين من انتهاء العمل الجراحي.تستمر 6-12 شهر. الادوية المستعملة:ليفاميسول ٥ ف يوLevamisole -5FU . 3. المعالجة الشعاعية (علاج بالاشعة) :- المعالجة بالليزر عن طريق التنظير . وبالنسبه لمساكل الكلى قد يكون لها اكثر من سبب لذا يجب مراجعة الطبيب لتحديد المشكلة بدقة",عندي سوال عن سرطان القولون والكلي مش شغاله,"سرطان المستقيم هو سرطان الجزء الاخير من القولون. ويشكل سرطان المستقيم 50% من سرطانات القولون , والذي تزداد درجه تطوره بازدياد حجمه او تسطحه , الشكل الشايع: هو الشكل اللاعرضي وحتي مرحله متقدمه من الورم. - الشكل الاعتيادي: خروج الدم مع البراز, الم اسفل البطن , حيث ان اكثر من نصف الحالات تترافق مع الم عند التشخيص وخاصه الم القولون , حيث يشعر الشخص بالم من 2-3 نوبه / اليوم تترافق مع قرقره وارتياح بعد طرح الغازات و الفضلات . - فقر الدم ,تدهور الحاله العامه , اضطرابات عادات التغوط (اسهال / امساك ) اي تناوب حالات الاسهال والامساك - جس كتله بطنيه , نزف دم احمر من المستقيم ,البراز الزفتي ,انسداد الامعاء. حالات نادره: - انثقاب امعاء - خراج حول القولون. يتم العلاج بطرق عديده منها: 1- الجراحه: قد يكون الحل استيصال الورم عن طريق الجراحه. 2- المعالجه الكيماويه: يجب البدء بها خلال شهرين من انتهاء العمل الجراحي.تستمر 6-12 شهر. الادويه المستعمله:ليفاميسول 5 ف يوlevamisole -5fu . 3. المعالجه الشعاعيه (علاج بالاشعه) :- المعالجه بالليزر عن طريق التنظير . وبالنسبه لمساكل الكلي قد يكون لها اكثر من سبب لذا يجب مراجعه الطبيب لتحديد المشكله بدقه",1078
ahd5k_02213,236748,graph_train,أمراض باطنية,Esoteric,هل تشمع الكبد يوثر على مقدار البول او يسمع اصوات للسوائل في البطن,السلام عليكم ورحمة الله وبركاته بالنسبه لتشمع الكبد يؤثر على البول الله يكرمك من لون وكميه كما يوجد مرض يصاب فيه مريض التشمع الكبدي يسمى hepatorenal syndrome مما يسبب فشل بالكلى من اثر الكبد موضوع سماع اصوات في البطن وارد بسبب انه تشمع الكبد يسبب ترسبات سوائل في البطن ومما يسبب انتفاخ,هل تشمع الكبد يوثر علي مقدار البول او يسمع اصوات للسوايل في البطن,السلام عليكم ورحمه الله وبركاته بالنسبه لتشمع الكبد يوثر علي البول الله يكرمك من لون وكميه كما يوجد مرض يصاب فيه مريض التشمع الكبدي يسمي hepatorenal syndrome مما يسبب فشل بالكلي من اثر الكبد موضوع سماع اصوات في البطن وارد بسبب انه تشمع الكبد يسبب ترسبات سوايل في البطن ومما يسبب انتفاخ,350
ahd5k_02217,426546,graph_train,جراحة القلب والشرايين,Cardiovascular surgery,علاج كونكور 2.5ملجم تم وصفه لي من قبل دكتور القلب حيث انني لدي تشوه خلقي في صمام القلب وحصل لي تعب بسيط خاصه اذا اردت الاستلقاء على الفراش ومع هذا...,"لا نعرف لماذا لم تستخدم العلاج الموصوف من قبل أخصائي القلبية ما دام قد شخص الحالة بدقة, وننصح الآن بمعاودته للتحقق من الأعراض الجديدة وإعادة تقييم الحالة إن كان قد مضى فترة طويلة على التشخيص الأول.",علاج كونكور 2.5ملجم تم وصفه لي من قبل دكتور القلب حيث انني لدي تشوه خلقي في صمام القلب وحصل لي تعب بسيط خاصه اذا اردت الاستلقاء علي الفراش ومع هذا.,"لا نعرف لماذا لم تستخدم العلاج الموصوف من قبل اخصايي القلبيه ما دام قد شخص الحاله بدقه, وننصح الان بمعاودته للتحقق من الاعراض الجديده واعاده تقييم الحاله ان كان قد مضي فتره طويله علي التشخيص الاول.",346
ahd5k_02245,299957,graph_train,أمراض الأسنان,Dental,سؤال .. عندي الم في ضروس في الفك العلوي لما رحت لطبيب الاسنان فحص قالي لا يوجد اي تسوس . عمل فحص لكن الم مازال مستمر قال ممكن التهاب لثة...,يمكن إجراء الفحص عند طبيب آخر و الأفضل الاستعانة بصور الأشعة,سوال . عندي الم في ضروس في الفك العلوي لما رحت لطبيب الاسنان فحص قالي لا يوجد اي تسوس . عمل فحص لكن الم مازال مستمر قال ممكن التهاب لثه.,يمكن اجراء الفحص عند طبيب اخر و الافضل الاستعانه بصور الاشعه,199
ahd5k_02249,784955,graph_train,علم الأجنة,Embryology,كيف يمكن ان يتاثر الجنين باضطرابات السكر في الام بمعنى هل اذا حدث هبوط او ارتفاع للسكر مرة واحدة يتاثر الجنين فوراحيث انني مصابة بالسكري واجهضت في الاسبوع السابع حيث...,يمكن أن يؤثر مرض السكري أثناء الحمل بما في ذلك النوع الأول، أو الثاني، أو سكري الحمل بشكل سلبي على صحة الأم والجنين. بالنسبة للنساء المصابات بمرض السكري من النوع الأول أو الثاني، فإن ارتفاع نسبة السكر في الدم واضطرابات السكر في الدم قبل حدوث الحمل وخلال الأشهر الثلاثة الأولى من الحمل يزيد من خطر إصابة الأطفال بالعيوب الخلقية والولادة المبكرة. وبالنسبة للنساء المصابات بأي نوع من مرض السكري، فإن ارتفاع نسبة السكر في الدم طوال فترة الحمل يزيد من خطر المشاكل التالية: تعرض النساء للولادة القيصرية. الإصابة بتسمم الحمل. زيادة خطر الولادة المبكرة أو الإجهاض. ولادة الطفل بوزن أكبر من اللازم وأن يصاب بالسمنة. إصابة الطفل بمرض السكري من النوع الثاني في المستقبل. وترجع هذه المخاطر إلى حصول الجنين على الكثير من السكر عبر المشيمة، وهذا السكر الزائد يستشعره بنكرياس الطفل ويصنع المزيد من الأنسولين لاستخدامه. بعد ذلك، يتم تحويل هذا السكر الإضافي إلى دهون، مما يجعل حجم الطفل كبير. هناك تساؤل قد يدور في ذهن كثير من الحوامل وهو هل سكر الحمل يؤثر على حركة الجنين، وبالنسبة لذلك يمكن ملاحظة العلاقة بين حركة الجنين وارتفاع السكر، حيث أن فرط الحركة قد يعتبر مؤشراً على ارتفاع سكر الدم. كما تتساءل العديد من النساء هل انخفاض السكر يسبب وفاة الجنين، ويجب العلم أنه يشكل انخفاض السكر لدى الحامل خطورة كبيرة على الطفل، حيث يعرض المرأة للإجهاض أو موت الجنين داخل الرحم، وذلك في حالة عدم علاجه بأسرع وقت ممكن. ولتفادي هذه المخاطر، يجب على الحامل المصابة بمرض السكري أن تتبع الإجراءات التالية: مراقبة معدلات السكر باستمرار والمتابعة مع الطبيب. الإلتزام بتناول أدوية السكري بالجرعات المحددة. اتباع نمط غذائي مناسب لمرضى السكري. اقرأ أيضاً: هل يؤثر مرض السكري على الحمل والإنجاب؟ الحمل ومرض السكري المراجع Diabetes During Pregnancy Diabetes and Pregnancy Type 1 or Type 2 Diabetes and Pregnancy,كيف يمكن ان يتاثر الجنين باضطرابات السكر في الام بمعني هل اذا حدث هبوط او ارتفاع للسكر مره واحده يتاثر الجنين فوراحيث انني مصابه بالسكري واجهضت في الاسبوع السابع حيث.,"يمكن ان يوثر مرض السكري اثناء الحمل بما في ذلك النوع الاول, او الثاني, او سكري الحمل بشكل سلبي علي صحه الام والجنين. بالنسبه للنساء المصابات بمرض السكري من النوع الاول او الثاني, فان ارتفاع نسبه السكر في الدم واضطرابات السكر في الدم قبل حدوث الحمل وخلال الاشهر الثلاثه الاولي من الحمل يزيد من خطر اصابه الاطفال بالعيوب الخلقيه والولاده المبكره. وبالنسبه للنساء المصابات باي نوع من مرض السكري, فان ارتفاع نسبه السكر في الدم طوال فتره الحمل يزيد من خطر المشاكل التاليه: تعرض النساء للولاده القيصريه. الاصابه بتسمم الحمل. زياده خطر الولاده المبكره او الاجهاض. ولاده الطفل بوزن اكبر من اللازم وان يصاب بالسمنه. اصابه الطفل بمرض السكري من النوع الثاني في المستقبل. وترجع هذه المخاطر الي حصول الجنين علي الكثير من السكر عبر المشيمه, وهذا السكر الزايد يستشعره بنكرياس الطفل ويصنع المزيد من الانسولين لاستخدامه. بعد ذلك, يتم تحويل هذا السكر الاضافي الي دهون, مما يجعل حجم الطفل كبير. هناك تساول قد يدور في ذهن كثير من الحوامل وهو هل سكر الحمل يوثر علي حركه الجنين, وبالنسبه لذلك يمكن ملاحظه العلاقه بين حركه الجنين وارتفاع السكر, حيث ان فرط الحركه قد يعتبر موشرا علي ارتفاع سكر الدم. كما تتساءل العديد من النساء هل انخفاض السكر يسبب وفاه الجنين, ويجب العلم انه يشكل انخفاض السكر لدي الحامل خطوره كبيره علي الطفل, حيث يعرض المراه للاجهاض او موت الجنين داخل الرحم, وذلك في حاله عدم علاجه باسرع وقت ممكن. ولتفادي هذه المخاطر, يجب علي الحامل المصابه بمرض السكري ان تتبع الاجراءات التاليه: مراقبه معدلات السكر باستمرار والمتابعه مع الطبيب. الالتزام بتناول ادويه السكري بالجرعات المحدده. اتباع نمط غذايي مناسب لمرضي السكري. اقرا ايضا: هل يوثر مرض السكري علي الحمل والانجاب? الحمل ومرض السكري المراجع diabetes during pregnancy diabetes and pregnancy type 1 or type 2 diabetes and pregnancy",1844
ahd5k_02266,432464,graph_train,صحة الطفل,Child health,لدى والدتي صداع في جنبي الرأس فحص النظر سليم تقريبا تستخدم النظارات تبلغ من العمر 44 سنة ما العمل الرجاء الرد,سؤالك لاعلاقة له بصحة الاطفال.سلامتك,لدي والدتي صداع في جنبي الراس فحص النظر سليم تقريبا تستخدم النظارات تبلغ من العمر 44 سنه ما العمل الرجاء الرد,سوالك لاعلاقه له بصحه الاطفال.سلامتك,145
ahd5k_02282,559113,graph_train,أمراض باطنية,Esoteric,انا اشعر بلحرقان ف الكبد و الم ف الجسم مشابه إلئ الم المفاصل مع الدوار و الصداع في فترات متقاربه بشكلً ما ، و الم ف الحلق ...هل هي اعراض...,ليست اعراض كورونا او فلو لكن ربما التهاب بمجرى التنفس العلوي,"انا اشعر بلحرقان ف الكبد و الم ف الجسم مشابه الي الم المفاصل مع الدوار و الصداع في فترات متقاربه بشكل ما , و الم ف الحلق .هل هي اعراض.",ليست اعراض كورونا او فلو لكن ربما التهاب بمجري التنفس العلوي,199
ahd5k_02292,738610,graph_train,أمراض الدم,Blood,والدتي تعاني من نقص في الدم مع الالم في المعده,الم المعدجة يجب معرفة سببه وذل بعمل دراسة للمعدة ولنبدأ بفحص الجرثومة الحلزونية ، وربما سنحتاج لاحقا لمنظار للمعدة اما نقص الدم فهذ يجب توضيحة بشكل جيد ودراسته لمعرفة السبب وعلاجه,والدتي تعاني من نقص في الدم مع الالم في المعده,"الم المعدجه يجب معرفه سببه وذل بعمل دراسه للمعده ولنبدا بفحص الجرثومه الحلزونيه , وربما سنحتاج لاحقا لمنظار للمعده اما نقص الدم فهذ يجب توضيحه بشكل جيد ودراسته لمعرفه السبب وعلاجه",225
ahd5k_02313,807750,graph_train,علم التشريح,Anatomy,"اجريت عملية جراحية على الركبة استئصال الغضروفي وهذاقبل ثلاثة اشهرولكن حثى الان لم اتعفى تماماف يتمتل \"" متى اشفىمن هذا المرض اي المدةالزمانية وهل استطيع العودة الى الاعب كرة القذم...",قد تستمر ثلاثة أشهر أخرى ، وفي الغالب لن تتمكن من اللعب مرة آخرى بشكل محترف. استشر جراحك.,"اجريت عمليه جراحيه علي الركبه استيصال الغضروفي وهذاقبل ثلاثه اشهرولكن حثي الان لم اتعفي تماماف يتمتل \"" متي اشفيمن هذا المرض اي المدهالزمانيه وهل استطيع العوده الي الاعب كره القذم.","قد تستمر ثلاثه اشهر اخري , وفي الغالب لن تتمكن من اللعب مره اخري بشكل محترف. استشر جراحك.",271
ahd5k_02318,777880,graph_train,تشخيص,Diagnosis,زوجي يشكوو من ألم فضيع بالجنب مع صداع وظهور عرق بارز في جهه من الراس وضيق بالتنفس ولايستطيع ان يتحرك عندما تنتابه هذي الحاله وتستمرنصف ساعه او اقل وذهب لطبيب...,كون الحالة غير ناجمة عن آفة قلبية لا يعني أن لا سبب لها ، فالفحص الطبي السريري ينبغي أن يحدد إن كان هنا شيء عضوي أم لا وعلى ضوء نتيجة الفحص سيكون السلوك الطبي الأمثل وفقاً لخصائص الحالة وسببها,زوجي يشكوو من الم فضيع بالجنب مع صداع وظهور عرق بارز في جهه من الراس وضيق بالتنفس ولايستطيع ان يتحرك عندما تنتابه هذي الحاله وتستمرنصف ساعه او اقل وذهب لطبيب.,"كون الحاله غير ناجمه عن افه قلبيه لا يعني ان لا سبب لها , فالفحص الطبي السريري ينبغي ان يحدد ان كان هنا شيء عضوي ام لا وعلي ضوء نتيجه الفحص سيكون السلوك الطبي الامثل وفقا لخصايص الحاله وسببها",352
ahd5k_02329,327080,graph_train,أرجية حساسية,Allergic allergy,اعاني من ضيق بلتنفس عند حدوث الغبار في الجو ماهي الوسائل المعالجه,اخذ علاج وقائي وعلاجي عند طبيب,اعاني من ضيق بلتنفس عند حدوث الغبار في الجو ماهي الوسايل المعالجه,اخذ علاج وقايي وعلاجي عند طبيب,95
ahd5k_02381,802707,graph_train,علم الأجنة,Embryology,اريد اعرف ماهى الحقيق العلمى فى ولدت الطفل داخل كيس اوغشاء عند ولداته,"تكون الولاده بعد انفجار كيس او غشاء الماء حول الجنين الذي يحتوي على السائل الامنيوسي. فاذا ولد الجنين داخل الكيس فعادة\"" يكون هذا فقط جزء من الكيس وليس له اي منافع او اضرار",اريد اعرف ماهي الحقيق العلمي في ولدت الطفل داخل كيس اوغشاء عند ولداته,"تكون الولاده بعد انفجار كيس او غشاء الماء حول الجنين الذي يحتوي علي السايل الامنيوسي. فاذا ولد الجنين داخل الكيس فعاده\"" يكون هذا فقط جزء من الكيس وليس له اي منافع او اضرار",241
ahd5k_02399,526387,graph_train,جراحة القلب والشرايين,Cardiovascular surgery,عندي عمليه قلب مفتوح لتغيير اربع شرايين ولا أعاني من اي شي سوي الضغط فقط وعندي ٣٩سنه ومركب ثلاث دعامات من ثلاث سنوات والآن محتاج قلب مفتوح نسبه نجاح العمليه...,نسبه النجاح يتم تحديدها طبقا لعمليات كثيره بواسطه الطبيب منها كفائه عضله القلب ؤجود سكر الوزن وظيفه الكلي العمر تاريخ جلطات قبل ذلك من عدمه,عندي عمليه قلب مفتوح لتغيير اربع شرايين ولا اعاني من اي شي سوي الضغط فقط وعندي 39سنه ومركب ثلاث دعامات من ثلاث سنوات والان محتاج قلب مفتوح نسبه نجاح العمليه.,نسبه النجاح يتم تحديدها طبقا لعمليات كثيره بواسطه الطبيب منها كفايه عضله القلب وجود سكر الوزن وظيفه الكلي العمر تاريخ جلطات قبل ذلك من عدمه,298
ahd5k_02411,136621,graph_train,أمراض باطنية,Esoteric,والدي كان شال ورم في القولون من 3 سنين تقريبا و نقل على الكبد بؤرتين وعمل تردد حراري من سنة بس ماتشالوش ووالدي خايف يعمل جراحة ويشيل الجزء من الكبد...,لازم يعمل العملية ليس لها بديل ولو الطبيب المعالج أقر بها يبقي لازم,والدي كان شال ورم في القولون من 3 سنين تقريبا و نقل علي الكبد بورتين وعمل تردد حراري من سنه بس ماتشالوش ووالدي خايف يعمل جراحه ويشيل الجزء من الكبد.,لازم يعمل العمليه ليس لها بديل ولو الطبيب المعالج اقر بها يبقي لازم,217
ahd5k_02443,45863,graph_train,أمراض الدم,Blood,الدكتور متابع الحاله قال ثلاسيمياوقالى حالته العامه كويسه ممكن يكون بسيط وطلب تحليل لتحديد الدرجه والنوع دكتور تانى قالى التحليل مش محدد و طالب إعادة التحليل بعد تمام عمر السنه...,يجب المقارنة مع صورة الدم توجد زيادة في بعض انواع الهيموكلوبين التي تتكون في ( صفة ) و ليس مرض الثلاسيميا في كل الأحوال صفة الثلاسيميا محتملة بهذا التحليل و لا تحتاج تداخل علاجي لانها صفة وليست مرض,الدكتور متابع الحاله قال ثلاسيمياوقالي حالته العامه كويسه ممكن يكون بسيط وطلب تحليل لتحديد الدرجه والنوع دكتور تاني قالي التحليل مش محدد و طالب اعاده التحليل بعد تمام عمر السنه.,يجب المقارنه مع صوره الدم توجد زياده في بعض انواع الهيموكلوبين التي تتكون في ( صفه ) و ليس مرض الثلاسيميا في كل الاحوال صفه الثلاسيميا محتمله بهذا التحليل و لا تحتاج تداخل علاجي لانها صفه وليست مرض,376
ahd5k_02465,771895,graph_train,الطب البديل,Alternative medicine,السلام عليكم هل يوجد علاج بالطب البديل لعلاج التهاب اللوزتين لان كثرة استعمال المضادات الحيويه تصعف المناعه وشكرا,لا يوجد علاج شافي بالأعشاب لإلتهاب اللحلق واللوزتينوزتين بدل المضادات الحيوية ولكن يمكنك تناول الثوم والبصل فهم مطهرانلإلتهاب ال,السلام عليكم هل يوجد علاج بالطب البديل لعلاج التهاب اللوزتين لان كثره استعمال المضادات الحيويه تصعف المناعه وشكرا,لا يوجد علاج شافي بالاعشاب لالتهاب اللحلق واللوزتينوزتين بدل المضادات الحيويه ولكن يمكنك تناول الثوم والبصل فهم مطهرانلالتهاب ال,241
ahd5k_02470,774384,graph_train,تشخيص,Diagnosis,سوألي هناك فتاه تشعر بحراره شديده في جسمها الخارجي وقليل جدا من داخل جسمها ولاترتاح الا بالاغتسال ومستمر الحال معها قرابه الثلاث ايام ماهو التشخيص لهذي الحاله وشكراا,"قد يكون عندها نوع من أنواع الحساسية، ننصحها بالمكوث قي جو بارد وتناول مضاد للهيستامين مثل تيليفاست أو إكزوفين أ, أي نوع آخر",سوالي هناك فتاه تشعر بحراره شديده في جسمها الخارجي وقليل جدا من داخل جسمها ولاترتاح الا بالاغتسال ومستمر الحال معها قرابه الثلاث ايام ماهو التشخيص لهذي الحاله وشكراا,"قد يكون عندها نوع من انواع الحساسيه, ننصحها بالمكوث قي جو بارد وتناول مضاد للهيستامين مثل تيليفاست او اكزوفين ا, اي نوع اخر",288
ahd5k_02472,721907,graph_train,أمراض الدم,Blood,عندي الدم نازل و اريد اسم حبوب او كبسولات لزيادة الدم ؟,نحن دائما بالخدمة للمساعدة لكن نريد معلومات صحيحة لكي نستطيع المساعدة بشكل صحيح وعلمي تقول ان الدم نازل ؟؟؟ما هي نتيجة الفحص بالارقام ؟؟؟ وما هو سبب ما تقوله اي ان الانيميا لها اسباب عديدة ولعلاجها يجب علاج السبب . هل هو مثلا نقص في الحديد ؟ او نقص في بعص الفيتامينات الضرورية لتكوين الدم ؟ ام هناك نقضص في البروتيين ايضا هذا ما عليك فعله معرفة تفاصيل نقص الدم والسبب وبعدها يكون اختيار الدواء المناسب,عندي الدم نازل و اريد اسم حبوب او كبسولات لزياده الدم ?,نحن دايما بالخدمه للمساعده لكن نريد معلومات صحيحه لكي نستطيع المساعده بشكل صحيح وعلمي تقول ان الدم نازل ?ما هي نتيجه الفحص بالارقام ? وما هو سبب ما تقوله اي ان الانيميا لها اسباب عديده ولعلاجها يجب علاج السبب . هل هو مثلا نقص في الحديد ? او نقص في بعص الفيتامينات الضروريه لتكوين الدم ? ام هناك نقضص في البروتيين ايضا هذا ما عليك فعله معرفه تفاصيل نقص الدم والسبب وبعدها يكون اختيار الدواء المناسب,456
ahd5k_02476,754880,graph_train,صحة الطفل,Child health,طفله عمرها عام و4شهور تعانى من تأغر فى غلق فتحة الرأس الأماميه بمسافة اصبع ونصف وتمشى الآن ونموها طبيعى والأشعة للأطراف سليمه فهل من تدخل فى هذا او خوف ام...,اذا كل ماذكرت صحيح فلا خوف من ذلك.لاكن الاستمرار في اعطائها الكالسيوم و فيتامين د. فيجب اعاده تقيم الحاله من قبل اخصائى اطفال.فربما بحاجه لعمل صوره طبقيه.,طفله عمرها عام و4شهور تعاني من تاغر في غلق فتحه الراس الاماميه بمسافه اصبع ونصف وتمشي الان ونموها طبيعي والاشعه للاطراف سليمه فهل من تدخل في هذا او خوف ام.,اذا كل ماذكرت صحيح فلا خوف من ذلك.لاكن الاستمرار في اعطايها الكالسيوم و فيتامين د. فيجب اعاده تقيم الحاله من قبل اخصايي اطفال.فربما بحاجه لعمل صوره طبقيه.,311
ahd5k_02482,370620,graph_train,أرجية حساسية,Allergic allergy,نتيجة الحساسة عندي هي IMMUNOLOGIE ige 183 UI/ml ماذا أفعل. و هل هي خطيرة,ليست خطيره ولاتعني شي اذا لايوجد اعراض,نتيجه الحساسه عندي هي immunologie ige 183 ui/ml ماذا افعل. و هل هي خطيره,ليست خطيره ولاتعني شي اذا لايوجد اعراض,110
ahd5k_02487,808258,graph_train,علم الأجنة,Embryology,لدي طفل ولد ويده اليسرى اقصر من اليد اليمنى اريد اسأل عن امكانية اجراء عملية جراحية عمره حاليا ٦ اشهر؟,هناك طريقة روسية اخترعها الجراح الروسي لازاروف لتطويل العظم، يمكنك السؤال في بغداد إذا كان بالإمكان إجرائها، أو يمكن إجرائها في عمان إذا لزم الأمر.,لدي طفل ولد ويده اليسري اقصر من اليد اليمني اريد اسال عن امكانيه اجراء عمليه جراحيه عمره حاليا 6 اشهر?,"هناك طريقه روسيه اخترعها الجراح الروسي لازاروف لتطويل العظم, يمكنك السوال في بغداد اذا كان بالامكان اجرايها, او يمكن اجرايها في عمان اذا لزم الامر.",249
ahd5k_02491,690449,graph_train,أمراض الأسنان,Dental,ما علاج تورم اللثه من الداخل؟,لابد من تحديد السبب عن طريق الفحص واجراء الاشعة قد يكون بسبب سني او خراج لثوي لابد من مراجعة العيادة,ما علاج تورم اللثه من الداخل?,لابد من تحديد السبب عن طريق الفحص واجراء الاشعه قد يكون بسبب سني او خراج لثوي لابد من مراجعه العياده,129
ahd5k_02507,758272,graph_train,أمراض الدم,Blood,شب صاحبي بلع في الغلط 20 حبة بيبي اسبرين منذ سنة وماعمل غسيل معدة الحين جسم تخلص منو؟ لانو سم لانو سمعنا الجسم اذا ماقدر يتخلص من السم يخزنو في...,"لا داعي للقلق فالجسم كفيل بتجاوز مثل هذه المشاكل الصحية, وليس هناك سموم تتخزن قي الجسم بعد كل هذه المدة, ثم ان هذه الكمية من الاسبرين هي كمية صغيرة و ليس لها اي تأثير مهم على الصحة فلا داعي للقلق,",شب صاحبي بلع في الغلط 20 حبه بيبي اسبرين منذ سنه وماعمل غسيل معده الحين جسم تخلص منو? لانو سم لانو سمعنا الجسم اذا ماقدر يتخلص من السم يخزنو في.,"لا داعي للقلق فالجسم كفيل بتجاوز مثل هذه المشاكل الصحيه, وليس هناك سموم تتخزن قي الجسم بعد كل هذه المده, ثم ان هذه الكميه من الاسبرين هي كميه صغيره و ليس لها اي تاثير مهم علي الصحه فلا داعي للقلق,",342
ahd5k_02511,553548,graph_train,أمراض باطنية,Esoteric,كيف استطيع التخلص من المغص المعوي,اذا كان عندك مغص معوى بدون اى اعراض اخرى فغالبا سيكون عندك القولون العصبى و سببه التوتر العصبى و علاجه علاج التوتر العصبى,كيف استطيع التخلص من المغص المعوي,اذا كان عندك مغص معوي بدون اي اعراض اخري فغالبا سيكون عندك القولون العصبي و سببه التوتر العصبي و علاجه علاج التوتر العصبي,154
ahd5k_02528,557410,graph_train,إسعاف أولي,First aid,ارجو الاجابة.. تعرضت للدغة عقرب اصفر في قدمي وذهبت الى المستشفى وقمت باخذ المطاعيم والاقاحات المضادة ..ّولكن الى الان اعاني من اوجاع كبيرة لا تذهب بالمسكنات...,طالما مضى وقت على اللدغة لا تقلقى فلا خطورة من ذلك ولكن هل هذة الاوجاع من مكان اللدغة فقط ام فى كل الجسم,ارجو الاجابه. تعرضت للدغه عقرب اصفر في قدمي وذهبت الي المستشفي وقمت باخذ المطاعيم والاقاحات المضاده .ولكن الي الان اعاني من اوجاع كبيره لا تذهب بالمسكنات.,طالما مضي وقت علي اللدغه لا تقلقي فلا خطوره من ذلك ولكن هل هذه الاوجاع من مكان اللدغه فقط ام في كل الجسم,263
ahd5k_02532,690845,graph_train,صحة الطفل,Child health,هل نزول الدم من حلمة الأم أثناء الرضاعة بسبب التشققات مضر للطفل مع العلم أن فصيلة دم الأم O+ والطفل A+,ليس مضرا و لكن قد يؤذي الام ينصح بعلاج الحلمات,هل نزول الدم من حلمه الام اثناء الرضاعه بسبب التشققات مضر للطفل مع العلم ان فصيله دم الام o+ والطفل a+,ليس مضرا و لكن قد يوذي الام ينصح بعلاج الحلمات,148
ahd5k_02546,538205,graph_train,أمراض الدم,Blood,هل فقر الدم سبب فقدان الشهيه والكسل والخمول والتعب وثقل الوزن وغيره,أعراض فقر الدم تؤثر على جميع أعضاء الجسم دوخه وتوتر زيادة ضربات القلب ضيق في التنفس غثيان وتقي وأحيانا الم في المعدة كسل وخمول اضطرابات في النوم شحوب في البشره وأعراض كثيرة اخري,هل فقر الدم سبب فقدان الشهيه والكسل والخمول والتعب وثقل الوزن وغيره,اعراض فقر الدم توثر علي جميع اعضاء الجسم دوخه وتوتر زياده ضربات القلب ضيق في التنفس غثيان وتقي واحيانا الم في المعده كسل وخمول اضطرابات في النوم شحوب في البشره واعراض كثيره اخري,244
ahd5k_02552,714847,graph_train,أمراض الدم,Blood,ماهو علاج نقص الكريات البيضاء لدى الكبار وهل يحتاج تنويم واخذ علاج عن طريق الوريد الكريات 3000,إن العدد الطبيعي للكريات البيض هو من 4500 - 10000 ، والانخفاض أقل من 4500 وحتى 3000 قد لا يشير إلى أي مرض خطير، إلا أن نزول الكريات البيض أقل من 2500 قد يشير إلى مرض يجب معرفة سببه. ومن أسبابه: - الالتهاب بالفيروسات وهذا تتحسن فيه الكريات البيض متى تحسن المرض. - بعض أمراض الروماتيزم مثل مرض الذئبة الحمامية. - أمراض الدم، وتأثر نقي العظام بأحد الأمراض التي تسبب نقص الكريات. - بعض الأدوية التي تثبط نقي العظام. - ضخامة الطحال. - الأورام.,ماهو علاج نقص الكريات البيضاء لدي الكبار وهل يحتاج تنويم واخذ علاج عن طريق الوريد الكريات 3000,"ان العدد الطبيعي للكريات البيض هو من 4500 - 10000 , والانخفاض اقل من 4500 وحتي 3000 قد لا يشير الي اي مرض خطير, الا ان نزول الكريات البيض اقل من 2500 قد يشير الي مرض يجب معرفه سببه. ومن اسبابه: - الالتهاب بالفيروسات وهذا تتحسن فيه الكريات البيض متي تحسن المرض. - بعض امراض الروماتيزم مثل مرض الذيبه الحماميه. - امراض الدم, وتاثر نقي العظام باحد الامراض التي تسبب نقص الكريات. - بعض الادويه التي تثبط نقي العظام. - ضخامه الطحال. - الاورام.",532
ahd5k_02556,788199,graph_train,الطب البديل,Alternative medicine,كيف يحضر شراب البابونج وهل استخدامه طيلة الحياة له مخاطر؟ وما هو الوقت المناسب لشرب البابونج؟,بداية فإن طريقة تحضير البابونج لا تختلف عن طريقة تحضير الشاي الأحمر أو الأخضر وفيما يأتي توضيح لطريقة تحضير شراب البابونج: غلي كوب من الماء. وضع كيس من البابونج في الماء المغلي لمدة تتراوح من 5 - 10 دقائق، وإن لم تتوافر الأكياس يُمكن وضع حفنة صغيرة من البابونج الطازج أو المُجفف. يُصفى المشروب، ويتم شربه وهو دافئ. ينصح بتغطية كوب البابونج بعد إضافة الماء لتجنب تطاير العناصر المفيدة في البابونج. هل استخدام البابونج طيلة الحياة له مخاطر؟ بشكل عام، يعتبر البابونج آمنًا للاستخدام على المدى الطويل، ولكن يجب تجنب الإفراط في استخدامه في حال الحمل واستخدام الأدوية المزمنة، وتجبنه في حال المعاناة من حساسية تجاه البابونج. ما هو الوقت المناسب لشرب البابونج؟ يمكن شرب البابونج في أي وقت من اليوم، فعند تناوله في المساء قبل النوم يساعد على الاسترخاء والنوم بشكل أفضل، وعند استخدامه في الصباح يساعد على بدء اليوم بنشاط وحيوية. للمزيد: فوائد البابونج للبشرة البابونج للحامل: فوائده، وأضراره، وطريقة تحضيره,كيف يحضر شراب البابونج وهل استخدامه طيله الحياه له مخاطر? وما هو الوقت المناسب لشرب البابونج?,"بدايه فان طريقه تحضير البابونج لا تختلف عن طريقه تحضير الشاي الاحمر او الاخضر وفيما ياتي توضيح لطريقه تحضير شراب البابونج: غلي كوب من الماء. وضع كيس من البابونج في الماء المغلي لمده تتراوح من 5 - 10 دقايق, وان لم تتوافر الاكياس يمكن وضع حفنه صغيره من البابونج الطازج او المجفف. يصفي المشروب, ويتم شربه وهو دافي. ينصح بتغطيه كوب البابونج بعد اضافه الماء لتجنب تطاير العناصر المفيده في البابونج. هل استخدام البابونج طيله الحياه له مخاطر? بشكل عام, يعتبر البابونج امنا للاستخدام علي المدي الطويل, ولكن يجب تجنب الافراط في استخدامه في حال الحمل واستخدام الادويه المزمنه, وتجبنه في حال المعاناه من حساسيه تجاه البابونج. ما هو الوقت المناسب لشرب البابونج? يمكن شرب البابونج في اي وقت من اليوم, فعند تناوله في المساء قبل النوم يساعد علي الاسترخاء والنوم بشكل افضل, وعند استخدامه في الصباح يساعد علي بدء اليوم بنشاط وحيويه. للمزيد: فوايد البابونج للبشره البابونج للحامل: فوايده, واضراره, وطريقه تحضيره",990
ahd5k_02569,518611,graph_train,صحة الطفل,Child health,طفلي البالغ اربع اشهر اصيب بالتهاب في عينه بعد يومين من ولادته تسبب بافرازات صفراء ودموع ووصف له الطبيب علاج لكن الالتهاب يعاودها بعد انتهائه ماالسبب وما العلاج.. فائق الشكر,يجب اخذ مسحة من هذه الافرازات بعيادة الطبيب وارسالها لعمل مزرعة لمعرفة نوع الميكروب.وفي بعض الحالات يحتاج الطفل لعلاج بالنضاد الحيوي عن طريق الفم الي جانب العلاج الموضعي ولمدة كافية للقضاء عالميكروب,طفلي البالغ اربع اشهر اصيب بالتهاب في عينه بعد يومين من ولادته تسبب بافرازات صفراء ودموع ووصف له الطبيب علاج لكن الالتهاب يعاودها بعد انتهايه ماالسبب وما العلاج. فايق الشكر,يجب اخذ مسحه من هذه الافرازات بعياده الطبيب وارسالها لعمل مزرعه لمعرفه نوع الميكروب.وفي بعض الحالات يحتاج الطفل لعلاج بالنضاد الحيوي عن طريق الفم الي جانب العلاج الموضعي ولمده كافيه للقضاء عالميكروب,371
ahd5k_02577,706137,graph_train,أمراض القلب و الشرايين,Cardiovascular disease,من فترةاعاني من ارتفاع وانخفاض سرعة نبضات القلب وبعض الاحيان يصاحبهاضيق تنفس واستيقظت من النوم استطيع الاحساس بأن نبضات قلبي ضعيفة واحس بحمل ثقيل في صدري واحسست بان اطرافي ضعيفة...,لا داعي للقلق ولكن ينبغي عمل تخطيط كهربي للقلب لتحديد نوع التسارع وسببه ومن ثم الأسلوب الأمثل لعلاجه,من فترهاعاني من ارتفاع وانخفاض سرعه نبضات القلب وبعض الاحيان يصاحبهاضيق تنفس واستيقظت من النوم استطيع الاحساس بان نبضات قلبي ضعيفه واحس بحمل ثقيل في صدري واحسست بان اطرافي ضعيفه.,لا داعي للقلق ولكن ينبغي عمل تخطيط كهربي للقلب لتحديد نوع التسارع وسببه ومن ثم الاسلوب الامثل لعلاجه,280
ahd5k_02587,785066,graph_train,علم التشريح,Anatomy,ماسبب اللون الازرق في اظافر الميت هل له علاقه بطريقة موته بالصعق بالكهرباء مثلا مع العلم انه طبيعي قبل ذلك واذا كانت الاجابه نعم اريد تفسير وشرح طبي بطريقة تغيير...,يحصل الاختناق نتيجة عدم وصول الاوكسجين الى الرئتين وتكاثرغاز ثاني اكسيد الكربون او غيره من الغازات غير الصالحة للتنفس فيتخدر الجهاز العصبي ويفسد الدم ويتعرض المصاب الى الارتخاء ثم الى الغيبوبة ثم الموت.ويحدث ذلك في حالات الصعقة الكهربائية والغرق وغيرهما من الحالات التي تسبب قلة استنشاق الأكسجين وتراكم الغازات غير الصالحة . للتنفس ويعم ذلك الدم في جميع اجزاء الجسم فيظهر إزرقاق الشفاه والانف والاذن والاصابع.،وعند الموت يتجمع الدم في الأجزاء السفلية من الجسم القريبة من الأرض، وبعد ساعتين تظهر البقع الزرقاء على الظهربفعل تجمع الدم --الذي يكون فقيرا بالكسجين وغنيا بثاني أكسيد الكربون--وإذا كانت الأصابع في وضعية أخفض من الجسم فيتراكم فيها هذا الدم فتبدو زرقاء اللون,ماسبب اللون الازرق في اظافر الميت هل له علاقه بطريقه موته بالصعق بالكهرباء مثلا مع العلم انه طبيعي قبل ذلك واذا كانت الاجابه نعم اريد تفسير وشرح طبي بطريقه تغيير.,"يحصل الاختناق نتيجه عدم وصول الاوكسجين الي الريتين وتكاثرغاز ثاني اكسيد الكربون او غيره من الغازات غير الصالحه للتنفس فيتخدر الجهاز العصبي ويفسد الدم ويتعرض المصاب الي الارتخاء ثم الي الغيبوبه ثم الموت.ويحدث ذلك في حالات الصعقه الكهرباييه والغرق وغيرهما من الحالات التي تسبب قله استنشاق الاكسجين وتراكم الغازات غير الصالحه . للتنفس ويعم ذلك الدم في جميع اجزاء الجسم فيظهر ازرقاق الشفاه والانف والاذن والاصابع.,وعند الموت يتجمع الدم في الاجزاء السفليه من الجسم القريبه من الارض, وبعد ساعتين تظهر البقع الزرقاء علي الظهربفعل تجمع الدم --الذي يكون فقيرا بالكسجين وغنيا بثاني اكسيد الكربون--واذا كانت الاصابع في وضعيه اخفض من الجسم فيتراكم فيها هذا الدم فتبدو زرقاء اللون",831
ahd5k_02588,807194,graph_train,تشخيص,Diagnosis,هل من الممكن تشخيص الحالة اذا تم ارسال فحوصات الاشعة لحالة مرضية من خلال موقعكم,حسب الحالة وحسب الوصف المقدم إذا كان مفصلا أم لا . كافيا أم لا؟ولكن التشخيص الأمثل يستلزم وجود صور الأشعة والفحوصات المخبرية.,هل من الممكن تشخيص الحاله اذا تم ارسال فحوصات الاشعه لحاله مرضيه من خلال موقعكم,حسب الحاله وحسب الوصف المقدم اذا كان مفصلا ام لا . كافيا ام لا?ولكن التشخيص الامثل يستلزم وجود صور الاشعه والفحوصات المخبريه.,204
ahd5k_02595,297639,graph_train,صحة الطفل,Child health,طفلتي 6شهور مصابة بارتفاع حرارة 39 وهطيتها تحاميل مانزلت الحرارة ماسبب ارتفاع حرارتها علما ان اسنانها السفلية ظاهرين ارجوالرد,1- التسنين لا يسبب حرارة أكثر من 38.2 2- من المستحيل معرفة سبب الحرارة دون فحصها سلامتها,طفلتي 6شهور مصابه بارتفاع حراره 39 وهطيتها تحاميل مانزلت الحراره ماسبب ارتفاع حرارتها علما ان اسنانها السفليه ظاهرين ارجوالرد,1- التسنين لا يسبب حراره اكثر من 38.2 2- من المستحيل معرفه سبب الحراره دون فحصها سلامتها,213
ahd5k_02605,94237,graph_train,أمراض الدم,Blood,"عمري ٢٢ غير حامل عملت CBC طلع mcv72 ,22mch ناقص وباقي التحليل كله في الرينج الطبيعي حتى الهيموغلوبين وHCT و RBCطبيعي ،بعدها عملت Ferritin ,b12طبيعي معappearance of immature granulocytes بنسبه...",اعملي نسبه الiron وايضا كم نسبه الferitin,"عمري 22 غير حامل عملت cbc طلع mcv72 ,22mch ناقص وباقي التحليل كله في الرينج الطبيعي حتي الهيموغلوبين وhct و rbcطبيعي ,بعدها عملت ferritin ,b12طبيعي معappearance of immature granulocytes بنسبه.",اعملي نسبه الiron وايضا كم نسبه الferitin,235
ahd5k_02607,585122,graph_train,جراحة القلب والشرايين,Cardiovascular surgery,السلام عليكم والدي عمره 58 و لديه شريان مغلق من الجهة اليمنى بنسبة تسعين بالمئة منذ اربع سنوات و لديه ضغط و سكري و لم يتعالج الى الان فهل حالته...,لم تحدد أي شريان، فلكل عضو أو منطقة في الجسم خصائصها البنيوية والوظيفية، وفي جميع الأحوال الحالة السريرية هي الفيصل وليس الفحص الذي هو ليس أكثر من مكمل للفحص الطبي السريري، لأن الكثير من الشرايين التي تغلق ينشأ بدلا عنها أخرى بديلة لا سيما إذا ما كان الشخص صحيح البنية ورياضي، وهذه الأوعية البديلة تكفل التروية للمنطقة التي يمكن أن تتضرر من الشريان المنغلق,السلام عليكم والدي عمره 58 و لديه شريان مغلق من الجهه اليمني بنسبه تسعين بالميه منذ اربع سنوات و لديه ضغط و سكري و لم يتعالج الي الان فهل حالته.,"لم تحدد اي شريان, فلكل عضو او منطقه في الجسم خصايصها البنيويه والوظيفيه, وفي جميع الاحوال الحاله السريريه هي الفيصل وليس الفحص الذي هو ليس اكثر من مكمل للفحص الطبي السريري, لان الكثير من الشرايين التي تغلق ينشا بدلا عنها اخري بديله لا سيما اذا ما كان الشخص صحيح البنيه ورياضي, وهذه الاوعيه البديله تكفل الترويه للمنطقه التي يمكن ان تتضرر من الشريان المنغلق",502
ahd5k_02618,105556,graph_train,أمراض الأسنان,Dental,لة سمحتم انا بحس بشىء عالق بين اسنانى الامماميه ة بستخدم الخيط للتنظيف و لكن فعلا لا يوجد اى شىء بين الاسنان لا يوجد الم و لكن انزعاج ز انا...,تحتاج إلى إزالة الرواسب الجيرية و علاج التهاب اللثة و استخدام المضمضة,له سمحتم انا بحس بشيء عالق بين اسناني الامماميه ه بستخدم الخيط للتنظيف و لكن فعلا لا يوجد اي شيء بين الاسنان لا يوجد الم و لكن انزعاج ز انا.,تحتاج الي ازاله الرواسب الجيريه و علاج التهاب اللثه و استخدام المضمضه,211
ahd5k_02620,712337,graph_train,أمراض الغدد الصماء,Endocrine,لم يزداد طول القامة عندي بسرعة كما في البلوغ حيث ظهرت علامات البلوغ ما عدا النمو السريع حيث بلغت في سن 13 وانا لان عمري 15 ولم تاتي سرعة في...,مادام الطول جيد ولايوجد مشكلة في علامات البلوغ الاخرى فغالبا لا توجد مشكلة,لم يزداد طول القامه عندي بسرعه كما في البلوغ حيث ظهرت علامات البلوغ ما عدا النمو السريع حيث بلغت في سن 13 وانا لان عمري 15 ولم تاتي سرعه في.,مادام الطول جيد ولايوجد مشكله في علامات البلوغ الاخري فغالبا لا توجد مشكله,216
ahd5k_02627,791118,graph_train,أمراض الدم,Blood,انا زوجتي حامل في الشهر السابع وعندها زيادة في تحليل فى تحليل crp وبعد تحاليل للبول ومسح وزرع لم يظهر شي وكانت جميع الفحوص عادية ومنذ بداية الحمل كانت تظهر...,"ان ارتفاع ال CRP وكذلك ارتفاع كريات الدم البيضاء يدل على وجود التهاب( انفلونزا, التهاب باللثه ,وغيرها....), ولكن اذا كان ال CRP هو فقط ايجابي او حتى مرتفع حتى 10 فيمكن ان يعتبر طبيعياً وكذلك ارتفاع الكريات الدم البيضاء حتى 16,000 يعتبر طبيعياً اثناء الحمل ويصل اثناء الولاده الى 20,000. لذا فقط انصحك باعاده هذه الفحوصات فاذا لم يكن هناك ازدياد بمعدل هذه الفحوصات فلا داعي للقلق. اما اذا كان هناك ازدياد بمعدلها فانصحك بمراجعه الطبيب مره اخرى للفحص.",انا زوجتي حامل في الشهر السابع وعندها زياده في تحليل في تحليل crp وبعد تحاليل للبول ومسح وزرع لم يظهر شي وكانت جميع الفحوص عاديه ومنذ بدايه الحمل كانت تظهر.,"ان ارتفاع ال crp وكذلك ارتفاع كريات الدم البيضاء يدل علي وجود التهاب( انفلونزا, التهاب باللثه ,وغيرها.), ولكن اذا كان ال crp هو فقط ايجابي او حتي مرتفع حتي 10 فيمكن ان يعتبر طبيعيا وكذلك ارتفاع الكريات الدم البيضاء حتي 16,000 يعتبر طبيعيا اثناء الحمل ويصل اثناء الولاده الي 20,000. لذا فقط انصحك باعاده هذه الفحوصات فاذا لم يكن هناك ازدياد بمعدل هذه الفحوصات فلا داعي للقلق. اما اذا كان هناك ازدياد بمعدلها فانصحك بمراجعه الطبيب مره اخري للفحص.",607
ahd5k_02662,802915,graph_train,تشخيص,Diagnosis,لدي الم في جانبي راسي وخصوصا الايسر فوق الاذن اشعر بضغط فى هذه المنطقه وكانه شي سينفجر وكثير من الاوقات اشعر بارهاق عام لهذا السبب,إن الألم في الرأس مع الشعور بالضغط على جانبي الرأس مع الإرهاق العام قد يعود لأحد الأسباب التالية: صداع التوتر. الشد العضلي. الضغط العصبي. القلق والتوتر أو الاكتئاب. التهاب الجيوب الأنفية. الشقيقة (الصداع النصفي). وجود مشاكل في الأذن التهاب السحايا. تمدد الأوعية الدموية في الدماغ. ينصح في الوقت الحالي زيارة الطبيب المختص لعمل الفحوصات والتحاليل اللازمة في حال عدم نجاح النصائح التالية: استخدام الأدوية المسكنة للألم حسب تعليمات الطبيب المختص مثل الايبوبروفين وغيرها. اتباع طرق التنفس العميق من أجل الاسترخاء وخفض مستويات هرمونات التوتر. ممارسة تمارين الاسترخاء مثل اليوغا والتأمل. تجنب القلق أو التوتر. للمزيد: اسباب الصداع ومحفزاته التدليك لعلاج الصداع هل تعاني من صداع من دون معرفة سببه؟ المرجع: What to know about pressure in the head,لدي الم في جانبي راسي وخصوصا الايسر فوق الاذن اشعر بضغط في هذه المنطقه وكانه شي سينفجر وكثير من الاوقات اشعر بارهاق عام لهذا السبب,ان الالم في الراس مع الشعور بالضغط علي جانبي الراس مع الارهاق العام قد يعود لاحد الاسباب التاليه: صداع التوتر. الشد العضلي. الضغط العصبي. القلق والتوتر او الاكتياب. التهاب الجيوب الانفيه. الشقيقه (الصداع النصفي). وجود مشاكل في الاذن التهاب السحايا. تمدد الاوعيه الدمويه في الدماغ. ينصح في الوقت الحالي زياره الطبيب المختص لعمل الفحوصات والتحاليل اللازمه في حال عدم نجاح النصايح التاليه: استخدام الادويه المسكنه للالم حسب تعليمات الطبيب المختص مثل الايبوبروفين وغيرها. اتباع طرق التنفس العميق من اجل الاسترخاء وخفض مستويات هرمونات التوتر. ممارسه تمارين الاسترخاء مثل اليوغا والتامل. تجنب القلق او التوتر. للمزيد: اسباب الصداع ومحفزاته التدليك لعلاج الصداع هل تعاني من صداع من دون معرفه سببه? المرجع: what to know about pressure in the head,868
ahd5k_02665,805812,graph_train,علم الأجنة,Embryology,ما هى احتياجات الام الحامل والجنين مع بداية الشهر السادس؟,يستجيب الطفل في هذه المرحلة للصوت لذا يحبذ أن تسميعه ما تريدين من أصوات، كما يجب عليك الحذر عندما تنحنين وعندما ترفعين جسمك حتى لا يصاب ظهرك بأذى، ويجب عليك أن تمارسي أنواع خفيفة من التمارين الرياضية مثل المشي والتمدد والسباحة. كما يمكن دهن بعض الكريمات من أجل تليين جلد البطن وتسكينه، وسوف تختفي علامات شد البطن تدريجيا بعد الولادة. من الناحية الغذائية ننصحك fزيادة عنصر الزنك وفيتامين سي في غذائك ليساعدان على حماية الجلد.,ما هي احتياجات الام الحامل والجنين مع بدايه الشهر السادس?,"يستجيب الطفل في هذه المرحله للصوت لذا يحبذ ان تسميعه ما تريدين من اصوات, كما يجب عليك الحذر عندما تنحنين وعندما ترفعين جسمك حتي لا يصاب ظهرك باذي, ويجب عليك ان تمارسي انواع خفيفه من التمارين الرياضيه مثل المشي والتمدد والسباحه. كما يمكن دهن بعض الكريمات من اجل تليين جلد البطن وتسكينه, وسوف تختفي علامات شد البطن تدريجيا بعد الولاده. من الناحيه الغذاييه ننصحك fزياده عنصر الزنك وفيتامين سي في غذايك ليساعدان علي حمايه الجلد.",481
ahd5k_02667,775405,graph_train,تشوهات خلقية,Birth Defect,السلام عليكم أنا صبي أبلغ من العمر 14 سنة، إنتابني هاجس يقول لي أنت مصاب بمتلازمة كلاينفلتر، لأن لدي ذراعان طويلان و أصابع اليدين طويلان أيضا و لدي تضخم في...,انت على حق على الاغلب التثدي ناتج عن فرط الهرمونات الجنسية لدى البلوغ كلاينفلتر يكون لديهم ايضا خصى صغيرة راجع متلازمة كلاينفلتر في القاموس.,"السلام عليكم انا صبي ابلغ من العمر 14 سنه, انتابني هاجس يقول لي انت مصاب بمتلازمه كلاينفلتر, لان لدي ذراعان طويلان و اصابع اليدين طويلان ايضا و لدي تضخم في.",انت علي حق علي الاغلب التثدي ناتج عن فرط الهرمونات الجنسيه لدي البلوغ كلاينفلتر يكون لديهم ايضا خصي صغيره راجع متلازمه كلاينفلتر في القاموس.,298
ahd5k_02673,436181,graph_train,أمراض باطنية,Esoteric,السلام عليكم ان اعاني من الام في اسفل المعدة علي مستوي الامعاء مع انتفاخ و غازت مع كل واجبة وخاصة عند الصباح ان تناولة شوكلاطة او شيء حلو اود تشخيص...,انت تعانين من عسر الهضم الذي له اسباب كثيرة ابرزها القولون العصبي والذي يتم تشخيصه باستبعاد الاسباب العضوية فبرجاء عمل اشعة تلفزيونية وتحليل براز وصورة دم واستشارة دكتور جهاز هضمي بعدهم,السلام عليكم ان اعاني من الام في اسفل المعده علي مستوي الامعاء مع انتفاخ و غازت مع كل واجبه وخاصه عند الصباح ان تناوله شوكلاطه او شيء حلو اود تشخيص.,انت تعانين من عسر الهضم الذي له اسباب كثيره ابرزها القولون العصبي والذي يتم تشخيصه باستبعاد الاسباب العضويه فبرجاء عمل اشعه تلفزيونيه وتحليل براز وصوره دم واستشاره دكتور جهاز هضمي بعدهم,335
ahd5k_02677,460033,graph_train,أمراض باطنية,Esoteric,السلام عليكم .نزول دم من المستقيم بكميه كبيره انا متزوجه وعندي طفل ..شكرا,عليكم السلام اعتقد فى سنك و اذا كان الدم احمر فالاحتمال اما ان يكون تقرحات فى القولون او البواسير و لقطع الشك باليقين افضل تعملى منظار للقولون حتى يكون العلاج على اساس سليم,السلام عليكم .نزول دم من المستقيم بكميه كبيره انا متزوجه وعندي طفل .شكرا,عليكم السلام اعتقد في سنك و اذا كان الدم احمر فالاحتمال اما ان يكون تقرحات في القولون او البواسير و لقطع الشك باليقين افضل تعملي منظار للقولون حتي يكون العلاج علي اساس سليم,245
ahd5k_02679,645773,graph_train,أمراض باطنية,Esoteric,عندي الم اعلي المعدة من فترة طويلة واشتد ف الاونة الاخيرة وهو مستمر وذهبت الي الطبيب وشخصه انه نازلة معوية ولكني لا اعاني من الاسهال وهو عرض اساسي واخذ دواء...,الأعراض التي تعانين منها نعزوها في الغالب إلى القولون العصبي. عليك مراجعة أخصائي أمراض باطنية لعمل الفحوصات الطبية اللازمة لاستبعاد الأسباب الأخرى ومن ثم المعالجة الناجعة.,عندي الم اعلي المعده من فتره طويله واشتد ف الاونه الاخيره وهو مستمر وذهبت الي الطبيب وشخصه انه نازله معويه ولكني لا اعاني من الاسهال وهو عرض اساسي واخذ دواء.,الاعراض التي تعانين منها نعزوها في الغالب الي القولون العصبي. عليك مراجعه اخصايي امراض باطنيه لعمل الفحوصات الطبيه اللازمه لاستبعاد الاسباب الاخري ومن ثم المعالجه الناجعه.,330
ahd5k_02685,722214,graph_train,أمراض الغدد الصماء,Endocrine,جاني بعد الوﻻده اتهاب بالغده الدرقيه زياده نشاط علما بانه بعد وﻻدتي السابقه حدث معي كذلك وزال بدون علاج ولكن هذه المره اشعر بان النشاط زاد وارهقني Tsh= 0.032 من...,عادة ما يتحول هذا الافراط في الافراز الى كسل ومن ثم يعود الى طبيعته وفي هذه المرحلة يحتاج الى علاج عرضي فقط ولكن يوجد لذلك استثناءات ولذلك يجب المتابعة تحت اشراف اخصائي امراض الغدد الصم,جاني بعد الوﻻده اتهاب بالغده الدرقيه زياده نشاط علما بانه بعد وﻻدتي السابقه حدث معي كذلك وزال بدون علاج ولكن هذه المره اشعر بان النشاط زاد وارهقني tsh= 0.032 من.,عاده ما يتحول هذا الافراط في الافراز الي كسل ومن ثم يعود الي طبيعته وفي هذه المرحله يحتاج الي علاج عرضي فقط ولكن يوجد لذلك استثناءات ولذلك يجب المتابعه تحت اشراف اخصايي امراض الغدد الصم,348
ahd5k_02702,652152,graph_train,أمراض الغدد الصماء,Endocrine,أنا شاب أبلغ من العمر ٢٤سنه عندي نقص بحجم الثدي الايمن بحجم كثير ولافت علما انه لا يسبب لي اي ألم هل هناك علاج وتم اكتشاف ذالك وانا في سن...,يجب مراجعة اخصائية النسائية لإجراء الفحص السريري,انا شاب ابلغ من العمر 24سنه عندي نقص بحجم الثدي الايمن بحجم كثير ولافت علما انه لا يسبب لي اي الم هل هناك علاج وتم اكتشاف ذالك وانا في سن.,يجب مراجعه اخصاييه النساييه لاجراء الفحص السريري,188
ahd5k_02719,522162,graph_train,أمراض القلب و الشرايين,Cardiovascular disease,تاتيني نوبات الم بصدري جهة القلب وقت الراحه خصوصا النوم واحيانا يمتد الالم لرقبه والاكتاف والظهر يبقى من ربع الى نصف ساعه ثم يذهب اشعر بغثيان ودوخه وضيق بالتنفس /...,اختي الفاضله الاعراض تحتاج الي مراجعة طبيب قلب للفحص السريري وعمل بعض الفحوصات والاشعه,تاتيني نوبات الم بصدري جهه القلب وقت الراحه خصوصا النوم واحيانا يمتد الالم لرقبه والاكتاف والظهر يبقي من ربع الي نصف ساعه ثم يذهب اشعر بغثيان ودوخه وضيق بالتنفس /.,اختي الفاضله الاعراض تحتاج الي مراجعه طبيب قلب للفحص السريري وعمل بعض الفحوصات والاشعه,251
ahd5k_02732,739273,graph_train,أمراض باطنية,Esoteric,انا شخص مصاب بداء السكري وحدث لي جلطة في القلب في الشريان التاجي تم على اثره تركيب دعامة واتناول الآن ادوية القلب والضغط والاسبرين والبلافكس ثم بعد ذلك اصبت بداء...,إن شاء الله لا يوجد خطورة بإيقاف علاج البلافكس لأنه كما ذكرت مر 18 شهر على وضع الدعامة. أما بالنسبة لوجود تليف في الكبد فهذا أمر بحاجة لتقيم أخصائي جهاز هضمي لعمل الفحوصات المخبرية و الصور الشعاعية اللازمة لتشخيص الحالة.,انا شخص مصاب بداء السكري وحدث لي جلطه في القلب في الشريان التاجي تم علي اثره تركيب دعامه واتناول الان ادويه القلب والضغط والاسبرين والبلافكس ثم بعد ذلك اصبت بداء.,ان شاء الله لا يوجد خطوره بايقاف علاج البلافكس لانه كما ذكرت مر 18 شهر علي وضع الدعامه. اما بالنسبه لوجود تليف في الكبد فهذا امر بحاجه لتقيم اخصايي جهاز هضمي لعمل الفحوصات المخبريه و الصور الشعاعيه اللازمه لتشخيص الحاله.,384
ahd5k_02748,786045,graph_train,علم الأجنة,Embryology,كيف يحدث علميا التصاق التوائم السيامي؟ وكيف يولد الطفل مشوها او زايد او ناقص طرف.,التوائم السيامية تحدث بعد ان يتم التلقيح بحوالي ثمن ايام حيث تنقسم الجسم التوتي الى قسمين ولكن هذا النقسام لا يكون تاما فيحدث الالتصاق اما باقي التشوهات فحي تحدث لاسباب غير معلومة تماما,كيف يحدث علميا التصاق التوايم السيامي? وكيف يولد الطفل مشوها او زايد او ناقص طرف.,التوايم السياميه تحدث بعد ان يتم التلقيح بحوالي ثمن ايام حيث تنقسم الجسم التوتي الي قسمين ولكن هذا النقسام لا يكون تاما فيحدث الالتصاق اما باقي التشوهات فحي تحدث لاسباب غير معلومه تماما,266
ahd5k_02754,730411,graph_train,أمراض القلب و الشرايين,Cardiovascular disease,عمري 24 سنة اعاني من تسارع في دقات القلب مع العلم اني مريضة روماتويد منذ 2006 حاليا اتناول البردنيزون فهل السبب يعود لما يفرزه هذا الدواء من ادرينالين ام انه...,ينبغي تحديد نوع التسارع وسببه عبر تخطيط كهربي للقلب والعودة للمتابعة مع الطبيب المعالج لمعرفة إن كان هناك مضاعفات جديدة بسب التوقف عن العلاج الوقائي,عمري 24 سنه اعاني من تسارع في دقات القلب مع العلم اني مريضه روماتويد منذ 2006 حاليا اتناول البردنيزون فهل السبب يعود لما يفرزه هذا الدواء من ادرينالين ام انه.,ينبغي تحديد نوع التسارع وسببه عبر تخطيط كهربي للقلب والعوده للمتابعه مع الطبيب المعالج لمعرفه ان كان هناك مضاعفات جديده بسب التوقف عن العلاج الوقايي,308
ahd5k_02761,112180,graph_train,أمراض القلب و الشرايين,Cardiovascular disease,مرحبا عمري 19 كنت اعاني من وجع في الصدر قمت بتخطيط قلب وكان سليم ، اخذت مسكن وخف الالم كثيرا لكن الان اعاني من الم تحت الابط اليسار عند الجهد...,هذه الآلام لا يمكن أن تكون من القلب، والأغلب أنها عضلية المنشأ لكن الطبيب الفاحص هو القادر على وضع التشخيص الدقيق.,"مرحبا عمري 19 كنت اعاني من وجع في الصدر قمت بتخطيط قلب وكان سليم , اخذت مسكن وخف الالم كثيرا لكن الان اعاني من الم تحت الابط اليسار عند الجهد.","هذه الالام لا يمكن ان تكون من القلب, والاغلب انها عضليه المنشا لكن الطبيب الفاحص هو القادر علي وضع التشخيص الدقيق.",258
ahd5k_02768,766709,graph_train,جراحة القلب والشرايين,Cardiovascular surgery,السلام عليكم ما هو السبب في سرعة دقات القلب بشكل مفاجئ ....تقريبا لمدة 5 دقائق ...,هناك أسباب كثيرة منها ما هو نفسي كالانعال والقلق وغير ذلك ومنها ما هو ناجن عن الافراط في تناول المنبهات، والأدوية، ومنها ما هو مرافق لحالة مرضية مجموعية كالالتهاب أو اضطراب الغة الدرقية ومنها ما هو ناجم عن اضطرابت كهربية قلبية ولتحديد السبب ينبغي فحص المريض وعلى ضوء العلامات السريرية الموجودة يمكن التعرف على السبب,السلام عليكم ما هو السبب في سرعه دقات القلب بشكل مفاجي .تقريبا لمده 5 دقايق .,"هناك اسباب كثيره منها ما هو نفسي كالانعال والقلق وغير ذلك ومنها ما هو ناجن عن الافراط في تناول المنبهات, والادويه, ومنها ما هو مرافق لحاله مرضيه مجموعيه كالالتهاب او اضطراب الغه الدرقيه ومنها ما هو ناجم عن اضطرابت كهربيه قلبيه ولتحديد السبب ينبغي فحص المريض وعلي ضوء العلامات السريريه الموجوده يمكن التعرف علي السبب",397
ahd5k_02810,769792,graph_train,الطب البديل,Alternative medicine,بابا عمره 50 سنة بعاني من البواسير وكتير تعبان منه... بدي علاج طبيعي وآمن ومضمون ومجرب الله يخليكم بسرعة.....,لاج البواسير بداية هو استخدام مرهم نيوهيلار داخل الشرج وتحاميل نيوهيلار وكبسولات دافلون وحبوب آيبوبروفين400مغم، وإذا استمرت بمكن الجوء إلى اليزر وأخيرا الإستئصال الجراحي,بابا عمره 50 سنه بعاني من البواسير وكتير تعبان منه. بدي علاج طبيعي وامن ومضمون ومجرب الله يخليكم بسرعه.,"لاج البواسير بدايه هو استخدام مرهم نيوهيلار داخل الشرج وتحاميل نيوهيلار وكبسولات دافلون وحبوب ايبوبروفين400مغم, واذا استمرت بمكن الجوء الي اليزر واخيرا الاستيصال الجراحي",278
ahd5k_02818,807214,graph_train,جراحة القلب والشرايين,Cardiovascular surgery,السلام. أنا شاب أبلغ من العمر 27 و أعاني من الدوال الساقين في الساق اليسرى مند حوالي 4 سنوات،و قد أجرية عملية، ولكنها لم تكن بنجاح، وقد نصحني الطبيب الذي...,الجوارب تفيد، ولكن الأفضل أن تغير مهنتك وتجد مهنة أخرى، ولا حول ولا قوة إلا بالله.,"السلام. انا شاب ابلغ من العمر 27 و اعاني من الدوال الساقين في الساق اليسري مند حوالي 4 سنوات,و قد اجريه عمليه, ولكنها لم تكن بنجاح, وقد نصحني الطبيب الذي.","الجوارب تفيد, ولكن الافضل ان تغير مهنتك وتجد مهنه اخري, ولا حول ولا قوه الا بالله.",238
ahd5k_02823,808060,graph_train,الطب البديل,Alternative medicine,طفل عمره اربع سنوات شخص مرضه على انه كهرباء زائدة فهل يوجدلها علاج في الطب البديل وهل سيستمر هذا المرض طويلا وماهي نسبه أمكانية الشفاء؟وا,"عبارة ( كهرباء زائدة ) او ( شحنات كهرباء ) يطلقها الاطباء على داء الصرع لتخفيف الامر على الاهل بسبب الهلع و الخوف الذي ينتابهم من اسم الصرع بسبب النظرة الميتافيزيقية و الهالة التي تحيط بالصرع و له عدة اسماء : المسكة , النقطة , القرينة و غيرها من الاسماء و الصرع نوعان : 1- نوبات عامة تصيب جميع اجزاء الجسم و منها الداء الكبير و الداء الصغير 2- نوبات جزئية تصيب جزء او عضو من الجسم اسبابها كثيرة منها خلقية ( اثناء الحمل ) , الرضوض اثناء الولادة , اورام دماغية خلقية , اضطراب الاملاح المعدنية كالكالسيوم و الصوديوم في الدم و ارتفاع درجة حرارة الطفل فوق 39 درجة مؤية و حوادث السقوط و اود ان احذر الاهل من عدم الالتزام بشروط العلاج و هي : 1- الدواء المناسب الذي يصفه الاخصائي و ادوية الصرع معروفة للاطباء و كل نوع من انواع الصرع له نوع معين مناسب له 2- الجرعة الكافية و غير الزائدة و تعطى في الوقت المحدد 3- الاستمرار على تناول العلاج دون تقطيع او توقيف او نقصان للجرعة لان ذلك يسبب حدوث النوبات بشكل خطير 4- اذا استمر العلاج بشكل صحيح و لم تحدث و لا نوبة لمدة 3 سنوات متتالية فعندها يمكن للطبيب ان يقرر ايقاف الدواء و لكن بحذر شديد و ببطئ و تدريجياً خلال مدة عام كامل و هذا يعني ان الشفاء من الصؤع ممكن و خاصة عند الاطفال و خاصة اذا طالت مدة تناول الدواء و التزام الاهل بالجرعة و الوقت المحدد و بانتظام و دون تقطيع او تخفيض الجرعة و بناء عليه فإن نصيحتي لك ايها الاخ الكريم و الخت الكريمة ان تتعامل مع مرض الصرع تعاملك مع اي مرض آخر مع شيء من الاهتمام بطريقة العلاج بالادوية التي يصفها لك الاخصائي بالجرعة المناسبة و الوقت المحدد و باستمرار و انتظام و دون توقيف او تقطيع و عندها يمكنك بعد 3 سنوات من اخر نوبة ان تبدأ بايقاف الدواء تدريجياً و ببطئ خلال مدة عام كامل فيكوم طفلك قد شفي بإذن الله .",طفل عمره اربع سنوات شخص مرضه علي انه كهرباء زايده فهل يوجدلها علاج في الطب البديل وهل سيستمر هذا المرض طويلا وماهي نسبه امكانيه الشفاء?وا,"عباره ( كهرباء زايده ) او ( شحنات كهرباء ) يطلقها الاطباء علي داء الصرع لتخفيف الامر علي الاهل بسبب الهلع و الخوف الذي ينتابهم من اسم الصرع بسبب النظره الميتافيزيقيه و الهاله التي تحيط بالصرع و له عده اسماء : المسكه , النقطه , القرينه و غيرها من الاسماء و الصرع نوعان : 1- نوبات عامه تصيب جميع اجزاء الجسم و منها الداء الكبير و الداء الصغير 2- نوبات جزييه تصيب جزء او عضو من الجسم اسبابها كثيره منها خلقيه ( اثناء الحمل ) , الرضوض اثناء الولاده , اورام دماغيه خلقيه , اضطراب الاملاح المعدنيه كالكالسيوم و الصوديوم في الدم و ارتفاع درجه حراره الطفل فوق 39 درجه مويه و حوادث السقوط و اود ان احذر الاهل من عدم الالتزام بشروط العلاج و هي : 1- الدواء المناسب الذي يصفه الاخصايي و ادويه الصرع معروفه للاطباء و كل نوع من انواع الصرع له نوع معين مناسب له 2- الجرعه الكافيه و غير الزايده و تعطي في الوقت المحدد 3- الاستمرار علي تناول العلاج دون تقطيع او توقيف او نقصان للجرعه لان ذلك يسبب حدوث النوبات بشكل خطير 4- اذا استمر العلاج بشكل صحيح و لم تحدث و لا نوبه لمده 3 سنوات متتاليه فعندها يمكن للطبيب ان يقرر ايقاف الدواء و لكن بحذر شديد و ببطي و تدريجيا خلال مده عام كامل و هذا يعني ان الشفاء من الصوع ممكن و خاصه عند الاطفال و خاصه اذا طالت مده تناول الدواء و التزام الاهل بالجرعه و الوقت المحدد و بانتظام و دون تقطيع او تخفيض الجرعه و بناء عليه فان نصيحتي لك ايها الاخ الكريم و الخت الكريمه ان تتعامل مع مرض الصرع تعاملك مع اي مرض اخر مع شيء من الاهتمام بطريقه العلاج بالادويه التي يصفها لك الاخصايي بالجرعه المناسبه و الوقت المحدد و باستمرار و انتظام و دون توقيف او تقطيع و عندها يمكنك بعد 3 سنوات من اخر نوبه ان تبدا بايقاف الدواء تدريجيا و ببطي خلال مده عام كامل فيكوم طفلك قد شفي باذن الله .",1729
ahd5k_02863,805723,graph_train,علم الأجنة,Embryology,أرجو افادتي ابنتي تبلغ من العمر ٣ سنوات وبالصدفة وجدت انها ليس لديها فتحة مهبل وجدا قلقة حيال هذا الامر هل ممكن ان يكون لديها فتحة لان المنطقة جدا صغيرة...,أنت لحسن الحظ موجودة في بلد متقدم طبيا، عليك مراجعة اختصاصي أطفال لتقرير العلاج.,ارجو افادتي ابنتي تبلغ من العمر 3 سنوات وبالصدفه وجدت انها ليس لديها فتحه مهبل وجدا قلقه حيال هذا الامر هل ممكن ان يكون لديها فتحه لان المنطقه جدا صغيره.,"انت لحسن الحظ موجوده في بلد متقدم طبيا, عليك مراجعه اختصاصي اطفال لتقرير العلاج.",235
ahd5k_02864,808289,graph_train,علم الأجنة,Embryology,ولد ابنى بالشفة الارنبية وعمرة الأن 12سنة ويوجد شق فى سقف فمة تم خياطتة جراحيا وعمرة 3 أشهر ويعانى حاليا من وجود صف ثانى من الأسنان فى جانب فكة الايمن...,يجب مراجعة اختصاصي جراحة الفك. أو طبيب الأسنان، لأنه يجب قلع صف من الأسنان الزائدة وإعادة ترتيب الفك بحيث يتلائم إطباق الفكين.,ولد ابني بالشفه الارنبيه وعمره الان 12سنه ويوجد شق في سقف فمه تم خياطته جراحيا وعمره 3 اشهر ويعاني حاليا من وجود صف ثاني من الاسنان في جانب فكه الايمن.,"يجب مراجعه اختصاصي جراحه الفك. او طبيب الاسنان, لانه يجب قلع صف من الاسنان الزايده واعاده ترتيب الفك بحيث يتلايم اطباق الفكين.",279
ahd5k_02892,807374,graph_train,أرجية حساسية,Allergic allergy,اشعر بالحساسيه في ا نفي حيث اشعر بحكه في سقف الحلق ومعاطسه شديده عندما استيقظ في الصباح وعندما افتح عيوني تزداد الحكه ارجوا المساعده لمعرفه الوقايه والعلاج,ما تعاني منه هو الحساسية الوقاية : الابتعاد عن المواد الثيرة للحساسية مثل الغبار والصوف والقطن وشعر الحيوانات والعطور والمواد الكيماوية ويجب عمل فحص للحساسية التعددة (كرست ) عند طبيب اختصاصي حساسية لمعرفة المادة التي تسبب لك الحساسية وتتجنبها وايضا يمكنك تناول دواء يمنع حدوث الحساسية وهو كيتوتوفن مثل زادتن او توتنال فاذا حدثت الحساسية فتوقف عن تناوله لانه لا يفيد وتناول مضاد للهستامين ومزيل للاحتقان مثل فايبروسيل بخاخ او اوتروفين وحبوب مثل تلفاست او اكزوفن,اشعر بالحساسيه في ا نفي حيث اشعر بحكه في سقف الحلق ومعاطسه شديده عندما استيقظ في الصباح وعندما افتح عيوني تزداد الحكه ارجوا المساعده لمعرفه الوقايه والعلاج,ما تعاني منه هو الحساسيه الوقايه : الابتعاد عن المواد الثيره للحساسيه مثل الغبار والصوف والقطن وشعر الحيوانات والعطور والمواد الكيماويه ويجب عمل فحص للحساسيه التعدده (كرست ) عند طبيب اختصاصي حساسيه لمعرفه الماده التي تسبب لك الحساسيه وتتجنبها وايضا يمكنك تناول دواء يمنع حدوث الحساسيه وهو كيتوتوفن مثل زادتن او توتنال فاذا حدثت الحساسيه فتوقف عن تناوله لانه لا يفيد وتناول مضاد للهستامين ومزيل للاحتقان مثل فايبروسيل بخاخ او اوتروفين وحبوب مثل تلفاست او اكزوفن,615
ahd5k_02903,798607,graph_train,علم الأجنة,Embryology,الدكتور الفاضل/ لقد قمت بعمل طفل انبوب وكان ترجيع الاجنة بتاريخ ١٩/٧/٢٠١٠ والحمدلله نجحت وتم الحمل. : حدثت مداعبات جنسية مع زوجي ولكن بدون ادخال القضيب ووصلنا كلانا للنشوة الجنسية...,هذا لن يؤثر على الحمل,الدكتور الفاضل/ لقد قمت بعمل طفل انبوب وكان ترجيع الاجنه بتاريخ 19/7/2010 والحمدلله نجحت وتم الحمل. : حدثت مداعبات جنسيه مع زوجي ولكن بدون ادخال القضيب ووصلنا كلانا للنشوه الجنسيه.,هذا لن يوثر علي الحمل,203
ahd5k_02905,376234,graph_train,أمراض القلب و الشرايين,Cardiovascular disease,والدتي٧٤ سنة اجرت عملية ازالة ورم حميد بالدماغ وبعدها حصلت لها جلطة في الرجل ومنذ سنين ونصف تاخذ وارفارين وحاليا الطبيب غيره الى اسبرين ايهما احسن بلافيكس ام الاسبرين,في هذه الحالة العلاج المعطى كافي,والدتي74 سنه اجرت عمليه ازاله ورم حميد بالدماغ وبعدها حصلت لها جلطه في الرجل ومنذ سنين ونصف تاخذ وارفارين وحاليا الطبيب غيره الي اسبرين ايهما احسن بلافيكس ام الاسبرين,في هذه الحاله العلاج المعطي كافي,198
ahd5k_02907,779117,graph_train,تشوهات خلقية,Birth Defect,ولد لي طفل ولديه أصبع سادسه عظميه في كفه الايمن هل لهذا أثار مستقبليه؟,هذه حالة نادرة، ويمكن علاجها بسهولة واستئصال الإصبع السادسة من قبل الجراح، راجع جراح عظام.,ولد لي طفل ولديه اصبع سادسه عظميه في كفه الايمن هل لهذا اثار مستقبليه?,"هذه حاله نادره, ويمكن علاجها بسهوله واستيصال الاصبع السادسه من قبل الجراح, راجع جراح عظام.",160
ahd5k_02952,785573,graph_train,أمراض الدم,Blood,ماهي البنودالتي تنص عليها نظرية الخلية,نظرية الخلية تقوم على أن الخلية تُشكل الوحدة الأساسية في تركيب انسجة وأعضاء كل شيء حي، وهي الوحدة الوظيفة الأساسية لدى جميع الكائنات الحية، وهذه النظرية هي واحدة من أسس علم الأحياء، وتنض أيضاً على أن الخلايا الجديدة تتشكل من خلايا أخرى قائمة.,ماهي البنودالتي تنص عليها نظريه الخليه,"نظريه الخليه تقوم علي ان الخليه تشكل الوحده الاساسيه في تركيب انسجه واعضاء كل شيء حي, وهي الوحده الوظيفه الاساسيه لدي جميع الكاينات الحيه, وهذه النظريه هي واحده من اسس علم الاحياء, وتنض ايضا علي ان الخلايا الجديده تتشكل من خلايا اخري قايمه.",280
ahd5k_02957,734477,graph_train,جراحة القلب والشرايين,Cardiovascular surgery,اريد وصف حالات تأتي الى المستشفى ويكون في وقتها ملزم بعملية قلب مفتوحه ماهي الحالات وماذا تفعلون في وقتها ؟,"عمليات القلب المفتوحة كثيرة؛ وتشمل تبديل الصمامات، وتبديل القلب أو زرع قلب,أو زرع قلب اصطناعي بالإضافة إلى جراحة الشرايين الكبيرة كالأبهر، واعتلالات القلب المكتسبة التي تؤدي إلى تضيق في الصمامات، أو الأوعية الدموية التاجية, وغير ذلك ولكل منها ظروفها وفقاً لنوعها ودرجة تقدمها وحالة المريض وغير ذلك",اريد وصف حالات تاتي الي المستشفي ويكون في وقتها ملزم بعمليه قلب مفتوحه ماهي الحالات وماذا تفعلون في وقتها ?,"عمليات القلب المفتوحه كثيره; وتشمل تبديل الصمامات, وتبديل القلب او زرع قلب,او زرع قلب اصطناعي بالاضافه الي جراحه الشرايين الكبيره كالابهر, واعتلالات القلب المكتسبه التي تودي الي تضيق في الصمامات, او الاوعيه الدمويه التاجيه, وغير ذلك ولكل منها ظروفها وفقا لنوعها ودرجه تقدمها وحاله المريض وغير ذلك",404
ahd5k_02966,650929,graph_train,أمراض الأسنان,Dental,ما هي الأدوية التي يمكن ان تساعد على تنظيف اللثه وحمايتها من الحساسيه,عفوا ﻻ يوجد حساسية وتنظيف اللثة وانما اﻻسنان وانجح دواء هو النظافة اليومية بطريقة صحيحة التفريش والتغذية ويأتي الدواء مساعد عند الضرورة,ما هي الادويه التي يمكن ان تساعد علي تنظيف اللثه وحمايتها من الحساسيه,عفوا ﻻ يوجد حساسيه وتنظيف اللثه وانما اﻻسنان وانجح دواء هو النظافه اليوميه بطريقه صحيحه التفريش والتغذيه وياتي الدواء مساعد عند الضروره,204
ahd5k_02971,507400,graph_train,أمراض الغدد الصماء,Endocrine,عند الاستيقاظ في الصباح اشعر بالام اسفل الظهر منذ فترة طويلة ما السبب انا استخدم علاج الثايروكسين هل له تاثير,الثايروكسين ليس السبب. يجب الفحص لمنطقة اسفل الظهر والفقرات,عند الاستيقاظ في الصباح اشعر بالام اسفل الظهر منذ فتره طويله ما السبب انا استخدم علاج الثايروكسين هل له تاثير,الثايروكسين ليس السبب. يجب الفحص لمنطقه اسفل الظهر والفقرات,168
ahd5k_02980,532577,graph_train,أمراض الغدد الصماء,Endocrine,السلام عليكم أنا عملت تحليل للغدة الدرقيه قبل سنه وكانت النتائج ممتازه ولكن لما عملته بعد مرور سنه ظهر بالتحليل ان المعدل ٦ وقالت الدكتوره فيه ارتفاع في مستوى هرمون...,اذا كان ال TSH هو المقصود فهذه ممكن ان تكون بداية خمول ولكن عليكي اعادة التحليل للتأكد فإذا استمر ال tsh بالارتفاع فعليكب بدأ العلاج وتنظيم هرمون الغدة,السلام عليكم انا عملت تحليل للغده الدرقيه قبل سنه وكانت النتايج ممتازه ولكن لما عملته بعد مرور سنه ظهر بالتحليل ان المعدل 6 وقالت الدكتوره فيه ارتفاع في مستوي هرمون.,اذا كان ال tsh هو المقصود فهذه ممكن ان تكون بدايه خمول ولكن عليكي اعاده التحليل للتاكد فاذا استمر ال tsh بالارتفاع فعليكب بدا العلاج وتنظيم هرمون الغده,318
ahd5k_02986,18312,graph_train,أمراض الأسنان,Dental,لدي جيب لثوي بين الضاحك والضرس عمل لي الطبيب عدة جلسات تجريف لثوي كان هناك تحسن ولاكن بعدها زال واستمر الازعاج وشعور اشبه بحكة .. ماذا افعل .. علما ان...,قد تحتاج ازاله التلبيس و عمل جراحة بسيطة للجيب اللثوي و بعدها يتم وصع تاج جديد بعد شهر و اكيد وقتها رح تشعر بالتحسن ان شالله,لدي جيب لثوي بين الضاحك والضرس عمل لي الطبيب عده جلسات تجريف لثوي كان هناك تحسن ولاكن بعدها زال واستمر الازعاج وشعور اشبه بحكه . ماذا افعل . علما ان.,قد تحتاج ازاله التلبيس و عمل جراحه بسيطه للجيب اللثوي و بعدها يتم وصع تاج جديد بعد شهر و اكيد وقتها رح تشعر بالتحسن ان شالله,277
ahd5k_03015,711478,graph_train,جراحة القلب والشرايين,Cardiovascular surgery,الوالدة عملت عملية القلب المفتوح دون تغيير صمامات شهر 1/2014معها السكري عمرها 65 ماهي الادوية التي يجب ان تأخذها يوميا ؟,لا نعرف نوع الصمام ولا حالتها السريرية بعد العملية والتي على أساسها سيتم تحديد الدواء الذي ينبغي وصفه,الوالده عملت عمليه القلب المفتوح دون تغيير صمامات شهر 1/2014معها السكري عمرها 65 ماهي الادويه التي يجب ان تاخذها يوميا ?,لا نعرف نوع الصمام ولا حالتها السريريه بعد العمليه والتي علي اساسها سيتم تحديد الدواء الذي ينبغي وصفه,221
ahd5k_03019,162372,graph_train,أمراض الأسنان,Dental,عملت ٤ جلسات ٣ تنظيف وسحب عصب والرابعة حشو الجذور ووضع مؤقتة عانيت من الم ل٥ ايام قوي ثم زال لكن بعد ٤ ايام رجعلي الم خفيف من حين لاخر...,يجب إنهاء المعالجة تماما حتى تنتهي من ألم الضرس ان كانت معالجة الجذور جيدة فستغيب الأعراض باذن الله ومن الطبيعي حصول الالم عند العض لمدة اسبوع,عملت 4 جلسات 3 تنظيف وسحب عصب والرابعه حشو الجذور ووضع موقته عانيت من الم ل5 ايام قوي ثم زال لكن بعد 4 ايام رجعلي الم خفيف من حين لاخر.,يجب انهاء المعالجه تماما حتي تنتهي من الم الضرس ان كانت معالجه الجذور جيده فستغيب الاعراض باذن الله ومن الطبيعي حصول الالم عند العض لمده اسبوع,279
ahd5k_03031,766999,graph_train,تشوهات خلقية,Birth Defect,دكتور انا عندي اختلاف بسيط في جهة الأذنين يعني تقريبا واضح.. بس ماما خايفة اني اروح اسوي عملية بس ايش تنصحني,"عزيزتي: اذا كنت تقصدين اختلاف في الشكل او الحجم ,فان الحل الجراحي عادة ما يكون ناجعا, وليس هناك مضاعفات هامة,عليك بمراجعة جراح التجميل للكشف والعلاج املين لك الشفاء",دكتور انا عندي اختلاف بسيط في جهه الاذنين يعني تقريبا واضح. بس ماما خايفه اني اروح اسوي عمليه بس ايش تنصحني,"عزيزتي: اذا كنت تقصدين اختلاف في الشكل او الحجم ,فان الحل الجراحي عاده ما يكون ناجعا, وليس هناك مضاعفات هامه,عليك بمراجعه جراح التجميل للكشف والعلاج املين لك الشفاء",272
ahd5k_03032,17578,graph_train,أمراض الأسنان,Dental,مشكله فى الفك و محتاج زراعه ضروس قمت بعمل اشاعه بانوراما للفك السؤال: هل الفك بحاله جيده للزراعه و ما مشكله الفك و حلها,حالة الحافة العظمية للفكممتازة لعمل زرعات سنية اما بالنسبة لمشكله الفك ف انت تعاني من بقايا جذور يجب خلعها قبل عمل الزرعات السنية,مشكله في الفك و محتاج زراعه ضروس قمت بعمل اشاعه بانوراما للفك السوال: هل الفك بحاله جيده للزراعه و ما مشكله الفك و حلها,حاله الحافه العظميه للفكممتازه لعمل زرعات سنيه اما بالنسبه لمشكله الفك ف انت تعاني من بقايا جذور يجب خلعها قبل عمل الزرعات السنيه,248
ahd5k_03053,454029,graph_train,صحة الطفل,Child health,طفلى اخذ تطعيم ٦شهور واخذ ادول شراب سخنيه ولسه سخن اديله تحاميل روفيناك ٢٥,أهلا بحضرتك ....... * أولا : ارتفاع الحرارة بسبب التطعيم لا تستمر أكثر من 24 ساعة ، و لا تتجاوز 38.5 في أغلب الأحوال . * ثانيا : لا يمكن إعطاء لبوس روفيناك 25 مجم في هذا العمر ، و يكتفي بإعطاء الباراسيتامول كل 4-6 ساعات . * ثالثا : استمرار الحرارة لثاني يوم بعد التطعيم و خاصة إذا كانت مرتفعة جدا أو يصاحبها أعراض أخري ، يستلزم إجراء كشف طبي لأنه غالبا سيكون هناك سبب آخر للحرارة غير التطعيم ،،،،،،،،،،,طفلي اخذ تطعيم 6شهور واخذ ادول شراب سخنيه ولسه سخن اديله تحاميل روفيناك 25,"اهلا بحضرتك . * اولا : ارتفاع الحراره بسبب التطعيم لا تستمر اكثر من 24 ساعه , و لا تتجاوز 38.5 في اغلب الاحوال . * ثانيا : لا يمكن اعطاء لبوس روفيناك 25 مجم في هذا العمر , و يكتفي باعطاء الباراسيتامول كل 4-6 ساعات . * ثالثا : استمرار الحراره لثاني يوم بعد التطعيم و خاصه اذا كانت مرتفعه جدا او يصاحبها اعراض اخري , يستلزم اجراء كشف طبي لانه غالبا سيكون هناك سبب اخر للحراره غير التطعيم ,",476
ahd5k_03068,807985,graph_train,علم التشريح,Anatomy,أسباب التهاب الرحم المتكرر والاحساس بذلك والعلاج الافضل له وكيف نتفادى ذلك وماهي المطهرات المناسبه للمرآة التي لديها حساسيه جلديه,اعتقد بأن المقصود هو التهابات المهبل وليس الرحم وغالبا ما يكون سبب هذه الالتهابات هي الفطريات خاصة الكانديدا وقد يكون السبب التهابات جرثومية بعضها قد ينتقل عن طريق المعاشرة الزوجية وبعضها لا وفي حال تكررا الالتهابات فلا بد من اخذ عينة من الافرازات وفحصها وعمل مزرعة لها لمعرفة الجرثومة المسببة وبناءا على نتيجة المزرعة يتم وصف العلاج المناسب ولكن يجب التأكيد بأن على الزوج تناول نفس العلاج وفي نفس الوقت واذا كانت هناك زوجة اخرى فيجب عليها ايضا تناول نفس العلاج . وانصح ايضا بعمل تحليل للسكر حيث ان الالتهابات الفطرية تزيد وتتكرر عند مرضى السكري. اما بالنسبة للمطهرات فانا لا انصح باستعمالها كثيرا واذا كان لا بد منها فلا يجب ان تستعمل اكثر من مرة الى مرتين في الاسبوع وهناك العديد منها في الصيدليات,اسباب التهاب الرحم المتكرر والاحساس بذلك والعلاج الافضل له وكيف نتفادي ذلك وماهي المطهرات المناسبه للمراه التي لديها حساسيه جلديه,اعتقد بان المقصود هو التهابات المهبل وليس الرحم وغالبا ما يكون سبب هذه الالتهابات هي الفطريات خاصه الكانديدا وقد يكون السبب التهابات جرثوميه بعضها قد ينتقل عن طريق المعاشره الزوجيه وبعضها لا وفي حال تكررا الالتهابات فلا بد من اخذ عينه من الافرازات وفحصها وعمل مزرعه لها لمعرفه الجرثومه المسببه وبناءا علي نتيجه المزرعه يتم وصف العلاج المناسب ولكن يجب التاكيد بان علي الزوج تناول نفس العلاج وفي نفس الوقت واذا كانت هناك زوجه اخري فيجب عليها ايضا تناول نفس العلاج . وانصح ايضا بعمل تحليل للسكر حيث ان الالتهابات الفطريه تزيد وتتكرر عند مرضي السكري. اما بالنسبه للمطهرات فانا لا انصح باستعمالها كثيرا واذا كان لا بد منها فلا يجب ان تستعمل اكثر من مره الي مرتين في الاسبوع وهناك العديد منها في الصيدليات,828
ahd5k_03085,807944,graph_train,علم التشريح,Anatomy,"هل يوجد علاج للتشخيص المسمى \""pseudoexanthoma الاستيك \"" او اي مستحضر طبي يقلل من الاعراض الجانبية",لا يوجد علاج يوثر في مجرى المرض بالرغم من أن تقليص تناول الكالسيوم قد أتى بنتائج ضئيلة، ويمكن إجراء جراحات تجميلية للجلد المتهدل كما يمكن استعمال أدوية من أجل تخفيف مشاكل الأوعية الدموية في الشبكية مثل أدوية بيفاسيزوماب(أفاستين) ورانيبيزوماب (لوسنتيس) وينصح العض بتجنب استعمال بعض الأدوية اللاستيروئيدية المضادة للإلتهاب مثل الأسبرين والبروفين<,"هل يوجد علاج للتشخيص المسمي \""pseudoexanthoma الاستيك \"" او اي مستحضر طبي يقلل من الاعراض الجانبيه","لا يوجد علاج يوثر في مجري المرض بالرغم من ان تقليص تناول الكالسيوم قد اتي بنتايج ضييله, ويمكن اجراء جراحات تجميليه للجلد المتهدل كما يمكن استعمال ادويه من اجل تخفيف مشاكل الاوعيه الدمويه في الشبكيه مثل ادويه بيفاسيزوماب(افاستين) ورانيبيزوماب (لوسنتيس) وينصح العض بتجنب استعمال بعض الادويه اللاستيروييديه المضاده للالتهاب مثل الاسبرين والبروفين<",442
ahd5k_03090,790409,graph_train,علم الأجنة,Embryology,هل التواجد للحامل في غرفة به تليفون لا سلكي واجهزة اتصالات وموبيلات او اشعة التلفزيون يؤثر على الحمل برجاء سرعة الاجابة للاهمية وبارك الله فيكم,هناك أقووال كثيرة حول الموضع، وأن الموجات الكهرومغناطيسية قد تسبب السرطان، ولك الموضوع كله جديد وليس هناك دراسات قاطعة جول الموضوع حتى الآن، ولكن يستحسن ليس للحامل فقط الابتعاد عن أماكن الإشعاع،اجتنبوا مواطن الشبهات.,هل التواجد للحامل في غرفه به تليفون لا سلكي واجهزه اتصالات وموبيلات او اشعه التلفزيون يوثر علي الحمل برجاء سرعه الاجابه للاهميه وبارك الله فيكم,"هناك اقووال كثيره حول الموضع, وان الموجات الكهرومغناطيسيه قد تسبب السرطان, ولك الموضوع كله جديد وليس هناك دراسات قاطعه جول الموضوع حتي الان, ولكن يستحسن ليس للحامل فقط الابتعاد عن اماكن الاشعاع,اجتنبوا مواطن الشبهات.",359
ahd5k_03098,57929,graph_train,أمراض الأسنان,Dental,أشعر برائحة كريهة في الفم تهرج من الجهاز الهضمي وأحياناً مع البلغم. أستبعد أن تكون من الاسنان أو اللثة أو الفم بشكل عام إنما أشعر بها تخرج مع النفس وعلى...,انصحك بعلاج كل الأسنان التي يتوجب علاجها و من ثم التوجه إلى طبيب اخصائي باطنيه,اشعر برايحه كريهه في الفم تهرج من الجهاز الهضمي واحيانا مع البلغم. استبعد ان تكون من الاسنان او اللثه او الفم بشكل عام انما اشعر بها تخرج مع النفس وعلي.,انصحك بعلاج كل الاسنان التي يتوجب علاجها و من ثم التوجه الي طبيب اخصايي باطنيه,233
ahd5k_03104,767363,graph_train,الطب البديل,Alternative medicine,ما هى فوائد زيت الحلبه للجسم اذا استعمل شربا مع الماء شكرا,"فوائد زيت الحلبة للجسم: 1. فوائد زيت الحلبة للشعر: زيت الحلبة له تأثير قوي على نمو الشعر ويحد من الصلع وتساقط الشعر والقشور , فهو مصدر جيد لحمض النيكوتينيك والبروتين. 2. فوائد زيت الحلبة للصدر: فهو تحتوي على الأستروجين وتعمل على تحفيز هرمون البرولاكتين , وكلها عوامل مؤثرة في زيادة حجم الصدر(الثدي) وتسمينه. 3. فوائد زيت الحلبة للبشرة: يعمل زيت الحلبة على تحفيز تدفق الدم إلى الأنسجة , ولذلك فإن مستحضرات زيت الحلبة تعمل على الحماية من التجاعيد بالوجه والخدود , وله تأثير مرطب للجلد , كما أنه يعمل على إزالة السموم من البشرة بسبب صفاته المضادة للالتهابات. أضرار زيت الحلبة: لا ينبغي استخدام زيت الحلبة قبل استشارة الطبيب , ومن الأفضل تجنب استخدامه أثناء فترة الحمل.",ما هي فوايد زيت الحلبه للجسم اذا استعمل شربا مع الماء شكرا,"فوايد زيت الحلبه للجسم: 1. فوايد زيت الحلبه للشعر: زيت الحلبه له تاثير قوي علي نمو الشعر ويحد من الصلع وتساقط الشعر والقشور , فهو مصدر جيد لحمض النيكوتينيك والبروتين. 2. فوايد زيت الحلبه للصدر: فهو تحتوي علي الاستروجين وتعمل علي تحفيز هرمون البرولاكتين , وكلها عوامل موثره في زياده حجم الصدر(الثدي) وتسمينه. 3. فوايد زيت الحلبه للبشره: يعمل زيت الحلبه علي تحفيز تدفق الدم الي الانسجه , ولذلك فان مستحضرات زيت الحلبه تعمل علي الحمايه من التجاعيد بالوجه والخدود , وله تاثير مرطب للجلد , كما انه يعمل علي ازاله السموم من البشره بسبب صفاته المضاده للالتهابات. اضرار زيت الحلبه: لا ينبغي استخدام زيت الحلبه قبل استشاره الطبيب , ومن الافضل تجنب استخدامه اثناء فتره الحمل.",723
ahd5k_03113,51548,graph_train,أمراض الأسنان,Dental,عندي جرح داخل فمي في اللثه تحت السن ومؤلم جداً ، شنو الحل ؟,برجاء توجه لطبيب اسنان لمعرفه سبب الجرح وتحديد مكانه بالضبط,"عندي جرح داخل فمي في اللثه تحت السن ومولم جدا , شنو الحل ?",برجاء توجه لطبيب اسنان لمعرفه سبب الجرح وتحديد مكانه بالضبط,118
ahd5k_03137,764956,graph_train,أمراض الغدد الصماء,Endocrine,لماذا ترتفع درجة حرارة جسمي دائما بدرجة عالية جدا بالرغم من عدم بذل اي جهد حركي و التواجد في مكان بارد ولاحظت حدوث هذه المشكلة مباشرة بعد الاستيقاظ من النوم...,ما هو وزنك وطولك وهل هناك أية أعراض أخرى؟ قد يكون هذا الشعور بالحرارة ناتجاً عن زيادة في نشاط الدرق تحياتي,لماذا ترتفع درجه حراره جسمي دايما بدرجه عاليه جدا بالرغم من عدم بذل اي جهد حركي و التواجد في مكان بارد ولاحظت حدوث هذه المشكله مباشره بعد الاستيقاظ من النوم.,ما هو وزنك وطولك وهل هناك ايه اعراض اخري? قد يكون هذا الشعور بالحراره ناتجا عن زياده في نشاط الدرق تحياتي,265
ahd5k_03139,679868,graph_train,أمراض القلب و الشرايين,Cardiovascular disease,السلام عليكم ورحمه الله اشعر بطغنات في الجهه اليمن من الصدر ويمتد الى الكتف ماسبب هذه الالم؟؟,ينبغي فحص الفقرات العنقية ومفصل الكتف ، لأن أي التهاب على هذا المستوى يمكن أن يتسبب في هكذا أعراض,السلام عليكم ورحمه الله اشعر بطغنات في الجهه اليمن من الصدر ويمتد الي الكتف ماسبب هذه الالم?,"ينبغي فحص الفقرات العنقيه ومفصل الكتف , لان اي التهاب علي هذا المستوي يمكن ان يتسبب في هكذا اعراض",190
ahd5k_03154,536341,graph_train,أمراض الغدد الصماء,Endocrine,طب الغدد السلام عليكم اريد معرفة الحجم الطبيعي للغدة الدرقية بالسنتمتر. مثلا الفص الايمن طوله 7.30 وعرضه 2.69 وبسماكة 2،45 والفص الايسر طوله 7.25 وعرضه 2.49 وبسماكة 2.60 شكرا,تستطيع معرفة ذلك عبر مواقع الانترنت,"طب الغدد السلام عليكم اريد معرفه الحجم الطبيعي للغده الدرقيه بالسنتمتر. مثلا الفص الايمن طوله 7.30 وعرضه 2.69 وبسماكه 2,45 والفص الايسر طوله 7.25 وعرضه 2.49 وبسماكه 2.60 شكرا",تستطيع معرفه ذلك عبر مواقع الانترنت,209
ahd5k_03223,779170,graph_train,جراحة القلب والشرايين,Cardiovascular surgery,السلام عليكم ورحمة الله وبركاته هل الزنجبيل مفيد للمصابين بالجلطة الدماغيه؟ وأن كان مفيد ماهي طريقة صحيح الاستخدامه؟ وشكرآ,نعتقد أنه مفيد لكن حتى الآن لا توجد معطيات علمية يمكن الاعتماد عليها بشكل قطعي، ولكن في نفس الوقت هناك بعض الدراسات الحديثة التي تشير إلى أن الزنجبيل يمكن أن يكون مساعد للحفاظ على معدلات الكوليسترول الطبيعية، ويستعمله البعض خاصة في الصين في علاج بعض الاضطرابات الوعائية حيث يدخل في تركيب أدوية توسيع الأوعية الدموية أما بالنسبة لطريقة استعماله هناك كبسولات تُسمى جينجر لكن ينبغي استخدامه وفق إرشادات المنتج، لأنه حتى الآن لم يتم اعتماده من قبل شركات الأدوية في الكثير من البلدان ويُمكن استخدامه أيضا ضمن الوجبات الغذائية حيث تقشر الجذور وتضاف إلى سلطات الخضرة كما هو الحال عند شعوب شرق أسيا، وينبغي مراعاة استعمال زنجبيل جديد وذلك لجميل رائحته النفاذة ورونقه ولونه المصفر الفاتح المقارب للون السمن، ويجب أن يكون خاليا من العيدان والشوائب، وإذا كان مطحوناً ينبغي الانتباه إلى صلاحيته وجودته حيث تضعف فاعليته بعد سنتين لأنه يصاب بالتسوس لوجود رطوبة فيه، ولحفظ الزنجبيل أطول فترة ممكنة يخزن في أماكن غير مغطاة مع نبات الزعتر الذي يُغطى به ويمكن حفظه بوضعه في فلفل أسود أو في مكان تكون فيه درجة الحرارة تحت 6 °C، وهناك من يستخدمه كالشاي أو يضيفه على الطعام عند التحضير كما تضاف البهارات الأخرى، ويُضاف إلى القهوة والحليب وغير ذلك من المشروبات لتغير النكهة .,السلام عليكم ورحمه الله وبركاته هل الزنجبيل مفيد للمصابين بالجلطه الدماغيه? وان كان مفيد ماهي طريقه صحيح الاستخدامه? وشكرا,"نعتقد انه مفيد لكن حتي الان لا توجد معطيات علميه يمكن الاعتماد عليها بشكل قطعي, ولكن في نفس الوقت هناك بعض الدراسات الحديثه التي تشير الي ان الزنجبيل يمكن ان يكون مساعد للحفاظ علي معدلات الكوليسترول الطبيعيه, ويستعمله البعض خاصه في الصين في علاج بعض الاضطرابات الوعاييه حيث يدخل في تركيب ادويه توسيع الاوعيه الدمويه اما بالنسبه لطريقه استعماله هناك كبسولات تسمي جينجر لكن ينبغي استخدامه وفق ارشادات المنتج, لانه حتي الان لم يتم اعتماده من قبل شركات الادويه في الكثير من البلدان ويمكن استخدامه ايضا ضمن الوجبات الغذاييه حيث تقشر الجذور وتضاف الي سلطات الخضره كما هو الحال عند شعوب شرق اسيا, وينبغي مراعاه استعمال زنجبيل جديد وذلك لجميل رايحته النفاذه ورونقه ولونه المصفر الفاتح المقارب للون السمن, ويجب ان يكون خاليا من العيدان والشوايب, واذا كان مطحونا ينبغي الانتباه الي صلاحيته وجودته حيث تضعف فاعليته بعد سنتين لانه يصاب بالتسوس لوجود رطوبه فيه, ولحفظ الزنجبيل اطول فتره ممكنه يخزن في اماكن غير مغطاه مع نبات الزعتر الذي يغطي به ويمكن حفظه بوضعه في فلفل اسود او في مكان تكون فيه درجه الحراره تحت 6 °c, وهناك من يستخدمه كالشاي او يضيفه علي الطعام عند التحضير كما تضاف البهارات الاخري, ويضاف الي القهوه والحليب وغير ذلك من المشروبات لتغير النكهه .",1275
ahd5k_03232,477109,graph_train,إسعاف أولي,First aid,طريقه التعامل مع الغريق وهل نطبق له انعاش القلب الرئوي C.P.R ?,نعم يطبق له الانعاش القلبي الرئوي,طريقه التعامل مع الغريق وهل نطبق له انعاش القلب الريوي c.p.r ?,نعم يطبق له الانعاش القلبي الريوي,95
ahd5k_03234,317666,graph_train,صحة الطفل,Child health,هل يمكن استخدام مرهم كورتيزون ١٪؜ ل رضيع لعمر الشهر لالتهاب الحفاظ,1- حسب تركيبة الكورتيزون 2- لو كان السبب تحسسي..فالكورتيزون قد يفيد.أما لو كان السبب التهاباً فالكورتيزون قد يزيد الوضع سوءاً سلامته,هل يمكن استخدام مرهم كورتيزون 1٪؜ ل رضيع لعمر الشهر لالتهاب الحفاظ,1- حسب تركيبه الكورتيزون 2- لو كان السبب تحسسي.فالكورتيزون قد يفيد.اما لو كان السبب التهابا فالكورتيزون قد يزيد الوضع سوءا سلامته,198
ahd5k_03238,777394,graph_train,تشوهات خلقية,Birth Defect,السلام عليكم وضعت زوجتي مولودنا الأول، الا أنه للأسف بتشوهات كثيرة على مستوى الرأس والشفة وتوفي بعد ساعات، الآن عملت الزوجة فحوصات وتحاليل لدى طبيب مختص فأكد أن الأمور طبيعية.لفأردنا...,ليس من الضرورة حصول خلل أو تشوه لجميع المواليد، خاصة إذا كانت الفحوصات جيدة.,"السلام عليكم وضعت زوجتي مولودنا الاول, الا انه للاسف بتشوهات كثيره علي مستوي الراس والشفه وتوفي بعد ساعات, الان عملت الزوجه فحوصات وتحاليل لدي طبيب مختص فاكد ان الامور طبيعيه.لفاردنا.","ليس من الضروره حصول خلل او تشوه لجميع المواليد, خاصه اذا كانت الفحوصات جيده.",261
ahd5k_03242,238032,graph_train,إسعاف أولي,First aid,هل لدغة العقرب أو مربعانية بعد 12ساعة من لدغة تبين أن لا توجد اعراض ك احمرار وانتفاخ أو حرارة تكون لدغة غير قاتلة,معظم لسعات العقرب لا تحتاج إلى علاج طبي. ولكن إذا كانت الأعراض شديدة ، فقد تحتاج إلى تلقي الرعاية في المستشفى. قد يعطى لك المهدئات لتقلصات العضلات والعقاقير من خلال الوريد (عن طريق الوريد) لعلاج ارتفاع ضغط الدم والإثارة والألم.,هل لدغه العقرب او مربعانيه بعد 12ساعه من لدغه تبين ان لا توجد اعراض ك احمرار وانتفاخ او حراره تكون لدغه غير قاتله,"معظم لسعات العقرب لا تحتاج الي علاج طبي. ولكن اذا كانت الاعراض شديده , فقد تحتاج الي تلقي الرعايه في المستشفي. قد يعطي لك المهديات لتقلصات العضلات والعقاقير من خلال الوريد (عن طريق الوريد) لعلاج ارتفاع ضغط الدم والاثاره والالم.",340
ahd5k_03243,286579,graph_train,أرجية حساسية,Allergic allergy,إبني عمر 6 سنوات و يعاني من حساسية الصدر أعطيه بخار الفنتولين و الأتروفين و شراب الزيلون .هل الفيس يفيد أم لا,غير واضح السؤال,ابني عمر 6 سنوات و يعاني من حساسيه الصدر اعطيه بخار الفنتولين و الاتروفين و شراب الزيلون .هل الفيس يفيد ام لا,غير واضح السوال,124
ahd5k_03258,762430,graph_train,الطب البديل,Alternative medicine,منذ دخول الصيف وانا اعاني من ظهور حبوب في وجهي اريد العلاج من خلال الطب البديل وشكرا لكم على مساعدتكم,يفضل مراجعة طبيب الجلدية لوصف العلاج المناسب لانه عادة يحتاج حب الشباب الى ادوية لعلاجها منها الايزوتريتينوين ولكن لا يجب اخذه دون استشارة الطبيب,منذ دخول الصيف وانا اعاني من ظهور حبوب في وجهي اريد العلاج من خلال الطب البديل وشكرا لكم علي مساعدتكم,يفضل مراجعه طبيب الجلديه لوصف العلاج المناسب لانه عاده يحتاج حب الشباب الي ادويه لعلاجها منها الايزوتريتينوين ولكن لا يجب اخذه دون استشاره الطبيب,246
ahd5k_03281,462479,graph_train,أمراض الدم,Blood,ماذا افعل بعد ان اتبرع بلدم,اشرب سوائل واتغذى,ماذا افعل بعد ان اتبرع بلدم,اشرب سوايل واتغذي,44
ahd5k_03284,807585,graph_train,علم التشريح,Anatomy,لماذا أحيانا لا تكون الرؤية واضحة و يكون كأن ضبابا حول عيني اليسرى و بعد دلك عيني يزول ذلك الضباب هل هو احتمال اصابتي بورم دماغي. ا,"الامراض التي تسبب عدم وضوح الرؤية و الضبابية متعددة ,مثل مرض السكري المتظور , عيوب الانكسار الضوئي مثل قصر النظر او طول النظر او الاستجمام تيزم , اتلالات الشبكية , التهاب العصي البصري . و لكن لم يرد في ادبيات العيون الورم الدماغي . فعليك مراجعة طبيب اخصائي عيون ليقوم بفحصك جيداً جيداً و محاولة التعرف على السبب و من ثم معالجته .",لماذا احيانا لا تكون الرويه واضحه و يكون كان ضبابا حول عيني اليسري و بعد دلك عيني يزول ذلك الضباب هل هو احتمال اصابتي بورم دماغي. ا,"الامراض التي تسبب عدم وضوح الرويه و الضبابيه متعدده ,مثل مرض السكري المتظور , عيوب الانكسار الضويي مثل قصر النظر او طول النظر او الاستجمام تيزم , اتلالات الشبكيه , التهاب العصي البصري . و لكن لم يرد في ادبيات العيون الورم الدماغي . فعليك مراجعه طبيب اخصايي عيون ليقوم بفحصك جيدا جيدا و محاوله التعرف علي السبب و من ثم معالجته .",460
ahd5k_03307,770478,graph_train,الطب البديل,Alternative medicine,ماهي نصائحك لمن عمل الحجامة بعد يوم؟,ملاحظات ومحظورات: وتكون الحجامة في الصباح والظهر أفضل من الليل. وهي مستحبة في أيام الإثنين والثلاثاء والخميس، ومنهيّ عن أيام السبت والأربعاء، ومكروهة في الجمعة وفي فصل الصيف الحجامة أفضل من فصل الشتاء (يمكن تدفئة الغرفة). وفي البلاد الحارة أفضل من البلاد البادرة، فالبلاد الحارة والأزمنة الحارة والأمزجة الحارة التي دم أصحابها في غاية النضج الحجامة فيها أنفع من الفصد بكثير، فإن الدم ينضج ويرق ويخرج إلى سطح الجسد الداخل فتخرجه الحجامة. يحذر الحجامون المحدثون من عمل الحجامة لمن بدأ في الغسيل الكلوي، ولمن تبرع بالدم إلا بعد ثلاثة أيام، ولمن يتعاطى منبهات حتى يتركها، ولمن قام بتركيب جهاز منظم لضربات القلب لا تعمل له حجامة على القلب. @نصائح لمن عمل الحجامة لمدة 24ساعة: يضيف الحجامون في الغرب منع تناول الكحول لمدة 24 ساعة بعد الحجامةأو تدخين الماريجوانا لمدة 48 ساعة، وتناول المشروبات الباردة أو المثلجة لمدة 24 ساعة وممارسة الجنس لمدة 24 ساعةبعد عمل الحجامة وينصحون بالحفاظ على مكان الحجامة مغطى ودافئًا لمدة 24 ساعة أيضًا.,ماهي نصايحك لمن عمل الحجامه بعد يوم?,"ملاحظات ومحظورات: وتكون الحجامه في الصباح والظهر افضل من الليل. وهي مستحبه في ايام الاثنين والثلاثاء والخميس, ومنهي عن ايام السبت والاربعاء, ومكروهه في الجمعه وفي فصل الصيف الحجامه افضل من فصل الشتاء (يمكن تدفيه الغرفه). وفي البلاد الحاره افضل من البلاد البادره, فالبلاد الحاره والازمنه الحاره والامزجه الحاره التي دم اصحابها في غايه النضج الحجامه فيها انفع من الفصد بكثير, فان الدم ينضج ويرق ويخرج الي سطح الجسد الداخل فتخرجه الحجامه. يحذر الحجامون المحدثون من عمل الحجامه لمن بدا في الغسيل الكلوي, ولمن تبرع بالدم الا بعد ثلاثه ايام, ولمن يتعاطي منبهات حتي يتركها, ولمن قام بتركيب جهاز منظم لضربات القلب لا تعمل له حجامه علي القلب. @نصايح لمن عمل الحجامه لمده 24ساعه: يضيف الحجامون في الغرب منع تناول الكحول لمده 24 ساعه بعد الحجامهاو تدخين الماريجوانا لمده 48 ساعه, وتناول المشروبات البارده او المثلجه لمده 24 ساعه وممارسه الجنس لمده 24 ساعهبعد عمل الحجامه وينصحون بالحفاظ علي مكان الحجامه مغطي ودافيا لمده 24 ساعه ايضا.",962
ahd5k_03329,785657,graph_train,علم الأجنة,Embryology,أريد منكم تفاصيل كاملة عن الشيفرة الوراثية . وعن الأجنة التى يكون فيها إنقسامات ولكن الشيفرة الوراثية لديهم يوجد بها خلل. أرجووووووووووكم ساعدونى فى هذه المعلومات,"خريطة الجينوم يمكن تعريفها على أنها التركيبة الكاملة للتعليمات الخاصة بتكوين الكائن الحي، وتحتوي على البصمات التي تحدد كل مكونات وأنشطة الخلية طوال حياة الكائن الحي، وهذه العوامل الوراثية موجودة على أشرطة محكمة الحلزونية من الحمض الديوكسي ريبوزي (DNA) بالإضافة إلى جزئيات البروتين، وهما معا يكونان وحدات تسمى الكروموسومات، وعلى هذه الكروموسومات توجد المورثات أو الجينات (Genes) وهي التي تحدد كل صفات الكائن الحي، وقد كان الإعلان عن استكمال الخريطة الجينية ""شفرة الحياة"" أكثر الجهود العلمية أهمية عام ألفين. إن الباحثين قد بدأوا يحصلون معارف جديدة من جهود فك الشفرة، ومن بينها المعرفة العميقة بتنوعات داء السرطان، وأسباب الشيخوخة، وتعقيدات جهاز المناعة وإنجاز مشروع الجينوم البشري صاحبته مفاجآت كثيرة، من بينها أن عدد الجينات في الإنسان 34 ألفا فقط.راجع علم الوراثة في القاموس.",اريد منكم تفاصيل كامله عن الشيفره الوراثيه . وعن الاجنه التي يكون فيها انقسامات ولكن الشيفره الوراثيه لديهم يوجد بها خلل. ارجووووووووووكم ساعدوني في هذه المعلومات,"خريطه الجينوم يمكن تعريفها علي انها التركيبه الكامله للتعليمات الخاصه بتكوين الكاين الحي, وتحتوي علي البصمات التي تحدد كل مكونات وانشطه الخليه طوال حياه الكاين الحي, وهذه العوامل الوراثيه موجوده علي اشرطه محكمه الحلزونيه من الحمض الديوكسي ريبوزي (dna) بالاضافه الي جزييات البروتين, وهما معا يكونان وحدات تسمي الكروموسومات, وعلي هذه الكروموسومات توجد المورثات او الجينات (genes) وهي التي تحدد كل صفات الكاين الحي, وقد كان الاعلان عن استكمال الخريطه الجينيه ""شفره الحياه"" اكثر الجهود العلميه اهميه عام الفين. ان الباحثين قد بداوا يحصلون معارف جديده من جهود فك الشفره, ومن بينها المعرفه العميقه بتنوعات داء السرطان, واسباب الشيخوخه, وتعقيدات جهاز المناعه وانجاز مشروع الجينوم البشري صاحبته مفاجات كثيره, من بينها ان عدد الجينات في الانسان 34 الفا فقط.راجع علم الوراثه في القاموس.",938
ahd5k_03333,132178,graph_train,أمراض القلب و الشرايين,Cardiovascular disease,اسلام عليكم انا اعاني من ألم في الصدر مع الاحساس بوجود شئ في منطقة الظور والصدر والرغبه في القئ مع وجود ألم ونغزه في الجنب الشمال وتحت الابط.,لا داعي للقلق لكن ينبغي معرفة خصائص الالم وباقي الاعراض والعلامات المرافقة من خلال الفحص الطبي السريري اولا,اسلام عليكم انا اعاني من الم في الصدر مع الاحساس بوجود شي في منطقه الظور والصدر والرغبه في القي مع وجود الم ونغزه في الجنب الشمال وتحت الابط.,لا داعي للقلق لكن ينبغي معرفه خصايص الالم وباقي الاعراض والعلامات المرافقه من خلال الفحص الطبي السريري اولا,248
ahd5k_03339,578950,graph_train,أمراض القلب و الشرايين,Cardiovascular disease,عمر طفلي 7 أشهر عملو له تخطيط بالقلب يوجد بقلبه فتحه او ثقب قال الطبيب طبيعي لعمرة ويزول مع العمر هل هذا صحيح وهل يوجد خطورة ومتى تزول؟,لم تذكر نوع ومكان الفتحة، لكن من قول الطبيب يبدو أنها في الجدار الأذيني، وإن كان كذلك فإنها ليست مدعاة للقلق وفقط يستوجب علاج أي التهاب يتعرض له بشكل جيد والمتابعة الدورية خاصة في البداية والالتزام بنصائح الطبيب ليس أكثر.,عمر طفلي 7 اشهر عملو له تخطيط بالقلب يوجد بقلبه فتحه او ثقب قال الطبيب طبيعي لعمره ويزول مع العمر هل هذا صحيح وهل يوجد خطوره ومتي تزول?,"لم تذكر نوع ومكان الفتحه, لكن من قول الطبيب يبدو انها في الجدار الاذيني, وان كان كذلك فانها ليست مدعاه للقلق وفقط يستوجب علاج اي التهاب يتعرض له بشكل جيد والمتابعه الدوريه خاصه في البدايه والالتزام بنصايح الطبيب ليس اكثر.",356
ahd5k_03348,564579,graph_train,أمراض الدم,Blood,دكتور انا من مصر وعندى مشكلة في الصفائح الدموية ضعيفة ونسبة الأملاح عالية جدا أروح لدكتور ايه؟,ما هى عدد الصفائح وما هى الاملاح؟,دكتور انا من مصر وعندي مشكله في الصفايح الدمويه ضعيفه ونسبه الاملاح عاليه جدا اروح لدكتور ايه?,ما هي عدد الصفايح وما هي الاملاح?,127
ahd5k_03355,783177,graph_train,علم الأجنة,Embryology,أرجو الاجابة على سؤالي من فضلكم هل تؤتر هده الأدوية على صحة الجنين علماً بأنني أخدتها بوصفة طبية في فترة الوحم والأن ابني مصاب بتشوهات في اليدين و رجلين و-...,ان اسماء الادوية غير واضحة ولكن على حد علمنا الادوية لا تسبب مثل هذه التشوهات على حده لكن للتأكد يرجى ارسال الاسم العلمي للادوية لاعطائك النصيحه المثلى متمنيا لك كل النجاح والتوفيق …….. د.سليمان ضبيط مدير وحدة الإخصاب والوراثة,ارجو الاجابه علي سوالي من فضلكم هل توتر هده الادويه علي صحه الجنين علما بانني اخدتها بوصفه طبيه في فتره الوحم والان ابني مصاب بتشوهات في اليدين و رجلين و-.,ان اسماء الادويه غير واضحه ولكن علي حد علمنا الادويه لا تسبب مثل هذه التشوهات علي حده لكن للتاكد يرجي ارسال الاسم العلمي للادويه لاعطايك النصيحه المثلي متمنيا لك كل النجاح والتوفيق ……. د.سليمان ضبيط مدير وحده الاخصاب والوراثه,384
ahd5k_03359,785247,graph_train,علم الأجنة,Embryology,سلام تاريخ 8-3-2011 قمت بترجيع الجنين اللى داخل الرحم و قال لي الحكيم ان الجنين لم ينمو حسب ما نريد و لم يعطيني اي نسبة مئوية على استمرار الحمل بسبب...,ليس لدي علم عن الصوره التي رأها طبيبك، فيمكنك الاستفسار عن نسبه استمرار الحمل من طبيبك الذي لديه كل المعلومات عن حالتك. لا انصحك بشرب القرفه ولكن يمكنك شرب اليانسون.,سلام تاريخ 8-3-2011 قمت بترجيع الجنين اللي داخل الرحم و قال لي الحكيم ان الجنين لم ينمو حسب ما نريد و لم يعطيني اي نسبه ميويه علي استمرار الحمل بسبب.,"ليس لدي علم عن الصوره التي راها طبيبك, فيمكنك الاستفسار عن نسبه استمرار الحمل من طبيبك الذي لديه كل المعلومات عن حالتك. لا انصحك بشرب القرفه ولكن يمكنك شرب اليانسون.",316
ahd5k_03376,597810,graph_train,أمراض الغدد الصماء,Endocrine,زوجتي تعاني من اعراض الغدة الدرقيه وعند اجراء التحليل وجد مايلي T3/ 5.64 T4/ 6.64 TSH/ <0.05 Anti tsh gRecoeptor/ 18.60 والعلاج الذي وصفه الاخصائي هو prouracil 50mg ماهو الحل,ارقام نتائج الفحوصات غير واضحة,زوجتي تعاني من اعراض الغده الدرقيه وعند اجراء التحليل وجد مايلي t3/ 5.64 t4/ 6.64 tsh/ <0.05 anti tsh grecoeptor/ 18.60 والعلاج الذي وصفه الاخصايي هو prouracil 50mg ماهو الحل,ارقام نتايج الفحوصات غير واضحه,204
ahd5k_03385,784709,graph_train,أمراض الغدد الصماء,Endocrine,انا ابلغ من العمر 19 عام اعانى من قصر القضيب الذى يصل طوله الى 10 سم واعانى من تضخم فى حجم الثدى ...فهل يوجد علاقه بين قصر القضيب وتضخم حجم...,يوجد علاقة ، فقد تكون هناك زيادة في الهرمونات الأنثوية، عليك مراجعة اختصاصي الغدد الصماء لعمل فحص للهرمونات وتقرير العلاج.,انا ابلغ من العمر 19 عام اعاني من قصر القضيب الذي يصل طوله الي 10 سم واعاني من تضخم في حجم الثدي .فهل يوجد علاقه بين قصر القضيب وتضخم حجم.,"يوجد علاقه , فقد تكون هناك زياده في الهرمونات الانثويه, عليك مراجعه اختصاصي الغدد الصماء لعمل فحص للهرمونات وتقرير العلاج.",264
ahd5k_03394,15485,graph_train,أمراض الغدد الصماء,Endocrine,السلام عليكم انا مريضة غدة درقية (هاشيموتو) و اتناول الدواء .اريد أن اتبرع لاختي بالكلية هل أستطيع .اذا كان الجواب بنعم هل هذا التبرع يؤثر على صحتي مستقبلا.شكرا على الاجابة,نعم من حيث المبدأ تقدري تتبرعي بالكلية . ويجب المتابعة مع طبيب الكلية كي تتعرفي على كافة التفاصيل,السلام عليكم انا مريضه غده درقيه (هاشيموتو) و اتناول الدواء .اريد ان اتبرع لاختي بالكليه هل استطيع .اذا كان الجواب بنعم هل هذا التبرع يوثر علي صحتي مستقبلا.شكرا علي الاجابه,نعم من حيث المبدا تقدري تتبرعي بالكليه . ويجب المتابعه مع طبيب الكليه كي تتعرفي علي كافه التفاصيل,269
ahd5k_03400,771501,graph_train,أمراض الدم,Blood,ما هي اعراض مريض الايدز,الأعراض والعلامات يتضح التحول المصلي أحياناً بعلة محمومة حادة يمكن بسهولة أن تعتبر بصورة خاطئة ككثرة الوحيدات الفيروسية الحادة. الأعراض مثل الوعكة، الصداع، رهاب الضوء، ألم الحنجرة، بزغات جلدية، ألم مفصلي، ألم عضلي هي تشكيات خصائصية مترافقة في بعض الحالات بعلامات عابرة بالتهاب السحايا أو التهاب الدماغ أو التهاب عصبي محيطي. وفيما بعد وقبل حصول مظاهر سريرية للإيدز قد يحصل تضخم عقدي لمفاوي منتشر وأحياناً يترافق بنقص الصفيحات الدموية. الصورة النسجية لفرط التنسج اللمفاوي الجريبي تكون متميزة لأن خلايا +CD4 المحيطة تكون مستنزفة بينما تكون أشكال أخرى من اللمفاويات منشطة عندما يكون الجهاز المناعي مغموراً تصبح الجر يبات منكمشة والعقد ضامرة خلال هذا الطور يتنامى لدى بعض المرضى على تصبح معروفة بمعقد مرتبط بالإيدز. بصورة نموذجية يتشكل مرض من حميات، تعر قات ليلية، إسهال وآلام عضلية، وقد يصبح الطفح الجلدي الغير نوعي مزعجاً. تعدادات الخلايا البيض والحمر تنخفض ويمكن أن يحصل نقص صفيحات قرمزي. داء المبيضات الفموي أو النطاق قد يزداد إلاّ أنه في هذه المرحلة من غير المرجح أن تكون الالتهابات الانتهازية تهدد الحياة. أخيراً ينذر الإيدز إما بالتهابات خطيرة انتهازية أو – بصورة خاصة في الرجال الجنسيين النشيطين جنسياً- مرض خبيث، يكتنف الورم اللمفي، وبصورة أكثر نوعية، بشكل مكتثر وعملياً بشكل واضح للساركومة كابوسي، المتلازمة التي وصفت قبل التعرف على فيروس العوز المناعي البشري واستعملت للدلالة على مرضى العوز المناعي من سبب مجهول تجلى بواحدة من هذه الحالات، بقي تعبير الإيدز متعذر محوه من عقل العموم، ولأهداف علمية أبطل بتصنيفات المراحل المفصلة لعدوى فيروس العوز المناعي البشري الذي وفر معالم مفيدة لاختيار أو تقسيم طبقات المرضى المقبولين للاختبارات السريرية. يعتقد أن أكثر من 90% من المرضى الذين تنامي فيهم الإيدز قضوا نحبهم في نهاية الأمر من التهاب إضافي. إذ أن لهم حساسية للالتهابات الجهازية المنتشرة ضمن السكان بصورة واسعة وكذلك الالتهابات الانتهازية التي تتنامى فقط في أفراد لديهم عوز مناعي. الالتهابات المنتشرة بصورة واسعة بين الناس والتي هي من نمط السل، داء المبيضات وعدوى الحلأ البسيط لها نزعة للحصول في مرحلة مبكرة من سير المرض أكثر مما هي بالتحديد التهابات انتهازية مثل ذات الرئة فالمتكيسة الرئوية الكاريني: التهاب السحايا بالمكورات الخفية وتلك المسؤولة عن مظاهر مختلفة من المرض الجهازي بما ذلك أنواع خفية الأبواغ والمتفطرة آفيوم داخل الخلايا المعقدة وفيروس المضخم للخلايا والمقوصة، وإلى أن يصبح من الممكن عكس العيب المناعي المستوطن وقاية ومعالجة هذه الالتهابات المرافقة توفر أكثر الوسائط فعالية في إطالة وتحسين نوعية حياة المرضى المصابين بفيروس العوز المناعي البشرية. راجع إيدز في القاموس.,ما هي اعراض مريض الايدز,"الاعراض والعلامات يتضح التحول المصلي احيانا بعله محمومه حاده يمكن بسهوله ان تعتبر بصوره خاطيه ككثره الوحيدات الفيروسيه الحاده. الاعراض مثل الوعكه, الصداع, رهاب الضوء, الم الحنجره, بزغات جلديه, الم مفصلي, الم عضلي هي تشكيات خصايصيه مترافقه في بعض الحالات بعلامات عابره بالتهاب السحايا او التهاب الدماغ او التهاب عصبي محيطي. وفيما بعد وقبل حصول مظاهر سريريه للايدز قد يحصل تضخم عقدي لمفاوي منتشر واحيانا يترافق بنقص الصفيحات الدمويه. الصوره النسجيه لفرط التنسج اللمفاوي الجريبي تكون متميزه لان خلايا +cd4 المحيطه تكون مستنزفه بينما تكون اشكال اخري من اللمفاويات منشطه عندما يكون الجهاز المناعي مغمورا تصبح الجر يبات منكمشه والعقد ضامره خلال هذا الطور يتنامي لدي بعض المرضي علي تصبح معروفه بمعقد مرتبط بالايدز. بصوره نموذجيه يتشكل مرض من حميات, تعر قات ليليه, اسهال والام عضليه, وقد يصبح الطفح الجلدي الغير نوعي مزعجا. تعدادات الخلايا البيض والحمر تنخفض ويمكن ان يحصل نقص صفيحات قرمزي. داء المبيضات الفموي او النطاق قد يزداد الا انه في هذه المرحله من غير المرجح ان تكون الالتهابات الانتهازيه تهدد الحياه. اخيرا ينذر الايدز اما بالتهابات خطيره انتهازيه او – بصوره خاصه في الرجال الجنسيين النشيطين جنسيا- مرض خبيث, يكتنف الورم اللمفي, وبصوره اكثر نوعيه, بشكل مكتثر وعمليا بشكل واضح للساركومه كابوسي, المتلازمه التي وصفت قبل التعرف علي فيروس العوز المناعي البشري واستعملت للدلاله علي مرضي العوز المناعي من سبب مجهول تجلي بواحده من هذه الحالات, بقي تعبير الايدز متعذر محوه من عقل العموم, ولاهداف علميه ابطل بتصنيفات المراحل المفصله لعدوي فيروس العوز المناعي البشري الذي وفر معالم مفيده لاختيار او تقسيم طبقات المرضي المقبولين للاختبارات السريريه. يعتقد ان اكثر من 90% من المرضي الذين تنامي فيهم الايدز قضوا نحبهم في نهايه الامر من التهاب اضافي. اذ ان لهم حساسيه للالتهابات الجهازيه المنتشره ضمن السكان بصوره واسعه وكذلك الالتهابات الانتهازيه التي تتنامي فقط في افراد لديهم عوز مناعي. الالتهابات المنتشره بصوره واسعه بين الناس والتي هي من نمط السل, داء المبيضات وعدوي الحلا البسيط لها نزعه للحصول في مرحله مبكره من سير المرض اكثر مما هي بالتحديد التهابات انتهازيه مثل ذات الريه فالمتكيسه الريويه الكاريني: التهاب السحايا بالمكورات الخفيه وتلك المسووله عن مظاهر مختلفه من المرض الجهازي بما ذلك انواع خفيه الابواغ والمتفطره افيوم داخل الخلايا المعقده وفيروس المضخم للخلايا والمقوصه, والي ان يصبح من الممكن عكس العيب المناعي المستوطن وقايه ومعالجه هذه الالتهابات المرافقه توفر اكثر الوسايط فعاليه في اطاله وتحسين نوعيه حياه المرضي المصابين بفيروس العوز المناعي البشريه. راجع ايدز في القاموس.",2411
ahd5k_03423,758528,graph_train,صحة المسنين,Elderly health,"لدي جدتي تعاني من مرض لحد الان لم نتمكن من معرفة السبب رغم اخضاعها لعدة أطباء و يقولون صحتها ممتازة , أجرينا اشعاعات الصدر و القلب و الرئة و لا...",يجب مراقبة ضغط الدم باستمرار ، وخاصة عندما يصيبها الإغماء،ومراجعة الطبيب حول الموضوع.,"لدي جدتي تعاني من مرض لحد الان لم نتمكن من معرفه السبب رغم اخضاعها لعده اطباء و يقولون صحتها ممتازه , اجرينا اشعاعات الصدر و القلب و الريه و لا.","يجب مراقبه ضغط الدم باستمرار , وخاصه عندما يصيبها الاغماء,ومراجعه الطبيب حول الموضوع.",231
ahd5k_03427,270249,graph_train,أمراض الأسنان,Dental,الم فضيع بثاني جلسةلحشوةجذر لضاحك علوي طبيب تركه لان قنوات انحشت بالاشعةظهر التهاب بقمةجذر لكن طبيب امهلني انتظاره ومر اكثرمن شهر ازداد الم خاصةبلأكل وامتد لأذني وانفي ورقبتي,علاج الحالة يكون إما بفتح الأقنية من جديد وإزالة كل مابداخلها وتطهير ذورة السن وبعد تمام العلاج الختم والإغلاق الفوري، في حال تعسر العلاج عندها الحل يبقى بقلع السن والاستعاضة عنه بزرعة سنية.,الم فضيع بثاني جلسهلحشوهجذر لضاحك علوي طبيب تركه لان قنوات انحشت بالاشعهظهر التهاب بقمهجذر لكن طبيب امهلني انتظاره ومر اكثرمن شهر ازداد الم خاصهبلاكل وامتد لاذني وانفي ورقبتي,"علاج الحاله يكون اما بفتح الاقنيه من جديد وازاله كل مابداخلها وتطهير ذوره السن وبعد تمام العلاج الختم والاغلاق الفوري, في حال تعسر العلاج عندها الحل يبقي بقلع السن والاستعاضه عنه بزرعه سنيه.",364
ahd5k_03431,791283,graph_train,أمراض الغدد الصماء,Endocrine,الوالده سوت عمليه الغدة جار الدرقيه بعد سنه صارت تحس باعراض الاصابع يدين يعكفن لاشعوريا والم في الرقبه ماهو سبب هل له علاقه بالعمليه انا اعاني حموضه وحرقه مستمره,ما تصف به له علاقة بنقص الكالسيوم يجب عمل فحص و اخذ علاج,الوالده سوت عمليه الغده جار الدرقيه بعد سنه صارت تحس باعراض الاصابع يدين يعكفن لاشعوريا والم في الرقبه ماهو سبب هل له علاقه بالعمليه انا اعاني حموضه وحرقه مستمره,ما تصف به له علاقه بنقص الكالسيوم يجب عمل فحص و اخذ علاج,217
ahd5k_03444,745127,graph_train,الطب البديل,Alternative medicine,ضيق السلام عليكم والله بعانى تنفس شديد دون سبب طبى واستخدمت برامج رقية كتير والحمدلله لم ياذن بالشفاء والموضوع دة معايا لية 4سنين فمش عارف اعمل اية اعانى من ضيق...,الخطوة الأولى تتطلب فحص طبي لتحديد طبيعة وخصائص ضيق النفس والعلامات السريرية المرافقة لكي يتم تحديد السبب ومن ثم علاجه وهذا لا يمكن تحقيقه دون فحص طبي,ضيق السلام عليكم والله بعاني تنفس شديد دون سبب طبي واستخدمت برامج رقيه كتير والحمدلله لم ياذن بالشفاء والموضوع ده معايا ليه 4سنين فمش عارف اعمل ايه اعاني من ضيق.,الخطوه الاولي تتطلب فحص طبي لتحديد طبيعه وخصايص ضيق النفس والعلامات السريريه المرافقه لكي يتم تحديد السبب ومن ثم علاجه وهذا لا يمكن تحقيقه دون فحص طبي,313
ahd5k_03453,758290,graph_train,الطب البديل,Alternative medicine,ما هي الوصفة الغذائة والاعشاب المثالية التي ينصح بتناولها لتكبير حجم القضيب,تكبير حجم القضيب تكبيرا دائما لا يحدث إلا في مرحلة البلوغ او المراهقة بأخذ حقن التستيرون ولكنه لا يفيد بعد ذلك العمر اما تكبير حجمه بشكل مؤقت عند الممارسة الجنسية فيمكنك استعمال : - دواء سيلدينافيل الذي يساعد على الانتصاب,ما هي الوصفه الغذايه والاعشاب المثاليه التي ينصح بتناولها لتكبير حجم القضيب,تكبير حجم القضيب تكبيرا دايما لا يحدث الا في مرحله البلوغ او المراهقه باخذ حقن التستيرون ولكنه لا يفيد بعد ذلك العمر اما تكبير حجمه بشكل موقت عند الممارسه الجنسيه فيمكنك استعمال : - دواء سيلدينافيل الذي يساعد علي الانتصاب,296
ahd5k_03455,800199,graph_train,علم الأجنة,Embryology,هل يوجد طريقة لتحديد جنس المولودوما متوسط كلفتها,هناك عده طرق ومنها الطرق التقليديه التي تعتمد على ايام الجماع والدوش القاعدي، وهناك الحقن التي تزيد من نسبه تحديد الجنس الى٧٠٪ وهناك طفل الانابيب هي الاكثر كلفه وتنجح بتحديد نسبه الجنين الى ٩٩٪. اما بالنسبه للكلفه فاقلها هو الطرق التقليديه واكثرها كلفه هي اطفال الانابيب والتكلفه يعتمد على مركز الاخصاب,هل يوجد طريقه لتحديد جنس المولودوما متوسط كلفتها,"هناك عده طرق ومنها الطرق التقليديه التي تعتمد علي ايام الجماع والدوش القاعدي, وهناك الحقن التي تزيد من نسبه تحديد الجنس الي70٪ وهناك طفل الانابيب هي الاكثر كلفه وتنجح بتحديد نسبه الجنين الي 99٪. اما بالنسبه للكلفه فاقلها هو الطرق التقليديه واكثرها كلفه هي اطفال الانابيب والتكلفه يعتمد علي مركز الاخصاب",350
ahd5k_03465,670602,graph_train,أمراض الغدد الصماء,Endocrine,انا اعاني من جميع اعراض نشاط الغده الدرقيه واجريت تحليل وهذه النتائج TSH:0.32 ref range 0.35-5.5 freeT3:3 ref range 2.3-5.4 FreeT4:1.3 ref. Range 0.8-1.8 لذا هل ا عاني نشاط,هناك زيادة نشاط بسيط جدا يدعى ماقبل السريري افضل اعادة الفحص والمتابعة مع اخصائي الغدد و مبدئيا ممكن اخذ علاج preponplol 10mg ثلاث مرات يوميا,انا اعاني من جميع اعراض نشاط الغده الدرقيه واجريت تحليل وهذه النتايج tsh:0.32 ref range 0.35-5.5 freet3:3 ref range 2.3-5.4 freet4:1.3 ref. range 0.8-1.8 لذا هل ا عاني نشاط,هناك زياده نشاط بسيط جدا يدعي ماقبل السريري افضل اعاده الفحص والمتابعه مع اخصايي الغدد و مبدييا ممكن اخذ علاج preponplol 10mg ثلاث مرات يوميا,313
ahd5k_03468,787368,graph_train,كيمياء حيوية,Biochemistry,هل هناك معالجة لمرض بيلة الميوغلوبين ارجو ايفادي به سواء هنا في سوريا او في اي دولة وفي اي مستشفى بالضبط لأني اعاني من هذا المرض منذ فترة وانا الان...,العلاج الاهم هو السوائل للمحافظة على الكلى,هل هناك معالجه لمرض بيله الميوغلوبين ارجو ايفادي به سواء هنا في سوريا او في اي دوله وفي اي مستشفي بالضبط لاني اعاني من هذا المرض منذ فتره وانا الان.,العلاج الاهم هو السوايل للمحافظه علي الكلي,192
ahd5k_03469,446239,graph_train,أمراض القلب و الشرايين,Cardiovascular disease,موخرا اكتشفت امي ان لديها ثقب فطري بالقلب و هي تعاني يوميا من اختناق ولا يمكنها التنفس بسهولة ،ماذا افعل لان الدواء المعطى لم ينفع,لا داعي للقلق، لكن ينبغي معاودة اخصائي قلبية لاستكمال التشخيص ومن ثم العلاج,"موخرا اكتشفت امي ان لديها ثقب فطري بالقلب و هي تعاني يوميا من اختناق ولا يمكنها التنفس بسهوله ,ماذا افعل لان الدواء المعطي لم ينفع","لا داعي للقلق, لكن ينبغي معاوده اخصايي قلبيه لاستكمال التشخيص ومن ثم العلاج",205
ahd5k_03474,350141,graph_train,أمراض الأسنان,Dental,اشكو من اثار البنج بعد ازالة ضرس العقل مستمرة من عدة ايام وصف لي الطبيب دواء vitamin b complex لاعادة العصب سليما لكني غير مقتنع بهذا الدواءvitamin b complex ارى...,هذا العلاج سليم و يساعد على تعافي العصب لكن لم تذكر بالضبط ما هي اثار البنج ... على كل حال يمكنك استشارة طبيب جراح وجه و فكين للوقوف على تفاصيل الحالة,اشكو من اثار البنج بعد ازاله ضرس العقل مستمره من عده ايام وصف لي الطبيب دواء vitamin b complex لاعاده العصب سليما لكني غير مقتنع بهذا الدواءvitamin b complex اري.,هذا العلاج سليم و يساعد علي تعافي العصب لكن لم تذكر بالضبط ما هي اثار البنج . علي كل حال يمكنك استشاره طبيب جراح وجه و فكين للوقوف علي تفاصيل الحاله,314
ahd5k_03496,775165,graph_train,تشوهات خلقية,Birth Defect,السلام عليكم أنا صبي أبلغ من العمر 14 سنة، إنتابني هاجس يقول لي أنت مصاب بمتلازمة كلاينفلتر، لأن لدي ذراعان طويلان و أصابع اليدين طويلان و لدي تضخم في الثديين...,ما دام قد بلغت و حجم الخصيتين طبيعي فكلاينفلتر مستبعد,"السلام عليكم انا صبي ابلغ من العمر 14 سنه, انتابني هاجس يقول لي انت مصاب بمتلازمه كلاينفلتر, لان لدي ذراعان طويلان و اصابع اليدين طويلان و لدي تضخم في الثديين.",ما دام قد بلغت و حجم الخصيتين طبيعي فكلاينفلتر مستبعد,214
ahd5k_03501,569124,graph_train,أمراض القلب و الشرايين,Cardiovascular disease,ابي يعاني من الام مستمرة حادة في الصدر تمتد حتى الضهر تصاحبه مند 10 سنوات علما انه مريض قلب و الشرايين فارجو العلاج وشكرا,هكذا ألم يتطلب التحقق من طبيعته وخصائصه والعلامات المرافقة وسببها أولا، والفحص الطبي السريري ضروري خاصة أن تاريخه المرضي يستوجب استبعاد أسباب وعائية أبهرية,ابي يعاني من الام مستمره حاده في الصدر تمتد حتي الضهر تصاحبه مند 10 سنوات علما انه مريض قلب و الشرايين فارجو العلاج وشكرا,"هكذا الم يتطلب التحقق من طبيعته وخصايصه والعلامات المرافقه وسببها اولا, والفحص الطبي السريري ضروري خاصه ان تاريخه المرضي يستوجب استبعاد اسباب وعاييه ابهريه",276
ahd5k_03516,487108,graph_train,صحة الطفل,Child health,"طفلي عمره شهر ونصف كم أعطيه من قطرات فيتامين A,C,D3",يعطى ٤٠٠ وحده دوليه من فيتامين-د- وهذا موجود على النشره الداخليه والطبيب يحدد الجرعه حسب احتياج الطفل من الفيتامينات الاخرى ولكن حليب الام لوحده والتعرض للشمس الخفيفه يكفي ولا داعي علميا لكل هذه الفيتامينات للطفل السليم,"طفلي عمره شهر ونصف كم اعطيه من قطرات فيتامين a,c,d3",يعطي 400 وحده دوليه من فيتامين-د- وهذا موجود علي النشره الداخليه والطبيب يحدد الجرعه حسب احتياج الطفل من الفيتامينات الاخري ولكن حليب الام لوحده والتعرض للشمس الخفيفه يكفي ولا داعي علميا لكل هذه الفيتامينات للطفل السليم,270
ahd5k_03524,547417,graph_train,أمراض باطنية,Esoteric,اصبت بالتيفود ونسب تحليل المضادات كانت كالتاليTO 1/320 . TH 1/320 .PA 1/160 .PB 1/80 زهبت لطبيب فكتبلي علي بكتيفلوكس 500 مرتين يوميا لمدة عشر ايام هل هذا العلاج والمده...,يفضل إضافة علاج آخر مع هذا العلاج وأن تكون مدة العلاج لا تقل عن أسبوعين.,اصبت بالتيفود ونسب تحليل المضادات كانت كالتاليto 1/320 . th 1/320 .pa 1/160 .pb 1/80 زهبت لطبيب فكتبلي علي بكتيفلوكس 500 مرتين يوميا لمده عشر ايام هل هذا العلاج والمده.,يفضل اضافه علاج اخر مع هذا العلاج وان تكون مده العلاج لا تقل عن اسبوعين.,242
ahd5k_03544,540867,graph_train,أمراض باطنية,Esoteric,ما هي مواعيد الاشعة والتحاليل اليومية؟,كيف تتوقع ان يجيب طبيب على مثل هذا السؤال؟,ما هي مواعيد الاشعه والتحاليل اليوميه?,كيف تتوقع ان يجيب طبيب علي مثل هذا السوال?,80
ahd5k_03553,769943,graph_train,أمراض الدم,Blood,ماذا يؤدى ارتفاع الصفائح الدموية فى الدم وعلاجها؟,من الأسباب الشائعة لارتفاع الصفائح الدموية استئصال الطحال، وفقر الدم عن نقص الحديد، والسرطان وفقر الدم الانحلالي، والاضطرابات المعدية أو التهابات، بما في ذلك مرض التهاب الامعاء، والسل.,ماذا يودي ارتفاع الصفايح الدمويه في الدم وعلاجها?,"من الاسباب الشايعه لارتفاع الصفايح الدمويه استيصال الطحال, وفقر الدم عن نقص الحديد, والسرطان وفقر الدم الانحلالي, والاضطرابات المعديه او التهابات, بما في ذلك مرض التهاب الامعاء, والسل.",233
ahd5k_03561,600248,graph_train,أمراض الدم,Blood,عن مرض متلازمة خلية منجلية'سيكل' تعريف المرض؟ طرق علاجة؟ نسبة الشفاء من هذا المرض؟المستشفيات المتخصصة والتفوقه في علاج هذا المرض حول العالم؟ علماً بان المريض عمرة ١٤ سنه,هو مرض ناتج عن خلل في الجين المسؤول عن تصنيع هيموغلوبين الدم. يجب تجنب بعض الامور التي تزيد من اعراض و مضاعفات المرض كنقص الاكسجين. اما بالنسبة لعلاجه نهائياً فهي قضية بحثية و غير مطبقة على ارض الواقع. يمكن إعطاء المريض الدم (نقل الدم) في حالة الحاجة اليه.,عن مرض متلازمه خليه منجليه'سيكل' تعريف المرض? طرق علاجه? نسبه الشفاء من هذا المرض?المستشفيات المتخصصه والتفوقه في علاج هذا المرض حول العالم? علما بان المريض عمره 14 سنه,هو مرض ناتج عن خلل في الجين المسوول عن تصنيع هيموغلوبين الدم. يجب تجنب بعض الامور التي تزيد من اعراض و مضاعفات المرض كنقص الاكسجين. اما بالنسبه لعلاجه نهاييا فهي قضيه بحثيه و غير مطبقه علي ارض الواقع. يمكن اعطاء المريض الدم (نقل الدم) في حاله الحاجه اليه.,425
ahd5k_03563,804972,graph_train,علم الأجنة,Embryology,انا متزوج ولكن منذ4شهور و زوجتي ليس لديهااي احساس جنسي و تعاني من الم وقت الايلاج فما هو رايكم الاسؤال الثاني زوجتي الان حامل في الشهر الثالث فما هي نصائحكم...,ما لم يكن هنالك سبب يحول دون العلاقة الزوجية خلال الحمل مثل النزيف والتهديد بالإجهاض فإن الجماع باعتدال في الأشهر الأولى غير ضار للحامل أو للطفل، أما بالنسبة للأسابيع الأخيرة حيث يتوقع حدوث الولادة فينصح بتجنب الجماع خلال هذه الأسابيع لأنه قد يؤدي إلى آثار سيئة للحامل وللطفل.,انا متزوج ولكن منذ4شهور و زوجتي ليس لديهااي احساس جنسي و تعاني من الم وقت الايلاج فما هو رايكم الاسوال الثاني زوجتي الان حامل في الشهر الثالث فما هي نصايحكم.,"ما لم يكن هنالك سبب يحول دون العلاقه الزوجيه خلال الحمل مثل النزيف والتهديد بالاجهاض فان الجماع باعتدال في الاشهر الاولي غير ضار للحامل او للطفل, اما بالنسبه للاسابيع الاخيره حيث يتوقع حدوث الولاده فينصح بتجنب الجماع خلال هذه الاسابيع لانه قد يودي الي اثار سييه للحامل وللطفل.",435
ahd5k_03565,802159,graph_train,تشخيص,Diagnosis,لدي استفسار بخصوص حالتي الي اعاني منها انا فتاه عمري 25غير متزوجة اعاني من 6اشهر تقريبا ما الم في الثدي وتم تشخيص حالتي بوجود اكياس دهنية باكثر من مكانوخاصة في...,انصحك باجراء تحليل بالدم لنسبه هرمون الحليب وكذلك مراجعه طبيب اخصائي جراحه ثدي لاجراء تحليل وزراعه لافرازات الثدي واجراء فحوصات الثدي الازمه لتشخيص حالتك,لدي استفسار بخصوص حالتي الي اعاني منها انا فتاه عمري 25غير متزوجه اعاني من 6اشهر تقريبا ما الم في الثدي وتم تشخيص حالتي بوجود اكياس دهنيه باكثر من مكانوخاصه في.,انصحك باجراء تحليل بالدم لنسبه هرمون الحليب وكذلك مراجعه طبيب اخصايي جراحه ثدي لاجراء تحليل وزراعه لافرازات الثدي واجراء فحوصات الثدي الازمه لتشخيص حالتك,315
ahd5k_03579,805596,graph_train,صحة المسنين,Elderly health,لماذا امى فى عمر الشيخوخه وتعانى من فقدان الثقه بأولادها وتتخيل انهم يرودون وضع لهاالسم الطعام ولا تريداخذالعلاج0تخاف من النوم بليل ولاتنام ماذا نفعل؟,"مما لا شك فيه أنها تعاني من اضطراب نفسي يظهر لديها على شكل رهاب وعلى شكل الشك المرضي: الذي يعاني فيه الفرد من أوهام اضطهادية يعتقد من خلالها أن الآخرين يريدون إيذاءه وان هناك مكائد ومؤامرات تحاك ضده , وهذا الشك لا ينمو مع المرء منذ صغره ولا يشمل جميع الناس وجميع جوانب الحياة بل يركز على فكرة معينة تصل إلى درجه الاعتقاد الجازم, وهذه الفكرة أو الاعتقاد يسيطر على المريض إلى درجة إنها تصبح شغله الشاغل ويصبح همه دعمها بالأدلة وجمع البراهين ، ورغم عدم وجود دليل كافي على هذا الاعتقاد فانه لا يمكن لأي شخص إقناع المريض بأن هذا الاعتقاد غير صائب ، وعادة ما يقوم المريض بالتصرف بناء على اعتقاده الخاطئ ، فمثلا عندما يتمحور الشك المرضي حول خيانة شريك الزوجية فانه يقوم بالتجسس على زوجته ومراقبة التلفون والعودة من العمل في غير الوقت المعتاد لإيجاد دليل على اعتقاده الخاطئ، وعندما يتمحور الاعتقاد الخاطئ حول إيذاء الآخرين له ، \""بأن هناك من يحاول قتله بالسم\"" فسيشك في المأكولات والمشروبات التي تقدم له ويمتنع عن تناولها حتى وأن قدمت من أقرب المقربين إليه. هؤلاء المرضى بالشك المرضي يبدون أسوياء تماما في ما عدا هذا الموضوع مدار الشك. ويمكن علاج الشك المرضي بالعقاقير المضادة للذهان حيث أن الأجيال الجديدة من هذه الأدوية ليس لها أضرار جانبية تذكر . ولذلك ننصك بفحصها عند أخصائي نفسية مع تمنياتا لها بالشفاء العاجل",لماذا امي في عمر الشيخوخه وتعاني من فقدان الثقه باولادها وتتخيل انهم يرودون وضع لهاالسم الطعام ولا تريداخذالعلاج0تخاف من النوم بليل ولاتنام ماذا نفعل?,"مما لا شك فيه انها تعاني من اضطراب نفسي يظهر لديها علي شكل رهاب وعلي شكل الشك المرضي: الذي يعاني فيه الفرد من اوهام اضطهاديه يعتقد من خلالها ان الاخرين يريدون ايذاءه وان هناك مكايد وموامرات تحاك ضده , وهذا الشك لا ينمو مع المرء منذ صغره ولا يشمل جميع الناس وجميع جوانب الحياه بل يركز علي فكره معينه تصل الي درجه الاعتقاد الجازم, وهذه الفكره او الاعتقاد يسيطر علي المريض الي درجه انها تصبح شغله الشاغل ويصبح همه دعمها بالادله وجمع البراهين , ورغم عدم وجود دليل كافي علي هذا الاعتقاد فانه لا يمكن لاي شخص اقناع المريض بان هذا الاعتقاد غير صايب , وعاده ما يقوم المريض بالتصرف بناء علي اعتقاده الخاطي , فمثلا عندما يتمحور الشك المرضي حول خيانه شريك الزوجيه فانه يقوم بالتجسس علي زوجته ومراقبه التلفون والعوده من العمل في غير الوقت المعتاد لايجاد دليل علي اعتقاده الخاطي, وعندما يتمحور الاعتقاد الخاطي حول ايذاء الاخرين له , \""بان هناك من يحاول قتله بالسم\"" فسيشك في الماكولات والمشروبات التي تقدم له ويمتنع عن تناولها حتي وان قدمت من اقرب المقربين اليه. هولاء المرضي بالشك المرضي يبدون اسوياء تماما في ما عدا هذا الموضوع مدار الشك. ويمكن علاج الشك المرضي بالعقاقير المضاده للذهان حيث ان الاجيال الجديده من هذه الادويه ليس لها اضرار جانبيه تذكر . ولذلك ننصك بفحصها عند اخصايي نفسيه مع تمنياتا لها بالشفاء العاجل",1356
ahd5k_03594,789751,graph_train,تشخيص,Diagnosis,ماهو التهاب الشعرة وكيفية الوقاية منه وماهو علاجه,"واليك المعلومات الوافية عنه (Pinolidal Cyst)الجواب:التهاب الشعرة اسمه الكيس الشعري وهوعبارة عن تكيس مليء بالشعر الميت, يظهر في أسفل الظهر في منطقة التقاء الردفين و غالباً ما يصيب الرجال الشعورين, و لكنه يصيب النساء أيضاً بين سن العشرين و الثلاثين. ألأسباب قد لا يكون السبب واضحاً لتكون الكيس الشعري, و لكن هناك نظرية تقول أن الجلوس على مقعد و الاهتزاز المتكرر يجعل االشعر يتكسر من الاليتين أو الظهر أو حتى الرقبة و الرأس يسقط و يتجمع في أسفل الظهر بين الاليتين و هناك تدخل الجلد من خلال مسامة إحدى الغدد العرقية و يتكون الكيس و بسبب الضغط السلبي المتكرر يأخذ بسحب و شفط الشعر الميت الموجود في المنطقة إلى داخل الكيس.لذلك يحذر من مخاطر الجلوس على المقاعد الصلبة لساعات طويلة باعتباره من الأسباب الرئيسية للإصابة بمرض كيس الشعر وخاصة بين الأشخاص غزيري شعر الجسم أو الذين يعانون من التعرق الشديد. كما أن كيس الشعر عبارة عن تورم واحمرار يصحبه ألم شديد في منطقة أسفل الظهر بين الآليتين، وينتشر بدرجة كبيرة بين الأشخاص الذين يكثر لديهم شعر الجسم وخاصة منطقة أسفل الظهر، كذلك ممن لديهم نشاط زائد في الغدد العرقية ولاسيما إذا ما كانوا يجلسون لفترات طويلة بسبب طبيعة أعمالهم الأعراض: تبدأ عندما يبدأ الكيس بالالتهاب حيث ينتفخ بصورة مؤلمة و يحمر و يمتلىء بالصديد في نهاية العمود الفقري, و قد يكون هناك فتحة أو أكثر بخط متوسط مستقيم بين الآليتين أو فتحات خارج هذا الخط المستقيم. العلاج: • علاج تحفظي: و يتم عند تنظيف المنطقة و حلاقتها وسحب الشعر الميت بملقط من هذه الفتحات. و تفادي الجلوس الطويل و خاصة القيادة لفترات طويلة. علاج جراحي: إذا التهب الكيس الشعري و فشلت المضادات الحيوية في حل المشكلة فلا بد من فتح الكيس و تنظيفه من الصديد و إزالة الكيس كاملاً في جراحة لاحقة وعند فشل العلاج التحفظي يتم اللجوء للعلاج الجراحي. قد يعود الكيس الشعري للرجوع لأسباب عديدة منها: 1. أن يكون جزء من الكيس لم يستأصل كاملاً. 2. أن يدخل شعر جديد في المنطقة المعالجة. 3. أن يكون مكان الجرح السابق هشاَ و عرضة إلى الالتهاب بسبب الاحتكاك.",ماهو التهاب الشعره وكيفيه الوقايه منه وماهو علاجه,"واليك المعلومات الوافيه عنه (pinolidal cyst)الجواب:التهاب الشعره اسمه الكيس الشعري وهوعباره عن تكيس مليء بالشعر الميت, يظهر في اسفل الظهر في منطقه التقاء الردفين و غالبا ما يصيب الرجال الشعورين, و لكنه يصيب النساء ايضا بين سن العشرين و الثلاثين. الاسباب قد لا يكون السبب واضحا لتكون الكيس الشعري, و لكن هناك نظريه تقول ان الجلوس علي مقعد و الاهتزاز المتكرر يجعل االشعر يتكسر من الاليتين او الظهر او حتي الرقبه و الراس يسقط و يتجمع في اسفل الظهر بين الاليتين و هناك تدخل الجلد من خلال مسامه احدي الغدد العرقيه و يتكون الكيس و بسبب الضغط السلبي المتكرر ياخذ بسحب و شفط الشعر الميت الموجود في المنطقه الي داخل الكيس.لذلك يحذر من مخاطر الجلوس علي المقاعد الصلبه لساعات طويله باعتباره من الاسباب الرييسيه للاصابه بمرض كيس الشعر وخاصه بين الاشخاص غزيري شعر الجسم او الذين يعانون من التعرق الشديد. كما ان كيس الشعر عباره عن تورم واحمرار يصحبه الم شديد في منطقه اسفل الظهر بين الاليتين, وينتشر بدرجه كبيره بين الاشخاص الذين يكثر لديهم شعر الجسم وخاصه منطقه اسفل الظهر, كذلك ممن لديهم نشاط زايد في الغدد العرقيه ولاسيما اذا ما كانوا يجلسون لفترات طويله بسبب طبيعه اعمالهم الاعراض: تبدا عندما يبدا الكيس بالالتهاب حيث ينتفخ بصوره مولمه و يحمر و يمتليء بالصديد في نهايه العمود الفقري, و قد يكون هناك فتحه او اكثر بخط متوسط مستقيم بين الاليتين او فتحات خارج هذا الخط المستقيم. العلاج: • علاج تحفظي: و يتم عند تنظيف المنطقه و حلاقتها وسحب الشعر الميت بملقط من هذه الفتحات. و تفادي الجلوس الطويل و خاصه القياده لفترات طويله. علاج جراحي: اذا التهب الكيس الشعري و فشلت المضادات الحيويه في حل المشكله فلا بد من فتح الكيس و تنظيفه من الصديد و ازاله الكيس كاملا في جراحه لاحقه وعند فشل العلاج التحفظي يتم اللجوء للعلاج الجراحي. قد يعود الكيس الشعري للرجوع لاسباب عديده منها: 1. ان يكون جزء من الكيس لم يستاصل كاملا. 2. ان يدخل شعر جديد في المنطقه المعالجه. 3. ان يكون مكان الجرح السابق هشا و عرضه الي الالتهاب بسبب الاحتكاك.",1860
ahd5k_03624,450277,graph_train,أمراض القلب و الشرايين,Cardiovascular disease,"امي مصابة بروماتيزم الدم , مع ارتفاع في ضغط الدم تتناول أدوية الروماتيزم منذ عام تقريبا المشكلة أنها منذ فترة تعاني من خفقان القلب الشديد خاصة في الليل فهل له...",نعم ممكن لكن لا داعي للقق، فقط تتطلب معاودة طبيبها المشرف على حالتها للتحقق من عدم وجود سبب دوائي,"امي مصابه بروماتيزم الدم , مع ارتفاع في ضغط الدم تتناول ادويه الروماتيزم منذ عام تقريبا المشكله انها منذ فتره تعاني من خفقان القلب الشديد خاصه في الليل فهل له.","نعم ممكن لكن لا داعي للقق, فقط تتطلب معاوده طبيبها المشرف علي حالتها للتحقق من عدم وجود سبب دوايي",258
ahd5k_03626,370529,graph_train,أرجية حساسية,Allergic allergy,هل بنسلين يسبب إلتهاب المعدة للأطفال,ممكن ان يسبب نزله معويه,هل بنسلين يسبب التهاب المعده للاطفال,ممكن ان يسبب نزله معويه,59
ahd5k_03627,790291,graph_train,صحة المسنين,Elderly health,انا رجل مقبل على الزواج طولى 180ووزنى 115 كيف اتخلص من الوزن الزايد بدون الرياضه,"اهم الادوية لانقاص الوزن هي : 1- ميتفورمين وهو يستعمل لعلاج السكري فانتبهي حتى لا ينزل السكري عندك 2- مدر بول تخرج الماء الزائد من جسمك 3- علاج سيبوترامين مثل : ميريديا او سيبوترم او دايت ماكس او سليماكس و قاطع للشهية. 4- اورليستات يفضل تناول حبة دواء تحتوي على فيتامينات أ , د , ه , ك قبل ساعتين من تناول الدواء لانه يمنع امتصاصها من الامعاء وافضل شيء لانقاص الوزن هو اتباع الحمية الغذائية .",انا رجل مقبل علي الزواج طولي 180ووزني 115 كيف اتخلص من الوزن الزايد بدون الرياضه,"اهم الادويه لانقاص الوزن هي : 1- ميتفورمين وهو يستعمل لعلاج السكري فانتبهي حتي لا ينزل السكري عندك 2- مدر بول تخرج الماء الزايد من جسمك 3- علاج سيبوترامين مثل : ميريديا او سيبوترم او دايت ماكس او سليماكس و قاطع للشهيه. 4- اورليستات يفضل تناول حبه دواء تحتوي علي فيتامينات ا , د , ه , ك قبل ساعتين من تناول الدواء لانه يمنع امتصاصها من الامعاء وافضل شيء لانقاص الوزن هو اتباع الحميه الغذاييه .",472
ahd5k_03632,808032,graph_train,تشخيص,Diagnosis,انا اسكن في السويد وقبل ست اشهر دخلولي صونده من الجه اليسرلى للكليه لئن اكو حصوه حجمه سانتي ونص موجوده بالحالب لذالك يساعدون الكليه وبعد ذالك سولي عمليتين تفتيت باليزر...,لا شك أنك تلقيت أفضل علاج ممكن والحمد لله على السلامة. بالنسبة للحرقة وقطرات البول فهي المشكلة الحالية ١= الحرقة نتيجة دخول القسطرة وتوسيعها لمجرى البول وربما آذته أيضاً وربما هناك التهاب يجب فحصة. ،قطرات البول ناتجة عن توسيع عضلات المصرة وهي قضية مؤقتة وستنتهي في وقتها فلا تقلق.,انا اسكن في السويد وقبل ست اشهر دخلولي صونده من الجه اليسرلي للكليه لين اكو حصوه حجمه سانتي ونص موجوده بالحالب لذالك يساعدون الكليه وبعد ذالك سولي عمليتين تفتيت باليزر.,"لا شك انك تلقيت افضل علاج ممكن والحمد لله علي السلامه. بالنسبه للحرقه وقطرات البول فهي المشكله الحاليه 1= الحرقه نتيجه دخول القسطره وتوسيعها لمجري البول وربما اذته ايضا وربما هناك التهاب يجب فحصه. ,قطرات البول ناتجه عن توسيع عضلات المصره وهي قضيه موقته وستنتهي في وقتها فلا تقلق.",450
ahd5k_03651,170641,graph_train,أمراض القلب و الشرايين,Cardiovascular disease,التعب عند قيامي باي عمل خفيف وتسارع في نبضات القلب وقطع النفس في بعض الأحيان,لا داعي للقلق لكن ينبغياجراء الفحص الطبي السريري اولا لاستبعاد فقر الدم او وجود اي التهاب,التعب عند قيامي باي عمل خفيف وتسارع في نبضات القلب وقطع النفس في بعض الاحيان,لا داعي للقلق لكن ينبغياجراء الفحص الطبي السريري اولا لاستبعاد فقر الدم او وجود اي التهاب,165
ahd5k_03662,381920,graph_train,أرجية حساسية,Allergic allergy,اعاني من حساسية في الصدر وضيق في التنفس وسعال وقئ صباحا,متابعة مع طبيب ضروري جدا للبدأ بالعلاج العلاجي والوقائي للربو,اعاني من حساسيه في الصدر وضيق في التنفس وسعال وقي صباحا,متابعه مع طبيب ضروري جدا للبدا بالعلاج العلاجي والوقايي للربو,116
ahd5k_03671,758041,graph_train,جراحة القلب والشرايين,Cardiovascular surgery,هل من مخاوف انا عندي ضيق بسيط في الصمام الميترالي سببه حمه روماتزميه عملت عمليه توسيع بالبلونه والحمدلله انا عمري 25 سنه و مقبل على زواج السؤال هل في ضرر...,لا داعي للقلق إذا كان التضيق خفيفاً والتزمت بالعلاج الموصوف لك وحرصت على المتابعة المتواصلة مع الطبيب المعالج يمكنك أن تتزوج وأن تعيش حياتك بشكل عادي دون أي مشاكل,هل من مخاوف انا عندي ضيق بسيط في الصمام الميترالي سببه حمه روماتزميه عملت عمليه توسيع بالبلونه والحمدلله انا عمري 25 سنه و مقبل علي زواج السوال هل في ضرر.,لا داعي للقلق اذا كان التضيق خفيفا والتزمت بالعلاج الموصوف لك وحرصت علي المتابعه المتواصله مع الطبيب المعالج يمكنك ان تتزوج وان تعيش حياتك بشكل عادي دون اي مشاكل,318
ahd5k_03685,793040,graph_train,تشخيص,Diagnosis,مند يومين لحظت الم بسيط في القضيب الدكري والم عند التبول بسيط ومع مرور يومين ازدادة عدي حكة في القضيب مرة مرة وتختفي عندما اقوم بالتبول واليوم عندما دهبت للتبول...,هل مارست الجنس خلال هذه الفتره؟ المؤشرات مما ذكرت تشير الى وجود التهاب بكتيري وفطريات انت بحاجه الى عمل فحص وزراعه للبول,مند يومين لحظت الم بسيط في القضيب الدكري والم عند التبول بسيط ومع مرور يومين ازداده عدي حكه في القضيب مره مره وتختفي عندما اقوم بالتبول واليوم عندما دهبت للتبول.,هل مارست الجنس خلال هذه الفتره? الموشرات مما ذكرت تشير الي وجود التهاب بكتيري وفطريات انت بحاجه الي عمل فحص وزراعه للبول,283
ahd5k_03689,779339,graph_train,تشخيص,Diagnosis,اشعر بدوخة وصداع دائم ! هل يمكن أن يكون ما أشعر به أعراض لمرض ؟ ماذا أفعل ..,هل للدوار الذي يصيبك، علاقة بالحركة، عند الوقوف مثلاً؟ هل الصداع الذي تصفين دائم، أي هو موجود طوال الوقت، أم متكرر، أي يحدث في وقت معين ثم يختفي؟ هل يحدث بعد اجهاد بصري ، بعد القراءة، أو مشاهدة التلفزيون، أو استخدام الكمبيوتر لفترة طويلة؟ هل يرافقه غثيان؟ تحياتي,اشعر بدوخه وصداع دايم ! هل يمكن ان يكون ما اشعر به اعراض لمرض ? ماذا افعل .,"هل للدوار الذي يصيبك, علاقه بالحركه, عند الوقوف مثلا? هل الصداع الذي تصفين دايم, اي هو موجود طوال الوقت, ام متكرر, اي يحدث في وقت معين ثم يختفي? هل يحدث بعد اجهاد بصري , بعد القراءه, او مشاهده التلفزيون, او استخدام الكمبيوتر لفتره طويله? هل يرافقه غثيان? تحياتي",338
ahd5k_03696,108992,graph_train,أمراض القلب و الشرايين,Cardiovascular disease,هل تناول الأسبرين +البلافيكس لمدة سنة كافي بالنسبة للجلطة الدماغية,تناول الاسبرين او البلافيكس بدون سبب او راي الطبيبي خاطئ وقد يعرضك للنزيف . اذا كان لديك جلطه سابقه. يمكن تناول الاسبرين او البلافيكس .,هل تناول الاسبرين +البلافيكس لمده سنه كافي بالنسبه للجلطه الدماغيه,تناول الاسبرين او البلافيكس بدون سبب او راي الطبيبي خاطي وقد يعرضك للنزيف . اذا كان لديك جلطه سابقه. يمكن تناول الاسبرين او البلافيكس .,201
ahd5k_03707,540320,graph_train,صحة الطفل,Child health,السلام عليكم ورحمة الله وبركاته ابني عنده 13 سنة ويعاني من فقر الدم حابة اعرف اسم تحليلة الكالسيوم في العضام لانها الوحيده الي ماعملناها وشكرا,فقر دم عند طفل عمره ١٣ سنة شي جدي!. ومعايرة الكالسيوم لن تشخص سبب فقر الدم؟ نرجو تزودينا بالتحاليل التي أجريت له والادوية التي اعطيت له ؟ وفقر الدم له اسباب عديدة منها عوز الحديد او عوز حمض الفوليك او الفيتامين B12 او B6 وكذلك اسواء الامتصاص واعتلالات الخضاب الوراثية والالتهابات المزمنة,السلام عليكم ورحمه الله وبركاته ابني عنده 13 سنه ويعاني من فقر الدم حابه اعرف اسم تحليله الكالسيوم في العضام لانها الوحيده الي ماعملناها وشكرا,فقر دم عند طفل عمره 13 سنه شي جدي!. ومعايره الكالسيوم لن تشخص سبب فقر الدم? نرجو تزودينا بالتحاليل التي اجريت له والادويه التي اعطيت له ? وفقر الدم له اسباب عديده منها عوز الحديد او عوز حمض الفوليك او الفيتامين b12 او b6 وكذلك اسواء الامتصاص واعتلالات الخضاب الوراثيه والالتهابات المزمنه,429
ahd5k_03737,184596,graph_train,أمراض القلب و الشرايين,Cardiovascular disease,اشعر بصداع متقطع في النصف الايسر من رأسي كومضات متقطعّة و دوخة و لا استطيع فتح عيني كاملة يظهر التعب على وجهي والاجهاد بالرغم من عدم فعل اي شيء و...,لا داعي للقلق، لكن ينبغي استبعاد الشقيقة في المقام الأول، فمنها انواع تظهر هكذا,اشعر بصداع متقطع في النصف الايسر من راسي كومضات متقطعه و دوخه و لا استطيع فتح عيني كامله يظهر التعب علي وجهي والاجهاد بالرغم من عدم فعل اي شيء و.,"لا داعي للقلق, لكن ينبغي استبعاد الشقيقه في المقام الاول, فمنها انواع تظهر هكذا",227
ahd5k_03738,770616,graph_train,أمراض باطنية,Esoteric,منذ فتره اشعر بألم فى عضله الصدر وليس القفص الصدرى وهذا عند الضغط عليها اريد ان اعرف ما السبب؟,الالم الذي يحدث عند الضغط على عضلة الصدر دليل وجود الالم في العضلة نفسها ربما نتيجة تشنج ما او جهد ما قمت به والافضل في هذه الحالة ان تريح هذه العضلة ولا تقوم بمجهود علما بان احيانا حتى السعال يسبب الم في عضلة الصدر,منذ فتره اشعر بالم في عضله الصدر وليس القفص الصدري وهذا عند الضغط عليها اريد ان اعرف ما السبب?,الالم الذي يحدث عند الضغط علي عضله الصدر دليل وجود الالم في العضله نفسها ربما نتيجه تشنج ما او جهد ما قمت به والافضل في هذه الحاله ان تريح هذه العضله ولا تقوم بمجهود علما بان احيانا حتي السعال يسبب الم في عضله الصدر,309
ahd5k_03753,747892,graph_train,الطب البديل,Alternative medicine,"السلام عليكم ورحمة الله وبركاته ما هو العدد الغرامات الذي تنصحني به دكتور لأني فعلا حائرة فقد اشتريت مكمل غدائيي اسمه MG 180 lITHOGINKGO يحتوي على : 91,63 ملغ من...",الجعة اللازمة تكون خسب ما هو مكتوب على ورقة الإرشادات المرفقة مع عبوة الدواء لأن الشركة الصانعة هي التي تحدد الجرعة,"السلام عليكم ورحمه الله وبركاته ما هو العدد الغرامات الذي تنصحني به دكتور لاني فعلا حايره فقد اشتريت مكمل غداييي اسمه mg 180 lithoginkgo يحتوي علي : 91,63 ملغ من.",الجعه اللازمه تكون خسب ما هو مكتوب علي ورقه الارشادات المرفقه مع عبوه الدواء لان الشركه الصانعه هي التي تحدد الجرعه,279
ahd5k_03761,82756,graph_train,أمراض الغدد الصماء,Endocrine,هل التوقف عن اخذ علاج الغده لان النسبه اصبحت كويسه تسبب الوخز في الوجه وشعور شي ما تحت الجلد يمشي و كذلك في القدم و كثره الجشؤ و اسهال والشعور...,لا يجب التوقف عن اخذ علاج الغدة الدرقية عندما تصبح التسبة كويسة لان فى كثير من الاحوال يستمر علاج الغدة الدرقية الى مدى الحياة حتى اذا كانت كويسة لذا يجب مراجعة الطبيب اذا كان التوقف متاحا اما انه يستمر مدى الحياة ويجب عمل تحليل لوظائف الغدةو من العلاج االى حضرتك بتاخديه euthyroxالنسبة الاكبر لا يمكن التوقف عن العلاج الا فى حالات معينة,هل التوقف عن اخذ علاج الغده لان النسبه اصبحت كويسه تسبب الوخز في الوجه وشعور شي ما تحت الجلد يمشي و كذلك في القدم و كثره الجشو و اسهال والشعور.,لا يجب التوقف عن اخذ علاج الغده الدرقيه عندما تصبح التسبه كويسه لان في كثير من الاحوال يستمر علاج الغده الدرقيه الي مدي الحياه حتي اذا كانت كويسه لذا يجب مراجعه الطبيب اذا كان التوقف متاحا اما انه يستمر مدي الحياه ويجب عمل تحليل لوظايف الغدهو من العلاج االي حضرتك بتاخديه euthyroxالنسبه الاكبر لا يمكن التوقف عن العلاج الا في حالات معينه,482
ahd5k_03762,421283,graph_train,إسعاف أولي,First aid,كيف اتصرف مع انسان لدغته أم اربعه واربعين,اذا ظهرت عليه اعراض الحساسية توجه به الى المستشفى فورا,كيف اتصرف مع انسان لدغته ام اربعه واربعين,اذا ظهرت عليه اعراض الحساسيه توجه به الي المستشفي فورا,95
ahd5k_03769,384290,graph_train,أمراض الغدد الصماء,Endocrine,عملت جميع الفحوصات على العدة الدرقية تبين أنها تعمل بشكل جيد وهرموناتها معتدلة لكن يوجد بها التهاب فوصف لي الطبيب levothyrox25 1/2cp أيش رأيكم,هذا الدواء لا يفيد الالتهابات,عملت جميع الفحوصات علي العده الدرقيه تبين انها تعمل بشكل جيد وهرموناتها معتدله لكن يوجد بها التهاب فوصف لي الطبيب levothyrox25 1/2cp ايش رايكم,هذا الدواء لا يفيد الالتهابات,171
ahd5k_03790,801919,graph_train,علم الأجنة,Embryology,زوجتي حامل في الاسبوع27 توام وهي ممنوعه من الحركه بسبب نزول دم في الاسبوع14 وتستخدم مثبتات للحمل وسبرين اطفال وبعد الكشف بلشعه تبين نقص ماء احد الاجنه دون المستوى الطبيعي...,ننصح بالراحة فقط واخذ ابر Deyamethasone 12 mg X Twice for one time only,زوجتي حامل في الاسبوع27 توام وهي ممنوعه من الحركه بسبب نزول دم في الاسبوع14 وتستخدم مثبتات للحمل وسبرين اطفال وبعد الكشف بلشعه تبين نقص ماء احد الاجنه دون المستوي الطبيعي.,ننصح بالراحه فقط واخذ ابر deyamethasone 12 mg x twice for one time only,244
ahd5k_03801,766256,graph_train,جراحة القلب والشرايين,Cardiovascular surgery,مركب دعامة عادية فى الشريان التاجى بقالى 4سنوات مع العلم انى مريض سكر هل من فحوصات للدعامة علما ان عمرى 38 سنة ومدخا,يمكنك ذلك ولكن بالمتابعة مع طبيبك من خلال الزيارات الرتينية له يمكنك الطلب إليه عمل تصوير بالموجات الفوق صوتية لكي تطمئن,مركب دعامه عاديه في الشريان التاجي بقالي 4سنوات مع العلم اني مريض سكر هل من فحوصات للدعامه علما ان عمري 38 سنه ومدخا,يمكنك ذلك ولكن بالمتابعه مع طبيبك من خلال الزيارات الرتينيه له يمكنك الطلب اليه عمل تصوير بالموجات الفوق صوتيه لكي تطمين,236
ahd5k_03805,792923,graph_train,الطب البديل,Alternative medicine,ماهى فوائد الكركم بالنسبة لتفتيح البشرة وكيفية استخدامة,يستعمل الكركم لتفتيح البشرة حيث انة يضفي اشراقة وحيوية على البشرة، و يستخدم للوجة والجسم بخلطة مع مواد اخرى كماء الورد و القشدة او الكريمة.,ماهي فوايد الكركم بالنسبه لتفتيح البشره وكيفيه استخدامه,"يستعمل الكركم لتفتيح البشره حيث انه يضفي اشراقه وحيويه علي البشره, و يستخدم للوجه والجسم بخلطه مع مواد اخري كماء الورد و القشده او الكريمه.",194
ahd5k_03807,446488,graph_train,أمراض باطنية,Esoteric,من فتره سنه كان عندي الم ب المعده واسهال حاد وعملت منضار وطلع عندي قرحه بالمعده واخدت مضادات حيويه نكسيوم و كلاريثرومايسين واموكسسلين وضليت فتره 6 شهور وهلق في نفس...,اخي الكريم بعد تشخيص القرحة واعطاء العلاج أنت بحاجة للمتابعة الطبية لمعرفة شفاء القرحة بشكل حيث يوجد خطوط علاجية كثيرة وقد لاتستفيد على أحدها وتستجيب على الأخر ......هل كان هناك اصابة بالملوية البوابية مثبتة ...........................,من فتره سنه كان عندي الم ب المعده واسهال حاد وعملت منضار وطلع عندي قرحه بالمعده واخدت مضادات حيويه نكسيوم و كلاريثرومايسين واموكسسلين وضليت فتره 6 شهور وهلق في نفس.,اخي الكريم بعد تشخيص القرحه واعطاء العلاج انت بحاجه للمتابعه الطبيه لمعرفه شفاء القرحه بشكل حيث يوجد خطوط علاجيه كثيره وقد لاتستفيد علي احدها وتستجيب علي الاخر .هل كان هناك اصابه بالملويه البوابيه مثبته .,401
ahd5k_03809,754068,graph_train,صحة الطفل,Child health,هل تناول الطفل الذي عمرة سنتين وثلال شهورلحبوب منع الحمل(عن طريق الخطاء) له اي اثار جانبيه سواء كانت بشك مباشر او بعيدة المدى؟ الرجاء الافادة مع الشكر,يعتمد على النوع و وعدد الحبات وبما انه ذكر اعتقد انه لا توجد اى مضاعفات,هل تناول الطفل الذي عمره سنتين وثلال شهورلحبوب منع الحمل(عن طريق الخطاء) له اي اثار جانبيه سواء كانت بشك مباشر او بعيده المدي? الرجاء الافاده مع الشكر,يعتمد علي النوع و وعدد الحبات وبما انه ذكر اعتقد انه لا توجد اي مضاعفات,221
ahd5k_03818,802465,graph_train,تشخيص,Diagnosis,ما سبب أرتفاع درجة الحرارة مع ألم جهه القلب,لا نعرف كم هو الارتفاع في درجة الحرارة وكم يستمر وكم مرة يتردد في اليوم وهل يرافقهرجفة أو غير ذلك وقت النوبة أما الألم في جهة القلب فهناك العضلات الوربية والانسجة المرتبطة بالقفص الصدري التي قد تكون متهيجة وتسبب الألم خاصة بعد التعرض لاجهاد أو التهاب فيروسي مثل الفلونزا أو غير ذلك ولكن الفحص السريري قد يكفي للوقوف على معرفة نوعيته ومن ثم علاجه,ما سبب ارتفاع درجه الحراره مع الم جهه القلب,لا نعرف كم هو الارتفاع في درجه الحراره وكم يستمر وكم مره يتردد في اليوم وهل يرافقهرجفه او غير ذلك وقت النوبه اما الالم في جهه القلب فهناك العضلات الوربيه والانسجه المرتبطه بالقفص الصدري التي قد تكون متهيجه وتسبب الالم خاصه بعد التعرض لاجهاد او التهاب فيروسي مثل الفلونزا او غير ذلك ولكن الفحص السريري قد يكفي للوقوف علي معرفه نوعيته ومن ثم علاجه,388
ahd5k_03828,481655,graph_train,صحة الطفل,Child health,ارجو المساعدة ابني الان 7 سنوات و اربع شهور الشكوة من المدرسه دايما عدم التركيز اثناء الحصة من جميع المدرسين وانه ينصرف عن التركيز باللعب باي شىء في يده وخيال...,انصحك باستخدام حبوب اوميجا 3 حبه باليوم,ارجو المساعده ابني الان 7 سنوات و اربع شهور الشكوه من المدرسه دايما عدم التركيز اثناء الحصه من جميع المدرسين وانه ينصرف عن التركيز باللعب باي شيء في يده وخيال.,انصحك باستخدام حبوب اوميجا 3 حبه باليوم,200
ahd5k_03831,442290,graph_train,أمراض الغدد الصماء,Endocrine,السلام عليكم انا أخذ التروكسين ١٥٠ لأَنِّي أعاني من هاشيموتو في بعض الأحيان في رمضان أخذ الدواء قبل السحور ولا اكل شي بعده وأصوم طوال النهار فهل هناك ضرر في...,لا يوجد تأثير ما دمتي تأخذي الدواء بانتظام,السلام عليكم انا اخذ التروكسين 150 لاني اعاني من هاشيموتو في بعض الاحيان في رمضان اخذ الدواء قبل السحور ولا اكل شي بعده واصوم طوال النهار فهل هناك ضرر في.,لا يوجد تاثير ما دمتي تاخذي الدواء بانتظام,201
ahd5k_03833,629051,graph_train,أمراض الغدد الصماء,Endocrine,مرحبا عملت فخص b12والنتيجه 192 ref 156-700 واخد ابر يوم بعد يوم كم ابره يجب ان اخد علما بانه لدي خلل بالغده الجاردرقيه,النتيجة طبيعية واكمال العلاج يتبع الاستطباب الذي وضع من اجله ..حبذا لو يتم تزويدنا بنتائج الكالسيوم والفوسفور وهرمون جارات الغدة الدرقيةPTH مع وظائف الكلية.,مرحبا عملت فخص b12والنتيجه 192 ref 156-700 واخد ابر يوم بعد يوم كم ابره يجب ان اخد علما بانه لدي خلل بالغده الجاردرقيه,النتيجه طبيعيه واكمال العلاج يتبع الاستطباب الذي وضع من اجله .حبذا لو يتم تزويدنا بنتايج الكالسيوم والفوسفور وهرمون جارات الغده الدرقيهpth مع وظايف الكليه.,274
ahd5k_03846,413296,graph_train,جراحة القلب والشرايين,Cardiovascular surgery,عمري 51 اصبت بجلطة رئؤية منذ شهر ونصف، أتناول دواء الpradaxa 150mg Dabigatran - وال aspicotK -،acetyl Salicylic Acid- ضغطي جيد ، ونسبة الاكسيجن جيدة ، ولكن أشعر بإرهاق شديد...,لا نعرف ان كنت قد توقفتن عن الكونكور أم لا، وفي جميع الأحوال ينبغي التحقق من نوعها وخصائصها عبر تخطيط كهربية القلب ومن ثم تحديد سببها,"عمري 51 اصبت بجلطه ريويه منذ شهر ونصف, اتناول دواء الpradaxa 150mg dabigatran - وال aspicotk -,acetyl salicylic acid- ضغطي جيد , ونسبه الاكسيجن جيده , ولكن اشعر بارهاق شديد.","لا نعرف ان كنت قد توقفتن عن الكونكور ام لا, وفي جميع الاحوال ينبغي التحقق من نوعها وخصايصها عبر تخطيط كهربيه القلب ومن ثم تحديد سببها",308
ahd5k_03852,799940,graph_train,صحة المسنين,Elderly health,كيف نتعامل مع كآبة المسنين؟ الاعلامية والعاملة الاجتماعية سلام الحاج من لبنان,عادة بعد التقدم في السن يكون قد تكون لدى الشخص الكثير من التجارب الحياتية التي تطبع في ذاكرته معاني خاصة وتثير في نفسه شجون مختلفة فكلما انفرد مع نفسه أخذ يقلبها ويعيد حساباته وتقيمه لها، وهذا الاستطراق يأخذه إلى الانفصال المؤقت وعدم التفاعل مع المحيط والواقع، وكل ما تكررت هذه الحالة تذهب به تدريجاً إلى التفكير أكثر في الجونب التي يعتبرها مكمن إخفاق أو فشل وكيف لو كان قد تصرف بطريقة أخرى لكان قد حقق شيء أفضل وهكذا، ولذلك الحل يكمن في إخراجه من ذلك عبر اشغاله والعمل على اخراجه من البيت والاتصال بالآخرين أو دعوة أفراد العائلة والاصدقاء لزيارته، والتطوع بأعمال خيرية لأن ذلك يحسن المزاج ويطرد الكآبة في هذا الوقت من العام، وعدم التفكير بتناول كمية كبيرة من الكحول لأن ذلك قد يضعف معنوياتهم بدلاً أن يرفعها ويزيد كآبته. والأشخاص الذين يشعرون بالكآبة يتبعون فى الغالب أسلوب حياة غير صحى مثل عدم تناول الأطعمة الصحية والمتوازنة وهذا ما قد يؤثر على عوامل لها علاقة بزيادة البدانة فى محيط البطن وهي بدورها تزيد من تفاقم الحالة، حيث أن الضغط النفسى المزمن قد ينشط مناطق معينة فى الدماغ ما يزيد من معدلات هرمون كورتيزول الذى يساهم بدوره فى تراكم الدهون فى منطقة الوسط. كذلك يتوجب بمراقبة أعراض الكآبة مثل الحزن الدائم وفقدان الاهتمام بكل شيء حولهم والبكاء المتقطع وتقلبات الشهية وفقدان الوزن أو الاضطراب في عادات النوم والتعب العام والشعور بأن الواحد فيهم لم يعد له أي قيمة تذكر أو الشعور بالذنب والتفكير بالانتحار،وعند ظهور أي من هذه الأعراض يجب تشجيعه بالاتصال بطبيبه لأنه بالامكان معالجته ومساعدته على التخلص من هذه الحالة.,كيف نتعامل مع كابه المسنين? الاعلاميه والعامله الاجتماعيه سلام الحاج من لبنان,"عاده بعد التقدم في السن يكون قد تكون لدي الشخص الكثير من التجارب الحياتيه التي تطبع في ذاكرته معاني خاصه وتثير في نفسه شجون مختلفه فكلما انفرد مع نفسه اخذ يقلبها ويعيد حساباته وتقيمه لها, وهذا الاستطراق ياخذه الي الانفصال الموقت وعدم التفاعل مع المحيط والواقع, وكل ما تكررت هذه الحاله تذهب به تدريجا الي التفكير اكثر في الجونب التي يعتبرها مكمن اخفاق او فشل وكيف لو كان قد تصرف بطريقه اخري لكان قد حقق شيء افضل وهكذا, ولذلك الحل يكمن في اخراجه من ذلك عبر اشغاله والعمل علي اخراجه من البيت والاتصال بالاخرين او دعوه افراد العايله والاصدقاء لزيارته, والتطوع باعمال خيريه لان ذلك يحسن المزاج ويطرد الكابه في هذا الوقت من العام, وعدم التفكير بتناول كميه كبيره من الكحول لان ذلك قد يضعف معنوياتهم بدلا ان يرفعها ويزيد كابته. والاشخاص الذين يشعرون بالكابه يتبعون في الغالب اسلوب حياه غير صحي مثل عدم تناول الاطعمه الصحيه والمتوازنه وهذا ما قد يوثر علي عوامل لها علاقه بزياده البدانه في محيط البطن وهي بدورها تزيد من تفاقم الحاله, حيث ان الضغط النفسي المزمن قد ينشط مناطق معينه في الدماغ ما يزيد من معدلات هرمون كورتيزول الذي يساهم بدوره في تراكم الدهون في منطقه الوسط. كذلك يتوجب بمراقبه اعراض الكابه مثل الحزن الدايم وفقدان الاهتمام بكل شيء حولهم والبكاء المتقطع وتقلبات الشهيه وفقدان الوزن او الاضطراب في عادات النوم والتعب العام والشعور بان الواحد فيهم لم يعد له اي قيمه تذكر او الشعور بالذنب والتفكير بالانتحار,وعند ظهور اي من هذه الاعراض يجب تشجيعه بالاتصال بطبيبه لانه بالامكان معالجته ومساعدته علي التخلص من هذه الحاله.",1499
ahd5k_03870,788044,graph_train,علم الأجنة,Embryology,دكتوري العزيز انا حامل في اول الشهر السابع وبعد الكشف الاخير بلغني الدكتور بان حجم الجنين صغير واطرافه قصيره بالنسبه لعمره وحولني الي متخصص اجنه ولكن الموعد متاخر؟ولكني قلقه جدا...,اختي الكريمة للأسف لا استطيع ان ابدي رأي قاطع في مشكلتك لأن صغر حجم الجنين قد يكون بسبب قصور في النمو أو حساب خاطيء لفترة الحمل وقصر الاطراف قد يكون بسبب بعض التشوهات لذا لا بد من عمل تصوير مفصل لجميع اعضاء الجنين خاصة الاطراف والاصابع وعظمة الأنف ومحيط الرأس الخ مع عمل دوبلر لقياس سريان الدم في الحبل السري وفي اعتقادي بأن هناك اكثر من متخصص اجنة في الكويت وبامكانك الاصرار على موعد اقرب واخبريهم بأن وضع الجنين حرج ولا بد من ايضاح الأمر بأسرع وقت والله الموفق,دكتوري العزيز انا حامل في اول الشهر السابع وبعد الكشف الاخير بلغني الدكتور بان حجم الجنين صغير واطرافه قصيره بالنسبه لعمره وحولني الي متخصص اجنه ولكن الموعد متاخر?ولكني قلقه جدا.,اختي الكريمه للاسف لا استطيع ان ابدي راي قاطع في مشكلتك لان صغر حجم الجنين قد يكون بسبب قصور في النمو او حساب خاطيء لفتره الحمل وقصر الاطراف قد يكون بسبب بعض التشوهات لذا لا بد من عمل تصوير مفصل لجميع اعضاء الجنين خاصه الاطراف والاصابع وعظمه الانف ومحيط الراس الخ مع عمل دوبلر لقياس سريان الدم في الحبل السري وفي اعتقادي بان هناك اكثر من متخصص اجنه في الكويت وبامكانك الاصرار علي موعد اقرب واخبريهم بان وضع الجنين حرج ولا بد من ايضاح الامر باسرع وقت والله الموفق,642
ahd5k_03872,383286,graph_train,أرجية حساسية,Allergic allergy,السلام وعليكم ورحمة الله وبركاتو اعاني من فتره من آلام في الانف والوجه والاخص الجبين واشعر بحساسيه في الحلق مما يسبب لي ضيق تنفس وتعب بشكل عام .ارجو الاجابه وشكرا...,أعراض التهاب وحساسيه الجيوب الانفيه لابد من استخدام الادويه المناسبه بعد الفحص عند طبيب ENT,السلام وعليكم ورحمه الله وبركاتو اعاني من فتره من الام في الانف والوجه والاخص الجبين واشعر بحساسيه في الحلق مما يسبب لي ضيق تنفس وتعب بشكل عام .ارجو الاجابه وشكرا.,اعراض التهاب وحساسيه الجيوب الانفيه لابد من استخدام الادويه المناسبه بعد الفحص عند طبيب ent,256
ahd5k_03893,780050,graph_train,تشوهات خلقية,Birth Defect,زوجتي حامل دخلت في الشهر الرابع وعند مراجعة الطبيبة تبين من خلال السونر ان الجنين مشوه بوجود كيس من الرأس وحول الرقبة يحتمل ان يكون فتق دماغي فهل هناك علاج...,هذه الكيس يطلق عليه اسم Systic Hygroma وهو نوع من انواع التشوهات التي قد تصيب الجنين وللأسف فلا يوجد علاج لمثل هذه الحالة وفي الغالب لا يكتمل الحمل ولكن اذا اكتمل فتتم معاينة الطفل والكيس وهل بالامكان ازالة الكيس ولكن في الغالب لا يتم ذلك,زوجتي حامل دخلت في الشهر الرابع وعند مراجعه الطبيبه تبين من خلال السونر ان الجنين مشوه بوجود كيس من الراس وحول الرقبه يحتمل ان يكون فتق دماغي فهل هناك علاج.,هذه الكيس يطلق عليه اسم systic hygroma وهو نوع من انواع التشوهات التي قد تصيب الجنين وللاسف فلا يوجد علاج لمثل هذه الحاله وفي الغالب لا يكتمل الحمل ولكن اذا اكتمل فتتم معاينه الطفل والكيس وهل بالامكان ازاله الكيس ولكن في الغالب لا يتم ذلك,396
ahd5k_03901,225601,graph_train,أمراض باطنية,Esoteric,انتفاخ الكلى للحامل في الشهر السابع مع التهاب حا في البوم والدم,احيانا ينضغط الحالب الايمن بسبب نمو الرحم ينصج بالنوم على الجانب الايسر و لكن قي الحالات المتقدمة و الالتهابات لا بد من مضاد حيوي و قسطرة داخلية من الكلية الى المثانة.,انتفاخ الكلي للحامل في الشهر السابع مع التهاب حا في البوم والدم,احيانا ينضغط الحالب الايمن بسبب نمو الرحم ينصج بالنوم علي الجانب الايسر و لكن قي الحالات المتقدمه و الالتهابات لا بد من مضاد حيوي و قسطره داخليه من الكليه الي المثانه.,230
ahd5k_03925,597066,graph_train,أمراض الأسنان,Dental,كان عندي خراج وعملت تنظيف سن مع حشوة موقتة لكن الالم زاد بعد التنظيف هل هو طبيعي.. وهل يلزم الامر اخذ مضاد.,إذا لم يترافق مع الألم ورم أو انتباج لاداعي للمضاد الحيوي ويكفي مسكن ألم,كان عندي خراج وعملت تنظيف سن مع حشوه موقته لكن الالم زاد بعد التنظيف هل هو طبيعي. وهل يلزم الامر اخذ مضاد.,اذا لم يترافق مع الالم ورم او انتباج لاداعي للمضاد الحيوي ويكفي مسكن الم,179
ahd5k_03958,291423,graph_train,أمراض القلب و الشرايين,Cardiovascular disease,اعاني من الام في القلب مع اضطرابات خفيفة في الدقات احيانا و قد قمت العام الماضي ب تخطيط كهربائية القلب و قال الطبيب انه عادي . هل هو فعلا من...,هناك أسباب كثيرة محتملة لهكذا ألم والقلق كاف لكي يسببه وبما ان الفحص الطبي كان سليما فالمتابعة مع طبيبك وباستخدام مضدات القلق ستتحسن,اعاني من الام في القلب مع اضطرابات خفيفه في الدقات احيانا و قد قمت العام الماضي ب تخطيط كهرباييه القلب و قال الطبيب انه عادي . هل هو فعلا من.,هناك اسباب كثيره محتمله لهكذا الم والقلق كاف لكي يسببه وبما ان الفحص الطبي كان سليما فالمتابعه مع طبيبك وباستخدام مضدات القلق ستتحسن,275
ahd5k_03963,494190,graph_train,أمراض الغدد الصماء,Endocrine,أنا أعاني من فرط نشاط بالفدة الدرقية . نتائج التحاليل دائما مرتفعة أيش تنصحوني بجرعة يود مشع أو إجراء عملية مع العلم إني أخذت جرعتين يود مشع قبل سنة وماجابت...,هذا يدل ان اليود لا يفيدك. قد تحتاجي الى جراحة,انا اعاني من فرط نشاط بالفده الدرقيه . نتايج التحاليل دايما مرتفعه ايش تنصحوني بجرعه يود مشع او اجراء عمليه مع العلم اني اخذت جرعتين يود مشع قبل سنه وماجابت.,هذا يدل ان اليود لا يفيدك. قد تحتاجي الي جراحه,205
ahd5k_03965,477399,graph_train,جراحة القلب والشرايين,Cardiovascular surgery,ابني لديه ضيق في الشريان الاورطي وتم عمل عمليه له وعمره ٩ ايام وخرج من المستشفى والحمدلله بعد شهرين ذهبت لموعد المراجعه واكتشف ان الشريان رجع يتضيق! ما السبب؟ وهل...,الضيق البسيط فى الأورطى والذى لا يسبب أعراضا تتم ملاحظته ومتابعته باستمرار لمنع حدوث أى تطور خطير فى عضلة القلب ..وعموما القسطره ة ممكن ان تحل المشكله,ابني لديه ضيق في الشريان الاورطي وتم عمل عمليه له وعمره 9 ايام وخرج من المستشفي والحمدلله بعد شهرين ذهبت لموعد المراجعه واكتشف ان الشريان رجع يتضيق! ما السبب? وهل.,الضيق البسيط في الاورطي والذي لا يسبب اعراضا تتم ملاحظته ومتابعته باستمرار لمنع حدوث اي تطور خطير في عضله القلب .وعموما القسطره ه ممكن ان تحل المشكله,315
ahd5k_03983,668656,graph_train,علم التشريح,Anatomy,مقارنه بين الوتر والرباط ؟,الوتر هو رباط متميز من النسيج الضام، يتكون من حزم متوازية من ألياف مغرائية (كولاجينية) تتصل بها العضلات، أو يجتمع عليها بطني عضلتين. والأوتار، أو الأوتار العضلية توجد حيث تكون الفسحة محدودة، أو يتغير اتجاه العضلات، أو تمر فوق العظام ، أو يكون اتصال العظم محدوداً ج : أوتار. الرباط هو حبل من الأنسجة الرابطة توحد هيكلين، وتوجد عادة بالترافق مع المفاصل. والأربطة نوعان: النوع الأول- ويتكون من ألياف مغرائية وهي غير قابلة للمد في الحالات العادية؛ كأربطة مفصل الحق، والكوع. والنوع الثاني- ويتكون من أنسجة مرنة تستعيد شكلها بعد أنهاء الضغط؛ مثلاً الرباط الأصفر للعمود الفقري والرباط العقبي الزورقي.,مقارنه بين الوتر والرباط ?,"الوتر هو رباط متميز من النسيج الضام, يتكون من حزم متوازيه من الياف مغراييه (كولاجينيه) تتصل بها العضلات, او يجتمع عليها بطني عضلتين. والاوتار, او الاوتار العضليه توجد حيث تكون الفسحه محدوده, او يتغير اتجاه العضلات, او تمر فوق العظام , او يكون اتصال العظم محدودا ج : اوتار. الرباط هو حبل من الانسجه الرابطه توحد هيكلين, وتوجد عاده بالترافق مع المفاصل. والاربطه نوعان: النوع الاول- ويتكون من الياف مغراييه وهي غير قابله للمد في الحالات العاديه; كاربطه مفصل الحق, والكوع. والنوع الثاني- ويتكون من انسجه مرنه تستعيد شكلها بعد انهاء الضغط; مثلا الرباط الاصفر للعمود الفقري والرباط العقبي الزورقي.",619
ahd5k_03985,805114,graph_train,علم التشريح,Anatomy,ماهي اسباب التهاب غدة الثدي؟,أسباب التهاب الثدي قد تكون رضح للثدي ، أو دخول جراثيم إلى داخله عبر جرح أو خدش، أو عبر الدم .,ماهي اسباب التهاب غده الثدي?,"اسباب التهاب الثدي قد تكون رضح للثدي , او دخول جراثيم الي داخله عبر جرح او خدش, او عبر الدم .",121
ahd5k_03986,531274,graph_train,صحة الطفل,Child health,مرحبا ابني عمره ٢سنة دائما عندة التهاب اللوز وتبين منتفخة وفيهاحبيبيات صغيرة رغم أني أعطي مضاد حيوي لكن دون جدوى ماذا افعل,هل اللوزتين أصبحت مصدر للعدوى وكم مره يأخذ المضاد أي كم مره يكون فيه إلتهاب بكتيري متكرر بالسنة يجب مراجعة طبيب الأطفال وأخذ عينه مسحه كن اللوزتين وبناء عليه يتم العلاج وإذا لم يستجب الطفل للعلاج إستئصال اللوز أفضل حتى لا تحدث للطفل مضاعفات وسلامته,مرحبا ابني عمره 2سنه دايما عنده التهاب اللوز وتبين منتفخه وفيهاحبيبيات صغيره رغم اني اعطي مضاد حيوي لكن دون جدوي ماذا افعل,هل اللوزتين اصبحت مصدر للعدوي وكم مره ياخذ المضاد اي كم مره يكون فيه التهاب بكتيري متكرر بالسنه يجب مراجعه طبيب الاطفال واخذ عينه مسحه كن اللوزتين وبناء عليه يتم العلاج واذا لم يستجب الطفل للعلاج استيصال اللوز افضل حتي لا تحدث للطفل مضاعفات وسلامته,370
ahd5k_04001,797317,graph_train,علم الأجنة,Embryology,كيف اعالج الحلمة المسطحة علما باني في شهري الرابع من الحمل وهو حملي الاول فانا اتمنى وارغب في ارضاع طفلي رضاعة طبيعية؟,انصحك بدهن الحلمة بزيت الزيتون ثم حاولي شدها الى الخارج وذلك لمدة 3 - 5 دقائق 3 مرات في اليوم واستمري على ذلك حتى موعد الولادة,كيف اعالج الحلمه المسطحه علما باني في شهري الرابع من الحمل وهو حملي الاول فانا اتمني وارغب في ارضاع طفلي رضاعه طبيعيه?,انصحك بدهن الحلمه بزيت الزيتون ثم حاولي شدها الي الخارج وذلك لمده 3 - 5 دقايق 3 مرات في اليوم واستمري علي ذلك حتي موعد الولاده,244
ahd5k_04015,754522,graph_train,الطب البديل,Alternative medicine,ماهى الاعشاب التي تساعد على نزول الطمث حيت انوما تجيني الدورة الا بالدواء فقط.شكرا,من الاعشاب التي قد تساعد على حل المشكلة وتنظيم الدورة الشهرية وهي طبعا لا تغني عن الدواء وعلاج السبب الاساسي لعدم انتظام الدورة ، نذكر: اكليل الجبل، الميرمية، البقدونس، حشيشة الملاك، البردقوش، القرفة، الزنجبيل، والكرفس.,ماهي الاعشاب التي تساعد علي نزول الطمث حيت انوما تجيني الدوره الا بالدواء فقط.شكرا,"من الاعشاب التي قد تساعد علي حل المشكله وتنظيم الدوره الشهريه وهي طبعا لا تغني عن الدواء وعلاج السبب الاساسي لعدم انتظام الدوره , نذكر: اكليل الجبل, الميرميه, البقدونس, حشيشه الملاك, البردقوش, القرفه, الزنجبيل, والكرفس.",301
ahd5k_04017,535859,graph_train,أمراض باطنية,Esoteric,اعاني من امساك شديد دائما وذالك يسبب في تضخم الطحال عندي,هذه المعلومه ليست صحيحه . يجب الذهاب لطبيب للفحص السريري ومعرفه سبب الامساك وعلاجها,اعاني من امساك شديد دايما وذالك يسبب في تضخم الطحال عندي,هذه المعلومه ليست صحيحه . يجب الذهاب لطبيب للفحص السريري ومعرفه سبب الامساك وعلاجها,139
ahd5k_04031,808100,graph_train,علم التشريح,Anatomy,كم يعيش المنغولي,في دراسات أخيرة وجد أن متوسط أعمار مرضى ملازمة داون قد ارتفع إلى حوالي ٤٨ سنة، وأن آسباب الوفاة قد تغيرت أيضا ، لتصبح الأسباب التنكسية الصبية هي الأهم.,كم يعيش المنغولي,"في دراسات اخيره وجد ان متوسط اعمار مرضي ملازمه داون قد ارتفع الي حوالي 48 سنه, وان اسباب الوفاه قد تغيرت ايضا , لتصبح الاسباب التنكسيه الصبيه هي الاهم.",167
ahd5k_04034,732751,graph_train,أمراض القلب و الشرايين,Cardiovascular disease,انا شاب عمري 14 عاما احس بالم خفيف في صدري يتغير موضعه منذ اسابيع المرجوا المساعدة,لا دتعي للقلق من كلامك يبدو أن الألم عضلي وغالباً ما يكون السبب إجهاد أو التهاب فيروسي سابق وبالراحة والمسكنات البسيط سيزول,انا شاب عمري 14 عاما احس بالم خفيف في صدري يتغير موضعه منذ اسابيع المرجوا المساعده,لا دتعي للقلق من كلامك يبدو ان الالم عضلي وغالبا ما يكون السبب اجهاد او التهاب فيروسي سابق وبالراحه والمسكنات البسيط سيزول,205
ahd5k_04038,759248,graph_train,حمل الأنابيب,Carry tubes,مرحبا .ساقوم يعماية الانابيب الشهر المقبل اجريت كل الفحوصات الازمة لكن تبين عندي بداية تكيس المابيض هل هذا سبب يفشل العملية وما الذي يمكن فعله من تغذية ليساهم بشكل ايجابي...,لا هذا ليس سبب الفشل للعملية نستطيع ان نتعامل مع مثل هذه المبايض بكل سهولة لا يوجد غذاء معين لزيادة فرص الحمل وانما يجب تناول حبوب حامض الفوليك لسلامة الاجنة نتمنى لك كل التوفيق د.سليمان ضبيط مدير وحدة الاخصاب والوراثة مركز الخالدي الطبي لمزيد من الاستفسار ارجو الاتصال على الارقام التالية telfax:00962 6 4647217 tel:00962 6 4644281 ext:644 mobile: 00962 79 5544688,مرحبا .ساقوم يعمايه الانابيب الشهر المقبل اجريت كل الفحوصات الازمه لكن تبين عندي بدايه تكيس المابيض هل هذا سبب يفشل العمليه وما الذي يمكن فعله من تغذيه ليساهم بشكل ايجابي.,لا هذا ليس سبب الفشل للعمليه نستطيع ان نتعامل مع مثل هذه المبايض بكل سهوله لا يوجد غذاء معين لزياده فرص الحمل وانما يجب تناول حبوب حامض الفوليك لسلامه الاجنه نتمني لك كل التوفيق د.سليمان ضبيط مدير وحده الاخصاب والوراثه مركز الخالدي الطبي لمزيد من الاستفسار ارجو الاتصال علي الارقام التاليه telfax:00962 6 4647217 tel:00962 6 4644281 ext:644 mobile: 00962 79 5544688,538
ahd5k_04045,520299,graph_train,جراحة القلب والشرايين,Cardiovascular surgery,عندي الكلسترول 220 والدهون الثلاثية 320 علما انه لدي ظغط يكون 130/90 هل هاد خطير ويحتاج علاج اقصد،الكلسترول والدهون وشكرا,لا داعي للقلق لكن ينبغي الالتزام بالعلاج الدوائي والحمية والرياضة مع تجنب التدخين، لحين العودة بالشحوم إلى المستوى الطبيعي وبعد التخلص من كل العوامل المرسبة أو المسببة له إن أمكن,"عندي الكلسترول 220 والدهون الثلاثيه 320 علما انه لدي ظغط يكون 130/90 هل هاد خطير ويحتاج علاج اقصد,الكلسترول والدهون وشكرا","لا داعي للقلق لكن ينبغي الالتزام بالعلاج الدوايي والحميه والرياضه مع تجنب التدخين, لحين العوده بالشحوم الي المستوي الطبيعي وبعد التخلص من كل العوامل المرسبه او المسببه له ان امكن",299
ahd5k_04046,734564,graph_train,أمراض الدم,Blood,انخفاض نسبة الهمجلوبين فى الدم,تعني غادة فقر الدم ، وتعالج بتحسين التغذية المتوازنة، وإضافة بعض الخضروات والمواد التي تحتوي على الحديد مثل السبانخ والملوخية واللحم والكبدة.,انخفاض نسبه الهمجلوبين في الدم,"تعني غاده فقر الدم , وتعالج بتحسين التغذيه المتوازنه, واضافه بعض الخضروات والمواد التي تحتوي علي الحديد مثل السبانخ والملوخيه واللحم والكبده.",171
ahd5k_04047,778948,graph_train,تشوهات خلقية,Birth Defect,ابنة خالتى ولدت بدون رحم وهى فى ال 25 من عمرها هل يوج علاج لهذة الحاله بالجراحه,لا يوجد علاج لهذه الحالة.,ابنه خالتي ولدت بدون رحم وهي في ال 25 من عمرها هل يوج علاج لهذه الحاله بالجراحه,لا يوجد علاج لهذه الحاله.,104
ahd5k_04052,578037,graph_train,أمراض باطنية,Esoteric,عملت فحص الفيدال والتيفوئيد وطلعت النسبة 1\160 ولاني مرضعة اخدت علاج وريدي روسفين وما اعطوني السيبروكسين هل ممكن يأثر علي وما يروح بسرعة وك وكمان بعاني من الم بمنطقة تحت...,الفحص دا في خلاف الصراحة لاعتماده في التشخيص ، وبالتالي هاتي اشياء اخرى تثبت اصابتك .. كالحمى التى لا تستجيب للعلاج وخاصة باليل .. او انك بتشربي حليب غير مبستر واكل لحوم غير مطهية جيدا .. ،، او اعملي مزرعة دم أو مزرعة براز,عملت فحص الفيدال والتيفوييد وطلعت النسبه 1\160 ولاني مرضعه اخدت علاج وريدي روسفين وما اعطوني السيبروكسين هل ممكن ياثر علي وما يروح بسرعه وك وكمان بعاني من الم بمنطقه تحت.,"الفحص دا في خلاف الصراحه لاعتماده في التشخيص , وبالتالي هاتي اشياء اخري تثبت اصابتك . كالحمي التي لا تستجيب للعلاج وخاصه باليل . او انك بتشربي حليب غير مبستر واكل لحوم غير مطهيه جيدا . , او اعملي مزرعه دم او مزرعه براز",394
ahd5k_04065,793039,graph_train,علم الأجنة,Embryology,هل يوجد غذاء معين او ادوية تعطي فرصة الانجاب بطفل ذكر بأذن الله ومن ياكلها ( الرجل ام المراة ) ومن المسؤل عن ذلك ، وشكرآ؟,"لقد شغل هذا الموضوع الانسانية على مدى القرون مما ادى الى وضع عدة نظريات كلها لا فائدة منها والطريقة العلمية الوحيدة هي فصل الحيوانات المنوية المذكرة (واي ) وعمل تلقيح صناعي يهذه الحيوانات ونسبة نجاح هذه الطريق في حدود 85 90 % وطبعا اولا واخيرا كل شيء بارادة الله وهناك طريقة اخرى ولكن نسبة نجاحها اقل بكثير ولا تتعدى 60 % وهذا ملخص لهذه الطريقة : دراسة حديثة أثبتت ان تناول وجبة الافطار يزيد من احتمالات انجاب اطفال ذكور . وكانت نسبة الاطفال الذكور عند السيدات اللواتي يتناولن وجبة افطار (حبوب او شوفان) قد بلغت 59% في حين بلغت عند السيدات اللواتي لا يتناولن الافطار 45% هذا اضافة الى ان زيادة كمية الغذاء الذي تتناوله المرأة الى 2413 سعر حراري والذي يجب ان يكون غني بالبوتاسيوم (موزة كبيرة يوميا) والكالسيوم وفيتامين C, E, B12 وحمض الفوليك. ومن الأغذية المفيده في هذا المجال الخضار الطازجة ، الموز ، السمك واللحوم. من الأفضل تجنب الحليب ، الأجبان ، البقوليات ، المكسرات يضاف الى ما سبق عمل دوش مهبلي بكربونات الصودا كما يلي: تضاف ملعقة كبيرة من كربونات الصودا الى 2/1 لتر ماء فاتر وتستعمل دوش مهبلي داخلي في اليوم 11 من بداية الدورة ويحدث جماع بعد ذلك بنصف ساعة ثم يوقف الجماع حتى اليوم 15 من بداية الدورة حيث يكرر استعمال كربونات الصودا كما سبق ويتبعها جماع","هل يوجد غذاء معين او ادويه تعطي فرصه الانجاب بطفل ذكر باذن الله ومن ياكلها ( الرجل ام المراه ) ومن المسول عن ذلك , وشكرا?","لقد شغل هذا الموضوع الانسانيه علي مدي القرون مما ادي الي وضع عده نظريات كلها لا فايده منها والطريقه العلميه الوحيده هي فصل الحيوانات المنويه المذكره (واي ) وعمل تلقيح صناعي يهذه الحيوانات ونسبه نجاح هذه الطريق في حدود 85 90 % وطبعا اولا واخيرا كل شيء باراده الله وهناك طريقه اخري ولكن نسبه نجاحها اقل بكثير ولا تتعدي 60 % وهذا ملخص لهذه الطريقه : دراسه حديثه اثبتت ان تناول وجبه الافطار يزيد من احتمالات انجاب اطفال ذكور . وكانت نسبه الاطفال الذكور عند السيدات اللواتي يتناولن وجبه افطار (حبوب او شوفان) قد بلغت 59% في حين بلغت عند السيدات اللواتي لا يتناولن الافطار 45% هذا اضافه الي ان زياده كميه الغذاء الذي تتناوله المراه الي 2413 سعر حراري والذي يجب ان يكون غني بالبوتاسيوم (موزه كبيره يوميا) والكالسيوم وفيتامين c, e, b12 وحمض الفوليك. ومن الاغذيه المفيده في هذا المجال الخضار الطازجه , الموز , السمك واللحوم. من الافضل تجنب الحليب , الاجبان , البقوليات , المكسرات يضاف الي ما سبق عمل دوش مهبلي بكربونات الصودا كما يلي: تضاف ملعقه كبيره من كربونات الصودا الي 2/1 لتر ماء فاتر وتستعمل دوش مهبلي داخلي في اليوم 11 من بدايه الدوره ويحدث جماع بعد ذلك بنصف ساعه ثم يوقف الجماع حتي اليوم 15 من بدايه الدوره حيث يكرر استعمال كربونات الصودا كما سبق ويتبعها جماع",1280
ahd5k_04067,624844,graph_train,صحة الطفل,Child health,طفلي عمره اربعة اشهر الاحظ بين فتره واخرى ارتعاش يديه وقدميه وعندما امسك بها تتوقف واتركها تعود وترتعش ويجفل طفلي عندما امسك به,قد يكون هناك نقص عناصر لازمه في هذا العمر مثل الكالسيوم الذي يسبب مثل ذالك او فيتامين د= انصح مراجعة الاخصائى لتشخيص السبب واعطاء العلاج المناسب-,طفلي عمره اربعه اشهر الاحظ بين فتره واخري ارتعاش يديه وقدميه وعندما امسك بها تتوقف واتركها تعود وترتعش ويجفل طفلي عندما امسك به,قد يكون هناك نقص عناصر لازمه في هذا العمر مثل الكالسيوم الذي يسبب مثل ذالك او فيتامين د= انصح مراجعه الاخصايي لتشخيص السبب واعطاء العلاج المناسب-,272
ahd5k_04078,771729,graph_train,تشخيص,Diagnosis,ما سبب آلام في الجهة اليمنى من الصدر ويزداد عند السعال بشكل قوي لدرجة أني ألقي نفسي على الارض اتحيانا من شدة الألم من فترة الشهر تقريبا علما ان العظام...,عليك بعمل صورة اشعة ربما هناك مشكلة معينة في عظام القفص الصدري مثل كسر,ما سبب الام في الجهه اليمني من الصدر ويزداد عند السعال بشكل قوي لدرجه اني القي نفسي علي الارض اتحيانا من شده الالم من فتره الشهر تقريبا علما ان العظام.,عليك بعمل صوره اشعه ربما هناك مشكله معينه في عظام القفص الصدري مثل كسر,223
ahd5k_04112,96343,graph_train,أمراض باطنية,Esoteric,السلام عليكم اولا اعاني من الصرع واتلقى العلاج الدائم يوميا حبتين كيبرا / ساينتوباين 200غرام واسبرين اطفال المخفف للدم الامي قوية بالمرارة والكلية لوجود حصى فيهما والحمد لله اخذت العلاج...,اولا بالنسبة للمرارة ان كان بها حص وات فالعلاج هو الاستئصال وان كان غير ذلك فتترك لقرار المريض حسب تحمله للألم و تكراره و عدم التاثير على حياته اليوميه، و بالنسبة لألم الكتف ان فى صورة حرارة فغالبا التهاب أعصاب نتيجة لخشونة بفقرات العنق، مراجعتك للطبيب ستشخص حالتك,السلام عليكم اولا اعاني من الصرع واتلقي العلاج الدايم يوميا حبتين كيبرا / ساينتوباين 200غرام واسبرين اطفال المخفف للدم الامي قويه بالمراره والكليه لوجود حصي فيهما والحمد لله اخذت العلاج.,"اولا بالنسبه للمراره ان كان بها حص وات فالعلاج هو الاستيصال وان كان غير ذلك فتترك لقرار المريض حسب تحمله للالم و تكراره و عدم التاثير علي حياته اليوميه, و بالنسبه لالم الكتف ان في صوره حراره فغالبا التهاب اعصاب نتيجه لخشونه بفقرات العنق, مراجعتك للطبيب ستشخص حالتك",452
ahd5k_04144,373880,graph_train,أرجية حساسية,Allergic allergy,ما هي ادويت الحساسيه التي لا تزيد من الوزن,كلها ماعدا الادويه التي تحتوي على الكورتيزون,ما هي ادويت الحساسيه التي لا تزيد من الوزن,كلها ماعدا الادويه التي تحتوي علي الكورتيزون,86
ahd5k_04154,185958,graph_train,أمراض الأسنان,Dental,قمت بإجراء حشو للأسنان الأمامية، الشكل الخارجي مظبوط لكن من الداخل أشعر بملمس خشن يزعجني هل هذا هو الطبيعي أم علي زيارة الطبيب مجددا ربما لم ينهِ عمله جيدًا؟ شئ...,يجب زيارة الطبيب لتنعيم الحشوه ......يمكن الأكل عليها ولكن لا يجب قطم النواشف عليها حيث أنها من الممكن أن تؤدى لكسرها,"قمت باجراء حشو للاسنان الاماميه, الشكل الخارجي مظبوط لكن من الداخل اشعر بملمس خشن يزعجني هل هذا هو الطبيعي ام علي زياره الطبيب مجددا ربما لم ينه عمله جيدا? شي.",يجب زياره الطبيب لتنعيم الحشوه .يمكن الاكل عليها ولكن لا يجب قطم النواشف عليها حيث انها من الممكن ان تودي لكسرها,280
ahd5k_04177,149998,graph_train,أمراض الأسنان,Dental,فقدان سن هل يمكن ان يبزغ مجددا في عم 15 ونصف؟,يجب فحص الحالة و التأكد من السن الذي تم خلعه هل هو سن دائم أو سن مؤقت مع بقاء مديد .. ان كان سن دائم فلن يتم استبداله و يجب التعويض عنه تجميليا و وظيفيا بزرعة سنية,فقدان سن هل يمكن ان يبزغ مجددا في عم 15 ونصف?,يجب فحص الحاله و التاكد من السن الذي تم خلعه هل هو سن دايم او سن موقت مع بقاء مديد . ان كان سن دايم فلن يتم استبداله و يجب التعويض عنه تجميليا و وظيفيا بزرعه سنيه,208
ahd5k_04190,807849,graph_train,علم التشريح,Anatomy,ماسبب الطبقه البيضاء على السن هل تؤثر على الاسنان اوتسبب سقوط السن,هذه الطبقة هي نوع من التسوس ويجب علاجها من قبل طبيب الآسنان.,ماسبب الطبقه البيضاء علي السن هل توثر علي الاسنان اوتسبب سقوط السن,هذه الطبقه هي نوع من التسوس ويجب علاجها من قبل طبيب الاسنان.,126
ahd5k_04235,789452,graph_train,تشخيص,Diagnosis,اشعر باعراض لم اشعر بها من قبل فالبارحة احسست بوخز في قلبي و اليوم عندما اتنفس اتنفس بصعوبة مع الم شديد في الصدر من جهة القلب كالسكين الحاد مع العلم...,ننصح باجراء فحص طبي للوقوف على تفاصيل أكثر لتوضيح اذا ما كان هناك سبب عضوي يتعلق بالتهاب القصبات أو تحسس يُسبب ضيق التنفس والأجهاد الناجم عنه يؤدي إلى تشنج العضلات الوربية وبالتالي الألم,اشعر باعراض لم اشعر بها من قبل فالبارحه احسست بوخز في قلبي و اليوم عندما اتنفس اتنفس بصعوبه مع الم شديد في الصدر من جهه القلب كالسكين الحاد مع العلم.,ننصح باجراء فحص طبي للوقوف علي تفاصيل اكثر لتوضيح اذا ما كان هناك سبب عضوي يتعلق بالتهاب القصبات او تحسس يسبب ضيق التنفس والاجهاد الناجم عنه يودي الي تشنج العضلات الوربيه وبالتالي الالم,337
ahd5k_04249,757965,graph_train,أمراض الدم,Blood,E.s.r. 1 st h.= 6 mm { up to 20 mm/hour } 2 nd h. = 13 mm t.s.h. = 1.40 { 0.3 - 4.2 uiu / mj } free...,اجبتك على السؤال,e.s.r. 1 st h.= 6 mm { up to 20 mm/hour } 2 nd h. = 13 mm t.s.h. = 1.40 { 0.3 - 4.2 uiu / mj } free.,اجبتك علي السوال,118
ahd5k_04258,30925,graph_train,أمراض الغدد الصماء,Endocrine,عندكسل غده واخذت علاج اثيروكس 25 رجعت بعدها وحللت الحمدلله نزلت ورجعت للمعدل الطبيعي بعدها بشهرين قاعده اشوفها وصلت 3:11 وبعد 4شهور وصلت3:92 هل هذايعني خلاص استمرعلى الحبوب؟,استمري على العلاج من دون توقف واعيدي التحليل كل ستة اشهر لضبط الجرعة,عندكسل غده واخذت علاج اثيروكس 25 رجعت بعدها وحللت الحمدلله نزلت ورجعت للمعدل الطبيعي بعدها بشهرين قاعده اشوفها وصلت 3:11 وبعد 4شهور وصلت3:92 هل هذايعني خلاص استمرعلي الحبوب?,استمري علي العلاج من دون توقف واعيدي التحليل كل سته اشهر لضبط الجرعه,241
ahd5k_04262,294776,graph_train,أمراض باطنية,Esoteric,اعاني من فرط نشاط الغدة الدرقية ( ملتهبة) كيف اعالجها . و ما هي العشبة المفيدة في هذه الحالة -اشرب الدواء basdéne منذ 4 أشهر,انصحك بمتابعة العلاج عند طبيب امراض الغدد الصم، و الإلتزام بالعلاج.,اعاني من فرط نشاط الغده الدرقيه ( ملتهبه) كيف اعالجها . و ما هي العشبه المفيده في هذه الحاله -اشرب الدواء basdéne منذ 4 اشهر,"انصحك بمتابعه العلاج عند طبيب امراض الغدد الصم, و الالتزام بالعلاج.",191
ahd5k_04265,654548,graph_train,أمراض القلب و الشرايين,Cardiovascular disease,عندي ضيق تنفس وبنفس الوقت معه صداع قوي وخفقان في القلب,اختي الكريمة اعراض ارهاق حاولي اخذ قسط من الراحة و سلامتك,عندي ضيق تنفس وبنفس الوقت معه صداع قوي وخفقان في القلب,اختي الكريمه اعراض ارهاق حاولي اخذ قسط من الراحه و سلامتك,111
ahd5k_04277,391739,graph_train,صحة الطفل,Child health,طفلي عمرة سبعة اشهر وقد لاحظت وجود مخاط في برازه فهل من الممكن ان يكون بسبب البلغم وكان سابقا قد اعطاه الطبيب دواء طارد للبلغم,نعم ممكن من البلغم.سلامته,طفلي عمره سبعه اشهر وقد لاحظت وجود مخاط في برازه فهل من الممكن ان يكون بسبب البلغم وكان سابقا قد اعطاه الطبيب دواء طارد للبلغم,نعم ممكن من البلغم.سلامته,151
ahd5k_04279,662414,graph_train,صحة الطفل,Child health,ابني عمره 4 سنوات يعاني التاتاة رغم ذكائه وفطنته ارجوا ان اجد الحل عندكم,طبيعي في هذا العمر و تختفي مع الوقت,ابني عمره 4 سنوات يعاني التاتاه رغم ذكايه وفطنته ارجوا ان اجد الحل عندكم,طبيعي في هذا العمر و تختفي مع الوقت,107
ahd5k_04323,527406,graph_train,أمراض باطنية,Esoteric,السلام عليكم .دائما القولون به انتفاخات ودائما امساك وتزداد هذة الاعراض مع التوتر. او المشاكل وتكون علي العكس تماما في حالة الهدو النفسي وما اقلها للحظات ....ما العلاج لذلك,اعصاب البطن والقولون--المفيد اكل الخضار والفاكهة و الدواء عند اللزوم,السلام عليكم .دايما القولون به انتفاخات ودايما امساك وتزداد هذه الاعراض مع التوتر. او المشاكل وتكون علي العكس تماما في حاله الهدو النفسي وما اقلها للحظات .ما العلاج لذلك,اعصاب البطن والقولون--المفيد اكل الخضار والفاكهه و الدواء عند اللزوم,240
ahd5k_04335,337004,graph_train,أمراض الغدد الصماء,Endocrine,في موضوع خمول الغدة الدرقية ..هل عندما تعود الغدة الى وظيفتها الطبيعةبعد الخمول يعود الوزن كم كان قبل حدوث الخمول ؟ ارجو الجواب..,نعم يعود الوزن الي طبيعته,في موضوع خمول الغده الدرقيه .هل عندما تعود الغده الي وظيفتها الطبيعهبعد الخمول يعود الوزن كم كان قبل حدوث الخمول ? ارجو الجواب.,نعم يعود الوزن الي طبيعته,154
ahd5k_04342,492275,graph_train,أمراض الغدد الصماء,Endocrine,"السلام عليكم . أعاني من فرط نشاط الغدة الدرقية , وأخذ ادويتي بانتظام وكمان أخذ فيتامين د كل شهر حبة . هل أستطيع أخذ فيتامينات مثل فيتامين ب،أ، الاوميغا 3...",نعم. ممكن اخذ فيتامينات اخرى. لا مانع,"السلام عليكم . اعاني من فرط نشاط الغده الدرقيه , واخذ ادويتي بانتظام وكمان اخذ فيتامين د كل شهر حبه . هل استطيع اخذ فيتامينات مثل فيتامين ب,ا, الاوميغا 3.",نعم. ممكن اخذ فيتامينات اخري. لا مانع,193
ahd5k_04347,353044,graph_train,أرجية حساسية,Allergic allergy,هل حليب الماعز لا يسبب حساسية مثل حليب البقر ؟,يسبب حساسيه لان يوجد تشابه بين بروتين حليب الماعز والبقر بنسبة عاليه,هل حليب الماعز لا يسبب حساسيه مثل حليب البقر ?,يسبب حساسيه لان يوجد تشابه بين بروتين حليب الماعز والبقر بنسبه عاليه,114
ahd5k_04352,102236,graph_train,أمراض القلب و الشرايين,Cardiovascular disease,عمري 21 عملت ايكو كان الحمد لله كان كويس ماعدا ان كان فيه mild mitral valve proplapse with trivial MR انا متوترة جدا من الموضوع ده و خايفة يزيد مع...,احيانا يطلق علي ارتجاع الصمام الميترالي اللي في حالتك وصف (( إرتخاء الصمام الميترالي)) ، ويقدر وجوده بين البشر بأن تقريبا من ٢٠- ٢٥ في المائة عندهم درجة من درجات إرتخاء الصمام الميترالي، ويكثر حدوثه في الإناث أكثر من الذكور ، لكن عكس الذكور درجة الارتخاء تقل مع تقدم العمر وزيادة الوزن في الإناث ، عموما درجة االارتجاع عندك متوسطة أو أقل ، فلا قلق بتاتا ، وكما قلت هو مجرد تطاول وارتخاء في شرفات الصمام ، نصيحتي الهدوء لان ليس هناك اي قلق ، وانصح بعمل الايكو كل عام أم أو حتي عامين لمعرفة درجة الارتجاع وارتخاء الصمام,عمري 21 عملت ايكو كان الحمد لله كان كويس ماعدا ان كان فيه mild mitral valve proplapse with trivial mr انا متوتره جدا من الموضوع ده و خايفه يزيد مع.,"احيانا يطلق علي ارتجاع الصمام الميترالي اللي في حالتك وصف (( ارتخاء الصمام الميترالي)) , ويقدر وجوده بين البشر بان تقريبا من 20- 25 في المايه عندهم درجه من درجات ارتخاء الصمام الميترالي, ويكثر حدوثه في الاناث اكثر من الذكور , لكن عكس الذكور درجه الارتخاء تقل مع تقدم العمر وزياده الوزن في الاناث , عموما درجه االارتجاع عندك متوسطه او اقل , فلا قلق بتاتا , وكما قلت هو مجرد تطاول وارتخاء في شرفات الصمام , نصيحتي الهدوء لان ليس هناك اي قلق , وانصح بعمل الايكو كل عام ام او حتي عامين لمعرفه درجه الارتجاع وارتخاء الصمام",666
ahd5k_04356,662197,graph_train,أمراض الأسنان,Dental,لدي ضرسان عقل معكوسان واحد في. الطرف اليمين ولاخر في الطرف اليسار يسببان لي صداع هل يلزم ازالتهم,في حال وجود اتجاه معكوس او عدم وجود مساحه كافيه لضرس العقل و يسبب اﻻم بدردات متفاوته ننصح عاده بخلع ضروس العقل و عليك مراجعه طبيبك او اخصائي جراحه وجه و فكين,لدي ضرسان عقل معكوسان واحد في. الطرف اليمين ولاخر في الطرف اليسار يسببان لي صداع هل يلزم ازالتهم,في حال وجود اتجاه معكوس او عدم وجود مساحه كافيه لضرس العقل و يسبب اﻻم بدردات متفاوته ننصح عاده بخلع ضروس العقل و عليك مراجعه طبيبك او اخصايي جراحه وجه و فكين,253
ahd5k_04373,285150,graph_train,أمراض الغدد الصماء,Endocrine,ولد ف عمر 17 سنة وقرب لل18 حجمه صغير جدا وتقريبا هناك تاخر ف الادراك نصحونا نذهب لاخصائي غدد صماء لانو احتمال يكون نقص في growth hormone,راجع الاخصائي غدد الصماء سلامات,ولد ف عمر 17 سنه وقرب لل18 حجمه صغير جدا وتقريبا هناك تاخر ف الادراك نصحونا نذهب لاخصايي غدد صماء لانو احتمال يكون نقص في growth hormone,راجع الاخصايي غدد الصماء سلامات,167
ahd5k_04382,778481,graph_train,الطب البديل,Alternative medicine,اعاني من الم في المعده حال جلوسي من النوم صباحا وقبل اكل اي شيئ وكما تعلمون ان الان شهر رمضان فما هو الحل؟,تناولي احد الأدوية المثبطة لافراز الحمض مثل اوميبرازول قبل النوم تحياتي,اعاني من الم في المعده حال جلوسي من النوم صباحا وقبل اكل اي شيي وكما تعلمون ان الان شهر رمضان فما هو الحل?,تناولي احد الادويه المثبطه لافراز الحمض مثل اوميبرازول قبل النوم تحياتي,177
ahd5k_04408,777288,graph_train,علم النبات,Botany,ما اعاني منه ليس ترهل بل زيادة في الوزن متراكمة في منطقة الارداف فهل هناك اعشاب ممكن ان تساعدني حيث اعلم فائدة الاعشاب عن الادوية,السبع زيوت لمنع ترهل الثدي والبطن والارداف ... زيوت من الأعشاب الطبيعية يعمل على شد تلك الخلايا المترهلة بسرعة عجيبة وتعيد لها حيويتها وجمالها دلك منطقة البطن او منطقة الارداف بزيت السبع زيوت بحركات دائرية الاسفل للاعلي الصاعدة إلى أعلى ولمدة ربع ساعة مرة يوميا لمدة شهر . النتيجة : وستلاحظ ان جسدك قد عادت اليه نظارته وحيويته وزال الترهل مكونات الوصفة 1- زيت الهندبة (الهندباء) 2 – زيت الشاي الأخضر. 3- زيت زيتون . 4- زيت المرمية او زيت اكليل الجبل 5- زيت البابونج 6- زيت السعتر 7- زيت الحلبة . طريقة التحضير 1-اخلط المكونات متساوية الكميات من الزيوت السبعة جيدا وضعيها في زجاجة محكمة. 2- دلك المنطقة المترهلة كما في طريقة الاستعمال مرة يوميا. طريقة الإستعمال : دلك المنطقة المترهلة (الثدي او البطن او الارداف) بزيتالسبع زيوت بحركات دائرية من أسفل لاعلي ملاحظة هذه الوصفة تفيد الترهل ايضا لمنطقة البطن والارداف والطريقة بنفس الاسلوب تدليك دائري للمنطقة المترهلة بعد حمام دافئ.,ما اعاني منه ليس ترهل بل زياده في الوزن متراكمه في منطقه الارداف فهل هناك اعشاب ممكن ان تساعدني حيث اعلم فايده الاعشاب عن الادويه,السبع زيوت لمنع ترهل الثدي والبطن والارداف . زيوت من الاعشاب الطبيعيه يعمل علي شد تلك الخلايا المترهله بسرعه عجيبه وتعيد لها حيويتها وجمالها دلك منطقه البطن او منطقه الارداف بزيت السبع زيوت بحركات دايريه الاسفل للاعلي الصاعده الي اعلي ولمده ربع ساعه مره يوميا لمده شهر . النتيجه : وستلاحظ ان جسدك قد عادت اليه نظارته وحيويته وزال الترهل مكونات الوصفه 1- زيت الهندبه (الهندباء) 2 – زيت الشاي الاخضر. 3- زيت زيتون . 4- زيت المرميه او زيت اكليل الجبل 5- زيت البابونج 6- زيت السعتر 7- زيت الحلبه . طريقه التحضير 1-اخلط المكونات متساويه الكميات من الزيوت السبعه جيدا وضعيها في زجاجه محكمه. 2- دلك المنطقه المترهله كما في طريقه الاستعمال مره يوميا. طريقه الاستعمال : دلك المنطقه المترهله (الثدي او البطن او الارداف) بزيتالسبع زيوت بحركات دايريه من اسفل لاعلي ملاحظه هذه الوصفه تفيد الترهل ايضا لمنطقه البطن والارداف والطريقه بنفس الاسلوب تدليك دايري للمنطقه المترهله بعد حمام دافي.,1006
ahd5k_04414,383417,graph_train,أرجية حساسية,Allergic allergy,ظهر عندي دوائر حمراء بين الفخذين مع حكة شديدة ايه سببها,عدة أسباب منها الاحتكاك في الجو الحار والرطوبة اكزيما الاحتكاك من ملابس نايلون التهاب فطري,ظهر عندي دواير حمراء بين الفخذين مع حكه شديده ايه سببها,عده اسباب منها الاحتكاك في الجو الحار والرطوبه اكزيما الاحتكاك من ملابس نايلون التهاب فطري,145
ahd5k_04431,637222,graph_train,إسعاف أولي,First aid,كيف نجهز دولاب الطواري,1. إختر دولاب صغير خفيف الوزن وسهل النقل ويكفي من وجهة نظرك لكل ما تحتاج إليه ويجب أن يكون مقاوم للماء قدر المستطاع حتى يتسنى لك أخذه في الرحلات خارج المنزل 2. تأكد من أن الدولاب يحتوي على المعدات الطبية الأولية بأعداد وأحجام مناسبة منها الشاش والضمادات كما يجب أن تحتوي على مطهر وأربطة طبية وضمادات لاصقة ومضادات الهستامين وقفازات ومرهم مضاد حيوي ومرهم مضاد للحروق ومضاد لحساسية الجلد ومقص وملقاط وخافض للحرارة مثل الأسبرين 3. يجب ان يحتوي الصندوق على بعض الأدوية للأمراض الخاصة مثل الحساسية وبعض الأدوية التي تمثل أي طارئ بالنسبة للعائلة تم وصفها بواسطة الطبيب 4. يجب أن تقوم بتقسيم دولاب الإسعاف,كيف نجهز دولاب الطواري,1. اختر دولاب صغير خفيف الوزن وسهل النقل ويكفي من وجهه نظرك لكل ما تحتاج اليه ويجب ان يكون مقاوم للماء قدر المستطاع حتي يتسني لك اخذه في الرحلات خارج المنزل 2. تاكد من ان الدولاب يحتوي علي المعدات الطبيه الاوليه باعداد واحجام مناسبه منها الشاش والضمادات كما يجب ان تحتوي علي مطهر واربطه طبيه وضمادات لاصقه ومضادات الهستامين وقفازات ومرهم مضاد حيوي ومرهم مضاد للحروق ومضاد لحساسيه الجلد ومقص وملقاط وخافض للحراره مثل الاسبرين 3. يجب ان يحتوي الصندوق علي بعض الادويه للامراض الخاصه مثل الحساسيه وبعض الادويه التي تمثل اي طاري بالنسبه للعايله تم وصفها بواسطه الطبيب 4. يجب ان تقوم بتقسيم دولاب الاسعاف,620
ahd5k_04444,484235,graph_train,صحة الطفل,Child health,طفلي عمر سنتين يعاني من سيلان الانف باستمرار وبالليل تتقفل نهاي مايقدر يتنفس اعطيناهو علاجات مضاد حيوي دون فايده,جرب بخاخات الماء والملح.وفي حال عدم التحسن لابد من عرضه على اخصائي الاطفال.رجاء لاتعطي اي مضاد حيوي دون وصفة طبية.المضاد الحيوي ليس علاجاً لفتح الأنف!!!!,طفلي عمر سنتين يعاني من سيلان الانف باستمرار وبالليل تتقفل نهاي مايقدر يتنفس اعطيناهو علاجات مضاد حيوي دون فايده,جرب بخاخات الماء والملح.وفي حال عدم التحسن لابد من عرضه علي اخصايي الاطفال.رجاء لاتعطي اي مضاد حيوي دون وصفه طبيه.المضاد الحيوي ليس علاجا لفتح الانف!,265
ahd5k_04451,804198,graph_train,علم التشريح,Anatomy,ما علاج ضعف الانتصاب مع العلم انني امارس العادة السرية منذ عشر سنوات؟,توقف عن العادة السرية و عليك بالتغذية السليمة و المقويات و يمكنك استشارة الطبيب لتناول الفياغرا,ما علاج ضعف الانتصاب مع العلم انني امارس العاده السريه منذ عشر سنوات?,توقف عن العاده السريه و عليك بالتغذيه السليمه و المقويات و يمكنك استشاره الطبيب لتناول الفياغرا,164
ahd5k_04468,801217,graph_train,تشخيص,Diagnosis,اما انا مند شهر تقريبا ظهري يؤلمني بشدة و خصوصا الجزء الاعلى من الجهة اليسرى و احس صدري كتيار مفاجئ يدهب بسرعة و ياتي على فترات افدوني و اشكركم مقدما,ينصح لك بصورة اشعة للعنق، هذه العلامات تشير الى انزلاق غضروفي عنقي (في الرقبة) غالبا بين الخامسة و السادسة العنقية العلاج الطبيعي مفيد لك كذلك مرخيات العضلات، السباحة,اما انا مند شهر تقريبا ظهري يولمني بشده و خصوصا الجزء الاعلي من الجهه اليسري و احس صدري كتيار مفاجي يدهب بسرعه و ياتي علي فترات افدوني و اشكركم مقدما,"ينصح لك بصوره اشعه للعنق, هذه العلامات تشير الي انزلاق غضروفي عنقي (في الرقبه) غالبا بين الخامسه و السادسه العنقيه العلاج الطبيعي مفيد لك كذلك مرخيات العضلات, السباحه",315
ahd5k_04473,22465,graph_train,الطب البديل,Alternative medicine,ما فوائد زيت الحنظل للمفاصل؟ وأود الاستفسار كيف يستعمل الحنظل لعلاج المفاصل؟,يستخرج زيت الحنظل من نبات الحنظل الصحراوي، ويعتقد أنه يساهم بالفعل في علاج بعض اضطرابات المفاصل وألم المفاصل، ومن فوائد زيت الحنظل للمفاصل أبين لك الآتي: الحد من التهاب المفاصل. التخفيف من ألم المفاصل. خفض سرعة تطور الأمراض المزمنة التي تؤدي إلى تلف المفاصل. زيادة معدل حركة المفصل. الوقاية من بعض أمراض المفاصل. أنصحك في جميع الأحوال باستشارة الطبيب قبل البدء باستخدام زيت الحنظل لعلاج ألم المفاصل أو التهاب المفاصل للتأكد من عدم وجود تعارض بين الأدوية الموصوفة من قبل الطبيب وزيت الحنظل. أما حول طريقة استخدام الحنظل لعلاج المفاصل فتتم على النحو الآتي: تطبيق زيت الحنظل على المنطقة المصابة 2-3 مرات يوميًا. تدليك المنطقة حتى يتم امتصاص الزيت عبر الجلد. التوقف المباشر عن استخدام زيت الحنظل في حال ملاحظة ظهور أي من علامات الحساسية أو الطفح الجلدي. تجنب دخول زيت الحنظل إلى الفم أو العينين. للمزيد: ما هي أسباب التهاب المفاصل وطرق الوقاية؟ ما هي علامات وأعراض التهاب المفاصل؟,ما فوايد زيت الحنظل للمفاصل? واود الاستفسار كيف يستعمل الحنظل لعلاج المفاصل?,"يستخرج زيت الحنظل من نبات الحنظل الصحراوي, ويعتقد انه يساهم بالفعل في علاج بعض اضطرابات المفاصل والم المفاصل, ومن فوايد زيت الحنظل للمفاصل ابين لك الاتي: الحد من التهاب المفاصل. التخفيف من الم المفاصل. خفض سرعه تطور الامراض المزمنه التي تودي الي تلف المفاصل. زياده معدل حركه المفصل. الوقايه من بعض امراض المفاصل. انصحك في جميع الاحوال باستشاره الطبيب قبل البدء باستخدام زيت الحنظل لعلاج الم المفاصل او التهاب المفاصل للتاكد من عدم وجود تعارض بين الادويه الموصوفه من قبل الطبيب وزيت الحنظل. اما حول طريقه استخدام الحنظل لعلاج المفاصل فتتم علي النحو الاتي: تطبيق زيت الحنظل علي المنطقه المصابه 2-3 مرات يوميا. تدليك المنطقه حتي يتم امتصاص الزيت عبر الجلد. التوقف المباشر عن استخدام زيت الحنظل في حال ملاحظه ظهور اي من علامات الحساسيه او الطفح الجلدي. تجنب دخول زيت الحنظل الي الفم او العينين. للمزيد: ما هي اسباب التهاب المفاصل وطرق الوقايه? ما هي علامات واعراض التهاب المفاصل?",952
ahd5k_04477,795318,graph_train,أمراض القلب و الشرايين,Cardiovascular disease,هل هناك علاقة بين سوفان الرقبة وأرتفاع ضغط الدم؟,لا يوجد علاقة مباشرة بين ارتفاع ضغط الدم و الانزلاقات الغضروفية العنقية,هل هناك علاقه بين سوفان الرقبه وارتفاع ضغط الدم?,لا يوجد علاقه مباشره بين ارتفاع ضغط الدم و الانزلاقات الغضروفيه العنقيه,119
ahd5k_04480,268180,graph_train,أرجية حساسية,Allergic allergy,السلام عليكم انا لدي حساسية الصدر من الصغر وكان عمر 7 اشهر والان استخدم السيروتايد القرص لاكن اشعر باختناق وعدم السعادة والراحة في الصدر اشعر بأن الهواء لا يدخل,ابداي العلاج له عن طريق طبيب حساسيه اوصدريه بعد الكشف عنه وعمل تحليل الحساسه RAST and IgE يوجد علاج مناعي نهائي للحساسيه اذا عرف السبب,السلام عليكم انا لدي حساسيه الصدر من الصغر وكان عمر 7 اشهر والان استخدم السيروتايد القرص لاكن اشعر باختناق وعدم السعاده والراحه في الصدر اشعر بان الهواء لا يدخل,ابداي العلاج له عن طريق طبيب حساسيه اوصدريه بعد الكشف عنه وعمل تحليل الحساسه rast and ige يوجد علاج مناعي نهايي للحساسيه اذا عرف السبب,294
ahd5k_04490,654959,graph_train,أمراض الغدد الصماء,Endocrine,انا عندي قضيبي صغير هل هذه بسبب متعلق بهرمون الذكوره علما انا عمري 17 ويوجد شعر على الارجل والابط ولايوجد على الشارب وبدي اعرف اذا كان السبب متعلق بلهرمون كيفيه...,يجب اجراء الفحص السريري و الفحوصات المخبرية لتحديد السبب ثم العلاج,انا عندي قضيبي صغير هل هذه بسبب متعلق بهرمون الذكوره علما انا عمري 17 ويوجد شعر علي الارجل والابط ولايوجد علي الشارب وبدي اعرف اذا كان السبب متعلق بلهرمون كيفيه.,يجب اجراء الفحص السريري و الفحوصات المخبريه لتحديد السبب ثم العلاج,229
ahd5k_04492,777106,graph_train,تشوهات خلقية,Birth Defect,يوجد عندي التصاق في الاصابع القدم الصبع الثاني و الثالث هل انجب اطفال بنفس تشوه قدمي,ليس بالضرورة.,يوجد عندي التصاق في الاصابع القدم الصبع الثاني و الثالث هل انجب اطفال بنفس تشوه قدمي,ليس بالضروره.,97
ahd5k_04509,776306,graph_train,تشوهات خلقية,Birth Defect,هل الكحول بالنسبة للمرأة الحامل تزيد من نسبة أصابة الجنين بتشوهات خلقية؟ و ماهي الادوية التي يحظر على المرأة الحامل تعاطيهالأنها قد تؤدي ألى حدوث بعض التشوهات الخلقية؟,نعم الكحول مضر بالوليد ولا ينصح به أثناء الحمل. كما أن هناك أدوية أخرى مضرة أثناء الحمل مثل مضادات الصرع، ويجب التأكد قبل تناول الدواء واستشارة طبيب النسائية المشرف على الحمل.,هل الكحول بالنسبه للمراه الحامل تزيد من نسبه اصابه الجنين بتشوهات خلقيه? و ماهي الادويه التي يحظر علي المراه الحامل تعاطيهالانها قد تودي الي حدوث بعض التشوهات الخلقيه?,"نعم الكحول مضر بالوليد ولا ينصح به اثناء الحمل. كما ان هناك ادويه اخري مضره اثناء الحمل مثل مضادات الصرع, ويجب التاكد قبل تناول الدواء واستشاره طبيب النساييه المشرف علي الحمل.",342
ahd5k_04517,444954,graph_train,أمراض باطنية,Esoteric,مدي وجع أسفل البطن بعد التبول وبعد مرات التبرز لما انتهي من عمليه التبول ومرات من التبرز يجيني وجع أسفل البطن قد يدوم مرات لحد ست ساعة وأحس بدوخه ما...,الأعراض التي تشكين منها عديدة وأسبابها كذلك كثيرة منها التهاب المسالك البولية أو وجود الحصى أو الرمل بهذه المسالك ومنها القولون العصابي، لذا لا بد من مراجعة أخصائي أمراض باطنية لتقويم حالتك وعمل الفحوصات الطبية اللازمة ومن ثم المعالجة الناجعة.,مدي وجع اسفل البطن بعد التبول وبعد مرات التبرز لما انتهي من عمليه التبول ومرات من التبرز يجيني وجع اسفل البطن قد يدوم مرات لحد ست ساعه واحس بدوخه ما.,"الاعراض التي تشكين منها عديده واسبابها كذلك كثيره منها التهاب المسالك البوليه او وجود الحصي او الرمل بهذه المسالك ومنها القولون العصابي, لذا لا بد من مراجعه اخصايي امراض باطنيه لتقويم حالتك وعمل الفحوصات الطبيه اللازمه ومن ثم المعالجه الناجعه.",394
ahd5k_04533,772185,graph_train,جراحة القلب والشرايين,Cardiovascular surgery,السلام عليكم هل القسطره القلبيه خطره ؟ سواء كانت للتشخيص او العلاج,عادة لا تشكل خطر خاصة إذا ما تم اتباع أسلوب مهني صحيح وأغلب المخاطر والمضاعفات الرئيسية لقسطرة القلب الأيسر لا تتجاوز 1 إلى 2 ٪. وتشمل: النزف، والمضاعفات الوعائية، واِحْتِشَاءُ عَضَلِ القَلْب ، والحَادِث الوِعائيٌّ الدِمَاغِيّ ، والحساسية على الوسط التَبايُنِيّ ، والوفاة والعوامل التي يمكن أن تزيد من المخاطر تشمل السن، وإصابة الجِذْع الرئيسي الأيسر أو إصابة الأوعية التاجية الثلاثة، والفشل القلبي اللامُعاوَض ، وتضيق الأبهر الشديد، والسكري، والفشل الكلوي، وحَادِث وِعائيّ دِمَاغِيّ سابق.,السلام عليكم هل القسطره القلبيه خطره ? سواء كانت للتشخيص او العلاج,"عاده لا تشكل خطر خاصه اذا ما تم اتباع اسلوب مهني صحيح واغلب المخاطر والمضاعفات الرييسيه لقسطره القلب الايسر لا تتجاوز 1 الي 2 ٪. وتشمل: النزف, والمضاعفات الوعاييه, واحتشاء عضل القلب , والحادث الوعايي الدماغي , والحساسيه علي الوسط التبايني , والوفاه والعوامل التي يمكن ان تزيد من المخاطر تشمل السن, واصابه الجذع الرييسي الايسر او اصابه الاوعيه التاجيه الثلاثه, والفشل القلبي اللامعاوض , وتضيق الابهر الشديد, والسكري, والفشل الكلوي, وحادث وعايي دماغي سابق.",555
ahd5k_04546,476124,graph_train,صحة الطفل,Child health,دكتور ما رأيكم في مصاصة الاطفال (لهاية)..؟؟؟ شكرا,ولاً،لنتحدث عن الفوائد المحتملة لاستخدام اللهاية: 1- قد تهدئ من بكاء الطفل،وتلهيه إن كان يتألم مثلاً عن سبب الألم 2- قد تساعده على النوم 3- قد تقلل من خطر التعرض لموت الرضع المفاجئ ثانياً ، المخاطر المحتملة : 1- استخدامها المبكر قد يؤثر على الرضاعة الطبيعية 2- قد يعتاد الطفل عليها إلى درجة أنه سوف يبكي كلما سقطت من فمه 3- قد تزيد من خطر الإصابة بالتهابات الأذن الوسطى 4- استخدامها لفترات طويلة قد يؤثر على نمو الأسنان بشكل سليم,دكتور ما رايكم في مصاصه الاطفال (لهايه).? شكرا,"ولا,لنتحدث عن الفوايد المحتمله لاستخدام اللهايه: 1- قد تهدي من بكاء الطفل,وتلهيه ان كان يتالم مثلا عن سبب الالم 2- قد تساعده علي النوم 3- قد تقلل من خطر التعرض لموت الرضع المفاجي ثانيا , المخاطر المحتمله : 1- استخدامها المبكر قد يوثر علي الرضاعه الطبيعيه 2- قد يعتاد الطفل عليها الي درجه انه سوف يبكي كلما سقطت من فمه 3- قد تزيد من خطر الاصابه بالتهابات الاذن الوسطي 4- استخدامها لفترات طويله قد يوثر علي نمو الاسنان بشكل سليم",478
ahd5k_04566,806434,graph_train,علم التشريح,Anatomy,كيف يتم الفحص للعصب المبهم؟و هل الفحص يبين كافه اختلالات العصب المبهم؟وهل هنالك دوء له اذا وجد اختلال به؟,العصب المبهم او الحائر او الغامض او الرئوي – المعدي يبدأ من الرأس ويغذي الاعضاء الواقعة بين منشئه ونهايته في الجزء المستعرض للامعاء الغليظة ( القولون )ويتحكم في سرعة دقات القلب وفي حركة الامعاء الغليظة والدقيقة ويسيطر على عملية النطق وعملية التعرق وعلى العضلات الارادية في منطقة البلعوم ، ويغذي الرئتين والمعدة .,كيف يتم الفحص للعصب المبهم?و هل الفحص يبين كافه اختلالات العصب المبهم?وهل هنالك دوء له اذا وجد اختلال به?,"العصب المبهم او الحاير او الغامض او الريوي – المعدي يبدا من الراس ويغذي الاعضاء الواقعه بين منشيه ونهايته في الجزء المستعرض للامعاء الغليظه ( القولون )ويتحكم في سرعه دقات القلب وفي حركه الامعاء الغليظه والدقيقه ويسيطر علي عمليه النطق وعمليه التعرق وعلي العضلات الاراديه في منطقه البلعوم , ويغذي الريتين والمعده .",417
ahd5k_04576,679451,graph_train,علم التشريح,Anatomy,هل يمكنكم شرح طريقة تفجير الصدر؟,بزل الصدر (المعروف أيضا باسم تفجير الصدر) هو إجراء لإزالة سائل أو هواء من غشاء الجنب لأغراض تشخيصية أو علاجية. هو ادخال قنية، أو إبرة مجوفة، في القفص الصدري، بعد إعطاء تخدير موضعي. ويمكنك متابعة الموضوع مع تنسيقية دمشق,هل يمكنكم شرح طريقه تفجير الصدر?,"بزل الصدر (المعروف ايضا باسم تفجير الصدر) هو اجراء لازاله سايل او هواء من غشاء الجنب لاغراض تشخيصيه او علاجيه. هو ادخال قنيه, او ابره مجوفه, في القفص الصدري, بعد اعطاء تخدير موضعي. ويمكنك متابعه الموضوع مع تنسيقيه دمشق",250
ahd5k_04583,10876,graph_train,أمراض الدم,Blood,هل البيض والشوكولاته والكاكاو والبيض والبقوليات والمكسرات والتين يمنعون امتصاص الحديد؟! ما الاطعمة الغنية بالحديد؟ وما يمنع امتصاص الحديد لفتاة عمرها ١٤ مستوى الحديد 15 والمخزون 5 وفيتامين د 6...,غالبا اهتمامك بالاكل إللى قلتى عليه هو السبب فى نقص الحديد وهناك أسباب أخرى كتيرة لازم نعرف منك معلومات كتير للمساعده فى إيجاد السبب عندك,هل البيض والشوكولاته والكاكاو والبيض والبقوليات والمكسرات والتين يمنعون امتصاص الحديد?! ما الاطعمه الغنيه بالحديد? وما يمنع امتصاص الحديد لفتاه عمرها 14 مستوي الحديد 15 والمخزون 5 وفيتامين د 6.,غالبا اهتمامك بالاكل اللي قلتي عليه هو السبب في نقص الحديد وهناك اسباب اخري كتيره لازم نعرف منك معلومات كتير للمساعده في ايجاد السبب عندك,332
ahd5k_04611,722968,graph_train,أمراض الغدد الصماء,Endocrine,اعاني من مشكلة انقطاع الطمث لمدة شهرين كل مرة اي غير منتظمة و عندما زرت اخصائي قال ان عندي مشكلة نقص هرمونات هل يمكن وصف علاج لهذه الحالة مع العلم...,التقيم بحاجة الى اخذ تاريخ مرضي واضح ومن ثم الفحص السريري واخيرا عمل الفحوصات المخبرية والصورالشعاعية ومن ثم العلاج,اعاني من مشكله انقطاع الطمث لمده شهرين كل مره اي غير منتظمه و عندما زرت اخصايي قال ان عندي مشكله نقص هرمونات هل يمكن وصف علاج لهذه الحاله مع العلم.,التقيم بحاجه الي اخذ تاريخ مرضي واضح ومن ثم الفحص السريري واخيرا عمل الفحوصات المخبريه والصورالشعاعيه ومن ثم العلاج,264
ahd5k_04612,765842,graph_train,الطب البديل,Alternative medicine,هل يوجد حل لعلاج الشيب المبكر ؟ هل خلطة الريحان و الروزماري مفيدة للتخلص من الشيب؟,"لشيب (الشعر الأبيض) ظهور الشيب عملية فسيولوجية تحدث عادة عند التقدم في العمر. وذلك عندما لا تستطيع الخلايا الملونة التي تفرز مادة الميلانين (والتي تعطي الشعرة اللون) الاستمرار في نشاطها، إذ تفقد الشعرة لونها وتصبح بيضاء وهذا ما يسمى ""بالشيب"". إن ظهور الشيب على شعر الرأس أو الوجه لا يعني مطلقاً التقدم بالسن فقد يظهر قبل البلوغ أو بعد ذلك نتيجة ظروف معينة. كما أن الاستعداد الشخصي والعوامل النفسية والوراثية لهما أثر مهم في ظهور الشيب المبكر. ويجب الإشارة بأن بعض حالات الشيب المبكر تكون مؤقتة، إذ قد تعاود الخلايا الملونة نشاطها مرة أخرى خاصة بعد زوال المؤثر وبالتالي يعود لون الشعر إلى وضعه العادي ويحدث هذا أحياناً في أمراض الحميات ومرض الثعلبة. أما إذا كان المؤثر على الخلايا الأم (الكيراتينوسايتس) التي تنتج الخلايا الملونة، فإن فرصة إعادة تلوين الشعر مرة أخرى تكاد تكون معدومة إذ تستمر الشعرة فاقدة لونها. والأسباب متعددة وهي :العامل الوراثي والعامل النفسي والتوتر العصبي والصدمة العصبية، والهزال والضعف البدني ونقص بعض العناصر الغذائية مثل النحاس والزنك وحامض الفوليك وفيتامين ب المركب وامراض الجهاز الهضمي واورام خبيثة في الجهاز الهضمي وفقر الدم والتعرض لحرارة عالية والأمراض المزمنة المعدية مثل الملاريا والتدرن والتهابات اللثة والأسنان المتكررة وامراض فروة الرأس والقشرة والهرمونات والبهاق والعلاج هو: يعتمد العلاج على معرفة السبب ومن ثم علاجه . أما الشيب بسبب تقدم العمر فليس له علاج الا الصبغات.",هل يوجد حل لعلاج الشيب المبكر ? هل خلطه الريحان و الروزماري مفيده للتخلص من الشيب?,"لشيب (الشعر الابيض) ظهور الشيب عمليه فسيولوجيه تحدث عاده عند التقدم في العمر. وذلك عندما لا تستطيع الخلايا الملونه التي تفرز ماده الميلانين (والتي تعطي الشعره اللون) الاستمرار في نشاطها, اذ تفقد الشعره لونها وتصبح بيضاء وهذا ما يسمي ""بالشيب"". ان ظهور الشيب علي شعر الراس او الوجه لا يعني مطلقا التقدم بالسن فقد يظهر قبل البلوغ او بعد ذلك نتيجه ظروف معينه. كما ان الاستعداد الشخصي والعوامل النفسيه والوراثيه لهما اثر مهم في ظهور الشيب المبكر. ويجب الاشاره بان بعض حالات الشيب المبكر تكون موقته, اذ قد تعاود الخلايا الملونه نشاطها مره اخري خاصه بعد زوال الموثر وبالتالي يعود لون الشعر الي وضعه العادي ويحدث هذا احيانا في امراض الحميات ومرض الثعلبه. اما اذا كان الموثر علي الخلايا الام (الكيراتينوسايتس) التي تنتج الخلايا الملونه, فان فرصه اعاده تلوين الشعر مره اخري تكاد تكون معدومه اذ تستمر الشعره فاقده لونها. والاسباب متعدده وهي :العامل الوراثي والعامل النفسي والتوتر العصبي والصدمه العصبيه, والهزال والضعف البدني ونقص بعض العناصر الغذاييه مثل النحاس والزنك وحامض الفوليك وفيتامين ب المركب وامراض الجهاز الهضمي واورام خبيثه في الجهاز الهضمي وفقر الدم والتعرض لحراره عاليه والامراض المزمنه المعديه مثل الملاريا والتدرن والتهابات اللثه والاسنان المتكرره وامراض فروه الراس والقشره والهرمونات والبهاق والعلاج هو: يعتمد العلاج علي معرفه السبب ومن ثم علاجه . اما الشيب بسبب تقدم العمر فليس له علاج الا الصبغات.",1389
ahd5k_04616,793031,graph_train,علم الأجنة,Embryology,ماهية الاغذية التي تعد منشطة جنسين ، والمفضلة لنشاط الحيوان المنوي ، وشكرآ؟,"التفاح .. إذا كان التفاح يغني عن الذهاب إلى الطبيب فإنه قد يغني أيضاً عن الفراق و الخصام لأنه يحتوي على مادة \""الكيرستين\"" التي تقاوم تراكم الكوليسترول الضار على جدران الأوعية الدموية فتسهم بالتالي في تنشيط الدورة الدموية و تجديد حيوية الجسم. الأسماك الدهنية ..الأسماك الدهنية مثل التونا و السالمون والماكريل تحتوي على الأحماض الأمينية \""أوميجا 3\"" التي تزيد من الخصوبة و الطاقة، كما تحتوي على المغنيسيوم الذي يعمل على توازن الهرمونات و راحة عضلة القلب و زيادة حيوية الجسم لأنه يزيد من إفراز هرمون التسترون كما تحتوي تلك الأسماك على الزنك المهم لزيادة الخصوبة و الطاقة. اللحوم ..لا تبتعد عن اللحوم الحمراء و لكن تناول منها القليل الذي يزيد من الحيوية والطاقة والرغبة، كما أن اللحوم الحمراء غنية بالفيتامينات مثل فيتامين \""ب6\"" و\""ب21\"" وهي تنظم الهرمونات وخصوصاً مستويات هرمون \""التيسترون\""، كما أنها تحتوي على مقادير من الزنك. الشوكولاته .. ارتبطت الشوكولاته بالحب والغرام وأصبح كل حبيب يحرص على إهداء حبيبته قطعة من الشيكولاته تذوب في فمها فيذوب معها وجداً و هياماً.. و تحتفظ جولييت بغلاف الشيكولاته التي أهداها لها حبيبها الغالي.. و في الحقيقة فإن الشيكولاته وخصوصاً السمراء أو الداكنة غنية بالمغنيسيوم الذي يفيد النساء والفتيات في التقليل من أعراض ما قبل الدورة الشهرية كما تحتوي أيضاً على حمض أميني يسمى \""الفينيل ألانين\"" الذي يفيد في رفع الروح المعنوية وتحسين المزاج و زيادة الشوق والحب. العدس .. مصدر غني بالبروتين النباتي يزود الجسم بالطاقة و يزيد من الرغبة في الحب لذلك إذا شعرت ببرود عواطف زوجك أو حبيب القلب أدعيه إلى وليمة من العدس فالعدس غني بالمعادن التي تزيد الرغبة مثل المنجنيز والزنك والكالسيوم و المغنيسيوم .. تلك العناصر التي تزود الجسم بالطاقة اللازمة. وأخيرا لا ننسى عسل ملكات النحل الذي يساعد على بناء خلايا جديدة في الجسم ومنها المنويات، وكذلك الجينسينغ وهذه قائمة بالأطعمة التي تساعد أيضا: المسك: يتم استخدامه لتنشيط القوى الحيوية والتناسلية. الثوم : يعتبر عاملاً رئيساً فى زيادة فاعلية القدرة الجنسية. البصل: أكل البصل يزيد من نسبة المنى وله تأثير هورمونى يشبه الهورمون الذكرى تماماً. - القمح: طبخ القمح باللبن والمكسرات يزيد من الطاقة الجنسية بنسبة كبيرة. - الموز: يقوى العضو لاحتوائه على فيتامين ه. - الزنجبيل: يستخدم كمنشط للطاقة الجنسية. - حبة البركة: تحتوى على الكثير من الهورمونات الجنسية المنشطة وترفع فاعلية الإخصاب. - التمر: غنى جداً بالفوسفور الذى يعتبر الغذاء الأساسى للخلايا التناسلية ويقلل من الإصابة بالإنهاك الجنسى، اى التعب السريع عند ممارسة الجنس. - الحلبة: تعمل على تدفئة الأعضاء التناسلية. - الحمص: أكل الحمص مخلوطاً بالعسل علاج قديم ومعروف للضعف الجنسى. - التوت: يزيد ورق التوت من وزن الحويصلات المنوية لما له من تأثير هرمونى. - الشبت: يعالج الأورام فى الأعضاء التناسلية. - الكرفس: وضع الكرفس على عصير الجزر يجعله يعمل كمنشط جنسى فعال. - العود: يستخدم زيت العود كمهيج جنسى خاصة إذا تم استعماله مع زيت الكهرمان. - القرنفل: يزيد القدرة الجنسية بإضافة مسحوقه للبن، ويشرب على الريق. - جوز الطيب: منبه جنسى قوى ولكن كثرة استخدامه لها تأثير غدمانى بحيث يعتمد عليه الجسم فى كل مرة تحدث فيها العملية الجنسية. - الزعفران: يقوى الجهاز العصبى المركزى ويفيد فى حالات الضعف الجنسى. - الكاكاو: يضاف للحليب ويشرب كمنشط جنسى فعال. - بذر الكتان: يخفف من آلام التهاب البروستاتة التى قد تعوق إتمام العملية الجنسية.","ماهيه الاغذيه التي تعد منشطه جنسين , والمفضله لنشاط الحيوان المنوي , وشكرا?","التفاح . اذا كان التفاح يغني عن الذهاب الي الطبيب فانه قد يغني ايضا عن الفراق و الخصام لانه يحتوي علي ماده \""الكيرستين\"" التي تقاوم تراكم الكوليسترول الضار علي جدران الاوعيه الدمويه فتسهم بالتالي في تنشيط الدوره الدمويه و تجديد حيويه الجسم. الاسماك الدهنيه .الاسماك الدهنيه مثل التونا و السالمون والماكريل تحتوي علي الاحماض الامينيه \""اوميجا 3\"" التي تزيد من الخصوبه و الطاقه, كما تحتوي علي المغنيسيوم الذي يعمل علي توازن الهرمونات و راحه عضله القلب و زياده حيويه الجسم لانه يزيد من افراز هرمون التسترون كما تحتوي تلك الاسماك علي الزنك المهم لزياده الخصوبه و الطاقه. اللحوم .لا تبتعد عن اللحوم الحمراء و لكن تناول منها القليل الذي يزيد من الحيويه والطاقه والرغبه, كما ان اللحوم الحمراء غنيه بالفيتامينات مثل فيتامين \""ب6\"" و\""ب21\"" وهي تنظم الهرمونات وخصوصا مستويات هرمون \""التيسترون\"", كما انها تحتوي علي مقادير من الزنك. الشوكولاته . ارتبطت الشوكولاته بالحب والغرام واصبح كل حبيب يحرص علي اهداء حبيبته قطعه من الشيكولاته تذوب في فمها فيذوب معها وجدا و هياما. و تحتفظ جولييت بغلاف الشيكولاته التي اهداها لها حبيبها الغالي. و في الحقيقه فان الشيكولاته وخصوصا السمراء او الداكنه غنيه بالمغنيسيوم الذي يفيد النساء والفتيات في التقليل من اعراض ما قبل الدوره الشهريه كما تحتوي ايضا علي حمض اميني يسمي \""الفينيل الانين\"" الذي يفيد في رفع الروح المعنويه وتحسين المزاج و زياده الشوق والحب. العدس . مصدر غني بالبروتين النباتي يزود الجسم بالطاقه و يزيد من الرغبه في الحب لذلك اذا شعرت ببرود عواطف زوجك او حبيب القلب ادعيه الي وليمه من العدس فالعدس غني بالمعادن التي تزيد الرغبه مثل المنجنيز والزنك والكالسيوم و المغنيسيوم . تلك العناصر التي تزود الجسم بالطاقه اللازمه. واخيرا لا ننسي عسل ملكات النحل الذي يساعد علي بناء خلايا جديده في الجسم ومنها المنويات, وكذلك الجينسينغ وهذه قايمه بالاطعمه التي تساعد ايضا: المسك: يتم استخدامه لتنشيط القوي الحيويه والتناسليه. الثوم : يعتبر عاملا رييسا في زياده فاعليه القدره الجنسيه. البصل: اكل البصل يزيد من نسبه المني وله تاثير هورموني يشبه الهورمون الذكري تماما. - القمح: طبخ القمح باللبن والمكسرات يزيد من الطاقه الجنسيه بنسبه كبيره. - الموز: يقوي العضو لاحتوايه علي فيتامين ه. - الزنجبيل: يستخدم كمنشط للطاقه الجنسيه. - حبه البركه: تحتوي علي الكثير من الهورمونات الجنسيه المنشطه وترفع فاعليه الاخصاب. - التمر: غني جدا بالفوسفور الذي يعتبر الغذاء الاساسي للخلايا التناسليه ويقلل من الاصابه بالانهاك الجنسي, اي التعب السريع عند ممارسه الجنس. - الحلبه: تعمل علي تدفيه الاعضاء التناسليه. - الحمص: اكل الحمص مخلوطا بالعسل علاج قديم ومعروف للضعف الجنسي. - التوت: يزيد ورق التوت من وزن الحويصلات المنويه لما له من تاثير هرموني. - الشبت: يعالج الاورام في الاعضاء التناسليه. - الكرفس: وضع الكرفس علي عصير الجزر يجعله يعمل كمنشط جنسي فعال. - العود: يستخدم زيت العود كمهيج جنسي خاصه اذا تم استعماله مع زيت الكهرمان. - القرنفل: يزيد القدره الجنسيه باضافه مسحوقه للبن, ويشرب علي الريق. - جوز الطيب: منبه جنسي قوي ولكن كثره استخدامه لها تاثير غدماني بحيث يعتمد عليه الجسم في كل مره تحدث فيها العمليه الجنسيه. - الزعفران: يقوي الجهاز العصبي المركزي ويفيد في حالات الضعف الجنسي. - الكاكاو: يضاف للحليب ويشرب كمنشط جنسي فعال. - بذر الكتان: يخفف من الام التهاب البروستاته التي قد تعوق اتمام العمليه الجنسيه.",3116
ahd5k_04620,791837,graph_train,تشخيص,Diagnosis,انافتاه وعمري 24 ويوجد بجسمي شعرحيث ان جسمي وشكلي لاتوجد علئ اثار الانوثه وملامح وجهي تميل للرجوله حتي احساسي اتجه البنات يكون غريب والكل ينتقدني اني لست انثي حيث ان...,اولا وقبل كل شيء لا بد من عمل تحليل شامل للهرمونات وتصوير سونار للرحم والمبايض للتأكد من سلامتها وقد تحتاجين على عمل تحليل كروموزومات ايضا وانصح باستشارة طبيب امراض نفيسة باسرع وقت والتنسيق معه بشأن ما تشعرية على ان ينسق هو بدوره مع طبيب امراض النساء وهذا امر مهم جدا لا يجب تأجيله,انافتاه وعمري 24 ويوجد بجسمي شعرحيث ان جسمي وشكلي لاتوجد علي اثار الانوثه وملامح وجهي تميل للرجوله حتي احساسي اتجه البنات يكون غريب والكل ينتقدني اني لست انثي حيث ان.,اولا وقبل كل شيء لا بد من عمل تحليل شامل للهرمونات وتصوير سونار للرحم والمبايض للتاكد من سلامتها وقد تحتاجين علي عمل تحليل كروموزومات ايضا وانصح باستشاره طبيب امراض نفيسه باسرع وقت والتنسيق معه بشان ما تشعريه علي ان ينسق هو بدوره مع طبيب امراض النساء وهذا امر مهم جدا لا يجب تاجيله,449
ahd5k_04623,400326,graph_train,إسعاف أولي,First aid,تناول طفلي حبه امادول tramadol كيف اسعفه ؟,محاولة اخراج ما بلعه او اعطاءه كوب من الماء المالح لمساعدته ع الاستفراغ والاسراع به للمستشفي لتبطين جدار المعدة,تناول طفلي حبه امادول tramadol كيف اسعفه ?,محاوله اخراج ما بلعه او اعطاءه كوب من الماء المالح لمساعدته ع الاستفراغ والاسراع به للمستشفي لتبطين جدار المعده,153
ahd5k_04630,667359,graph_train,أمراض القلب و الشرايين,Cardiovascular disease,هل احمرار لون الرجل سببه تصلب الشرايين,لا الاحمرار طبيعي بسبب ارتفاع الحرارة او لون البشره ومن الممكن ان يكون مرضي بسبب مرض الالتهاب الخلوي او الحمره المصاحبه لمرض السكري واذا صاحب ذلك تورم باحد الرجلين دون الاخري يجب وضع احتمال جلطة الاورده العميقه اما تصلب الشرايين فاعراضه الالم مع المشي وفي الحالات الشديدة التحول للون الازرق فالاسود وضمر الجلد والاظافر والغرغرينه,هل احمرار لون الرجل سببه تصلب الشرايين,لا الاحمرار طبيعي بسبب ارتفاع الحراره او لون البشره ومن الممكن ان يكون مرضي بسبب مرض الالتهاب الخلوي او الحمره المصاحبه لمرض السكري واذا صاحب ذلك تورم باحد الرجلين دون الاخري يجب وضع احتمال جلطه الاورده العميقه اما تصلب الشرايين فاعراضه الالم مع المشي وفي الحالات الشديده التحول للون الازرق فالاسود وضمر الجلد والاظافر والغرغرينه,367
ahd5k_04633,409102,graph_train,أمراض باطنية,Esoteric,جرح مصاب بفيروس الكبد بي ضغط على الجرح بقطنه تخلص منها مباشرة ثم صافحه شخص بيديه دون غسيلها هل تنتقل العدوى اذا كان هنالك جرح بسيط بيد الشخص الاخر ؟,انتقال العدوى لفيروس الكبد الوبائي بي بهذه الطريقة ممكن,جرح مصاب بفيروس الكبد بي ضغط علي الجرح بقطنه تخلص منها مباشره ثم صافحه شخص بيديه دون غسيلها هل تنتقل العدوي اذا كان هنالك جرح بسيط بيد الشخص الاخر ?,انتقال العدوي لفيروس الكبد الوبايي بي بهذه الطريقه ممكن,203
ahd5k_04642,703679,graph_train,صحة الطفل,Child health,طفلي عنده46 يوم مولود بالصفرا 7 واردت ان اقوم بطهارته وكانت نسبة السيولة والتجلط bleeding time 1:43 ciotting time 4:05 فكتب له الدكتور قبل طهارته فيتامين بوليفيتال نقط كم نقطة...,من 5-10 نقط يوميا حسب هل هو وقائياو علاجي,طفلي عنده46 يوم مولود بالصفرا 7 واردت ان اقوم بطهارته وكانت نسبه السيوله والتجلط bleeding time 1:43 ciotting time 4:05 فكتب له الدكتور قبل طهارته فيتامين بوليفيتال نقط كم نقطه.,من 5-10 نقط يوميا حسب هل هو وقايياو علاجي,219
ahd5k_04648,139259,graph_train,أمراض الأسنان,Dental,سلام عليكم باختصار انا مركبة فك كامل زراعة وتركيب الا اني ارى انتفاخ بسيط في خد ابسر علما اني لا اعاني من اي الم فما السبب لو سمحت,يجب اجراء صورة اشعة بانورامية لتشخيص المشكلة,سلام عليكم باختصار انا مركبه فك كامل زراعه وتركيب الا اني اري انتفاخ بسيط في خد ابسر علما اني لا اعاني من اي الم فما السبب لو سمحت,يجب اجراء صوره اشعه بانوراميه لتشخيص المشكله,174
ahd5k_04651,519067,graph_train,صحة الطفل,Child health,س ع ابني عمرة ٢ سنةونصف ارتفعت حرارته وتقيا مراتان جسمه نحلان اعطية مضاد حيوي وخافض حرارة لكن تنزل حرارتة لفترة ثم تعود لترتفع عندة مغص في بطنة في بعض...,سلامته.من الذي صرف له المضاد الحيوي وماذا كان تشخيصه؟,س ع ابني عمره 2 سنهونصف ارتفعت حرارته وتقيا مراتان جسمه نحلان اعطيه مضاد حيوي وخافض حراره لكن تنزل حرارته لفتره ثم تعود لترتفع عنده مغص في بطنه في بعض.,سلامته.من الذي صرف له المضاد الحيوي وماذا كان تشخيصه?,206
ahd5k_04654,288628,graph_train,أرجية حساسية,Allergic allergy,السلام عليكم من فتره صار جسمي ايحكني لحتاه وشي ايدي كل جسمي,لابد من معرفة سبب الحكه او الارتكاريا عن طريق عمل فحوصات الحساسيه للجو والاكل بالاضافه بعض التحاليل مثل جرثومة المعده والغده الدرقيه ووظائف الكبد والكلى,السلام عليكم من فتره صار جسمي ايحكني لحتاه وشي ايدي كل جسمي,لابد من معرفه سبب الحكه او الارتكاريا عن طريق عمل فحوصات الحساسيه للجو والاكل بالاضافه بعض التحاليل مثل جرثومه المعده والغده الدرقيه ووظايف الكبد والكلي,211
ahd5k_04679,760150,graph_train,علم التشريح,Anatomy,السلام عليكم ورحمة الله وبركاتة لو سمحتو أنا حابه تساعدوني في طرح مواضيع في علم التشريح لتقديم رسالة الماجستير .. وشكرا,لقد حظي التشريح في عمل القاموس بنصيب الأسد، وعليك البحث عن أي مصطلح تشريحي ، ويمكن الإجابة على أي سؤال!,السلام عليكم ورحمه الله وبركاته لو سمحتو انا حابه تساعدوني في طرح مواضيع في علم التشريح لتقديم رساله الماجستير . وشكرا,"لقد حظي التشريح في عمل القاموس بنصيب الاسد, وعليك البحث عن اي مصطلح تشريحي , ويمكن الاجابه علي اي سوال!",222
ahd5k_04697,767175,graph_train,الطب البديل,Alternative medicine,السلام عليكم ..انا متزوجة وعمري 29 سنة ولدي ثلاثة اطفال اعاني من الدوالي في ساق قدمي بدت الدوالي عندي وانا حامل بالطفل الثاني وازدادت مع حملي في الطفل الثالث ....,دوالي الساقين : هي تضخم الأوردة السطحية وقد تحدث في أي مكان من الجسم ولكنها أكثر انتشارا في الساقين . الأسباب متعددة : الوراثة ، تقدم العمر ،الحمل ، السمنة الزائدة ، الوقوف أو الجلوس على الكرسي لفترة طويلة ، ضعف صماكات الأوردة. ++ نصائح يمكن اتياعها تعمل على تقليلها أو اختفائها ، وهي : --ممارسة الرياضة لتنشيط الدورة الدموية .--انقاص الوزن .-- تجنب انتعال الحذاء ذي الكعب العالي أو الذي بدون كعب .---التمدد ورفع الساقين لمستوى أعلى من الجسم ---تجنب الوقوف أو الجلوس لمدة طويلة .-- تجنب الاستحمام بماء ساخن العلاج : 1-- تنفيذ النصائح السابقة وتناول علاج بسيط مثل فينوروتون 2--اغلاق الوريد بحقن مادة خاصة (اسكليروثيرابي)فيرغم الدم على المرور في وريد آخر. 3--استئصال الأوردة الصغيرة المتفرعة من الوريد المصلب. 4-- استئصال الوريد المصاب نفسه 5-- جراحة النظار . 6--وافضل طريقة هي العلاج بالليزر حيث أثبتت الأبحاث العالمية نجاحا يفوق الجراحات الأخرى .وه تقوم على تدمير الوريد الرئيسي وهو الوريد الصافن وتعمل على اغلاقه فيمنع عودة الدم وعودته .وفي مثل حالتك وتدعى الشعيرات العنكبوتية فالعلاج بالليزرأثبت نتائجا ممتازة ونسبة مرتفعة من النجاح ، وهي سهلة وآمنة لجميع أنواع البشرة . ومسحها بالخل لا يفيدها واستعماله لفترة طويلة يضر بالجلد.,السلام عليكم .انا متزوجه وعمري 29 سنه ولدي ثلاثه اطفال اعاني من الدوالي في ساق قدمي بدت الدوالي عندي وانا حامل بالطفل الثاني وازدادت مع حملي في الطفل الثالث .,"دوالي الساقين : هي تضخم الاورده السطحيه وقد تحدث في اي مكان من الجسم ولكنها اكثر انتشارا في الساقين . الاسباب متعدده : الوراثه , تقدم العمر ,الحمل , السمنه الزايده , الوقوف او الجلوس علي الكرسي لفتره طويله , ضعف صماكات الاورده. ++ نصايح يمكن اتياعها تعمل علي تقليلها او اختفايها , وهي : --ممارسه الرياضه لتنشيط الدوره الدمويه .--انقاص الوزن .-- تجنب انتعال الحذاء ذي الكعب العالي او الذي بدون كعب .---التمدد ورفع الساقين لمستوي اعلي من الجسم ---تجنب الوقوف او الجلوس لمده طويله .-- تجنب الاستحمام بماء ساخن العلاج : 1-- تنفيذ النصايح السابقه وتناول علاج بسيط مثل فينوروتون 2--اغلاق الوريد بحقن ماده خاصه (اسكليروثيرابي)فيرغم الدم علي المرور في وريد اخر. 3--استيصال الاورده الصغيره المتفرعه من الوريد المصلب. 4-- استيصال الوريد المصاب نفسه 5-- جراحه النظار . 6--وافضل طريقه هي العلاج بالليزر حيث اثبتت الابحاث العالميه نجاحا يفوق الجراحات الاخري .وه تقوم علي تدمير الوريد الرييسي وهو الوريد الصافن وتعمل علي اغلاقه فيمنع عوده الدم وعودته .وفي مثل حالتك وتدعي الشعيرات العنكبوتيه فالعلاج بالليزراثبت نتايجا ممتازه ونسبه مرتفعه من النجاح , وهي سهله وامنه لجميع انواع البشره . ومسحها بالخل لا يفيدها واستعماله لفتره طويله يضر بالجلد.",1291
ahd5k_04701,245947,graph_train,أمراض القلب و الشرايين,Cardiovascular disease,انا اعاني من دوخة خاصة اثناء المشي وفي بعض الاحيان ضيق تنفس كما انني اعاني من مشكل اثناء بداية النوم لانها تنتابني الدوخة وتسارع في ضربات القلب ارجوكم افيدوني وشكرا,كثير من الفتيات يعانن من هذه الأعراض وذلك نتيجة انخفاض الضغط وبالتالي ارتفاع نبضات القلب والشعور بالدوخة والإجهاد وينصح بتناول وجبة الإفطار والإكثار من السوائل والأملاح .. ألف سلامة,انا اعاني من دوخه خاصه اثناء المشي وفي بعض الاحيان ضيق تنفس كما انني اعاني من مشكل اثناء بدايه النوم لانها تنتابني الدوخه وتسارع في ضربات القلب ارجوكم افيدوني وشكرا,كثير من الفتيات يعانن من هذه الاعراض وذلك نتيجه انخفاض الضغط وبالتالي ارتفاع نبضات القلب والشعور بالدوخه والاجهاد وينصح بتناول وجبه الافطار والاكثار من السوايل والاملاح . الف سلامه,345
ahd5k_04706,274111,graph_train,أمراض القلب و الشرايين,Cardiovascular disease,اشعر بالم عند الاستيقاظ فى الكليتين من النوم و عندما اتنفس يزيد الالم .. و بعد الاستيقاظ و التبول و شرب الماء يختفى الالم .. كل يوم اشعر بذلك ارجو...,الف سلامة انصحك بعمل تحليل بول و نسبة يوريك اسيد و سونار على البطن و الحوض مبدئيا و من ثم مراجعة طبيب مسالك و الاكثار من شرب الماء,اشعر بالم عند الاستيقاظ في الكليتين من النوم و عندما اتنفس يزيد الالم . و بعد الاستيقاظ و التبول و شرب الماء يختفي الالم . كل يوم اشعر بذلك ارجو.,الف سلامه انصحك بعمل تحليل بول و نسبه يوريك اسيد و سونار علي البطن و الحوض مبدييا و من ثم مراجعه طبيب مسالك و الاكثار من شرب الماء,279
ahd5k_04728,796682,graph_train,أمراض باطنية,Esoteric,بين فترة وأخرى قد تصل لثلاثه اسابيع فقط وبشكل مفاجئ اشعر بأعراض مماثله تماما لأعراض النزله المعويه مع وجود ألم في الجهه اليمنى من الظهر والبطن يتسلل للرجل اليمنى كلما...,الام البطني يحمل قائمة من الاسباب، ولكن في حال وجود الم قولنجي(مغص) يترردد بشكل متقطع مع الم نازل للطرفين السفليين واحيانا للمنطقة التناسلية يمكن التوجه نحو اصابات الجهاز البولي خاصة التهابات المسالك البولية ولابد من اجراء بعض الفحوصات والتحاليل بمراجعة الطبيب للوقوف على السبب,بين فتره واخري قد تصل لثلاثه اسابيع فقط وبشكل مفاجي اشعر باعراض مماثله تماما لاعراض النزله المعويه مع وجود الم في الجهه اليمني من الظهر والبطن يتسلل للرجل اليمني كلما.,"الام البطني يحمل قايمه من الاسباب, ولكن في حال وجود الم قولنجي(مغص) يترردد بشكل متقطع مع الم نازل للطرفين السفليين واحيانا للمنطقه التناسليه يمكن التوجه نحو اصابات الجهاز البولي خاصه التهابات المسالك البوليه ولابد من اجراء بعض الفحوصات والتحاليل بمراجعه الطبيب للوقوف علي السبب",446
ahd5k_04733,327643,graph_train,أرجية حساسية,Allergic allergy,السلام عليكم عندي حكة في جميع مناطق الجسم منذو 6 اشهر رغم اني اسعملت جميع لادويه دون فائده,ارتكاريا او شريه ولها عدة اسباب منها حساسيه بسبب عثة الفراش او الزرع او اطعمه ومنها ماله اسباب اخرى تتعلق بامراض الكبد والكلى لابد من مراجعة طبيب,السلام عليكم عندي حكه في جميع مناطق الجسم منذو 6 اشهر رغم اني اسعملت جميع لادويه دون فايده,ارتكاريا او شريه ولها عده اسباب منها حساسيه بسبب عثه الفراش او الزرع او اطعمه ومنها ماله اسباب اخري تتعلق بامراض الكبد والكلي لابد من مراجعه طبيب,235
ahd5k_04735,803507,graph_train,علم الأجنة,Embryology,هل فايروس السايتو ميقالو يسبب تشوهات للجنين لأني حاملة للمرض وثلاث مرات أحمل ويتوفى الجنين عند الشهر الثالث والخامس و في السادس وكان به تشوهات تضخم الكلى وسائل في االبطن...,اذا كنت مجرد حاملة للمرض فلا يوجد تأثير ولكن هذا الفيروس قد ينشط في اي وقت لذا لا بد من عمل تحليل CMV IgM بصفة دورية خاصة اثناء الحمل وبمجرد تحول التحليل الى ايجابي يجب استعمال العلاج في الحال لأن الفيروس النشط يسبب بالفعل تشوهات للجنين,هل فايروس السايتو ميقالو يسبب تشوهات للجنين لاني حامله للمرض وثلاث مرات احمل ويتوفي الجنين عند الشهر الثالث والخامس و في السادس وكان به تشوهات تضخم الكلي وسايل في االبطن.,اذا كنت مجرد حامله للمرض فلا يوجد تاثير ولكن هذا الفيروس قد ينشط في اي وقت لذا لا بد من عمل تحليل cmv igm بصفه دوريه خاصه اثناء الحمل وبمجرد تحول التحليل الي ايجابي يجب استعمال العلاج في الحال لان الفيروس النشط يسبب بالفعل تشوهات للجنين,408
ahd5k_04739,808347,graph_train,علم التشريح,Anatomy,ما هي الوظيفة الاساسية لجذع الدماغ ومما يتكون وما هي العلاقة بينه وبين الاخدعين وهل هناك حالات موت دماغي شفيت ام ان الامر مستحيل,وهو ذو شكل مخروطي ويصل بين الجسر من فوق والنخاع الشوكي تحته.ويوجد على سطحه الأمامي أخدود ناصف وعلى كل جانب إنتفاخ يدعى الهرم . وتتكون الهرمين من حزم من الألياف العصبية التي تأتي من خلايا عصبية عريضة في التلفيف قبل المركزي.ووراء الهرم يكون هناك إرتفاع يسمى الزيتونة تتكون من الأنوية الزيتونية تحتها وخلف الزيتونة تكون السويقة المخيخية التي تصل إلى المخيخ. تصدر منه الأعصاب القحفية 9،10،11،12. وفيه مراكز عصبية أخرى تتحكم في وظائف أعضاء الجسم : تنظيم التنفس، تنظيم القلب، السعال والعطاس، توسيع وتضييق الأوعية الدموية، البلع والتقيؤ والمعدة ومراكز ردود الفعل. أما الأخدعين فهما فروع من الشريان الرقبي ولا علاقة لهما بجذع الدماغ. من جهة أخرى الموت الدماغي يعني عدم وجود موجات كهربائية في تخطيط الدماغ الكهربائي. وقد تحصل المعجزات، ولكنها ليست قانوناً.,ما هي الوظيفه الاساسيه لجذع الدماغ ومما يتكون وما هي العلاقه بينه وبين الاخدعين وهل هناك حالات موت دماغي شفيت ام ان الامر مستحيل,"وهو ذو شكل مخروطي ويصل بين الجسر من فوق والنخاع الشوكي تحته.ويوجد علي سطحه الامامي اخدود ناصف وعلي كل جانب انتفاخ يدعي الهرم . وتتكون الهرمين من حزم من الالياف العصبيه التي تاتي من خلايا عصبيه عريضه في التلفيف قبل المركزي.ووراء الهرم يكون هناك ارتفاع يسمي الزيتونه تتكون من الانويه الزيتونيه تحتها وخلف الزيتونه تكون السويقه المخيخيه التي تصل الي المخيخ. تصدر منه الاعصاب القحفيه 9,10,11,12. وفيه مراكز عصبيه اخري تتحكم في وظايف اعضاء الجسم : تنظيم التنفس, تنظيم القلب, السعال والعطاس, توسيع وتضييق الاوعيه الدمويه, البلع والتقيو والمعده ومراكز ردود الفعل. اما الاخدعين فهما فروع من الشريان الرقبي ولا علاقه لهما بجذع الدماغ. من جهه اخري الموت الدماغي يعني عدم وجود موجات كهرباييه في تخطيط الدماغ الكهربايي. وقد تحصل المعجزات, ولكنها ليست قانونا.",875
ahd5k_04742,470731,graph_train,أمراض القلب و الشرايين,Cardiovascular disease,كنت احس من قبل بدقات قلب مفاجاة و انتهت وحدها و اليوم احسست ان قلبي المني و كان 20 ابرة دخلوا قلبي,يجب عليك زياره طبيب القلب وتركيب جهاز هولتر علي مدار ٢٤ ساعه للتأكد من انتظام ضربات القلب لديك ..اما بالنسبه لالم القلب فلا استطيع تفريده هنا لعدم دقه وصفك له هل هو في منتصف الصدر ؟ ام للجهه اليسري او اليمني ؟؟ هل له علاقه بالمجهود او الاكل ..ما مده استمراره وماذا يذهبه ؟؟ اسئله كثيره ..يجب عليك زياره اقرب طبيب لديك,كنت احس من قبل بدقات قلب مفاجاه و انتهت وحدها و اليوم احسست ان قلبي المني و كان 20 ابره دخلوا قلبي,يجب عليك زياره طبيب القلب وتركيب جهاز هولتر علي مدار 24 ساعه للتاكد من انتظام ضربات القلب لديك .اما بالنسبه لالم القلب فلا استطيع تفريده هنا لعدم دقه وصفك له هل هو في منتصف الصدر ? ام للجهه اليسري او اليمني ? هل له علاقه بالمجهود او الاكل .ما مده استمراره وماذا يذهبه ? اسيله كثيره .يجب عليك زياره اقرب طبيب لديك,415
ahd5k_04751,734419,graph_train,أمراض باطنية,Esoteric,شعرت بيوم عند الاستيقاظ من النوم بدوخة وايدى ورجلى مثلجة وعند ذهابى الى المشفى تم قياس الضغط وجد انه 160/120 مرتفع فتم اخذ نصف قرص تحت اللسان لتقليل الضغط ومعا...,يجب عمل دراسة من خلال المتابعة مع طبيب لمعرفة ما اذا كنت تعاني من الضغط العالي ام ان ما حصل هو عرضي وبالتأكيد يجدب عمل فحوصات من خلال الطبيب لها علاقة بالضغط العالي اذا تأكد انك تعاني من الضغط العالي فالرياضة ضرورية والمحافظة على الوزن المثالي والاكل المتوازن البعيد عن ملح الطعام لكن كل هذا رهن بالمتابعة ودراسة وضعك وضغطك,شعرت بيوم عند الاستيقاظ من النوم بدوخه وايدي ورجلي مثلجه وعند ذهابي الي المشفي تم قياس الضغط وجد انه 160/120 مرتفع فتم اخذ نصف قرص تحت اللسان لتقليل الضغط ومعا.,يجب عمل دراسه من خلال المتابعه مع طبيب لمعرفه ما اذا كنت تعاني من الضغط العالي ام ان ما حصل هو عرضي وبالتاكيد يجدب عمل فحوصات من خلال الطبيب لها علاقه بالضغط العالي اذا تاكد انك تعاني من الضغط العالي فالرياضه ضروريه والمحافظه علي الوزن المثالي والاكل المتوازن البعيد عن ملح الطعام لكن كل هذا رهن بالمتابعه ودراسه وضعك وضغطك,485
ahd5k_04754,785567,graph_train,تشخيص,Diagnosis,هل سقوط الشعر بكثره مع الم شديد وشعور بلاختناق في البلعوم واللوزتين اثناء الزعل يدل على خلل في الغده الدرقيه0 مع العلم اني اعاني من السمنه المفرطه وكثرة العصبيه ارجوافادتي...,"الألم والشعور بالإختناق حالة نفسية ""نرفزة"" وعلاجها تناول مهدئات مثل فلونكسول. أما أعراض الغدة الدرقية فهي ارتعاش اليدين والأصابع والشعور بالسخونة وتسارع دقات القلب والإسهال ونقصان الوزن وجحوظ العينين والتعرق الغزير",هل سقوط الشعر بكثره مع الم شديد وشعور بلاختناق في البلعوم واللوزتين اثناء الزعل يدل علي خلل في الغده الدرقيه0 مع العلم اني اعاني من السمنه المفرطه وكثره العصبيه ارجوافادتي.,"الالم والشعور بالاختناق حاله نفسيه ""نرفزه"" وعلاجها تناول مهديات مثل فلونكسول. اما اعراض الغده الدرقيه فهي ارتعاش اليدين والاصابع والشعور بالسخونه وتسارع دقات القلب والاسهال ونقصان الوزن وجحوظ العينين والتعرق الغزير",388
ahd5k_04761,803257,graph_train,الطب البديل,Alternative medicine,ما هي فوائد زيت الزيتون للصحة والجسم,هناك العديد من الفوائد الصحية لزيت الزيتون، ويعد زيت الزيتون أحد أفضل مصادر الدهون الصحية للجسم، لغناه بالدهون الأحادية غير المشبعة، ومن أهم فوائد زيت الزيتون للجسم ما يأتي: غناه بمضادات الأكسدة، ومجموعة من الفيتامينات مثل فيتامين ك وفيتامين ه. خواصه المضادة للالتهاب، مما يحد من خطر الإصابة بمجموعة من الأمراض مثل بعض أمراض القلب، ومرض السكري، والتهاب المفاصل. الحد من خطر الإصابة بالسكتات الدماغية. الوقاية من بعض أنواع مرض السرطان. تنظيم مستويات ضغط الدم. تنظيم مستويات الكوليسترول. تحسين وظائف الأوعية الدموية. الحد من خطر اكتساب الوزن الزائد. المساهمة في تخفيف آلام المفاصل والتورم الناتج عن التهاب المفاصل الروماتويدي. تأثير مضاد للبكتيريا والميكروبات. يجدر الذكر أن هذه الفوائد خاصة بأنواع زيت الزيتون البكر الذي يحتفظ بمعظم فوائده الصحية، أما زيت الزيتون المكرر، أو المخلوط بأنواع أخرى من الزيوت فلا ينصح باستهلاكه. للمزيد: حقائق غذائية عن زيت الزيتون فوائد زيت الزيتون للعظام والمفاصل,ما هي فوايد زيت الزيتون للصحه والجسم,"هناك العديد من الفوايد الصحيه لزيت الزيتون, ويعد زيت الزيتون احد افضل مصادر الدهون الصحيه للجسم, لغناه بالدهون الاحاديه غير المشبعه, ومن اهم فوايد زيت الزيتون للجسم ما ياتي: غناه بمضادات الاكسده, ومجموعه من الفيتامينات مثل فيتامين ك وفيتامين ه. خواصه المضاده للالتهاب, مما يحد من خطر الاصابه بمجموعه من الامراض مثل بعض امراض القلب, ومرض السكري, والتهاب المفاصل. الحد من خطر الاصابه بالسكتات الدماغيه. الوقايه من بعض انواع مرض السرطان. تنظيم مستويات ضغط الدم. تنظيم مستويات الكوليسترول. تحسين وظايف الاوعيه الدمويه. الحد من خطر اكتساب الوزن الزايد. المساهمه في تخفيف الام المفاصل والتورم الناتج عن التهاب المفاصل الروماتويدي. تاثير مضاد للبكتيريا والميكروبات. يجدر الذكر ان هذه الفوايد خاصه بانواع زيت الزيتون البكر الذي يحتفظ بمعظم فوايده الصحيه, اما زيت الزيتون المكرر, او المخلوط بانواع اخري من الزيوت فلا ينصح باستهلاكه. للمزيد: حقايق غذاييه عن زيت الزيتون فوايد زيت الزيتون للعظام والمفاصل",929
ahd5k_04764,530033,graph_train,صحة الطفل,Child health,السلام عليكم انة قبل فترة سالت عن ابني عن عدم قدرتة علي الكلام ورحت راجعت دكتور و قالولي انة ابني مصاب بلتوحد السلوكي اريد اعرف عن هذا الشي وقالو لي...,التوحد يعني ضعف اوعدم القدره على التواصل مع الاخرين- والمصاب لا يقدر على التواصل البصري مع الاخرين-ينعزل ويكرر نفس العمل كتلبيس لعبته اوتنظيفها-قد يصاحبه تشنجات احيانا وضعف الكلام ويعالج فيالمراكز المتخصصه وحسب الاعراض -اتبعي تعليمات الطبيب والنتيجه جيده جدا وكثير من الناس البارزين كانو متوحدين و حياتهم طبيعيهمع التاهيل,السلام عليكم انه قبل فتره سالت عن ابني عن عدم قدرته علي الكلام ورحت راجعت دكتور و قالولي انه ابني مصاب بلتوحد السلوكي اريد اعرف عن هذا الشي وقالو لي.,التوحد يعني ضعف اوعدم القدره علي التواصل مع الاخرين- والمصاب لا يقدر علي التواصل البصري مع الاخرين-ينعزل ويكرر نفس العمل كتلبيس لعبته اوتنظيفها-قد يصاحبه تشنجات احيانا وضعف الكلام ويعالج فيالمراكز المتخصصه وحسب الاعراض -اتبعي تعليمات الطبيب والنتيجه جيده جدا وكثير من الناس البارزين كانو متوحدين و حياتهم طبيعيهمع التاهيل,472
ahd5k_04775,741098,graph_train,أمراض القلب و الشرايين,Cardiovascular disease,سلام يا دكتوار انا اجاني وجع في القلب ذهبت افعل تلفزيون قلب و هذة النتيجة Left atrium 31 19-40 Aoctic root 26 20-30 Right ventricle 33 07-26 LV.Septal wall 10...,يرجى ارسال تقرير الإيكو كاملا,سلام يا دكتوار انا اجاني وجع في القلب ذهبت افعل تلفزيون قلب و هذه النتيجه left atrium 31 19-40 aoctic root 26 20-30 right ventricle 33 07-26 lv.septal wall 10.,يرجي ارسال تقرير الايكو كاملا,190
ahd5k_04779,776235,graph_train,الطب البديل,Alternative medicine,هل هناك اعشاب معينه ممكن ان آخذها للمحافظة على الغدة الدرقية وان تكون نشيطة وليست خاملة,هذه خلطة مفيدة ان شاء الله لمن معهم كسل بالغدة الدرقية واتمنى لهم الشفاء كيلو عسل يطحن مقدار 25 غرام من الفوقص الحوصلي 20 غ غذاء ملكي 35غ محلول العكبر 50غ قسط هندي يخلط الجميع مع العسل ويؤكل منه ملعقة متوسطة قبل كل وجبة شرب المركوش والخزامى والكربرة واكليل الجبل والهدال كميات متساوية وخلطها وصنعها مثل الشاي وشرب كاسين شاي على الريق واخرى مساء دهن المكان بزيت الكتان عند النوم يوميا والله الشافي,هل هناك اعشاب معينه ممكن ان اخذها للمحافظه علي الغده الدرقيه وان تكون نشيطه وليست خامله,هذه خلطه مفيده ان شاء الله لمن معهم كسل بالغده الدرقيه واتمني لهم الشفاء كيلو عسل يطحن مقدار 25 غرام من الفوقص الحوصلي 20 غ غذاء ملكي 35غ محلول العكبر 50غ قسط هندي يخلط الجميع مع العسل ويوكل منه ملعقه متوسطه قبل كل وجبه شرب المركوش والخزامي والكربره واكليل الجبل والهدال كميات متساويه وخلطها وصنعها مثل الشاي وشرب كاسين شاي علي الريق واخري مساء دهن المكان بزيت الكتان عند النوم يوميا والله الشافي,483
ahd5k_04793,255677,graph_train,صحة الطفل,Child health,طفلي عمرها ٣ اشهر عندما يأكل الحليب يبكى ويصرخ كثيرا اعطيها حليب اصطناعي سيملك وغيرت الحليب الى نوع اخر منذ ايام قليله وولم يتغير شيئ وبقى ع البكاء والصراخ اريد...,جرني حليب خاص لحساسية البروتين البقري,طفلي عمرها 3 اشهر عندما ياكل الحليب يبكي ويصرخ كثيرا اعطيها حليب اصطناعي سيملك وغيرت الحليب الي نوع اخر منذ ايام قليله وولم يتغير شيي وبقي ع البكاء والصراخ اريد.,جرني حليب خاص لحساسيه البروتين البقري,200
ahd5k_04815,787753,graph_train,علم الأجنة,Embryology,لماذا يولد الجنين ميتا في الشهر الثامن بينما يولد حيا في الشهر السابع,هذا الكلام ليس له اي أساس من الصحة وكذلك المقولة بأن ابن 7 شهور يعيش وابن 8 شهور لا والعكس هو الصحيح فان كل يوم يبقاه الجنين داخل رحم الأم يعتبر مكسب له ( بالطبع الى وقت معين ) وابن 8 شهور امامه فرصة افضل بكثير من ابن 7 شهور لكي يحيى,لماذا يولد الجنين ميتا في الشهر الثامن بينما يولد حيا في الشهر السابع,هذا الكلام ليس له اي اساس من الصحه وكذلك المقوله بان ابن 7 شهور يعيش وابن 8 شهور لا والعكس هو الصحيح فان كل يوم يبقاه الجنين داخل رحم الام يعتبر مكسب له ( بالطبع الي وقت معين ) وابن 8 شهور امامه فرصه افضل بكثير من ابن 7 شهور لكي يحيي,302
ahd5k_04817,778993,graph_train,تشخيص,Diagnosis,أنا طفل في 13 عشر من عمري أزن 37 كيلو غرام وطولي متر و 46 سنتمتر هل هدا طبيعي,هذا أقل من الطبيعي ولكن في هذا العمر قد تحدث ثورة اذ يزداد الطول و الوزن بشكل مفاجئ ماعليك سوى ممارسة الرياضة و تناول الاطعمة كاللحوم و الخضار و الفواكة والنوم جيداً,انا طفل في 13 عشر من عمري ازن 37 كيلو غرام وطولي متر و 46 سنتمتر هل هدا طبيعي,هذا اقل من الطبيعي ولكن في هذا العمر قد تحدث ثوره اذ يزداد الطول و الوزن بشكل مفاجي ماعليك سوي ممارسه الرياضه و تناول الاطعمه كاللحوم و الخضار و الفواكه والنوم جيدا,242
ahd5k_04819,334866,graph_train,أرجية حساسية,Allergic allergy,هل يمكن مواجهة حساسية الارتيكاريا بادوية المناعة بعيدا عن مضادات الهيستامين و الكورتيزون؟ و ما فعالية هذه الادوية؟ و اضرارها ؟؟,نعم ممكن مضاد ًige يخفف من الارتكاريا,هل يمكن مواجهه حساسيه الارتيكاريا بادويه المناعه بعيدا عن مضادات الهيستامين و الكورتيزون? و ما فعاليه هذه الادويه? و اضرارها ?,نعم ممكن مضاد ige يخفف من الارتكاريا,164
ahd5k_04832,782148,graph_train,أمراض باطنية,Esoteric,أريد أن أعرف ما هي أعراض تكيس المبيض ( غير ألم البطن )؟ و أيضاً لدي ألم خفيف على جنبي البطن في الأسفل ، لست متزوجة ، الألم ليس مستمر...,"تكيس المبايض، هوعباره عن وجود اكثر من 10-12 بويضة بحجم 8-10 ملم منتشرة في محيط المبيض وهذا قد يؤدي الى اضطراب بعمليه الإباضة الطبيعية بسبب خلل هرموني في الجسم وهو يكون أحيانا متلازما مع عدة أعراض تظهر معا على المريضة و حينها يسمى بمتلازمة تكيس المبايض مثل اضطرابات الدورة الشهرية و ازدياد وزن الجسم و ظهور الشعر الخشن في مناطق مختلفة من جسم المرأة , و أحيانا لا يكون للمرض أي أعراض و يمكن اكتشاف وجوده مصادفة أثناء الفحص الروتيني للمريضة. لا يوجد علاج جذري لحاله تكيس المبايض ،ولكن معالجه الاعراض كل على حده يقلل من ظهور الاعرض. فمثلاً حبوب منع الحمل هي من الأدوية المستعملة لعلاج هذه الحالات حيث أنها تنظم نزول الدورة الشهرية , وكذلك الأدوية المضادة للهرمونات الذكرية . وكذلك أدوية لعلاج البشرة وحب","اريد ان اعرف ما هي اعراض تكيس المبيض ( غير الم البطن )? و ايضا لدي الم خفيف علي جنبي البطن في الاسفل , لست متزوجه , الالم ليس مستمر.","تكيس المبايض, هوعباره عن وجود اكثر من 10-12 بويضه بحجم 8-10 ملم منتشره في محيط المبيض وهذا قد يودي الي اضطراب بعمليه الاباضه الطبيعيه بسبب خلل هرموني في الجسم وهو يكون احيانا متلازما مع عده اعراض تظهر معا علي المريضه و حينها يسمي بمتلازمه تكيس المبايض مثل اضطرابات الدوره الشهريه و ازدياد وزن الجسم و ظهور الشعر الخشن في مناطق مختلفه من جسم المراه , و احيانا لا يكون للمرض اي اعراض و يمكن اكتشاف وجوده مصادفه اثناء الفحص الروتيني للمريضه. لا يوجد علاج جذري لحاله تكيس المبايض ,ولكن معالجه الاعراض كل علي حده يقلل من ظهور الاعرض. فمثلا حبوب منع الحمل هي من الادويه المستعمله لعلاج هذه الحالات حيث انها تنظم نزول الدوره الشهريه , وكذلك الادويه المضاده للهرمونات الذكريه . وكذلك ادويه لعلاج البشره وحب",834
ahd5k_04844,591171,graph_train,أمراض الدم,Blood,اعاني من غدة ليمفاوية ذات قوام مطاطي و ثابتة تحت الفك من 4 شهور قمت بعمل فحص دم و اشعه و لم يكتشف شيء لدي اسنان متسوسه هل من الممكن...,أحياناً تسوس الأسنان أو أي خراجات باللثة أو انتان خفي أو ظاهر بمنطقة العنق يمكنها أن تسبب تضخم بالغدد اللمفية الموضعية وهنا لابد من مراجعة طبيب أسنان وطبيب أذنية للبحث عن وجود انتان ومعالجته,اعاني من غده ليمفاويه ذات قوام مطاطي و ثابته تحت الفك من 4 شهور قمت بعمل فحص دم و اشعه و لم يكتشف شيء لدي اسنان متسوسه هل من الممكن.,احيانا تسوس الاسنان او اي خراجات باللثه او انتان خفي او ظاهر بمنطقه العنق يمكنها ان تسبب تضخم بالغدد اللمفيه الموضعيه وهنا لابد من مراجعه طبيب اسنان وطبيب اذنيه للبحث عن وجود انتان ومعالجته,324
ahd5k_04856,440612,graph_train,صحة الطفل,Child health,ماذا يعني تقيؤ الطفل يبلغ من العمر شهرين ! يتقيئ مادة صفراء اللون,جميع الاطفال في هذا السن يحصل لهم ذلك فلا داعي للقلق,ماذا يعني تقيو الطفل يبلغ من العمر شهرين ! يتقيي ماده صفراء اللون,جميع الاطفال في هذا السن يحصل لهم ذلك فلا داعي للقلق,117
ahd5k_04864,765501,graph_train,الطب البديل,Alternative medicine,ماهو سبب بياض اللسان اكثر من 7 شهور,البقع البيضاء على اللسان وتشقق اللسان ينتج بسبب نقص فيتامين ب12 واصابته بالفطريات من نوع كانديدا وتوجد في فم الإنسان بصفة عادية غير ممرضة ، ولكنها تتحول إلى ممرضة عند الأشخاص الذين يتناولون المضادات الحيوية من عائلة البنسلين بشكل عشوائي أو الكورتيزونات أو مرضى السكري أو الأنيميا وتكون البقع شبيهة ببقع اللبن الرايب، والعلاج باستخدام مرهم مايكونازول ، ومضمضة بمطهر حسب ما يصف الطبيب ويمكن استخدام انتراكونازول عن طريق الفم بعد استشارة الطبيب، كما يجب زيادة المناعة بالتغذية السليمة والمتوازنة ويجب تجنب اكل الحلويات بدون غسل الفم ويجب تنظيف الفم بالمسواك أو بالفرشاة.,ماهو سبب بياض اللسان اكثر من 7 شهور,"البقع البيضاء علي اللسان وتشقق اللسان ينتج بسبب نقص فيتامين ب12 واصابته بالفطريات من نوع كانديدا وتوجد في فم الانسان بصفه عاديه غير ممرضه , ولكنها تتحول الي ممرضه عند الاشخاص الذين يتناولون المضادات الحيويه من عايله البنسلين بشكل عشوايي او الكورتيزونات او مرضي السكري او الانيميا وتكون البقع شبيهه ببقع اللبن الرايب, والعلاج باستخدام مرهم مايكونازول , ومضمضه بمطهر حسب ما يصف الطبيب ويمكن استخدام انتراكونازول عن طريق الفم بعد استشاره الطبيب, كما يجب زياده المناعه بالتغذيه السليمه والمتوازنه ويجب تجنب اكل الحلويات بدون غسل الفم ويجب تنظيف الفم بالمسواك او بالفرشاه.",602
ahd5k_04866,792335,graph_train,كيمياء حيوية,Biochemistry,لماذا يموت الانسان عندما يلتمس بالكهرباء وما علاقته بالبروتين الموجود في الجسم ولماذا احيانا هنالك اشخاص لايتأثرون بالتيار الكهربائي؟,الصدمة الكهربائية وتتجلى بالضرر الذى يصيب انسجة الجسم نتيجة تأثير التيار او القوس الكهربائى وغالبا ما يكون الضرر سطحيأ اى يتضرر الجلد واحيانأ الانسجة الرخوة مع الاربطة والعظام حيث تتعلق خطورة الصدمة وصعوبة معالجتها بنوع ومميزات ودرجة الانسجة ورد فعل الاعضاء واذا ما كانت الحروق شديدة يموت الانسان ليس بسبب التكهرب ولكن نتيجة الصدمة الكهربائية ومن مظاهرها. الحروق الكهربائية وهى اكثر انواع الصدمات الكهربائية انتشارا وتقسم الحروق حسب شروط حدوثها كالتالى : 1. الحروق التيارى او التلامسى عند مرور تيار مباشر عبر جسم الانسان عند ملامستة للاجزاء الموصلة للتيار الكهربائى ذات توتر اقل من 1 كيلو فولت ويتمثل باحتراق الجلد السطح الخارجى من الجسم . 2. الحرق القوسى نتيجة مرور التيار وثأثير القوس الكهربائى ولكن دون مرور التيارمن خلال جسمه وذلك فى المنشأت ذات التوتر المنخفض 220- 380 فولت . 3. الحروق المختلطة نتيجة مرور التيار وتأثير القوس الكهربائى بين الاجزاء الحاملة للتيار الكهربائى اذ يؤدى التيار المار بجسم الانسان ( بضع امبيرات ) الى وفاة المصاب . 4. الندبات الكهربائية وهى بقع جلدية صغيرة لونها اما اصفر او فضى ولها شكل دائرى او قطاعى وذات لون غامق فى مركزها او بنفس لون المكان الذى لمسة المصاب وهذه الندبات ليست ضارة وتشفى مع مرور الوقت تمعدن الجلد وذلك نتيجة احتراق الجلد من قبل ذرات المعدن المنصهر والمتطاير عند القوس الكهربائى ويظهر احمرار فى الجلد نتيجة الحرارة التى ينقلها المعدن المنصهر الى الجلد محدث الم شديد ويشفى الجلد بمجرد سقوطة اما عند اصابة العين تفقد البصر . الاضرار الفيزيائية وذلك نتيجة التقلص الحاد وغير الارادى للعضلات تحت تأثير التيار المار بجسم الانسان وظهور تشققات فى الجلد وانفجار الشرايين وتمزق الاعصاب وكسور العظام . يحدث الموت للمصاب بتوقف التنفس والدورة الدموية اذ ان الانسان يبدأ بالشعور بصعوبة التنفس عندما يبلغ التيار المار بجسمه شدة 20- 25 ميلى امبير عند تردد 50 هرتز وتزداد الصعوبة مع زيادة شدة التيار يمكن ان يظهر الاختناق نتيجة نقص الاكسجين وزيادة كما ان التأثير القوى والقاتل عند مرور التيار فى منطقة القلب مما يؤدى الى توقفة عن العمل كمضخة للدم . اغاثة المصاب بالتيار الكهربائى يجب ان يتم باسرع ما يمكن تخليص المصاب من التماس الذى سبب الحادث وذلك بابعاده عن منطقة الاصابة بعد فصل التيار واسعافة حتى ولو ظهرت عليه علامات الموت اذ غالبا ما يكو ن ظاهريأ . تخليص المصاب مع مراعاة الا يتعرض المنقذ للخطر : قطع التيار الكهربائى فورأ واذا تعذر ذلك توضع النواقل فى دارة قصر للحصول على نفس النتيجة واذا لم يتمكن يقوم المنقذ بعزل نفسه من جهة التيار ومن جهة الارض فى ان واحد ويستعمل الادوات التى لها مقابض عازلة ويقف على سطح عازل او بساط مطاطى او اخشاب جافة ويبعد المصاب عن تماس الكهرباء ويستدعى الطبيب او المسعف للتعامل مع المصاب .,لماذا يموت الانسان عندما يلتمس بالكهرباء وما علاقته بالبروتين الموجود في الجسم ولماذا احيانا هنالك اشخاص لايتاثرون بالتيار الكهربايي?,الصدمه الكهرباييه وتتجلي بالضرر الذي يصيب انسجه الجسم نتيجه تاثير التيار او القوس الكهربايي وغالبا ما يكون الضرر سطحيا اي يتضرر الجلد واحيانا الانسجه الرخوه مع الاربطه والعظام حيث تتعلق خطوره الصدمه وصعوبه معالجتها بنوع ومميزات ودرجه الانسجه ورد فعل الاعضاء واذا ما كانت الحروق شديده يموت الانسان ليس بسبب التكهرب ولكن نتيجه الصدمه الكهرباييه ومن مظاهرها. الحروق الكهرباييه وهي اكثر انواع الصدمات الكهرباييه انتشارا وتقسم الحروق حسب شروط حدوثها كالتالي : 1. الحروق التياري او التلامسي عند مرور تيار مباشر عبر جسم الانسان عند ملامسته للاجزاء الموصله للتيار الكهربايي ذات توتر اقل من 1 كيلو فولت ويتمثل باحتراق الجلد السطح الخارجي من الجسم . 2. الحرق القوسي نتيجه مرور التيار وثاثير القوس الكهربايي ولكن دون مرور التيارمن خلال جسمه وذلك في المنشات ذات التوتر المنخفض 220- 380 فولت . 3. الحروق المختلطه نتيجه مرور التيار وتاثير القوس الكهربايي بين الاجزاء الحامله للتيار الكهربايي اذ يودي التيار المار بجسم الانسان ( بضع امبيرات ) الي وفاه المصاب . 4. الندبات الكهرباييه وهي بقع جلديه صغيره لونها اما اصفر او فضي ولها شكل دايري او قطاعي وذات لون غامق في مركزها او بنفس لون المكان الذي لمسه المصاب وهذه الندبات ليست ضاره وتشفي مع مرور الوقت تمعدن الجلد وذلك نتيجه احتراق الجلد من قبل ذرات المعدن المنصهر والمتطاير عند القوس الكهربايي ويظهر احمرار في الجلد نتيجه الحراره التي ينقلها المعدن المنصهر الي الجلد محدث الم شديد ويشفي الجلد بمجرد سقوطه اما عند اصابه العين تفقد البصر . الاضرار الفيزياييه وذلك نتيجه التقلص الحاد وغير الارادي للعضلات تحت تاثير التيار المار بجسم الانسان وظهور تشققات في الجلد وانفجار الشرايين وتمزق الاعصاب وكسور العظام . يحدث الموت للمصاب بتوقف التنفس والدوره الدمويه اذ ان الانسان يبدا بالشعور بصعوبه التنفس عندما يبلغ التيار المار بجسمه شده 20- 25 ميلي امبير عند تردد 50 هرتز وتزداد الصعوبه مع زياده شده التيار يمكن ان يظهر الاختناق نتيجه نقص الاكسجين وزياده كما ان التاثير القوي والقاتل عند مرور التيار في منطقه القلب مما يودي الي توقفه عن العمل كمضخه للدم . اغاثه المصاب بالتيار الكهربايي يجب ان يتم باسرع ما يمكن تخليص المصاب من التماس الذي سبب الحادث وذلك بابعاده عن منطقه الاصابه بعد فصل التيار واسعافه حتي ولو ظهرت عليه علامات الموت اذ غالبا ما يكو ن ظاهريا . تخليص المصاب مع مراعاه الا يتعرض المنقذ للخطر : قطع التيار الكهربايي فورا واذا تعذر ذلك توضع النواقل في داره قصر للحصول علي نفس النتيجه واذا لم يتمكن يقوم المنقذ بعزل نفسه من جهه التيار ومن جهه الارض في ان واحد ويستعمل الادوات التي لها مقابض عازله ويقف علي سطح عازل او بساط مطاطي او اخشاب جافه ويبعد المصاب عن تماس الكهرباء ويستدعي الطبيب او المسعف للتعامل مع المصاب .,2590
ahd5k_04875,759090,graph_train,حمل الأنابيب,Carry tubes,انا متزوجة منذ 5سنوات ولم يحدث حمل وقد قمت بعميل جميع التحاليل والمناظيرالازمة وكانت جميعها سليمة وزوجي ايضا سليم وقد قمت باجراء اطفال الانابيب لكن لم تنجح وبعد 6اشهر من...,ارتفاع هرمون AMH يعكس مخزون المبيض وارتفاع مخزون المبيض يعني ان المبيضين سليمين وهذا ليس له علاقة بفشل برنامج طفل الانبوب وتعتبر حالتكم من الحالات الواعدة بالنجاح لذلك ننصحكم بتكرار المحاولات نتمنى لك كل التوفيق د.سليمان ضبيط مدير وحدة الاخصاب والوراثة مركز الخالدي الطبي لمزيد من الاستفسار ارجو الاتصال على الارقام التالية telfax:00962 6 4647217 tel:00962 6 4644281 ext:644 mobile: 00962 79 5544688,انا متزوجه منذ 5سنوات ولم يحدث حمل وقد قمت بعميل جميع التحاليل والمناظيرالازمه وكانت جميعها سليمه وزوجي ايضا سليم وقد قمت باجراء اطفال الانابيب لكن لم تنجح وبعد 6اشهر من.,ارتفاع هرمون amh يعكس مخزون المبيض وارتفاع مخزون المبيض يعني ان المبيضين سليمين وهذا ليس له علاقه بفشل برنامج طفل الانبوب وتعتبر حالتكم من الحالات الواعده بالنجاح لذلك ننصحكم بتكرار المحاولات نتمني لك كل التوفيق د.سليمان ضبيط مدير وحده الاخصاب والوراثه مركز الخالدي الطبي لمزيد من الاستفسار ارجو الاتصال علي الارقام التاليه telfax:00962 6 4647217 tel:00962 6 4644281 ext:644 mobile: 00962 79 5544688,571
ahd5k_04892,786375,graph_train,علم الأجنة,Embryology,حملى اول كان بطفل اكتشفت فى نهاية الشهر السادس انه مصاب بRhizomelic and Micromelia أكملت شهور الحمل وتمت الولاده قيصريه وتوفى الولد فى الحضان بعد يوم ، على الرغم من...,"These findings could be found in several syndromes. As we have not the full clinical details we can not firmly tell you if there is a risk to have another child or not. Among these syndromes: Pallister Killian syndrome, if it is this syndrome so in general there is no problem for the coming child. Another possibility, Achondroplasia also for this syndrome there is no problem for the coming child as both of you and your husband are in good health, very generally speaking there is no significant risk of recurrence of these findings but we cannot firmly exclude that as we do not have the detailed clinical history","حملي اول كان بطفل اكتشفت في نهايه الشهر السادس انه مصاب بrhizomelic and micromelia اكملت شهور الحمل وتمت الولاده قيصريه وتوفي الولد في الحضان بعد يوم , علي الرغم من.","these findings could be found in several syndromes. as we have not the full clinical details we can not firmly tell you if there is a risk to have another child or not. among these syndromes: pallister killian syndrome, if it is this syndrome so in general there is no problem for the coming child. another possibility, achondroplasia also for this syndrome there is no problem for the coming child as both of you and your husband are in good health, very generally speaking there is no significant risk of recurrence of these findings but we cannot firmly exclude that as we do not have the detailed clinical history",784
ahd5k_04895,473114,graph_train,أمراض القلب و الشرايين,Cardiovascular disease,"Heparin LEO 5، 000 I, u /u, I ml طريقة استخدام وكم مره في اليوم وهي عبوه كبيره وسحب منها بالسنت عن طريق ابره تشبه ابرة السكري.. أرجو الرد في...",هذا دواء مسيّل للدم يفضلّ استعماله داخل المستشفى لأنه يجب مراقبة نسبة سيلان الدم بالتحاليل. ولا يجب استعماله خارج المستشفى الا عبر وصفة طبية مع تحديد الكمية. و يمكن الاستعاضة عنه بأبر جاهزة للحقن حسب الوزن والحالة الصحية أو عبر أدوية بالفم.,"heparin leo 5, 000 i, u /u, i ml طريقه استخدام وكم مره في اليوم وهي عبوه كبيره وسحب منها بالسنت عن طريق ابره تشبه ابره السكري. ارجو الرد في.",هذا دواء مسيل للدم يفضل استعماله داخل المستشفي لانه يجب مراقبه نسبه سيلان الدم بالتحاليل. ولا يجب استعماله خارج المستشفي الا عبر وصفه طبيه مع تحديد الكميه. و يمكن الاستعاضه عنه بابر جاهزه للحقن حسب الوزن والحاله الصحيه او عبر ادويه بالفم.,383
ahd5k_04898,504122,graph_train,أمراض القلب و الشرايين,Cardiovascular disease,تركت التدخين منذ خمس سنوات و أشعر بضيق نفس في صدري من حين لآخر و احيانا حرقة في مقدمة الصدر و بدون الشعور بأي ألم و احيانا اشعر بضيق النفس...,لا نعرف عمرك ولا تاريخك الصحي، مع ذلك هناك أسباب كثيرة لهكذا أعراض، ولمعرفة السبب بدقة لا بد من معرفة خصائص هذه الأعراض والعلامات المرافقة التي يجدها الطبيب عند الفحص السريري,تركت التدخين منذ خمس سنوات و اشعر بضيق نفس في صدري من حين لاخر و احيانا حرقه في مقدمه الصدر و بدون الشعور باي الم و احيانا اشعر بضيق النفس.,"لا نعرف عمرك ولا تاريخك الصحي, مع ذلك هناك اسباب كثيره لهكذا اعراض, ولمعرفه السبب بدقه لا بد من معرفه خصايص هذه الاعراض والعلامات المرافقه التي يجدها الطبيب عند الفحص السريري",315
ahd5k_04900,538683,graph_train,جراحة القلب والشرايين,Cardiovascular surgery,عملت عملية نقل شريان من الرجل اليمنى الى الذراع الايسر عام 2007 هل لهذا الشريان مدة معنيه وينتهي عمله؟!,لا ، يمكن أن يبقى طوال الحياة,عملت عمليه نقل شريان من الرجل اليمني الي الذراع الايسر عام 2007 هل لهذا الشريان مده معنيه وينتهي عمله?!,"لا , يمكن ان يبقي طوال الحياه",132
ahd5k_04903,789927,graph_train,تشخيص,Diagnosis,واعذروني للاطالة للضرورة القصوي ولاشرح الصورة كاملة ، منذ سنتين تقريبا وانا اعاني من الاعراض التاليةالم وحرقة وحرارة وحكة اسفل الفخذين فقط عندما اكون جالسا وعند الوقوف والمشي والنوم لا...,مرة اخرى اقول لك بان ما تعاني منه عبارة عن التهاب غشائي عضلي انصحك الجلوس على طوق هواء لتخفيف اثارة الانسجة والاعصاب ويمكنك مراجعة مركز علاج طبيعي,"واعذروني للاطاله للضروره القصوي ولاشرح الصوره كامله , منذ سنتين تقريبا وانا اعاني من الاعراض التاليهالم وحرقه وحراره وحكه اسفل الفخذين فقط عندما اكون جالسا وعند الوقوف والمشي والنوم لا.",مره اخري اقول لك بان ما تعاني منه عباره عن التهاب غشايي عضلي انصحك الجلوس علي طوق هواء لتخفيف اثاره الانسجه والاعصاب ويمكنك مراجعه مركز علاج طبيعي,333
ahd5k_04904,554173,graph_train,أمراض باطنية,Esoteric,ماذا يفيد تصوير الرنين المغناطيسي على منطقة الصدر وهل يمكن الكشف عن امراض في القفص الصدري والاضلاع!؟,صورة النين المغناطيسى على منطقة الصدر ممكن ان تكشق عن اشياء كثيره داخل القفص مثل الرءتين و القاب وغيره كما ممكن ان تكشق عن اى تغيرات فى القفص الصدرى ذاته مثل عضلات القفص الصدرى و الضلوع كذلك الاوعيه الدمويه,ماذا يفيد تصوير الرنين المغناطيسي علي منطقه الصدر وهل يمكن الكشف عن امراض في القفص الصدري والاضلاع!?,صوره النين المغناطيسي علي منطقه الصدر ممكن ان تكشق عن اشياء كثيره داخل القفص مثل الرءتين و القاب وغيره كما ممكن ان تكشق عن اي تغيرات في القفص الصدري ذاته مثل عضلات القفص الصدري و الضلوع كذلك الاوعيه الدمويه,306
ahd5k_04907,451744,graph_train,صحة الطفل,Child health,طفلي يعاني من الغازات ولقد اعطيته 10قطرات سباستال وهذه اول مره اعطيه هذا الدواء,يعطى السباستال بمقدار قطرتين لكل كيلو غرام من وزن الطفل ولا يفضل استخدامه للرضع، وفي حالات الغازات يفضل استخدام قطرات أو مسحوق البروبايوتيك الذي يعمل على تقوية المناعة وتخفيف الإنتفاخ والمغص لدى الرضع بالإضافة إلى محاولة التقليل من مسببات الإنتفاخ مثل البرد والأطعمة المسببة للغازات، كما يجب القيام برفع الطفل بعض الرضاعة ليتمكن من التجشؤ وإخراج الغازات من البطنالمراجع,طفلي يعاني من الغازات ولقد اعطيته 10قطرات سباستال وهذه اول مره اعطيه هذا الدواء,"يعطي السباستال بمقدار قطرتين لكل كيلو غرام من وزن الطفل ولا يفضل استخدامه للرضع, وفي حالات الغازات يفضل استخدام قطرات او مسحوق البروبايوتيك الذي يعمل علي تقويه المناعه وتخفيف الانتفاخ والمغص لدي الرضع بالاضافه الي محاوله التقليل من مسببات الانتفاخ مثل البرد والاطعمه المسببه للغازات, كما يجب القيام برفع الطفل بعض الرضاعه ليتمكن من التجشو واخراج الغازات من البطنالمراجع",448
ahd5k_04912,794360,graph_train,جراحة القلب والشرايين,Cardiovascular surgery,هل ضعف عضله القلب وضيق ثلاث شرايين في القلب لهم عمليه جراحيه مع العلم أن المريض يعاني من مرض السكر ام يبقى على العلاج ولو عمليه جراحيهوين تنصحونا نعملها وعاووزيين...,هذا يتطلب معرفة نسبة الضعف الموجود في العضلة القلبية ونسبة التضيق في الثلاثة شرايين المذكورة، كما أنه من الضروري معرفة الحالة الوظيفية لباقي أعضاء الجسم خاصة الكلى والجهاز التنفسي، والكبد وغيره، وفي جميع الأحوال في العادة تُعرض نتائج القثطرة على فريق طبي مُتخصص لتقييم كل هذه الأمور ومن ثم يتم اختيار الطريقة العلاجية التي تتناسب أكثر مع حالة المريض,هل ضعف عضله القلب وضيق ثلاث شرايين في القلب لهم عمليه جراحيه مع العلم ان المريض يعاني من مرض السكر ام يبقي علي العلاج ولو عمليه جراحيهوين تنصحونا نعملها وعاووزيين.,"هذا يتطلب معرفه نسبه الضعف الموجود في العضله القلبيه ونسبه التضيق في الثلاثه شرايين المذكوره, كما انه من الضروري معرفه الحاله الوظيفيه لباقي اعضاء الجسم خاصه الكلي والجهاز التنفسي, والكبد وغيره, وفي جميع الاحوال في العاده تعرض نتايج القثطره علي فريق طبي متخصص لتقييم كل هذه الامور ومن ثم يتم اختيار الطريقه العلاجيه التي تتناسب اكثر مع حاله المريض",514
ahd5k_04916,553582,graph_train,أمراض باطنية,Esoteric,حصل لديه وجع فوق الصرة ودخلت مستشفى وبعد الصور والتحاليل تبين بحص بالمرارة ثم تبين لدي التهاب بالبنكريس وخرجت ثم عملت صورة للموجات الصوتية للبطن هل يوجد دواء للتهاب بالبنكريس,من المفترض انك تلقيت علاج الالتهاب الحاد للبنكرياس أثناء وجودك بالمستشفى وهو (الامتناع عن اعطاء أي أطعمة أو سوائل عن طريق الفم وامداد الجسم بالمحاليل - مسكنات - مضادات حيوية في بعض الحالات) يتبقى علاج سبب الالتهاب عن طريق استئصال المرارة (جراحيا أو بواسطة المنظار) وعدم تناول الكحوليات,حصل لديه وجع فوق الصره ودخلت مستشفي وبعد الصور والتحاليل تبين بحص بالمراره ثم تبين لدي التهاب بالبنكريس وخرجت ثم عملت صوره للموجات الصوتيه للبطن هل يوجد دواء للتهاب بالبنكريس,من المفترض انك تلقيت علاج الالتهاب الحاد للبنكرياس اثناء وجودك بالمستشفي وهو (الامتناع عن اعطاء اي اطعمه او سوايل عن طريق الفم وامداد الجسم بالمحاليل - مسكنات - مضادات حيويه في بعض الحالات) يتبقي علاج سبب الالتهاب عن طريق استيصال المراره (جراحيا او بواسطه المنظار) وعدم تناول الكحوليات,459
ahd5k_04919,596603,graph_train,إسعاف أولي,First aid,ماهو علاج ضربة الشمس؟,العلاج الأولي: ينقل المصاب إلى منطقة مظللة بعيداً عن الشمس. يقوم المسعف بتبريد جسده وتخفيض درجة حرارته عن طريق نزع الملابس الثقيلة غير الضرورية. يرش الجسم بالماء الفاتر أو ذو حرارة باردة نسبياً 'أبرد من جسد المصاب'، وذلك حتى يتم تحفيز بثور الجلد في إفراز العرق. توضع مكعبات ثلجية حول منطقة الرقبة ومنطقة ما تحت الإبط، حيث تتواجد في هاتين المنطقتين أوعية دموية ظاهرة على سطح الجلد. إعطاء المصاب السوائل اللازمة ويفضل أن تكون باردة. وذلك ريثما يصل فريق الاسعاف لنقل المريض الى المستشفى,ماهو علاج ضربه الشمس?,"العلاج الاولي: ينقل المصاب الي منطقه مظلله بعيدا عن الشمس. يقوم المسعف بتبريد جسده وتخفيض درجه حرارته عن طريق نزع الملابس الثقيله غير الضروريه. يرش الجسم بالماء الفاتر او ذو حراره بارده نسبيا 'ابرد من جسد المصاب', وذلك حتي يتم تحفيز بثور الجلد في افراز العرق. توضع مكعبات ثلجيه حول منطقه الرقبه ومنطقه ما تحت الابط, حيث تتواجد في هاتين المنطقتين اوعيه دمويه ظاهره علي سطح الجلد. اعطاء المصاب السوايل اللازمه ويفضل ان تكون بارده. وذلك ريثما يصل فريق الاسعاف لنقل المريض الي المستشفي",504
ahd5k_04920,375608,graph_train,أرجية حساسية,Allergic allergy,مرحبا هل يمكنكم إعطائي وصفة طبية لأني لا امتلك الوقت للذهاب إلى الطبيب علما اني اعاني من عطاس و احتقان في الأنف و حكة في العين,ابدا مضاد هيستامين مره الى مرتين باليوم الى ان تذهب للطبيب,مرحبا هل يمكنكم اعطايي وصفه طبيه لاني لا امتلك الوقت للذهاب الي الطبيب علما اني اعاني من عطاس و احتقان في الانف و حكه في العين,ابدا مضاد هيستامين مره الي مرتين باليوم الي ان تذهب للطبيب,184
ahd5k_04921,558401,graph_train,أمراض باطنية,Esoteric,ما هو سبب الوجع الشديد في الجنب اليمين مع ترجيع؟,في الغالب التهاب في القاولون ..وهو ناتج عن التوتر العصبي .. وسوء النظام الغذائي خاصة المسبك والسمين والفلافل والفول والزيوت ... وبالتالي تجنب ماسبق .. وتابعنا باي جديد,ما هو سبب الوجع الشديد في الجنب اليمين مع ترجيع?,في الغالب التهاب في القاولون .وهو ناتج عن التوتر العصبي . وسوء النظام الغذايي خاصه المسبك والسمين والفلافل والفول والزيوت . وبالتالي تجنب ماسبق . وتابعنا باي جديد,215
ahd5k_04924,777360,graph_train,تشخيص,Diagnosis,اقصد الطبيب المختص مقدمة الراس والدماغ هل اسمه العلمي هو طبيب الجهاز العصبي ؟ وسؤالي التاني هل تشنجات التي تحدث في الراس اي الجهة اليمنى والجهة الخلفية من الراس تدل...,نعم طبيب اعصاب ما المقصود بتشنجات؟,اقصد الطبيب المختص مقدمه الراس والدماغ هل اسمه العلمي هو طبيب الجهاز العصبي ? وسوالي التاني هل تشنجات التي تحدث في الراس اي الجهه اليمني والجهه الخلفيه من الراس تدل.,نعم طبيب اعصاب ما المقصود بتشنجات?,201
ahd5k_04926,496819,graph_train,أمراض باطنية,Esoteric,أشعر بدوخه مع غثيان وعدم تركيز وخمول,عليك بالقيام بعدة فحوصات أهمها CBC التحليل الكامل للدم .,اشعر بدوخه مع غثيان وعدم تركيز وخمول,عليك بالقيام بعده فحوصات اهمها cbc التحليل الكامل للدم .,92
ahd5k_04927,573416,graph_train,أمراض القلب و الشرايين,Cardiovascular disease,ما هي اضرار زيادة الدم على القلب وكيف اعرف ان القلب متضرر من هذه الزيادة؟,ماذا تقصد بزيادة الدم هل الهيموغلوبين، إن كان كذلك يمكن يسبب إجهاد وفرط ضغط مستقبلا,ما هي اضرار زياده الدم علي القلب وكيف اعرف ان القلب متضرر من هذه الزياده?,"ماذا تقصد بزياده الدم هل الهيموغلوبين, ان كان كذلك يمكن يسبب اجهاد وفرط ضغط مستقبلا",156
ahd5k_04934,808449,graph_train,علم التشريح,Anatomy,عن الوظيفة للقص الصدري ،ماهي اسهل طريقة لعمل أشعة للقص لأظهاره بوضوح . مع جزيل شكري وأحترامي,عادة يتم أخذ صورة أمامية خلفية وصورة أخرى جانبية للقفص الصدري.,"عن الوظيفه للقص الصدري ,ماهي اسهل طريقه لعمل اشعه للقص لاظهاره بوضوح . مع جزيل شكري واحترامي",عاده يتم اخذ صوره اماميه خلفيه وصوره اخري جانبيه للقفص الصدري.,154
ahd5k_04942,618358,graph_train,أمراض الأسنان,Dental,سويت تقويم أسنان و الدكتور الي أشتغل عنده مهمل بس ركب تقويم وخلع ضرس ما نظف لي أي سن و لا شال أي سوسة من أضراسي الخلفية تنصحوني أستمر أو...,من الافضل علاج الاسنان و اللثة قبل البدء في تقويم الاسنان,سويت تقويم اسنان و الدكتور الي اشتغل عنده مهمل بس ركب تقويم وخلع ضرس ما نظف لي اي سن و لا شال اي سوسه من اضراسي الخلفيه تنصحوني استمر او.,من الافضل علاج الاسنان و اللثه قبل البدء في تقويم الاسنان,196
ahd5k_04944,772354,graph_train,أمراض الدم,Blood,ما هو المرض الذي تصبح فيه القدمين سوداء من الركبة الى اسفل القدمين و يصاحبه شلل تام و تنمل القدمين,هناك بعض الأمراض ذات العلاقة الشديدة بتغير لون الجلد الى اللون الأسود وهو ما يسمى ب Acanthosis nigricans الذي تعد السمنة أحد أهم مسبباته مع زيادة هرمون الأنسولين الذي لا يعمل بالشكل الصحيح مما يؤدي إلى زيادة نسبته بالدم وبالتالى يذهب إلى الجلد ويعمل على تغيير لونه إلى الأسود وزيادة سماكته حول الرقبة ومنطقة الأبط والكوع والركبة ومنطقة الأعضاء التناسلية مرض الاديسون هو سبب آخر لتغيير لون الجلد الى اسود امراض الشرايين وعدم وصول تغذية كافية للجلد ايضاً يتسبب بتغيير اللون الى السواد ايضا الحروق تسبب ذلك والغرغرينا هي سبب أخر لذلك التنميل سببه الضغط على الشرايين والاعصاب هل تعانين من مرض السكري ؟؟ هناك امراض كثيرة تسبب ذلك ولهذا يجب اعطاء معلومات وافرة لتحديد ما تعاني منه,ما هو المرض الذي تصبح فيه القدمين سوداء من الركبه الي اسفل القدمين و يصاحبه شلل تام و تنمل القدمين,هناك بعض الامراض ذات العلاقه الشديده بتغير لون الجلد الي اللون الاسود وهو ما يسمي ب acanthosis nigricans الذي تعد السمنه احد اهم مسبباته مع زياده هرمون الانسولين الذي لا يعمل بالشكل الصحيح مما يودي الي زياده نسبته بالدم وبالتالي يذهب الي الجلد ويعمل علي تغيير لونه الي الاسود وزياده سماكته حول الرقبه ومنطقه الابط والكوع والركبه ومنطقه الاعضاء التناسليه مرض الاديسون هو سبب اخر لتغيير لون الجلد الي اسود امراض الشرايين وعدم وصول تغذيه كافيه للجلد ايضا يتسبب بتغيير اللون الي السواد ايضا الحروق تسبب ذلك والغرغرينا هي سبب اخر لذلك التنميل سببه الضغط علي الشرايين والاعصاب هل تعانين من مرض السكري ? هناك امراض كثيره تسبب ذلك ولهذا يجب اعطاء معلومات وافره لتحديد ما تعاني منه,772
ahd5k_04948,463054,graph_train,أمراض باطنية,Esoteric,والدى مريض كبد يعالج بالعلاج الجديد بمصر ولكنه احيانا يتقيأ بعد تناول العلاج بحوالى ساعتين او اقل فما السبب فى ذلك علما انه يعانى من تخم البروستاتا الحميد,عليك بمراجعة الطبيب الذي وصف له العلاج .. من الممكن ان المعدة لا تتحمل الدواء ... راجع الطبيب لإضافة دواء اخر للمعدة بعد الفحص,والدي مريض كبد يعالج بالعلاج الجديد بمصر ولكنه احيانا يتقيا بعد تناول العلاج بحوالي ساعتين او اقل فما السبب في ذلك علما انه يعاني من تخم البروستاتا الحميد,عليك بمراجعه الطبيب الذي وصف له العلاج . من الممكن ان المعده لا تتحمل الدواء . راجع الطبيب لاضافه دواء اخر للمعده بعد الفحص,280
ahd5k_04953,528105,graph_train,أمراض باطنية,Esoteric,لدي آلام بالجهة اليسرى احيانا سرعة خفقان القلب ولدي انتفاخ في البطن يرجى إخباري بأسباب هذه الأعراض,هذه اعراض التوتر والارهاق والقلق,لدي الام بالجهه اليسري احيانا سرعه خفقان القلب ولدي انتفاخ في البطن يرجي اخباري باسباب هذه الاعراض,هذه اعراض التوتر والارهاق والقلق,130
ahd5k_04970,691197,graph_train,جراحة القلب والشرايين,Cardiovascular surgery,نعم مكان اجراء القسطرة التشخيصية ( للشرايين التاجية ) كان هوالساق اليمين / حدث ضمور الساق والقدم وبرودتهما بعد القسطرة التشخيصية بحوالي ( 3 ) اسابيع واصبحت كفاءة عضلة القلب...,سبق أن تمت الإجابة,نعم مكان اجراء القسطره التشخيصيه ( للشرايين التاجيه ) كان هوالساق اليمين / حدث ضمور الساق والقدم وبرودتهما بعد القسطره التشخيصيه بحوالي ( 3 ) اسابيع واصبحت كفاءه عضله القلب.,سبق ان تمت الاجابه,193
ahd5k_04975,518117,graph_train,أمراض القلب و الشرايين,Cardiovascular disease,امي في عمر ٦٠ تعاني من امراض الضغط والسكر وضيق في شرايين القلب والكروستروال والان تشتكي من نغزات في الجهه اليسري من الامام والظهر مماسبب هده النغزات.؟؟,ليس بالضرورة فكل ألم في هذه المنطقة لا يعني أن مصدره القلب، فهناك انسجة كثيرة جلدية وعضلية هيكلية وغيرها يمكن أن تسبب ألم ولمعرفة السبب بدقة لا بد من فحص طبي سريري وبيان خصاءص الألم والعلامات المرافقة,امي في عمر 60 تعاني من امراض الضغط والسكر وضيق في شرايين القلب والكروستروال والان تشتكي من نغزات في الجهه اليسري من الامام والظهر مماسبب هده النغزات.?,"ليس بالضروره فكل الم في هذه المنطقه لا يعني ان مصدره القلب, فهناك انسجه كثيره جلديه وعضليه هيكليه وغيرها يمكن ان تسبب الم ولمعرفه السبب بدقه لا بد من فحص طبي سريري وبيان خصاءص الالم والعلامات المرافقه",351
ahd5k_04985,777302,graph_train,كيمياء حيوية,Biochemistry,هل السرطان يختلف بعضه مع البعض من حيث تركيب بايوكيمستري؟ مع المصر اذا وجد! ولكم مني جزيل الشكر,نعم كل نوع من السرطان ينشأ من نوع خلايا معينة ولكل منها صفات خاصة,هل السرطان يختلف بعضه مع البعض من حيث تركيب بايوكيمستري? مع المصر اذا وجد! ولكم مني جزيل الشكر,نعم كل نوع من السرطان ينشا من نوع خلايا معينه ولكل منها صفات خاصه,159
ahd5k_04986,765454,graph_train,الطب البديل,Alternative medicine,انا بنت عمري 22 سنة بدي علاج طبيعي وسريع للبطن.. عندي بروز في البطن... وجربت التمارين فترة بس ما لاحظت نتيجة كبيرة ولأنه برد برجع الحجم متل ما كان... بدي...,ليس هناك حلول مضمونة سوى ممارسة التمارين الرباضية الدائم.,انا بنت عمري 22 سنه بدي علاج طبيعي وسريع للبطن. عندي بروز في البطن. وجربت التمارين فتره بس ما لاحظت نتيجه كبيره ولانه برد برجع الحجم متل ما كان. بدي.,ليس هناك حلول مضمونه سوي ممارسه التمارين الرباضيه الدايم.,213
