doc_id,doc_type,source_id,entity_id,qa_id,title,embedding_text
entity::ent_diseasecondition_e04a557cb82b,entity,ent_diseasecondition_e04a557cb82b,ent_diseasecondition_e04a557cb82b,,Acanthosis nigricans,"Entity: Acanthosis nigricans
Aliases: Acanthosis nigricans
Type: DiseaseCondition
Quality: high
Relations: "
entity::ent_diseasecondition_5f5cc11b7f72,entity,ent_diseasecondition_5f5cc11b7f72,ent_diseasecondition_5f5cc11b7f72,,Achondroplasia,"Entity: Achondroplasia
Aliases: Achondroplasia
Type: DiseaseCondition
Quality: high
Relations: "
entity::ent_diseasecondition_8d0f4dc232cb,entity,ent_diseasecondition_8d0f4dc232cb,ent_diseasecondition_8d0f4dc232cb,,Growth Hormone,"Entity: Growth Hormone
Aliases: Growth Hormone
Type: DiseaseCondition
Quality: high
Relations: "
entity::ent_diseasecondition_e70dbd4b1bf0,entity,ent_diseasecondition_e70dbd4b1bf0,ent_diseasecondition_e70dbd4b1bf0,,Hashimot,"Entity: Hashimot
Aliases: Hashimot, Hashimot's disease
Type: DiseaseCondition
Quality: high
Relations: Hashimot TREATED_BY Tiroxine. Evidence: أَنِّي أعاني من هاشيموتو في بعض الأحيان في رمضان أخذ الدواء قبل السحور ولا اكل شي بعده وأصوم طوال النهار"
entity::ent_diseasecondition_81ee665c48f1,entity,ent_diseasecondition_81ee665c48f1,ent_diseasecondition_81ee665c48f1,,Hashimoto,"Entity: Hashimoto
Aliases: Hashimoto, Hashimotou
Type: DiseaseCondition
Quality: high
Relations: "
entity::ent_diseasecondition_85bdadb0e2a2,entity,ent_diseasecondition_85bdadb0e2a2,ent_diseasecondition_85bdadb0e2a2,,Hypothyroidism,"Entity: Hypothyroidism
Aliases: Hypothyroidism, Underactive thyroid
Type: DiseaseCondition
Quality: high
Relations: "
entity::ent_diseasecondition_ae3dd473a795,entity,ent_diseasecondition_ae3dd473a795,ent_diseasecondition_ae3dd473a795,,Pallister Killian syndrome,"Entity: Pallister Killian syndrome
Aliases: Pallister Killian syndrome
Type: DiseaseCondition
Quality: high
Relations: "
entity::ent_diseasecondition_d66c4956707a,entity,ent_diseasecondition_d66c4956707a,ent_diseasecondition_d66c4956707a,,Rhizomelic and Micromelia,"Entity: Rhizomelic and Micromelia
Aliases: Rhizomelic and Micromelia
Type: DiseaseCondition
Quality: high
Relations: "
entity::ent_diseasecondition_4c4500ee0d57,entity,ent_diseasecondition_4c4500ee0d57,ent_diseasecondition_4c4500ee0d57,,ارتجاج دماغي,"Entity: ارتجاج دماغي
Aliases: ارتجاج دماغي
Type: DiseaseCondition
Quality: high
Relations: ارتجاج دماغي DIAGNOSED_BY أشعة. Evidence: عمل صورة أشعة للرأس"
entity::ent_diseasecondition_d570c92436e9,entity,ent_diseasecondition_d570c92436e9,ent_diseasecondition_d570c92436e9,,ارتخاء,"Entity: ارتخاء
Aliases: ارتخاء
Type: DiseaseCondition
Quality: high
Relations: "
entity::ent_diseasecondition_af6114123652,entity,ent_diseasecondition_af6114123652,ent_diseasecondition_af6114123652,,ارتخاء الصمام الميترالي,"Entity: ارتخاء الصمام الميترالي
Aliases: ارتخاء الصمام الميترالي
Type: DiseaseCondition
Quality: high
Relations: "
entity::ent_diseasecondition_b774b131180f,entity,ent_diseasecondition_b774b131180f,ent_diseasecondition_b774b131180f,,ارتفاع الكلسترول,"Entity: ارتفاع الكلسترول
Aliases: ارتفاع الكلسترول
Type: DiseaseCondition
Quality: high
Relations: "
entity::ent_diseasecondition_db17a406c72e,entity,ent_diseasecondition_db17a406c72e,ent_diseasecondition_db17a406c72e,,ارتفاع ضغط الدم,"Entity: ارتفاع ضغط الدم
Aliases: ارتفاع ضغط, ارتفاع ضغط الدم, ضغط الدم
Type: DiseaseCondition
Quality: high
Relations: ارتفاع ضغط الدم HAS_SYMPTOM خفقان القلب. Evidence: خفقان احيتنا | ارتفاع ضغط الدم HAS_SYMPTOM ضيق تنفس. Evidence: ضيق تنفس | ارتفاع ضغط الدم HAS_SYMPTOM خفقان القلب. Evidence: خفقان القلب الشديد | ارتفاع ضغط الدم HAS_SYMPTOM خفقان القلب. Evidence: تسارع في ضربات القلب | ارتفاع ضغط الدم HAS_SYMPTOM دوخة. Evidence: دوخة | ارتفاع ضغط الدم HAS_SYMPTOM ضيق تنفس. Evidence: ضيق تنفس | ارتفاع ضغط الدم HAS_SYMPTOM الإغماء. Evidence: الإغماء | ارتفاع ضغط الدم TREATED_BY العقاقير. Evidence: قد يعطى لك المهدئات لتقلصات العضلات والعقاقير من خلال الوريد (عن طريق الوريد) لعلاج ارتفاع ضغط الدم والإثارة والألم."
entity::ent_diseasecondition_7f3c581aaa3e,entity,ent_diseasecondition_7f3c581aaa3e,ent_diseasecondition_7f3c581aaa3e,,ارتكاريا,"Entity: ارتكاريا
Aliases: ارتكاريا
Type: DiseaseCondition
Quality: high
Relations: "
entity::ent_diseasecondition_f3982f19c624,entity,ent_diseasecondition_f3982f19c624,ent_diseasecondition_f3982f19c624,,ارتياف دعب \u0627لديم,"Entity: ارتياف دعب \u0627لديم
Aliases: ارتياف دعب \u0627لديم, ارتياف دعب الديم
Type: DiseaseCondition
Quality: high
Relations: ارتياف دعب \u0627لديم HAS_SYMPTOM الالم. Evidence: الالم الدي الديم الديم الديم"
entity::ent_diseasecondition_9db0143f0c61,entity,ent_diseasecondition_9db0143f0c61,ent_diseasecondition_9db0143f0c61,,إسهال,"Entity: إسهال
Aliases: إسهال
Type: DiseaseCondition
Quality: high
Relations: "
entity::ent_diseasecondition_b2548ad0e103,entity,ent_diseasecondition_b2548ad0e103,ent_diseasecondition_b2548ad0e103,,اضطراب الغدة الدرقية,"Entity: اضطراب الغدة الدرقية
Aliases: اضطراب الغدة الدرقية
Type: DiseaseCondition
Quality: high
Relations: "
entity::ent_diseasecondition_35eb2b8f8638,entity,ent_diseasecondition_35eb2b8f8638,ent_diseasecondition_35eb2b8f8638,,اضطراب نفسي,"Entity: اضطراب نفسي
Aliases: اضطراب نفسي
Type: DiseaseCondition
Quality: high
Relations: اضطراب نفسي TREATED_BY العقاقير المضادة للذهان. Evidence: العقاقير المضادة للذهان"
entity::ent_diseasecondition_fab2e100965e,entity,ent_diseasecondition_fab2e100965e,ent_diseasecondition_fab2e100965e,,اضطرابات كهربية قلبية,"Entity: اضطرابات كهربية قلبية
Aliases: اضطرابات كهربية, اضطرابات كهربية قلبية
Type: DiseaseCondition
Quality: high
Relations: "
entity::ent_diseasecondition_a2605dbbfa2a,entity,ent_diseasecondition_a2605dbbfa2a,ent_diseasecondition_a2605dbbfa2a,,أقل من الطبيعي,"Entity: أقل من الطبيعي
Aliases: أقل من الطبيعي
Type: DiseaseCondition
Quality: high
Relations: "
entity::ent_diseasecondition_32c84edce6a2,entity,ent_diseasecondition_32c84edce6a2,ent_diseasecondition_32c84edce6a2,,اكتئاب,"Entity: اكتئاب
Aliases: اكتئاب
Type: DiseaseCondition
Quality: high
Relations: "
entity::ent_diseasecondition_8b9d599f7475,entity,ent_diseasecondition_8b9d599f7475,ent_diseasecondition_8b9d599f7475,,الأسنان,"Entity: الأسنان
Aliases: اسنان, الأسنان
Type: DiseaseCondition
Quality: high
Relations: "
entity::ent_diseasecondition_c530adcb98c5,entity,ent_diseasecondition_c530adcb98c5,ent_diseasecondition_c530adcb98c5,,الاكتئاب,"Entity: الاكتئاب
Aliases: اكتئاب, الاكتئاب, شعور بالخوف
Type: DiseaseCondition
Quality: high
Relations: "
entity::ent_diseasecondition_8ca9f15583c7,entity,ent_diseasecondition_8ca9f15583c7,ent_diseasecondition_8ca9f15583c7,,الانتان,"Entity: الانتان
Aliases: الانتان, الانتان خفي أو ظاهر
Type: DiseaseCondition
Quality: high
Relations: الانتان DIAGNOSED_BY فحص الدم. Evidence: فحص دم"
entity::ent_diseasecondition_4483219775eb,entity,ent_diseasecondition_4483219775eb,ent_diseasecondition_4483219775eb,,الانزلاقات الغضروفية العنقية,"Entity: الانزلاقات الغضروفية العنقية
Aliases: الانزلاقات الغضروفية العنقية
Type: DiseaseCondition
Quality: high
Relations: "
entity::ent_diseasecondition_8ae017ffaf32,entity,ent_diseasecondition_8ae017ffaf32,ent_diseasecondition_8ae017ffaf32,,الانفلوانزا,"Entity: الانفلوانزا
Aliases: الانفلوانزا
Type: DiseaseCondition
Quality: high
Relations: "
entity::ent_diseasecondition_ce9ff22d8fac,entity,ent_diseasecondition_ce9ff22d8fac,ent_diseasecondition_ce9ff22d8fac,,البرونكيتيس,"Entity: البرونكيتيس
Aliases: البرونكيتيس, التهاب
Type: DiseaseCondition
Quality: high
Relations: "
entity::ent_diseasecondition_f9f02cdde82f,entity,ent_diseasecondition_f9f02cdde82f,ent_diseasecondition_f9f02cdde82f,,البواسير,"Entity: البواسير
Aliases: البواسير
Type: DiseaseCondition
Quality: high
Relations: "
entity::ent_diseasecondition_30c063bfe92d,entity,ent_diseasecondition_30c063bfe92d,ent_diseasecondition_30c063bfe92d,,التسوس,"Entity: التسوس
Aliases: التسوس, التصبغات السوداء
Type: DiseaseCondition
Quality: high
Relations: "
entity::ent_diseasecondition_743481d9d387,entity,ent_diseasecondition_743481d9d387,ent_diseasecondition_743481d9d387,,التصاق التوائم السيامي,"Entity: التصاق التوائم السيامي
Aliases: التصاق التوائم السيامي
Type: DiseaseCondition
Quality: high
Relations: "
entity::ent_diseasecondition_4ea30d57b62c,entity,ent_diseasecondition_4ea30d57b62c,ent_diseasecondition_4ea30d57b62c,,التصبغات السوداء,"Entity: التصبغات السوداء
Aliases: التصبغات السوداء
Type: DiseaseCondition
Quality: high
Relations: "
entity::ent_diseasecondition_16cf4e77b755,entity,ent_diseasecondition_16cf4e77b755,ent_diseasecondition_16cf4e77b755,,التهاب,"Entity: التهاب
Aliases: إلتهاب, التهاب البنكرياس, التهاب الحاد, التهاب الحفاظ, التهاب الحلق, التهاب الدم, التهاب الرحم, التهاب القلبي, التهاب المهبل, التهاب فيروسي, التهابات, الم, تهاب, تهاب الحلمات, تهاب الفم, تهاب اللثة, حساسية, حساسية الصدر, ربو
Type: DiseaseCondition
Quality: high
Relations: التهاب HAS_SYMPTOM سعال. Evidence: اذا كنت تعاني من التهاب ما في الجزء العلوي من الجهاز التنفسي يجب ان تتعالج | التهاب HAS_SYMPTOM بلغم. Evidence: اذا كنت تعاني من التهاب ما في الجزء العلوي من الجهاز التنفسي يجب ان تتعالج | التهاب HAS_SYMPTOM ضيق تنفس. Evidence: اعاني من فتره من آلام في الانف والوجه والاخص الجبين واشعر بحساسيه في الحلق مما يسبب لي ضيق تنفس وتعب بشكل عام | التهاب HAS_SYMPTOM تعب. Evidence: اعاني من فتره من آلام في الانف والوجه والاخص الجبين واشعر بحساسيه في الحلق مما يسبب لي ضيق تنفس وتعب بشكل عام | التهاب HAS_SYMPTOM اختلال وظائف الكبد. Evidence: التهاب في العين وفقدان حاسة الشم واختلال وظائف الكبد والكلى | التهاب DIAGNOSED_BY تحاليل مخبرية. Evidence: تحاليل مخبرية | التهاب DIAGNOSED_BY تحليل بول. Evidence: عمل تحليل بول | التهاب TREATED_BY الاكثار من شرب الماء. Evidence: الاكثار من شرب الماء"
entity::ent_diseasecondition_d1ac437fb721,entity,ent_diseasecondition_d1ac437fb721,ent_diseasecondition_d1ac437fb721,,التهاب الامعاء,"Entity: التهاب الامعاء
Aliases: التهاب الامعاء
Type: DiseaseCondition
Quality: high
Relations: "
entity::ent_diseasecondition_ad3e19c416f6,entity,ent_diseasecondition_ad3e19c416f6,ent_diseasecondition_ad3e19c416f6,,التهاب الجيوب الأنفية,"Entity: التهاب الجيوب الأنفية
Aliases: التهاب الجيوب الأنفية
Type: DiseaseCondition
Quality: high
Relations: التهاب الجيوب الأنفية HAS_SYMPTOM صداع. Evidence: صداع | التهاب الجيوب الأنفية HAS_SYMPTOM ضغط. Evidence: ضغط"
entity::ent_diseasecondition_6ed57271807f,entity,ent_diseasecondition_6ed57271807f,ent_diseasecondition_6ed57271807f,,التهاب الحفاظ,"Entity: التهاب الحفاظ
Aliases: التهاب الحفاظ
Type: DiseaseCondition
Quality: high
Relations: "
entity::ent_diseasecondition_8073c16255c6,entity,ent_diseasecondition_8073c16255c6,ent_diseasecondition_8073c16255c6,,التهاب الخلوي,"Entity: التهاب الخلوي
Aliases: التهاب الخلوي
Type: DiseaseCondition
Quality: high
Relations: "
entity::ent_diseasecondition_d9b91988beb9,entity,ent_diseasecondition_d9b91988beb9,ent_diseasecondition_d9b91988beb9,,التهاب السحايا,"Entity: التهاب السحايا
Aliases: التهاب السحايا
Type: DiseaseCondition
Quality: high
Relations: التهاب السحايا HAS_SYMPTOM صداع. Evidence: صداع"
entity::ent_diseasecondition_6ed4cacd0b61,entity,ent_diseasecondition_6ed4cacd0b61,ent_diseasecondition_6ed4cacd0b61,,التهاب الشعري,"Entity: التهاب الشعري
Aliases: التهاب الشعري
Type: DiseaseCondition
Quality: high
Relations: "
entity::ent_diseasecondition_3a46ea69fd7e,entity,ent_diseasecondition_3a46ea69fd7e,ent_diseasecondition_3a46ea69fd7e,,التهاب العصي البصري,"Entity: التهاب العصي البصري
Aliases: التهاب العصي البصري
Type: DiseaseCondition
Quality: high
Relations: "
entity::ent_diseasecondition_31c6f1e3a619,entity,ent_diseasecondition_31c6f1e3a619,ent_diseasecondition_31c6f1e3a619,,التهاب الغدة الدرقية,"Entity: التهاب الغدة الدرقية
Aliases: التهاب الدرقية, التهاب الغدة الدرقية
Type: DiseaseCondition
Quality: high
Relations: "
entity::ent_diseasecondition_93d8578caf27,entity,ent_diseasecondition_93d8578caf27,ent_diseasecondition_93d8578caf27,,التهاب الكبد,"Entity: التهاب الكبد
Aliases: التهاب الكبد
Type: DiseaseCondition
Quality: high
Relations: "
entity::ent_diseasecondition_6e95846a4080,entity,ent_diseasecondition_6e95846a4080,ent_diseasecondition_6e95846a4080,,التهاب اللثة,"Entity: التهاب اللثة
Aliases: التهاب, التهاب اللثة, تهاب اللثه
Type: DiseaseCondition
Quality: high
Relations: "
entity::ent_diseasecondition_341d574d8fe5,entity,ent_diseasecondition_341d574d8fe5,ent_diseasecondition_341d574d8fe5,,التهاب اللوزتين,"Entity: التهاب اللوزتين
Aliases: التهاب اللوزتين
Type: DiseaseCondition
Quality: high
Relations: التهاب اللوزتين HAS_SYMPTOM نشفان. Evidence: نشفان دائم في الحلق"
entity::ent_diseasecondition_c8b276e9a67b,entity,ent_diseasecondition_c8b276e9a67b,ent_diseasecondition_c8b276e9a67b,,التهاب المفاصل,"Entity: التهاب المفاصل
Aliases: التهاب المفاصل
Type: DiseaseCondition
Quality: high
Relations: التهاب المفاصل HAS_SYMPTOM ألم المفاصل. Evidence: الحد من التهاب المفاصل والتخفيف من ألم المفاصل"
entity::ent_diseasecondition_5a02034f11b7,entity,ent_diseasecondition_5a02034f11b7,ent_diseasecondition_5a02034f11b7,,التهاب بكتيري,"Entity: التهاب بكتيري
Aliases: التهاب بكتيري, تهاب بكتيري
Type: DiseaseCondition
Quality: high
Relations: "
entity::ent_diseasecondition_9c03a470d940,entity,ent_diseasecondition_9c03a470d940,ent_diseasecondition_9c03a470d940,,التهاب فطري,"Entity: التهاب فطري
Aliases: التهاب فطري, تهاب فطري
Type: DiseaseCondition
Quality: high
Relations: "
entity::ent_diseasecondition_2c73be2f25fe,entity,ent_diseasecondition_2c73be2f25fe,ent_diseasecondition_2c73be2f25fe,,التهاب فيروسي,"Entity: التهاب فيروسي
Aliases: التهاب فيروسي
Type: DiseaseCondition
Quality: high
Relations: "
entity::ent_diseasecondition_f12d335bd2d8,entity,ent_diseasecondition_f12d335bd2d8,ent_diseasecondition_f12d335bd2d8,,التهاب مفصل الركبة,"Entity: التهاب مفصل الركبة
Aliases: التهاب مفصل الركبة, تهاب مفصل الركبة
Type: DiseaseCondition
Quality: high
Relations: "
entity::ent_diseasecondition_443aafd23ff7,entity,ent_diseasecondition_443aafd23ff7,ent_diseasecondition_443aafd23ff7,,التوحد السلوكي,"Entity: التوحد السلوكي
Aliases: التوحد السلوكي
Type: DiseaseCondition
Quality: high
Relations: "
entity::ent_diseasecondition_8e104f8ce212,entity,ent_diseasecondition_8e104f8ce212,ent_diseasecondition_8e104f8ce212,,الجالكتوز,"Entity: الجالكتوز
Aliases: الجالكتوز
Type: DiseaseCondition
Quality: high
Relations: "
entity::ent_diseasecondition_adcc5a085807,entity,ent_diseasecondition_adcc5a085807,ent_diseasecondition_adcc5a085807,,الجلد المترهل,"Entity: الجلد المترهل
Aliases: الجلد المترهل
Type: DiseaseCondition
Quality: high
Relations: الجلد المترهل TREATED_BY الجراحة التجميلية. Evidence: يمكن شده بممارسة الرياضة أو بالجراحة التجميلية"
entity::ent_diseasecondition_9efe983f86e2,entity,ent_diseasecondition_9efe983f86e2,ent_diseasecondition_9efe983f86e2,,الجلطات,"Entity: الجلطات
Aliases: الجلطات, جلطات
Type: DiseaseCondition
Quality: high
Relations: "
entity::ent_diseasecondition_925cfcb87467,entity,ent_diseasecondition_925cfcb87467,ent_diseasecondition_925cfcb87467,,الجلطات الدماغية,"Entity: الجلطات الدماغية
Aliases: الجلطات الدماغية
Type: DiseaseCondition
Quality: high
Relations: "
entity::ent_diseasecondition_da5565d6842c,entity,ent_diseasecondition_da5565d6842c,ent_diseasecondition_da5565d6842c,,الجلطة الدماغية,"Entity: الجلطة الدماغية
Aliases: الجلطة الدماغية, الجلطة الدماغية السابقة
Type: DiseaseCondition
Quality: high
Relations: الجلطة الدماغية TREATED_BY الأسبرين. Evidence: الأسبرين + البلافيكس"
entity::ent_diseasecondition_1420aadad936,entity,ent_diseasecondition_1420aadad936,ent_diseasecondition_1420aadad936,,الجنين,"Entity: الجنين
Aliases: الجنين
Type: DiseaseCondition
Quality: high
Relations: "
entity::ent_diseasecondition_2de63ce5404a,entity,ent_diseasecondition_2de63ce5404a,ent_diseasecondition_2de63ce5404a,,الجيب اللثوي,"Entity: الجيب اللثوي
Aliases: الجيب اللثوي
Type: DiseaseCondition
Quality: high
Relations: الجيب اللثوي TREATED_BY الجيب اللثوي. Evidence: ازاله التلبيس وعمل جراحة للجيب اللثوي"
entity::ent_diseasecondition_5dcc30c3edc8,entity,ent_diseasecondition_5dcc30c3edc8,ent_diseasecondition_5dcc30c3edc8,,الحروق,"Entity: الحروق
Aliases: الحروق
Type: DiseaseCondition
Quality: high
Relations: الحروق TREATED_BY الطبيب. Evidence: يستدعي الطبيب او المسعف للتعامل مع المصاب"
entity::ent_diseasecondition_ac6f7cbfb177,entity,ent_diseasecondition_ac6f7cbfb177,ent_diseasecondition_ac6f7cbfb177,,الحصى,"Entity: الحصى
Aliases: الحصى
Type: DiseaseCondition
Quality: high
Relations: "
entity::ent_diseasecondition_7abdd04c7114,entity,ent_diseasecondition_7abdd04c7114,ent_diseasecondition_7abdd04c7114,,الحمل,"Entity: الحمل
Aliases: أطفال الأنابيب, الحمل, حمل, حمل الأنابيب, حمل لفايروس الكبد
Type: DiseaseCondition
Quality: high
Relations: الحمل HAS_SYMPTOM الزراق. Evidence: بعض الحالات المرضية مثل امراض القلب والشرايين , او امراض الجهاو التنفسي التي قد تؤدي الة ضيق النفس ونقص الاكسجين وبالتالي الزراق | الحمل HAS_SYMPTOM قيء. Evidence: قيء"
entity::ent_diseasecondition_41f520aa86a9,entity,ent_diseasecondition_41f520aa86a9,ent_diseasecondition_41f520aa86a9,,الحودة الحال,"Entity: الحودة الحال
Aliases: الحودة الحال
Type: DiseaseCondition
Quality: high
Relations: الحودة الحال HAS_SYMPTOM الحال. Evidence: الحودة الحال بالمرديدين | الحودة الحال HAS_SYMPTOM الحال بالمرديدين. Evidence: الحودة الحال بالمرديدين | الحودة الحال HAS_SYMPTOM الحال. Evidence: الحودة الحال بالمرديدين | الحودة الحال HAS_SYMPTOM الحال بالمرديدين. Evidence: الحودة الحال بالمرديدين"
entity::ent_diseasecondition_33ebca04d291,entity,ent_diseasecondition_33ebca04d291,ent_diseasecondition_33ebca04d291,,الحودة الصكري,"Entity: الحودة الصكري
Aliases: الحودة الصكري
Type: DiseaseCondition
Quality: high
Relations: الحودة الصكري HAS_SYMPTOM الحال بالمرديدين. Evidence: الحودة الصكري اليثثار الحودة الحال بالمرديدين | الحودة الصكري HAS_SYMPTOM الحال بالمرديدين. Evidence: الحودة الصكري اليثثار الحودة الحال بالمرديدين"
entity::ent_diseasecondition_f870ba2ab6eb,entity,ent_diseasecondition_f870ba2ab6eb,ent_diseasecondition_f870ba2ab6eb,,الدورة الشهرية,"Entity: الدورة الشهرية
Aliases: الدورة, الدورة الشهرية
Type: DiseaseCondition
Quality: high
Relations: الدورة الشهرية TREATED_BY اكليل الجبل. Evidence: اكليل الجبل | الدورة الشهرية TREATED_BY الميرمية. Evidence: الميرمية | الدورة الشهرية TREATED_BY البقدونس. Evidence: البقدونس | الدورة الشهرية TREATED_BY حشيشة الملاك. Evidence: حشيشة الملاك | الدورة الشهرية TREATED_BY البردقوش. Evidence: البردقوش | الدورة الشهرية TREATED_BY القرفة. Evidence: القرفة | الدورة الشهرية TREATED_BY الزنجبيل. Evidence: الزنجبيل | الدورة الشهرية TREATED_BY الكرفس. Evidence: الكرفس"
entity::ent_diseasecondition_d858e70d5fdf,entity,ent_diseasecondition_d858e70d5fdf,ent_diseasecondition_d858e70d5fdf,,الروماتيزم,"Entity: الروماتيزم
Aliases: الروماتيزم
Type: DiseaseCondition
Quality: high
Relations: "
entity::ent_diseasecondition_01ba795ec738,entity,ent_diseasecondition_01ba795ec738,ent_diseasecondition_01ba795ec738,,الرئتين,"Entity: الرئتين
Aliases: الرئتين
Type: DiseaseCondition
Quality: high
Relations: "
entity::ent_diseasecondition_aaf0d0958a26,entity,ent_diseasecondition_aaf0d0958a26,ent_diseasecondition_aaf0d0958a26,,السرطان,"Entity: السرطان
Aliases: السرطان
Type: DiseaseCondition
Quality: high
Relations: "
entity::ent_diseasecondition_6eb03902c623,entity,ent_diseasecondition_6eb03902c623,ent_diseasecondition_6eb03902c623,,السكري,"Entity: السكري
Aliases: السكري, سكري
Type: DiseaseCondition
Quality: high
Relations: "
entity::ent_diseasecondition_e315c7d51517,entity,ent_diseasecondition_e315c7d51517,ent_diseasecondition_e315c7d51517,,السل,"Entity: السل
Aliases: السل
Type: DiseaseCondition
Quality: high
Relations: "
entity::ent_diseasecondition_f756960fd62b,entity,ent_diseasecondition_f756960fd62b,ent_diseasecondition_f756960fd62b,,السمنة,"Entity: السمنة
Aliases: السمنة, سمنة
Type: DiseaseCondition
Quality: high
Relations: "
entity::ent_diseasecondition_d99fb1a77d6c,entity,ent_diseasecondition_d99fb1a77d6c,ent_diseasecondition_d99fb1a77d6c,,الشيخوخة,"Entity: الشيخوخة
Aliases: الشيخوخة, شيخوخة, شيخوخة المبكرة
Type: DiseaseCondition
Quality: high
Relations: "
entity::ent_diseasecondition_00247d3d5c80,entity,ent_diseasecondition_00247d3d5c80,ent_diseasecondition_00247d3d5c80,,الصداع التوتري,"Entity: الصداع التوتري
Aliases: الصداع التوتري, صداع التوتري
Type: DiseaseCondition
Quality: high
Relations: الصداع التوتري HAS_SYMPTOM صداع. Evidence: الصداع التوتري قد يظهر كصداع يختلف حدته"
entity::ent_diseasecondition_aacab021c9d4,entity,ent_diseasecondition_aacab021c9d4,ent_diseasecondition_aacab021c9d4,,الصداع النصفي,"Entity: الصداع النصفي
Aliases: الصداع النصفي
Type: DiseaseCondition
Quality: high
Relations: "
entity::ent_diseasecondition_6fc3f18427fb,entity,ent_diseasecondition_6fc3f18427fb,ent_diseasecondition_6fc3f18427fb,,الصدمة الكهربائية,"Entity: الصدمة الكهربائية
Aliases: الصدمة الكهربائية
Type: DiseaseCondition
Quality: high
Relations: الصدمة الكهربائية TREATED_BY الطبيب. Evidence: يستدعي الطبيب او المسعف للتعامل مع المصاب"
entity::ent_diseasecondition_b3e7fc089ddd,entity,ent_diseasecondition_b3e7fc089ddd,ent_diseasecondition_b3e7fc089ddd,,الصفائح الدموية,"Entity: الصفائح الدموية
Aliases: الصفائح, الصفائح الدموية
Type: DiseaseCondition
Quality: high
Relations: "
entity::ent_diseasecondition_ee57bd84c53c,entity,ent_diseasecondition_ee57bd84c53c,ent_diseasecondition_ee57bd84c53c,,الضرس,"Entity: الضرس
Aliases: الضرس
Type: DiseaseCondition
Quality: high
Relations: "
entity::ent_diseasecondition_45b76d151316,entity,ent_diseasecondition_45b76d151316,ent_diseasecondition_45b76d151316,,الضيق البسيط,"Entity: الضيق البسيط
Aliases: الضيق البسيط
Type: DiseaseCondition
Quality: high
Relations: "
entity::ent_diseasecondition_7b4788cd854a,entity,ent_diseasecondition_7b4788cd854a,ent_diseasecondition_7b4788cd854a,,الغدة الدرقية,"Entity: الغدة الدرقية
Aliases: الغدة الدرقية
Type: DiseaseCondition
Quality: high
Relations: "
entity::ent_diseasecondition_46faf93722a3,entity,ent_diseasecondition_46faf93722a3,ent_diseasecondition_46faf93722a3,,الفركتوز,"Entity: الفركتوز
Aliases: الفركتوز, سكر الذرة
Type: DiseaseCondition
Quality: high
Relations: "
entity::ent_diseasecondition_765c9fdd4495,entity,ent_diseasecondition_765c9fdd4495,ent_diseasecondition_765c9fdd4495,,الفشل القلبي اللامُعاوَض,"Entity: الفشل القلبي اللامُعاوَض
Aliases: الفشل القلبي اللامُعاوَض
Type: DiseaseCondition
Quality: high
Relations: "
entity::ent_diseasecondition_d13d516b4149,entity,ent_diseasecondition_d13d516b4149,ent_diseasecondition_d13d516b4149,,القرحة,"Entity: القرحة
Aliases: القرحة
Type: DiseaseCondition
Quality: high
Relations: "
entity::ent_diseasecondition_8fec9e9307d6,entity,ent_diseasecondition_8fec9e9307d6,ent_diseasecondition_8fec9e9307d6,,القفص الصدري,"Entity: القفص الصدري
Aliases: القفص الصدري
Type: DiseaseCondition
Quality: high
Relations: "
entity::ent_diseasecondition_017a6d080eff,entity,ent_diseasecondition_017a6d080eff,ent_diseasecondition_017a6d080eff,,القولون,"Entity: القولون
Aliases: القولون, القولون العصبى, قولون
Type: DiseaseCondition
Quality: high
Relations: "
entity::ent_diseasecondition_ca9304cd0dde,entity,ent_diseasecondition_ca9304cd0dde,ent_diseasecondition_ca9304cd0dde,,القولون العصبي,"Entity: القولون العصبي
Aliases: القولون العصبي, قولون العصبي
Type: DiseaseCondition
Quality: high
Relations: "
entity::ent_diseasecondition_584b39abb33a,entity,ent_diseasecondition_584b39abb33a,ent_diseasecondition_584b39abb33a,,الكساح,"Entity: الكساح
Aliases: الكساح, كساح, كساح العظام
Type: DiseaseCondition
Quality: high
Relations: الكساح TREATED_BY فيتامين د. Evidence: تصنف بأنها (Vit.D-Resistant Rickets) أي لا تستجيب للجرعات المعتادة من فيتامين (د)"
entity::ent_diseasecondition_1cda0b09f82c,entity,ent_diseasecondition_1cda0b09f82c,ent_diseasecondition_1cda0b09f82c,,الكوليسترول,"Entity: الكوليسترول
Aliases: الكوليسترول
Type: DiseaseCondition
Quality: high
Relations: "
entity::ent_diseasecondition_4171598a5900,entity,ent_diseasecondition_4171598a5900,ent_diseasecondition_4171598a5900,,اللثة,"Entity: اللثة
Aliases: اللثة, لثة
Type: DiseaseCondition
Quality: high
Relations: "
entity::ent_diseasecondition_d2e284c27e53,entity,ent_diseasecondition_d2e284c27e53,ent_diseasecondition_d2e284c27e53,,اللمف,"Entity: اللمف
Aliases: اللمف, سائل, سائل شفاف
Type: DiseaseCondition
Quality: high
Relations: "
entity::ent_diseasecondition_86e897b1e25a,entity,ent_diseasecondition_86e897b1e25a,ent_diseasecondition_86e897b1e25a,,الملوية البوابية,"Entity: الملوية البوابية
Aliases: الملوية البوابية
Type: DiseaseCondition
Quality: high
Relations: الملوية البوابية TREATED_BY الدواء. Evidence: مضادات حيويه نكسيوم و كلاريثرومايسين واموكسسلين"
entity::ent_diseasecondition_1d360e20e36c,entity,ent_diseasecondition_1d360e20e36c,ent_diseasecondition_1d360e20e36c,,الموت الدماغي,"Entity: الموت الدماغي
Aliases: الموت الدماغي
Type: DiseaseCondition
Quality: high
Relations: "
entity::ent_diseasecondition_a2bb8f572461,entity,ent_diseasecondition_a2bb8f572461,ent_diseasecondition_a2bb8f572461,,النخاع الشوكي,"Entity: النخاع الشوكي
Aliases: النخاع الشوكي
Type: DiseaseCondition
Quality: high
Relations: "
entity::ent_diseasecondition_532d066568cb,entity,ent_diseasecondition_532d066568cb,ent_diseasecondition_532d066568cb,,النسيج,"Entity: النسيج
Aliases: النسيج, نسيج
Type: DiseaseCondition
Quality: high
Relations: "
entity::ent_diseasecondition_77d1494eeb4a,entity,ent_diseasecondition_77d1494eeb4a,ent_diseasecondition_77d1494eeb4a,,النسيج المحيط,"Entity: النسيج المحيط
Aliases: النسيج المحيط
Type: DiseaseCondition
Quality: high
Relations: "
entity::ent_diseasecondition_1624385f1d65,entity,ent_diseasecondition_1624385f1d65,ent_diseasecondition_1624385f1d65,,النسيج المحيط بالفتحة,"Entity: النسيج المحيط بالفتحة
Aliases: النسيج المحيط بالفتحة
Type: DiseaseCondition
Quality: high
Relations: "
entity::ent_diseasecondition_bad4a78d1afb,entity,ent_diseasecondition_bad4a78d1afb,ent_diseasecondition_bad4a78d1afb,,النسيج فوق الدعامات,"Entity: النسيج فوق الدعامات
Aliases: النسيج فوق الدعامات
Type: DiseaseCondition
Quality: high
Relations: "
entity::ent_diseasecondition_d039dca7a8c0,entity,ent_diseasecondition_d039dca7a8c0,ent_diseasecondition_d039dca7a8c0,,النقص الشديد للصفائح,"Entity: النقص الشديد للصفائح
Aliases: النقص الشديد للصفائح
Type: DiseaseCondition
Quality: high
Relations: النقص الشديد للصفائح TREATED_BY الروتيكسيماب. Evidence: الروتيكسيماب يفيده في علاج النقص الشديد للصفائح"
entity::ent_diseasecondition_7a635a09206f,entity,ent_diseasecondition_7a635a09206f,ent_diseasecondition_7a635a09206f,,الورم الدماغي,"Entity: الورم الدماغي
Aliases: الورم الدماغي
Type: DiseaseCondition
Quality: high
Relations: "
entity::ent_diseasecondition_0c001085703e,entity,ent_diseasecondition_0c001085703e,ent_diseasecondition_0c001085703e,,الورم النقوي المتعدد,"Entity: الورم النقوي المتعدد
Aliases: الورم النقوي المتعدد
Type: DiseaseCondition
Quality: high
Relations: الورم النقوي المتعدد DIAGNOSED_BY تحليل. Evidence: تحليل لبروتينات الدم"
entity::ent_diseasecondition_deb4b94517cc,entity,ent_diseasecondition_deb4b94517cc,ent_diseasecondition_deb4b94517cc,,إمساك,"Entity: إمساك
Aliases: إمساك, امساك شديد
Type: DiseaseCondition
Quality: high
Relations: "
entity::ent_diseasecondition_58d7d4ebddc3,entity,ent_diseasecondition_58d7d4ebddc3,ent_diseasecondition_58d7d4ebddc3,,انخفاض ضغط الدم,"Entity: انخفاض ضغط الدم
Aliases: انخفاض ضغط الدم
Type: DiseaseCondition
Quality: high
Relations: "
entity::ent_diseasecondition_8900ade247cb,entity,ent_diseasecondition_8900ade247cb,ent_diseasecondition_8900ade247cb,,انزلاق أنقي,"Entity: انزلاق أنقي
Aliases: انزلاق أنقي
Type: DiseaseCondition
Quality: high
Relations: "
entity::ent_diseasecondition_5490429a16c5,entity,ent_diseasecondition_5490429a16c5,ent_diseasecondition_5490429a16c5,,انزلاق غضروفي عنقي,"Entity: انزلاق غضروفي عنقي
Aliases: انزلاق غضروفي عنقي
Type: DiseaseCondition
Quality: high
Relations: انزلاق غضروفي عنقي DIAGNOSED_BY أشعة. Evidence: ينصح لك بصورة اشعة للعنق، هذه العلامات تشير إلى انزلاق غضروفي عنقي"
entity::ent_diseasecondition_94a9a87f1248,entity,ent_diseasecondition_94a9a87f1248,ent_diseasecondition_94a9a87f1248,,انفراص,"Entity: انفراص
Aliases: انفراص, انقراص
Type: DiseaseCondition
Quality: high
Relations: "
entity::ent_diseasecondition_bcda4485dd1d,entity,ent_diseasecondition_bcda4485dd1d,ent_diseasecondition_bcda4485dd1d,,انقراص,"Entity: انقراص
Aliases: انفراص, انقراص
Type: DiseaseCondition
Quality: high
Relations: "
entity::ent_diseasecondition_884ee2807f70,entity,ent_diseasecondition_884ee2807f70,ent_diseasecondition_884ee2807f70,,بروثرومبين,"Entity: بروثرومبين
Aliases: بروثرومبين
Type: DiseaseCondition
Quality: high
Relations: "
entity::ent_diseasecondition_28abf8165f28,entity,ent_diseasecondition_28abf8165f28,ent_diseasecondition_28abf8165f28,,بيلة الميوغلوبين,"Entity: بيلة الميوغلوبين
Aliases: بيلة الميوغلوبين, مرض بيلة الميوغلوبين
Type: DiseaseCondition
Quality: high
Relations: بيلة الميوغلوبين TREATED_BY السوائل. Evidence: العلاج الاهم هو السوائل للمحافظة على الكلى"
entity::ent_diseasecondition_517952691aa3,entity,ent_diseasecondition_517952691aa3,ent_diseasecondition_517952691aa3,,تخم البروستاتا الحميد,"Entity: تخم البروستاتا الحميد
Aliases: تخم البروستاتا الحميد
Type: DiseaseCondition
Quality: high
Relations: "
entity::ent_diseasecondition_190a32dbb9bd,entity,ent_diseasecondition_190a32dbb9bd,ent_diseasecondition_190a32dbb9bd,,تسوس الأسنان,"Entity: تسوس الأسنان
Aliases: تسوس الأسنان, تسوس الأسنان أو أي خراجات باللثة
Type: DiseaseCondition
Quality: high
Relations: تسوس الأسنان DIAGNOSED_BY أشعة. Evidence: أشعة | تسوس الأسنان TREATED_BY المراجعة الطبيب الأسنان. Evidence: المراجعة الطبيب الأسنان"
entity::ent_diseasecondition_c0d08edb6394,entity,ent_diseasecondition_c0d08edb6394,ent_diseasecondition_c0d08edb6394,,تشمع الكبد,"Entity: تشمع الكبد
Aliases: تشمع, تشمع الكبد
Type: DiseaseCondition
Quality: high
Relations: "
entity::ent_diseasecondition_35d61a018e10,entity,ent_diseasecondition_35d61a018e10,ent_diseasecondition_35d61a018e10,,تشوه,"Entity: تشوه
Aliases: تشوه, تشوهات
Type: DiseaseCondition
Quality: high
Relations: "
entity::ent_diseasecondition_b50b108a90f4,entity,ent_diseasecondition_b50b108a90f4,ent_diseasecondition_b50b108a90f4,,تشوهات,"Entity: تشوهات
Aliases: تشوه, تشوهات
Type: DiseaseCondition
Quality: high
Relations: "
entity::ent_diseasecondition_7f2969b272b5,entity,ent_diseasecondition_7f2969b272b5,ent_diseasecondition_7f2969b272b5,,تشوهات خلقية,"Entity: تشوهات خلقية
Aliases: تشوهات, تشوهات خلقية
Type: DiseaseCondition
Quality: high
Relations: "
entity::ent_diseasecondition_44e90462f6cf,entity,ent_diseasecondition_44e90462f6cf,ent_diseasecondition_44e90462f6cf,,تصلب الشرايين,"Entity: تصلب الشرايين
Aliases: تصلب الشرايين
Type: DiseaseCondition
Quality: high
Relations: "
entity::ent_diseasecondition_4453ab65a84b,entity,ent_diseasecondition_4453ab65a84b,ent_diseasecondition_4453ab65a84b,,تضخم,"Entity: تضخم
Aliases: تضخم, تضخم في الارداف
Type: DiseaseCondition
Quality: high
Relations: تضخم HAS_SYMPTOM تضخم في الارداف. Evidence: تضخم في الارداف"
entity::ent_diseasecondition_7ac7135caacd,entity,ent_diseasecondition_7ac7135caacd,ent_diseasecondition_7ac7135caacd,,تضخم الغدد اللمفية,"Entity: تضخم الغدد اللمفية
Aliases: تضخم الغدد اللمفية, تضخم الغدد اللمفية الموضعية
Type: DiseaseCondition
Quality: high
Relations: "
entity::ent_diseasecondition_2e5268a07754,entity,ent_diseasecondition_2e5268a07754,ent_diseasecondition_2e5268a07754,,تضيق الشرايين,"Entity: تضيق الشرايين
Aliases: تضيق الشرايين, تضيق الشرايين القلبية
Type: DiseaseCondition
Quality: high
Relations: "
entity::ent_diseasecondition_0058b0001848,entity,ent_diseasecondition_0058b0001848,ent_diseasecondition_0058b0001848,,تضيق القنوات الموجودة داخل الكبد,"Entity: تضيق القنوات الموجودة داخل الكبد
Aliases: تضيق القنوات الموجودة داخل الكبد
Type: DiseaseCondition
Quality: high
Relations: تضيق القنوات الموجودة داخل الكبد TREATED_BY منظار قنوات مرارية الف سلامة. Evidence: عمل منظار قنوات مرارية الف سلامة"
entity::ent_diseasecondition_a69e12c09129,entity,ent_diseasecondition_a69e12c09129,ent_diseasecondition_a69e12c09129,,تكيس المابيض,"Entity: تكيس المابيض
Aliases: بداية تكيس المابيض, تكيس المابيض
Type: DiseaseCondition
Quality: high
Relations: "
entity::ent_diseasecondition_d56405bafefa,entity,ent_diseasecondition_d56405bafefa,ent_diseasecondition_d56405bafefa,,تكيس المبايض,"Entity: تكيس المبايض
Aliases: تكيس المبايض, تكيس المبيض
Type: DiseaseCondition
Quality: high
Relations: "
entity::ent_diseasecondition_385230d505f3,entity,ent_diseasecondition_385230d505f3,ent_diseasecondition_385230d505f3,,تهاب,"Entity: تهاب
Aliases: التهاب, تهاب, تهاب الحلق, تهاب القصبات
Type: DiseaseCondition
Quality: high
Relations: "
entity::ent_diseasecondition_109e661e0028,entity,ent_diseasecondition_109e661e0028,ent_diseasecondition_109e661e0028,,تهاب الغدة الدرقية,"Entity: تهاب الغدة الدرقية
Aliases: تهاب الغدة الدرقية
Type: DiseaseCondition
Quality: high
Relations: "
entity::ent_diseasecondition_78b578d6c9c9,entity,ent_diseasecondition_78b578d6c9c9,ent_diseasecondition_78b578d6c9c9,,توقف القلب,"Entity: توقف القلب
Aliases: توقف القلب
Type: DiseaseCondition
Quality: high
Relations: توقف القلب TREATED_BY تدليك القلب. Evidence: تدليك القلب | توقف القلب TREATED_BY الصدمة الكهربائية. Evidence: الصدمة الكهربائية"
entity::ent_diseasecondition_3af83594d14c,entity,ent_diseasecondition_3af83594d14c,ent_diseasecondition_3af83594d14c,,تيفود,"Entity: تيفود
Aliases: تيفود
Type: DiseaseCondition
Quality: high
Relations: تيفود TREATED_BY بكتيفلوكس. Evidence: بكتيفلوكس 500 مرتين يوميا لمدة عشر ايام"
entity::ent_diseasecondition_632b4053c8a7,entity,ent_diseasecondition_632b4053c8a7,ent_diseasecondition_632b4053c8a7,,ثلاسيميا,"Entity: ثلاسيميا
Aliases: ثلاسيميا, صفة الثلاسيميا
Type: DiseaseCondition
Quality: high
Relations: "
entity::ent_diseasecondition_93e6689ea10d,entity,ent_diseasecondition_93e6689ea10d,ent_diseasecondition_93e6689ea10d,,جلطة الاورده العميقه,"Entity: جلطة الاورده العميقه
Aliases: جلطة الاورده العميقه
Type: DiseaseCondition
Quality: high
Relations: "
entity::ent_diseasecondition_2f75d3dabe0b,entity,ent_diseasecondition_2f75d3dabe0b,ent_diseasecondition_2f75d3dabe0b,,حساسية,"Entity: حساسية
Aliases: ارتكاريا, التهاب, حساسية, حساسية الصدر, حساسية جلديه, حساسية شقية, ربو, نزلة معوية
Type: DiseaseCondition
Quality: high
Relations: حساسية HAS_SYMPTOM سعال. Evidence: هل هو ربو ؟؟ او هل هناك حساسية ابسط من ذلك وعوارضها فقط السعال والبلغم | حساسية HAS_SYMPTOM بلغم. Evidence: ما علاج البلغم (حساسية الصدر) رغم اخذى هلاج اكثر من مرة ولا فائدة ؟ | حساسية TREATED_BY حليب مكسر بروتين الحليب. Evidence: اعطيها حليب مكسر بروتين الحليب بالكامل او حليب رز | حساسية TREATED_BY نازونكس. Evidence: بدائل يوجد نازونكس وافاميز وتابونكس وفليكسونيز | حساسية TREATED_BY مضاد الهيستامين. Evidence: استخدمي مضاد هيسامين وكورتيزون موضعي | حساسية TREATED_BY كورتيزون. Evidence: استخدمي مضاد هيسامين وكورتيزون موضعي | حساسية DIAGNOSED_BY تحليل الحساسية. Evidence: اعملي تحليل حساسية المضادات | حساسية DIAGNOSED_BY RAST Test. Evidence: معرفة سبب الحساسيه يتم ذلك عن طريق RAST Test"
entity::ent_diseasecondition_22b7b2b1b34f,entity,ent_diseasecondition_22b7b2b1b34f,ent_diseasecondition_22b7b2b1b34f,,حساسية البروتين البقري,"Entity: حساسية البروتين البقري
Aliases: حساسية البروتين البقري
Type: DiseaseCondition
Quality: high
Relations: "
entity::ent_diseasecondition_250910ab0701,entity,ent_diseasecondition_250910ab0701,ent_diseasecondition_250910ab0701,,حساسية الصدر,"Entity: حساسية الصدر
Aliases: حساسية, حساسية الصدر
Type: DiseaseCondition
Quality: high
Relations: حساسية الصدر HAS_SYMPTOM سعال. Evidence: حساسية الصدر and سعال co-occur with explicit symptom-pathology link | حساسية الصدر DIAGNOSED_BY تحليل الحساسية. Evidence: تحليل الحساسية explicitly mentioned as diagnostic tool for حساسية الصدر"
entity::ent_diseasecondition_c089d34028d0,entity,ent_diseasecondition_c089d34028d0,ent_diseasecondition_c089d34028d0,,حمى عضة الجرذ,"Entity: حمى عضة الجرذ
Aliases: حمى عضة الجرذ, حمى عضة الجرذون, حمى عضة الفأر
Type: DiseaseCondition
Quality: high
Relations: حمى عضة الجرذ HAS_SYMPTOM حمى. Evidence: حمى عضة الجرذ ، وحمى عضة الفأر | حمى عضة الجرذ HAS_SYMPTOM ارتجاف. Evidence: ارتجاف | حمى عضة الجرذ HAS_SYMPTOM أوجاع العضلات. Evidence: أوجاع العضلات | حمى عضة الجرذ HAS_SYMPTOM أوجاع المفاصل. Evidence: أوجاع المفاصل | حمى عضة الجرذ TREATED_BY بنسيلين. Evidence: البنسيلين | حمى عضة الجرذ TREATED_BY سيبروفلوكساسين. Evidence: السيبروفلوكساسين | حمى عضة الجرذ TREATED_BY المضادات الحيوية. Evidence: المضادات الحيوية"
entity::ent_diseasecondition_21009b0da809,entity,ent_diseasecondition_21009b0da809,ent_diseasecondition_21009b0da809,,حمى عضة الجرذون,"Entity: حمى عضة الجرذون
Aliases: حمى عضة الجرذ, حمى عضة الجرذون, حمى عضة الفأر
Type: DiseaseCondition
Quality: high
Relations: حمى عضة الجرذون HAS_SYMPTOM حمى. Evidence: حمى عضة الجرذون | حمى عضة الجرذون HAS_SYMPTOM ارتجاف. Evidence: ارتجاف"
entity::ent_diseasecondition_6ac8dc82e106,entity,ent_diseasecondition_6ac8dc82e106,ent_diseasecondition_6ac8dc82e106,,حمى عضة الفأر,"Entity: حمى عضة الفأر
Aliases: حمى عضة الجرذ, حمى عضة الفأر
Type: DiseaseCondition
Quality: high
Relations: حمى عضة الفأر HAS_SYMPTOM حمى. Evidence: حمى عضة الفأر | حمى عضة الفأر HAS_SYMPTOM ارتجاف. Evidence: ارتجاف | حمى عضة الفأر HAS_SYMPTOM أوجاع العضلات. Evidence: أوجاع العضلات | حمى عضة الفأر HAS_SYMPTOM أوجاع المفاصل. Evidence: أوجاع المفاصل | حمى عضة الفأر TREATED_BY بنسيلين. Evidence: البنسيلين | حمى عضة الفأر TREATED_BY سيبروفلوكساسين. Evidence: السيبروفلوكساسين | حمى عضة الفأر TREATED_BY المضادات الحيوية. Evidence: المضادات الحيوية"
entity::ent_diseasecondition_16a389cfd1bd,entity,ent_diseasecondition_16a389cfd1bd,ent_diseasecondition_16a389cfd1bd,,دبوس,"Entity: دبوس
Aliases: دبوس
Type: DiseaseCondition
Quality: high
Relations: دبوس DIAGNOSED_BY أشعة. Evidence: أشعة لمعرفة مكان الدبوس والتأكد من وجوده"
entity::ent_diseasecondition_93017f24bceb,entity,ent_diseasecondition_93017f24bceb,ent_diseasecondition_93017f24bceb,,دهون ثلاثية,"Entity: دهون ثلاثية
Aliases: دهون ثلاثية
Type: DiseaseCondition
Quality: high
Relations: "
entity::ent_diseasecondition_c7baf8534e07,entity,ent_diseasecondition_c7baf8534e07,ent_diseasecondition_c7baf8534e07,,دوالي الخصية,"Entity: دوالي الخصية
Aliases: دوالي الخصية
Type: DiseaseCondition
Quality: high
Relations: دوالي الخصية TREATED_BY العلاج بالجراحة. Evidence: العلاج بالجراحة"
entity::ent_diseasecondition_c4254d272647,entity,ent_diseasecondition_c4254d272647,ent_diseasecondition_c4254d272647,,دوالي الساقين,"Entity: دوالي الساقين
Aliases: دوالي, دوالي الساقين
Type: DiseaseCondition
Quality: high
Relations: دوالي الساقين TREATED_BY فينوروتون. Evidence: العلاج : 1-- تنفيذ النصائح السابقة وتناول علاج بسيط مثل فينوروتون | دوالي الساقين TREATED_BY العلاج بالليزر. Evidence: 6--وافضل طريقة هي العلاج بالليزر حيث أثبتت الأبحاث العالمية نجاحا يفوق الجراحات الأخرى ."
entity::ent_diseasecondition_1c50bd11c45a,entity,ent_diseasecondition_1c50bd11c45a,ent_diseasecondition_1c50bd11c45a,,ربو,"Entity: ربو
Aliases: ربو
Type: DiseaseCondition
Quality: high
Relations: ربو HAS_SYMPTOM سعال. Evidence: هل هو ربو ؟؟ او هل هناك حساسية ابسط من ذلك وعوارضها فقط السعال والبلغم | ربو HAS_SYMPTOM بلغم. Evidence: هل هو ربو ؟؟ او هل هناك حساسية ابسط من ذلك وعوارضها فقط السعال والبلغم | ربو TREATED_BY زيت الحبة السوداء. Evidence: التخفيف من أعراض الربو وأمراض الجهاز التنفسي. ما هي فوائد زيت حبة السوداء"
entity::ent_diseasecondition_0643ed72d249,entity,ent_diseasecondition_0643ed72d249,ent_diseasecondition_0643ed72d249,,سرطان القولون,"Entity: سرطان القولون
Aliases: سرطان القولون, سرطان المستقيم
Type: DiseaseCondition
Quality: high
Relations: "
entity::ent_diseasecondition_048de7f33784,entity,ent_diseasecondition_048de7f33784,ent_diseasecondition_048de7f33784,,سرطان المستقيم,"Entity: سرطان المستقيم
Aliases: سرطان القولون, سرطان المستقيم
Type: DiseaseCondition
Quality: high
Relations: "
entity::ent_diseasecondition_4393a2bf88a6,entity,ent_diseasecondition_4393a2bf88a6,ent_diseasecondition_4393a2bf88a6,,سكر,"Entity: سكر
Aliases: سكر, مرض السكر
Type: DiseaseCondition
Quality: high
Relations: "
entity::ent_diseasecondition_aa9977b6b112,entity,ent_diseasecondition_aa9977b6b112,ent_diseasecondition_aa9977b6b112,,سكري,"Entity: سكري
Aliases: سكري, مرتفع
Type: DiseaseCondition
Quality: high
Relations: "
entity::ent_diseasecondition_2cbe61e08310,entity,ent_diseasecondition_2cbe61e08310,ent_diseasecondition_2cbe61e08310,,سمنة الأرداف,"Entity: سمنة الأرداف
Aliases: سمنة الأرداف
Type: DiseaseCondition
Quality: high
Relations: سمنة الأرداف TREATED_BY فجل أبيض. Evidence: تناول الفجل الأبيض الذي أثبتت الدراسات أنه يذيب الدهون عامة وفي منطقة الأرداف والفخذين"
entity::ent_diseasecondition_7f8719b1c99d,entity,ent_diseasecondition_7f8719b1c99d,ent_diseasecondition_7f8719b1c99d,,سيستي هيدروما,"Entity: سيستي هيدروما
Aliases: سيستي هيدروما
Type: DiseaseCondition
Quality: high
Relations: "
entity::ent_diseasecondition_1730144a5e89,entity,ent_diseasecondition_1730144a5e89,ent_diseasecondition_1730144a5e89,,شظايا القنابل الصغيرة الانشطارية,"Entity: شظايا القنابل الصغيرة الانشطارية
Aliases: شظايا القنابل الصغيرة الانشطارية
Type: DiseaseCondition
Quality: high
Relations: شظايا القنابل الصغيرة الانشطارية DIAGNOSED_BY أشعة. Evidence: عمل تصوير بالأشعة لتحديد مكان الشظايا ونوعها"
entity::ent_diseasecondition_2a6dda2fbaec,entity,ent_diseasecondition_2a6dda2fbaec,ent_diseasecondition_2a6dda2fbaec,,شفة مشقوقة,"Entity: شفة مشقوقة
Aliases: شفة ارنبية, شفة مشقوقة
Type: DiseaseCondition
Quality: high
Relations: "
entity::ent_diseasecondition_bd502372680c,entity,ent_diseasecondition_bd502372680c,ent_diseasecondition_bd502372680c,,شلل العصب السابع,"Entity: شلل العصب السابع
Aliases: شلل العصب السابع
Type: DiseaseCondition
Quality: high
Relations: شلل العصب السابع TREATED_BY مضادات الالتهاب. Evidence: مضادات الالتهاب | شلل العصب السابع TREATED_BY العلاج الطبيعي. Evidence: العلاج الطبيعي | شلل العصب السابع TREATED_BY العلاج بالإبر الصينية. Evidence: العلاج بالإبر الصينية | شلل العصب السابع TREATED_BY مضادات الفيروسات. Evidence: مضادات الفيروسات | شلل العصب السابع TREATED_BY الكورتيزونات. Evidence: الكورتيزونات"
entity::ent_diseasecondition_7754d34e2c52,entity,ent_diseasecondition_7754d34e2c52,ent_diseasecondition_7754d34e2c52,,شيب,"Entity: شيب
Aliases: شيب, شيب المبكر
Type: DiseaseCondition
Quality: high
Relations: شيب TREATED_BY خلطة الريحان و الروزماري. Evidence: هل خلطة الريحان و الروزماري مفيدة للتخلص من الشيب"
entity::ent_diseasecondition_1cff9c5dbe9e,entity,ent_diseasecondition_1cff9c5dbe9e,ent_diseasecondition_1cff9c5dbe9e,,صرع,"Entity: صرع
Aliases: داء الصرع, شحنات كهرباء, صرع, كهرباء زائدة
Type: DiseaseCondition
Quality: high
Relations: صرع HAS_SYMPTOM نوبة. Evidence: الصرع نوعان : 1- نوبات عامة تصيب جميع اجزاء الجسم"
entity::ent_diseasecondition_cbcc5fb6bf54,entity,ent_diseasecondition_cbcc5fb6bf54,ent_diseasecondition_cbcc5fb6bf54,,صغر الثدي,"Entity: صغر الثدي
Aliases: صغر الثدي
Type: DiseaseCondition
Quality: high
Relations: "
entity::ent_diseasecondition_de01cca177b2,entity,ent_diseasecondition_de01cca177b2,ent_diseasecondition_de01cca177b2,,صمام القلب,"Entity: صمام القلب
Aliases: صمام, صمام القلب
Type: DiseaseCondition
Quality: high
Relations: "
entity::ent_diseasecondition_04b436ff2a98,entity,ent_diseasecondition_04b436ff2a98,ent_diseasecondition_04b436ff2a98,,ضرس العقل,"Entity: ضرس العقل
Aliases: ضرس العقل
Type: DiseaseCondition
Quality: high
Relations: ضرس العقل HAS_SYMPTOM صداع. Evidence: ضرس العقل | ضرس العقل HAS_SYMPTOM الام. Evidence: ضرس العقل | ضرس العقل TREATED_BY المراجعة الطبية. Evidence: مراجعة طبيبك او اخصائي جراحه وجه و فكين"
entity::ent_diseasecondition_66e69e23fa2d,entity,ent_diseasecondition_66e69e23fa2d,ent_diseasecondition_66e69e23fa2d,,عسر الهضم,"Entity: عسر الهضم
Aliases: عسر الهضم
Type: DiseaseCondition
Quality: high
Relations: "
entity::ent_diseasecondition_88a350b88c4d,entity,ent_diseasecondition_88a350b88c4d,ent_diseasecondition_88a350b88c4d,,عضلات الصدر,"Entity: عضلات الصدر
Aliases: عضلات الصدر
Type: DiseaseCondition
Quality: high
Relations: "
entity::ent_diseasecondition_c123927b86ec,entity,ent_diseasecondition_c123927b86ec,ent_diseasecondition_c123927b86ec,,عقيدات الغدة الدرقية,"Entity: عقيدات الغدة الدرقية
Aliases: عقيدات الغدة الدرقية, كتلة في الغدة الدرقية
Type: DiseaseCondition
Quality: high
Relations: "
entity::ent_diseasecondition_987cc3cc606f,entity,ent_diseasecondition_987cc3cc606f,ent_diseasecondition_987cc3cc606f,,علم التشريح,"Entity: علم التشريح
Aliases: علم التشريح
Type: DiseaseCondition
Quality: high
Relations: "
entity::ent_diseasecondition_f3a36190d8c6,entity,ent_diseasecondition_f3a36190d8c6,ent_diseasecondition_f3a36190d8c6,,فايروس الكبد,"Entity: فايروس الكبد
Aliases: فايروس الكبد, فايروس الكبد من النوع بي
Type: DiseaseCondition
Quality: high
Relations: فايروس الكبد TREATED_BY اللقاح. Evidence: اللقاح | فايروس الكبد TREATED_BY الجرعات الثلاثه. Evidence: الجرعات الثلاثه"
entity::ent_diseasecondition_28f5fc799e65,entity,ent_diseasecondition_28f5fc799e65,ent_diseasecondition_28f5fc799e65,,فرط الحساسية,"Entity: فرط الحساسية
Aliases: فرط الحساسية
Type: DiseaseCondition
Quality: high
Relations: فرط الحساسية TREATED_BY دواء تلفاست أ سيرين. Evidence: تناول دواء تلفاست أ سيرين"
entity::ent_diseasecondition_a8997ac91159,entity,ent_diseasecondition_a8997ac91159,ent_diseasecondition_a8997ac91159,,فطريات,"Entity: فطريات
Aliases: فطريات
Type: DiseaseCondition
Quality: high
Relations: "
entity::ent_diseasecondition_9719230327a2,entity,ent_diseasecondition_9719230327a2,ent_diseasecondition_9719230327a2,,فقر الدم,"Entity: فقر الدم
Aliases: فقر الدم, فقر الدم الانحلالي, فقر الدم عن نقص الحديد, فقر الدم عند طفل عمره ١٣ سنة, نقص في الدم
Type: DiseaseCondition
Quality: high
Relations: فقر الدم DIAGNOSED_BY تحاليل مخبرية. Evidence: الفوال أو التفول هو الاضطراب الخلقي الجيني الناجم عن نقص الأنزيم المسؤول عن الحفاظ على تركيز ببتيد الغلوتاثيون | فقر الدم HAS_SYMPTOM الم المعدجة. Evidence: نقص في الدم مع الالم في المعده | فقر الدم HAS_SYMPTOM الم المعدجة. Evidence: أحيانا الم في المعدة كسل وخمول اضطرابات في النوم | فقر الدم HAS_SYMPTOM فقدان الشهيه. Evidence: فقر الدم سبب فقدان الشهيه | فقر الدم DIAGNOSED_BY تحاليل مخبرية. Evidence: تحليل فقر الدم | فقر الدم DIAGNOSED_BY فحص تحاليل مخبرية. Evidence: فحص التحاليل المخبرية مرتبط بتشخيص فقر الدم | فقر الدم HAS_SYMPTOM تنميل. Evidence: نقص فيتامين (ب12) يسبب انيميا وتنميل"
entity::ent_diseasecondition_99d821e71fc1,entity,ent_diseasecondition_99d821e71fc1,ent_diseasecondition_99d821e71fc1,,فقر دم,"Entity: فقر دم
Aliases: فقر دم
Type: DiseaseCondition
Quality: high
Relations: "
entity::ent_diseasecondition_56b595f8a1f5,entity,ent_diseasecondition_56b595f8a1f5,ent_diseasecondition_56b595f8a1f5,,فيروس الكبد الوبائي,"Entity: فيروس الكبد الوبائي
Aliases: فيروس الكبد, فيروس الكبد الوبائي
Type: DiseaseCondition
Quality: high
Relations: "
entity::ent_diseasecondition_780d3bf613f5,entity,ent_diseasecondition_780d3bf613f5,ent_diseasecondition_780d3bf613f5,,قرحة,"Entity: قرحة
Aliases: قرحة
Type: DiseaseCondition
Quality: high
Relations: قرحة TREATED_BY ايزومبرازول. Evidence: ممكن تجرب دواء اسمه ايزومبرازول"
entity::ent_diseasecondition_02f1ee13cca6,entity,ent_diseasecondition_02f1ee13cca6,ent_diseasecondition_02f1ee13cca6,,قولون عصبي,"Entity: قولون عصبي
Aliases: قولون العصبي, قولون عصبي
Type: DiseaseCondition
Quality: high
Relations: "
entity::ent_diseasecondition_63c6ebfcb439,entity,ent_diseasecondition_63c6ebfcb439,ent_diseasecondition_63c6ebfcb439,,كسر,"Entity: كسر
Aliases: كسر
Type: DiseaseCondition
Quality: high
Relations: "
entity::ent_diseasecondition_050f0f4f890b,entity,ent_diseasecondition_050f0f4f890b,ent_diseasecondition_050f0f4f890b,,كسل بالغدة الدرقية,"Entity: كسل بالغدة الدرقية
Aliases: كسل بالغدة الدرقية
Type: DiseaseCondition
Quality: high
Relations: كسل بالغدة الدرقية TREATED_BY خلطة العسل والفوقص الحوصلي والغذاء الملكي والعكبر والقسط الهندي. Evidence: هذه خلطة مفيدة ان شاء الله لمن معهم كسل بالغدة الدرقية"
entity::ent_diseasecondition_677ee50113db,entity,ent_diseasecondition_677ee50113db,ent_diseasecondition_677ee50113db,,كلسترول,"Entity: كلسترول
Aliases: كلسترول
Type: DiseaseCondition
Quality: high
Relations: "
entity::ent_diseasecondition_304bdda1e242,entity,ent_diseasecondition_304bdda1e242,ent_diseasecondition_304bdda1e242,,كيس الشعر,"Entity: كيس الشعر
Aliases: كيس الشعر
Type: DiseaseCondition
Quality: high
Relations: "
entity::ent_diseasecondition_3a654f2d937a,entity,ent_diseasecondition_3a654f2d937a,ent_diseasecondition_3a654f2d937a,,متلازمة Chiari,"Entity: متلازمة Chiari
Aliases: متلازمة Chiari
Type: DiseaseCondition
Quality: high
Relations: "
entity::ent_diseasecondition_d489c6c854f4,entity,ent_diseasecondition_d489c6c854f4,ent_diseasecondition_d489c6c854f4,,متلازمة خلية منجلية,"Entity: متلازمة خلية منجلية
Aliases: متلازمة خلية منجلية
Type: DiseaseCondition
Quality: high
Relations: "
entity::ent_diseasecondition_4b1ef800ffb3,entity,ent_diseasecondition_4b1ef800ffb3,ent_diseasecondition_4b1ef800ffb3,,متلازمة فالدنستروم,"Entity: متلازمة فالدنستروم
Aliases: متلازمة فالدنستروم
Type: DiseaseCondition
Quality: high
Relations: متلازمة فالدنستروم DIAGNOSED_BY تحليل. Evidence: تحليل لبروتينات الدم"
entity::ent_diseasecondition_a7e5e3f0d48d,entity,ent_diseasecondition_a7e5e3f0d48d,ent_diseasecondition_a7e5e3f0d48d,,متلازمة كلاينفلتر,"Entity: متلازمة كلاينفلتر
Aliases: كلاينفلتر, متلازمة كلاينفلتر
Type: DiseaseCondition
Quality: high
Relations: "
entity::ent_diseasecondition_380db6d92562,entity,ent_diseasecondition_380db6d92562,ent_diseasecondition_380db6d92562,,مرض السكري,"Entity: مرض السكري
Aliases: السكري, مرض السكرى
Type: DiseaseCondition
Quality: high
Relations: مرض السكري DIAGNOSED_BY تحاليل مخبرية. Evidence: تحاليل مخبرية | مرض السكري HAS_SYMPTOM ضغط الدم. Evidence: مرض السكري وضغط الدمز | مرض السكري HAS_SYMPTOM ضغط الدم. Evidence: مرض السكري وضغط الدم | مرض السكري HAS_SYMPTOM ضغط الدم. Evidence: مع العلم أن المريض يعاني من مرض السكر"
entity::ent_diseasecondition_22348d970227,entity,ent_diseasecondition_22348d970227,ent_diseasecondition_22348d970227,,مرض الغدة الدرقية,"Entity: مرض الغدة الدرقية
Aliases: مرض الغدة الدرقية
Type: DiseaseCondition
Quality: high
Relations: مرض الغدة الدرقية TREATED_BY التروكسين. Evidence: اخذ التروكسين | مرض الغدة الدرقية DIAGNOSED_BY الهرمون. Evidence: مستوى الهرمون في الدم"
entity::ent_diseasecondition_09dfb160ec9a,entity,ent_diseasecondition_09dfb160ec9a,ent_diseasecondition_09dfb160ec9a,,مرض جريفز,"Entity: مرض جريفز
Aliases: مرض جريفز
Type: DiseaseCondition
Quality: high
Relations: مرض جريفز DIAGNOSED_BY تحاليل مخبرية. Evidence: يتم تشخيص مرض جريفز عبر تحاليل مخبرية لهرمونات الغدة الدرقية"
entity::ent_diseasecondition_1f4ad1fc407f,entity,ent_diseasecondition_1f4ad1fc407f,ent_diseasecondition_1f4ad1fc407f,,ملاريا,"Entity: ملاريا
Aliases: فقدان الشهية والرغبة في الاستفراغ, ملاريا
Type: DiseaseCondition
Quality: high
Relations: ملاريا DIAGNOSED_BY فحص دم للملاريا. Evidence: اعملى فحص دم للملاريا مره ثانيه | ملاريا TREATED_BY فاندسيدار. Evidence: اخذت علاج(fandsidar)"
entity::ent_diseasecondition_e33658f424f6,entity,ent_diseasecondition_e33658f424f6,ent_diseasecondition_e33658f424f6,,ملازمة داون,"Entity: ملازمة داون
Aliases: ملازمة داون
Type: DiseaseCondition
Quality: high
Relations: "
entity::ent_diseasecondition_c294dde65052,entity,ent_diseasecondition_c294dde65052,ent_diseasecondition_c294dde65052,,نزلة معوية,"Entity: نزلة معوية
Aliases: نزلة معوية
Type: DiseaseCondition
Quality: high
Relations: "
entity::ent_diseasecondition_e7ca942c5236,entity,ent_diseasecondition_e7ca942c5236,ent_diseasecondition_e7ca942c5236,,نزيف بسيط,"Entity: نزيف بسيط
Aliases: نزيف بسيط
Type: DiseaseCondition
Quality: high
Relations: "
entity::ent_diseasecondition_532f5db9617f,entity,ent_diseasecondition_532f5db9617f,ent_diseasecondition_532f5db9617f,,نشاط الغدة الدرقية,"Entity: نشاط الغدة الدرقية
Aliases: نشاط الدرقية, نشاط الغدة الدرقية
Type: DiseaseCondition
Quality: high
Relations: نشاط الغدة الدرقية DIAGNOSED_BY تحاليل مخبرية. Evidence: يتم تشخيص نشاط الغدة الدرقية عبر تحاليل مخبرية لهرمونات T3 وT4"
entity::ent_diseasecondition_ddc87069534f,entity,ent_diseasecondition_ddc87069534f,ent_diseasecondition_ddc87069534f,,نقص الحليب,"Entity: نقص الحليب
Aliases: نقص الحليب
Type: DiseaseCondition
Quality: high
Relations: نقص الحليب DIAGNOSED_BY تحاليل مخبرية. Evidence: اجراء تحليل بالدم"
entity::ent_diseasecondition_3d19d6125641,entity,ent_diseasecondition_3d19d6125641,ent_diseasecondition_3d19d6125641,,نقص الصفيحات,"Entity: نقص الصفيحات
Aliases: نقص الصفيحات, نقص الصفيحات الدموية
Type: DiseaseCondition
Quality: high
Relations: نقص الصفيحات DIAGNOSED_BY فحص نخاع العظم. Evidence: فحص نخاع العظم مرتبط بتشخيص نقص الصفيحات"
entity::ent_diseasecondition_dc66fee46819,entity,ent_diseasecondition_dc66fee46819,ent_diseasecondition_dc66fee46819,,نقص الكريات البيضاء,"Entity: نقص الكريات البيضاء
Aliases: نقص الكريات البيضاء
Type: DiseaseCondition
Quality: high
Relations: نقص الكريات البيضاء TREATED_BY علاج نقص الكريات البيضاء. Evidence: علاج نقص الكريات البيضاء مذكور كعلاج لنقص الكريات البيضاء"
entity::ent_diseasecondition_5fea51591b68,entity,ent_diseasecondition_5fea51591b68,ent_diseasecondition_5fea51591b68,,نقص بحجم الثدي,"Entity: نقص بحجم الثدي
Aliases: نقص بحجم الثدي, نقص بحجم الثدي الايمن
Type: DiseaseCondition
Quality: high
Relations: نقص بحجم الثدي TREATED_BY مراجعة اخصائية النسائية. Evidence: مراجعة اخصائية النسائية | نقص بحجم الثدي DIAGNOSED_BY فحص سريري. Evidence: فحص سريري"
entity::ent_diseasecondition_6116bf50d3f1,entity,ent_diseasecondition_6116bf50d3f1,ent_diseasecondition_6116bf50d3f1,,نقص حديد,"Entity: نقص حديد
Aliases: نقص حديد
Type: DiseaseCondition
Quality: high
Relations: نقص حديد DIAGNOSED_BY فحص تحاليل مخبرية. Evidence: فحص التحاليل المخبرية مرتبط بتشخيص نقص حديد"
entity::ent_diseasecondition_1b4cda592c0e,entity,ent_diseasecondition_1b4cda592c0e,ent_diseasecondition_1b4cda592c0e,,نقص فيتامين,"Entity: نقص فيتامين
Aliases: نقص فيتامين
Type: DiseaseCondition
Quality: high
Relations: "
entity::ent_diseasecondition_74be32fb7f24,entity,ent_diseasecondition_74be32fb7f24,ent_diseasecondition_74be32fb7f24,,نقص فيتامين د,"Entity: نقص فيتامين د
Aliases: نقص فيتامين د
Type: DiseaseCondition
Quality: high
Relations: نقص فيتامين د DIAGNOSED_BY فحص تحاليل مخبرية. Evidence: فحص التحاليل المخبرية مرتبط بتشخيص نقص فيتامين د"
entity::ent_diseasecondition_21962ce71aec,entity,ent_diseasecondition_21962ce71aec,ent_diseasecondition_21962ce71aec,,نقص هرمونات,"Entity: نقص هرمونات
Aliases: نقص هرمون, نقص هرمونات
Type: DiseaseCondition
Quality: high
Relations: نقص هرمونات HAS_SYMPTOM انقطاع الطمث. Evidence: اعاني من مشكلة انقطاع الطمث...قال ان عندي مشكلة نقص هرمونات"
entity::ent_symptom_5a4646c01c0e,entity,ent_symptom_5a4646c01c0e,ent_symptom_5a4646c01c0e,,اختلال وظائف الكبد,"Entity: اختلال وظائف الكبد
Aliases: اختلال وظائف الكبد
Type: Symptom
Quality: high
Relations: التهاب HAS_SYMPTOM اختلال وظائف الكبد. Evidence: التهاب في العين وفقدان حاسة الشم واختلال وظائف الكبد والكلى"
entity::ent_symptom_a3c00de774da,entity,ent_symptom_a3c00de774da,ent_symptom_a3c00de774da,,ارتجاف,"Entity: ارتجاف
Aliases: ارتجاف
Type: Symptom
Quality: high
Relations: حمى عضة الجرذ HAS_SYMPTOM ارتجاف. Evidence: ارتجاف | حمى عضة الفأر HAS_SYMPTOM ارتجاف. Evidence: ارتجاف | حمى عضة الجرذون HAS_SYMPTOM ارتجاف. Evidence: ارتجاف"
entity::ent_symptom_f6203734ffc7,entity,ent_symptom_f6203734ffc7,ent_symptom_f6203734ffc7,,ارتفاع خضاب الدم,"Entity: ارتفاع خضاب الدم
Aliases: ارتفاع خضاب الدم
Type: Symptom
Quality: high
Relations: "
entity::ent_symptom_93828ade2cbe,entity,ent_symptom_93828ade2cbe,ent_symptom_93828ade2cbe,,الارتكاريا,"Entity: الارتكاريا
Aliases: ارتكاريا, الارتكاريا, حكه
Type: Symptom
Quality: high
Relations: "
entity::ent_symptom_3ab5bd868858,entity,ent_symptom_3ab5bd868858,ent_symptom_3ab5bd868858,,الارهاق,"Entity: الارهاق
Aliases: الارهاق, التوتر والارهاق والقلق
Type: Symptom
Quality: high
Relations: "
entity::ent_symptom_759403abc54c,entity,ent_symptom_759403abc54c,ent_symptom_759403abc54c,,الإغماء,"Entity: الإغماء
Aliases: الإغماء
Type: Symptom
Quality: high
Relations: ارتفاع ضغط الدم HAS_SYMPTOM الإغماء. Evidence: الإغماء"
entity::ent_symptom_ad0da68fc73f,entity,ent_symptom_ad0da68fc73f,ent_symptom_ad0da68fc73f,,الالم,"Entity: الالم
Aliases: الالم
Type: Symptom
Quality: high
Relations: ارتياف دعب \u0627لديم HAS_SYMPTOM الالم. Evidence: الالم الدي الديم الديم الديم"
entity::ent_symptom_249d07021a1b,entity,ent_symptom_249d07021a1b,ent_symptom_249d07021a1b,,الام,"Entity: الام
Aliases: الام
Type: Symptom
Quality: high
Relations: ضرس العقل HAS_SYMPTOM الام. Evidence: ضرس العقل | الام TREATED_BY المراجعة الطبية. Evidence: مراجعة طبيبك او اخصائي جراحه وجه و فكين"
entity::ent_symptom_9731436c9bf9,entity,ent_symptom_9731436c9bf9,ent_symptom_9731436c9bf9,,الانين,"Entity: الانين
Aliases: الانين
Type: Symptom
Quality: high
Relations: التهاب HAS_SYMPTOM الانين. Evidence: الانين الجلد"
entity::ent_symptom_496829ff3f53,entity,ent_symptom_496829ff3f53,ent_symptom_496829ff3f53,,البراز,"Entity: البراز
Aliases: البراز
Type: Symptom
Quality: high
Relations: "
entity::ent_symptom_cdf7db203339,entity,ent_symptom_cdf7db203339,ent_symptom_cdf7db203339,,البلغم,"Entity: البلغم
Aliases: البلغم, مخاط
Type: Symptom
Quality: high
Relations: "
entity::ent_symptom_215297000d7a,entity,ent_symptom_215297000d7a,ent_symptom_215297000d7a,,التدخين,"Entity: التدخين
Aliases: التدخين, تدخين
Type: Symptom
Quality: high
Relations: التدخين INVESTIGATED_BY الحيوانات المنوية. Evidence: سلامة الحيوانات المنوية للزوج"
entity::ent_symptom_e2d3b3389af6,entity,ent_symptom_e2d3b3389af6,ent_symptom_e2d3b3389af6,,التصاق,"Entity: التصاق
Aliases: التصاق, تصاق
Type: Symptom
Quality: high
Relations: "
entity::ent_symptom_268a0d637f96,entity,ent_symptom_268a0d637f96,ent_symptom_268a0d637f96,,التهديد بالإجهاض,"Entity: التهديد بالإجهاض
Aliases: التهديد بالإجهاض
Type: Symptom
Quality: high
Relations: "
entity::ent_symptom_6e02a9cc4e27,entity,ent_symptom_6e02a9cc4e27,ent_symptom_6e02a9cc4e27,,التوتر,"Entity: التوتر
Aliases: التوتر, التوتر والارهاق والقلق
Type: Symptom
Quality: high
Relations: "
entity::ent_symptom_8dbc08affae1,entity,ent_symptom_8dbc08affae1,ent_symptom_8dbc08affae1,,الجنين,"Entity: الجنين
Aliases: الجنين
Type: Symptom
Quality: high
Relations: "
entity::ent_symptom_3600b8bcb53e,entity,ent_symptom_3600b8bcb53e,ent_symptom_3600b8bcb53e,,الجوع,"Entity: الجوع
Aliases: الجوع, شعور بالجوع
Type: Symptom
Quality: high
Relations: الجوع TREATED_BY الطعام. Evidence: الطعام"
entity::ent_symptom_8837f8fd35f4,entity,ent_symptom_8837f8fd35f4,ent_symptom_8837f8fd35f4,,الجيب اللثوي,"Entity: الجيب اللثوي
Aliases: الجيب اللثوي
Type: Symptom
Quality: high
Relations: "
entity::ent_symptom_6ff36e848606,entity,ent_symptom_6ff36e848606,ent_symptom_6ff36e848606,,الحادِث الوِعائيٌّ الدِمَاغِيّ,"Entity: الحادِث الوِعائيٌّ الدِمَاغِيّ
Aliases: الحادِث الوِعائيٌّ الدِمَاغِيّ
Type: Symptom
Quality: high
Relations: "
entity::ent_symptom_57992c2ef292,entity,ent_symptom_57992c2ef292,ent_symptom_57992c2ef292,,الحال,"Entity: الحال
Aliases: الحال
Type: Symptom
Quality: high
Relations: الحودة الحال HAS_SYMPTOM الحال. Evidence: الحودة الحال بالمرديدين | الحودة الحال HAS_SYMPTOM الحال. Evidence: الحودة الحال بالمرديدين"
entity::ent_symptom_fdb2085491d0,entity,ent_symptom_fdb2085491d0,ent_symptom_fdb2085491d0,,الحال بالمرديدين,"Entity: الحال بالمرديدين
Aliases: الحال بالمرديدين
Type: Symptom
Quality: high
Relations: الحودة الصكري HAS_SYMPTOM الحال بالمرديدين. Evidence: الحودة الصكري اليثثار الحودة الحال بالمرديدين | الحودة الحال HAS_SYMPTOM الحال بالمرديدين. Evidence: الحودة الحال بالمرديدين | الحودة الصكري HAS_SYMPTOM الحال بالمرديدين. Evidence: الحودة الصكري اليثثار الحودة الحال بالمرديدين | الحودة الحال HAS_SYMPTOM الحال بالمرديدين. Evidence: الحودة الحال بالمرديدين"
entity::ent_symptom_d0d35afb979b,entity,ent_symptom_d0d35afb979b,ent_symptom_d0d35afb979b,,الحساسية على الوسط التَبايُنِيّ,"Entity: الحساسية على الوسط التَبايُنِيّ
Aliases: الحساسية على الوسط التَبايُنِيّ, حساسية على الوسط التبايني
Type: Symptom
Quality: high
Relations: "
entity::ent_symptom_59d5c1de0b88,entity,ent_symptom_59d5c1de0b88,ent_symptom_59d5c1de0b88,,الدم,"Entity: الدم
Aliases: الدم
Type: Symptom
Quality: high
Relations: التهاب HAS_SYMPTOM الدم. Evidence: التهاب في المثانة أو الإحليل يسبب خروج الدم | الدم INVESTIGATED_BY تصوير الجهاز البولي. Evidence: تصوير الجهاز البولي لتحديد مكان خروج الدم"
entity::ent_symptom_c42bbeabdb83,entity,ent_symptom_c42bbeabdb83,ent_symptom_c42bbeabdb83,,الزراق,"Entity: الزراق
Aliases: الزراق, ضيق تنفس, نقص الاكسجين
Type: Symptom
Quality: high
Relations: الحمل HAS_SYMPTOM الزراق. Evidence: بعض الحالات المرضية مثل امراض القلب والشرايين , او امراض الجهاو التنفسي التي قد تؤدي الة ضيق النفس ونقص الاكسجين وبالتالي الزراق"
entity::ent_symptom_b5e5cc252e6a,entity,ent_symptom_b5e5cc252e6a,ent_symptom_b5e5cc252e6a,,الضيق التنفسي,"Entity: الضيق التنفسي
Aliases: الضيق التنفسي
Type: Symptom
Quality: high
Relations: "
entity::ent_symptom_544114d1fc6b,entity,ent_symptom_544114d1fc6b,ent_symptom_544114d1fc6b,,الغازات,"Entity: الغازات
Aliases: الغازات
Type: Symptom
Quality: high
Relations: "
entity::ent_symptom_38888a2188fe,entity,ent_symptom_38888a2188fe,ent_symptom_38888a2188fe,,القلق,"Entity: القلق
Aliases: التوتر والارهاق والقلق, القلق, قلق
Type: Symptom
Quality: high
Relations: "
entity::ent_symptom_0f8f2716b4d6,entity,ent_symptom_0f8f2716b4d6,ent_symptom_0f8f2716b4d6,,القولون,"Entity: القولون
Aliases: القولون
Type: Symptom
Quality: high
Relations: "
entity::ent_symptom_f9f21f627264,entity,ent_symptom_f9f21f627264,ent_symptom_f9f21f627264,,القولون العصبى,"Entity: القولون العصبى
Aliases: القولون العصبى
Type: Symptom
Quality: high
Relations: "
entity::ent_symptom_db012388d676,entity,ent_symptom_db012388d676,ent_symptom_db012388d676,,الكتف,"Entity: الكتف
Aliases: الكتف
Type: Symptom
Quality: high
Relations: الكتف TREATED_BY البروفين. Evidence: تناول بعض الأدوية المسكنة للألم اللاستيروئيدية، مثل البروفين"
entity::ent_symptom_c81532a33515,entity,ent_symptom_c81532a33515,ent_symptom_c81532a33515,,الم المعدجة,"Entity: الم المعدجة
Aliases: الم المعدجة, الم في المعده
Type: Symptom
Quality: high
Relations: فقر الدم HAS_SYMPTOM الم المعدجة. Evidence: نقص في الدم مع الالم في المعده | الم المعدجة INVESTIGATED_BY فحص الجرثومة الحلزونية. Evidence: فحص الجرثومة الحلزونية | فقر الدم HAS_SYMPTOM الم المعدجة. Evidence: أحيانا الم في المعدة كسل وخمول اضطرابات في النوم"
entity::ent_symptom_202dedeff038,entity,ent_symptom_202dedeff038,ent_symptom_202dedeff038,,ألم المفاصل,"Entity: ألم المفاصل
Aliases: ألم المفاصل
Type: Symptom
Quality: high
Relations: التهاب المفاصل HAS_SYMPTOM ألم المفاصل. Evidence: الحد من التهاب المفاصل والتخفيف من ألم المفاصل"
entity::ent_symptom_f28c266dc478,entity,ent_symptom_f28c266dc478,ent_symptom_f28c266dc478,,المضاعفات الوعائية,"Entity: المضاعفات الوعائية
Aliases: المضاعفات الوعائية
Type: Symptom
Quality: high
Relations: "
entity::ent_symptom_4c83b1bd25ea,entity,ent_symptom_4c83b1bd25ea,ent_symptom_4c83b1bd25ea,,المغص,"Entity: المغص
Aliases: المغص, المغص البطني
Type: Symptom
Quality: high
Relations: التهاب HAS_SYMPTOM المغص. Evidence: التهاب يسبب المغص"
entity::ent_symptom_7b297d9851d1,entity,ent_symptom_7b297d9851d1,ent_symptom_7b297d9851d1,,الملابس,"Entity: الملابس
Aliases: الملابس, كثرة الملابس
Type: Symptom
Quality: high
Relations: "
entity::ent_symptom_e276c7fd7e33,entity,ent_symptom_e276c7fd7e33,ent_symptom_e276c7fd7e33,,النزف,"Entity: النزف
Aliases: النزف, نزف
Type: Symptom
Quality: high
Relations: "
entity::ent_symptom_a6a5150fee6f,entity,ent_symptom_a6a5150fee6f,ent_symptom_a6a5150fee6f,,النزلة,"Entity: النزلة
Aliases: النزلة, نزلة
Type: Symptom
Quality: high
Relations: "
entity::ent_symptom_23da4c61fd5e,entity,ent_symptom_23da4c61fd5e,ent_symptom_23da4c61fd5e,,النزيف,"Entity: النزيف
Aliases: النزيف
Type: Symptom
Quality: high
Relations: "
entity::ent_symptom_df03b3e7eef5,entity,ent_symptom_df03b3e7eef5,ent_symptom_df03b3e7eef5,,النفخ,"Entity: النفخ
Aliases: النفخ, النفخ القلبي
Type: Symptom
Quality: high
Relations: "
entity::ent_symptom_19a4e01ad622,entity,ent_symptom_19a4e01ad622,ent_symptom_19a4e01ad622,,النقص الحاد,"Entity: النقص الحاد
Aliases: النقص, النقص الحاد
Type: Symptom
Quality: high
Relations: "
entity::ent_symptom_cee2a1d85e2d,entity,ent_symptom_cee2a1d85e2d,ent_symptom_cee2a1d85e2d,,الوجع الشديد في الجنب اليمين,"Entity: الوجع الشديد في الجنب اليمين
Aliases: الوجع الشديد في الجنب, الوجع الشديد في الجنب اليمين
Type: Symptom
Quality: high
Relations: التهاب HAS_SYMPTOM الوجع الشديد في الجنب اليمين. Evidence: التهاب يسبب وجع الجنب"
entity::ent_symptom_5dc2556b8338,entity,ent_symptom_5dc2556b8338,ent_symptom_5dc2556b8338,,الوفاة,"Entity: الوفاة
Aliases: الوفاة, وفاة
Type: Symptom
Quality: high
Relations: "
entity::ent_symptom_fd750eeb2865,entity,ent_symptom_fd750eeb2865,ent_symptom_fd750eeb2865,,انتفاخ,"Entity: انتفاخ
Aliases: انتفاخ, انتفاخ بالوجه
Type: Symptom
Quality: high
Relations: انتفاخ INVESTIGATED_BY اشعة. Evidence: اشعة بالصبغة"
entity::ent_symptom_9510bd8242ac,entity,ent_symptom_9510bd8242ac,ent_symptom_9510bd8242ac,,انقطاع الطمث,"Entity: انقطاع الطمث
Aliases: انقطاع الدورة, انقطاع الطمث
Type: Symptom
Quality: high
Relations: نقص هرمونات HAS_SYMPTOM انقطاع الطمث. Evidence: اعاني من مشكلة انقطاع الطمث...قال ان عندي مشكلة نقص هرمونات | انقطاع الطمث INVESTIGATED_BY الفحوصات المخبرية. Evidence: الفحوصات المخبرية...جزء من التقيم"
entity::ent_symptom_320d3e905b16,entity,ent_symptom_320d3e905b16,ent_symptom_320d3e905b16,,أوجاع العضلات,"Entity: أوجاع العضلات
Aliases: أوجاع العضلات
Type: Symptom
Quality: high
Relations: حمى عضة الجرذ HAS_SYMPTOM أوجاع العضلات. Evidence: أوجاع العضلات | حمى عضة الفأر HAS_SYMPTOM أوجاع العضلات. Evidence: أوجاع العضلات"
entity::ent_symptom_976231d5f27b,entity,ent_symptom_976231d5f27b,ent_symptom_976231d5f27b,,أوجاع المفاصل,"Entity: أوجاع المفاصل
Aliases: أوجاع المفاصل
Type: Symptom
Quality: high
Relations: حمى عضة الجرذ HAS_SYMPTOM أوجاع المفاصل. Evidence: أوجاع المفاصل | حمى عضة الفأر HAS_SYMPTOM أوجاع المفاصل. Evidence: أوجاع المفاصل"
entity::ent_symptom_9462c717910d,entity,ent_symptom_9462c717910d,ent_symptom_9462c717910d,,برودة الطقس,"Entity: برودة الطقس
Aliases: برودة الطقس
Type: Symptom
Quality: high
Relations: "
entity::ent_symptom_d76ebd36291e,entity,ent_symptom_d76ebd36291e,ent_symptom_d76ebd36291e,,برودة الماء,"Entity: برودة الماء
Aliases: برودة الماء
Type: Symptom
Quality: high
Relations: "
entity::ent_symptom_6910233b82fc,entity,ent_symptom_6910233b82fc,ent_symptom_6910233b82fc,,بروز في البطن,"Entity: بروز في البطن
Aliases: بروز في البطن
Type: Symptom
Quality: high
Relations: بروز في البطن TREATED_BY تمارين رياضية. Evidence: وجربت التمارين فترة بس ما لاحظت نتيجة كبيرة"
entity::ent_symptom_dc2c7333a505,entity,ent_symptom_dc2c7333a505,ent_symptom_dc2c7333a505,,بلغم,"Entity: بلغم
Aliases: بلغم
Type: Symptom
Quality: high
Relations: حساسية HAS_SYMPTOM بلغم. Evidence: ما علاج البلغم (حساسية الصدر) رغم اخذى هلاج اكثر من مرة ولا فائدة ؟ | التهاب HAS_SYMPTOM بلغم. Evidence: اذا كنت تعاني من التهاب ما في الجزء العلوي من الجهاز التنفسي يجب ان تتعالج | ربو HAS_SYMPTOM بلغم. Evidence: هل هو ربو ؟؟ او هل هناك حساسية ابسط من ذلك وعوارضها فقط السعال والبلغم"
entity::ent_symptom_3218dcecad3c,entity,ent_symptom_3218dcecad3c,ent_symptom_3218dcecad3c,,تشنجات,"Entity: تشنجات
Aliases: تشنجات
Type: Symptom
Quality: high
Relations: "
entity::ent_symptom_8d2e4253732b,entity,ent_symptom_8d2e4253732b,ent_symptom_8d2e4253732b,,تضخم في الارداف,"Entity: تضخم في الارداف
Aliases: تضخم في الارداف
Type: Symptom
Quality: high
Relations: تضخم HAS_SYMPTOM تضخم في الارداف. Evidence: تضخم في الارداف"
entity::ent_symptom_28acc791e82d,entity,ent_symptom_28acc791e82d,ent_symptom_28acc791e82d,,تعب,"Entity: تعب
Aliases: تعب
Type: Symptom
Quality: high
Relations: التهاب HAS_SYMPTOM تعب. Evidence: اعاني من فتره من آلام في الانف والوجه والاخص الجبين واشعر بحساسيه في الحلق مما يسبب لي ضيق تنفس وتعب بشكل عام"
entity::ent_symptom_d48190970b2d,entity,ent_symptom_d48190970b2d,ent_symptom_d48190970b2d,,تنميل,"Entity: تنميل
Aliases: تنميل
Type: Symptom
Quality: high
Relations: فقر الدم HAS_SYMPTOM تنميل. Evidence: نقص فيتامين (ب12) يسبب انيميا وتنميل"
entity::ent_symptom_ecf500c8beea,entity,ent_symptom_ecf500c8beea,ent_symptom_ecf500c8beea,,حرقه,"Entity: حرقه
Aliases: حرقه
Type: Symptom
Quality: high
Relations: التهاب HAS_SYMPTOM حرقه. Evidence: التهابات نسائيه تسبب حرقه في المهبل"
entity::ent_symptom_fe424a778440,entity,ent_symptom_fe424a778440,ent_symptom_fe424a778440,,حصاصة,"Entity: حصاصة
Aliases: حصاصة
Type: Symptom
Quality: high
Relations: التهاب HAS_SYMPTOM حصاصة. Evidence: التهاب الجلد الانين التهاب, حصاصة الجلد الانين"
entity::ent_symptom_7cfc95737dc0,entity,ent_symptom_7cfc95737dc0,ent_symptom_7cfc95737dc0,,حكة,"Entity: حكة
Aliases: حكة
Type: Symptom
Quality: high
Relations: "
entity::ent_symptom_fd47e672abb7,entity,ent_symptom_fd47e672abb7,ent_symptom_fd47e672abb7,,حلمة,"Entity: حلمة
Aliases: حلمة, حلمة ثديي الايمن, حلمة مسطحه
Type: Symptom
Quality: high
Relations: "
entity::ent_symptom_1a7b2eae066b,entity,ent_symptom_1a7b2eae066b,ent_symptom_1a7b2eae066b,,حموضة,"Entity: حموضة
Aliases: حموضة
Type: Symptom
Quality: high
Relations: "
entity::ent_symptom_018ebc11f6df,entity,ent_symptom_018ebc11f6df,ent_symptom_018ebc11f6df,,حمى,"Entity: حمى
Aliases: ارتفاع حرارة, ارتكاريا, الم, حماى, حمى, حمى عضة الجرذ, حمى عضة الفأر, ضربة الشمس
Type: Symptom
Quality: high
Relations: حمى TREATED_BY خافض حراره. Evidence: المفروض ان تزول هذه الاعراض خلال 48 ساعة وعليكي استخدام خافض حراره ومسكن للالم بعد تطعيم | حمى TREATED_BY مضاد حيوي. Evidence: اعطية مضاد حيوي | حمى TREATED_BY خافض حرارة. Evidence: اعطية خافض حرارة | حمى عضة الجرذ HAS_SYMPTOM حمى. Evidence: حمى عضة الجرذ ، وحمى عضة الفأر | حمى عضة الفأر HAS_SYMPTOM حمى. Evidence: حمى عضة الفأر | حمى عضة الجرذون HAS_SYMPTOM حمى. Evidence: حمى عضة الجرذون | حمى TREATED_BY الماء. Evidence: يرش الجسم بالماء الفاتر أو ذو حرارة باردة نسبياً 'أبرد من جسد المصاب'. | حمى TREATED_BY ثلج. Evidence: توضع مكعبات ثلجية حول منطقة الرقبة ومنطقة ما تحت الإبط."
entity::ent_symptom_1f6a3892391d,entity,ent_symptom_1f6a3892391d,ent_symptom_1f6a3892391d,,خفقان القلب,"Entity: خفقان القلب
Aliases: تسارع في ضربات القلب, خفقان القلب
Type: Symptom
Quality: high
Relations: ارتفاع ضغط الدم HAS_SYMPTOM خفقان القلب. Evidence: خفقان احيتنا | ارتفاع ضغط الدم HAS_SYMPTOM خفقان القلب. Evidence: خفقان القلب الشديد | ارتفاع ضغط الدم HAS_SYMPTOM خفقان القلب. Evidence: تسارع في ضربات القلب"
entity::ent_symptom_2623f9ed0078,entity,ent_symptom_2623f9ed0078,ent_symptom_2623f9ed0078,,دقات سريعة للقلب,"Entity: دقات سريعة للقلب
Aliases: دقات سريعة للقلب
Type: Symptom
Quality: high
Relations: "
entity::ent_symptom_ec53995c86ca,entity,ent_symptom_ec53995c86ca,ent_symptom_ec53995c86ca,,دوار,"Entity: دوار
Aliases: دوار
Type: Symptom
Quality: high
Relations: "
entity::ent_symptom_15f699fd4691,entity,ent_symptom_15f699fd4691,ent_symptom_15f699fd4691,,دوائر حمراء,"Entity: دوائر حمراء
Aliases: دوائر حمراء
Type: Symptom
Quality: high
Relations: "
entity::ent_symptom_850b2a35c32d,entity,ent_symptom_850b2a35c32d,ent_symptom_850b2a35c32d,,دوخة,"Entity: دوخة
Aliases: دوخة
Type: Symptom
Quality: high
Relations: ارتفاع ضغط الدم HAS_SYMPTOM دوخة. Evidence: دوخة"
entity::ent_symptom_e9ec482600f1,entity,ent_symptom_e9ec482600f1,ent_symptom_e9ec482600f1,,راسي تقيل,"Entity: راسي تقيل
Aliases: راسي تقيل
Type: Symptom
Quality: high
Relations: "
entity::ent_symptom_f4cf885a0447,entity,ent_symptom_f4cf885a0447,ent_symptom_f4cf885a0447,,سعال,"Entity: سعال
Aliases: بلغم, سعال, ضيق تنفس
Type: Symptom
Quality: high
Relations: حساسية HAS_SYMPTOM سعال. Evidence: هل هو ربو ؟؟ او هل هناك حساسية ابسط من ذلك وعوارضها فقط السعال والبلغم | التهاب HAS_SYMPTOM سعال. Evidence: اذا كنت تعاني من التهاب ما في الجزء العلوي من الجهاز التنفسي يجب ان تتعالج | ربو HAS_SYMPTOM سعال. Evidence: هل هو ربو ؟؟ او هل هناك حساسية ابسط من ذلك وعوارضها فقط السعال والبلغم | حساسية HAS_SYMPTOM سعال. Evidence: حساسية الصدر وسعال | حساسية الصدر HAS_SYMPTOM سعال. Evidence: حساسية الصدر and سعال co-occur with explicit symptom-pathology link"
entity::ent_symptom_dbef79463d2f,entity,ent_symptom_dbef79463d2f,ent_symptom_dbef79463d2f,,سمنة,"Entity: سمنة
Aliases: سمنة
Type: Symptom
Quality: high
Relations: "
entity::ent_symptom_c411d2ed3083,entity,ent_symptom_c411d2ed3083,ent_symptom_c411d2ed3083,,سيلان الانف,"Entity: سيلان الانف
Aliases: سيلان الانف
Type: Symptom
Quality: high
Relations: سيلان الانف TREATED_BY بخاخات الماء والملح. Evidence: جرب بخاخات الماء والملح | سيلان الانف INVESTIGATED_BY خصائي الاطفال. Evidence: لابد من عرضه على اخصائي الاطفال"
entity::ent_symptom_b754f1a1e5a8,entity,ent_symptom_b754f1a1e5a8,ent_symptom_b754f1a1e5a8,,صداع,"Entity: صداع
Aliases: ألم, ام حادة, صداع, صداع التوتري, صداع في جنبي الرأس, صداع قوي, نض سريع
Type: Symptom
Quality: high
Relations: صداع TREATED_BY زيت الحبة السوداء. Evidence: التخفيف من أعراض الصداع. ما هي فوائد زيت حبة السوداء | صداع TREATED_BY المراجعة الطبية. Evidence: مراجعة طبيبك او اخصائي جراحه وجه و فكين | ضرس العقل HAS_SYMPTOM صداع. Evidence: ضرس العقل | صداع TREATED_BY باندول فولت فاست. Evidence: باندول فولت فاست | التهاب السحايا HAS_SYMPTOM صداع. Evidence: صداع | التهاب الجيوب الأنفية HAS_SYMPTOM صداع. Evidence: صداع | الصداع التوتري HAS_SYMPTOM صداع. Evidence: الصداع التوتري قد يظهر كصداع يختلف حدته | صداع INVESTIGATED_BY الصور الشعاعية. Evidence: الصور الشعاعية قد تُطلب لفحص الصداع"
entity::ent_symptom_c01e00eb5c72,entity,ent_symptom_c01e00eb5c72,ent_symptom_c01e00eb5c72,,صداع التوتر,"Entity: صداع التوتر
Aliases: صداع, صداع التوتر
Type: Symptom
Quality: high
Relations: "
entity::ent_symptom_d713f64368d3,entity,ent_symptom_d713f64368d3,ent_symptom_d713f64368d3,,ضغط,"Entity: ضغط
Aliases: ضغط
Type: Symptom
Quality: high
Relations: التهاب الجيوب الأنفية HAS_SYMPTOM ضغط. Evidence: ضغط"
entity::ent_symptom_724e59ded899,entity,ent_symptom_724e59ded899,ent_symptom_724e59ded899,,ضغط الدم,"Entity: ضغط الدم
Aliases: ضغط, ضغط الدم
Type: Symptom
Quality: high
Relations: مرض السكري HAS_SYMPTOM ضغط الدم. Evidence: مرض السكري وضغط الدمز | مرض السكري HAS_SYMPTOM ضغط الدم. Evidence: مرض السكري وضغط الدم | مرض السكري HAS_SYMPTOM ضغط الدم. Evidence: مع العلم أن المريض يعاني من مرض السكر"
entity::ent_symptom_7b839cc80688,entity,ent_symptom_7b839cc80688,ent_symptom_7b839cc80688,,ضيق تنفس,"Entity: ضيق تنفس
Aliases: ضيق التنفس, ضيق النفس, ضيق بلتنفس, ضيق تنفس, ضيق نفس
Type: Symptom
Quality: high
Relations: التهاب HAS_SYMPTOM ضيق تنفس. Evidence: اعاني من فتره من آلام في الانف والوجه والاخص الجبين واشعر بحساسيه في الحلق مما يسبب لي ضيق تنفس وتعب بشكل عام | حساسية HAS_SYMPTOM ضيق تنفس. Evidence: ضيق تنفس وسرعة التعب وقلق | ارتفاع ضغط الدم HAS_SYMPTOM ضيق تنفس. Evidence: ضيق تنفس | ارتفاع ضغط الدم HAS_SYMPTOM ضيق تنفس. Evidence: ضيق تنفس | حساسية HAS_SYMPTOM ضيق تنفس. Evidence: حساسية تسبب ضيق تنفس"
entity::ent_symptom_ca6890d2fa81,entity,ent_symptom_ca6890d2fa81,ent_symptom_ca6890d2fa81,,غثيان,"Entity: غثيان
Aliases: دوخه, غثيان
Type: Symptom
Quality: high
Relations: "
entity::ent_symptom_c48c0df96785,entity,ent_symptom_c48c0df96785,ent_symptom_c48c0df96785,,فقدان الشهيه,"Entity: فقدان الشهيه
Aliases: فقدان الشهية
Type: Symptom
Quality: high
Relations: فقر الدم HAS_SYMPTOM فقدان الشهيه. Evidence: فقر الدم سبب فقدان الشهيه"
entity::ent_symptom_94e1fb05bddc,entity,ent_symptom_94e1fb05bddc,ent_symptom_94e1fb05bddc,,فقدان الشهية والرغبة في الاستفراغ,"Entity: فقدان الشهية والرغبة في الاستفراغ
Aliases: فقدان الشهية والرغبة في الاستفراغ
Type: Symptom
Quality: high
Relations: "
entity::ent_symptom_1113453f7a36,entity,ent_symptom_1113453f7a36,ent_symptom_1113453f7a36,,فقدان الوعي,"Entity: فقدان الوعي
Aliases: فقدان الوعي, نقص الوعي
Type: Symptom
Quality: high
Relations: فقدان الوعي TREATED_BY عسل. Evidence: يجب عليك اعطاء المصاب عسل تحت لسانه"
entity::ent_symptom_f51ef98950a2,entity,ent_symptom_f51ef98950a2,ent_symptom_f51ef98950a2,,قلق,"Entity: قلق
Aliases: تأغر فى غلق فتحة الرأس الأماميه, توتر, قلق, وخزات
Type: Symptom
Quality: high
Relations: "
entity::ent_symptom_7a79bce3a153,entity,ent_symptom_7a79bce3a153,ent_symptom_7a79bce3a153,,قيء,"Entity: قيء
Aliases: تقيؤ, قيء
Type: Symptom
Quality: high
Relations: الحمل HAS_SYMPTOM قيء. Evidence: قيء"
entity::ent_symptom_170df8c18553,entity,ent_symptom_170df8c18553,ent_symptom_170df8c18553,,كيس,"Entity: كيس
Aliases: اللثة, كيس
Type: Symptom
Quality: high
Relations: "
entity::ent_symptom_ff3a8a841494,entity,ent_symptom_ff3a8a841494,ent_symptom_ff3a8a841494,,نبض,"Entity: نبض
Aliases: نبض, نبض قلبه
Type: Symptom
Quality: high
Relations: "
entity::ent_symptom_19841fc2dc50,entity,ent_symptom_19841fc2dc50,ent_symptom_19841fc2dc50,,نبضات القلب,"Entity: نبضات القلب
Aliases: نبضات القلب
Type: Symptom
Quality: high
Relations: "
entity::ent_symptom_b9ba6f86ab5a,entity,ent_symptom_b9ba6f86ab5a,ent_symptom_b9ba6f86ab5a,,نزف,"Entity: نزف
Aliases: نزف, نزف بسيط
Type: Symptom
Quality: high
Relations: "
entity::ent_symptom_66c2e60e8e52,entity,ent_symptom_66c2e60e8e52,ent_symptom_66c2e60e8e52,,نشفان,"Entity: نشفان
Aliases: نشفان
Type: Symptom
Quality: high
Relations: حساسية HAS_SYMPTOM نشفان. Evidence: واشعر بنشفان دائم في الحلق | التهاب اللوزتين HAS_SYMPTOM نشفان. Evidence: نشفان دائم في الحلق | نشفان TREATED_BY تقوية المناعة. Evidence: تقوية المناعة... يحسن حالتك | نشفان TREATED_BY شراب ECHINACEA. Evidence: شراب ECHINACEA يحسن حالتك"
entity::ent_symptom_7d2fce86bc12,entity,ent_symptom_7d2fce86bc12,ent_symptom_7d2fce86bc12,,نغزات,"Entity: نغزات
Aliases: نغزات
Type: Symptom
Quality: high
Relations: "
entity::ent_symptom_17b6202362ba,entity,ent_symptom_17b6202362ba,ent_symptom_17b6202362ba,,نفخ,"Entity: نفخ
Aliases: نفخ
Type: Symptom
Quality: high
Relations: "
entity::ent_symptom_2b9271490fdf,entity,ent_symptom_2b9271490fdf,ent_symptom_2b9271490fdf,,نوبات,"Entity: نوبات
Aliases: نوبات
Type: Symptom
Quality: high
Relations: "
entity::ent_symptom_871c0c5d659d,entity,ent_symptom_871c0c5d659d,ent_symptom_871c0c5d659d,,نوبة,"Entity: نوبة
Aliases: نوبات جزئية, نوبات عامة, نوبة
Type: Symptom
Quality: high
Relations: صرع HAS_SYMPTOM نوبة. Evidence: الصرع نوعان : 1- نوبات عامة تصيب جميع اجزاء الجسم"
entity::ent_symptom_1489f63a8622,entity,ent_symptom_1489f63a8622,ent_symptom_1489f63a8622,,هيشان الشعر,"Entity: هيشان الشعر
Aliases: هيشان الشعر
Type: Symptom
Quality: high
Relations: "
entity::ent_symptom_42ad4acdebc5,entity,ent_symptom_42ad4acdebc5,ent_symptom_42ad4acdebc5,,وجع,"Entity: وجع
Aliases: وجع, وجع بالجسم
Type: Symptom
Quality: high
Relations: وجع INVESTIGATED_BY اشعة. Evidence: اشعة بالصبغة"
entity::ent_test_d4c042551289,entity,ent_test_d4c042551289,ent_test_d4c042551289,,b12,"Entity: b12
Aliases: b12
Type: Test
Quality: high
Relations: "
entity::ent_test_eb10148e602f,entity,ent_test_eb10148e602f,ent_test_eb10148e602f,,CBC,"Entity: CBC
Aliases: CBC
Type: Test
Quality: high
Relations: "
entity::ent_test_f405aec80933,entity,ent_test_f405aec80933,ent_test_f405aec80933,,CBC التحليل الكامل للدم,"Entity: CBC التحليل الكامل للدم
Aliases: CBC التحليل الكامل للدم
Type: Test
Quality: high
Relations: "
entity::ent_test_7f9e855cef19,entity,ent_test_7f9e855cef19,ent_test_7f9e855cef19,,E.S.R.,"Entity: E.S.R.
Aliases: E.S.R.
Type: Test
Quality: high
Relations: "
entity::ent_test_9b953964df1c,entity,ent_test_9b953964df1c,ent_test_9b953964df1c,,ferritin,"Entity: ferritin
Aliases: ferritin
Type: Test
Quality: high
Relations: "
entity::ent_test_a720c5e59e85,entity,ent_test_a720c5e59e85,ent_test_a720c5e59e85,,iron,"Entity: iron
Aliases: iron
Type: Test
Quality: high
Relations: "
entity::ent_test_ca6f7fce3808,entity,ent_test_ca6f7fce3808,ent_test_ca6f7fce3808,,PTH,"Entity: PTH
Aliases: PTH, parathyroid hormone
Type: Test
Quality: high
Relations: "
entity::ent_test_3f0d2e079b73,entity,ent_test_3f0d2e079b73,ent_test_3f0d2e079b73,,RAST Test,"Entity: RAST Test
Aliases: RAST Test
Type: Test
Quality: high
Relations: حساسية DIAGNOSED_BY RAST Test. Evidence: معرفة سبب الحساسيه يتم ذلك عن طريق RAST Test"
entity::ent_test_c4cfd2d6468c,entity,ent_test_c4cfd2d6468c,ent_test_c4cfd2d6468c,,أشعة,"Entity: أشعة
Aliases: أشعة, اشعة بالصبغة, اشعة عادية
Type: Test
Quality: high
Relations: تسوس الأسنان DIAGNOSED_BY أشعة. Evidence: أشعة | انتفاخ INVESTIGATED_BY اشعة. Evidence: اشعة بالصبغة | وجع INVESTIGATED_BY اشعة. Evidence: اشعة بالصبغة | التهاب DIAGNOSED_BY اشعة. Evidence: اجراء صورة اشعة عادية للحوض | انزلاق غضروفي عنقي DIAGNOSED_BY أشعة. Evidence: ينصح لك بصورة اشعة للعنق، هذه العلامات تشير إلى انزلاق غضروفي عنقي | شظايا القنابل الصغيرة الانشطارية DIAGNOSED_BY أشعة. Evidence: عمل تصوير بالأشعة لتحديد مكان الشظايا ونوعها | دبوس DIAGNOSED_BY أشعة. Evidence: أشعة لمعرفة مكان الدبوس والتأكد من وجوده | ارتجاج دماغي DIAGNOSED_BY أشعة. Evidence: عمل صورة أشعة للرأس"
entity::ent_test_6f946fa998e8,entity,ent_test_6f946fa998e8,ent_test_6f946fa998e8,,اشعة تلفزيونية,"Entity: اشعة تلفزيونية
Aliases: اشعة تلفزيونية
Type: Test
Quality: high
Relations: "
entity::ent_test_a8cf24723db9,entity,ent_test_a8cf24723db9,ent_test_a8cf24723db9,,التطعيمات,"Entity: التطعيمات
Aliases: التطعيم, التطعيمات
Type: Test
Quality: high
Relations: "
entity::ent_test_789144e7ff3c,entity,ent_test_789144e7ff3c,ent_test_789144e7ff3c,,الثيحال الريوي,"Entity: الثيحال الريوي
Aliases: الثيحال الريوي
Type: Test
Quality: high
Relations: "
entity::ent_test_d990d9189fc6,entity,ent_test_d990d9189fc6,ent_test_d990d9189fc6,,الجلوكوز,"Entity: الجلوكوز
Aliases: الجلوكوز, سكر الذرة, سكر العنب
Type: Test
Quality: high
Relations: "
entity::ent_test_0e8b0f13e650,entity,ent_test_0e8b0f13e650,ent_test_0e8b0f13e650,,الجنين,"Entity: الجنين
Aliases: الجنين
Type: Test
Quality: high
Relations: "
entity::ent_test_51926b4c8cd0,entity,ent_test_51926b4c8cd0,ent_test_51926b4c8cd0,,الحيوانات المنوية,"Entity: الحيوانات المنوية
Aliases: الحيوانات المنوية
Type: Test
Quality: high
Relations: التدخين INVESTIGATED_BY الحيوانات المنوية. Evidence: سلامة الحيوانات المنوية للزوج"
entity::ent_test_c087a4192739,entity,ent_test_c087a4192739,ent_test_c087a4192739,,الديم,"Entity: الديم
Aliases: الديم
Type: Test
Quality: high
Relations: "
entity::ent_test_e668861db259,entity,ent_test_e668861db259,ent_test_e668861db259,,الصور الشعاعية,"Entity: الصور الشعاعية
Aliases: الصور الشعاعية
Type: Test
Quality: high
Relations: صداع INVESTIGATED_BY الصور الشعاعية. Evidence: الصور الشعاعية قد تُطلب لفحص الصداع"
entity::ent_test_c4ec2e232baf,entity,ent_test_c4ec2e232baf,ent_test_c4ec2e232baf,,الفحوصات المخبرية,"Entity: الفحوصات المخبرية
Aliases: الفحوصات, الفحوصات المخبرية
Type: Test
Quality: high
Relations: انقطاع الطمث INVESTIGATED_BY الفحوصات المخبرية. Evidence: الفحوصات المخبرية...جزء من التقيم"
entity::ent_test_27c861759100,entity,ent_test_27c861759100,ent_test_27c861759100,,القسطرة التشخيصية,"Entity: القسطرة التشخيصية
Aliases: القسطرة التشخيصية
Type: Test
Quality: high
Relations: "
entity::ent_test_f65cef357cee,entity,ent_test_f65cef357cee,ent_test_f65cef357cee,,القولون,"Entity: القولون
Aliases: القولون
Type: Test
Quality: high
Relations: "
entity::ent_test_891e6b99157e,entity,ent_test_891e6b99157e,ent_test_891e6b99157e,,الكلية,"Entity: الكلية
Aliases: kidney, الكلية
Type: Test
Quality: high
Relations: "
entity::ent_test_4e95ccf90696,entity,ent_test_4e95ccf90696,ent_test_4e95ccf90696,,النسبة,"Entity: النسبة
Aliases: النسبة
Type: Test
Quality: high
Relations: "
entity::ent_test_234f794d532f,entity,ent_test_234f794d532f,ent_test_234f794d532f,,الهرمون,"Entity: الهرمون
Aliases: الهرمون
Type: Test
Quality: high
Relations: مرض الغدة الدرقية DIAGNOSED_BY الهرمون. Evidence: مستوى الهرمون في الدم"
entity::ent_test_4b0183158a0f,entity,ent_test_4b0183158a0f,ent_test_4b0183158a0f,,إيكو,"Entity: إيكو
Aliases: إيكو
Type: Test
Quality: high
Relations: "
entity::ent_test_5b6be44fb944,entity,ent_test_5b6be44fb944,ent_test_5b6be44fb944,,بزل الصدر,"Entity: بزل الصدر
Aliases: بزل الصدر
Type: Test
Quality: high
Relations: "
entity::ent_test_dd68aa784555,entity,ent_test_dd68aa784555,ent_test_dd68aa784555,,تحاليل مخبرية,"Entity: تحاليل مخبرية
Aliases: تحاليل, تحاليل مخبرية
Type: Test
Quality: high
Relations: حساسية DIAGNOSED_BY تحاليل مخبرية. Evidence: لابد من رؤيتها من قبل طبيب وعمل تحاليل خاصه بالحساسيه | حساسية DIAGNOSED_BY تحاليل مخبرية. Evidence: تحليل الحساسية | فقر الدم DIAGNOSED_BY تحاليل مخبرية. Evidence: الفوال أو التفول هو الاضطراب الخلقي الجيني الناجم عن نقص الأنزيم المسؤول عن الحفاظ على تركيز ببتيد الغلوتاثيون | فقر الدم DIAGNOSED_BY تحاليل مخبرية. Evidence: تحليل فقر الدم | مرض السكري DIAGNOSED_BY تحاليل مخبرية. Evidence: تحاليل مخبرية | التهاب DIAGNOSED_BY تحاليل مخبرية. Evidence: تحاليل مخبرية | نقص الحليب DIAGNOSED_BY تحاليل مخبرية. Evidence: اجراء تحليل بالدم | نشاط الغدة الدرقية DIAGNOSED_BY تحاليل مخبرية. Evidence: يتم تشخيص نشاط الغدة الدرقية عبر تحاليل مخبرية لهرمونات T3 وT4"
entity::ent_test_645255369776,entity,ent_test_645255369776,ent_test_645255369776,,تحليل,"Entity: تحليل
Aliases: تحليل
Type: Test
Quality: high
Relations: الورم النقوي المتعدد DIAGNOSED_BY تحليل. Evidence: تحليل لبروتينات الدم | متلازمة فالدنستروم DIAGNOSED_BY تحليل. Evidence: تحليل لبروتينات الدم"
entity::ent_test_263ea3437869,entity,ent_test_263ea3437869,ent_test_263ea3437869,,تحليل AMH,"Entity: تحليل AMH
Aliases: تحليل AMH
Type: Test
Quality: high
Relations: "
entity::ent_test_433492431144,entity,ent_test_433492431144,ent_test_433492431144,,تحليل الحساسية,"Entity: تحليل الحساسية
Aliases: تحليل الحساسية, تحليل حساسية
Type: Test
Quality: high
Relations: حساسية DIAGNOSED_BY تحليل الحساسية. Evidence: اعملي تحليل حساسية المضادات | حساسية DIAGNOSED_BY تحليل الحساسية. Evidence: تحليل الحساسية يُستخدم لتشخيص حساسية الصدر | حساسية الصدر DIAGNOSED_BY تحليل الحساسية. Evidence: تحليل الحساسية explicitly mentioned as diagnostic tool for حساسية الصدر"
entity::ent_test_cee0f03fdc31,entity,ent_test_cee0f03fdc31,ent_test_cee0f03fdc31,,تحليل براز,"Entity: تحليل براز
Aliases: تحليل براز
Type: Test
Quality: high
Relations: "
entity::ent_test_62f3f553cccf,entity,ent_test_62f3f553cccf,ent_test_62f3f553cccf,,تحليل بول,"Entity: تحليل بول
Aliases: تحليل بول
Type: Test
Quality: high
Relations: التهاب DIAGNOSED_BY تحليل بول. Evidence: عمل تحليل بول"
entity::ent_test_f6ff9119ed14,entity,ent_test_f6ff9119ed14,ent_test_f6ff9119ed14,,تصوير الجهاز البولي,"Entity: تصوير الجهاز البولي
Aliases: تصوير الجهاز البولي
Type: Test
Quality: high
Relations: التهاب DIAGNOSED_BY تصوير الجهاز البولي. Evidence: تصوير الجهاز البولي لتحديد سبب التهاب المثانة | الدم INVESTIGATED_BY تصوير الجهاز البولي. Evidence: تصوير الجهاز البولي لتحديد مكان خروج الدم"
entity::ent_test_ccfa39d8952e,entity,ent_test_ccfa39d8952e,ent_test_ccfa39d8952e,,تصوير بالرنين المغناطيسي,"Entity: تصوير بالرنين المغناطيسي
Aliases: تصوير بالرنين المغناطيسي
Type: Test
Quality: high
Relations: "
entity::ent_test_2fa028778221,entity,ent_test_2fa028778221,ent_test_2fa028778221,,تصوير بالموجات الفوق صوتية,"Entity: تصوير بالموجات الفوق صوتية
Aliases: تصوير بالموجات الفوق صوتية
Type: Test
Quality: high
Relations: "
entity::ent_test_0deca3ec9d8b,entity,ent_test_0deca3ec9d8b,ent_test_0deca3ec9d8b,,تلفزيون قلب,"Entity: تلفزيون قلب
Aliases: تلفزيون قلب
Type: Test
Quality: high
Relations: "
entity::ent_test_84971d541245,entity,ent_test_84971d541245,ent_test_84971d541245,,خصائي الاطفال,"Entity: خصائي الاطفال
Aliases: خصائي الاطفال
Type: Test
Quality: high
Relations: سيلان الانف INVESTIGATED_BY خصائي الاطفال. Evidence: لابد من عرضه على اخصائي الاطفال"
entity::ent_test_7633369aec20,entity,ent_test_7633369aec20,ent_test_7633369aec20,,رسم قلب,"Entity: رسم قلب
Aliases: رسم قلب
Type: Test
Quality: high
Relations: "
entity::ent_test_e25254260950,entity,ent_test_e25254260950,ent_test_e25254260950,,سونار بطن وحوض مع انريمات الكبد,"Entity: سونار بطن وحوض مع انريمات الكبد
Aliases: سونار بطن وحوض مع انريمات الكبد
Type: Test
Quality: high
Relations: "
entity::ent_test_c0d07b06fcff,entity,ent_test_c0d07b06fcff,ent_test_c0d07b06fcff,,صورة دم,"Entity: صورة دم
Aliases: صورة دم
Type: Test
Quality: high
Relations: "
entity::ent_test_f1846b201f26,entity,ent_test_f1846b201f26,ent_test_f1846b201f26,,فحص,"Entity: فحص
Aliases: فحص, فحص الحالة
Type: Test
Quality: high
Relations: "
entity::ent_test_2b2550da4a44,entity,ent_test_2b2550da4a44,ent_test_2b2550da4a44,,فحص الجرثومة الحلزونية,"Entity: فحص الجرثومة الحلزونية
Aliases: فحص الجرثومة الحلزونية
Type: Test
Quality: high
Relations: الم المعدجة INVESTIGATED_BY فحص الجرثومة الحلزونية. Evidence: فحص الجرثومة الحلزونية"
entity::ent_test_4ea4666752c1,entity,ent_test_4ea4666752c1,ent_test_4ea4666752c1,,فحص الدم,"Entity: فحص الدم
Aliases: فحص الدم, فحص الدم و أشعة
Type: Test
Quality: high
Relations: الانتان DIAGNOSED_BY فحص الدم. Evidence: فحص دم"
entity::ent_test_6dcf66b68de3,entity,ent_test_6dcf66b68de3,ent_test_6dcf66b68de3,,فحص الفقرات العنقية,"Entity: فحص الفقرات العنقية
Aliases: فحص الفقرات العنقية
Type: Test
Quality: high
Relations: "
entity::ent_test_8dfa1780f518,entity,ent_test_8dfa1780f518,ent_test_8dfa1780f518,,فحص تحاليل مخبرية,"Entity: فحص تحاليل مخبرية
Aliases: فحص تحاليل مخبرية
Type: Test
Quality: high
Relations: فقر الدم DIAGNOSED_BY فحص تحاليل مخبرية. Evidence: فحص التحاليل المخبرية مرتبط بتشخيص فقر الدم | نقص فيتامين د DIAGNOSED_BY فحص تحاليل مخبرية. Evidence: فحص التحاليل المخبرية مرتبط بتشخيص نقص فيتامين د | نقص حديد DIAGNOSED_BY فحص تحاليل مخبرية. Evidence: فحص التحاليل المخبرية مرتبط بتشخيص نقص حديد"
entity::ent_test_6cc18337a180,entity,ent_test_6cc18337a180,ent_test_6cc18337a180,,فحص دم للملاريا,"Entity: فحص دم للملاريا
Aliases: فحص دم للملاريا
Type: Test
Quality: high
Relations: ملاريا DIAGNOSED_BY فحص دم للملاريا. Evidence: اعملى فحص دم للملاريا مره ثانيه"
entity::ent_test_ce6fcb80c1fe,entity,ent_test_ce6fcb80c1fe,ent_test_ce6fcb80c1fe,,فحص سريري,"Entity: فحص سريري
Aliases: فحص سريري
Type: Test
Quality: high
Relations: نقص بحجم الثدي DIAGNOSED_BY فحص سريري. Evidence: فحص سريري"
entity::ent_test_db1175f121dc,entity,ent_test_db1175f121dc,ent_test_db1175f121dc,,فحص نخاع العظم,"Entity: فحص نخاع العظم
Aliases: فحص نخاع العظم
Type: Test
Quality: high
Relations: نقص الصفيحات DIAGNOSED_BY فحص نخاع العظم. Evidence: فحص نخاع العظم مرتبط بتشخيص نقص الصفيحات"
entity::ent_test_53daf0bebd13,entity,ent_test_53daf0bebd13,ent_test_53daf0bebd13,,مفصل الكتف,"Entity: مفصل الكتف
Aliases: مفصل الكتف
Type: Test
Quality: high
Relations: "
entity::ent_test_752d1924792a,entity,ent_test_752d1924792a,ent_test_752d1924792a,,نظرية الخلية,"Entity: نظرية الخلية
Aliases: نظرية الخلية
Type: Test
Quality: high
Relations: "
entity::ent_test_8b503c2dc54c,entity,ent_test_8b503c2dc54c,ent_test_8b503c2dc54c,,هيموغلوبين,"Entity: هيموغلوبين
Aliases: هيموغلوبين
Type: Test
Quality: high
Relations: "
entity::ent_treatment_7e88513b3bf7,entity,ent_treatment_7e88513b3bf7,ent_treatment_7e88513b3bf7,,Acetyl Salicylic Acid,"Entity: Acetyl Salicylic Acid
Aliases: Acetyl Salicylic Acid
Type: Treatment
Quality: high
Relations: "
entity::ent_treatment_441dfb50ce30,entity,ent_treatment_441dfb50ce30,ent_treatment_441dfb50ce30,,AspicotK,"Entity: AspicotK
Aliases: AspicotK
Type: Treatment
Quality: medium
Relations: "
entity::ent_treatment_b3c222de947d,entity,ent_treatment_b3c222de947d,ent_treatment_b3c222de947d,,Dabigatran,"Entity: Dabigatran
Aliases: Dabigatran
Type: Treatment
Quality: medium
Relations: "
entity::ent_treatment_183e85947f1d,entity,ent_treatment_183e85947f1d,ent_treatment_183e85947f1d,,Deyamethasone,"Entity: Deyamethasone
Aliases: Deyamethasone
Type: Treatment
Quality: medium
Relations: "
entity::ent_treatment_43dc015d2c81,entity,ent_treatment_43dc015d2c81,ent_treatment_43dc015d2c81,,euthyrox,"Entity: euthyrox
Aliases: euthyrox
Type: Treatment
Quality: medium
Relations: "
entity::ent_treatment_f9afb64b4575,entity,ent_treatment_f9afb64b4575,ent_treatment_f9afb64b4575,,Euthyrox25,"Entity: Euthyrox25
Aliases: Euthyrox25
Type: Treatment
Quality: medium
Relations: "
entity::ent_treatment_3ca399102196,entity,ent_treatment_3ca399102196,ent_treatment_3ca399102196,,GLUCOVIG,"Entity: GLUCOVIG
Aliases: GLUCOVIG
Type: Treatment
Quality: medium
Relations: "
entity::ent_treatment_318e308e2e2c,entity,ent_treatment_318e308e2e2c,ent_treatment_318e308e2e2c,,IVF,"Entity: IVF
Aliases: IVF
Type: Treatment
Quality: medium
Relations: "
entity::ent_treatment_4d680c503ac2,entity,ent_treatment_4d680c503ac2,ent_treatment_4d680c503ac2,,Radioactive Iodine,"Entity: Radioactive Iodine
Aliases: Iodine-131, Radioactive Iodine
Type: Treatment
Quality: high
Relations: "
entity::ent_treatment_21722b3a3cbc,entity,ent_treatment_21722b3a3cbc,ent_treatment_21722b3a3cbc,,Tiroxine,"Entity: Tiroxine
Aliases: T4, Tiroxine
Type: Treatment
Quality: medium
Relations: Hashimot TREATED_BY Tiroxine. Evidence: أَنِّي أعاني من هاشيموتو في بعض الأحيان في رمضان أخذ الدواء قبل السحور ولا اكل شي بعده وأصوم طوال النهار"
entity::ent_treatment_7197c00f491c,entity,ent_treatment_7197c00f491c,ent_treatment_7197c00f491c,,Vitamin D,"Entity: Vitamin D
Aliases: Vit D, Vitamin D
Type: Treatment
Quality: high
Relations: "
entity::ent_treatment_307befae7768,entity,ent_treatment_307befae7768,ent_treatment_307befae7768,,أبر جاهزة للحقن,"Entity: أبر جاهزة للحقن
Aliases: أبر جاهزة للحقن
Type: Treatment
Quality: high
Relations: "
entity::ent_treatment_cb5aeb58976f,entity,ent_treatment_cb5aeb58976f,ent_treatment_cb5aeb58976f,,أبيتنانت,"Entity: أبيتنانت
Aliases: أبيتنانت, فيتامين
Type: Treatment
Quality: medium
Relations: "
entity::ent_treatment_b036153000f8,entity,ent_treatment_b036153000f8,ent_treatment_b036153000f8,,أدوية بالفم,"Entity: أدوية بالفم
Aliases: أدوية بالفم
Type: Treatment
Quality: high
Relations: "
entity::ent_treatment_d7c4801b256d,entity,ent_treatment_d7c4801b256d,ent_treatment_d7c4801b256d,,استئصال الإصبع السادسة,"Entity: استئصال الإصبع السادسة
Aliases: استئصال الإصبع السادسة
Type: Treatment
Quality: high
Relations: "
entity::ent_treatment_543034bf73f8,entity,ent_treatment_543034bf73f8,ent_treatment_543034bf73f8,,استئصال المرارة,"Entity: استئصال المرارة
Aliases: استئصال المرارة, استئصال المرارة الجراحي
Type: Treatment
Quality: high
Relations: التهاب TREATED_BY استئصال المرارة. Evidence: استئصال المرارة يعالج التهاب"
entity::ent_treatment_cfd58ff106a6,entity,ent_treatment_cfd58ff106a6,ent_treatment_cfd58ff106a6,,افاستين,"Entity: افاستين
Aliases: افاستين
Type: Treatment
Quality: medium
Relations: "
entity::ent_treatment_fd42eb263b89,entity,ent_treatment_fd42eb263b89,ent_treatment_fd42eb263b89,,اكليل الجبل,"Entity: اكليل الجبل
Aliases: اكليل الجبل
Type: Treatment
Quality: high
Relations: الدورة الشهرية TREATED_BY اكليل الجبل. Evidence: اكليل الجبل"
entity::ent_treatment_3c3b0b18ce4a,entity,ent_treatment_3c3b0b18ce4a,ent_treatment_3c3b0b18ce4a,,الادوات,"Entity: الادوات
Aliases: الادوات
Type: Treatment
Quality: medium
Relations: "
entity::ent_treatment_b333a867faf6,entity,ent_treatment_b333a867faf6,ent_treatment_b333a867faf6,,الأسبرين,"Entity: الأسبرين
Aliases: اسبرين, الأسبرين, الأسبرين + البلافيكس, بيبي اسبرين
Type: Treatment
Quality: medium
Relations: الجلطة الدماغية TREATED_BY الأسبرين. Evidence: الأسبرين + البلافيكس"
entity::ent_treatment_2622a2a540cb,entity,ent_treatment_2622a2a540cb,ent_treatment_2622a2a540cb,,الاستئصال الجراحي,"Entity: الاستئصال الجراحي
Aliases: الاستئصال الجراحي
Type: Treatment
Quality: high
Relations: "
entity::ent_treatment_f5972d4787bd,entity,ent_treatment_f5972d4787bd,ent_treatment_f5972d4787bd,,الأسماك الدهنية,"Entity: الأسماك الدهنية
Aliases: الأسماك الدهنية
Type: Treatment
Quality: high
Relations: "
entity::ent_treatment_e10588af6bf0,entity,ent_treatment_e10588af6bf0,ent_treatment_e10588af6bf0,,الافطار,"Entity: الافطار
Aliases: الافطار, حبوب او شوفان
Type: Treatment
Quality: medium
Relations: "
entity::ent_treatment_621e99ad2c91,entity,ent_treatment_621e99ad2c91,ent_treatment_621e99ad2c91,,الاقاحات المضادة,"Entity: الاقاحات المضادة
Aliases: الاقاحات المضادة
Type: Treatment
Quality: high
Relations: "
entity::ent_treatment_839837a8561b,entity,ent_treatment_839837a8561b,ent_treatment_839837a8561b,,الاكثار من شرب الماء,"Entity: الاكثار من شرب الماء
Aliases: الاكثار من شرب الماء
Type: Treatment
Quality: high
Relations: التهاب TREATED_BY الاكثار من شرب الماء. Evidence: الاكثار من شرب الماء"
entity::ent_treatment_103a7b1accd7,entity,ent_treatment_103a7b1accd7,ent_treatment_103a7b1accd7,,الامتناع عن اعطاء أي أطعمة أو سوائل عن طريق الفم,"Entity: الامتناع عن اعطاء أي أطعمة أو سوائل عن طريق الفم
Aliases: الامتناع عن اعطاء أي أطعمة أو سوائل عن طريق الفم
Type: Treatment
Quality: high
Relations: التهاب TREATED_BY الامتناع عن اعطاء أي أطعمة أو سوائل عن طريق الفم. Evidence: الامتناع عن الأطعمة يعالج التهاب"
entity::ent_treatment_9318db295dde,entity,ent_treatment_9318db295dde,ent_treatment_9318db295dde,,الاندرال,"Entity: الاندرال
Aliases: الاندرال, اندرال
Type: Treatment
Quality: medium
Relations: "
entity::ent_treatment_cd8907496d4c,entity,ent_treatment_cd8907496d4c,ent_treatment_cd8907496d4c,,الانعاش القلبي الرئوي,"Entity: الانعاش القلبي الرئوي
Aliases: الانعاش القلبي الرئوي
Type: Treatment
Quality: high
Relations: "
entity::ent_treatment_039793a12776,entity,ent_treatment_039793a12776,ent_treatment_039793a12776,,الايزوتريتينوين,"Entity: الايزوتريتينوين
Aliases: الايزوتريتينوين
Type: Treatment
Quality: medium
Relations: "
entity::ent_treatment_fc32e4036e25,entity,ent_treatment_fc32e4036e25,ent_treatment_fc32e4036e25,,البردقوش,"Entity: البردقوش
Aliases: البردقوش
Type: Treatment
Quality: medium
Relations: الدورة الشهرية TREATED_BY البردقوش. Evidence: البردقوش"
entity::ent_treatment_c93941cf1d98,entity,ent_treatment_c93941cf1d98,ent_treatment_c93941cf1d98,,البروفين,"Entity: البروفين
Aliases: البروفين
Type: Treatment
Quality: medium
Relations: الكتف TREATED_BY البروفين. Evidence: تناول بعض الأدوية المسكنة للألم اللاستيروئيدية، مثل البروفين"
entity::ent_treatment_891f5d08fec8,entity,ent_treatment_891f5d08fec8,ent_treatment_891f5d08fec8,,البريمولوت ن,"Entity: البريمولوت ن
Aliases: البريمولوت ن
Type: Treatment
Quality: high
Relations: "
entity::ent_treatment_c91b15de897a,entity,ent_treatment_c91b15de897a,ent_treatment_c91b15de897a,,البقدونس,"Entity: البقدونس
Aliases: البقدونس
Type: Treatment
Quality: medium
Relations: الدورة الشهرية TREATED_BY البقدونس. Evidence: البقدونس"
entity::ent_treatment_3677ba04b27f,entity,ent_treatment_3677ba04b27f,ent_treatment_3677ba04b27f,,التبرع بالدم,"Entity: التبرع بالدم
Aliases: التبرع, التبرع بالدم
Type: Treatment
Quality: high
Relations: "
entity::ent_treatment_3fd682796ae8,entity,ent_treatment_3fd682796ae8,ent_treatment_3fd682796ae8,,التروكسين,"Entity: التروكسين
Aliases: التروكسين
Type: Treatment
Quality: medium
Relations: مرض الغدة الدرقية TREATED_BY التروكسين. Evidence: اخذ التروكسين"
entity::ent_treatment_451ebfb7cce2,entity,ent_treatment_451ebfb7cce2,ent_treatment_451ebfb7cce2,,التغذية,"Entity: التغذية
Aliases: التغذية, تغذية
Type: Treatment
Quality: medium
Relations: "
entity::ent_treatment_f3a613a63534,entity,ent_treatment_f3a613a63534,ent_treatment_f3a613a63534,,التغذية بالأنبوب,"Entity: التغذية بالأنبوب
Aliases: التغذية بالأنبوب, تغذية بالأنبوب
Type: Treatment
Quality: high
Relations: "
entity::ent_treatment_02bcaecf1a7e,entity,ent_treatment_02bcaecf1a7e,ent_treatment_02bcaecf1a7e,,التفاح,"Entity: التفاح
Aliases: التفاح
Type: Treatment
Quality: medium
Relations: "
entity::ent_treatment_48d78ab2fe1d,entity,ent_treatment_48d78ab2fe1d,ent_treatment_48d78ab2fe1d,,التفريش,"Entity: التفريش
Aliases: التفريش, تفريش
Type: Treatment
Quality: medium
Relations: "
entity::ent_treatment_ad98d6688d4a,entity,ent_treatment_ad98d6688d4a,ent_treatment_ad98d6688d4a,,التقيم,"Entity: التقيم
Aliases: الاخذ التاريخ, التقيم
Type: Treatment
Quality: medium
Relations: "
entity::ent_treatment_38ccbae05698,entity,ent_treatment_38ccbae05698,ent_treatment_38ccbae05698,,التلقيح الاصطناعي,"Entity: التلقيح الاصطناعي
Aliases: التلقيح الاصطناعي
Type: Treatment
Quality: high
Relations: "
entity::ent_treatment_e8807cc4d324,entity,ent_treatment_e8807cc4d324,ent_treatment_e8807cc4d324,,الجراحة,"Entity: الجراحة
Aliases: الجراحة, جراحة
Type: Treatment
Quality: medium
Relations: "
entity::ent_treatment_5b2a681074cf,entity,ent_treatment_5b2a681074cf,ent_treatment_5b2a681074cf,,الجراحة التجميلية,"Entity: الجراحة التجميلية
Aliases: الجراحة التجميلية
Type: Treatment
Quality: high
Relations: الجلد المترهل TREATED_BY الجراحة التجميلية. Evidence: يمكن شده بممارسة الرياضة أو بالجراحة التجميلية"
entity::ent_treatment_06f93bf4dc11,entity,ent_treatment_06f93bf4dc11,ent_treatment_06f93bf4dc11,,الجرعات الثلاثه,"Entity: الجرعات الثلاثه
Aliases: الجرعات الثلاثه
Type: Treatment
Quality: high
Relations: فايروس الكبد TREATED_BY الجرعات الثلاثه. Evidence: الجرعات الثلاثه"
entity::ent_treatment_574f7ec272a2,entity,ent_treatment_574f7ec272a2,ent_treatment_574f7ec272a2,,الجرعة,"Entity: الجرعة
Aliases: الجرعة, جرعة
Type: Treatment
Quality: low
Relations: "
entity::ent_treatment_43cdb9f8f206,entity,ent_treatment_43cdb9f8f206,ent_treatment_43cdb9f8f206,,الجماع,"Entity: الجماع
Aliases: الجماع
Type: Treatment
Quality: medium
Relations: "
entity::ent_treatment_f7646981eb0a,entity,ent_treatment_f7646981eb0a,ent_treatment_f7646981eb0a,,الجنين,"Entity: الجنين
Aliases: الجنين
Type: Treatment
Quality: medium
Relations: "
entity::ent_treatment_d4184001686f,entity,ent_treatment_d4184001686f,ent_treatment_d4184001686f,,الجوارب,"Entity: الجوارب
Aliases: الجوارب
Type: Treatment
Quality: medium
Relations: "
entity::ent_treatment_f60ee3a3269a,entity,ent_treatment_f60ee3a3269a,ent_treatment_f60ee3a3269a,,الجيب اللثوي,"Entity: الجيب اللثوي
Aliases: الجيب اللثوي
Type: Treatment
Quality: high
Relations: الجيب اللثوي TREATED_BY الجيب اللثوي. Evidence: ازاله التلبيس وعمل جراحة للجيب اللثوي"
entity::ent_treatment_edb14dbd221a,entity,ent_treatment_edb14dbd221a,ent_treatment_edb14dbd221a,,الجينسينغ,"Entity: الجينسينغ
Aliases: الجينسينغ
Type: Treatment
Quality: medium
Relations: "
entity::ent_treatment_3bca745f3196,entity,ent_treatment_3bca745f3196,ent_treatment_3bca745f3196,,الحبوب منع الحمل,"Entity: الحبوب منع الحمل
Aliases: الحبوب منع الحمل
Type: Treatment
Quality: high
Relations: "
entity::ent_treatment_db445915b47d,entity,ent_treatment_db445915b47d,ent_treatment_db445915b47d,,الحديد,"Entity: الحديد
Aliases: الحديد, الفيتامين B12, الفيتامين B6, حمض الفوليك
Type: Treatment
Quality: medium
Relations: "
entity::ent_treatment_2b917ff56ac9,entity,ent_treatment_2b917ff56ac9,ent_treatment_2b917ff56ac9,,الخضار,"Entity: الخضار
Aliases: الخضار
Type: Treatment
Quality: medium
Relations: "
entity::ent_treatment_1479a48d3d42,entity,ent_treatment_1479a48d3d42,ent_treatment_1479a48d3d42,,الدواء,"Entity: الدواء
Aliases: vitamin b complex, الدواء, مضمضة الكلورهيكسيدين
Type: Treatment
Quality: medium
Relations: الملوية البوابية TREATED_BY الدواء. Evidence: مضادات حيويه نكسيوم و كلاريثرومايسين واموكسسلين"
entity::ent_treatment_d017757dbf16,entity,ent_treatment_d017757dbf16,ent_treatment_d017757dbf16,,الدوخة,"Entity: الدوخة
Aliases: الدوخة
Type: Treatment
Quality: medium
Relations: "
entity::ent_treatment_389c673b9b0c,entity,ent_treatment_389c673b9b0c,ent_treatment_389c673b9b0c,,الديم,"Entity: الديم
Aliases: الديم
Type: Treatment
Quality: medium
Relations: "
entity::ent_treatment_aa15c31ba83e,entity,ent_treatment_aa15c31ba83e,ent_treatment_aa15c31ba83e,,الرضاعة الطبيعية,"Entity: الرضاعة الطبيعية
Aliases: الرضاعة, الرضاعة الطبيعية
Type: Treatment
Quality: high
Relations: "
entity::ent_treatment_0d20da4fd766,entity,ent_treatment_0d20da4fd766,ent_treatment_0d20da4fd766,,الروتيكسيماب,"Entity: الروتيكسيماب
Aliases: الروتيكسيماب, روتيكزيماب
Type: Treatment
Quality: medium
Relations: النقص الشديد للصفائح TREATED_BY الروتيكسيماب. Evidence: الروتيكسيماب يفيده في علاج النقص الشديد للصفائح"
entity::ent_treatment_8f18706cd796,entity,ent_treatment_8f18706cd796,ent_treatment_8f18706cd796,,الرياضة,"Entity: الرياضة
Aliases: الرياضة
Type: Treatment
Quality: low
Relations: "
entity::ent_treatment_639e625fe991,entity,ent_treatment_639e625fe991,ent_treatment_639e625fe991,,الزنجبيل,"Entity: الزنجبيل
Aliases: الزنجبيل
Type: Treatment
Quality: medium
Relations: الدورة الشهرية TREATED_BY الزنجبيل. Evidence: الزنجبيل"
entity::ent_treatment_9a34f0ba812d,entity,ent_treatment_9a34f0ba812d,ent_treatment_9a34f0ba812d,,السبع زيوت,"Entity: السبع زيوت
Aliases: السبع زيوت
Type: Treatment
Quality: high
Relations: "
entity::ent_treatment_b7e7fb09dd09,entity,ent_treatment_b7e7fb09dd09,ent_treatment_b7e7fb09dd09,,السوائل,"Entity: السوائل
Aliases: السوائل, سوائل
Type: Treatment
Quality: medium
Relations: بيلة الميوغلوبين TREATED_BY السوائل. Evidence: العلاج الاهم هو السوائل للمحافظة على الكلى | حمى TREATED_BY السوائل. Evidence: إعطاء المصاب السوائل اللازمة ويفضل أن تكون باردة."
entity::ent_treatment_7df0ceb5a906,entity,ent_treatment_7df0ceb5a906,ent_treatment_7df0ceb5a906,,السوائل والأملاح,"Entity: السوائل والأملاح
Aliases: السوائل والأملاح
Type: Treatment
Quality: high
Relations: "
entity::ent_treatment_477b80e9a19a,entity,ent_treatment_477b80e9a19a,ent_treatment_477b80e9a19a,,السيبروكسين,"Entity: السيبروكسين
Aliases: السيبروكسين
Type: Treatment
Quality: medium
Relations: "
entity::ent_treatment_dcbc13cd571f,entity,ent_treatment_dcbc13cd571f,ent_treatment_dcbc13cd571f,,الشمس,"Entity: الشمس
Aliases: الشمس
Type: Treatment
Quality: medium
Relations: "
entity::ent_treatment_06010a2495f7,entity,ent_treatment_06010a2495f7,ent_treatment_06010a2495f7,,الشمع,"Entity: الشمع
Aliases: الشمع
Type: Treatment
Quality: medium
Relations: "
entity::ent_treatment_604cc35281be,entity,ent_treatment_604cc35281be,ent_treatment_604cc35281be,,الشوكولاته,"Entity: الشوكولاته
Aliases: الشوكولاته
Type: Treatment
Quality: medium
Relations: "
entity::ent_treatment_fb3321acf9db,entity,ent_treatment_fb3321acf9db,ent_treatment_fb3321acf9db,,الصدمة الكهربائية,"Entity: الصدمة الكهربائية
Aliases: الصدمة الكهربائية
Type: Treatment
Quality: high
Relations: توقف القلب TREATED_BY الصدمة الكهربائية. Evidence: الصدمة الكهربائية"
entity::ent_treatment_450cbdcb87da,entity,ent_treatment_450cbdcb87da,ent_treatment_450cbdcb87da,,الطبيب,"Entity: الطبيب
Aliases: الطبيب, طبيب
Type: Treatment
Quality: medium
Relations: الصدمة الكهربائية TREATED_BY الطبيب. Evidence: يستدعي الطبيب او المسعف للتعامل مع المصاب | الحروق TREATED_BY الطبيب. Evidence: يستدعي الطبيب او المسعف للتعامل مع المصاب"
entity::ent_treatment_60ce765ad441,entity,ent_treatment_60ce765ad441,ent_treatment_60ce765ad441,,الطعام,"Entity: الطعام
Aliases: الطعام, طعام
Type: Treatment
Quality: medium
Relations: الجوع TREATED_BY الطعام. Evidence: الطعام"
entity::ent_treatment_612c88f2b060,entity,ent_treatment_612c88f2b060,ent_treatment_612c88f2b060,,العدس,"Entity: العدس
Aliases: العدس
Type: Treatment
Quality: medium
Relations: "
entity::ent_treatment_a0a8ee46502f,entity,ent_treatment_a0a8ee46502f,ent_treatment_a0a8ee46502f,,العقاقير,"Entity: العقاقير
Aliases: العقاقير, المهدئات
Type: Treatment
Quality: medium
Relations: ارتفاع ضغط الدم TREATED_BY العقاقير. Evidence: قد يعطى لك المهدئات لتقلصات العضلات والعقاقير من خلال الوريد (عن طريق الوريد) لعلاج ارتفاع ضغط الدم والإثارة والألم."
entity::ent_treatment_b5d6db6d8c42,entity,ent_treatment_b5d6db6d8c42,ent_treatment_b5d6db6d8c42,,العقاقير المضادة للذهان,"Entity: العقاقير المضادة للذهان
Aliases: العقاقير المضادة للذهان
Type: Treatment
Quality: high
Relations: اضطراب نفسي TREATED_BY العقاقير المضادة للذهان. Evidence: العقاقير المضادة للذهان"
entity::ent_treatment_90baddc0bf15,entity,ent_treatment_90baddc0bf15,ent_treatment_90baddc0bf15,,العلاج,"Entity: العلاج
Aliases: العلاج
Type: Treatment
Quality: medium
Relations: "
entity::ent_treatment_afbe4f3ae93f,entity,ent_treatment_afbe4f3ae93f,ent_treatment_afbe4f3ae93f,,العلاج الطبيعي,"Entity: العلاج الطبيعي
Aliases: العلاج الطبيعي
Type: Treatment
Quality: high
Relations: شلل العصب السابع TREATED_BY العلاج الطبيعي. Evidence: العلاج الطبيعي"
entity::ent_treatment_e7f992c031a2,entity,ent_treatment_e7f992c031a2,ent_treatment_e7f992c031a2,,العلاج بالإبر الصينية,"Entity: العلاج بالإبر الصينية
Aliases: العلاج بالإبر الصينية
Type: Treatment
Quality: high
Relations: شلل العصب السابع TREATED_BY العلاج بالإبر الصينية. Evidence: العلاج بالإبر الصينية"
entity::ent_treatment_f4382c9333bb,entity,ent_treatment_f4382c9333bb,ent_treatment_f4382c9333bb,,العلاج بالجراحة,"Entity: العلاج بالجراحة
Aliases: العلاج بالجراحة
Type: Treatment
Quality: high
Relations: دوالي الخصية TREATED_BY العلاج بالجراحة. Evidence: العلاج بالجراحة"
entity::ent_treatment_f5d29134c577,entity,ent_treatment_f5d29134c577,ent_treatment_f5d29134c577,,العلاج بالليزر,"Entity: العلاج بالليزر
Aliases: العلاج بالليزر
Type: Treatment
Quality: high
Relations: دوالي الساقين TREATED_BY العلاج بالليزر. Evidence: 6--وافضل طريقة هي العلاج بالليزر حيث أثبتت الأبحاث العالمية نجاحا يفوق الجراحات الأخرى ."
entity::ent_treatment_2223a55c026b,entity,ent_treatment_2223a55c026b,ent_treatment_2223a55c026b,,العمليات القلبية المفتوحة,"Entity: العمليات القلبية المفتوحة
Aliases: العمليات القلبية المفتوحة
Type: Treatment
Quality: high
Relations: "
entity::ent_treatment_903a54038c7e,entity,ent_treatment_903a54038c7e,ent_treatment_903a54038c7e,,الفواكة,"Entity: الفواكة
Aliases: الفواكة
Type: Treatment
Quality: medium
Relations: "
entity::ent_treatment_3142ddcc1955,entity,ent_treatment_3142ddcc1955,ent_treatment_3142ddcc1955,,الفياغرا,"Entity: الفياغرا
Aliases: الفياغرا
Type: Treatment
Quality: medium
Relations: "
entity::ent_treatment_fe7b9cfab843,entity,ent_treatment_fe7b9cfab843,ent_treatment_fe7b9cfab843,,القات,"Entity: القات
Aliases: القات, نبتة القات
Type: Treatment
Quality: medium
Relations: "
entity::ent_treatment_895d0d591838,entity,ent_treatment_895d0d591838,ent_treatment_895d0d591838,,القرفة,"Entity: القرفة
Aliases: القرفة
Type: Treatment
Quality: medium
Relations: الدورة الشهرية TREATED_BY القرفة. Evidence: القرفة"
entity::ent_treatment_249018a21aa8,entity,ent_treatment_249018a21aa8,ent_treatment_249018a21aa8,,القهوة,"Entity: القهوة
Aliases: القهوة
Type: Treatment
Quality: medium
Relations: "
entity::ent_treatment_9faa6531b364,entity,ent_treatment_9faa6531b364,ent_treatment_9faa6531b364,,الكحول,"Entity: الكحول
Aliases: الكحول
Type: Treatment
Quality: medium
Relations: "
entity::ent_treatment_2cb98decc0ee,entity,ent_treatment_2cb98decc0ee,ent_treatment_2cb98decc0ee,,الكرفس,"Entity: الكرفس
Aliases: الكرفس
Type: Treatment
Quality: medium
Relations: الدورة الشهرية TREATED_BY الكرفس. Evidence: الكرفس"
entity::ent_treatment_550808b4296e,entity,ent_treatment_550808b4296e,ent_treatment_550808b4296e,,الكركم,"Entity: الكركم
Aliases: الكركم
Type: Treatment
Quality: medium
Relations: "
entity::ent_treatment_acb8b834aff2,entity,ent_treatment_acb8b834aff2,ent_treatment_acb8b834aff2,,الكورتيزونات,"Entity: الكورتيزونات
Aliases: الكورتيزونات
Type: Treatment
Quality: medium
Relations: شلل العصب السابع TREATED_BY الكورتيزونات. Evidence: الكورتيزونات"
entity::ent_treatment_c8e54783a44f,entity,ent_treatment_c8e54783a44f,ent_treatment_c8e54783a44f,,اللحوم,"Entity: اللحوم
Aliases: اللحوم
Type: Treatment
Quality: medium
Relations: "
entity::ent_treatment_6066173509fd,entity,ent_treatment_6066173509fd,ent_treatment_6066173509fd,,اللحوم الحمراء,"Entity: اللحوم الحمراء
Aliases: اللحوم الحمراء
Type: Treatment
Quality: high
Relations: "
entity::ent_treatment_df23e36cac5c,entity,ent_treatment_df23e36cac5c,ent_treatment_df23e36cac5c,,اللعب,"Entity: اللعب
Aliases: اللعب, لعب
Type: Treatment
Quality: medium
Relations: "
entity::ent_treatment_d5946e76d323,entity,ent_treatment_d5946e76d323,ent_treatment_d5946e76d323,,اللقاح,"Entity: اللقاح
Aliases: اللقاح
Type: Treatment
Quality: medium
Relations: فايروس الكبد TREATED_BY اللقاح. Evidence: اللقاح"
entity::ent_treatment_328b48423699,entity,ent_treatment_328b48423699,ent_treatment_328b48423699,,الماء,"Entity: الماء
Aliases: الماء, ماء
Type: Treatment
Quality: medium
Relations: حمى TREATED_BY الماء. Evidence: يرش الجسم بالماء الفاتر أو ذو حرارة باردة نسبياً 'أبرد من جسد المصاب'."
entity::ent_treatment_546f9d2d4ff7,entity,ent_treatment_546f9d2d4ff7,ent_treatment_546f9d2d4ff7,,الماء المالح,"Entity: الماء المالح
Aliases: الماء المالح
Type: Treatment
Quality: high
Relations: "
entity::ent_treatment_f4876b0a4ac8,entity,ent_treatment_f4876b0a4ac8,ent_treatment_f4876b0a4ac8,,المراجعة الطبيب الأسنان,"Entity: المراجعة الطبيب الأسنان
Aliases: المراجعة الطبيب الأسنان, المراجعة الطبيب الأسنان وطبيب أذنية
Type: Treatment
Quality: high
Relations: تسوس الأسنان TREATED_BY المراجعة الطبيب الأسنان. Evidence: المراجعة الطبيب الأسنان"
entity::ent_treatment_1623092039ad,entity,ent_treatment_1623092039ad,ent_treatment_1623092039ad,,المراجعة الطبية,"Entity: المراجعة الطبية
Aliases: المراجعة الطبية
Type: Treatment
Quality: high
Relations: صداع TREATED_BY المراجعة الطبية. Evidence: مراجعة طبيبك او اخصائي جراحه وجه و فكين | ضرس العقل TREATED_BY المراجعة الطبية. Evidence: مراجعة طبيبك او اخصائي جراحه وجه و فكين | الام TREATED_BY المراجعة الطبية. Evidence: مراجعة طبيبك او اخصائي جراحه وجه و فكين"
entity::ent_treatment_330cd62c6e95,entity,ent_treatment_330cd62c6e95,ent_treatment_330cd62c6e95,,المركز العلاجي,"Entity: المركز العلاجي
Aliases: المركز العلاجي
Type: Treatment
Quality: high
Relations: "
entity::ent_treatment_6d11b359c485,entity,ent_treatment_6d11b359c485,ent_treatment_6d11b359c485,,المضادات الحيوية,"Entity: المضادات الحيوية
Aliases: المضادات الحيوية
Type: Treatment
Quality: high
Relations: حمى عضة الجرذ TREATED_BY المضادات الحيوية. Evidence: المضادات الحيوية | حمى عضة الفأر TREATED_BY المضادات الحيوية. Evidence: المضادات الحيوية"
entity::ent_treatment_19641abdb8c6,entity,ent_treatment_19641abdb8c6,ent_treatment_19641abdb8c6,,المطاعيم,"Entity: المطاعيم
Aliases: المطاعيم
Type: Treatment
Quality: medium
Relations: "
entity::ent_treatment_b792fc31b8bb,entity,ent_treatment_b792fc31b8bb,ent_treatment_b792fc31b8bb,,الميرمية,"Entity: الميرمية
Aliases: الميرمية
Type: Treatment
Quality: medium
Relations: الدورة الشهرية TREATED_BY الميرمية. Evidence: الميرمية"
entity::ent_treatment_ab5802cc2c0c,entity,ent_treatment_ab5802cc2c0c,ent_treatment_ab5802cc2c0c,,النضاد الحيوي,"Entity: النضاد الحيوي
Aliases: النضاد الحيوي
Type: Treatment
Quality: high
Relations: التهاب TREATED_BY النضاد الحيوي. Evidence: يحتاج الطفل لعلاج بالنضاد الحيوي عن طريق الفم الي جانب العلاج الموضعي"
entity::ent_treatment_948c17b9713d,entity,ent_treatment_948c17b9713d,ent_treatment_948c17b9713d,,النظافة اليومية,"Entity: النظافة اليومية
Aliases: النظافة اليومية
Type: Treatment
Quality: high
Relations: "
entity::ent_treatment_328642ab84d2,entity,ent_treatment_328642ab84d2,ent_treatment_328642ab84d2,,النواقل,"Entity: النواقل
Aliases: النواقل
Type: Treatment
Quality: medium
Relations: "
entity::ent_treatment_df97f5e24856,entity,ent_treatment_df97f5e24856,ent_treatment_df97f5e24856,,النوم جيداً,"Entity: النوم جيداً
Aliases: النوم جيداً
Type: Treatment
Quality: high
Relations: "
entity::ent_treatment_2c9d8c42194b,entity,ent_treatment_2c9d8c42194b,ent_treatment_2c9d8c42194b,,الوجبة الإفطار,"Entity: الوجبة الإفطار
Aliases: الوجبة الإفطار
Type: Treatment
Quality: high
Relations: "
entity::ent_treatment_60057f719d6c,entity,ent_treatment_60057f719d6c,ent_treatment_60057f719d6c,,اورليستات,"Entity: اورليستات
Aliases: اورليستات
Type: Treatment
Quality: medium
Relations: "
entity::ent_treatment_c97970fb458a,entity,ent_treatment_c97970fb458a,ent_treatment_c97970fb458a,,اوميبرازول,"Entity: اوميبرازول
Aliases: اوميبرازول
Type: Treatment
Quality: medium
Relations: "
entity::ent_treatment_90996a0e2d01,entity,ent_treatment_90996a0e2d01,ent_treatment_90996a0e2d01,,ايزومبرازول,"Entity: ايزومبرازول
Aliases: ايزومبرازول
Type: Treatment
Quality: medium
Relations: قرحة TREATED_BY ايزومبرازول. Evidence: ممكن تجرب دواء اسمه ايزومبرازول"
entity::ent_treatment_91cb532e35c6,entity,ent_treatment_91cb532e35c6,ent_treatment_91cb532e35c6,,بابونج,"Entity: بابونج
Aliases: بابونج
Type: Treatment
Quality: medium
Relations: "
entity::ent_treatment_2466e618d2bf,entity,ent_treatment_2466e618d2bf,ent_treatment_2466e618d2bf,,باندول فولت فاست,"Entity: باندول فولت فاست
Aliases: باندول فولت فاست
Type: Treatment
Quality: high
Relations: صداع TREATED_BY باندول فولت فاست. Evidence: باندول فولت فاست"
entity::ent_treatment_34b849dbecc0,entity,ent_treatment_34b849dbecc0,ent_treatment_34b849dbecc0,,بخاخات الماء والملح,"Entity: بخاخات الماء والملح
Aliases: بخاخات الماء والملح
Type: Treatment
Quality: high
Relations: سيلان الانف TREATED_BY بخاخات الماء والملح. Evidence: جرب بخاخات الماء والملح"
entity::ent_treatment_53d2565c0b22,entity,ent_treatment_53d2565c0b22,ent_treatment_53d2565c0b22,,برامج رقية,"Entity: برامج رقية
Aliases: برامج رقية
Type: Treatment
Quality: low
Relations: "
entity::ent_treatment_d440760c4700,entity,ent_treatment_d440760c4700,ent_treatment_d440760c4700,,بروبايوتيك,"Entity: بروبايوتيك
Aliases: بروبايوتيك
Type: Treatment
Quality: medium
Relations: "
entity::ent_treatment_8b9727a6ed45,entity,ent_treatment_8b9727a6ed45,ent_treatment_8b9727a6ed45,,بروفين,"Entity: بروفين
Aliases: بروفين
Type: Treatment
Quality: medium
Relations: "
entity::ent_treatment_02841a5b9786,entity,ent_treatment_02841a5b9786,ent_treatment_02841a5b9786,,بريمولوت ن,"Entity: بريمولوت ن
Aliases: بريمولوت ن
Type: Treatment
Quality: high
Relations: "
entity::ent_treatment_c2daec36c810,entity,ent_treatment_c2daec36c810,ent_treatment_c2daec36c810,,بكتيفلوكس,"Entity: بكتيفلوكس
Aliases: بكتيفلوكس
Type: Treatment
Quality: medium
Relations: تيفود TREATED_BY بكتيفلوكس. Evidence: بكتيفلوكس 500 مرتين يوميا لمدة عشر ايام"
entity::ent_treatment_af4d4bb1722f,entity,ent_treatment_af4d4bb1722f,ent_treatment_af4d4bb1722f,,بلافكس,"Entity: بلافكس
Aliases: بلافكس
Type: Treatment
Quality: medium
Relations: "
entity::ent_treatment_70be4452db30,entity,ent_treatment_70be4452db30,ent_treatment_70be4452db30,,بنسلين,"Entity: بنسلين
Aliases: بنسلين
Type: Treatment
Quality: medium
Relations: "
entity::ent_treatment_46930d71ed57,entity,ent_treatment_46930d71ed57,ent_treatment_46930d71ed57,,بنسيلين,"Entity: بنسيلين
Aliases: بنسيلين
Type: Treatment
Quality: medium
Relations: حمى عضة الجرذ TREATED_BY بنسيلين. Evidence: البنسيلين | حمى عضة الفأر TREATED_BY بنسيلين. Evidence: البنسيلين"
entity::ent_treatment_5ea001fbe018,entity,ent_treatment_5ea001fbe018,ent_treatment_5ea001fbe018,,بيفاسيزوماب,"Entity: بيفاسيزوماب
Aliases: بيفاسيزوماب
Type: Treatment
Quality: medium
Relations: "
entity::ent_treatment_9a36b616695e,entity,ent_treatment_9a36b616695e,ent_treatment_9a36b616695e,,تبديل الصمامات,"Entity: تبديل الصمامات
Aliases: تبديل الصمامات, تبديل صمام
Type: Treatment
Quality: high
Relations: "
entity::ent_treatment_07c97c044791,entity,ent_treatment_07c97c044791,ent_treatment_07c97c044791,,تبييض,"Entity: تبييض
Aliases: تبييض, لصقات
Type: Treatment
Quality: medium
Relations: "
entity::ent_treatment_cbf0b7b10d4f,entity,ent_treatment_cbf0b7b10d4f,ent_treatment_cbf0b7b10d4f,,تجنب المنتجات التي تحوي جلوتين,"Entity: تجنب المنتجات التي تحوي جلوتين
Aliases: تجنب المنتجات التي تحوي جلوتين
Type: Treatment
Quality: high
Relations: حساسية TREATED_BY تجنب المنتجات التي تحوي جلوتين. Evidence: للاسف اهم علاج تجنب المنتجات التي تحوي جلوتين"
entity::ent_treatment_57dc56a67c59,entity,ent_treatment_57dc56a67c59,ent_treatment_57dc56a67c59,,تدليك القلب,"Entity: تدليك القلب
Aliases: تدليك القلب
Type: Treatment
Quality: high
Relations: توقف القلب TREATED_BY تدليك القلب. Evidence: تدليك القلب"
entity::ent_treatment_bda1067a70d1,entity,ent_treatment_bda1067a70d1,ent_treatment_bda1067a70d1,,تستيرون,"Entity: تستيرون
Aliases: تستيرون
Type: Treatment
Quality: medium
Relations: "
entity::ent_treatment_026f10d47b4b,entity,ent_treatment_026f10d47b4b,ent_treatment_026f10d47b4b,,تطعيم,"Entity: تطعيم
Aliases: تطعيم
Type: Treatment
Quality: medium
Relations: "
entity::ent_treatment_5947f4c8a22d,entity,ent_treatment_5947f4c8a22d,ent_treatment_5947f4c8a22d,,تطويل العظم,"Entity: تطويل العظم
Aliases: تطويل العظم
Type: Treatment
Quality: high
Relations: "
entity::ent_treatment_e341edad55d8,entity,ent_treatment_e341edad55d8,ent_treatment_e341edad55d8,,تقوية المناعة,"Entity: تقوية المناعة
Aliases: تقوية المناعة
Type: Treatment
Quality: high
Relations: نشفان TREATED_BY تقوية المناعة. Evidence: تقوية المناعة... يحسن حالتك"
entity::ent_treatment_a3fdf405330a,entity,ent_treatment_a3fdf405330a,ent_treatment_a3fdf405330a,,تمارين رياضية,"Entity: تمارين رياضية
Aliases: تمارين رياضية
Type: Treatment
Quality: high
Relations: بروز في البطن TREATED_BY تمارين رياضية. Evidence: وجربت التمارين فترة بس ما لاحظت نتيجة كبيرة"
entity::ent_treatment_fca1a888ae57,entity,ent_treatment_fca1a888ae57,ent_treatment_fca1a888ae57,,تنظيف اللثة,"Entity: تنظيف اللثة
Aliases: تنظيف اللثة, نظافة اللثة
Type: Treatment
Quality: high
Relations: "
entity::ent_treatment_07bda7f8e857,entity,ent_treatment_07bda7f8e857,ent_treatment_07bda7f8e857,,توبيراميت,"Entity: توبيراميت
Aliases: اسبرين, توبيراميت, كورتيزون
Type: Treatment
Quality: medium
Relations: "
entity::ent_treatment_104bb0a91d5a,entity,ent_treatment_104bb0a91d5a,ent_treatment_104bb0a91d5a,,تيليفاست,"Entity: تيليفاست
Aliases: تيليفاست, مضاد للهيستامين
Type: Treatment
Quality: medium
Relations: حساسية TREATED_BY تيليفاست. Evidence: مضاد للهيستامين مثل تيليفاست"
entity::ent_treatment_e77b8748ec09,entity,ent_treatment_e77b8748ec09,ent_treatment_e77b8748ec09,,ثلج,"Entity: ثلج
Aliases: ثلج
Type: Treatment
Quality: medium
Relations: حمى TREATED_BY ثلج. Evidence: توضع مكعبات ثلجية حول منطقة الرقبة ومنطقة ما تحت الإبط."
entity::ent_treatment_08325dd63292,entity,ent_treatment_08325dd63292,ent_treatment_08325dd63292,,ثيروكسين,"Entity: ثيروكسين
Aliases: levothyrox25, ثيروكسين
Type: Treatment
Quality: medium
Relations: "
entity::ent_treatment_b8cee9c1b337,entity,ent_treatment_b8cee9c1b337,ent_treatment_b8cee9c1b337,,جراح التجميل,"Entity: جراح التجميل
Aliases: جراح, جراح التجميل
Type: Treatment
Quality: high
Relations: "
entity::ent_treatment_469e39fc5835,entity,ent_treatment_469e39fc5835,ent_treatment_469e39fc5835,,جراح عظام,"Entity: جراح عظام
Aliases: جراح, جراح عظام
Type: Treatment
Quality: high
Relations: "
entity::ent_treatment_72992721d87a,entity,ent_treatment_72992721d87a,ent_treatment_72992721d87a,,جرعة,"Entity: جرعة
Aliases: الجرعة, الجعة, جرعة, جرعة تيروكسين, علاج
Type: Treatment
Quality: low
Relations: "
entity::ent_treatment_dcc37cc6936c,entity,ent_treatment_dcc37cc6936c,ent_treatment_dcc37cc6936c,,جهاز هولتر,"Entity: جهاز هولتر
Aliases: جهاز هولتر
Type: Treatment
Quality: high
Relations: "
entity::ent_treatment_5ceca1d872a8,entity,ent_treatment_5ceca1d872a8,ent_treatment_5ceca1d872a8,,حبه امادول,"Entity: حبه امادول
Aliases: حبه امادول
Type: Treatment
Quality: high
Relations: "
entity::ent_treatment_470ecec01368,entity,ent_treatment_470ecec01368,ent_treatment_470ecec01368,,حبوب الأسبرين,"Entity: حبوب الأسبرين
Aliases: حبوب الأسبرين
Type: Treatment
Quality: high
Relations: "
entity::ent_treatment_62b0f0db0c20,entity,ent_treatment_62b0f0db0c20,ent_treatment_62b0f0db0c20,,حبوب اوميجا 3,"Entity: حبوب اوميجا 3
Aliases: حبوب اوميجا 3
Type: Treatment
Quality: high
Relations: "
entity::ent_treatment_6e2eca7e0846,entity,ent_treatment_6e2eca7e0846,ent_treatment_6e2eca7e0846,,حبوب تخسيس الوزن,"Entity: حبوب تخسيس الوزن
Aliases: حبوب تخسيس الوزن
Type: Treatment
Quality: high
Relations: "
entity::ent_treatment_ad1d7aa378fb,entity,ent_treatment_ad1d7aa378fb,ent_treatment_ad1d7aa378fb,,حبوب حامض الفوليك,"Entity: حبوب حامض الفوليك
Aliases: حبوب حامض الفوليك
Type: Treatment
Quality: high
Relations: "
entity::ent_treatment_25ad5edaca54,entity,ent_treatment_25ad5edaca54,ent_treatment_25ad5edaca54,,حبوب مغنيسيوم,"Entity: حبوب مغنيسيوم
Aliases: حبوب مغنيسيوم
Type: Treatment
Quality: high
Relations: "
entity::ent_treatment_b67abf88ef76,entity,ent_treatment_b67abf88ef76,ent_treatment_b67abf88ef76,,حجامة,"Entity: حجامة
Aliases: حجامة
Type: Treatment
Quality: medium
Relations: "
entity::ent_treatment_b16a545c0e9c,entity,ent_treatment_b16a545c0e9c,ent_treatment_b16a545c0e9c,,حشوة,"Entity: حشوة
Aliases: حشوة, حشوة الأسنان
Type: Treatment
Quality: medium
Relations: "
entity::ent_treatment_c2ead061e2d0,entity,ent_treatment_c2ead061e2d0,ent_treatment_c2ead061e2d0,,حشيشة الملاك,"Entity: حشيشة الملاك
Aliases: حشيشة الملاك
Type: Treatment
Quality: high
Relations: الدورة الشهرية TREATED_BY حشيشة الملاك. Evidence: حشيشة الملاك"
entity::ent_treatment_f484b8bb62d4,entity,ent_treatment_f484b8bb62d4,ent_treatment_f484b8bb62d4,,حليب الام,"Entity: حليب الام
Aliases: حليب الام
Type: Treatment
Quality: high
Relations: "
entity::ent_treatment_3278b7c5cc1b,entity,ent_treatment_3278b7c5cc1b,ent_treatment_3278b7c5cc1b,,حليب الصويا,"Entity: حليب الصويا
Aliases: حليب الصويا
Type: Treatment
Quality: high
Relations: "
entity::ent_treatment_0311bc90ba75,entity,ent_treatment_0311bc90ba75,ent_treatment_0311bc90ba75,,حليب مكسر بروتين الحليب,"Entity: حليب مكسر بروتين الحليب
Aliases: حليب مكسر بروتين الحليب
Type: Treatment
Quality: high
Relations: حساسية TREATED_BY حليب مكسر بروتين الحليب. Evidence: اعطيها حليب مكسر بروتين الحليب بالكامل او حليب رز"
entity::ent_treatment_be514bea14bc,entity,ent_treatment_be514bea14bc,ent_treatment_be514bea14bc,,خافض حراره,"Entity: خافض حراره
Aliases: خافض حرارة
Type: Treatment
Quality: high
Relations: حمى TREATED_BY خافض حراره. Evidence: المفروض ان تزول هذه الاعراض خلال 48 ساعة وعليكي استخدام خافض حراره ومسكن للالم بعد تطعيم | حمى TREATED_BY خافض حرارة. Evidence: اعطية خافض حرارة"
entity::ent_treatment_48712ae621b5,entity,ent_treatment_48712ae621b5,ent_treatment_48712ae621b5,,خلطة الريحان و الروزماري,"Entity: خلطة الريحان و الروزماري
Aliases: خلطة الريحان و الروزماري
Type: Treatment
Quality: high
Relations: شيب TREATED_BY خلطة الريحان و الروزماري. Evidence: هل خلطة الريحان و الروزماري مفيدة للتخلص من الشيب"
entity::ent_treatment_982172163039,entity,ent_treatment_982172163039,ent_treatment_982172163039,,خلطة العسل والفوقص الحوصلي والغذاء الملكي والعكبر والقسط الهندي,"Entity: خلطة العسل والفوقص الحوصلي والغذاء الملكي والعكبر والقسط الهندي
Aliases: خلطة العسل والفوقص الحوصلي والغذاء الملكي والعكبر والقسط الهندي
Type: Treatment
Quality: high
Relations: كسل بالغدة الدرقية TREATED_BY خلطة العسل والفوقص الحوصلي والغذاء الملكي والعكبر والقسط الهندي. Evidence: هذه خلطة مفيدة ان شاء الله لمن معهم كسل بالغدة الدرقية"
entity::ent_treatment_85b33c000a00,entity,ent_treatment_85b33c000a00,ent_treatment_85b33c000a00,,دكتور جهاز هضمي,"Entity: دكتور جهاز هضمي
Aliases: دكتور جهاز هضمي
Type: Treatment
Quality: high
Relations: "
entity::ent_treatment_f53e37e03bcf,entity,ent_treatment_f53e37e03bcf,ent_treatment_f53e37e03bcf,,دواء اخر,"Entity: دواء اخر
Aliases: دواء اخر
Type: Treatment
Quality: high
Relations: "
entity::ent_treatment_fe1881a70477,entity,ent_treatment_fe1881a70477,ent_treatment_fe1881a70477,,دواء الpradaxa,"Entity: دواء الpradaxa
Aliases: دواء الpradaxa
Type: Treatment
Quality: high
Relations: "
entity::ent_treatment_9b5bfe80cea0,entity,ent_treatment_9b5bfe80cea0,ent_treatment_9b5bfe80cea0,,دواء تلفاست أ سيرين,"Entity: دواء تلفاست أ سيرين
Aliases: دواء تلفاست أ سيرين
Type: Treatment
Quality: high
Relations: فرط الحساسية TREATED_BY دواء تلفاست أ سيرين. Evidence: تناول دواء تلفاست أ سيرين"
entity::ent_treatment_1a95beeb72ce,entity,ent_treatment_1a95beeb72ce,ent_treatment_1a95beeb72ce,,روفسوفاستاتين,"Entity: روفسوفاستاتين
Aliases: روفسوفاستاتين
Type: Treatment
Quality: medium
Relations: "
entity::ent_treatment_cd6803651137,entity,ent_treatment_cd6803651137,ent_treatment_cd6803651137,,زراعة,"Entity: زراعة
Aliases: زراعة, زراعة السن
Type: Treatment
Quality: medium
Relations: "
entity::ent_treatment_677fdfb3086e,entity,ent_treatment_677fdfb3086e,ent_treatment_677fdfb3086e,,زيت الحبة السوداء,"Entity: زيت الحبة السوداء
Aliases: زيت الحبة السوداء
Type: Treatment
Quality: high
Relations: ربو TREATED_BY زيت الحبة السوداء. Evidence: التخفيف من أعراض الربو وأمراض الجهاز التنفسي. ما هي فوائد زيت حبة السوداء | حساسية TREATED_BY زيت الحبة السوداء. Evidence: علاج حساسية الأنف. ما هي فوائد زيت حبة السوداء | صداع TREATED_BY زيت الحبة السوداء. Evidence: التخفيف من أعراض الصداع. ما هي فوائد زيت حبة السوداء"
entity::ent_treatment_24d83b12af40,entity,ent_treatment_24d83b12af40,ent_treatment_24d83b12af40,,زيت الحلبة,"Entity: زيت الحلبة
Aliases: زيت الحلبة
Type: Treatment
Quality: high
Relations: "
entity::ent_treatment_b036b1170044,entity,ent_treatment_b036b1170044,ent_treatment_b036b1170044,,زيت الحنظل,"Entity: زيت الحنظل
Aliases: زيت الحنظل
Type: Treatment
Quality: high
Relations: "
entity::ent_treatment_7dcc65be78f8,entity,ent_treatment_7dcc65be78f8,ent_treatment_7dcc65be78f8,,زيت الزيتون,"Entity: زيت الزيتون
Aliases: زيت الزيتون
Type: Treatment
Quality: high
Relations: "
entity::ent_treatment_126db3468e93,entity,ent_treatment_126db3468e93,ent_treatment_126db3468e93,,زيت اللوز المر,"Entity: زيت اللوز المر
Aliases: زيت اللوز المر
Type: Treatment
Quality: high
Relations: "
entity::ent_treatment_b5f12c81a7ee,entity,ent_treatment_b5f12c81a7ee,ent_treatment_b5f12c81a7ee,,سباستال,"Entity: سباستال
Aliases: سباستال
Type: Treatment
Quality: medium
Relations: "
entity::ent_treatment_790302b0b1e6,entity,ent_treatment_790302b0b1e6,ent_treatment_790302b0b1e6,,سيبروفلوكساسين,"Entity: سيبروفلوكساسين
Aliases: سيبروفلوكساسين
Type: Treatment
Quality: medium
Relations: حمى عضة الجرذ TREATED_BY سيبروفلوكساسين. Evidence: السيبروفلوكساسين | حمى عضة الفأر TREATED_BY سيبروفلوكساسين. Evidence: السيبروفلوكساسين"
entity::ent_treatment_1e3baddafc66,entity,ent_treatment_1e3baddafc66,ent_treatment_1e3baddafc66,,سيبوترامين,"Entity: سيبوترامين
Aliases: دايت ماكس, سليماكس, سيبوترامين, سيبوترم, ميريديا
Type: Treatment
Quality: medium
Relations: "
entity::ent_treatment_13b8274bb134,entity,ent_treatment_13b8274bb134,ent_treatment_13b8274bb134,,سيلدينافيل,"Entity: سيلدينافيل
Aliases: سيلدينافيل
Type: Treatment
Quality: medium
Relations: "
entity::ent_treatment_84e0992b5157,entity,ent_treatment_84e0992b5157,ent_treatment_84e0992b5157,,شاي الأعشاب,"Entity: شاي الأعشاب
Aliases: شاي الأعشاب
Type: Treatment
Quality: high
Relations: "
entity::ent_treatment_c48b0529e8b1,entity,ent_treatment_c48b0529e8b1,ent_treatment_c48b0529e8b1,,شراب ECHINACEA,"Entity: شراب ECHINACEA
Aliases: شراب ECHINACEA
Type: Treatment
Quality: high
Relations: نشفان TREATED_BY شراب ECHINACEA. Evidence: شراب ECHINACEA يحسن حالتك"
entity::ent_treatment_b9702eae5c6a,entity,ent_treatment_b9702eae5c6a,ent_treatment_b9702eae5c6a,,عسل,"Entity: عسل
Aliases: عسل, عسل طبي
Type: Treatment
Quality: medium
Relations: فقدان الوعي TREATED_BY عسل. Evidence: يجب عليك اعطاء المصاب عسل تحت لسانه"
entity::ent_treatment_70946505d33a,entity,ent_treatment_70946505d33a,ent_treatment_70946505d33a,,عسل ملكات النحل,"Entity: عسل ملكات النحل
Aliases: عسل ملكات النحل
Type: Treatment
Quality: high
Relations: "
entity::ent_treatment_6e452ff6ff8f,entity,ent_treatment_6e452ff6ff8f,ent_treatment_6e452ff6ff8f,,علاج نقص الكريات البيضاء,"Entity: علاج نقص الكريات البيضاء
Aliases: علاج نقص الكريات البيضاء
Type: Treatment
Quality: high
Relations: نقص الكريات البيضاء TREATED_BY علاج نقص الكريات البيضاء. Evidence: علاج نقص الكريات البيضاء مذكور كعلاج لنقص الكريات البيضاء"
entity::ent_treatment_e9980cc1f2a6,entity,ent_treatment_e9980cc1f2a6,ent_treatment_e9980cc1f2a6,,عملية القلب المفتوح,"Entity: عملية القلب المفتوح
Aliases: عملية القلب المفتوح
Type: Treatment
Quality: high
Relations: "
entity::ent_treatment_4b104e5e7744,entity,ent_treatment_4b104e5e7744,ent_treatment_4b104e5e7744,,عمليه توسيع,"Entity: عمليه توسيع
Aliases: عمليه توسيع
Type: Treatment
Quality: high
Relations: "
entity::ent_treatment_d9340b6ee231,entity,ent_treatment_d9340b6ee231,ent_treatment_d9340b6ee231,,عمليه قلب مفتوح,"Entity: عمليه قلب مفتوح
Aliases: عمليه قلب مفتوح
Type: Treatment
Quality: high
Relations: "
entity::ent_treatment_1d3c5ceebc05,entity,ent_treatment_1d3c5ceebc05,ent_treatment_1d3c5ceebc05,,عمليه نقل شريان,"Entity: عمليه نقل شريان
Aliases: عمليه نقل شريان
Type: Treatment
Quality: high
Relations: "
entity::ent_treatment_842e12e5a9df,entity,ent_treatment_842e12e5a9df,ent_treatment_842e12e5a9df,,فاندسيدار,"Entity: فاندسيدار
Aliases: فاندسيدار
Type: Treatment
Quality: medium
Relations: ملاريا TREATED_BY فاندسيدار. Evidence: اخذت علاج(fandsidar)"
entity::ent_treatment_77e8744fec6a,entity,ent_treatment_77e8744fec6a,ent_treatment_77e8744fec6a,,فجل أبيض,"Entity: فجل أبيض
Aliases: فجل أبيض
Type: Treatment
Quality: high
Relations: سمنة الأرداف TREATED_BY فجل أبيض. Evidence: تناول الفجل الأبيض الذي أثبتت الدراسات أنه يذيب الدهون عامة وفي منطقة الأرداف والفخذين"
entity::ent_treatment_1d451938e684,entity,ent_treatment_1d451938e684,ent_treatment_1d451938e684,,فروتا,"Entity: فروتا
Aliases: فروتا, فروتا 5 مل
Type: Treatment
Quality: medium
Relations: "
entity::ent_treatment_ace11c18f4c4,entity,ent_treatment_ace11c18f4c4,ent_treatment_ace11c18f4c4,,فول,"Entity: فول
Aliases: فول, فول المخمر
Type: Treatment
Quality: medium
Relations: "
entity::ent_treatment_307b31c3646d,entity,ent_treatment_307b31c3646d,ent_treatment_307b31c3646d,,فيتامين أ,"Entity: فيتامين أ
Aliases: فيتامين أ
Type: Treatment
Quality: high
Relations: "
entity::ent_treatment_2a81ae8e5fd2,entity,ent_treatment_2a81ae8e5fd2,ent_treatment_2a81ae8e5fd2,,فيتامين بوليفيتال,"Entity: فيتامين بوليفيتال
Aliases: فيتامين بوليفيتال
Type: Treatment
Quality: high
Relations: "
entity::ent_treatment_23b78e4c5546,entity,ent_treatment_23b78e4c5546,ent_treatment_23b78e4c5546,,فيتامين د,"Entity: فيتامين د
Aliases: فيتامين د, فيتامين دي
Type: Treatment
Quality: high
Relations: الكساح TREATED_BY فيتامين د. Evidence: تصنف بأنها (Vit.D-Resistant Rickets) أي لا تستجيب للجرعات المعتادة من فيتامين (د)"
entity::ent_treatment_273455224ab7,entity,ent_treatment_273455224ab7,ent_treatment_273455224ab7,,فيتامين-د-,"Entity: فيتامين-د-
Aliases: فيتامين-د-
Type: Treatment
Quality: medium
Relations: "
entity::ent_treatment_6528bb63fe9c,entity,ent_treatment_6528bb63fe9c,ent_treatment_6528bb63fe9c,,فينوروتون,"Entity: فينوروتون
Aliases: فينوروتون
Type: Treatment
Quality: medium
Relations: دوالي الساقين TREATED_BY فينوروتون. Evidence: العلاج : 1-- تنفيذ النصائح السابقة وتناول علاج بسيط مثل فينوروتون"
entity::ent_treatment_4e4b38e6ff32,entity,ent_treatment_4e4b38e6ff32,ent_treatment_4e4b38e6ff32,,كاربيمازول,"Entity: كاربيمازول
Aliases: carbimazole, كاربيمازول
Type: Treatment
Quality: medium
Relations: التهاب TREATED_BY كاربيمازول. Evidence: كاربيمازول 5mg لتهابات الغدة الدرقية"
entity::ent_treatment_21a74567013d,entity,ent_treatment_21a74567013d,ent_treatment_21a74567013d,,كالسيوم,"Entity: كالسيوم
Aliases: كالسيوم
Type: Treatment
Quality: medium
Relations: "
entity::ent_treatment_e8d6fe8e2a6a,entity,ent_treatment_e8d6fe8e2a6a,ent_treatment_e8d6fe8e2a6a,,كربونات الصودا,"Entity: كربونات الصودا
Aliases: كربونات الصودا
Type: Treatment
Quality: high
Relations: "
entity::ent_treatment_5bbcb8e80aef,entity,ent_treatment_5bbcb8e80aef,ent_treatment_5bbcb8e80aef,,كريستور,"Entity: كريستور
Aliases: كريستور
Type: Treatment
Quality: medium
Relations: "
entity::ent_treatment_831958f59880,entity,ent_treatment_831958f59880,ent_treatment_831958f59880,,كلوفينال,"Entity: كلوفينال
Aliases: كلوفينال
Type: Treatment
Quality: medium
Relations: "
entity::ent_treatment_0faf4c6d9712,entity,ent_treatment_0faf4c6d9712,ent_treatment_0faf4c6d9712,,كليمين,"Entity: كليمين
Aliases: كليمين
Type: Treatment
Quality: medium
Relations: "
entity::ent_treatment_843876e28a68,entity,ent_treatment_843876e28a68,ent_treatment_843876e28a68,,كورتيزون,"Entity: كورتيزون
Aliases: كورتيزون
Type: Treatment
Quality: medium
Relations: حساسية TREATED_BY كورتيزون. Evidence: استخدمي مضاد هيسامين وكورتيزون موضعي"
entity::ent_treatment_06c0f51bf3d5,entity,ent_treatment_06c0f51bf3d5,ent_treatment_06c0f51bf3d5,,كي حبة,"Entity: كي حبة
Aliases: كي حبة
Type: Treatment
Quality: high
Relations: "
entity::ent_treatment_1ea61807a7b3,entity,ent_treatment_1ea61807a7b3,ent_treatment_1ea61807a7b3,,لوسنتيس,"Entity: لوسنتيس
Aliases: لوسنتيس
Type: Treatment
Quality: medium
Relations: "
entity::ent_treatment_b6f673a13d6a,entity,ent_treatment_b6f673a13d6a,ent_treatment_b6f673a13d6a,,مدر بول,"Entity: مدر بول
Aliases: مدر بول
Type: Treatment
Quality: high
Relations: "
entity::ent_treatment_57825f7a3418,entity,ent_treatment_57825f7a3418,ent_treatment_57825f7a3418,,مراجعة اخصائية النسائية,"Entity: مراجعة اخصائية النسائية
Aliases: مراجعة اخصائية النسائية
Type: Treatment
Quality: high
Relations: نقص بحجم الثدي TREATED_BY مراجعة اخصائية النسائية. Evidence: مراجعة اخصائية النسائية"
entity::ent_treatment_e3821aa5e124,entity,ent_treatment_e3821aa5e124,ent_treatment_e3821aa5e124,,مراقبة ضغط الدم,"Entity: مراقبة ضغط الدم
Aliases: مراقبة ضغط الدم
Type: Treatment
Quality: high
Relations: "
entity::ent_treatment_8726a85ab84a,entity,ent_treatment_8726a85ab84a,ent_treatment_8726a85ab84a,,مركب دعامة عادية,"Entity: مركب دعامة عادية
Aliases: دعامة عادية, مركب دعامة عادية
Type: Treatment
Quality: high
Relations: "
entity::ent_treatment_a9901bfb5bd5,entity,ent_treatment_a9901bfb5bd5,ent_treatment_a9901bfb5bd5,,مرهم مايكونازول,"Entity: مرهم مايكونازول
Aliases: مرهم مايكونازول
Type: Treatment
Quality: high
Relations: "
entity::ent_treatment_b8b3fb59e87b,entity,ent_treatment_b8b3fb59e87b,ent_treatment_b8b3fb59e87b,,مسكن الم,"Entity: مسكن الم
Aliases: مسكن الم
Type: Treatment
Quality: high
Relations: "
entity::ent_treatment_b8a506ce96be,entity,ent_treatment_b8a506ce96be,ent_treatment_b8a506ce96be,,مسكن للالم,"Entity: مسكن للالم
Aliases: مسكن للالم
Type: Treatment
Quality: high
Relations: "
entity::ent_treatment_f4b5c1573769,entity,ent_treatment_f4b5c1573769,ent_treatment_f4b5c1573769,,مضاد الهيستامين,"Entity: مضاد الهيستامين
Aliases: مضاد الهستامين, مضاد الهيستامين, مضاد هيسامين, مضاد هيستامين, مضادات الهيستامين
Type: Treatment
Quality: high
Relations: حساسية TREATED_BY مضاد الهيستامين. Evidence: استخدمي مضاد هيسامين وكورتيزون موضعي"
entity::ent_treatment_43526f78a371,entity,ent_treatment_43526f78a371,ent_treatment_43526f78a371,,مضاد حيوي,"Entity: مضاد حيوي
Aliases: مرهم مضاد حيوي, مضاد حيوي
Type: Treatment
Quality: high
Relations: حمى TREATED_BY مضاد حيوي. Evidence: اعطية مضاد حيوي"
entity::ent_treatment_93132ac17089,entity,ent_treatment_93132ac17089,ent_treatment_93132ac17089,,مضادات الالتهاب,"Entity: مضادات الالتهاب
Aliases: مضادات الالتهاب
Type: Treatment
Quality: high
Relations: شلل العصب السابع TREATED_BY مضادات الالتهاب. Evidence: مضادات الالتهاب"
entity::ent_treatment_d30b06ad4ba6,entity,ent_treatment_d30b06ad4ba6,ent_treatment_d30b06ad4ba6,,مضادات الصرع,"Entity: مضادات الصرع
Aliases: مضادات الصرع
Type: Treatment
Quality: high
Relations: "
entity::ent_treatment_65d67800955e,entity,ent_treatment_65d67800955e,ent_treatment_65d67800955e,,مضادات الفيروسات,"Entity: مضادات الفيروسات
Aliases: مضادات الفيروسات
Type: Treatment
Quality: high
Relations: شلل العصب السابع TREATED_BY مضادات الفيروسات. Evidence: مضادات الفيروسات"
entity::ent_treatment_2547ab58544d,entity,ent_treatment_2547ab58544d,ent_treatment_2547ab58544d,,مضادات القلق,"Entity: مضادات القلق
Aliases: مضادات القلق
Type: Treatment
Quality: high
Relations: "
entity::ent_treatment_9a6b401143ed,entity,ent_treatment_9a6b401143ed,ent_treatment_9a6b401143ed,,مكمل غدائي,"Entity: مكمل غدائي
Aliases: مكمل غدائي, مكمل غدائيي
Type: Treatment
Quality: high
Relations: "
entity::ent_treatment_07d0f0ae4c18,entity,ent_treatment_07d0f0ae4c18,ent_treatment_07d0f0ae4c18,,منظار قنوات مرارية الف سلامة,"Entity: منظار قنوات مرارية الف سلامة
Aliases: منظار قنوات مرارية الف سلامة
Type: Treatment
Quality: high
Relations: تضيق القنوات الموجودة داخل الكبد TREATED_BY منظار قنوات مرارية الف سلامة. Evidence: عمل منظار قنوات مرارية الف سلامة"
entity::ent_treatment_adf1ea1ee5a7,entity,ent_treatment_adf1ea1ee5a7,ent_treatment_adf1ea1ee5a7,,موزة كبيرة,"Entity: موزة كبيرة
Aliases: موزة كبيرة
Type: Treatment
Quality: high
Relations: "
entity::ent_treatment_2702542ba0eb,entity,ent_treatment_2702542ba0eb,ent_treatment_2702542ba0eb,,ميزوتاك,"Entity: ميزوتاك
Aliases: ميزوتاك
Type: Treatment
Quality: medium
Relations: "
entity::ent_treatment_45a78ee47153,entity,ent_treatment_45a78ee47153,ent_treatment_45a78ee47153,,نازونكس,"Entity: نازونكس
Aliases: نازونكس
Type: Treatment
Quality: medium
Relations: حساسية TREATED_BY نازونكس. Evidence: بدائل يوجد نازونكس وافاميز وتابونكس وفليكسونيز"
entity::ent_treatment_f11b22153e4b,entity,ent_treatment_f11b22153e4b,ent_treatment_f11b22153e4b,,نصف حبة,"Entity: نصف حبة
Aliases: نصف حبة
Type: Treatment
Quality: high
Relations: "
entity::ent_treatment_e80fab31a076,entity,ent_treatment_e80fab31a076,ent_treatment_e80fab31a076,,نقص فيتامين (ب12),"Entity: نقص فيتامين (ب12)
Aliases: نقص فيتامين (ب12)
Type: Treatment
Quality: high
Relations: "
entity::ent_treatment_6daeffa55a15,entity,ent_treatment_6daeffa55a15,ent_treatment_6daeffa55a15,,نيوروتين,"Entity: نيوروتين
Aliases: نيوروتين
Type: Treatment
Quality: medium
Relations: التهاب TREATED_BY نيوروتين. Evidence: دواء نيوروتين"
entity::ent_treatment_e601e738b889,entity,ent_treatment_e601e738b889,ent_treatment_e601e738b889,,هيبارين,"Entity: هيبارين
Aliases: هيبارين
Type: Treatment
Quality: medium
Relations: "
entity::ent_treatment_9ef7c69bc634,entity,ent_treatment_9ef7c69bc634,ent_treatment_9ef7c69bc634,,وارفارين,"Entity: وارفارين
Aliases: وارفارين
Type: Treatment
Quality: medium
Relations: "
mention::men_llm_0000001,evidence,men_llm_0000001,ent_diseasecondition_2f75d3dabe0b,ahd5k_00970,حساسية,"Evidence: ما علاج البلغم (حساسية الصدر) رغم اخذى هلاج اكثر من مرة ولا فائدة ؟
Entity: حساسية
Surface form: حساسية الصدر
Field: question
Relation context: حساسية HAS_SYMPTOM سعال. Evidence: هل هو ربو ؟؟ او هل هناك حساسية ابسط من ذلك وعوارضها فقط السعال والبلغم | حساسية HAS_SYMPTOM بلغم. Evidence: ما علاج البلغم (حساسية الصدر) رغم اخذى هلاج اكثر من مرة ولا فائدة ؟ | التهاب HAS_SYMPTOM سعال. Evidence: اذا كنت تعاني من التهاب ما في الجزء العلوي من الجهاز التنفسي يجب ان تتعالج | التهاب HAS_SYMPTOM بلغم. Evidence: اذا كنت تعاني من التهاب ما في الجزء العلوي من الجهاز التنفسي يجب ان تتعالج | ربو HAS_SYMPTOM سعال. Evidence: هل هو ربو ؟؟ او هل هناك حساسية ابسط من ذلك وعوارضها فقط السعال والبلغم | ربو HAS_SYMPTOM بلغم. Evidence: هل هو ربو ؟؟ او هل هناك حساسية ابسط من ذلك وعوارضها فقط السعال والبلغم"
mention::men_llm_0000002,evidence,men_llm_0000002,ent_diseasecondition_2f75d3dabe0b,ahd5k_03626,حساسية,"Evidence: هل بنسلين يسبب إلتهاب المعدة للأطفال
Entity: حساسية
Surface form: حساسية
Field: question
Relation context: "
mention::men_llm_0000003,evidence,men_llm_0000003,ent_diseasecondition_16cf4e77b755,ahd5k_00970,التهاب,"Evidence: اذا كنت تعاني من التهاب ما في الجزء العلوي من الجهاز التنفسي يجب ان تتعالج
Entity: التهاب
Surface form: التهاب
Field: answer
Relation context: حساسية HAS_SYMPTOM سعال. Evidence: هل هو ربو ؟؟ او هل هناك حساسية ابسط من ذلك وعوارضها فقط السعال والبلغم | حساسية HAS_SYMPTOM بلغم. Evidence: ما علاج البلغم (حساسية الصدر) رغم اخذى هلاج اكثر من مرة ولا فائدة ؟ | التهاب HAS_SYMPTOM سعال. Evidence: اذا كنت تعاني من التهاب ما في الجزء العلوي من الجهاز التنفسي يجب ان تتعالج | التهاب HAS_SYMPTOM بلغم. Evidence: اذا كنت تعاني من التهاب ما في الجزء العلوي من الجهاز التنفسي يجب ان تتعالج | ربو HAS_SYMPTOM سعال. Evidence: هل هو ربو ؟؟ او هل هناك حساسية ابسط من ذلك وعوارضها فقط السعال والبلغم | ربو HAS_SYMPTOM بلغم. Evidence: هل هو ربو ؟؟ او هل هناك حساسية ابسط من ذلك وعوارضها فقط السعال والبلغم"
mention::men_llm_0000004,evidence,men_llm_0000004,ent_diseasecondition_16cf4e77b755,ahd5k_03872,التهاب,"Evidence: أعراض التهاب وحساسيه الجيوب الانفيه لابد من استخدام الادويه المناسبه بعد الفحص عند طبيب ENT
Entity: التهاب
Surface form: التهاب
Field: answer
Relation context: التهاب HAS_SYMPTOM ضيق تنفس. Evidence: اعاني من فتره من آلام في الانف والوجه والاخص الجبين واشعر بحساسيه في الحلق مما يسبب لي ضيق تنفس وتعب بشكل عام | التهاب HAS_SYMPTOM تعب. Evidence: اعاني من فتره من آلام في الانف والوجه والاخص الجبين واشعر بحساسيه في الحلق مما يسبب لي ضيق تنفس وتعب بشكل عام"
mention::men_llm_0000005,evidence,men_llm_0000005,ent_diseasecondition_1c50bd11c45a,ahd5k_00970,ربو,"Evidence: هل هو ربو ؟؟ او هل هناك حساسية ابسط من ذلك وعوارضها فقط السعال والبلغم
Entity: ربو
Surface form: ربو
Field: answer
Relation context: حساسية HAS_SYMPTOM سعال. Evidence: هل هو ربو ؟؟ او هل هناك حساسية ابسط من ذلك وعوارضها فقط السعال والبلغم | حساسية HAS_SYMPTOM بلغم. Evidence: ما علاج البلغم (حساسية الصدر) رغم اخذى هلاج اكثر من مرة ولا فائدة ؟ | التهاب HAS_SYMPTOM سعال. Evidence: اذا كنت تعاني من التهاب ما في الجزء العلوي من الجهاز التنفسي يجب ان تتعالج | التهاب HAS_SYMPTOM بلغم. Evidence: اذا كنت تعاني من التهاب ما في الجزء العلوي من الجهاز التنفسي يجب ان تتعالج | ربو HAS_SYMPTOM سعال. Evidence: هل هو ربو ؟؟ او هل هناك حساسية ابسط من ذلك وعوارضها فقط السعال والبلغم | ربو HAS_SYMPTOM بلغم. Evidence: هل هو ربو ؟؟ او هل هناك حساسية ابسط من ذلك وعوارضها فقط السعال والبلغم"
mention::men_llm_0000006,evidence,men_llm_0000006,ent_diseasecondition_c294dde65052,ahd5k_03626,نزلة معوية,"Evidence: ممكن ان يسبب نزله معويه
Entity: نزلة معوية
Surface form: نزله معويه
Field: answer
Relation context: "
mention::men_llm_0000007,evidence,men_llm_0000007,ent_symptom_f4cf885a0447,ahd5k_00970,سعال,"Evidence: هل هو ربو ؟؟ او هل هناك حساسية ابسط من ذلك وعوارضها فقط السعال والبلغم
Entity: سعال
Surface form: سعال
Field: answer
Relation context: حساسية HAS_SYMPTOM سعال. Evidence: هل هو ربو ؟؟ او هل هناك حساسية ابسط من ذلك وعوارضها فقط السعال والبلغم | حساسية HAS_SYMPTOM بلغم. Evidence: ما علاج البلغم (حساسية الصدر) رغم اخذى هلاج اكثر من مرة ولا فائدة ؟ | التهاب HAS_SYMPTOM سعال. Evidence: اذا كنت تعاني من التهاب ما في الجزء العلوي من الجهاز التنفسي يجب ان تتعالج | التهاب HAS_SYMPTOM بلغم. Evidence: اذا كنت تعاني من التهاب ما في الجزء العلوي من الجهاز التنفسي يجب ان تتعالج | ربو HAS_SYMPTOM سعال. Evidence: هل هو ربو ؟؟ او هل هناك حساسية ابسط من ذلك وعوارضها فقط السعال والبلغم | ربو HAS_SYMPTOM بلغم. Evidence: هل هو ربو ؟؟ او هل هناك حساسية ابسط من ذلك وعوارضها فقط السعال والبلغم"
mention::men_llm_0000008,evidence,men_llm_0000008,ent_symptom_dc2c7333a505,ahd5k_00970,بلغم,"Evidence: ما علاج البلغم (حساسية الصدر) رغم اخذى هلاج اكثر من مرة ولا فائدة ؟
Entity: بلغم
Surface form: بلغم
Field: question
Relation context: حساسية HAS_SYMPTOM سعال. Evidence: هل هو ربو ؟؟ او هل هناك حساسية ابسط من ذلك وعوارضها فقط السعال والبلغم | حساسية HAS_SYMPTOM بلغم. Evidence: ما علاج البلغم (حساسية الصدر) رغم اخذى هلاج اكثر من مرة ولا فائدة ؟ | التهاب HAS_SYMPTOM سعال. Evidence: اذا كنت تعاني من التهاب ما في الجزء العلوي من الجهاز التنفسي يجب ان تتعالج | التهاب HAS_SYMPTOM بلغم. Evidence: اذا كنت تعاني من التهاب ما في الجزء العلوي من الجهاز التنفسي يجب ان تتعالج | ربو HAS_SYMPTOM سعال. Evidence: هل هو ربو ؟؟ او هل هناك حساسية ابسط من ذلك وعوارضها فقط السعال والبلغم | ربو HAS_SYMPTOM بلغم. Evidence: هل هو ربو ؟؟ او هل هناك حساسية ابسط من ذلك وعوارضها فقط السعال والبلغم"
mention::men_llm_0000009,evidence,men_llm_0000009,ent_symptom_dc2c7333a505,ahd5k_00970,بلغم,"Evidence: هل هو ربو ؟؟ او هل هناك حساسية ابسط من ذلك وعوارضها فقط السعال والبلغم
Entity: بلغم
Surface form: بلغم
Field: answer
Relation context: حساسية HAS_SYMPTOM سعال. Evidence: هل هو ربو ؟؟ او هل هناك حساسية ابسط من ذلك وعوارضها فقط السعال والبلغم | حساسية HAS_SYMPTOM بلغم. Evidence: ما علاج البلغم (حساسية الصدر) رغم اخذى هلاج اكثر من مرة ولا فائدة ؟ | التهاب HAS_SYMPTOM سعال. Evidence: اذا كنت تعاني من التهاب ما في الجزء العلوي من الجهاز التنفسي يجب ان تتعالج | التهاب HAS_SYMPTOM بلغم. Evidence: اذا كنت تعاني من التهاب ما في الجزء العلوي من الجهاز التنفسي يجب ان تتعالج | ربو HAS_SYMPTOM سعال. Evidence: هل هو ربو ؟؟ او هل هناك حساسية ابسط من ذلك وعوارضها فقط السعال والبلغم | ربو HAS_SYMPTOM بلغم. Evidence: هل هو ربو ؟؟ او هل هناك حساسية ابسط من ذلك وعوارضها فقط السعال والبلغم"
mention::men_llm_0000010,evidence,men_llm_0000010,ent_symptom_7b839cc80688,ahd5k_03872,ضيق تنفس,"Evidence: اعاني من فتره من آلام في الانف والوجه والاخص الجبين واشعر بحساسيه في الحلق مما يسبب لي ضيق تنفس وتعب بشكل عام
Entity: ضيق تنفس
Surface form: ضيق تنفس
Field: question
Relation context: التهاب HAS_SYMPTOM ضيق تنفس. Evidence: اعاني من فتره من آلام في الانف والوجه والاخص الجبين واشعر بحساسيه في الحلق مما يسبب لي ضيق تنفس وتعب بشكل عام | التهاب HAS_SYMPTOM تعب. Evidence: اعاني من فتره من آلام في الانف والوجه والاخص الجبين واشعر بحساسيه في الحلق مما يسبب لي ضيق تنفس وتعب بشكل عام"
mention::men_llm_0000011,evidence,men_llm_0000011,ent_symptom_28acc791e82d,ahd5k_03872,تعب,"Evidence: اعاني من فتره من آلام في الانف والوجه والاخص الجبين واشعر بحساسيه في الحلق مما يسبب لي ضيق تنفس وتعب بشكل عام
Entity: تعب
Surface form: تعب
Field: question
Relation context: التهاب HAS_SYMPTOM ضيق تنفس. Evidence: اعاني من فتره من آلام في الانف والوجه والاخص الجبين واشعر بحساسيه في الحلق مما يسبب لي ضيق تنفس وتعب بشكل عام | التهاب HAS_SYMPTOM تعب. Evidence: اعاني من فتره من آلام في الانف والوجه والاخص الجبين واشعر بحساسيه في الحلق مما يسبب لي ضيق تنفس وتعب بشكل عام"
mention::men_llm_0000012,evidence,men_llm_0000012,ent_symptom_7cfc95737dc0,ahd5k_04414,حكة,"Evidence: ظهر عندي دوائر حمراء بين الفخذين مع حكة شديدة ايه سببها
Entity: حكة
Surface form: حكة
Field: question
Relation context: "
mention::men_llm_0000013,evidence,men_llm_0000013,ent_symptom_15f699fd4691,ahd5k_04414,دوائر حمراء,"Evidence: ظهر عندي دوائر حمراء بين الفخذين مع حكة شديدة ايه سببها
Entity: دوائر حمراء
Surface form: دوائر حمراء
Field: question
Relation context: "
mention::men_llm_0000014,evidence,men_llm_0000014,ent_treatment_70be4452db30,ahd5k_03626,بنسلين,"Evidence: هل بنسلين يسبب إلتهاب المعدة للأطفال
Entity: بنسلين
Surface form: بنسلين
Field: question
Relation context: "
mention::men_llm_0000015,evidence,men_llm_0000015,ent_diseasecondition_2f75d3dabe0b,ahd5k_00020,حساسية,"Evidence: بنتي سنتين ونصف عندها حساسية من حليب البقر
Entity: حساسية
Surface form: حساسية
Field: question
Relation context: حساسية TREATED_BY حليب مكسر بروتين الحليب. Evidence: اعطيها حليب مكسر بروتين الحليب بالكامل او حليب رز"
mention::men_llm_0000016,evidence,men_llm_0000016,ent_diseasecondition_2f75d3dabe0b,ahd5k_00133,حساسية,"Evidence: عندي تحسس انفي موسمي بيتغير حسب المواسم
Entity: حساسية
Surface form: تحسس
Field: question
Relation context: حساسية TREATED_BY نازونكس. Evidence: بدائل يوجد نازونكس وافاميز وتابونكس وفليكسونيز"
mention::men_llm_0000017,evidence,men_llm_0000017,ent_treatment_0311bc90ba75,ahd5k_00020,حليب مكسر بروتين الحليب,"Evidence: اعطيها حليب مكسر بروتين الحليب بالكامل او حليب رز
Entity: حليب مكسر بروتين الحليب
Surface form: حليب مكسر بروتين الحليب
Field: answer
Relation context: حساسية TREATED_BY حليب مكسر بروتين الحليب. Evidence: اعطيها حليب مكسر بروتين الحليب بالكامل او حليب رز"
mention::men_llm_0000018,evidence,men_llm_0000018,ent_treatment_45a78ee47153,ahd5k_00133,نازونكس,"Evidence: بدائل يوجد نازونكس وافاميز وتابونكس وفليكسونيز
Entity: نازونكس
Surface form: نازونكس
Field: answer
Relation context: حساسية TREATED_BY نازونكس. Evidence: بدائل يوجد نازونكس وافاميز وتابونكس وفليكسونيز"
mention::men_llm_0000019,evidence,men_llm_0000019,ent_diseasecondition_1c50bd11c45a,ahd5k_00510,ربو,"Evidence: هل تؤخر علاجات الحساسية والربو عملية الحمل ؟
Entity: ربو
Surface form: ربو
Field: question
Relation context: "
mention::men_llm_0000020,evidence,men_llm_0000020,ent_treatment_f4b5c1573769,ahd5k_00555,مضاد الهيستامين,"Evidence: ابدا مضاد هيستامين مره الى مرتين باليوم الى ان تذهب للطبيب
Entity: مضاد الهيستامين
Surface form: مضاد هيستامين
Field: answer
Relation context: "
mention::men_llm_0000021,evidence,men_llm_0000021,ent_diseasecondition_2f75d3dabe0b,ahd5k_01231,حساسية,"Evidence: تناولت مضاد حيووي زييثرون وانتج حساسية شديدة
Entity: حساسية
Surface form: حساسية
Field: question
Relation context: حساسية TREATED_BY مضاد الهيستامين. Evidence: استخدمي مضاد هيسامين وكورتيزون موضعي | حساسية TREATED_BY كورتيزون. Evidence: استخدمي مضاد هيسامين وكورتيزون موضعي | حساسية DIAGNOSED_BY تحليل الحساسية. Evidence: اعملي تحليل حساسية المضادات"
mention::men_llm_0000022,evidence,men_llm_0000022,ent_diseasecondition_2f75d3dabe0b,ahd5k_01245,حساسية,"Evidence: انا اشعر بالصداع والنعاس وحساسية في وجهي
Entity: حساسية
Surface form: حساسية
Field: question
Relation context: حساسية DIAGNOSED_BY RAST Test. Evidence: معرفة سبب الحساسيه يتم ذلك عن طريق RAST Test"
mention::men_llm_0000023,evidence,men_llm_0000023,ent_treatment_f4b5c1573769,ahd5k_01231,مضاد الهيستامين,"Evidence: استخدمي مضاد هيسامين وكورتيزون موضعي
Entity: مضاد الهيستامين
Surface form: مضاد هيسامين
Field: answer
Relation context: حساسية TREATED_BY مضاد الهيستامين. Evidence: استخدمي مضاد هيسامين وكورتيزون موضعي | حساسية TREATED_BY كورتيزون. Evidence: استخدمي مضاد هيسامين وكورتيزون موضعي | حساسية DIAGNOSED_BY تحليل الحساسية. Evidence: اعملي تحليل حساسية المضادات"
mention::men_llm_0000024,evidence,men_llm_0000024,ent_treatment_843876e28a68,ahd5k_01231,كورتيزون,"Evidence: استخدمي مضاد هيسامين وكورتيزون موضعي
Entity: كورتيزون
Surface form: كورتيزون
Field: answer
Relation context: حساسية TREATED_BY مضاد الهيستامين. Evidence: استخدمي مضاد هيسامين وكورتيزون موضعي | حساسية TREATED_BY كورتيزون. Evidence: استخدمي مضاد هيسامين وكورتيزون موضعي | حساسية DIAGNOSED_BY تحليل الحساسية. Evidence: اعملي تحليل حساسية المضادات"
mention::men_llm_0000025,evidence,men_llm_0000025,ent_test_433492431144,ahd5k_01231,تحليل الحساسية,"Evidence: اعملي تحليل حساسية المضادات
Entity: تحليل الحساسية
Surface form: تحليل حساسية
Field: answer
Relation context: حساسية TREATED_BY مضاد الهيستامين. Evidence: استخدمي مضاد هيسامين وكورتيزون موضعي | حساسية TREATED_BY كورتيزون. Evidence: استخدمي مضاد هيسامين وكورتيزون موضعي | حساسية DIAGNOSED_BY تحليل الحساسية. Evidence: اعملي تحليل حساسية المضادات"
mention::men_llm_0000026,evidence,men_llm_0000026,ent_test_3f0d2e079b73,ahd5k_01245,RAST Test,"Evidence: معرفة سبب الحساسيه يتم ذلك عن طريق RAST Test
Entity: RAST Test
Surface form: RAST Test
Field: answer
Relation context: حساسية DIAGNOSED_BY RAST Test. Evidence: معرفة سبب الحساسيه يتم ذلك عن طريق RAST Test"
mention::men_llm_0000027,evidence,men_llm_0000027,ent_diseasecondition_2f75d3dabe0b,ahd5k_02039,حساسية,"Evidence: اعاني من حبوب بيضاء صغيره ف اماكن معينه ف الوجه و اتوقع انها حساسية من البيض او اشعة الشمس
Entity: حساسية
Surface form: حساسية
Field: question
Relation context: حساسية DIAGNOSED_BY تحاليل مخبرية. Evidence: لابد من رؤيتها من قبل طبيب وعمل تحاليل خاصه بالحساسيه"
mention::men_llm_0000028,evidence,men_llm_0000028,ent_diseasecondition_2f75d3dabe0b,ahd5k_02115,حساسية,"Evidence: ابنتي معاها حساسية معينة لبعض الاطعمة وعمرها سنتان
Entity: حساسية
Surface form: حساسية
Field: question
Relation context: "
mention::men_llm_0000029,evidence,men_llm_0000029,ent_diseasecondition_1c50bd11c45a,ahd5k_03662,ربو,"Evidence: متابعة مع طبيب ضروري جدا للبدأ بالعلاج العلاجي والوقائي للربو
Entity: ربو
Surface form: ربو
Field: answer
Relation context: "
mention::men_llm_0000030,evidence,men_llm_0000030,ent_diseasecondition_250910ab0701,ahd5k_03243,حساسية الصدر,"Evidence: إبني عمر 6 سنوات و يعاني من حساسية الصدر
Entity: حساسية الصدر
Surface form: حساسية الصدر
Field: question
Relation context: "
mention::men_llm_0000031,evidence,men_llm_0000031,ent_diseasecondition_250910ab0701,ahd5k_03662,حساسية الصدر,"Evidence: اعاني من حساسية في الصدر وضيق في التنفس وسعال وقئ صباحا
Entity: حساسية الصدر
Surface form: حساسية في الصدر
Field: question
Relation context: "
mention::men_llm_0000032,evidence,men_llm_0000032,ent_test_dd68aa784555,ahd5k_02039,تحاليل مخبرية,"Evidence: لابدمن رؤيتها من قبل طبيب وعمل تحاليل خاصه بالحساسيه
Entity: تحاليل مخبرية
Surface form: تحاليل
Field: answer
Relation context: حساسية DIAGNOSED_BY تحاليل مخبرية. Evidence: لابد من رؤيتها من قبل طبيب وعمل تحاليل خاصه بالحساسيه"
mention::men_llm_0000033,evidence,men_llm_0000033,ent_test_dd68aa784555,ahd5k_02892,تحاليل مخبرية,"Evidence: يجب عمل فحص للحساسية التعددة
Entity: تحاليل مخبرية
Surface form: فحص
Field: answer
Relation context: "
mention::men_llm_0000034,evidence,men_llm_0000034,ent_treatment_f4b5c1573769,ahd5k_02892,مضاد الهيستامين,"Evidence: تناول مضاد للهستامين ومزيل للاحتقان
Entity: مضاد الهيستامين
Surface form: مضاد للهستامين
Field: answer
Relation context: "
mention::men_llm_0000035,evidence,men_llm_0000035,ent_diseasecondition_2f75d3dabe0b,ahd5k_04144,حساسية,"Evidence: ما هي ادويت الحساسيه التي لا تزيد من الوزن
Entity: حساسية
Surface form: حساسيه
Field: question
Relation context: "
mention::men_llm_0000036,evidence,men_llm_0000036,ent_diseasecondition_2f75d3dabe0b,ahd5k_04347,حساسية,"Evidence: هل حليب الماعز لا يسبب حساسية مثل حليب البقر ؟
Entity: حساسية
Surface form: حساسيه
Field: question
Relation context: "
mention::men_llm_0000037,evidence,men_llm_0000037,ent_symptom_93828ade2cbe,ahd5k_04654,الارتكاريا,"Evidence: السلام عليكم من فتره صار جسمي ايحكني لحتاه وشي ايدي كل جسمي
Entity: الارتكاريا
Surface form: حكه
Field: question
Relation context: "
mention::men_llm_0000038,evidence,men_llm_0000038,ent_symptom_93828ade2cbe,ahd5k_04733,الارتكاريا,"Evidence: السلام عليكم عندي حكة في جميع مناطق الجسم منذو 6 اشهر رغم اني اسعملت جميع لادويه دون فائده
Entity: الارتكاريا
Surface form: حكه
Field: question
Relation context: "
mention::men_llm_0000039,evidence,men_llm_0000039,ent_test_433492431144,ahd5k_04480,تحليل الحساسية,"Evidence: ابداي العلاج له عن طريق طبيب حساسيه اوصدريه بعد الكشف عنه وعمل تحليل الحساسه RAST and IgE
Entity: تحليل الحساسية
Surface form: تحليل الحساسه
Field: answer
Relation context: "
mention::men_llm_0000040,evidence,men_llm_0000040,ent_treatment_f4b5c1573769,ahd5k_04819,مضاد الهيستامين,"Evidence: هل يمكن مواجهة حساسية الارتيكاريا بادوية المناعة بعيدا عن مضادات الهيستامين و الكورتيزون؟
Entity: مضاد الهيستامين
Surface form: مضادات الهيستامين
Field: question
Relation context: "
mention::men_llm_0000041,evidence,men_llm_0000041,ent_diseasecondition_2f75d3dabe0b,ahd5k_00812,حساسية,"Evidence: طفلتي تتحسس من الجلوتين وعمرها سنة ونصف هل توجد أدوية تساعد على الشفاء من هذا المرض ام لا ؟؟
Entity: حساسية
Surface form: حساسية
Field: question
Relation context: حساسية TREATED_BY تجنب المنتجات التي تحوي جلوتين. Evidence: للاسف اهم علاج تجنب المنتجات التي تحوي جلوتين"
mention::men_llm_0000042,evidence,men_llm_0000042,ent_diseasecondition_2f75d3dabe0b,ahd5k_02124,حساسية,"Evidence: اصبت بحساسية في الصيف بالجسم وصفها الدكتور بحساسية شمس و بعد فترة اصبت بالتهاب لوز و بلعوم و حبوب في اخر الحلق الحبوب مازالت موجودة واشعر بنشفان دائم في الحلق...
Entity: حساسية
Surface form: حساسية
Field: question
Relation context: حساسية HAS_SYMPTOM نشفان. Evidence: واشعر بنشفان دائم في الحلق | التهاب اللوزتين HAS_SYMPTOM نشفان. Evidence: نشفان دائم في الحلق | نشفان TREATED_BY تقوية المناعة. Evidence: تقوية المناعة... يحسن حالتك | نشفان TREATED_BY شراب ECHINACEA. Evidence: شراب ECHINACEA يحسن حالتك"
mention::men_llm_0000043,evidence,men_llm_0000043,ent_diseasecondition_341d574d8fe5,ahd5k_02124,التهاب اللوزتين,"Evidence: اصبت بحساسية في الصيف بالجسم وصفها الدكتور بحساسية شمس و بعد فترة اصبت بالتهاب لوز و بلعوم و حبوب في اخر الحلق الحبوب مازالت موجودة واشعر بنشفان دائم في الحلق...
Entity: التهاب اللوزتين
Surface form: تهاب لوز
Field: question
Relation context: حساسية HAS_SYMPTOM نشفان. Evidence: واشعر بنشفان دائم في الحلق | التهاب اللوزتين HAS_SYMPTOM نشفان. Evidence: نشفان دائم في الحلق | نشفان TREATED_BY تقوية المناعة. Evidence: تقوية المناعة... يحسن حالتك | نشفان TREATED_BY شراب ECHINACEA. Evidence: شراب ECHINACEA يحسن حالتك"
mention::men_llm_0000044,evidence,men_llm_0000044,ent_symptom_66c2e60e8e52,ahd5k_02124,نشفان,"Evidence: اصبت بحساسية في الصيف بالجسم وصفها الدكتور بحساسية شمس و بعد فترة اصبت بالتهاب لوز و بلعوم و حبوب في اخر الحلق الحبوب مازالت موجودة واشعر بنشفان دائم في الحلق...
Entity: نشفان
Surface form: نشفان
Field: question
Relation context: حساسية HAS_SYMPTOM نشفان. Evidence: واشعر بنشفان دائم في الحلق | التهاب اللوزتين HAS_SYMPTOM نشفان. Evidence: نشفان دائم في الحلق | نشفان TREATED_BY تقوية المناعة. Evidence: تقوية المناعة... يحسن حالتك | نشفان TREATED_BY شراب ECHINACEA. Evidence: شراب ECHINACEA يحسن حالتك"
mention::men_llm_0000045,evidence,men_llm_0000045,ent_treatment_cbf0b7b10d4f,ahd5k_00812,تجنب المنتجات التي تحوي جلوتين,"Evidence: للاسف اهم علاج تجنب المنتجات التي تحوي جلوتين
Entity: تجنب المنتجات التي تحوي جلوتين
Surface form: تجنب المنتجات التي تحوي جلوتين
Field: answer
Relation context: حساسية TREATED_BY تجنب المنتجات التي تحوي جلوتين. Evidence: للاسف اهم علاج تجنب المنتجات التي تحوي جلوتين"
mention::men_llm_0000046,evidence,men_llm_0000046,ent_treatment_e341edad55d8,ahd5k_02124,تقوية المناعة,"Evidence: الاعراض التي في الحلق أعراض فيروس مثل الكوكساكي فيروس تتحسن مع الوقت عليك بتقوية المناعة بأكل الفواكة والحمضيات وشرب الزنجبيل مع العسل والليمون مره باليوم الزنجبيل مطحون بمعدل معلقه صغيره يوجد أيضا شراب ECHINACEA يحسن حالتك
Entity: تقوية المناعة
Surface form: تقوية المناعة
Field: answer
Relation context: حساسية HAS_SYMPTOM نشفان. Evidence: واشعر بنشفان دائم في الحلق | التهاب اللوزتين HAS_SYMPTOM نشفان. Evidence: نشفان دائم في الحلق | نشفان TREATED_BY تقوية المناعة. Evidence: تقوية المناعة... يحسن حالتك | نشفان TREATED_BY شراب ECHINACEA. Evidence: شراب ECHINACEA يحسن حالتك"
mention::men_llm_0000047,evidence,men_llm_0000047,ent_treatment_c48b0529e8b1,ahd5k_02124,شراب ECHINACEA,"Evidence: الاعراض التي في الحلق أعراض فيروس مثل الكوكساكي فيروس تتحسن مع الوقت عليك بتقوية المناعة بأكل الفواكة والحمضيات وشرب الزنجبيل مع العسل والليمون مره باليوم الزنجبيل مطحون بمعدل معلقه صغيره يوجد أيضا شراب ECHINACEA يحسن حالتك
Entity: شراب ECHINACEA
Surface form: شراب ECHINACEA
Field: answer
Relation context: حساسية HAS_SYMPTOM نشفان. Evidence: واشعر بنشفان دائم في الحلق | التهاب اللوزتين HAS_SYMPTOM نشفان. Evidence: نشفان دائم في الحلق | نشفان TREATED_BY تقوية المناعة. Evidence: تقوية المناعة... يحسن حالتك | نشفان TREATED_BY شراب ECHINACEA. Evidence: شراب ECHINACEA يحسن حالتك"
mention::men_llm_0000048,evidence,men_llm_0000048,ent_diseasecondition_2f75d3dabe0b,ahd5k_01418,حساسية,"Evidence: هل هناك اسباب للحساسية من الباراسيتمول
Entity: حساسية
Surface form: حساسية
Field: question
Relation context: "
mention::men_llm_0000049,evidence,men_llm_0000049,ent_symptom_7b839cc80688,ahd5k_02329,ضيق تنفس,"Evidence: اعاني من ضيق بلتنفس عند حدوث الغبار في الجو
Entity: ضيق تنفس
Surface form: ضيق بلتنفس
Field: question
Relation context: "
mention::men_llm_0000050,evidence,men_llm_0000050,ent_treatment_f4b5c1573769,ahd5k_04920,مضاد الهيستامين,"Evidence: ابدا مضاد هيستامين مره الى مرتين باليوم
Entity: مضاد الهيستامين
Surface form: مضاد هيستامين
Field: answer
Relation context: "
mention::men_llm_0000051,evidence,men_llm_0000051,ent_test_433492431144,ahd5k_02482,تحليل الحساسية,"Evidence: نتيجة الحساسة عندي هي IMMUNOLOGIE ige 183 UI/ml
Entity: تحليل الحساسية
Surface form: نتيجة الحساسة
Field: question
Relation context: "
mention::men_llm_0000052,evidence,men_llm_0000052,ent_diseasecondition_adcc5a085807,ahd5k_01190,الجلد المترهل,"Evidence: كيف يمكن شد الجلد المترهل في منطقه البطن مع العلم ان الوزن مناسب؟
Entity: الجلد المترهل
Surface form: الجلد المترهل
Field: question
Relation context: الجلد المترهل TREATED_BY الجراحة التجميلية. Evidence: يمكن شده بممارسة الرياضة أو بالجراحة التجميلية"
mention::men_llm_0000053,evidence,men_llm_0000053,ent_treatment_8f18706cd796,ahd5k_01190,الرياضة,"Evidence: يمكن شده بممارسة الرياضة أو بالجراحة التجميلية.
Entity: الرياضة
Surface form: الرياضة
Field: answer
Relation context: الجلد المترهل TREATED_BY الجراحة التجميلية. Evidence: يمكن شده بممارسة الرياضة أو بالجراحة التجميلية"
mention::men_llm_0000054,evidence,men_llm_0000054,ent_treatment_5b2a681074cf,ahd5k_01190,الجراحة التجميلية,"Evidence: يمكن شده بممارسة الرياضة أو بالجراحة التجميلية.
Entity: الجراحة التجميلية
Surface form: الجراحة التجميلية
Field: answer
Relation context: الجلد المترهل TREATED_BY الجراحة التجميلية. Evidence: يمكن شده بممارسة الرياضة أو بالجراحة التجميلية"
mention::men_llm_0000055,evidence,men_llm_0000055,ent_treatment_550808b4296e,ahd5k_03805,الكركم,"Evidence: يستعمل الكركم لتفتيح البشرة حيث انة يضفي اشراقة وحيوية على البشرة، و يستخدم للوجة والجسم بخلطة مع مواد اخرى كماء الورد و القشدة او الكريمة.
Entity: الكركم
Surface form: الكركم
Field: answer
Relation context: "
mention::men_llm_0000056,evidence,men_llm_0000056,ent_diseasecondition_2f75d3dabe0b,ahd5k_00614,حساسية,"Evidence: هل عشبة الزعرور تتعارض مع مميعات الدم كالأسبرين وتؤدي لنتيجة سلبية ؟
Entity: حساسية
Surface form: حساسية
Field: question
Relation context: "
mention::men_llm_0000057,evidence,men_llm_0000057,ent_diseasecondition_1c50bd11c45a,ahd5k_00614,ربو,"Evidence: وجد ان هذه العشبة تزيد من سيولة الدم في المرضى الذين يأخذون الاسبرين او البلافكس او الورفارين وهم الغالبية العظمى من مرضى القلب
Entity: ربو
Surface form: مرضى القلب
Field: answer
Relation context: "
mention::men_llm_0000058,evidence,men_llm_0000058,ent_symptom_f4cf885a0447,ahd5k_00883,سعال,"Evidence: نعم فقد أكدالأستاذ المساعد للتغذية الإكلينيكية في كلية العلوم الطبية التطبيقية بجامعة الملك سعود بالرياض الدكتور “عبدالعزيز بن محمد العثمان” أن مشروبات الطاقة تساهم في ارتفاع ضغط القلب، وزيادة نسبة السكر في الدم والأرق والصداع
Entity: سعال
Surface form: الصداع
Field: answer
Relation context: "
mention::men_llm_0000059,evidence,men_llm_0000059,ent_treatment_b67abf88ef76,ahd5k_03307,حجامة,"Evidence: ماهي نصائحك لمن عمل الحجامة بعد يوم؟
Entity: حجامة
Surface form: حجامة
Field: question
Relation context: "
mention::men_llm_0000060,evidence,men_llm_0000060,ent_test_433492431144,ahd5k_00614,تحليل الحساسية,"Evidence: وكذلك تزيد من احتمالية تسمم الجسم بدواء ( DIGOXIN ) وذلك عند تفاعله مع هذه العشبة تزداد معدلاته في الدم بصورة عالية
Entity: تحليل الحساسية
Surface form: تسمم الجسم
Field: answer
Relation context: "
mention::men_llm_0000061,evidence,men_llm_0000061,ent_diseasecondition_341d574d8fe5,ahd5k_02465,التهاب اللوزتين,"Evidence: هل يوجد علاج بالطب البديل لعلاج التهاب اللوزتين
Entity: التهاب اللوزتين
Surface form: التهاب اللوزتين
Field: question
Relation context: "
mention::men_llm_0000062,evidence,men_llm_0000062,ent_diseasecondition_c8b276e9a67b,ahd5k_04473,التهاب المفاصل,"Evidence: الحد من التهاب المفاصل
Entity: التهاب المفاصل
Surface form: التهاب المفاصل
Field: answer
Relation context: التهاب المفاصل HAS_SYMPTOM ألم المفاصل. Evidence: الحد من التهاب المفاصل والتخفيف من ألم المفاصل"
mention::men_llm_0000063,evidence,men_llm_0000063,ent_diseasecondition_c8b276e9a67b,ahd5k_04473,التهاب المفاصل,"Evidence: لعلاج ألم المفاصل أو التهاب المفاصل
Entity: التهاب المفاصل
Surface form: التهاب المفاصل
Field: answer
Relation context: التهاب المفاصل HAS_SYMPTOM ألم المفاصل. Evidence: الحد من التهاب المفاصل والتخفيف من ألم المفاصل"
mention::men_llm_0000064,evidence,men_llm_0000064,ent_symptom_202dedeff038,ahd5k_04473,ألم المفاصل,"Evidence: التخفيف من ألم المفاصل
Entity: ألم المفاصل
Surface form: ألم المفاصل
Field: answer
Relation context: التهاب المفاصل HAS_SYMPTOM ألم المفاصل. Evidence: الحد من التهاب المفاصل والتخفيف من ألم المفاصل"
mention::men_llm_0000065,evidence,men_llm_0000065,ent_symptom_202dedeff038,ahd5k_04473,ألم المفاصل,"Evidence: من فوائد زيت الحنظل للمفاصل أبين لك الآتي: ... التخفيف من الم المفاصل
Entity: ألم المفاصل
Surface form: الم المفاصل
Field: answer
Relation context: التهاب المفاصل HAS_SYMPTOM ألم المفاصل. Evidence: الحد من التهاب المفاصل والتخفيف من ألم المفاصل"
mention::men_llm_0000066,evidence,men_llm_0000066,ent_treatment_b036b1170044,ahd5k_04473,زيت الحنظل,"Evidence: يستخرج زيت الحنظل من نبات الحنظل الصحراوي
Entity: زيت الحنظل
Surface form: زيت الحنظل
Field: answer
Relation context: التهاب المفاصل HAS_SYMPTOM ألم المفاصل. Evidence: الحد من التهاب المفاصل والتخفيف من ألم المفاصل"
mention::men_llm_0000067,evidence,men_llm_0000067,ent_diseasecondition_7abdd04c7114,ahd5k_03104,الحمل,"Evidence: لا ينبغي استخدام زيت الحلبة قبل استشارة الطبيب , ومن الأفضل تجنب استخدامه أثناء فترة الحمل.
Entity: الحمل
Surface form: فترة الحمل
Field: answer
Relation context: "
mention::men_llm_0000068,evidence,men_llm_0000068,ent_diseasecondition_7abdd04c7114,ahd5k_04697,الحمل,"Evidence: انا متزوجة وعمري 29 سنة ولدي ثلاثة اطفال اعاني من الدوالي في ساق قدمي بدت الدوالي عندي وانا حامل بالطفل الثاني وازدادت مع حملي في الطفل الثالث ....
Entity: الحمل
Surface form: حامل
Field: question
Relation context: دوالي الساقين TREATED_BY فينوروتون. Evidence: العلاج : 1-- تنفيذ النصائح السابقة وتناول علاج بسيط مثل فينوروتون | دوالي الساقين TREATED_BY العلاج بالليزر. Evidence: 6--وافضل طريقة هي العلاج بالليزر حيث أثبتت الأبحاث العالمية نجاحا يفوق الجراحات الأخرى ."
mention::men_llm_0000069,evidence,men_llm_0000069,ent_diseasecondition_c4254d272647,ahd5k_04697,دوالي الساقين,"Evidence: دوالي الساقين : هي تضخم الأوردة السطحية وقد تحدث في أي مكان من الجسم ولكنها أكثر انتشارا في الساقين .
Entity: دوالي الساقين
Surface form: دوالي الساقين
Field: answer
Relation context: دوالي الساقين TREATED_BY فينوروتون. Evidence: العلاج : 1-- تنفيذ النصائح السابقة وتناول علاج بسيط مثل فينوروتون | دوالي الساقين TREATED_BY العلاج بالليزر. Evidence: 6--وافضل طريقة هي العلاج بالليزر حيث أثبتت الأبحاث العالمية نجاحا يفوق الجراحات الأخرى ."
mention::men_llm_0000070,evidence,men_llm_0000070,ent_diseasecondition_c4254d272647,ahd5k_04697,دوالي الساقين,"Evidence: انا متزوجة وعمري 29 سنة ولدي ثلاثة اطفال اعاني من الدوالي في ساق قدمي بدت الدوالي عندي وانا حامل بالطفل الثاني وازدادت مع حملي في الطفل الثالث ....
Entity: دوالي الساقين
Surface form: دوالي
Field: question
Relation context: دوالي الساقين TREATED_BY فينوروتون. Evidence: العلاج : 1-- تنفيذ النصائح السابقة وتناول علاج بسيط مثل فينوروتون | دوالي الساقين TREATED_BY العلاج بالليزر. Evidence: 6--وافضل طريقة هي العلاج بالليزر حيث أثبتت الأبحاث العالمية نجاحا يفوق الجراحات الأخرى ."
mention::men_llm_0000071,evidence,men_llm_0000071,ent_treatment_24d83b12af40,ahd5k_03104,زيت الحلبة,"Evidence: ما هى فوائد زيت الحلبه للجسم اذا استعمل شربا مع الماء شكرا
Entity: زيت الحلبة
Surface form: زيت الحلبة
Field: question
Relation context: "
mention::men_llm_0000072,evidence,men_llm_0000072,ent_treatment_24d83b12af40,ahd5k_03104,زيت الحلبة,"Evidence: فوائد زيت الحلبة للجسم: 1. فوائد زيت الحلبة للشعر: زيت الحلبة له تأثير قوي على نمو الشعر ويحد من الصلع وتساقط الشعر والقشور , فهو مصدر جيد لحمض النيكوتينيك والبروتين.
Entity: زيت الحلبة
Surface form: زيت الحلبة
Field: answer
Relation context: "
mention::men_llm_0000073,evidence,men_llm_0000073,ent_treatment_6528bb63fe9c,ahd5k_04697,فينوروتون,"Evidence: العلاج : 1-- تنفيذ النصائح السابقة وتناول علاج بسيط مثل فينوروتون
Entity: فينوروتون
Surface form: فينوروتون
Field: answer
Relation context: دوالي الساقين TREATED_BY فينوروتون. Evidence: العلاج : 1-- تنفيذ النصائح السابقة وتناول علاج بسيط مثل فينوروتون | دوالي الساقين TREATED_BY العلاج بالليزر. Evidence: 6--وافضل طريقة هي العلاج بالليزر حيث أثبتت الأبحاث العالمية نجاحا يفوق الجراحات الأخرى ."
mention::men_llm_0000074,evidence,men_llm_0000074,ent_treatment_f5d29134c577,ahd5k_04697,العلاج بالليزر,"Evidence: 6--وافضل طريقة هي العلاج بالليزر حيث أثبتت الأبحاث العالمية نجاحا يفوق الجراحات الأخرى .
Entity: العلاج بالليزر
Surface form: العلاج بالليزر
Field: answer
Relation context: دوالي الساقين TREATED_BY فينوروتون. Evidence: العلاج : 1-- تنفيذ النصائح السابقة وتناول علاج بسيط مثل فينوروتون | دوالي الساقين TREATED_BY العلاج بالليزر. Evidence: 6--وافضل طريقة هي العلاج بالليزر حيث أثبتت الأبحاث العالمية نجاحا يفوق الجراحات الأخرى ."
mention::men_llm_0000075,evidence,men_llm_0000075,ent_diseasecondition_f870ba2ab6eb,ahd5k_04015,الدورة الشهرية,"Evidence: تنظيم الدورة الشهرية
Entity: الدورة الشهرية
Surface form: الدورة الشهرية
Field: answer
Relation context: الدورة الشهرية TREATED_BY اكليل الجبل. Evidence: اكليل الجبل | الدورة الشهرية TREATED_BY الميرمية. Evidence: الميرمية | الدورة الشهرية TREATED_BY البقدونس. Evidence: البقدونس | الدورة الشهرية TREATED_BY حشيشة الملاك. Evidence: حشيشة الملاك | الدورة الشهرية TREATED_BY البردقوش. Evidence: البردقوش | الدورة الشهرية TREATED_BY القرفة. Evidence: القرفة"
mention::men_llm_0000076,evidence,men_llm_0000076,ent_diseasecondition_f870ba2ab6eb,ahd5k_04015,الدورة الشهرية,"Evidence: نزول الطمث
Entity: الدورة الشهرية
Surface form: الطمث
Field: question
Relation context: الدورة الشهرية TREATED_BY اكليل الجبل. Evidence: اكليل الجبل | الدورة الشهرية TREATED_BY الميرمية. Evidence: الميرمية | الدورة الشهرية TREATED_BY البقدونس. Evidence: البقدونس | الدورة الشهرية TREATED_BY حشيشة الملاك. Evidence: حشيشة الملاك | الدورة الشهرية TREATED_BY البردقوش. Evidence: البردقوش | الدورة الشهرية TREATED_BY القرفة. Evidence: القرفة"
mention::men_llm_0000077,evidence,men_llm_0000077,ent_treatment_fd42eb263b89,ahd5k_04015,اكليل الجبل,"Evidence: اكليل الجبل
Entity: اكليل الجبل
Surface form: اكليل الجبل
Field: answer
Relation context: الدورة الشهرية TREATED_BY اكليل الجبل. Evidence: اكليل الجبل | الدورة الشهرية TREATED_BY الميرمية. Evidence: الميرمية | الدورة الشهرية TREATED_BY البقدونس. Evidence: البقدونس | الدورة الشهرية TREATED_BY حشيشة الملاك. Evidence: حشيشة الملاك | الدورة الشهرية TREATED_BY البردقوش. Evidence: البردقوش | الدورة الشهرية TREATED_BY القرفة. Evidence: القرفة"
mention::men_llm_0000078,evidence,men_llm_0000078,ent_treatment_b792fc31b8bb,ahd5k_04015,الميرمية,"Evidence: الميرمية
Entity: الميرمية
Surface form: الميرمية
Field: answer
Relation context: الدورة الشهرية TREATED_BY اكليل الجبل. Evidence: اكليل الجبل | الدورة الشهرية TREATED_BY الميرمية. Evidence: الميرمية | الدورة الشهرية TREATED_BY البقدونس. Evidence: البقدونس | الدورة الشهرية TREATED_BY حشيشة الملاك. Evidence: حشيشة الملاك | الدورة الشهرية TREATED_BY البردقوش. Evidence: البردقوش | الدورة الشهرية TREATED_BY القرفة. Evidence: القرفة"
mention::men_llm_0000079,evidence,men_llm_0000079,ent_treatment_c91b15de897a,ahd5k_04015,البقدونس,"Evidence: البقدونس
Entity: البقدونس
Surface form: البقدونس
Field: answer
Relation context: الدورة الشهرية TREATED_BY اكليل الجبل. Evidence: اكليل الجبل | الدورة الشهرية TREATED_BY الميرمية. Evidence: الميرمية | الدورة الشهرية TREATED_BY البقدونس. Evidence: البقدونس | الدورة الشهرية TREATED_BY حشيشة الملاك. Evidence: حشيشة الملاك | الدورة الشهرية TREATED_BY البردقوش. Evidence: البردقوش | الدورة الشهرية TREATED_BY القرفة. Evidence: القرفة"
mention::men_llm_0000080,evidence,men_llm_0000080,ent_treatment_c2ead061e2d0,ahd5k_04015,حشيشة الملاك,"Evidence: حشيشة الملاك
Entity: حشيشة الملاك
Surface form: حشيشة الملاك
Field: answer
Relation context: الدورة الشهرية TREATED_BY اكليل الجبل. Evidence: اكليل الجبل | الدورة الشهرية TREATED_BY الميرمية. Evidence: الميرمية | الدورة الشهرية TREATED_BY البقدونس. Evidence: البقدونس | الدورة الشهرية TREATED_BY حشيشة الملاك. Evidence: حشيشة الملاك | الدورة الشهرية TREATED_BY البردقوش. Evidence: البردقوش | الدورة الشهرية TREATED_BY القرفة. Evidence: القرفة"
mention::men_llm_0000081,evidence,men_llm_0000081,ent_treatment_fc32e4036e25,ahd5k_04015,البردقوش,"Evidence: البردقوش
Entity: البردقوش
Surface form: البردقوش
Field: answer
Relation context: الدورة الشهرية TREATED_BY اكليل الجبل. Evidence: اكليل الجبل | الدورة الشهرية TREATED_BY الميرمية. Evidence: الميرمية | الدورة الشهرية TREATED_BY البقدونس. Evidence: البقدونس | الدورة الشهرية TREATED_BY حشيشة الملاك. Evidence: حشيشة الملاك | الدورة الشهرية TREATED_BY البردقوش. Evidence: البردقوش | الدورة الشهرية TREATED_BY القرفة. Evidence: القرفة"
mention::men_llm_0000082,evidence,men_llm_0000082,ent_treatment_895d0d591838,ahd5k_04015,القرفة,"Evidence: القرفة
Entity: القرفة
Surface form: القرفة
Field: answer
Relation context: الدورة الشهرية TREATED_BY اكليل الجبل. Evidence: اكليل الجبل | الدورة الشهرية TREATED_BY الميرمية. Evidence: الميرمية | الدورة الشهرية TREATED_BY البقدونس. Evidence: البقدونس | الدورة الشهرية TREATED_BY حشيشة الملاك. Evidence: حشيشة الملاك | الدورة الشهرية TREATED_BY البردقوش. Evidence: البردقوش | الدورة الشهرية TREATED_BY القرفة. Evidence: القرفة"
mention::men_llm_0000083,evidence,men_llm_0000083,ent_treatment_639e625fe991,ahd5k_04015,الزنجبيل,"Evidence: الزنجبيل
Entity: الزنجبيل
Surface form: الزنجبيل
Field: answer
Relation context: الدورة الشهرية TREATED_BY اكليل الجبل. Evidence: اكليل الجبل | الدورة الشهرية TREATED_BY الميرمية. Evidence: الميرمية | الدورة الشهرية TREATED_BY البقدونس. Evidence: البقدونس | الدورة الشهرية TREATED_BY حشيشة الملاك. Evidence: حشيشة الملاك | الدورة الشهرية TREATED_BY البردقوش. Evidence: البردقوش | الدورة الشهرية TREATED_BY القرفة. Evidence: القرفة"
mention::men_llm_0000084,evidence,men_llm_0000084,ent_treatment_2cb98decc0ee,ahd5k_04015,الكرفس,"Evidence: الكرفس
Entity: الكرفس
Surface form: الكرفس
Field: answer
Relation context: الدورة الشهرية TREATED_BY اكليل الجبل. Evidence: اكليل الجبل | الدورة الشهرية TREATED_BY الميرمية. Evidence: الميرمية | الدورة الشهرية TREATED_BY البقدونس. Evidence: البقدونس | الدورة الشهرية TREATED_BY حشيشة الملاك. Evidence: حشيشة الملاك | الدورة الشهرية TREATED_BY البردقوش. Evidence: البردقوش | الدورة الشهرية TREATED_BY القرفة. Evidence: القرفة"
mention::men_llm_0000085,evidence,men_llm_0000085,ent_diseasecondition_2f75d3dabe0b,ahd5k_02556,حساسية,"Evidence: تجبنه في حال المعاناة من حساسية تجاه البابونج
Entity: حساسية
Surface form: حساسية
Field: answer
Relation context: "
mention::men_llm_0000086,evidence,men_llm_0000086,ent_diseasecondition_7abdd04c7114,ahd5k_02556,الحمل,"Evidence: يجب تجنب الإفراط في استخدامه في حال الحمل
Entity: الحمل
Surface form: حمل
Field: answer
Relation context: "
mention::men_llm_0000087,evidence,men_llm_0000087,ent_treatment_91cb532e35c6,ahd5k_02556,بابونج,"Evidence: كيف يحضر شراب البابونج
Entity: بابونج
Surface form: بابونج
Field: question
Relation context: "
mention::men_llm_0000088,evidence,men_llm_0000088,ent_treatment_91cb532e35c6,ahd5k_02556,بابونج,"Evidence: ينصح بتغطية كوب البابونج بعد إضافة الماء
Entity: بابونج
Surface form: البابونج
Field: answer
Relation context: "
mention::men_llm_0000089,evidence,men_llm_0000089,ent_diseasecondition_1c50bd11c45a,ahd5k_00887,ربو,"Evidence: التخفيف من أعراض الربو وأمراض الجهاز التنفسي.
Entity: ربو
Surface form: ربو
Field: answer
Relation context: ربو TREATED_BY زيت الحبة السوداء. Evidence: التخفيف من أعراض الربو وأمراض الجهاز التنفسي. ما هي فوائد زيت حبة السوداء | حساسية TREATED_BY زيت الحبة السوداء. Evidence: علاج حساسية الأنف. ما هي فوائد زيت حبة السوداء | صداع TREATED_BY زيت الحبة السوداء. Evidence: التخفيف من أعراض الصداع. ما هي فوائد زيت حبة السوداء"
mention::men_llm_0000090,evidence,men_llm_0000090,ent_diseasecondition_2f75d3dabe0b,ahd5k_00887,حساسية,"Evidence: علاج حساسية الأنف والتهاب الجيوب الأنفية.
Entity: حساسية
Surface form: حساسية
Field: answer
Relation context: ربو TREATED_BY زيت الحبة السوداء. Evidence: التخفيف من أعراض الربو وأمراض الجهاز التنفسي. ما هي فوائد زيت حبة السوداء | حساسية TREATED_BY زيت الحبة السوداء. Evidence: علاج حساسية الأنف. ما هي فوائد زيت حبة السوداء | صداع TREATED_BY زيت الحبة السوداء. Evidence: التخفيف من أعراض الصداع. ما هي فوائد زيت حبة السوداء"
mention::men_llm_0000091,evidence,men_llm_0000091,ent_symptom_b754f1a1e5a8,ahd5k_00887,صداع,"Evidence: التخفيف من أعراض الصداع والصداع النصفي.
Entity: صداع
Surface form: صداع
Field: answer
Relation context: ربو TREATED_BY زيت الحبة السوداء. Evidence: التخفيف من أعراض الربو وأمراض الجهاز التنفسي. ما هي فوائد زيت حبة السوداء | حساسية TREATED_BY زيت الحبة السوداء. Evidence: علاج حساسية الأنف. ما هي فوائد زيت حبة السوداء | صداع TREATED_BY زيت الحبة السوداء. Evidence: التخفيف من أعراض الصداع. ما هي فوائد زيت حبة السوداء"
mention::men_llm_0000092,evidence,men_llm_0000092,ent_diseasecondition_16cf4e77b755,ahd5k_00887,التهاب,"Evidence: علاج اضطرابات الهضم والتخفيف من أعراض القولون العصبي.
Entity: التهاب
Surface form: التهاب
Field: answer
Relation context: ربو TREATED_BY زيت الحبة السوداء. Evidence: التخفيف من أعراض الربو وأمراض الجهاز التنفسي. ما هي فوائد زيت حبة السوداء | حساسية TREATED_BY زيت الحبة السوداء. Evidence: علاج حساسية الأنف. ما هي فوائد زيت حبة السوداء | صداع TREATED_BY زيت الحبة السوداء. Evidence: التخفيف من أعراض الصداع. ما هي فوائد زيت حبة السوداء"
mention::men_llm_0000093,evidence,men_llm_0000093,ent_diseasecondition_380db6d92562,ahd5k_01358,مرض السكري,"Evidence: ما هو ابسط علاج لمرض السكر بدون كيماويات؟
Entity: مرض السكري
Surface form: مرض السكر
Field: question
Relation context: "
mention::men_llm_0000094,evidence,men_llm_0000094,ent_treatment_677fdfb3086e,ahd5k_00887,زيت الحبة السوداء,"Evidence: ما هي فوائد زيت حبة السوداء أو ما يعرف بحبة البركة، وهل يمكن تناولها بشكل يومي؟
Entity: زيت الحبة السوداء
Surface form: زيت الحبة السوداء
Field: question
Relation context: ربو TREATED_BY زيت الحبة السوداء. Evidence: التخفيف من أعراض الربو وأمراض الجهاز التنفسي. ما هي فوائد زيت حبة السوداء | حساسية TREATED_BY زيت الحبة السوداء. Evidence: علاج حساسية الأنف. ما هي فوائد زيت حبة السوداء | صداع TREATED_BY زيت الحبة السوداء. Evidence: التخفيف من أعراض الصداع. ما هي فوائد زيت حبة السوداء"
mention::men_llm_0000095,evidence,men_llm_0000095,ent_treatment_fc32e4036e25,ahd5k_01330,البردقوش,"Evidence: ماهو البردقوش وهل يوجد باليمن وهل يزيد من عدد الحيوانات المنويه؟
Entity: البردقوش
Surface form: البردقوش
Field: question
Relation context: "
mention::men_llm_0000096,evidence,men_llm_0000096,ent_treatment_7dcc65be78f8,ahd5k_04761,زيت الزيتون,"Evidence: ما هي فوائد زيت الزيتون للصحة والجسم
Entity: زيت الزيتون
Surface form: زيت الزيتون
Field: question
Relation context: "
mention::men_llm_0000097,evidence,men_llm_0000097,ent_treatment_a9901bfb5bd5,ahd5k_04864,مرهم مايكونازول,"Evidence: العلاج باستخدام مرهم مايكونازول ، ومضمضة بمطهر حسب ما يصف الطبيب
Entity: مرهم مايكونازول
Surface form: مرهم مايكونازول
Field: answer
Relation context: "
mention::men_llm_0000098,evidence,men_llm_0000098,ent_treatment_c97970fb458a,ahd5k_04382,اوميبرازول,"Evidence: تناولي احد الأدوية المثبطة لافراز الحمض مثل اوميبرازول
Entity: اوميبرازول
Surface form: اوميبرازول
Field: answer
Relation context: "
mention::men_llm_0000099,evidence,men_llm_0000099,ent_diseasecondition_1cff9c5dbe9e,ahd5k_02823,صرع,"Evidence: طفل عمره اربع سنوات شخص مرضه على انه كهرباء زائدة
Entity: صرع
Surface form: كهرباء زائدة
Field: question
Relation context: صرع HAS_SYMPTOM نوبة. Evidence: الصرع نوعان : 1- نوبات عامة تصيب جميع اجزاء الجسم"
mention::men_llm_0000100,evidence,men_llm_0000100,ent_diseasecondition_1cff9c5dbe9e,ahd5k_02823,صرع,"Evidence: عبارة ( كهرباء زائدة ) او ( شحنات كهرباء ) يطلقها الاطباء على داء الصرع
Entity: صرع
Surface form: داء الصرع
Field: answer
Relation context: صرع HAS_SYMPTOM نوبة. Evidence: الصرع نوعان : 1- نوبات عامة تصيب جميع اجزاء الجسم"
mention::men_llm_0000101,evidence,men_llm_0000101,ent_symptom_871c0c5d659d,ahd5k_02823,نوبة,"Evidence: الصرع نوعان : 1- نوبات عامة تصيب جميع اجزاء الجسم
Entity: نوبة
Surface form: نوبات عامة
Field: answer
Relation context: صرع HAS_SYMPTOM نوبة. Evidence: الصرع نوعان : 1- نوبات عامة تصيب جميع اجزاء الجسم"
mention::men_llm_0000102,evidence,men_llm_0000102,ent_symptom_871c0c5d659d,ahd5k_02823,نوبة,"Evidence: 2- نوبات جزئية تصيب جزء او عضو من الجسم
Entity: نوبة
Surface form: نوبات جزئية
Field: answer
Relation context: صرع HAS_SYMPTOM نوبة. Evidence: الصرع نوعان : 1- نوبات عامة تصيب جميع اجزاء الجسم"
mention::men_llm_0000103,evidence,men_llm_0000103,ent_treatment_9a6b401143ed,ahd5k_03753,مكمل غدائي,"Evidence: اشتريت مكمل غدائيي اسمه MG 180 lITHOGINKGO
Entity: مكمل غدائي
Surface form: مكمل غدائيي اسمه MG 180 lITHOGINKGO
Field: question
Relation context: "
mention::men_llm_0000104,evidence,men_llm_0000104,ent_treatment_72992721d87a,ahd5k_03753,جرعة,"Evidence: الجعة اللازمة تكون خسب ما هو مكتوب على ورقة الإرشادات المرفقة مع عبوة الدواء
Entity: جرعة
Surface form: الجعة اللازمة
Field: answer
Relation context: "
mention::men_llm_0000105,evidence,men_llm_0000105,ent_diseasecondition_2f75d3dabe0b,ahd5k_03258,حساسية,"Evidence: منذ دخول الصيف وانا اعاني من ظهور حبوب في وجهي
Entity: حساسية
Surface form: حب الشباب
Field: question
Relation context: "
mention::men_llm_0000106,evidence,men_llm_0000106,ent_treatment_039793a12776,ahd5k_03258,الايزوتريتينوين,"Evidence: يفضل مراجعة طبيب الجلدية لوصف العلاج المناسب لانه عادة يحتاج حب الشباب الى ادوية لعلاجها منها الايزوتريتينوين
Entity: الايزوتريتينوين
Surface form: الايزوتريتينوين
Field: answer
Relation context: "
mention::men_llm_0000107,evidence,men_llm_0000107,ent_treatment_13b8274bb134,ahd5k_03453,سيلدينافيل,"Evidence: تكبير حجم القضيب تكبيرا دائما لا يحدث إلا في مرحلة البلوغ او المراهقة باخذ حقن التستيرون ولكنه لا يفيد بعد ذلك العمر اما تكبير حجمه بشكل مؤقت عند الممارسة الجنسية فيمكنك استعمال : - دواء سيلدينافيل الذي يساعد على الانتصاب
Entity: سيلدينافيل
Surface form: سيلدينافيل
Field: answer
Relation context: "
mention::men_llm_0000108,evidence,men_llm_0000108,ent_treatment_bda1067a70d1,ahd5k_03453,تستيرون,"Evidence: تكبير حجم القضيب تكبيرا دائما لا يحدث إلا في مرحلة البلوغ او المراهقة باخذ حقن التستيرون ولكنه لا يفيد بعد ذلك العمر
Entity: تستيرون
Surface form: تستيرون
Field: answer
Relation context: "
mention::men_llm_0000109,evidence,men_llm_0000109,ent_symptom_1489f63a8622,ahd5k_00149,هيشان الشعر,"Evidence: علاج هيشان الشعر هو استخدام كريم التصفيف بالزيوت الطبيعية
Entity: هيشان الشعر
Surface form: هيشان الشعر
Field: answer
Relation context: "
mention::men_llm_0000110,evidence,men_llm_0000110,ent_diseasecondition_99d821e71fc1,ahd5k_01178,فقر دم,"Evidence: عليك بالذاء الصحي المتوازن و تناول الفيتامينات و عمل فحص للكشف اذا كان هناك فقر دم او لا
Entity: فقر دم
Surface form: فقر دم
Field: answer
Relation context: "
mention::men_llm_0000111,evidence,men_llm_0000111,ent_diseasecondition_cbcc5fb6bf54,ahd5k_01423,صغر الثدي,"Evidence: عمري 18 سنة وأنا أعاني من صغر الثدي هل يوجد أي حل لتكبيره دون جراحة
Entity: صغر الثدي
Surface form: صغر الثدي
Field: question
Relation context: "
mention::men_llm_0000112,evidence,men_llm_0000112,ent_treatment_3278b7c5cc1b,ahd5k_01423,حليب الصويا,"Evidence: حليب الصويا له فوائد عديدة فهو يزيد من افراز هرمون الأستروجين الأنثوي الذي يثير الرغبة الجنسية عند المرأة ويزيد من حجم الأعضاء التناسلية والثديين
Entity: حليب الصويا
Surface form: حليب الصويا
Field: answer
Relation context: "
mention::men_llm_0000113,evidence,men_llm_0000113,ent_treatment_24d83b12af40,ahd5k_01292,زيت الحلبة,"Evidence: هل تناول ملعقة يوميا من زيت الحلبة على الريق يزيد من حجم الثدي بجانب التمارين
Entity: زيت الحلبة
Surface form: زيت الحلبة
Field: question
Relation context: "
mention::men_llm_0000114,evidence,men_llm_0000114,ent_treatment_24d83b12af40,ahd5k_01292,زيت الحلبة,"Evidence: اشربى من الحلبة كتير اما بالنسبة لزيت الحلبة ضعي منه معلقة على صدرك وادهنى صدرك بزيت الحلبة بالليل وبزيت الزيتون الصبح
Entity: زيت الحلبة
Surface form: زيت الحلبة
Field: answer
Relation context: "
mention::men_llm_0000115,evidence,men_llm_0000115,ent_treatment_b792fc31b8bb,ahd5k_01651,الميرمية,"Evidence: هل زيت نبات الميرمية له آثار جانبية عند تناوله بشكل 3 كبسولات قبل الطعام للتخلص من افراز البرولاكتين المفرز والناتج عن ورم حميد في الغدة النخامية
Entity: الميرمية
Surface form: الميرمية
Field: question
Relation context: "
mention::men_llm_0000116,evidence,men_llm_0000116,ent_treatment_b792fc31b8bb,ahd5k_01651,الميرمية,"Evidence: الميرمية لها فوائد كثيرة ومنها تخفيف ادرار الجليب ولكنها لا تعطى للمرأة الحامل لأنها تثير تقلصات الرحم فيمكن أن تسبب الاجهاض
Entity: الميرمية
Surface form: الميرمية
Field: answer
Relation context: "
mention::men_llm_0000117,evidence,men_llm_0000117,ent_diseasecondition_16cf4e77b755,ahd5k_02810,التهاب,"Evidence: البواسير بداية هو استخدام مرهم نيوهيلار داخل الشرج
Entity: التهاب
Surface form: البواسير
Field: answer
Relation context: "
mention::men_llm_0000118,evidence,men_llm_0000118,ent_symptom_7b839cc80688,ahd5k_03444,ضيق تنفس,"Evidence: ضيق النفس شديد دون سبب طبى
Entity: ضيق تنفس
Surface form: ضيق النفس
Field: question
Relation context: "
mention::men_llm_0000119,evidence,men_llm_0000119,ent_treatment_53d2565c0b22,ahd5k_03444,برامج رقية,"Evidence: استخدمت برامج رقية كتير
Entity: برامج رقية
Surface form: برامج رقية
Field: answer
Relation context: "
mention::men_llm_0000120,evidence,men_llm_0000120,ent_diseasecondition_7754d34e2c52,ahd5k_04612,شيب,"Evidence: هل يوجد حل لعلاج الشيب المبكر
Entity: شيب
Surface form: شيب
Field: question
Relation context: شيب TREATED_BY خلطة الريحان و الروزماري. Evidence: هل خلطة الريحان و الروزماري مفيدة للتخلص من الشيب"
mention::men_llm_0000121,evidence,men_llm_0000121,ent_treatment_48712ae621b5,ahd5k_04612,خلطة الريحان و الروزماري,"Evidence: هل خلطة الريحان و الروزماري مفيدة للتخلص من الشيب
Entity: خلطة الريحان و الروزماري
Surface form: خلطة الريحان و الروزماري
Field: question
Relation context: شيب TREATED_BY خلطة الريحان و الروزماري. Evidence: هل خلطة الريحان و الروزماري مفيدة للتخلص من الشيب"
mention::men_llm_0000122,evidence,men_llm_0000122,ent_diseasecondition_050f0f4f890b,ahd5k_04779,كسل بالغدة الدرقية,"Evidence: هل هناك اعشاب معينه ممكن ان آخذها للمحافظة على الغدة الدرقية
Entity: كسل بالغدة الدرقية
Surface form: كسل بالغدة الدرقية
Field: question
Relation context: كسل بالغدة الدرقية TREATED_BY خلطة العسل والفوقص الحوصلي والغذاء الملكي والعكبر والقسط الهندي. Evidence: هذه خلطة مفيدة ان شاء الله لمن معهم كسل بالغدة الدرقية"
mention::men_llm_0000123,evidence,men_llm_0000123,ent_treatment_982172163039,ahd5k_04779,خلطة العسل والفوقص الحوصلي والغذاء الملكي والعكبر والقسط الهندي,"Evidence: هذه خلطة مفيدة ان شاء الله لمن معهم كسل بالغدة الدرقية
Entity: خلطة العسل والفوقص الحوصلي والغذاء الملكي والعكبر والقسط الهندي
Surface form: خلطة العسل والفوقص الحوصلي والغذاء الملكي والعكبر والقسط الهندي
Field: answer
Relation context: كسل بالغدة الدرقية TREATED_BY خلطة العسل والفوقص الحوصلي والغذاء الملكي والعكبر والقسط الهندي. Evidence: هذه خلطة مفيدة ان شاء الله لمن معهم كسل بالغدة الدرقية"
mention::men_llm_0000124,evidence,men_llm_0000124,ent_symptom_6910233b82fc,ahd5k_04986,بروز في البطن,"Evidence: انا بنت عمري 22 سنة بدي علاج طبيعي وسريع للبطن.. عندي بروز في البطن
Entity: بروز في البطن
Surface form: بروز في البطن
Field: question
Relation context: بروز في البطن TREATED_BY تمارين رياضية. Evidence: وجربت التمارين فترة بس ما لاحظت نتيجة كبيرة"
mention::men_llm_0000125,evidence,men_llm_0000125,ent_treatment_a3fdf405330a,ahd5k_04986,تمارين رياضية,"Evidence: وجربت التمارين فترة بس ما لاحظت نتيجة كبيرة
Entity: تمارين رياضية
Surface form: تمارين
Field: question
Relation context: بروز في البطن TREATED_BY تمارين رياضية. Evidence: وجربت التمارين فترة بس ما لاحظت نتيجة كبيرة"
mention::men_llm_0000126,evidence,men_llm_0000126,ent_diseasecondition_d2e284c27e53,ahd5k_00291,اللمف,"Evidence: سائل شفاف، يميل لونه إلى الصفرة يشبه في تركيبه تركيب الدم إلا أنّه لا يحتوي على كرات دم حمراء بل كرات دم بيضاء.
Entity: اللمف
Surface form: اللمف
Field: answer
Relation context: "
mention::men_llm_0000127,evidence,men_llm_0000127,ent_diseasecondition_a2bb8f572461,ahd5k_04739,النخاع الشوكي,"Evidence: تحته.ويوجد على سطحه الأمامي أخدود ناصف وعلى كل جانب إنتفاخ يدعى الهرم . وتتكون الهرمين من حزم من الألياف العصبية التي تأتي من خلايا عصبية عريضة في التلفيف قبل المركزي.
Entity: النخاع الشوكي
Surface form: النخاع الشوكي
Field: answer
Relation context: "
mention::men_llm_0000128,evidence,men_llm_0000128,ent_diseasecondition_1d360e20e36c,ahd5k_04739,الموت الدماغي,"Evidence: يعني عدم وجود موجات كهربائية في تخطيط الدماغ الكهربائي.
Entity: الموت الدماغي
Surface form: الموت الدماغي
Field: answer
Relation context: "
mention::men_llm_0000129,evidence,men_llm_0000129,ent_diseasecondition_f12d335bd2d8,ahd5k_00673,التهاب مفصل الركبة,"Evidence: تهاب مفصل الركبة
Entity: التهاب مفصل الركبة
Surface form: التهاب مفصل الركبة
Field: answer
Relation context: "
mention::men_llm_0000130,evidence,men_llm_0000130,ent_diseasecondition_16cf4e77b755,ahd5k_00673,التهاب,"Evidence: التهاب
Entity: التهاب
Surface form: التهاب
Field: answer
Relation context: "
mention::men_llm_0000131,evidence,men_llm_0000131,ent_diseasecondition_16cf4e77b755,ahd5k_03985,التهاب,"Evidence: التهاب
Entity: التهاب
Surface form: التهاب
Field: answer
Relation context: "
mention::men_llm_0000132,evidence,men_llm_0000132,ent_diseasecondition_f12d335bd2d8,ahd5k_00673,التهاب مفصل الركبة,"Evidence: التهاب مفصل الركبة
Entity: التهاب مفصل الركبة
Surface form: التهاب مفصل الركبة
Field: question
Relation context: "
mention::men_llm_0000133,evidence,men_llm_0000133,ent_diseasecondition_16cf4e77b755,ahd5k_00673,التهاب,"Evidence: التهاب
Entity: التهاب
Surface form: التهاب
Field: question
Relation context: "
mention::men_llm_0000134,evidence,men_llm_0000134,ent_diseasecondition_f12d335bd2d8,ahd5k_00673,التهاب مفصل الركبة,"Evidence: التهاب مفصل الركبة
Entity: التهاب مفصل الركبة
Surface form: التهاب مفصل الركبة
Field: answer
Relation context: "
mention::men_llm_0000135,evidence,men_llm_0000135,ent_diseasecondition_db17a406c72e,ahd5k_03983,ارتفاع ضغط الدم,"Evidence: ارتفاع ضغط الدم
Entity: ارتفاع ضغط الدم
Surface form: ارتفاع ضغط الدم
Field: answer
Relation context: "
mention::men_llm_0000136,evidence,men_llm_0000136,ent_diseasecondition_d570c92436e9,ahd5k_01181,ارتخاء,"Evidence: ارتخاء في الآنسجة الضامة في الجسم
Entity: ارتخاء
Surface form: ارتخاء في الآنسجة الضامة في الجسم
Field: answer
Relation context: "
mention::men_llm_0000137,evidence,men_llm_0000137,ent_diseasecondition_d570c92436e9,ahd5k_04566,ارتخاء,"Evidence: ارتخاء في الآنسجة الضامة في الجسم
Entity: ارتخاء
Surface form: ارتخاء في الآنسجة الضامة في الجسم
Field: answer
Relation context: "
mention::men_llm_0000138,evidence,men_llm_0000138,ent_diseasecondition_017a6d080eff,ahd5k_01181,القولون,"Evidence: القولون
Entity: القولون
Surface form: القولون
Field: answer
Relation context: "
mention::men_llm_0000139,evidence,men_llm_0000139,ent_diseasecondition_017a6d080eff,ahd5k_04566,القولون,"Evidence: القولون
Entity: القولون
Surface form: القولون
Field: answer
Relation context: "
mention::men_llm_0000140,evidence,men_llm_0000140,ent_diseasecondition_ca9304cd0dde,ahd5k_01181,القولون العصبي,"Evidence: القولون العصبي
Entity: القولون العصبي
Surface form: القولون العصبي
Field: question
Relation context: "
mention::men_llm_0000141,evidence,men_llm_0000141,ent_diseasecondition_ca9304cd0dde,ahd5k_04566,القولون العصبي,"Evidence: القولون العصبي
Entity: القولون العصبي
Surface form: القولون العصبي
Field: question
Relation context: "
mention::men_llm_0000142,evidence,men_llm_0000142,ent_diseasecondition_ca9304cd0dde,ahd5k_01181,القولون العصبي,"Evidence: القولون العصبي
Entity: القولون العصبي
Surface form: القولون العصبي
Field: answer
Relation context: "
mention::men_llm_0000143,evidence,men_llm_0000143,ent_diseasecondition_ca9304cd0dde,ahd5k_04566,القولون العصبي,"Evidence: القولون العصبي
Entity: القولون العصبي
Surface form: القولون العصبي
Field: answer
Relation context: "
mention::men_llm_0000144,evidence,men_llm_0000144,ent_diseasecondition_017a6d080eff,ahd5k_01181,القولون,"Evidence: القولون
Entity: القولون
Surface form: القولون
Field: question
Relation context: "
mention::men_llm_0000145,evidence,men_llm_0000145,ent_diseasecondition_017a6d080eff,ahd5k_04566,القولون,"Evidence: القولون
Entity: القولون
Surface form: القولون
Field: question
Relation context: "
mention::men_llm_0000146,evidence,men_llm_0000146,ent_diseasecondition_16cf4e77b755,ahd5k_03068,التهاب,"Evidence: التهابات المهبل
Entity: التهاب
Surface form: التهاب الرحم
Field: answer
Relation context: حساسية DIAGNOSED_BY تحاليل مخبرية. Evidence: تحليل الحساسية"
mention::men_llm_0000147,evidence,men_llm_0000147,ent_diseasecondition_16cf4e77b755,ahd5k_03068,التهاب,"Evidence: التهابات المهبل
Entity: التهاب
Surface form: التهاب المهبل
Field: answer
Relation context: حساسية DIAGNOSED_BY تحاليل مخبرية. Evidence: تحليل الحساسية"
mention::men_llm_0000148,evidence,men_llm_0000148,ent_diseasecondition_2f75d3dabe0b,ahd5k_03068,حساسية,"Evidence: حساسية جلديه
Entity: حساسية
Surface form: حساسية جلديه
Field: question
Relation context: حساسية DIAGNOSED_BY تحاليل مخبرية. Evidence: تحليل الحساسية"
mention::men_llm_0000149,evidence,men_llm_0000149,ent_test_dd68aa784555,ahd5k_03068,تحاليل مخبرية,"Evidence: تحليل الحساسية
Entity: تحاليل مخبرية
Surface form: تحليل الحساسية
Field: answer
Relation context: حساسية DIAGNOSED_BY تحاليل مخبرية. Evidence: تحليل الحساسية"
mention::men_llm_0000150,evidence,men_llm_0000150,ent_diseasecondition_380db6d92562,ahd5k_03068,مرض السكري,"Evidence: مرض السكري
Entity: مرض السكري
Surface form: السكري
Field: answer
Relation context: حساسية DIAGNOSED_BY تحاليل مخبرية. Evidence: تحليل الحساسية"
mention::men_llm_0000151,evidence,men_llm_0000151,ent_diseasecondition_380db6d92562,ahd5k_03284,مرض السكري,"Evidence: مرض السكري المتظور
Entity: مرض السكري
Surface form: مرض السكري المتظور
Field: answer
Relation context: "
mention::men_llm_0000152,evidence,men_llm_0000152,ent_diseasecondition_7a635a09206f,ahd5k_03284,الورم الدماغي,"Evidence: الورم الدماغي
Entity: الورم الدماغي
Surface form: الورم الدماغي
Field: question
Relation context: "
mention::men_llm_0000153,evidence,men_llm_0000153,ent_diseasecondition_3a46ea69fd7e,ahd5k_03284,التهاب العصي البصري,"Evidence: التهاب العصي البصري
Entity: التهاب العصي البصري
Surface form: التهاب العصي البصري
Field: answer
Relation context: "
mention::men_llm_0000154,evidence,men_llm_0000154,ent_diseasecondition_048de7f33784,ahd5k_02207,سرطان المستقيم,"Evidence: سرطان المستقيم هو سرطان الجزء الاخير من القولون.
Entity: سرطان المستقيم
Surface form: سرطان المستقيم
Field: answer
Relation context: "
mention::men_llm_0000155,evidence,men_llm_0000155,ent_diseasecondition_0643ed72d249,ahd5k_02207,سرطان القولون,"Evidence: سرطان المستقيم هو سرطان الجزء الاخير من القولون.
Entity: سرطان القولون
Surface form: سرطان القولون
Field: answer
Relation context: "
mention::men_llm_0000156,evidence,men_llm_0000156,ent_symptom_018ebc11f6df,ahd5k_00348,حمى,"Evidence: ترتفع درجة حرارة الجسم عندما ترتبط البيروجينات بمنطقة تحت المهاد، أهمها إنترلوكين 1 (IL-1)
Entity: حمى
Surface form: حمى
Field: answer
Relation context: "
mention::men_llm_0000157,evidence,men_llm_0000157,ent_diseasecondition_7f3c581aaa3e,ahd5k_00348,ارتكاريا,"Evidence: ترتفع درجة حرارة الجسم عندما ترتبط البيروجينات بمنطقة تحت المهاد، أهمها إنترلوكين 1 (IL-1)
Entity: ارتكاريا
Surface form: ارتكاريا
Field: answer
Relation context: "
mention::men_llm_0000158,evidence,men_llm_0000158,ent_test_c4cfd2d6468c,ahd5k_04934,أشعة,"Evidence: صورة أمامية خلفية وصورة أخرى جانبية
Entity: أشعة
Surface form: أشعة
Field: answer
Relation context: "
mention::men_llm_0000159,evidence,men_llm_0000159,ent_diseasecondition_94a9a87f1248,ahd5k_00088,انفراص,"Evidence: انقراص غير مسبب لضغط على الجذور العصبية
Entity: انفراص
Surface form: انفراص بالفاصل العجزي القطني
Field: answer
Relation context: "
mention::men_llm_0000160,evidence,men_llm_0000160,ent_diseasecondition_bcda4485dd1d,ahd5k_00088,انقراص,"Evidence: انقراص غير مسبب لضغط على الجذور العصبية
Entity: انقراص
Surface form: انقراص
Field: answer
Relation context: "
mention::men_llm_0000161,evidence,men_llm_0000161,ent_treatment_25ad5edaca54,ahd5k_01924,حبوب مغنيسيوم,"Evidence: استعمال حبوب مغنيسيوم او كي حبة يوميا
Entity: حبوب مغنيسيوم
Surface form: حبوب مغنيسيوم
Field: answer
Relation context: "
mention::men_llm_0000162,evidence,men_llm_0000162,ent_treatment_06c0f51bf3d5,ahd5k_01924,كي حبة,"Evidence: استعمال حبوب مغنيسيوم او كي حبة يوميا
Entity: كي حبة
Surface form: كي حبة
Field: answer
Relation context: "
mention::men_llm_0000163,evidence,men_llm_0000163,ent_treatment_f11b22153e4b,ahd5k_01924,نصف حبة,"Evidence: اضافة نصف حبة لازكس يوميا قبل موعد الدورة باسبوع
Entity: نصف حبة
Surface form: نصف حبة
Field: answer
Relation context: "
mention::men_llm_0000164,evidence,men_llm_0000164,ent_treatment_1ea61807a7b3,ahd5k_03085,لوسنتيس,"Evidence: استعمال ادويه من اجل تخفيف مشاكل الاوعيه الدمويه في الشبكيه مثل ادويه بيفاسيزوماب(افاستين) ورانيبيزوماب (لوسنتيس)
Entity: لوسنتيس
Surface form: لوسنتيس
Field: answer
Relation context: "
mention::men_llm_0000165,evidence,men_llm_0000165,ent_treatment_cfd58ff106a6,ahd5k_03085,افاستين,"Evidence: استعمال ادويه من اجل تخفيف مشاكل الاوعيه الدمويه في الشبكيه مثل ادويه بيفاسيزوماب(افاستين) ورانيبيزوماب (لوسنتيس)
Entity: افاستين
Surface form: افاستين
Field: answer
Relation context: "
mention::men_llm_0000166,evidence,men_llm_0000166,ent_treatment_5ea001fbe018,ahd5k_03085,بيفاسيزوماب,"Evidence: استعمال ادويه من اجل تخفيف مشاكل الاوعيه الدمويه في الشبكيه مثل ادويه بيفاسيزوماب(افاستين) ورانيبيزوماب (لوسنتيس)
Entity: بيفاسيزوماب
Surface form: بيفاسيزوماب
Field: answer
Relation context: "
mention::men_llm_0000167,evidence,men_llm_0000167,ent_treatment_b333a867faf6,ahd5k_03085,الأسبرين,"Evidence: استعمال بعض الادويه اللاستيروييديه المضاده للالتهاب مثل الاسبرين والبروفين
Entity: الأسبرين
Surface form: اسبرين
Field: answer
Relation context: "
mention::men_llm_0000168,evidence,men_llm_0000168,ent_treatment_8b9727a6ed45,ahd5k_03085,بروفين,"Evidence: استعمال بعض الادويه اللاستيروييديه المضاده للالتهاب مثل الاسبرين والبروفين
Entity: بروفين
Surface form: بروفين
Field: answer
Relation context: "
mention::men_llm_0000169,evidence,men_llm_0000169,ent_diseasecondition_c7baf8534e07,ahd5k_00261,دوالي الخصية,"Evidence: دوالي الخصية
Entity: دوالي الخصية
Surface form: دوالي الخصية
Field: answer
Relation context: دوالي الخصية TREATED_BY العلاج بالجراحة. Evidence: العلاج بالجراحة"
mention::men_llm_0000170,evidence,men_llm_0000170,ent_diseasecondition_bd502372680c,ahd5k_01221,شلل العصب السابع,"Evidence: شلل العصب السابع
Entity: شلل العصب السابع
Surface form: شلل العصب السابع
Field: answer
Relation context: شلل العصب السابع TREATED_BY مضادات الالتهاب. Evidence: مضادات الالتهاب | شلل العصب السابع TREATED_BY العلاج الطبيعي. Evidence: العلاج الطبيعي | شلل العصب السابع TREATED_BY العلاج بالإبر الصينية. Evidence: العلاج بالإبر الصينية | شلل العصب السابع TREATED_BY مضادات الفيروسات. Evidence: مضادات الفيروسات | شلل العصب السابع TREATED_BY الكورتيزونات. Evidence: الكورتيزونات"
mention::men_llm_0000171,evidence,men_llm_0000171,ent_treatment_93132ac17089,ahd5k_01221,مضادات الالتهاب,"Evidence: مضادات الالتهاب
Entity: مضادات الالتهاب
Surface form: مضادات الالتهاب
Field: answer
Relation context: شلل العصب السابع TREATED_BY مضادات الالتهاب. Evidence: مضادات الالتهاب | شلل العصب السابع TREATED_BY العلاج الطبيعي. Evidence: العلاج الطبيعي | شلل العصب السابع TREATED_BY العلاج بالإبر الصينية. Evidence: العلاج بالإبر الصينية | شلل العصب السابع TREATED_BY مضادات الفيروسات. Evidence: مضادات الفيروسات | شلل العصب السابع TREATED_BY الكورتيزونات. Evidence: الكورتيزونات"
mention::men_llm_0000172,evidence,men_llm_0000172,ent_treatment_afbe4f3ae93f,ahd5k_01221,العلاج الطبيعي,"Evidence: العلاج الطبيعي
Entity: العلاج الطبيعي
Surface form: العلاج الطبيعي
Field: answer
Relation context: شلل العصب السابع TREATED_BY مضادات الالتهاب. Evidence: مضادات الالتهاب | شلل العصب السابع TREATED_BY العلاج الطبيعي. Evidence: العلاج الطبيعي | شلل العصب السابع TREATED_BY العلاج بالإبر الصينية. Evidence: العلاج بالإبر الصينية | شلل العصب السابع TREATED_BY مضادات الفيروسات. Evidence: مضادات الفيروسات | شلل العصب السابع TREATED_BY الكورتيزونات. Evidence: الكورتيزونات"
mention::men_llm_0000173,evidence,men_llm_0000173,ent_treatment_e7f992c031a2,ahd5k_01221,العلاج بالإبر الصينية,"Evidence: العلاج بالإبر الصينية
Entity: العلاج بالإبر الصينية
Surface form: العلاج بالإبر الصينية
Field: answer
Relation context: شلل العصب السابع TREATED_BY مضادات الالتهاب. Evidence: مضادات الالتهاب | شلل العصب السابع TREATED_BY العلاج الطبيعي. Evidence: العلاج الطبيعي | شلل العصب السابع TREATED_BY العلاج بالإبر الصينية. Evidence: العلاج بالإبر الصينية | شلل العصب السابع TREATED_BY مضادات الفيروسات. Evidence: مضادات الفيروسات | شلل العصب السابع TREATED_BY الكورتيزونات. Evidence: الكورتيزونات"
mention::men_llm_0000174,evidence,men_llm_0000174,ent_treatment_65d67800955e,ahd5k_01221,مضادات الفيروسات,"Evidence: مضادات الفيروسات
Entity: مضادات الفيروسات
Surface form: مضادات الفيروسات
Field: answer
Relation context: شلل العصب السابع TREATED_BY مضادات الالتهاب. Evidence: مضادات الالتهاب | شلل العصب السابع TREATED_BY العلاج الطبيعي. Evidence: العلاج الطبيعي | شلل العصب السابع TREATED_BY العلاج بالإبر الصينية. Evidence: العلاج بالإبر الصينية | شلل العصب السابع TREATED_BY مضادات الفيروسات. Evidence: مضادات الفيروسات | شلل العصب السابع TREATED_BY الكورتيزونات. Evidence: الكورتيزونات"
mention::men_llm_0000175,evidence,men_llm_0000175,ent_treatment_acb8b834aff2,ahd5k_01221,الكورتيزونات,"Evidence: الكورتيزونات
Entity: الكورتيزونات
Surface form: الكورتيزونات
Field: answer
Relation context: شلل العصب السابع TREATED_BY مضادات الالتهاب. Evidence: مضادات الالتهاب | شلل العصب السابع TREATED_BY العلاج الطبيعي. Evidence: العلاج الطبيعي | شلل العصب السابع TREATED_BY العلاج بالإبر الصينية. Evidence: العلاج بالإبر الصينية | شلل العصب السابع TREATED_BY مضادات الفيروسات. Evidence: مضادات الفيروسات | شلل العصب السابع TREATED_BY الكورتيزونات. Evidence: الكورتيزونات"
mention::men_llm_0000176,evidence,men_llm_0000176,ent_treatment_2622a2a540cb,ahd5k_02313,الاستئصال الجراحي,"Evidence: الاستئصال الجراحي
Entity: الاستئصال الجراحي
Surface form: الاستئصال الجراحي
Field: answer
Relation context: "
mention::men_llm_0000177,evidence,men_llm_0000177,ent_treatment_f4382c9333bb,ahd5k_00261,العلاج بالجراحة,"Evidence: العلاج بالجراحة
Entity: العلاج بالجراحة
Surface form: العلاج بالجراحة
Field: answer
Relation context: دوالي الخصية TREATED_BY العلاج بالجراحة. Evidence: العلاج بالجراحة"
mention::men_llm_0000178,evidence,men_llm_0000178,ent_diseasecondition_16cf4e77b755,ahd5k_02587,التهاب,"Evidence: يحصل الاختناق نتيجة عدم وصول الاوكسجين الى الرئتين وتكاثرغاز ثاني اكسيد الكربون او غيره من الغازات غير الصالحة للتنفس فيتخدر الجهاز العصبي ويفسد الدم ويتعرض المصاب الى الارتخاء ثم الى الغيبوبة ثم الموت.ويحدث ذلك في حالات الصعقة الكهربائية والغرق وغيرهما من الحالات التي تسبب قلة استنشاق الأكسجين وتراكم الغازات غير الصالحة . للتنفس ويعم ذلك الدم في جميع اجزاء الجسم فيظهر إزرقاق الشفاه والانف والاذن والاصابع.،وعند الموت يتجمع الدم في الأجزاء السفلية من الجسم القريبة من الأرض، وبعد ساعتين تظهر البقع الزرقاء على الظهرفعل تجمع الدم --الذي يكون فقيرا بالكسجين وغنيا بثاني أكسيد الكربون--وإذا كانت الأصابع في وضعية أخفض من الجسم فيتراكم فيها هذا الدم فتبدو زرقاء اللون
Entity: التهاب
Surface form: التهاب
Field: answer
Relation context: "
mention::men_llm_0000179,evidence,men_llm_0000179,ent_diseasecondition_e33658f424f6,ahd5k_04031,ملازمة داون,"Evidence: دراسات أخيرة وجد أن متوسط أعمار مرضى ملازمة داون قد ارتفع إلى حوالي ٤٨ سنة
Entity: ملازمة داون
Surface form: ملازمة داون
Field: answer
Relation context: "
mention::men_llm_0000180,evidence,men_llm_0000180,ent_diseasecondition_16cf4e77b755,ahd5k_04190,التهاب,"Evidence: هذه الطبقة هي نوع من التسوس
Entity: التهاب
Surface form: التهاب
Field: answer
Relation context: "
mention::men_llm_0000181,evidence,men_llm_0000181,ent_diseasecondition_30c063bfe92d,ahd5k_04190,التسوس,"Evidence: هذه الطبقة هي نوع من التسوس
Entity: التسوس
Surface form: التسوس
Field: answer
Relation context: "
mention::men_llm_0000182,evidence,men_llm_0000182,ent_treatment_3142ddcc1955,ahd5k_04451,الفياغرا,"Evidence: يمكنك استشارة الطبيب لتناول الفياغرا
Entity: الفياغرا
Surface form: الفياغرا
Field: answer
Relation context: "
mention::men_llm_0000183,evidence,men_llm_0000183,ent_test_5b6be44fb944,ahd5k_04576,بزل الصدر,"Evidence: بزل الصدر (المعروف أيضا باسم تفجير الصدر) هو إجراء لإزالة سائل أو هواء من غشاء الجنب لأغراض تشخيصية أو علاجية
Entity: بزل الصدر
Surface form: بزل الصدر
Field: answer
Relation context: "
mention::men_llm_0000184,evidence,men_llm_0000184,ent_diseasecondition_987cc3cc606f,ahd5k_04679,علم التشريح,"Evidence: لقد حظي التشريح في عمل القاموس بنصيب الأسد
Entity: علم التشريح
Surface form: علم التشريح
Field: answer
Relation context: "
mention::men_llm_0000185,evidence,men_llm_0000185,ent_test_d990d9189fc6,ahd5k_01578,الجلوكوز,"Evidence: الجلوكوز هو نوع من انواع السكر يدخل في تركيب الكثير من البروتينات والدهون في الخلايا
Entity: الجلوكوز
Surface form: الجلوكوز
Field: answer
Relation context: التهاب HAS_SYMPTOM اختلال وظائف الكبد. Evidence: التهاب في العين وفقدان حاسة الشم واختلال وظائف الكبد والكلى"
mention::men_llm_0000186,evidence,men_llm_0000186,ent_test_d990d9189fc6,ahd5k_01578,الجلوكوز,"Evidence: الجلوكوز ويسمى ايضا سكر العنب اوسكر الذرة
Entity: الجلوكوز
Surface form: سكر العنب
Field: answer
Relation context: التهاب HAS_SYMPTOM اختلال وظائف الكبد. Evidence: التهاب في العين وفقدان حاسة الشم واختلال وظائف الكبد والكلى"
mention::men_llm_0000187,evidence,men_llm_0000187,ent_diseasecondition_46faf93722a3,ahd5k_01578,الفركتوز,"Evidence: الفركتوز هو نوع اخر من السكر يكون مكونا لجدار الخلايا
Entity: الفركتوز
Surface form: الفركتوز
Field: answer
Relation context: التهاب HAS_SYMPTOM اختلال وظائف الكبد. Evidence: التهاب في العين وفقدان حاسة الشم واختلال وظائف الكبد والكلى"
mention::men_llm_0000188,evidence,men_llm_0000188,ent_diseasecondition_46faf93722a3,ahd5k_01578,الفركتوز,"Evidence: الجلوكوز ويسمى ايضا سكر العنب اوسكر الذرة
Entity: الفركتوز
Surface form: سكر الذرة
Field: answer
Relation context: التهاب HAS_SYMPTOM اختلال وظائف الكبد. Evidence: التهاب في العين وفقدان حاسة الشم واختلال وظائف الكبد والكلى"
mention::men_llm_0000189,evidence,men_llm_0000189,ent_diseasecondition_8e104f8ce212,ahd5k_01578,الجالكتوز,"Evidence: الجلاكتوز هو نوع من انواع السكر يدخل في تركيب الكثير من البروتينات والدهون في الخلايا
Entity: الجالكتوز
Surface form: الجالكتوز
Field: answer
Relation context: التهاب HAS_SYMPTOM اختلال وظائف الكبد. Evidence: التهاب في العين وفقدان حاسة الشم واختلال وظائف الكبد والكلى"
mention::men_llm_0000190,evidence,men_llm_0000190,ent_diseasecondition_16cf4e77b755,ahd5k_01578,التهاب,"Evidence: التهاب في العين وفقدان حاسة الشم واختلال وظائف الكبد والكلى
Entity: التهاب
Surface form: التهاب
Field: answer
Relation context: التهاب HAS_SYMPTOM اختلال وظائف الكبد. Evidence: التهاب في العين وفقدان حاسة الشم واختلال وظائف الكبد والكلى"
mention::men_llm_0000191,evidence,men_llm_0000191,ent_symptom_5a4646c01c0e,ahd5k_01578,اختلال وظائف الكبد,"Evidence: التهاب في العين وفقدان حاسة الشم واختلال وظائف الكبد والكلى
Entity: اختلال وظائف الكبد
Surface form: اختلال وظائف الكبد
Field: answer
Relation context: التهاب HAS_SYMPTOM اختلال وظائف الكبد. Evidence: التهاب في العين وفقدان حاسة الشم واختلال وظائف الكبد والكلى"
mention::men_llm_0000192,evidence,men_llm_0000192,ent_test_d990d9189fc6,ahd5k_01578,الجلوكوز,"Evidence: اذا تم اضافه الجلوكوز له برابطه ثناييه ينج عندنا سكر اللاكتوز
Entity: الجلوكوز
Surface form: الجلوكوز
Field: answer
Relation context: التهاب HAS_SYMPTOM اختلال وظائف الكبد. Evidence: التهاب في العين وفقدان حاسة الشم واختلال وظائف الكبد والكلى"
mention::men_llm_0000193,evidence,men_llm_0000193,ent_diseasecondition_28abf8165f28,ahd5k_03468,بيلة الميوغلوبين,"Evidence: مرض بيلة الميوغلوبين ارجو ايفادي به
Entity: بيلة الميوغلوبين
Surface form: مرض بيلة الميوغلوبين
Field: question
Relation context: بيلة الميوغلوبين TREATED_BY السوائل. Evidence: العلاج الاهم هو السوائل للمحافظة على الكلى"
mention::men_llm_0000194,evidence,men_llm_0000194,ent_diseasecondition_28abf8165f28,ahd5k_03468,بيلة الميوغلوبين,"Evidence: العلاج الاهم هو السوائل للمحافظة على الكلى
Entity: بيلة الميوغلوبين
Surface form: بيلة الميوغلوبين
Field: answer
Relation context: بيلة الميوغلوبين TREATED_BY السوائل. Evidence: العلاج الاهم هو السوائل للمحافظة على الكلى"
mention::men_llm_0000195,evidence,men_llm_0000195,ent_treatment_b7e7fb09dd09,ahd5k_03468,السوائل,"Evidence: العلاج الاهم هو السوائل للمحافظة على الكلى
Entity: السوائل
Surface form: السوائل
Field: answer
Relation context: بيلة الميوغلوبين TREATED_BY السوائل. Evidence: العلاج الاهم هو السوائل للمحافظة على الكلى"
mention::men_llm_0000196,evidence,men_llm_0000196,ent_diseasecondition_6fc3f18427fb,ahd5k_04866,الصدمة الكهربائية,"Evidence: الصدمه الكهرباييه وتتجلي بالضرر الذى يصيب انسجة الجسم نتيجة تأثير التيار او القوس الكهربائى
Entity: الصدمة الكهربائية
Surface form: الصدمه الكهرباييه
Field: answer
Relation context: الصدمة الكهربائية TREATED_BY الطبيب. Evidence: يستدعي الطبيب او المسعف للتعامل مع المصاب | الحروق TREATED_BY الطبيب. Evidence: يستدعي الطبيب او المسعف للتعامل مع المصاب"
mention::men_llm_0000197,evidence,men_llm_0000197,ent_diseasecondition_5dcc30c3edc8,ahd5k_04866,الحروق,"Evidence: الحروق الكهربائية وهى اكثر انواع الصدمات الكهربائية انتشارا
Entity: الحروق
Surface form: الحروق
Field: answer
Relation context: الصدمة الكهربائية TREATED_BY الطبيب. Evidence: يستدعي الطبيب او المسعف للتعامل مع المصاب | الحروق TREATED_BY الطبيب. Evidence: يستدعي الطبيب او المسعف للتعامل مع المصاب"
mention::men_llm_0000198,evidence,men_llm_0000198,ent_diseasecondition_16cf4e77b755,ahd5k_04866,التهاب,"Evidence: احتراق الجلد من قبل ذرات المعدن المنصهر والمتطاير عند القوس الكهربائى
Entity: التهاب
Surface form: التهاب
Field: answer
Relation context: الصدمة الكهربائية TREATED_BY الطبيب. Evidence: يستدعي الطبيب او المسعف للتعامل مع المصاب | الحروق TREATED_BY الطبيب. Evidence: يستدعي الطبيب او المسعف للتعامل مع المصاب"
mention::men_llm_0000199,evidence,men_llm_0000199,ent_treatment_328642ab84d2,ahd5k_04866,النواقل,"Evidence: توضع النواقل فى داره قصر للحصول علي نفس النتيجه
Entity: النواقل
Surface form: النواقل
Field: answer
Relation context: الصدمة الكهربائية TREATED_BY الطبيب. Evidence: يستدعي الطبيب او المسعف للتعامل مع المصاب | الحروق TREATED_BY الطبيب. Evidence: يستدعي الطبيب او المسعف للتعامل مع المصاب"
mention::men_llm_0000200,evidence,men_llm_0000200,ent_treatment_3c3b0b18ce4a,ahd5k_04866,الادوات,"Evidence: يستعمل الادوات التي لها مقابض عازلة
Entity: الادوات
Surface form: الادوات
Field: answer
Relation context: الصدمة الكهربائية TREATED_BY الطبيب. Evidence: يستدعي الطبيب او المسعف للتعامل مع المصاب | الحروق TREATED_BY الطبيب. Evidence: يستدعي الطبيب او المسعف للتعامل مع المصاب"
mention::men_llm_0000201,evidence,men_llm_0000201,ent_treatment_450cbdcb87da,ahd5k_04866,الطبيب,"Evidence: يستدعي الطبيب او المسعف للتعامل مع المصاب
Entity: الطبيب
Surface form: الطبيب
Field: answer
Relation context: الصدمة الكهربائية TREATED_BY الطبيب. Evidence: يستدعي الطبيب او المسعف للتعامل مع المصاب | الحروق TREATED_BY الطبيب. Evidence: يستدعي الطبيب او المسعف للتعامل مع المصاب"
mention::men_llm_0000202,evidence,men_llm_0000202,ent_diseasecondition_884ee2807f70,ahd5k_00679,بروثرومبين,"Evidence: بروثرومبين في الدم
Entity: بروثرومبين
Surface form: بروثرومبين
Field: answer
Relation context: "
mention::men_llm_0000203,evidence,men_llm_0000203,ent_test_dd68aa784555,ahd5k_00679,تحاليل مخبرية,"Evidence: تحليل مخبري
Entity: تحاليل مخبرية
Surface form: تحليل مخبري
Field: answer
Relation context: "
mention::men_llm_0000204,evidence,men_llm_0000204,ent_symptom_018ebc11f6df,ahd5k_00679,حمى,"Evidence: بمعلوية زمن البروثرومبين كيف يمكن حساب تركيز البروثرومبين؟
Entity: حمى
Surface form: حمى
Field: question
Relation context: "
mention::men_llm_0000205,evidence,men_llm_0000205,ent_diseasecondition_0c001085703e,ahd5k_01930,الورم النقوي المتعدد,"Evidence: ورم نقوي متعدد multiple myeloma
Entity: الورم النقوي المتعدد
Surface form: الورم النقوي المتعدد
Field: answer
Relation context: الورم النقوي المتعدد DIAGNOSED_BY تحليل. Evidence: تحليل لبروتينات الدم | متلازمة فالدنستروم DIAGNOSED_BY تحليل. Evidence: تحليل لبروتينات الدم"
mention::men_llm_0000206,evidence,men_llm_0000206,ent_diseasecondition_4b1ef800ffb3,ahd5k_01930,متلازمة فالدنستروم,"Evidence: متلازمة فالدنستروم
Entity: متلازمة فالدنستروم
Surface form: متلازمة فالدنستروم
Field: answer
Relation context: الورم النقوي المتعدد DIAGNOSED_BY تحليل. Evidence: تحليل لبروتينات الدم | متلازمة فالدنستروم DIAGNOSED_BY تحليل. Evidence: تحليل لبروتينات الدم"
mention::men_llm_0000207,evidence,men_llm_0000207,ent_test_645255369776,ahd5k_01930,تحليل,"Evidence: تحليل لبروتينات الدم
Entity: تحليل
Surface form: تحليل
Field: answer
Relation context: الورم النقوي المتعدد DIAGNOSED_BY تحليل. Evidence: تحليل لبروتينات الدم | متلازمة فالدنستروم DIAGNOSED_BY تحليل. Evidence: تحليل لبروتينات الدم"
mention::men_llm_0000208,evidence,men_llm_0000208,ent_diseasecondition_16cf4e77b755,ahd5k_00639,التهاب,"Evidence: التهاب
Entity: التهاب
Surface form: التهاب
Field: answer
Relation context: "
mention::men_llm_0000209,evidence,men_llm_0000209,ent_diseasecondition_aaf0d0958a26,ahd5k_04985,السرطان,"Evidence: السرطان
Entity: السرطان
Surface form: السرطان
Field: answer
Relation context: "
mention::men_llm_0000210,evidence,men_llm_0000210,ent_diseasecondition_2cbe61e08310,ahd5k_00643,سمنة الأرداف,"Evidence: سمنة الأرداف والسيقان من المشاكل الرئيسية التي تؤرق النساء الشرقيات.
Entity: سمنة الأرداف
Surface form: سمنة الأرداف
Field: answer
Relation context: سمنة الأرداف TREATED_BY فجل أبيض. Evidence: تناول الفجل الأبيض الذي أثبتت الدراسات أنه يذيب الدهون عامة وفي منطقة الأرداف والفخذين"
mention::men_llm_0000211,evidence,men_llm_0000211,ent_treatment_77e8744fec6a,ahd5k_00643,فجل أبيض,"Evidence: تناول الفجل الأبيض الذي أثبتت الدراسات أنه يذيب الدهون عامة وفي منطقة الأرداف والفخذين
Entity: فجل أبيض
Surface form: فجل أبيض
Field: answer
Relation context: سمنة الأرداف TREATED_BY فجل أبيض. Evidence: تناول الفجل الأبيض الذي أثبتت الدراسات أنه يذيب الدهون عامة وفي منطقة الأرداف والفخذين"
mention::men_llm_0000212,evidence,men_llm_0000212,ent_treatment_77e8744fec6a,ahd5k_00643,فجل أبيض,"Evidence: تناول الفجل الأبيض الذي أثبتت الدراسات أنه يذيب الدهون عامة وفي منطقة الأرداف والفخذين
Entity: فجل أبيض
Surface form: الجمل الأبيض
Field: answer
Relation context: سمنة الأرداف TREATED_BY فجل أبيض. Evidence: تناول الفجل الأبيض الذي أثبتت الدراسات أنه يذيب الدهون عامة وفي منطقة الأرداف والفخذين"
mention::men_llm_0000213,evidence,men_llm_0000213,ent_diseasecondition_2cbe61e08310,ahd5k_03893,سمنة الأرداف,"Evidence: هذه السمنة في الأرداف تحمي المرأة من هشاشة العظام
Entity: سمنة الأرداف
Surface form: سمنة الأرداف
Field: answer
Relation context: "
mention::men_llm_0000214,evidence,men_llm_0000214,ent_diseasecondition_7f8719b1c99d,ahd5k_03893,سيستي هيدروما,"Evidence: هذه الكيس يطلق عليه اسم Systic Hygroma وهو نوع من انواع التشوهات التي قد تصيب الجنين
Entity: سيستي هيدروما
Surface form: سيستي هيدروما
Field: answer
Relation context: "
mention::men_llm_0000215,evidence,men_llm_0000215,ent_diseasecondition_7f8719b1c99d,ahd5k_03893,سيستي هيدروما,"Evidence: هذه الكيس يطلق عليه اسم Systic Hygroma وهو نوع من انواع التشوهات التي قد تصيب الجنين
Entity: سيستي هيدروما
Surface form: Systic Hygroma
Field: answer
Relation context: "
mention::men_llm_0000216,evidence,men_llm_0000216,ent_diseasecondition_7f2969b272b5,ahd5k_03238,تشوهات خلقية,"Evidence: تشوهات كثيرة على مستوى الرأس والشفة
Entity: تشوهات خلقية
Surface form: تشوهات خلقية
Field: question
Relation context: "
mention::men_llm_0000217,evidence,men_llm_0000217,ent_test_dd68aa784555,ahd5k_03238,تحاليل مخبرية,"Evidence: عملت الزوجة فحوصات وتحاليل لدى طبيب مختص
Entity: تحاليل مخبرية
Surface form: تحاليل مخبرية
Field: answer
Relation context: "
mention::men_llm_0000218,evidence,men_llm_0000218,ent_diseasecondition_7abdd04c7114,ahd5k_04509,الحمل,"Evidence: الحمل
Entity: الحمل
Surface form: الحمل
Field: question
Relation context: "
mention::men_llm_0000219,evidence,men_llm_0000219,ent_diseasecondition_7abdd04c7114,ahd5k_04509,الحمل,"Evidence: الحمل
Entity: الحمل
Surface form: الحمل
Field: answer
Relation context: "
mention::men_llm_0000220,evidence,men_llm_0000220,ent_treatment_9faa6531b364,ahd5k_04509,الكحول,"Evidence: الكحول
Entity: الكحول
Surface form: الكحول
Field: question
Relation context: "
mention::men_llm_0000221,evidence,men_llm_0000221,ent_treatment_9faa6531b364,ahd5k_04509,الكحول,"Evidence: الكحول
Entity: الكحول
Surface form: الكحول
Field: answer
Relation context: "
mention::men_llm_0000222,evidence,men_llm_0000222,ent_treatment_d30b06ad4ba6,ahd5k_04509,مضادات الصرع,"Evidence: مضادات الصرع
Entity: مضادات الصرع
Surface form: مضادات الصرع
Field: answer
Relation context: "
mention::men_llm_0000223,evidence,men_llm_0000223,ent_diseasecondition_7f2969b272b5,ahd5k_04509,تشوهات خلقية,"Evidence: تشوهات خلقية
Entity: تشوهات خلقية
Surface form: تشوهات خلقية
Field: question
Relation context: "
mention::men_llm_0000224,evidence,men_llm_0000224,ent_diseasecondition_7f2969b272b5,ahd5k_04509,تشوهات خلقية,"Evidence: تشوهات خلقية
Entity: تشوهات خلقية
Surface form: تشوهات خلقية
Field: answer
Relation context: "
mention::men_llm_0000225,evidence,men_llm_0000225,ent_diseasecondition_4453ab65a84b,ahd5k_00647,تضخم,"Evidence: تضخم في الارداف
Entity: تضخم
Surface form: تضخم في الارداف
Field: question
Relation context: تضخم HAS_SYMPTOM تضخم في الارداف. Evidence: تضخم في الارداف"
mention::men_llm_0000226,evidence,men_llm_0000226,ent_diseasecondition_a7e5e3f0d48d,ahd5k_02667,متلازمة كلاينفلتر,"Evidence: متلازمة كلاينفلتر
Entity: متلازمة كلاينفلتر
Surface form: متلازمة كلاينفلتر
Field: question
Relation context: "
mention::men_llm_0000227,evidence,men_llm_0000227,ent_diseasecondition_a7e5e3f0d48d,ahd5k_02667,متلازمة كلاينفلتر,"Evidence: كلاينفلتر
Entity: متلازمة كلاينفلتر
Surface form: كلاينفلتر
Field: answer
Relation context: "
mention::men_llm_0000228,evidence,men_llm_0000228,ent_symptom_8d2e4253732b,ahd5k_00647,تضخم في الارداف,"Evidence: تضخم في الارداف
Entity: تضخم في الارداف
Surface form: تضخم في الارداف
Field: question
Relation context: تضخم HAS_SYMPTOM تضخم في الارداف. Evidence: تضخم في الارداف"
mention::men_llm_0000229,evidence,men_llm_0000229,ent_treatment_469e39fc5835,ahd5k_02907,جراح عظام,"Evidence: جراح عظام
Entity: جراح عظام
Surface form: جراح عظام
Field: answer
Relation context: "
mention::men_llm_0000230,evidence,men_llm_0000230,ent_treatment_d7c4801b256d,ahd5k_02907,استئصال الإصبع السادسة,"Evidence: استئصال الإصبع السادسة
Entity: استئصال الإصبع السادسة
Surface form: استئصال الإصبع السادسة
Field: answer
Relation context: "
mention::men_llm_0000231,evidence,men_llm_0000231,ent_treatment_b8cee9c1b337,ahd5k_03031,جراح التجميل,"Evidence: جراح التجميل
Entity: جراح التجميل
Surface form: جراح التجميل
Field: answer
Relation context: "
mention::men_llm_0000232,evidence,men_llm_0000232,ent_diseasecondition_a7e5e3f0d48d,ahd5k_03496,متلازمة كلاينفلتر,"Evidence: ذراعان طويلان و أصابع اليدين طويلان و لدي تضخم في الثديين
Entity: متلازمة كلاينفلتر
Surface form: متلازمة كلاينفلتر
Field: question
Relation context: "
mention::men_llm_0000233,evidence,men_llm_0000233,ent_symptom_e2d3b3389af6,ahd5k_04492,التصاق,"Evidence: تصاق في الاصابع القدم الصبع الثاني و الثالث
Entity: التصاق
Surface form: التصاق
Field: question
Relation context: "
mention::men_llm_0000234,evidence,men_llm_0000234,ent_treatment_e8807cc4d324,ahd5k_04047,الجراحة,"Evidence: علاج بالجراحة
Entity: الجراحة
Surface form: الجراحة
Field: question
Relation context: "
mention::men_llm_0000235,evidence,men_llm_0000235,ent_treatment_b333a867faf6,ahd5k_02507,الأسبرين,"Evidence: بلع في الغلط 20 حبة بيبي اسبرين منذ سنة
Entity: الأسبرين
Surface form: 20 حبة بيبي اسبرين
Field: question
Relation context: "
mention::men_llm_0000236,evidence,men_llm_0000236,ent_diseasecondition_16cf4e77b755,ahd5k_01104,التهاب,"Evidence: يجب النظر في اسباب التعاب الدم وذلك عن طريق مراجعة اختصاص الباطني او اخصائي الدم لعمل اللازم واعطاء العلاج
Entity: التهاب
Surface form: التهاب الدم
Field: answer
Relation context: "
mention::men_llm_0000237,evidence,men_llm_0000237,ent_diseasecondition_16cf4e77b755,ahd5k_01422,التهاب,"Evidence: يجب اجراء فحص نسبة الحديد اولاونسبة معدل الالتهابات في الدم واذا كانت هذه طبيعية ومرت على الحالة 3 شهور يجب اجراء فحص نخاع العظم
Entity: التهاب
Surface form: التهاب
Field: answer
Relation context: "
mention::men_llm_0000238,evidence,men_llm_0000238,ent_diseasecondition_16cf4e77b755,ahd5k_02627,التهاب,"Evidence: ان ارتفاع ال CRP وكذلك ارتفاع كريات الدم البيضاء يدل على وجود التهاب( انفلونزا, التهاب باللثه ,وغيرها....)
Entity: التهاب
Surface form: التهاب
Field: answer
Relation context: "
mention::men_llm_0000239,evidence,men_llm_0000239,ent_diseasecondition_16cf4e77b755,ahd5k_03400,التهاب,"Evidence: الأعراض والعلامات يتضح التحول المصلي أحياناً بعلة محمومة حادة يمكن بسهولة أن تعتبر بصورة خاطئة ككثرة الوحيدات الفيروسية الحادة. الأعراض مثل الوعكة، الصداع، رهاب الضوء، ألم الحنجرة، بزغات جلدية، ألم مفصلي، ألم عضلي هي تشكيات خصائصية مترافقة في بعض الحالات بعلامات عابرة بالتهاب السحايا أو التهاب الدماغ أو التهاب عصبي محيطي.
Entity: التهاب
Surface form: التهاب
Field: answer
Relation context: "
mention::men_llm_0000240,evidence,men_llm_0000240,ent_diseasecondition_16cf4e77b755,ahd5k_03553,التهاب,"Evidence: من الأسباب الشائعة لارتفاع الصفائح الدموية استئصال الطحال، وفقر الدم عن نقص الحديد، والسرطان وفقر الدم الانحلالي، والاضطرابات المعدية أو التهابات، بما في ذلك مرض التهاب الامعاء، والسل.
Entity: التهاب
Surface form: التهاب
Field: answer
Relation context: "
mention::men_llm_0000241,evidence,men_llm_0000241,ent_diseasecondition_9719230327a2,ahd5k_01903,فقر الدم,"Evidence: الاسباب 1- تناول بعض انواع الاطعمة وعلى رأسها البقوليات بأنواعها خاصة الفول الاخضر والعدس والفاصوليا والبازلاء، ويمكن ايضاً لغبار طلع الفول ان يؤدي إلى نفس النتيجة. 2- بعض أنواع الادوية (انظر الجدول التالي). 3- التعرض للالتهابات الفيروسية والجرثومية (مثل التهاب الكبد). 4- قد يحدث تكسر الكريات تلقائياً دون سبب واضح في بعض الحالات.
Entity: فقر الدم
Surface form: فقر الدم
Field: answer
Relation context: "
mention::men_llm_0000242,evidence,men_llm_0000242,ent_diseasecondition_9719230327a2,ahd5k_03400,فقر الدم,"Evidence: من الأسباب الشائعة لارتفاع الصفائح الدموية استئصال الطحال، وفقر الدم عن نقص الحديد، والسرطان وفقر الدم الانحلالي، والاضطرابات المعدية أو التهابات، بما في ذلك مرض التهاب الامعاء، والسل.
Entity: فقر الدم
Surface form: فقر الدم
Field: answer
Relation context: "
mention::men_llm_0000243,evidence,men_llm_0000243,ent_diseasecondition_93d8578caf27,ahd5k_01903,التهاب الكبد,"Evidence: الاسباب 1- تناول بعض انواع الاطعمة وعلى رأسها البقوليات بأنواعها خاصة الفول الاخضر والعدس والفاصوليا والبازلاء، ويمكن ايضاً لغبار طلع الفول ان يؤدي إلى نفس النتيجة. 2- بعض أنواع الادوية (انظر الجدول التالي). 3- التعرض للالتهابات الفيروسية والجرثومية (مثل التهاب الكبد). 4- قد يحدث تكسر الكريات تلقائياً دون سبب واضح في بعض الحالات.
Entity: التهاب الكبد
Surface form: التهاب الكبد
Field: answer
Relation context: "
mention::men_llm_0000244,evidence,men_llm_0000244,ent_diseasecondition_aaf0d0958a26,ahd5k_03400,السرطان,"Evidence: من الأسباب الشائعة لارتفاع الصفائح الدموية استئصال الطحال، وفقر الدم عن نقص الحديد، والسرطان وفقر الدم الانحلالي، والاضطرابات المعدية أو التهابات، بما في ذلك مرض التهاب الامعاء، والسل.
Entity: السرطان
Surface form: السرطان
Field: answer
Relation context: "
mention::men_llm_0000245,evidence,men_llm_0000245,ent_diseasecondition_d1ac437fb721,ahd5k_03400,التهاب الامعاء,"Evidence: من الأسباب الشائعة لارتفاع الصفائح الدموية استئصال الطحال، وفقر الدم عن نقص الحديد، والسرطان وفقر الدم الانحلالي، والاضطرابات المعدية أو التهابات، بما في ذلك مرض التهاب الامعاء، والسل.
Entity: التهاب الامعاء
Surface form: التهاب الامعاء
Field: answer
Relation context: "
mention::men_llm_0000246,evidence,men_llm_0000246,ent_diseasecondition_e315c7d51517,ahd5k_03400,السل,"Evidence: من الأسباب الشائعة لارتفاع الصفائح الدموية استئصال الطحال، وفقر الدم عن نقص الحديد، والسرطان وفقر الدم الانحلالي، والاضطرابات المعدية أو التهابات، بما في ذلك مرض التهاب الامعاء، والسل.
Entity: السل
Surface form: السل
Field: answer
Relation context: "
mention::men_llm_0000247,evidence,men_llm_0000247,ent_diseasecondition_7abdd04c7114,ahd5k_00597,الحمل,"Evidence: السلام عليكم ورحمة الله وبركاته اريد ان اسأل بخصوص الزواج من رجل حامل لفايروس الكبد من النوع بي وانا فتاه سليمه هل هناك ضرر من ذلك هل الجرعات الثلاثه كافيه
Entity: الحمل
Surface form: رجل حامل لفايروس الكبد
Field: question
Relation context: فايروس الكبد TREATED_BY اللقاح. Evidence: اللقاح | فايروس الكبد TREATED_BY الجرعات الثلاثه. Evidence: الجرعات الثلاثه"
mention::men_llm_0000248,evidence,men_llm_0000248,ent_diseasecondition_7abdd04c7114,ahd5k_00597,الحمل,"Evidence: بوجود اللقاح تستطيعين الإطمئنان لن ينتقل اذا اتبعنا التعليمات الصحيحة سيتحجم الفيروس بالعلاج ويفقد نشاطه تابعي مع استشاري كبد
Entity: الحمل
Surface form: حامل لفايروس الكبد
Field: answer
Relation context: فايروس الكبد TREATED_BY اللقاح. Evidence: اللقاح | فايروس الكبد TREATED_BY الجرعات الثلاثه. Evidence: الجرعات الثلاثه"
mention::men_llm_0000249,evidence,men_llm_0000249,ent_diseasecondition_f3a36190d8c6,ahd5k_00597,فايروس الكبد,"Evidence: السلام عليكم ورحمة الله وبركاته اريد ان اسأل بخصوص الزواج من رجل حامل لفايروس الكبد من النوع بي وانا فتاه سليمه هل هناك ضرر من ذلك هل الجرعات الثلاثه كافيه
Entity: فايروس الكبد
Surface form: فايروس الكبد من النوع بي
Field: question
Relation context: فايروس الكبد TREATED_BY اللقاح. Evidence: اللقاح | فايروس الكبد TREATED_BY الجرعات الثلاثه. Evidence: الجرعات الثلاثه"
mention::men_llm_0000250,evidence,men_llm_0000250,ent_diseasecondition_f3a36190d8c6,ahd5k_00597,فايروس الكبد,"Evidence: بوجود اللقاح تستطيعين الإطمئنان لن ينتقل اذا اتبعنا التعليمات الصحيحة سيتحجم الفيروس بالعلاج ويفقد نشاطه تابعي مع استشاري كبد
Entity: فايروس الكبد
Surface form: فايروس الكبد
Field: answer
Relation context: فايروس الكبد TREATED_BY اللقاح. Evidence: اللقاح | فايروس الكبد TREATED_BY الجرعات الثلاثه. Evidence: الجرعات الثلاثه"
mention::men_llm_0000251,evidence,men_llm_0000251,ent_treatment_d5946e76d323,ahd5k_00597,اللقاح,"Evidence: بوجود اللقاح تستطيعين الإطمئنان لن ينتقل اذا اتبعنا التعليمات الصحيحة سيتحجم الفيروس بالعلاج ويفقد نشاطه تابعي مع استشاري كبد
Entity: اللقاح
Surface form: اللقاح
Field: answer
Relation context: فايروس الكبد TREATED_BY اللقاح. Evidence: اللقاح | فايروس الكبد TREATED_BY الجرعات الثلاثه. Evidence: الجرعات الثلاثه"
mention::men_llm_0000252,evidence,men_llm_0000252,ent_treatment_06f93bf4dc11,ahd5k_00597,الجرعات الثلاثه,"Evidence: السلام عليكم ورحمة الله وبركاته اريد ان اسأل بخصوص الزواج من رجل حامل لفايروس الكبد من النوع بي وانا فتاه سليمه هل هناك ضرر من ذلك هل الجرعات الثلاثه كافيه
Entity: الجرعات الثلاثه
Surface form: الجرعات الثلاثه
Field: question
Relation context: فايروس الكبد TREATED_BY اللقاح. Evidence: اللقاح | فايروس الكبد TREATED_BY الجرعات الثلاثه. Evidence: الجرعات الثلاثه"
mention::men_llm_0000253,evidence,men_llm_0000253,ent_test_eb10148e602f,ahd5k_02605,CBC,"Evidence: عمري ٢٢ غير حامل عملت CBC طلع mcv72 ,22mch ناقص وباقي التحليل كله في الرينج الطبيعي حتى الهيموغلوبين وHCT و RBCطبيعي
Entity: CBC
Surface form: CBC
Field: question
Relation context: "
mention::men_llm_0000254,evidence,men_llm_0000254,ent_test_9b953964df1c,ahd5k_02605,ferritin,"Evidence: عمري ٢٢ غير حامل عملت ferritin ,b12طبيعي معappearance of immature granulocytes بنسبه
Entity: ferritin
Surface form: ferritin
Field: question
Relation context: "
mention::men_llm_0000255,evidence,men_llm_0000255,ent_test_a720c5e59e85,ahd5k_02605,iron,"Evidence: اعملي نسبه الiron وايضا كم نسبه الferitin
Entity: iron
Surface form: iron
Field: answer
Relation context: "
mention::men_llm_0000256,evidence,men_llm_0000256,ent_test_d4c042551289,ahd5k_02605,b12,"Evidence: عمري ٢٢ غير حامل عملت ferritin ,b12طبيعي معappearance of immature granulocytes بنسبه
Entity: b12
Surface form: b12
Field: question
Relation context: "
mention::men_llm_0000257,evidence,men_llm_0000257,ent_diseasecondition_db17a406c72e,ahd5k_01005,ارتفاع ضغط الدم,"Evidence: ارتفاع حمض البول بحد ذاته
Entity: ارتفاع ضغط الدم
Surface form: ارتفاع حمض البول
Field: answer
Relation context: "
mention::men_llm_0000258,evidence,men_llm_0000258,ent_diseasecondition_db17a406c72e,ahd5k_01761,ارتفاع ضغط الدم,"Evidence: ضغط الدم منخفض للغاية
Entity: ارتفاع ضغط الدم
Surface form: ضغط الدم
Field: question
Relation context: "
mention::men_llm_0000259,evidence,men_llm_0000259,ent_treatment_470ecec01368,ahd5k_01005,حبوب الأسبرين,"Evidence: حبوب الأسبرين لحماية القلب
Entity: حبوب الأسبرين
Surface form: حبوب الأسبرين
Field: answer
Relation context: "
mention::men_llm_0000260,evidence,men_llm_0000260,ent_treatment_6066173509fd,ahd5k_01005,اللحوم الحمراء,"Evidence: قلل من اللحوم الحمراء والكلاوي والكبد
Entity: اللحوم الحمراء
Surface form: اللحوم الحمراء
Field: answer
Relation context: "
mention::men_llm_0000261,evidence,men_llm_0000261,ent_treatment_249018a21aa8,ahd5k_01761,القهوة,"Evidence: شرب قهوة مع الاكل
Entity: القهوة
Surface form: قهوة
Field: answer
Relation context: "
mention::men_llm_0000262,evidence,men_llm_0000262,ent_diseasecondition_e04a557cb82b,ahd5k_04944,Acanthosis nigricans,"Evidence: مرض الاديسون هو سبب اخر لتغيير لون الجلد الي اسود
Entity: Acanthosis nigricans
Surface form: acanthosis nigricans
Field: answer
Relation context: "
mention::men_llm_0000263,evidence,men_llm_0000263,ent_diseasecondition_380db6d92562,ahd5k_04944,مرض السكري,"Evidence: هل تعانين من مرض السكري
Entity: مرض السكري
Surface form: مرض السكري
Field: answer
Relation context: "
mention::men_llm_0000264,evidence,men_llm_0000264,ent_diseasecondition_f756960fd62b,ahd5k_04944,السمنة,"Evidence: تعد السمنة احد اهم مسبباته
Entity: السمنة
Surface form: السمنة
Field: answer
Relation context: "
mention::men_llm_0000265,evidence,men_llm_0000265,ent_diseasecondition_db17a406c72e,ahd5k_04944,ارتفاع ضغط الدم,"Evidence: امراض الشرايين وعدم وصول تغذية كافية للجلد ايضاً يتسبب بتغيير اللون الى السواد ايضا
Entity: ارتفاع ضغط الدم
Surface form: ارتفاع ضغط الدم
Field: answer
Relation context: "
mention::men_llm_0000266,evidence,men_llm_0000266,ent_diseasecondition_16cf4e77b755,ahd5k_04944,التهاب,"Evidence: تغير لون الجلد الى اللون الاسود
Entity: التهاب
Surface form: التهاب
Field: answer
Relation context: "
mention::men_llm_0000267,evidence,men_llm_0000267,ent_symptom_a6a5150fee6f,ahd5k_04944,النزلة,"Evidence: تغير لون الجلد الى اللون الاسود
Entity: النزلة
Surface form: النزلة
Field: answer
Relation context: "
mention::men_llm_0000268,evidence,men_llm_0000268,ent_diseasecondition_9719230327a2,ahd5k_00696,فقر الدم,"Evidence: الفوال أو التفول هو الاضطراب الخلقي الجيني الناجم عن نقص الأنزيم المسؤول عن الحفاظ على تركيز ببتيد الغلوتاثيون الذي يحمي خلايا الدم الحمراء من التلف بفعل الأكسدة وبالتالي التسبب في فقر الدم الانحلالي الغير مناعي
Entity: فقر الدم
Surface form: انيميا الفوليه
Field: answer
Relation context: فقر الدم DIAGNOSED_BY تحاليل مخبرية. Evidence: الفوال أو التفول هو الاضطراب الخلقي الجيني الناجم عن نقص الأنزيم المسؤول عن الحفاظ على تركيز ببتيد الغلوتاثيون"
mention::men_llm_0000269,evidence,men_llm_0000269,ent_diseasecondition_9719230327a2,ahd5k_01325,فقر الدم,"Evidence: عندى بقع بنية على جانبى الوجة وانا اعانى من انيميا 10
Entity: فقر الدم
Surface form: انيميا
Field: question
Relation context: "
mention::men_llm_0000270,evidence,men_llm_0000270,ent_diseasecondition_9719230327a2,ahd5k_04046,فقر الدم,"Evidence: تعني غادة فقر الدم ، وتعالج بتحسين التغذية المتوازنة
Entity: فقر الدم
Surface form: فقر الدم
Field: answer
Relation context: "
mention::men_llm_0000271,evidence,men_llm_0000271,ent_treatment_ace11c18f4c4,ahd5k_00696,فول,"Evidence: لا يمكن الوقاية من المرض لانه خلقي جيني
Entity: فول
Surface form: فول
Field: answer
Relation context: فقر الدم DIAGNOSED_BY تحاليل مخبرية. Evidence: الفوال أو التفول هو الاضطراب الخلقي الجيني الناجم عن نقص الأنزيم المسؤول عن الحفاظ على تركيز ببتيد الغلوتاثيون"
mention::men_llm_0000272,evidence,men_llm_0000272,ent_test_dd68aa784555,ahd5k_00696,تحاليل مخبرية,"Evidence: الفوال أو التفول هو الاضطراب الخلقي الجيني الناجم عن نقص الأنزيم المسؤول عن الحفاظ على تركيز ببتيد الغلوتاثيون الذي يحمي خلايا الدم الحمراء من التلف بفعل الأكسدة وبالتالي التسبب في فقر الدم الانحلالي الغير مناعي
Entity: تحاليل مخبرية
Surface form: تحاليل مخبرية
Field: answer
Relation context: فقر الدم DIAGNOSED_BY تحاليل مخبرية. Evidence: الفوال أو التفول هو الاضطراب الخلقي الجيني الناجم عن نقص الأنزيم المسؤول عن الحفاظ على تركيز ببتيد الغلوتاثيون"
mention::men_llm_0000273,evidence,men_llm_0000273,ent_diseasecondition_9719230327a2,ahd5k_02292,فقر الدم,"Evidence: نقص في الدم مع الالم في المعده
Entity: فقر الدم
Surface form: نقص في الدم
Field: question
Relation context: فقر الدم HAS_SYMPTOM الم المعدجة. Evidence: نقص في الدم مع الالم في المعده | الم المعدجة INVESTIGATED_BY فحص الجرثومة الحلزونية. Evidence: فحص الجرثومة الحلزونية"
mention::men_llm_0000274,evidence,men_llm_0000274,ent_diseasecondition_9719230327a2,ahd5k_02292,فقر الدم,"Evidence: فقر الدم فهذ يجب توضيحة بشكل جيد ودراسته لمعرفة السبب وعلاجه
Entity: فقر الدم
Surface form: فقر الدم
Field: answer
Relation context: فقر الدم HAS_SYMPTOM الم المعدجة. Evidence: نقص في الدم مع الالم في المعده | الم المعدجة INVESTIGATED_BY فحص الجرثومة الحلزونية. Evidence: فحص الجرثومة الحلزونية"
mention::men_llm_0000275,evidence,men_llm_0000275,ent_diseasecondition_9719230327a2,ahd5k_02546,فقر الدم,"Evidence: فقر الدم سبب فقدان الشهيه والكسل والخمول والتعب وثقل الوزن وغيره
Entity: فقر الدم
Surface form: فقر الدم
Field: question
Relation context: فقر الدم HAS_SYMPTOM الم المعدجة. Evidence: أحيانا الم في المعدة كسل وخمول اضطرابات في النوم | فقر الدم HAS_SYMPTOM فقدان الشهيه. Evidence: فقر الدم سبب فقدان الشهيه"
mention::men_llm_0000276,evidence,men_llm_0000276,ent_diseasecondition_9719230327a2,ahd5k_02546,فقر الدم,"Evidence: أعراض فقر الدم تؤثر على جميع أعضاء الجسم دوخه وتوتر زيادة ضربات القلب ضيق في التنفس غثيان وتقي وأحيانا الم في المعدة كسل وخمول اضطرابات في النوم شحوب في البشره وأعراض كثيرة اخري
Entity: فقر الدم
Surface form: فقر الدم
Field: answer
Relation context: فقر الدم HAS_SYMPTOM الم المعدجة. Evidence: أحيانا الم في المعدة كسل وخمول اضطرابات في النوم | فقر الدم HAS_SYMPTOM فقدان الشهيه. Evidence: فقر الدم سبب فقدان الشهيه"
mention::men_llm_0000277,evidence,men_llm_0000277,ent_symptom_c81532a33515,ahd5k_02292,الم المعدجة,"Evidence: الم المعدجة يجب معرفة سببه وذل بعمل دراسة للمعدة
Entity: الم المعدجة
Surface form: الم المعدجة
Field: answer
Relation context: فقر الدم HAS_SYMPTOM الم المعدجة. Evidence: نقص في الدم مع الالم في المعده | الم المعدجة INVESTIGATED_BY فحص الجرثومة الحلزونية. Evidence: فحص الجرثومة الحلزونية"
mention::men_llm_0000278,evidence,men_llm_0000278,ent_symptom_c81532a33515,ahd5k_02546,الم المعدجة,"Evidence: أحيانا الم في المعدة كسل وخمول اضطرابات في النوم شحوب في البشره وأعراض كثيرة اخري
Entity: الم المعدجة
Surface form: الم في المعدة
Field: answer
Relation context: فقر الدم HAS_SYMPTOM الم المعدجة. Evidence: أحيانا الم في المعدة كسل وخمول اضطرابات في النوم | فقر الدم HAS_SYMPTOM فقدان الشهيه. Evidence: فقر الدم سبب فقدان الشهيه"
mention::men_llm_0000279,evidence,men_llm_0000279,ent_symptom_c48c0df96785,ahd5k_02546,فقدان الشهيه,"Evidence: فقر الدم سبب فقدان الشهيه والكسل والخمول والتعب وثقل الوزن وغيره
Entity: فقدان الشهيه
Surface form: فقدان الشهيه
Field: question
Relation context: فقر الدم HAS_SYMPTOM الم المعدجة. Evidence: أحيانا الم في المعدة كسل وخمول اضطرابات في النوم | فقر الدم HAS_SYMPTOM فقدان الشهيه. Evidence: فقر الدم سبب فقدان الشهيه"
mention::men_llm_0000280,evidence,men_llm_0000280,ent_test_2b2550da4a44,ahd5k_02292,فحص الجرثومة الحلزونية,"Evidence: فحص الجرثومة الحلزونية ، وربما سنحتاج لاحقا لمنظار للمعدة
Entity: فحص الجرثومة الحلزونية
Surface form: فحص الجرثومة الحلزونية
Field: answer
Relation context: فقر الدم HAS_SYMPTOM الم المعدجة. Evidence: نقص في الدم مع الالم في المعده | الم المعدجة INVESTIGATED_BY فحص الجرثومة الحلزونية. Evidence: فحص الجرثومة الحلزونية"
mention::men_llm_0000281,evidence,men_llm_0000281,ent_diseasecondition_7ac7135caacd,ahd5k_04844,تضخم الغدد اللمفية,"Evidence: تضخم بالغدد اللمفية الموضعية
Entity: تضخم الغدد اللمفية
Surface form: تضخم بالغدد اللمفية الموضعية
Field: answer
Relation context: تسوس الأسنان DIAGNOSED_BY أشعة. Evidence: أشعة | تسوس الأسنان TREATED_BY المراجعة الطبيب الأسنان. Evidence: المراجعة الطبيب الأسنان | الانتان DIAGNOSED_BY فحص الدم. Evidence: فحص دم"
mention::men_llm_0000282,evidence,men_llm_0000282,ent_diseasecondition_190a32dbb9bd,ahd5k_04844,تسوس الأسنان,"Evidence: تسوس الأسنان أو أي خراجات باللثة
Entity: تسوس الأسنان
Surface form: تسوس الأسنان أو أي خراجات باللثة
Field: answer
Relation context: تسوس الأسنان DIAGNOSED_BY أشعة. Evidence: أشعة | تسوس الأسنان TREATED_BY المراجعة الطبيب الأسنان. Evidence: المراجعة الطبيب الأسنان | الانتان DIAGNOSED_BY فحص الدم. Evidence: فحص دم"
mention::men_llm_0000283,evidence,men_llm_0000283,ent_diseasecondition_8ca9f15583c7,ahd5k_04844,الانتان,"Evidence: الانتان خفي أو ظاهر
Entity: الانتان
Surface form: الانتان خفي أو ظاهر
Field: answer
Relation context: تسوس الأسنان DIAGNOSED_BY أشعة. Evidence: أشعة | تسوس الأسنان TREATED_BY المراجعة الطبيب الأسنان. Evidence: المراجعة الطبيب الأسنان | الانتان DIAGNOSED_BY فحص الدم. Evidence: فحص دم"
mention::men_llm_0000284,evidence,men_llm_0000284,ent_test_4ea4666752c1,ahd5k_04844,فحص الدم,"Evidence: فحص دم و أشعة
Entity: فحص الدم
Surface form: فحص دم و أشعة
Field: question
Relation context: تسوس الأسنان DIAGNOSED_BY أشعة. Evidence: أشعة | تسوس الأسنان TREATED_BY المراجعة الطبيب الأسنان. Evidence: المراجعة الطبيب الأسنان | الانتان DIAGNOSED_BY فحص الدم. Evidence: فحص دم"
mention::men_llm_0000285,evidence,men_llm_0000285,ent_test_c4cfd2d6468c,ahd5k_04844,أشعة,"Evidence: أشعة
Entity: أشعة
Surface form: أشعة
Field: question
Relation context: تسوس الأسنان DIAGNOSED_BY أشعة. Evidence: أشعة | تسوس الأسنان TREATED_BY المراجعة الطبيب الأسنان. Evidence: المراجعة الطبيب الأسنان | الانتان DIAGNOSED_BY فحص الدم. Evidence: فحص دم"
mention::men_llm_0000286,evidence,men_llm_0000286,ent_treatment_f4876b0a4ac8,ahd5k_04844,المراجعة الطبيب الأسنان,"Evidence: المراجعة الطبيب الأسنان وطبيب أذنية
Entity: المراجعة الطبيب الأسنان
Surface form: المراجعة الطبيب الأسنان وطبيب أذنية
Field: answer
Relation context: تسوس الأسنان DIAGNOSED_BY أشعة. Evidence: أشعة | تسوس الأسنان TREATED_BY المراجعة الطبيب الأسنان. Evidence: المراجعة الطبيب الأسنان | الانتان DIAGNOSED_BY فحص الدم. Evidence: فحص دم"
mention::men_llm_0000287,evidence,men_llm_0000287,ent_diseasecondition_9719230327a2,ahd5k_00543,فقر الدم,"Evidence: انيميا منجليه
Entity: فقر الدم
Surface form: انيميا منجليه
Field: question
Relation context: "
mention::men_llm_0000288,evidence,men_llm_0000288,ent_diseasecondition_9719230327a2,ahd5k_00757,فقر الدم,"Evidence: فقر الدم
Entity: فقر الدم
Surface form: فقر الدم
Field: question
Relation context: فقر الدم DIAGNOSED_BY تحاليل مخبرية. Evidence: تحليل فقر الدم"
mention::men_llm_0000289,evidence,men_llm_0000289,ent_test_dd68aa784555,ahd5k_00543,تحاليل مخبرية,"Evidence: تحاليل ماقبل الزواج
Entity: تحاليل مخبرية
Surface form: تحاليل ماقبل الزواج
Field: question
Relation context: "
mention::men_llm_0000290,evidence,men_llm_0000290,ent_test_dd68aa784555,ahd5k_00757,تحاليل مخبرية,"Evidence: تحليل فقر الدم
Entity: تحاليل مخبرية
Surface form: تحليل فقر الدم
Field: question
Relation context: فقر الدم DIAGNOSED_BY تحاليل مخبرية. Evidence: تحليل فقر الدم"
mention::men_llm_0000291,evidence,men_llm_0000291,ent_symptom_b9ba6f86ab5a,ahd5k_01440,نزف,"Evidence: نزف بسيط
Entity: نزف
Surface form: نزف بسيط
Field: answer
Relation context: "
mention::men_llm_0000292,evidence,men_llm_0000292,ent_diseasecondition_632b4053c8a7,ahd5k_02443,ثلاسيميا,"Evidence: ثلاسيمياو
Entity: ثلاسيميا
Surface form: ثلاسيمياو
Field: question
Relation context: "
mention::men_llm_0000293,evidence,men_llm_0000293,ent_diseasecondition_d039dca7a8c0,ahd5k_00203,النقص الشديد للصفائح,"Evidence: ابني عمره ١٠سنه يعاني من نقص الصفائح itp
Entity: النقص الشديد للصفائح
Surface form: نقص الصفائح
Field: question
Relation context: النقص الشديد للصفائح TREATED_BY الروتيكسيماب. Evidence: الروتيكسيماب يفيده في علاج النقص الشديد للصفائح"
mention::men_llm_0000294,evidence,men_llm_0000294,ent_diseasecondition_d039dca7a8c0,ahd5k_00203,النقص الشديد للصفائح,"Evidence: ابني عمره ١٠سنه يعاني من نقص الصفائح itp
Entity: النقص الشديد للصفائح
Surface form: ITP
Field: question
Relation context: النقص الشديد للصفائح TREATED_BY الروتيكسيماب. Evidence: الروتيكسيماب يفيده في علاج النقص الشديد للصفائح"
mention::men_llm_0000295,evidence,men_llm_0000295,ent_diseasecondition_d039dca7a8c0,ahd5k_00203,النقص الشديد للصفائح,"Evidence: نعم مفيد لة ويجب الاستمرار فى العلاج و متابعة الطبيب المعالج
Entity: النقص الشديد للصفائح
Surface form: نقص الصفائح
Field: answer
Relation context: النقص الشديد للصفائح TREATED_BY الروتيكسيماب. Evidence: الروتيكسيماب يفيده في علاج النقص الشديد للصفائح"
mention::men_llm_0000296,evidence,men_llm_0000296,ent_treatment_0d20da4fd766,ahd5k_00203,الروتيكسيماب,"Evidence: اول جرعه ونستمر عليها لمده شهر كل اسبوع مره هل الروتكسيماب يفيده
Entity: الروتيكسيماب
Surface form: الروتيكسيماب
Field: question
Relation context: النقص الشديد للصفائح TREATED_BY الروتيكسيماب. Evidence: الروتيكسيماب يفيده في علاج النقص الشديد للصفائح"
mention::men_llm_0000297,evidence,men_llm_0000297,ent_treatment_0d20da4fd766,ahd5k_00203,الروتيكسيماب,"Evidence: نعم مفيد لة ويجب الاستمرار فى العلاج و متابعة الطبيب المعالج
Entity: الروتيكسيماب
Surface form: الروتيكسيماب
Field: answer
Relation context: النقص الشديد للصفائح TREATED_BY الروتيكسيماب. Evidence: الروتيكسيماب يفيده في علاج النقص الشديد للصفائح"
mention::men_llm_0000298,evidence,men_llm_0000298,ent_diseasecondition_9719230327a2,ahd5k_00594,فقر الدم,"Evidence: يحدث فقر الدم عندما لا يحتوي جسمك على ما يكفي من خلايا الدم الحمراء نتيجة فقدان الدم أو عدم القدرة على تكوين خلايا دم حمراء كافية.
Entity: فقر الدم
Surface form: فقر دم
Field: answer
Relation context: "
mention::men_llm_0000299,evidence,men_llm_0000299,ent_diseasecondition_9719230327a2,ahd5k_00594,فقر الدم,"Evidence: ويوجد العديد من أنواع فقر الدم منها الذي يكون بسبب نقص الحديد أو حمض الفوليك أو فيتامين ب-12 وغيرها.
Entity: فقر الدم
Surface form: فقر دم
Field: answer
Relation context: "
mention::men_llm_0000300,evidence,men_llm_0000300,ent_diseasecondition_9719230327a2,ahd5k_00594,فقر الدم,"Evidence: ويمكن اتباع نظام غذائي غني بالعناصر اللازمة لتعويض النقص من خلال: الورقيات الخضراء: السبانخ/ الكرنب/ الهندباء/ الخبيزة.
Entity: فقر الدم
Surface form: فقر دم
Field: answer
Relation context: "
mention::men_llm_0000301,evidence,men_llm_0000301,ent_diseasecondition_9719230327a2,ahd5k_00594,فقر الدم,"Evidence: ويمكن اتباع نظام غذائي غني بالعناصر اللازمة لتعويض النقص من خلال: اللحوم والدواجن.
Entity: فقر الدم
Surface form: فقر دم
Field: answer
Relation context: "
mention::men_llm_0000302,evidence,men_llm_0000302,ent_diseasecondition_9719230327a2,ahd5k_00594,فقر الدم,"Evidence: ويمكن اتباع نظام غذائي غني بالعناصر اللازمة لتعويض النقص من خلال: كبدة الخروف.
Entity: فقر الدم
Surface form: فقر دم
Field: answer
Relation context: "
mention::men_llm_0000303,evidence,men_llm_0000303,ent_diseasecondition_9719230327a2,ahd5k_00594,فقر الدم,"Evidence: ويمكن اتباع نظام غذائي غني بالعناصر اللازمة لتعويض النقص من خلال: المأكولات البحرية: السردين/ التونا/ السلمون.
Entity: فقر الدم
Surface form: فقر دم
Field: answer
Relation context: "
mention::men_llm_0000304,evidence,men_llm_0000304,ent_diseasecondition_9719230327a2,ahd5k_00594,فقر الدم,"Evidence: ويمكن اتباع نظام غذائي غني بالعناصر اللازمة لتعويض النقص من خلال: عصير البرتقال المحصن.
Entity: فقر الدم
Surface form: فقر دم
Field: answer
Relation context: "
mention::men_llm_0000305,evidence,men_llm_0000305,ent_diseasecondition_9719230327a2,ahd5k_00594,فقر الدم,"Evidence: ويمكن اتباع نظام غذائي غني بالعناصر اللازمة لتعويض النقص من خلال: الحبوب المدعمة.
Entity: فقر الدم
Surface form: فقر دم
Field: answer
Relation context: "
mention::men_llm_0000306,evidence,men_llm_0000306,ent_diseasecondition_9719230327a2,ahd5k_00594,فقر الدم,"Evidence: ويمكن اتباع نظام غذائي غني بالعناصر اللازمة لتعويض النقص من خلال: بعض الحبوب: الفاصولياء/ الحمص/ فول الصويا/ البازلاء.
Entity: فقر الدم
Surface form: فقر دم
Field: answer
Relation context: "
mention::men_llm_0000307,evidence,men_llm_0000307,ent_diseasecondition_9719230327a2,ahd5k_00594,فقر الدم,"Evidence: ويمكن اتباع نظام غذائي غني بالعناصر اللازمة لتعويض النقص من خلال: بذور اليقطين/ الكاجو/ الفستق/ الصنوبر/ الجوز/ بذور عباد الشمس.
Entity: فقر الدم
Surface form: فقر دم
Field: answer
Relation context: "
mention::men_llm_0000308,evidence,men_llm_0000308,ent_diseasecondition_9719230327a2,ahd5k_00594,فقر الدم,"Evidence: تجنب تناول الأطعمة الغنية بالحديد مع الأطعمة أو المشروبات التي تمنع امتصاص الحديد مثل: القهوة أو الشاي /البيض/ الأطعمة الغنية بالكالسيوم مثل الحليب و الأجبان والبروكلي واللبن.
Entity: فقر الدم
Surface form: فقر دم
Field: answer
Relation context: "
mention::men_llm_0000309,evidence,men_llm_0000309,ent_diseasecondition_9719230327a2,ahd5k_00594,فقر الدم,"Evidence: تناول الأطعمة الغنية بالحديد مع الأطعمة الغنية بفيتامين ج (C) مثل: البرتقال /الطماطم /الفراولة لتحسين الامتصاص.
Entity: فقر الدم
Surface form: فقر دم
Field: answer
Relation context: "
mention::men_llm_0000310,evidence,men_llm_0000310,ent_diseasecondition_9719230327a2,ahd5k_00594,فقر الدم,"Evidence: تناول الأطعمة الغنية بالحديد مع الأطعمة التي تحتوي على بيتا كاروتين مثل المشمش والفلفل الأحمر والبنجر لتحسين الامتصاص.
Entity: فقر الدم
Surface form: فقر دم
Field: answer
Relation context: "
mention::men_llm_0000311,evidence,men_llm_0000311,ent_diseasecondition_9719230327a2,ahd5k_00594,فقر الدم,"Evidence: ومن الجدير بالذكر أن النظام الغذائي قد يمنع عملية ازدياد فقر الدم سوءاً وقد يعوض بعض النقص ولكن يجب أن يتم اتباع علاج دوائي معين حسب نوع فقر الدم الذي تعاني منه تحت إشراف الطبيب المختص.
Entity: فقر الدم
Surface form: فقر دم
Field: answer
Relation context: "
mention::men_llm_0000312,evidence,men_llm_0000312,ent_diseasecondition_9719230327a2,ahd5k_00594,فقر الدم,"Evidence: المزيد: أهم عشرة أغذية لفقر الدم ابر الحديد اعراض فقر الدم فقر الدم وعلاجه المرجع: Best Diet Plan for Anemia
Entity: فقر الدم
Surface form: فقر دم
Field: answer
Relation context: "
mention::men_llm_0000313,evidence,men_llm_0000313,ent_diseasecondition_9719230327a2,ahd5k_00594,فقر الدم,"Evidence: أبر الحديد
Entity: فقر الدم
Surface form: فقر دم
Field: answer
Relation context: "
mention::men_llm_0000314,evidence,men_llm_0000314,ent_diseasecondition_9719230327a2,ahd5k_00594,فقر الدم,"Evidence: اعراض فقر الدم
Entity: فقر الدم
Surface form: فقر دم
Field: answer
Relation context: "
mention::men_llm_0000315,evidence,men_llm_0000315,ent_diseasecondition_9719230327a2,ahd5k_00594,فقر الدم,"Evidence: فقر الدم وعلاجه
Entity: فقر الدم
Surface form: فقر دم
Field: answer
Relation context: "
mention::men_llm_0000316,evidence,men_llm_0000316,ent_diseasecondition_9719230327a2,ahd5k_00594,فقر الدم,"Evidence: مرجع: Best Diet Plan for Anemia
Entity: فقر الدم
Surface form: فقر دم
Field: answer
Relation context: "
mention::men_llm_0000317,evidence,men_llm_0000317,ent_diseasecondition_9719230327a2,ahd5k_00655,فقر الدم,"Evidence: انا مريضه بالسكر واستخدم فيرومن كبريتات الحديد لان عندي فقر دم مع فيتامين ب وبعد استخدامهم لاحظت ظهور حبوب في ظهري هل لها علاقه في ذلك ؟
Entity: فقر الدم
Surface form: فقر دم
Field: question
Relation context: "
mention::men_llm_0000318,evidence,men_llm_0000318,ent_diseasecondition_9719230327a2,ahd5k_00655,فقر الدم,"Evidence: من التاثيرات الجانبية لدواء فيرومين كبريتات الحديد ظهور مثل هذه الحبوب غيري العلاج
Entity: فقر الدم
Surface form: فقر دم
Field: answer
Relation context: "
mention::men_llm_0000319,evidence,men_llm_0000319,ent_diseasecondition_9719230327a2,ahd5k_02472,فقر الدم,"Evidence: عندي الدم نازل و اريد اسم حبوب او كبسولات لزيادة الدم ؟
Entity: فقر الدم
Surface form: فقر دم
Field: question
Relation context: "
mention::men_llm_0000320,evidence,men_llm_0000320,ent_diseasecondition_3d19d6125641,ahd5k_00313,نقص الصفيحات,"Evidence: انخفاض الصفيحات الدموية 122/
Entity: نقص الصفيحات
Surface form: انخفاض الصفيحات الدموية
Field: question
Relation context: نقص الصفيحات DIAGNOSED_BY فحص نخاع العظم. Evidence: فحص نخاع العظم مرتبط بتشخيص نقص الصفيحات"
mention::men_llm_0000321,evidence,men_llm_0000321,ent_diseasecondition_9719230327a2,ahd5k_01162,فقر الدم,"Evidence: فقر دم
Entity: فقر الدم
Surface form: فقر دم
Field: question
Relation context: فقر الدم DIAGNOSED_BY فحص تحاليل مخبرية. Evidence: فحص التحاليل المخبرية مرتبط بتشخيص فقر الدم | نقص فيتامين د DIAGNOSED_BY فحص تحاليل مخبرية. Evidence: فحص التحاليل المخبرية مرتبط بتشخيص نقص فيتامين د | نقص حديد DIAGNOSED_BY فحص تحاليل مخبرية. Evidence: فحص التحاليل المخبرية مرتبط بتشخيص نقص حديد"
mention::men_llm_0000322,evidence,men_llm_0000322,ent_diseasecondition_74be32fb7f24,ahd5k_01162,نقص فيتامين د,"Evidence: نقص فيتامين د
Entity: نقص فيتامين د
Surface form: نقص فيتامين د
Field: question
Relation context: فقر الدم DIAGNOSED_BY فحص تحاليل مخبرية. Evidence: فحص التحاليل المخبرية مرتبط بتشخيص فقر الدم | نقص فيتامين د DIAGNOSED_BY فحص تحاليل مخبرية. Evidence: فحص التحاليل المخبرية مرتبط بتشخيص نقص فيتامين د | نقص حديد DIAGNOSED_BY فحص تحاليل مخبرية. Evidence: فحص التحاليل المخبرية مرتبط بتشخيص نقص حديد"
mention::men_llm_0000323,evidence,men_llm_0000323,ent_diseasecondition_6116bf50d3f1,ahd5k_01162,نقص حديد,"Evidence: نقص حديد
Entity: نقص حديد
Surface form: نقص حديد
Field: question
Relation context: فقر الدم DIAGNOSED_BY فحص تحاليل مخبرية. Evidence: فحص التحاليل المخبرية مرتبط بتشخيص فقر الدم | نقص فيتامين د DIAGNOSED_BY فحص تحاليل مخبرية. Evidence: فحص التحاليل المخبرية مرتبط بتشخيص نقص فيتامين د | نقص حديد DIAGNOSED_BY فحص تحاليل مخبرية. Evidence: فحص التحاليل المخبرية مرتبط بتشخيص نقص حديد"
mention::men_llm_0000324,evidence,men_llm_0000324,ent_symptom_f6203734ffc7,ahd5k_00313,ارتفاع خضاب الدم,"Evidence: ارتفاع خضاب الدم / 16.8
Entity: ارتفاع خضاب الدم
Surface form: ارتفاع خضاب الدم
Field: question
Relation context: نقص الصفيحات DIAGNOSED_BY فحص نخاع العظم. Evidence: فحص نخاع العظم مرتبط بتشخيص نقص الصفيحات"
mention::men_llm_0000325,evidence,men_llm_0000325,ent_diseasecondition_dc66fee46819,ahd5k_02552,نقص الكريات البيضاء,"Evidence: نقص الكريات البيضاء لدى الكبار
Entity: نقص الكريات البيضاء
Surface form: نقص الكريات البيضاء
Field: question
Relation context: نقص الكريات البيضاء TREATED_BY علاج نقص الكريات البيضاء. Evidence: علاج نقص الكريات البيضاء مذكور كعلاج لنقص الكريات البيضاء"
mention::men_llm_0000326,evidence,men_llm_0000326,ent_test_752d1924792a,ahd5k_02952,نظرية الخلية,"Evidence: نظرية الخلية
Entity: نظرية الخلية
Surface form: نظرية الخلية
Field: question
Relation context: "
mention::men_llm_0000327,evidence,men_llm_0000327,ent_test_db1175f121dc,ahd5k_00313,فحص نخاع العظم,"Evidence: فحص نخاع العظم
Entity: فحص نخاع العظم
Surface form: فحص نخاع العظم
Field: answer
Relation context: نقص الصفيحات DIAGNOSED_BY فحص نخاع العظم. Evidence: فحص نخاع العظم مرتبط بتشخيص نقص الصفيحات"
mention::men_llm_0000328,evidence,men_llm_0000328,ent_test_8dfa1780f518,ahd5k_01162,فحص تحاليل مخبرية,"Evidence: تحاليل مخبرية
Entity: فحص تحاليل مخبرية
Surface form: تحاليل مخبرية
Field: answer
Relation context: فقر الدم DIAGNOSED_BY فحص تحاليل مخبرية. Evidence: فحص التحاليل المخبرية مرتبط بتشخيص فقر الدم | نقص فيتامين د DIAGNOSED_BY فحص تحاليل مخبرية. Evidence: فحص التحاليل المخبرية مرتبط بتشخيص نقص فيتامين د | نقص حديد DIAGNOSED_BY فحص تحاليل مخبرية. Evidence: فحص التحاليل المخبرية مرتبط بتشخيص نقص حديد"
mention::men_llm_0000329,evidence,men_llm_0000329,ent_treatment_6e452ff6ff8f,ahd5k_02552,علاج نقص الكريات البيضاء,"Evidence: علاج نقص الكريات البيضاء لدى الكبار
Entity: علاج نقص الكريات البيضاء
Surface form: علاج نقص الكريات البيضاء
Field: question
Relation context: نقص الكريات البيضاء TREATED_BY علاج نقص الكريات البيضاء. Evidence: علاج نقص الكريات البيضاء مذكور كعلاج لنقص الكريات البيضاء"
mention::men_llm_0000330,evidence,men_llm_0000330,ent_treatment_3677ba04b27f,ahd5k_03281,التبرع بالدم,"Evidence: اشرب سوائل واتغذى
Entity: التبرع بالدم
Surface form: اشرب سوائل واتغذى
Field: answer
Relation context: "
mention::men_llm_0000331,evidence,men_llm_0000331,ent_diseasecondition_b3e7fc089ddd,ahd5k_03348,الصفائح الدموية,"Evidence: ضعيفة ونسبة الأملاح عالية جدا
Entity: الصفائح الدموية
Surface form: ضعيفة ونسبة الأملاح عالية جدا
Field: question
Relation context: "
mention::men_llm_0000332,evidence,men_llm_0000332,ent_diseasecondition_d489c6c854f4,ahd5k_03561,متلازمة خلية منجلية,"Evidence: مرض متلازمة خلية منجلية'سيكل'
Entity: متلازمة خلية منجلية
Surface form: مرض متلازمة خلية منجلية'سيكل'
Field: question
Relation context: "
mention::men_llm_0000333,evidence,men_llm_0000333,ent_test_7f9e855cef19,ahd5k_04249,E.S.R.,"Evidence: E.S.R. 1 st h.= 6 mm
Entity: E.S.R.
Surface form: E.S.R. 1 st h.= 6 mm
Field: question
Relation context: "
mention::men_llm_0000334,evidence,men_llm_0000334,ent_symptom_19a4e01ad622,ahd5k_04583,النقص الحاد,"Evidence: نقص الحديد
Entity: النقص الحاد
Surface form: نقص الحديد
Field: question
Relation context: "
mention::men_llm_0000335,evidence,men_llm_0000335,ent_diseasecondition_380db6d92562,ahd5k_01551,مرض السكري,"Evidence: مرض السكري
Entity: مرض السكري
Surface form: مرض السكري
Field: answer
Relation context: مرض السكري DIAGNOSED_BY تحاليل مخبرية. Evidence: تحاليل مخبرية | التهاب DIAGNOSED_BY تحاليل مخبرية. Evidence: تحاليل مخبرية"
mention::men_llm_0000336,evidence,men_llm_0000336,ent_treatment_fe7b9cfab843,ahd5k_01551,القات,"Evidence: القات
Entity: القات
Surface form: القات
Field: answer
Relation context: مرض السكري DIAGNOSED_BY تحاليل مخبرية. Evidence: تحاليل مخبرية | التهاب DIAGNOSED_BY تحاليل مخبرية. Evidence: تحاليل مخبرية"
mention::men_llm_0000337,evidence,men_llm_0000337,ent_diseasecondition_16cf4e77b755,ahd5k_01551,التهاب,"Evidence: التهاب
Entity: التهاب
Surface form: التهاب
Field: answer
Relation context: مرض السكري DIAGNOSED_BY تحاليل مخبرية. Evidence: تحاليل مخبرية | التهاب DIAGNOSED_BY تحاليل مخبرية. Evidence: تحاليل مخبرية"
mention::men_llm_0000338,evidence,men_llm_0000338,ent_test_dd68aa784555,ahd5k_01551,تحاليل مخبرية,"Evidence: تحاليل مخبرية
Entity: تحاليل مخبرية
Surface form: تحاليل مخبرية
Field: answer
Relation context: مرض السكري DIAGNOSED_BY تحاليل مخبرية. Evidence: تحاليل مخبرية | التهاب DIAGNOSED_BY تحاليل مخبرية. Evidence: تحاليل مخبرية"
mention::men_llm_0000339,evidence,men_llm_0000339,ent_diseasecondition_16cf4e77b755,ahd5k_04408,التهاب,"Evidence: السبع زيوت لمنع ترهل الثدي والبطن والارداف . زيوت من الأعشاب الطبيعية يعمل على شد تلك الخلايا المترهلة بسرعة عجيبة وتعيد لها حيويتها وجمالها دلك منطقة البطن او منطقة الارداف بزيت السبع زيوت بحركات دائرية الاسفل للاعلي الصاعدة إلى أعلى ولمدة ربع ساعة مرة يوميا لمدة شهر .
Entity: التهاب
Surface form: التهاب
Field: answer
Relation context: "
mention::men_llm_0000340,evidence,men_llm_0000340,ent_treatment_9a34f0ba812d,ahd5k_04408,السبع زيوت,"Evidence: السبع زيوت لمنع ترهل الثدي والبطن والارداف . زيوت من الأعشاب الطبيعية يعمل على شد تلك الخلايا المترهلة بسرعة عجيبة وتعيد لها حيويتها وجمالها دلك منطقة البطن او منطقة الارداف بزيت السبع زيوت بحركات دائرية الاسفل للاعلي الصاعدة إلى أعلى ولمدة ربع ساعة مرة يوميا لمدة شهر .
Entity: السبع زيوت
Surface form: السبع زيوت
Field: answer
Relation context: "
mention::men_llm_0000341,evidence,men_llm_0000341,ent_symptom_724e59ded899,ahd5k_00085,ضغط الدم,"Evidence: ضغط الدم
Entity: ضغط الدم
Surface form: ضغط الدم
Field: question
Relation context: "
mention::men_llm_0000342,evidence,men_llm_0000342,ent_symptom_724e59ded899,ahd5k_00691,ضغط الدم,"Evidence: ضغط الدم
Entity: ضغط الدم
Surface form: ضغط الدم
Field: question
Relation context: "
mention::men_llm_0000343,evidence,men_llm_0000343,ent_symptom_724e59ded899,ahd5k_00756,ضغط الدم,"Evidence: ضغط الدم
Entity: ضغط الدم
Surface form: ضغط الدم
Field: question
Relation context: "
mention::men_llm_0000344,evidence,men_llm_0000344,ent_symptom_724e59ded899,ahd5k_01259,ضغط الدم,"Evidence: ضغط الدم
Entity: ضغط الدم
Surface form: ضغط الدم
Field: question
Relation context: "
mention::men_llm_0000345,evidence,men_llm_0000345,ent_symptom_724e59ded899,ahd5k_01350,ضغط الدم,"Evidence: ضغط الدم
Entity: ضغط الدم
Surface form: ضغط الدم
Field: question
Relation context: "
mention::men_llm_0000346,evidence,men_llm_0000346,ent_symptom_724e59ded899,ahd5k_01894,ضغط الدم,"Evidence: ضغط الدم
Entity: ضغط الدم
Surface form: ضغط الدم
Field: question
Relation context: "
mention::men_llm_0000347,evidence,men_llm_0000347,ent_symptom_724e59ded899,ahd5k_02577,ضغط الدم,"Evidence: ضغط الدم
Entity: ضغط الدم
Surface form: ضغط الدم
Field: question
Relation context: "
mention::men_llm_0000348,evidence,men_llm_0000348,ent_symptom_724e59ded899,ahd5k_02754,ضغط الدم,"Evidence: ضغط الدم
Entity: ضغط الدم
Surface form: ضغط الدم
Field: question
Relation context: "
mention::men_llm_0000349,evidence,men_llm_0000349,ent_symptom_19841fc2dc50,ahd5k_00085,نبضات القلب,"Evidence: نبضات القلب
Entity: نبضات القلب
Surface form: نبضات القلب
Field: question
Relation context: "
mention::men_llm_0000350,evidence,men_llm_0000350,ent_symptom_19841fc2dc50,ahd5k_00691,نبضات القلب,"Evidence: نبضات القلب
Entity: نبضات القلب
Surface form: نبضات القلب
Field: question
Relation context: "
mention::men_llm_0000351,evidence,men_llm_0000351,ent_symptom_19841fc2dc50,ahd5k_00756,نبضات القلب,"Evidence: نبضات القلب
Entity: نبضات القلب
Surface form: نبضات القلب
Field: question
Relation context: "
mention::men_llm_0000352,evidence,men_llm_0000352,ent_symptom_19841fc2dc50,ahd5k_01259,نبضات القلب,"Evidence: نبضات القلب
Entity: نبضات القلب
Surface form: نبضات القلب
Field: question
Relation context: "
mention::men_llm_0000353,evidence,men_llm_0000353,ent_symptom_19841fc2dc50,ahd5k_01350,نبضات القلب,"Evidence: نبضات القلب
Entity: نبضات القلب
Surface form: نبضات القلب
Field: question
Relation context: "
mention::men_llm_0000354,evidence,men_llm_0000354,ent_symptom_19841fc2dc50,ahd5k_01894,نبضات القلب,"Evidence: نبضات القلب
Entity: نبضات القلب
Surface form: نبضات القلب
Field: question
Relation context: "
mention::men_llm_0000355,evidence,men_llm_0000355,ent_test_8b503c2dc54c,ahd5k_04927,هيموغلوبين,"Evidence: إن كان كذلك يمكن يسبب إجهاد وفرط ضغط مستقبلا
Entity: هيموغلوبين
Surface form: هيموغلوبين
Field: answer
Relation context: "
mention::men_llm_0000356,evidence,men_llm_0000356,ent_treatment_dcc37cc6936c,ahd5k_04742,جهاز هولتر,"Evidence: يجب عليك زياره طبيب القلب وتركيب جهاز هولتر علي مدار ٢٤ ساعه
Entity: جهاز هولتر
Surface form: جهاز هولتر
Field: answer
Relation context: "
mention::men_llm_0000357,evidence,men_llm_0000357,ent_diseasecondition_16cf4e77b755,ahd5k_03139,التهاب,"Evidence: التحاليل المخبرية
Entity: التهاب
Surface form: التهاب
Field: answer
Relation context: "
mention::men_llm_0000358,evidence,men_llm_0000358,ent_diseasecondition_16cf4e77b755,ahd5k_03339,التهاب,"Evidence: التحاليل المخبرية
Entity: التهاب
Surface form: التهاب
Field: answer
Relation context: "
mention::men_llm_0000359,evidence,men_llm_0000359,ent_diseasecondition_16cf4e77b755,ahd5k_03651,التهاب,"Evidence: التحاليل المخبرية
Entity: التهاب
Surface form: التهاب
Field: answer
Relation context: "
mention::men_llm_0000360,evidence,men_llm_0000360,ent_diseasecondition_16cf4e77b755,ahd5k_04034,التهاب,"Evidence: التحاليل المخبرية
Entity: التهاب
Surface form: التهاب
Field: answer
Relation context: "
mention::men_llm_0000361,evidence,men_llm_0000361,ent_diseasecondition_9719230327a2,ahd5k_03651,فقر الدم,"Evidence: التحاليل المخبرية
Entity: فقر الدم
Surface form: فقر الدم
Field: answer
Relation context: "
mention::men_llm_0000362,evidence,men_llm_0000362,ent_test_6dcf66b68de3,ahd5k_03139,فحص الفقرات العنقية,"Evidence: التحاليل المخبرية
Entity: فحص الفقرات العنقية
Surface form: فحص الفقرات العنقية
Field: answer
Relation context: "
mention::men_llm_0000363,evidence,men_llm_0000363,ent_test_53daf0bebd13,ahd5k_03139,مفصل الكتف,"Evidence: التحاليل المخبرية
Entity: مفصل الكتف
Surface form: مفصل الكتف
Field: answer
Relation context: "
mention::men_llm_0000364,evidence,men_llm_0000364,ent_diseasecondition_2c73be2f25fe,ahd5k_04034,التهاب فيروسي,"Evidence: التحاليل المخبرية
Entity: التهاب فيروسي
Surface form: التهاب فيروسي
Field: answer
Relation context: "
mention::men_llm_0000365,evidence,men_llm_0000365,ent_diseasecondition_2f75d3dabe0b,ahd5k_00683,حساسية,"Evidence: الحساسية
Entity: حساسية
Surface form: حساسية
Field: answer
Relation context: حساسية HAS_SYMPTOM ضيق تنفس. Evidence: ضيق تنفس وسرعة التعب وقلق"
mention::men_llm_0000366,evidence,men_llm_0000366,ent_diseasecondition_2f75d3dabe0b,ahd5k_00963,حساسية,"Evidence: حساسية ناتجة عن رطوبة الجو
Entity: حساسية
Surface form: حساسية
Field: question
Relation context: "
mention::men_llm_0000367,evidence,men_llm_0000367,ent_symptom_f51ef98950a2,ahd5k_00683,قلق,"Evidence: قلق علما اني تعرضت لموقف قلق وتوتر ووخزات
Entity: قلق
Surface form: قلق
Field: question
Relation context: حساسية HAS_SYMPTOM ضيق تنفس. Evidence: ضيق تنفس وسرعة التعب وقلق"
mention::men_llm_0000368,evidence,men_llm_0000368,ent_symptom_7b839cc80688,ahd5k_00683,ضيق تنفس,"Evidence: ضيق تنفس وسرعة التعب وقلق
Entity: ضيق تنفس
Surface form: ضيق تنفس
Field: question
Relation context: حساسية HAS_SYMPTOM ضيق تنفس. Evidence: ضيق تنفس وسرعة التعب وقلق"
mention::men_llm_0000369,evidence,men_llm_0000369,ent_test_7633369aec20,ahd5k_00963,رسم قلب,"Evidence: عمل رسم قلب بالمجهود
Entity: رسم قلب
Surface form: رسم قلب
Field: answer
Relation context: "
mention::men_llm_0000370,evidence,men_llm_0000370,ent_diseasecondition_db17a406c72e,ahd5k_00237,ارتفاع ضغط الدم,"Evidence: ضغط الدم الخاص بالجسم والضغط الخاص بالعينين
Entity: ارتفاع ضغط الدم
Surface form: ضغط الدم الخاص بالجسم والضغط الخاص بالعينين
Field: question
Relation context: "
mention::men_llm_0000371,evidence,men_llm_0000371,ent_diseasecondition_db17a406c72e,ahd5k_00823,ارتفاع ضغط الدم,"Evidence: ارتفاع الضغط
Entity: ارتفاع ضغط الدم
Surface form: ارتفاع الضغط
Field: answer
Relation context: ارتفاع ضغط الدم HAS_SYMPTOM خفقان القلب. Evidence: خفقان احيتنا | ارتفاع ضغط الدم HAS_SYMPTOM ضيق تنفس. Evidence: ضيق تنفس"
mention::men_llm_0000372,evidence,men_llm_0000372,ent_diseasecondition_db17a406c72e,ahd5k_01682,ارتفاع ضغط الدم,"Evidence: ضغط الدم
Entity: ارتفاع ضغط الدم
Surface form: ضغط الدم
Field: question
Relation context: "
mention::men_llm_0000373,evidence,men_llm_0000373,ent_diseasecondition_db17a406c72e,ahd5k_01763,ارتفاع ضغط الدم,"Evidence: ضغط الدم
Entity: ارتفاع ضغط الدم
Surface form: ضغط الدم
Field: question
Relation context: "
mention::men_llm_0000374,evidence,men_llm_0000374,ent_diseasecondition_db17a406c72e,ahd5k_03624,ارتفاع ضغط الدم,"Evidence: ارتفاع في ضغط الدم
Entity: ارتفاع ضغط الدم
Surface form: ارتفاع في ضغط الدم
Field: question
Relation context: ارتفاع ضغط الدم HAS_SYMPTOM خفقان القلب. Evidence: خفقان القلب الشديد"
mention::men_llm_0000375,evidence,men_llm_0000375,ent_diseasecondition_db17a406c72e,ahd5k_04477,ارتفاع ضغط الدم,"Evidence: ارتفاع ضغط الدم
Entity: ارتفاع ضغط الدم
Surface form: ارتفاع ضغط الدم
Field: answer
Relation context: "
mention::men_llm_0000376,evidence,men_llm_0000376,ent_diseasecondition_db17a406c72e,ahd5k_04701,ارتفاع ضغط الدم,"Evidence: انخفاض الضغط
Entity: ارتفاع ضغط الدم
Surface form: انخفاض الضغط
Field: answer
Relation context: ارتفاع ضغط الدم HAS_SYMPTOM خفقان القلب. Evidence: تسارع في ضربات القلب | ارتفاع ضغط الدم HAS_SYMPTOM دوخة. Evidence: دوخة | ارتفاع ضغط الدم HAS_SYMPTOM ضيق تنفس. Evidence: ضيق تنفس"
mention::men_llm_0000377,evidence,men_llm_0000377,ent_symptom_1f6a3892391d,ahd5k_00823,خفقان القلب,"Evidence: خفقان احيتنا
Entity: خفقان القلب
Surface form: خفقان احيتنا
Field: answer
Relation context: ارتفاع ضغط الدم HAS_SYMPTOM خفقان القلب. Evidence: خفقان احيتنا | ارتفاع ضغط الدم HAS_SYMPTOM ضيق تنفس. Evidence: ضيق تنفس"
mention::men_llm_0000378,evidence,men_llm_0000378,ent_symptom_1f6a3892391d,ahd5k_01690,خفقان القلب,"Evidence: خفقان القلب الشديد
Entity: خفقان القلب
Surface form: خفقان القلب الشديد
Field: question
Relation context: "
mention::men_llm_0000379,evidence,men_llm_0000379,ent_symptom_1f6a3892391d,ahd5k_03624,خفقان القلب,"Evidence: خفقان القلب الشديد
Entity: خفقان القلب
Surface form: خفقان القلب الشديد
Field: question
Relation context: ارتفاع ضغط الدم HAS_SYMPTOM خفقان القلب. Evidence: خفقان القلب الشديد"
mention::men_llm_0000380,evidence,men_llm_0000380,ent_symptom_1f6a3892391d,ahd5k_04701,خفقان القلب,"Evidence: تسارع في ضربات القلب
Entity: خفقان القلب
Surface form: تسارع في ضربات القلب
Field: question
Relation context: ارتفاع ضغط الدم HAS_SYMPTOM خفقان القلب. Evidence: تسارع في ضربات القلب | ارتفاع ضغط الدم HAS_SYMPTOM دوخة. Evidence: دوخة | ارتفاع ضغط الدم HAS_SYMPTOM ضيق تنفس. Evidence: ضيق تنفس"
mention::men_llm_0000381,evidence,men_llm_0000381,ent_symptom_850b2a35c32d,ahd5k_04701,دوخة,"Evidence: دوخة
Entity: دوخة
Surface form: دوخة
Field: question
Relation context: ارتفاع ضغط الدم HAS_SYMPTOM خفقان القلب. Evidence: تسارع في ضربات القلب | ارتفاع ضغط الدم HAS_SYMPTOM دوخة. Evidence: دوخة | ارتفاع ضغط الدم HAS_SYMPTOM ضيق تنفس. Evidence: ضيق تنفس"
mention::men_llm_0000382,evidence,men_llm_0000382,ent_symptom_7b839cc80688,ahd5k_00823,ضيق تنفس,"Evidence: ضيق تنفس
Entity: ضيق تنفس
Surface form: ضيق تنفس
Field: answer
Relation context: ارتفاع ضغط الدم HAS_SYMPTOM خفقان القلب. Evidence: خفقان احيتنا | ارتفاع ضغط الدم HAS_SYMPTOM ضيق تنفس. Evidence: ضيق تنفس"
mention::men_llm_0000383,evidence,men_llm_0000383,ent_symptom_7b839cc80688,ahd5k_04701,ضيق تنفس,"Evidence: ضيق تنفس
Entity: ضيق تنفس
Surface form: ضيق تنفس
Field: question
Relation context: ارتفاع ضغط الدم HAS_SYMPTOM خفقان القلب. Evidence: تسارع في ضربات القلب | ارتفاع ضغط الدم HAS_SYMPTOM دوخة. Evidence: دوخة | ارتفاع ضغط الدم HAS_SYMPTOM ضيق تنفس. Evidence: ضيق تنفس"
mention::men_llm_0000384,evidence,men_llm_0000384,ent_diseasecondition_58d7d4ebddc3,ahd5k_04701,انخفاض ضغط الدم,"Evidence: انخفاض الضغط
Entity: انخفاض ضغط الدم
Surface form: انخفاض الضغط
Field: answer
Relation context: ارتفاع ضغط الدم HAS_SYMPTOM خفقان القلب. Evidence: تسارع في ضربات القلب | ارتفاع ضغط الدم HAS_SYMPTOM دوخة. Evidence: دوخة | ارتفاع ضغط الدم HAS_SYMPTOM ضيق تنفس. Evidence: ضيق تنفس"
mention::men_llm_0000385,evidence,men_llm_0000385,ent_diseasecondition_d858e70d5fdf,ahd5k_03624,الروماتيزم,"Evidence: روماتيزم الدم
Entity: الروماتيزم
Surface form: روماتيزم الدم
Field: question
Relation context: ارتفاع ضغط الدم HAS_SYMPTOM خفقان القلب. Evidence: خفقان القلب الشديد"
mention::men_llm_0000386,evidence,men_llm_0000386,ent_diseasecondition_4483219775eb,ahd5k_04477,الانزلاقات الغضروفية العنقية,"Evidence: الانزلاقات الغضروفية العنقية
Entity: الانزلاقات الغضروفية العنقية
Surface form: الانزلاقات الغضروفية العنقية
Field: answer
Relation context: "
mention::men_llm_0000387,evidence,men_llm_0000387,ent_treatment_d017757dbf16,ahd5k_04701,الدوخة,"Evidence: الدوخة
Entity: الدوخة
Surface form: الدوخة
Field: answer
Relation context: ارتفاع ضغط الدم HAS_SYMPTOM خفقان القلب. Evidence: تسارع في ضربات القلب | ارتفاع ضغط الدم HAS_SYMPTOM دوخة. Evidence: دوخة | ارتفاع ضغط الدم HAS_SYMPTOM ضيق تنفس. Evidence: ضيق تنفس"
mention::men_llm_0000388,evidence,men_llm_0000388,ent_treatment_2c9d8c42194b,ahd5k_04701,الوجبة الإفطار,"Evidence: وجبة الإفطار
Entity: الوجبة الإفطار
Surface form: وجبة الإفطار
Field: answer
Relation context: ارتفاع ضغط الدم HAS_SYMPTOM خفقان القلب. Evidence: تسارع في ضربات القلب | ارتفاع ضغط الدم HAS_SYMPTOM دوخة. Evidence: دوخة | ارتفاع ضغط الدم HAS_SYMPTOM ضيق تنفس. Evidence: ضيق تنفس"
mention::men_llm_0000389,evidence,men_llm_0000389,ent_treatment_7df0ceb5a906,ahd5k_04701,السوائل والأملاح,"Evidence: السوائل والأملاح
Entity: السوائل والأملاح
Surface form: السوائل والأملاح
Field: answer
Relation context: ارتفاع ضغط الدم HAS_SYMPTOM خفقان القلب. Evidence: تسارع في ضربات القلب | ارتفاع ضغط الدم HAS_SYMPTOM دوخة. Evidence: دوخة | ارتفاع ضغط الدم HAS_SYMPTOM ضيق تنفس. Evidence: ضيق تنفس"
mention::men_llm_0000390,evidence,men_llm_0000390,ent_test_dd68aa784555,ahd5k_00823,تحاليل مخبرية,"Evidence: تحاليل مخبرية
Entity: تحاليل مخبرية
Surface form: تحاليل مخبرية
Field: answer
Relation context: ارتفاع ضغط الدم HAS_SYMPTOM خفقان القلب. Evidence: خفقان احيتنا | ارتفاع ضغط الدم HAS_SYMPTOM ضيق تنفس. Evidence: ضيق تنفس"
mention::men_llm_0000391,evidence,men_llm_0000391,ent_diseasecondition_db17a406c72e,ahd5k_04975,ارتفاع ضغط الدم,"Evidence: ارتفاع ضغط الدم
Entity: ارتفاع ضغط الدم
Surface form: ارتفاع ضغط الدم
Field: answer
Relation context: "
mention::men_llm_0000392,evidence,men_llm_0000392,ent_symptom_7d2fce86bc12,ahd5k_04975,نغزات,"Evidence: نغزات
Entity: نغزات
Surface form: نغزات
Field: question
Relation context: "
mention::men_llm_0000393,evidence,men_llm_0000393,ent_diseasecondition_44e90462f6cf,ahd5k_04630,تصلب الشرايين,"Evidence: مرض الالتهاب الخلوي او الحمره المصاحبه لمرض السكري واذا صاحب ذلك تورم باحد الرجلين دون الاخري يجب وضع احتمال جلطة الاورده العميقه اما تصلب الشرايين فاعراضه الالم مع المشي وفي الحالات الشديدة التحول للون الازرق فالاسود وضمر الجلد والاظافر والغرغرينه
Entity: تصلب الشرايين
Surface form: تصلب الشرايين
Field: answer
Relation context: "
mention::men_llm_0000394,evidence,men_llm_0000394,ent_diseasecondition_44e90462f6cf,ahd5k_04630,تصلب الشرايين,"Evidence: الالم مع المشي وفي الحالات الشديدة التحول للون الازرق فالاسود وضمر الجلد والاظافر والغرغرينه
Entity: تصلب الشرايين
Surface form: تصلب الشرايين
Field: answer
Relation context: "
mention::men_llm_0000395,evidence,men_llm_0000395,ent_diseasecondition_93e6689ea10d,ahd5k_04630,جلطة الاورده العميقه,"Evidence: مرض الالتهاب الخلوي او الحمره المصاحبه لمرض السكري واذا صاحب ذلك تورم باحد الرجلين دون الاخري يجب وضع احتمال جلطة الاورده العميقه اما تصلب الشرايين فاعراضه الالم مع المشي وفي الحالات الشديدة التحول للون الازرق فالاسود وضمر الجلد والاظافر والغرغرينه
Entity: جلطة الاورده العميقه
Surface form: جلطة الاورده العميقه
Field: answer
Relation context: "
mention::men_llm_0000396,evidence,men_llm_0000396,ent_diseasecondition_8073c16255c6,ahd5k_04630,التهاب الخلوي,"Evidence: مرض الالتهاب الخلوي او الحمره المصاحبه لمرض السكري واذا صاحب ذلك تورم باحد الرجلين دون الاخري يجب وضع احتمال جلطة الاورده العميقه اما تصلب الشرايين فاعراضه الالم مع المشي وفي الحالات الشديدة التحول للون الازرق فالاسود وضمر الجلد والاظافر والغرغرينه
Entity: التهاب الخلوي
Surface form: التهاب الخلوي
Field: answer
Relation context: "
mention::men_llm_0000397,evidence,men_llm_0000397,ent_diseasecondition_380db6d92562,ahd5k_04630,مرض السكري,"Evidence: مرض الالتهاب الخلوي او الحمره المصاحبه لمرض السكري واذا صاحب ذلك تورم باحد الرجلين دون الاخري يجب وضع احتمال جلطة الاورده العميقه اما تصلب الشرايين فاعراضه الالم مع المشي وفي الحالات الشديدة التحول للون الازرق فالاسود وضمر الجلد والاظافر والغرغرينه
Entity: مرض السكري
Surface form: مرض السكري
Field: answer
Relation context: "
mention::men_llm_0000398,evidence,men_llm_0000398,ent_treatment_e601e738b889,ahd5k_04895,هيبارين,"Evidence: هذا دواء مسيّل للدم يفضلّ استعماله داخل المستشفى لأنه يجب مراقبة نسبة سيلان الدم بالتحاليل.
Entity: هيبارين
Surface form: هيبارين
Field: answer
Relation context: "
mention::men_llm_0000399,evidence,men_llm_0000399,ent_treatment_307befae7768,ahd5k_04895,أبر جاهزة للحقن,"Evidence: و يمكن الاستعاضة عنه بأبر جاهزة للحقن حسب الوزن والحالة الصحية أو عبر أدوية بالفم.
Entity: أبر جاهزة للحقن
Surface form: أبر جاهزة للحقن
Field: answer
Relation context: "
mention::men_llm_0000400,evidence,men_llm_0000400,ent_treatment_b036153000f8,ahd5k_04895,أدوية بالفم,"Evidence: و يمكن الاستعاضة عنه بأبر جاهزة للحقن حسب الوزن والحالة الصحية أو عبر أدوية بالفم.
Entity: أدوية بالفم
Surface form: أدوية بالفم
Field: answer
Relation context: "
mention::men_llm_0000401,evidence,men_llm_0000401,ent_diseasecondition_16cf4e77b755,ahd5k_00515,التهاب,"Evidence: التهاب
Entity: التهاب
Surface form: التهاب
Field: question
Relation context: "
mention::men_llm_0000402,evidence,men_llm_0000402,ent_diseasecondition_16cf4e77b755,ahd5k_00656,التهاب,"Evidence: التهاب
Entity: التهاب
Surface form: التهاب
Field: question
Relation context: "
mention::men_llm_0000403,evidence,men_llm_0000403,ent_diseasecondition_16cf4e77b755,ahd5k_01510,التهاب,"Evidence: التهاب
Entity: التهاب
Surface form: التهاب
Field: question
Relation context: "
mention::men_llm_0000404,evidence,men_llm_0000404,ent_diseasecondition_16cf4e77b755,ahd5k_01669,التهاب,"Evidence: التهاب
Entity: التهاب
Surface form: التهاب
Field: question
Relation context: "
mention::men_llm_0000405,evidence,men_llm_0000405,ent_diseasecondition_16cf4e77b755,ahd5k_02719,التهاب,"Evidence: التهاب
Entity: التهاب
Surface form: التهاب
Field: question
Relation context: "
mention::men_llm_0000406,evidence,men_llm_0000406,ent_diseasecondition_16cf4e77b755,ahd5k_02761,التهاب,"Evidence: التهاب
Entity: التهاب
Surface form: التهاب
Field: question
Relation context: "
mention::men_llm_0000407,evidence,men_llm_0000407,ent_diseasecondition_16cf4e77b755,ahd5k_03333,التهاب,"Evidence: التهاب
Entity: التهاب
Surface form: التهاب
Field: question
Relation context: "
mention::men_llm_0000408,evidence,men_llm_0000408,ent_diseasecondition_16cf4e77b755,ahd5k_03501,التهاب,"Evidence: التهاب
Entity: التهاب
Surface form: التهاب
Field: question
Relation context: "
mention::men_llm_0000409,evidence,men_llm_0000409,ent_symptom_b5e5cc252e6a,ahd5k_00515,الضيق التنفسي,"Evidence: ضيق تنفس
Entity: الضيق التنفسي
Surface form: ضيق تنفس
Field: question
Relation context: "
mention::men_llm_0000410,evidence,men_llm_0000410,ent_symptom_b5e5cc252e6a,ahd5k_00656,الضيق التنفسي,"Evidence: ضيق تنفس
Entity: الضيق التنفسي
Surface form: ضيق تنفس
Field: question
Relation context: "
mention::men_llm_0000411,evidence,men_llm_0000411,ent_symptom_b5e5cc252e6a,ahd5k_01510,الضيق التنفسي,"Evidence: ضيق تنفس
Entity: الضيق التنفسي
Surface form: ضيق تنفس
Field: question
Relation context: "
mention::men_llm_0000412,evidence,men_llm_0000412,ent_symptom_b5e5cc252e6a,ahd5k_01669,الضيق التنفسي,"Evidence: ضيق تنفس
Entity: الضيق التنفسي
Surface form: ضيق تنفس
Field: question
Relation context: "
mention::men_llm_0000413,evidence,men_llm_0000413,ent_symptom_b5e5cc252e6a,ahd5k_02719,الضيق التنفسي,"Evidence: ضيق تنفس
Entity: الضيق التنفسي
Surface form: ضيق تنفس
Field: question
Relation context: "
mention::men_llm_0000414,evidence,men_llm_0000414,ent_symptom_b5e5cc252e6a,ahd5k_02761,الضيق التنفسي,"Evidence: ضيق تنفس
Entity: الضيق التنفسي
Surface form: ضيق تنفس
Field: question
Relation context: "
mention::men_llm_0000415,evidence,men_llm_0000415,ent_symptom_b5e5cc252e6a,ahd5k_03333,الضيق التنفسي,"Evidence: ضيق تنفس
Entity: الضيق التنفسي
Surface form: ضيق تنفس
Field: question
Relation context: "
mention::men_llm_0000416,evidence,men_llm_0000416,ent_symptom_7b839cc80688,ahd5k_04898,ضيق تنفس,"Evidence: ضيق نفس في صدري من حين لآخر
Entity: ضيق تنفس
Surface form: ضيق نفس
Field: question
Relation context: "
mention::men_llm_0000417,evidence,men_llm_0000417,ent_symptom_7b839cc80688,ahd5k_04898,ضيق تنفس,"Evidence: احيانا اشعر بضيق النفس
Entity: ضيق تنفس
Surface form: ضيق نفس
Field: question
Relation context: "
mention::men_llm_0000418,evidence,men_llm_0000418,ent_test_0deca3ec9d8b,ahd5k_03958,تلفزيون قلب,"Evidence: قال الطبيب انه عادي
Entity: تلفزيون قلب
Surface form: تخطيط كهربائية القلب
Field: answer
Relation context: "
mention::men_llm_0000419,evidence,men_llm_0000419,ent_test_0deca3ec9d8b,ahd5k_04775,تلفزيون قلب,"Evidence: ذهبت افعل تلفزيون قلب
Entity: تلفزيون قلب
Surface form: تلفزيون قلب
Field: question
Relation context: "
mention::men_llm_0000420,evidence,men_llm_0000420,ent_treatment_2547ab58544d,ahd5k_03958,مضادات القلق,"Evidence: باستخدام مضدات القلق ستتحسن
Entity: مضادات القلق
Surface form: مضادات القلق
Field: answer
Relation context: "
mention::men_llm_0000421,evidence,men_llm_0000421,ent_symptom_b754f1a1e5a8,ahd5k_03737,صداع,"Evidence: شعر بصداع متقطع في النصف الايسر من رأسي كومضات متقطعّة و دوخة و لا استطيع فتح عيني كاملة يظهر التعب على وجهي والاجهاد بالرغم من عدم فعل اي شيء و...
Entity: صداع
Surface form: صداع متقطع
Field: question
Relation context: "
mention::men_llm_0000422,evidence,men_llm_0000422,ent_symptom_b754f1a1e5a8,ahd5k_04265,صداع,"Evidence: عندي ضيق تنفس وبنفس الوقت معه صداع قوي وخفقان في القلب
Entity: صداع
Surface form: صداع قوي
Field: question
Relation context: "
mention::men_llm_0000423,evidence,men_llm_0000423,ent_symptom_7b839cc80688,ahd5k_04265,ضيق تنفس,"Evidence: عندي ضيق تنفس وبنفس الوقت معه صداع قوي وخفقان في القلب
Entity: ضيق تنفس
Surface form: ضيق تنفس
Field: question
Relation context: "
mention::men_llm_0000424,evidence,men_llm_0000424,ent_symptom_f51ef98950a2,ahd5k_00671,قلق,"Evidence: قلق
Entity: قلق
Surface form: قلق
Field: question
Relation context: "
mention::men_llm_0000425,evidence,men_llm_0000425,ent_diseasecondition_af6114123652,ahd5k_04352,ارتخاء الصمام الميترالي,"Evidence: ارتجاع الصمام الميترالي
Entity: ارتخاء الصمام الميترالي
Surface form: ارتجاع الصمام الميترالي
Field: answer
Relation context: "
mention::men_llm_0000426,evidence,men_llm_0000426,ent_test_4b0183158a0f,ahd5k_04352,إيكو,"Evidence: ايكو
Entity: إيكو
Surface form: ايكو
Field: question
Relation context: "
mention::men_llm_0000427,evidence,men_llm_0000427,ent_diseasecondition_16cf4e77b755,ahd5k_04706,التهاب,"Evidence: الم عند الاستيقاظ فى الكليتين
Entity: التهاب
Surface form: الم عند الاستيقاظ فى الكليتين
Field: question
Relation context: التهاب DIAGNOSED_BY تحليل بول. Evidence: عمل تحليل بول | التهاب TREATED_BY الاكثار من شرب الماء. Evidence: الاكثار من شرب الماء"
mention::men_llm_0000428,evidence,men_llm_0000428,ent_test_62f3f553cccf,ahd5k_04706,تحليل بول,"Evidence: عمل تحليل بول
Entity: تحليل بول
Surface form: عمل تحليل بول
Field: answer
Relation context: التهاب DIAGNOSED_BY تحليل بول. Evidence: عمل تحليل بول | التهاب TREATED_BY الاكثار من شرب الماء. Evidence: الاكثار من شرب الماء"
mention::men_llm_0000429,evidence,men_llm_0000429,ent_treatment_839837a8561b,ahd5k_04706,الاكثار من شرب الماء,"Evidence: الاكثار من شرب الماء
Entity: الاكثار من شرب الماء
Surface form: الاكثار من شرب الماء
Field: answer
Relation context: التهاب DIAGNOSED_BY تحليل بول. Evidence: عمل تحليل بول | التهاب TREATED_BY الاكثار من شرب الماء. Evidence: الاكثار من شرب الماء"
mention::men_llm_0000430,evidence,men_llm_0000430,ent_treatment_9318db295dde,ahd5k_00189,الاندرال,"Evidence: الإندرال يمكن أن يُساعد في السيطرة عليها في أحيان كثيرة
Entity: الاندرال
Surface form: الاندرال
Field: answer
Relation context: "
mention::men_llm_0000431,evidence,men_llm_0000431,ent_symptom_38888a2188fe,ahd5k_01574,القلق,"Evidence: بما ان الفحص الطبي كان سليما فلا داعي للقلق
Entity: القلق
Surface form: القلق
Field: answer
Relation context: "
mention::men_llm_0000432,evidence,men_llm_0000432,ent_treatment_5bbcb8e80aef,ahd5k_01375,كريستور,"Evidence: هل حبوب كريستور(rousovastatin) تؤثر على عضلة القلب
Entity: كريستور
Surface form: كريستور
Field: question
Relation context: "
mention::men_llm_0000433,evidence,men_llm_0000433,ent_treatment_1a95beeb72ce,ahd5k_01375,روفسوفاستاتين,"Evidence: هل حبوب كريستور(rousovastatin) تؤثر على عضلة القلب
Entity: روفسوفاستاتين
Surface form: روفسوفاستاتين
Field: question
Relation context: "
mention::men_llm_0000434,evidence,men_llm_0000434,ent_treatment_831958f59880,ahd5k_01990,كلوفينال,"Evidence: اخذت تحميلة من كلوفينال بعد العشاء
Entity: كلوفينال
Surface form: كلوفينال
Field: question
Relation context: "
mention::men_llm_0000435,evidence,men_llm_0000435,ent_symptom_2b9271490fdf,ahd5k_00189,نوبات,"Evidence: ماهي اسباب الضربات الهاجرة في القلب وكيف يمكن علاجها
Entity: نوبات
Surface form: نوبات
Field: question
Relation context: "
mention::men_llm_0000436,evidence,men_llm_0000436,ent_symptom_2b9271490fdf,ahd5k_01574,نوبات,"Evidence: اعاني من ضربات القلب السريعه والقويه
Entity: نوبات
Surface form: نوبات
Field: question
Relation context: "
mention::men_llm_0000437,evidence,men_llm_0000437,ent_diseasecondition_7f3c581aaa3e,ahd5k_01406,ارتكاريا,"Evidence: ارتخاء بالصمام الميترالى
Entity: ارتكاريا
Surface form: ارتخاء بالصمام الميترالى
Field: question
Relation context: "
mention::men_llm_0000438,evidence,men_llm_0000438,ent_symptom_d713f64368d3,ahd5k_00436,ضغط,"Evidence: ضغط والم
Entity: ضغط
Surface form: ضغط والم
Field: question
Relation context: "
mention::men_llm_0000439,evidence,men_llm_0000439,ent_symptom_17b6202362ba,ahd5k_01017,نفخ,"Evidence: صدري ينتفخ
Entity: نفخ
Surface form: صدري ينتفخ
Field: question
Relation context: "
mention::men_llm_0000440,evidence,men_llm_0000440,ent_treatment_9ef7c69bc634,ahd5k_02905,وارفارين,"Evidence: وارفارين
Entity: وارفارين
Surface form: وارفارين
Field: answer
Relation context: "
mention::men_llm_0000441,evidence,men_llm_0000441,ent_treatment_b333a867faf6,ahd5k_02905,الأسبرين,"Evidence: اسبرين
Entity: الأسبرين
Surface form: اسبرين
Field: answer
Relation context: "
mention::men_llm_0000442,evidence,men_llm_0000442,ent_test_433492431144,ahd5k_00436,تحليل الحساسية,"Evidence: تحليل الحساسية
Entity: تحليل الحساسية
Surface form: تحليل الحساسية
Field: answer
Relation context: "
mention::men_llm_0000443,evidence,men_llm_0000443,ent_diseasecondition_16cf4e77b755,ahd5k_03469,التهاب,"Evidence: التهاب
Entity: التهاب
Surface form: التهاب
Field: answer
Relation context: "
mention::men_llm_0000444,evidence,men_llm_0000444,ent_symptom_df03b3e7eef5,ahd5k_03469,النفخ,"Evidence: النفخ
Entity: النفخ
Surface form: النفخ
Field: answer
Relation context: "
mention::men_llm_0000445,evidence,men_llm_0000445,ent_treatment_b333a867faf6,ahd5k_03696,الأسبرين,"Evidence: الأسبرين + البلافيكس
Entity: الأسبرين
Surface form: الأسبرين + البلافيكس
Field: answer
Relation context: الجلطة الدماغية TREATED_BY الأسبرين. Evidence: الأسبرين + البلافيكس"
mention::men_llm_0000446,evidence,men_llm_0000446,ent_diseasecondition_da5565d6842c,ahd5k_03696,الجلطة الدماغية,"Evidence: الجلطة الدماغية
Entity: الجلطة الدماغية
Surface form: الجلطة الدماغية
Field: question
Relation context: الجلطة الدماغية TREATED_BY الأسبرين. Evidence: الأسبرين + البلافيكس"
mention::men_llm_0000447,evidence,men_llm_0000447,ent_diseasecondition_2e5268a07754,ahd5k_00391,تضيق الشرايين,"Evidence: انسداد في ٣ شرايين ومشكله في الصمام
Entity: تضيق الشرايين
Surface form: انسداد في ٣ شرايين
Field: question
Relation context: "
mention::men_llm_0000448,evidence,men_llm_0000448,ent_diseasecondition_2e5268a07754,ahd5k_01704,تضيق الشرايين,"Evidence: تصلب 3 من شرايين القلب
Entity: تضيق الشرايين
Surface form: تصلب 3 من شرايين القلب
Field: question
Relation context: "
mention::men_llm_0000449,evidence,men_llm_0000449,ent_diseasecondition_de01cca177b2,ahd5k_00391,صمام القلب,"Evidence: مشكله في الصمام
Entity: صمام القلب
Surface form: صمام
Field: question
Relation context: "
mention::men_llm_0000450,evidence,men_llm_0000450,ent_diseasecondition_de01cca177b2,ahd5k_02217,صمام القلب,"Evidence: تشوه خلقي في صمام القلب
Entity: صمام القلب
Surface form: صمام القلب
Field: question
Relation context: "
mention::men_llm_0000451,evidence,men_llm_0000451,ent_diseasecondition_16cf4e77b755,ahd5k_02768,التهاب,"Evidence: التهاب أو اضطراب الغة الدرقية
Entity: التهاب
Surface form: التهاب
Field: answer
Relation context: "
mention::men_llm_0000452,evidence,men_llm_0000452,ent_diseasecondition_b2548ad0e103,ahd5k_02768,اضطراب الغدة الدرقية,"Evidence: التهاب أو اضطراب الغة الدرقية
Entity: اضطراب الغدة الدرقية
Surface form: اضطراب الغة الدرقية
Field: answer
Relation context: "
mention::men_llm_0000453,evidence,men_llm_0000453,ent_diseasecondition_fab2e100965e,ahd5k_02768,اضطرابات كهربية قلبية,"Evidence: اضطرابات كهربية قلبية
Entity: اضطرابات كهربية قلبية
Surface form: اضطرابات كهربية قلبية
Field: answer
Relation context: "
mention::men_llm_0000454,evidence,men_llm_0000454,ent_diseasecondition_532d066568cb,ahd5k_00924,النسيج,"Evidence: نمو سريع للنسيج فوق الدعامات
Entity: النسيج
Surface form: نسيج
Field: answer
Relation context: "
mention::men_llm_0000455,evidence,men_llm_0000455,ent_diseasecondition_9efe983f86e2,ahd5k_00924,الجلطات,"Evidence: جلطات في الموقع
Entity: الجلطات
Surface form: جلطات
Field: answer
Relation context: "
mention::men_llm_0000456,evidence,men_llm_0000456,ent_diseasecondition_77d1494eeb4a,ahd5k_00924,النسيج المحيط,"Evidence: توفر حافة كافية من الأنسجة المحيطة بالفتحة
Entity: النسيج المحيط
Surface form: نسيج محيط
Field: answer
Relation context: "
mention::men_llm_0000457,evidence,men_llm_0000457,ent_diseasecondition_bad4a78d1afb,ahd5k_00924,النسيج فوق الدعامات,"Evidence: نمو سريع للنسيج فوق الدعامات
Entity: النسيج فوق الدعامات
Surface form: نسيج فوق
Field: answer
Relation context: "
mention::men_llm_0000458,evidence,men_llm_0000458,ent_diseasecondition_1624385f1d65,ahd5k_00924,النسيج المحيط بالفتحة,"Evidence: توفر حافة كافية من الأنسجة المحيطة بالفتحة
Entity: النسيج المحيط بالفتحة
Surface form: نسيج محيط بالفتحة
Field: answer
Relation context: "
mention::men_llm_0000459,evidence,men_llm_0000459,ent_diseasecondition_45b76d151316,ahd5k_03965,الضيق البسيط,"Evidence: ضيق في الشريان الاورطي
Entity: الضيق البسيط
Surface form: ضيق في الشريان الاورطي
Field: question
Relation context: "
mention::men_llm_0000460,evidence,men_llm_0000460,ent_diseasecondition_6eb03902c623,ahd5k_04533,السكري,"Evidence: السكري
Entity: السكري
Surface form: السكري
Field: answer
Relation context: "
mention::men_llm_0000461,evidence,men_llm_0000461,ent_diseasecondition_765c9fdd4495,ahd5k_04533,الفشل القلبي اللامُعاوَض,"Evidence: فشل القلب المكتسب
Entity: الفشل القلبي اللامُعاوَض
Surface form: فشل القلب المكتسب
Field: answer
Relation context: "
mention::men_llm_0000462,evidence,men_llm_0000462,ent_symptom_e276c7fd7e33,ahd5k_04533,النزف,"Evidence: النزف
Entity: النزف
Surface form: النزف
Field: answer
Relation context: "
mention::men_llm_0000463,evidence,men_llm_0000463,ent_symptom_f28c266dc478,ahd5k_04533,المضاعفات الوعائية,"Evidence: المضاعفات الوعائية
Entity: المضاعفات الوعائية
Surface form: المضاعفات الوعائية
Field: answer
Relation context: "
mention::men_llm_0000464,evidence,men_llm_0000464,ent_symptom_d0d35afb979b,ahd5k_04533,الحساسية على الوسط التَبايُنِيّ,"Evidence: الحساسية على الوسط التبايني
Entity: الحساسية على الوسط التَبايُنِيّ
Surface form: الحساسية على الوسط التبايني
Field: answer
Relation context: "
mention::men_llm_0000465,evidence,men_llm_0000465,ent_symptom_6ff36e848606,ahd5k_04533,الحادِث الوِعائيٌّ الدِمَاغِيّ,"Evidence: الحادث الوَعائيّ الدِمَاغِيّ
Entity: الحادِث الوِعائيٌّ الدِمَاغِيّ
Surface form: الحادث الوَعائيّ الدِمَاغِيّ
Field: answer
Relation context: "
mention::men_llm_0000466,evidence,men_llm_0000466,ent_symptom_5dc2556b8338,ahd5k_04533,الوفاة,"Evidence: الوفاة
Entity: الوفاة
Surface form: الوفاة
Field: answer
Relation context: "
mention::men_llm_0000467,evidence,men_llm_0000467,ent_test_27c861759100,ahd5k_04970,القسطرة التشخيصية,"Evidence: القسطرة التشخيصية
Entity: القسطرة التشخيصية
Surface form: القسطرة التشخيصية
Field: question
Relation context: "
mention::men_llm_0000468,evidence,men_llm_0000468,ent_treatment_2223a55c026b,ahd5k_02957,العمليات القلبية المفتوحة,"Evidence: عمليات القلب المفتوحة كثيرة
Entity: العمليات القلبية المفتوحة
Surface form: عمليات القلب المفتوحة
Field: answer
Relation context: "
mention::men_llm_0000469,evidence,men_llm_0000469,ent_treatment_9a36b616695e,ahd5k_02957,تبديل الصمامات,"Evidence: تبديل الصمامات
Entity: تبديل الصمامات
Surface form: تبديل الصمامات
Field: answer
Relation context: "
mention::men_llm_0000470,evidence,men_llm_0000470,ent_diseasecondition_2f75d3dabe0b,ahd5k_00994,حساسية,"Evidence: حساسية أو استجابة جسدية غير ملائمة
Entity: حساسية
Surface form: حساسية
Field: answer
Relation context: "
mention::men_llm_0000471,evidence,men_llm_0000471,ent_diseasecondition_2f75d3dabe0b,ahd5k_01236,حساسية,"Evidence: حساسية أو خلل تقني
Entity: حساسية
Surface form: حساسية
Field: answer
Relation context: "
mention::men_llm_0000472,evidence,men_llm_0000472,ent_diseasecondition_16cf4e77b755,ahd5k_00994,التهاب,"Evidence: التهاب
Entity: التهاب
Surface form: التهاب
Field: answer
Relation context: "
mention::men_llm_0000473,evidence,men_llm_0000473,ent_test_dd68aa784555,ahd5k_00994,تحاليل مخبرية,"Evidence: تحاليل مخبرية
Entity: تحاليل مخبرية
Surface form: تحاليل مخبرية
Field: answer
Relation context: "
mention::men_llm_0000474,evidence,men_llm_0000474,ent_diseasecondition_db17a406c72e,ahd5k_02399,ارتفاع ضغط الدم,"Evidence: ارتفاع ضغط الدم
Entity: ارتفاع ضغط الدم
Surface form: ارتفاع ضغط الدم
Field: answer
Relation context: "
mention::men_llm_0000475,evidence,men_llm_0000475,ent_treatment_d9340b6ee231,ahd5k_02399,عمليه قلب مفتوح,"Evidence: عمليه قلب مفتوح
Entity: عمليه قلب مفتوح
Surface form: عمليه قلب مفتوح
Field: question
Relation context: "
mention::men_llm_0000476,evidence,men_llm_0000476,ent_diseasecondition_380db6d92562,ahd5k_01294,مرض السكري,"Evidence: مرض السكري وضغط الدمز
Entity: مرض السكري
Surface form: مرض السكري
Field: answer
Relation context: مرض السكري HAS_SYMPTOM ضغط الدم. Evidence: مرض السكري وضغط الدمز"
mention::men_llm_0000477,evidence,men_llm_0000477,ent_diseasecondition_380db6d92562,ahd5k_02607,مرض السكري,"Evidence: مرض السكري وضغط الدم
Entity: مرض السكري
Surface form: مرض السكري
Field: answer
Relation context: مرض السكري HAS_SYMPTOM ضغط الدم. Evidence: مرض السكري وضغط الدم"
mention::men_llm_0000478,evidence,men_llm_0000478,ent_diseasecondition_380db6d92562,ahd5k_03015,مرض السكري,"Evidence: معها السكري
Entity: مرض السكري
Surface form: مرض السكري
Field: answer
Relation context: "
mention::men_llm_0000479,evidence,men_llm_0000479,ent_diseasecondition_380db6d92562,ahd5k_04912,مرض السكري,"Evidence: مع العلم أن المريض يعاني من مرض السكر
Entity: مرض السكري
Surface form: مرض السكري
Field: answer
Relation context: مرض السكري HAS_SYMPTOM ضغط الدم. Evidence: مع العلم أن المريض يعاني من مرض السكر"
mention::men_llm_0000480,evidence,men_llm_0000480,ent_symptom_724e59ded899,ahd5k_01294,ضغط الدم,"Evidence: مرض السكري وضغط الدمز
Entity: ضغط الدم
Surface form: ضغط الدمز
Field: answer
Relation context: مرض السكري HAS_SYMPTOM ضغط الدم. Evidence: مرض السكري وضغط الدمز"
mention::men_llm_0000481,evidence,men_llm_0000481,ent_symptom_724e59ded899,ahd5k_02607,ضغط الدم,"Evidence: مرض السكري وضغط الدم
Entity: ضغط الدم
Surface form: ضغط الدم
Field: answer
Relation context: مرض السكري HAS_SYMPTOM ضغط الدم. Evidence: مرض السكري وضغط الدم"
mention::men_llm_0000482,evidence,men_llm_0000482,ent_symptom_724e59ded899,ahd5k_04912,ضغط الدم,"Evidence: ضغط الدم
Entity: ضغط الدم
Surface form: ضغط
Field: answer
Relation context: مرض السكري HAS_SYMPTOM ضغط الدم. Evidence: مع العلم أن المريض يعاني من مرض السكر"
mention::men_llm_0000483,evidence,men_llm_0000483,ent_treatment_e9980cc1f2a6,ahd5k_01294,عملية القلب المفتوح,"Evidence: عملية قلب مفتوح وتبديل صمام الابهر
Entity: عملية القلب المفتوح
Surface form: عملية قلب مفتوح
Field: answer
Relation context: مرض السكري HAS_SYMPTOM ضغط الدم. Evidence: مرض السكري وضغط الدمز"
mention::men_llm_0000484,evidence,men_llm_0000484,ent_treatment_e9980cc1f2a6,ahd5k_03015,عملية القلب المفتوح,"Evidence: عملية القلب المفتوح دون تغيير صمامات
Entity: عملية القلب المفتوح
Surface form: عملية القلب المفتوح
Field: answer
Relation context: "
mention::men_llm_0000485,evidence,men_llm_0000485,ent_test_dd68aa784555,ahd5k_01294,تحاليل مخبرية,"Evidence: لا نعرف نوع الصمام ولا حالتها السريرية بعد العملية والتي على أساسها سيتم تحديد الدواء الذي ينبغي وصفه
Entity: تحاليل مخبرية
Surface form: تحاليل مخبرية
Field: answer
Relation context: مرض السكري HAS_SYMPTOM ضغط الدم. Evidence: مرض السكري وضغط الدمز"
mention::men_llm_0000486,evidence,men_llm_0000486,ent_diseasecondition_9719230327a2,ahd5k_00855,فقر الدم,"Evidence: فقر الدم أو اضطرابات دموية أو متعلقة بجهاز الدورة الدموية
Entity: فقر الدم
Surface form: فقر الدم
Field: answer
Relation context: "
mention::men_llm_0000487,evidence,men_llm_0000487,ent_diseasecondition_16cf4e77b755,ahd5k_00855,التهاب,"Evidence: التهاب في الجهاز التنفسي
Entity: التهاب
Surface form: التهاب
Field: answer
Relation context: "
mention::men_llm_0000488,evidence,men_llm_0000488,ent_test_f1846b201f26,ahd5k_00855,فحص,"Evidence: اجراء فحص للكشف عن أي علامات سريرية
Entity: فحص
Surface form: فحص
Field: answer
Relation context: "
mention::men_llm_0000489,evidence,men_llm_0000489,ent_symptom_fd750eeb2865,ahd5k_01537,انتفاخ,"Evidence: انتفاخ بالوجه
Entity: انتفاخ
Surface form: انتفاخ بالوجه
Field: question
Relation context: انتفاخ INVESTIGATED_BY اشعة. Evidence: اشعة بالصبغة | وجع INVESTIGATED_BY اشعة. Evidence: اشعة بالصبغة"
mention::men_llm_0000490,evidence,men_llm_0000490,ent_symptom_42ad4acdebc5,ahd5k_01537,وجع,"Evidence: وجع بالجسم
Entity: وجع
Surface form: وجع بالجسم
Field: question
Relation context: انتفاخ INVESTIGATED_BY اشعة. Evidence: اشعة بالصبغة | وجع INVESTIGATED_BY اشعة. Evidence: اشعة بالصبغة"
mention::men_llm_0000491,evidence,men_llm_0000491,ent_test_c4cfd2d6468c,ahd5k_01537,أشعة,"Evidence: اشعة بالصبغة
Entity: أشعة
Surface form: اشعة بالصبغة
Field: question
Relation context: انتفاخ INVESTIGATED_BY اشعة. Evidence: اشعة بالصبغة | وجع INVESTIGATED_BY اشعة. Evidence: اشعة بالصبغة"
mention::men_llm_0000492,evidence,men_llm_0000492,ent_treatment_8726a85ab84a,ahd5k_03801,مركب دعامة عادية,"Evidence: يمكنك ذلك ولكن بالمتابعة مع طبيبك من خلال الزيارات الرتينية له يمكنك الطلب إليه عمل تصوير بالموجات الفوق صوتية لكي تطمئن
Entity: مركب دعامة عادية
Surface form: مركب دعامة عادية فى الشريان التاجى بقالى 4سنوات
Field: answer
Relation context: "
mention::men_llm_0000493,evidence,men_llm_0000493,ent_diseasecondition_4393a2bf88a6,ahd5k_03801,سكر,"Evidence: مركب دعامة عادية فى الشريان التاجى بقالى 4سنوات مع العلم انى مريض سكر
Entity: سكر
Surface form: مريض سكر
Field: question
Relation context: "
mention::men_llm_0000494,evidence,men_llm_0000494,ent_test_2fa028778221,ahd5k_03801,تصوير بالموجات الفوق صوتية,"Evidence: يمكنك ذلك ولكن بالمتابعة مع طبيبك من خلال الزيارات الرتينية له يمكنك الطلب إليه عمل تصوير بالموجات الفوق صوتية لكي تطمئن
Entity: تصوير بالموجات الفوق صوتية
Surface form: عمل تصوير بالموجات الفوق صوتية
Field: answer
Relation context: "
mention::men_llm_0000495,evidence,men_llm_0000495,ent_diseasecondition_16cf4e77b755,ahd5k_01558,التهاب,"Evidence: التهاب المسالك البوليه
Entity: التهاب
Surface form: التهاب المسالك البوليه
Field: question
Relation context: "
mention::men_llm_0000496,evidence,men_llm_0000496,ent_diseasecondition_b774b131180f,ahd5k_01558,ارتفاع الكلسترول,"Evidence: ارتفاع الكلسترول والدهون الثلاثيه
Entity: ارتفاع الكلسترول
Surface form: ارتفاع الكلسترول والدهون الثلاثيه
Field: question
Relation context: "
mention::men_llm_0000497,evidence,men_llm_0000497,ent_diseasecondition_8ae017ffaf32,ahd5k_01372,الانفلوانزا,"Evidence: الانفلوانزا
Entity: الانفلوانزا
Surface form: الانفلوانزا
Field: question
Relation context: "
mention::men_llm_0000498,evidence,men_llm_0000498,ent_diseasecondition_da5565d6842c,ahd5k_03846,الجلطة الدماغية,"Evidence: الجلطة الدماغية
Entity: الجلطة الدماغية
Surface form: الجلطة الدماغية
Field: question
Relation context: "
mention::men_llm_0000499,evidence,men_llm_0000499,ent_treatment_639e625fe991,ahd5k_03223,الزنجبيل,"Evidence: الزنجبيل
Entity: الزنجبيل
Surface form: الزنجبيل
Field: answer
Relation context: "
mention::men_llm_0000500,evidence,men_llm_0000500,ent_treatment_fe1881a70477,ahd5k_03846,دواء الpradaxa,"Evidence: دواء الpradaxa
Entity: دواء الpradaxa
Surface form: دواء الpradaxa
Field: question
Relation context: "
mention::men_llm_0000501,evidence,men_llm_0000501,ent_treatment_b3c222de947d,ahd5k_03846,Dabigatran,"Evidence: Dabigatran
Entity: Dabigatran
Surface form: Dabigatran
Field: question
Relation context: "
mention::men_llm_0000502,evidence,men_llm_0000502,ent_treatment_441dfb50ce30,ahd5k_03846,AspicotK,"Evidence: AspicotK
Entity: AspicotK
Surface form: AspicotK
Field: question
Relation context: "
mention::men_llm_0000503,evidence,men_llm_0000503,ent_treatment_7e88513b3bf7,ahd5k_03846,Acetyl Salicylic Acid,"Evidence: Acetyl Salicylic Acid
Entity: Acetyl Salicylic Acid
Surface form: Acetyl Salicylic Acid
Field: question
Relation context: "
mention::men_llm_0000504,evidence,men_llm_0000504,ent_diseasecondition_2f75d3dabe0b,ahd5k_00010,حساسية,"Evidence: حساسية
Entity: حساسية
Surface form: حساسية
Field: question
Relation context: حساسية HAS_SYMPTOM ضيق تنفس. Evidence: حساسية تسبب ضيق تنفس"
mention::men_llm_0000505,evidence,men_llm_0000505,ent_diseasecondition_2f75d3dabe0b,ahd5k_00864,حساسية,"Evidence: حساسية الصدر
Entity: حساسية
Surface form: حساسية الصدر
Field: question
Relation context: حساسية DIAGNOSED_BY تحليل الحساسية. Evidence: تحليل الحساسية يُستخدم لتشخيص حساسية الصدر"
mention::men_llm_0000506,evidence,men_llm_0000506,ent_symptom_7b839cc80688,ahd5k_00010,ضيق تنفس,"Evidence: ضيق تنفس
Entity: ضيق تنفس
Surface form: ضيق تنفس
Field: question
Relation context: حساسية HAS_SYMPTOM ضيق تنفس. Evidence: حساسية تسبب ضيق تنفس"
mention::men_llm_0000507,evidence,men_llm_0000507,ent_test_433492431144,ahd5k_00864,تحليل الحساسية,"Evidence: تحليل الحساسية
Entity: تحليل الحساسية
Surface form: تحليل الحساسية
Field: answer
Relation context: حساسية DIAGNOSED_BY تحليل الحساسية. Evidence: تحليل الحساسية يُستخدم لتشخيص حساسية الصدر"
mention::men_llm_0000508,evidence,men_llm_0000508,ent_treatment_d4184001686f,ahd5k_02818,الجوارب,"Evidence: الجوارب
Entity: الجوارب
Surface form: الجوارب
Field: answer
Relation context: "
mention::men_llm_0000509,evidence,men_llm_0000509,ent_diseasecondition_385230d505f3,ahd5k_03671,تهاب,"Evidence: حمى روماتزميه
Entity: تهاب
Surface form: تهاب
Field: answer
Relation context: "
mention::men_llm_0000510,evidence,men_llm_0000510,ent_symptom_7b839cc80688,ahd5k_03671,ضيق تنفس,"Evidence: ضيق بسيط في الصمام الميترالي
Entity: ضيق تنفس
Surface form: ضيق بسيط في الصمام الميترالي
Field: question
Relation context: "
mention::men_llm_0000511,evidence,men_llm_0000511,ent_treatment_4b104e5e7744,ahd5k_03671,عمليه توسيع,"Evidence: عمليه توسيع بالبلونه
Entity: عمليه توسيع
Surface form: عمليه توسيع بالبلونه
Field: answer
Relation context: "
mention::men_llm_0000512,evidence,men_llm_0000512,ent_diseasecondition_677ee50113db,ahd5k_04045,كلسترول,"Evidence: 220
Entity: كلسترول
Surface form: كلسترول
Field: question
Relation context: "
mention::men_llm_0000513,evidence,men_llm_0000513,ent_diseasecondition_93017f24bceb,ahd5k_04045,دهون ثلاثية,"Evidence: 320
Entity: دهون ثلاثية
Surface form: دهون ثلاثية
Field: question
Relation context: "
mention::men_llm_0000514,evidence,men_llm_0000514,ent_treatment_1d3c5ceebc05,ahd5k_04900,عمليه نقل شريان,"Evidence: عمليه نقل شريان من الرجل اليمنى الى الذراع الايسر
Entity: عمليه نقل شريان
Surface form: عمليه نقل شريان من الرجل اليمنى الى الذراع الايسر
Field: question
Relation context: "
mention::men_llm_0000515,evidence,men_llm_0000515,ent_diseasecondition_16cf4e77b755,ahd5k_01099,التهاب,"Evidence: التهابات نسائيه
Entity: التهاب
Surface form: التهابات نسائيه
Field: answer
Relation context: التهاب HAS_SYMPTOM حرقه. Evidence: التهابات نسائيه تسبب حرقه في المهبل"
mention::men_llm_0000516,evidence,men_llm_0000516,ent_diseasecondition_7abdd04c7114,ahd5k_01099,الحمل,"Evidence: حمل الأنابيب
Entity: الحمل
Surface form: حمل الأنابيب
Field: question
Relation context: التهاب HAS_SYMPTOM حرقه. Evidence: التهابات نسائيه تسبب حرقه في المهبل"
mention::men_llm_0000517,evidence,men_llm_0000517,ent_symptom_ecf500c8beea,ahd5k_01099,حرقه,"Evidence: حرقه في المهبل
Entity: حرقه
Surface form: حرقه
Field: question
Relation context: التهاب HAS_SYMPTOM حرقه. Evidence: التهابات نسائيه تسبب حرقه في المهبل"
mention::men_llm_0000518,evidence,men_llm_0000518,ent_diseasecondition_7abdd04c7114,ahd5k_01629,الحمل,"Evidence: تعتمد نسبة نجاح طفل الأنابيب على عدة عوامل
Entity: الحمل
Surface form: حمل الأنابيب
Field: answer
Relation context: التدخين INVESTIGATED_BY الحيوانات المنوية. Evidence: سلامة الحيوانات المنوية للزوج"
mention::men_llm_0000519,evidence,men_llm_0000519,ent_diseasecondition_7abdd04c7114,ahd5k_01629,الحمل,"Evidence: تعتمد نسبة نجاح طفل الأنابيب على عدة عوامل
Entity: الحمل
Surface form: أطفال الأنابيب
Field: answer
Relation context: التدخين INVESTIGATED_BY الحيوانات المنوية. Evidence: سلامة الحيوانات المنوية للزوج"
mention::men_llm_0000520,evidence,men_llm_0000520,ent_diseasecondition_7abdd04c7114,ahd5k_04875,الحمل,"Evidence: قد قمت باجراء اطفال الانابيب لكن لم تنجح
Entity: الحمل
Surface form: أطفال الانابيب
Field: question
Relation context: "
mention::men_llm_0000521,evidence,men_llm_0000521,ent_symptom_215297000d7a,ahd5k_01629,التدخين,"Evidence: نمط الحياة والعادات المتبعة، مثل التدخين
Entity: التدخين
Surface form: التدخين
Field: answer
Relation context: التدخين INVESTIGATED_BY الحيوانات المنوية. Evidence: سلامة الحيوانات المنوية للزوج"
mention::men_llm_0000522,evidence,men_llm_0000522,ent_test_51926b4c8cd0,ahd5k_01629,الحيوانات المنوية,"Evidence: سلامة الحيوانات المنوية للزوج
Entity: الحيوانات المنوية
Surface form: حيوانات منوية
Field: answer
Relation context: التدخين INVESTIGATED_BY الحيوانات المنوية. Evidence: سلامة الحيوانات المنوية للزوج"
mention::men_llm_0000523,evidence,men_llm_0000523,ent_treatment_330cd62c6e95,ahd5k_01629,المركز العلاجي,"Evidence: تقنية المتبعة في المركز العلاجي
Entity: المركز العلاجي
Surface form: مركز العلاجي
Field: answer
Relation context: التدخين INVESTIGATED_BY الحيوانات المنوية. Evidence: سلامة الحيوانات المنوية للزوج"
mention::men_llm_0000524,evidence,men_llm_0000524,ent_symptom_018ebc11f6df,ahd5k_02142,حمى,"Evidence: لذلك يفضل عند عمل التحليل للسائل المنوي اولا ان يتم وضع كامل العينة وخاصة اولها في العبوة المخصصة لذلك واما بالنسبة للحرارة فاضل حرارة ملائمة لنقل السائل المنوي هي من 25-37 مؤية ويفضل ان لا يستغرق زمن اكثر من 30 دقيقة لوصول العينة للمختبر.
Entity: حمى
Surface form: حمى
Field: answer
Relation context: "
mention::men_llm_0000525,evidence,men_llm_0000525,ent_test_263ea3437869,ahd5k_01925,تحليل AMH,"Evidence: تحليل AMH ليس له علاقة بنجاح او فشل محاولة الاخصاب خارج الجسم
Entity: تحليل AMH
Surface form: تحليل AMH
Field: answer
Relation context: "
mention::men_llm_0000526,evidence,men_llm_0000526,ent_treatment_318e308e2e2c,ahd5k_01925,IVF,"Evidence: هل يجب القيام بتحليل AMH قبل القيام ب IVF
Entity: IVF
Surface form: IVF
Field: question
Relation context: "
mention::men_llm_0000527,evidence,men_llm_0000527,ent_diseasecondition_a69e12c09129,ahd5k_04038,تكيس المابيض,"Evidence: تبين عندي بداية تكيس المابيض
Entity: تكيس المابيض
Surface form: بداية تكيس المابيض
Field: question
Relation context: "
mention::men_llm_0000528,evidence,men_llm_0000528,ent_treatment_ad1d7aa378fb,ahd5k_04038,حبوب حامض الفوليك,"Evidence: نتناول حبوب حامض الفوليك لسلامة الاجنة
Entity: حبوب حامض الفوليك
Surface form: حبوب حامض الفوليك
Field: answer
Relation context: "
mention::men_llm_0000529,evidence,men_llm_0000529,ent_diseasecondition_2f75d3dabe0b,ahd5k_00931,حساسية,"Evidence: لا تؤثر الابر الهرمونية على زيادة الوزن فقط في فترة اخذهم قد يتم تجمع بعض السوائل في الجسم ولكن في حال الانتهاء من الابر يعود الجسم لوضعه الطبيعي
Entity: حساسية
Surface form: حساسية
Field: answer
Relation context: "
mention::men_llm_0000530,evidence,men_llm_0000530,ent_symptom_f4cf885a0447,ahd5k_01584,سعال,"Evidence: لا ياسيدتي لايوجد هكدا سبب للطرح المتكرر وعليك تحديد مشكلتك لي بالتفصيل دابراهيم الهنداوي مستشار العقم واطفال الانابيب 00962776420095-الاردن
Entity: سعال
Surface form: سعال
Field: answer
Relation context: "
mention::men_llm_0000531,evidence,men_llm_0000531,ent_diseasecondition_250910ab0701,ahd5k_00931,حساسية الصدر,"Evidence: لا تؤثر الابر الهرمونية على زيادة الوزن فقط في فترة اخذهم قد يتم تجمع بعض السوائل في الجسم ولكن في حال الانتهاء من الابر يعود الجسم لوضعه الطبيعي
Entity: حساسية الصدر
Surface form: حساسية الصدر
Field: answer
Relation context: "
mention::men_llm_0000532,evidence,men_llm_0000532,ent_diseasecondition_ce9ff22d8fac,ahd5k_01770,البرونكيتيس,"Evidence: حسب الخبرات والدراسات التي تشير انه لا يوجد اي تأثير مضر للهرمونات المستخدمة في تنشيط الاباضة نتمنى لك كل التوفيق
Entity: البرونكيتيس
Surface form: البرونكيتيس
Field: answer
Relation context: "
mention::men_llm_0000533,evidence,men_llm_0000533,ent_treatment_38ccbae05698,ahd5k_02139,التلقيح الاصطناعي,"Evidence: من المعروف ان نسب النجاح بالتلقيح الاصطناعي لا تتعدى 25%اي انها تبقى افضل بكثير من الجماع الطبيعي واذا كانت عينة زوجكم اقل من 10 ملاين فالافضل اجراء طفل الانبوب الاخصاب خارج الجسم بالاستعمال الحقن المجهري للبويضة
Entity: التلقيح الاصطناعي
Surface form: التلقيح الاصطناعي
Field: answer
Relation context: "
mention::men_llm_0000534,evidence,men_llm_0000534,ent_symptom_3600b8bcb53e,ahd5k_01128,الجوع,"Evidence: شعور الطفل بالجوع
Entity: الجوع
Surface form: شعور بالجوع
Field: answer
Relation context: الجوع TREATED_BY الطعام. Evidence: الطعام"
mention::men_llm_0000535,evidence,men_llm_0000535,ent_treatment_60ce765ad441,ahd5k_01128,الطعام,"Evidence: الطعام
Entity: الطعام
Surface form: الطعام
Field: answer
Relation context: الجوع TREATED_BY الطعام. Evidence: الطعام"
mention::men_llm_0000536,evidence,men_llm_0000536,ent_treatment_df23e36cac5c,ahd5k_01128,اللعب,"Evidence: اللعب
Entity: اللعب
Surface form: اللعب
Field: answer
Relation context: الجوع TREATED_BY الطعام. Evidence: الطعام"
mention::men_llm_0000537,evidence,men_llm_0000537,ent_diseasecondition_16cf4e77b755,ahd5k_01836,التهاب,"Evidence: التقيوء بيكون بشكل نفوره وقذف وبكاء بعدها وليكون غالبا اثناء النوم مع وجود سعال وعانى من نغس الشىء منذ الولادة وكان...
Entity: التهاب
Surface form: التهاب
Field: question
Relation context: "
mention::men_llm_0000538,evidence,men_llm_0000538,ent_diseasecondition_16cf4e77b755,ahd5k_03986,التهاب,"Evidence: التهاب اللوز
Entity: التهاب
Surface form: التهاب
Field: question
Relation context: "
mention::men_llm_0000539,evidence,men_llm_0000539,ent_diseasecondition_2f75d3dabe0b,ahd5k_01836,حساسية,"Evidence: التقيوء بيكون بشكل نفوره وقذف وبكاء بعدها وليكون غالبا اثناء النوم مع وجود سعال وعانى من نغس الشىء منذ الولادة وكان...
Entity: حساسية
Surface form: حساسية
Field: question
Relation context: "
mention::men_llm_0000540,evidence,men_llm_0000540,ent_treatment_43526f78a371,ahd5k_01836,مضاد حيوي,"Evidence: إعطائك بعض النصائح أو العلاجات إذا لزم لعلاج الإرتداد المعوي
Entity: مضاد حيوي
Surface form: مضاد حيوي
Field: answer
Relation context: "
mention::men_llm_0000541,evidence,men_llm_0000541,ent_treatment_43526f78a371,ahd5k_03986,مضاد حيوي,"Evidence: إعطائك بعض النصائح أو العلاجات إذا لزم لعلاج الإرتداد المعوي
Entity: مضاد حيوي
Surface form: مضاد حيوي
Field: answer
Relation context: "
mention::men_llm_0000542,evidence,men_llm_0000542,ent_symptom_c42bbeabdb83,ahd5k_00568,الزراق,"Evidence: الزراق و بعض الحالات التي قد تؤدي للزراق
Entity: الزراق
Surface form: الزراق
Field: question
Relation context: الحمل HAS_SYMPTOM الزراق. Evidence: بعض الحالات المرضية مثل امراض القلب والشرايين , او امراض الجهاو التنفسي التي قد تؤدي الة ضيق النفس ونقص الاكسجين وبالتالي الزراق"
mention::men_llm_0000543,evidence,men_llm_0000543,ent_diseasecondition_7abdd04c7114,ahd5k_00568,الحمل,"Evidence: بعض الحالات المرضية مثل امراض القلب والشرايين , او امراض الجهاو التنفسي التي قد تؤدي الة ضيق النفس ونقص الاكسجين وبالتالي الزراق و بعض الحالات التي قد تؤدي للزراق مثل كثرة الملابس التي يرتديها الطفل او بسبب شدة برودة الطقس او برودة الماء عند الاستحمام .
Entity: الحمل
Surface form: الحمل
Field: answer
Relation context: الحمل HAS_SYMPTOM الزراق. Evidence: بعض الحالات المرضية مثل امراض القلب والشرايين , او امراض الجهاو التنفسي التي قد تؤدي الة ضيق النفس ونقص الاكسجين وبالتالي الزراق"
mention::men_llm_0000544,evidence,men_llm_0000544,ent_diseasecondition_7abdd04c7114,ahd5k_03809,الحمل,"Evidence: الحبوب منع الحمل
Entity: الحمل
Surface form: الحمل
Field: question
Relation context: "
mention::men_llm_0000545,evidence,men_llm_0000545,ent_symptom_7b297d9851d1,ahd5k_00568,الملابس,"Evidence: بعض الحالات التي قد تؤدي للزراق مثل كثرة الملابس التي يرتديها الطفل او بسبب شدة برودة الطقس او برودة الماء عند الاستحمام .
Entity: الملابس
Surface form: كثرة الملابس
Field: answer
Relation context: الحمل HAS_SYMPTOM الزراق. Evidence: بعض الحالات المرضية مثل امراض القلب والشرايين , او امراض الجهاو التنفسي التي قد تؤدي الة ضيق النفس ونقص الاكسجين وبالتالي الزراق"
mention::men_llm_0000546,evidence,men_llm_0000546,ent_symptom_d76ebd36291e,ahd5k_00568,برودة الماء,"Evidence: بعض الحالات التي قد تؤدي للزراق مثل كثرة الملابس التي يرتديها الطفل او بسبب شدة برودة الطقس او برودة الماء عند الاستحمام .
Entity: برودة الماء
Surface form: برودة الماء
Field: answer
Relation context: الحمل HAS_SYMPTOM الزراق. Evidence: بعض الحالات المرضية مثل امراض القلب والشرايين , او امراض الجهاو التنفسي التي قد تؤدي الة ضيق النفس ونقص الاكسجين وبالتالي الزراق"
mention::men_llm_0000547,evidence,men_llm_0000547,ent_symptom_9462c717910d,ahd5k_00568,برودة الطقس,"Evidence: بعض الحالات التي قد تؤدي للزراق مثل كثرة الملابس التي يرتديها الطفل او بسبب شدة برودة الطقس او برودة الماء عند الاستحمام .
Entity: برودة الطقس
Surface form: برودة الطقس
Field: answer
Relation context: الحمل HAS_SYMPTOM الزراق. Evidence: بعض الحالات المرضية مثل امراض القلب والشرايين , او امراض الجهاو التنفسي التي قد تؤدي الة ضيق النفس ونقص الاكسجين وبالتالي الزراق"
mention::men_llm_0000548,evidence,men_llm_0000548,ent_treatment_3bca745f3196,ahd5k_03809,الحبوب منع الحمل,"Evidence: الحبوب منع الحمل
Entity: الحبوب منع الحمل
Surface form: الحبوب منع الحمل
Field: question
Relation context: "
mention::men_llm_0000549,evidence,men_llm_0000549,ent_diseasecondition_9719230327a2,ahd5k_00681,فقر الدم,"Evidence: فقر الدم فيجب علاج السبب خاصة في مثل هذا العمر
Entity: فقر الدم
Surface form: فقر الدم
Field: answer
Relation context: "
mention::men_llm_0000550,evidence,men_llm_0000550,ent_diseasecondition_9719230327a2,ahd5k_03707,فقر الدم,"Evidence: فقر دم عند طفل عمره ١٣ سنة شي جدي!
Entity: فقر الدم
Surface form: فقر الدم
Field: answer
Relation context: "
mention::men_llm_0000551,evidence,men_llm_0000551,ent_diseasecondition_9719230327a2,ahd5k_00681,فقر الدم,"Evidence: ابنتي تبلغ من العمر تسعه اشهر ووزنها 6ونص كيلو ومره ضعيفه تاكل الاكل بس شي بسيط لو زاد شويه تستفرغ ماترضي تشرب الحليب الصناعي وترضع من صدري بس مافي كثير...
Entity: فقر الدم
Surface form: فقر الدم
Field: question
Relation context: "
mention::men_llm_0000552,evidence,men_llm_0000552,ent_diseasecondition_9719230327a2,ahd5k_03707,فقر الدم,"Evidence: السلام عليكم ورحمة الله وبركاته ابني عنده 13 سنة ويعاني من فقر الدم حابة اعرف اسم تحليلة الكالسيوم في العضام لانها الوحيده الي ماعملناها وشكرا
Entity: فقر الدم
Surface form: فقر الدم
Field: question
Relation context: "
mention::men_llm_0000553,evidence,men_llm_0000553,ent_treatment_db445915b47d,ahd5k_03707,الحديد,"Evidence: فقر الدم له اسباب عديدة منها عوز الحديد او عوز حمض الفوليك او الفيتامين B12 او B6
Entity: الحديد
Surface form: حمض الفوليك
Field: answer
Relation context: "
mention::men_llm_0000554,evidence,men_llm_0000554,ent_symptom_018ebc11f6df,ahd5k_00438,حمى,"Evidence: الم في البطن مع تعرق بارد
Entity: حمى
Surface form: الم في البطن
Field: question
Relation context: "
mention::men_llm_0000555,evidence,men_llm_0000555,ent_symptom_018ebc11f6df,ahd5k_01611,حمى,"Evidence: الم في مكان المطعوم
Entity: حمى
Surface form: الم
Field: answer
Relation context: حمى TREATED_BY خافض حراره. Evidence: المفروض ان تزول هذه الاعراض خلال 48 ساعة وعليكي استخدام خافض حراره ومسكن للالم بعد تطعيم"
mention::men_llm_0000556,evidence,men_llm_0000556,ent_treatment_026f10d47b4b,ahd5k_01611,تطعيم,"Evidence: المفروض ان تزول هذه الاعراض خلال 48 ساعة وعليكي استخدام خافض حراره ومسكن للالم بعد تطعيم
Entity: تطعيم
Surface form: تطعيم
Field: answer
Relation context: حمى TREATED_BY خافض حراره. Evidence: المفروض ان تزول هذه الاعراض خلال 48 ساعة وعليكي استخدام خافض حراره ومسكن للالم بعد تطعيم"
mention::men_llm_0000557,evidence,men_llm_0000557,ent_treatment_be514bea14bc,ahd5k_01611,خافض حراره,"Evidence: المفروض ان تزول هذه الاعراض خلال 48 ساعة وعليكي استخدام خافض حراره ومسكن للالم بعد تطعيم
Entity: خافض حراره
Surface form: خافض حراره
Field: answer
Relation context: حمى TREATED_BY خافض حراره. Evidence: المفروض ان تزول هذه الاعراض خلال 48 ساعة وعليكي استخدام خافض حراره ومسكن للالم بعد تطعيم"
mention::men_llm_0000558,evidence,men_llm_0000558,ent_treatment_b8a506ce96be,ahd5k_01611,مسكن للالم,"Evidence: المفروض ان تزول هذه الاعراض خلال 48 ساعة وعليكي استخدام خافض حراره ومسكن للالم بعد تطعيم
Entity: مسكن للالم
Surface form: مسكن للالم
Field: answer
Relation context: حمى TREATED_BY خافض حراره. Evidence: المفروض ان تزول هذه الاعراض خلال 48 ساعة وعليكي استخدام خافض حراره ومسكن للالم بعد تطعيم"
mention::men_llm_0000559,evidence,men_llm_0000559,ent_symptom_018ebc11f6df,ahd5k_01262,حمى,"Evidence: ترتفع درجه حراره الرضيع بعدتطعيم شهرين
Entity: حمى
Surface form: ترتفع درجه حراره
Field: question
Relation context: "
mention::men_llm_0000560,evidence,men_llm_0000560,ent_symptom_018ebc11f6df,ahd5k_02595,حمى,"Evidence: طفلتي 6شهور مصابة بارتفاع حرارة 39 وهطيتها تحاميل مانزلت الحرارة ماسبب ارتفاع حرارتها علما ان اسنانها السفلية ظاهرين ارجوالرد
Entity: حمى
Surface form: ارتفاع حرارة
Field: question
Relation context: "
mention::men_llm_0000561,evidence,men_llm_0000561,ent_symptom_018ebc11f6df,ahd5k_03053,حمى,"Evidence: أحيانا وتعطي خافض حرارة اذا ارتفعت سبتال
Entity: حمى
Surface form: ارتفاع الحرارة
Field: answer
Relation context: "
mention::men_llm_0000562,evidence,men_llm_0000562,ent_symptom_018ebc11f6df,ahd5k_04651,حمى,"Evidence: ارتفعت حرارته وتقيا مراتان جسمه نحلان اعطية مضاد حيوي وخافض حرارة لكن تنزل حرارتة لفترة ثم تعود لترتفع عندة مغص في بطنة في بعض...
Entity: حمى
Surface form: ارتفاع حرارة
Field: question
Relation context: حمى TREATED_BY مضاد حيوي. Evidence: اعطية مضاد حيوي | حمى TREATED_BY خافض حرارة. Evidence: اعطية خافض حرارة"
mention::men_llm_0000563,evidence,men_llm_0000563,ent_treatment_43526f78a371,ahd5k_04651,مضاد حيوي,"Evidence: اعطية مضاد حيوي وخافض حرارة
Entity: مضاد حيوي
Surface form: مضاد حيوي
Field: question
Relation context: حمى TREATED_BY مضاد حيوي. Evidence: اعطية مضاد حيوي | حمى TREATED_BY خافض حرارة. Evidence: اعطية خافض حرارة"
mention::men_llm_0000564,evidence,men_llm_0000564,ent_treatment_be514bea14bc,ahd5k_04651,خافض حراره,"Evidence: اعطية مضاد حيوي وخافض حرارة
Entity: خافض حراره
Surface form: خافض حرارة
Field: question
Relation context: حمى TREATED_BY مضاد حيوي. Evidence: اعطية مضاد حيوي | حمى TREATED_BY خافض حرارة. Evidence: اعطية خافض حرارة"
mention::men_llm_0000565,evidence,men_llm_0000565,ent_symptom_b754f1a1e5a8,ahd5k_02266,صداع,"Evidence: فحص النظر سليم تقريبا
Entity: صداع
Surface form: صداع في جنبي الرأس
Field: question
Relation context: "
mention::men_llm_0000566,evidence,men_llm_0000566,ent_symptom_f51ef98950a2,ahd5k_02476,قلق,"Evidence: طفله عمرها عام و4شهور تعانى من تأغر فى غلق فتحة الرأس الأماميه
Entity: قلق
Surface form: تأغر فى غلق فتحة الرأس الأماميه
Field: question
Relation context: "
mention::men_llm_0000567,evidence,men_llm_0000567,ent_treatment_21a74567013d,ahd5k_02476,كالسيوم,"Evidence: فيجب اعاده تقيم الحاله من قبل اخصائى اطفال.فربما بحاجه لعمل صوره طبقيه. الاستمرار في اعطائها الكالسيوم و فيتامين د.
Entity: كالسيوم
Surface form: كالسيوم
Field: answer
Relation context: "
mention::men_llm_0000568,evidence,men_llm_0000568,ent_treatment_23b78e4c5546,ahd5k_02476,فيتامين د,"Evidence: فيجب اعاده تقيم الحاله من قبل اخصائى اطفال.فربما بحاجه لعمل صوره طبقيه. الاستمرار في اعطائها الكالسيوم و فيتامين د.
Entity: فيتامين د
Surface form: فيتامين د
Field: answer
Relation context: "
mention::men_llm_0000569,evidence,men_llm_0000569,ent_symptom_7a79bce3a153,ahd5k_04856,قيء,"Evidence: تقيؤ الطفل يبلغ من العمر شهرين ! يتقيئ مادة صفراء اللون
Entity: قيء
Surface form: تقيؤ الطفل يبلغ من العمر شهرين ! يتقيئ مادة صفراء اللون
Field: question
Relation context: "
mention::men_llm_0000570,evidence,men_llm_0000570,ent_treatment_72992721d87a,ahd5k_03516,جرعة,"Evidence: يعطى ٤٠٠ وحده دوليه من فيتامين-د- وهذا موجود على النشره الداخليه والطبيب يحدد الجرعه حسب احتياج الطفل من الفيتامينات الاخرى ولكن حليب الام لوحده والتعرض للشمس الخفيفه يكفي ولا داعي علميا لكل هذه الفيتامينات للطفل السليم
Entity: جرعة
Surface form: جرعة
Field: answer
Relation context: "
mention::men_llm_0000571,evidence,men_llm_0000571,ent_treatment_273455224ab7,ahd5k_03516,فيتامين-د-,"Evidence: يعطى ٤٠٠ وحده دوليه من فيتامين-د- وهذا موجود على النشره الداخليه والطبيب يحدد الجرعه حسب احتياج الطفل من الفيتامينات الاخرى ولكن حليب الام لوحده والتعرض للشمس الخفيفه يكفي ولا داعي علميا لكل هذه الفيتامينات للطفل السليم
Entity: فيتامين-د-
Surface form: فيتامين-د-
Field: answer
Relation context: "
mention::men_llm_0000572,evidence,men_llm_0000572,ent_treatment_f484b8bb62d4,ahd5k_03516,حليب الام,"Evidence: يعطى ٤٠٠ وحده دوليه من فيتامين-د- وهذا موجود على النشره الداخليه والطبيب يحدد الجرعه حسب احتياج الطفل من الفيتامينات الاخرى ولكن حليب الام لوحده والتعرض للشمس الخفيفه يكفي ولا داعي علميا لكل هذه الفيتامينات للطفل السليم
Entity: حليب الام
Surface form: حليب الام
Field: answer
Relation context: "
mention::men_llm_0000573,evidence,men_llm_0000573,ent_treatment_dcbc13cd571f,ahd5k_03516,الشمس,"Evidence: يعطى ٤٠٠ وحده دوليه من فيتامين-د- وهذا موجود على النشره الداخليه والطبيب يحدد الجرعه حسب احتياج الطفل من الفيتامينات الاخرى ولكن حليب الام لوحده والتعرض للشمس الخفيفه يكفي ولا داعي علميا لكل هذه الفيتامينات للطفل السليم
Entity: الشمس
Surface form: الشمس
Field: answer
Relation context: "
mention::men_llm_0000574,evidence,men_llm_0000574,ent_treatment_cb5aeb58976f,ahd5k_01824,أبيتنانت,"Evidence: حسب تركيبة الدواء ومحتواه من الفيتامينات
Entity: أبيتنانت
Surface form: أبيتنانت
Field: answer
Relation context: "
mention::men_llm_0000575,evidence,men_llm_0000575,ent_symptom_cdf7db203339,ahd5k_04277,البلغم,"Evidence: نعم ممكن من البلغم
Entity: البلغم
Surface form: البلغم
Field: answer
Relation context: "
mention::men_llm_0000576,evidence,men_llm_0000576,ent_treatment_62b0f0db0c20,ahd5k_03828,حبوب اوميجا 3,"Evidence: انصحك باستخدام حبوب اوميجا 3 حبه باليوم
Entity: حبوب اوميجا 3
Surface form: حبوب اوميجا 3
Field: answer
Relation context: "
mention::men_llm_0000577,evidence,men_llm_0000577,ent_symptom_c411d2ed3083,ahd5k_04444,سيلان الانف,"Evidence: سيلان الانف باستمرار
Entity: سيلان الانف
Surface form: سيلان الانف
Field: question
Relation context: سيلان الانف TREATED_BY بخاخات الماء والملح. Evidence: جرب بخاخات الماء والملح | سيلان الانف INVESTIGATED_BY خصائي الاطفال. Evidence: لابد من عرضه على اخصائي الاطفال"
mention::men_llm_0000578,evidence,men_llm_0000578,ent_treatment_43526f78a371,ahd5k_04444,مضاد حيوي,"Evidence: علاجات مضاد حيوي دون فايده
Entity: مضاد حيوي
Surface form: مضاد حيوي
Field: answer
Relation context: سيلان الانف TREATED_BY بخاخات الماء والملح. Evidence: جرب بخاخات الماء والملح | سيلان الانف INVESTIGATED_BY خصائي الاطفال. Evidence: لابد من عرضه على اخصائي الاطفال"
mention::men_llm_0000579,evidence,men_llm_0000579,ent_treatment_34b849dbecc0,ahd5k_04444,بخاخات الماء والملح,"Evidence: جرب بخاخات الماء والملح
Entity: بخاخات الماء والملح
Surface form: بخاخات الماء والملح
Field: answer
Relation context: سيلان الانف TREATED_BY بخاخات الماء والملح. Evidence: جرب بخاخات الماء والملح | سيلان الانف INVESTIGATED_BY خصائي الاطفال. Evidence: لابد من عرضه على اخصائي الاطفال"
mention::men_llm_0000580,evidence,men_llm_0000580,ent_test_84971d541245,ahd5k_04444,خصائي الاطفال,"Evidence: لابد من عرضه على اخصائي الاطفال
Entity: خصائي الاطفال
Surface form: خصائي الاطفال
Field: answer
Relation context: سيلان الانف TREATED_BY بخاخات الماء والملح. Evidence: جرب بخاخات الماء والملح | سيلان الانف INVESTIGATED_BY خصائي الاطفال. Evidence: لابد من عرضه على اخصائي الاطفال"
mention::men_llm_0000581,evidence,men_llm_0000581,ent_diseasecondition_385230d505f3,ahd5k_00891,تهاب,"Evidence: فربما تكون فطريات. أما سقوط الشعر فسببه نقص فيتامين أ وعﻻجه شراب فروتال 5 مل يوميا
Entity: تهاب
Surface form: تهاب
Field: answer
Relation context: "
mention::men_llm_0000582,evidence,men_llm_0000582,ent_treatment_307b31c3646d,ahd5k_00891,فيتامين أ,"Evidence: فربما تكون فطريات. أما سقوط الشعر فسببه نقص فيتامين أ وعﻻجه شراب فروتال 5 مل يوميا
Entity: فيتامين أ
Surface form: فيتامين أ
Field: answer
Relation context: "
mention::men_llm_0000583,evidence,men_llm_0000583,ent_treatment_1d451938e684,ahd5k_00891,فروتا,"Evidence: فربما تكون فطريات. أما سقوط الشعر فسببه نقص فيتامين أ وعﻻجه شراب فروتال 5 مل يوميا
Entity: فروتا
Surface form: فروتا
Field: answer
Relation context: "
mention::men_llm_0000584,evidence,men_llm_0000584,ent_diseasecondition_385230d505f3,ahd5k_00162,تهاب,"Evidence: كيف يؤثر...
Entity: تهاب
Surface form: تهاب
Field: question
Relation context: "
mention::men_llm_0000585,evidence,men_llm_0000585,ent_diseasecondition_584b39abb33a,ahd5k_01701,الكساح,"Evidence: أهلا بحضرتك ..... نعم .. هناك أنواع من الكساح أو لين العظام
Entity: الكساح
Surface form: كساح
Field: answer
Relation context: الكساح TREATED_BY فيتامين د. Evidence: تصنف بأنها (Vit.D-Resistant Rickets) أي لا تستجيب للجرعات المعتادة من فيتامين (د)"
mention::men_llm_0000586,evidence,men_llm_0000586,ent_diseasecondition_16cf4e77b755,ahd5k_02532,التهاب,"Evidence: ليس مضرا و لكن قد يؤذي الام ينصح بعلاج الحلمات
Entity: التهاب
Surface form: تهاب
Field: answer
Relation context: "
mention::men_llm_0000587,evidence,men_llm_0000587,ent_treatment_23b78e4c5546,ahd5k_01701,فيتامين د,"Evidence: أهلا بحضرتك ..... نعم .. هناك أنواع من الكساح أو لين العظام تصنف بأنها ( Vit.D-Resistant Rickets ) ، أي لا تستجيب للعلاج بالجرعات المعتادة من فيتامين ( د ) ..
Entity: فيتامين د
Surface form: فيتامين دي
Field: answer
Relation context: الكساح TREATED_BY فيتامين د. Evidence: تصنف بأنها (Vit.D-Resistant Rickets) أي لا تستجيب للجرعات المعتادة من فيتامين (د)"
mention::men_llm_0000588,evidence,men_llm_0000588,ent_treatment_aa15c31ba83e,ahd5k_02532,الرضاعة الطبيعية,"Evidence: ليس مضرا و لكن قد يؤذي الام ينصح بعلاج الحلمات
Entity: الرضاعة الطبيعية
Surface form: الرضاعة الطبيعية
Field: answer
Relation context: "
mention::men_llm_0000589,evidence,men_llm_0000589,ent_test_a8cf24723db9,ahd5k_01847,التطعيمات,"Evidence: مسكن باراسيتامول عند اللزوم..وكمادات على مكان التطعيمة ان تورمت.وبالسلامة
Entity: التطعيمات
Surface form: التطعيمات
Field: answer
Relation context: "
mention::men_llm_0000590,evidence,men_llm_0000590,ent_diseasecondition_16cf4e77b755,ahd5k_02569,التهاب,"Evidence: التهاب في عينه بعد يومين من ولادته
Entity: التهاب
Surface form: التهاب في عينه
Field: question
Relation context: التهاب TREATED_BY النضاد الحيوي. Evidence: يحتاج الطفل لعلاج بالنضاد الحيوي عن طريق الفم الي جانب العلاج الموضعي"
mention::men_llm_0000591,evidence,men_llm_0000591,ent_diseasecondition_16cf4e77b755,ahd5k_02569,التهاب,"Evidence: يجب اخذ مسحة من هذه الافرازات بعيادة الطبيب وارسالها لعمل مزرعة لمعرفة نوع الميكروب. وفي بعض الحالات يحتاج الطفل لعلاج بالنضاد الحيوي عن طريق الفم الي جانب العلاج الموضعي ولمدة كافية للقضاء عالميكروب
Entity: التهاب
Surface form: التهاب
Field: answer
Relation context: التهاب TREATED_BY النضاد الحيوي. Evidence: يحتاج الطفل لعلاج بالنضاد الحيوي عن طريق الفم الي جانب العلاج الموضعي"
mention::men_llm_0000592,evidence,men_llm_0000592,ent_treatment_ab5802cc2c0c,ahd5k_02569,النضاد الحيوي,"Evidence: يجب اخذ مسحة من هذه الافرازات بعيادة الطبيب وارسالها لعمل مزرعة لمعرفة نوع الميكروب. وفي بعض الحالات يحتاج الطفل لعلاج بالنضاد الحيوي عن طريق الفم الي جانب العلاج الموضعي ولمدة كافية للقضاء عالميكروب
Entity: النضاد الحيوي
Surface form: علاج بالنضاد الحيوي
Field: answer
Relation context: التهاب TREATED_BY النضاد الحيوي. Evidence: يحتاج الطفل لعلاج بالنضاد الحيوي عن طريق الفم الي جانب العلاج الموضعي"
mention::men_llm_0000593,evidence,men_llm_0000593,ent_diseasecondition_6ed57271807f,ahd5k_02569,التهاب الحفاظ,"Evidence: التهاب الحفاظ
Entity: التهاب الحفاظ
Surface form: التهاب الحفاظ
Field: question
Relation context: التهاب TREATED_BY النضاد الحيوي. Evidence: يحتاج الطفل لعلاج بالنضاد الحيوي عن طريق الفم الي جانب العلاج الموضعي"
mention::men_llm_0000594,evidence,men_llm_0000594,ent_diseasecondition_6ed57271807f,ahd5k_03234,التهاب الحفاظ,"Evidence: هل يمكن استخدام مرهم كورتيزون ١٪؜ ل رضيع لعمر الشهر لالتهاب الحفاظ
Entity: التهاب الحفاظ
Surface form: التهاب الحفاظ
Field: question
Relation context: "
mention::men_llm_0000595,evidence,men_llm_0000595,ent_diseasecondition_16cf4e77b755,ahd5k_03234,التهاب,"Evidence: 1- حسب تركيبة الكورتيزون 2- لو كان السبب تحسسي..فالكورتيزون قد يفيد.أما لو كان السبب التهاباً فالكورتيزون قد يزيد الوضع سوءاً سلامته
Entity: التهاب
Surface form: التهاب
Field: answer
Relation context: "
mention::men_llm_0000596,evidence,men_llm_0000596,ent_diseasecondition_16cf4e77b755,ahd5k_04067,التهاب,"Evidence: طفلي عمره اربعة اشهر الاحظ بين فتره واخرى ارتعاش يديه وقدميه وعندما امسك بها تتوقف واتركها تعود وترتعش ويجفل طفلي عندما امسك به
Entity: التهاب
Surface form: التهاب
Field: question
Relation context: "
mention::men_llm_0000597,evidence,men_llm_0000597,ent_diseasecondition_16cf4e77b755,ahd5k_04067,التهاب,"Evidence: قد يكون هناك نقص عناصر لازمه في هذا العمر مثل الكالسيوم الذي يسبب مثل ذالك او فيتامين د= انصح مراجعة الاخصائى لتشخيص السبب واعطاء العلاج المناسب-
Entity: التهاب
Surface form: التهاب
Field: answer
Relation context: "
mention::men_llm_0000598,evidence,men_llm_0000598,ent_diseasecondition_16cf4e77b755,ahd5k_04279,التهاب,"Evidence: ابني عمره 4 سنوات يعاني التاتاة رغم ذكائه وفطنته ارجوا ان اجد الحل عندكم
Entity: التهاب
Surface form: التهاب
Field: question
Relation context: "
mention::men_llm_0000599,evidence,men_llm_0000599,ent_diseasecondition_16cf4e77b755,ahd5k_04546,التهاب,"Evidence: ولاً،لنتحدث عن الفوائد المحتملة لاستخدام اللهاية: 1- قد تهدئ من بكاء الطفل،وتلهيه إن كان يتألم مثلاً عن سبب الألم 2- قد تساعده على النوم 3- قد تقلل من خطر التعرض لموت الرضع المفاجئ ثانياً ، المخاطر المحتملة : 1- استخدامها المبكر قد يؤثر على الرضاعة الطبيعية 2- قد يعتاد الطفل عليها إلى درجة أنه سوف يبكي كلما سقطت من فمه 3- قد تزيد من خطر الإصابة بالتهابات الأذن الوسطى 4- استخدامها لفترات طويلة قد يؤثر على نمو الأسنان بشكل سليم
Entity: التهاب
Surface form: التهاب
Field: answer
Relation context: "
mention::men_llm_0000600,evidence,men_llm_0000600,ent_diseasecondition_22b7b2b1b34f,ahd5k_04793,حساسية البروتين البقري,"Evidence: حليب خاص لحساسية البروتين البقري
Entity: حساسية البروتين البقري
Surface form: حساسية البروتين البقري
Field: answer
Relation context: "
mention::men_llm_0000601,evidence,men_llm_0000601,ent_diseasecondition_443aafd23ff7,ahd5k_04764,التوحد السلوكي,"Evidence: التوحد يعني ضعف اوعدم القدره على التواصل مع الاخرين- والمصاب لا يقدر على التواصل البصري مع الاخرين-ينعزل ويكرر نفس العمل كتلبيس لعبته اوتنظيفها-قد يصاحبه تشنجات احيانا وضعف الكلام ويعالج فيالمراكز المتخصصه وحسب الاعراض
Entity: التوحد السلوكي
Surface form: التوحد السلوكي
Field: answer
Relation context: "
mention::men_llm_0000602,evidence,men_llm_0000602,ent_treatment_2a81ae8e5fd2,ahd5k_04642,فيتامين بوليفيتال,"Evidence: فكتب له الدكتور قبل طهارته فيتامين بوليفيتال نقط كم نقطة...
Entity: فيتامين بوليفيتال
Surface form: فيتامين بوليفيتال
Field: question
Relation context: "
mention::men_llm_0000603,evidence,men_llm_0000603,ent_treatment_b5f12c81a7ee,ahd5k_04907,سباستال,"Evidence: يعطى السباستال بمقدار قطرتين لكل كيلو غرام من وزن الطفل
Entity: سباستال
Surface form: سباستال
Field: answer
Relation context: "
mention::men_llm_0000604,evidence,men_llm_0000604,ent_treatment_d440760c4700,ahd5k_04907,بروبايوتيك,"Evidence: قطرات أو مسحوق البروبايوتيك الذي يعمل على تقوية المناعة وتخفيف الإنتفاخ والمغص لدى الرضع
Entity: بروبايوتيك
Surface form: بروبايوتيك
Field: answer
Relation context: "
mention::men_llm_0000605,evidence,men_llm_0000605,ent_diseasecondition_16cf4e77b755,ahd5k_00736,التهاب,"Evidence: التهاب في اغلب الاحيان يكمن السبب في اهمال الاعتناء بالنظافة الفمية
Entity: التهاب
Surface form: التهاب
Field: answer
Relation context: "
mention::men_llm_0000606,evidence,men_llm_0000606,ent_diseasecondition_16cf4e77b755,ahd5k_01751,التهاب,"Evidence: التهاب الاسنجه المحيطه بالسن او اللثه
Entity: التهاب
Surface form: التهاب
Field: answer
Relation context: "
mention::men_llm_0000607,evidence,men_llm_0000607,ent_diseasecondition_16cf4e77b755,ahd5k_02169,التهاب,"Evidence: قد تكون المشكلة في اللسان وله عدة اسباب مثل التهاب بكتيري او فطري او فيروسي
Entity: التهاب
Surface form: التهاب
Field: answer
Relation context: "
mention::men_llm_0000608,evidence,men_llm_0000608,ent_diseasecondition_16cf4e77b755,ahd5k_02245,التهاب,"Evidence: يمكن إجراء الفحص عند طبيب آخر و الأفضل الاستعانة بصور الأشعة و التهاب لثة
Entity: التهاب
Surface form: التهاب
Field: answer
Relation context: "
mention::men_llm_0000609,evidence,men_llm_0000609,ent_diseasecondition_16cf4e77b755,ahd5k_02618,التهاب,"Evidence: تحتاج إلى إزالة الرواسب الجيرية و علاج التهاب اللثة
Entity: التهاب
Surface form: التهاب
Field: answer
Relation context: "
mention::men_llm_0000610,evidence,men_llm_0000610,ent_diseasecondition_16cf4e77b755,ahd5k_03427,التهاب,"Evidence: ظهر التهاب بقمةجذر
Entity: التهاب
Surface form: التهاب
Field: answer
Relation context: "
mention::men_llm_0000611,evidence,men_llm_0000611,ent_diseasecondition_4171598a5900,ahd5k_00736,اللثة,"Evidence: التهاب في اغلب الاحيان يكمن السبب في اهمال الاعتناء بالنظافة الفمية ... الحل باجراء تنظيف للاسنان عند الطبيب و تفريش الاسنان بطريقة صحيحة و استعال مضمضة طبية و اتباع التعليمات الاضافية التي يمليها عليك الطبيب
Entity: اللثة
Surface form: اللثه
Field: answer
Relation context: "
mention::men_llm_0000612,evidence,men_llm_0000612,ent_diseasecondition_4171598a5900,ahd5k_01751,اللثة,"Evidence: التهاب اللثة في اغلب الاحيان يكمن السبب في اهمال الاعتناء بالنظافة الفمية
Entity: اللثة
Surface form: اللثه
Field: answer
Relation context: "
mention::men_llm_0000613,evidence,men_llm_0000613,ent_diseasecondition_4171598a5900,ahd5k_02169,اللثة,"Evidence: قد تكون المشكلة في اللسان وله عدة اسباب مثل التهاب بكتيري او فطري او فيروسي
Entity: اللثة
Surface form: اللسان
Field: answer
Relation context: "
mention::men_llm_0000614,evidence,men_llm_0000614,ent_diseasecondition_4171598a5900,ahd5k_02245,اللثة,"Evidence: يمكن إجراء الفحص عند طبيب آخر و الأفضل الاستعانة بصور الأشعة و التهاب اللثة
Entity: اللثة
Surface form: اللثه
Field: answer
Relation context: "
mention::men_llm_0000615,evidence,men_llm_0000615,ent_diseasecondition_4171598a5900,ahd5k_02618,اللثة,"Evidence: تحتاج إلى إزالة الرواسب الجيرية و علاج التهاب اللثة
Entity: اللثة
Surface form: اللثه
Field: answer
Relation context: "
mention::men_llm_0000616,evidence,men_llm_0000616,ent_diseasecondition_4171598a5900,ahd5k_03427,اللثة,"Evidence: ظهر التهاب بقمةجذر
Entity: اللثة
Surface form: اللثه
Field: answer
Relation context: "
mention::men_llm_0000617,evidence,men_llm_0000617,ent_diseasecondition_6e95846a4080,ahd5k_00736,التهاب اللثة,"Evidence: التهاب في اغلب الاحيان يكمن السبب في اهمال الاعتناء بالنظافة الفمية ... الحل باجراء تنظيف للاسنان عند الطبيب و تفريش الاسنان بطريقة صحيحة و استعال مضمضة طبية و اتباع التعليمات الاضافية التي يمليها عليك الطبيب
Entity: التهاب اللثة
Surface form: التهاب اللثه
Field: answer
Relation context: "
mention::men_llm_0000618,evidence,men_llm_0000618,ent_diseasecondition_6e95846a4080,ahd5k_01751,التهاب اللثة,"Evidence: التهاب اللثة في اغلب الاحيان يكمن السبب في اهمال الاعتناء بالنظافة الفمية
Entity: التهاب اللثة
Surface form: التهاب اللثه
Field: answer
Relation context: "
mention::men_llm_0000619,evidence,men_llm_0000619,ent_diseasecondition_6e95846a4080,ahd5k_02169,التهاب اللثة,"Evidence: قد تكون المشكلة في اللسان وله عدة اسباب مثل التهاب بكتيري او فطري او فيروسي
Entity: التهاب اللثة
Surface form: التهاب اللثه
Field: answer
Relation context: "
mention::men_llm_0000620,evidence,men_llm_0000620,ent_diseasecondition_6e95846a4080,ahd5k_02245,التهاب اللثة,"Evidence: يمكن إجراء الفحص عند طبيب آخر و الأفضل الاستعانة بصور الأشعة و التهاب اللثة
Entity: التهاب اللثة
Surface form: التهاب اللثه
Field: answer
Relation context: "
mention::men_llm_0000621,evidence,men_llm_0000621,ent_diseasecondition_6e95846a4080,ahd5k_02618,التهاب اللثة,"Evidence: تحتاج إلى إزالة الرواسب الجيرية و علاج التهاب اللثة
Entity: التهاب اللثة
Surface form: التهاب اللثه
Field: answer
Relation context: "
mention::men_llm_0000622,evidence,men_llm_0000622,ent_diseasecondition_6e95846a4080,ahd5k_03427,التهاب اللثة,"Evidence: ظهر التهاب بقمةجذر
Entity: التهاب اللثة
Surface form: التهاب اللثه
Field: answer
Relation context: "
mention::men_llm_0000623,evidence,men_llm_0000623,ent_diseasecondition_5a02034f11b7,ahd5k_02169,التهاب بكتيري,"Evidence: قد تكون المشكلة في اللسان وله عدة اسباب مثل التهاب بكتيري او فطري او فيروسي
Entity: التهاب بكتيري
Surface form: التهاب بكتيري
Field: answer
Relation context: "
mention::men_llm_0000624,evidence,men_llm_0000624,ent_diseasecondition_9c03a470d940,ahd5k_02169,التهاب فطري,"Evidence: قد تكون المشكلة في اللسان وله عدة اسباب مثل التهاب بكتيري او فطري او فيروسي
Entity: التهاب فطري
Surface form: التهاب فطري
Field: answer
Relation context: "
mention::men_llm_0000625,evidence,men_llm_0000625,ent_diseasecondition_2f75d3dabe0b,ahd5k_02966,حساسية,"Evidence: حساسية
Entity: حساسية
Surface form: حساسية
Field: answer
Relation context: "
mention::men_llm_0000626,evidence,men_llm_0000626,ent_treatment_fca1a888ae57,ahd5k_02966,تنظيف اللثة,"Evidence: تنظيف اللثة
Entity: تنظيف اللثة
Surface form: تنظيف اللثة
Field: answer
Relation context: "
mention::men_llm_0000627,evidence,men_llm_0000627,ent_treatment_948c17b9713d,ahd5k_02966,النظافة اليومية,"Evidence: النظافة اليومية
Entity: النظافة اليومية
Surface form: النظافة اليومية
Field: answer
Relation context: "
mention::men_llm_0000628,evidence,men_llm_0000628,ent_treatment_48d78ab2fe1d,ahd5k_02966,التفريش,"Evidence: التفريش
Entity: التفريش
Surface form: التفريش
Field: answer
Relation context: "
mention::men_llm_0000629,evidence,men_llm_0000629,ent_treatment_451ebfb7cce2,ahd5k_02966,التغذية,"Evidence: التغذية
Entity: التغذية
Surface form: التغذية
Field: answer
Relation context: "
mention::men_llm_0000630,evidence,men_llm_0000630,ent_diseasecondition_8b9d599f7475,ahd5k_02966,الأسنان,"Evidence: الأسنان
Entity: الأسنان
Surface form: الأسنان
Field: answer
Relation context: "
mention::men_llm_0000631,evidence,men_llm_0000631,ent_treatment_43526f78a371,ahd5k_01293,مضاد حيوي,"Evidence: لا بد من مضاد حيوي و مسكن الم و مضمضة فموية
Entity: مضاد حيوي
Surface form: مضاد حيوي
Field: answer
Relation context: "
mention::men_llm_0000632,evidence,men_llm_0000632,ent_treatment_b8b3fb59e87b,ahd5k_00625,مسكن الم,"Evidence: ممكن تأخذ منه ولكن انت بحاجة إلى مسكن الم أيضا مثل Brufen
Entity: مسكن الم
Surface form: مسكن الم
Field: answer
Relation context: "
mention::men_llm_0000633,evidence,men_llm_0000633,ent_treatment_b8b3fb59e87b,ahd5k_01293,مسكن الم,"Evidence: لا بد من مضاد حيوي و مسكن الم و مضمضة فموية
Entity: مسكن الم
Surface form: مسكن الم
Field: answer
Relation context: "
mention::men_llm_0000634,evidence,men_llm_0000634,ent_treatment_b8b3fb59e87b,ahd5k_03925,مسكن الم,"Evidence: إذا لم يترافق مع الألم ورم أو انتباج لاداعي للمضاد الحيوي ويكفي مسكن ألم
Entity: مسكن الم
Surface form: مسكن ألم
Field: answer
Relation context: "
mention::men_llm_0000635,evidence,men_llm_0000635,ent_test_c4cfd2d6468c,ahd5k_03019,أشعة,"Evidence: ان شاء الله مع الوقت تخف, انصحك بزيارة الطبيب في أقرب وقت للفحص اللازم و عمل اشعه علي أسنانك للاطمئنان عليها
Entity: أشعة
Surface form: اشعه
Field: answer
Relation context: "
mention::men_llm_0000636,evidence,men_llm_0000636,ent_test_c4cfd2d6468c,ahd5k_04648,أشعة,"Evidence: يجب اجراء صورة اشعة بانورامية لتشخيص المشكلة
Entity: أشعة
Surface form: اشعة بانورامية
Field: answer
Relation context: "
mention::men_llm_0000637,evidence,men_llm_0000637,ent_symptom_b754f1a1e5a8,ahd5k_04356,صداع,"Evidence: صداع
Entity: صداع
Surface form: صداع
Field: question
Relation context: صداع TREATED_BY المراجعة الطبية. Evidence: مراجعة طبيبك او اخصائي جراحه وجه و فكين | ضرس العقل HAS_SYMPTOM صداع. Evidence: ضرس العقل | ضرس العقل HAS_SYMPTOM الام. Evidence: ضرس العقل | ضرس العقل TREATED_BY المراجعة الطبية. Evidence: مراجعة طبيبك او اخصائي جراحه وجه و فكين | الام TREATED_BY المراجعة الطبية. Evidence: مراجعة طبيبك او اخصائي جراحه وجه و فكين"
mention::men_llm_0000638,evidence,men_llm_0000638,ent_diseasecondition_04b436ff2a98,ahd5k_04356,ضرس العقل,"Evidence: ضرس العقل
Entity: ضرس العقل
Surface form: ضرس العقل
Field: question
Relation context: صداع TREATED_BY المراجعة الطبية. Evidence: مراجعة طبيبك او اخصائي جراحه وجه و فكين | ضرس العقل HAS_SYMPTOM صداع. Evidence: ضرس العقل | ضرس العقل HAS_SYMPTOM الام. Evidence: ضرس العقل | ضرس العقل TREATED_BY المراجعة الطبية. Evidence: مراجعة طبيبك او اخصائي جراحه وجه و فكين | الام TREATED_BY المراجعة الطبية. Evidence: مراجعة طبيبك او اخصائي جراحه وجه و فكين"
mention::men_llm_0000639,evidence,men_llm_0000639,ent_symptom_249d07021a1b,ahd5k_04356,الام,"Evidence: الام
Entity: الام
Surface form: الام
Field: question
Relation context: صداع TREATED_BY المراجعة الطبية. Evidence: مراجعة طبيبك او اخصائي جراحه وجه و فكين | ضرس العقل HAS_SYMPTOM صداع. Evidence: ضرس العقل | ضرس العقل HAS_SYMPTOM الام. Evidence: ضرس العقل | ضرس العقل TREATED_BY المراجعة الطبية. Evidence: مراجعة طبيبك او اخصائي جراحه وجه و فكين | الام TREATED_BY المراجعة الطبية. Evidence: مراجعة طبيبك او اخصائي جراحه وجه و فكين"
mention::men_llm_0000640,evidence,men_llm_0000640,ent_treatment_1623092039ad,ahd5k_04356,المراجعة الطبية,"Evidence: مراجعة طبيبك او اخصائي جراحه وجه و فكين
Entity: المراجعة الطبية
Surface form: مراجعة طبيبك او اخصائي جراحه وجه و فكين
Field: answer
Relation context: صداع TREATED_BY المراجعة الطبية. Evidence: مراجعة طبيبك او اخصائي جراحه وجه و فكين | ضرس العقل HAS_SYMPTOM صداع. Evidence: ضرس العقل | ضرس العقل HAS_SYMPTOM الام. Evidence: ضرس العقل | ضرس العقل TREATED_BY المراجعة الطبية. Evidence: مراجعة طبيبك او اخصائي جراحه وجه و فكين | الام TREATED_BY المراجعة الطبية. Evidence: مراجعة طبيبك او اخصائي جراحه وجه و فكين"
mention::men_llm_0000641,evidence,men_llm_0000641,ent_diseasecondition_16cf4e77b755,ahd5k_00666,التهاب,"Evidence: التهاب في المثانة أو الإحليل
Entity: التهاب
Surface form: التهاب
Field: answer
Relation context: التهاب HAS_SYMPTOM الدم. Evidence: التهاب في المثانة أو الإحليل يسبب خروج الدم | التهاب DIAGNOSED_BY تصوير الجهاز البولي. Evidence: تصوير الجهاز البولي لتحديد سبب التهاب المثانة | الدم INVESTIGATED_BY تصوير الجهاز البولي. Evidence: تصوير الجهاز البولي لتحديد مكان خروج الدم"
mention::men_llm_0000642,evidence,men_llm_0000642,ent_symptom_59d5c1de0b88,ahd5k_00666,الدم,"Evidence: خروج الدم يعني وجود جرح في المثانة أو الإحليل
Entity: الدم
Surface form: الدم
Field: answer
Relation context: التهاب HAS_SYMPTOM الدم. Evidence: التهاب في المثانة أو الإحليل يسبب خروج الدم | التهاب DIAGNOSED_BY تصوير الجهاز البولي. Evidence: تصوير الجهاز البولي لتحديد سبب التهاب المثانة | الدم INVESTIGATED_BY تصوير الجهاز البولي. Evidence: تصوير الجهاز البولي لتحديد مكان خروج الدم"
mention::men_llm_0000643,evidence,men_llm_0000643,ent_test_f6ff9119ed14,ahd5k_00666,تصوير الجهاز البولي,"Evidence: تصوير الجهاز البولي بصورة ملونر أي في بي لتحديد السبب والمكان
Entity: تصوير الجهاز البولي
Surface form: تصوير الجهاز البولي
Field: answer
Relation context: التهاب HAS_SYMPTOM الدم. Evidence: التهاب في المثانة أو الإحليل يسبب خروج الدم | التهاب DIAGNOSED_BY تصوير الجهاز البولي. Evidence: تصوير الجهاز البولي لتحديد سبب التهاب المثانة | الدم INVESTIGATED_BY تصوير الجهاز البولي. Evidence: تصوير الجهاز البولي لتحديد مكان خروج الدم"
mention::men_llm_0000644,evidence,men_llm_0000644,ent_treatment_90baddc0bf15,ahd5k_00666,العلاج,"Evidence: وبعدها يتحدد العلاج
Entity: العلاج
Surface form: العلاج
Field: answer
Relation context: التهاب HAS_SYMPTOM الدم. Evidence: التهاب في المثانة أو الإحليل يسبب خروج الدم | التهاب DIAGNOSED_BY تصوير الجهاز البولي. Evidence: تصوير الجهاز البولي لتحديد سبب التهاب المثانة | الدم INVESTIGATED_BY تصوير الجهاز البولي. Evidence: تصوير الجهاز البولي لتحديد مكان خروج الدم"
mention::men_llm_0000645,evidence,men_llm_0000645,ent_diseasecondition_4ea30d57b62c,ahd5k_00209,التصبغات السوداء,"Evidence: التصبغات السوداء متنوعة المصدر منها ما هو خارجي
Entity: التصبغات السوداء
Surface form: التصبغات السوداء
Field: answer
Relation context: "
mention::men_llm_0000646,evidence,men_llm_0000646,ent_diseasecondition_30c063bfe92d,ahd5k_00209,التسوس,"Evidence: التسوس يكونه اسود اللون لكن يكون هناك نخر او تاكل في سطح السن
Entity: التسوس
Surface form: التسوس
Field: answer
Relation context: "
mention::men_llm_0000647,evidence,men_llm_0000647,ent_treatment_1479a48d3d42,ahd5k_00209,الدواء,"Evidence: مضمضة الكلورهيكسيدين
Entity: الدواء
Surface form: مضمضة الكلورهيكسيدين
Field: answer
Relation context: "
mention::men_llm_0000648,evidence,men_llm_0000648,ent_treatment_1479a48d3d42,ahd5k_03474,الدواء,"Evidence: الدواءvitamin b complex
Entity: الدواء
Surface form: vitamin b complex
Field: answer
Relation context: "
mention::men_llm_0000649,evidence,men_llm_0000649,ent_diseasecondition_2f75d3dabe0b,ahd5k_00069,حساسية,"Evidence: حساسية الصدر
Entity: حساسية
Surface form: حساسية
Field: question
Relation context: حساسية HAS_SYMPTOM سعال. Evidence: حساسية الصدر وسعال"
mention::men_llm_0000650,evidence,men_llm_0000650,ent_diseasecondition_2f75d3dabe0b,ahd5k_00069,حساسية,"Evidence: حساسية الصدر
Entity: حساسية
Surface form: حساسية
Field: answer
Relation context: حساسية HAS_SYMPTOM سعال. Evidence: حساسية الصدر وسعال"
mention::men_llm_0000651,evidence,men_llm_0000651,ent_symptom_f4cf885a0447,ahd5k_00069,سعال,"Evidence: سعال
Entity: سعال
Surface form: سعال
Field: question
Relation context: حساسية HAS_SYMPTOM سعال. Evidence: حساسية الصدر وسعال"
mention::men_llm_0000652,evidence,men_llm_0000652,ent_diseasecondition_16cf4e77b755,ahd5k_00069,التهاب,"Evidence: التهاب
Entity: التهاب
Surface form: التهاب
Field: answer
Relation context: حساسية HAS_SYMPTOM سعال. Evidence: حساسية الصدر وسعال"
mention::men_llm_0000653,evidence,men_llm_0000653,ent_treatment_249018a21aa8,ahd5k_00315,القهوة,"Evidence: القهوة
Entity: القهوة
Surface form: القهوة
Field: answer
Relation context: "
mention::men_llm_0000654,evidence,men_llm_0000654,ent_treatment_06010a2495f7,ahd5k_00315,الشمع,"Evidence: الشمع
Entity: الشمع
Surface form: الشمع
Field: answer
Relation context: "
mention::men_llm_0000655,evidence,men_llm_0000655,ent_diseasecondition_ee57bd84c53c,ahd5k_00484,الضرس,"Evidence: الضرس
Entity: الضرس
Surface form: الضرس
Field: question
Relation context: "
mention::men_llm_0000656,evidence,men_llm_0000656,ent_diseasecondition_ee57bd84c53c,ahd5k_00977,الضرس,"Evidence: الضرس
Entity: الضرس
Surface form: الضرس
Field: question
Relation context: "
mention::men_llm_0000657,evidence,men_llm_0000657,ent_diseasecondition_ee57bd84c53c,ahd5k_01094,الضرس,"Evidence: الضرس
Entity: الضرس
Surface form: الضرس
Field: question
Relation context: "
mention::men_llm_0000658,evidence,men_llm_0000658,ent_diseasecondition_ee57bd84c53c,ahd5k_00821,الضرس,"Evidence: الضرس
Entity: الضرس
Surface form: الضرس
Field: question
Relation context: "
mention::men_llm_0000659,evidence,men_llm_0000659,ent_diseasecondition_ee57bd84c53c,ahd5k_00828,الضرس,"Evidence: الضرس
Entity: الضرس
Surface form: الضرس
Field: question
Relation context: "
mention::men_llm_0000660,evidence,men_llm_0000660,ent_diseasecondition_385230d505f3,ahd5k_01579,تهاب,"Evidence: علامات متقدمة لتسوس الاسنان او كسر بالسن يصل لمنطقة عصب السن او الضرس
Entity: تهاب
Surface form: التهاب
Field: answer
Relation context: "
mention::men_llm_0000661,evidence,men_llm_0000661,ent_treatment_07c97c044791,ahd5k_01878,تبييض,"Evidence: لصقات التبييض تعمل على تنظيف سطح الاسنان الطبيعي
Entity: تبييض
Surface form: لصقات
Field: answer
Relation context: "
mention::men_llm_0000662,evidence,men_llm_0000662,ent_diseasecondition_385230d505f3,ahd5k_02037,تهاب,"Evidence: انصحك بمراجعه طبيبك للكشف والنصيحه
Entity: تهاب
Surface form: التهاب
Field: answer
Relation context: "
mention::men_llm_0000663,evidence,men_llm_0000663,ent_symptom_170df8c18553,ahd5k_02131,كيس,"Evidence: هل كلاموكسيل يقظي على الكيس الموجود في اللثة
Entity: كيس
Surface form: كيس
Field: question
Relation context: "
mention::men_llm_0000664,evidence,men_llm_0000664,ent_diseasecondition_6e95846a4080,ahd5k_02491,التهاب اللثة,"Evidence: ما علاج تورم اللثه من الداخل؟
Entity: التهاب اللثة
Surface form: تورم اللثه من الداخل
Field: question
Relation context: "
mention::men_llm_0000665,evidence,men_llm_0000665,ent_diseasecondition_6e95846a4080,ahd5k_02491,التهاب اللثة,"Evidence: لابد من تحديد السبب عن طريق الفحص واجراء الاشعة قد يكون بسبب سني او خراج لثوي لابد من مراجعة العيادة
Entity: التهاب اللثة
Surface form: التهاب
Field: answer
Relation context: "
mention::men_llm_0000666,evidence,men_llm_0000666,ent_diseasecondition_16cf4e77b755,ahd5k_02491,التهاب,"Evidence: لابد من تحديد السبب عن طريق الفحص واجراء الاشعة قد يكون بسبب سني او خراج لثوي لابد من مراجعة العيادة
Entity: التهاب
Surface form: التهاب
Field: answer
Relation context: "
mention::men_llm_0000667,evidence,men_llm_0000667,ent_diseasecondition_2de63ce5404a,ahd5k_02986,الجيب اللثوي,"Evidence: لدي جيب لثوي بين الضاحك والضرس
Entity: الجيب اللثوي
Surface form: جيب لثوي
Field: question
Relation context: الجيب اللثوي TREATED_BY الجيب اللثوي. Evidence: ازاله التلبيس وعمل جراحة للجيب اللثوي"
mention::men_llm_0000668,evidence,men_llm_0000668,ent_symptom_8837f8fd35f4,ahd5k_02986,الجيب اللثوي,"Evidence: لدي جيب لثوي بين الضاحك والضرس
Entity: الجيب اللثوي
Surface form: جيب لثوي
Field: question
Relation context: الجيب اللثوي TREATED_BY الجيب اللثوي. Evidence: ازاله التلبيس وعمل جراحة للجيب اللثوي"
mention::men_llm_0000669,evidence,men_llm_0000669,ent_treatment_f60ee3a3269a,ahd5k_02986,الجيب اللثوي,"Evidence: قد تحتاج ازاله التلبيس و عمل جراحة بسيطة للجيب اللثوي و بعدها يتم وصع تاج جديد بعد شهر و اكيد وقتها رح تشعر بالتحسن ان شالله
Entity: الجيب اللثوي
Surface form: الجيب اللثوي
Field: answer
Relation context: الجيب اللثوي TREATED_BY الجيب اللثوي. Evidence: ازاله التلبيس وعمل جراحة للجيب اللثوي"
mention::men_llm_0000670,evidence,men_llm_0000670,ent_diseasecondition_16cf4e77b755,ahd5k_02491,التهاب,"Evidence: لابد من تحديد السبب عن طريق الفحص واجراء الاشعة قد يكون بسبب سني او خراج لثوي لابد من مراجعة العيادة
Entity: التهاب
Surface form: الاشعة
Field: answer
Relation context: "
mention::men_llm_0000671,evidence,men_llm_0000671,ent_diseasecondition_2f75d3dabe0b,ahd5k_03098,حساسية,"Evidence: انصحك بعلاج كل الأسنان التي يتوجب علاجها و من ثم التوجه إلى طبيب اخصائي باطنيه
Entity: حساسية
Surface form: حساسية
Field: answer
Relation context: "
mention::men_llm_0000672,evidence,men_llm_0000672,ent_diseasecondition_16cf4e77b755,ahd5k_03113,التهاب,"Evidence: عندي جرح داخل فمي في اللثه تحت السن ومؤلم جداً ، شنو الحل ؟
Entity: التهاب
Surface form: التهاب
Field: question
Relation context: "
mention::men_llm_0000673,evidence,men_llm_0000673,ent_treatment_cd6803651137,ahd5k_03032,زراعة,"Evidence: حالة الحافة العظمية للفكممتازة لعمل زرعات سنية
Entity: زراعة
Surface form: زراعة
Field: answer
Relation context: "
mention::men_llm_0000674,evidence,men_llm_0000674,ent_treatment_b16a545c0e9c,ahd5k_04154,حشوة,"Evidence: يجب زيارة الطبيب لتنعيم الحشوه ......يمكن الأكل عليها ولكن لا يجب قطم النواشف عليها حيث أنها من الممكن أن تؤدى لكسرها
Entity: حشوة
Surface form: حشوة
Field: answer
Relation context: "
mention::men_llm_0000675,evidence,men_llm_0000675,ent_test_f1846b201f26,ahd5k_04177,فحص,"Evidence: يجب فحص الحالة و التأكد من السن الذي تم خلعه هل هو سن دائم أو سن مؤقت مع بقاء مديد ..
Entity: فحص
Surface form: فحص
Field: answer
Relation context: "
mention::men_llm_0000676,evidence,men_llm_0000676,ent_diseasecondition_16cf4e77b755,ahd5k_04942,التهاب,"Evidence: علاج الاسنان و اللثة قبل البدء في تقويم الاسنان
Entity: التهاب
Surface form: التهاب
Field: answer
Relation context: "
mention::men_llm_0000677,evidence,men_llm_0000677,ent_symptom_f4cf885a0447,ahd5k_04942,سعال,"Evidence: سويت تقويم أسنان و الدكتور الي أشتغل عنده مهمل بس ركب تقويم وخلع ضرس ما نظف لي أي سن و لا شال أي سوسة من أضراسي الخلفية
Entity: سعال
Surface form: سعال
Field: question
Relation context: "
mention::men_llm_0000678,evidence,men_llm_0000678,ent_symptom_b754f1a1e5a8,ahd5k_00222,صداع,"Evidence: ام حادة في الراس
Entity: صداع
Surface form: ام حادة في الراس
Field: question
Relation context: صداع TREATED_BY باندول فولت فاست. Evidence: باندول فولت فاست"
mention::men_llm_0000679,evidence,men_llm_0000679,ent_symptom_b754f1a1e5a8,ahd5k_00222,صداع,"Evidence: نض سريع وقوي جدا في الشرايين الموجودة في منقطة جوانب الجبهة
Entity: صداع
Surface form: نض سريع
Field: question
Relation context: صداع TREATED_BY باندول فولت فاست. Evidence: باندول فولت فاست"
mention::men_llm_0000680,evidence,men_llm_0000680,ent_treatment_2466e618d2bf,ahd5k_00222,باندول فولت فاست,"Evidence: باندول فولت فاست
Entity: باندول فولت فاست
Surface form: باندول فولت فاست
Field: answer
Relation context: صداع TREATED_BY باندول فولت فاست. Evidence: باندول فولت فاست"
mention::men_llm_0000681,evidence,men_llm_0000681,ent_diseasecondition_16cf4e77b755,ahd5k_00859,التهاب,"Evidence: التحاليل المخبرية
Entity: التهاب
Surface form: التهاب
Field: answer
Relation context: "
mention::men_llm_0000682,evidence,men_llm_0000682,ent_diseasecondition_16cf4e77b755,ahd5k_01689,التهاب,"Evidence: رضح
Entity: التهاب
Surface form: التهاب
Field: answer
Relation context: "
mention::men_llm_0000683,evidence,men_llm_0000683,ent_diseasecondition_16cf4e77b755,ahd5k_03632,التهاب,"Evidence: التحاليل المخبرية
Entity: التهاب
Surface form: التهاب
Field: answer
Relation context: "
mention::men_llm_0000684,evidence,men_llm_0000684,ent_diseasecondition_16cf4e77b755,ahd5k_03685,التهاب,"Evidence: التهاب بكتيري وفطريات
Entity: التهاب
Surface form: التهاب
Field: answer
Relation context: "
mention::men_llm_0000685,evidence,men_llm_0000685,ent_diseasecondition_16cf4e77b755,ahd5k_03818,التهاب,"Evidence: التهاب فيروسي
Entity: التهاب
Surface form: التهاب
Field: answer
Relation context: "
mention::men_llm_0000686,evidence,men_llm_0000686,ent_diseasecondition_16cf4e77b755,ahd5k_04903,التهاب,"Evidence: التهاب غشائي عضلي
Entity: التهاب
Surface form: التهاب
Field: answer
Relation context: "
mention::men_llm_0000687,evidence,men_llm_0000687,ent_diseasecondition_16cf4e77b755,ahd5k_00859,التهاب,"Evidence: التهاب في الغدد الليمفاوية
Entity: التهاب
Surface form: التهاب
Field: question
Relation context: "
mention::men_llm_0000688,evidence,men_llm_0000688,ent_diseasecondition_16cf4e77b755,ahd5k_01689,التهاب,"Evidence: التهاب في الثدي
Entity: التهاب
Surface form: التهاب
Field: question
Relation context: "
mention::men_llm_0000689,evidence,men_llm_0000689,ent_diseasecondition_16cf4e77b755,ahd5k_03632,التهاب,"Evidence: التهاب في الحالب
Entity: التهاب
Surface form: التهاب
Field: question
Relation context: "
mention::men_llm_0000690,evidence,men_llm_0000690,ent_diseasecondition_16cf4e77b755,ahd5k_03685,التهاب,"Evidence: التهاب بكتيري وفطريات
Entity: التهاب
Surface form: التهاب
Field: question
Relation context: "
mention::men_llm_0000691,evidence,men_llm_0000691,ent_diseasecondition_16cf4e77b755,ahd5k_03818,التهاب,"Evidence: التهاب في القفص الصدري
Entity: التهاب
Surface form: التهاب
Field: question
Relation context: "
mention::men_llm_0000692,evidence,men_llm_0000692,ent_diseasecondition_16cf4e77b755,ahd5k_04903,التهاب,"Evidence: التهاب غشائي عضلي
Entity: التهاب
Surface form: التهاب
Field: question
Relation context: "
mention::men_llm_0000693,evidence,men_llm_0000693,ent_diseasecondition_16cf4e77b755,ahd5k_00859,التهاب,"Evidence: التحاليل المخبرية
Entity: التهاب
Surface form: التحاليل المخبرية
Field: answer
Relation context: "
mention::men_llm_0000694,evidence,men_llm_0000694,ent_diseasecondition_16cf4e77b755,ahd5k_01689,التهاب,"Evidence: رضح
Entity: التهاب
Surface form: رضح
Field: answer
Relation context: "
mention::men_llm_0000695,evidence,men_llm_0000695,ent_diseasecondition_16cf4e77b755,ahd5k_03632,التهاب,"Evidence: التحاليل المخبرية
Entity: التهاب
Surface form: التحاليل المخبرية
Field: answer
Relation context: "
mention::men_llm_0000696,evidence,men_llm_0000696,ent_diseasecondition_16cf4e77b755,ahd5k_03685,التهاب,"Evidence: التهاب بكتيري وفطريات
Entity: التهاب
Surface form: التهاب بكتيري وفطريات
Field: answer
Relation context: "
mention::men_llm_0000697,evidence,men_llm_0000697,ent_diseasecondition_16cf4e77b755,ahd5k_03818,التهاب,"Evidence: التهاب فيروسي
Entity: التهاب
Surface form: التهاب فيروسي
Field: answer
Relation context: "
mention::men_llm_0000698,evidence,men_llm_0000698,ent_diseasecondition_16cf4e77b755,ahd5k_04903,التهاب,"Evidence: التهاب غشائي عضلي
Entity: التهاب
Surface form: التهاب غشائي عضلي
Field: answer
Relation context: "
mention::men_llm_0000699,evidence,men_llm_0000699,ent_diseasecondition_16cf4e77b755,ahd5k_00859,التهاب,"Evidence: ادوية الالتهاب
Entity: التهاب
Surface form: ادوية الالتهاب
Field: answer
Relation context: "
mention::men_llm_0000700,evidence,men_llm_0000700,ent_diseasecondition_16cf4e77b755,ahd5k_03632,التهاب,"Evidence: ادوية الالتهاب
Entity: التهاب
Surface form: ادوية الالتهاب
Field: answer
Relation context: "
mention::men_llm_0000701,evidence,men_llm_0000701,ent_diseasecondition_16cf4e77b755,ahd5k_03685,التهاب,"Evidence: ادوية الالتهاب
Entity: التهاب
Surface form: ادوية الالتهاب
Field: answer
Relation context: "
mention::men_llm_0000702,evidence,men_llm_0000702,ent_diseasecondition_16cf4e77b755,ahd5k_03818,التهاب,"Evidence: ادوية الالتهاب
Entity: التهاب
Surface form: ادوية الالتهاب
Field: answer
Relation context: "
mention::men_llm_0000703,evidence,men_llm_0000703,ent_diseasecondition_16cf4e77b755,ahd5k_04903,التهاب,"Evidence: ادوية الالتهاب
Entity: التهاب
Surface form: ادوية الالتهاب
Field: answer
Relation context: "
mention::men_llm_0000704,evidence,men_llm_0000704,ent_diseasecondition_f870ba2ab6eb,ahd5k_00140,الدورة الشهرية,"Evidence: الدورة الشرية
Entity: الدورة الشهرية
Surface form: الدورة الشرية
Field: question
Relation context: "
mention::men_llm_0000705,evidence,men_llm_0000705,ent_diseasecondition_f870ba2ab6eb,ahd5k_00140,الدورة الشهرية,"Evidence: الدورة الشهرية
Entity: الدورة الشهرية
Surface form: الدورة الشهرية
Field: answer
Relation context: "
mention::men_llm_0000706,evidence,men_llm_0000706,ent_diseasecondition_16cf4e77b755,ahd5k_00140,التهاب,"Evidence: التهاب
Entity: التهاب
Surface form: التهاب
Field: answer
Relation context: "
mention::men_llm_0000707,evidence,men_llm_0000707,ent_diseasecondition_2f75d3dabe0b,ahd5k_02470,حساسية,"Evidence: نوع من أنواع الحساسية
Entity: حساسية
Surface form: حساسية
Field: answer
Relation context: حساسية TREATED_BY تيليفاست. Evidence: مضاد للهيستامين مثل تيليفاست"
mention::men_llm_0000708,evidence,men_llm_0000708,ent_diseasecondition_2f75d3dabe0b,ahd5k_04235,حساسية,"Evidence: التهاب القصبات
Entity: حساسية
Surface form: تهاب القصبات
Field: answer
Relation context: "
mention::men_llm_0000709,evidence,men_llm_0000709,ent_diseasecondition_385230d505f3,ahd5k_04235,تهاب,"Evidence: التهاب القصبات
Entity: تهاب
Surface form: تهاب
Field: answer
Relation context: "
mention::men_llm_0000710,evidence,men_llm_0000710,ent_treatment_104bb0a91d5a,ahd5k_02470,تيليفاست,"Evidence: مضاد للهيستامين مثل تيليفاست
Entity: تيليفاست
Surface form: تيليفاست
Field: answer
Relation context: حساسية TREATED_BY تيليفاست. Evidence: مضاد للهيستامين مثل تيليفاست"
mention::men_llm_0000711,evidence,men_llm_0000711,ent_test_dd68aa784555,ahd5k_04235,تحاليل مخبرية,"Evidence: فحص طبي للوقوف على تفاصيل أكثر
Entity: تحاليل مخبرية
Surface form: تحاليل
Field: answer
Relation context: "
mention::men_llm_0000712,evidence,men_llm_0000712,ent_symptom_c01e00eb5c72,ahd5k_02662,صداع التوتر,"Evidence: صداع التوتر
Entity: صداع التوتر
Surface form: صداع التوتر
Field: answer
Relation context: التهاب السحايا HAS_SYMPTOM صداع. Evidence: صداع | التهاب الجيوب الأنفية HAS_SYMPTOM صداع. Evidence: صداع | التهاب الجيوب الأنفية HAS_SYMPTOM ضغط. Evidence: ضغط"
mention::men_llm_0000713,evidence,men_llm_0000713,ent_diseasecondition_16cf4e77b755,ahd5k_02662,التهاب,"Evidence: التهاب
Entity: التهاب
Surface form: التهاب
Field: answer
Relation context: التهاب السحايا HAS_SYMPTOM صداع. Evidence: صداع | التهاب الجيوب الأنفية HAS_SYMPTOM صداع. Evidence: صداع | التهاب الجيوب الأنفية HAS_SYMPTOM ضغط. Evidence: ضغط"
mention::men_llm_0000714,evidence,men_llm_0000714,ent_symptom_b754f1a1e5a8,ahd5k_02662,صداع,"Evidence: صداع
Entity: صداع
Surface form: صداع
Field: question
Relation context: التهاب السحايا HAS_SYMPTOM صداع. Evidence: صداع | التهاب الجيوب الأنفية HAS_SYMPTOM صداع. Evidence: صداع | التهاب الجيوب الأنفية HAS_SYMPTOM ضغط. Evidence: ضغط"
mention::men_llm_0000715,evidence,men_llm_0000715,ent_diseasecondition_6ed4cacd0b61,ahd5k_03594,التهاب الشعري,"Evidence: التهاب الشعري
Entity: التهاب الشعري
Surface form: التهاب الشعري
Field: answer
Relation context: "
mention::men_llm_0000716,evidence,men_llm_0000716,ent_diseasecondition_304bdda1e242,ahd5k_03594,كيس الشعر,"Evidence: كيس الشعر
Entity: كيس الشعر
Surface form: كيس الشعر
Field: answer
Relation context: "
mention::men_llm_0000717,evidence,men_llm_0000717,ent_symptom_d713f64368d3,ahd5k_02662,ضغط,"Evidence: ضغط
Entity: ضغط
Surface form: ضغط
Field: question
Relation context: التهاب السحايا HAS_SYMPTOM صداع. Evidence: صداع | التهاب الجيوب الأنفية HAS_SYMPTOM صداع. Evidence: صداع | التهاب الجيوب الأنفية HAS_SYMPTOM ضغط. Evidence: ضغط"
mention::men_llm_0000718,evidence,men_llm_0000718,ent_symptom_38888a2188fe,ahd5k_02662,القلق,"Evidence: القلق
Entity: القلق
Surface form: القلق
Field: answer
Relation context: التهاب السحايا HAS_SYMPTOM صداع. Evidence: صداع | التهاب الجيوب الأنفية HAS_SYMPTOM صداع. Evidence: صداع | التهاب الجيوب الأنفية HAS_SYMPTOM ضغط. Evidence: ضغط"
mention::men_llm_0000719,evidence,men_llm_0000719,ent_diseasecondition_d9b91988beb9,ahd5k_02662,التهاب السحايا,"Evidence: التهاب السحايا
Entity: التهاب السحايا
Surface form: التهاب السحايا
Field: answer
Relation context: التهاب السحايا HAS_SYMPTOM صداع. Evidence: صداع | التهاب الجيوب الأنفية HAS_SYMPTOM صداع. Evidence: صداع | التهاب الجيوب الأنفية HAS_SYMPTOM ضغط. Evidence: ضغط"
mention::men_llm_0000720,evidence,men_llm_0000720,ent_diseasecondition_aacab021c9d4,ahd5k_02662,الصداع النصفي,"Evidence: الصداع النصفي
Entity: الصداع النصفي
Surface form: الصداع النصفي
Field: answer
Relation context: التهاب السحايا HAS_SYMPTOM صداع. Evidence: صداع | التهاب الجيوب الأنفية HAS_SYMPTOM صداع. Evidence: صداع | التهاب الجيوب الأنفية HAS_SYMPTOM ضغط. Evidence: ضغط"
mention::men_llm_0000721,evidence,men_llm_0000721,ent_diseasecondition_ad3e19c416f6,ahd5k_02662,التهاب الجيوب الأنفية,"Evidence: التهاب الجيوب الأنفية
Entity: التهاب الجيوب الأنفية
Surface form: التهاب الجيوب الأنفية
Field: answer
Relation context: التهاب السحايا HAS_SYMPTOM صداع. Evidence: صداع | التهاب الجيوب الأنفية HAS_SYMPTOM صداع. Evidence: صداع | التهاب الجيوب الأنفية HAS_SYMPTOM ضغط. Evidence: ضغط"
mention::men_llm_0000722,evidence,men_llm_0000722,ent_diseasecondition_16cf4e77b755,ahd5k_02023,التهاب,"Evidence: التهاب الأعصاب الطرفية
Entity: التهاب
Surface form: التهاب
Field: answer
Relation context: التهاب TREATED_BY نيوروتين. Evidence: دواء نيوروتين | فرط الحساسية TREATED_BY دواء تلفاست أ سيرين. Evidence: تناول دواء تلفاست أ سيرين"
mention::men_llm_0000723,evidence,men_llm_0000723,ent_diseasecondition_28f5fc799e65,ahd5k_02023,فرط الحساسية,"Evidence: فرط الحساسية
Entity: فرط الحساسية
Surface form: فرط الحساسية
Field: answer
Relation context: التهاب TREATED_BY نيوروتين. Evidence: دواء نيوروتين | فرط الحساسية TREATED_BY دواء تلفاست أ سيرين. Evidence: تناول دواء تلفاست أ سيرين"
mention::men_llm_0000724,evidence,men_llm_0000724,ent_treatment_9b5bfe80cea0,ahd5k_02023,دواء تلفاست أ سيرين,"Evidence: تناول دواء تلفاست أ سيرين
Entity: دواء تلفاست أ سيرين
Surface form: دواء تلفاست أ سيرين
Field: answer
Relation context: التهاب TREATED_BY نيوروتين. Evidence: دواء نيوروتين | فرط الحساسية TREATED_BY دواء تلفاست أ سيرين. Evidence: تناول دواء تلفاست أ سيرين"
mention::men_llm_0000725,evidence,men_llm_0000725,ent_treatment_6daeffa55a15,ahd5k_02023,نيوروتين,"Evidence: دواء نيوروتين
Entity: نيوروتين
Surface form: نيوروتين
Field: answer
Relation context: التهاب TREATED_BY نيوروتين. Evidence: دواء نيوروتين | فرط الحساسية TREATED_BY دواء تلفاست أ سيرين. Evidence: تناول دواء تلفاست أ سيرين"
mention::men_llm_0000726,evidence,men_llm_0000726,ent_diseasecondition_2f75d3dabe0b,ahd5k_00481,حساسية,"Evidence: وجود اصابة حسية شقية في شق الجسم الايسر
Entity: حساسية
Surface form: حساسية شقية
Field: answer
Relation context: "
mention::men_llm_0000727,evidence,men_llm_0000727,ent_symptom_b754f1a1e5a8,ahd5k_02318,صداع,"Evidence: صداع وظهور عرق بارز في جهه من الراس
Entity: صداع
Surface form: صداع
Field: question
Relation context: "
mention::men_llm_0000728,evidence,men_llm_0000728,ent_test_dd68aa784555,ahd5k_03565,تحاليل مخبرية,"Evidence: اجراء تحليل بالدم
Entity: تحاليل مخبرية
Surface form: تحليل بالدم
Field: answer
Relation context: نقص الحليب DIAGNOSED_BY تحاليل مخبرية. Evidence: اجراء تحليل بالدم"
mention::men_llm_0000729,evidence,men_llm_0000729,ent_test_c4cfd2d6468c,ahd5k_00114,أشعة,"Evidence: اجراء صورة اشعة عادية للحوض
Entity: أشعة
Surface form: صورة اشعة عادية
Field: answer
Relation context: التهاب DIAGNOSED_BY اشعة. Evidence: اجراء صورة اشعة عادية للحوض"
mention::men_llm_0000730,evidence,men_llm_0000730,ent_diseasecondition_16cf4e77b755,ahd5k_00114,التهاب,"Evidence: التهاب
Entity: التهاب
Surface form: التهاب
Field: answer
Relation context: التهاب DIAGNOSED_BY اشعة. Evidence: اجراء صورة اشعة عادية للحوض"
mention::men_llm_0000731,evidence,men_llm_0000731,ent_diseasecondition_ddc87069534f,ahd5k_03565,نقص الحليب,"Evidence: نسبه هرمون الحليب
Entity: نقص الحليب
Surface form: نسبه هرمون الحليب
Field: answer
Relation context: نقص الحليب DIAGNOSED_BY تحاليل مخبرية. Evidence: اجراء تحليل بالدم"
mention::men_llm_0000732,evidence,men_llm_0000732,ent_diseasecondition_16cf4e77b755,ahd5k_04754,التهاب,"Evidence: التهاب
Entity: التهاب
Surface form: التهاب
Field: answer
Relation context: "
mention::men_llm_0000733,evidence,men_llm_0000733,ent_symptom_b754f1a1e5a8,ahd5k_00507,صداع,"Evidence: صداع فى الرأس وشعور بحرارة فى الرأس وفى العين
Entity: صداع
Surface form: صداع فى الرأس
Field: question
Relation context: "
mention::men_llm_0000734,evidence,men_llm_0000734,ent_symptom_b754f1a1e5a8,ahd5k_00780,صداع,"Evidence: صداع يختلف حدته من خفيف إلى قوي جدا
Entity: صداع
Surface form: صداع
Field: question
Relation context: الصداع التوتري HAS_SYMPTOM صداع. Evidence: الصداع التوتري قد يظهر كصداع يختلف حدته"
mention::men_llm_0000735,evidence,men_llm_0000735,ent_symptom_b754f1a1e5a8,ahd5k_01058,صداع,"Evidence: صداع لايزول بالمسكنات
Entity: صداع
Surface form: صداع
Field: question
Relation context: صداع INVESTIGATED_BY الصور الشعاعية. Evidence: الصور الشعاعية قد تُطلب لفحص الصداع"
mention::men_llm_0000736,evidence,men_llm_0000736,ent_symptom_b754f1a1e5a8,ahd5k_03689,صداع,"Evidence: صداع دائم
Entity: صداع
Surface form: صداع
Field: question
Relation context: "
mention::men_llm_0000737,evidence,men_llm_0000737,ent_diseasecondition_00247d3d5c80,ahd5k_00780,الصداع التوتري,"Evidence: قد يكون لديك نوع من الصداع يسمى بالصداع التوتري
Entity: الصداع التوتري
Surface form: صداع التوتري
Field: answer
Relation context: الصداع التوتري HAS_SYMPTOM صداع. Evidence: الصداع التوتري قد يظهر كصداع يختلف حدته"
mention::men_llm_0000738,evidence,men_llm_0000738,ent_treatment_450cbdcb87da,ahd5k_00507,الطبيب,"Evidence: من الافضل والاجدى اذا وجد ضرس غقل او اكثر مطمور ان تبادرى لازالتهم وذلك لدى طبيب اسنان متمرس
Entity: الطبيب
Surface form: طبيب اسنان متمرس
Field: answer
Relation context: "
mention::men_llm_0000739,evidence,men_llm_0000739,ent_treatment_450cbdcb87da,ahd5k_00780,الطبيب,"Evidence: مراجعة طبيب اعصاب وذلك لاتمام الفحص السريري و التاكد من التشخيص
Entity: الطبيب
Surface form: طبيب اعصاب
Field: answer
Relation context: الصداع التوتري HAS_SYMPTOM صداع. Evidence: الصداع التوتري قد يظهر كصداع يختلف حدته"
mention::men_llm_0000740,evidence,men_llm_0000740,ent_treatment_450cbdcb87da,ahd5k_01058,الطبيب,"Evidence: ذهبت لأفضل أخصائي أنف وأذن وحنجرة
Entity: الطبيب
Surface form: أخصائي أنف وأذن وحنجرة
Field: question
Relation context: صداع INVESTIGATED_BY الصور الشعاعية. Evidence: الصور الشعاعية قد تُطلب لفحص الصداع"
mention::men_llm_0000741,evidence,men_llm_0000741,ent_treatment_450cbdcb87da,ahd5k_03689,الطبيب,"Evidence: أنصحك بمراجعة أخصائي الأمراض الداخلية
Entity: الطبيب
Surface form: أخصائي الأمراض الداخلية
Field: answer
Relation context: "
mention::men_llm_0000742,evidence,men_llm_0000742,ent_test_e668861db259,ahd5k_01058,الصور الشعاعية,"Evidence: قد يطلب صور شعاعية للرأس من ضمن فحوص أخرى
Entity: الصور الشعاعية
Surface form: صور شعاعية
Field: answer
Relation context: صداع INVESTIGATED_BY الصور الشعاعية. Evidence: الصور الشعاعية قد تُطلب لفحص الصداع"
mention::men_llm_0000743,evidence,men_llm_0000743,ent_symptom_f51ef98950a2,ahd5k_00804,قلق,"Evidence: شعورى بقبضة فى صدرى تستغرق بضعة ثوانى ويصاحبها ضيق فى التنفس ....كان يتكرر هذا الموضوع معى من فترة الى اخرى ثم اصبح يوميا ثم يقل تدريجيا ولكنى مازلت...
Entity: قلق
Surface form: شعورى بقبضة فى صدرى
Field: question
Relation context: "
mention::men_llm_0000744,evidence,men_llm_0000744,ent_symptom_f51ef98950a2,ahd5k_00804,قلق,"Evidence: الافضل مراجعة طبيب
Entity: قلق
Surface form: قلق
Field: answer
Relation context: "
mention::men_llm_0000745,evidence,men_llm_0000745,ent_diseasecondition_88a350b88c4d,ahd5k_00804,عضلات الصدر,"Evidence: الافضل مراجعة طبيب
Entity: عضلات الصدر
Surface form: عضلات الصدر
Field: answer
Relation context: "
mention::men_llm_0000746,evidence,men_llm_0000746,ent_test_c4cfd2d6468c,ahd5k_04468,أشعة,"Evidence: ينصح لك بصورة اشعة
Entity: أشعة
Surface form: صورة اشعة
Field: answer
Relation context: انزلاق غضروفي عنقي DIAGNOSED_BY أشعة. Evidence: ينصح لك بصورة اشعة للعنق، هذه العلامات تشير إلى انزلاق غضروفي عنقي"
mention::men_llm_0000747,evidence,men_llm_0000747,ent_diseasecondition_63c6ebfcb439,ahd5k_04078,كسر,"Evidence: عليك بعمل صورة اشعة ربما هناك مشكلة معينة في عظام القفص الصدري مثل كسر
Entity: كسر
Surface form: كسر
Field: answer
Relation context: "
mention::men_llm_0000748,evidence,men_llm_0000748,ent_diseasecondition_5490429a16c5,ahd5k_04468,انزلاق غضروفي عنقي,"Evidence: ينصح لك بصورة اشعة للعنق، هذه العلامات تشير الى انزلاق غضروفي عنقي (في الرقبة) غالبا بين الخامسة و السادسة العنقية
Entity: انزلاق غضروفي عنقي
Surface form: انزلاق غضروفي عنقي
Field: answer
Relation context: انزلاق غضروفي عنقي DIAGNOSED_BY أشعة. Evidence: ينصح لك بصورة اشعة للعنق، هذه العلامات تشير إلى انزلاق غضروفي عنقي"
mention::men_llm_0000749,evidence,men_llm_0000749,ent_test_dd68aa784555,ahd5k_02588,تحاليل مخبرية,"Evidence: فحوصات المخبرية
Entity: تحاليل مخبرية
Surface form: تحليل مخبري
Field: answer
Relation context: "
mention::men_llm_0000750,evidence,men_llm_0000750,ent_test_dd68aa784555,ahd5k_04620,تحاليل مخبرية,"Evidence: تحليل شامل للهرمونات وتصوير سونار للرحم والمبايض
Entity: تحاليل مخبرية
Surface form: تحليل مخبري
Field: answer
Relation context: "
mention::men_llm_0000751,evidence,men_llm_0000751,ent_diseasecondition_c530adcb98c5,ahd5k_01394,الاكتئاب,"Evidence: الشعور بالاكتئاب
Entity: الاكتئاب
Surface form: الاكتئاب
Field: answer
Relation context: "
mention::men_llm_0000752,evidence,men_llm_0000752,ent_diseasecondition_c530adcb98c5,ahd5k_01394,الاكتئاب,"Evidence: حالات الاكتئاب
Entity: الاكتئاب
Surface form: الاكتئاب
Field: answer
Relation context: "
mention::men_llm_0000753,evidence,men_llm_0000753,ent_diseasecondition_9719230327a2,ahd5k_01394,فقر الدم,"Evidence: فقر دم (انيميا الفول)
Entity: فقر الدم
Surface form: فقر الدم
Field: answer
Relation context: "
mention::men_llm_0000754,evidence,men_llm_0000754,ent_diseasecondition_16cf4e77b755,ahd5k_01394,التهاب,"Evidence: تهاب
Entity: التهاب
Surface form: التهاب
Field: answer
Relation context: "
mention::men_llm_0000755,evidence,men_llm_0000755,ent_treatment_84e0992b5157,ahd5k_01394,شاي الأعشاب,"Evidence: شاي الأعشاب
Entity: شاي الأعشاب
Surface form: شاي الأعشاب
Field: answer
Relation context: "
mention::men_llm_0000756,evidence,men_llm_0000756,ent_treatment_84e0992b5157,ahd5k_01394,شاي الأعشاب,"Evidence: أكليل الجبل
Entity: شاي الأعشاب
Surface form: أكليل الجبل
Field: answer
Relation context: "
mention::men_llm_0000757,evidence,men_llm_0000757,ent_treatment_84e0992b5157,ahd5k_01394,شاي الأعشاب,"Evidence: النعناع
Entity: شاي الأعشاب
Surface form: النعناع
Field: answer
Relation context: "
mention::men_llm_0000758,evidence,men_llm_0000758,ent_treatment_84e0992b5157,ahd5k_01394,شاي الأعشاب,"Evidence: البابونج
Entity: شاي الأعشاب
Surface form: البابونج
Field: answer
Relation context: "
mention::men_llm_0000759,evidence,men_llm_0000759,ent_treatment_84e0992b5157,ahd5k_01394,شاي الأعشاب,"Evidence: اللافندر
Entity: شاي الأعشاب
Surface form: اللافندر
Field: answer
Relation context: "
mention::men_llm_0000760,evidence,men_llm_0000760,ent_treatment_84e0992b5157,ahd5k_01394,شاي الأعشاب,"Evidence: اليانسون
Entity: شاي الأعشاب
Surface form: اليانسون
Field: answer
Relation context: "
mention::men_llm_0000761,evidence,men_llm_0000761,ent_treatment_84e0992b5157,ahd5k_01394,شاي الأعشاب,"Evidence: الزعتر
Entity: شاي الأعشاب
Surface form: الزعتر
Field: answer
Relation context: "
mention::men_llm_0000762,evidence,men_llm_0000762,ent_treatment_84e0992b5157,ahd5k_01394,شاي الأعشاب,"Evidence: المريمية
Entity: شاي الأعشاب
Surface form: المريمية
Field: answer
Relation context: "
mention::men_llm_0000763,evidence,men_llm_0000763,ent_treatment_84e0992b5157,ahd5k_01394,شاي الأعشاب,"Evidence: البرتقال
Entity: شاي الأعشاب
Surface form: البرتقال
Field: answer
Relation context: "
mention::men_llm_0000764,evidence,men_llm_0000764,ent_treatment_84e0992b5157,ahd5k_01394,شاي الأعشاب,"Evidence: الكركديه
Entity: شاي الأعشاب
Surface form: الكركديه
Field: answer
Relation context: "
mention::men_llm_0000765,evidence,men_llm_0000765,ent_treatment_84e0992b5157,ahd5k_01394,شاي الأعشاب,"Evidence: الكنيدولا
Entity: شاي الأعشاب
Surface form: الكنيدولا
Field: answer
Relation context: "
mention::men_llm_0000766,evidence,men_llm_0000766,ent_treatment_84e0992b5157,ahd5k_01394,شاي الأعشاب,"Evidence: الفاليريانا
Entity: شاي الأعشاب
Surface form: الفاليريانا
Field: answer
Relation context: "
mention::men_llm_0000767,evidence,men_llm_0000767,ent_treatment_84e0992b5157,ahd5k_01394,شاي الأعشاب,"Evidence: المردقوش
Entity: شاي الأعشاب
Surface form: المردقوش
Field: answer
Relation context: "
mention::men_llm_0000768,evidence,men_llm_0000768,ent_treatment_84e0992b5157,ahd5k_01394,شاي الأعشاب,"Evidence: الهندباء البرية
Entity: شاي الأعشاب
Surface form: الهندباء البرية
Field: answer
Relation context: "
mention::men_llm_0000769,evidence,men_llm_0000769,ent_treatment_84e0992b5157,ahd5k_01394,شاي الأعشاب,"Evidence: الخزام
Entity: شاي الأعشاب
Surface form: الخزام
Field: answer
Relation context: "
mention::men_llm_0000770,evidence,men_llm_0000770,ent_treatment_84e0992b5157,ahd5k_01394,شاي الأعشاب,"Evidence: النارنج
Entity: شاي الأعشاب
Surface form: النارنج
Field: answer
Relation context: "
mention::men_llm_0000771,evidence,men_llm_0000771,ent_treatment_84e0992b5157,ahd5k_01394,شاي الأعشاب,"Evidence: الزيتون
Entity: شاي الأعشاب
Surface form: الزيتون
Field: answer
Relation context: "
mention::men_llm_0000772,evidence,men_llm_0000772,ent_treatment_84e0992b5157,ahd5k_01394,شاي الأعشاب,"Evidence: الملفوف
Entity: شاي الأعشاب
Surface form: الملفوف
Field: answer
Relation context: "
mention::men_llm_0000773,evidence,men_llm_0000773,ent_treatment_84e0992b5157,ahd5k_01394,شاي الأعشاب,"Evidence: جنين القمح
Entity: شاي الأعشاب
Surface form: جنين القمح
Field: answer
Relation context: "
mention::men_llm_0000774,evidence,men_llm_0000774,ent_treatment_84e0992b5157,ahd5k_01394,شاي الأعشاب,"Evidence: البليلة
Entity: شاي الأعشاب
Surface form: البليلة
Field: answer
Relation context: "
mention::men_llm_0000775,evidence,men_llm_0000775,ent_treatment_84e0992b5157,ahd5k_01394,شاي الأعشاب,"Evidence: الخردل
Entity: شاي الأعشاب
Surface form: الخردل
Field: answer
Relation context: "
mention::men_llm_0000776,evidence,men_llm_0000776,ent_treatment_84e0992b5157,ahd5k_01394,شاي الأعشاب,"Evidence: بقلة يوحنا
Entity: شاي الأعشاب
Surface form: بقلة يوحنا
Field: answer
Relation context: "
mention::men_llm_0000777,evidence,men_llm_0000777,ent_treatment_84e0992b5157,ahd5k_01394,شاي الأعشاب,"Evidence: كافاكافا
Entity: شاي الأعشاب
Surface form: كافاكافا
Field: answer
Relation context: "
mention::men_llm_0000778,evidence,men_llm_0000778,ent_diseasecondition_2f75d3dabe0b,ahd5k_00142,حساسية,"Evidence: حساسية
Entity: حساسية
Surface form: حساسية
Field: question
Relation context: "
mention::men_llm_0000779,evidence,men_llm_0000779,ent_diseasecondition_385230d505f3,ahd5k_00142,تهاب,"Evidence: تهاب
Entity: تهاب
Surface form: تهاب
Field: answer
Relation context: "
mention::men_llm_0000780,evidence,men_llm_0000780,ent_diseasecondition_a8997ac91159,ahd5k_00142,فطريات,"Evidence: فطريات
Entity: فطريات
Surface form: فطريات
Field: question
Relation context: "
mention::men_llm_0000781,evidence,men_llm_0000781,ent_diseasecondition_1b4cda592c0e,ahd5k_00142,نقص فيتامين,"Evidence: نقص فيتامين
Entity: نقص فيتامين
Surface form: نقص فيتامين
Field: answer
Relation context: "
mention::men_llm_0000782,evidence,men_llm_0000782,ent_symptom_ec53995c86ca,ahd5k_01140,دوار,"Evidence: دوار
Entity: دوار
Surface form: دوار
Field: question
Relation context: "
mention::men_llm_0000783,evidence,men_llm_0000783,ent_symptom_2623f9ed0078,ahd5k_01140,دقات سريعة للقلب,"Evidence: دقات سريعة للقلب
Entity: دقات سريعة للقلب
Surface form: دقات سريعة للقلب
Field: question
Relation context: "
mention::men_llm_0000784,evidence,men_llm_0000784,ent_symptom_e9ec482600f1,ahd5k_01140,راسي تقيل,"Evidence: راسي تقيل
Entity: راسي تقيل
Surface form: راسي تقيل
Field: question
Relation context: "
mention::men_llm_0000785,evidence,men_llm_0000785,ent_diseasecondition_a8997ac91159,ahd5k_01874,فطريات,"Evidence: فطريات
Entity: فطريات
Surface form: فطريات
Field: question
Relation context: "
mention::men_llm_0000786,evidence,men_llm_0000786,ent_diseasecondition_1b4cda592c0e,ahd5k_01874,نقص فيتامين,"Evidence: نقص فيتامين
Entity: نقص فيتامين
Surface form: نقص فيتامين
Field: answer
Relation context: "
mention::men_llm_0000787,evidence,men_llm_0000787,ent_diseasecondition_16cf4e77b755,ahd5k_01874,التهاب,"Evidence: التهاب
Entity: التهاب
Surface form: التهاب
Field: answer
Relation context: "
mention::men_llm_0000788,evidence,men_llm_0000788,ent_diseasecondition_a2605dbbfa2a,ahd5k_04817,أقل من الطبيعي,"Evidence: هذا أقل من الطبيعي ولكن في هذا العمر قد تحدث ثورة اذ يزداد الطول و الوزن بشكل مفاجئ
Entity: أقل من الطبيعي
Surface form: أقل من الطبيعي
Field: answer
Relation context: "
mention::men_llm_0000789,evidence,men_llm_0000789,ent_treatment_df97f5e24856,ahd5k_04817,النوم جيداً,"Evidence: ماعليك سوى ممارسة الرياضة و تناول الاطعمة كاللحوم و الخضار و الفواكة والنوم جيداً
Entity: النوم جيداً
Surface form: النوم جيداً
Field: answer
Relation context: "
mention::men_llm_0000790,evidence,men_llm_0000790,ent_treatment_c8e54783a44f,ahd5k_04817,اللحوم,"Evidence: ماعليك سوى ممارسة الرياضة و تناول الاطعمة كاللحوم و الخضار و الفواكة والنوم جيداً
Entity: اللحوم
Surface form: اللحوم
Field: answer
Relation context: "
mention::men_llm_0000791,evidence,men_llm_0000791,ent_treatment_2b917ff56ac9,ahd5k_04817,الخضار,"Evidence: ماعليك سوى ممارسة الرياضة و تناول الاطعمة كاللحوم و الخضار و الفواكة والنوم جيداً
Entity: الخضار
Surface form: الخضار
Field: answer
Relation context: "
mention::men_llm_0000792,evidence,men_llm_0000792,ent_treatment_903a54038c7e,ahd5k_04817,الفواكة,"Evidence: ماعليك سوى ممارسة الرياضة و تناول الاطعمة كاللحوم و الخضار و الفواكة والنوم جيداً
Entity: الفواكة
Surface form: الفواكة
Field: answer
Relation context: "
mention::men_llm_0000793,evidence,men_llm_0000793,ent_treatment_8f18706cd796,ahd5k_04817,الرياضة,"Evidence: ماعليك سوى ممارسة الرياضة و تناول الاطعمة كاللحوم و الخضار و الفواكة والنوم جيداً
Entity: الرياضة
Surface form: الرياضة
Field: answer
Relation context: "
mention::men_llm_0000794,evidence,men_llm_0000794,ent_symptom_3218dcecad3c,ahd5k_04924,تشنجات,"Evidence: هل تشنجات التي تحدث في الراس اي الجهة اليمنى والجهة الخلفية من الراس تدل...
Entity: تشنجات
Surface form: تشنجات
Field: question
Relation context: "
mention::men_llm_0000795,evidence,men_llm_0000795,ent_diseasecondition_16cf4e77b755,ahd5k_00774,التهاب,"Evidence: التهاب الجلد الانين التهاب
Entity: التهاب
Surface form: التهاب
Field: answer
Relation context: التهاب HAS_SYMPTOM حصاصة. Evidence: التهاب الجلد الانين التهاب, حصاصة الجلد الانين | التهاب HAS_SYMPTOM الانين. Evidence: الانين الجلد"
mention::men_llm_0000796,evidence,men_llm_0000796,ent_symptom_fe424a778440,ahd5k_00774,حصاصة,"Evidence: حصاصة الجلد الانين
Entity: حصاصة
Surface form: حصاصة
Field: answer
Relation context: التهاب HAS_SYMPTOM حصاصة. Evidence: التهاب الجلد الانين التهاب, حصاصة الجلد الانين | التهاب HAS_SYMPTOM الانين. Evidence: الانين الجلد"
mention::men_llm_0000797,evidence,men_llm_0000797,ent_symptom_9731436c9bf9,ahd5k_00774,الانين,"Evidence: الانين الجلد
Entity: الانين
Surface form: الانين
Field: answer
Relation context: التهاب HAS_SYMPTOM حصاصة. Evidence: التهاب الجلد الانين التهاب, حصاصة الجلد الانين | التهاب HAS_SYMPTOM الانين. Evidence: الانين الجلد"
mention::men_llm_0000798,evidence,men_llm_0000798,ent_test_789144e7ff3c,ahd5k_00774,الثيحال الريوي,"Evidence: الثيحال الريوي الثيحال الريوي
Entity: الثيحال الريوي
Surface form: الثيحال الريوي
Field: answer
Relation context: التهاب HAS_SYMPTOM حصاصة. Evidence: التهاب الجلد الانين التهاب, حصاصة الجلد الانين | التهاب HAS_SYMPTOM الانين. Evidence: الانين الجلد"
mention::men_llm_0000799,evidence,men_llm_0000799,ent_diseasecondition_8900ade247cb,ahd5k_00754,انزلاق أنقي,"Evidence: انزلاق أنقي انزلاق انقي
Entity: انزلاق أنقي
Surface form: انزلاق أنقي
Field: answer
Relation context: "
mention::men_llm_0000800,evidence,men_llm_0000800,ent_diseasecondition_db17a406c72e,ahd5k_03423,ارتفاع ضغط الدم,"Evidence: مرض لحد الان لم نتمكن من معرفة السبب
Entity: ارتفاع ضغط الدم
Surface form: مرض
Field: question
Relation context: ارتفاع ضغط الدم HAS_SYMPTOM الإغماء. Evidence: الإغماء"
mention::men_llm_0000801,evidence,men_llm_0000801,ent_diseasecondition_db17a406c72e,ahd5k_03423,ارتفاع ضغط الدم,"Evidence: يجب مراقبة ضغط الدم باستمرار
Entity: ارتفاع ضغط الدم
Surface form: ارتفاع ضغط الدم
Field: answer
Relation context: ارتفاع ضغط الدم HAS_SYMPTOM الإغماء. Evidence: الإغماء"
mention::men_llm_0000802,evidence,men_llm_0000802,ent_diseasecondition_32c84edce6a2,ahd5k_03852,اكتئاب,"Evidence: التفكير بالانتحار
Entity: اكتئاب
Surface form: اكتئاب
Field: answer
Relation context: "
mention::men_llm_0000803,evidence,men_llm_0000803,ent_symptom_d713f64368d3,ahd5k_03423,ضغط,"Evidence: مراقبة ضغط الدم باستمرار
Entity: ضغط
Surface form: ضغط
Field: question
Relation context: ارتفاع ضغط الدم HAS_SYMPTOM الإغماء. Evidence: الإغماء"
mention::men_llm_0000804,evidence,men_llm_0000804,ent_symptom_759403abc54c,ahd5k_03423,الإغماء,"Evidence: الإغماء
Entity: الإغماء
Surface form: الإغماء
Field: answer
Relation context: ارتفاع ضغط الدم HAS_SYMPTOM الإغماء. Evidence: الإغماء"
mention::men_llm_0000805,evidence,men_llm_0000805,ent_test_433492431144,ahd5k_03423,تحليل الحساسية,"Evidence: اشعاعات الصدر و القلب و الرئة
Entity: تحليل الحساسية
Surface form: تحاليل مخبرية
Field: question
Relation context: ارتفاع ضغط الدم HAS_SYMPTOM الإغماء. Evidence: الإغماء"
mention::men_llm_0000806,evidence,men_llm_0000806,ent_treatment_e3821aa5e124,ahd5k_03423,مراقبة ضغط الدم,"Evidence: يجب مراقبة ضغط الدم باستمرار
Entity: مراقبة ضغط الدم
Surface form: مراقبة ضغط الدم
Field: answer
Relation context: ارتفاع ضغط الدم HAS_SYMPTOM الإغماء. Evidence: الإغماء"
mention::men_llm_0000807,evidence,men_llm_0000807,ent_diseasecondition_aa9977b6b112,ahd5k_01577,سكري,"Evidence: السكري مرتفع يا بنتي!
Entity: سكري
Surface form: مرتفع
Field: answer
Relation context: "
mention::men_llm_0000808,evidence,men_llm_0000808,ent_diseasecondition_aa9977b6b112,ahd5k_01577,سكري,"Evidence: السكري مرتفع يا بنتي!
Entity: سكري
Surface form: سكري
Field: answer
Relation context: "
mention::men_llm_0000809,evidence,men_llm_0000809,ent_diseasecondition_aa9977b6b112,ahd5k_03627,سكري,"Evidence: 1- ميتفورمين وهو يستعمل لعلاج السكري
Entity: سكري
Surface form: سكري
Field: answer
Relation context: "
mention::men_llm_0000810,evidence,men_llm_0000810,ent_treatment_b6f673a13d6a,ahd5k_03627,مدر بول,"Evidence: 2- مدر بول تخرج الماء الزائد من جسمك
Entity: مدر بول
Surface form: مدر بول
Field: answer
Relation context: "
mention::men_llm_0000811,evidence,men_llm_0000811,ent_treatment_1e3baddafc66,ahd5k_03627,سيبوترامين,"Evidence: 3- علاج سيبوترامين مثل : ميريديا او سيبوترم او دايت ماكس او سليماكس
Entity: سيبوترامين
Surface form: سيبوترامين
Field: answer
Relation context: "
mention::men_llm_0000812,evidence,men_llm_0000812,ent_treatment_60057f719d6c,ahd5k_03627,اورليستات,"Evidence: 4- اورليستات
Entity: اورليستات
Surface form: اورليستات
Field: answer
Relation context: "
mention::men_llm_0000813,evidence,men_llm_0000813,ent_symptom_db012388d676,ahd5k_00486,الكتف,"Evidence: الم بالكتف وبعد الاشعات اخبروهابانه شخونه في الكتف
Entity: الكتف
Surface form: الكتف
Field: answer
Relation context: الكتف TREATED_BY البروفين. Evidence: تناول بعض الأدوية المسكنة للألم اللاستيروئيدية، مثل البروفين"
mention::men_llm_0000814,evidence,men_llm_0000814,ent_treatment_c93941cf1d98,ahd5k_00486,البروفين,"Evidence: أو تناول بعض الأدوية المسكنة للألم اللاستيروئيدية ،ثل البروفين وغيره
Entity: البروفين
Surface form: البروفين
Field: answer
Relation context: الكتف TREATED_BY البروفين. Evidence: تناول بعض الأدوية المسكنة للألم اللاستيروئيدية، مثل البروفين"
mention::men_llm_0000815,evidence,men_llm_0000815,ent_treatment_639e625fe991,ahd5k_00486,الزنجبيل,"Evidence: أو تناول بعض المأكولات التي خفف الألم مثل الزنجبيل وغيره
Entity: الزنجبيل
Surface form: الزنجبيل
Field: answer
Relation context: الكتف TREATED_BY البروفين. Evidence: تناول بعض الأدوية المسكنة للألم اللاستيروئيدية، مثل البروفين"
mention::men_llm_0000816,evidence,men_llm_0000816,ent_diseasecondition_16cf4e77b755,ahd5k_00171,التهاب,"Evidence: فحص الدهون لتحديد نوع الزيادة ومقدارها
Entity: التهاب
Surface form: التهاب
Field: answer
Relation context: "
mention::men_llm_0000817,evidence,men_llm_0000817,ent_diseasecondition_1cda0b09f82c,ahd5k_00171,الكوليسترول,"Evidence: فحص الدهون لتحديد نوع الزيادة ومقدارها
Entity: الكوليسترول
Surface form: الكوليسترول
Field: answer
Relation context: "
mention::men_llm_0000818,evidence,men_llm_0000818,ent_treatment_574f7ec272a2,ahd5k_01831,الجرعة,"Evidence: قراره على المعطيات السريرية والمخبرية الخاصة بالحالة
Entity: الجرعة
Surface form: الجرعة
Field: answer
Relation context: "
mention::men_llm_0000819,evidence,men_llm_0000819,ent_diseasecondition_d99fb1a77d6c,ahd5k_00987,الشيخوخة,"Evidence: التقليل من علامات الشيخوخة
Entity: الشيخوخة
Surface form: علامات الشيخوخة المبكرة
Field: answer
Relation context: "
mention::men_llm_0000820,evidence,men_llm_0000820,ent_diseasecondition_925cfcb87467,ahd5k_01783,الجلطات الدماغية,"Evidence: جلطات دماغية
Entity: الجلطات الدماغية
Surface form: جلطات دماغية
Field: question
Relation context: "
mention::men_llm_0000821,evidence,men_llm_0000821,ent_treatment_f3a613a63534,ahd5k_01783,التغذية بالأنبوب,"Evidence: متابعة التغذية بالأنبوب لمدة طويلة
Entity: التغذية بالأنبوب
Surface form: التغذية بالأنبوب
Field: answer
Relation context: "
mention::men_llm_0000822,evidence,men_llm_0000822,ent_diseasecondition_35eb2b8f8638,ahd5k_03579,اضطراب نفسي,"Evidence: اضطراب نفسي يظهر لديها على شكل رهاب وعلى شكل الشك المرضي
Entity: اضطراب نفسي
Surface form: اضطراب نفسي
Field: answer
Relation context: اضطراب نفسي TREATED_BY العقاقير المضادة للذهان. Evidence: العقاقير المضادة للذهان"
mention::men_llm_0000823,evidence,men_llm_0000823,ent_treatment_b5d6db6d8c42,ahd5k_03579,العقاقير المضادة للذهان,"Evidence: العقاقير المضادة للذهان
Entity: العقاقير المضادة للذهان
Surface form: العقاقير المضادة للذهان
Field: answer
Relation context: اضطراب نفسي TREATED_BY العقاقير المضادة للذهان. Evidence: العقاقير المضادة للذهان"
mention::men_llm_0000824,evidence,men_llm_0000824,ent_diseasecondition_16cf4e77b755,ahd5k_00008,التهاب,"Evidence: التهاب
Entity: التهاب
Surface form: التهاب
Field: answer
Relation context: "
mention::men_llm_0000825,evidence,men_llm_0000825,ent_diseasecondition_7abdd04c7114,ahd5k_00941,الحمل,"Evidence: الحمل
Entity: الحمل
Surface form: الحمل
Field: answer
Relation context: "
mention::men_llm_0000826,evidence,men_llm_0000826,ent_treatment_02bcaecf1a7e,ahd5k_04616,التفاح,"Evidence: التفاح
Entity: التفاح
Surface form: التفاح
Field: answer
Relation context: "
mention::men_llm_0000827,evidence,men_llm_0000827,ent_treatment_f5972d4787bd,ahd5k_04616,الأسماك الدهنية,"Evidence: الأسماك الدهنية
Entity: الأسماك الدهنية
Surface form: الأسماك الدهنية
Field: answer
Relation context: "
mention::men_llm_0000828,evidence,men_llm_0000828,ent_treatment_c8e54783a44f,ahd5k_04616,اللحوم,"Evidence: اللحوم
Entity: اللحوم
Surface form: اللحوم
Field: answer
Relation context: "
mention::men_llm_0000829,evidence,men_llm_0000829,ent_treatment_604cc35281be,ahd5k_04616,الشوكولاته,"Evidence: الشوكولاته
Entity: الشوكولاته
Surface form: الشوكولاته
Field: answer
Relation context: "
mention::men_llm_0000830,evidence,men_llm_0000830,ent_treatment_612c88f2b060,ahd5k_04616,العدس,"Evidence: العدس
Entity: العدس
Surface form: العدس
Field: answer
Relation context: "
mention::men_llm_0000831,evidence,men_llm_0000831,ent_treatment_70946505d33a,ahd5k_04616,عسل ملكات النحل,"Evidence: عسل ملكات النحل
Entity: عسل ملكات النحل
Surface form: عسل ملكات النحل
Field: answer
Relation context: "
mention::men_llm_0000832,evidence,men_llm_0000832,ent_treatment_edb14dbd221a,ahd5k_04616,الجينسينغ,"Evidence: الجينسينغ
Entity: الجينسينغ
Surface form: الجينسينغ
Field: answer
Relation context: "
mention::men_llm_0000833,evidence,men_llm_0000833,ent_diseasecondition_7abdd04c7114,ahd5k_00230,الحمل,"Evidence: في أي شهر من أشهر الحمل يتم تكوين عظام الجنين
Entity: الحمل
Surface form: الحمل
Field: question
Relation context: "
mention::men_llm_0000834,evidence,men_llm_0000834,ent_diseasecondition_7abdd04c7114,ahd5k_00439,الحمل,"Evidence: اذا كنت حامل وما زلت تستعملين اقراص ال بريمولوت ن فيجب ايقافها ، فهناك دراسات اثبتتت انه يمكن ان تؤدي هذه الاقراص الى تشوهات في القلب والاوعيه الدمويه لدى الجنين ، كما انه يمكن ان تؤدي الى تشوهات في الانبوب العصبي والدماغ
Entity: الحمل
Surface form: الحمل
Field: answer
Relation context: "
mention::men_llm_0000835,evidence,men_llm_0000835,ent_diseasecondition_7abdd04c7114,ahd5k_00604,الحمل,"Evidence: زوجتي حامل في نهاية شهرها السابع وتبين من صور الأشعة السينية أن الجنين يعاني من متلازمة Chiari من الدرجة الثانية، : هل من الممكن الحصول على قائمة بأسماء مراكز طبية...
Entity: الحمل
Surface form: الحمل
Field: question
Relation context: "
mention::men_llm_0000836,evidence,men_llm_0000836,ent_diseasecondition_7abdd04c7114,ahd5k_00793,الحمل,"Evidence: حبيت اسال عن زيت اللوز المر للجسم انا استخدمه لبطني وكامل جسمي الان لي تقريبا 3 اسابيع وانا حامل في الاسبوع الثاني عشر ولقد قرات...
Entity: الحمل
Surface form: الحمل
Field: question
Relation context: "
mention::men_llm_0000837,evidence,men_llm_0000837,ent_diseasecondition_7abdd04c7114,ahd5k_01023,الحمل,"Evidence: كيف يمكننا اكتشاف هذة الحاله؟في اي عمر
Entity: الحمل
Surface form: الحمل
Field: question
Relation context: "
mention::men_llm_0000838,evidence,men_llm_0000838,ent_diseasecondition_7abdd04c7114,ahd5k_01515,الحمل,"Evidence: هل يوجد تأثير على الجنين في حالة تعاطي أقراص ميزوتاك في بداية الحمل بغرض الإجهاض وأنا الآن اقتنعت باكمال الحمل ولكن قلق من تأثر الجنين بالمادة الفعالة لهذا الدواء؟
Entity: الحمل
Surface form: الحمل
Field: question
Relation context: "
mention::men_llm_0000839,evidence,men_llm_0000839,ent_diseasecondition_7abdd04c7114,ahd5k_01585,الحمل,"Evidence: سلام لقد اجريت فحص الهرمون B-HCG ،و نتائج التحاليل كما يللي 3-4 اسبوع 9-130 4-5 اسبوع 75-2600 5-6 اسبوع 850-20800 7-8 اسبوع 4000-100200 7-12 اسبوع 11500-289000 12-16 اسبوع 18300-137000 و...
Entity: الحمل
Surface form: الحمل
Field: question
Relation context: "
mention::men_llm_0000840,evidence,men_llm_0000840,ent_diseasecondition_7abdd04c7114,ahd5k_02160,الحمل,"Evidence: هل من علاج فعال لمن يعاني من مرض anorectal agenesis عدم تكون المستقيم والشرج منذ الولادة وقد أجريت لي عدة عمليات ومازال التحكم ضعيف وفتحة الشرج ضيقة مع بروزها للخارج
Entity: الحمل
Surface form: الحمل
Field: question
Relation context: "
mention::men_llm_0000841,evidence,men_llm_0000841,ent_diseasecondition_3a654f2d937a,ahd5k_00604,متلازمة Chiari,"Evidence: زوجتي حامل في نهاية شهرها السابع وتبين من صور الأشعة السينية أن الجنين يعاني من متلازمة Chiari من الدرجة الثانية، : هل من الممكن الحصول على قائمة بأسماء مراكز طبية...
Entity: متلازمة Chiari
Surface form: متلازمة Chiari
Field: question
Relation context: "
mention::men_llm_0000842,evidence,men_llm_0000842,ent_treatment_02841a5b9786,ahd5k_00439,بريمولوت ن,"Evidence: اذا كنت حامل وما زلت تستعملين اقراص ال بريمولوت ن فيجب ايقافها ، فهناك دراسات اثبتتت انه يمكن ان تؤدي هذه الاقراص الى تشوهات في القلب والاوعيه الدمويه لدى الجنين ، كما انه يمكن ان تؤدي الى تشوهات في الانبوب العصبي والدماغ
Entity: بريمولوت ن
Surface form: بريمولوت ن
Field: answer
Relation context: "
mention::men_llm_0000843,evidence,men_llm_0000843,ent_treatment_126db3468e93,ahd5k_00793,زيت اللوز المر,"Evidence: حبيت اسال عن زيت اللوز المر للجسم انا استخدمه لبطني وكامل جسمي الان لي تقريبا 3 اسابيع وانا حامل في الاسبوع الثاني عشر ولقد قرات...
Entity: زيت اللوز المر
Surface form: زيت اللوز المر
Field: question
Relation context: "
mention::men_llm_0000844,evidence,men_llm_0000844,ent_treatment_2702542ba0eb,ahd5k_01515,ميزوتاك,"Evidence: هل يوجد تأثير على الجنين في حالة تعاطي أقراص ميزوتاك في بداية الحمل بغرض الإجهاض وأنا الآن اقتنعت باكمال الحمل ولكن قلق من تأثر الجنين بالمادة الفعالة لهذا الدواء؟
Entity: ميزوتاك
Surface form: ميزوتاك
Field: question
Relation context: "
mention::men_llm_0000845,evidence,men_llm_0000845,ent_treatment_891f5d08fec8,ahd5k_00439,البريمولوت ن,"Evidence: اذا كنت حامل وما زلت تستعملين اقراص ال بريمولوت ن فيجب ايقافها ، فهناك دراسات اثبتتت انه يمكن ان تؤدي هذه الاقراص الى تشوهات في القلب والاوعيه الدمويه لدى الجنين ، كما انه يمكن ان تؤدي الى تشوهات في الانبوب العصبي والدماغ
Entity: البريمولوت ن
Surface form: البريمولوت ن
Field: answer
Relation context: "
mention::men_llm_0000846,evidence,men_llm_0000846,ent_diseasecondition_7abdd04c7114,ahd5k_02381,الحمل,"Evidence: ولدت الطفل داخل كيس اوغشاء عند ولداته
Entity: الحمل
Surface form: الحمل
Field: question
Relation context: "
mention::men_llm_0000847,evidence,men_llm_0000847,ent_diseasecondition_7abdd04c7114,ahd5k_02665,الحمل,"Evidence: يستجيب الطفل في هذه المرحلة للصوت لذا يحبذ أن تسميعه ما تريدين من أصوات
Entity: الحمل
Surface form: الحمل
Field: answer
Relation context: "
mention::men_llm_0000848,evidence,men_llm_0000848,ent_diseasecondition_7abdd04c7114,ahd5k_03359,الحمل,"Evidence: حالة الحمل بسبب...
Entity: الحمل
Surface form: الحمل
Field: answer
Relation context: "
mention::men_llm_0000849,evidence,men_llm_0000849,ent_diseasecondition_7abdd04c7114,ahd5k_04001,الحمل,"Evidence: حملي الاول
Entity: الحمل
Surface form: الحمل
Field: question
Relation context: "
mention::men_llm_0000850,evidence,men_llm_0000850,ent_treatment_183e85947f1d,ahd5k_03790,Deyamethasone,"Evidence: Nnصح بالراحة فقط واخذ ابر Deyamethasone 12 mg X Twice for one time only
Entity: Deyamethasone
Surface form: Deyamethasone
Field: answer
Relation context: "
mention::men_llm_0000851,evidence,men_llm_0000851,ent_treatment_7dcc65be78f8,ahd5k_04001,زيت الزيتون,"Evidence: بزيت الزيتون ثم حاولي شدها الى الخارج وذلك لمدة 3 - 5 دقائق 3 مرات في اليوم
Entity: زيت الزيتون
Surface form: زيت الزيتون
Field: answer
Relation context: "
mention::men_llm_0000852,evidence,men_llm_0000852,ent_diseasecondition_d66c4956707a,ahd5k_04892,Rhizomelic and Micromelia,"Evidence: اكتشفت فى نهاية الشهر السادس انه مصاب بRhizomelic and Micromelia
Entity: Rhizomelic and Micromelia
Surface form: Rhizomelic and Micromelia
Field: question
Relation context: "
mention::men_llm_0000853,evidence,men_llm_0000853,ent_diseasecondition_ae3dd473a795,ahd5k_04892,Pallister Killian syndrome,"Evidence: Among these syndromes: Pallister Killian syndrome
Entity: Pallister Killian syndrome
Surface form: Pallister Killian syndrome
Field: answer
Relation context: "
mention::men_llm_0000854,evidence,men_llm_0000854,ent_diseasecondition_5f5cc11b7f72,ahd5k_04892,Achondroplasia,"Evidence: Another possibility, Achondroplasia
Entity: Achondroplasia
Surface form: Achondroplasia
Field: answer
Relation context: "
mention::men_llm_0000855,evidence,men_llm_0000855,ent_diseasecondition_33ebca04d291,ahd5k_02182,الحودة الصكري,"Evidence: الحودة الصكري اليثثار الحودة الحال بالمرديدين
Entity: الحودة الصكري
Surface form: الحودة الصكري
Field: answer
Relation context: الحودة الصكري HAS_SYMPTOM الحال بالمرديدين. Evidence: الحودة الصكري اليثثار الحودة الحال بالمرديدين | الحودة الحال HAS_SYMPTOM الحال. Evidence: الحودة الحال بالمرديدين | الحودة الحال HAS_SYMPTOM الحال بالمرديدين. Evidence: الحودة الحال بالمرديدين"
mention::men_llm_0000856,evidence,men_llm_0000856,ent_diseasecondition_33ebca04d291,ahd5k_02249,الحودة الصكري,"Evidence: الحودة الصكري اليثثار الحودة الحال بالمرديدين
Entity: الحودة الصكري
Surface form: الحودة الصكري
Field: answer
Relation context: الحودة الصكري HAS_SYMPTOM الحال بالمرديدين. Evidence: الحودة الصكري اليثثار الحودة الحال بالمرديدين | الحودة الحال HAS_SYMPTOM الحال. Evidence: الحودة الحال بالمرديدين | الحودة الحال HAS_SYMPTOM الحال بالمرديدين. Evidence: الحودة الحال بالمرديدين"
mention::men_llm_0000857,evidence,men_llm_0000857,ent_diseasecondition_41f520aa86a9,ahd5k_02182,الحودة الحال,"Evidence: الحودة الحال بالمرديدين
Entity: الحودة الحال
Surface form: الحودة الحال
Field: answer
Relation context: الحودة الصكري HAS_SYMPTOM الحال بالمرديدين. Evidence: الحودة الصكري اليثثار الحودة الحال بالمرديدين | الحودة الحال HAS_SYMPTOM الحال. Evidence: الحودة الحال بالمرديدين | الحودة الحال HAS_SYMPTOM الحال بالمرديدين. Evidence: الحودة الحال بالمرديدين"
mention::men_llm_0000858,evidence,men_llm_0000858,ent_diseasecondition_41f520aa86a9,ahd5k_02249,الحودة الحال,"Evidence: الحودة الحال بالمرديدين
Entity: الحودة الحال
Surface form: الحودة الحال
Field: answer
Relation context: الحودة الصكري HAS_SYMPTOM الحال بالمرديدين. Evidence: الحودة الصكري اليثثار الحودة الحال بالمرديدين | الحودة الحال HAS_SYMPTOM الحال. Evidence: الحودة الحال بالمرديدين | الحودة الحال HAS_SYMPTOM الحال بالمرديدين. Evidence: الحودة الحال بالمرديدين"
mention::men_llm_0000859,evidence,men_llm_0000859,ent_symptom_57992c2ef292,ahd5k_02182,الحال,"Evidence: الحال بالمرديدين
Entity: الحال
Surface form: الحال
Field: answer
Relation context: الحودة الصكري HAS_SYMPTOM الحال بالمرديدين. Evidence: الحودة الصكري اليثثار الحودة الحال بالمرديدين | الحودة الحال HAS_SYMPTOM الحال. Evidence: الحودة الحال بالمرديدين | الحودة الحال HAS_SYMPTOM الحال بالمرديدين. Evidence: الحودة الحال بالمرديدين"
mention::men_llm_0000860,evidence,men_llm_0000860,ent_symptom_57992c2ef292,ahd5k_02249,الحال,"Evidence: الحال بالمرديدين
Entity: الحال
Surface form: الحال
Field: answer
Relation context: الحودة الصكري HAS_SYMPTOM الحال بالمرديدين. Evidence: الحودة الصكري اليثثار الحودة الحال بالمرديدين | الحودة الحال HAS_SYMPTOM الحال. Evidence: الحودة الحال بالمرديدين | الحودة الحال HAS_SYMPTOM الحال بالمرديدين. Evidence: الحودة الحال بالمرديدين"
mention::men_llm_0000861,evidence,men_llm_0000861,ent_symptom_fdb2085491d0,ahd5k_02182,الحال بالمرديدين,"Evidence: الحال بالمرديدين
Entity: الحال بالمرديدين
Surface form: الحال بالمرديدين
Field: answer
Relation context: الحودة الصكري HAS_SYMPTOM الحال بالمرديدين. Evidence: الحودة الصكري اليثثار الحودة الحال بالمرديدين | الحودة الحال HAS_SYMPTOM الحال. Evidence: الحودة الحال بالمرديدين | الحودة الحال HAS_SYMPTOM الحال بالمرديدين. Evidence: الحودة الحال بالمرديدين"
mention::men_llm_0000862,evidence,men_llm_0000862,ent_symptom_fdb2085491d0,ahd5k_02249,الحال بالمرديدين,"Evidence: الحال بالمرديدين
Entity: الحال بالمرديدين
Surface form: الحال بالمرديدين
Field: answer
Relation context: الحودة الصكري HAS_SYMPTOM الحال بالمرديدين. Evidence: الحودة الصكري اليثثار الحودة الحال بالمرديدين | الحودة الحال HAS_SYMPTOM الحال. Evidence: الحودة الحال بالمرديدين | الحودة الحال HAS_SYMPTOM الحال بالمرديدين. Evidence: الحودة الحال بالمرديدين"
mention::men_llm_0000863,evidence,men_llm_0000863,ent_diseasecondition_7abdd04c7114,ahd5k_03563,الحمل,"Evidence: الحمل
Entity: الحمل
Surface form: الحمل
Field: answer
Relation context: "
mention::men_llm_0000864,evidence,men_llm_0000864,ent_symptom_23da4c61fd5e,ahd5k_03563,النزيف,"Evidence: النزيف
Entity: النزيف
Surface form: النزيف
Field: answer
Relation context: "
mention::men_llm_0000865,evidence,men_llm_0000865,ent_symptom_268a0d637f96,ahd5k_03563,التهديد بالإجهاض,"Evidence: التهديد بالإجهاض
Entity: التهديد بالإجهاض
Surface form: التهديد بالإجهاض
Field: answer
Relation context: "
mention::men_llm_0000866,evidence,men_llm_0000866,ent_treatment_43cdb9f8f206,ahd5k_03563,الجماع,"Evidence: الجماع
Entity: الجماع
Surface form: الجماع
Field: answer
Relation context: "
mention::men_llm_0000867,evidence,men_llm_0000867,ent_test_433492431144,ahd5k_03563,تحليل الحساسية,"Evidence: تحليل الحساسية
Entity: تحليل الحساسية
Surface form: تحليل الحساسية
Field: answer
Relation context: "
mention::men_llm_0000868,evidence,men_llm_0000868,ent_diseasecondition_b50b108a90f4,ahd5k_03355,تشوهات,"Evidence: تشوهات في اليدين و رجلين
Entity: تشوهات
Surface form: تشوهات في اليدين و رجلين
Field: question
Relation context: "
mention::men_llm_0000869,evidence,men_llm_0000869,ent_diseasecondition_35d61a018e10,ahd5k_03355,تشوه,"Evidence: تشوهات في اليدين و رجلين
Entity: تشوه
Surface form: تشوهات في اليدين و رجلين
Field: question
Relation context: "
mention::men_llm_0000870,evidence,men_llm_0000870,ent_diseasecondition_7abdd04c7114,ahd5k_02903,الحمل,"Evidence: نجحت وتم الحمل
Entity: الحمل
Surface form: الحمل
Field: answer
Relation context: الحمل HAS_SYMPTOM قيء. Evidence: قيء"
mention::men_llm_0000871,evidence,men_llm_0000871,ent_symptom_7a79bce3a153,ahd5k_02903,قيء,"Evidence: قيء
Entity: قيء
Surface form: قيء
Field: question
Relation context: الحمل HAS_SYMPTOM قيء. Evidence: قيء"
mention::men_llm_0000872,evidence,men_llm_0000872,ent_diseasecondition_7abdd04c7114,ahd5k_00876,الحمل,"Evidence: الحمل
Entity: الحمل
Surface form: الحمل
Field: answer
Relation context: "
mention::men_llm_0000873,evidence,men_llm_0000873,ent_diseasecondition_7abdd04c7114,ahd5k_03090,الحمل,"Evidence: الحمل
Entity: الحمل
Surface form: الحمل
Field: answer
Relation context: "
mention::men_llm_0000874,evidence,men_llm_0000874,ent_diseasecondition_7abdd04c7114,ahd5k_03870,الحمل,"Evidence: الحمل
Entity: الحمل
Surface form: الحمل
Field: answer
Relation context: "
mention::men_llm_0000875,evidence,men_llm_0000875,ent_test_c4cfd2d6468c,ahd5k_00876,أشعة,"Evidence: أشعة
Entity: أشعة
Surface form: أشعة
Field: answer
Relation context: "
mention::men_llm_0000876,evidence,men_llm_0000876,ent_test_dd68aa784555,ahd5k_01185,تحاليل مخبرية,"Evidence: إجراء فحوصات للتأكد
Entity: تحاليل مخبرية
Surface form: فحوصات
Field: answer
Relation context: "
mention::men_llm_0000877,evidence,men_llm_0000877,ent_test_dd68aa784555,ahd5k_04735,تحاليل مخبرية,"Evidence: عمل تحليل CMV IgM بصفة دورية
Entity: تحاليل مخبرية
Surface form: تحليل CMV IgM
Field: answer
Relation context: "
mention::men_llm_0000878,evidence,men_llm_0000878,ent_treatment_07bda7f8e857,ahd5k_01266,توبيراميت,"Evidence: التي تؤدي الى ولادة دات شفة مشقوقة من غير استعمال دواء التوبيراميت
Entity: توبيراميت
Surface form: توبيراميت
Field: answer
Relation context: "
mention::men_llm_0000879,evidence,men_llm_0000879,ent_diseasecondition_2a6dda2fbaec,ahd5k_01266,شفة مشقوقة,"Evidence: الشفة الأرنبية تعتبر من التشوهات الخلقية الشائعة نسبيا
Entity: شفة مشقوقة
Surface form: شفة مشقوقة
Field: answer
Relation context: "
mention::men_llm_0000880,evidence,men_llm_0000880,ent_treatment_6e2eca7e0846,ahd5k_00127,حبوب تخسيس الوزن,"Evidence: ماجريم
Entity: حبوب تخسيس الوزن
Surface form: حبوب تخسيس الوزن
Field: answer
Relation context: "
mention::men_llm_0000881,evidence,men_llm_0000881,ent_treatment_e10588af6bf0,ahd5k_04065,الافطار,"Evidence: تناول وجبة الافطار يزيد من احتمالات انجاب اطفال ذكور
Entity: الافطار
Surface form: الافطار
Field: answer
Relation context: "
mention::men_llm_0000882,evidence,men_llm_0000882,ent_treatment_adf1ea1ee5a7,ahd5k_04065,موزة كبيرة,"Evidence: موزة كبيرة يوميا
Entity: موزة كبيرة
Surface form: موزة كبيرة
Field: answer
Relation context: "
mention::men_llm_0000883,evidence,men_llm_0000883,ent_treatment_e8d6fe8e2a6a,ahd5k_04065,كربونات الصودا,"Evidence: عمل دوش مهبلي بكربونات الصودا
Entity: كربونات الصودا
Surface form: كربونات الصودا
Field: answer
Relation context: "
mention::men_llm_0000884,evidence,men_llm_0000884,ent_symptom_fd47e672abb7,ahd5k_00615,حلمة,"Evidence: حلمة ثديي الايمن لا يوجد بها فتحة اي انها ملساء تماما
Entity: حلمة
Surface form: حلمة ثديي الايمن
Field: question
Relation context: "
mention::men_llm_0000885,evidence,men_llm_0000885,ent_symptom_fd47e672abb7,ahd5k_00615,حلمة,"Evidence: فاذا كنت فقط تعانين من وجود حلمه مسطحه
Entity: حلمة
Surface form: حلمة مسطحه
Field: answer
Relation context: "
mention::men_llm_0000886,evidence,men_llm_0000886,ent_symptom_ff3a8a841494,ahd5k_01973,نبض,"Evidence: ولكن قالت حجم الجنين8ملم وهوغيرطبيعي ويجب ان يكون19ملم في هذا العمروحللت لجرثومةالتكسوبلازماواظهرالتحليل انه كنت مصابةبهافي صغري ونسبتها30%ولكن شفيت منهاوعندي مناعة منها... ولكن بما انه كان هنالك نبض عند زيارة الطبيب
Entity: نبض
Surface form: نبض قلبه
Field: question
Relation context: "
mention::men_llm_0000887,evidence,men_llm_0000887,ent_treatment_5947f4c8a22d,ahd5k_02487,تطويل العظم,"Evidence: هناك طريقة روسية اخترعها الجراح الروسي لازاروف لتطويل العظم
Entity: تطويل العظم
Surface form: تطويل العظم
Field: answer
Relation context: "
mention::men_llm_0000888,evidence,men_llm_0000888,ent_diseasecondition_743481d9d387,ahd5k_02748,التصاق التوائم السيامي,"Evidence: التوائم السيامية تحدث بعد ان يتم التلقيح بحوالي ثمن ايام حيث تنقسم الجسم التوتي الى قسمين ولكن هذا النقسام لا يكون تاما فيحدث الالتصاق
Entity: التصاق التوائم السيامي
Surface form: التصاق التوائم السيامي
Field: answer
Relation context: "
mention::men_llm_0000889,evidence,men_llm_0000889,ent_diseasecondition_16cf4e77b755,ahd5k_02863,التهاب,"Evidence: التهاب
Entity: التهاب
Surface form: التهاب
Field: question
Relation context: "
mention::men_llm_0000890,evidence,men_llm_0000890,ent_diseasecondition_16cf4e77b755,ahd5k_02864,التهاب,"Evidence: التهاب
Entity: التهاب
Surface form: التهاب
Field: answer
Relation context: "
mention::men_llm_0000891,evidence,men_llm_0000891,ent_diseasecondition_d99fb1a77d6c,ahd5k_03329,الشيخوخة,"Evidence: الشيخوخة
Entity: الشيخوخة
Surface form: الشيخوخة
Field: answer
Relation context: "
mention::men_llm_0000892,evidence,men_llm_0000892,ent_diseasecondition_aaf0d0958a26,ahd5k_03329,السرطان,"Evidence: السرطان
Entity: السرطان
Surface form: السرطان
Field: answer
Relation context: "
mention::men_llm_0000893,evidence,men_llm_0000893,ent_diseasecondition_1420aadad936,ahd5k_03455,الجنين,"Evidence: الجنين
Entity: الجنين
Surface form: الجنين
Field: question
Relation context: "
mention::men_llm_0000894,evidence,men_llm_0000894,ent_diseasecondition_1420aadad936,ahd5k_04815,الجنين,"Evidence: الجنين
Entity: الجنين
Surface form: الجنين
Field: answer
Relation context: "
mention::men_llm_0000895,evidence,men_llm_0000895,ent_symptom_8dbc08affae1,ahd5k_04815,الجنين,"Evidence: الجنين
Entity: الجنين
Surface form: الجنين
Field: answer
Relation context: "
mention::men_llm_0000896,evidence,men_llm_0000896,ent_test_0e8b0f13e650,ahd5k_03455,الجنين,"Evidence: الجنين
Entity: الجنين
Surface form: الجنين
Field: question
Relation context: "
mention::men_llm_0000897,evidence,men_llm_0000897,ent_test_0e8b0f13e650,ahd5k_04815,الجنين,"Evidence: الجنين
Entity: الجنين
Surface form: الجنين
Field: answer
Relation context: "
mention::men_llm_0000898,evidence,men_llm_0000898,ent_treatment_f7646981eb0a,ahd5k_03455,الجنين,"Evidence: الجنين
Entity: الجنين
Surface form: الجنين
Field: answer
Relation context: "
mention::men_llm_0000899,evidence,men_llm_0000899,ent_treatment_f7646981eb0a,ahd5k_04815,الجنين,"Evidence: الجنين
Entity: الجنين
Surface form: الجنين
Field: answer
Relation context: "
mention::men_llm_0000900,evidence,men_llm_0000900,ent_diseasecondition_81ee665c48f1,ahd5k_03394,Hashimoto,"Evidence: غدة درقية (هاشيموتو)
Entity: Hashimoto
Surface form: غدة درقية (هاشيموتو)
Field: question
Relation context: "
mention::men_llm_0000901,evidence,men_llm_0000901,ent_diseasecondition_81ee665c48f1,ahd5k_03394,Hashimoto,"Evidence: هاشيموتو
Entity: Hashimoto
Surface form: هاشيموتو
Field: question
Relation context: "
mention::men_llm_0000902,evidence,men_llm_0000902,ent_test_891e6b99157e,ahd5k_03394,الكلية,"Evidence: الكلية
Entity: الكلية
Surface form: الكلية
Field: question
Relation context: "
mention::men_llm_0000903,evidence,men_llm_0000903,ent_test_891e6b99157e,ahd5k_03394,الكلية,"Evidence: الكلية
Entity: الكلية
Surface form: الكلية
Field: answer
Relation context: "
mention::men_llm_0000904,evidence,men_llm_0000904,ent_test_ca6f7fce3808,ahd5k_03833,PTH,"Evidence: PTH
Entity: PTH
Surface form: PTH
Field: answer
Relation context: "
mention::men_llm_0000905,evidence,men_llm_0000905,ent_diseasecondition_16cf4e77b755,ahd5k_02203,التهاب,"Evidence: تهابات الغدة الدرقية
Entity: التهاب
Surface form: التهاب
Field: answer
Relation context: التهاب TREATED_BY كاربيمازول. Evidence: كاربيمازول 5mg لتهابات الغدة الدرقية"
mention::men_llm_0000906,evidence,men_llm_0000906,ent_diseasecondition_16cf4e77b755,ahd5k_03769,التهاب,"Evidence: التهاب
Entity: التهاب
Surface form: التهاب
Field: question
Relation context: "
mention::men_llm_0000907,evidence,men_llm_0000907,ent_treatment_4e4b38e6ff32,ahd5k_02203,كاربيمازول,"Evidence: كاربيمازول 5mg
Entity: كاربيمازول
Surface form: كاربيمازول
Field: question
Relation context: التهاب TREATED_BY كاربيمازول. Evidence: كاربيمازول 5mg لتهابات الغدة الدرقية"
mention::men_llm_0000908,evidence,men_llm_0000908,ent_treatment_08325dd63292,ahd5k_03769,ثيروكسين,"Evidence: levothyrox25 1/2cp
Entity: ثيروكسين
Surface form: levothyrox25
Field: answer
Relation context: "
mention::men_llm_0000909,evidence,men_llm_0000909,ent_diseasecondition_7abdd04c7114,ahd5k_00048,الحمل,"Evidence: ان هرمون الثيروكسين (هرمون الغده الدرقيه) مهم لنمو الجنين العقلي والجسدي، لذلك فان نقص افراز هذا الهرمون الذي يكون نتيجه خمول بالغده الدرقيه قد يؤدي اذا لم تتم معالجته لمده طويله خلال الحمل وخاصه في الثلث الثاني والثالث من الحمل الى تشوهات خلقية وحالات التقزم
Entity: الحمل
Surface form: الحمل
Field: answer
Relation context: "
mention::men_llm_0000910,evidence,men_llm_0000910,ent_diseasecondition_7abdd04c7114,ahd5k_01754,الحمل,"Evidence: نعم يجب علاجها
Entity: الحمل
Surface form: الحمل
Field: answer
Relation context: "
mention::men_llm_0000911,evidence,men_llm_0000911,ent_diseasecondition_21962ce71aec,ahd5k_04611,نقص هرمونات,"Evidence: التقيم بحاجة الى اخذ تاريخ مرضي واضح ومن ثم الفحص السريري واخيرا عمل الفحوصات المخبرية والصورالشعاعية ومن ثم العلاج
Entity: نقص هرمونات
Surface form: نقص هرمونات
Field: answer
Relation context: نقص هرمونات HAS_SYMPTOM انقطاع الطمث. Evidence: اعاني من مشكلة انقطاع الطمث...قال ان عندي مشكلة نقص هرمونات | انقطاع الطمث INVESTIGATED_BY الفحوصات المخبرية. Evidence: الفحوصات المخبرية...جزء من التقيم"
mention::men_llm_0000912,evidence,men_llm_0000912,ent_symptom_9510bd8242ac,ahd5k_04611,انقطاع الطمث,"Evidence: اعاني من مشكلة انقطاع الطمث لمدة شهرين كل مرة اي غير منتظمة و عندما زرت اخصائي قال ان عندي مشكلة نقص هرمونات
Entity: انقطاع الطمث
Surface form: انقطاع الطمث
Field: question
Relation context: نقص هرمونات HAS_SYMPTOM انقطاع الطمث. Evidence: اعاني من مشكلة انقطاع الطمث...قال ان عندي مشكلة نقص هرمونات | انقطاع الطمث INVESTIGATED_BY الفحوصات المخبرية. Evidence: الفحوصات المخبرية...جزء من التقيم"
mention::men_llm_0000913,evidence,men_llm_0000913,ent_treatment_ad98d6688d4a,ahd5k_04611,التقيم,"Evidence: التقيم بحاجة الى اخذ تاريخ مرضي واضح ومن ثم الفحص السريري واخيرا عمل الفحوصات المخبرية والصورالشعاعية ومن ثم العلاج
Entity: التقيم
Surface form: التقيم
Field: answer
Relation context: نقص هرمونات HAS_SYMPTOM انقطاع الطمث. Evidence: اعاني من مشكلة انقطاع الطمث...قال ان عندي مشكلة نقص هرمونات | انقطاع الطمث INVESTIGATED_BY الفحوصات المخبرية. Evidence: الفحوصات المخبرية...جزء من التقيم"
mention::men_llm_0000914,evidence,men_llm_0000914,ent_test_c4ec2e232baf,ahd5k_04611,الفحوصات المخبرية,"Evidence: التقيم بحاجة الى اخذ تاريخ مرضي واضح ومن ثم الفحص السريري واخيرا عمل الفحوصات المخبرية والصورالشعاعية ومن ثم العلاج
Entity: الفحوصات المخبرية
Surface form: الفحوصات المخبرية
Field: answer
Relation context: نقص هرمونات HAS_SYMPTOM انقطاع الطمث. Evidence: اعاني من مشكلة انقطاع الطمث...قال ان عندي مشكلة نقص هرمونات | انقطاع الطمث INVESTIGATED_BY الفحوصات المخبرية. Evidence: الفحوصات المخبرية...جزء من التقيم"
mention::men_llm_0000915,evidence,men_llm_0000915,ent_diseasecondition_d56405bafefa,ahd5k_00772,تكيس المبايض,"Evidence: تكيس المبايض
Entity: تكيس المبايض
Surface form: تكيس المبايض
Field: answer
Relation context: "
mention::men_llm_0000916,evidence,men_llm_0000916,ent_symptom_dbef79463d2f,ahd5k_00772,سمنة,"Evidence: سمنة
Entity: سمنة
Surface form: سمنة
Field: question
Relation context: "
mention::men_llm_0000917,evidence,men_llm_0000917,ent_treatment_0faf4c6d9712,ahd5k_00772,كليمين,"Evidence: كليمين
Entity: كليمين
Surface form: كليمين
Field: answer
Relation context: "
mention::men_llm_0000918,evidence,men_llm_0000918,ent_treatment_f9afb64b4575,ahd5k_00772,Euthyrox25,"Evidence: Euthyrox25
Entity: Euthyrox25
Surface form: Euthyrox25
Field: answer
Relation context: "
mention::men_llm_0000919,evidence,men_llm_0000919,ent_treatment_3ca399102196,ahd5k_00772,GLUCOVIG,"Evidence: GLUCOVIG
Entity: GLUCOVIG
Surface form: GLUCOVIG
Field: answer
Relation context: "
mention::men_llm_0000920,evidence,men_llm_0000920,ent_test_dd68aa784555,ahd5k_00772,تحاليل مخبرية,"Evidence: تحاليل مخبرية
Entity: تحاليل مخبرية
Surface form: تحاليل مخبرية
Field: answer
Relation context: "
mention::men_llm_0000921,evidence,men_llm_0000921,ent_diseasecondition_532f5db9617f,ahd5k_02200,نشاط الغدة الدرقية,"Evidence: يعاني العديد من الأشخاص من حالة صحية تسمى نشاط الغدة الدرقية
Entity: نشاط الغدة الدرقية
Surface form: نشاط الغدة الدرقية
Field: answer
Relation context: نشاط الغدة الدرقية DIAGNOSED_BY تحاليل مخبرية. Evidence: يتم تشخيص نشاط الغدة الدرقية عبر تحاليل مخبرية لهرمونات T3 وT4 | مرض جريفز DIAGNOSED_BY تحاليل مخبرية. Evidence: يتم تشخيص مرض جريفز عبر تحاليل مخبرية لهرمونات الغدة الدرقية"
mention::men_llm_0000922,evidence,men_llm_0000922,ent_diseasecondition_09dfb160ec9a,ahd5k_02200,مرض جريفز,"Evidence: الإصابة بأحد اضطرابات المناعة الذاتية الوراثية مثل مرض جريفز
Entity: مرض جريفز
Surface form: مرض جريفز
Field: answer
Relation context: نشاط الغدة الدرقية DIAGNOSED_BY تحاليل مخبرية. Evidence: يتم تشخيص نشاط الغدة الدرقية عبر تحاليل مخبرية لهرمونات T3 وT4 | مرض جريفز DIAGNOSED_BY تحاليل مخبرية. Evidence: يتم تشخيص مرض جريفز عبر تحاليل مخبرية لهرمونات الغدة الدرقية"
mention::men_llm_0000923,evidence,men_llm_0000923,ent_diseasecondition_c123927b86ec,ahd5k_02200,عقيدات الغدة الدرقية,"Evidence: الإصابة بحالة تسمى عقيدات الغدة الدرقية
Entity: عقيدات الغدة الدرقية
Surface form: عقيدات الغدة الدرقية
Field: answer
Relation context: نشاط الغدة الدرقية DIAGNOSED_BY تحاليل مخبرية. Evidence: يتم تشخيص نشاط الغدة الدرقية عبر تحاليل مخبرية لهرمونات T3 وT4 | مرض جريفز DIAGNOSED_BY تحاليل مخبرية. Evidence: يتم تشخيص مرض جريفز عبر تحاليل مخبرية لهرمونات الغدة الدرقية"
mention::men_llm_0000924,evidence,men_llm_0000924,ent_diseasecondition_31c6f1e3a619,ahd5k_02200,التهاب الغدة الدرقية,"Evidence: الإصابة بحالة تسمى التهاب الغدة الدرقية
Entity: التهاب الغدة الدرقية
Surface form: التهاب الغدة الدرقية
Field: answer
Relation context: نشاط الغدة الدرقية DIAGNOSED_BY تحاليل مخبرية. Evidence: يتم تشخيص نشاط الغدة الدرقية عبر تحاليل مخبرية لهرمونات T3 وT4 | مرض جريفز DIAGNOSED_BY تحاليل مخبرية. Evidence: يتم تشخيص مرض جريفز عبر تحاليل مخبرية لهرمونات الغدة الدرقية"
mention::men_llm_0000925,evidence,men_llm_0000925,ent_treatment_72992721d87a,ahd5k_02200,جرعة,"Evidence: العمل على تناول جرعات كبيرة من هرمون الغدة الدرقية
Entity: جرعة
Surface form: جرعة
Field: answer
Relation context: نشاط الغدة الدرقية DIAGNOSED_BY تحاليل مخبرية. Evidence: يتم تشخيص نشاط الغدة الدرقية عبر تحاليل مخبرية لهرمونات T3 وT4 | مرض جريفز DIAGNOSED_BY تحاليل مخبرية. Evidence: يتم تشخيص مرض جريفز عبر تحاليل مخبرية لهرمونات الغدة الدرقية"
mention::men_llm_0000926,evidence,men_llm_0000926,ent_test_dd68aa784555,ahd5k_02200,تحاليل مخبرية,"Evidence: يعاني العديد من الأشخاص من حالة صحية تسمى نشاط الغدة الدرقية حيث يحدث في هذه الحالة إفراز كمية كبيرة من هرمونات الغدة الدرقية وهما ثلاثي يودوثيرونين (T3) وهرمون ثيروكسين (T4).
Entity: تحاليل مخبرية
Surface form: تحاليل مخبرية
Field: answer
Relation context: نشاط الغدة الدرقية DIAGNOSED_BY تحاليل مخبرية. Evidence: يتم تشخيص نشاط الغدة الدرقية عبر تحاليل مخبرية لهرمونات T3 وT4 | مرض جريفز DIAGNOSED_BY تحاليل مخبرية. Evidence: يتم تشخيص مرض جريفز عبر تحاليل مخبرية لهرمونات الغدة الدرقية"
mention::men_llm_0000927,evidence,men_llm_0000927,ent_diseasecondition_5fea51591b68,ahd5k_02702,نقص بحجم الثدي,"Evidence: نقص بحجم الثدي الايمن
Entity: نقص بحجم الثدي
Surface form: نقص بحجم الثدي الايمن
Field: question
Relation context: نقص بحجم الثدي TREATED_BY مراجعة اخصائية النسائية. Evidence: مراجعة اخصائية النسائية | نقص بحجم الثدي DIAGNOSED_BY فحص سريري. Evidence: فحص سريري"
mention::men_llm_0000928,evidence,men_llm_0000928,ent_treatment_57825f7a3418,ahd5k_02702,مراجعة اخصائية النسائية,"Evidence: مراجعة اخصائية النسائية
Entity: مراجعة اخصائية النسائية
Surface form: مراجعة اخصائية النسائية
Field: answer
Relation context: نقص بحجم الثدي TREATED_BY مراجعة اخصائية النسائية. Evidence: مراجعة اخصائية النسائية | نقص بحجم الثدي DIAGNOSED_BY فحص سريري. Evidence: فحص سريري"
mention::men_llm_0000929,evidence,men_llm_0000929,ent_test_ce6fcb80c1fe,ahd5k_02702,فحص سريري,"Evidence: فحص سريري
Entity: فحص سريري
Surface form: فحص سريري
Field: answer
Relation context: نقص بحجم الثدي TREATED_BY مراجعة اخصائية النسائية. Evidence: مراجعة اخصائية النسائية | نقص بحجم الثدي DIAGNOSED_BY فحص سريري. Evidence: فحص سريري"
mention::men_llm_0000930,evidence,men_llm_0000930,ent_diseasecondition_9db0143f0c61,ahd5k_03761,إسهال,"Evidence: اسهال
Entity: إسهال
Surface form: اسهال
Field: answer
Relation context: "
mention::men_llm_0000931,evidence,men_llm_0000931,ent_test_dd68aa784555,ahd5k_03761,تحاليل مخبرية,"Evidence: تحليل مخبري
Entity: تحاليل مخبرية
Surface form: تحليل مخبري
Field: answer
Relation context: "
mention::men_llm_0000932,evidence,men_llm_0000932,ent_treatment_43dc015d2c81,ahd5k_03761,euthyrox,"Evidence: euthyrox
Entity: euthyrox
Surface form: euthyrox
Field: answer
Relation context: "
mention::men_llm_0000933,evidence,men_llm_0000933,ent_symptom_018ebc11f6df,ahd5k_03137,حمى,"Evidence: زيادة في نشاط الدرق
Entity: حمى
Surface form: حمى
Field: answer
Relation context: "
mention::men_llm_0000934,evidence,men_llm_0000934,ent_diseasecondition_16cf4e77b755,ahd5k_00632,التهاب,"Evidence: يوجد كسل أولى بالغده الدرقيه ونحتاج للعلاج يجب زياره طبيب الغدد للفحص السريرى والاحتياج لاكمال باقى الفحوصات المعمليه وموجات صوتيه على الغده الدرقيه
Entity: التهاب
Surface form: التهاب
Field: answer
Relation context: "
mention::men_llm_0000935,evidence,men_llm_0000935,ent_test_dd68aa784555,ahd5k_00632,تحاليل مخبرية,"Evidence: يوجد كسل أولى بالغده الدرقيه ونحتاج للعلاج يجب زياره طبيب الغدد للفحص السريرى والاحتياج لاكمال باقى الفحوصات المعمليه وموجات صوتيه على الغده الدرقيه
Entity: تحاليل مخبرية
Surface form: تحاليل
Field: answer
Relation context: "
mention::men_llm_0000936,evidence,men_llm_0000936,ent_diseasecondition_7b4788cd854a,ahd5k_00632,الغدة الدرقية,"Evidence: يوجد كسل أولى بالغده الدرقيه ونحتاج للعلاج يجب زياره طبيب الغدد للفحص السريرى والاحتياج لاكمال باقى الفحوصات المعمليه وموجات صوتيه على الغده الدرقيه
Entity: الغدة الدرقية
Surface form: الغده الدرقيه
Field: answer
Relation context: "
mention::men_llm_0000937,evidence,men_llm_0000937,ent_diseasecondition_7b4788cd854a,ahd5k_02980,الغدة الدرقية,"Evidence: اذا كان ال TSH هو المقصود فهذه ممكن ان تكون بداية خمول ولكن عليكي اعادة التحليل للتأكد فإذا استمر ال tsh بالارتفاع فعليكب بدأ العلاج وتنظيم هرمون الغدة
Entity: الغدة الدرقية
Surface form: الغده الدرقيه
Field: answer
Relation context: "
mention::men_llm_0000938,evidence,men_llm_0000938,ent_diseasecondition_7b4788cd854a,ahd5k_03465,الغدة الدرقية,"Evidence: هناك زيادة نشاط بسيط جدا يدعى ماقبل السريري افضل اعادة الفحص والمتابعة مع اخصائي الغدد و مبدئيا ممكن اخذ علاج preponplol 10mg ثلاث مرات يوميا
Entity: الغدة الدرقية
Surface form: الغده الدرقيه
Field: answer
Relation context: "
mention::men_llm_0000939,evidence,men_llm_0000939,ent_diseasecondition_7b4788cd854a,ahd5k_02980,الغدة الدرقية,"Evidence: السلام عليكم أنا عملت تحليل للغدة الدرقيه قبل سنه وكانت النتائج ممتازه ولكن لما عملته بعد مرور سنه ظهر بالتحليل ان المعدل ٦ وقالت الدكتوره فيه ارتفاع في مستوى هرمون...
Entity: الغدة الدرقية
Surface form: الغده الدرقيه
Field: question
Relation context: "
mention::men_llm_0000940,evidence,men_llm_0000940,ent_diseasecondition_7b4788cd854a,ahd5k_03465,الغدة الدرقية,"Evidence: انا اعاني من جميع اعراض نشاط الغده الدرقيه واجريت تحليل وهذه النتائج TSH:0.32 ref range 0.35-5.5 freeT3:3 ref range 2.3-5.4 FreeT4:1.3 ref. Range 0.8-1.8 لذا هل ا عاني نشاط
Entity: الغدة الدرقية
Surface form: الغده الدرقيه
Field: question
Relation context: "
mention::men_llm_0000941,evidence,men_llm_0000941,ent_diseasecondition_385230d505f3,ahd5k_00372,تهاب,"Evidence: التحليل طبيعي
Entity: تهاب
Surface form: التحليل طبيعي . إذا كانت تأخد تيروكسين عليها أن تستمر بنفس الجرعة . وإذا لم تكن تأخذ فالغدة طبيعية ولاتحتاج لشيء
Field: answer
Relation context: "
mention::men_llm_0000942,evidence,men_llm_0000942,ent_diseasecondition_385230d505f3,ahd5k_00791,تهاب,"Evidence: تهاب
Entity: تهاب
Surface form: عزيزتي غالباً عن استخدام هرمون الثايروكسين بالجرعة المطلوبة يتحسن النوم لدى الأغلبية ولذلك يجب التأكد ان الجرعة كافية عن طريق تحليل الدم لمستوى هرمون الغدة tsh والأمر الآخر يتطلب استقصاء الأسباب الاخرى لكثرة النوم او الخمول والكسل بشكل عام العضوية والنفسية
Field: answer
Relation context: "
mention::men_llm_0000943,evidence,men_llm_0000943,ent_diseasecondition_385230d505f3,ahd5k_01491,تهاب,"Evidence: تهاب
Entity: تهاب
Surface form: عمري ٢٥سنة واعاني من نشاط زائد في الغده الدرقية وقمت بأخذ جرعه من اليود النووي المشع وعندي طفل عمره سنه فما المده الزمنيه المحدده اللتي سأتمكن بعدها
Field: question
Relation context: "
mention::men_llm_0000944,evidence,men_llm_0000944,ent_diseasecondition_385230d505f3,ahd5k_01750,تهاب,"Evidence: تهاب
Entity: تهاب
Surface form: زدت جرعه الثيروكسبن من ٧٥ الى ١٠٠ وبعدها ب ٣ اسابيع احس بالم بالحلق مثل الاحتقان بس مو احتفان لي اسبوع كذا هل ارجع لجرعتي السابقه وماذا افعل
Field: question
Relation context: "
mention::men_llm_0000945,evidence,men_llm_0000945,ent_diseasecondition_385230d505f3,ahd5k_04258,تهاب,"Evidence: تهاب
Entity: تهاب
Surface form: عندكسل غده واخذت علاج اثيروكس 25 رجعت بعدها وحللت الحمدلله نزلت ورجعت للمعدل الطبيعي بعدها بشهرين قاعده اشوفها وصلت 3:11 وبعد 4شهور وصلت3:92 هل هذايعني خلاص استمرعلى الحبوب؟
Field: question
Relation context: "
mention::men_llm_0000946,evidence,men_llm_0000946,ent_treatment_72992721d87a,ahd5k_00372,جرعة,"Evidence: بنفس الجرعة
Entity: جرعة
Surface form: التحليل طبيعي . إذا كانت تأخد تيروكسين عليها أن تستمر بنفس الجرعة . وإذا لم تكن تأخذ فالغدة طبيعية ولاتحتاج لشيء
Field: answer
Relation context: "
mention::men_llm_0000947,evidence,men_llm_0000947,ent_treatment_72992721d87a,ahd5k_00791,جرعة,"Evidence: الجرعة المطلوبة
Entity: جرعة
Surface form: عزيزتي غالباً عن استخدام هرمون الثايروكسين بالجرعة المطلوبة يتحسن النوم لدى الأغلبية ولذلك يجب التأكد ان الجرعة كافية عن طريق تحليل الدم لمستوى هرمون الغدة tsh والأمر الآخر يتطلب استقصاء الأسباب الاخرى لكثرة النوم او الخمول والكسل بشكل عام العضوية والنفسية
Field: answer
Relation context: "
mention::men_llm_0000948,evidence,men_llm_0000948,ent_treatment_72992721d87a,ahd5k_01491,جرعة,"Evidence: جرعه
Entity: جرعة
Surface form: عمري ٢٥سنة واعاني من نشاط زائد في الغده الدرقية وقمت بأخذ جرعه من اليود النووي المشع وعندي طفل عمره سنه فما المده الزمنيه المحدده اللتي سأتمكن بعدها
Field: question
Relation context: "
mention::men_llm_0000949,evidence,men_llm_0000949,ent_treatment_72992721d87a,ahd5k_01750,جرعة,"Evidence: جرعتي السابقه
Entity: جرعة
Surface form: زدت جرعه الثيروكسبن من ٧٥ الى ١٠٠ وبعدها ب ٣ اسابيع احس بالم بالحلق مثل الاحتقان بس مو احتفان لي اسبوع كذا هل ارجع لجرعتي السابقه وماذا افعل
Field: question
Relation context: "
mention::men_llm_0000950,evidence,men_llm_0000950,ent_treatment_72992721d87a,ahd5k_04258,جرعة,"Evidence: استمرعلى الحبوب
Entity: جرعة
Surface form: عندكسل غده واخذت علاج اثيروكس 25 رجعت بعدها وحللت الحمدلله نزلت ورجعت للمعدل الطبيعي بعدها بشهرين قاعده اشوفها وصلت 3:11 وبعد 4شهور وصلت3:92 هل هذايعني خلاص استمرعلى الحبوب؟
Field: question
Relation context: "
mention::men_llm_0000951,evidence,men_llm_0000951,ent_diseasecondition_16cf4e77b755,ahd5k_00775,التهاب,"Evidence: التهاب
Entity: التهاب
Surface form: التهاب
Field: answer
Relation context: "
mention::men_llm_0000952,evidence,men_llm_0000952,ent_diseasecondition_7abdd04c7114,ahd5k_00775,الحمل,"Evidence: الحمل
Entity: الحمل
Surface form: الحمل
Field: question
Relation context: "
mention::men_llm_0000953,evidence,men_llm_0000953,ent_test_dd68aa784555,ahd5k_00775,تحاليل مخبرية,"Evidence: تحليل مخبري
Entity: تحاليل مخبرية
Surface form: تحليل مخبري
Field: answer
Relation context: "
mention::men_llm_0000954,evidence,men_llm_0000954,ent_diseasecondition_22348d970227,ahd5k_00035,مرض الغدة الدرقية,"Evidence: مرض الغدة الدرقية يعني يخفض
Entity: مرض الغدة الدرقية
Surface form: مرض الغدة الدرقية
Field: question
Relation context: مرض الغدة الدرقية TREATED_BY التروكسين. Evidence: اخذ التروكسين | مرض الغدة الدرقية DIAGNOSED_BY الهرمون. Evidence: مستوى الهرمون في الدم"
mention::men_llm_0000955,evidence,men_llm_0000955,ent_diseasecondition_22348d970227,ahd5k_00035,مرض الغدة الدرقية,"Evidence: علاج الغدة
Entity: مرض الغدة الدرقية
Surface form: مرض الغدة الدرقية
Field: answer
Relation context: مرض الغدة الدرقية TREATED_BY التروكسين. Evidence: اخذ التروكسين | مرض الغدة الدرقية DIAGNOSED_BY الهرمون. Evidence: مستوى الهرمون في الدم"
mention::men_llm_0000956,evidence,men_llm_0000956,ent_treatment_3fd682796ae8,ahd5k_00035,التروكسين,"Evidence: اخذ التروكسين
Entity: التروكسين
Surface form: التروكسين
Field: question
Relation context: مرض الغدة الدرقية TREATED_BY التروكسين. Evidence: اخذ التروكسين | مرض الغدة الدرقية DIAGNOSED_BY الهرمون. Evidence: مستوى الهرمون في الدم"
mention::men_llm_0000957,evidence,men_llm_0000957,ent_test_234f794d532f,ahd5k_00035,الهرمون,"Evidence: مستوى الهرمون في الدم
Entity: الهرمون
Surface form: الهرمون
Field: answer
Relation context: مرض الغدة الدرقية TREATED_BY التروكسين. Evidence: اخذ التروكسين | مرض الغدة الدرقية DIAGNOSED_BY الهرمون. Evidence: مستوى الهرمون في الدم"
mention::men_llm_0000958,evidence,men_llm_0000958,ent_diseasecondition_109e661e0028,ahd5k_02685,تهاب الغدة الدرقية,"Evidence: تهاب بالغدة الدرقيه زياده نشاط علما بانه بعد وﻻدتي السابقه حدث معي كذلك وزال بدون علاج ولكن هذه المره اشعر بان النشاط زاد وارهقني
Entity: تهاب الغدة الدرقية
Surface form: تهاب بالغدة الدرقيه
Field: question
Relation context: "
mention::men_llm_0000959,evidence,men_llm_0000959,ent_diseasecondition_16cf4e77b755,ahd5k_02685,التهاب,"Evidence: تهاب بالغدة الدرقيه زياده نشاط علما بانه بعد وﻻدتي السابقه حدث معي كذلك وزال بدون علاج ولكن هذه المره اشعر بان النشاط زاد وارهقني
Entity: التهاب
Surface form: التهاب
Field: question
Relation context: "
mention::men_llm_0000960,evidence,men_llm_0000960,ent_diseasecondition_16cf4e77b755,ahd5k_03376,التهاب,"Evidence: اعراض الغدة الدرقيه وعند اجراء التحليل وجد مايلي
Entity: التهاب
Surface form: اعراض الغدة الدرقيه
Field: question
Relation context: "
mention::men_llm_0000961,evidence,men_llm_0000961,ent_diseasecondition_16cf4e77b755,ahd5k_03376,التهاب,"Evidence: اعراض الغدة الدرقيه وعند اجراء التحليل وجد مايلي
Entity: التهاب
Surface form: التهاب
Field: question
Relation context: "
mention::men_llm_0000962,evidence,men_llm_0000962,ent_diseasecondition_16cf4e77b755,ahd5k_03385,التهاب,"Evidence: اعانى من تضخم فى حجم الثدى ...فهل يوجد علاقه بين قصر القضيب وتضخم حجم...
Entity: التهاب
Surface form: اعانى من تضخم فى حجم الثدى
Field: question
Relation context: "
mention::men_llm_0000963,evidence,men_llm_0000963,ent_diseasecondition_16cf4e77b755,ahd5k_03385,التهاب,"Evidence: اعانى من تضخم فى حجم الثدى ...فهل يوجد علاقه بين قصر القضيب وتضخم حجم...
Entity: التهاب
Surface form: تضخم فى حجم الثدى
Field: question
Relation context: "
mention::men_llm_0000964,evidence,men_llm_0000964,ent_diseasecondition_16cf4e77b755,ahd5k_03431,التهاب,"Evidence: الم في الرقبه ماهو سبب هل له علاقه بالعمليه
Entity: التهاب
Surface form: الم في الرقبه
Field: question
Relation context: "
mention::men_llm_0000965,evidence,men_llm_0000965,ent_diseasecondition_16cf4e77b755,ahd5k_03431,التهاب,"Evidence: الم في الرقبه ماهو سبب هل له علاقه بالعمليه
Entity: التهاب
Surface form: الم
Field: question
Relation context: "
mention::men_llm_0000966,evidence,men_llm_0000966,ent_diseasecondition_16cf4e77b755,ahd5k_02620,التهاب,"Evidence: لم يزداد طول القامة عندي بسرعة كما في البلوغ حيث ظهرت علامات البلوغ ما عدا النمو السريع حيث بلغت في سن 13 وانا لان عمري 15 ولم تاتي سرعة في...
Entity: التهاب
Surface form: البلغم
Field: question
Relation context: "
mention::men_llm_0000967,evidence,men_llm_0000967,ent_diseasecondition_16cf4e77b755,ahd5k_02971,التهاب,"Evidence: عند الاستيقاظ في الصباح اشعر بالام اسفل الظهر منذ فترة طويلة ما السبب انا استخدم علاج الثايروكسين هل له تاثير
Entity: التهاب
Surface form: الام اسفل الظهر
Field: question
Relation context: "
mention::men_llm_0000968,evidence,men_llm_0000968,ent_diseasecondition_16cf4e77b755,ahd5k_03154,التهاب,"Evidence: طب الغدد السلام عليكم اريد معرفة الحجم الطبيعي للغدة الدرقية بالسنتمتر
Entity: التهاب
Surface form: التهاب
Field: question
Relation context: "
mention::men_llm_0000969,evidence,men_llm_0000969,ent_diseasecondition_e70dbd4b1bf0,ahd5k_03831,Hashimot,"Evidence: لا يوجد تأثير ما دمتي تأخذي الدواء بانتظام
Entity: Hashimot
Surface form: Hashimot
Field: answer
Relation context: Hashimot TREATED_BY Tiroxine. Evidence: أَنِّي أعاني من هاشيموتو في بعض الأحيان في رمضان أخذ الدواء قبل السحور ولا اكل شي بعده وأصوم طوال النهار"
mention::men_llm_0000970,evidence,men_llm_0000970,ent_treatment_21722b3a3cbc,ahd5k_03831,Tiroxine,"Evidence: أَنِّي أعاني من هاشيموتو في بعض الأحيان في رمضان أخذ الدواء قبل السحور ولا اكل شي بعده وأصوم طوال النهار
Entity: Tiroxine
Surface form: Tiroxine
Field: question
Relation context: Hashimot TREATED_BY Tiroxine. Evidence: أَنِّي أعاني من هاشيموتو في بعض الأحيان في رمضان أخذ الدواء قبل السحور ولا اكل شي بعده وأصوم طوال النهار"
mention::men_llm_0000971,evidence,men_llm_0000971,ent_treatment_4d680c503ac2,ahd5k_03963,Radioactive Iodine,"Evidence: هذا يدل ان اليود لا يفيدك. قد تحتاجي الى جراحة
Entity: Radioactive Iodine
Surface form: جرعة يود مشع
Field: answer
Relation context: "
mention::men_llm_0000972,evidence,men_llm_0000972,ent_diseasecondition_85bdadb0e2a2,ahd5k_04335,Hypothyroidism,"Evidence: في موضوع خمول الغدة الدرقية ..هل عندما تعود الغدة الى وظيفتها الطبيعةبعد الخمول يعود الوزن كم كان قبل حدوث الخمول ؟
Entity: Hypothyroidism
Surface form: خمول الغدة الدرقية
Field: question
Relation context: "
mention::men_llm_0000973,evidence,men_llm_0000973,ent_treatment_7197c00f491c,ahd5k_04342,Vitamin D,"Evidence: نعم. ممكن اخذ فيتامينات اخرى. لا مانع
Entity: Vitamin D
Surface form: فيتامين د
Field: answer
Relation context: "
mention::men_llm_0000974,evidence,men_llm_0000974,ent_diseasecondition_8d0f4dc232cb,ahd5k_04373,Growth Hormone,"Evidence: نصحونا نذهب لاخصائي غدد صماء لانو احتمال يكون نقص في growth hormone
Entity: Growth Hormone
Surface form: growth hormone
Field: question
Relation context: "
mention::men_llm_0000975,evidence,men_llm_0000975,ent_diseasecondition_250910ab0701,ahd5k_04490,حساسية الصدر,"Evidence: حساسية الصدر
Entity: حساسية الصدر
Surface form: حساسية الصدر
Field: question
Relation context: حساسية الصدر HAS_SYMPTOM سعال. Evidence: حساسية الصدر and سعال co-occur with explicit symptom-pathology link | حساسية الصدر DIAGNOSED_BY تحليل الحساسية. Evidence: تحليل الحساسية explicitly mentioned as diagnostic tool for حساسية الصدر"
mention::men_llm_0000976,evidence,men_llm_0000976,ent_symptom_f4cf885a0447,ahd5k_04490,سعال,"Evidence: سعال
Entity: سعال
Surface form: سعال
Field: question
Relation context: حساسية الصدر HAS_SYMPTOM سعال. Evidence: حساسية الصدر and سعال co-occur with explicit symptom-pathology link | حساسية الصدر DIAGNOSED_BY تحليل الحساسية. Evidence: تحليل الحساسية explicitly mentioned as diagnostic tool for حساسية الصدر"
mention::men_llm_0000977,evidence,men_llm_0000977,ent_test_433492431144,ahd5k_04490,تحليل الحساسية,"Evidence: تحليل الحساسية
Entity: تحليل الحساسية
Surface form: تحليل الحساسية
Field: answer
Relation context: حساسية الصدر HAS_SYMPTOM سعال. Evidence: حساسية الصدر and سعال co-occur with explicit symptom-pathology link | حساسية الصدر DIAGNOSED_BY تحليل الحساسية. Evidence: تحليل الحساسية explicitly mentioned as diagnostic tool for حساسية الصدر"
mention::men_llm_0000978,evidence,men_llm_0000978,ent_treatment_90baddc0bf15,ahd5k_04490,العلاج,"Evidence: العلاج
Entity: العلاج
Surface form: العلاج
Field: answer
Relation context: حساسية الصدر HAS_SYMPTOM سعال. Evidence: حساسية الصدر and سعال co-occur with explicit symptom-pathology link | حساسية الصدر DIAGNOSED_BY تحليل الحساسية. Evidence: تحليل الحساسية explicitly mentioned as diagnostic tool for حساسية الصدر"
mention::men_llm_0000979,evidence,men_llm_0000979,ent_symptom_6e02a9cc4e27,ahd5k_04953,التوتر,"Evidence: التوتر والارهاق والقلق
Entity: التوتر
Surface form: التوتر والارهاق والقلق
Field: answer
Relation context: "
mention::men_llm_0000980,evidence,men_llm_0000980,ent_symptom_3ab5bd868858,ahd5k_04953,الارهاق,"Evidence: التوتر والارهاق والقلق
Entity: الارهاق
Surface form: التوتر والارهاق والقلق
Field: answer
Relation context: "
mention::men_llm_0000981,evidence,men_llm_0000981,ent_symptom_38888a2188fe,ahd5k_04953,القلق,"Evidence: التوتر والارهاق والقلق
Entity: القلق
Surface form: التوتر والارهاق والقلق
Field: answer
Relation context: "
mention::men_llm_0000982,evidence,men_llm_0000982,ent_diseasecondition_0058b0001848,ahd5k_00255,تضيق القنوات الموجودة داخل الكبد,"Evidence: تضيق القنوات الموجودة داخل الكبد عند الاطفال
Entity: تضيق القنوات الموجودة داخل الكبد
Surface form: تضيق القنوات الموجودة داخل الكبد
Field: question
Relation context: تضيق القنوات الموجودة داخل الكبد TREATED_BY منظار قنوات مرارية الف سلامة. Evidence: عمل منظار قنوات مرارية الف سلامة"
mention::men_llm_0000983,evidence,men_llm_0000983,ent_diseasecondition_c0d08edb6394,ahd5k_02213,تشمع الكبد,"Evidence: تشمع الكبد يؤثر على البول
Entity: تشمع الكبد
Surface form: تشمع الكبد
Field: answer
Relation context: "
mention::men_llm_0000984,evidence,men_llm_0000984,ent_diseasecondition_56b595f8a1f5,ahd5k_04633,فيروس الكبد الوبائي,"Evidence: فيروس الكبد الوبائي بي
Entity: فيروس الكبد الوبائي
Surface form: فيروس الكبد الوبائي
Field: answer
Relation context: "
mention::men_llm_0000985,evidence,men_llm_0000985,ent_treatment_07d0f0ae4c18,ahd5k_00255,منظار قنوات مرارية الف سلامة,"Evidence: عمل منظار قنوات مرارية الف سلامة
Entity: منظار قنوات مرارية الف سلامة
Surface form: عمل منظار قنوات مرارية الف سلامة
Field: answer
Relation context: تضيق القنوات الموجودة داخل الكبد TREATED_BY منظار قنوات مرارية الف سلامة. Evidence: عمل منظار قنوات مرارية الف سلامة"
mention::men_llm_0000986,evidence,men_llm_0000986,ent_test_e25254260950,ahd5k_01312,سونار بطن وحوض مع انريمات الكبد,"Evidence: عمل سونار بطن وحوض مع انريمات الكبد
Entity: سونار بطن وحوض مع انريمات الكبد
Surface form: عمل سونار بطن وحوض مع انريمات الكبد
Field: answer
Relation context: "
mention::men_llm_0000987,evidence,men_llm_0000987,ent_symptom_496829ff3f53,ahd5k_00072,البراز,"Evidence: البراز
Entity: البراز
Surface form: البراز
Field: answer
Relation context: "
mention::men_llm_0000988,evidence,men_llm_0000988,ent_diseasecondition_16cf4e77b755,ahd5k_00072,التهاب,"Evidence: التهاب
Entity: التهاب
Surface form: التهاب
Field: answer
Relation context: "
mention::men_llm_0000989,evidence,men_llm_0000989,ent_symptom_544114d1fc6b,ahd5k_00072,الغازات,"Evidence: الغازات
Entity: الغازات
Surface form: الغازات
Field: question
Relation context: "
mention::men_llm_0000990,evidence,men_llm_0000990,ent_diseasecondition_16cf4e77b755,ahd5k_00032,التهاب,"Evidence: التهاب العضلات والتهاب الاضلاع واعتلال الغدد الليمفاوية
Entity: التهاب
Surface form: التهاب
Field: answer
Relation context: "
mention::men_llm_0000991,evidence,men_llm_0000991,ent_diseasecondition_16cf4e77b755,ahd5k_00480,التهاب,"Evidence: التهاب بالمجاري البولية
Entity: التهاب
Surface form: التهاب
Field: answer
Relation context: "
mention::men_llm_0000992,evidence,men_llm_0000992,ent_diseasecondition_16cf4e77b755,ahd5k_01465,التهاب,"Evidence: التهاب مجرى البول
Entity: التهاب
Surface form: التهاب
Field: answer
Relation context: "
mention::men_llm_0000993,evidence,men_llm_0000993,ent_diseasecondition_16cf4e77b755,ahd5k_02282,التهاب,"Evidence: التهاب بمجرى التنفس العلوي
Entity: التهاب
Surface form: التهاب
Field: answer
Relation context: "
mention::men_llm_0000994,evidence,men_llm_0000994,ent_diseasecondition_16cf4e77b755,ahd5k_03901,التهاب,"Evidence: التهابات
Entity: التهاب
Surface form: التهاب
Field: answer
Relation context: "
mention::men_llm_0000995,evidence,men_llm_0000995,ent_diseasecondition_16cf4e77b755,ahd5k_04112,التهاب,"Evidence: التهاب أعصاب
Entity: التهاب
Surface form: التهاب
Field: answer
Relation context: "
mention::men_llm_0000996,evidence,men_llm_0000996,ent_diseasecondition_16cf4e77b755,ahd5k_04262,التهاب,"Evidence: التهاب
Entity: التهاب
Surface form: التهاب
Field: answer
Relation context: "
mention::men_llm_0000997,evidence,men_llm_0000997,ent_diseasecondition_16cf4e77b755,ahd5k_04517,التهاب,"Evidence: التهاب المسالك البولية
Entity: التهاب
Surface form: التهاب
Field: answer
Relation context: "
mention::men_llm_0000998,evidence,men_llm_0000998,ent_diseasecondition_ca9304cd0dde,ahd5k_01465,القولون العصبي,"Evidence: القولون العصبي
Entity: القولون العصبي
Surface form: القولون العصبي
Field: answer
Relation context: "
mention::men_llm_0000999,evidence,men_llm_0000999,ent_diseasecondition_ca9304cd0dde,ahd5k_04517,القولون العصبي,"Evidence: القولون العصبي
Entity: القولون العصبي
Surface form: القولون العصبي
Field: answer
Relation context: "
mention::men_llm_0001000,evidence,men_llm_0001000,ent_test_dd68aa784555,ahd5k_00480,تحاليل مخبرية,"Evidence: تحاليل مخبرية
Entity: تحاليل مخبرية
Surface form: تحاليل مخبرية
Field: answer
Relation context: "
mention::men_llm_0001001,evidence,men_llm_0001001,ent_diseasecondition_16cf4e77b755,ahd5k_04728,التهاب,"Evidence: التهاب
Entity: التهاب
Surface form: التهاب
Field: answer
Relation context: التهاب HAS_SYMPTOM المغص. Evidence: التهاب يسبب المغص"
mention::men_llm_0001002,evidence,men_llm_0001002,ent_diseasecondition_16cf4e77b755,ahd5k_04916,التهاب,"Evidence: التهاب
Entity: التهاب
Surface form: التهاب
Field: answer
Relation context: التهاب TREATED_BY الامتناع عن اعطاء أي أطعمة أو سوائل عن طريق الفم. Evidence: الامتناع عن الأطعمة يعالج التهاب | التهاب TREATED_BY استئصال المرارة. Evidence: استئصال المرارة يعالج التهاب"
mention::men_llm_0001003,evidence,men_llm_0001003,ent_diseasecondition_16cf4e77b755,ahd5k_04921,التهاب,"Evidence: التهاب
Entity: التهاب
Surface form: التهاب
Field: answer
Relation context: التهاب HAS_SYMPTOM الوجع الشديد في الجنب اليمين. Evidence: التهاب يسبب وجع الجنب"
mention::men_llm_0001004,evidence,men_llm_0001004,ent_symptom_4c83b1bd25ea,ahd5k_04728,المغص,"Evidence: المغص
Entity: المغص
Surface form: المغص
Field: answer
Relation context: التهاب HAS_SYMPTOM المغص. Evidence: التهاب يسبب المغص"
mention::men_llm_0001005,evidence,men_llm_0001005,ent_treatment_103a7b1accd7,ahd5k_04916,الامتناع عن اعطاء أي أطعمة أو سوائل عن طريق الفم,"Evidence: الامتناع عن اعطاء أي أطعمة أو سوائل عن طريق الفم
Entity: الامتناع عن اعطاء أي أطعمة أو سوائل عن طريق الفم
Surface form: الامتناع عن اعطاء أي أطعمة أو سوائل عن طريق الفم
Field: answer
Relation context: التهاب TREATED_BY الامتناع عن اعطاء أي أطعمة أو سوائل عن طريق الفم. Evidence: الامتناع عن الأطعمة يعالج التهاب | التهاب TREATED_BY استئصال المرارة. Evidence: استئصال المرارة يعالج التهاب"
mention::men_llm_0001006,evidence,men_llm_0001006,ent_treatment_543034bf73f8,ahd5k_04916,استئصال المرارة,"Evidence: استئصال المرارة
Entity: استئصال المرارة
Surface form: استئصال المرارة
Field: answer
Relation context: التهاب TREATED_BY الامتناع عن اعطاء أي أطعمة أو سوائل عن طريق الفم. Evidence: الامتناع عن الأطعمة يعالج التهاب | التهاب TREATED_BY استئصال المرارة. Evidence: استئصال المرارة يعالج التهاب"
mention::men_llm_0001007,evidence,men_llm_0001007,ent_symptom_cee2a1d85e2d,ahd5k_04921,الوجع الشديد في الجنب اليمين,"Evidence: الوجع الشديد في الجنب اليمين
Entity: الوجع الشديد في الجنب اليمين
Surface form: الوجع الشديد في الجنب اليمين
Field: question
Relation context: التهاب HAS_SYMPTOM الوجع الشديد في الجنب اليمين. Evidence: التهاب يسبب وجع الجنب"
mention::men_llm_0001008,evidence,men_llm_0001008,ent_diseasecondition_f3982f19c624,ahd5k_03738,ارتياف دعب \u0627لديم,"Evidence: الالم الدي الديم الديم الديم
Entity: ارتياف دعب \u0627لديم
Surface form: ارتياف دعب ديم
Field: answer
Relation context: ارتياف دعب \u0627لديم HAS_SYMPTOM الالم. Evidence: الالم الدي الديم الديم الديم"
mention::men_llm_0001009,evidence,men_llm_0001009,ent_symptom_ad0da68fc73f,ahd5k_03738,الالم,"Evidence: الالم الدي الديم الديم الديم
Entity: الالم
Surface form: الالم
Field: answer
Relation context: ارتياف دعب \u0627لديم HAS_SYMPTOM الالم. Evidence: الالم الدي الديم الديم الديم"
mention::men_llm_0001010,evidence,men_llm_0001010,ent_treatment_389c673b9b0c,ahd5k_04751,الديم,"Evidence: الديم الديم الديم الديم
Entity: الديم
Surface form: الديم
Field: answer
Relation context: "
mention::men_llm_0001011,evidence,men_llm_0001011,ent_test_c087a4192739,ahd5k_04751,الديم,"Evidence: الديم الديم الديم الديم
Entity: الديم
Surface form: الديم
Field: answer
Relation context: "
mention::men_llm_0001012,evidence,men_llm_0001012,ent_diseasecondition_ca9304cd0dde,ahd5k_00012,القولون العصبي,"Evidence: القولون العصبي ولدي توسع بالكليتين بسبب وجود الحصى
Entity: القولون العصبي
Surface form: القولون العصبي
Field: question
Relation context: "
mention::men_llm_0001013,evidence,men_llm_0001013,ent_diseasecondition_ca9304cd0dde,ahd5k_02411,القولون العصبي,"Evidence: ووالدي كان شال ورم في القولون من 3 سنين تقريبا
Entity: القولون العصبي
Surface form: القولون
Field: answer
Relation context: "
mention::men_llm_0001014,evidence,men_llm_0001014,ent_diseasecondition_ca9304cd0dde,ahd5k_02511,القولون العصبي,"Evidence: سببه التوتر العصبى و علاجه علاج التوتر العصبى
Entity: القولون العصبي
Surface form: القولون العصبى
Field: answer
Relation context: "
mention::men_llm_0001015,evidence,men_llm_0001015,ent_diseasecondition_ca9304cd0dde,ahd5k_02677,القولون العصبي,"Evidence: من أجل تقرحات فى القولون او البواسير
Entity: القولون العصبي
Surface form: القولون
Field: answer
Relation context: "
mention::men_llm_0001016,evidence,men_llm_0001016,ent_diseasecondition_ac6f7cbfb177,ahd5k_00012,الحصى,"Evidence: الحصى ومشاكل القولون
Entity: الحصى
Surface form: الحصى
Field: question
Relation context: "
mention::men_llm_0001017,evidence,men_llm_0001017,ent_diseasecondition_017a6d080eff,ahd5k_02411,القولون,"Evidence: ووالدي كان شال ورم في القولون من 3 سنين تقريبا
Entity: القولون
Surface form: القولون
Field: answer
Relation context: "
mention::men_llm_0001018,evidence,men_llm_0001018,ent_diseasecondition_017a6d080eff,ahd5k_02511,القولون,"Evidence: سببه التوتر العصبى و علاجه علاج التوتر العصبى
Entity: القولون
Surface form: القولون العصبى
Field: answer
Relation context: "
mention::men_llm_0001019,evidence,men_llm_0001019,ent_diseasecondition_017a6d080eff,ahd5k_02677,القولون,"Evidence: من أجل تقرحات فى القولون او البواسير
Entity: القولون
Surface form: القولون
Field: answer
Relation context: "
mention::men_llm_0001020,evidence,men_llm_0001020,ent_diseasecondition_16cf4e77b755,ahd5k_00012,التهاب,"Evidence: الحصى ومشاكل القولون
Entity: التهاب
Surface form: التهاب
Field: question
Relation context: "
mention::men_llm_0001021,evidence,men_llm_0001021,ent_diseasecondition_c294dde65052,ahd5k_00012,نزلة معوية,"Evidence: الحصى ومشاكل القولون
Entity: نزلة معوية
Surface form: نزلة معوية
Field: question
Relation context: "
mention::men_llm_0001022,evidence,men_llm_0001022,ent_diseasecondition_7f3c581aaa3e,ahd5k_00012,ارتكاريا,"Evidence: الحصى ومشاكل القولون
Entity: ارتكاريا
Surface form: ارتكاريا
Field: question
Relation context: "
mention::men_llm_0001023,evidence,men_llm_0001023,ent_diseasecondition_f9f02cdde82f,ahd5k_02677,البواسير,"Evidence: تقرحات فى القولون او البواسير
Entity: البواسير
Surface form: البواسير
Field: answer
Relation context: "
mention::men_llm_0001024,evidence,men_llm_0001024,ent_symptom_f9f21f627264,ahd5k_02511,القولون العصبى,"Evidence: سببه التوتر العصبى و علاجه علاج التوتر العصبى
Entity: القولون العصبى
Surface form: القولون العصبى
Field: answer
Relation context: "
mention::men_llm_0001025,evidence,men_llm_0001025,ent_symptom_0f8f2716b4d6,ahd5k_02677,القولون,"Evidence: من أجل تقرحات فى القولون او البواسير
Entity: القولون
Surface form: القولون
Field: answer
Relation context: "
mention::men_llm_0001026,evidence,men_llm_0001026,ent_test_f65cef357cee,ahd5k_02411,القولون,"Evidence: ووالدي كان شال ورم في القولون من 3 سنين تقريبا
Entity: القولون
Surface form: القولون
Field: answer
Relation context: "
mention::men_llm_0001027,evidence,men_llm_0001027,ent_diseasecondition_385230d505f3,ahd5k_01567,تهاب,"Evidence: تهاب الاعصاب الطرفية
Entity: تهاب
Surface form: تهاب
Field: answer
Relation context: "
mention::men_llm_0001028,evidence,men_llm_0001028,ent_diseasecondition_385230d505f3,ahd5k_01567,تهاب,"Evidence: التهاب الاعصاب الطرفية
Entity: تهاب
Surface form: التهاب
Field: answer
Relation context: "
mention::men_llm_0001029,evidence,men_llm_0001029,ent_symptom_018ebc11f6df,ahd5k_01567,حمى,"Evidence: حمى
Entity: حمى
Surface form: حمى
Field: answer
Relation context: "
mention::men_llm_0001030,evidence,men_llm_0001030,ent_treatment_b333a867faf6,ahd5k_02732,الأسبرين,"Evidence: ادوية القلب والضغط والاسبرين والبلافكس
Entity: الأسبرين
Surface form: الاسبرين
Field: answer
Relation context: "
mention::men_llm_0001031,evidence,men_llm_0001031,ent_treatment_af4d4bb1722f,ahd5k_02732,بلافكس,"Evidence: ادوية القلب والضغط والاسبرين والبلافكس
Entity: بلافكس
Surface form: البلافكس
Field: answer
Relation context: "
mention::men_llm_0001032,evidence,men_llm_0001032,ent_diseasecondition_9719230327a2,ahd5k_00838,فقر الدم,"Evidence: نقص فيتامين (ب12) يسبب انيميا وتنميل
Entity: فقر الدم
Surface form: فقر الدم
Field: answer
Relation context: فقر الدم HAS_SYMPTOM تنميل. Evidence: نقص فيتامين (ب12) يسبب انيميا وتنميل"
mention::men_llm_0001033,evidence,men_llm_0001033,ent_symptom_d48190970b2d,ahd5k_00838,تنميل,"Evidence: نقص فيتامين (ب12) يسبب انيميا وتنميل
Entity: تنميل
Surface form: تنميل
Field: answer
Relation context: فقر الدم HAS_SYMPTOM تنميل. Evidence: نقص فيتامين (ب12) يسبب انيميا وتنميل"
mention::men_llm_0001034,evidence,men_llm_0001034,ent_treatment_e80fab31a076,ahd5k_00838,نقص فيتامين (ب12),"Evidence: نقص فيتامين (ب12) يسبب انيميا وتنميل
Entity: نقص فيتامين (ب12)
Surface form: نقص فيتامين (ب12)
Field: answer
Relation context: فقر الدم HAS_SYMPTOM تنميل. Evidence: نقص فيتامين (ب12) يسبب انيميا وتنميل"
mention::men_llm_0001035,evidence,men_llm_0001035,ent_diseasecondition_16cf4e77b755,ahd5k_00505,التهاب,"Evidence: التحاليل المخبرية
Entity: التهاب
Surface form: التهاب
Field: answer
Relation context: "
mention::men_llm_0001036,evidence,men_llm_0001036,ent_diseasecondition_16cf4e77b755,ahd5k_00530,التهاب,"Evidence: الجراح الذى أجرى لك العملية
Entity: التهاب
Surface form: التهاب
Field: answer
Relation context: "
mention::men_llm_0001037,evidence,men_llm_0001037,ent_diseasecondition_ca9304cd0dde,ahd5k_02679,القولون العصبي,"Evidence: القولون العصبي
Entity: القولون العصبي
Surface form: القولون العصبي
Field: answer
Relation context: "
mention::men_llm_0001038,evidence,men_llm_0001038,ent_treatment_1479a48d3d42,ahd5k_03807,الدواء,"Evidence: مضادات حيويه نكسيوم و كلاريثرومايسين واموكسسلين
Entity: الدواء
Surface form: الدواء
Field: answer
Relation context: الملوية البوابية TREATED_BY الدواء. Evidence: مضادات حيويه نكسيوم و كلاريثرومايسين واموكسسلين"
mention::men_llm_0001039,evidence,men_llm_0001039,ent_diseasecondition_d13d516b4149,ahd5k_03807,القرحة,"Evidence: القرحة
Entity: القرحة
Surface form: القرحة
Field: answer
Relation context: الملوية البوابية TREATED_BY الدواء. Evidence: مضادات حيويه نكسيوم و كلاريثرومايسين واموكسسلين"
mention::men_llm_0001040,evidence,men_llm_0001040,ent_diseasecondition_86e897b1e25a,ahd5k_03807,الملوية البوابية,"Evidence: الملوية البوابية
Entity: الملوية البوابية
Surface form: الملوية البوابية
Field: answer
Relation context: الملوية البوابية TREATED_BY الدواء. Evidence: مضادات حيويه نكسيوم و كلاريثرومايسين واموكسسلين"
mention::men_llm_0001041,evidence,men_llm_0001041,ent_treatment_477b80e9a19a,ahd5k_04052,السيبروكسين,"Evidence: السيبروكسين
Entity: السيبروكسين
Surface form: السيبروكسين
Field: answer
Relation context: "
mention::men_llm_0001042,evidence,men_llm_0001042,ent_test_4e95ccf90696,ahd5k_04052,النسبة,"Evidence: النسبة 1\160
Entity: النسبة
Surface form: النسبة
Field: answer
Relation context: "
mention::men_llm_0001043,evidence,men_llm_0001043,ent_diseasecondition_d56405bafefa,ahd5k_04832,تكيس المبايض,"Evidence: تكيس المبايض، هوعباره عن وجود اكثر من 10-12 بويضة بحجم 8-10 ملم منتشرة في محيط المبيض
Entity: تكيس المبايض
Surface form: تكيس المبايض
Field: answer
Relation context: "
mention::men_llm_0001044,evidence,men_llm_0001044,ent_diseasecondition_deb4b94517cc,ahd5k_01998,إمساك,"Evidence: ما علاج قرقعة البطن مع انني لا اشرب الحليب ولا مشروبات غازيه ولا اكل بسرعه ولا اتوتر .
Entity: إمساك
Surface form: قرقعة البطن
Field: question
Relation context: "
mention::men_llm_0001045,evidence,men_llm_0001045,ent_diseasecondition_deb4b94517cc,ahd5k_04017,إمساك,"Evidence: اعاني من امساك شديد دائما وذالك يسبب في تضخم الطحال عندي
Entity: إمساك
Surface form: امساك
Field: question
Relation context: "
mention::men_llm_0001046,evidence,men_llm_0001046,ent_diseasecondition_deb4b94517cc,ahd5k_04323,إمساك,"Evidence: دائما القولون به انتفاخات ودائما امساك وتزداد هذة الاعراض مع التوتر
Entity: إمساك
Surface form: امساك
Field: question
Relation context: "
mention::men_llm_0001047,evidence,men_llm_0001047,ent_diseasecondition_deb4b94517cc,ahd5k_01998,إمساك,"Evidence: مفيد اكل الخضار والفاكهة و الدواء عند اللزوم
Entity: إمساك
Surface form: امساك
Field: answer
Relation context: "
mention::men_llm_0001048,evidence,men_llm_0001048,ent_diseasecondition_02f1ee13cca6,ahd5k_01998,قولون عصبي,"Evidence: يبدو القولون العصبي
Entity: قولون عصبي
Surface form: قولون العصبي
Field: answer
Relation context: "
mention::men_llm_0001049,evidence,men_llm_0001049,ent_diseasecondition_017a6d080eff,ahd5k_04323,القولون,"Evidence: اعصاب البطن والقولون
Entity: القولون
Surface form: قولون
Field: question
Relation context: "
mention::men_llm_0001050,evidence,men_llm_0001050,ent_diseasecondition_ca9304cd0dde,ahd5k_04323,القولون العصبي,"Evidence: اعصاب البطن والقولون--المفيد اكل الخضار والفاكهة و الدواء عند اللزوم
Entity: القولون العصبي
Surface form: قولون العصبي
Field: answer
Relation context: "
mention::men_llm_0001051,evidence,men_llm_0001051,ent_diseasecondition_017a6d080eff,ahd5k_04323,القولون,"Evidence: اعصاب البطن والقولون--المفيد اكل الخضار والفاكهة و الدواء عند اللزوم
Entity: القولون
Surface form: قولون
Field: answer
Relation context: "
mention::men_llm_0001052,evidence,men_llm_0001052,ent_symptom_ca6890d2fa81,ahd5k_04926,غثيان,"Evidence: غثيان
Entity: غثيان
Surface form: غثيان
Field: question
Relation context: "
mention::men_llm_0001053,evidence,men_llm_0001053,ent_test_f405aec80933,ahd5k_04926,CBC التحليل الكامل للدم,"Evidence: CBC التحليل الكامل للدم
Entity: CBC التحليل الكامل للدم
Surface form: CBC التحليل الكامل للدم
Field: answer
Relation context: "
mention::men_llm_0001054,evidence,men_llm_0001054,ent_diseasecondition_66e69e23fa2d,ahd5k_02673,عسر الهضم,"Evidence: عسر الهضم الذي له اسباب كثيرة
Entity: عسر الهضم
Surface form: عسر الهضم
Field: answer
Relation context: "
mention::men_llm_0001055,evidence,men_llm_0001055,ent_diseasecondition_02f1ee13cca6,ahd5k_02673,قولون عصبي,"Evidence: القولون العصبي
Entity: قولون عصبي
Surface form: قولون عصبي
Field: answer
Relation context: "
mention::men_llm_0001056,evidence,men_llm_0001056,ent_test_6f946fa998e8,ahd5k_02673,اشعة تلفزيونية,"Evidence: عمل اشعة تلفزيونية
Entity: اشعة تلفزيونية
Surface form: اشعة تلفزيونية
Field: answer
Relation context: "
mention::men_llm_0001057,evidence,men_llm_0001057,ent_test_cee0f03fdc31,ahd5k_02673,تحليل براز,"Evidence: تحليل براز
Entity: تحليل براز
Surface form: تحليل براز
Field: answer
Relation context: "
mention::men_llm_0001058,evidence,men_llm_0001058,ent_test_c0d07b06fcff,ahd5k_02673,صورة دم,"Evidence: صورة دم
Entity: صورة دم
Surface form: صورة دم
Field: answer
Relation context: "
mention::men_llm_0001059,evidence,men_llm_0001059,ent_treatment_85b33c000a00,ahd5k_02673,دكتور جهاز هضمي,"Evidence: استشارة دكتور جهاز هضمي
Entity: دكتور جهاز هضمي
Surface form: دكتور جهاز هضمي
Field: answer
Relation context: "
mention::men_llm_0001060,evidence,men_llm_0001060,ent_diseasecondition_385230d505f3,ahd5k_00369,تهاب,"Evidence: فضفاضه جدا و هناك فحوصات كثيره للمناعه
Entity: تهاب
Surface form: تهاب
Field: answer
Relation context: "
mention::men_llm_0001061,evidence,men_llm_0001061,ent_test_dd68aa784555,ahd5k_01220,تحاليل مخبرية,"Evidence: ماهي تحاليل وظائف الكبد وصوره الدم ونتيجه الاشعه التليفزيونيه
Entity: تحاليل مخبرية
Surface form: تحاليل مخبرية
Field: answer
Relation context: "
mention::men_llm_0001062,evidence,men_llm_0001062,ent_test_c4cfd2d6468c,ahd5k_01220,أشعة,"Evidence: ماهي تحاليل وظائف الكبد وصوره الدم ونتيجه الاشعه التليفزيونيه
Entity: أشعة
Surface form: أشعة
Field: answer
Relation context: "
mention::men_llm_0001063,evidence,men_llm_0001063,ent_symptom_1a7b2eae066b,ahd5k_01518,حموضة,"Evidence: حموضة في فمي
Entity: حموضة
Surface form: حموضة
Field: question
Relation context: "
mention::men_llm_0001064,evidence,men_llm_0001064,ent_diseasecondition_3af83594d14c,ahd5k_03524,تيفود,"Evidence: اصبت بالتيفود
Entity: تيفود
Surface form: تيفود
Field: question
Relation context: تيفود TREATED_BY بكتيفلوكس. Evidence: بكتيفلوكس 500 مرتين يوميا لمدة عشر ايام"
mention::men_llm_0001065,evidence,men_llm_0001065,ent_treatment_c2daec36c810,ahd5k_03524,بكتيفلوكس,"Evidence: بكتيفلوكس 500 مرتين يوميا لمدة عشر ايام
Entity: بكتيفلوكس
Surface form: بكتيفلوكس
Field: answer
Relation context: تيفود TREATED_BY بكتيفلوكس. Evidence: بكتيفلوكس 500 مرتين يوميا لمدة عشر ايام"
mention::men_llm_0001066,evidence,men_llm_0001066,ent_test_ccfa39d8952e,ahd5k_04904,تصوير بالرنين المغناطيسي,"Evidence: صورة النين المغناطيسى على منطقة الصدر ممكن ان تكشق عن اشياء كثيره داخل القفص مثل الرءتين و القاب وغيره
Entity: تصوير بالرنين المغناطيسي
Surface form: تصوير الرنين المغناطيسى على منطقة الصدر
Field: answer
Relation context: "
mention::men_llm_0001067,evidence,men_llm_0001067,ent_diseasecondition_01ba795ec738,ahd5k_04904,الرئتين,"Evidence: صورة النين المغناطيسى على منطقة الصدر ممكن ان تكشق عن اشياء كثيره داخل القفص مثل الرءتين و القاب وغيره
Entity: الرئتين
Surface form: الرءتين
Field: answer
Relation context: "
mention::men_llm_0001068,evidence,men_llm_0001068,ent_diseasecondition_8fec9e9307d6,ahd5k_04904,القفص الصدري,"Evidence: ماذا يفيد تصوير الرنين المغناطيسي على منطقة الصدر وهل يمكن الكشف عن امراض في القفص الصدري والاضلاع!؟
Entity: القفص الصدري
Surface form: القفص الصدري
Field: question
Relation context: "
mention::men_llm_0001069,evidence,men_llm_0001069,ent_diseasecondition_1f4ad1fc407f,ahd5k_00916,ملاريا,"Evidence: اعملى فحص دم للملاريا مره ثانيه
Entity: ملاريا
Surface form: ملاريا
Field: question
Relation context: ملاريا DIAGNOSED_BY فحص دم للملاريا. Evidence: اعملى فحص دم للملاريا مره ثانيه | ملاريا TREATED_BY فاندسيدار. Evidence: اخذت علاج(fandsidar)"
mention::men_llm_0001070,evidence,men_llm_0001070,ent_symptom_94e1fb05bddc,ahd5k_00916,فقدان الشهية والرغبة في الاستفراغ,"Evidence: اعملى فحص دم للملاريا مره ثانيه
Entity: فقدان الشهية والرغبة في الاستفراغ
Surface form: فقدان الشهية والرغبة في الاستفراغ
Field: question
Relation context: ملاريا DIAGNOSED_BY فحص دم للملاريا. Evidence: اعملى فحص دم للملاريا مره ثانيه | ملاريا TREATED_BY فاندسيدار. Evidence: اخذت علاج(fandsidar)"
mention::men_llm_0001071,evidence,men_llm_0001071,ent_test_6cc18337a180,ahd5k_00916,فحص دم للملاريا,"Evidence: اعملى فحص دم للملاريا مره ثانيه
Entity: فحص دم للملاريا
Surface form: فحص دم للملاريا
Field: answer
Relation context: ملاريا DIAGNOSED_BY فحص دم للملاريا. Evidence: اعملى فحص دم للملاريا مره ثانيه | ملاريا TREATED_BY فاندسيدار. Evidence: اخذت علاج(fandsidar)"
mention::men_llm_0001072,evidence,men_llm_0001072,ent_treatment_842e12e5a9df,ahd5k_00916,فاندسيدار,"Evidence: اخذت علاج(fandsidar)
Entity: فاندسيدار
Surface form: فاندسيدار
Field: question
Relation context: ملاريا DIAGNOSED_BY فحص دم للملاريا. Evidence: اعملى فحص دم للملاريا مره ثانيه | ملاريا TREATED_BY فاندسيدار. Evidence: اخذت علاج(fandsidar)"
mention::men_llm_0001073,evidence,men_llm_0001073,ent_diseasecondition_780d3bf613f5,ahd5k_01066,قرحة,"Evidence: مامتي جدا تعبانه من القرحة
Entity: قرحة
Surface form: قرحة
Field: question
Relation context: قرحة TREATED_BY ايزومبرازول. Evidence: ممكن تجرب دواء اسمه ايزومبرازول"
mention::men_llm_0001074,evidence,men_llm_0001074,ent_diseasecondition_780d3bf613f5,ahd5k_01066,قرحة,"Evidence: هل افهم من سؤالك ان والدتك عندها قرحه
Entity: قرحة
Surface form: قرحة
Field: answer
Relation context: قرحة TREATED_BY ايزومبرازول. Evidence: ممكن تجرب دواء اسمه ايزومبرازول"
mention::men_llm_0001075,evidence,men_llm_0001075,ent_treatment_90996a0e2d01,ahd5k_01066,ايزومبرازول,"Evidence: ممكن تجرب دواء اسمه ايزومبرازول
Entity: ايزومبرازول
Surface form: ايزومبرازول
Field: answer
Relation context: قرحة TREATED_BY ايزومبرازول. Evidence: ممكن تجرب دواء اسمه ايزومبرازول"
mention::men_llm_0001076,evidence,men_llm_0001076,ent_diseasecondition_517952691aa3,ahd5k_04948,تخم البروستاتا الحميد,"Evidence: عيانى من تخم البروستاتا الحميد
Entity: تخم البروستاتا الحميد
Surface form: تخم البروستاتا الحميد
Field: question
Relation context: "
mention::men_llm_0001077,evidence,men_llm_0001077,ent_treatment_f53e37e03bcf,ahd5k_04948,دواء اخر,"Evidence: راجع الطبيب لإضافة دواء اخر للمعدة
Entity: دواء اخر
Surface form: دواء اخر
Field: answer
Relation context: "
mention::men_llm_0001078,evidence,men_llm_0001078,ent_diseasecondition_385230d505f3,ahd5k_00714,تهاب,"Evidence: التشخيص التفريقي للموضوع واسع
Entity: تهاب
Surface form: تهاب
Field: answer
Relation context: "
mention::men_llm_0001079,evidence,men_llm_0001079,ent_diseasecondition_2f75d3dabe0b,ahd5k_00695,حساسية,"Evidence: أبر الحديد
Entity: حساسية
Surface form: حساسية
Field: question
Relation context: "
mention::men_llm_0001080,evidence,men_llm_0001080,ent_test_ce6fcb80c1fe,ahd5k_00714,فحص سريري,"Evidence: التشخيص التفريقي للموضوع واسع
Entity: فحص سريري
Surface form: فحص سريري
Field: answer
Relation context: "
mention::men_llm_0001081,evidence,men_llm_0001081,ent_diseasecondition_16cf4e77b755,ahd5k_03544,التهاب,"Evidence: التحاليل اليومية
Entity: التهاب
Surface form: التهاب
Field: answer
Relation context: "
mention::men_llm_0001082,evidence,men_llm_0001082,ent_symptom_f4cf885a0447,ahd5k_03544,سعال,"Evidence: التحاليل اليومية
Entity: سعال
Surface form: سعال
Field: answer
Relation context: "
mention::men_llm_0001083,evidence,men_llm_0001083,ent_test_dd68aa784555,ahd5k_03544,تحاليل مخبرية,"Evidence: التحاليل اليومية
Entity: تحاليل مخبرية
Surface form: تحاليل مخبرية
Field: answer
Relation context: "
mention::men_llm_0001084,evidence,men_llm_0001084,ent_diseasecondition_78b578d6c9c9,ahd5k_00235,توقف القلب,"Evidence: توقف القلب
Entity: توقف القلب
Surface form: توقف القلب
Field: question
Relation context: توقف القلب TREATED_BY تدليك القلب. Evidence: تدليك القلب | توقف القلب TREATED_BY الصدمة الكهربائية. Evidence: الصدمة الكهربائية"
mention::men_llm_0001085,evidence,men_llm_0001085,ent_diseasecondition_78b578d6c9c9,ahd5k_00235,توقف القلب,"Evidence: توقف القلب
Entity: توقف القلب
Surface form: توقف القلب
Field: answer
Relation context: توقف القلب TREATED_BY تدليك القلب. Evidence: تدليك القلب | توقف القلب TREATED_BY الصدمة الكهربائية. Evidence: الصدمة الكهربائية"
mention::men_llm_0001086,evidence,men_llm_0001086,ent_treatment_57dc56a67c59,ahd5k_00235,تدليك القلب,"Evidence: تدليك القلب
Entity: تدليك القلب
Surface form: تدليك القلب
Field: answer
Relation context: توقف القلب TREATED_BY تدليك القلب. Evidence: تدليك القلب | توقف القلب TREATED_BY الصدمة الكهربائية. Evidence: الصدمة الكهربائية"
mention::men_llm_0001087,evidence,men_llm_0001087,ent_treatment_fb3321acf9db,ahd5k_00235,الصدمة الكهربائية,"Evidence: الصدمة الكهربائية
Entity: الصدمة الكهربائية
Surface form: الصدمة الكهربائية
Field: answer
Relation context: توقف القلب TREATED_BY تدليك القلب. Evidence: تدليك القلب | توقف القلب TREATED_BY الصدمة الكهربائية. Evidence: الصدمة الكهربائية"
mention::men_llm_0001088,evidence,men_llm_0001088,ent_treatment_cd8907496d4c,ahd5k_03232,الانعاش القلبي الرئوي,"Evidence: الانعاش القلبي الرئوي
Entity: الانعاش القلبي الرئوي
Surface form: الانعاش القلبي الرئوي
Field: answer
Relation context: "
mention::men_llm_0001089,evidence,men_llm_0001089,ent_treatment_5ceca1d872a8,ahd5k_04623,حبه امادول,"Evidence: حبه امادول
Entity: حبه امادول
Surface form: حبه امادول
Field: question
Relation context: "
mention::men_llm_0001090,evidence,men_llm_0001090,ent_treatment_546f9d2d4ff7,ahd5k_04623,الماء المالح,"Evidence: الماء المالح
Entity: الماء المالح
Surface form: الماء المالح
Field: answer
Relation context: "
mention::men_llm_0001091,evidence,men_llm_0001091,ent_diseasecondition_2f75d3dabe0b,ahd5k_03762,حساسية,"Evidence: اعراض الحساسية
Entity: حساسية
Surface form: حساسية
Field: answer
Relation context: "
mention::men_llm_0001092,evidence,men_llm_0001092,ent_treatment_43526f78a371,ahd5k_04431,مضاد حيوي,"Evidence: مرهم مضاد حيوي
Entity: مضاد حيوي
Surface form: مضاد حيوي
Field: answer
Relation context: "
mention::men_llm_0001093,evidence,men_llm_0001093,ent_diseasecondition_db17a406c72e,ahd5k_00065,ارتفاع ضغط الدم,"Evidence: الأولفين هو نفس الدواء فولتارين , فالاثنان يحتووا على نفس المادة الفعالة ديكلوفيناك , ولكن الاسم التجاري مختلف , ولهم نفس الأعراض الجانبية .
Entity: ارتفاع ضغط الدم
Surface form: ارتفاع ضغط الدم
Field: answer
Relation context: "
mention::men_llm_0001094,evidence,men_llm_0001094,ent_diseasecondition_db17a406c72e,ahd5k_03242,ارتفاع ضغط الدم,"Evidence: قد يعطى لك المهدئات لتقلصات العضلات والعقاقير من خلال الوريد (عن طريق الوريد) لعلاج ارتفاع ضغط الدم والإثارة والألم.
Entity: ارتفاع ضغط الدم
Surface form: ارتفاع ضغط الدم
Field: answer
Relation context: ارتفاع ضغط الدم TREATED_BY العقاقير. Evidence: قد يعطى لك المهدئات لتقلصات العضلات والعقاقير من خلال الوريد (عن طريق الوريد) لعلاج ارتفاع ضغط الدم والإثارة والألم."
mention::men_llm_0001095,evidence,men_llm_0001095,ent_symptom_b754f1a1e5a8,ahd5k_00065,صداع,"Evidence: هل عقار اولفين المسكن له اثار جانبية مثل الفولتارين حيث اني مصاب بالصداع الشقيقه واحتاج مسكن قوي وشكرا
Entity: صداع
Surface form: صداع
Field: question
Relation context: "
mention::men_llm_0001096,evidence,men_llm_0001096,ent_treatment_a0a8ee46502f,ahd5k_03242,العقاقير,"Evidence: قد يعطى لك المهدئات لتقلصات العضلات والعقاقير من خلال الوريد (عن طريق الوريد) لعلاج ارتفاع ضغط الدم والإثارة والألم.
Entity: العقاقير
Surface form: العقاقير
Field: answer
Relation context: ارتفاع ضغط الدم TREATED_BY العقاقير. Evidence: قد يعطى لك المهدئات لتقلصات العضلات والعقاقير من خلال الوريد (عن طريق الوريد) لعلاج ارتفاع ضغط الدم والإثارة والألم."
mention::men_llm_0001097,evidence,men_llm_0001097,ent_test_433492431144,ahd5k_00065,تحليل الحساسية,"Evidence: الأولفين هو نفس الدواء فولتارين , فالاثنان يحتووا على نفس المادة الفعالة ديكلوفيناك , ولكن الاسم التجاري مختلف , ولهم نفس الأعراض الجانبية .
Entity: تحليل الحساسية
Surface form: تحليل الحساسية
Field: answer
Relation context: "
mention::men_llm_0001098,evidence,men_llm_0001098,ent_symptom_1113453f7a36,ahd5k_00992,فقدان الوعي,"Evidence: فقدان الوعي لمريض السكري
Entity: فقدان الوعي
Surface form: فقدان الوعي
Field: answer
Relation context: فقدان الوعي TREATED_BY عسل. Evidence: يجب عليك اعطاء المصاب عسل تحت لسانه"
mention::men_llm_0001099,evidence,men_llm_0001099,ent_treatment_b9702eae5c6a,ahd5k_00992,عسل,"Evidence: يجب عليك اعطاء المصاب عسل تحت لسانه
Entity: عسل
Surface form: عسل
Field: answer
Relation context: فقدان الوعي TREATED_BY عسل. Evidence: يجب عليك اعطاء المصاب عسل تحت لسانه"
mention::men_llm_0001100,evidence,men_llm_0001100,ent_diseasecondition_c089d34028d0,ahd5k_01255,حمى عضة الجرذ,"Evidence: حمى عضة الجرذ ، وحمى عضة الفأر
Entity: حمى عضة الجرذ
Surface form: حمى عضة الجرذ
Field: answer
Relation context: حمى عضة الجرذ HAS_SYMPTOM حمى. Evidence: حمى عضة الجرذ ، وحمى عضة الفأر | حمى عضة الجرذ HAS_SYMPTOM ارتجاف. Evidence: ارتجاف | حمى عضة الجرذ HAS_SYMPTOM أوجاع العضلات. Evidence: أوجاع العضلات | حمى عضة الجرذ HAS_SYMPTOM أوجاع المفاصل. Evidence: أوجاع المفاصل | حمى عضة الجرذ TREATED_BY بنسيلين. Evidence: البنسيلين | حمى عضة الجرذ TREATED_BY سيبروفلوكساسين. Evidence: السيبروفلوكساسين"
mention::men_llm_0001101,evidence,men_llm_0001101,ent_symptom_018ebc11f6df,ahd5k_01255,حمى,"Evidence: حمى عضة الجرذ ، وحمى عضة الفأر
Entity: حمى
Surface form: حمى
Field: answer
Relation context: حمى عضة الجرذ HAS_SYMPTOM حمى. Evidence: حمى عضة الجرذ ، وحمى عضة الفأر | حمى عضة الجرذ HAS_SYMPTOM ارتجاف. Evidence: ارتجاف | حمى عضة الجرذ HAS_SYMPTOM أوجاع العضلات. Evidence: أوجاع العضلات | حمى عضة الجرذ HAS_SYMPTOM أوجاع المفاصل. Evidence: أوجاع المفاصل | حمى عضة الجرذ TREATED_BY بنسيلين. Evidence: البنسيلين | حمى عضة الجرذ TREATED_BY سيبروفلوكساسين. Evidence: السيبروفلوكساسين"
mention::men_llm_0001102,evidence,men_llm_0001102,ent_diseasecondition_6ac8dc82e106,ahd5k_01255,حمى عضة الفأر,"Evidence: حمى عضة الجرذ ، وحمى عضة الفأر
Entity: حمى عضة الفأر
Surface form: حمى عضة الفأر
Field: answer
Relation context: حمى عضة الجرذ HAS_SYMPTOM حمى. Evidence: حمى عضة الجرذ ، وحمى عضة الفأر | حمى عضة الجرذ HAS_SYMPTOM ارتجاف. Evidence: ارتجاف | حمى عضة الجرذ HAS_SYMPTOM أوجاع العضلات. Evidence: أوجاع العضلات | حمى عضة الجرذ HAS_SYMPTOM أوجاع المفاصل. Evidence: أوجاع المفاصل | حمى عضة الجرذ TREATED_BY بنسيلين. Evidence: البنسيلين | حمى عضة الجرذ TREATED_BY سيبروفلوكساسين. Evidence: السيبروفلوكساسين"
mention::men_llm_0001103,evidence,men_llm_0001103,ent_diseasecondition_21009b0da809,ahd5k_01255,حمى عضة الجرذون,"Evidence: حمى عضة الجرذ ، وحمى عضة الفأر
Entity: حمى عضة الجرذون
Surface form: حمى عضة الجرذون
Field: answer
Relation context: حمى عضة الجرذ HAS_SYMPTOM حمى. Evidence: حمى عضة الجرذ ، وحمى عضة الفأر | حمى عضة الجرذ HAS_SYMPTOM ارتجاف. Evidence: ارتجاف | حمى عضة الجرذ HAS_SYMPTOM أوجاع العضلات. Evidence: أوجاع العضلات | حمى عضة الجرذ HAS_SYMPTOM أوجاع المفاصل. Evidence: أوجاع المفاصل | حمى عضة الجرذ TREATED_BY بنسيلين. Evidence: البنسيلين | حمى عضة الجرذ TREATED_BY سيبروفلوكساسين. Evidence: السيبروفلوكساسين"
mention::men_llm_0001104,evidence,men_llm_0001104,ent_symptom_a3c00de774da,ahd5k_01255,ارتجاف,"Evidence: ارتجاف
Entity: ارتجاف
Surface form: ارتجاف
Field: answer
Relation context: حمى عضة الجرذ HAS_SYMPTOM حمى. Evidence: حمى عضة الجرذ ، وحمى عضة الفأر | حمى عضة الجرذ HAS_SYMPTOM ارتجاف. Evidence: ارتجاف | حمى عضة الجرذ HAS_SYMPTOM أوجاع العضلات. Evidence: أوجاع العضلات | حمى عضة الجرذ HAS_SYMPTOM أوجاع المفاصل. Evidence: أوجاع المفاصل | حمى عضة الجرذ TREATED_BY بنسيلين. Evidence: البنسيلين | حمى عضة الجرذ TREATED_BY سيبروفلوكساسين. Evidence: السيبروفلوكساسين"
mention::men_llm_0001105,evidence,men_llm_0001105,ent_symptom_320d3e905b16,ahd5k_01255,أوجاع العضلات,"Evidence: أوجاع العضلات
Entity: أوجاع العضلات
Surface form: أوجاع العضلات
Field: answer
Relation context: حمى عضة الجرذ HAS_SYMPTOM حمى. Evidence: حمى عضة الجرذ ، وحمى عضة الفأر | حمى عضة الجرذ HAS_SYMPTOM ارتجاف. Evidence: ارتجاف | حمى عضة الجرذ HAS_SYMPTOM أوجاع العضلات. Evidence: أوجاع العضلات | حمى عضة الجرذ HAS_SYMPTOM أوجاع المفاصل. Evidence: أوجاع المفاصل | حمى عضة الجرذ TREATED_BY بنسيلين. Evidence: البنسيلين | حمى عضة الجرذ TREATED_BY سيبروفلوكساسين. Evidence: السيبروفلوكساسين"
mention::men_llm_0001106,evidence,men_llm_0001106,ent_symptom_976231d5f27b,ahd5k_01255,أوجاع المفاصل,"Evidence: أوجاع المفاصل
Entity: أوجاع المفاصل
Surface form: أوجاع المفاصل
Field: answer
Relation context: حمى عضة الجرذ HAS_SYMPTOM حمى. Evidence: حمى عضة الجرذ ، وحمى عضة الفأر | حمى عضة الجرذ HAS_SYMPTOM ارتجاف. Evidence: ارتجاف | حمى عضة الجرذ HAS_SYMPTOM أوجاع العضلات. Evidence: أوجاع العضلات | حمى عضة الجرذ HAS_SYMPTOM أوجاع المفاصل. Evidence: أوجاع المفاصل | حمى عضة الجرذ TREATED_BY بنسيلين. Evidence: البنسيلين | حمى عضة الجرذ TREATED_BY سيبروفلوكساسين. Evidence: السيبروفلوكساسين"
mention::men_llm_0001107,evidence,men_llm_0001107,ent_treatment_46930d71ed57,ahd5k_01255,بنسيلين,"Evidence: البنسيلين
Entity: بنسيلين
Surface form: البنسيلين
Field: answer
Relation context: حمى عضة الجرذ HAS_SYMPTOM حمى. Evidence: حمى عضة الجرذ ، وحمى عضة الفأر | حمى عضة الجرذ HAS_SYMPTOM ارتجاف. Evidence: ارتجاف | حمى عضة الجرذ HAS_SYMPTOM أوجاع العضلات. Evidence: أوجاع العضلات | حمى عضة الجرذ HAS_SYMPTOM أوجاع المفاصل. Evidence: أوجاع المفاصل | حمى عضة الجرذ TREATED_BY بنسيلين. Evidence: البنسيلين | حمى عضة الجرذ TREATED_BY سيبروفلوكساسين. Evidence: السيبروفلوكساسين"
mention::men_llm_0001108,evidence,men_llm_0001108,ent_treatment_790302b0b1e6,ahd5k_01255,سيبروفلوكساسين,"Evidence: السيبروفلوكساسين
Entity: سيبروفلوكساسين
Surface form: السيبروفلوكساسين
Field: answer
Relation context: حمى عضة الجرذ HAS_SYMPTOM حمى. Evidence: حمى عضة الجرذ ، وحمى عضة الفأر | حمى عضة الجرذ HAS_SYMPTOM ارتجاف. Evidence: ارتجاف | حمى عضة الجرذ HAS_SYMPTOM أوجاع العضلات. Evidence: أوجاع العضلات | حمى عضة الجرذ HAS_SYMPTOM أوجاع المفاصل. Evidence: أوجاع المفاصل | حمى عضة الجرذ TREATED_BY بنسيلين. Evidence: البنسيلين | حمى عضة الجرذ TREATED_BY سيبروفلوكساسين. Evidence: السيبروفلوكساسين"
mention::men_llm_0001109,evidence,men_llm_0001109,ent_treatment_6d11b359c485,ahd5k_01255,المضادات الحيوية,"Evidence: المضادات الحيوية
Entity: المضادات الحيوية
Surface form: المضادات الحيوية
Field: answer
Relation context: حمى عضة الجرذ HAS_SYMPTOM حمى. Evidence: حمى عضة الجرذ ، وحمى عضة الفأر | حمى عضة الجرذ HAS_SYMPTOM ارتجاف. Evidence: ارتجاف | حمى عضة الجرذ HAS_SYMPTOM أوجاع العضلات. Evidence: أوجاع العضلات | حمى عضة الجرذ HAS_SYMPTOM أوجاع المفاصل. Evidence: أوجاع المفاصل | حمى عضة الجرذ TREATED_BY بنسيلين. Evidence: البنسيلين | حمى عضة الجرذ TREATED_BY سيبروفلوكساسين. Evidence: السيبروفلوكساسين"
mention::men_llm_0001110,evidence,men_llm_0001110,ent_treatment_19641abdb8c6,ahd5k_02528,المطاعيم,"Evidence: المطاعيم
Entity: المطاعيم
Surface form: المطاعيم
Field: answer
Relation context: "
mention::men_llm_0001111,evidence,men_llm_0001111,ent_treatment_621e99ad2c91,ahd5k_02528,الاقاحات المضادة,"Evidence: الاقاحات المضادة
Entity: الاقاحات المضادة
Surface form: الاقاحات المضادة
Field: answer
Relation context: "
mention::men_llm_0001112,evidence,men_llm_0001112,ent_symptom_018ebc11f6df,ahd5k_04919,حمى,"Evidence: العلاج الأولي: ينقل المصاب إلى منطقة مظللة بعيداً عن الشمس.
Entity: حمى
Surface form: ضربة الشمس
Field: answer
Relation context: حمى TREATED_BY الماء. Evidence: يرش الجسم بالماء الفاتر أو ذو حرارة باردة نسبياً 'أبرد من جسد المصاب'. | حمى TREATED_BY ثلج. Evidence: توضع مكعبات ثلجية حول منطقة الرقبة ومنطقة ما تحت الإبط. | حمى TREATED_BY السوائل. Evidence: إعطاء المصاب السوائل اللازمة ويفضل أن تكون باردة."
mention::men_llm_0001113,evidence,men_llm_0001113,ent_treatment_328b48423699,ahd5k_04919,الماء,"Evidence: يرش الجسم بالماء الفاتر أو ذو حرارة باردة نسبياً 'أبرد من جسد المصاب'.
Entity: الماء
Surface form: الماء
Field: answer
Relation context: حمى TREATED_BY الماء. Evidence: يرش الجسم بالماء الفاتر أو ذو حرارة باردة نسبياً 'أبرد من جسد المصاب'. | حمى TREATED_BY ثلج. Evidence: توضع مكعبات ثلجية حول منطقة الرقبة ومنطقة ما تحت الإبط. | حمى TREATED_BY السوائل. Evidence: إعطاء المصاب السوائل اللازمة ويفضل أن تكون باردة."
mention::men_llm_0001114,evidence,men_llm_0001114,ent_treatment_e77b8748ec09,ahd5k_04919,ثلج,"Evidence: توضع مكعبات ثلجية حول منطقة الرقبة ومنطقة ما تحت الإبط,
Entity: ثلج
Surface form: ثلج
Field: answer
Relation context: حمى TREATED_BY الماء. Evidence: يرش الجسم بالماء الفاتر أو ذو حرارة باردة نسبياً 'أبرد من جسد المصاب'. | حمى TREATED_BY ثلج. Evidence: توضع مكعبات ثلجية حول منطقة الرقبة ومنطقة ما تحت الإبط. | حمى TREATED_BY السوائل. Evidence: إعطاء المصاب السوائل اللازمة ويفضل أن تكون باردة."
mention::men_llm_0001115,evidence,men_llm_0001115,ent_treatment_b7e7fb09dd09,ahd5k_04919,السوائل,"Evidence: إعطاء المصاب السوائل اللازمة ويفضل أن تكون باردة.
Entity: السوائل
Surface form: السوائل
Field: answer
Relation context: حمى TREATED_BY الماء. Evidence: يرش الجسم بالماء الفاتر أو ذو حرارة باردة نسبياً 'أبرد من جسد المصاب'. | حمى TREATED_BY ثلج. Evidence: توضع مكعبات ثلجية حول منطقة الرقبة ومنطقة ما تحت الإبط. | حمى TREATED_BY السوائل. Evidence: إعطاء المصاب السوائل اللازمة ويفضل أن تكون باردة."
mention::men_llm_0001116,evidence,men_llm_0001116,ent_test_c4cfd2d6468c,ahd5k_01290,أشعة,"Evidence: عمل تصوير بالأشعة لتحديد مكان الشظايا ونوعها
Entity: أشعة
Surface form: تصوير بالأشعة
Field: answer
Relation context: شظايا القنابل الصغيرة الانشطارية DIAGNOSED_BY أشعة. Evidence: عمل تصوير بالأشعة لتحديد مكان الشظايا ونوعها"
mention::men_llm_0001117,evidence,men_llm_0001117,ent_test_c4cfd2d6468c,ahd5k_01295,أشعة,"Evidence: أشعة لمعرفة ممان الدبوس والتأكد من وجوده
Entity: أشعة
Surface form: أشعة
Field: answer
Relation context: دبوس DIAGNOSED_BY أشعة. Evidence: أشعة لمعرفة مكان الدبوس والتأكد من وجوده"
mention::men_llm_0001118,evidence,men_llm_0001118,ent_test_c4cfd2d6468c,ahd5k_02003,أشعة,"Evidence: عمل صورة أشعة للرأس
Entity: أشعة
Surface form: صورة أشعة
Field: answer
Relation context: ارتجاج دماغي DIAGNOSED_BY أشعة. Evidence: عمل صورة أشعة للرأس"
mention::men_llm_0001119,evidence,men_llm_0001119,ent_diseasecondition_4c4500ee0d57,ahd5k_02003,ارتجاج دماغي,"Evidence: التأكد من عدم إصابتها بارتجاج دماغي
Entity: ارتجاج دماغي
Surface form: ارتجاج دماغي
Field: answer
Relation context: ارتجاج دماغي DIAGNOSED_BY أشعة. Evidence: عمل صورة أشعة للرأس"
mention::men_llm_0001120,evidence,men_llm_0001120,ent_diseasecondition_e7ca942c5236,ahd5k_02003,نزيف بسيط,"Evidence: التعامل مع الورم خلف الأذن الذي قد يكون نزيفاً بسيطاً
Entity: نزيف بسيط
Surface form: نزيف بسيط
Field: answer
Relation context: ارتجاج دماغي DIAGNOSED_BY أشعة. Evidence: عمل صورة أشعة للرأس"
mention::men_llm_0001121,evidence,men_llm_0001121,ent_diseasecondition_1730144a5e89,ahd5k_01290,شظايا القنابل الصغيرة الانشطارية,"Evidence: كيف تتم ازالة شظايا القنابل الصغيرة الانشطارية في المنزل
Entity: شظايا القنابل الصغيرة الانشطارية
Surface form: شظايا القنابل الصغيرة الانشطارية
Field: question
Relation context: شظايا القنابل الصغيرة الانشطارية DIAGNOSED_BY أشعة. Evidence: عمل تصوير بالأشعة لتحديد مكان الشظايا ونوعها"
mention::men_llm_0001122,evidence,men_llm_0001122,ent_diseasecondition_16a389cfd1bd,ahd5k_01295,دبوس,"Evidence: انا ابتلعت دبوس امس
Entity: دبوس
Surface form: دبوس
Field: question
Relation context: دبوس DIAGNOSED_BY أشعة. Evidence: أشعة لمعرفة مكان الدبوس والتأكد من وجوده"
qa::ahd5k_00008,qa,ahd5k_00008,,ahd5k_00008,انا مصاب بمرض بهجت واعاني من الامه بالجسم ،ولم يصيب العين حتى الان فماهي افضل طرق الوقايه حتى لا يصل الى العين؟,"Category: علم الأجنة (Embryology)
Question: انا مصاب بمرض بهجت واعاني من الامه بالجسم ،ولم يصيب العين حتى الان فماهي افضل طرق الوقايه حتى لا يصل الى العين؟
Answer: داءُ بَهْجَت يحتاج إلى تواصل بين المريض والطبيب ليس فقط من أجل العلاج، ولكن من أجل الحد من مضاعفاته سواء على مستوى العين أو أي مكان آخر حيث بالمتابعة الدقيقة لكل نشاط للمرض في الأوعية الدقيقة يتطلب استخدام علاج محدد وخاص وفوري لكبح جهاز المناعة، عدا عن الدواء الخاص بالإصابة ذاتها وهو يختلف من مريض لآخر، ومن الإجراآت العامة التي يمكن اتباعها هو الإكثار من تناوال السوئل خاصة الماء ومعالجة أي التهاب دون تلكئ.
Relation context: "
qa::ahd5k_00010,qa,ahd5k_00010,,ahd5k_00010,يوجد أعراض ترعبني. عند الصعود بالدرج او مرتفع ينقطع نفسي ويجب ان استريح علماً باني ب٢٦ من العمر ومن قبل كانت هناك آلام ف,"Category: جراحة القلب والشرايين (Cardiovascular surgery)
Question: يوجد أعراض ترعبني. عند الصعود بالدرج او مرتفع ينقطع نفسي ويجب ان استريح علماً باني ب٢٦ من العمر ومن قبل كانت هناك آلام في الصدر غريبه كنت اتجاهلها علما بان...
Answer: لم تذكر خصائص ضيق النفس، لكن الفحص الطبي السريري ضروري كونه يسمح بالتأكد من خصائص الأعراض المذكورة والعلامات التي قد يجدها الطبيب عند الفحص، لأن الأسباب كثيرة تنفسية وقلبية ودموية ووعائية وغير ذلك
Relation context: حساسية HAS_SYMPTOM ضيق تنفس. Evidence: حساسية تسبب ضيق تنفس"
qa::ahd5k_00012,qa,ahd5k_00012,,ahd5k_00012,السلام عليكم اناعمري 22 سنة واعاني من القولون العصبي ولدي توسع بالكليتين بسبب وجود الحصى كيف يمكنني التخلص من الحصى ومشا,"Category: أمراض باطنية (Esoteric)
Question: السلام عليكم اناعمري 22 سنة واعاني من القولون العصبي ولدي توسع بالكليتين بسبب وجود الحصى كيف يمكنني التخلص من الحصى ومشاكل القولون
Answer: التخلص من الحصى يكون اولا بدراستها لمعرفة مكانها وخجمها وطبيعتها وبعد ذلك ممكن للطبيب ان يقرركيفية التخلص منها اما القولون العصبي فبأمكانك البحث في موقعنا الطبي عن ذلك وستجد كتابات عديدة وقيمة
Relation context: "
qa::ahd5k_00020,qa,ahd5k_00020,,ahd5k_00020,بنتي سنتين ونصف عندها حساسية من حليب البقر وتأخذ حليب خاص قليل التحسس HA لكن دائم مسبب لها غازات وانتفاخ بالبطن أريد أن ,"Category: أرجية حساسية (Allergic allergy)
Question: بنتي سنتين ونصف عندها حساسية من حليب البقر وتأخذ حليب خاص قليل التحسس HA لكن دائم مسبب لها غازات وانتفاخ بالبطن أريد أن اوقفه ما الاكل الي فيه نسب من...
Answer: اعطيها حليب مكسر بروتين الحليب بالكامل او حليب رز
Relation context: حساسية TREATED_BY حليب مكسر بروتين الحليب. Evidence: اعطيها حليب مكسر بروتين الحليب بالكامل او حليب رز"
qa::ahd5k_00032,qa,ahd5k_00032,,ahd5k_00032,عندي الم في الجهه الايسرى اعزكم الله تحت الابط وعندي الم في ضلوع الصدر من الجهه اليسرى مع الحجاب الحاجز وشكراً لكم,"Category: أمراض باطنية (Esoteric)
Question: عندي الم في الجهه الايسرى اعزكم الله تحت الابط وعندي الم في ضلوع الصدر من الجهه اليسرى مع الحجاب الحاجز وشكراً لكم
Answer: الأسباب عديدة تتراوح بين التهاب العضلات والتهاب الاضلاع واعتلال الغدد الليمفاوية وربما يكون ناجما عن قصور الشرايين. لا بد من استشارة أخصائي أمراض باطنية لفحصك سريريا وإجراء ما يلزم من فحوصات طبية.
Relation context: "
qa::ahd5k_00035,qa,ahd5k_00035,,ahd5k_00035,انا أعني مرض الغدة الدرقية يعني يخفض هل استطيع ان اخذ التروكسين وكم جرام اخذ؟,"Category: أمراض الغدد الصماء (Endocrine)
Question: انا أعني مرض الغدة الدرقية يعني يخفض هل استطيع ان اخذ التروكسين وكم جرام اخذ؟
Answer: علاج الغدة وجرعة العلاج تعتمد على مستوى الهرمون في الدم
Relation context: مرض الغدة الدرقية TREATED_BY التروكسين. Evidence: اخذ التروكسين | مرض الغدة الدرقية DIAGNOSED_BY الهرمون. Evidence: مستوى الهرمون في الدم"
qa::ahd5k_00048,qa,ahd5k_00048,,ahd5k_00048,زوجتي حامل لها شهرين وظهرت عندها الغدة هل تؤثر الغدة علي الحمل والجنين ً كثير لكم,"Category: أمراض الغدد الصماء (Endocrine)
Question: زوجتي حامل لها شهرين وظهرت عندها الغدة هل تؤثر الغدة علي الحمل والجنين ً كثير لكم
Answer: ان هرمون الثيروكسين (هرمون الغده الدرقيه) مهم لنمو الجنين العقلي والجسدي، لذلك فان نقص افراز هذا الهرمون الذي يكون نتيجه خمول بالغده الدرقيه قد يؤدي اذا لم تتم معالجته لمده طويله خلال الحمل وخاصه في الثلث الثاني والثالث من الحمل الى تشوهات خلقية وحالات التقزم
Relation context: "
qa::ahd5k_00065,qa,ahd5k_00065,,ahd5k_00065,هل عقار اولفين المسكن له اثار جانبية مثل الفولتارين حيث اني مصاب بالصداع الشقيقه واحتاج مسكن قوي وشكرا,"Category: إسعاف أولي (First aid)
Question: هل عقار اولفين المسكن له اثار جانبية مثل الفولتارين حيث اني مصاب بالصداع الشقيقه واحتاج مسكن قوي وشكرا
Answer: الأولفين هو نفس الدواء فولتارين , فالاثنان يحتووا على نفس المادة الفعالة ديكلوفيناك , ولكن الاسم التجاري مختلف , ولهم نفس الأعراض الجانبية . فإذا كنت لا تعاني من ارتفاع في ضغط الدم. ولا من أي مشاكل , فإنك تستطيع أخذ الدواء , وخذه على معدة ممتلئة ( بعد الأكل ) لتقلل من تهيج الجهاز الهضمي. و في حال كانت الشقيقة شديدة فهناك أدوية تقلل من توسع الأوعية في الدماغ لان توسع الأوعية يسبب ألم الشقيقة , لذا يمكنك استشارة الطبيب في ذلك.
Relation context: "
qa::ahd5k_00069,qa,ahd5k_00069,,ahd5k_00069,انا قبل يجي طقطقة في الفك الايسر بدون اللم وبعد ما سويت التمرين راح طقطقة الفك وجاني اللم هل هذا امر عادي بسبب التمرين و,"Category: أمراض الأسنان (Dental)
Question: انا قبل يجي طقطقة في الفك الايسر بدون اللم وبعد ما سويت التمرين راح طقطقة الفك وجاني اللم هل هذا امر عادي بسبب التمرين ولا لل
Answer: طبيعي بسبب التمرين ومع الوقت بيختفي الألم وممكن استعمال بعض المسكنات الخفيفه
Relation context: حساسية HAS_SYMPTOM سعال. Evidence: حساسية الصدر وسعال"
qa::ahd5k_00072,qa,ahd5k_00072,,ahd5k_00072,السلام عليكم اعاني من غازات والم مغص في المعدة فوق السرة بحوالي اربع اصابع. وكثرة التبرز برائحة كريهة جدا-اكرمكم الله- ب,"Category: أمراض باطنية (Esoteric)
Question: السلام عليكم اعاني من غازات والم مغص في المعدة فوق السرة بحوالي اربع اصابع. وكثرة التبرز برائحة كريهة جدا-اكرمكم الله- بعد الاكل مع فقدان للشهية. اعتقد بانها بكتيريا بالمعدة. ما...
Answer: الاخت الكريمة لا يمكن وصف علاج للبكتيري بمجرد اعتقادك بوجودها.. انصح اولا بالفحص و اذا كانت موجودة عندئذ العلاج.. كما ان هذه الاعراض قد تكون مصاحبة لامراض اخرى مثل بعض الديدان او اشياء اخرى. انصح بالفحص للتوصل الى التشخيص السليم
Relation context: "
qa::ahd5k_00085,qa,ahd5k_00085,,ahd5k_00085,ماهو المعدل الطبيعي لضغط الدم لرجل عمرة في 79 سنة وماهو هو عدد نبضات القلب المثالي بالنسبة له .,"Category: أمراض القلب و الشرايين (Cardiovascular disease)
Question: ماهو المعدل الطبيعي لضغط الدم لرجل عمرة في 79 سنة وماهو هو عدد نبضات القلب المثالي بالنسبة له .
Answer: حسب عوامل الخطورة الاخرى كالسكري و الكلى. اذا لانوجد أمراض مصاحبة ١٤٠-٨٠ و ضربات القلب تقريبا من ٦٥-٨٥ لكن ممكن ان نقبل ضربات قلب اقل او اكثر
Relation context: "
qa::ahd5k_00088,qa,ahd5k_00088,,ahd5k_00088,هل يوجد علاج دوائى او طبيعي لعلاج انفراص بالفاصل العجزي القطني,"Category: علم التشريح (Anatomy)
Question: هل يوجد علاج دوائى او طبيعي لعلاج انفراص بالفاصل العجزي القطني
Answer: اذا كان هذا الانقراص غير مسبب لضغط على الجذور العصبية يمكن العلاج من خلال جلسات علاج فيزيائي ام اذا كان ضاغطا فالجراحة هي الحل كذل في حال تضيق قناة النخاع المصاحبة لانزلاق غضروفي
Relation context: "
qa::ahd5k_00114,qa,ahd5k_00114,,ahd5k_00114,منذ دخول فصل الشتاء انتابتني بعض الاعراض ولاسيما في الرجل اليسري اشعر بالم في المفصل ودلك عند ثني الرجل يإما بالجلوس اوا,"Category: تشخيص (Diagnosis)
Question: منذ دخول فصل الشتاء انتابتني بعض الاعراض ولاسيما في الرجل اليسري اشعر بالم في المفصل ودلك عند ثني الرجل يإما بالجلوس اوالقعود وعندما احاول الوقوف ارجع رجلي بصعوبة لمكانها الطبيعي...
Answer: ما تعانين منه هو عبارة عن الم ميكانيكي اي وقت الحركة فقط ., لا وجود له مع الراحة , ينصح لك عمل صورة اشعة عادية للحوض وبها يتضح وضع راس الفخذ من الجهتين . اذا كانت الامور سليمة عليك بالسباحة وعمل جلسات علاج طبيعي وتليين حركة مفصل الفخذ بالنوم مستلقية على ظهرك وعمل حركة الدراجة خمس دقائق يوميا
Relation context: التهاب DIAGNOSED_BY اشعة. Evidence: اجراء صورة اشعة عادية للحوض"
qa::ahd5k_00127,qa,ahd5k_00127,,ahd5k_00127,هل ادوية قاطع الشهية مضرة؟ وهل تؤدي الى العقم؟ مثلا (ماجريم),"Category: علم الأجنة (Embryology)
Question: هل ادوية قاطع الشهية مضرة؟ وهل تؤدي الى العقم؟ مثلا (ماجريم)
Answer: من المعروف أن أدوية تخسيس الوزن بعد التوقف عن تناولها يعود الوزن الى ما كان عليه سابفا ، يعني فائدتها مؤقتة ، ولها تأثيرات جانبية كالشلل واالإمساك واعتلال المفاصل كما لها تأثيرات على القلب والاعصاب والسرطان ، لذا لا ننصحك باستعمال هذه الحبوب . وأفضل طريقة لتخسيس الوزن هو المواظبة على التمارين الرياضية واتباع حمية غذائية قليلة السعرات وليس الحرمان من الغداء او العشاء ، يمكنك الإعتماد على الخضروات الخضراء بشكل أساسي في طعامك وتجنب الدهون والتقليل من الدهون والسكريات
Relation context: "
qa::ahd5k_00133,qa,ahd5k_00133,,ahd5k_00133,تصاص كلينيل نازال سبراي قلو بديل لان ما عم لاقي منو مع العلم عندي تحسس انفي موسمي بيتغير حسب المواسم,"Category: أرجية حساسية (Allergic allergy)
Question: تصاص كلينيل نازال سبراي قلو بديل لان ما عم لاقي منو مع العلم عندي تحسس انفي موسمي بيتغير حسب المواسم
Answer: بدائل يوجد نازونكس وافاميز وتابونكس وفليكسونيز
Relation context: حساسية TREATED_BY نازونكس. Evidence: بدائل يوجد نازونكس وافاميز وتابونكس وفليكسونيز"
qa::ahd5k_00140,qa,ahd5k_00140,,ahd5k_00140,هل يمكن ان تحس المرأة بوجع طفيف على مستوى الثدي أثناء الدورة الشرية؟ مع العلم ان الألم على مستوى الثدي الايسر؟,"Category: تشخيص (Diagnosis)
Question: هل يمكن ان تحس المرأة بوجع طفيف على مستوى الثدي أثناء الدورة الشرية؟ مع العلم ان الألم على مستوى الثدي الايسر؟
Answer: يمكن ان يحدث هذا قبل او اثناء الدوره الشهريه نتيجه التغييرات الهرمونيه التي تحدث في هذه الاثناء, ولكن يختفي هذا الالم بعد انتهاء الدوره. لذلك اذا استمر الالم انصحك بمراجعه طبيبك للفحص.
Relation context: "
qa::ahd5k_00142,qa,ahd5k_00142,,ahd5k_00142,السلام عليكم .. أعاني ما يقارب السنتين من تعرجات ( فطريات ) واضحة في لساني من الجهة اليمنى واليسرى بجوار منطقة الطحن مما,"Category: تشخيص (Diagnosis)
Question: السلام عليكم .. أعاني ما يقارب السنتين من تعرجات ( فطريات ) واضحة في لساني من الجهة اليمنى واليسرى بجوار منطقة الطحن مما سببت لي إحراج أثناء حديثي مع الناس...
Answer: عليك بالذهاب الى طبيب اخصائي وليس الى مستةصف لمعرفة التشخيص الحقيقي هل هو فطريات او نقص فيتامبناتك او اي شرء آخر
Relation context: "
qa::ahd5k_00149,qa,ahd5k_00149,,ahd5k_00149,سؤال هو فى اعشاب حاليا مفعول الكبروتين عالى للشعر بنفس نتيجة الكيراتين -- البروتين -- البيوثيرابي لان تكلفتهم عالية جدا ,"Category: الطب البديل (Alternative medicine)
Question: سؤال هو فى اعشاب حاليا مفعول الكبروتين عالى للشعر بنفس نتيجة الكيراتين -- البروتين -- البيوثيرابي لان تكلفتهم عالية جدا واختى شعرها سئ جدا وهايش ومجهد ارجو الرد ولك منا...
Answer: علاج هيشان الشعر هو استخدام كريم التصفيف بالزيوت الطبيعية وهي زيت الزيتون وزيت الخروع وزيت اللوز مخلوطة مع بعضها البعض ثم يدهن به الشعر من الجذور ويدلك دلكا خفيفا و لتقصف الشعر أفضل شامبو هو شامبو الاطفال أو شامبو غني بالبروتينات مثل بانتين ، واستخدمي البلسم عند كل غسلة ولكن لا تضعيه على جذور الشعر وتجنبي قدر الامكان تجفيف الشعر بالسشوار وإذا كان لا بد من ذلك فليكن هواء متوسط الحرارة .
Relation context: "
qa::ahd5k_00162,qa,ahd5k_00162,,ahd5k_00162,بسبب ظروف اجتماعية عصيبه لدى فقد تركت ابنى مع والده بعد شهر من ولادته على ان اعود بعد ثلاثة اشهر ويقول والده انه ينظر ال,"Category: صحة الطفل (Child health)
Question: بسبب ظروف اجتماعية عصيبه لدى فقد تركت ابنى مع والده بعد شهر من ولادته على ان اعود بعد ثلاثة اشهر ويقول والده انه ينظر اليه نظرات عتاب دائما. كيف يؤثر...
Answer: في هذا العمر سيعود كل شئ لطبيعته بالتدريج عند رجوعك-
Relation context: "
qa::ahd5k_00171,qa,ahd5k_00171,,ahd5k_00171,امرأة تريد طرقة للتخلص من الكوليسترول في الجسم - وعمرها 54 سنة,"Category: صحة المسنين (Elderly health)
Question: امرأة تريد طرقة للتخلص من الكوليسترول في الجسم - وعمرها 54 سنة
Answer: أولاً يتوجب معرفة نوع الكوليسترول المرتفع لديها وهل يصاحبه ارتفاع في الدهون الثلاثية أم لا وهل الكوليسترول الحميد منخفض ، جميع هذه المعلومات يمكن الحصول عليها بعد فحص الدهون لتحديد نوع الزيادة ومقدارها ، كذلك يتطلب معرفة ما اذا كان وزنها طبيعي أم لا ، وهل لديها أي مرض مزمن، أما بشكل عام فطرق تخفيضه بدون دواء تعتمد في الدرجة الأولى على الجهد والتمارين خاصة المشي وعلى الحمية وتجنب الدهن الجيواني والاألبان خاصة الجبن والطعام المقلي كذلك تجنب الأغذية التي تحتوي على أحشاء الحيونات والكبد والطحال، والاستعاضة عنها بالأسماك والخضرة والفواكه الطازجة وزيت الزيتون
Relation context: "
qa::ahd5k_00189,qa,ahd5k_00189,,ahd5k_00189,ماهي اسباب الضربات الهاجرة في القلب وكيف يمكن علاجها بدون اخذ حبوب الاندرال لاني اخذته ولم تذهب هذه الضربات علما ان عمري,"Category: أمراض القلب و الشرايين (Cardiovascular disease)
Question: ماهي اسباب الضربات الهاجرة في القلب وكيف يمكن علاجها بدون اخذ حبوب الاندرال لاني اخذته ولم تذهب هذه الضربات علما ان عمري 45 سنة افيدوني؟
Answer: أسبابها كثيرة وتختلف من شخص لآخر، فمن الممكن أن تكون أحد الأعراض الثانوية لإضطراب آخر يتعلق بالغدة الدرقية أو بفقر الدم أوغيره من الأسباب الكثيرة والمتعددة، وإذا كان لا يوجد هناك أي علة أو سبب واضح يفسر حدوثها، يبقى الإحتمال أن تكون أولية وهذه عدة أنواع أيضاً وعلاجها مرتبط بالتشخيص الدقيق لفئتها من خلال الرسم التخطيطي للقلب، وفي أغلب الحلات تكون فوق أذينية ولا تشكل خطورة ويتم السيطرة عليها بدواء يتناسب مع نوعها وسببها والإندرال يمكن أن يُساعد في السيطرة عليها في أحيان كثيرة، لكن في بعض الحالات قد يكون من المفيد استخدام أدوية أخرى وفقاً لنوعها وحدتها والأعراض المرافقة وحسب درجة الاستجابة الدوائية لدى الشخص وظروفه الصحية الأخرى، علماً أن في بعض الحالات لا تحتاج لأي علاج لا سيما إذا لم يكن يرافقها أعراض أخرى أو أنها قليلة ولا تسبب إزعاج مهم للمريض
Relation context: "
qa::ahd5k_00203,qa,ahd5k_00203,,ahd5k_00203,ابني عمره ١٠سنه يعاني من نقص الصفائح itpتم اعطائه ivigمرتين وتم اعطائه كرتزون وحاليا اضيف له علاج الروتيكسيماب اول جرعه ,"Category: أمراض الدم (Blood)
Question: ابني عمره ١٠سنه يعاني من نقص الصفائح itpتم اعطائه ivigمرتين وتم اعطائه كرتزون وحاليا اضيف له علاج الروتيكسيماب اول جرعه ونستمر عليها لمده شهر كل اسبوع مره هل الروتكسيماب يفيده
Answer: نعم مفيد لة ويجب الاستمرار فى العلاج و متابعة الطبيب المعالج
Relation context: النقص الشديد للصفائح TREATED_BY الروتيكسيماب. Evidence: الروتيكسيماب يفيده في علاج النقص الشديد للصفائح"
qa::ahd5k_00209,qa,ahd5k_00209,,ahd5k_00209,السلام عليكم انا اعاني من وجود خطوط سوداء خفيفة على جوانب اضراسي وصولا الى انيابي و يزداد دالك فلا اضن انه تسوس ارجوك ار,"Category: أمراض الأسنان (Dental)
Question: السلام عليكم انا اعاني من وجود خطوط سوداء خفيفة على جوانب اضراسي وصولا الى انيابي و يزداد دالك فلا اضن انه تسوس ارجوك اريد الحل سريعا
Answer: التصبغات السوداء متنوعة المصدر منها ما هو خارجي. و منها ما هو داخلي ... الاحتمالات هنا عديدة منها التدخين ... الطعام و الشراب ... ادوية الحديد ... مضمضة الكلورهيكسيدين ... الترسبات الجيرية ... الخ .... التسوس يكونه اسود اللون لكن يكون هناك نخر او تاكل في سطح السن
Relation context: "
qa::ahd5k_00222,qa,ahd5k_00222,,ahd5k_00222,اختي عمرها 17 ومنذ سنتين تقريبا اصبحت تصاب بالام حادة في الراس وعندما تصاب بها تشعر بنض سريع وقوي جدا في الشرايين الموجو,"Category: تشخيص (Diagnosis)
Question: اختي عمرها 17 ومنذ سنتين تقريبا اصبحت تصاب بالام حادة في الراس وعندما تصاب بها تشعر بنض سريع وقوي جدا في الشرايين الموجودة في منقطة جوانب الجبهة ما ثشخيصكم لما...
Answer: على الاغلب هذا شقيقة يجب اجراء فحص طبي لنفي اي سبب اخر للصداع و من ثم يمكن اخذ المسكنات مثل الباندول فولت فاست
Relation context: صداع TREATED_BY باندول فولت فاست. Evidence: باندول فولت فاست"
qa::ahd5k_00230,qa,ahd5k_00230,,ahd5k_00230,في أي شهر من أشهر الحمل يتم تكوين عظام الجنين,"Category: علم الأجنة (Embryology)
Question: في أي شهر من أشهر الحمل يتم تكوين عظام الجنين
Answer: في نهاية الاسبوع السادس يبدأ الجنين بتكوين العمود الفقري ويكون صغير جدا لا يزيد طوله عن 2/1سم.
Relation context: "
qa::ahd5k_00235,qa,ahd5k_00235,,ahd5k_00235,كيف انقذ شخص تم وقوف قلبه,"Category: إسعاف أولي (First aid)
Question: كيف انقذ شخص تم وقوف قلبه
Answer: يستخدم تدليك القلب في اللحظات الأولى من توقف القلب، أو يمكن استعمال الصدمة الكهربائية. وإذا تأخر الوقت فيرحمه الله.راجع مقالات الرسعاف الأولي في المقالات.
Relation context: توقف القلب TREATED_BY تدليك القلب. Evidence: تدليك القلب | توقف القلب TREATED_BY الصدمة الكهربائية. Evidence: الصدمة الكهربائية"
qa::ahd5k_00237,qa,ahd5k_00237,,ahd5k_00237,السلام عليكم، ما هو الفرق بين ضغط الدم الخاص بالجسم والضغط الخاص بالعينين؟ من فضلكم تشرحولي بالتفصيل,"Category: أمراض القلب و الشرايين (Cardiovascular disease)
Question: السلام عليكم، ما هو الفرق بين ضغط الدم الخاص بالجسم والضغط الخاص بالعينين؟ من فضلكم تشرحولي بالتفصيل
Answer: لايوجد علاقة إجمالا
Relation context: "
qa::ahd5k_00255,qa,ahd5k_00255,,ahd5k_00255,كيف اعالج تضيق القنوات الموجودة داخل الكبد عند الاطفال,"Category: أمراض باطنية (Esoteric)
Question: كيف اعالج تضيق القنوات الموجودة داخل الكبد عند الاطفال
Answer: غالبا يحتاج إلى عمل منظار قنوات مرارية الف سلامة
Relation context: تضيق القنوات الموجودة داخل الكبد TREATED_BY منظار قنوات مرارية الف سلامة. Evidence: عمل منظار قنوات مرارية الف سلامة"
qa::ahd5k_00261,qa,ahd5k_00261,,ahd5k_00261,اشعر بتدلى الخصيتين بشكل غير طبيعى لدرجة انه يؤثر على طول القضيب اثناء الارتخاء ويوجد بكيس الصفن عروق كثيره ولكنها لا تؤ,"Category: علم التشريح (Anatomy)
Question: اشعر بتدلى الخصيتين بشكل غير طبيعى لدرجة انه يؤثر على طول القضيب اثناء الارتخاء ويوجد بكيس الصفن عروق كثيره ولكنها لا تؤلمنى ما سبب هذه الحالة ارجو الاجابة
Answer: هي في الغالب دوالي الخصية. فاذهب إلى اختصاصي بالجراحة أو المسالك البولية واستشره. وراجع دوالي الخصية.
Relation context: دوالي الخصية TREATED_BY العلاج بالجراحة. Evidence: العلاج بالجراحة"
qa::ahd5k_00291,qa,ahd5k_00291,,ahd5k_00291,مالمقصود باللمف,"Category: علم التشريح (Anatomy)
Question: مالمقصود باللمف
Answer: اللمف سائل شفاف، يميل لونه إلى الصفرة يشبه في تركيبه تركيب الدم إلا أنّه لا يحتوي على كرات دم حمراء بل كرات دم بيضاء. يتكون من بقايا السائل النسيجي وجزيئات البروتين والكريات البيضاء وبعض مكونات الجهاز المناعي الأخرى يساهم في نقل الدسم من المعي الدقيق إلى القلب.
Relation context: "
qa::ahd5k_00313,qa,ahd5k_00313,,ahd5k_00313,هل يوجد علاقة بين انخفاض الصفيحات الدموية 122/ وارتفاع خضاب الدم / 16.8,"Category: أمراض الدم (Blood)
Question: هل يوجد علاقة بين انخفاض الصفيحات الدموية 122/ وارتفاع خضاب الدم / 16.8
Answer: يجب التأكد من blood smear فلم صورة الدم للتأكد من نقص الصفيحات بهذه الافتراض يجب اجراء فحص نخاع العظم
Relation context: نقص الصفيحات DIAGNOSED_BY فحص نخاع العظم. Evidence: فحص نخاع العظم مرتبط بتشخيص نقص الصفيحات"
qa::ahd5k_00315,qa,ahd5k_00315,,ahd5k_00315,السلام عليكم انا فتحت التقويم والدكتور سوا لي تنظيف وقال لي لا تشربي القهوه او الشاي الا بعد مرور ٦ اشهر !! هل يمكنني اش,"Category: أمراض الأسنان (Dental)
Question: السلام عليكم انا فتحت التقويم والدكتور سوا لي تنظيف وقال لي لا تشربي القهوه او الشاي الا بعد مرور ٦ اشهر !! هل يمكنني اشرب القهوه واغسلها بالفور اسناني ام...
Answer: اشربي قهوتك و شايك على راحتك مع المحافظة على تنظيف الاسنان.
Relation context: "
qa::ahd5k_00348,qa,ahd5k_00348,,ahd5k_00348,كيف ترتفع درجة حرارة الجسم عن الحد الطبيعي؟,"Category: علم التشريح (Anatomy)
Question: كيف ترتفع درجة حرارة الجسم عن الحد الطبيعي؟
Answer: يوجد في جسم الإنسان العديد من الآليات التي تعمل على تنظيم الحرارة في جسمه لتبقى ضمن الحد الطبيعي، ولكن في بعض الأحيان قد ترتفع درجة الحرارة نتيجة عوامل خارجية أو داخلية، مثل: قضاء بعض الوقت في الطقس الحار، وممارسة الرياضة، والإصابة بعدوى، أو تناول بعض أنواع الأدوية، أو الإصابة بأحد الأمراض المناعة الذاتية، أو حدوث التقلبات الهرمونية. تعتبر منطقة ما تحت المهاد من الدماغ هي الجزء المسؤول عن التنظيم الحراري، فعند الشعور بأن درجة الحرارة الداخلية أصبحت منخفضة أو مرتفعة ترسل أجهزة الاستشعار في الجهاز العصبي المركزي إشارات إلى منطقة ما تحت المهاد والتي بدورها ترسل إشارات عصبية إلى العضلات، وأعضاء الجسم المختلفة، والغدد، والجهاز العصبي تفيد بضرورة الاستجابة بطرق معينة لإعادة درجة الحرارة إلى الوضع الطبيعي. ترتفع درجة حرارة الجسم عندما ترتبط البيروجينات بمنطقة تحت المهاد، أهمها إنترلوكين 1 (IL-1)، والذي ينتج عند ملامسة خلايا الدم البيضاء البلعمية مع البكتيريا والفيروسات. وبالتالي يرفع درجة حرارة الجسم بدرجة كافية لقتل الميكروبات الحساسة لتلك التغيرات. ترتقع درجة الحرارة نتيجة الاستجابات التالية من أعضاء الجسم المختلفة: تضيق الأوعية الدموية القريبة من الجلد للاحتفاظ بدرجة حرارة الجسم في الداخل، الأمر الذي يؤدي إلى قلة تدفق الدم إلى البشرة. توليد الحرارة من خلال العضلات وأعضاء الجسم المختلفة بعدة طرق، مثل: ارتعاش العضلات لإنتاج المزيد من الحرارة. توليد الحرارة من خلال الاستجابة الهرمونية، حيث يفرز هرمون الغدة الدرقية والذي يعمل على زيادة التمثيل الغذائي، وبالتالي إنتاج المزيد من الطاقة والحرارى التي ينتجها الجسم. للمزيد: التعامل مع ارتفاع حرارة الطفل ارتفاع حرارة أطراف الرضع
Relation context: "
qa::ahd5k_00369,qa,ahd5k_00369,,ahd5k_00369,هل تحليل الكريات البيضاء و الحمراء هي نفسها المناعة,"Category: أمراض باطنية (Esoteric)
Question: هل تحليل الكريات البيضاء و الحمراء هي نفسها المناعة
Answer: لا كلمة مناعه فضفاضه جدا و هناك فحوصات كثيره للمناعه
Relation context: "
qa::ahd5k_00372,qa,ahd5k_00372,,ahd5k_00372,في حد بقدر يساعدني أمي عملت فحص TAH وهاي نتيجته,"Category: أمراض الغدد الصماء (Endocrine)
Question: في حد بقدر يساعدني أمي عملت فحص TAH وهاي نتيجته
Answer: التحليل طبيعي . إذا كانت تأخد تيروكسين عليها أن تستمر بنفس الجرعة . وإذا لم تكن تأخذ فالغدة طبيعية ولاتحتاج لشيء
Relation context: "
qa::ahd5k_00391,qa,ahd5k_00391,,ahd5k_00391,والدي يعاني من انسداد في ٣ شرايين ومشكله في الصمام وتم إجراء عملية القلب المفتوح له بتبديل ٣ شرايين وتبديل الصمام بصمام ,"Category: جراحة القلب والشرايين (Cardiovascular surgery)
Question: والدي يعاني من انسداد في ٣ شرايين ومشكله في الصمام وتم إجراء عملية القلب المفتوح له بتبديل ٣ شرايين وتبديل الصمام بصمام حيواني وتمت بنجاح لكنه يعاني الان من ضعف...
Answer: ننصح بالإلتزام بإرشادات الطبيب المعالج
Relation context: "
qa::ahd5k_00436,qa,ahd5k_00436,,ahd5k_00436,ضغط والم وشعور بعدم الراحة في منتصف الصدر يزداد عند الاستلقاء على الظهر ويخف عند الجلوس واشعر بالالم عند اخذ نفس عميق لا,"Category: أمراض القلب و الشرايين (Cardiovascular disease)
Question: ضغط والم وشعور بعدم الراحة في منتصف الصدر يزداد عند الاستلقاء على الظهر ويخف عند الجلوس واشعر بالالم عند اخذ نفس عميق لاوجود لالتهاب التامور او ارتداد معدي وقلبيا لايوجد...
Answer: لا بد من فحص طبي سريري لاستبعاد فتق في الحجاب الحاجز
Relation context: "
qa::ahd5k_00438,qa,ahd5k_00438,,ahd5k_00438,طفل في الثالثة من العمر يعاني من الم في البطن مع تعرق بارد مع العلم انه اول مرة تحصل معه,"Category: صحة الطفل (Child health)
Question: طفل في الثالثة من العمر يعاني من الم في البطن مع تعرق بارد مع العلم انه اول مرة تحصل معه
Answer: أهلا بحضرتك ........ لابد من فحصه بواسطة أخصائي الأطفال ،،،،،،،،،،،،،،،،،،،،،،،،،،،
Relation context: "
qa::ahd5k_00439,qa,ahd5k_00439,,ahd5k_00439,ماهي التشوهات التي تسببها بريمولوت ن اثناء الحمل,"Category: علم الأجنة (Embryology)
Question: ماهي التشوهات التي تسببها بريمولوت ن اثناء الحمل
Answer: اذا كنت حامل وما زلت تستعملين اقراص ال بريمولوت ن فيجب ايقافها ، فهناك دراسات اثبتتت انه يمكن ان تؤدي هذه الاقراص الى تشوهات في القلب والاوعيه الدمويه لدى الجنين ، كما انه يمكن ان تؤدي الى تشوهات في الانبوب العصبي والدماغ
Relation context: "
qa::ahd5k_00480,qa,ahd5k_00480,,ahd5k_00480,السلام عليكم.انا مصاب بفيروس س4 واخذتعﻻج بيغاسي ولم اشفى.جرى عندي التهاب بالمجاري البولية واخت دواء اموكسلين مع مسكن من ,"Category: أمراض باطنية (Esoteric)
Question: السلام عليكم.انا مصاب بفيروس س4 واخذتعﻻج بيغاسي ولم اشفى.جرى عندي التهاب بالمجاري البولية واخت دواء اموكسلين مع مسكن من نوعية البروفين فحصل عندي نزيف معوي وذهبتاسعاف الى المشف
Answer: عليكم السلام يمكنك اخذ دواء من فصيلة ايزومبرازول مثل النيكسيام 40 مج لمدة شهر على الاقل و ايضا يجب عمل فحص PT, PTT, INR لفحص سيولة
Relation context: "
qa::ahd5k_00481,qa,ahd5k_00481,,ahd5k_00481,انا ام ادم عمري ٢٧ سنة متزوجة لي طفلان اعاني منذ سنة من اوجاع في الجهة الشمالية من جسمي اي يدي الشمالو رجلي الشمال و نصف,"Category: تشخيص (Diagnosis)
Question: انا ام ادم عمري ٢٧ سنة متزوجة لي طفلان اعاني منذ سنة من اوجاع في الجهة الشمالية من جسمي اي يدي الشمالو رجلي الشمال و نصف راسي حتى نصف وجهي...
Answer: هذه الاعراض تدل على وجود اصابة حسية شقية في شق الجسم الايسر، التي يمكن تتظاهر بالم او خدران وغيره طبعا عليكي مراجعة اخصائي عصبية بدون تردد لاجراء الفحوصات والصور اللازمة ونفي وجود اصابة دماغية او خزل شقي
Relation context: "
qa::ahd5k_00484,qa,ahd5k_00484,,ahd5k_00484,كان عندي ضرس متسوس في أعلى الفم و الدكتور عمل لي حشوة و عالج التسوس و لكن لاحظت اختفاء غمازة وجهي بعدها مُباشرةً ، ما ال,"Category: أمراض الأسنان (Dental)
Question: كان عندي ضرس متسوس في أعلى الفم و الدكتور عمل لي حشوة و عالج التسوس و لكن لاحظت اختفاء غمازة وجهي بعدها مُباشرةً ، ما السبب و هل مُمكن ترجع...
Answer: لاتوجد أي علاقة مرتبطة بين حشو الأسنان وغمازة الوجه، وجه المقاربة قد يكون فقط في حال تم تخدير المنطقة نفسها الي تقع بها الغمازة بمخدر قوي وكمية كبيرة، وان كانت هذه الحالة فعندها تزول خلال ٢٤-٤٨ ساعة.
Relation context: "
qa::ahd5k_00486,qa,ahd5k_00486,,ahd5k_00486,السلام عليكم ورحمه الله وبركاته اناعندي الوالده كبيره بالسن تعاني من الم بالكتف وبعدالاشعات اخبروهابانه شخونه في الكتف و,"Category: صحة المسنين (Elderly health)
Question: السلام عليكم ورحمه الله وبركاته اناعندي الوالده كبيره بالسن تعاني من الم بالكتف وبعدالاشعات اخبروهابانه شخونه في الكتف واعطوهامسكنات وادويه ولاكن لم تفيدمعهاالابتخفبف الالم واخبروها كم دكتوربانه لازم تاخذابره بالكتف...
Answer: لم تذكر عمر الوالدة بالضبط، ولكن بشكل عام ، يحدث عند الكبار تاكل في الغضاريف ويسبب هذا الألم نتيجة احتكاك العظم،،هذا لا يمكن استعادته. لذلك يكون العلاج لتخفيف الألم ، والتدليك بالأدوية يفيد في تخفيف الألم ولكنه يجب أن يستمر، كذلك يجب تناول بعض المأكولات التي خفف الألم مثل الزنجبيل وغيره، أو تناول بعض الأدوية المسكنة للألم اللاستيروئيدية ،ثل البروفين وغيره، ولكن الإبر تعطي مفعولاً لمدة أسبوعين أو أكثر، ولهذا يحبها الناس.
Relation context: الكتف TREATED_BY البروفين. Evidence: تناول بعض الأدوية المسكنة للألم اللاستيروئيدية، مثل البروفين"
qa::ahd5k_00505,qa,ahd5k_00505,,ahd5k_00505,السلام عليكم انا كان عندى ازيمات الكبد مرتفعه واتعالجت الحمد لله بس بعد كده بقى عندى الم فى منطقه فم المعده بعد اكل اى و,"Category: أمراض باطنية (Esoteric)
Question: السلام عليكم انا كان عندى ازيمات الكبد مرتفعه واتعالجت الحمد لله بس بعد كده بقى عندى الم فى منطقه فم المعده بعد اكل اى وجبة اريد علاج سريع وشكرا
Answer: - لا بد من تشخيص الحالة أولا إذا كنت تخاف من منظار المعدة فالبديل الجيد هو صورة بالباريوم للمري والمعدة. ثم أرسل لنا النتائج.
Relation context: "
qa::ahd5k_00507,qa,ahd5k_00507,,ahd5k_00507,هل الأعراض التالية لها علاقة بالأسنان وهى صداع فى الرأس وشعور بحرارة فى الرأس وفى العين حيث أشعر بثقل فى الجفون وأشعر بأ,"Category: تشخيص (Diagnosis)
Question: هل الأعراض التالية لها علاقة بالأسنان وهى صداع فى الرأس وشعور بحرارة فى الرأس وفى العين حيث أشعر بثقل فى الجفون وأشعر بألام فى الأذنين ولكن ليست هناك مشاكل فى...
Answer: من الافضل والاجدى اذا وجد ضرس غقل او اكثر مطمور ان تبادرى لازالتهم وذلك لدى طبيب اسنان متمرس او لدى طبيب جراح وجه وفكين خيث يندرج هذا التخصص من ضمن تخصصه
Relation context: "
qa::ahd5k_00510,qa,ahd5k_00510,,ahd5k_00510,هل تؤخر علاجات الحساسية والربو عملية الحمل ؟,"Category: أرجية حساسية (Allergic allergy)
Question: هل تؤخر علاجات الحساسية والربو عملية الحمل ؟
Answer: سؤال جدا شيق ومهم . حقيقة من مضاعفات استعمال بعض انواع مضادات الهيستامين على المدى الطويل قد تؤثر على الخصوبة لدى الرجال عن طريق تقليل كمية انتاج الحيوانات المنوية . اما لدى النساء فإن لمضادات الهيستامين اثرا على تجفيف بعض سوائل الجسم ومن بينها مخاط عنق الرحم والذي يلعب دورا مهما في الابقاء على الحيوانات المنوية حية لمدة تصل الى ٣ ايام مما يزيد من فرص الحمل، وتجفيف ذلك المخاط سيقلل من بقاء تلك الحيوانات حية لتلك الفترة وبالتالي تقليل فرص الحمل . والله أعلم انصح ك بالتقليل او ايقاف تناول حبوب مضاد الهيستامين اذا كانت هي العائق الوحيد في تأخر الحمل لديكي حاليا ام امكن . بالتوفيق ان شاء الله
Relation context: "
qa::ahd5k_00515,qa,ahd5k_00515,,ahd5k_00515,متى وكيف يكون التعرق مؤشر او علامة بالإصابة بمرض في القلب؟,"Category: أمراض القلب و الشرايين (Cardiovascular disease)
Question: متى وكيف يكون التعرق مؤشر او علامة بالإصابة بمرض في القلب؟
Answer: ان صاحبه الم صدر او كان بدون سبب
Relation context: "
qa::ahd5k_00530,qa,ahd5k_00530,,ahd5k_00530,انا سويت عملية بواسير لي الان ١٦ يوم من اول يوم البول عندي صعب وغير مريح حتى اليوم.. لكن بالاضفه الى وجود الالم البسيط ب,"Category: أمراض باطنية (Esoteric)
Question: انا سويت عملية بواسير لي الان ١٦ يوم من اول يوم البول عندي صعب وغير مريح حتى اليوم.. لكن بالاضفه الى وجود الالم البسيط بالمثانه والخصيتان.. هل هو الم طبيعي؟؟؟
Answer: استمرار الألم والمعاناة لمدة 16 يوما يبدو أنه غير عادي، لذا عليك مراجعة الجراح الذى أجرى لك العملية.
Relation context: "
qa::ahd5k_00543,qa,ahd5k_00543,,ahd5k_00543,اختي عملت تحاليل ماقبل الزواج وهي وخطيبها طلعوا حاملين انيميا منجليه وش الحل؟,"Category: أمراض الدم (Blood)
Question: اختي عملت تحاليل ماقبل الزواج وهي وخطيبها طلعوا حاملين انيميا منجليه وش الحل؟
Answer: الزواج سيؤدى إلى وجود اوﻻد يعانون من المرض وتحطم كرات الدم باستمرار معاناة
Relation context: "
qa::ahd5k_00555,qa,ahd5k_00555,,ahd5k_00555,اعاني من حساسية في فصل ربيع والاعراض الحساسية قوية اي انني لا استطيغ التنفس بسهولة مع حالة عطاس قوي بالاضافة الى السيلان,"Category: أرجية حساسية (Allergic allergy)
Question: اعاني من حساسية في فصل ربيع والاعراض الحساسية قوية اي انني لا استطيغ التنفس بسهولة مع حالة عطاس قوي بالاضافة الى السيلان الانف بشكل كبير هل يوجد علاج لحالتي؟
Answer: ابدا مضاد هيستامين مره الى مرتين باليوم الى ان تذهب للطبيب
Relation context: "
qa::ahd5k_00568,qa,ahd5k_00568,,ahd5k_00568,ما هي الحالات التي يصاب بها طفل حديث الولاده بالزراق مع العلم ان الفحوصات جميعها سليمه,"Category: صحة الطفل (Child health)
Question: ما هي الحالات التي يصاب بها طفل حديث الولاده بالزراق مع العلم ان الفحوصات جميعها سليمه
Answer: هناك بعض الحالات المرضية مثل امراض القلب والشرايين , او امراض الجهاو التنفسي التي قد تؤدي الة ضيق النفس ونقص الاكسجين وبالتالي الزراق و بعض الحالات التي قد تؤدي للزراق مثل كثرة الملابس التي يرتديها الطفل او بسبب شدة برودة الطقس او برودة الماء عند الاستحمام .
Relation context: الحمل HAS_SYMPTOM الزراق. Evidence: بعض الحالات المرضية مثل امراض القلب والشرايين , او امراض الجهاو التنفسي التي قد تؤدي الة ضيق النفس ونقص الاكسجين وبالتالي الزراق"
qa::ahd5k_00594,qa,ahd5k_00594,,ahd5k_00594,السلام عليكم دكتور انا عندي فقر دم اي هي اغدية المفيدة الي؟,"Category: أمراض الدم (Blood)
Question: السلام عليكم دكتور انا عندي فقر دم اي هي اغدية المفيدة الي؟
Answer: يحدث فقر الدم عندما لا يحتوي جسمك على ما يكفي من خلايا الدم الحمراء نتيجة فقدان الدم أو عدم القدرة على تكوين خلايا دم حمراء كافية. ويوجد العديد من أنوع فقر الدم منها الذي يكون بسبب نقص الحديد أو حمض الفوليك أو فيتامين ب-12 وغيرها. ويمكن اتباع نظام غذائي غني بالعناصر اللازمة لتعويض النقص من خلال: الورقيات الخضراء: السبانخ/ الكرنب/ الهندباء/ الخبيزة. اللحوم والدواجن. كبدة الخروف. المأكولات البحرية: السردين/ التونا/ السلمون. عصير البرتقال المحصن. الحبوب المدعمة. بعض الحبوب: الفاصولياء/ الحمص/ فول الصويا/ البازلاء. بذور اليقطين/ الكاجو/ الفستق/ الصنوبر/ الجوز/ بذور عباد الشمس. تجنب تناول الأطعمة الغنية بالحديد مع الأطعمة أو المشروبات التي تمنع امتصاص الحديد مثل: القهوة أو الشاي /البيض/ الأطعمة الغنية بالكالسيوم مثل الحليب و الأجبان والبروكلي واللبن. تناول الأطعمة الغنية بالحديد مع الأطعمة الغنية بفيتامين ج (C) مثل: البرتقال /الطماطم /الفراولة لتحسين الامتصاص. تناول الأطعمة الغنية بالحديد مع الأطعمة التي تحتوي على بيتا كاروتين مثل المشمش والفلفل الأحمر والبنجر لتحسين الامتصاص. ومن الجدير بالذكر أن النظام الغذائي قد يمنع عملية ازدياد فقر الدم سوءاً وقد يعوض بعض النقص ولكن يجب أن يتم اتباع علاج دوائي معين حسب نوع فقر الدم الذي تعاني منه تحت إشراف الطبيب المختص. للمزيد: أهم عشرة أغذية لفقر الدم ابر الحديد اعراض فقر الدم فقر الدم وعلاجه المرجع: Best Diet Plan for Anemia
Relation context: "
qa::ahd5k_00597,qa,ahd5k_00597,,ahd5k_00597,السلام عليكم ورحمة الله وبركاته اريد ان اسأل بخصوص الزواج من رجل حامل لفايروس الكبد من النوع بي وانا فتاه سليمه هل هناك ,"Category: أمراض الدم (Blood)
Question: السلام عليكم ورحمة الله وبركاته اريد ان اسأل بخصوص الزواج من رجل حامل لفايروس الكبد من النوع بي وانا فتاه سليمه هل هناك ضرر من ذلك هل الجرعات الثلاثه كافيه...
Answer: بوجود اللقاح تستطيعين الإطمئنان لن ينتقل اذا اتبعنا التعليمات الصحيحة سيتحجم الفيروس بالعلاج ويفقد نشاطه تابعي مع استشاري كبد
Relation context: فايروس الكبد TREATED_BY اللقاح. Evidence: اللقاح | فايروس الكبد TREATED_BY الجرعات الثلاثه. Evidence: الجرعات الثلاثه"
qa::ahd5k_00604,qa,ahd5k_00604,,ahd5k_00604,زوجتي حامل في نهاية شهرها السابع وتبين من صور الأشعة السينية أن الجنين يعاني من متلازمة Chiari من الدرجة الثانية، : هل م,"Category: علم الأجنة (Embryology)
Question: زوجتي حامل في نهاية شهرها السابع وتبين من صور الأشعة السينية أن الجنين يعاني من متلازمة Chiari من الدرجة الثانية، : هل من الممكن الحصول على قائمة بأسماء مراكز طبية...
Answer: نعم هنالك عدد من اختصاصي جراحة الاكفاء في عمان الرجاء الاتصال بنا لدى حضوركم وسوف نقوم بالاتمام شخصيا لانتقاء افضل اطباء جراحي الاطفال لاجراء العمليه. د.سليمان ضبيط مدير وحدة الاخصاب والوراثة +962-6-4647217 +962-6-4644281 +692-79-5544688
Relation context: "
qa::ahd5k_00614,qa,ahd5k_00614,,ahd5k_00614,هل عشبة الزعرور تتعارض مع مميعات الدم كالأسبرين وتؤدي لنتيجة سلبية ؟ وهل تناول الشخص السليم للعشبة لا يؤثر ؟,"Category: الطب البديل (Alternative medicine)
Question: هل عشبة الزعرور تتعارض مع مميعات الدم كالأسبرين وتؤدي لنتيجة سلبية ؟ وهل تناول الشخص السليم للعشبة لا يؤثر ؟
Answer: وجد ان هذه العشبة تزيد من سيولة الدم في المرضى الذين يأخذون الاسبرين او البلافكس او الورفارين وهم الغالبية العظمى من مرضى القلب وبالتالي تزيد من سيولة الدم ، وكذلك تزيد من احتمالية تسمم الجسم بدواء ( DIGOXIN ) وذلك عند تفاعله مع هذه العشبة تزداد معدلاته في الدم بصورة عالية مما يسبب هبوط الدورة الدموية وتباطؤ نبضات القلب.
Relation context: "
qa::ahd5k_00615,qa,ahd5k_00615,,ahd5k_00615,حلمة ثديي الايمن لا يوجد بها فتحة اي انها ملساء تماما فما هو الحل لذلك؟,"Category: علم الأجنة (Embryology)
Question: حلمة ثديي الايمن لا يوجد بها فتحة اي انها ملساء تماما فما هو الحل لذلك؟
Answer: يجب مراجعه اخصائي جراحه صدريه لفحص صدرك للتاكيد على فحصك، فاذا كنت فقط تعانين من وجود حلمه مسطحه فلا ضرر لها ،الا بعض الصعوبه عند الرضاعه ويمكن تصحيح هذا الشكل من الحلمات بعدة طرق ١.عمل بعض التمرينات لشد الحلمات إلى الخارج، وهي عبارة عن تمرينات تدليك لما حول منطقة الحلمة للمساعدة على بروزها، وقد تكون نتائجها ضعيفة جدا ٢. يمكن استخدام جهاز يسمى \""breast slell\"" دائري من البلاستيك يثبت على الثدي، ويوضع عادة تحت حمالات الثدي فيعمل على ترطيب المنطقة المحيطة بالحلمة ليساعدها على البروز, ويستخدم هذا الجهاز بانتظام 4 مرات في اليوم ولعدد من الساعات حسب إرشاد الطبيب، وقد يعطي نتائج جيدة. ٣. وكذلك هناك وسائل جراحية لإبراز الحلمة المقلوبة ونتائجها مضمونة في إظهار شكل الحلمة طبيعي، غير أنها لن تفيد في حل المشكلة الأكثر أهمية وهي قدرة الطفل على الرضاعة؛ نظرا لأن هذه الجراحة تؤثر على القنوات اللبنية في الثدي.
Relation context: "
qa::ahd5k_00625,qa,ahd5k_00625,,ahd5k_00625,معي علاج cephadar forte وعندي الام في الاسنان.. تنصحني اخذ منه,"Category: أمراض الأسنان (Dental)
Question: معي علاج cephadar forte وعندي الام في الاسنان.. تنصحني اخذ منه
Answer: ممكن تأخذ منه ولكن انت بحاجة إلى مسكن الم أيضا مثل Brufen
Relation context: "
qa::ahd5k_00632,qa,ahd5k_00632,,ahd5k_00632,السلام عليكم عملة تحاليل في مختبر للغدة الدرقية ولم اجد الطبيب اريد معرفة النتيجه ولكم جزيل الشكر,"Category: أمراض الغدد الصماء (Endocrine)
Question: السلام عليكم عملة تحاليل في مختبر للغدة الدرقية ولم اجد الطبيب اريد معرفة النتيجه ولكم جزيل الشكر
Answer: يوجد كسل أولى بالغده الدرقيه ونحتاج للعلاج يجب زياره طبيب الغدد للفحص السريرى والاحتياج لاكمال باقى الفحوصات المعمليه وموجات صوتيه على الغده الدرقيه
Relation context: "
qa::ahd5k_00639,qa,ahd5k_00639,,ahd5k_00639,ما علاقة خطورة الالتماس الكهربائي بالبروتين الموجود في الجسم,"Category: كيمياء حيوية (Biochemistry)
Question: ما علاقة خطورة الالتماس الكهربائي بالبروتين الموجود في الجسم
Answer: ان المس الكهربائي كما شرحت سابقا له اضرار عديدة ومنها الموت الغير مباشر بالاضافة الى ان بوتيينات الجسم تفقد اشكالها وتركيبتها الطبيعية ايضا
Relation context: "
qa::ahd5k_00643,qa,ahd5k_00643,,ahd5k_00643,مرحبا دكتور انا في عندي مشكله في جسمي انو حوضي كبير اكبر من الاكتاف واردافي والافخاذ كبيره انا اعرف جسمي مثل جسم النساء ,"Category: تشوهات خلقية (Birth Defect)
Question: مرحبا دكتور انا في عندي مشكله في جسمي انو حوضي كبير اكبر من الاكتاف واردافي والافخاذ كبيره انا اعرف جسمي مثل جسم النساء وهذا شيئ يحرجني بدي حل لهذه المشكله
Answer: هذا الشيء وراثي، عليك مراجعة اختصاصي غدد صماء لعمل فحص للهرمونات، وتقييم الحالة وإمكانية علاجها. او موضوع سعة وكبر الحوض تكوين خلقي مرتبط بالتئام العظام بعضها ببعض وتاثير الهرمونات، بينما تعتبر سمنة الأرداف والسيقان من المشاكل الرئيسية التي تؤرق النساء الشرقيات. واسبابها لها ارتباط بالوراثة ، وبالهرمونات حيث وجد أن بعض الهرمونات تتركز في الأفخاذ والأرداف عند النساء . وكذلك الحمل حيث يعمل على اضعاف العضلات وترهلها مما يسبب تراكم الدهون فيها . ويرى معظم الباحثين أن أفضل طريقة للتخلص من سمنة الأرداف هي تناول الفجل الأبيض الذي أثبتت الدراسات أنه يذيب الدهون عامة وفي منطقة الأرداف والفخذين ،ويفضل تناول الخضروات الخضراء مع الفجل الأبيض وكذلك شرب الشاي الأخضر فهو يذيب الدهون في الجسم ويخفض الكوليستيرول الضار وعمل التمارين الرياضية واظهرت الدراسات ان الفجل الابيض يساعد على اذابة الدهون الزائدة، والتخلص من الوزن الاضافي، وخصوصا في المناطق القابلة للسمنة، مثل الارداف والاوراك والبطن عند المراة. ان الانتظام على تناول الخضراوات الورقية يعتبر وسيلة فعالة لانقاص الوزن الزائد، وتزويد الجسم بما يحتاجه من فيتامينات ومعادن وعناصر غذائية مفيدة، ولا تقل كمية الخضراوات الورقية عن 25 الى 35% من اجمالي كمية الوجبات الغذائية، سواء كانت تؤكل طازجة او مسلوقة او مطبوخة، على ان يمثل الفجل الابيض جزءا من هذه النسبة، لما له من تاثير فعال في التخلص من الدهون، وخاصة منطقة الارداف .وللعلم فان هذه السمنة في الأرداف تحمي المرأة من هشاشة العظامالتئام العظام مع بعضها البعض خلطة تصغير الانف و الصدر و المؤخرة(الأرداف) قهوه مع ملعقتين خل تفاح مع ليمونه كامله معصوره ( ماءها فقط ) قومي بخلطه بملعقه واحرصي ان تكون القهوه ناشفه وبللي جسمكي بماء ساخن وابدئي بالتدليك من اول مره ستحصلين على نتيجة ممتازة - 1 - عمل التمارين 6 ايام بالاسبوع 2 - اليوم السابع راحه 3 - مدة التمارين شهر ( اربع اسابيع ) 4 - الاسبوع الاول تنفيذ كل تمرين 10 مرات 5- الاسبوع الثاني تنفيذ كل تمرين 20 مره 6- الاسبوع الثالث تنفيذ كل تمرين 30 مره 7- الاسبوع الرابع تنفيذ كل تمرين 40 مره10 -
Relation context: سمنة الأرداف TREATED_BY فجل أبيض. Evidence: تناول الفجل الأبيض الذي أثبتت الدراسات أنه يذيب الدهون عامة وفي منطقة الأرداف والفخذين"
qa::ahd5k_00647,qa,ahd5k_00647,,ahd5k_00647,يا دكتور انا شاب اعاني من تضخم في الارداف والا فخاذ اريد حل لهذه المشكله لأنها تسبب احراج انا شاب,"Category: تشوهات خلقية (Birth Defect)
Question: يا دكتور انا شاب اعاني من تضخم في الارداف والا فخاذ اريد حل لهذه المشكله لأنها تسبب احراج انا شاب
Answer: هذا فالغالب شيء وراثي يعتمد على الجينات، يستحسن زيارة اختصاصي الأمراض الوراثية وبحث الموضوع معه.
Relation context: تضخم HAS_SYMPTOM تضخم في الارداف. Evidence: تضخم في الارداف"
qa::ahd5k_00655,qa,ahd5k_00655,,ahd5k_00655,انا مريضه بالسكر واستخدم فيرومن كبريتات الحديد لان عندي فقر دم مع فيتامين ب وبعد استخدامهم لاحظت ظهور حبوب في ظهري هل له,"Category: أمراض الدم (Blood)
Question: انا مريضه بالسكر واستخدم فيرومن كبريتات الحديد لان عندي فقر دم مع فيتامين ب وبعد استخدامهم لاحظت ظهور حبوب في ظهري هل لها علاقه في ذلك ؟
Answer: من التاثيرات الجانبية لدواء فيرومين كبريتات الحديد ظهور مثل هذه الحبوب غيري العلاج
Relation context: "
qa::ahd5k_00656,qa,ahd5k_00656,,ahd5k_00656,العمر 47.. لأول مرة تعاني من الم في الصدر ويمتد للظهر، معها ضغط وبتاخدله دوا والوضع مستقر، من سنتين عملت قسطرة تشخيصية ل,"Category: أمراض القلب و الشرايين (Cardiovascular disease)
Question: العمر 47.. لأول مرة تعاني من الم في الصدر ويمتد للظهر، معها ضغط وبتاخدله دوا والوضع مستقر، من سنتين عملت قسطرة تشخيصية للقلب وفحوصات دم و ECO وكان كله طبيعي.....
Answer: إذا كانت الفحوصات القلبية طبيعية فقد يكون السبب من العمود الفقري الرقبي أو الظهري
Relation context: "
qa::ahd5k_00666,qa,ahd5k_00666,,ahd5k_00666,انا عندي مشكله عندما انتهي من التبول يخرج في اخر البول دم؟,"Category: أمراض الأسنان (Dental)
Question: انا عندي مشكله عندما انتهي من التبول يخرج في اخر البول دم؟
Answer: خروج الدم يعني وجود جرح في المثانة أو الإحليل. ويمكن آن يكون هذا ناتجاً عن وجود جرح ينزل منه الدم، حصوة في المثانة أو الإحليل؟ يمكمنك تصوير الجهاز البولي بصورة ملونر أي في بي لتحديد السبب والمكان، وبعدها يتحدد العلاج؟سلامتك
Relation context: التهاب HAS_SYMPTOM الدم. Evidence: التهاب في المثانة أو الإحليل يسبب خروج الدم | التهاب DIAGNOSED_BY تصوير الجهاز البولي. Evidence: تصوير الجهاز البولي لتحديد سبب التهاب المثانة | الدم INVESTIGATED_BY تصوير الجهاز البولي. Evidence: تصوير الجهاز البولي لتحديد مكان خروج الدم"
qa::ahd5k_00671,qa,ahd5k_00671,,ahd5k_00671,السلام عليكم دكتور انا شاب عنري ٢٨ سنه - سويت اليوم فحص لضغط الدم طلع عندي الانبساطي٨٤ الانقباضي ١٦٢ مع العلم انه ودواني,"Category: أمراض القلب و الشرايين (Cardiovascular disease)
Question: السلام عليكم دكتور انا شاب عنري ٢٨ سنه - سويت اليوم فحص لضغط الدم طلع عندي الانبساطي٨٤ الانقباضي ١٦٢ مع العلم انه ودواني بعض القلق اثناء الفحص؟
Answer: ننصح بإعادة الفحص من قبل طبيب للتأكد من مستواه مرة ثانية وإن كان مرتفع اسكمال الفحص الطبي لتحديد درجته وسببه ان أمكن
Relation context: "
qa::ahd5k_00673,qa,ahd5k_00673,,ahd5k_00673,هل من علاج لحالتي فأنا أشعر بآلام قوية في مفصل الركبة الأيسر أثناء المشي و الوقوف علماً بأنني مصاب بعواقب شلل الأطفال ال,"Category: علم التشريح (Anatomy)
Question: هل من علاج لحالتي فأنا أشعر بآلام قوية في مفصل الركبة الأيسر أثناء المشي و الوقوف علماً بأنني مصاب بعواقب شلل الأطفال الطرف السفلي الأيمن و عندي جنف شديد تناولت...
Answer: يبدوا من وصفك انكة مصاب بالتهاب مفصل الركبه والذي هو احد انواع التهابات المفاصل والذي يسمى بالعاميه سوفان مفصل الركبه والذي سببه تغيرات انحطاطيه تشمل كل من الغضروف وما تحتهخ وكذلك تكوين تكلسات طرفيه وتورم الانسجه ما حول المفصل مع تغيرات في محاور الحركه تسبب الاما شديده مع تحدد في الحركه ان مادة كلوكوز امين كوندروتين بطيئة المفعول وخصوصا كلما ازداد العمر وهي لوحدها لاتؤ دي الغرض حيث اتن التمالرين الرياضيه والعلاج الطبيعي - الادويه مضادة الالتهاب والغير الكورتيزونيه - تكييف الحركه ومفردات الحياة وبحسب العمر والفعاليات ونوعية العمل هي الحل الامثل
Relation context: "
qa::ahd5k_00679,qa,ahd5k_00679,,ahd5k_00679,بمعلوية زمن البروثرومبين كيف يمكن حساب تركيز البروثرومبين؟,"Category: كيمياء حيوية (Biochemistry)
Question: بمعلوية زمن البروثرومبين كيف يمكن حساب تركيز البروثرومبين؟
Answer: إن زمن البروثرومبين وتركيز البروثرومبين في الدم يتم قياسه من خلال تحليل الدم. إن زمن التخثر هو مقياس للتسلسل التخثري للدم ويتكون من مجموعة من العوامل منها العامل 7، 2(البروثرومبين)، 5، 10، والفيبرينوجين. ويتم إجراء الاختبار عن طريق إضافة الكالسيوم والثرومبوبلاستين، وهو منشط لمسار التخثر، إلى عينة الدم ثم قياس الوقت (بالثواني) اللازم لتكوين الجلطة. وللحصول على نتيجة صحيحة يحب أخذ عينة الدم بالشكل الصحيح عن طريق ملء عينة الدم بالكامل (5 مل)، لأن الأنبوب المملوء بشكل غير كامل قد يؤدي إلى فترة تخثر طويلة بشكل خاطئ مع ضرورة إجراء التحليل خلال ساعتين في حال بقاء العينة في درجة حرارة الغرفة أو خلال 4 ساعات في حال الاحتفاظ بالعينة في الثلاجة. للمزيد: إرشادات غذائية للمرضى الذين يستخدمون مميعات الدم الفيتامينات ومرافقات الأنزيمات VITAMINS AND COENZYMES المرجع: Prothrombin Time
Relation context: "
qa::ahd5k_00681,qa,ahd5k_00681,,ahd5k_00681,ابنتي تبلغ من العمر تسعه اشهر ووزنها 6ونص كيلو ومره ضعيفه تاكل الاكل بس شي بسيط لو زاد شويه تستفرغ ماترضي تشرب الحليب ال,"Category: صحة الطفل (Child health)
Question: ابنتي تبلغ من العمر تسعه اشهر ووزنها 6ونص كيلو ومره ضعيفه تاكل الاكل بس شي بسيط لو زاد شويه تستفرغ ماترضي تشرب الحليب الصناعي وترضع من صدري بس مافي كثير...
Answer: اذا كان السبب فقر الدم فيجب علاج السبب خاصة في مثل هذا العمر
Relation context: "
qa::ahd5k_00683,qa,ahd5k_00683,,ahd5k_00683,مرحبا اعاني منذ فتره من نبضات قلي قويه واصبحت اشعر بها في جميع اجزاء جسمي خصوصا قبل النوم وضيق تنفس وسرعة التعب وقلق علم,"Category: أمراض القلب و الشرايين (Cardiovascular disease)
Question: مرحبا اعاني منذ فتره من نبضات قلي قويه واصبحت اشعر بها في جميع اجزاء جسمي خصوصا قبل النوم وضيق تنفس وسرعة التعب وقلق علما اني تعرضت لموقف قلق وتوتر ووخزات...
Answer: أتمنى لك السلامة، وأود الإشارة إلى ضرورة مراجعة الطبيب لتحديد الأسباب المحتملة ووصف العلاج المناسب فلا يجب إهمال هذه الأعراض، وبشكل عام قد يكون ذلك ناجم عن العديد من الأسباب، ومنها الآتي: القلق أو التوتر. ممارسة الرياضة أو النشاط البدني. الجفاف. ارتفاع درجة حرارة الجسم. الحساسية. اضطرابات الغدة الدرقية. أمراض القلب. اضطرابات الجهاز التنفسي. الاضطرابات العصبية. للمزيد: ما هي اسباب زيادة ضربات القلب المفاجئ؟ ما هي أهم طرق علاج ضربات القلب السريعة في المنزل؟
Relation context: حساسية HAS_SYMPTOM ضيق تنفس. Evidence: ضيق تنفس وسرعة التعب وقلق"
qa::ahd5k_00691,qa,ahd5k_00691,,ahd5k_00691,نبضات القلب بطيئة فما العلاج,"Category: أمراض القلب و الشرايين (Cardiovascular disease)
Question: نبضات القلب بطيئة فما العلاج
Answer: هذا يعتمد على حدة ونوع البطئ وعلى السبب
Relation context: "
qa::ahd5k_00695,qa,ahd5k_00695,,ahd5k_00695,السلام عليكم صديقتي لها ثلاثه شهور تأخذ ابر الحديد اسبوعيا كل اسبوع ابره كانت نسبته 9 واخبرتها ان عدد ابر الحديد كثيره و,"Category: أمراض باطنية (Esoteric)
Question: السلام عليكم صديقتي لها ثلاثه شهور تأخذ ابر الحديد اسبوعيا كل اسبوع ابره كانت نسبته 9 واخبرتها ان عدد ابر الحديد كثيره ولم تستمع ثم قاسته الان وكان 400 لم...
Answer: عليها المتابعة مع طبيب دم
Relation context: "
qa::ahd5k_00696,qa,ahd5k_00696,,ahd5k_00696,السلام عليكم مولود جديد بعد التحاليل ظهر مع الانيميا الفوليه ما اسباب الانيميا الفوليه وكيفية تفاديها؟ وهل لها علاج وهل ,"Category: أمراض الدم (Blood)
Question: السلام عليكم مولود جديد بعد التحاليل ظهر مع الانيميا الفوليه ما اسباب الانيميا الفوليه وكيفية تفاديها؟ وهل لها علاج وهل تذهب او تزول كل ما كبر الطفل؟ وهل لها مخاطر...
Answer: الفوال أو التفول هو الاضطراب الخلقي الجيني الناجم عن نقص الأنزيم المسؤول عن الحفاظ على تركيز ببتيد الغلوتاثيون الذي يحمي خلايا الدم الحمراء من التلف بفعل الأكسدة وبالتالي التسبب في فقر الدم الانحلالي الغير مناعي وخاصة عند تناول المُصاب لكميات كبيرة من الفول أو التعرض لحبوب اللقاح الخاصة بالنبته المُثمرة للفول لا يمكن الوقاية من المرض لانه خلقي جيني
Relation context: فقر الدم DIAGNOSED_BY تحاليل مخبرية. Evidence: الفوال أو التفول هو الاضطراب الخلقي الجيني الناجم عن نقص الأنزيم المسؤول عن الحفاظ على تركيز ببتيد الغلوتاثيون"
qa::ahd5k_00714,qa,ahd5k_00714,,ahd5k_00714,اعاني صعوبة تنفس وصداع ودوخه وعدم تركيز,"Category: أمراض باطنية (Esoteric)
Question: اعاني صعوبة تنفس وصداع ودوخه وعدم تركيز
Answer: يجب اجراء تقييم كامل من حيث القصة المرضية الكاملة والسوابق المرضية والفحص السريري الكامل فالتشخيص التفريقي للموضوع واسع
Relation context: "
qa::ahd5k_00736,qa,ahd5k_00736,,ahd5k_00736,سبب تغير لون اللثه جزء وردي وجزء احمر ؟؟؟؟,"Category: أمراض الأسنان (Dental)
Question: سبب تغير لون اللثه جزء وردي وجزء احمر ؟؟؟؟
Answer: الوردي هو اللون الطبيعي للثة السليمة و الاحمرار علامة التهاب ..... و التهاب اللثة في اغلب الاحيان يكمن السبب في اهمال الاعتناء بالنظافة الفمية ... الحل باجراء تنظيف للاسنان عند الطبيب و تفريش الاسنان بطريقة صحيحة و استعال مضمضة طبية و اتباع التعليمات الاضافية التي يمليها عليك الطبيب
Relation context: "
qa::ahd5k_00754,qa,ahd5k_00754,,ahd5k_00754,انا امراءة فى السبعين اعاني من الام قوية تمتد من الرقبة الى الكتف والظهر حتى الحوض فهل ممكن الالم نتيجة الا عصاب ام اسبا,"Category: صحة المسنين (Elderly health)
Question: انا امراءة فى السبعين اعاني من الام قوية تمتد من الرقبة الى الكتف والظهر حتى الحوض فهل ممكن الالم نتيجة الا عصاب ام اسباب اخرى علما ام المسكنات القوية تخخف...
Answer: الالام التي تعانين منها قد تكون نتيجة انزلاق غضروفي عنقي او خشونة عالية في الفقرات او التهاب اوتار . ينصح عمل صورة رنين مغناطيسي للعنق وفحص هشاشة عظام ومراجعة اخصائي جراحة اعصاب من اجل الفحص السريري
Relation context: "
qa::ahd5k_00756,qa,ahd5k_00756,,ahd5k_00756,في بعض الاحيان عند القيام من الجلوس لمدة طويلة أعاني من وجود دوخة مع خفقان في القلب ، ما هي الاسباب وكيف يمكنني التقليل ,"Category: أمراض القلب و الشرايين (Cardiovascular disease)
Question: في بعض الاحيان عند القيام من الجلوس لمدة طويلة أعاني من وجود دوخة مع خفقان في القلب ، ما هي الاسباب وكيف يمكنني التقليل من حدوث هذه المشكلة التي تحدث...
Answer: هذا يحدث أحياناً عند بعض الشباب دون أن يكون ناجم عن حالة مرضية , ولكن في حالات أخرى يترافق مع مشاكل مختلفة تتعلق بالأذن والعيون والدورة الدموية وغير ذلك. فإذا كان الفحص الطبي سليماً فإن كل ما هو مطلوب منك تناول كميات كبيرة من السوائل وممارسة الرياضة بشكل يومي والتمشي أثناء العمل لتجنب الجلوس الطويل, وعند القيام أو عند تغيير وضعية الجسم تحريك القدمين لفترة وجيزة وتجنب الوقوف الماجئ
Relation context: "
qa::ahd5k_00757,qa,ahd5k_00757,,ahd5k_00757,أنا حللت تحليل فقر الدم والنتائج كالآتي hp=11.6 وp.c.v=38% فهل لدي فقر دم؟ وما هي نسبة الدم الطبيعية؟ وشكرا,"Category: أمراض الدم (Blood)
Question: أنا حللت تحليل فقر الدم والنتائج كالآتي hp=11.6 وp.c.v=38% فهل لدي فقر دم؟ وما هي نسبة الدم الطبيعية؟ وشكرا
Answer: الهيموغلوبين في النساء بين 12 و15 وال PCV عند النساء هو 38%
Relation context: فقر الدم DIAGNOSED_BY تحاليل مخبرية. Evidence: تحليل فقر الدم"
qa::ahd5k_00772,qa,ahd5k_00772,,ahd5k_00772,سن32عازبة طول154 وزن86 أعاني سمنةوشعرانيةوكسل بسيط بالغدةالدرقية ودورةغيرمنتظمةمن8سنوات بدأت مع طبيب آخروصف لي كليمين وج,"Category: أمراض الغدد الصماء (Endocrine)
Question: سن32عازبة طول154 وزن86 أعاني سمنةوشعرانيةوكسل بسيط بالغدةالدرقية ودورةغيرمنتظمةمن8سنوات بدأت مع طبيب آخروصف لي كليمين وجلوكوفيج وEuthyrox25 هل هذا جيد
Answer: بشكل عام نعم مناسب لعلاج تكيس المبايض وهذا مترافق مع زيادة الوزن ولذلك اهم شيء هو خفض الوزن
Relation context: "
qa::ahd5k_00774,qa,ahd5k_00774,,ahd5k_00774,ما هي مضار الصوف الصخري عند لمسه و استنشاقه؟,"Category: علم البيئة (Ecology)
Question: ما هي مضار الصوف الصخري عند لمسه و استنشاقه؟
Answer: يستخدم الصوف الصخري في عزل البناء، ويتم انتاجه عن طريق أكاسيد معدنية وطبيعية. يتعرض العمال والأشخاص الذين يتعاملون معه بشكل كبير إلى أضراره والتي تحدث خلال فترة زمنية قصيرة (بالإنجليزية: Acute) أو فترة زمينة طويلة (بالإنجليزية: Chronic). فمن أضرار الصوف الصخري على الإنسان والتي تحدث عند ملامسته مباشرة ما يلي: تهيج واحمرار في الجلد والعينين: يؤدي تعرض للصوف الصخري في بعض الأحيان إلى التهاب الجلد والعينين، حيث تظهر الأعراض التالية: حكة، واحمرار، وتقشر، وظهور فقاعات مائية، وغيرها من التغيرات الجلدية. تهيج الجهاز التنفسي: يمكن أن تظهر بعض أعراض تهيج الجهاز التنفسي بعد استنشاق الصوف الصخري، مثل السعال، والتهاب الحلق، وحكة الأنف، واحتقان الأنف. الإصابة بالعدوى: قد تجرح الألياف الحادة من الصوف الصخري الجلد، وبالتالي يزيد من خطر دخول الجراثيم المسببة للعدوى. ومن أضرار الصوف الصخري على الإنسان والتي تحدث عند التعرض لفترات طويلة: زيادة من خطر الإصابة تليف الرئتين (بالإنجليزية: Lung fibrosis). زيادة من خطر الإصابة بالتهاب الرئوي والتهاب الجنبي (بالإنجليزية: Pleural inflammation). صنفت الوكالة الدولية لبحوث السرطان (IARC) الصوف الصخري كمادة غير مسببة للسرطان. لا توجد دراسات كافية على تأثير الصوف الصخري على صحة الإنجاب. لذا لمنع تعرض الجلد والجهاز التنفسي للصوف الصخري، وللتقليل من أضراره ينصح بأن يرتدي أولئك الذين يتعاملون مع الصوف الصخري قفازات واقية، وكمامة أو قناع مانع للاستنشاق، ونظارات واقية. للمزيد: أسباب وعلاج احمرار الجلد تقشر الجلد: أسباب وعلاجات طبيعية أشياء غير متوقعة تسبب حساسية الجلد المراجع: Carcinogenicity of the insulation wools: Reassessment of the IARC evaluation Health Hazards of Rockwool Lung Cancer among Rock and Slag Wool Production Workers
Relation context: التهاب HAS_SYMPTOM حصاصة. Evidence: التهاب الجلد الانين التهاب, حصاصة الجلد الانين | التهاب HAS_SYMPTOM الانين. Evidence: الانين الجلد"
qa::ahd5k_00775,qa,ahd5k_00775,,ahd5k_00775,شكرا دكتور ممكن سؤال ثاني انا الاجسام المضادة للغدة الدرقية عندي مرتفعة بس تحليل الدم فيه نسبة الهرمون طبيعي.عادي اني ما,"Category: أمراض الغدد الصماء (Endocrine)
Question: شكرا دكتور ممكن سؤال ثاني انا الاجسام المضادة للغدة الدرقية عندي مرتفعة بس تحليل الدم فيه نسبة الهرمون طبيعي.عادي اني ما اخذ دواء وهل يؤثر ارتفاع الاجسام المضادة على الحمل
Answer: اهم شيء هو نسبة الهرمونات في الدم. اذا كانت طبيعية فلا تحتاجي الى أي علاج ولا يوجد تأثير على الحمل
Relation context: "
qa::ahd5k_00780,qa,ahd5k_00780,,ahd5k_00780,لماذا اصحو من النوم يوميا بصداع يختلف حدته من خفيف إلى قوي جدا لدرجة ان عيناي تدمع من كثرة الصداع مع العلم بان عمري 29 س,"Category: تشخيص (Diagnosis)
Question: لماذا اصحو من النوم يوميا بصداع يختلف حدته من خفيف إلى قوي جدا لدرجة ان عيناي تدمع من كثرة الصداع مع العلم بان عمري 29 سنة ولدي طفل عمره سنة...
Answer: قد يكون لديك نوع من الصداع يسمى بالصداع التوتري و هو ناتج عن وجود ضغوطات في الحياة كالعمل و الاستيقاظ الليلي لارضاع طفلك من المهم مراجعة طبيب اعصاب وذلك لاتمام الفحص السريري و التاكد من التشخيص
Relation context: الصداع التوتري HAS_SYMPTOM صداع. Evidence: الصداع التوتري قد يظهر كصداع يختلف حدته"
qa::ahd5k_00791,qa,ahd5k_00791,,ahd5k_00791,هل من الممكن مريض الغدة الدرقيه يشفى منها تماما بعد العلاج ام انها تزال معه بقيه العمر,"Category: أمراض الغدد الصماء (Endocrine)
Question: هل من الممكن مريض الغدة الدرقيه يشفى منها تماما بعد العلاج ام انها تزال معه بقيه العمر
Answer: عزيزتي غالباً عن استخدام هرمون الثايروكسين بالجرعة المطلوبة يتحسن النوم لدى الأغلبية ولذلك يجب التأكد ان الجرعة كافية عن طريق تحليل الدم لمستوى هرمون الغدة tsh والأمر الآخر يتطلب استقصاء الأسباب الاخرى لكثرة النوم او الخمول والكسل بشكل عام العضوية والنفسية
Relation context: "
qa::ahd5k_00793,qa,ahd5k_00793,,ahd5k_00793,السلام عليكم ورحمه الله وبركاته حبيت اسال عن زيت اللوز المر للجسم انا استخدمه لبطني وكامل جسمي الان لي تقريبا 3 اسابيع و,"Category: علم الأجنة (Embryology)
Question: السلام عليكم ورحمه الله وبركاته حبيت اسال عن زيت اللوز المر للجسم انا استخدمه لبطني وكامل جسمي الان لي تقريبا 3 اسابيع وانا حامل في الاسبوع الثاني عشر ولقد قرات...
Answer: يوجد العديد من الفوائد لاستخدام زيت اللوز المر، منها التخلص من علامات التمدد ولكن هناك حاجة إلى مزيد من الدراسات قبل أن يتم إثبات فعالية زيت اللوز المر. ومن الجدير بالذكر أن زيت اللوز المر يحتوي على مركبات سامة مثل السيانيد بكميات معينة قد لا تكون آمنة خاصة عند الاستخدام أثناء الحمل لذا يفضل التوقف عن استخدامه خلال فترة الحمل لارتباطه ببعض الآثار الجانبية غير المرغوبة مثل: إصابة الجنين بالعيوب الخلقية نتيجة احتواء هذا الزيت على فيتامين أ الذي يحظر استخدامه خلال الحمل. زيادة خطر الولادة المبكرة. للمزيد: زيوت المساج الطبيعية لتدليك الجسم المرجع: What essential oils are good for preventing stretch marks? Is It Safe To Use Almond Oil During Pregnancy?
Relation context: "
qa::ahd5k_00804,qa,ahd5k_00804,,ahd5k_00804,ما تفسير شعورى بقبضة فى صدرى تستغرق بضعة ثوانى ويصاحبها ضيق فى التنفس ....كان يتكرر هذا الموضوع معى من فترة الى اخرى ثم ,"Category: تشخيص (Diagnosis)
Question: ما تفسير شعورى بقبضة فى صدرى تستغرق بضعة ثوانى ويصاحبها ضيق فى التنفس ....كان يتكرر هذا الموضوع معى من فترة الى اخرى ثم اصبح يوميا ثم يقل تدريجيا ولكنى مازلت...
Answer: لفتاة بمثل عمرك من المستبعد وجود سبب قلبي للذي تشكين منه ولكن على الاغلب السبب خارجي من عضلات الصدر او من التوتر و القلق الافضل مراجعة طبيب
Relation context: "
qa::ahd5k_00812,qa,ahd5k_00812,,ahd5k_00812,طفلتي تتحسس من الجلوتين وعمرها سنة ونصف هل توجد أدوية تساعد على الشفاء من هذا المرض ام لا ؟؟,"Category: أرجية حساسية (Allergic allergy)
Question: طفلتي تتحسس من الجلوتين وعمرها سنة ونصف هل توجد أدوية تساعد على الشفاء من هذا المرض ام لا ؟؟
Answer: للاسف اهم علاج تجنب المنتجات التي تحوي جلوتين
Relation context: حساسية TREATED_BY تجنب المنتجات التي تحوي جلوتين. Evidence: للاسف اهم علاج تجنب المنتجات التي تحوي جلوتين"
qa::ahd5k_00821,qa,ahd5k_00821,,ahd5k_00821,سؤالي عن زراعة الاسنان الامريكية نوع 3i مدى جودتها وهل هي من الشركات الرائده والمعروفه . قمت بزراعة سن وانتظر النتيجه حت,"Category: أمراض الأسنان (Dental)
Question: سؤالي عن زراعة الاسنان الامريكية نوع 3i مدى جودتها وهل هي من الشركات الرائده والمعروفه . قمت بزراعة سن وانتظر النتيجه حتى اقوم بزراعة الباقي
Answer: كل انواع الزرعات غالبه ما يتم صنعها من مادة التيتانيوم ومثلها مثل باقى الزرعات العالميه
Relation context: "
qa::ahd5k_00823,qa,ahd5k_00823,,ahd5k_00823,اجريت عمليه استبدال صمام ميترالي في 89ثم الاورطي في 2013 والان اعاني من ارتفاع الضغط وضيق تنفس وخفقان احيتنا,"Category: أمراض القلب و الشرايين (Cardiovascular disease)
Question: اجريت عمليه استبدال صمام ميترالي في 89ثم الاورطي في 2013 والان اعاني من ارتفاع الضغط وضيق تنفس وخفقان احيتنا
Answer: تحتاج الى تقييم سريري كامل مع اجراء بعض الفحوصات
Relation context: ارتفاع ضغط الدم HAS_SYMPTOM خفقان القلب. Evidence: خفقان احيتنا | ارتفاع ضغط الدم HAS_SYMPTOM ضيق تنفس. Evidence: ضيق تنفس"
qa::ahd5k_00828,qa,ahd5k_00828,,ahd5k_00828,برد الاسنان الاماميه ما ضرره وكم جلسه يحتاج,"Category: أمراض الأسنان (Dental)
Question: برد الاسنان الاماميه ما ضرره وكم جلسه يحتاج
Answer: برد لمجرد البرد والتصغير في جلسه واحدة ولكن احذر من كثرة البرد حتي يؤثر علي الاسنان وتكون حساسه. ام لو برد للتركيب وعمل اسنان صناعيه ممكن جلسه او جلستين
Relation context: "
qa::ahd5k_00838,qa,ahd5k_00838,,ahd5k_00838,اشعر بتنميل من بداية النصف الاسفل من الجسم حتى اسفل القدم عند تحريك الرقبة الى اسفل و انا عندي انيميا هل لها علاقة,"Category: أمراض باطنية (Esoteric)
Question: اشعر بتنميل من بداية النصف الاسفل من الجسم حتى اسفل القدم عند تحريك الرقبة الى اسفل و انا عندي انيميا هل لها علاقة
Answer: نعم ... نقص فيتامين (ب12) يسبب انيميا وتنميل
Relation context: فقر الدم HAS_SYMPTOM تنميل. Evidence: نقص فيتامين (ب12) يسبب انيميا وتنميل"
qa::ahd5k_00855,qa,ahd5k_00855,,ahd5k_00855,انا شاب عمري 25 سنه اصبحت اعاني من صعوبه في التنفس و الارهاق؟,"Category: جراحة القلب والشرايين (Cardiovascular surgery)
Question: انا شاب عمري 25 سنه اصبحت اعاني من صعوبه في التنفس و الارهاق؟
Answer: لا داعي للقلق ولكن ينبغي معرفة تاريخك المرضي واجراء فحص للكشف عن أي علامات سريرية قد تكون موجودة لديك وتساعد في تحديد طبيعة الحالة , فهكذا أعراض ممكن أن تكون ناجمة عن التها ب في الجهاز التنفسي ويمكن تترافق مع فقر الدم أو اضطرابات دموية أو متعلقة بجهاز الدورة الدموية أو غير ذلك ، لذلك ننصحك بمعاودة طبيبك للوقوف على تفاصيل أكثر تسمح بالتشخيص ومن ثم اتخاذ السلوك الطبي الأمثل
Relation context: "
qa::ahd5k_00859,qa,ahd5k_00859,,ahd5k_00859,بنت اخي لديها انتفاخ في الغدد الليمفاويةمما جعل لها تورما اسفل اللوزتين وخلف الركبه ولديها فتور في الجسم مع العلم ان عمر,"Category: تشخيص (Diagnosis)
Question: بنت اخي لديها انتفاخ في الغدد الليمفاويةمما جعل لها تورما اسفل اللوزتين وخلف الركبه ولديها فتور في الجسم مع العلم ان عمرها 7 سنوات
Answer: العقد اللمفاوية موجودة بشكل طبيعي في الجسم خاصة الرقبة ولكنها تنتفخ (تكبر) كرة فعل على وجود التهاب في المنطقة كاللوزتين مثلاً وتصغر مع اعطاء ادوية الالتهاب اما اذا كان حجمها ثابتاً فيجب اجراء فحوصات مخبرية او خزعة
Relation context: "
qa::ahd5k_00864,qa,ahd5k_00864,,ahd5k_00864,أن زوجة في 50 من عمري أعاني من إنتفاخ الثدي الأييسر و الشعور بالألم عند لمسه,"Category: جراحة القلب والشرايين (Cardiovascular surgery)
Question: أن زوجة في 50 من عمري أعاني من إنتفاخ الثدي الأييسر و الشعور بالألم عند لمسه
Answer: عليك مراجعة استشارى أمراض النساء او طبيب اورام
Relation context: حساسية DIAGNOSED_BY تحليل الحساسية. Evidence: تحليل الحساسية يُستخدم لتشخيص حساسية الصدر"
qa::ahd5k_00876,qa,ahd5k_00876,,ahd5k_00876,انا الان وصلت الى الاسبوع العشرين ومازال بطني فيه ليونه ولم يوصل ارتفاعه لمستوى السره وحتى حركة الجنين التي اشعر بها ماز,"Category: علم الأجنة (Embryology)
Question: انا الان وصلت الى الاسبوع العشرين ومازال بطني فيه ليونه ولم يوصل ارتفاعه لمستوى السره وحتى حركة الجنين التي اشعر بها مازالت تحت السره؟ أفيدوني هل الامر طبيعي ومتى يخشن...
Answer: من الطبيعي ان يكون البطن لين اثناء الحمل اما حركة الجنين التي تحت السرة فمكان الحركة يعتمد على وضع الجنين وقد تكون اسفل البطن او اعلاه المهم ان هناك حركة وعادة ما يصل الرحم الى مستوى السرة عند بداية الاسبوع 24 لذا لا ارى اي مشاكل لديك ولكني بالرغم من ذلك انصحك بعمل تصوير سونار للحمل للأطمئنان اكثر
Relation context: "
qa::ahd5k_00883,qa,ahd5k_00883,,ahd5k_00883,هل مشروبات الطاقة تسبب عقم؟,"Category: الطب البديل (Alternative medicine)
Question: هل مشروبات الطاقة تسبب عقم؟
Answer: نعم فقد أكدالأستاذ المساعد للتغذية الإكلينيكية في كلية العلوم الطبية التطبيقية بجامعة الملك سعود بالرياض الدكتور “عبدالعزيز بن محمد العثمان” أن مشروبات الطاقة تساهم في ارتفاع ضغط القلب، وزيادة نسبة السكر في الدم والأرق والصداع والقلق ونزيف الأنف والنوبات المرضية، ومشاكل تسوس الأسنان، وتقليل الاعتماد على النفس كإحدى التأثيرات النفسية للمواد المخدرة. وأوضح أستاذ أمراض الباطنة والمناعة بجامعة عين شمس‏ الدكتور “مدحت الشافعي” أن هذه المشروبات تسبب العقم، والسمنة لاحتوائها علي ماء الكربونات والسكر والجلوكوز سريع الاحتراق، كما تسبب جفاف الجسم خاصة لدى كبار السن
Relation context: "
qa::ahd5k_00887,qa,ahd5k_00887,,ahd5k_00887,ما هي فوائد زيت حبة السوداء أو ما يعرف بحبة البركة، وهل يمكن تناولها بشكل يومي؟,"Category: الطب البديل (Alternative medicine)
Question: ما هي فوائد زيت حبة السوداء أو ما يعرف بحبة البركة، وهل يمكن تناولها بشكل يومي؟
Answer: يعتقد أن لزيت الحبة السوداء أو ما يعرف بحبة البركة العديد من الفوائد الصحية، والتي تضمن فوائد للجلد، والشعر، والجسم، والمناعة، ولكن لم يتم إثبات فاعلية جميع الفوائد المشهورة للحبة السوداء والمستخدمة في الطب الشعبي، لذلك ينصح باستشارة الطبيب قبل استخدام الحبة السوداء في علاج أي من الاضطرابات الصحية المختلفة. سوف أبين لك فيما يأتي مجموعة من فوائد زيت الحبة السوداء الشائعة: التخفيف من أعراض الربو وأمراض الجهاز التنفسي. علاج حساسية الأنف والتهاب الجيوب الأنفية. التخفيف من أعراض الصداع والصداع النصفي. التخفيف من الأرق، والقلق، والتوتر. التخفيف من أعراض بعض الأمراض الجلدية مثل الصدفية والإكزيما. علاج اضطرابات الهضم والتخفيف من أعراض القولون العصبي. تنظيم سكر الدم. تنظيم ضغط الدم والكوليسترول. تعزيز جهاز المناعة. المحافظة على صحة الشعر. للمزيد: أضرار حبة البركة وزيتها ومحاذير تناولهما فوائد الحبة السوداء مع العسل، وأضرار محتملة
Relation context: ربو TREATED_BY زيت الحبة السوداء. Evidence: التخفيف من أعراض الربو وأمراض الجهاز التنفسي. ما هي فوائد زيت حبة السوداء | حساسية TREATED_BY زيت الحبة السوداء. Evidence: علاج حساسية الأنف. ما هي فوائد زيت حبة السوداء | صداع TREATED_BY زيت الحبة السوداء. Evidence: التخفيف من أعراض الصداع. ما هي فوائد زيت حبة السوداء"
qa::ahd5k_00891,qa,ahd5k_00891,,ahd5k_00891,بنتى عمرها سنة ونصف وفى فى شعرها مناطق ما فهاش شعر وشعرها بيقع وخفيف خالص دة من ايه ول ليه علاج وعلاجه ايه ارجوا الرد وي,"Category: صحة الطفل (Child health)
Question: بنتى عمرها سنة ونصف وفى فى شعرها مناطق ما فهاش شعر وشعرها بيقع وخفيف خالص دة من ايه ول ليه علاج وعلاجه ايه ارجوا الرد وياريت تكتبولى العلاج ايه علشان...
Answer: لو مناطق محددة في فروة الرأس يجب عرضها على أخصائي جلدية. فربما تكون فطريات. أما سقوط الشعر فسببه نقص فيتامين أ وعﻻجه شراب فروتال 5 مل يوميا
Relation context: "
qa::ahd5k_00916,qa,ahd5k_00916,,ahd5k_00916,كنت اعاني من الملاريا واخذت علاج(fandsidar) وتحسنت لكن بعد انتهاء العلاج عادت الاعراض مرة اخري (فقدان الشهية والرغبة في ,"Category: أمراض باطنية (Esoteric)
Question: كنت اعاني من الملاريا واخذت علاج(fandsidar) وتحسنت لكن بعد انتهاء العلاج عادت الاعراض مرة اخري (فقدان الشهية والرغبة في الاستفراغ)افيدوني رجآاءا
Answer: اعملى فحص دم للملاريا مره ثانيه و اذا كان ايجابى اعيدى العلاج او جربى دواء اخر
Relation context: ملاريا DIAGNOSED_BY فحص دم للملاريا. Evidence: اعملى فحص دم للملاريا مره ثانيه | ملاريا TREATED_BY فاندسيدار. Evidence: اخذت علاج(fandsidar)"
qa::ahd5k_00924,qa,ahd5k_00924,,ahd5k_00924,ماسلبيات توسيع الشرايين بالشبكات,"Category: جراحة القلب والشرايين (Cardiovascular surgery)
Question: ماسلبيات توسيع الشرايين بالشبكات
Answer: شبكات توسيع الشرايين هي من الأجهزة الطبية التي فرضت نفسها بقوة في مجال معالجة أمراض القلب وتضيق الأوعية، وهذه الدعامات عادة ما تتكون من إطار معدني، وتوضع داخل الشريان للمساعدة على ابقائه مفتوحا، ولكن بما أنها تشكل جسم غريب بالنسبة لجسم المريض (ليست من نسيج الجسم)، فإنها قد تحرض على الإستجابة المناعية، وهذا قد يسبب ندبا (تكاثر الخلايا) ونمو سريع للنسيج فوق الدعامات، بالإضافة إلى ذلك هناك ميل قوي لتشكل الجُلْطَة في الموقع، حيث الدعامة تحدث أضرار في جدران الشرايين، وتُحفز الصفائح الدموية لتحدث عملية تخثر في الدم، ولذلك ومن أجل تجنب هكذا مضاعفات يجب اعطاء المرضى علاج يحد من التخثر وعادة ما يستخدم كلوبيدوقرل لمدة ستة أشهر، والأسبرين إلى أجل غير مسمى، ومع ذلك فإن العلاج المُضَادّ للصُّفَيحات قد لا يكون كافي لمنع الجلطات وتكاثر الخلايا، وبالتلي قد يحدث انسداد أو عودة لتضيق الدعامات المِعْيَارِيّة(المعدنية العارية)، وفي هذه الحالات ينصح بإستخدام الدعامات المغلفة بأدوية كابِتة للمَناعَة حيث صممت لتخفف من هذه المشكلة وتجنب الإنسداد.
Relation context: "
qa::ahd5k_00931,qa,ahd5k_00931,,ahd5k_00931,هل العلاج المستخدم في تنشيط المبايض قبل الحقن المجهري له تاثير في زيادة الوزن؟,"Category: حمل الأنابيب (Carry tubes)
Question: هل العلاج المستخدم في تنشيط المبايض قبل الحقن المجهري له تاثير في زيادة الوزن؟
Answer: لا تؤثر الابر الهرمونية على زيادة الوزن فقط في فترة اخذهم قد يتم تجمع بعض السوائل في الجسم ولكن في حال الانتهاء من الابر يعود الجسم لوضعه الطبيعي
Relation context: "
qa::ahd5k_00941,qa,ahd5k_00941,,ahd5k_00941,زوجتي حامل في بداية الشهر الخامس وونزل منها ماء من الجنين بكثر استمر معها نصف ساعه وبداي ياتيها متقطع فماهو السبب وطريقه,"Category: علم الأجنة (Embryology)
Question: زوجتي حامل في بداية الشهر الخامس وونزل منها ماء من الجنين بكثر استمر معها نصف ساعه وبداي ياتيها متقطع فماهو السبب وطريقه تفاديها وهل هناك خطوره عليهما؟
Answer: يجب مراجعه طبيبك في اقرب ، حيث ان هذا السائل يمكن ان يكون نتيجه ثقب في الكيس حول الجنين مما يؤدي الى نزول السائل الامينوسي حول الجنين ، او نتيجه لتوسع في عنق الرحم مما يؤدي الى نزول افرازات مهبليه تشبه الماء. وهذه قد تؤدي الى ولاده مبكره او التهابات قد تحتاج الى انهاء هذا الحمل . لذلك يجب مراجعه طبيبك لفحصك وتشخيص حالتك والتاكد من سلامه الحمل واعطائك العلاج المناسب
Relation context: "
qa::ahd5k_00963,qa,ahd5k_00963,,ahd5k_00963,لدي ألم في القفص الصدري يمتد الى الايدي والرقبه وهلك شديد في جميع انحاء الجسم ويشتد حين اخذ نفس كبير الامراض؛حساسية ناتج,"Category: أمراض القلب و الشرايين (Cardiovascular disease)
Question: لدي ألم في القفص الصدري يمتد الى الايدي والرقبه وهلك شديد في جميع انحاء الجسم ويشتد حين اخذ نفس كبير الامراض؛حساسية ناتجة عن رطوبة الجو تشتد عند ارتفاع درجه الحراره
Answer: لابد من عمل رسم قلب بالمجهود للتأكد من مصدر الالم هل له علاقه بالشريان التاجي ام لا
Relation context: "
qa::ahd5k_00970,qa,ahd5k_00970,,ahd5k_00970,ما علاج البلغم (حساسية الصدر) رغم اخذى هلاج اكثر من مرة ولا فائدة ؟ هل امتنع عن طعام معين يزيد البلغم وانا غير مدخن واخذ,"Category: أرجية حساسية (Allergic allergy)
Question: ما علاج البلغم (حساسية الصدر) رغم اخذى هلاج اكثر من مرة ولا فائدة ؟ هل امتنع عن طعام معين يزيد البلغم وانا غير مدخن واخذ علاج للضغط والكوليسترول عمرى 55...
Answer: اذا كنت مدخنا يجب الاقلاع عن التدخين نهائياً وقطعياً علما بأنك لا تدخن كما قلت لكن جلوسك في مكان فيه مدخنين يجعلك مدخناً ايضاً اذا كنت تعاني من التهاب ما في الجزء العلوي من الجهاز التنفسي يجب ان تتعالج يجب التأكد من ما تعانيه هل هو ربو ؟؟ او هل هناك حساسية ابسط من ذلك وعوارضها فقط السعال والبلغم يجب التأكد من ذلك وانصحك بان تطلب معاينة من اخصائي حساسية لكي يعطيك التشخيص النهائي وعندها الطريق الى العلاج يكون اسهل
Relation context: حساسية HAS_SYMPTOM سعال. Evidence: هل هو ربو ؟؟ او هل هناك حساسية ابسط من ذلك وعوارضها فقط السعال والبلغم | حساسية HAS_SYMPTOM بلغم. Evidence: ما علاج البلغم (حساسية الصدر) رغم اخذى هلاج اكثر من مرة ولا فائدة ؟ | التهاب HAS_SYMPTOM سعال. Evidence: اذا كنت تعاني من التهاب ما في الجزء العلوي من الجهاز التنفسي يجب ان تتعالج | التهاب HAS_SYMPTOM بلغم. Evidence: اذا كنت تعاني من التهاب ما في الجزء العلوي من الجهاز التنفسي يجب ان تتعالج | ربو HAS_SYMPTOM سعال. Evidence: هل هو ربو ؟؟ او هل هناك حساسية ابسط من ذلك وعوارضها فقط السعال والبلغم | ربو HAS_SYMPTOM بلغم. Evidence: هل هو ربو ؟؟ او هل هناك حساسية ابسط من ذلك وعوارضها فقط السعال والبلغم"
qa::ahd5k_00977,qa,ahd5k_00977,,ahd5k_00977,السلام عليك لدي ضرس لبني وتكسر وبجنبه ضرس بدء بالظهور هل بامكاني ان اركب سن بدل الضري اللبني المكسور؟! ولكم الشكر,"Category: أمراض الأسنان (Dental)
Question: السلام عليك لدي ضرس لبني وتكسر وبجنبه ضرس بدء بالظهور هل بامكاني ان اركب سن بدل الضري اللبني المكسور؟! ولكم الشكر
Answer: عمر المريض ووضع الاسنان له اعتبارات راجع طبيب اسنان متخصص فى تقويم الاسنان للافادة
Relation context: "
qa::ahd5k_00987,qa,ahd5k_00987,,ahd5k_00987,كيف اعالج علامات الشيخوخة المبكرة بالوجه؟,"Category: صحة المسنين (Elderly health)
Question: كيف اعالج علامات الشيخوخة المبكرة بالوجه؟
Answer: للتقليل من علامات الشيخوخة ننصحك بالتوقف عن التدخين، وشرب الكحول، وممارسة التمارين الرياضية بشكل مستمر وبانتظام، والمحافظة على الغذاء المتوازن الغني بالفيتامينات والمعادن.
Relation context: "
qa::ahd5k_00992,qa,ahd5k_00992,,ahd5k_00992,ماالعلاج الاسعافي لأنخفاض السكر مع فقدان الوعي,"Category: إسعاف أولي (First aid)
Question: ماالعلاج الاسعافي لأنخفاض السكر مع فقدان الوعي
Answer: يجب عليك اعطاء المصاب عسل تحت لسانه ليمضغه وتختلف درجه فقدان الوعي لمريض السكري
Relation context: فقدان الوعي TREATED_BY عسل. Evidence: يجب عليك اعطاء المصاب عسل تحت لسانه"
qa::ahd5k_00994,qa,ahd5k_00994,,ahd5k_00994,هل الاشعة المقطعيه بالصبغه للقلب تسبب انتفاخ اسفل الوجه او انتفاخ الغده هل هو طبيعي,"Category: جراحة القلب والشرايين (Cardiovascular surgery)
Question: هل الاشعة المقطعيه بالصبغه للقلب تسبب انتفاخ اسفل الوجه او انتفاخ الغده هل هو طبيعي
Answer: لا، لكن اذا ما كان هناك تحسس أو استجابة جسدية غير ملائمة يمكن أن يحدث ذلك وننصح بإعلام طبيبك
Relation context: "
qa::ahd5k_01005,qa,ahd5k_01005,,ahd5k_01005,السلام عليكم..ماهو العلاج المناسب لتقليل نسبة الاملاح في الدم النسبة الحالية عندي هي (7.9) عمري 44 سنة /ذكر؟,"Category: أمراض الدم (Blood)
Question: السلام عليكم..ماهو العلاج المناسب لتقليل نسبة الاملاح في الدم النسبة الحالية عندي هي (7.9) عمري 44 سنة /ذكر؟
Answer: فعادة لا نعالج ارتفاع حمض البول بحد ذاته إلا إذا كان عند المريض قصة سابقة لحصوة في الكلية أو مرض النقرس أو زيادة في طرح حمض البول في البول، وهذا نستطيع قياسه بتجميع البول لمدة أربع وعشرين ساعة. ويرتفع حمض البول عند من يتناولون أدوية الضغط التي تحتوي على المدرات، ومن يتناول حبوب الأسبرين لحماية القلب، ولا حاجة لأن تنشغل كثيرا إن لم يكن عندك النقرس أو حصوة في الكلية، وفقط قلل من اللحوم الحمراء والكلاوي والكبد - كما ذكرت - وهو لا يحتاج لعلاج.
Relation context: "
qa::ahd5k_01017,qa,ahd5k_01017,,ahd5k_01017,أخدت كليرا و أحس بان صدري ينتفخ و بيوجعني رأس كتير شو هو سبب ؟,"Category: أمراض القلب و الشرايين (Cardiovascular disease)
Question: أخدت كليرا و أحس بان صدري ينتفخ و بيوجعني رأس كتير شو هو سبب ؟
Answer: لاداعي للقلق، فقديكون بسببه، لكن ينبغي معاودة طبيبك للتحقق
Relation context: "
qa::ahd5k_01023,qa,ahd5k_01023,,ahd5k_01023,كيف يمكننا اكتشاف هذة الحاله؟في اي عمر,"Category: علم الأجنة (Embryology)
Question: كيف يمكننا اكتشاف هذة الحاله؟في اي عمر
Answer: انعدام الحلمات يظهر منذ الولادة، وانعدام الثدي يظهر بعد البلوغ.
Relation context: "
qa::ahd5k_01058,qa,ahd5k_01058,,ahd5k_01058,السلام عليكم أنا أشعر ببرودة رأسي -وغذا اصبح ملمس رأسي بارد جاني صداع لايزول بالمسكنات- ذهبت لأفضل أخصائي أنف وأذن وحنجر,"Category: تشخيص (Diagnosis)
Question: السلام عليكم أنا أشعر ببرودة رأسي -وغذا اصبح ملمس رأسي بارد جاني صداع لايزول بالمسكنات- ذهبت لأفضل أخصائي أنف وأذن وحنجرة قال هذا المرض ماله علاج !! ماهي التحاليل الأزمة...
Answer: أنصحك بمراجعة أخصائي الأمراض الداخلية الذي قد يطلب صور شعاعية للرأس من ضمن فحوص أخرى تحياتي
Relation context: صداع INVESTIGATED_BY الصور الشعاعية. Evidence: الصور الشعاعية قد تُطلب لفحص الصداع"
qa::ahd5k_01066,qa,ahd5k_01066,,ahd5k_01066,مامتي جدا تعبانه من القرحة من غير النزيف المستمر والان هي لا تتناول الاطعمة بسبب الغثيان ...ارجو مساعدتي ..وهي لا تريد ا,"Category: أمراض باطنية (Esoteric)
Question: مامتي جدا تعبانه من القرحة من غير النزيف المستمر والان هي لا تتناول الاطعمة بسبب الغثيان ...ارجو مساعدتي ..وهي لا تريد المستشفی
Answer: هل افهم من سؤالك ان والدتك عندها قرحه مع نزيف مستمر اذا كان الامر هكذا فلابد من ذهابها الى المستشفى لان النزيف المستمر سيشكل خطر على حياتها. اما اذا كانت القرحه مؤكده بدون نزيف فممكن تجرب دواء اسمه ايزومبرازول ٤٠ مج يوميا لمدة ٣ شهور. ان لم يحدث تحسن من البدايه فيجب الذهاب الى المستشفى
Relation context: قرحة TREATED_BY ايزومبرازول. Evidence: ممكن تجرب دواء اسمه ايزومبرازول"
qa::ahd5k_01094,qa,ahd5k_01094,,ahd5k_01094,ما البديل لعمل كراون للضرس في حال كان طول الضرس قصير بسبب كسر وتآكل في السطح بعد حشو عصب مع حجم طبيعي للضرس ،حتى يعود يص,"Category: أمراض الأسنان (Dental)
Question: ما البديل لعمل كراون للضرس في حال كان طول الضرس قصير بسبب كسر وتآكل في السطح بعد حشو عصب مع حجم طبيعي للضرس ،حتى يعود يصبح في طول يسمح بتركيب...
Answer: فيه نوعيات من الطرابيش اسمها تليسكوبيك كراونtelescopic او الاون لاييonlay
Relation context: "
qa::ahd5k_01099,qa,ahd5k_01099,,ahd5k_01099,زوجتي حامل ومنذ بداية حملها لم اتوقف عن الاتصال معهاابدا ..فهل ذلك له علاقه لما تشعر به من حرقه في المهبل...وهل ذلك له ت,"Category: حمل الأنابيب (Carry tubes)
Question: زوجتي حامل ومنذ بداية حملها لم اتوقف عن الاتصال معهاابدا ..فهل ذلك له علاقه لما تشعر به من حرقه في المهبل...وهل ذلك له تأثير على الجنين....
Answer: ﻻتاثير على الجنين...والحرقه من التهابات نسائيه
Relation context: التهاب HAS_SYMPTOM حرقه. Evidence: التهابات نسائيه تسبب حرقه في المهبل"
qa::ahd5k_01104,qa,ahd5k_01104,,ahd5k_01104,كيف اعلاج التهاب الدم,"Category: أمراض الدم (Blood)
Question: كيف اعلاج التهاب الدم
Answer: يجب النظر في اسباب التعاب الدم وذلك عن طريق مراجعة اختصاص الباطني او اخصائي الدم لعمل اللازم واعطاء العلاج
Relation context: "
qa::ahd5k_01128,qa,ahd5k_01128,,ahd5k_01128,سبب استيقاظ الطفل اثناء الليل ونومه مده طويله خلال النهار ؟,"Category: صحة الطفل (Child health)
Question: سبب استيقاظ الطفل اثناء الليل ونومه مده طويله خلال النهار ؟
Answer: ينام اكثر الاطفال الرضع عند شعورهم بالشبع خلال الاشهر الاولى ويعدود الطفل الرضيع ليستيقظ عند شعوره بالجوع ولكن يجب البدء بتعليم الطفل حتى خلال اشهره الاولى ان النهار هو للطعام واللعب والليل هو للنوم وعندما يصل وزن الطفل الرضيع الى 6 او 7 كغ اي بعد الشهر الثالث الى الرابع يبدا بالنوم لساعات متواصلة في الليل لان سعة معدة الطفل تكفي ليشعر الطفل بالشبع لعدة ساعات
Relation context: الجوع TREATED_BY الطعام. Evidence: الطعام"
qa::ahd5k_01140,qa,ahd5k_01140,,ahd5k_01140,لمدا كلما انزعجت من شخص ما أشعر بدوار ودقات سريعة للقلب وشعور براسي تقيل تم يغمى علي دون الغياب عن الوعي فما تشخيصكم لهد,"Category: تشخيص (Diagnosis)
Question: لمدا كلما انزعجت من شخص ما أشعر بدوار ودقات سريعة للقلب وشعور براسي تقيل تم يغمى علي دون الغياب عن الوعي فما تشخيصكم لهدا وشكراً جزيل
Answer: هذه حالة من التوتر الشديد حيث يرافقها أعراض جسدية عابرة، ويُمكن الحد منها من خلال التحول المباشر من التفكير في الموضوع المثير إلى أي نقطة اهتمام أخرى لحين السيطرة على النفس بطريقة أفضل، والرياضة اليومية وجلسات الاسترخاء تُساعد الشخص على تجاوزها، وفي حالة عدم القدرة على عمل ذلك ننصح بمعاودة أخصائي نفسية
Relation context: "
qa::ahd5k_01162,qa,ahd5k_01162,,ahd5k_01162,عندي فقر دم وعملت التحاليل عندي نقص فيتامين دال ونقص حديد وصف لي الدكتور 20 ابرة حديد لمدة شهر هل اخذ هالكمية بهذه المدة,"Category: أمراض الدم (Blood)
Question: عندي فقر دم وعملت التحاليل عندي نقص فيتامين دال ونقص حديد وصف لي الدكتور 20 ابرة حديد لمدة شهر هل اخذ هالكمية بهذه المدة آمن أم مضر للجسم ؟ وما...
Answer: يجب الاعتماد على نسبة الهيموكلوبين لتحديد طريقة العلاج و كمية العلاج نسبة مخزون الحديد في الجسم مقبولة نعم يوجد نقص في نسبة فيتامين د تركيز الحديد يختلف حسب نوعية العلاج العدد المذكور في رسالتك غير مستوجب وغير متوافق مع التحليل المرسل مع السؤال
Relation context: فقر الدم DIAGNOSED_BY فحص تحاليل مخبرية. Evidence: فحص التحاليل المخبرية مرتبط بتشخيص فقر الدم | نقص فيتامين د DIAGNOSED_BY فحص تحاليل مخبرية. Evidence: فحص التحاليل المخبرية مرتبط بتشخيص نقص فيتامين د | نقص حديد DIAGNOSED_BY فحص تحاليل مخبرية. Evidence: فحص التحاليل المخبرية مرتبط بتشخيص نقص حديد"
qa::ahd5k_01178,qa,ahd5k_01178,,ahd5k_01178,شعري لا يطول فحتي عندما اقصه يعود الي طوله قبل القص ولا يزيد عنه وانا ايضا قصيرة فمادا افعل حتي يطول شعري كما انه جاف وم,"Category: الطب البديل (Alternative medicine)
Question: شعري لا يطول فحتي عندما اقصه يعود الي طوله قبل القص ولا يزيد عنه وانا ايضا قصيرة فمادا افعل حتي يطول شعري كما انه جاف ومتقصف ويتساقط بكترة ومجعد قليلا...
Answer: عليك بالذاء الصحي المتوازن و تناول الفيتامينات و عمل فحص للكشف اذا كان هناك فقر دم او لا
Relation context: "
qa::ahd5k_01181,qa,ahd5k_01181,,ahd5k_01181,أود معرفة ما أسباب تدلي المستقيم؟وطرق العلاج؟,"Category: علم التشريح (Anatomy)
Question: أود معرفة ما أسباب تدلي المستقيم؟وطرق العلاج؟
Answer: أسباب تدلي القولون هو ارتخاء في الآنسجة الضامة في الجسم، وربما يساعد كثرة الشد في البطن.
Relation context: "
qa::ahd5k_01185,qa,ahd5k_01185,,ahd5k_01185,ماخطر وجود ثلاث خصيات عند الطفل,"Category: علم الأجنة (Embryology)
Question: ماخطر وجود ثلاث خصيات عند الطفل
Answer: نظريا لا يوجد أي خطر. ولكن يجب إجراء فحوصات للتأكد أن الخصية الثالثة ليست سببا في أي مشكل آخر؟؟
Relation context: "
qa::ahd5k_01190,qa,ahd5k_01190,,ahd5k_01190,كيف يمكن شد الجلد المترهل في منطقه البطن مع العلم ان الوزن مناسب؟,"Category: الطب البديل (Alternative medicine)
Question: كيف يمكن شد الجلد المترهل في منطقه البطن مع العلم ان الوزن مناسب؟
Answer: يمكن شده بممارسة الرياضة أو بالجراحة التجميلية.راجعي اختصاصي تجميل.
Relation context: الجلد المترهل TREATED_BY الجراحة التجميلية. Evidence: يمكن شده بممارسة الرياضة أو بالجراحة التجميلية"
qa::ahd5k_01220,qa,ahd5k_01220,,ahd5k_01220,السلام عليكم عمري43 اعاني ارتفاع الصفراء في الدم وصلت الي 7.6 ويوجد تضخم في الطحال والم ف اسفل البطن وجانبين الي الظهر م,"Category: أمراض باطنية (Esoteric)
Question: السلام عليكم عمري43 اعاني ارتفاع الصفراء في الدم وصلت الي 7.6 ويوجد تضخم في الطحال والم ف اسفل البطن وجانبين الي الظهر مع احساس بالتعب تحاليل للفيروسات سلبي ومناعةانكا 1/80
Answer: ماهي تحاليل وظائف الكبد وصوره الدم ونتيجه الاشعه التليفزيونيه
Relation context: "
qa::ahd5k_01221,qa,ahd5k_01221,,ahd5k_01221,اعاني منذ فترة خمس سنوات من اصابة العصب السابع وترك بعض الاثار علي منها عند الطعام تذرف عيني اليسرى بالدمع هل هناك علاج ,"Category: علم التشريح (Anatomy)
Question: اعاني منذ فترة خمس سنوات من اصابة العصب السابع وترك بعض الاثار علي منها عند الطعام تذرف عيني اليسرى بالدمع هل هناك علاج للعصب السابع بعد مضي هذه المدة الزمنه
Answer: يصعب علاج شلل العصب السابع كلما تأخر العلاج، والعلاج المتبع عادة هو مضادات الالتهاب والكورتيزونات، وقد يضاف إليها مضادات الفيروسات، وقد يستفيد بعض المرضى من العلاج الطبيعي أو العلاج بالإبر الصينية، ولكن التأخر في العلاج يصعب الأمور.
Relation context: شلل العصب السابع TREATED_BY مضادات الالتهاب. Evidence: مضادات الالتهاب | شلل العصب السابع TREATED_BY العلاج الطبيعي. Evidence: العلاج الطبيعي | شلل العصب السابع TREATED_BY العلاج بالإبر الصينية. Evidence: العلاج بالإبر الصينية | شلل العصب السابع TREATED_BY مضادات الفيروسات. Evidence: مضادات الفيروسات | شلل العصب السابع TREATED_BY الكورتيزونات. Evidence: الكورتيزونات"
qa::ahd5k_01231,qa,ahd5k_01231,,ahd5k_01231,تناولت مضاد حيووي زييثرون وانتج حساسيه شديده وتورم في المنطقة التناسليه وانا تعبانه جدا ما الحل ؟,"Category: أرجية حساسية (Allergic allergy)
Question: تناولت مضاد حيووي زييثرون وانتج حساسيه شديده وتورم في المنطقة التناسليه وانا تعبانه جدا ما الحل ؟
Answer: لاتاخذيه مره اخرى استخدمي مضاد هيسامين وكورتيزون موضعي اعملي تحليل حساسية المضادات
Relation context: حساسية TREATED_BY مضاد الهيستامين. Evidence: استخدمي مضاد هيسامين وكورتيزون موضعي | حساسية TREATED_BY كورتيزون. Evidence: استخدمي مضاد هيسامين وكورتيزون موضعي | حساسية DIAGNOSED_BY تحليل الحساسية. Evidence: اعملي تحليل حساسية المضادات"
qa::ahd5k_01236,qa,ahd5k_01236,,ahd5k_01236,السلام عليكم ماهية الاعراض والاضرار مابعد عملية القسطرة وشكرا,"Category: جراحة القلب والشرايين (Cardiovascular surgery)
Question: السلام عليكم ماهية الاعراض والاضرار مابعد عملية القسطرة وشكرا
Answer: القسطرة وسيلة مساعدة للتأكد من تشخيص ما أو استبعاده وليست مرض وليس لها إعراض ولا ضر إلا إذا حصلت مضاعفة ما بسبب حساسية أو خلل تقني
Relation context: "
qa::ahd5k_01245,qa,ahd5k_01245,,ahd5k_01245,انا اشعر بالصداع والنعاس وحساسية في وجهي والحكة بكل انحاء جسمي كيف استطيع ان اوقف هذا الدواء,"Category: أرجية حساسية (Allergic allergy)
Question: انا اشعر بالصداع والنعاس وحساسية في وجهي والحكة بكل انحاء جسمي كيف استطيع ان اوقف هذا الدواء
Answer: معرفة سبب الحساسيه وتجنبه لتتجنب استخدام الادويه يتم ذلك عن طريق RAST Test
Relation context: حساسية DIAGNOSED_BY RAST Test. Evidence: معرفة سبب الحساسيه يتم ذلك عن طريق RAST Test"
qa::ahd5k_01255,qa,ahd5k_01255,,ahd5k_01255,ما هي اعراض عضة الجردون؟وكيف يتم لها الاسعافات الاولية؟وهل علاجها بسلسلة من الحقن؟,"Category: إسعاف أولي (First aid)
Question: ما هي اعراض عضة الجردون؟وكيف يتم لها الاسعافات الاولية؟وهل علاجها بسلسلة من الحقن؟
Answer: من أخطر العضات عضة الجرذون لأنها تسبب أمراضا خطيرة مثل حمى عضة الجرذ ، وحمى عضة الفأر والسودوكو ، وأهم أعراض العضة هي : ارتفاع درجة الحرارة ، ارتجاف ، هيجان ، أوجاع العضلات آلام المفاصل . وعلاجها يكون باعطاء المضادات الحيوية مثل البنسيلين والسيبروفلوكساسين وغيرها بعد استشارة الطبيب.
Relation context: حمى عضة الجرذ HAS_SYMPTOM حمى. Evidence: حمى عضة الجرذ ، وحمى عضة الفأر | حمى عضة الجرذ HAS_SYMPTOM ارتجاف. Evidence: ارتجاف | حمى عضة الجرذ HAS_SYMPTOM أوجاع العضلات. Evidence: أوجاع العضلات | حمى عضة الجرذ HAS_SYMPTOM أوجاع المفاصل. Evidence: أوجاع المفاصل | حمى عضة الجرذ TREATED_BY بنسيلين. Evidence: البنسيلين | حمى عضة الجرذ TREATED_BY سيبروفلوكساسين. Evidence: السيبروفلوكساسين | حمى عضة الجرذ TREATED_BY المضادات الحيوية. Evidence: المضادات الحيوية | حمى عضة الفأر HAS_SYMPTOM حمى. Evidence: حمى عضة الفأر"
qa::ahd5k_01259,qa,ahd5k_01259,,ahd5k_01259,لا أستطبع النوم على جانبي لا الأيمن ولا الأيسر وأجد صعوبة في التنفس العميق. كما أشعر بين الفينة والأخرى بآلام قرب القلب.,"Category: أمراض القلب و الشرايين (Cardiovascular disease)
Question: لا أستطبع النوم على جانبي لا الأيمن ولا الأيسر وأجد صعوبة في التنفس العميق. كما أشعر بين الفينة والأخرى بآلام قرب القلب. كما أخبركم أني مريصة بالقلب (مشكل في صمامتين)
Answer: لا داعي للقلق لكن اسباب ذلك كثيرة وقد لا تكون متعلقة بحالتك السابقة وفي جميع الاحوال لا بد من فحص طبي سريري اولا لبيان خصائص الاعراض وللكشف عن العلامات المرافقة اولا
Relation context: "
qa::ahd5k_01262,qa,ahd5k_01262,,ahd5k_01262,هل لازم ترتفع درجه حراره الرضيع بعدتطعيم شهرين,"Category: صحة الطفل (Child health)
Question: هل لازم ترتفع درجه حراره الرضيع بعدتطعيم شهرين
Answer: أحيانا وتعطي خافض حرارة اذا ارتفعت سبتال
Relation context: "
qa::ahd5k_01266,qa,ahd5k_01266,,ahd5k_01266,هل هناك أسباب أخرى محددة تؤدي الى ولادة دات شفة مشقوقة من غير استعمال دواء التوبيراميت.,"Category: علم الأجنة (Embryology)
Question: هل هناك أسباب أخرى محددة تؤدي الى ولادة دات شفة مشقوقة من غير استعمال دواء التوبيراميت.
Answer: الشفة الأرنبية تعتبر من التشوهات الخلقية الشائعة نسبيا اذ تصل نسبتها الى 1 في كل 700 ولادة وفي الغالب يكون السبب وراثي وقم تم تحديد الجين المسئول عن ذلك ولكنها قد تنتج عن استعمال بعض الأدوية بجرعات كبيرة نسبيا مثل الاسبرين والكورتيزون والتوبيراميت وادوية اخرى او التعرض للعدوى بواسطة بعض الفيروسات
Relation context: "
qa::ahd5k_01290,qa,ahd5k_01290,,ahd5k_01290,كيف تتم ازالة شظايا القنابل الصغيرة الانشطارية في المنزل عند عدم التمكن من الذهاب للمستشفى وهل هناك اخطار من بقائها؟,"Category: إسعاف أولي (First aid)
Question: كيف تتم ازالة شظايا القنابل الصغيرة الانشطارية في المنزل عند عدم التمكن من الذهاب للمستشفى وهل هناك اخطار من بقائها؟
Answer: حسب نوعية هذه الشظايا، ولكن في الغالب لا تؤثر في الجسم لأن الجسم يصنع محفظات حولها ويعزلها، ولكن الأفضل مراجعة مستشفى في الفرصة المناسبة وعمل تصوير بالأشعة لتحديد مكان الشظايا ونوعها، وربما استئصالها إذا أمكن.
Relation context: شظايا القنابل الصغيرة الانشطارية DIAGNOSED_BY أشعة. Evidence: عمل تصوير بالأشعة لتحديد مكان الشظايا ونوعها"
qa::ahd5k_01292,qa,ahd5k_01292,,ahd5k_01292,السلام عليكم .. هل تناول ملعقة يوميا من زيت الحلبة على الريق يزيد من حجم الثدي بجانب التمارين ..؟؟ و ما المدة التى يمكن ,"Category: الطب البديل (Alternative medicine)
Question: السلام عليكم .. هل تناول ملعقة يوميا من زيت الحلبة على الريق يزيد من حجم الثدي بجانب التمارين ..؟؟ و ما المدة التى يمكن الاستمرار عليها فى تناول الزيت؟ و...
Answer: اشربى من الحلبة كتير اما بالنسبة لزيت الحلبة ضعي منه معلقة على صدرك وادهنى صدرك بزيت الحلبة بالليل وبزيت الزيتون الصبح، وافركي الثديين بشكل دائري ومن أسفل لأعلى ولكنه يحتاج استمرار وصبر لمدة بضع شهور بدون ملل ولا يأس
Relation context: "
qa::ahd5k_01293,qa,ahd5k_01293,,ahd5k_01293,كيفية التعامل مع انتفاخ ضرس العقل مسببا الام و احمرار الفك الاسفل,"Category: أمراض الأسنان (Dental)
Question: كيفية التعامل مع انتفاخ ضرس العقل مسببا الام و احمرار الفك الاسفل
Answer: لا بد من مضاد حيوي و مسكن الم و مضمضة فموية و هذا كله يتم باشراف الطبيب و باذن الله بعد حوالي ثلاث ايام يصبح مقبولا ولكن لابد من الاستمرار بالعلاج 5-7 ايام
Relation context: "
qa::ahd5k_01294,qa,ahd5k_01294,,ahd5k_01294,تعاني والدتي من انسداد في الصمام الابهر بنسبة 40-60. حيث والتقرير ينصح باجراء عملية قلب مفتوح وتبديل صمامالابهر مع العلم,"Category: جراحة القلب والشرايين (Cardiovascular surgery)
Question: تعاني والدتي من انسداد في الصمام الابهر بنسبة 40-60. حيث والتقرير ينصح باجراء عملية قلب مفتوح وتبديل صمامالابهر مع العلم انها تعاني من مرض السكري وضغط الدمز. العمر65س
Answer: العمليات الجراحية اليوم لا يعيقها أي مرض إذا ما تمت السيطرة عليه بشكل جيد قبل وأثناء وبعد العمل الجراحي، فلا داعي للقلق
Relation context: مرض السكري HAS_SYMPTOM ضغط الدم. Evidence: مرض السكري وضغط الدمز"
qa::ahd5k_01295,qa,ahd5k_01295,,ahd5k_01295,انا ابتلعت دبوس امس ولا اشعر ببلعه واعاني بوجع صدري كيف اعمل,"Category: إسعاف أولي (First aid)
Question: انا ابتلعت دبوس امس ولا اشعر ببلعه واعاني بوجع صدري كيف اعمل
Answer: الافضل زيارة الطبيب لاجراء الفحوصات اللازمة و أشعة لمعرفة ممان الدبوس والتأكد من وجوده و اي اذية اخرى فيما اذا كان موجودا وتلقي العلاج المناسب
Relation context: دبوس DIAGNOSED_BY أشعة. Evidence: أشعة لمعرفة مكان الدبوس والتأكد من وجوده"
qa::ahd5k_01312,qa,ahd5k_01312,,ahd5k_01312,انا فتاه عمري23 عزباء عندي هرمون الفا فيتو بروتين وصل 400 فهل يشكل خطوره,"Category: أمراض باطنية (Esoteric)
Question: انا فتاه عمري23 عزباء عندي هرمون الفا فيتو بروتين وصل 400 فهل يشكل خطوره
Answer: يجب عمل سونار بطن وحوض مع انريمات الكبد
Relation context: "
qa::ahd5k_01325,qa,ahd5k_01325,,ahd5k_01325,عندى بقع بنية على جانبى الوجة وانا اعانى من انيميا 10 وكان عندى حصوات بالمرارة وعملت العملية ولا زالت البقع موجودة ما ال,"Category: أمراض الدم (Blood)
Question: عندى بقع بنية على جانبى الوجة وانا اعانى من انيميا 10 وكان عندى حصوات بالمرارة وعملت العملية ولا زالت البقع موجودة ما العلاج الاكيد وشكرا
Answer: من الواضح انكب تعانين من تكسر مزمن في الدم أدى لظهور الحصى في المرارة لذا أنصحكم بمراجعة طبيب اختصاص دم لمعرفة نوعية التكسر والتي على الأغلب ان يكون العامل الوراثي له دور كبير
Relation context: "
qa::ahd5k_01330,qa,ahd5k_01330,,ahd5k_01330,ماهو البردقوش وهل يوجد باليمن وهل يزيد من عدد الحيوانات المنويه؟,"Category: الطب البديل (Alternative medicine)
Question: ماهو البردقوش وهل يوجد باليمن وهل يزيد من عدد الحيوانات المنويه؟
Answer: البردقوش v ينظم هرمونات الرينين و الألدسترون وينظم ضغط الدم. v منشط عام ، و يعمل على إعادة الاتزان الهرموني فينظم الدورة الشهرية وينشط المبايض فيساعد على الحمل، و يزيل الماء الزائد من الجسم. v طارد للغازات. v يفيد في علاج الروماتيزم و الأكزيما و القرح المعدية. v يستعمل من الخارج كتدليك لالتهاب الأعصاب و آلام عضلات العنق. v له تأثير مضاد للأكسدة و يحوي على مواد تمنع تهتك الخلايا. v إذا أخذ مساءً يؤدي إلى الإسترخاء.. v ثبت حديثاً أن المستخلص المائي المحتفظ بالزيوت الطيارة منه يخفض سكر الدم بنسبة تصل إلى 15%. v الزكام و توسيع الشعب الهوائية. v ضبط الضغط المرتفع و إزلة الماء الزائد و تورمات القدمين. v انسمام الحمل. v القضاء على آلام المفاصل و الآلام الروماتيزمية. v لعلاج آلام الأذن
Relation context: "
qa::ahd5k_01350,qa,ahd5k_01350,,ahd5k_01350,اعاني من حموضة وصعوبة في التنفس وصعوبة بلع والم في الجانب الايسر من الصدر مع تعب في الكتف اليسرى بعد ابذال مجهود فهل هذا,"Category: أمراض القلب و الشرايين (Cardiovascular disease)
Question: اعاني من حموضة وصعوبة في التنفس وصعوبة بلع والم في الجانب الايسر من الصدر مع تعب في الكتف اليسرى بعد ابذال مجهود فهل هذا خطر على القلب ام حموضة عادية
Answer: لا علاقه له بالقلب . اعمل رسم قلب وايكو ع الاقل وراجع طبيب الباطنه والعظام
Relation context: "
qa::ahd5k_01358,qa,ahd5k_01358,,ahd5k_01358,ما هو ابسط علاج لمرض السكر بدون كيماويات؟,"Category: الطب البديل (Alternative medicine)
Question: ما هو ابسط علاج لمرض السكر بدون كيماويات؟
Answer: أشاطرك القلق حول الادوية الصنعية، ولكن الكيماويات هي المادة الفعالة حتى في العلاجات غير المصنعة وسمعت وشاهدت الكثير من المرضى الذين استخدموا علاجات طبيعية، بعضهم استجاب بشكل ايجابي وبعضهم الاخر تعرض لارتفاعات خطيرة في مستويات سكر الدم بسبب ترك العلاج الصنعي المشكلة في العلاجات الطبيعية أنها غير مدروسة، لا من حيث الفعالية ولا من حيث التأثيرات الجانبية والسمية المحتملة الحادة أوعلى المستوى البعيد، ومن ناحية أخرى حتى الفعال منها لا يمكن اعطاء جرعة دقيقة ولا يمكن التنبؤ بنتائجها لدى الغالبة العظمى من المرضى، فمثل الادوية الصنعية، قد تكون فعالة لدى بعض المرضى وغير فعالة لدى مرضى آخرين تحياتي
Relation context: "
qa::ahd5k_01372,qa,ahd5k_01372,,ahd5k_01372,انا عملت جراحة فى القلب وتم تغير الصمام المترالى بصمام ميكانيكى صناعى وباخد دواء واريفان ( لسيولة الدم ) 8 ملجرام ومصاب ,"Category: جراحة القلب والشرايين (Cardiovascular surgery)
Question: انا عملت جراحة فى القلب وتم تغير الصمام المترالى بصمام ميكانيكى صناعى وباخد دواء واريفان ( لسيولة الدم ) 8 ملجرام ومصاب بالانفلوانزا ماالعلاج المناسب
Answer: العلاج يتطلب معاودة طبيبك المعالج للتأكد من العدوى الفيروسية أولاً
Relation context: "
qa::ahd5k_01375,qa,ahd5k_01375,,ahd5k_01375,هل حبوب كريستور(rousovastatin) تؤثر على عضلة القلب ؟,"Category: أمراض القلب و الشرايين (Cardiovascular disease)
Question: هل حبوب كريستور(rousovastatin) تؤثر على عضلة القلب ؟
Answer: هو علاج خافض للكولسترول وليس له أثير ضار على القلب
Relation context: "
qa::ahd5k_01394,qa,ahd5k_01394,,ahd5k_01394,هل يوجد أعشاب طبية تساعد على الشفاء من حالة الاكتئاب و الشعور بالخوف ، علما بأنه يوجد لدي فقر دم (انيميا الفول ) و يتجدث,"Category: تشخيص (Diagnosis)
Question: هل يوجد أعشاب طبية تساعد على الشفاء من حالة الاكتئاب و الشعور بالخوف ، علما بأنه يوجد لدي فقر دم (انيميا الفول ) و يتجدث حالات الاكتئاب هذه عند تناول...
Answer: يختلف تأثير الطعام على الإنسان من شخص لآخر تبعاً للعديد من العوامل والأسباب وإن من أهم أسباب الشعور بالاكتئاب هو نقص عناصر غذائية في وجباتنا الغذائية . مشروبات بين الوجبات للقضاء على الاكتئاب للحالات العادية : - شاي الأعشاب المكوّن من التليو + النعناع + البابونج . - شاي اللافندر + اليانسون + الزعتر والمريمية . للاكتئاب الحاد شاي الأعشاب مكون من أوراق البرتقال + اللافندر + الكركديه . شاي الأعشاب مكون من الكنيدولا + الفاليريانا + اليانسون مع عصير الخس الطازج مخلوط بربع كوب عصير الكرفس أعشاب ومشروبات في حالات الفشل العاطفي : المردقوش + الهندباء البرية مع ملعقة عسل … وقت العصر وبعد صلاة العشاء . للاكتئاب انقطاع ( الطمث ، سن اليأس ) وصفات سريعة لحالات متنوعة : كركديه + المردقوش + الخزام + ورق النارنج . للخوف الشديد وتوتر الأعصاب والفزع يؤخذ شاي الأعشاب / أكليل الجبل + الفنطريون وشرب عصير التفاح المخلوط بعصير الكرفس النيئ يؤخذ لتقوية الأعصاب ضد الضعف النفسي وله أكبر أثر على الدماغ ، وتهدئة النفس شاي أكليل الجبل والزيتون + الزعتر ، وغلي بصلة وشرب مائها مضاف له ورقتين من الملفوف لمدة (3) أسابيع وأخذ ملعقة كبيرة مرتين من زيت جنين القمح وتناول حبوب الهريس أو البليلة . ولفقد عزيز يؤخذ شاي الفنطريون والمردقوش + الهندباء البرية ويفضل وضع الكرفس النيئ على السلطة الخضراء في الاكتئاب والتفكير الحزين يفيد الخردل أوخلاصة بقلة يوحنا(سان جون ورت) أو خلاصة كافاكافا. وهذه أكثر فاعلية وأمنا من دواء البروزاك الشهير وبعض المواد التي تفيد في علاج الاكتئاب كفيتامين (ب) مركب تعيد التوازن الكيماوي الحيوي بالجسم مع تناول البطاطس المسلوقة وشرب اللبن يفيد. لأن به مادة التروفان التي يصنع منها هورمون السيروتنين في وجود فيتامين ب6 وب3 وعنصر الزنك. وهذا الهورمون يلعب دورا رئيسيا في ازالة الاكتئاب. ا
Relation context: "
qa::ahd5k_01406,qa,ahd5k_01406,,ahd5k_01406,"انا عندى 16 سنة وعندي ارتخاء بالصمام الميترالى والاعراض اللى عندي دوخة لما أقف و بتعب من أقل مجهود , وعند الاستيقاظ هناك","Category: أمراض القلب و الشرايين (Cardiovascular disease)
Question: انا عندى 16 سنة وعندي ارتخاء بالصمام الميترالى والاعراض اللى عندي دوخة لما أقف و بتعب من أقل مجهود , وعند الاستيقاظ هناك ضيق بالتنفس,والدكتورظكاتبلى اندرال 20 جم بس مش...
Answer: نرى من المهم معاودة طبيبك لتعديل العلاج فقد يتطلب الأمر تغير الاندرال أو تخفيض جرعته
Relation context: "
qa::ahd5k_01418,qa,ahd5k_01418,,ahd5k_01418,هل هناك اسباب للحساسية من الباراسيتمول وما الاغذية التى امتنع عنها وما هى الاغذية التى ااكلها,"Category: أرجية حساسية (Allergic allergy)
Question: هل هناك اسباب للحساسية من الباراسيتمول وما الاغذية التى امتنع عنها وما هى الاغذية التى ااكلها
Answer: يسمح لك بتناول ما تشاء الممنوع هو الباندول
Relation context: "
qa::ahd5k_01422,qa,ahd5k_01422,,ahd5k_01422,كان لدي ارتفاع بسيط في الصفائح ٤٦١ وعندما ولدت بعد ٥٠ يوم التحليل طلع ٦٧٩ واشكو من عدم اكتمال النفس في بعض الاوقات وقال ,"Category: أمراض الدم (Blood)
Question: كان لدي ارتفاع بسيط في الصفائح ٤٦١ وعندما ولدت بعد ٥٠ يوم التحليل طلع ٦٧٩ واشكو من عدم اكتمال النفس في بعض الاوقات وقال لي الطبيب لديك التهاب في الصدر...
Answer: يجب اجراء فحص نسبة الحديد اولاونسبة معدل الالتهابات في الدم واذا كانت هذه طبيعية ومرت على الحالة 3 شهور يجب اجراء فحص نخاع العظم
Relation context: "
qa::ahd5k_01423,qa,ahd5k_01423,,ahd5k_01423,عمري 18 سنة وأنا أعاني من صغر الثدي هل يوجد أي حل لتكبيره دون جراحة?,"Category: الطب البديل (Alternative medicine)
Question: عمري 18 سنة وأنا أعاني من صغر الثدي هل يوجد أي حل لتكبيره دون جراحة?
Answer: حليب الصويا له فوائد عديدة فهو يزيد من افراز هرمون الأستروجين الأنثوي الذي يثير الرغبة الجنسية عند المرأة ويزيد من حجم الأعضاء التناسلية والثديين، يمكنك استعماله كما تشائين سواء شرب كالحليب أو عمل جبنة، وهناك الحلبة تعمل على تكبير الثدي.
Relation context: "
qa::ahd5k_01440,qa,ahd5k_01440,,ahd5k_01440,طفلتي عندما تتعرض لأي ضربة على يديها أو أرجلها أو أي منطقة من جسمها تظهر بقع زرقاء كبيرة الحجم لا تتناسب مع قوة الضربة..,"Category: أمراض الدم (Blood)
Question: طفلتي عندما تتعرض لأي ضربة على يديها أو أرجلها أو أي منطقة من جسمها تظهر بقع زرقاء كبيرة الحجم لا تتناسب مع قوة الضربة....فهل هذا مرض أم شيء طبيعي؟
Answer: هذه البقع حسب حجمها قد تكون عبارة عن نزف بسيط تحت الجلد عليك اجراء فحوصات للصفيحات الدموية أولاً و عوامل تخثر اخرى عن طريق الطبيب المختص
Relation context: "
qa::ahd5k_01465,qa,ahd5k_01465,,ahd5k_01465,اعاني من اﻻم اسفل البطن,"Category: أمراض باطنية (Esoteric)
Question: اعاني من اﻻم اسفل البطن
Answer: من الممكن ان يكون نتيجة لعدة اسباب نحتاج الى تاريخ المرضي كامل والفحص السريري ومن ثم التشخيص و العلاج الاسباب المحتملة: - امساك مزمن - فتق - حصوات مجرى البول - التهاب مجرى البول - القولون العصبي - التهاب الزائدة الدودية
Relation context: "
qa::ahd5k_01491,qa,ahd5k_01491,,ahd5k_01491,عمري ٢٥سنة واعاني من نشاط زائد في الغده الدرقية وقمت بأخذ جرعه من اليود النووي المشع وعندي طفل عمره سنه فما المده الزمني,"Category: أمراض الغدد الصماء (Endocrine)
Question: عمري ٢٥سنة واعاني من نشاط زائد في الغده الدرقية وقمت بأخذ جرعه من اليود النووي المشع وعندي طفل عمره سنه فما المده الزمنيه المحدده اللتي سأتمكن بعدها
Answer: ستتمكن بعدها من ماذا اذا كان المقصود التعامل والاقتراب من الطفل فبعد اسبوع يمكنك ذلك اما اذا كان المقصود محاولة انجاب طفل اخر فالمدة هي 6 اشهر
Relation context: "
qa::ahd5k_01510,qa,ahd5k_01510,,ahd5k_01510,يشعر والدي بألم في منطقة الصدر علما ان والدي مصاب بجلطة قلبية ودماغية اليوم قد تناول بيزا وكانت دسمة،،،،،هل هذا الم قلب ,"Category: أمراض القلب و الشرايين (Cardiovascular disease)
Question: يشعر والدي بألم في منطقة الصدر علما ان والدي مصاب بجلطة قلبية ودماغية اليوم قد تناول بيزا وكانت دسمة،،،،،هل هذا الم قلب ام الام معدة
Answer: لا يمكن معرفة ذلك بدون فحص يسمح بالتحقق من خصائص الالم وباقي الاعراض وللكشف عن العلامات المرافقة التي تساعد في معرفة السبب بدقة
Relation context: "
qa::ahd5k_01515,qa,ahd5k_01515,,ahd5k_01515,هل يوجد تأثير على الجنين في حالة تعاطي أقراص ميزوتاك في بداية الحمل بغرض الإجهاض وأنا الآن اقتنعت باكمال الحمل ولكن قلق ,"Category: علم الأجنة (Embryology)
Question: هل يوجد تأثير على الجنين في حالة تعاطي أقراص ميزوتاك في بداية الحمل بغرض الإجهاض وأنا الآن اقتنعت باكمال الحمل ولكن قلق من تأثر الجنين بالمادة الفعالة لهذا الدواء؟
Answer: ننصحك بمتابعه الحمل لدى طبيبك النسائيه وكذلك اجراء فحص رباعي الابعاد لسلامه الجنين في الشهر الثالث والخامس من الحمل للاطمئنان على سلامه الجنين
Relation context: "
qa::ahd5k_01518,qa,ahd5k_01518,,ahd5k_01518,حموضة في فمي واحساس برائحة تفاح متعفن مع كدمات زرقاء غامقة في قدماي واحساس بغبوش في الرؤية,"Category: أمراض باطنية (Esoteric)
Question: حموضة في فمي واحساس برائحة تفاح متعفن مع كدمات زرقاء غامقة في قدماي واحساس بغبوش في الرؤية
Answer: كشف سريري وعمل الفحوصات الاتية صورة دم لعدد الصفائح الدموية وكرات الدم البيضاء والحمراء تحليل سكر صايم وبعد الاكل بساعتين وتراكمي واستون بالدم تحليل وظائف كلي وال eGFR تحليل بول وبراز.. اشعة بالموجات ف الصوتية
Relation context: "
qa::ahd5k_01537,qa,ahd5k_01537,,ahd5k_01537,قمت بعمل اشعة بالصبغة على الاورطى والشرايين الطرفية وجت انتفاخ بالوجه ووجع بالجسم ارجو الافادة,"Category: جراحة القلب والشرايين (Cardiovascular surgery)
Question: قمت بعمل اشعة بالصبغة على الاورطى والشرايين الطرفية وجت انتفاخ بالوجه ووجع بالجسم ارجو الافادة
Answer: نرجو توضيح السؤال وما هي نتيجة الفحص الشعاعي كما وردت في التقرير ليتسنى لنا معرفة النتيجة ومن ثم التشخيص
Relation context: انتفاخ INVESTIGATED_BY اشعة. Evidence: اشعة بالصبغة | وجع INVESTIGATED_BY اشعة. Evidence: اشعة بالصبغة"
qa::ahd5k_01551,qa,ahd5k_01551,,ahd5k_01551,ماهي أضرارشجرة القات وماهي منافعها إذا لها فوائد وهل صحيح أنها علاج لمرضى السكر,"Category: علم النبات (Botany)
Question: ماهي أضرارشجرة القات وماهي منافعها إذا لها فوائد وهل صحيح أنها علاج لمرضى السكر
Answer: مضاره: ١- يؤدي إلى صعوبة التبول، وإفرازات منوية لاإرادية بعد التبول وكذلك الضعف الجنسي. ٢-زيادة السكر في الدم والتعرض لمرض السكري ٣-يقلل نسبة البروتين في الدم مما يؤثر على نمو الجسم ويسبب الهزال وضعف البنية لدى المتعاطين ٤-يسبب عسر الهضم ويؤدي إلي البواسير وفقدان الشهية والإمساك، وهو من أهم أعراض تعاطي القات. ٥-يؤدي إلى ازدياد حالات سرطانات الفم والفك. والقات يؤدي إلى الإدمان.
Relation context: مرض السكري DIAGNOSED_BY تحاليل مخبرية. Evidence: تحاليل مخبرية | التهاب DIAGNOSED_BY تحاليل مخبرية. Evidence: تحاليل مخبرية"
qa::ahd5k_01558,qa,ahd5k_01558,,ahd5k_01558,أعاني من حرقان بكامل بجسمي والتهاب المسالك البوليه وارتفاع الكلسترول والدهون الثلاثيه مال الحل جزاكم الله خير وما قد يكو,"Category: جراحة القلب والشرايين (Cardiovascular surgery)
Question: أعاني من حرقان بكامل بجسمي والتهاب المسالك البوليه وارتفاع الكلسترول والدهون الثلاثيه مال الحل جزاكم الله خير وما قد يكون المسبب
Answer: لا نعرف تاريخك الصحي، مع ذلك ننصح بمعاودة طبيك لاستكمال التشخيص ووضع خطة علاجية تتناسب مع حالتك، لأن علاج ارتفاع الكوليستيرول والدهنيات يشمل أدوية وحمية وتغير نمط الحياة ولكل حالة علاجها الخاص وفق نمطها الشحمي وعوامل الاختطار التي يكشف عنها الطبيب عند التشخيص.
Relation context: "
qa::ahd5k_01567,qa,ahd5k_01567,,ahd5k_01567,ماهي علاجات حمى التهاب باطن القدم وباطن اليد وماهي الفحوصات للتاكد من اسباب هذا المرض؟,"Category: أمراض باطنية (Esoteric)
Question: ماهي علاجات حمى التهاب باطن القدم وباطن اليد وماهي الفحوصات للتاكد من اسباب هذا المرض؟
Answer: اسباب حرقة باطن القدم وباطن اليد كثيرة مثل : 1- مرض السكري بعد مرور عدة سنوات 2- نقص فيتامين ب 3- التصلب اللويحي 4- نقص الحديد الشديد و نقص الزنك التهاب الاعصاب الطرفية و يكمن العلاج في معرفة السبب.
Relation context: "
qa::ahd5k_01574,qa,ahd5k_01574,,ahd5k_01574,اعاني من ضربات القلب السريعه والقويه وتزدادأثناء النوم ذهبت منذ سنين الى مشفى واستخدمت دواء ينظم الدقات وتركته بعد فتره ,"Category: أمراض القلب و الشرايين (Cardiovascular disease)
Question: اعاني من ضربات القلب السريعه والقويه وتزدادأثناء النوم ذهبت منذ سنين الى مشفى واستخدمت دواء ينظم الدقات وتركته بعد فتره ولم اتحسن ذهبت لمشافي اخرى ولكن يقولون لي لا توجد...
Answer: بما ان الفحص الطبي كان سليما فلا داعي للقلق فقد يكون السبب القلق والإجهاد النفسي ليس اكثر
Relation context: "
qa::ahd5k_01577,qa,ahd5k_01577,,ahd5k_01577,والدي وقع من الدرج قبل ثلالث ايام نلاحظ هناك زغللة في عينه اليمنى مع حول فيها تم قياسة مستوى السكر اليوم 200 اتمنى افادت,"Category: صحة المسنين (Elderly health)
Question: والدي وقع من الدرج قبل ثلالث ايام نلاحظ هناك زغللة في عينه اليمنى مع حول فيها تم قياسة مستوى السكر اليوم 200 اتمنى افادتي بهذا الامر هل له علاقة بالحلطة...
Answer: السكري مرتفع يا بنتي! خذيه رلى طبيب الأمراض الباظنة أو السكري فوراً.
Relation context: "
qa::ahd5k_01578,qa,ahd5k_01578,,ahd5k_01578,ماهي الاهمية الطبية للجلوكوز والفركتوز والجالكتوز؟,"Category: كيمياء حيوية (Biochemistry)
Question: ماهي الاهمية الطبية للجلوكوز والفركتوز والجالكتوز؟
Answer: الجلاكتوز هو نوع من انواع السكر يدخل في تركيب الكثير من البروتينات والدهون في الخلايا اذا تم اضافة الجلوكوز له برابطة ثنائية ينج عندنا سكر اللاكتوز وهو من اهم مكونات الحليب الطبيعي الخلل في تمثيل السكر يؤدي الى امراض في العين وفقدان حاسة الشم واختلال وظائف الكبد والكلى الجلوكوز ويسمى ايضا سكر العنب اوسكر الذرة وهو المصدر الاساسي للطاقة داخل الخلية الفركتوز هو نوع اخر من السكر يكون مكونا لجدار الخلايا واي خلل في تمثيله يؤدي الي اختلال في وظائف الكبد والكلى
Relation context: التهاب HAS_SYMPTOM اختلال وظائف الكبد. Evidence: التهاب في العين وفقدان حاسة الشم واختلال وظائف الكبد والكلى"
qa::ahd5k_01579,qa,ahd5k_01579,,ahd5k_01579,متى يلجأ الدكتور الي نزع عَصّب السن او الضرس,"Category: أمراض الأسنان (Dental)
Question: متى يلجأ الدكتور الي نزع عَصّب السن او الضرس
Answer: عندما يشتكى المريض من الاحساس بالساخن والبارد وعلامات متقدمة لتسوس الاسنان او كسر بالسن يصل لمنطقة عصب السن او الضرس
Relation context: "
qa::ahd5k_01584,qa,ahd5k_01584,,ahd5k_01584,هل نقص فيتمين دال يسبب لاجهاض للحامل وياخر لانجاب للرجل والمرئه ...من رد على سوالي فرج الله همه وكفاه شر لامراض وجميع ال,"Category: حمل الأنابيب (Carry tubes)
Question: هل نقص فيتمين دال يسبب لاجهاض للحامل وياخر لانجاب للرجل والمرئه ...من رد على سوالي فرج الله همه وكفاه شر لامراض وجميع المسلمين اللهم امين
Answer: سيدتي لا ياسيدتي لايوجد هكدا سبب للطرح المتكرر وعليك تحديد مشكلتك لي بالتفصيل دابراهيم الهنداوي مستشار العقم واطفال الانابيب 00962776420095-الاردن
Relation context: "
qa::ahd5k_01585,qa,ahd5k_01585,,ahd5k_01585,سلام لقد اجريت فحص الهرمون B-HCG ،و نتائج التحاليل كما يللي 3-4 اسبوع 9-130 4-5 اسبوع 75-2600 5-6 اسبوع 850-20800 7-8 اس,"Category: علم الأجنة (Embryology)
Question: سلام لقد اجريت فحص الهرمون B-HCG ،و نتائج التحاليل كما يللي 3-4 اسبوع 9-130 4-5 اسبوع 75-2600 5-6 اسبوع 850-20800 7-8 اسبوع 4000-100200 7-12 اسبوع 11500-289000 12-16 اسبوع 18300-137000 و...
Answer: يجب عمل التراساوند للتأكد من وجود كيس حمل داخل الرحم ومعرفة عمر الجنين متمنيا لكم كل النجاح والتوفيق ……..
Relation context: "
qa::ahd5k_01611,qa,ahd5k_01611,,ahd5k_01611,لسلام عليكم ممكن تساعدوني ابني عملتله تطعيم سنة ونص اليوم هو يعاني من ارتفاع الحرارة ومايقدر يحرك رجلو وحتى يوقف وهو كتي,"Category: صحة الطفل (Child health)
Question: لسلام عليكم ممكن تساعدوني ابني عملتله تطعيم سنة ونص اليوم هو يعاني من ارتفاع الحرارة ومايقدر يحرك رجلو وحتى يوقف وهو كتير البكاء كيف اتعامل معاه كيف اخفف من الم...
Answer: من الطبيعي ان يصاحب هذا المطعوم حراره والم في مكان المطعوم والمفروض ان تزول هذه الاعراض خلال 48 ساعة وعليكي استخدام خافض حراره ومسكن للالم .
Relation context: حمى TREATED_BY خافض حراره. Evidence: المفروض ان تزول هذه الاعراض خلال 48 ساعة وعليكي استخدام خافض حراره ومسكن للالم بعد تطعيم"
qa::ahd5k_01629,qa,ahd5k_01629,,ahd5k_01629,"على ماذا تعتمد نسبة نجاح أطفال الانابيب؟ ,ما هي نسبة نجاح طفل الانابيب ؟","Category: حمل الأنابيب (Carry tubes)
Question: على ماذا تعتمد نسبة نجاح أطفال الانابيب؟ ,ما هي نسبة نجاح طفل الانابيب ؟
Answer: تعتمد نسبة نجاح طفل الأنابيب على عدة عوامل، ومنها الآتي: عمر المرأة. وجود حمل سابق. الحالة الصحية للزوجين. سبب اللجوء لعملية الأنابيب. نمط الحياة والعادات المتبعة، مثل التدخين. سلامة الحيوانات المنوية للزوج. التقنية المتبعة في المركز العلاجي. خبرة الطبيب المعالج. يشار أن عمر المرأة يلعب دورًا مهمًا في تقدير نسبة نجاح الحمل باتباع طريقة أطفال الأنابيب، حيث تقدر نسبة نجاح الحمل 35% تقريبًا للنساء ذوات الأعمار الأقل من 35 عاماً بينما تبلغ نسبة النجاح 4% فقط لمن تزيد أعمارهن عن 42 عاماً. يجدر الذكر أيضًا أن تقنيات الحمل المساعدة في تطور دائم والتقنيات الحديثة تساهم في رفع فرص نجاح الحمل، كما يمكن اللجوء إلى أحد تقنيات الحمل المساعدة الأخرى ذات نسبة النجاح الأكبر. للمزيد: دليل نجاح عملية طفل الأنابيب. تحديات عمليه أطفال الأنابيب للسيدات فوق سن الأربعون. الفرق بين الحقن المجهري وأطفال الأنابيب.
Relation context: التدخين INVESTIGATED_BY الحيوانات المنوية. Evidence: سلامة الحيوانات المنوية للزوج"
qa::ahd5k_01651,qa,ahd5k_01651,,ahd5k_01651,هل زيت نبات الميرمية له آثار جانبية عند تناوله بشكل 3 كبسولات قبل الطعام للتخلص من افراز البرولاكتين المفرز والناتج عن و,"Category: الطب البديل (Alternative medicine)
Question: هل زيت نبات الميرمية له آثار جانبية عند تناوله بشكل 3 كبسولات قبل الطعام للتخلص من افراز البرولاكتين المفرز والناتج عن ورم حميد في الغدة النخامية . .
Answer: الميرمية لها فوائد كثيرة ومنها تخفيف ادرار الجليب ولكنها لا تعطى للمرأة الحامل لأنها تثير تقلصات الرحم فيمكن أن تسبب الاجهاض وكذلك في حالات الصرع ، ومادة التوجةن تتحول الى مادة سامة اذا تم تناولها بافرط لذلك يجب الانتباه الى عدم الاقراط قي تناوله ،وتناولها بكمية معقولة
Relation context: "
qa::ahd5k_01669,qa,ahd5k_01669,,ahd5k_01669,عندي الم في منطقه البطن مع الم بصدر جهه اليمين الى الرقبه وماقدرت اعرف تفسير الالم ذا من ايش او سببه مع وجود احيان ضيق ب,"Category: أمراض القلب و الشرايين (Cardiovascular disease)
Question: عندي الم في منطقه البطن مع الم بصدر جهه اليمين الى الرقبه وماقدرت اعرف تفسير الالم ذا من ايش او سببه مع وجود احيان ضيق بالتنفس ،،،، افيدوني
Answer: لا نعرف تاريخك الصحي، ولا نعرف خصائص الألم الذي لديك ، ولذلك ننصح باجراء فحص طبي سريري أولا للتحقق
Relation context: "
qa::ahd5k_01682,qa,ahd5k_01682,,ahd5k_01682,احسست بتعب فحصت ضغط الدم والقلب فوجدتها 10/6هل هذا طبيعي,"Category: أمراض القلب و الشرايين (Cardiovascular disease)
Question: احسست بتعب فحصت ضغط الدم والقلب فوجدتها 10/6هل هذا طبيعي
Answer: ضمن الطبيعي لعمرك
Relation context: "
qa::ahd5k_01689,qa,ahd5k_01689,,ahd5k_01689,لماذا اشعر بالم شديد في الثدي اشعر كائن نار تشتعل داخل الثدي تستمر ليوم وتذهب الاعراض وكائن لم يكن شئ,"Category: تشخيص (Diagnosis)
Question: لماذا اشعر بالم شديد في الثدي اشعر كائن نار تشتعل داخل الثدي تستمر ليوم وتذهب الاعراض وكائن لم يكن شئ
Answer: قد يكون هناك التهاب في الثدي، أو رضح ،عليك مراجعة طبيبك وعمل صورة للثدي والفحص السريري.
Relation context: "
qa::ahd5k_01690,qa,ahd5k_01690,,ahd5k_01690,السلام عليكم . منذ اسبوع ملاحظ تسارع قوية بضربات القلب عند الوقوف واشعر بها عند وضع يدي وتختفى بعد مسافه بعد الحركه ، هل,"Category: أمراض القلب و الشرايين (Cardiovascular disease)
Question: السلام عليكم . منذ اسبوع ملاحظ تسارع قوية بضربات القلب عند الوقوف واشعر بها عند وضع يدي وتختفى بعد مسافه بعد الحركه ، هل الامر خطير؟ الضغط طبيعي ولا اتناول...
Answer: لا داعي للقلق ، لكن ينبغي معرفة نوع التسارع هل هو مرضي أم طبيعي، أي ضمن المعدل الفسيلوجي وهذا يتم تحيده من خلال الفحص الطبي السريري
Relation context: "
qa::ahd5k_01701,qa,ahd5k_01701,,ahd5k_01701,هل يوجد علاج اخر للكساح بدلا عن فيتامين دي,"Category: صحة الطفل (Child health)
Question: هل يوجد علاج اخر للكساح بدلا عن فيتامين دي
Answer: أهلا بحضرتك ..... نعم .. هناك أنواع من الكساح أو لين العظام تصنف بأنها ( Vit.D-Resistant Rickets ) ، أي لا تستجيب للعلاج بالجرعات المعتادة من فيتامين ( د ) .. و لكن تفاصيل هذه الحالات شرحها يطول .. لو فيه حالة محددة عند حضرتك أعطني تفاصيلها كاملة ليتم شرحها لك و وصف العلاج اللازم لها ،،،،،،،،،،،،،،،،،،،،
Relation context: الكساح TREATED_BY فيتامين د. Evidence: تصنف بأنها (Vit.D-Resistant Rickets) أي لا تستجيب للجرعات المعتادة من فيتامين (د)"
qa::ahd5k_01704,qa,ahd5k_01704,,ahd5k_01704,قريبي عمره 55 يعاني من تصلب 3 من شرايين القلب ويحتاج الى عمليه القلب المفتوح ما هي نسبه نجاح هذه العمليه؟وهل هي خطيره؟.و,"Category: جراحة القلب والشرايين (Cardiovascular surgery)
Question: قريبي عمره 55 يعاني من تصلب 3 من شرايين القلب ويحتاج الى عمليه القلب المفتوح ما هي نسبه نجاح هذه العمليه؟وهل هي خطيره؟.واين؟وبأي دوله يفضل اجرائها؟ارجو الرد ع جميع اسئلتي
Answer: غالبا لا تكون هناك مشكلة، والعملية هي الخلاص ، مع ذلك التقدير الدقيق يكون للطبيب المطلع على تفاصيل حالته
Relation context: "
qa::ahd5k_01750,qa,ahd5k_01750,,ahd5k_01750,زدت جرعه الثيروكسبن من ٧٥ الى ١٠٠ وبعدها ب ٣ اسابيع احس بالم بالحلق مثل الاحتقان بس مو احتفان لي اسبوع كذا هل ارجع لجرعت,"Category: أمراض الغدد الصماء (Endocrine)
Question: زدت جرعه الثيروكسبن من ٧٥ الى ١٠٠ وبعدها ب ٣ اسابيع احس بالم بالحلق مثل الاحتقان بس مو احتفان لي اسبوع كذا هل ارجع لجرعتي السابقه وماذا افعل
Answer: ليس له علاقة بالجرعه راجع انف واذن
Relation context: "
qa::ahd5k_01751,qa,ahd5k_01751,,ahd5k_01751,منذ فطرة عملت حشوة لسن الأمامي لكن الآن السن تتحرك كثيرا دون الم ما العمل من فضلكم,"Category: أمراض الأسنان (Dental)
Question: منذ فطرة عملت حشوة لسن الأمامي لكن الآن السن تتحرك كثيرا دون الم ما العمل من فضلكم
Answer: حركه السن فد ترجع لعده اسباب منها التهاب الاسنجه المحيطه بالسن او اللثه يفضل عمل صوره اشعه
Relation context: "
qa::ahd5k_01754,qa,ahd5k_01754,,ahd5k_01754,السلام عليكم ممكن اعرف معي الغدة هل تؤثر اذا حدث معي حمل,"Category: أمراض الغدد الصماء (Endocrine)
Question: السلام عليكم ممكن اعرف معي الغدة هل تؤثر اذا حدث معي حمل
Answer: نعم يجب علاجها
Relation context: "
qa::ahd5k_01761,qa,ahd5k_01761,,ahd5k_01761,ضغط الدم منخفض للغاية مع عدم وضوح للرؤية,"Category: أمراض الدم (Blood)
Question: ضغط الدم منخفض للغاية مع عدم وضوح للرؤية
Answer: ﻻ يلزمك أي عﻻج اشرب سوائل بكثرة مع زيادة الملح علي الاكل وشرب قهوة مع الاكل
Relation context: "
qa::ahd5k_01763,qa,ahd5k_01763,,ahd5k_01763,وجدت ضغط الدم عندي 140/170 مع العلم أني كنت مرهق و خائف عند استعمالي لجهاز قياس الضغط...,"Category: أمراض القلب و الشرايين (Cardiovascular disease)
Question: وجدت ضغط الدم عندي 140/170 مع العلم أني كنت مرهق و خائف عند استعمالي لجهاز قياس الضغط...
Answer: الضغط ضمن الطبيعي و ربما على الحد الأعلى بالنسبة لعمرك. انصح بالمراقبة
Relation context: "
qa::ahd5k_01770,qa,ahd5k_01770,,ahd5k_01770,هل العلاج المستخدم في تنشيم المبايض قبل عملية الحقن المجهري ضار بالصحة ام لا؟,"Category: حمل الأنابيب (Carry tubes)
Question: هل العلاج المستخدم في تنشيم المبايض قبل عملية الحقن المجهري ضار بالصحة ام لا؟
Answer: حسب الخبرات والدراسات التي تشير انه لا يوجد اي تأثير مضر للهرمونات المستخدمة في تنشيط الاباضة نتمنى لك كل التوفيق
Relation context: "
qa::ahd5k_01783,qa,ahd5k_01783,,ahd5k_01783,السلام عليكم ابي اصيب بعدة جلطات دماغية وهذه الجلطات اثرت على عملية البلع لذلك اصبح ياكل عن طريق انبوب فهل هنالك امكانية,"Category: صحة المسنين (Elderly health)
Question: السلام عليكم ابي اصيب بعدة جلطات دماغية وهذه الجلطات اثرت على عملية البلع لذلك اصبح ياكل عن طريق انبوب فهل هنالك امكانية للشفاء من هذه الحالة وهل هناك شيء ممكن...
Answer: إمكانية الشفاء بعد الجلطات الدماغية تحتاج لعلاج طبيعي طويل الأمد وصبر طويل، ولا بد من متابعة التغذية بالأنبوب لمدة طويلة حتى يبدأ التحسن، حسب عمره.
Relation context: "
qa::ahd5k_01824,qa,ahd5k_01824,,ahd5k_01824,لو سمحت دكتور اريد اعطاء ابنتي دواء ابيتنانت وهو فيتامين هل يمكنني ذلك ومالكمية مع العلم ان ابنتي عمرها ١١شهر..... وشكرآ,"Category: صحة الطفل (Child health)
Question: لو سمحت دكتور اريد اعطاء ابنتي دواء ابيتنانت وهو فيتامين هل يمكنني ذلك ومالكمية مع العلم ان ابنتي عمرها ١١شهر..... وشكرآ
Answer: حسب تركيبة الدواء ومحتواه من الفيتامينات.وحسب السبب الطبي لإعطاء الفيتامين
Relation context: "
qa::ahd5k_01831,qa,ahd5k_01831,,ahd5k_01831,هل من الممكن التوقف عن اخذ دواء ليبيتور ؟؟ و هل يوجد من مضاعفات !!!,"Category: صحة المسنين (Elderly health)
Question: هل من الممكن التوقف عن اخذ دواء ليبيتور ؟؟ و هل يوجد من مضاعفات !!!
Answer: ينبغي عدم التوقف عنه إلا بعد موافقة الطبيب المعالج الذي يبني قراره على المعطيات السريرية والمخبرية الخاصة بالحالة، وسؤالك هل يوجد مضاعفات بالتأكيد لكنها تختلف بين مريض وآخر، وحسب الجرعة ومدة العلاج والأدوية الأخرى التي يتناولها الشخص المعني
Relation context: "
qa::ahd5k_01836,qa,ahd5k_01836,,ahd5k_01836,علاج الترجيع عند طفل عمره سنه وخمس شهور والتقيوء بيكون بشكل نفوره وقذف وبكاء بعدها وليكون غالبا اثناء النوم مع وجود سعال,"Category: صحة الطفل (Child health)
Question: علاج الترجيع عند طفل عمره سنه وخمس شهور والتقيوء بيكون بشكل نفوره وقذف وبكاء بعدها وليكون غالبا اثناء النوم مع وجود سعال وعانى من من نغس الشىء منذ الولادة وكان...
Answer: ينصح بزيارة طبيب الأطفال لفحص الطفل وتأكد من عدم وجود إلتهاب بالصدر أو تحسس ولإعطائك بعض النصائح أو العلاجات إذا لزم لعلاج الإرتداد المعوي
Relation context: "
qa::ahd5k_01847,qa,ahd5k_01847,,ahd5k_01847,ولدي عمره شهرين وغداً بإذن الله سوف نعمل له تطعيمات عمر الشهرين ما الاجراءات اللازمه قبل وبعد التطعيمات ومالعمل اذا سخن ,"Category: صحة الطفل (Child health)
Question: ولدي عمره شهرين وغداً بإذن الله سوف نعمل له تطعيمات عمر الشهرين ما الاجراءات اللازمه قبل وبعد التطعيمات ومالعمل اذا سخن وتورمت التطعيمه
Answer: مسكن باراسيتامول عند اللزوم..وكمادات على مكان التطعيمة ان تورمت.وبالسلامة
Relation context: "
qa::ahd5k_01874,qa,ahd5k_01874,,ahd5k_01874,قبل شهرين وخلال استحمامي احسست فجأه بدخول شيء غريب خلال اصابع لقدمين نحو ساقيي بسرعه وبأعداد كبيره تجري داخل جلدي (كالنم,"Category: تشخيص (Diagnosis)
Question: قبل شهرين وخلال استحمامي احسست فجأه بدخول شيء غريب خلال اصابع لقدمين نحو ساقيي بسرعه وبأعداد كبيره تجري داخل جلدي (كالنمل) وصرخت مذعوره بعد رؤيتي شكل ساقي قد ازداد إنتفاخ...
Answer: تمت الاجابة على السؤال
Relation context: "
qa::ahd5k_01878,qa,ahd5k_01878,,ahd5k_01878,انا مسويه حشوات امامية واريد تجربة لصقات كرست فهل تنزع لي الحشوات ؟,"Category: أمراض الأسنان (Dental)
Question: انا مسويه حشوات امامية واريد تجربة لصقات كرست فهل تنزع لي الحشوات ؟
Answer: مرحبا لصقات التبييض تعمل على تنظيف سطح الاسنان الطبيعي ..اذا كانت الحشوات تغطي كل سطح الاسنان فلا داعي لهذه اللصقات و اتصحك في هذه الحاله التوجه لطبيب الاسنان ليقوم بعمل تلميع الاسنان ب ديسكات و ادوات خاصه
Relation context: "
qa::ahd5k_01894,qa,ahd5k_01894,,ahd5k_01894,أعاني من رجفة في القلب تحسسني بالضيق وهي تتزايد حتى في أوقات الراحة و بعض المرات تتثاقل ضربات القلب بشكل مزعج، هل هذا مؤ,"Category: أمراض القلب و الشرايين (Cardiovascular disease)
Question: أعاني من رجفة في القلب تحسسني بالضيق وهي تتزايد حتى في أوقات الراحة و بعض المرات تتثاقل ضربات القلب بشكل مزعج، هل هذا مؤشر لمرض في القلب؟
Answer: لا داعي للقلق ولكن ينبغي رصدها في تخطيط القلب ومعرفة نوعها وسببها لأن لكل نوع منها له خصائصه، فمنها ما يكون سببه قلبي ومنه ما يكون ناجم عن أسباب أخرى كفقر الدم وإضطرابات الغدة الدرقية، والإجهاد وغير ذلك
Relation context: "
qa::ahd5k_01903,qa,ahd5k_01903,,ahd5k_01903,انا حامله لمرض انيميا الفول واريد ان اعرف ماهو الطعام الذي امتنع عنه بالتفصيل,"Category: أمراض الدم (Blood)
Question: انا حامله لمرض انيميا الفول واريد ان اعرف ماهو الطعام الذي امتنع عنه بالتفصيل
Answer: الاسباب 1- تناول بعض انواع الاطعمة وعلى رأسها البقوليات بأنواعها خاصة الفول الاخضر والعدس والفاصوليا والبازلاء، ويمكن ايضاً لغبار طلع الفول ان يؤدي إلى نفس النتيجة. 2- بعض أنواع الادوية (انظر الجدول التالي). 3- التعرض للالتهابات الفيروسية والجرثومية (مثل التهاب الكبد). 4- قد يحدث تكسر الكريات تلقائياً دون سبب واضح في بعض الحالات. جدول يبين أهم الادوية التي قد تؤدي إلى تكسر الكريات الحمراء عند مرضى عوزG6PD* * المضادات الحيوية - السلفوناميدات - الكلورامفينكول - النتروفورانتوئين - TMP-SMX * مضادات الملاريا - الكلوروكين، الكيناكرين. * فيتامين C. * المسكنات (مثل الاسبرين) * مضادات الاقياء (مشتقات الفينوتيازين) * أدوية السل (مثل الإيزونيازيد) * ادوية القلب (مثل الهيدرالازين)
Relation context: "
qa::ahd5k_01924,qa,ahd5k_01924,,ahd5k_01924,لدي قريبة تعاني من مشكل تفاوت الثديينحيث ان اثناء العادة الشهرية تنتفخ اليمنى دون تغير في اليسرى(بمعنى ان اليسرى هي التي,"Category: علم التشريح (Anatomy)
Question: لدي قريبة تعاني من مشكل تفاوت الثديينحيث ان اثناء العادة الشهرية تنتفخ اليمنى دون تغير في اليسرى(بمعنى ان اليسرى هي التي لاتنمو طبيعيا)ما هو العلاج؟مع العلم انها تحاول تجنب العمليات...
Answer: الكثير من السيدات خاصة بعد سن 35 سنة تعانين من انتفاخ في الثديين قبل نزول الدورة باسبوع واثناء الدورة وذلك بسبب احتباس السوائل نتيجة تغير الهرمومنات التي تفرزها المبايض . وحجم الثديين لدى الكثير من السيدات غير متساوي بمعنى ان احد الثديي اكبر من الاخر وقد يظهر هذا جليا قبل الدورة وعموما لا داعى للقلق وبامكان قريبتك استعمال حبوب مغنيسيوم او كي حبة يوميا واذا لم يحدث تحسن بالامكان اضافة نصف حبة لازكس يوميا قبل موعد الدورة باسبوع
Relation context: "
qa::ahd5k_01925,qa,ahd5k_01925,,ahd5k_01925,هل يجب القيام بتحليل AMH قبل القيام ب IVF و هل تمثل نسبة ارتفاع مخزون البويضات الى فشل حدوث الحمل الطبيعي مع العلم ان تح,"Category: حمل الأنابيب (Carry tubes)
Question: هل يجب القيام بتحليل AMH قبل القيام ب IVF و هل تمثل نسبة ارتفاع مخزون البويضات الى فشل حدوث الحمل الطبيعي مع العلم ان تحليلي هوِAMH=15 h ارجو التوضيح قدر...
Answer: تحليل AMH ليس له علاقة بنجاح او فشل محاولة الاخصاب خارج الجسم وانما يعطي الطبيب المعالج فكرة تقريبه عن مخزون المبيض. عندما يكون فحوصات المبيض على الجهاز التراساوند بالحدود الطبيعية فلا داعي لاجراء فحص هرمون مخزون المبيض وارتفاع نسبة الهرمون يدل على ان المبيض يعمل بشكل جيد اما طبيعة البرنامج لتحريض الاباضة بغرض اجراء طفل الانبوب فهذا يعتمد على قدرات الطبيب المعالج.
Relation context: "
qa::ahd5k_01930,qa,ahd5k_01930,,ahd5k_01930,ما سبب البروتينات الزائدة في الدم وفي البول للبالغين ؟,"Category: كيمياء حيوية (Biochemistry)
Question: ما سبب البروتينات الزائدة في الدم وفي البول للبالغين ؟
Answer: هناك اكثر من سبب ولكن يجب نفي الورم النقوي المتعدد multiple myeloma وذلك بعمل تحليل لبروتينات الدم هناك متلازمة فالدنستروم وهناك ارتفاع البروتينات المجهول السبب
Relation context: الورم النقوي المتعدد DIAGNOSED_BY تحليل. Evidence: تحليل لبروتينات الدم | متلازمة فالدنستروم DIAGNOSED_BY تحليل. Evidence: تحليل لبروتينات الدم"
qa::ahd5k_01973,qa,ahd5k_01973,,ahd5k_01973,مارأيكم؟اناآخر دورةفي19/12/2010وكنت اتابع عندالطبيبةوالاربعاء9/2/2011اخبرتني بان الجنين اصبح ينبض قلبه ولكن قالت حجم الج,"Category: علم الأجنة (Embryology)
Question: مارأيكم؟اناآخر دورةفي19/12/2010وكنت اتابع عندالطبيبةوالاربعاء9/2/2011اخبرتني بان الجنين اصبح ينبض قلبه ولكن قالت حجم الجنين8ملم وهوغيرطبيعي ويجب ان يكون19ملم في هذا العمروحللت لجرثومةالتكسوبلازماواظهرالتحليل انه كنت مصابةبهافي صغري ونسبتها30%ولكن شفيت منهاوعندي مناعة منها...
Answer: عزيزتي شكرا لثقتك بنا , ولكن بما انه كان هنالك نبض عند زيارة الطبيب فهل يعتبر اهم من حجم الجنين ولكن ينصح بإعادة الفحص بعد عشرة ايام للتأكد من النبض مرة اخرى وايضا للتأكد من نمو الجنين.
Relation context: "
qa::ahd5k_01990,qa,ahd5k_01990,,ahd5k_01990,اخذت تحميلة من كلوفينال بعد العشاء ووضعت ثلث منها على صدري وفي جهة القلب ولكن بعد نصف ساعة على الاقل احسست بسرعة في نبضا,"Category: أمراض القلب و الشرايين (Cardiovascular disease)
Question: اخذت تحميلة من كلوفينال بعد العشاء ووضعت ثلث منها على صدري وفي جهة القلب ولكن بعد نصف ساعة على الاقل احسست بسرعة في نبضات القلب فماهو السبب افيدوني حالا ارجوكم
Answer: أي دواء يمكن أن يمتص بدرجات متفاوتة عندما يلامس مناطق مختلفة من الجسم وطلما كان امتصاصه أكثر كانت نتائجه أكثر تأثيرا
Relation context: "
qa::ahd5k_01998,qa,ahd5k_01998,,ahd5k_01998,ما علاج قرقعة البطن مع انني لا اشرب الحليب ولا مشروبات غازيه ولا اكل بسرعه ولا اتوتر . اشعر بها فقط في قاعة محاضراتي.,"Category: أمراض باطنية (Esoteric)
Question: ما علاج قرقعة البطن مع انني لا اشرب الحليب ولا مشروبات غازيه ولا اكل بسرعه ولا اتوتر . اشعر بها فقط في قاعة محاضراتي.
Answer: ما تعاني منه يبدو القولون العصبي تجنب التفكير والقلق والنرفزة الراحة والاستجمام يجب تغير أنماطنا السريعة المتعجلة في تناول الطعام وفي عملية التبرز لا بد ان ندقق في نوعية الأطعمة التي نأكلها وفي موعد تناولها لا تشرب المشروبات الغازية ابتعد عن مضغ العلك ابتعد عن البقوليات ان كانت منتجات الحليب تؤذيك فتجنبها أيضاً البصل والملفوف المخللات الاكل المملوء بالبهارات والفلفل تناول الشوفان وبذر الكتان شاي الأعشاب مثل النعناع والبابونج مفيدة علاجات الغازات:ديسفلاتيل من المهم علاج الامساك بتناول الكثير من الالياف التي في الخضار والفاكهة ويجب تناول 8 اكواب ماء يوميا على الاقل
Relation context: "
qa::ahd5k_02003,qa,ahd5k_02003,,ahd5k_02003,سقطت ابنتي اعلى راسها فظهر لها انتفاخ خلف الاذن والم شديد في الرقبه ولاتستطيع تحريكها,"Category: إسعاف أولي (First aid)
Question: سقطت ابنتي اعلى راسها فظهر لها انتفاخ خلف الاذن والم شديد في الرقبه ولاتستطيع تحريكها
Answer: يجب أخذها للمستشفى فوراً لعمل صورة أشعة للرأس ، والتأكد من عدم إصابتها بارتجاج دماغي، والتعامل مع الورم خلف الأذن الذي قد يكون نزيفاً بسيطاً.
Relation context: ارتجاج دماغي DIAGNOSED_BY أشعة. Evidence: عمل صورة أشعة للرأس"
qa::ahd5k_02023,qa,ahd5k_02023,,ahd5k_02023,أعاني قبل أنام وأنا في حالة الاسترخاء الأولية أشعر بنغزات في أطراف أصابع قدمي أحيانا اليمنى ومأحياناً اليسرى أشبه ماتكون,"Category: تشخيص (Diagnosis)
Question: أعاني قبل أنام وأنا في حالة الاسترخاء الأولية أشعر بنغزات في أطراف أصابع قدمي أحيانا اليمنى ومأحياناً اليسرى أشبه ماتكون بنغزات دبوس وهذه تؤرقني كثيرا أرجو الافادة أو النصح لي...
Answer: الوخز يمكن ان يكون انضغاط أو التهاب الأعصاب الطرفية أو بسبب السكري او فرط الحساسية . والعلاج يكون بتناول دواء تلفاست أ سيرين حبة واحدة يوميا ، ودواء نيوروتين 400 مغم حبة مرتين يوميا
Relation context: التهاب TREATED_BY نيوروتين. Evidence: دواء نيوروتين | فرط الحساسية TREATED_BY دواء تلفاست أ سيرين. Evidence: تناول دواء تلفاست أ سيرين"
qa::ahd5k_02037,qa,ahd5k_02037,,ahd5k_02037,السلام عليكم ● قبل 5 ايام قمت بتبيض اسناني بالليز وتركيب ماسه لكن اليوم لاحظت ان السن التى تم تركيب الماسه بها فقط قد تح,"Category: أمراض الأسنان (Dental)
Question: السلام عليكم ● قبل 5 ايام قمت بتبيض اسناني بالليز وتركيب ماسه لكن اليوم لاحظت ان السن التى تم تركيب الماسه بها فقط قد تحول لونها مائل للزهرى فما السبب...
Answer: انصحك بمراجعه طبيبك للكشف والنصيحه
Relation context: "
qa::ahd5k_02039,qa,ahd5k_02039,,ahd5k_02039,السلام عليكم ، اعاني من حبوب بيضاء صغيره ف اماكن معينه ف الوجه و اتوقع انها حساسية من البيض او اشعة الشمس ، ف كيف يمكنني,"Category: أرجية حساسية (Allergic allergy)
Question: السلام عليكم ، اعاني من حبوب بيضاء صغيره ف اماكن معينه ف الوجه و اتوقع انها حساسية من البيض او اشعة الشمس ، ف كيف يمكنني اتأكد ! علماً انها...
Answer: لابدمن رؤيتها من قبل طبيب وعمل تحاليل خاصه بالحساسيه والغده الدرقيه وفيتامين د والزنك
Relation context: حساسية DIAGNOSED_BY تحاليل مخبرية. Evidence: لابد من رؤيتها من قبل طبيب وعمل تحاليل خاصه بالحساسيه"
qa::ahd5k_02115,qa,ahd5k_02115,,ahd5k_02115,ابنتي معاها حساسية معينة لبعض الاطعمة وعمرها سنتان هل تختفي بعد تخطيها 3 سنوات,"Category: أرجية حساسية (Allergic allergy)
Question: ابنتي معاها حساسية معينة لبعض الاطعمة وعمرها سنتان هل تختفي بعد تخطيها 3 سنوات
Answer: 80‎%‎من الحساسيه تختفي على عمر ال5سنوات
Relation context: "
qa::ahd5k_02124,qa,ahd5k_02124,,ahd5k_02124,اصبت بحساسية في الصيف بالجسم وصفها الدكتور بحساسية شمس و بعد فترة اصبت بالتهاب لوز و بلعوم و حبوب في اخر الحلق الحبوب ما,"Category: أرجية حساسية (Allergic allergy)
Question: اصبت بحساسية في الصيف بالجسم وصفها الدكتور بحساسية شمس و بعد فترة اصبت بالتهاب لوز و بلعوم و حبوب في اخر الحلق الحبوب مازالت موجودة واشعر بنشفان دائم في الحلق...
Answer: الاعراض التي في الحلق أعراض فيروس مثل الكوكساكي فيروس تتحسن مع الوقت عليك بتقوية المناعة بأكل الفواكة والحمضيات وشرب الزنجبيل مع العسل والليمون مره باليوم الزنجبيل مطحون بمعدل معلقه صغيره يوجد أيضا شراب ECHINACEA يحسن حالتك
Relation context: حساسية HAS_SYMPTOM نشفان. Evidence: واشعر بنشفان دائم في الحلق | التهاب اللوزتين HAS_SYMPTOM نشفان. Evidence: نشفان دائم في الحلق | نشفان TREATED_BY تقوية المناعة. Evidence: تقوية المناعة... يحسن حالتك | نشفان TREATED_BY شراب ECHINACEA. Evidence: شراب ECHINACEA يحسن حالتك"
qa::ahd5k_02131,qa,ahd5k_02131,,ahd5k_02131,هل كلاموكسيل يقظي على الكيس الموجود في اللثة,"Category: أمراض الأسنان (Dental)
Question: هل كلاموكسيل يقظي على الكيس الموجود في اللثة
Answer: ليس تماما طالما ان المسبب موجود ... لا بد من معرفة المسبب و معالجته او ازالته
Relation context: "
qa::ahd5k_02139,qa,ahd5k_02139,,ahd5k_02139,لسلام عليكم اريد ان اعمل التلقيح الاصطناعي ليس اطفال الانابيب علما ان زوجي البالغ من العمر33سنة عنده ضعف في الحيوانات ال,"Category: حمل الأنابيب (Carry tubes)
Question: لسلام عليكم اريد ان اعمل التلقيح الاصطناعي ليس اطفال الانابيب علما ان زوجي البالغ من العمر33سنة عنده ضعف في الحيوانات المنوية وانا ليس لدي اية مشكلة فماهي من فضلكم نسبة...
Answer: من المعروف ان نسب النجاح بالتلقيح الاصطناعي لا تتعدى 25%اي انها تبقى افضل بكثير من الجماع الطبيعي واذا كانت عينة زوجكم اقل من 10 ملاين فالافضل اجراء طفل الانبوب الاخصاب خارج الجسم بالاستعمال الحقن المجهري للبويضة
Relation context: "
qa::ahd5k_02142,qa,ahd5k_02142,,ahd5k_02142,هل تعرض السائل المنوي للبرودة او التبريد في نقله من البيت الى المختبر يؤثر على النتائج ام لا ؟,"Category: حمل الأنابيب (Carry tubes)
Question: هل تعرض السائل المنوي للبرودة او التبريد في نقله من البيت الى المختبر يؤثر على النتائج ام لا ؟
Answer: نعم يؤثر على النتيجة لذلك يفضل عند عمل التحليل للسائل المنوي اولا ان يتم وضع كامل العينة وخاصة اولها في العبوة المخصصة لذلك واما بالنسبة للحرارة فاضل حرارة ملائمة لنقل السائل المنوي هي من 25-37 مؤية ويفضل ان لا يستغرق زمن اكثر من 30 دقيقة لوصول العينة للمختبر.
Relation context: "
qa::ahd5k_02160,qa,ahd5k_02160,,ahd5k_02160,هل من علاج فعال لمن يعاني من مرض anorectal agenesis عدم تكون المستقيم والشرج منذ الولادة وقد أجريت لي عدة عمليات ومازال ,"Category: علم الأجنة (Embryology)
Question: هل من علاج فعال لمن يعاني من مرض anorectal agenesis عدم تكون المستقيم والشرج منذ الولادة وقد أجريت لي عدة عمليات ومازال التحكم ضعيف وفتحة الشرج ضيقة مع بروزها للخارج
Answer: هناك خلل خلقي ونقص في العضلات وقد خاول الجراح بالتأكيد إحراء الممكن،يجب جراجعة الجراح الذي أجرى العملية الإولى
Relation context: "
qa::ahd5k_02169,qa,ahd5k_02169,,ahd5k_02169,منذ ٢٠ يوم حصل مثل التورم التدريجي من الخلف للأمام في جوف الفم أولا في الجهة اليسرى و من ثم اليمنى بنفس الطريقة دكتور ال,"Category: أمراض الأسنان (Dental)
Question: منذ ٢٠ يوم حصل مثل التورم التدريجي من الخلف للأمام في جوف الفم أولا في الجهة اليسرى و من ثم اليمنى بنفس الطريقة دكتور الأسنان قال ممكن احتمال ضرس العقل...
Answer: قد تكون المشكلة في اللسان وله عدة اسباب مثل التهاب بكتيري او فطري او فيروسي معرفة السبب تؤدي الى المعالجة
Relation context: "
qa::ahd5k_02182,qa,ahd5k_02182,,ahd5k_02182,ماأسباب تشوهات اصابع القدم؟,"Category: علم الأجنة (Embryology)
Question: ماأسباب تشوهات اصابع القدم؟
Answer: من اكثر الاسباب شيوعالتشوهات اصابع القدم انتعال الحذاء الضيق ومرض السكري وضعف التروية الدموية للاصابع واصابات الدماغ والنخاع الشوكي او الاعصاب والتهاب العظام
Relation context: الحودة الصكري HAS_SYMPTOM الحال بالمرديدين. Evidence: الحودة الصكري اليثثار الحودة الحال بالمرديدين | الحودة الحال HAS_SYMPTOM الحال. Evidence: الحودة الحال بالمرديدين | الحودة الحال HAS_SYMPTOM الحال بالمرديدين. Evidence: الحودة الحال بالمرديدين"
qa::ahd5k_02200,qa,ahd5k_02200,,ahd5k_02200,ما هي أهم أسباب نشاط الغدة الدرقية؟,"Category: أمراض الغدد الصماء (Endocrine)
Question: ما هي أهم أسباب نشاط الغدة الدرقية؟
Answer: يعاني العديد من الأشخاص من حالة صحية تسمى نشاط الغدة الدرقية حيث يحدث في هذه الحالة إفراز كمية كبيرة من هرمونات الغدة الدرقية وهما ثلاثي يودوثيرونين (T3) وهرمون ثيروكسين (T4). ويوجد العديد من الحالات الصحية التي تسبب نشاط الغدة الدرقية ومن أسباب نشاط الغدة الدرقية ما يلي: الإصابة بأحد اضطرابات المناعة الذاتية الوراثية مثل مرض جريفز، حيث يتم إنتاج أجسام مضادة تهاجم الغدة الدرقية وتسبب إنتاج كميات كبيرة من هرمونات الغدة الدرقية. وتشيع هذه الحالة عند الإناث مقارنة بالذكور وتشكل حوالي 85% من حالات نشاط الغدة الدرقية. الإصابة بحالة تسمى عقيدات الغدة الدرقية، وهي عبارة عن كتلة في الغدة الدرقية تسبب إنتاج هرمونات الغدة الدرقية بكمية أكبر مما يحتاجه الجسم, الإصابة بحالة تسمى التهاب الغدة الدرقية. العمل على استهلاك كميات كبيرة من اليود ضمن النظام الغذائي أو من خلال الأدوية مثل علاج أميودارون الذي يستخدم في حالات عدم انتظام ضربات القلب، حيث أن الغدة الدرقية تستخدم اليود من أجل إنتاج هرمون الغدة الدرقية وبالتالي فإن استهلاك كمية كبيرة من اليود يسبب نشاط الغدة الدرقية. الإصابة بوجود مستويات مرتفعة من هرمون الحمل في الدم خاصة في بداية الحمل أو الحمل المتعدد أو الحمل العنقودي. الإصابة بوجود ورم في الغدة النخامية التي توجد في قاعدة الدماغ مما يؤثر على مستويات الهرمونات التي تنتجها الغدة الدرقية. الإصابة بحالات سرطان الغدة الدرقية. الإصابة بوجود ورم في المبيض أو الخصيتين. العمل على تناول جرعات كبيرة من هرمون الغدة الدرقية الذي يستخدم في علاج حالات خمول الغدة الدرقية. وتوجد بعض عوامل الخطورة التي تزيد من خطر الإصابة بحالات نشاط الغدة الدرقية ومن أبرز هذه الحالات ما يلي: الجنس، حيث أن الإناث أكثر عرضة للإصابة بنشاط الغدة الدرقية. العمر، حيث تزيد نسبة الإصابة بنشاط الغدة الدرقية بعد عمر ال 60. الحمل أو إنجاب طفل خلال ال6 أشهر الماضية. الخضوع لعملية جراحية في الغدة الدرقية أو الإصابة بمشاكل في الغدة الدرقية مثل تضخم الغدة الدرقية. التاريخ العائلي لمشاكل الغدة الدرقية. استخدام المكملات الغذائية التي تحتوي على اليود. الإصابة بحالات فقر الدم الوبيل، حيث لا يمكن إنتاج خلايا الدم الحمراء نتيجة عدم وجود كمية كافية من فيتامين ب 12. الإصابة باضطرابات هرمونية مختلفة في الجسم. الإصابة بحالات قصور الغدة الكظرية الأولي. الإصابة بمرض السكري من النوع الأول. للمزيد: أدوية الغدة الدرقية النشطة جراحة الغدة الدرقية
Relation context: نشاط الغدة الدرقية DIAGNOSED_BY تحاليل مخبرية. Evidence: يتم تشخيص نشاط الغدة الدرقية عبر تحاليل مخبرية لهرمونات T3 وT4 | مرض جريفز DIAGNOSED_BY تحاليل مخبرية. Evidence: يتم تشخيص مرض جريفز عبر تحاليل مخبرية لهرمونات الغدة الدرقية"
qa::ahd5k_02203,qa,ahd5k_02203,,ahd5k_02203,السلام عليكم انا مصاب بالغدة السامة منذ 8 اشهر وقد تحولت الى خاملة بعد اخذ لدواء المضاد فماهو العلاج المناسب لهما .علما ,"Category: أمراض الغدد الصماء (Endocrine)
Question: السلام عليكم انا مصاب بالغدة السامة منذ 8 اشهر وقد تحولت الى خاملة بعد اخذ لدواء المضاد فماهو العلاج المناسب لهما .علما الدواء الذي استعمله هو carbimazole 5mg فقط
Answer: يوجد سببين لتحول الغدة من سامة الى خاملة هما 1) التهابات الغدة الدرقية (Thyroiditis) تحدث تكسيرا في الغدة فيزداد اطلاق الهرمون المختزن فيها (ولا يزداد الافراز أو الانتاج) مسببا السمية في البداية ولكن يعقب هذا خمول بسبب استهلاك الغدة والعلاج بعد انتهاء الفترة السامة المؤقتة يعتمد على نوع الالتهاب فمثلا الالتهاب الفيروسي يشفى منه المريض تلقائيا بعد فترة أما التهاب هاشيموتو فيحتاج لعلاج تعويضي مستمر بالثيروكسين 2) جرعة أكثر من اللازم من كاربيمازول والعلاج هو خفض الجرعة حتى تتناسب مع الافراز
Relation context: التهاب TREATED_BY كاربيمازول. Evidence: كاربيمازول 5mg لتهابات الغدة الدرقية"
qa::ahd5k_02207,qa,ahd5k_02207,,ahd5k_02207,عندي سؤال عن سرطان القولون والكلى مش شغاله,"Category: علم التشريح (Anatomy)
Question: عندي سؤال عن سرطان القولون والكلى مش شغاله
Answer: سرطان المستقيم هو سرطان الجزء الاخير من القولون. ويشكل سرطان المستقيم 50% من سرطانات القولون , والذي تزداد درجة تطوره بازدياد حجمه أو تسطحه , الشكل الشائع: هو الشكل اللاعرضي وحتى مرحلة متقدمة من الورم. - الشكل الاعتيادي: خروج الدم مع البراز, الم اسفل البطن , حيث أن اكثر من نصف الحالات تترافق مع الم عند التشخيص وخاصة الم القولون , حيث يشعر الشخص بألم من 2-3 نوبة / اليوم تترافق مع قرقرة وارتياح بعد طرح الغازات و الفضلات . - فقر الدم ،تدهور الحالة العامة ، اضطرابات عادات التغوط (إسهال / إمساك ) أي تناوب حالات الإسهال والإمساك - جس كتلة بطنية ، نزف دم احمر من المستقيم ،البراز الزفتي ،انسداد الأمعاء. حالات نادرة: - انثقاب أمعاء - خراج حول القولون. يتم العلاج بطرق عديدة منها: 1- الجراحة: قد يكون الحل استئصال الورم عن طريق الجراحة. 2- المعالجة الكيماوية: يجب البدء بها خلال شهرين من انتهاء العمل الجراحي.تستمر 6-12 شهر. الادوية المستعملة:ليفاميسول ٥ ف يوLevamisole -5FU . 3. المعالجة الشعاعية (علاج بالاشعة) :- المعالجة بالليزر عن طريق التنظير . وبالنسبه لمساكل الكلى قد يكون لها اكثر من سبب لذا يجب مراجعة الطبيب لتحديد المشكلة بدقة
Relation context: "
qa::ahd5k_02213,qa,ahd5k_02213,,ahd5k_02213,هل تشمع الكبد يوثر على مقدار البول او يسمع اصوات للسوائل في البطن,"Category: أمراض باطنية (Esoteric)
Question: هل تشمع الكبد يوثر على مقدار البول او يسمع اصوات للسوائل في البطن
Answer: السلام عليكم ورحمة الله وبركاته بالنسبه لتشمع الكبد يؤثر على البول الله يكرمك من لون وكميه كما يوجد مرض يصاب فيه مريض التشمع الكبدي يسمى hepatorenal syndrome مما يسبب فشل بالكلى من اثر الكبد موضوع سماع اصوات في البطن وارد بسبب انه تشمع الكبد يسبب ترسبات سوائل في البطن ومما يسبب انتفاخ
Relation context: "
qa::ahd5k_02217,qa,ahd5k_02217,,ahd5k_02217,علاج كونكور 2.5ملجم تم وصفه لي من قبل دكتور القلب حيث انني لدي تشوه خلقي في صمام القلب وحصل لي تعب بسيط خاصه اذا اردت ال,"Category: جراحة القلب والشرايين (Cardiovascular surgery)
Question: علاج كونكور 2.5ملجم تم وصفه لي من قبل دكتور القلب حيث انني لدي تشوه خلقي في صمام القلب وحصل لي تعب بسيط خاصه اذا اردت الاستلقاء على الفراش ومع هذا...
Answer: لا نعرف لماذا لم تستخدم العلاج الموصوف من قبل أخصائي القلبية ما دام قد شخص الحالة بدقة, وننصح الآن بمعاودته للتحقق من الأعراض الجديدة وإعادة تقييم الحالة إن كان قد مضى فترة طويلة على التشخيص الأول.
Relation context: "
qa::ahd5k_02245,qa,ahd5k_02245,,ahd5k_02245,سؤال .. عندي الم في ضروس في الفك العلوي لما رحت لطبيب الاسنان فحص قالي لا يوجد اي تسوس . عمل فحص لكن الم مازال مستمر قال,"Category: أمراض الأسنان (Dental)
Question: سؤال .. عندي الم في ضروس في الفك العلوي لما رحت لطبيب الاسنان فحص قالي لا يوجد اي تسوس . عمل فحص لكن الم مازال مستمر قال ممكن التهاب لثة...
Answer: يمكن إجراء الفحص عند طبيب آخر و الأفضل الاستعانة بصور الأشعة
Relation context: "
qa::ahd5k_02249,qa,ahd5k_02249,,ahd5k_02249,كيف يمكن ان يتاثر الجنين باضطرابات السكر في الام بمعنى هل اذا حدث هبوط او ارتفاع للسكر مرة واحدة يتاثر الجنين فوراحيث ان,"Category: علم الأجنة (Embryology)
Question: كيف يمكن ان يتاثر الجنين باضطرابات السكر في الام بمعنى هل اذا حدث هبوط او ارتفاع للسكر مرة واحدة يتاثر الجنين فوراحيث انني مصابة بالسكري واجهضت في الاسبوع السابع حيث...
Answer: يمكن أن يؤثر مرض السكري أثناء الحمل بما في ذلك النوع الأول، أو الثاني، أو سكري الحمل بشكل سلبي على صحة الأم والجنين. بالنسبة للنساء المصابات بمرض السكري من النوع الأول أو الثاني، فإن ارتفاع نسبة السكر في الدم واضطرابات السكر في الدم قبل حدوث الحمل وخلال الأشهر الثلاثة الأولى من الحمل يزيد من خطر إصابة الأطفال بالعيوب الخلقية والولادة المبكرة. وبالنسبة للنساء المصابات بأي نوع من مرض السكري، فإن ارتفاع نسبة السكر في الدم طوال فترة الحمل يزيد من خطر المشاكل التالية: تعرض النساء للولادة القيصرية. الإصابة بتسمم الحمل. زيادة خطر الولادة المبكرة أو الإجهاض. ولادة الطفل بوزن أكبر من اللازم وأن يصاب بالسمنة. إصابة الطفل بمرض السكري من النوع الثاني في المستقبل. وترجع هذه المخاطر إلى حصول الجنين على الكثير من السكر عبر المشيمة، وهذا السكر الزائد يستشعره بنكرياس الطفل ويصنع المزيد من الأنسولين لاستخدامه. بعد ذلك، يتم تحويل هذا السكر الإضافي إلى دهون، مما يجعل حجم الطفل كبير. هناك تساؤل قد يدور في ذهن كثير من الحوامل وهو هل سكر الحمل يؤثر على حركة الجنين، وبالنسبة لذلك يمكن ملاحظة العلاقة بين حركة الجنين وارتفاع السكر، حيث أن فرط الحركة قد يعتبر مؤشراً على ارتفاع سكر الدم. كما تتساءل العديد من النساء هل انخفاض السكر يسبب وفاة الجنين، ويجب العلم أنه يشكل انخفاض السكر لدى الحامل خطورة كبيرة على الطفل، حيث يعرض المرأة للإجهاض أو موت الجنين داخل الرحم، وذلك في حالة عدم علاجه بأسرع وقت ممكن. ولتفادي هذه المخاطر، يجب على الحامل المصابة بمرض السكري أن تتبع الإجراءات التالية: مراقبة معدلات السكر باستمرار والمتابعة مع الطبيب. الإلتزام بتناول أدوية السكري بالجرعات المحددة. اتباع نمط غذائي مناسب لمرضى السكري. اقرأ أيضاً: هل يؤثر مرض السكري على الحمل والإنجاب؟ الحمل ومرض السكري المراجع Diabetes During Pregnancy Diabetes and Pregnancy Type 1 or Type 2 Diabetes and Pregnancy
Relation context: الحودة الصكري HAS_SYMPTOM الحال بالمرديدين. Evidence: الحودة الصكري اليثثار الحودة الحال بالمرديدين | الحودة الحال HAS_SYMPTOM الحال. Evidence: الحودة الحال بالمرديدين | الحودة الحال HAS_SYMPTOM الحال بالمرديدين. Evidence: الحودة الحال بالمرديدين"
qa::ahd5k_02266,qa,ahd5k_02266,,ahd5k_02266,لدى والدتي صداع في جنبي الرأس فحص النظر سليم تقريبا تستخدم النظارات تبلغ من العمر 44 سنة ما العمل الرجاء الرد,"Category: صحة الطفل (Child health)
Question: لدى والدتي صداع في جنبي الرأس فحص النظر سليم تقريبا تستخدم النظارات تبلغ من العمر 44 سنة ما العمل الرجاء الرد
Answer: سؤالك لاعلاقة له بصحة الاطفال.سلامتك
Relation context: "
qa::ahd5k_02282,qa,ahd5k_02282,,ahd5k_02282,انا اشعر بلحرقان ف الكبد و الم ف الجسم مشابه إلئ الم المفاصل مع الدوار و الصداع في فترات متقاربه بشكلً ما ، و الم ف الحل,"Category: أمراض باطنية (Esoteric)
Question: انا اشعر بلحرقان ف الكبد و الم ف الجسم مشابه إلئ الم المفاصل مع الدوار و الصداع في فترات متقاربه بشكلً ما ، و الم ف الحلق ...هل هي اعراض...
Answer: ليست اعراض كورونا او فلو لكن ربما التهاب بمجرى التنفس العلوي
Relation context: "
qa::ahd5k_02292,qa,ahd5k_02292,,ahd5k_02292,والدتي تعاني من نقص في الدم مع الالم في المعده,"Category: أمراض الدم (Blood)
Question: والدتي تعاني من نقص في الدم مع الالم في المعده
Answer: الم المعدجة يجب معرفة سببه وذل بعمل دراسة للمعدة ولنبدأ بفحص الجرثومة الحلزونية ، وربما سنحتاج لاحقا لمنظار للمعدة اما نقص الدم فهذ يجب توضيحة بشكل جيد ودراسته لمعرفة السبب وعلاجه
Relation context: فقر الدم HAS_SYMPTOM الم المعدجة. Evidence: نقص في الدم مع الالم في المعده | الم المعدجة INVESTIGATED_BY فحص الجرثومة الحلزونية. Evidence: فحص الجرثومة الحلزونية"
qa::ahd5k_02313,qa,ahd5k_02313,,ahd5k_02313,"اجريت عملية جراحية على الركبة استئصال الغضروفي وهذاقبل ثلاثة اشهرولكن حثى الان لم اتعفى تماماف يتمتل \"" متى اشفىمن هذا ا","Category: علم التشريح (Anatomy)
Question: اجريت عملية جراحية على الركبة استئصال الغضروفي وهذاقبل ثلاثة اشهرولكن حثى الان لم اتعفى تماماف يتمتل \"" متى اشفىمن هذا المرض اي المدةالزمانية وهل استطيع العودة الى الاعب كرة القذم...
Answer: قد تستمر ثلاثة أشهر أخرى ، وفي الغالب لن تتمكن من اللعب مرة آخرى بشكل محترف. استشر جراحك.
Relation context: "
qa::ahd5k_02318,qa,ahd5k_02318,,ahd5k_02318,زوجي يشكوو من ألم فضيع بالجنب مع صداع وظهور عرق بارز في جهه من الراس وضيق بالتنفس ولايستطيع ان يتحرك عندما تنتابه هذي ال,"Category: تشخيص (Diagnosis)
Question: زوجي يشكوو من ألم فضيع بالجنب مع صداع وظهور عرق بارز في جهه من الراس وضيق بالتنفس ولايستطيع ان يتحرك عندما تنتابه هذي الحاله وتستمرنصف ساعه او اقل وذهب لطبيب...
Answer: كون الحالة غير ناجمة عن آفة قلبية لا يعني أن لا سبب لها ، فالفحص الطبي السريري ينبغي أن يحدد إن كان هنا شيء عضوي أم لا وعلى ضوء نتيجة الفحص سيكون السلوك الطبي الأمثل وفقاً لخصائص الحالة وسببها
Relation context: "
qa::ahd5k_02329,qa,ahd5k_02329,,ahd5k_02329,اعاني من ضيق بلتنفس عند حدوث الغبار في الجو ماهي الوسائل المعالجه,"Category: أرجية حساسية (Allergic allergy)
Question: اعاني من ضيق بلتنفس عند حدوث الغبار في الجو ماهي الوسائل المعالجه
Answer: اخذ علاج وقائي وعلاجي عند طبيب
Relation context: "
qa::ahd5k_02381,qa,ahd5k_02381,,ahd5k_02381,اريد اعرف ماهى الحقيق العلمى فى ولدت الطفل داخل كيس اوغشاء عند ولداته,"Category: علم الأجنة (Embryology)
Question: اريد اعرف ماهى الحقيق العلمى فى ولدت الطفل داخل كيس اوغشاء عند ولداته
Answer: تكون الولاده بعد انفجار كيس او غشاء الماء حول الجنين الذي يحتوي على السائل الامنيوسي. فاذا ولد الجنين داخل الكيس فعادة\"" يكون هذا فقط جزء من الكيس وليس له اي منافع او اضرار
Relation context: "
qa::ahd5k_02399,qa,ahd5k_02399,,ahd5k_02399,عندي عمليه قلب مفتوح لتغيير اربع شرايين ولا أعاني من اي شي سوي الضغط فقط وعندي ٣٩سنه ومركب ثلاث دعامات من ثلاث سنوات وال,"Category: جراحة القلب والشرايين (Cardiovascular surgery)
Question: عندي عمليه قلب مفتوح لتغيير اربع شرايين ولا أعاني من اي شي سوي الضغط فقط وعندي ٣٩سنه ومركب ثلاث دعامات من ثلاث سنوات والآن محتاج قلب مفتوح نسبه نجاح العمليه...
Answer: نسبه النجاح يتم تحديدها طبقا لعمليات كثيره بواسطه الطبيب منها كفائه عضله القلب ؤجود سكر الوزن وظيفه الكلي العمر تاريخ جلطات قبل ذلك من عدمه
Relation context: "
qa::ahd5k_02411,qa,ahd5k_02411,,ahd5k_02411,والدي كان شال ورم في القولون من 3 سنين تقريبا و نقل على الكبد بؤرتين وعمل تردد حراري من سنة بس ماتشالوش ووالدي خايف يعمل,"Category: أمراض باطنية (Esoteric)
Question: والدي كان شال ورم في القولون من 3 سنين تقريبا و نقل على الكبد بؤرتين وعمل تردد حراري من سنة بس ماتشالوش ووالدي خايف يعمل جراحة ويشيل الجزء من الكبد...
Answer: لازم يعمل العملية ليس لها بديل ولو الطبيب المعالج أقر بها يبقي لازم
Relation context: "
qa::ahd5k_02443,qa,ahd5k_02443,,ahd5k_02443,الدكتور متابع الحاله قال ثلاسيمياوقالى حالته العامه كويسه ممكن يكون بسيط وطلب تحليل لتحديد الدرجه والنوع دكتور تانى قالى,"Category: أمراض الدم (Blood)
Question: الدكتور متابع الحاله قال ثلاسيمياوقالى حالته العامه كويسه ممكن يكون بسيط وطلب تحليل لتحديد الدرجه والنوع دكتور تانى قالى التحليل مش محدد و طالب إعادة التحليل بعد تمام عمر السنه...
Answer: يجب المقارنة مع صورة الدم توجد زيادة في بعض انواع الهيموكلوبين التي تتكون في ( صفة ) و ليس مرض الثلاسيميا في كل الأحوال صفة الثلاسيميا محتملة بهذا التحليل و لا تحتاج تداخل علاجي لانها صفة وليست مرض
Relation context: "
qa::ahd5k_02465,qa,ahd5k_02465,,ahd5k_02465,السلام عليكم هل يوجد علاج بالطب البديل لعلاج التهاب اللوزتين لان كثرة استعمال المضادات الحيويه تصعف المناعه وشكرا,"Category: الطب البديل (Alternative medicine)
Question: السلام عليكم هل يوجد علاج بالطب البديل لعلاج التهاب اللوزتين لان كثرة استعمال المضادات الحيويه تصعف المناعه وشكرا
Answer: لا يوجد علاج شافي بالأعشاب لإلتهاب اللحلق واللوزتينوزتين بدل المضادات الحيوية ولكن يمكنك تناول الثوم والبصل فهم مطهرانلإلتهاب ال
Relation context: "
qa::ahd5k_02470,qa,ahd5k_02470,,ahd5k_02470,سوألي هناك فتاه تشعر بحراره شديده في جسمها الخارجي وقليل جدا من داخل جسمها ولاترتاح الا بالاغتسال ومستمر الحال معها قراب,"Category: تشخيص (Diagnosis)
Question: سوألي هناك فتاه تشعر بحراره شديده في جسمها الخارجي وقليل جدا من داخل جسمها ولاترتاح الا بالاغتسال ومستمر الحال معها قرابه الثلاث ايام ماهو التشخيص لهذي الحاله وشكراا
Answer: قد يكون عندها نوع من أنواع الحساسية، ننصحها بالمكوث قي جو بارد وتناول مضاد للهيستامين مثل تيليفاست أو إكزوفين أ, أي نوع آخر
Relation context: حساسية TREATED_BY تيليفاست. Evidence: مضاد للهيستامين مثل تيليفاست"
qa::ahd5k_02472,qa,ahd5k_02472,,ahd5k_02472,عندي الدم نازل و اريد اسم حبوب او كبسولات لزيادة الدم ؟,"Category: أمراض الدم (Blood)
Question: عندي الدم نازل و اريد اسم حبوب او كبسولات لزيادة الدم ؟
Answer: نحن دائما بالخدمة للمساعدة لكن نريد معلومات صحيحة لكي نستطيع المساعدة بشكل صحيح وعلمي تقول ان الدم نازل ؟؟؟ما هي نتيجة الفحص بالارقام ؟؟؟ وما هو سبب ما تقوله اي ان الانيميا لها اسباب عديدة ولعلاجها يجب علاج السبب . هل هو مثلا نقص في الحديد ؟ او نقص في بعص الفيتامينات الضرورية لتكوين الدم ؟ ام هناك نقضص في البروتيين ايضا هذا ما عليك فعله معرفة تفاصيل نقص الدم والسبب وبعدها يكون اختيار الدواء المناسب
Relation context: "
qa::ahd5k_02476,qa,ahd5k_02476,,ahd5k_02476,طفله عمرها عام و4شهور تعانى من تأغر فى غلق فتحة الرأس الأماميه بمسافة اصبع ونصف وتمشى الآن ونموها طبيعى والأشعة للأطراف ,"Category: صحة الطفل (Child health)
Question: طفله عمرها عام و4شهور تعانى من تأغر فى غلق فتحة الرأس الأماميه بمسافة اصبع ونصف وتمشى الآن ونموها طبيعى والأشعة للأطراف سليمه فهل من تدخل فى هذا او خوف ام...
Answer: اذا كل ماذكرت صحيح فلا خوف من ذلك.لاكن الاستمرار في اعطائها الكالسيوم و فيتامين د. فيجب اعاده تقيم الحاله من قبل اخصائى اطفال.فربما بحاجه لعمل صوره طبقيه.
Relation context: "
qa::ahd5k_02482,qa,ahd5k_02482,,ahd5k_02482,نتيجة الحساسة عندي هي IMMUNOLOGIE ige 183 UI/ml ماذا أفعل. و هل هي خطيرة,"Category: أرجية حساسية (Allergic allergy)
Question: نتيجة الحساسة عندي هي IMMUNOLOGIE ige 183 UI/ml ماذا أفعل. و هل هي خطيرة
Answer: ليست خطيره ولاتعني شي اذا لايوجد اعراض
Relation context: "
qa::ahd5k_02487,qa,ahd5k_02487,,ahd5k_02487,لدي طفل ولد ويده اليسرى اقصر من اليد اليمنى اريد اسأل عن امكانية اجراء عملية جراحية عمره حاليا ٦ اشهر؟,"Category: علم الأجنة (Embryology)
Question: لدي طفل ولد ويده اليسرى اقصر من اليد اليمنى اريد اسأل عن امكانية اجراء عملية جراحية عمره حاليا ٦ اشهر؟
Answer: هناك طريقة روسية اخترعها الجراح الروسي لازاروف لتطويل العظم، يمكنك السؤال في بغداد إذا كان بالإمكان إجرائها، أو يمكن إجرائها في عمان إذا لزم الأمر.
Relation context: "
qa::ahd5k_02491,qa,ahd5k_02491,,ahd5k_02491,ما علاج تورم اللثه من الداخل؟,"Category: أمراض الأسنان (Dental)
Question: ما علاج تورم اللثه من الداخل؟
Answer: لابد من تحديد السبب عن طريق الفحص واجراء الاشعة قد يكون بسبب سني او خراج لثوي لابد من مراجعة العيادة
Relation context: "
qa::ahd5k_02507,qa,ahd5k_02507,,ahd5k_02507,شب صاحبي بلع في الغلط 20 حبة بيبي اسبرين منذ سنة وماعمل غسيل معدة الحين جسم تخلص منو؟ لانو سم لانو سمعنا الجسم اذا ماقدر,"Category: أمراض الدم (Blood)
Question: شب صاحبي بلع في الغلط 20 حبة بيبي اسبرين منذ سنة وماعمل غسيل معدة الحين جسم تخلص منو؟ لانو سم لانو سمعنا الجسم اذا ماقدر يتخلص من السم يخزنو في...
Answer: لا داعي للقلق فالجسم كفيل بتجاوز مثل هذه المشاكل الصحية, وليس هناك سموم تتخزن قي الجسم بعد كل هذه المدة, ثم ان هذه الكمية من الاسبرين هي كمية صغيرة و ليس لها اي تأثير مهم على الصحة فلا داعي للقلق,
Relation context: "
qa::ahd5k_02511,qa,ahd5k_02511,,ahd5k_02511,كيف استطيع التخلص من المغص المعوي,"Category: أمراض باطنية (Esoteric)
Question: كيف استطيع التخلص من المغص المعوي
Answer: اذا كان عندك مغص معوى بدون اى اعراض اخرى فغالبا سيكون عندك القولون العصبى و سببه التوتر العصبى و علاجه علاج التوتر العصبى
Relation context: "
qa::ahd5k_02528,qa,ahd5k_02528,,ahd5k_02528,ارجو الاجابة.. تعرضت للدغة عقرب اصفر في قدمي وذهبت الى المستشفى وقمت باخذ المطاعيم والاقاحات المضادة ..ّولكن الى الان اع,"Category: إسعاف أولي (First aid)
Question: ارجو الاجابة.. تعرضت للدغة عقرب اصفر في قدمي وذهبت الى المستشفى وقمت باخذ المطاعيم والاقاحات المضادة ..ّولكن الى الان اعاني من اوجاع كبيرة لا تذهب بالمسكنات...
Answer: طالما مضى وقت على اللدغة لا تقلقى فلا خطورة من ذلك ولكن هل هذة الاوجاع من مكان اللدغة فقط ام فى كل الجسم
Relation context: "
qa::ahd5k_02532,qa,ahd5k_02532,,ahd5k_02532,هل نزول الدم من حلمة الأم أثناء الرضاعة بسبب التشققات مضر للطفل مع العلم أن فصيلة دم الأم O+ والطفل A+,"Category: صحة الطفل (Child health)
Question: هل نزول الدم من حلمة الأم أثناء الرضاعة بسبب التشققات مضر للطفل مع العلم أن فصيلة دم الأم O+ والطفل A+
Answer: ليس مضرا و لكن قد يؤذي الام ينصح بعلاج الحلمات
Relation context: "
qa::ahd5k_02546,qa,ahd5k_02546,,ahd5k_02546,هل فقر الدم سبب فقدان الشهيه والكسل والخمول والتعب وثقل الوزن وغيره,"Category: أمراض الدم (Blood)
Question: هل فقر الدم سبب فقدان الشهيه والكسل والخمول والتعب وثقل الوزن وغيره
Answer: أعراض فقر الدم تؤثر على جميع أعضاء الجسم دوخه وتوتر زيادة ضربات القلب ضيق في التنفس غثيان وتقي وأحيانا الم في المعدة كسل وخمول اضطرابات في النوم شحوب في البشره وأعراض كثيرة اخري
Relation context: فقر الدم HAS_SYMPTOM الم المعدجة. Evidence: أحيانا الم في المعدة كسل وخمول اضطرابات في النوم | فقر الدم HAS_SYMPTOM فقدان الشهيه. Evidence: فقر الدم سبب فقدان الشهيه"
qa::ahd5k_02552,qa,ahd5k_02552,,ahd5k_02552,ماهو علاج نقص الكريات البيضاء لدى الكبار وهل يحتاج تنويم واخذ علاج عن طريق الوريد الكريات 3000,"Category: أمراض الدم (Blood)
Question: ماهو علاج نقص الكريات البيضاء لدى الكبار وهل يحتاج تنويم واخذ علاج عن طريق الوريد الكريات 3000
Answer: إن العدد الطبيعي للكريات البيض هو من 4500 - 10000 ، والانخفاض أقل من 4500 وحتى 3000 قد لا يشير إلى أي مرض خطير، إلا أن نزول الكريات البيض أقل من 2500 قد يشير إلى مرض يجب معرفة سببه. ومن أسبابه: - الالتهاب بالفيروسات وهذا تتحسن فيه الكريات البيض متى تحسن المرض. - بعض أمراض الروماتيزم مثل مرض الذئبة الحمامية. - أمراض الدم، وتأثر نقي العظام بأحد الأمراض التي تسبب نقص الكريات. - بعض الأدوية التي تثبط نقي العظام. - ضخامة الطحال. - الأورام.
Relation context: نقص الكريات البيضاء TREATED_BY علاج نقص الكريات البيضاء. Evidence: علاج نقص الكريات البيضاء مذكور كعلاج لنقص الكريات البيضاء"
qa::ahd5k_02556,qa,ahd5k_02556,,ahd5k_02556,كيف يحضر شراب البابونج وهل استخدامه طيلة الحياة له مخاطر؟ وما هو الوقت المناسب لشرب البابونج؟,"Category: الطب البديل (Alternative medicine)
Question: كيف يحضر شراب البابونج وهل استخدامه طيلة الحياة له مخاطر؟ وما هو الوقت المناسب لشرب البابونج؟
Answer: بداية فإن طريقة تحضير البابونج لا تختلف عن طريقة تحضير الشاي الأحمر أو الأخضر وفيما يأتي توضيح لطريقة تحضير شراب البابونج: غلي كوب من الماء. وضع كيس من البابونج في الماء المغلي لمدة تتراوح من 5 - 10 دقائق، وإن لم تتوافر الأكياس يُمكن وضع حفنة صغيرة من البابونج الطازج أو المُجفف. يُصفى المشروب، ويتم شربه وهو دافئ. ينصح بتغطية كوب البابونج بعد إضافة الماء لتجنب تطاير العناصر المفيدة في البابونج. هل استخدام البابونج طيلة الحياة له مخاطر؟ بشكل عام، يعتبر البابونج آمنًا للاستخدام على المدى الطويل، ولكن يجب تجنب الإفراط في استخدامه في حال الحمل واستخدام الأدوية المزمنة، وتجبنه في حال المعاناة من حساسية تجاه البابونج. ما هو الوقت المناسب لشرب البابونج؟ يمكن شرب البابونج في أي وقت من اليوم، فعند تناوله في المساء قبل النوم يساعد على الاسترخاء والنوم بشكل أفضل، وعند استخدامه في الصباح يساعد على بدء اليوم بنشاط وحيوية. للمزيد: فوائد البابونج للبشرة البابونج للحامل: فوائده، وأضراره، وطريقة تحضيره
Relation context: "
qa::ahd5k_02569,qa,ahd5k_02569,,ahd5k_02569,طفلي البالغ اربع اشهر اصيب بالتهاب في عينه بعد يومين من ولادته تسبب بافرازات صفراء ودموع ووصف له الطبيب علاج لكن الالتها,"Category: صحة الطفل (Child health)
Question: طفلي البالغ اربع اشهر اصيب بالتهاب في عينه بعد يومين من ولادته تسبب بافرازات صفراء ودموع ووصف له الطبيب علاج لكن الالتهاب يعاودها بعد انتهائه ماالسبب وما العلاج.. فائق الشكر
Answer: يجب اخذ مسحة من هذه الافرازات بعيادة الطبيب وارسالها لعمل مزرعة لمعرفة نوع الميكروب.وفي بعض الحالات يحتاج الطفل لعلاج بالنضاد الحيوي عن طريق الفم الي جانب العلاج الموضعي ولمدة كافية للقضاء عالميكروب
Relation context: التهاب TREATED_BY النضاد الحيوي. Evidence: يحتاج الطفل لعلاج بالنضاد الحيوي عن طريق الفم الي جانب العلاج الموضعي"
qa::ahd5k_02577,qa,ahd5k_02577,,ahd5k_02577,من فترةاعاني من ارتفاع وانخفاض سرعة نبضات القلب وبعض الاحيان يصاحبهاضيق تنفس واستيقظت من النوم استطيع الاحساس بأن نبضات ,"Category: أمراض القلب و الشرايين (Cardiovascular disease)
Question: من فترةاعاني من ارتفاع وانخفاض سرعة نبضات القلب وبعض الاحيان يصاحبهاضيق تنفس واستيقظت من النوم استطيع الاحساس بأن نبضات قلبي ضعيفة واحس بحمل ثقيل في صدري واحسست بان اطرافي ضعيفة...
Answer: لا داعي للقلق ولكن ينبغي عمل تخطيط كهربي للقلب لتحديد نوع التسارع وسببه ومن ثم الأسلوب الأمثل لعلاجه
Relation context: "
qa::ahd5k_02587,qa,ahd5k_02587,,ahd5k_02587,ماسبب اللون الازرق في اظافر الميت هل له علاقه بطريقة موته بالصعق بالكهرباء مثلا مع العلم انه طبيعي قبل ذلك واذا كانت الا,"Category: علم التشريح (Anatomy)
Question: ماسبب اللون الازرق في اظافر الميت هل له علاقه بطريقة موته بالصعق بالكهرباء مثلا مع العلم انه طبيعي قبل ذلك واذا كانت الاجابه نعم اريد تفسير وشرح طبي بطريقة تغيير...
Answer: يحصل الاختناق نتيجة عدم وصول الاوكسجين الى الرئتين وتكاثرغاز ثاني اكسيد الكربون او غيره من الغازات غير الصالحة للتنفس فيتخدر الجهاز العصبي ويفسد الدم ويتعرض المصاب الى الارتخاء ثم الى الغيبوبة ثم الموت.ويحدث ذلك في حالات الصعقة الكهربائية والغرق وغيرهما من الحالات التي تسبب قلة استنشاق الأكسجين وتراكم الغازات غير الصالحة . للتنفس ويعم ذلك الدم في جميع اجزاء الجسم فيظهر إزرقاق الشفاه والانف والاذن والاصابع.،وعند الموت يتجمع الدم في الأجزاء السفلية من الجسم القريبة من الأرض، وبعد ساعتين تظهر البقع الزرقاء على الظهربفعل تجمع الدم --الذي يكون فقيرا بالكسجين وغنيا بثاني أكسيد الكربون--وإذا كانت الأصابع في وضعية أخفض من الجسم فيتراكم فيها هذا الدم فتبدو زرقاء اللون
Relation context: "
qa::ahd5k_02588,qa,ahd5k_02588,,ahd5k_02588,هل من الممكن تشخيص الحالة اذا تم ارسال فحوصات الاشعة لحالة مرضية من خلال موقعكم,"Category: تشخيص (Diagnosis)
Question: هل من الممكن تشخيص الحالة اذا تم ارسال فحوصات الاشعة لحالة مرضية من خلال موقعكم
Answer: حسب الحالة وحسب الوصف المقدم إذا كان مفصلا أم لا . كافيا أم لا؟ولكن التشخيص الأمثل يستلزم وجود صور الأشعة والفحوصات المخبرية.
Relation context: "
qa::ahd5k_02595,qa,ahd5k_02595,,ahd5k_02595,طفلتي 6شهور مصابة بارتفاع حرارة 39 وهطيتها تحاميل مانزلت الحرارة ماسبب ارتفاع حرارتها علما ان اسنانها السفلية ظاهرين ارج,"Category: صحة الطفل (Child health)
Question: طفلتي 6شهور مصابة بارتفاع حرارة 39 وهطيتها تحاميل مانزلت الحرارة ماسبب ارتفاع حرارتها علما ان اسنانها السفلية ظاهرين ارجوالرد
Answer: 1- التسنين لا يسبب حرارة أكثر من 38.2 2- من المستحيل معرفة سبب الحرارة دون فحصها سلامتها
Relation context: "
qa::ahd5k_02605,qa,ahd5k_02605,,ahd5k_02605,"عمري ٢٢ غير حامل عملت CBC طلع mcv72 ,22mch ناقص وباقي التحليل كله في الرينج الطبيعي حتى الهيموغلوبين وHCT و RBCطبيعي ،بع","Category: أمراض الدم (Blood)
Question: عمري ٢٢ غير حامل عملت CBC طلع mcv72 ,22mch ناقص وباقي التحليل كله في الرينج الطبيعي حتى الهيموغلوبين وHCT و RBCطبيعي ،بعدها عملت Ferritin ,b12طبيعي معappearance of immature granulocytes بنسبه...
Answer: اعملي نسبه الiron وايضا كم نسبه الferitin
Relation context: "
qa::ahd5k_02607,qa,ahd5k_02607,,ahd5k_02607,السلام عليكم والدي عمره 58 و لديه شريان مغلق من الجهة اليمنى بنسبة تسعين بالمئة منذ اربع سنوات و لديه ضغط و سكري و لم يت,"Category: جراحة القلب والشرايين (Cardiovascular surgery)
Question: السلام عليكم والدي عمره 58 و لديه شريان مغلق من الجهة اليمنى بنسبة تسعين بالمئة منذ اربع سنوات و لديه ضغط و سكري و لم يتعالج الى الان فهل حالته...
Answer: لم تحدد أي شريان، فلكل عضو أو منطقة في الجسم خصائصها البنيوية والوظيفية، وفي جميع الأحوال الحالة السريرية هي الفيصل وليس الفحص الذي هو ليس أكثر من مكمل للفحص الطبي السريري، لأن الكثير من الشرايين التي تغلق ينشأ بدلا عنها أخرى بديلة لا سيما إذا ما كان الشخص صحيح البنية ورياضي، وهذه الأوعية البديلة تكفل التروية للمنطقة التي يمكن أن تتضرر من الشريان المنغلق
Relation context: مرض السكري HAS_SYMPTOM ضغط الدم. Evidence: مرض السكري وضغط الدم"
qa::ahd5k_02618,qa,ahd5k_02618,,ahd5k_02618,لة سمحتم انا بحس بشىء عالق بين اسنانى الامماميه ة بستخدم الخيط للتنظيف و لكن فعلا لا يوجد اى شىء بين الاسنان لا يوجد الم,"Category: أمراض الأسنان (Dental)
Question: لة سمحتم انا بحس بشىء عالق بين اسنانى الامماميه ة بستخدم الخيط للتنظيف و لكن فعلا لا يوجد اى شىء بين الاسنان لا يوجد الم و لكن انزعاج ز انا...
Answer: تحتاج إلى إزالة الرواسب الجيرية و علاج التهاب اللثة و استخدام المضمضة
Relation context: "
qa::ahd5k_02620,qa,ahd5k_02620,,ahd5k_02620,لم يزداد طول القامة عندي بسرعة كما في البلوغ حيث ظهرت علامات البلوغ ما عدا النمو السريع حيث بلغت في سن 13 وانا لان عمري ,"Category: أمراض الغدد الصماء (Endocrine)
Question: لم يزداد طول القامة عندي بسرعة كما في البلوغ حيث ظهرت علامات البلوغ ما عدا النمو السريع حيث بلغت في سن 13 وانا لان عمري 15 ولم تاتي سرعة في...
Answer: مادام الطول جيد ولايوجد مشكلة في علامات البلوغ الاخرى فغالبا لا توجد مشكلة
Relation context: "
qa::ahd5k_02627,qa,ahd5k_02627,,ahd5k_02627,انا زوجتي حامل في الشهر السابع وعندها زيادة في تحليل فى تحليل crp وبعد تحاليل للبول ومسح وزرع لم يظهر شي وكانت جميع الفح,"Category: أمراض الدم (Blood)
Question: انا زوجتي حامل في الشهر السابع وعندها زيادة في تحليل فى تحليل crp وبعد تحاليل للبول ومسح وزرع لم يظهر شي وكانت جميع الفحوص عادية ومنذ بداية الحمل كانت تظهر...
Answer: ان ارتفاع ال CRP وكذلك ارتفاع كريات الدم البيضاء يدل على وجود التهاب( انفلونزا, التهاب باللثه ,وغيرها....), ولكن اذا كان ال CRP هو فقط ايجابي او حتى مرتفع حتى 10 فيمكن ان يعتبر طبيعياً وكذلك ارتفاع الكريات الدم البيضاء حتى 16,000 يعتبر طبيعياً اثناء الحمل ويصل اثناء الولاده الى 20,000. لذا فقط انصحك باعاده هذه الفحوصات فاذا لم يكن هناك ازدياد بمعدل هذه الفحوصات فلا داعي للقلق. اما اذا كان هناك ازدياد بمعدلها فانصحك بمراجعه الطبيب مره اخرى للفحص.
Relation context: "
qa::ahd5k_02662,qa,ahd5k_02662,,ahd5k_02662,لدي الم في جانبي راسي وخصوصا الايسر فوق الاذن اشعر بضغط فى هذه المنطقه وكانه شي سينفجر وكثير من الاوقات اشعر بارهاق عام ,"Category: تشخيص (Diagnosis)
Question: لدي الم في جانبي راسي وخصوصا الايسر فوق الاذن اشعر بضغط فى هذه المنطقه وكانه شي سينفجر وكثير من الاوقات اشعر بارهاق عام لهذا السبب
Answer: إن الألم في الرأس مع الشعور بالضغط على جانبي الرأس مع الإرهاق العام قد يعود لأحد الأسباب التالية: صداع التوتر. الشد العضلي. الضغط العصبي. القلق والتوتر أو الاكتئاب. التهاب الجيوب الأنفية. الشقيقة (الصداع النصفي). وجود مشاكل في الأذن التهاب السحايا. تمدد الأوعية الدموية في الدماغ. ينصح في الوقت الحالي زيارة الطبيب المختص لعمل الفحوصات والتحاليل اللازمة في حال عدم نجاح النصائح التالية: استخدام الأدوية المسكنة للألم حسب تعليمات الطبيب المختص مثل الايبوبروفين وغيرها. اتباع طرق التنفس العميق من أجل الاسترخاء وخفض مستويات هرمونات التوتر. ممارسة تمارين الاسترخاء مثل اليوغا والتأمل. تجنب القلق أو التوتر. للمزيد: اسباب الصداع ومحفزاته التدليك لعلاج الصداع هل تعاني من صداع من دون معرفة سببه؟ المرجع: What to know about pressure in the head
Relation context: التهاب السحايا HAS_SYMPTOM صداع. Evidence: صداع | التهاب الجيوب الأنفية HAS_SYMPTOM صداع. Evidence: صداع | التهاب الجيوب الأنفية HAS_SYMPTOM ضغط. Evidence: ضغط"
qa::ahd5k_02665,qa,ahd5k_02665,,ahd5k_02665,ما هى احتياجات الام الحامل والجنين مع بداية الشهر السادس؟,"Category: علم الأجنة (Embryology)
Question: ما هى احتياجات الام الحامل والجنين مع بداية الشهر السادس؟
Answer: يستجيب الطفل في هذه المرحلة للصوت لذا يحبذ أن تسميعه ما تريدين من أصوات، كما يجب عليك الحذر عندما تنحنين وعندما ترفعين جسمك حتى لا يصاب ظهرك بأذى، ويجب عليك أن تمارسي أنواع خفيفة من التمارين الرياضية مثل المشي والتمدد والسباحة. كما يمكن دهن بعض الكريمات من أجل تليين جلد البطن وتسكينه، وسوف تختفي علامات شد البطن تدريجيا بعد الولادة. من الناحية الغذائية ننصحك fزيادة عنصر الزنك وفيتامين سي في غذائك ليساعدان على حماية الجلد.
Relation context: "
qa::ahd5k_02667,qa,ahd5k_02667,,ahd5k_02667,السلام عليكم أنا صبي أبلغ من العمر 14 سنة، إنتابني هاجس يقول لي أنت مصاب بمتلازمة كلاينفلتر، لأن لدي ذراعان طويلان و أصا,"Category: تشوهات خلقية (Birth Defect)
Question: السلام عليكم أنا صبي أبلغ من العمر 14 سنة، إنتابني هاجس يقول لي أنت مصاب بمتلازمة كلاينفلتر، لأن لدي ذراعان طويلان و أصابع اليدين طويلان أيضا و لدي تضخم في...
Answer: انت على حق على الاغلب التثدي ناتج عن فرط الهرمونات الجنسية لدى البلوغ كلاينفلتر يكون لديهم ايضا خصى صغيرة راجع متلازمة كلاينفلتر في القاموس.
Relation context: "
qa::ahd5k_02673,qa,ahd5k_02673,,ahd5k_02673,السلام عليكم ان اعاني من الام في اسفل المعدة علي مستوي الامعاء مع انتفاخ و غازت مع كل واجبة وخاصة عند الصباح ان تناولة ش,"Category: أمراض باطنية (Esoteric)
Question: السلام عليكم ان اعاني من الام في اسفل المعدة علي مستوي الامعاء مع انتفاخ و غازت مع كل واجبة وخاصة عند الصباح ان تناولة شوكلاطة او شيء حلو اود تشخيص...
Answer: انت تعانين من عسر الهضم الذي له اسباب كثيرة ابرزها القولون العصبي والذي يتم تشخيصه باستبعاد الاسباب العضوية فبرجاء عمل اشعة تلفزيونية وتحليل براز وصورة دم واستشارة دكتور جهاز هضمي بعدهم
Relation context: "
qa::ahd5k_02677,qa,ahd5k_02677,,ahd5k_02677,السلام عليكم .نزول دم من المستقيم بكميه كبيره انا متزوجه وعندي طفل ..شكرا,"Category: أمراض باطنية (Esoteric)
Question: السلام عليكم .نزول دم من المستقيم بكميه كبيره انا متزوجه وعندي طفل ..شكرا
Answer: عليكم السلام اعتقد فى سنك و اذا كان الدم احمر فالاحتمال اما ان يكون تقرحات فى القولون او البواسير و لقطع الشك باليقين افضل تعملى منظار للقولون حتى يكون العلاج على اساس سليم
Relation context: "
qa::ahd5k_02679,qa,ahd5k_02679,,ahd5k_02679,عندي الم اعلي المعدة من فترة طويلة واشتد ف الاونة الاخيرة وهو مستمر وذهبت الي الطبيب وشخصه انه نازلة معوية ولكني لا اعان,"Category: أمراض باطنية (Esoteric)
Question: عندي الم اعلي المعدة من فترة طويلة واشتد ف الاونة الاخيرة وهو مستمر وذهبت الي الطبيب وشخصه انه نازلة معوية ولكني لا اعاني من الاسهال وهو عرض اساسي واخذ دواء...
Answer: الأعراض التي تعانين منها نعزوها في الغالب إلى القولون العصبي. عليك مراجعة أخصائي أمراض باطنية لعمل الفحوصات الطبية اللازمة لاستبعاد الأسباب الأخرى ومن ثم المعالجة الناجعة.
Relation context: "
qa::ahd5k_02685,qa,ahd5k_02685,,ahd5k_02685,جاني بعد الوﻻده اتهاب بالغده الدرقيه زياده نشاط علما بانه بعد وﻻدتي السابقه حدث معي كذلك وزال بدون علاج ولكن هذه المره ا,"Category: أمراض الغدد الصماء (Endocrine)
Question: جاني بعد الوﻻده اتهاب بالغده الدرقيه زياده نشاط علما بانه بعد وﻻدتي السابقه حدث معي كذلك وزال بدون علاج ولكن هذه المره اشعر بان النشاط زاد وارهقني Tsh= 0.032 من...
Answer: عادة ما يتحول هذا الافراط في الافراز الى كسل ومن ثم يعود الى طبيعته وفي هذه المرحلة يحتاج الى علاج عرضي فقط ولكن يوجد لذلك استثناءات ولذلك يجب المتابعة تحت اشراف اخصائي امراض الغدد الصم
Relation context: "
qa::ahd5k_02702,qa,ahd5k_02702,,ahd5k_02702,أنا شاب أبلغ من العمر ٢٤سنه عندي نقص بحجم الثدي الايمن بحجم كثير ولافت علما انه لا يسبب لي اي ألم هل هناك علاج وتم اكتشا,"Category: أمراض الغدد الصماء (Endocrine)
Question: أنا شاب أبلغ من العمر ٢٤سنه عندي نقص بحجم الثدي الايمن بحجم كثير ولافت علما انه لا يسبب لي اي ألم هل هناك علاج وتم اكتشاف ذالك وانا في سن...
Answer: يجب مراجعة اخصائية النسائية لإجراء الفحص السريري
Relation context: نقص بحجم الثدي TREATED_BY مراجعة اخصائية النسائية. Evidence: مراجعة اخصائية النسائية | نقص بحجم الثدي DIAGNOSED_BY فحص سريري. Evidence: فحص سريري"
qa::ahd5k_02719,qa,ahd5k_02719,,ahd5k_02719,تاتيني نوبات الم بصدري جهة القلب وقت الراحه خصوصا النوم واحيانا يمتد الالم لرقبه والاكتاف والظهر يبقى من ربع الى نصف ساع,"Category: أمراض القلب و الشرايين (Cardiovascular disease)
Question: تاتيني نوبات الم بصدري جهة القلب وقت الراحه خصوصا النوم واحيانا يمتد الالم لرقبه والاكتاف والظهر يبقى من ربع الى نصف ساعه ثم يذهب اشعر بغثيان ودوخه وضيق بالتنفس /...
Answer: اختي الفاضله الاعراض تحتاج الي مراجعة طبيب قلب للفحص السريري وعمل بعض الفحوصات والاشعه
Relation context: "
qa::ahd5k_02732,qa,ahd5k_02732,,ahd5k_02732,انا شخص مصاب بداء السكري وحدث لي جلطة في القلب في الشريان التاجي تم على اثره تركيب دعامة واتناول الآن ادوية القلب والضغط,"Category: أمراض باطنية (Esoteric)
Question: انا شخص مصاب بداء السكري وحدث لي جلطة في القلب في الشريان التاجي تم على اثره تركيب دعامة واتناول الآن ادوية القلب والضغط والاسبرين والبلافكس ثم بعد ذلك اصبت بداء...
Answer: إن شاء الله لا يوجد خطورة بإيقاف علاج البلافكس لأنه كما ذكرت مر 18 شهر على وضع الدعامة. أما بالنسبة لوجود تليف في الكبد فهذا أمر بحاجة لتقيم أخصائي جهاز هضمي لعمل الفحوصات المخبرية و الصور الشعاعية اللازمة لتشخيص الحالة.
Relation context: "
qa::ahd5k_02748,qa,ahd5k_02748,,ahd5k_02748,كيف يحدث علميا التصاق التوائم السيامي؟ وكيف يولد الطفل مشوها او زايد او ناقص طرف.,"Category: علم الأجنة (Embryology)
Question: كيف يحدث علميا التصاق التوائم السيامي؟ وكيف يولد الطفل مشوها او زايد او ناقص طرف.
Answer: التوائم السيامية تحدث بعد ان يتم التلقيح بحوالي ثمن ايام حيث تنقسم الجسم التوتي الى قسمين ولكن هذا النقسام لا يكون تاما فيحدث الالتصاق اما باقي التشوهات فحي تحدث لاسباب غير معلومة تماما
Relation context: "
qa::ahd5k_02754,qa,ahd5k_02754,,ahd5k_02754,عمري 24 سنة اعاني من تسارع في دقات القلب مع العلم اني مريضة روماتويد منذ 2006 حاليا اتناول البردنيزون فهل السبب يعود لما,"Category: أمراض القلب و الشرايين (Cardiovascular disease)
Question: عمري 24 سنة اعاني من تسارع في دقات القلب مع العلم اني مريضة روماتويد منذ 2006 حاليا اتناول البردنيزون فهل السبب يعود لما يفرزه هذا الدواء من ادرينالين ام انه...
Answer: ينبغي تحديد نوع التسارع وسببه عبر تخطيط كهربي للقلب والعودة للمتابعة مع الطبيب المعالج لمعرفة إن كان هناك مضاعفات جديدة بسب التوقف عن العلاج الوقائي
Relation context: "
qa::ahd5k_02761,qa,ahd5k_02761,,ahd5k_02761,مرحبا عمري 19 كنت اعاني من وجع في الصدر قمت بتخطيط قلب وكان سليم ، اخذت مسكن وخف الالم كثيرا لكن الان اعاني من الم تحت ا,"Category: أمراض القلب و الشرايين (Cardiovascular disease)
Question: مرحبا عمري 19 كنت اعاني من وجع في الصدر قمت بتخطيط قلب وكان سليم ، اخذت مسكن وخف الالم كثيرا لكن الان اعاني من الم تحت الابط اليسار عند الجهد...
Answer: هذه الآلام لا يمكن أن تكون من القلب، والأغلب أنها عضلية المنشأ لكن الطبيب الفاحص هو القادر على وضع التشخيص الدقيق.
Relation context: "
qa::ahd5k_02768,qa,ahd5k_02768,,ahd5k_02768,السلام عليكم ما هو السبب في سرعة دقات القلب بشكل مفاجئ ....تقريبا لمدة 5 دقائق ...,"Category: جراحة القلب والشرايين (Cardiovascular surgery)
Question: السلام عليكم ما هو السبب في سرعة دقات القلب بشكل مفاجئ ....تقريبا لمدة 5 دقائق ...
Answer: هناك أسباب كثيرة منها ما هو نفسي كالانعال والقلق وغير ذلك ومنها ما هو ناجن عن الافراط في تناول المنبهات، والأدوية، ومنها ما هو مرافق لحالة مرضية مجموعية كالالتهاب أو اضطراب الغة الدرقية ومنها ما هو ناجم عن اضطرابت كهربية قلبية ولتحديد السبب ينبغي فحص المريض وعلى ضوء العلامات السريرية الموجودة يمكن التعرف على السبب
Relation context: "
qa::ahd5k_02810,qa,ahd5k_02810,,ahd5k_02810,بابا عمره 50 سنة بعاني من البواسير وكتير تعبان منه... بدي علاج طبيعي وآمن ومضمون ومجرب الله يخليكم بسرعة.....,"Category: الطب البديل (Alternative medicine)
Question: بابا عمره 50 سنة بعاني من البواسير وكتير تعبان منه... بدي علاج طبيعي وآمن ومضمون ومجرب الله يخليكم بسرعة.....
Answer: لاج البواسير بداية هو استخدام مرهم نيوهيلار داخل الشرج وتحاميل نيوهيلار وكبسولات دافلون وحبوب آيبوبروفين400مغم، وإذا استمرت بمكن الجوء إلى اليزر وأخيرا الإستئصال الجراحي
Relation context: "
qa::ahd5k_02818,qa,ahd5k_02818,,ahd5k_02818,السلام. أنا شاب أبلغ من العمر 27 و أعاني من الدوال الساقين في الساق اليسرى مند حوالي 4 سنوات،و قد أجرية عملية، ولكنها لم,"Category: جراحة القلب والشرايين (Cardiovascular surgery)
Question: السلام. أنا شاب أبلغ من العمر 27 و أعاني من الدوال الساقين في الساق اليسرى مند حوالي 4 سنوات،و قد أجرية عملية، ولكنها لم تكن بنجاح، وقد نصحني الطبيب الذي...
Answer: الجوارب تفيد، ولكن الأفضل أن تغير مهنتك وتجد مهنة أخرى، ولا حول ولا قوة إلا بالله.
Relation context: "
qa::ahd5k_02823,qa,ahd5k_02823,,ahd5k_02823,طفل عمره اربع سنوات شخص مرضه على انه كهرباء زائدة فهل يوجدلها علاج في الطب البديل وهل سيستمر هذا المرض طويلا وماهي نسبه ,"Category: الطب البديل (Alternative medicine)
Question: طفل عمره اربع سنوات شخص مرضه على انه كهرباء زائدة فهل يوجدلها علاج في الطب البديل وهل سيستمر هذا المرض طويلا وماهي نسبه أمكانية الشفاء؟وا
Answer: عبارة ( كهرباء زائدة ) او ( شحنات كهرباء ) يطلقها الاطباء على داء الصرع لتخفيف الامر على الاهل بسبب الهلع و الخوف الذي ينتابهم من اسم الصرع بسبب النظرة الميتافيزيقية و الهالة التي تحيط بالصرع و له عدة اسماء : المسكة , النقطة , القرينة و غيرها من الاسماء و الصرع نوعان : 1- نوبات عامة تصيب جميع اجزاء الجسم و منها الداء الكبير و الداء الصغير 2- نوبات جزئية تصيب جزء او عضو من الجسم اسبابها كثيرة منها خلقية ( اثناء الحمل ) , الرضوض اثناء الولادة , اورام دماغية خلقية , اضطراب الاملاح المعدنية كالكالسيوم و الصوديوم في الدم و ارتفاع درجة حرارة الطفل فوق 39 درجة مؤية و حوادث السقوط و اود ان احذر الاهل من عدم الالتزام بشروط العلاج و هي : 1- الدواء المناسب الذي يصفه الاخصائي و ادوية الصرع معروفة للاطباء و كل نوع من انواع الصرع له نوع معين مناسب له 2- الجرعة الكافية و غير الزائدة و تعطى في الوقت المحدد 3- الاستمرار على تناول العلاج دون تقطيع او توقيف او نقصان للجرعة لان ذلك يسبب حدوث النوبات بشكل خطير 4- اذا استمر العلاج بشكل صحيح و لم تحدث و لا نوبة لمدة 3 سنوات متتالية فعندها يمكن للطبيب ان يقرر ايقاف الدواء و لكن بحذر شديد و ببطئ و تدريجياً خلال مدة عام كامل و هذا يعني ان الشفاء من الصؤع ممكن و خاصة عند الاطفال و خاصة اذا طالت مدة تناول الدواء و التزام الاهل بالجرعة و الوقت المحدد و بانتظام و دون تقطيع او تخفيض الجرعة و بناء عليه فإن نصيحتي لك ايها الاخ الكريم و الخت الكريمة ان تتعامل مع مرض الصرع تعاملك مع اي مرض آخر مع شيء من الاهتمام بطريقة العلاج بالادوية التي يصفها لك الاخصائي بالجرعة المناسبة و الوقت المحدد و باستمرار و انتظام و دون توقيف او تقطيع و عندها يمكنك بعد 3 سنوات من اخر نوبة ان تبدأ بايقاف الدواء تدريجياً و ببطئ خلال مدة عام كامل فيكوم طفلك قد شفي بإذن الله .
Relation context: صرع HAS_SYMPTOM نوبة. Evidence: الصرع نوعان : 1- نوبات عامة تصيب جميع اجزاء الجسم"
qa::ahd5k_02863,qa,ahd5k_02863,,ahd5k_02863,أرجو افادتي ابنتي تبلغ من العمر ٣ سنوات وبالصدفة وجدت انها ليس لديها فتحة مهبل وجدا قلقة حيال هذا الامر هل ممكن ان يكون ,"Category: علم الأجنة (Embryology)
Question: أرجو افادتي ابنتي تبلغ من العمر ٣ سنوات وبالصدفة وجدت انها ليس لديها فتحة مهبل وجدا قلقة حيال هذا الامر هل ممكن ان يكون لديها فتحة لان المنطقة جدا صغيرة...
Answer: أنت لحسن الحظ موجودة في بلد متقدم طبيا، عليك مراجعة اختصاصي أطفال لتقرير العلاج.
Relation context: "
qa::ahd5k_02864,qa,ahd5k_02864,,ahd5k_02864,ولد ابنى بالشفة الارنبية وعمرة الأن 12سنة ويوجد شق فى سقف فمة تم خياطتة جراحيا وعمرة 3 أشهر ويعانى حاليا من وجود صف ثانى,"Category: علم الأجنة (Embryology)
Question: ولد ابنى بالشفة الارنبية وعمرة الأن 12سنة ويوجد شق فى سقف فمة تم خياطتة جراحيا وعمرة 3 أشهر ويعانى حاليا من وجود صف ثانى من الأسنان فى جانب فكة الايمن...
Answer: يجب مراجعة اختصاصي جراحة الفك. أو طبيب الأسنان، لأنه يجب قلع صف من الأسنان الزائدة وإعادة ترتيب الفك بحيث يتلائم إطباق الفكين.
Relation context: "
qa::ahd5k_02892,qa,ahd5k_02892,,ahd5k_02892,اشعر بالحساسيه في ا نفي حيث اشعر بحكه في سقف الحلق ومعاطسه شديده عندما استيقظ في الصباح وعندما افتح عيوني تزداد الحكه ار,"Category: أرجية حساسية (Allergic allergy)
Question: اشعر بالحساسيه في ا نفي حيث اشعر بحكه في سقف الحلق ومعاطسه شديده عندما استيقظ في الصباح وعندما افتح عيوني تزداد الحكه ارجوا المساعده لمعرفه الوقايه والعلاج
Answer: ما تعاني منه هو الحساسية الوقاية : الابتعاد عن المواد الثيرة للحساسية مثل الغبار والصوف والقطن وشعر الحيوانات والعطور والمواد الكيماوية ويجب عمل فحص للحساسية التعددة (كرست ) عند طبيب اختصاصي حساسية لمعرفة المادة التي تسبب لك الحساسية وتتجنبها وايضا يمكنك تناول دواء يمنع حدوث الحساسية وهو كيتوتوفن مثل زادتن او توتنال فاذا حدثت الحساسية فتوقف عن تناوله لانه لا يفيد وتناول مضاد للهستامين ومزيل للاحتقان مثل فايبروسيل بخاخ او اوتروفين وحبوب مثل تلفاست او اكزوفن
Relation context: "
qa::ahd5k_02903,qa,ahd5k_02903,,ahd5k_02903,الدكتور الفاضل/ لقد قمت بعمل طفل انبوب وكان ترجيع الاجنة بتاريخ ١٩/٧/٢٠١٠ والحمدلله نجحت وتم الحمل. : حدثت مداعبات جنسية,"Category: علم الأجنة (Embryology)
Question: الدكتور الفاضل/ لقد قمت بعمل طفل انبوب وكان ترجيع الاجنة بتاريخ ١٩/٧/٢٠١٠ والحمدلله نجحت وتم الحمل. : حدثت مداعبات جنسية مع زوجي ولكن بدون ادخال القضيب ووصلنا كلانا للنشوة الجنسية...
Answer: هذا لن يؤثر على الحمل
Relation context: الحمل HAS_SYMPTOM قيء. Evidence: قيء"
qa::ahd5k_02905,qa,ahd5k_02905,,ahd5k_02905,والدتي٧٤ سنة اجرت عملية ازالة ورم حميد بالدماغ وبعدها حصلت لها جلطة في الرجل ومنذ سنين ونصف تاخذ وارفارين وحاليا الطبيب ,"Category: أمراض القلب و الشرايين (Cardiovascular disease)
Question: والدتي٧٤ سنة اجرت عملية ازالة ورم حميد بالدماغ وبعدها حصلت لها جلطة في الرجل ومنذ سنين ونصف تاخذ وارفارين وحاليا الطبيب غيره الى اسبرين ايهما احسن بلافيكس ام الاسبرين
Answer: في هذه الحالة العلاج المعطى كافي
Relation context: "
qa::ahd5k_02907,qa,ahd5k_02907,,ahd5k_02907,ولد لي طفل ولديه أصبع سادسه عظميه في كفه الايمن هل لهذا أثار مستقبليه؟,"Category: تشوهات خلقية (Birth Defect)
Question: ولد لي طفل ولديه أصبع سادسه عظميه في كفه الايمن هل لهذا أثار مستقبليه؟
Answer: هذه حالة نادرة، ويمكن علاجها بسهولة واستئصال الإصبع السادسة من قبل الجراح، راجع جراح عظام.
Relation context: "
qa::ahd5k_02952,qa,ahd5k_02952,,ahd5k_02952,ماهي البنودالتي تنص عليها نظرية الخلية,"Category: أمراض الدم (Blood)
Question: ماهي البنودالتي تنص عليها نظرية الخلية
Answer: نظرية الخلية تقوم على أن الخلية تُشكل الوحدة الأساسية في تركيب انسجة وأعضاء كل شيء حي، وهي الوحدة الوظيفة الأساسية لدى جميع الكائنات الحية، وهذه النظرية هي واحدة من أسس علم الأحياء، وتنض أيضاً على أن الخلايا الجديدة تتشكل من خلايا أخرى قائمة.
Relation context: "
qa::ahd5k_02957,qa,ahd5k_02957,,ahd5k_02957,اريد وصف حالات تأتي الى المستشفى ويكون في وقتها ملزم بعملية قلب مفتوحه ماهي الحالات وماذا تفعلون في وقتها ؟,"Category: جراحة القلب والشرايين (Cardiovascular surgery)
Question: اريد وصف حالات تأتي الى المستشفى ويكون في وقتها ملزم بعملية قلب مفتوحه ماهي الحالات وماذا تفعلون في وقتها ؟
Answer: عمليات القلب المفتوحة كثيرة؛ وتشمل تبديل الصمامات، وتبديل القلب أو زرع قلب,أو زرع قلب اصطناعي بالإضافة إلى جراحة الشرايين الكبيرة كالأبهر، واعتلالات القلب المكتسبة التي تؤدي إلى تضيق في الصمامات، أو الأوعية الدموية التاجية, وغير ذلك ولكل منها ظروفها وفقاً لنوعها ودرجة تقدمها وحالة المريض وغير ذلك
Relation context: "
qa::ahd5k_02966,qa,ahd5k_02966,,ahd5k_02966,ما هي الأدوية التي يمكن ان تساعد على تنظيف اللثه وحمايتها من الحساسيه,"Category: أمراض الأسنان (Dental)
Question: ما هي الأدوية التي يمكن ان تساعد على تنظيف اللثه وحمايتها من الحساسيه
Answer: عفوا ﻻ يوجد حساسية وتنظيف اللثة وانما اﻻسنان وانجح دواء هو النظافة اليومية بطريقة صحيحة التفريش والتغذية ويأتي الدواء مساعد عند الضرورة
Relation context: "
qa::ahd5k_02971,qa,ahd5k_02971,,ahd5k_02971,عند الاستيقاظ في الصباح اشعر بالام اسفل الظهر منذ فترة طويلة ما السبب انا استخدم علاج الثايروكسين هل له تاثير,"Category: أمراض الغدد الصماء (Endocrine)
Question: عند الاستيقاظ في الصباح اشعر بالام اسفل الظهر منذ فترة طويلة ما السبب انا استخدم علاج الثايروكسين هل له تاثير
Answer: الثايروكسين ليس السبب. يجب الفحص لمنطقة اسفل الظهر والفقرات
Relation context: "
qa::ahd5k_02980,qa,ahd5k_02980,,ahd5k_02980,السلام عليكم أنا عملت تحليل للغدة الدرقيه قبل سنه وكانت النتائج ممتازه ولكن لما عملته بعد مرور سنه ظهر بالتحليل ان المعد,"Category: أمراض الغدد الصماء (Endocrine)
Question: السلام عليكم أنا عملت تحليل للغدة الدرقيه قبل سنه وكانت النتائج ممتازه ولكن لما عملته بعد مرور سنه ظهر بالتحليل ان المعدل ٦ وقالت الدكتوره فيه ارتفاع في مستوى هرمون...
Answer: اذا كان ال TSH هو المقصود فهذه ممكن ان تكون بداية خمول ولكن عليكي اعادة التحليل للتأكد فإذا استمر ال tsh بالارتفاع فعليكب بدأ العلاج وتنظيم هرمون الغدة
Relation context: "
qa::ahd5k_02986,qa,ahd5k_02986,,ahd5k_02986,لدي جيب لثوي بين الضاحك والضرس عمل لي الطبيب عدة جلسات تجريف لثوي كان هناك تحسن ولاكن بعدها زال واستمر الازعاج وشعور اشب,"Category: أمراض الأسنان (Dental)
Question: لدي جيب لثوي بين الضاحك والضرس عمل لي الطبيب عدة جلسات تجريف لثوي كان هناك تحسن ولاكن بعدها زال واستمر الازعاج وشعور اشبه بحكة .. ماذا افعل .. علما ان...
Answer: قد تحتاج ازاله التلبيس و عمل جراحة بسيطة للجيب اللثوي و بعدها يتم وصع تاج جديد بعد شهر و اكيد وقتها رح تشعر بالتحسن ان شالله
Relation context: الجيب اللثوي TREATED_BY الجيب اللثوي. Evidence: ازاله التلبيس وعمل جراحة للجيب اللثوي"
qa::ahd5k_03015,qa,ahd5k_03015,,ahd5k_03015,الوالدة عملت عملية القلب المفتوح دون تغيير صمامات شهر 1/2014معها السكري عمرها 65 ماهي الادوية التي يجب ان تأخذها يوميا ؟,"Category: جراحة القلب والشرايين (Cardiovascular surgery)
Question: الوالدة عملت عملية القلب المفتوح دون تغيير صمامات شهر 1/2014معها السكري عمرها 65 ماهي الادوية التي يجب ان تأخذها يوميا ؟
Answer: لا نعرف نوع الصمام ولا حالتها السريرية بعد العملية والتي على أساسها سيتم تحديد الدواء الذي ينبغي وصفه
Relation context: "
qa::ahd5k_03019,qa,ahd5k_03019,,ahd5k_03019,عملت ٤ جلسات ٣ تنظيف وسحب عصب والرابعة حشو الجذور ووضع مؤقتة عانيت من الم ل٥ ايام قوي ثم زال لكن بعد ٤ ايام رجعلي الم خف,"Category: أمراض الأسنان (Dental)
Question: عملت ٤ جلسات ٣ تنظيف وسحب عصب والرابعة حشو الجذور ووضع مؤقتة عانيت من الم ل٥ ايام قوي ثم زال لكن بعد ٤ ايام رجعلي الم خفيف من حين لاخر...
Answer: يجب إنهاء المعالجة تماما حتى تنتهي من ألم الضرس ان كانت معالجة الجذور جيدة فستغيب الأعراض باذن الله ومن الطبيعي حصول الالم عند العض لمدة اسبوع
Relation context: "
qa::ahd5k_03031,qa,ahd5k_03031,,ahd5k_03031,دكتور انا عندي اختلاف بسيط في جهة الأذنين يعني تقريبا واضح.. بس ماما خايفة اني اروح اسوي عملية بس ايش تنصحني,"Category: تشوهات خلقية (Birth Defect)
Question: دكتور انا عندي اختلاف بسيط في جهة الأذنين يعني تقريبا واضح.. بس ماما خايفة اني اروح اسوي عملية بس ايش تنصحني
Answer: عزيزتي: اذا كنت تقصدين اختلاف في الشكل او الحجم ,فان الحل الجراحي عادة ما يكون ناجعا, وليس هناك مضاعفات هامة,عليك بمراجعة جراح التجميل للكشف والعلاج املين لك الشفاء
Relation context: "
qa::ahd5k_03032,qa,ahd5k_03032,,ahd5k_03032,مشكله فى الفك و محتاج زراعه ضروس قمت بعمل اشاعه بانوراما للفك السؤال: هل الفك بحاله جيده للزراعه و ما مشكله الفك و حلها,"Category: أمراض الأسنان (Dental)
Question: مشكله فى الفك و محتاج زراعه ضروس قمت بعمل اشاعه بانوراما للفك السؤال: هل الفك بحاله جيده للزراعه و ما مشكله الفك و حلها
Answer: حالة الحافة العظمية للفكممتازة لعمل زرعات سنية اما بالنسبة لمشكله الفك ف انت تعاني من بقايا جذور يجب خلعها قبل عمل الزرعات السنية
Relation context: "
qa::ahd5k_03053,qa,ahd5k_03053,,ahd5k_03053,طفلى اخذ تطعيم ٦شهور واخذ ادول شراب سخنيه ولسه سخن اديله تحاميل روفيناك ٢٥,"Category: صحة الطفل (Child health)
Question: طفلى اخذ تطعيم ٦شهور واخذ ادول شراب سخنيه ولسه سخن اديله تحاميل روفيناك ٢٥
Answer: أهلا بحضرتك ....... * أولا : ارتفاع الحرارة بسبب التطعيم لا تستمر أكثر من 24 ساعة ، و لا تتجاوز 38.5 في أغلب الأحوال . * ثانيا : لا يمكن إعطاء لبوس روفيناك 25 مجم في هذا العمر ، و يكتفي بإعطاء الباراسيتامول كل 4-6 ساعات . * ثالثا : استمرار الحرارة لثاني يوم بعد التطعيم و خاصة إذا كانت مرتفعة جدا أو يصاحبها أعراض أخري ، يستلزم إجراء كشف طبي لأنه غالبا سيكون هناك سبب آخر للحرارة غير التطعيم ،،،،،،،،،،
Relation context: "
qa::ahd5k_03068,qa,ahd5k_03068,,ahd5k_03068,أسباب التهاب الرحم المتكرر والاحساس بذلك والعلاج الافضل له وكيف نتفادى ذلك وماهي المطهرات المناسبه للمرآة التي لديها حسا,"Category: علم التشريح (Anatomy)
Question: أسباب التهاب الرحم المتكرر والاحساس بذلك والعلاج الافضل له وكيف نتفادى ذلك وماهي المطهرات المناسبه للمرآة التي لديها حساسيه جلديه
Answer: اعتقد بأن المقصود هو التهابات المهبل وليس الرحم وغالبا ما يكون سبب هذه الالتهابات هي الفطريات خاصة الكانديدا وقد يكون السبب التهابات جرثومية بعضها قد ينتقل عن طريق المعاشرة الزوجية وبعضها لا وفي حال تكررا الالتهابات فلا بد من اخذ عينة من الافرازات وفحصها وعمل مزرعة لها لمعرفة الجرثومة المسببة وبناءا على نتيجة المزرعة يتم وصف العلاج المناسب ولكن يجب التأكيد بأن على الزوج تناول نفس العلاج وفي نفس الوقت واذا كانت هناك زوجة اخرى فيجب عليها ايضا تناول نفس العلاج . وانصح ايضا بعمل تحليل للسكر حيث ان الالتهابات الفطرية تزيد وتتكرر عند مرضى السكري. اما بالنسبة للمطهرات فانا لا انصح باستعمالها كثيرا واذا كان لا بد منها فلا يجب ان تستعمل اكثر من مرة الى مرتين في الاسبوع وهناك العديد منها في الصيدليات
Relation context: حساسية DIAGNOSED_BY تحاليل مخبرية. Evidence: تحليل الحساسية"
qa::ahd5k_03085,qa,ahd5k_03085,,ahd5k_03085,"هل يوجد علاج للتشخيص المسمى \""pseudoexanthoma الاستيك \"" او اي مستحضر طبي يقلل من الاعراض الجانبية","Category: علم التشريح (Anatomy)
Question: هل يوجد علاج للتشخيص المسمى \""pseudoexanthoma الاستيك \"" او اي مستحضر طبي يقلل من الاعراض الجانبية
Answer: لا يوجد علاج يوثر في مجرى المرض بالرغم من أن تقليص تناول الكالسيوم قد أتى بنتائج ضئيلة، ويمكن إجراء جراحات تجميلية للجلد المتهدل كما يمكن استعمال أدوية من أجل تخفيف مشاكل الأوعية الدموية في الشبكية مثل أدوية بيفاسيزوماب(أفاستين) ورانيبيزوماب (لوسنتيس) وينصح العض بتجنب استعمال بعض الأدوية اللاستيروئيدية المضادة للإلتهاب مثل الأسبرين والبروفين<
Relation context: "
qa::ahd5k_03090,qa,ahd5k_03090,,ahd5k_03090,هل التواجد للحامل في غرفة به تليفون لا سلكي واجهزة اتصالات وموبيلات او اشعة التلفزيون يؤثر على الحمل برجاء سرعة الاجابة ,"Category: علم الأجنة (Embryology)
Question: هل التواجد للحامل في غرفة به تليفون لا سلكي واجهزة اتصالات وموبيلات او اشعة التلفزيون يؤثر على الحمل برجاء سرعة الاجابة للاهمية وبارك الله فيكم
Answer: هناك أقووال كثيرة حول الموضع، وأن الموجات الكهرومغناطيسية قد تسبب السرطان، ولك الموضوع كله جديد وليس هناك دراسات قاطعة جول الموضوع حتى الآن، ولكن يستحسن ليس للحامل فقط الابتعاد عن أماكن الإشعاع،اجتنبوا مواطن الشبهات.
Relation context: "
qa::ahd5k_03098,qa,ahd5k_03098,,ahd5k_03098,أشعر برائحة كريهة في الفم تهرج من الجهاز الهضمي وأحياناً مع البلغم. أستبعد أن تكون من الاسنان أو اللثة أو الفم بشكل عام ,"Category: أمراض الأسنان (Dental)
Question: أشعر برائحة كريهة في الفم تهرج من الجهاز الهضمي وأحياناً مع البلغم. أستبعد أن تكون من الاسنان أو اللثة أو الفم بشكل عام إنما أشعر بها تخرج مع النفس وعلى...
Answer: انصحك بعلاج كل الأسنان التي يتوجب علاجها و من ثم التوجه إلى طبيب اخصائي باطنيه
Relation context: "
qa::ahd5k_03104,qa,ahd5k_03104,,ahd5k_03104,ما هى فوائد زيت الحلبه للجسم اذا استعمل شربا مع الماء شكرا,"Category: الطب البديل (Alternative medicine)
Question: ما هى فوائد زيت الحلبه للجسم اذا استعمل شربا مع الماء شكرا
Answer: فوائد زيت الحلبة للجسم: 1. فوائد زيت الحلبة للشعر: زيت الحلبة له تأثير قوي على نمو الشعر ويحد من الصلع وتساقط الشعر والقشور , فهو مصدر جيد لحمض النيكوتينيك والبروتين. 2. فوائد زيت الحلبة للصدر: فهو تحتوي على الأستروجين وتعمل على تحفيز هرمون البرولاكتين , وكلها عوامل مؤثرة في زيادة حجم الصدر(الثدي) وتسمينه. 3. فوائد زيت الحلبة للبشرة: يعمل زيت الحلبة على تحفيز تدفق الدم إلى الأنسجة , ولذلك فإن مستحضرات زيت الحلبة تعمل على الحماية من التجاعيد بالوجه والخدود , وله تأثير مرطب للجلد , كما أنه يعمل على إزالة السموم من البشرة بسبب صفاته المضادة للالتهابات. أضرار زيت الحلبة: لا ينبغي استخدام زيت الحلبة قبل استشارة الطبيب , ومن الأفضل تجنب استخدامه أثناء فترة الحمل.
Relation context: "
qa::ahd5k_03113,qa,ahd5k_03113,,ahd5k_03113,عندي جرح داخل فمي في اللثه تحت السن ومؤلم جداً ، شنو الحل ؟,"Category: أمراض الأسنان (Dental)
Question: عندي جرح داخل فمي في اللثه تحت السن ومؤلم جداً ، شنو الحل ؟
Answer: برجاء توجه لطبيب اسنان لمعرفه سبب الجرح وتحديد مكانه بالضبط
Relation context: "
qa::ahd5k_03137,qa,ahd5k_03137,,ahd5k_03137,لماذا ترتفع درجة حرارة جسمي دائما بدرجة عالية جدا بالرغم من عدم بذل اي جهد حركي و التواجد في مكان بارد ولاحظت حدوث هذه ا,"Category: أمراض الغدد الصماء (Endocrine)
Question: لماذا ترتفع درجة حرارة جسمي دائما بدرجة عالية جدا بالرغم من عدم بذل اي جهد حركي و التواجد في مكان بارد ولاحظت حدوث هذه المشكلة مباشرة بعد الاستيقاظ من النوم...
Answer: ما هو وزنك وطولك وهل هناك أية أعراض أخرى؟ قد يكون هذا الشعور بالحرارة ناتجاً عن زيادة في نشاط الدرق تحياتي
Relation context: "
qa::ahd5k_03139,qa,ahd5k_03139,,ahd5k_03139,السلام عليكم ورحمه الله اشعر بطغنات في الجهه اليمن من الصدر ويمتد الى الكتف ماسبب هذه الالم؟؟,"Category: أمراض القلب و الشرايين (Cardiovascular disease)
Question: السلام عليكم ورحمه الله اشعر بطغنات في الجهه اليمن من الصدر ويمتد الى الكتف ماسبب هذه الالم؟؟
Answer: ينبغي فحص الفقرات العنقية ومفصل الكتف ، لأن أي التهاب على هذا المستوى يمكن أن يتسبب في هكذا أعراض
Relation context: "
qa::ahd5k_03154,qa,ahd5k_03154,,ahd5k_03154,طب الغدد السلام عليكم اريد معرفة الحجم الطبيعي للغدة الدرقية بالسنتمتر. مثلا الفص الايمن طوله 7.30 وعرضه 2.69 وبسماكة 2،,"Category: أمراض الغدد الصماء (Endocrine)
Question: طب الغدد السلام عليكم اريد معرفة الحجم الطبيعي للغدة الدرقية بالسنتمتر. مثلا الفص الايمن طوله 7.30 وعرضه 2.69 وبسماكة 2،45 والفص الايسر طوله 7.25 وعرضه 2.49 وبسماكة 2.60 شكرا
Answer: تستطيع معرفة ذلك عبر مواقع الانترنت
Relation context: "
qa::ahd5k_03223,qa,ahd5k_03223,,ahd5k_03223,السلام عليكم ورحمة الله وبركاته هل الزنجبيل مفيد للمصابين بالجلطة الدماغيه؟ وأن كان مفيد ماهي طريقة صحيح الاستخدامه؟ وشك,"Category: جراحة القلب والشرايين (Cardiovascular surgery)
Question: السلام عليكم ورحمة الله وبركاته هل الزنجبيل مفيد للمصابين بالجلطة الدماغيه؟ وأن كان مفيد ماهي طريقة صحيح الاستخدامه؟ وشكرآ
Answer: نعتقد أنه مفيد لكن حتى الآن لا توجد معطيات علمية يمكن الاعتماد عليها بشكل قطعي، ولكن في نفس الوقت هناك بعض الدراسات الحديثة التي تشير إلى أن الزنجبيل يمكن أن يكون مساعد للحفاظ على معدلات الكوليسترول الطبيعية، ويستعمله البعض خاصة في الصين في علاج بعض الاضطرابات الوعائية حيث يدخل في تركيب أدوية توسيع الأوعية الدموية أما بالنسبة لطريقة استعماله هناك كبسولات تُسمى جينجر لكن ينبغي استخدامه وفق إرشادات المنتج، لأنه حتى الآن لم يتم اعتماده من قبل شركات الأدوية في الكثير من البلدان ويُمكن استخدامه أيضا ضمن الوجبات الغذائية حيث تقشر الجذور وتضاف إلى سلطات الخضرة كما هو الحال عند شعوب شرق أسيا، وينبغي مراعاة استعمال زنجبيل جديد وذلك لجميل رائحته النفاذة ورونقه ولونه المصفر الفاتح المقارب للون السمن، ويجب أن يكون خاليا من العيدان والشوائب، وإذا كان مطحوناً ينبغي الانتباه إلى صلاحيته وجودته حيث تضعف فاعليته بعد سنتين لأنه يصاب بالتسوس لوجود رطوبة فيه، ولحفظ الزنجبيل أطول فترة ممكنة يخزن في أماكن غير مغطاة مع نبات الزعتر الذي يُغطى به ويمكن حفظه بوضعه في فلفل أسود أو في مكان تكون فيه درجة الحرارة تحت 6 °C، وهناك من يستخدمه كالشاي أو يضيفه على الطعام عند التحضير كما تضاف البهارات الأخرى، ويُضاف إلى القهوة والحليب وغير ذلك من المشروبات لتغير النكهة .
Relation context: "
qa::ahd5k_03232,qa,ahd5k_03232,,ahd5k_03232,طريقه التعامل مع الغريق وهل نطبق له انعاش القلب الرئوي C.P.R ?,"Category: إسعاف أولي (First aid)
Question: طريقه التعامل مع الغريق وهل نطبق له انعاش القلب الرئوي C.P.R ?
Answer: نعم يطبق له الانعاش القلبي الرئوي
Relation context: "
qa::ahd5k_03234,qa,ahd5k_03234,,ahd5k_03234,هل يمكن استخدام مرهم كورتيزون ١٪؜ ل رضيع لعمر الشهر لالتهاب الحفاظ,"Category: صحة الطفل (Child health)
Question: هل يمكن استخدام مرهم كورتيزون ١٪؜ ل رضيع لعمر الشهر لالتهاب الحفاظ
Answer: 1- حسب تركيبة الكورتيزون 2- لو كان السبب تحسسي..فالكورتيزون قد يفيد.أما لو كان السبب التهاباً فالكورتيزون قد يزيد الوضع سوءاً سلامته
Relation context: "
qa::ahd5k_03238,qa,ahd5k_03238,,ahd5k_03238,السلام عليكم وضعت زوجتي مولودنا الأول، الا أنه للأسف بتشوهات كثيرة على مستوى الرأس والشفة وتوفي بعد ساعات، الآن عملت الز,"Category: تشوهات خلقية (Birth Defect)
Question: السلام عليكم وضعت زوجتي مولودنا الأول، الا أنه للأسف بتشوهات كثيرة على مستوى الرأس والشفة وتوفي بعد ساعات، الآن عملت الزوجة فحوصات وتحاليل لدى طبيب مختص فأكد أن الأمور طبيعية.لفأردنا...
Answer: ليس من الضرورة حصول خلل أو تشوه لجميع المواليد، خاصة إذا كانت الفحوصات جيدة.
Relation context: "
qa::ahd5k_03242,qa,ahd5k_03242,,ahd5k_03242,هل لدغة العقرب أو مربعانية بعد 12ساعة من لدغة تبين أن لا توجد اعراض ك احمرار وانتفاخ أو حرارة تكون لدغة غير قاتلة,"Category: إسعاف أولي (First aid)
Question: هل لدغة العقرب أو مربعانية بعد 12ساعة من لدغة تبين أن لا توجد اعراض ك احمرار وانتفاخ أو حرارة تكون لدغة غير قاتلة
Answer: معظم لسعات العقرب لا تحتاج إلى علاج طبي. ولكن إذا كانت الأعراض شديدة ، فقد تحتاج إلى تلقي الرعاية في المستشفى. قد يعطى لك المهدئات لتقلصات العضلات والعقاقير من خلال الوريد (عن طريق الوريد) لعلاج ارتفاع ضغط الدم والإثارة والألم.
Relation context: ارتفاع ضغط الدم TREATED_BY العقاقير. Evidence: قد يعطى لك المهدئات لتقلصات العضلات والعقاقير من خلال الوريد (عن طريق الوريد) لعلاج ارتفاع ضغط الدم والإثارة والألم."
qa::ahd5k_03243,qa,ahd5k_03243,,ahd5k_03243,إبني عمر 6 سنوات و يعاني من حساسية الصدر أعطيه بخار الفنتولين و الأتروفين و شراب الزيلون .هل الفيس يفيد أم لا,"Category: أرجية حساسية (Allergic allergy)
Question: إبني عمر 6 سنوات و يعاني من حساسية الصدر أعطيه بخار الفنتولين و الأتروفين و شراب الزيلون .هل الفيس يفيد أم لا
Answer: غير واضح السؤال
Relation context: "
qa::ahd5k_03258,qa,ahd5k_03258,,ahd5k_03258,منذ دخول الصيف وانا اعاني من ظهور حبوب في وجهي اريد العلاج من خلال الطب البديل وشكرا لكم على مساعدتكم,"Category: الطب البديل (Alternative medicine)
Question: منذ دخول الصيف وانا اعاني من ظهور حبوب في وجهي اريد العلاج من خلال الطب البديل وشكرا لكم على مساعدتكم
Answer: يفضل مراجعة طبيب الجلدية لوصف العلاج المناسب لانه عادة يحتاج حب الشباب الى ادوية لعلاجها منها الايزوتريتينوين ولكن لا يجب اخذه دون استشارة الطبيب
Relation context: "
qa::ahd5k_03281,qa,ahd5k_03281,,ahd5k_03281,ماذا افعل بعد ان اتبرع بلدم,"Category: أمراض الدم (Blood)
Question: ماذا افعل بعد ان اتبرع بلدم
Answer: اشرب سوائل واتغذى
Relation context: "
qa::ahd5k_03284,qa,ahd5k_03284,,ahd5k_03284,لماذا أحيانا لا تكون الرؤية واضحة و يكون كأن ضبابا حول عيني اليسرى و بعد دلك عيني يزول ذلك الضباب هل هو احتمال اصابتي بو,"Category: علم التشريح (Anatomy)
Question: لماذا أحيانا لا تكون الرؤية واضحة و يكون كأن ضبابا حول عيني اليسرى و بعد دلك عيني يزول ذلك الضباب هل هو احتمال اصابتي بورم دماغي. ا
Answer: الامراض التي تسبب عدم وضوح الرؤية و الضبابية متعددة ,مثل مرض السكري المتظور , عيوب الانكسار الضوئي مثل قصر النظر او طول النظر او الاستجمام تيزم , اتلالات الشبكية , التهاب العصي البصري . و لكن لم يرد في ادبيات العيون الورم الدماغي . فعليك مراجعة طبيب اخصائي عيون ليقوم بفحصك جيداً جيداً و محاولة التعرف على السبب و من ثم معالجته .
Relation context: "
qa::ahd5k_03307,qa,ahd5k_03307,,ahd5k_03307,ماهي نصائحك لمن عمل الحجامة بعد يوم؟,"Category: الطب البديل (Alternative medicine)
Question: ماهي نصائحك لمن عمل الحجامة بعد يوم؟
Answer: ملاحظات ومحظورات: وتكون الحجامة في الصباح والظهر أفضل من الليل. وهي مستحبة في أيام الإثنين والثلاثاء والخميس، ومنهيّ عن أيام السبت والأربعاء، ومكروهة في الجمعة وفي فصل الصيف الحجامة أفضل من فصل الشتاء (يمكن تدفئة الغرفة). وفي البلاد الحارة أفضل من البلاد البادرة، فالبلاد الحارة والأزمنة الحارة والأمزجة الحارة التي دم أصحابها في غاية النضج الحجامة فيها أنفع من الفصد بكثير، فإن الدم ينضج ويرق ويخرج إلى سطح الجسد الداخل فتخرجه الحجامة. يحذر الحجامون المحدثون من عمل الحجامة لمن بدأ في الغسيل الكلوي، ولمن تبرع بالدم إلا بعد ثلاثة أيام، ولمن يتعاطى منبهات حتى يتركها، ولمن قام بتركيب جهاز منظم لضربات القلب لا تعمل له حجامة على القلب. @نصائح لمن عمل الحجامة لمدة 24ساعة: يضيف الحجامون في الغرب منع تناول الكحول لمدة 24 ساعة بعد الحجامةأو تدخين الماريجوانا لمدة 48 ساعة، وتناول المشروبات الباردة أو المثلجة لمدة 24 ساعة وممارسة الجنس لمدة 24 ساعةبعد عمل الحجامة وينصحون بالحفاظ على مكان الحجامة مغطى ودافئًا لمدة 24 ساعة أيضًا.
Relation context: "
qa::ahd5k_03329,qa,ahd5k_03329,,ahd5k_03329,أريد منكم تفاصيل كاملة عن الشيفرة الوراثية . وعن الأجنة التى يكون فيها إنقسامات ولكن الشيفرة الوراثية لديهم يوجد بها خلل,"Category: علم الأجنة (Embryology)
Question: أريد منكم تفاصيل كاملة عن الشيفرة الوراثية . وعن الأجنة التى يكون فيها إنقسامات ولكن الشيفرة الوراثية لديهم يوجد بها خلل. أرجووووووووووكم ساعدونى فى هذه المعلومات
Answer: خريطة الجينوم يمكن تعريفها على أنها التركيبة الكاملة للتعليمات الخاصة بتكوين الكائن الحي، وتحتوي على البصمات التي تحدد كل مكونات وأنشطة الخلية طوال حياة الكائن الحي، وهذه العوامل الوراثية موجودة على أشرطة محكمة الحلزونية من الحمض الديوكسي ريبوزي (DNA) بالإضافة إلى جزئيات البروتين، وهما معا يكونان وحدات تسمى الكروموسومات، وعلى هذه الكروموسومات توجد المورثات أو الجينات (Genes) وهي التي تحدد كل صفات الكائن الحي، وقد كان الإعلان عن استكمال الخريطة الجينية ""شفرة الحياة"" أكثر الجهود العلمية أهمية عام ألفين. إن الباحثين قد بدأوا يحصلون معارف جديدة من جهود فك الشفرة، ومن بينها المعرفة العميقة بتنوعات داء السرطان، وأسباب الشيخوخة، وتعقيدات جهاز المناعة وإنجاز مشروع الجينوم البشري صاحبته مفاجآت كثيرة، من بينها أن عدد الجينات في الإنسان 34 ألفا فقط.راجع علم الوراثة في القاموس.
Relation context: "
qa::ahd5k_03333,qa,ahd5k_03333,,ahd5k_03333,اسلام عليكم انا اعاني من ألم في الصدر مع الاحساس بوجود شئ في منطقة الظور والصدر والرغبه في القئ مع وجود ألم ونغزه في الج,"Category: أمراض القلب و الشرايين (Cardiovascular disease)
Question: اسلام عليكم انا اعاني من ألم في الصدر مع الاحساس بوجود شئ في منطقة الظور والصدر والرغبه في القئ مع وجود ألم ونغزه في الجنب الشمال وتحت الابط.
Answer: لا داعي للقلق لكن ينبغي معرفة خصائص الالم وباقي الاعراض والعلامات المرافقة من خلال الفحص الطبي السريري اولا
Relation context: "
qa::ahd5k_03339,qa,ahd5k_03339,,ahd5k_03339,عمر طفلي 7 أشهر عملو له تخطيط بالقلب يوجد بقلبه فتحه او ثقب قال الطبيب طبيعي لعمرة ويزول مع العمر هل هذا صحيح وهل يوجد خ,"Category: أمراض القلب و الشرايين (Cardiovascular disease)
Question: عمر طفلي 7 أشهر عملو له تخطيط بالقلب يوجد بقلبه فتحه او ثقب قال الطبيب طبيعي لعمرة ويزول مع العمر هل هذا صحيح وهل يوجد خطورة ومتى تزول؟
Answer: لم تذكر نوع ومكان الفتحة، لكن من قول الطبيب يبدو أنها في الجدار الأذيني، وإن كان كذلك فإنها ليست مدعاة للقلق وفقط يستوجب علاج أي التهاب يتعرض له بشكل جيد والمتابعة الدورية خاصة في البداية والالتزام بنصائح الطبيب ليس أكثر.
Relation context: "
qa::ahd5k_03348,qa,ahd5k_03348,,ahd5k_03348,دكتور انا من مصر وعندى مشكلة في الصفائح الدموية ضعيفة ونسبة الأملاح عالية جدا أروح لدكتور ايه؟,"Category: أمراض الدم (Blood)
Question: دكتور انا من مصر وعندى مشكلة في الصفائح الدموية ضعيفة ونسبة الأملاح عالية جدا أروح لدكتور ايه؟
Answer: ما هى عدد الصفائح وما هى الاملاح؟
Relation context: "
qa::ahd5k_03355,qa,ahd5k_03355,,ahd5k_03355,أرجو الاجابة على سؤالي من فضلكم هل تؤتر هده الأدوية على صحة الجنين علماً بأنني أخدتها بوصفة طبية في فترة الوحم والأن ابن,"Category: علم الأجنة (Embryology)
Question: أرجو الاجابة على سؤالي من فضلكم هل تؤتر هده الأدوية على صحة الجنين علماً بأنني أخدتها بوصفة طبية في فترة الوحم والأن ابني مصاب بتشوهات في اليدين و رجلين و-...
Answer: ان اسماء الادوية غير واضحة ولكن على حد علمنا الادوية لا تسبب مثل هذه التشوهات على حده لكن للتأكد يرجى ارسال الاسم العلمي للادوية لاعطائك النصيحه المثلى متمنيا لك كل النجاح والتوفيق …….. د.سليمان ضبيط مدير وحدة الإخصاب والوراثة
Relation context: "
qa::ahd5k_03359,qa,ahd5k_03359,,ahd5k_03359,سلام تاريخ 8-3-2011 قمت بترجيع الجنين اللى داخل الرحم و قال لي الحكيم ان الجنين لم ينمو حسب ما نريد و لم يعطيني اي نسبة ,"Category: علم الأجنة (Embryology)
Question: سلام تاريخ 8-3-2011 قمت بترجيع الجنين اللى داخل الرحم و قال لي الحكيم ان الجنين لم ينمو حسب ما نريد و لم يعطيني اي نسبة مئوية على استمرار الحمل بسبب...
Answer: ليس لدي علم عن الصوره التي رأها طبيبك، فيمكنك الاستفسار عن نسبه استمرار الحمل من طبيبك الذي لديه كل المعلومات عن حالتك. لا انصحك بشرب القرفه ولكن يمكنك شرب اليانسون.
Relation context: "
qa::ahd5k_03376,qa,ahd5k_03376,,ahd5k_03376,زوجتي تعاني من اعراض الغدة الدرقيه وعند اجراء التحليل وجد مايلي T3/ 5.64 T4/ 6.64 TSH/ <0.05 Anti tsh gRecoeptor/ 18.60 ,"Category: أمراض الغدد الصماء (Endocrine)
Question: زوجتي تعاني من اعراض الغدة الدرقيه وعند اجراء التحليل وجد مايلي T3/ 5.64 T4/ 6.64 TSH/ <0.05 Anti tsh gRecoeptor/ 18.60 والعلاج الذي وصفه الاخصائي هو prouracil 50mg ماهو الحل
Answer: ارقام نتائج الفحوصات غير واضحة
Relation context: "
qa::ahd5k_03385,qa,ahd5k_03385,,ahd5k_03385,انا ابلغ من العمر 19 عام اعانى من قصر القضيب الذى يصل طوله الى 10 سم واعانى من تضخم فى حجم الثدى ...فهل يوجد علاقه بين ق,"Category: أمراض الغدد الصماء (Endocrine)
Question: انا ابلغ من العمر 19 عام اعانى من قصر القضيب الذى يصل طوله الى 10 سم واعانى من تضخم فى حجم الثدى ...فهل يوجد علاقه بين قصر القضيب وتضخم حجم...
Answer: يوجد علاقة ، فقد تكون هناك زيادة في الهرمونات الأنثوية، عليك مراجعة اختصاصي الغدد الصماء لعمل فحص للهرمونات وتقرير العلاج.
Relation context: "
qa::ahd5k_03394,qa,ahd5k_03394,,ahd5k_03394,السلام عليكم انا مريضة غدة درقية (هاشيموتو) و اتناول الدواء .اريد أن اتبرع لاختي بالكلية هل أستطيع .اذا كان الجواب بنعم ,"Category: أمراض الغدد الصماء (Endocrine)
Question: السلام عليكم انا مريضة غدة درقية (هاشيموتو) و اتناول الدواء .اريد أن اتبرع لاختي بالكلية هل أستطيع .اذا كان الجواب بنعم هل هذا التبرع يؤثر على صحتي مستقبلا.شكرا على الاجابة
Answer: نعم من حيث المبدأ تقدري تتبرعي بالكلية . ويجب المتابعة مع طبيب الكلية كي تتعرفي على كافة التفاصيل
Relation context: "
qa::ahd5k_03400,qa,ahd5k_03400,,ahd5k_03400,ما هي اعراض مريض الايدز,"Category: أمراض الدم (Blood)
Question: ما هي اعراض مريض الايدز
Answer: الأعراض والعلامات يتضح التحول المصلي أحياناً بعلة محمومة حادة يمكن بسهولة أن تعتبر بصورة خاطئة ككثرة الوحيدات الفيروسية الحادة. الأعراض مثل الوعكة، الصداع، رهاب الضوء، ألم الحنجرة، بزغات جلدية، ألم مفصلي، ألم عضلي هي تشكيات خصائصية مترافقة في بعض الحالات بعلامات عابرة بالتهاب السحايا أو التهاب الدماغ أو التهاب عصبي محيطي. وفيما بعد وقبل حصول مظاهر سريرية للإيدز قد يحصل تضخم عقدي لمفاوي منتشر وأحياناً يترافق بنقص الصفيحات الدموية. الصورة النسجية لفرط التنسج اللمفاوي الجريبي تكون متميزة لأن خلايا +CD4 المحيطة تكون مستنزفة بينما تكون أشكال أخرى من اللمفاويات منشطة عندما يكون الجهاز المناعي مغموراً تصبح الجر يبات منكمشة والعقد ضامرة خلال هذا الطور يتنامى لدى بعض المرضى على تصبح معروفة بمعقد مرتبط بالإيدز. بصورة نموذجية يتشكل مرض من حميات، تعر قات ليلية، إسهال وآلام عضلية، وقد يصبح الطفح الجلدي الغير نوعي مزعجاً. تعدادات الخلايا البيض والحمر تنخفض ويمكن أن يحصل نقص صفيحات قرمزي. داء المبيضات الفموي أو النطاق قد يزداد إلاّ أنه في هذه المرحلة من غير المرجح أن تكون الالتهابات الانتهازية تهدد الحياة. أخيراً ينذر الإيدز إما بالتهابات خطيرة انتهازية أو – بصورة خاصة في الرجال الجنسيين النشيطين جنسياً- مرض خبيث، يكتنف الورم اللمفي، وبصورة أكثر نوعية، بشكل مكتثر وعملياً بشكل واضح للساركومة كابوسي، المتلازمة التي وصفت قبل التعرف على فيروس العوز المناعي البشري واستعملت للدلالة على مرضى العوز المناعي من سبب مجهول تجلى بواحدة من هذه الحالات، بقي تعبير الإيدز متعذر محوه من عقل العموم، ولأهداف علمية أبطل بتصنيفات المراحل المفصلة لعدوى فيروس العوز المناعي البشري الذي وفر معالم مفيدة لاختيار أو تقسيم طبقات المرضى المقبولين للاختبارات السريرية. يعتقد أن أكثر من 90% من المرضى الذين تنامي فيهم الإيدز قضوا نحبهم في نهاية الأمر من التهاب إضافي. إذ أن لهم حساسية للالتهابات الجهازية المنتشرة ضمن السكان بصورة واسعة وكذلك الالتهابات الانتهازية التي تتنامى فقط في أفراد لديهم عوز مناعي. الالتهابات المنتشرة بصورة واسعة بين الناس والتي هي من نمط السل، داء المبيضات وعدوى الحلأ البسيط لها نزعة للحصول في مرحلة مبكرة من سير المرض أكثر مما هي بالتحديد التهابات انتهازية مثل ذات الرئة فالمتكيسة الرئوية الكاريني: التهاب السحايا بالمكورات الخفية وتلك المسؤولة عن مظاهر مختلفة من المرض الجهازي بما ذلك أنواع خفية الأبواغ والمتفطرة آفيوم داخل الخلايا المعقدة وفيروس المضخم للخلايا والمقوصة، وإلى أن يصبح من الممكن عكس العيب المناعي المستوطن وقاية ومعالجة هذه الالتهابات المرافقة توفر أكثر الوسائط فعالية في إطالة وتحسين نوعية حياة المرضى المصابين بفيروس العوز المناعي البشرية. راجع إيدز في القاموس.
Relation context: "
qa::ahd5k_03423,qa,ahd5k_03423,,ahd5k_03423,"لدي جدتي تعاني من مرض لحد الان لم نتمكن من معرفة السبب رغم اخضاعها لعدة أطباء و يقولون صحتها ممتازة , أجرينا اشعاعات الص","Category: صحة المسنين (Elderly health)
Question: لدي جدتي تعاني من مرض لحد الان لم نتمكن من معرفة السبب رغم اخضاعها لعدة أطباء و يقولون صحتها ممتازة , أجرينا اشعاعات الصدر و القلب و الرئة و لا...
Answer: يجب مراقبة ضغط الدم باستمرار ، وخاصة عندما يصيبها الإغماء،ومراجعة الطبيب حول الموضوع.
Relation context: ارتفاع ضغط الدم HAS_SYMPTOM الإغماء. Evidence: الإغماء"
qa::ahd5k_03427,qa,ahd5k_03427,,ahd5k_03427,الم فضيع بثاني جلسةلحشوةجذر لضاحك علوي طبيب تركه لان قنوات انحشت بالاشعةظهر التهاب بقمةجذر لكن طبيب امهلني انتظاره ومر ا,"Category: أمراض الأسنان (Dental)
Question: الم فضيع بثاني جلسةلحشوةجذر لضاحك علوي طبيب تركه لان قنوات انحشت بالاشعةظهر التهاب بقمةجذر لكن طبيب امهلني انتظاره ومر اكثرمن شهر ازداد الم خاصةبلأكل وامتد لأذني وانفي ورقبتي
Answer: علاج الحالة يكون إما بفتح الأقنية من جديد وإزالة كل مابداخلها وتطهير ذورة السن وبعد تمام العلاج الختم والإغلاق الفوري، في حال تعسر العلاج عندها الحل يبقى بقلع السن والاستعاضة عنه بزرعة سنية.
Relation context: "
qa::ahd5k_03431,qa,ahd5k_03431,,ahd5k_03431,الوالده سوت عمليه الغدة جار الدرقيه بعد سنه صارت تحس باعراض الاصابع يدين يعكفن لاشعوريا والم في الرقبه ماهو سبب هل له عل,"Category: أمراض الغدد الصماء (Endocrine)
Question: الوالده سوت عمليه الغدة جار الدرقيه بعد سنه صارت تحس باعراض الاصابع يدين يعكفن لاشعوريا والم في الرقبه ماهو سبب هل له علاقه بالعمليه انا اعاني حموضه وحرقه مستمره
Answer: ما تصف به له علاقة بنقص الكالسيوم يجب عمل فحص و اخذ علاج
Relation context: "
qa::ahd5k_03444,qa,ahd5k_03444,,ahd5k_03444,ضيق السلام عليكم والله بعانى تنفس شديد دون سبب طبى واستخدمت برامج رقية كتير والحمدلله لم ياذن بالشفاء والموضوع دة معايا ,"Category: الطب البديل (Alternative medicine)
Question: ضيق السلام عليكم والله بعانى تنفس شديد دون سبب طبى واستخدمت برامج رقية كتير والحمدلله لم ياذن بالشفاء والموضوع دة معايا لية 4سنين فمش عارف اعمل اية اعانى من ضيق...
Answer: الخطوة الأولى تتطلب فحص طبي لتحديد طبيعة وخصائص ضيق النفس والعلامات السريرية المرافقة لكي يتم تحديد السبب ومن ثم علاجه وهذا لا يمكن تحقيقه دون فحص طبي
Relation context: "
qa::ahd5k_03453,qa,ahd5k_03453,,ahd5k_03453,ما هي الوصفة الغذائة والاعشاب المثالية التي ينصح بتناولها لتكبير حجم القضيب,"Category: الطب البديل (Alternative medicine)
Question: ما هي الوصفة الغذائة والاعشاب المثالية التي ينصح بتناولها لتكبير حجم القضيب
Answer: تكبير حجم القضيب تكبيرا دائما لا يحدث إلا في مرحلة البلوغ او المراهقة بأخذ حقن التستيرون ولكنه لا يفيد بعد ذلك العمر اما تكبير حجمه بشكل مؤقت عند الممارسة الجنسية فيمكنك استعمال : - دواء سيلدينافيل الذي يساعد على الانتصاب
Relation context: "
qa::ahd5k_03455,qa,ahd5k_03455,,ahd5k_03455,هل يوجد طريقة لتحديد جنس المولودوما متوسط كلفتها,"Category: علم الأجنة (Embryology)
Question: هل يوجد طريقة لتحديد جنس المولودوما متوسط كلفتها
Answer: هناك عده طرق ومنها الطرق التقليديه التي تعتمد على ايام الجماع والدوش القاعدي، وهناك الحقن التي تزيد من نسبه تحديد الجنس الى٧٠٪ وهناك طفل الانابيب هي الاكثر كلفه وتنجح بتحديد نسبه الجنين الى ٩٩٪. اما بالنسبه للكلفه فاقلها هو الطرق التقليديه واكثرها كلفه هي اطفال الانابيب والتكلفه يعتمد على مركز الاخصاب
Relation context: "
qa::ahd5k_03465,qa,ahd5k_03465,,ahd5k_03465,انا اعاني من جميع اعراض نشاط الغده الدرقيه واجريت تحليل وهذه النتائج TSH:0.32 ref range 0.35-5.5 freeT3:3 ref range 2.3-,"Category: أمراض الغدد الصماء (Endocrine)
Question: انا اعاني من جميع اعراض نشاط الغده الدرقيه واجريت تحليل وهذه النتائج TSH:0.32 ref range 0.35-5.5 freeT3:3 ref range 2.3-5.4 FreeT4:1.3 ref. Range 0.8-1.8 لذا هل ا عاني نشاط
Answer: هناك زيادة نشاط بسيط جدا يدعى ماقبل السريري افضل اعادة الفحص والمتابعة مع اخصائي الغدد و مبدئيا ممكن اخذ علاج preponplol 10mg ثلاث مرات يوميا
Relation context: "
qa::ahd5k_03468,qa,ahd5k_03468,,ahd5k_03468,هل هناك معالجة لمرض بيلة الميوغلوبين ارجو ايفادي به سواء هنا في سوريا او في اي دولة وفي اي مستشفى بالضبط لأني اعاني من ه,"Category: كيمياء حيوية (Biochemistry)
Question: هل هناك معالجة لمرض بيلة الميوغلوبين ارجو ايفادي به سواء هنا في سوريا او في اي دولة وفي اي مستشفى بالضبط لأني اعاني من هذا المرض منذ فترة وانا الان...
Answer: العلاج الاهم هو السوائل للمحافظة على الكلى
Relation context: بيلة الميوغلوبين TREATED_BY السوائل. Evidence: العلاج الاهم هو السوائل للمحافظة على الكلى"
qa::ahd5k_03469,qa,ahd5k_03469,,ahd5k_03469,موخرا اكتشفت امي ان لديها ثقب فطري بالقلب و هي تعاني يوميا من اختناق ولا يمكنها التنفس بسهولة ،ماذا افعل لان الدواء المع,"Category: أمراض القلب و الشرايين (Cardiovascular disease)
Question: موخرا اكتشفت امي ان لديها ثقب فطري بالقلب و هي تعاني يوميا من اختناق ولا يمكنها التنفس بسهولة ،ماذا افعل لان الدواء المعطى لم ينفع
Answer: لا داعي للقلق، لكن ينبغي معاودة اخصائي قلبية لاستكمال التشخيص ومن ثم العلاج
Relation context: "
qa::ahd5k_03474,qa,ahd5k_03474,,ahd5k_03474,اشكو من اثار البنج بعد ازالة ضرس العقل مستمرة من عدة ايام وصف لي الطبيب دواء vitamin b complex لاعادة العصب سليما لكني غ,"Category: أمراض الأسنان (Dental)
Question: اشكو من اثار البنج بعد ازالة ضرس العقل مستمرة من عدة ايام وصف لي الطبيب دواء vitamin b complex لاعادة العصب سليما لكني غير مقتنع بهذا الدواءvitamin b complex ارى...
Answer: هذا العلاج سليم و يساعد على تعافي العصب لكن لم تذكر بالضبط ما هي اثار البنج ... على كل حال يمكنك استشارة طبيب جراح وجه و فكين للوقوف على تفاصيل الحالة
Relation context: "
qa::ahd5k_03496,qa,ahd5k_03496,,ahd5k_03496,السلام عليكم أنا صبي أبلغ من العمر 14 سنة، إنتابني هاجس يقول لي أنت مصاب بمتلازمة كلاينفلتر، لأن لدي ذراعان طويلان و أصا,"Category: تشوهات خلقية (Birth Defect)
Question: السلام عليكم أنا صبي أبلغ من العمر 14 سنة، إنتابني هاجس يقول لي أنت مصاب بمتلازمة كلاينفلتر، لأن لدي ذراعان طويلان و أصابع اليدين طويلان و لدي تضخم في الثديين...
Answer: ما دام قد بلغت و حجم الخصيتين طبيعي فكلاينفلتر مستبعد
Relation context: "
qa::ahd5k_03501,qa,ahd5k_03501,,ahd5k_03501,ابي يعاني من الام مستمرة حادة في الصدر تمتد حتى الضهر تصاحبه مند 10 سنوات علما انه مريض قلب و الشرايين فارجو العلاج وشكر,"Category: أمراض القلب و الشرايين (Cardiovascular disease)
Question: ابي يعاني من الام مستمرة حادة في الصدر تمتد حتى الضهر تصاحبه مند 10 سنوات علما انه مريض قلب و الشرايين فارجو العلاج وشكرا
Answer: هكذا ألم يتطلب التحقق من طبيعته وخصائصه والعلامات المرافقة وسببها أولا، والفحص الطبي السريري ضروري خاصة أن تاريخه المرضي يستوجب استبعاد أسباب وعائية أبهرية
Relation context: "
qa::ahd5k_03516,qa,ahd5k_03516,,ahd5k_03516,"طفلي عمره شهر ونصف كم أعطيه من قطرات فيتامين A,C,D3","Category: صحة الطفل (Child health)
Question: طفلي عمره شهر ونصف كم أعطيه من قطرات فيتامين A,C,D3
Answer: يعطى ٤٠٠ وحده دوليه من فيتامين-د- وهذا موجود على النشره الداخليه والطبيب يحدد الجرعه حسب احتياج الطفل من الفيتامينات الاخرى ولكن حليب الام لوحده والتعرض للشمس الخفيفه يكفي ولا داعي علميا لكل هذه الفيتامينات للطفل السليم
Relation context: "
qa::ahd5k_03524,qa,ahd5k_03524,,ahd5k_03524,اصبت بالتيفود ونسب تحليل المضادات كانت كالتاليTO 1/320 . TH 1/320 .PA 1/160 .PB 1/80 زهبت لطبيب فكتبلي علي بكتيفلوكس 500,"Category: أمراض باطنية (Esoteric)
Question: اصبت بالتيفود ونسب تحليل المضادات كانت كالتاليTO 1/320 . TH 1/320 .PA 1/160 .PB 1/80 زهبت لطبيب فكتبلي علي بكتيفلوكس 500 مرتين يوميا لمدة عشر ايام هل هذا العلاج والمده...
Answer: يفضل إضافة علاج آخر مع هذا العلاج وأن تكون مدة العلاج لا تقل عن أسبوعين.
Relation context: تيفود TREATED_BY بكتيفلوكس. Evidence: بكتيفلوكس 500 مرتين يوميا لمدة عشر ايام"
qa::ahd5k_03544,qa,ahd5k_03544,,ahd5k_03544,ما هي مواعيد الاشعة والتحاليل اليومية؟,"Category: أمراض باطنية (Esoteric)
Question: ما هي مواعيد الاشعة والتحاليل اليومية؟
Answer: كيف تتوقع ان يجيب طبيب على مثل هذا السؤال؟
Relation context: "
qa::ahd5k_03553,qa,ahd5k_03553,,ahd5k_03553,ماذا يؤدى ارتفاع الصفائح الدموية فى الدم وعلاجها؟,"Category: أمراض الدم (Blood)
Question: ماذا يؤدى ارتفاع الصفائح الدموية فى الدم وعلاجها؟
Answer: من الأسباب الشائعة لارتفاع الصفائح الدموية استئصال الطحال، وفقر الدم عن نقص الحديد، والسرطان وفقر الدم الانحلالي، والاضطرابات المعدية أو التهابات، بما في ذلك مرض التهاب الامعاء، والسل.
Relation context: "
qa::ahd5k_03561,qa,ahd5k_03561,,ahd5k_03561,عن مرض متلازمة خلية منجلية'سيكل' تعريف المرض؟ طرق علاجة؟ نسبة الشفاء من هذا المرض؟المستشفيات المتخصصة والتفوقه في علاج ه,"Category: أمراض الدم (Blood)
Question: عن مرض متلازمة خلية منجلية'سيكل' تعريف المرض؟ طرق علاجة؟ نسبة الشفاء من هذا المرض؟المستشفيات المتخصصة والتفوقه في علاج هذا المرض حول العالم؟ علماً بان المريض عمرة ١٤ سنه
Answer: هو مرض ناتج عن خلل في الجين المسؤول عن تصنيع هيموغلوبين الدم. يجب تجنب بعض الامور التي تزيد من اعراض و مضاعفات المرض كنقص الاكسجين. اما بالنسبة لعلاجه نهائياً فهي قضية بحثية و غير مطبقة على ارض الواقع. يمكن إعطاء المريض الدم (نقل الدم) في حالة الحاجة اليه.
Relation context: "
qa::ahd5k_03563,qa,ahd5k_03563,,ahd5k_03563,انا متزوج ولكن منذ4شهور و زوجتي ليس لديهااي احساس جنسي و تعاني من الم وقت الايلاج فما هو رايكم الاسؤال الثاني زوجتي الان,"Category: علم الأجنة (Embryology)
Question: انا متزوج ولكن منذ4شهور و زوجتي ليس لديهااي احساس جنسي و تعاني من الم وقت الايلاج فما هو رايكم الاسؤال الثاني زوجتي الان حامل في الشهر الثالث فما هي نصائحكم...
Answer: ما لم يكن هنالك سبب يحول دون العلاقة الزوجية خلال الحمل مثل النزيف والتهديد بالإجهاض فإن الجماع باعتدال في الأشهر الأولى غير ضار للحامل أو للطفل، أما بالنسبة للأسابيع الأخيرة حيث يتوقع حدوث الولادة فينصح بتجنب الجماع خلال هذه الأسابيع لأنه قد يؤدي إلى آثار سيئة للحامل وللطفل.
Relation context: "
qa::ahd5k_03565,qa,ahd5k_03565,,ahd5k_03565,لدي استفسار بخصوص حالتي الي اعاني منها انا فتاه عمري 25غير متزوجة اعاني من 6اشهر تقريبا ما الم في الثدي وتم تشخيص حالتي ,"Category: تشخيص (Diagnosis)
Question: لدي استفسار بخصوص حالتي الي اعاني منها انا فتاه عمري 25غير متزوجة اعاني من 6اشهر تقريبا ما الم في الثدي وتم تشخيص حالتي بوجود اكياس دهنية باكثر من مكانوخاصة في...
Answer: انصحك باجراء تحليل بالدم لنسبه هرمون الحليب وكذلك مراجعه طبيب اخصائي جراحه ثدي لاجراء تحليل وزراعه لافرازات الثدي واجراء فحوصات الثدي الازمه لتشخيص حالتك
Relation context: نقص الحليب DIAGNOSED_BY تحاليل مخبرية. Evidence: اجراء تحليل بالدم"
qa::ahd5k_03579,qa,ahd5k_03579,,ahd5k_03579,لماذا امى فى عمر الشيخوخه وتعانى من فقدان الثقه بأولادها وتتخيل انهم يرودون وضع لهاالسم الطعام ولا تريداخذالعلاج0تخاف من,"Category: صحة المسنين (Elderly health)
Question: لماذا امى فى عمر الشيخوخه وتعانى من فقدان الثقه بأولادها وتتخيل انهم يرودون وضع لهاالسم الطعام ولا تريداخذالعلاج0تخاف من النوم بليل ولاتنام ماذا نفعل؟
Answer: مما لا شك فيه أنها تعاني من اضطراب نفسي يظهر لديها على شكل رهاب وعلى شكل الشك المرضي: الذي يعاني فيه الفرد من أوهام اضطهادية يعتقد من خلالها أن الآخرين يريدون إيذاءه وان هناك مكائد ومؤامرات تحاك ضده , وهذا الشك لا ينمو مع المرء منذ صغره ولا يشمل جميع الناس وجميع جوانب الحياة بل يركز على فكرة معينة تصل إلى درجه الاعتقاد الجازم, وهذه الفكرة أو الاعتقاد يسيطر على المريض إلى درجة إنها تصبح شغله الشاغل ويصبح همه دعمها بالأدلة وجمع البراهين ، ورغم عدم وجود دليل كافي على هذا الاعتقاد فانه لا يمكن لأي شخص إقناع المريض بأن هذا الاعتقاد غير صائب ، وعادة ما يقوم المريض بالتصرف بناء على اعتقاده الخاطئ ، فمثلا عندما يتمحور الشك المرضي حول خيانة شريك الزوجية فانه يقوم بالتجسس على زوجته ومراقبة التلفون والعودة من العمل في غير الوقت المعتاد لإيجاد دليل على اعتقاده الخاطئ، وعندما يتمحور الاعتقاد الخاطئ حول إيذاء الآخرين له ، \""بأن هناك من يحاول قتله بالسم\"" فسيشك في المأكولات والمشروبات التي تقدم له ويمتنع عن تناولها حتى وأن قدمت من أقرب المقربين إليه. هؤلاء المرضى بالشك المرضي يبدون أسوياء تماما في ما عدا هذا الموضوع مدار الشك. ويمكن علاج الشك المرضي بالعقاقير المضادة للذهان حيث أن الأجيال الجديدة من هذه الأدوية ليس لها أضرار جانبية تذكر . ولذلك ننصك بفحصها عند أخصائي نفسية مع تمنياتا لها بالشفاء العاجل
Relation context: اضطراب نفسي TREATED_BY العقاقير المضادة للذهان. Evidence: العقاقير المضادة للذهان"
qa::ahd5k_03594,qa,ahd5k_03594,,ahd5k_03594,ماهو التهاب الشعرة وكيفية الوقاية منه وماهو علاجه,"Category: تشخيص (Diagnosis)
Question: ماهو التهاب الشعرة وكيفية الوقاية منه وماهو علاجه
Answer: واليك المعلومات الوافية عنه (Pinolidal Cyst)الجواب:التهاب الشعرة اسمه الكيس الشعري وهوعبارة عن تكيس مليء بالشعر الميت, يظهر في أسفل الظهر في منطقة التقاء الردفين و غالباً ما يصيب الرجال الشعورين, و لكنه يصيب النساء أيضاً بين سن العشرين و الثلاثين. ألأسباب قد لا يكون السبب واضحاً لتكون الكيس الشعري, و لكن هناك نظرية تقول أن الجلوس على مقعد و الاهتزاز المتكرر يجعل االشعر يتكسر من الاليتين أو الظهر أو حتى الرقبة و الرأس يسقط و يتجمع في أسفل الظهر بين الاليتين و هناك تدخل الجلد من خلال مسامة إحدى الغدد العرقية و يتكون الكيس و بسبب الضغط السلبي المتكرر يأخذ بسحب و شفط الشعر الميت الموجود في المنطقة إلى داخل الكيس.لذلك يحذر من مخاطر الجلوس على المقاعد الصلبة لساعات طويلة باعتباره من الأسباب الرئيسية للإصابة بمرض كيس الشعر وخاصة بين الأشخاص غزيري شعر الجسم أو الذين يعانون من التعرق الشديد. كما أن كيس الشعر عبارة عن تورم واحمرار يصحبه ألم شديد في منطقة أسفل الظهر بين الآليتين، وينتشر بدرجة كبيرة بين الأشخاص الذين يكثر لديهم شعر الجسم وخاصة منطقة أسفل الظهر، كذلك ممن لديهم نشاط زائد في الغدد العرقية ولاسيما إذا ما كانوا يجلسون لفترات طويلة بسبب طبيعة أعمالهم الأعراض: تبدأ عندما يبدأ الكيس بالالتهاب حيث ينتفخ بصورة مؤلمة و يحمر و يمتلىء بالصديد في نهاية العمود الفقري, و قد يكون هناك فتحة أو أكثر بخط متوسط مستقيم بين الآليتين أو فتحات خارج هذا الخط المستقيم. العلاج: • علاج تحفظي: و يتم عند تنظيف المنطقة و حلاقتها وسحب الشعر الميت بملقط من هذه الفتحات. و تفادي الجلوس الطويل و خاصة القيادة لفترات طويلة. علاج جراحي: إذا التهب الكيس الشعري و فشلت المضادات الحيوية في حل المشكلة فلا بد من فتح الكيس و تنظيفه من الصديد و إزالة الكيس كاملاً في جراحة لاحقة وعند فشل العلاج التحفظي يتم اللجوء للعلاج الجراحي. قد يعود الكيس الشعري للرجوع لأسباب عديدة منها: 1. أن يكون جزء من الكيس لم يستأصل كاملاً. 2. أن يدخل شعر جديد في المنطقة المعالجة. 3. أن يكون مكان الجرح السابق هشاَ و عرضة إلى الالتهاب بسبب الاحتكاك.
Relation context: "
qa::ahd5k_03624,qa,ahd5k_03624,,ahd5k_03624,"امي مصابة بروماتيزم الدم , مع ارتفاع في ضغط الدم تتناول أدوية الروماتيزم منذ عام تقريبا المشكلة أنها منذ فترة تعاني من خ","Category: أمراض القلب و الشرايين (Cardiovascular disease)
Question: امي مصابة بروماتيزم الدم , مع ارتفاع في ضغط الدم تتناول أدوية الروماتيزم منذ عام تقريبا المشكلة أنها منذ فترة تعاني من خفقان القلب الشديد خاصة في الليل فهل له...
Answer: نعم ممكن لكن لا داعي للقق، فقط تتطلب معاودة طبيبها المشرف على حالتها للتحقق من عدم وجود سبب دوائي
Relation context: ارتفاع ضغط الدم HAS_SYMPTOM خفقان القلب. Evidence: خفقان القلب الشديد"
qa::ahd5k_03626,qa,ahd5k_03626,,ahd5k_03626,هل بنسلين يسبب إلتهاب المعدة للأطفال,"Category: أرجية حساسية (Allergic allergy)
Question: هل بنسلين يسبب إلتهاب المعدة للأطفال
Answer: ممكن ان يسبب نزله معويه
Relation context: "
qa::ahd5k_03627,qa,ahd5k_03627,,ahd5k_03627,انا رجل مقبل على الزواج طولى 180ووزنى 115 كيف اتخلص من الوزن الزايد بدون الرياضه,"Category: صحة المسنين (Elderly health)
Question: انا رجل مقبل على الزواج طولى 180ووزنى 115 كيف اتخلص من الوزن الزايد بدون الرياضه
Answer: اهم الادوية لانقاص الوزن هي : 1- ميتفورمين وهو يستعمل لعلاج السكري فانتبهي حتى لا ينزل السكري عندك 2- مدر بول تخرج الماء الزائد من جسمك 3- علاج سيبوترامين مثل : ميريديا او سيبوترم او دايت ماكس او سليماكس و قاطع للشهية. 4- اورليستات يفضل تناول حبة دواء تحتوي على فيتامينات أ , د , ه , ك قبل ساعتين من تناول الدواء لانه يمنع امتصاصها من الامعاء وافضل شيء لانقاص الوزن هو اتباع الحمية الغذائية .
Relation context: "
qa::ahd5k_03632,qa,ahd5k_03632,,ahd5k_03632,انا اسكن في السويد وقبل ست اشهر دخلولي صونده من الجه اليسرلى للكليه لئن اكو حصوه حجمه سانتي ونص موجوده بالحالب لذالك يسا,"Category: تشخيص (Diagnosis)
Question: انا اسكن في السويد وقبل ست اشهر دخلولي صونده من الجه اليسرلى للكليه لئن اكو حصوه حجمه سانتي ونص موجوده بالحالب لذالك يساعدون الكليه وبعد ذالك سولي عمليتين تفتيت باليزر...
Answer: لا شك أنك تلقيت أفضل علاج ممكن والحمد لله على السلامة. بالنسبة للحرقة وقطرات البول فهي المشكلة الحالية ١= الحرقة نتيجة دخول القسطرة وتوسيعها لمجرى البول وربما آذته أيضاً وربما هناك التهاب يجب فحصة. ،قطرات البول ناتجة عن توسيع عضلات المصرة وهي قضية مؤقتة وستنتهي في وقتها فلا تقلق.
Relation context: "
qa::ahd5k_03651,qa,ahd5k_03651,,ahd5k_03651,التعب عند قيامي باي عمل خفيف وتسارع في نبضات القلب وقطع النفس في بعض الأحيان,"Category: أمراض القلب و الشرايين (Cardiovascular disease)
Question: التعب عند قيامي باي عمل خفيف وتسارع في نبضات القلب وقطع النفس في بعض الأحيان
Answer: لا داعي للقلق لكن ينبغياجراء الفحص الطبي السريري اولا لاستبعاد فقر الدم او وجود اي التهاب
Relation context: "
qa::ahd5k_03662,qa,ahd5k_03662,,ahd5k_03662,اعاني من حساسية في الصدر وضيق في التنفس وسعال وقئ صباحا,"Category: أرجية حساسية (Allergic allergy)
Question: اعاني من حساسية في الصدر وضيق في التنفس وسعال وقئ صباحا
Answer: متابعة مع طبيب ضروري جدا للبدأ بالعلاج العلاجي والوقائي للربو
Relation context: "
qa::ahd5k_03671,qa,ahd5k_03671,,ahd5k_03671,هل من مخاوف انا عندي ضيق بسيط في الصمام الميترالي سببه حمه روماتزميه عملت عمليه توسيع بالبلونه والحمدلله انا عمري 25 سنه,"Category: جراحة القلب والشرايين (Cardiovascular surgery)
Question: هل من مخاوف انا عندي ضيق بسيط في الصمام الميترالي سببه حمه روماتزميه عملت عمليه توسيع بالبلونه والحمدلله انا عمري 25 سنه و مقبل على زواج السؤال هل في ضرر...
Answer: لا داعي للقلق إذا كان التضيق خفيفاً والتزمت بالعلاج الموصوف لك وحرصت على المتابعة المتواصلة مع الطبيب المعالج يمكنك أن تتزوج وأن تعيش حياتك بشكل عادي دون أي مشاكل
Relation context: "
qa::ahd5k_03685,qa,ahd5k_03685,,ahd5k_03685,مند يومين لحظت الم بسيط في القضيب الدكري والم عند التبول بسيط ومع مرور يومين ازدادة عدي حكة في القضيب مرة مرة وتختفي عند,"Category: تشخيص (Diagnosis)
Question: مند يومين لحظت الم بسيط في القضيب الدكري والم عند التبول بسيط ومع مرور يومين ازدادة عدي حكة في القضيب مرة مرة وتختفي عندما اقوم بالتبول واليوم عندما دهبت للتبول...
Answer: هل مارست الجنس خلال هذه الفتره؟ المؤشرات مما ذكرت تشير الى وجود التهاب بكتيري وفطريات انت بحاجه الى عمل فحص وزراعه للبول
Relation context: "
qa::ahd5k_03689,qa,ahd5k_03689,,ahd5k_03689,اشعر بدوخة وصداع دائم ! هل يمكن أن يكون ما أشعر به أعراض لمرض ؟ ماذا أفعل ..,"Category: تشخيص (Diagnosis)
Question: اشعر بدوخة وصداع دائم ! هل يمكن أن يكون ما أشعر به أعراض لمرض ؟ ماذا أفعل ..
Answer: هل للدوار الذي يصيبك، علاقة بالحركة، عند الوقوف مثلاً؟ هل الصداع الذي تصفين دائم، أي هو موجود طوال الوقت، أم متكرر، أي يحدث في وقت معين ثم يختفي؟ هل يحدث بعد اجهاد بصري ، بعد القراءة، أو مشاهدة التلفزيون، أو استخدام الكمبيوتر لفترة طويلة؟ هل يرافقه غثيان؟ تحياتي
Relation context: "
qa::ahd5k_03696,qa,ahd5k_03696,,ahd5k_03696,هل تناول الأسبرين +البلافيكس لمدة سنة كافي بالنسبة للجلطة الدماغية,"Category: أمراض القلب و الشرايين (Cardiovascular disease)
Question: هل تناول الأسبرين +البلافيكس لمدة سنة كافي بالنسبة للجلطة الدماغية
Answer: تناول الاسبرين او البلافيكس بدون سبب او راي الطبيبي خاطئ وقد يعرضك للنزيف . اذا كان لديك جلطه سابقه. يمكن تناول الاسبرين او البلافيكس .
Relation context: الجلطة الدماغية TREATED_BY الأسبرين. Evidence: الأسبرين + البلافيكس"
qa::ahd5k_03707,qa,ahd5k_03707,,ahd5k_03707,السلام عليكم ورحمة الله وبركاته ابني عنده 13 سنة ويعاني من فقر الدم حابة اعرف اسم تحليلة الكالسيوم في العضام لانها الوحي,"Category: صحة الطفل (Child health)
Question: السلام عليكم ورحمة الله وبركاته ابني عنده 13 سنة ويعاني من فقر الدم حابة اعرف اسم تحليلة الكالسيوم في العضام لانها الوحيده الي ماعملناها وشكرا
Answer: فقر دم عند طفل عمره ١٣ سنة شي جدي!. ومعايرة الكالسيوم لن تشخص سبب فقر الدم؟ نرجو تزودينا بالتحاليل التي أجريت له والادوية التي اعطيت له ؟ وفقر الدم له اسباب عديدة منها عوز الحديد او عوز حمض الفوليك او الفيتامين B12 او B6 وكذلك اسواء الامتصاص واعتلالات الخضاب الوراثية والالتهابات المزمنة
Relation context: "
qa::ahd5k_03737,qa,ahd5k_03737,,ahd5k_03737,اشعر بصداع متقطع في النصف الايسر من رأسي كومضات متقطعّة و دوخة و لا استطيع فتح عيني كاملة يظهر التعب على وجهي والاجهاد ب,"Category: أمراض القلب و الشرايين (Cardiovascular disease)
Question: اشعر بصداع متقطع في النصف الايسر من رأسي كومضات متقطعّة و دوخة و لا استطيع فتح عيني كاملة يظهر التعب على وجهي والاجهاد بالرغم من عدم فعل اي شيء و...
Answer: لا داعي للقلق، لكن ينبغي استبعاد الشقيقة في المقام الأول، فمنها انواع تظهر هكذا
Relation context: "
qa::ahd5k_03738,qa,ahd5k_03738,,ahd5k_03738,منذ فتره اشعر بألم فى عضله الصدر وليس القفص الصدرى وهذا عند الضغط عليها اريد ان اعرف ما السبب؟,"Category: أمراض باطنية (Esoteric)
Question: منذ فتره اشعر بألم فى عضله الصدر وليس القفص الصدرى وهذا عند الضغط عليها اريد ان اعرف ما السبب؟
Answer: الالم الذي يحدث عند الضغط على عضلة الصدر دليل وجود الالم في العضلة نفسها ربما نتيجة تشنج ما او جهد ما قمت به والافضل في هذه الحالة ان تريح هذه العضلة ولا تقوم بمجهود علما بان احيانا حتى السعال يسبب الم في عضلة الصدر
Relation context: ارتياف دعب \u0627لديم HAS_SYMPTOM الالم. Evidence: الالم الدي الديم الديم الديم"
qa::ahd5k_03753,qa,ahd5k_03753,,ahd5k_03753,السلام عليكم ورحمة الله وبركاته ما هو العدد الغرامات الذي تنصحني به دكتور لأني فعلا حائرة فقد اشتريت مكمل غدائيي اسمه MG,"Category: الطب البديل (Alternative medicine)
Question: السلام عليكم ورحمة الله وبركاته ما هو العدد الغرامات الذي تنصحني به دكتور لأني فعلا حائرة فقد اشتريت مكمل غدائيي اسمه MG 180 lITHOGINKGO يحتوي على : 91,63 ملغ من...
Answer: الجعة اللازمة تكون خسب ما هو مكتوب على ورقة الإرشادات المرفقة مع عبوة الدواء لأن الشركة الصانعة هي التي تحدد الجرعة
Relation context: "
qa::ahd5k_03761,qa,ahd5k_03761,,ahd5k_03761,هل التوقف عن اخذ علاج الغده لان النسبه اصبحت كويسه تسبب الوخز في الوجه وشعور شي ما تحت الجلد يمشي و كذلك في القدم و كثره,"Category: أمراض الغدد الصماء (Endocrine)
Question: هل التوقف عن اخذ علاج الغده لان النسبه اصبحت كويسه تسبب الوخز في الوجه وشعور شي ما تحت الجلد يمشي و كذلك في القدم و كثره الجشؤ و اسهال والشعور...
Answer: لا يجب التوقف عن اخذ علاج الغدة الدرقية عندما تصبح التسبة كويسة لان فى كثير من الاحوال يستمر علاج الغدة الدرقية الى مدى الحياة حتى اذا كانت كويسة لذا يجب مراجعة الطبيب اذا كان التوقف متاحا اما انه يستمر مدى الحياة ويجب عمل تحليل لوظائف الغدةو من العلاج االى حضرتك بتاخديه euthyroxالنسبة الاكبر لا يمكن التوقف عن العلاج الا فى حالات معينة
Relation context: "
qa::ahd5k_03762,qa,ahd5k_03762,,ahd5k_03762,كيف اتصرف مع انسان لدغته أم اربعه واربعين,"Category: إسعاف أولي (First aid)
Question: كيف اتصرف مع انسان لدغته أم اربعه واربعين
Answer: اذا ظهرت عليه اعراض الحساسية توجه به الى المستشفى فورا
Relation context: "
qa::ahd5k_03769,qa,ahd5k_03769,,ahd5k_03769,عملت جميع الفحوصات على العدة الدرقية تبين أنها تعمل بشكل جيد وهرموناتها معتدلة لكن يوجد بها التهاب فوصف لي الطبيب levoth,"Category: أمراض الغدد الصماء (Endocrine)
Question: عملت جميع الفحوصات على العدة الدرقية تبين أنها تعمل بشكل جيد وهرموناتها معتدلة لكن يوجد بها التهاب فوصف لي الطبيب levothyrox25 1/2cp أيش رأيكم
Answer: هذا الدواء لا يفيد الالتهابات
Relation context: "
qa::ahd5k_03790,qa,ahd5k_03790,,ahd5k_03790,زوجتي حامل في الاسبوع27 توام وهي ممنوعه من الحركه بسبب نزول دم في الاسبوع14 وتستخدم مثبتات للحمل وسبرين اطفال وبعد الكشف,"Category: علم الأجنة (Embryology)
Question: زوجتي حامل في الاسبوع27 توام وهي ممنوعه من الحركه بسبب نزول دم في الاسبوع14 وتستخدم مثبتات للحمل وسبرين اطفال وبعد الكشف بلشعه تبين نقص ماء احد الاجنه دون المستوى الطبيعي...
Answer: ننصح بالراحة فقط واخذ ابر Deyamethasone 12 mg X Twice for one time only
Relation context: "
qa::ahd5k_03801,qa,ahd5k_03801,,ahd5k_03801,مركب دعامة عادية فى الشريان التاجى بقالى 4سنوات مع العلم انى مريض سكر هل من فحوصات للدعامة علما ان عمرى 38 سنة ومدخا,"Category: جراحة القلب والشرايين (Cardiovascular surgery)
Question: مركب دعامة عادية فى الشريان التاجى بقالى 4سنوات مع العلم انى مريض سكر هل من فحوصات للدعامة علما ان عمرى 38 سنة ومدخا
Answer: يمكنك ذلك ولكن بالمتابعة مع طبيبك من خلال الزيارات الرتينية له يمكنك الطلب إليه عمل تصوير بالموجات الفوق صوتية لكي تطمئن
Relation context: "
qa::ahd5k_03805,qa,ahd5k_03805,,ahd5k_03805,ماهى فوائد الكركم بالنسبة لتفتيح البشرة وكيفية استخدامة,"Category: الطب البديل (Alternative medicine)
Question: ماهى فوائد الكركم بالنسبة لتفتيح البشرة وكيفية استخدامة
Answer: يستعمل الكركم لتفتيح البشرة حيث انة يضفي اشراقة وحيوية على البشرة، و يستخدم للوجة والجسم بخلطة مع مواد اخرى كماء الورد و القشدة او الكريمة.
Relation context: "
qa::ahd5k_03807,qa,ahd5k_03807,,ahd5k_03807,من فتره سنه كان عندي الم ب المعده واسهال حاد وعملت منضار وطلع عندي قرحه بالمعده واخدت مضادات حيويه نكسيوم و كلاريثرومايس,"Category: أمراض باطنية (Esoteric)
Question: من فتره سنه كان عندي الم ب المعده واسهال حاد وعملت منضار وطلع عندي قرحه بالمعده واخدت مضادات حيويه نكسيوم و كلاريثرومايسين واموكسسلين وضليت فتره 6 شهور وهلق في نفس...
Answer: اخي الكريم بعد تشخيص القرحة واعطاء العلاج أنت بحاجة للمتابعة الطبية لمعرفة شفاء القرحة بشكل حيث يوجد خطوط علاجية كثيرة وقد لاتستفيد على أحدها وتستجيب على الأخر ......هل كان هناك اصابة بالملوية البوابية مثبتة ...........................
Relation context: الملوية البوابية TREATED_BY الدواء. Evidence: مضادات حيويه نكسيوم و كلاريثرومايسين واموكسسلين"
qa::ahd5k_03809,qa,ahd5k_03809,,ahd5k_03809,هل تناول الطفل الذي عمرة سنتين وثلال شهورلحبوب منع الحمل(عن طريق الخطاء) له اي اثار جانبيه سواء كانت بشك مباشر او بعيدة ,"Category: صحة الطفل (Child health)
Question: هل تناول الطفل الذي عمرة سنتين وثلال شهورلحبوب منع الحمل(عن طريق الخطاء) له اي اثار جانبيه سواء كانت بشك مباشر او بعيدة المدى؟ الرجاء الافادة مع الشكر
Answer: يعتمد على النوع و وعدد الحبات وبما انه ذكر اعتقد انه لا توجد اى مضاعفات
Relation context: "
qa::ahd5k_03818,qa,ahd5k_03818,,ahd5k_03818,ما سبب أرتفاع درجة الحرارة مع ألم جهه القلب,"Category: تشخيص (Diagnosis)
Question: ما سبب أرتفاع درجة الحرارة مع ألم جهه القلب
Answer: لا نعرف كم هو الارتفاع في درجة الحرارة وكم يستمر وكم مرة يتردد في اليوم وهل يرافقهرجفة أو غير ذلك وقت النوبة أما الألم في جهة القلب فهناك العضلات الوربية والانسجة المرتبطة بالقفص الصدري التي قد تكون متهيجة وتسبب الألم خاصة بعد التعرض لاجهاد أو التهاب فيروسي مثل الفلونزا أو غير ذلك ولكن الفحص السريري قد يكفي للوقوف على معرفة نوعيته ومن ثم علاجه
Relation context: "
qa::ahd5k_03828,qa,ahd5k_03828,,ahd5k_03828,ارجو المساعدة ابني الان 7 سنوات و اربع شهور الشكوة من المدرسه دايما عدم التركيز اثناء الحصة من جميع المدرسين وانه ينصرف ,"Category: صحة الطفل (Child health)
Question: ارجو المساعدة ابني الان 7 سنوات و اربع شهور الشكوة من المدرسه دايما عدم التركيز اثناء الحصة من جميع المدرسين وانه ينصرف عن التركيز باللعب باي شىء في يده وخيال...
Answer: انصحك باستخدام حبوب اوميجا 3 حبه باليوم
Relation context: "
qa::ahd5k_03831,qa,ahd5k_03831,,ahd5k_03831,السلام عليكم انا أخذ التروكسين ١٥٠ لأَنِّي أعاني من هاشيموتو في بعض الأحيان في رمضان أخذ الدواء قبل السحور ولا اكل شي بع,"Category: أمراض الغدد الصماء (Endocrine)
Question: السلام عليكم انا أخذ التروكسين ١٥٠ لأَنِّي أعاني من هاشيموتو في بعض الأحيان في رمضان أخذ الدواء قبل السحور ولا اكل شي بعده وأصوم طوال النهار فهل هناك ضرر في...
Answer: لا يوجد تأثير ما دمتي تأخذي الدواء بانتظام
Relation context: Hashimot TREATED_BY Tiroxine. Evidence: أَنِّي أعاني من هاشيموتو في بعض الأحيان في رمضان أخذ الدواء قبل السحور ولا اكل شي بعده وأصوم طوال النهار"
qa::ahd5k_03833,qa,ahd5k_03833,,ahd5k_03833,مرحبا عملت فخص b12والنتيجه 192 ref 156-700 واخد ابر يوم بعد يوم كم ابره يجب ان اخد علما بانه لدي خلل بالغده الجاردرقيه,"Category: أمراض الغدد الصماء (Endocrine)
Question: مرحبا عملت فخص b12والنتيجه 192 ref 156-700 واخد ابر يوم بعد يوم كم ابره يجب ان اخد علما بانه لدي خلل بالغده الجاردرقيه
Answer: النتيجة طبيعية واكمال العلاج يتبع الاستطباب الذي وضع من اجله ..حبذا لو يتم تزويدنا بنتائج الكالسيوم والفوسفور وهرمون جارات الغدة الدرقيةPTH مع وظائف الكلية.
Relation context: "
qa::ahd5k_03846,qa,ahd5k_03846,,ahd5k_03846,عمري 51 اصبت بجلطة رئؤية منذ شهر ونصف، أتناول دواء الpradaxa 150mg Dabigatran - وال aspicotK -،acetyl Salicylic Acid- ضغ,"Category: جراحة القلب والشرايين (Cardiovascular surgery)
Question: عمري 51 اصبت بجلطة رئؤية منذ شهر ونصف، أتناول دواء الpradaxa 150mg Dabigatran - وال aspicotK -،acetyl Salicylic Acid- ضغطي جيد ، ونسبة الاكسيجن جيدة ، ولكن أشعر بإرهاق شديد...
Answer: لا نعرف ان كنت قد توقفتن عن الكونكور أم لا، وفي جميع الأحوال ينبغي التحقق من نوعها وخصائصها عبر تخطيط كهربية القلب ومن ثم تحديد سببها
Relation context: "
qa::ahd5k_03852,qa,ahd5k_03852,,ahd5k_03852,كيف نتعامل مع كآبة المسنين؟ الاعلامية والعاملة الاجتماعية سلام الحاج من لبنان,"Category: صحة المسنين (Elderly health)
Question: كيف نتعامل مع كآبة المسنين؟ الاعلامية والعاملة الاجتماعية سلام الحاج من لبنان
Answer: عادة بعد التقدم في السن يكون قد تكون لدى الشخص الكثير من التجارب الحياتية التي تطبع في ذاكرته معاني خاصة وتثير في نفسه شجون مختلفة فكلما انفرد مع نفسه أخذ يقلبها ويعيد حساباته وتقيمه لها، وهذا الاستطراق يأخذه إلى الانفصال المؤقت وعدم التفاعل مع المحيط والواقع، وكل ما تكررت هذه الحالة تذهب به تدريجاً إلى التفكير أكثر في الجونب التي يعتبرها مكمن إخفاق أو فشل وكيف لو كان قد تصرف بطريقة أخرى لكان قد حقق شيء أفضل وهكذا، ولذلك الحل يكمن في إخراجه من ذلك عبر اشغاله والعمل على اخراجه من البيت والاتصال بالآخرين أو دعوة أفراد العائلة والاصدقاء لزيارته، والتطوع بأعمال خيرية لأن ذلك يحسن المزاج ويطرد الكآبة في هذا الوقت من العام، وعدم التفكير بتناول كمية كبيرة من الكحول لأن ذلك قد يضعف معنوياتهم بدلاً أن يرفعها ويزيد كآبته. والأشخاص الذين يشعرون بالكآبة يتبعون فى الغالب أسلوب حياة غير صحى مثل عدم تناول الأطعمة الصحية والمتوازنة وهذا ما قد يؤثر على عوامل لها علاقة بزيادة البدانة فى محيط البطن وهي بدورها تزيد من تفاقم الحالة، حيث أن الضغط النفسى المزمن قد ينشط مناطق معينة فى الدماغ ما يزيد من معدلات هرمون كورتيزول الذى يساهم بدوره فى تراكم الدهون فى منطقة الوسط. كذلك يتوجب بمراقبة أعراض الكآبة مثل الحزن الدائم وفقدان الاهتمام بكل شيء حولهم والبكاء المتقطع وتقلبات الشهية وفقدان الوزن أو الاضطراب في عادات النوم والتعب العام والشعور بأن الواحد فيهم لم يعد له أي قيمة تذكر أو الشعور بالذنب والتفكير بالانتحار،وعند ظهور أي من هذه الأعراض يجب تشجيعه بالاتصال بطبيبه لأنه بالامكان معالجته ومساعدته على التخلص من هذه الحالة.
Relation context: "
qa::ahd5k_03870,qa,ahd5k_03870,,ahd5k_03870,دكتوري العزيز انا حامل في اول الشهر السابع وبعد الكشف الاخير بلغني الدكتور بان حجم الجنين صغير واطرافه قصيره بالنسبه لعم,"Category: علم الأجنة (Embryology)
Question: دكتوري العزيز انا حامل في اول الشهر السابع وبعد الكشف الاخير بلغني الدكتور بان حجم الجنين صغير واطرافه قصيره بالنسبه لعمره وحولني الي متخصص اجنه ولكن الموعد متاخر؟ولكني قلقه جدا...
Answer: اختي الكريمة للأسف لا استطيع ان ابدي رأي قاطع في مشكلتك لأن صغر حجم الجنين قد يكون بسبب قصور في النمو أو حساب خاطيء لفترة الحمل وقصر الاطراف قد يكون بسبب بعض التشوهات لذا لا بد من عمل تصوير مفصل لجميع اعضاء الجنين خاصة الاطراف والاصابع وعظمة الأنف ومحيط الرأس الخ مع عمل دوبلر لقياس سريان الدم في الحبل السري وفي اعتقادي بأن هناك اكثر من متخصص اجنة في الكويت وبامكانك الاصرار على موعد اقرب واخبريهم بأن وضع الجنين حرج ولا بد من ايضاح الأمر بأسرع وقت والله الموفق
Relation context: "
qa::ahd5k_03872,qa,ahd5k_03872,,ahd5k_03872,السلام وعليكم ورحمة الله وبركاتو اعاني من فتره من آلام في الانف والوجه والاخص الجبين واشعر بحساسيه في الحلق مما يسبب لي ,"Category: أرجية حساسية (Allergic allergy)
Question: السلام وعليكم ورحمة الله وبركاتو اعاني من فتره من آلام في الانف والوجه والاخص الجبين واشعر بحساسيه في الحلق مما يسبب لي ضيق تنفس وتعب بشكل عام .ارجو الاجابه وشكرا...
Answer: أعراض التهاب وحساسيه الجيوب الانفيه لابد من استخدام الادويه المناسبه بعد الفحص عند طبيب ENT
Relation context: التهاب HAS_SYMPTOM ضيق تنفس. Evidence: اعاني من فتره من آلام في الانف والوجه والاخص الجبين واشعر بحساسيه في الحلق مما يسبب لي ضيق تنفس وتعب بشكل عام | التهاب HAS_SYMPTOM تعب. Evidence: اعاني من فتره من آلام في الانف والوجه والاخص الجبين واشعر بحساسيه في الحلق مما يسبب لي ضيق تنفس وتعب بشكل عام"
qa::ahd5k_03893,qa,ahd5k_03893,,ahd5k_03893,زوجتي حامل دخلت في الشهر الرابع وعند مراجعة الطبيبة تبين من خلال السونر ان الجنين مشوه بوجود كيس من الرأس وحول الرقبة يح,"Category: تشوهات خلقية (Birth Defect)
Question: زوجتي حامل دخلت في الشهر الرابع وعند مراجعة الطبيبة تبين من خلال السونر ان الجنين مشوه بوجود كيس من الرأس وحول الرقبة يحتمل ان يكون فتق دماغي فهل هناك علاج...
Answer: هذه الكيس يطلق عليه اسم Systic Hygroma وهو نوع من انواع التشوهات التي قد تصيب الجنين وللأسف فلا يوجد علاج لمثل هذه الحالة وفي الغالب لا يكتمل الحمل ولكن اذا اكتمل فتتم معاينة الطفل والكيس وهل بالامكان ازالة الكيس ولكن في الغالب لا يتم ذلك
Relation context: "
qa::ahd5k_03901,qa,ahd5k_03901,,ahd5k_03901,انتفاخ الكلى للحامل في الشهر السابع مع التهاب حا في البوم والدم,"Category: أمراض باطنية (Esoteric)
Question: انتفاخ الكلى للحامل في الشهر السابع مع التهاب حا في البوم والدم
Answer: احيانا ينضغط الحالب الايمن بسبب نمو الرحم ينصج بالنوم على الجانب الايسر و لكن قي الحالات المتقدمة و الالتهابات لا بد من مضاد حيوي و قسطرة داخلية من الكلية الى المثانة.
Relation context: "
qa::ahd5k_03925,qa,ahd5k_03925,,ahd5k_03925,كان عندي خراج وعملت تنظيف سن مع حشوة موقتة لكن الالم زاد بعد التنظيف هل هو طبيعي.. وهل يلزم الامر اخذ مضاد.,"Category: أمراض الأسنان (Dental)
Question: كان عندي خراج وعملت تنظيف سن مع حشوة موقتة لكن الالم زاد بعد التنظيف هل هو طبيعي.. وهل يلزم الامر اخذ مضاد.
Answer: إذا لم يترافق مع الألم ورم أو انتباج لاداعي للمضاد الحيوي ويكفي مسكن ألم
Relation context: "
qa::ahd5k_03958,qa,ahd5k_03958,,ahd5k_03958,اعاني من الام في القلب مع اضطرابات خفيفة في الدقات احيانا و قد قمت العام الماضي ب تخطيط كهربائية القلب و قال الطبيب انه ,"Category: أمراض القلب و الشرايين (Cardiovascular disease)
Question: اعاني من الام في القلب مع اضطرابات خفيفة في الدقات احيانا و قد قمت العام الماضي ب تخطيط كهربائية القلب و قال الطبيب انه عادي . هل هو فعلا من...
Answer: هناك أسباب كثيرة محتملة لهكذا ألم والقلق كاف لكي يسببه وبما ان الفحص الطبي كان سليما فالمتابعة مع طبيبك وباستخدام مضدات القلق ستتحسن
Relation context: "
qa::ahd5k_03963,qa,ahd5k_03963,,ahd5k_03963,أنا أعاني من فرط نشاط بالفدة الدرقية . نتائج التحاليل دائما مرتفعة أيش تنصحوني بجرعة يود مشع أو إجراء عملية مع العلم إني,"Category: أمراض الغدد الصماء (Endocrine)
Question: أنا أعاني من فرط نشاط بالفدة الدرقية . نتائج التحاليل دائما مرتفعة أيش تنصحوني بجرعة يود مشع أو إجراء عملية مع العلم إني أخذت جرعتين يود مشع قبل سنة وماجابت...
Answer: هذا يدل ان اليود لا يفيدك. قد تحتاجي الى جراحة
Relation context: "
qa::ahd5k_03965,qa,ahd5k_03965,,ahd5k_03965,ابني لديه ضيق في الشريان الاورطي وتم عمل عمليه له وعمره ٩ ايام وخرج من المستشفى والحمدلله بعد شهرين ذهبت لموعد المراجعه ,"Category: جراحة القلب والشرايين (Cardiovascular surgery)
Question: ابني لديه ضيق في الشريان الاورطي وتم عمل عمليه له وعمره ٩ ايام وخرج من المستشفى والحمدلله بعد شهرين ذهبت لموعد المراجعه واكتشف ان الشريان رجع يتضيق! ما السبب؟ وهل...
Answer: الضيق البسيط فى الأورطى والذى لا يسبب أعراضا تتم ملاحظته ومتابعته باستمرار لمنع حدوث أى تطور خطير فى عضلة القلب ..وعموما القسطره ة ممكن ان تحل المشكله
Relation context: "
qa::ahd5k_03983,qa,ahd5k_03983,,ahd5k_03983,مقارنه بين الوتر والرباط ؟,"Category: علم التشريح (Anatomy)
Question: مقارنه بين الوتر والرباط ؟
Answer: الوتر هو رباط متميز من النسيج الضام، يتكون من حزم متوازية من ألياف مغرائية (كولاجينية) تتصل بها العضلات، أو يجتمع عليها بطني عضلتين. والأوتار، أو الأوتار العضلية توجد حيث تكون الفسحة محدودة، أو يتغير اتجاه العضلات، أو تمر فوق العظام ، أو يكون اتصال العظم محدوداً ج : أوتار. الرباط هو حبل من الأنسجة الرابطة توحد هيكلين، وتوجد عادة بالترافق مع المفاصل. والأربطة نوعان: النوع الأول- ويتكون من ألياف مغرائية وهي غير قابلة للمد في الحالات العادية؛ كأربطة مفصل الحق، والكوع. والنوع الثاني- ويتكون من أنسجة مرنة تستعيد شكلها بعد أنهاء الضغط؛ مثلاً الرباط الأصفر للعمود الفقري والرباط العقبي الزورقي.
Relation context: "
qa::ahd5k_03985,qa,ahd5k_03985,,ahd5k_03985,ماهي اسباب التهاب غدة الثدي؟,"Category: علم التشريح (Anatomy)
Question: ماهي اسباب التهاب غدة الثدي؟
Answer: أسباب التهاب الثدي قد تكون رضح للثدي ، أو دخول جراثيم إلى داخله عبر جرح أو خدش، أو عبر الدم .
Relation context: "
qa::ahd5k_03986,qa,ahd5k_03986,,ahd5k_03986,مرحبا ابني عمره ٢سنة دائما عندة التهاب اللوز وتبين منتفخة وفيهاحبيبيات صغيرة رغم أني أعطي مضاد حيوي لكن دون جدوى ماذا اف,"Category: صحة الطفل (Child health)
Question: مرحبا ابني عمره ٢سنة دائما عندة التهاب اللوز وتبين منتفخة وفيهاحبيبيات صغيرة رغم أني أعطي مضاد حيوي لكن دون جدوى ماذا افعل
Answer: هل اللوزتين أصبحت مصدر للعدوى وكم مره يأخذ المضاد أي كم مره يكون فيه إلتهاب بكتيري متكرر بالسنة يجب مراجعة طبيب الأطفال وأخذ عينه مسحه كن اللوزتين وبناء عليه يتم العلاج وإذا لم يستجب الطفل للعلاج إستئصال اللوز أفضل حتى لا تحدث للطفل مضاعفات وسلامته
Relation context: "
qa::ahd5k_04001,qa,ahd5k_04001,,ahd5k_04001,كيف اعالج الحلمة المسطحة علما باني في شهري الرابع من الحمل وهو حملي الاول فانا اتمنى وارغب في ارضاع طفلي رضاعة طبيعية؟,"Category: علم الأجنة (Embryology)
Question: كيف اعالج الحلمة المسطحة علما باني في شهري الرابع من الحمل وهو حملي الاول فانا اتمنى وارغب في ارضاع طفلي رضاعة طبيعية؟
Answer: انصحك بدهن الحلمة بزيت الزيتون ثم حاولي شدها الى الخارج وذلك لمدة 3 - 5 دقائق 3 مرات في اليوم واستمري على ذلك حتى موعد الولادة
Relation context: "
qa::ahd5k_04015,qa,ahd5k_04015,,ahd5k_04015,ماهى الاعشاب التي تساعد على نزول الطمث حيت انوما تجيني الدورة الا بالدواء فقط.شكرا,"Category: الطب البديل (Alternative medicine)
Question: ماهى الاعشاب التي تساعد على نزول الطمث حيت انوما تجيني الدورة الا بالدواء فقط.شكرا
Answer: من الاعشاب التي قد تساعد على حل المشكلة وتنظيم الدورة الشهرية وهي طبعا لا تغني عن الدواء وعلاج السبب الاساسي لعدم انتظام الدورة ، نذكر: اكليل الجبل، الميرمية، البقدونس، حشيشة الملاك، البردقوش، القرفة، الزنجبيل، والكرفس.
Relation context: الدورة الشهرية TREATED_BY اكليل الجبل. Evidence: اكليل الجبل | الدورة الشهرية TREATED_BY الميرمية. Evidence: الميرمية | الدورة الشهرية TREATED_BY البقدونس. Evidence: البقدونس | الدورة الشهرية TREATED_BY حشيشة الملاك. Evidence: حشيشة الملاك | الدورة الشهرية TREATED_BY البردقوش. Evidence: البردقوش | الدورة الشهرية TREATED_BY القرفة. Evidence: القرفة | الدورة الشهرية TREATED_BY الزنجبيل. Evidence: الزنجبيل | الدورة الشهرية TREATED_BY الكرفس. Evidence: الكرفس"
qa::ahd5k_04017,qa,ahd5k_04017,,ahd5k_04017,اعاني من امساك شديد دائما وذالك يسبب في تضخم الطحال عندي,"Category: أمراض باطنية (Esoteric)
Question: اعاني من امساك شديد دائما وذالك يسبب في تضخم الطحال عندي
Answer: هذه المعلومه ليست صحيحه . يجب الذهاب لطبيب للفحص السريري ومعرفه سبب الامساك وعلاجها
Relation context: "
qa::ahd5k_04031,qa,ahd5k_04031,,ahd5k_04031,كم يعيش المنغولي,"Category: علم التشريح (Anatomy)
Question: كم يعيش المنغولي
Answer: في دراسات أخيرة وجد أن متوسط أعمار مرضى ملازمة داون قد ارتفع إلى حوالي ٤٨ سنة، وأن آسباب الوفاة قد تغيرت أيضا ، لتصبح الأسباب التنكسية الصبية هي الأهم.
Relation context: "
qa::ahd5k_04034,qa,ahd5k_04034,,ahd5k_04034,انا شاب عمري 14 عاما احس بالم خفيف في صدري يتغير موضعه منذ اسابيع المرجوا المساعدة,"Category: أمراض القلب و الشرايين (Cardiovascular disease)
Question: انا شاب عمري 14 عاما احس بالم خفيف في صدري يتغير موضعه منذ اسابيع المرجوا المساعدة
Answer: لا دتعي للقلق من كلامك يبدو أن الألم عضلي وغالباً ما يكون السبب إجهاد أو التهاب فيروسي سابق وبالراحة والمسكنات البسيط سيزول
Relation context: "
qa::ahd5k_04038,qa,ahd5k_04038,,ahd5k_04038,مرحبا .ساقوم يعماية الانابيب الشهر المقبل اجريت كل الفحوصات الازمة لكن تبين عندي بداية تكيس المابيض هل هذا سبب يفشل العم,"Category: حمل الأنابيب (Carry tubes)
Question: مرحبا .ساقوم يعماية الانابيب الشهر المقبل اجريت كل الفحوصات الازمة لكن تبين عندي بداية تكيس المابيض هل هذا سبب يفشل العملية وما الذي يمكن فعله من تغذية ليساهم بشكل ايجابي...
Answer: لا هذا ليس سبب الفشل للعملية نستطيع ان نتعامل مع مثل هذه المبايض بكل سهولة لا يوجد غذاء معين لزيادة فرص الحمل وانما يجب تناول حبوب حامض الفوليك لسلامة الاجنة نتمنى لك كل التوفيق د.سليمان ضبيط مدير وحدة الاخصاب والوراثة مركز الخالدي الطبي لمزيد من الاستفسار ارجو الاتصال على الارقام التالية telfax:00962 6 4647217 tel:00962 6 4644281 ext:644 mobile: 00962 79 5544688
Relation context: "
qa::ahd5k_04045,qa,ahd5k_04045,,ahd5k_04045,عندي الكلسترول 220 والدهون الثلاثية 320 علما انه لدي ظغط يكون 130/90 هل هاد خطير ويحتاج علاج اقصد،الكلسترول والدهون وشكر,"Category: جراحة القلب والشرايين (Cardiovascular surgery)
Question: عندي الكلسترول 220 والدهون الثلاثية 320 علما انه لدي ظغط يكون 130/90 هل هاد خطير ويحتاج علاج اقصد،الكلسترول والدهون وشكرا
Answer: لا داعي للقلق لكن ينبغي الالتزام بالعلاج الدوائي والحمية والرياضة مع تجنب التدخين، لحين العودة بالشحوم إلى المستوى الطبيعي وبعد التخلص من كل العوامل المرسبة أو المسببة له إن أمكن
Relation context: "
qa::ahd5k_04046,qa,ahd5k_04046,,ahd5k_04046,انخفاض نسبة الهمجلوبين فى الدم,"Category: أمراض الدم (Blood)
Question: انخفاض نسبة الهمجلوبين فى الدم
Answer: تعني غادة فقر الدم ، وتعالج بتحسين التغذية المتوازنة، وإضافة بعض الخضروات والمواد التي تحتوي على الحديد مثل السبانخ والملوخية واللحم والكبدة.
Relation context: "
qa::ahd5k_04047,qa,ahd5k_04047,,ahd5k_04047,ابنة خالتى ولدت بدون رحم وهى فى ال 25 من عمرها هل يوج علاج لهذة الحاله بالجراحه,"Category: تشوهات خلقية (Birth Defect)
Question: ابنة خالتى ولدت بدون رحم وهى فى ال 25 من عمرها هل يوج علاج لهذة الحاله بالجراحه
Answer: لا يوجد علاج لهذه الحالة.
Relation context: "
qa::ahd5k_04052,qa,ahd5k_04052,,ahd5k_04052,عملت فحص الفيدال والتيفوئيد وطلعت النسبة 1\160 ولاني مرضعة اخدت علاج وريدي روسفين وما اعطوني السيبروكسين هل ممكن يأثر عل,"Category: أمراض باطنية (Esoteric)
Question: عملت فحص الفيدال والتيفوئيد وطلعت النسبة 1\160 ولاني مرضعة اخدت علاج وريدي روسفين وما اعطوني السيبروكسين هل ممكن يأثر علي وما يروح بسرعة وك وكمان بعاني من الم بمنطقة تحت...
Answer: الفحص دا في خلاف الصراحة لاعتماده في التشخيص ، وبالتالي هاتي اشياء اخرى تثبت اصابتك .. كالحمى التى لا تستجيب للعلاج وخاصة باليل .. او انك بتشربي حليب غير مبستر واكل لحوم غير مطهية جيدا .. ،، او اعملي مزرعة دم أو مزرعة براز
Relation context: "
qa::ahd5k_04065,qa,ahd5k_04065,,ahd5k_04065,هل يوجد غذاء معين او ادوية تعطي فرصة الانجاب بطفل ذكر بأذن الله ومن ياكلها ( الرجل ام المراة ) ومن المسؤل عن ذلك ، وشكرآ,"Category: علم الأجنة (Embryology)
Question: هل يوجد غذاء معين او ادوية تعطي فرصة الانجاب بطفل ذكر بأذن الله ومن ياكلها ( الرجل ام المراة ) ومن المسؤل عن ذلك ، وشكرآ؟
Answer: لقد شغل هذا الموضوع الانسانية على مدى القرون مما ادى الى وضع عدة نظريات كلها لا فائدة منها والطريقة العلمية الوحيدة هي فصل الحيوانات المنوية المذكرة (واي ) وعمل تلقيح صناعي يهذه الحيوانات ونسبة نجاح هذه الطريق في حدود 85 90 % وطبعا اولا واخيرا كل شيء بارادة الله وهناك طريقة اخرى ولكن نسبة نجاحها اقل بكثير ولا تتعدى 60 % وهذا ملخص لهذه الطريقة : دراسة حديثة أثبتت ان تناول وجبة الافطار يزيد من احتمالات انجاب اطفال ذكور . وكانت نسبة الاطفال الذكور عند السيدات اللواتي يتناولن وجبة افطار (حبوب او شوفان) قد بلغت 59% في حين بلغت عند السيدات اللواتي لا يتناولن الافطار 45% هذا اضافة الى ان زيادة كمية الغذاء الذي تتناوله المرأة الى 2413 سعر حراري والذي يجب ان يكون غني بالبوتاسيوم (موزة كبيرة يوميا) والكالسيوم وفيتامين C, E, B12 وحمض الفوليك. ومن الأغذية المفيده في هذا المجال الخضار الطازجة ، الموز ، السمك واللحوم. من الأفضل تجنب الحليب ، الأجبان ، البقوليات ، المكسرات يضاف الى ما سبق عمل دوش مهبلي بكربونات الصودا كما يلي: تضاف ملعقة كبيرة من كربونات الصودا الى 2/1 لتر ماء فاتر وتستعمل دوش مهبلي داخلي في اليوم 11 من بداية الدورة ويحدث جماع بعد ذلك بنصف ساعة ثم يوقف الجماع حتى اليوم 15 من بداية الدورة حيث يكرر استعمال كربونات الصودا كما سبق ويتبعها جماع
Relation context: "
qa::ahd5k_04067,qa,ahd5k_04067,,ahd5k_04067,طفلي عمره اربعة اشهر الاحظ بين فتره واخرى ارتعاش يديه وقدميه وعندما امسك بها تتوقف واتركها تعود وترتعش ويجفل طفلي عندما ,"Category: صحة الطفل (Child health)
Question: طفلي عمره اربعة اشهر الاحظ بين فتره واخرى ارتعاش يديه وقدميه وعندما امسك بها تتوقف واتركها تعود وترتعش ويجفل طفلي عندما امسك به
Answer: قد يكون هناك نقص عناصر لازمه في هذا العمر مثل الكالسيوم الذي يسبب مثل ذالك او فيتامين د= انصح مراجعة الاخصائى لتشخيص السبب واعطاء العلاج المناسب-
Relation context: "
qa::ahd5k_04078,qa,ahd5k_04078,,ahd5k_04078,ما سبب آلام في الجهة اليمنى من الصدر ويزداد عند السعال بشكل قوي لدرجة أني ألقي نفسي على الارض اتحيانا من شدة الألم من فت,"Category: تشخيص (Diagnosis)
Question: ما سبب آلام في الجهة اليمنى من الصدر ويزداد عند السعال بشكل قوي لدرجة أني ألقي نفسي على الارض اتحيانا من شدة الألم من فترة الشهر تقريبا علما ان العظام...
Answer: عليك بعمل صورة اشعة ربما هناك مشكلة معينة في عظام القفص الصدري مثل كسر
Relation context: "
qa::ahd5k_04112,qa,ahd5k_04112,,ahd5k_04112,السلام عليكم اولا اعاني من الصرع واتلقى العلاج الدائم يوميا حبتين كيبرا / ساينتوباين 200غرام واسبرين اطفال المخفف للدم ا,"Category: أمراض باطنية (Esoteric)
Question: السلام عليكم اولا اعاني من الصرع واتلقى العلاج الدائم يوميا حبتين كيبرا / ساينتوباين 200غرام واسبرين اطفال المخفف للدم الامي قوية بالمرارة والكلية لوجود حصى فيهما والحمد لله اخذت العلاج...
Answer: اولا بالنسبة للمرارة ان كان بها حص وات فالعلاج هو الاستئصال وان كان غير ذلك فتترك لقرار المريض حسب تحمله للألم و تكراره و عدم التاثير على حياته اليوميه، و بالنسبة لألم الكتف ان فى صورة حرارة فغالبا التهاب أعصاب نتيجة لخشونة بفقرات العنق، مراجعتك للطبيب ستشخص حالتك
Relation context: "
qa::ahd5k_04144,qa,ahd5k_04144,,ahd5k_04144,ما هي ادويت الحساسيه التي لا تزيد من الوزن,"Category: أرجية حساسية (Allergic allergy)
Question: ما هي ادويت الحساسيه التي لا تزيد من الوزن
Answer: كلها ماعدا الادويه التي تحتوي على الكورتيزون
Relation context: "
qa::ahd5k_04154,qa,ahd5k_04154,,ahd5k_04154,قمت بإجراء حشو للأسنان الأمامية، الشكل الخارجي مظبوط لكن من الداخل أشعر بملمس خشن يزعجني هل هذا هو الطبيعي أم علي زيارة ,"Category: أمراض الأسنان (Dental)
Question: قمت بإجراء حشو للأسنان الأمامية، الشكل الخارجي مظبوط لكن من الداخل أشعر بملمس خشن يزعجني هل هذا هو الطبيعي أم علي زيارة الطبيب مجددا ربما لم ينهِ عمله جيدًا؟ شئ...
Answer: يجب زيارة الطبيب لتنعيم الحشوه ......يمكن الأكل عليها ولكن لا يجب قطم النواشف عليها حيث أنها من الممكن أن تؤدى لكسرها
Relation context: "
qa::ahd5k_04177,qa,ahd5k_04177,,ahd5k_04177,فقدان سن هل يمكن ان يبزغ مجددا في عم 15 ونصف؟,"Category: أمراض الأسنان (Dental)
Question: فقدان سن هل يمكن ان يبزغ مجددا في عم 15 ونصف؟
Answer: يجب فحص الحالة و التأكد من السن الذي تم خلعه هل هو سن دائم أو سن مؤقت مع بقاء مديد .. ان كان سن دائم فلن يتم استبداله و يجب التعويض عنه تجميليا و وظيفيا بزرعة سنية
Relation context: "
qa::ahd5k_04190,qa,ahd5k_04190,,ahd5k_04190,ماسبب الطبقه البيضاء على السن هل تؤثر على الاسنان اوتسبب سقوط السن,"Category: علم التشريح (Anatomy)
Question: ماسبب الطبقه البيضاء على السن هل تؤثر على الاسنان اوتسبب سقوط السن
Answer: هذه الطبقة هي نوع من التسوس ويجب علاجها من قبل طبيب الآسنان.
Relation context: "
qa::ahd5k_04235,qa,ahd5k_04235,,ahd5k_04235,اشعر باعراض لم اشعر بها من قبل فالبارحة احسست بوخز في قلبي و اليوم عندما اتنفس اتنفس بصعوبة مع الم شديد في الصدر من جهة ,"Category: تشخيص (Diagnosis)
Question: اشعر باعراض لم اشعر بها من قبل فالبارحة احسست بوخز في قلبي و اليوم عندما اتنفس اتنفس بصعوبة مع الم شديد في الصدر من جهة القلب كالسكين الحاد مع العلم...
Answer: ننصح باجراء فحص طبي للوقوف على تفاصيل أكثر لتوضيح اذا ما كان هناك سبب عضوي يتعلق بالتهاب القصبات أو تحسس يُسبب ضيق التنفس والأجهاد الناجم عنه يؤدي إلى تشنج العضلات الوربية وبالتالي الألم
Relation context: "
qa::ahd5k_04249,qa,ahd5k_04249,,ahd5k_04249,E.s.r. 1 st h.= 6 mm { up to 20 mm/hour } 2 nd h. = 13 mm t.s.h. = 1.40 { 0.3 - 4.2 uiu / mj } free...,"Category: أمراض الدم (Blood)
Question: E.s.r. 1 st h.= 6 mm { up to 20 mm/hour } 2 nd h. = 13 mm t.s.h. = 1.40 { 0.3 - 4.2 uiu / mj } free...
Answer: اجبتك على السؤال
Relation context: "
qa::ahd5k_04258,qa,ahd5k_04258,,ahd5k_04258,عندكسل غده واخذت علاج اثيروكس 25 رجعت بعدها وحللت الحمدلله نزلت ورجعت للمعدل الطبيعي بعدها بشهرين قاعده اشوفها وصلت 3:11,"Category: أمراض الغدد الصماء (Endocrine)
Question: عندكسل غده واخذت علاج اثيروكس 25 رجعت بعدها وحللت الحمدلله نزلت ورجعت للمعدل الطبيعي بعدها بشهرين قاعده اشوفها وصلت 3:11 وبعد 4شهور وصلت3:92 هل هذايعني خلاص استمرعلى الحبوب؟
Answer: استمري على العلاج من دون توقف واعيدي التحليل كل ستة اشهر لضبط الجرعة
Relation context: "
qa::ahd5k_04262,qa,ahd5k_04262,,ahd5k_04262,اعاني من فرط نشاط الغدة الدرقية ( ملتهبة) كيف اعالجها . و ما هي العشبة المفيدة في هذه الحالة -اشرب الدواء basdéne منذ 4 ,"Category: أمراض باطنية (Esoteric)
Question: اعاني من فرط نشاط الغدة الدرقية ( ملتهبة) كيف اعالجها . و ما هي العشبة المفيدة في هذه الحالة -اشرب الدواء basdéne منذ 4 أشهر
Answer: انصحك بمتابعة العلاج عند طبيب امراض الغدد الصم، و الإلتزام بالعلاج.
Relation context: "
qa::ahd5k_04265,qa,ahd5k_04265,,ahd5k_04265,عندي ضيق تنفس وبنفس الوقت معه صداع قوي وخفقان في القلب,"Category: أمراض القلب و الشرايين (Cardiovascular disease)
Question: عندي ضيق تنفس وبنفس الوقت معه صداع قوي وخفقان في القلب
Answer: اختي الكريمة اعراض ارهاق حاولي اخذ قسط من الراحة و سلامتك
Relation context: "
qa::ahd5k_04277,qa,ahd5k_04277,,ahd5k_04277,طفلي عمرة سبعة اشهر وقد لاحظت وجود مخاط في برازه فهل من الممكن ان يكون بسبب البلغم وكان سابقا قد اعطاه الطبيب دواء طارد ,"Category: صحة الطفل (Child health)
Question: طفلي عمرة سبعة اشهر وقد لاحظت وجود مخاط في برازه فهل من الممكن ان يكون بسبب البلغم وكان سابقا قد اعطاه الطبيب دواء طارد للبلغم
Answer: نعم ممكن من البلغم.سلامته
Relation context: "
qa::ahd5k_04279,qa,ahd5k_04279,,ahd5k_04279,ابني عمره 4 سنوات يعاني التاتاة رغم ذكائه وفطنته ارجوا ان اجد الحل عندكم,"Category: صحة الطفل (Child health)
Question: ابني عمره 4 سنوات يعاني التاتاة رغم ذكائه وفطنته ارجوا ان اجد الحل عندكم
Answer: طبيعي في هذا العمر و تختفي مع الوقت
Relation context: "
qa::ahd5k_04323,qa,ahd5k_04323,,ahd5k_04323,السلام عليكم .دائما القولون به انتفاخات ودائما امساك وتزداد هذة الاعراض مع التوتر. او المشاكل وتكون علي العكس تماما في ح,"Category: أمراض باطنية (Esoteric)
Question: السلام عليكم .دائما القولون به انتفاخات ودائما امساك وتزداد هذة الاعراض مع التوتر. او المشاكل وتكون علي العكس تماما في حالة الهدو النفسي وما اقلها للحظات ....ما العلاج لذلك
Answer: اعصاب البطن والقولون--المفيد اكل الخضار والفاكهة و الدواء عند اللزوم
Relation context: "
qa::ahd5k_04335,qa,ahd5k_04335,,ahd5k_04335,في موضوع خمول الغدة الدرقية ..هل عندما تعود الغدة الى وظيفتها الطبيعةبعد الخمول يعود الوزن كم كان قبل حدوث الخمول ؟ ارجو,"Category: أمراض الغدد الصماء (Endocrine)
Question: في موضوع خمول الغدة الدرقية ..هل عندما تعود الغدة الى وظيفتها الطبيعةبعد الخمول يعود الوزن كم كان قبل حدوث الخمول ؟ ارجو الجواب..
Answer: نعم يعود الوزن الي طبيعته
Relation context: "
qa::ahd5k_04342,qa,ahd5k_04342,,ahd5k_04342,"السلام عليكم . أعاني من فرط نشاط الغدة الدرقية , وأخذ ادويتي بانتظام وكمان أخذ فيتامين د كل شهر حبة . هل أستطيع أخذ فيتا","Category: أمراض الغدد الصماء (Endocrine)
Question: السلام عليكم . أعاني من فرط نشاط الغدة الدرقية , وأخذ ادويتي بانتظام وكمان أخذ فيتامين د كل شهر حبة . هل أستطيع أخذ فيتامينات مثل فيتامين ب،أ، الاوميغا 3...
Answer: نعم. ممكن اخذ فيتامينات اخرى. لا مانع
Relation context: "
qa::ahd5k_04347,qa,ahd5k_04347,,ahd5k_04347,هل حليب الماعز لا يسبب حساسية مثل حليب البقر ؟,"Category: أرجية حساسية (Allergic allergy)
Question: هل حليب الماعز لا يسبب حساسية مثل حليب البقر ؟
Answer: يسبب حساسيه لان يوجد تشابه بين بروتين حليب الماعز والبقر بنسبة عاليه
Relation context: "
qa::ahd5k_04352,qa,ahd5k_04352,,ahd5k_04352,عمري 21 عملت ايكو كان الحمد لله كان كويس ماعدا ان كان فيه mild mitral valve proplapse with trivial MR انا متوترة جدا من ,"Category: أمراض القلب و الشرايين (Cardiovascular disease)
Question: عمري 21 عملت ايكو كان الحمد لله كان كويس ماعدا ان كان فيه mild mitral valve proplapse with trivial MR انا متوترة جدا من الموضوع ده و خايفة يزيد مع...
Answer: احيانا يطلق علي ارتجاع الصمام الميترالي اللي في حالتك وصف (( إرتخاء الصمام الميترالي)) ، ويقدر وجوده بين البشر بأن تقريبا من ٢٠- ٢٥ في المائة عندهم درجة من درجات إرتخاء الصمام الميترالي، ويكثر حدوثه في الإناث أكثر من الذكور ، لكن عكس الذكور درجة الارتخاء تقل مع تقدم العمر وزيادة الوزن في الإناث ، عموما درجة االارتجاع عندك متوسطة أو أقل ، فلا قلق بتاتا ، وكما قلت هو مجرد تطاول وارتخاء في شرفات الصمام ، نصيحتي الهدوء لان ليس هناك اي قلق ، وانصح بعمل الايكو كل عام أم أو حتي عامين لمعرفة درجة الارتجاع وارتخاء الصمام
Relation context: "
qa::ahd5k_04356,qa,ahd5k_04356,,ahd5k_04356,لدي ضرسان عقل معكوسان واحد في. الطرف اليمين ولاخر في الطرف اليسار يسببان لي صداع هل يلزم ازالتهم,"Category: أمراض الأسنان (Dental)
Question: لدي ضرسان عقل معكوسان واحد في. الطرف اليمين ولاخر في الطرف اليسار يسببان لي صداع هل يلزم ازالتهم
Answer: في حال وجود اتجاه معكوس او عدم وجود مساحه كافيه لضرس العقل و يسبب اﻻم بدردات متفاوته ننصح عاده بخلع ضروس العقل و عليك مراجعه طبيبك او اخصائي جراحه وجه و فكين
Relation context: صداع TREATED_BY المراجعة الطبية. Evidence: مراجعة طبيبك او اخصائي جراحه وجه و فكين | ضرس العقل HAS_SYMPTOM صداع. Evidence: ضرس العقل | ضرس العقل HAS_SYMPTOM الام. Evidence: ضرس العقل | ضرس العقل TREATED_BY المراجعة الطبية. Evidence: مراجعة طبيبك او اخصائي جراحه وجه و فكين | الام TREATED_BY المراجعة الطبية. Evidence: مراجعة طبيبك او اخصائي جراحه وجه و فكين"
qa::ahd5k_04373,qa,ahd5k_04373,,ahd5k_04373,ولد ف عمر 17 سنة وقرب لل18 حجمه صغير جدا وتقريبا هناك تاخر ف الادراك نصحونا نذهب لاخصائي غدد صماء لانو احتمال يكون نقص ف,"Category: أمراض الغدد الصماء (Endocrine)
Question: ولد ف عمر 17 سنة وقرب لل18 حجمه صغير جدا وتقريبا هناك تاخر ف الادراك نصحونا نذهب لاخصائي غدد صماء لانو احتمال يكون نقص في growth hormone
Answer: راجع الاخصائي غدد الصماء سلامات
Relation context: "
qa::ahd5k_04382,qa,ahd5k_04382,,ahd5k_04382,اعاني من الم في المعده حال جلوسي من النوم صباحا وقبل اكل اي شيئ وكما تعلمون ان الان شهر رمضان فما هو الحل؟,"Category: الطب البديل (Alternative medicine)
Question: اعاني من الم في المعده حال جلوسي من النوم صباحا وقبل اكل اي شيئ وكما تعلمون ان الان شهر رمضان فما هو الحل؟
Answer: تناولي احد الأدوية المثبطة لافراز الحمض مثل اوميبرازول قبل النوم تحياتي
Relation context: "
qa::ahd5k_04408,qa,ahd5k_04408,,ahd5k_04408,ما اعاني منه ليس ترهل بل زيادة في الوزن متراكمة في منطقة الارداف فهل هناك اعشاب ممكن ان تساعدني حيث اعلم فائدة الاعشاب ع,"Category: علم النبات (Botany)
Question: ما اعاني منه ليس ترهل بل زيادة في الوزن متراكمة في منطقة الارداف فهل هناك اعشاب ممكن ان تساعدني حيث اعلم فائدة الاعشاب عن الادوية
Answer: السبع زيوت لمنع ترهل الثدي والبطن والارداف ... زيوت من الأعشاب الطبيعية يعمل على شد تلك الخلايا المترهلة بسرعة عجيبة وتعيد لها حيويتها وجمالها دلك منطقة البطن او منطقة الارداف بزيت السبع زيوت بحركات دائرية الاسفل للاعلي الصاعدة إلى أعلى ولمدة ربع ساعة مرة يوميا لمدة شهر . النتيجة : وستلاحظ ان جسدك قد عادت اليه نظارته وحيويته وزال الترهل مكونات الوصفة 1- زيت الهندبة (الهندباء) 2 – زيت الشاي الأخضر. 3- زيت زيتون . 4- زيت المرمية او زيت اكليل الجبل 5- زيت البابونج 6- زيت السعتر 7- زيت الحلبة . طريقة التحضير 1-اخلط المكونات متساوية الكميات من الزيوت السبعة جيدا وضعيها في زجاجة محكمة. 2- دلك المنطقة المترهلة كما في طريقة الاستعمال مرة يوميا. طريقة الإستعمال : دلك المنطقة المترهلة (الثدي او البطن او الارداف) بزيتالسبع زيوت بحركات دائرية من أسفل لاعلي ملاحظة هذه الوصفة تفيد الترهل ايضا لمنطقة البطن والارداف والطريقة بنفس الاسلوب تدليك دائري للمنطقة المترهلة بعد حمام دافئ.
Relation context: "
qa::ahd5k_04414,qa,ahd5k_04414,,ahd5k_04414,ظهر عندي دوائر حمراء بين الفخذين مع حكة شديدة ايه سببها,"Category: أرجية حساسية (Allergic allergy)
Question: ظهر عندي دوائر حمراء بين الفخذين مع حكة شديدة ايه سببها
Answer: عدة أسباب منها الاحتكاك في الجو الحار والرطوبة اكزيما الاحتكاك من ملابس نايلون التهاب فطري
Relation context: "
qa::ahd5k_04431,qa,ahd5k_04431,,ahd5k_04431,كيف نجهز دولاب الطواري,"Category: إسعاف أولي (First aid)
Question: كيف نجهز دولاب الطواري
Answer: 1. إختر دولاب صغير خفيف الوزن وسهل النقل ويكفي من وجهة نظرك لكل ما تحتاج إليه ويجب أن يكون مقاوم للماء قدر المستطاع حتى يتسنى لك أخذه في الرحلات خارج المنزل 2. تأكد من أن الدولاب يحتوي على المعدات الطبية الأولية بأعداد وأحجام مناسبة منها الشاش والضمادات كما يجب أن تحتوي على مطهر وأربطة طبية وضمادات لاصقة ومضادات الهستامين وقفازات ومرهم مضاد حيوي ومرهم مضاد للحروق ومضاد لحساسية الجلد ومقص وملقاط وخافض للحرارة مثل الأسبرين 3. يجب ان يحتوي الصندوق على بعض الأدوية للأمراض الخاصة مثل الحساسية وبعض الأدوية التي تمثل أي طارئ بالنسبة للعائلة تم وصفها بواسطة الطبيب 4. يجب أن تقوم بتقسيم دولاب الإسعاف
Relation context: "
qa::ahd5k_04444,qa,ahd5k_04444,,ahd5k_04444,طفلي عمر سنتين يعاني من سيلان الانف باستمرار وبالليل تتقفل نهاي مايقدر يتنفس اعطيناهو علاجات مضاد حيوي دون فايده,"Category: صحة الطفل (Child health)
Question: طفلي عمر سنتين يعاني من سيلان الانف باستمرار وبالليل تتقفل نهاي مايقدر يتنفس اعطيناهو علاجات مضاد حيوي دون فايده
Answer: جرب بخاخات الماء والملح.وفي حال عدم التحسن لابد من عرضه على اخصائي الاطفال.رجاء لاتعطي اي مضاد حيوي دون وصفة طبية.المضاد الحيوي ليس علاجاً لفتح الأنف!!!!
Relation context: سيلان الانف TREATED_BY بخاخات الماء والملح. Evidence: جرب بخاخات الماء والملح | سيلان الانف INVESTIGATED_BY خصائي الاطفال. Evidence: لابد من عرضه على اخصائي الاطفال"
qa::ahd5k_04451,qa,ahd5k_04451,,ahd5k_04451,ما علاج ضعف الانتصاب مع العلم انني امارس العادة السرية منذ عشر سنوات؟,"Category: علم التشريح (Anatomy)
Question: ما علاج ضعف الانتصاب مع العلم انني امارس العادة السرية منذ عشر سنوات؟
Answer: توقف عن العادة السرية و عليك بالتغذية السليمة و المقويات و يمكنك استشارة الطبيب لتناول الفياغرا
Relation context: "
qa::ahd5k_04468,qa,ahd5k_04468,,ahd5k_04468,اما انا مند شهر تقريبا ظهري يؤلمني بشدة و خصوصا الجزء الاعلى من الجهة اليسرى و احس صدري كتيار مفاجئ يدهب بسرعة و ياتي عل,"Category: تشخيص (Diagnosis)
Question: اما انا مند شهر تقريبا ظهري يؤلمني بشدة و خصوصا الجزء الاعلى من الجهة اليسرى و احس صدري كتيار مفاجئ يدهب بسرعة و ياتي على فترات افدوني و اشكركم مقدما
Answer: ينصح لك بصورة اشعة للعنق، هذه العلامات تشير الى انزلاق غضروفي عنقي (في الرقبة) غالبا بين الخامسة و السادسة العنقية العلاج الطبيعي مفيد لك كذلك مرخيات العضلات، السباحة
Relation context: انزلاق غضروفي عنقي DIAGNOSED_BY أشعة. Evidence: ينصح لك بصورة اشعة للعنق، هذه العلامات تشير إلى انزلاق غضروفي عنقي"
qa::ahd5k_04473,qa,ahd5k_04473,,ahd5k_04473,ما فوائد زيت الحنظل للمفاصل؟ وأود الاستفسار كيف يستعمل الحنظل لعلاج المفاصل؟,"Category: الطب البديل (Alternative medicine)
Question: ما فوائد زيت الحنظل للمفاصل؟ وأود الاستفسار كيف يستعمل الحنظل لعلاج المفاصل؟
Answer: يستخرج زيت الحنظل من نبات الحنظل الصحراوي، ويعتقد أنه يساهم بالفعل في علاج بعض اضطرابات المفاصل وألم المفاصل، ومن فوائد زيت الحنظل للمفاصل أبين لك الآتي: الحد من التهاب المفاصل. التخفيف من ألم المفاصل. خفض سرعة تطور الأمراض المزمنة التي تؤدي إلى تلف المفاصل. زيادة معدل حركة المفصل. الوقاية من بعض أمراض المفاصل. أنصحك في جميع الأحوال باستشارة الطبيب قبل البدء باستخدام زيت الحنظل لعلاج ألم المفاصل أو التهاب المفاصل للتأكد من عدم وجود تعارض بين الأدوية الموصوفة من قبل الطبيب وزيت الحنظل. أما حول طريقة استخدام الحنظل لعلاج المفاصل فتتم على النحو الآتي: تطبيق زيت الحنظل على المنطقة المصابة 2-3 مرات يوميًا. تدليك المنطقة حتى يتم امتصاص الزيت عبر الجلد. التوقف المباشر عن استخدام زيت الحنظل في حال ملاحظة ظهور أي من علامات الحساسية أو الطفح الجلدي. تجنب دخول زيت الحنظل إلى الفم أو العينين. للمزيد: ما هي أسباب التهاب المفاصل وطرق الوقاية؟ ما هي علامات وأعراض التهاب المفاصل؟
Relation context: التهاب المفاصل HAS_SYMPTOM ألم المفاصل. Evidence: الحد من التهاب المفاصل والتخفيف من ألم المفاصل"
qa::ahd5k_04477,qa,ahd5k_04477,,ahd5k_04477,هل هناك علاقة بين سوفان الرقبة وأرتفاع ضغط الدم؟,"Category: أمراض القلب و الشرايين (Cardiovascular disease)
Question: هل هناك علاقة بين سوفان الرقبة وأرتفاع ضغط الدم؟
Answer: لا يوجد علاقة مباشرة بين ارتفاع ضغط الدم و الانزلاقات الغضروفية العنقية
Relation context: "
qa::ahd5k_04480,qa,ahd5k_04480,,ahd5k_04480,السلام عليكم انا لدي حساسية الصدر من الصغر وكان عمر 7 اشهر والان استخدم السيروتايد القرص لاكن اشعر باختناق وعدم السعادة ,"Category: أرجية حساسية (Allergic allergy)
Question: السلام عليكم انا لدي حساسية الصدر من الصغر وكان عمر 7 اشهر والان استخدم السيروتايد القرص لاكن اشعر باختناق وعدم السعادة والراحة في الصدر اشعر بأن الهواء لا يدخل
Answer: ابداي العلاج له عن طريق طبيب حساسيه اوصدريه بعد الكشف عنه وعمل تحليل الحساسه RAST and IgE يوجد علاج مناعي نهائي للحساسيه اذا عرف السبب
Relation context: "
qa::ahd5k_04490,qa,ahd5k_04490,,ahd5k_04490,انا عندي قضيبي صغير هل هذه بسبب متعلق بهرمون الذكوره علما انا عمري 17 ويوجد شعر على الارجل والابط ولايوجد على الشارب وبد,"Category: أمراض الغدد الصماء (Endocrine)
Question: انا عندي قضيبي صغير هل هذه بسبب متعلق بهرمون الذكوره علما انا عمري 17 ويوجد شعر على الارجل والابط ولايوجد على الشارب وبدي اعرف اذا كان السبب متعلق بلهرمون كيفيه...
Answer: يجب اجراء الفحص السريري و الفحوصات المخبرية لتحديد السبب ثم العلاج
Relation context: حساسية الصدر HAS_SYMPTOM سعال. Evidence: حساسية الصدر and سعال co-occur with explicit symptom-pathology link | حساسية الصدر DIAGNOSED_BY تحليل الحساسية. Evidence: تحليل الحساسية explicitly mentioned as diagnostic tool for حساسية الصدر"
qa::ahd5k_04492,qa,ahd5k_04492,,ahd5k_04492,يوجد عندي التصاق في الاصابع القدم الصبع الثاني و الثالث هل انجب اطفال بنفس تشوه قدمي,"Category: تشوهات خلقية (Birth Defect)
Question: يوجد عندي التصاق في الاصابع القدم الصبع الثاني و الثالث هل انجب اطفال بنفس تشوه قدمي
Answer: ليس بالضرورة.
Relation context: "
qa::ahd5k_04509,qa,ahd5k_04509,,ahd5k_04509,هل الكحول بالنسبة للمرأة الحامل تزيد من نسبة أصابة الجنين بتشوهات خلقية؟ و ماهي الادوية التي يحظر على المرأة الحامل تعاط,"Category: تشوهات خلقية (Birth Defect)
Question: هل الكحول بالنسبة للمرأة الحامل تزيد من نسبة أصابة الجنين بتشوهات خلقية؟ و ماهي الادوية التي يحظر على المرأة الحامل تعاطيهالأنها قد تؤدي ألى حدوث بعض التشوهات الخلقية؟
Answer: نعم الكحول مضر بالوليد ولا ينصح به أثناء الحمل. كما أن هناك أدوية أخرى مضرة أثناء الحمل مثل مضادات الصرع، ويجب التأكد قبل تناول الدواء واستشارة طبيب النسائية المشرف على الحمل.
Relation context: "
qa::ahd5k_04517,qa,ahd5k_04517,,ahd5k_04517,مدي وجع أسفل البطن بعد التبول وبعد مرات التبرز لما انتهي من عمليه التبول ومرات من التبرز يجيني وجع أسفل البطن قد يدوم مر,"Category: أمراض باطنية (Esoteric)
Question: مدي وجع أسفل البطن بعد التبول وبعد مرات التبرز لما انتهي من عمليه التبول ومرات من التبرز يجيني وجع أسفل البطن قد يدوم مرات لحد ست ساعة وأحس بدوخه ما...
Answer: الأعراض التي تشكين منها عديدة وأسبابها كذلك كثيرة منها التهاب المسالك البولية أو وجود الحصى أو الرمل بهذه المسالك ومنها القولون العصابي، لذا لا بد من مراجعة أخصائي أمراض باطنية لتقويم حالتك وعمل الفحوصات الطبية اللازمة ومن ثم المعالجة الناجعة.
Relation context: "
qa::ahd5k_04533,qa,ahd5k_04533,,ahd5k_04533,السلام عليكم هل القسطره القلبيه خطره ؟ سواء كانت للتشخيص او العلاج,"Category: جراحة القلب والشرايين (Cardiovascular surgery)
Question: السلام عليكم هل القسطره القلبيه خطره ؟ سواء كانت للتشخيص او العلاج
Answer: عادة لا تشكل خطر خاصة إذا ما تم اتباع أسلوب مهني صحيح وأغلب المخاطر والمضاعفات الرئيسية لقسطرة القلب الأيسر لا تتجاوز 1 إلى 2 ٪. وتشمل: النزف، والمضاعفات الوعائية، واِحْتِشَاءُ عَضَلِ القَلْب ، والحَادِث الوِعائيٌّ الدِمَاغِيّ ، والحساسية على الوسط التَبايُنِيّ ، والوفاة والعوامل التي يمكن أن تزيد من المخاطر تشمل السن، وإصابة الجِذْع الرئيسي الأيسر أو إصابة الأوعية التاجية الثلاثة، والفشل القلبي اللامُعاوَض ، وتضيق الأبهر الشديد، والسكري، والفشل الكلوي، وحَادِث وِعائيّ دِمَاغِيّ سابق.
Relation context: "
qa::ahd5k_04546,qa,ahd5k_04546,,ahd5k_04546,دكتور ما رأيكم في مصاصة الاطفال (لهاية)..؟؟؟ شكرا,"Category: صحة الطفل (Child health)
Question: دكتور ما رأيكم في مصاصة الاطفال (لهاية)..؟؟؟ شكرا
Answer: ولاً،لنتحدث عن الفوائد المحتملة لاستخدام اللهاية: 1- قد تهدئ من بكاء الطفل،وتلهيه إن كان يتألم مثلاً عن سبب الألم 2- قد تساعده على النوم 3- قد تقلل من خطر التعرض لموت الرضع المفاجئ ثانياً ، المخاطر المحتملة : 1- استخدامها المبكر قد يؤثر على الرضاعة الطبيعية 2- قد يعتاد الطفل عليها إلى درجة أنه سوف يبكي كلما سقطت من فمه 3- قد تزيد من خطر الإصابة بالتهابات الأذن الوسطى 4- استخدامها لفترات طويلة قد يؤثر على نمو الأسنان بشكل سليم
Relation context: "
qa::ahd5k_04566,qa,ahd5k_04566,,ahd5k_04566,كيف يتم الفحص للعصب المبهم؟و هل الفحص يبين كافه اختلالات العصب المبهم؟وهل هنالك دوء له اذا وجد اختلال به؟,"Category: علم التشريح (Anatomy)
Question: كيف يتم الفحص للعصب المبهم؟و هل الفحص يبين كافه اختلالات العصب المبهم؟وهل هنالك دوء له اذا وجد اختلال به؟
Answer: العصب المبهم او الحائر او الغامض او الرئوي – المعدي يبدأ من الرأس ويغذي الاعضاء الواقعة بين منشئه ونهايته في الجزء المستعرض للامعاء الغليظة ( القولون )ويتحكم في سرعة دقات القلب وفي حركة الامعاء الغليظة والدقيقة ويسيطر على عملية النطق وعملية التعرق وعلى العضلات الارادية في منطقة البلعوم ، ويغذي الرئتين والمعدة .
Relation context: "
qa::ahd5k_04576,qa,ahd5k_04576,,ahd5k_04576,هل يمكنكم شرح طريقة تفجير الصدر؟,"Category: علم التشريح (Anatomy)
Question: هل يمكنكم شرح طريقة تفجير الصدر؟
Answer: بزل الصدر (المعروف أيضا باسم تفجير الصدر) هو إجراء لإزالة سائل أو هواء من غشاء الجنب لأغراض تشخيصية أو علاجية. هو ادخال قنية، أو إبرة مجوفة، في القفص الصدري، بعد إعطاء تخدير موضعي. ويمكنك متابعة الموضوع مع تنسيقية دمشق
Relation context: "
qa::ahd5k_04583,qa,ahd5k_04583,,ahd5k_04583,هل البيض والشوكولاته والكاكاو والبيض والبقوليات والمكسرات والتين يمنعون امتصاص الحديد؟! ما الاطعمة الغنية بالحديد؟ وما ي,"Category: أمراض الدم (Blood)
Question: هل البيض والشوكولاته والكاكاو والبيض والبقوليات والمكسرات والتين يمنعون امتصاص الحديد؟! ما الاطعمة الغنية بالحديد؟ وما يمنع امتصاص الحديد لفتاة عمرها ١٤ مستوى الحديد 15 والمخزون 5 وفيتامين د 6...
Answer: غالبا اهتمامك بالاكل إللى قلتى عليه هو السبب فى نقص الحديد وهناك أسباب أخرى كتيرة لازم نعرف منك معلومات كتير للمساعده فى إيجاد السبب عندك
Relation context: "
qa::ahd5k_04611,qa,ahd5k_04611,,ahd5k_04611,اعاني من مشكلة انقطاع الطمث لمدة شهرين كل مرة اي غير منتظمة و عندما زرت اخصائي قال ان عندي مشكلة نقص هرمونات هل يمكن وصف,"Category: أمراض الغدد الصماء (Endocrine)
Question: اعاني من مشكلة انقطاع الطمث لمدة شهرين كل مرة اي غير منتظمة و عندما زرت اخصائي قال ان عندي مشكلة نقص هرمونات هل يمكن وصف علاج لهذه الحالة مع العلم...
Answer: التقيم بحاجة الى اخذ تاريخ مرضي واضح ومن ثم الفحص السريري واخيرا عمل الفحوصات المخبرية والصورالشعاعية ومن ثم العلاج
Relation context: نقص هرمونات HAS_SYMPTOM انقطاع الطمث. Evidence: اعاني من مشكلة انقطاع الطمث...قال ان عندي مشكلة نقص هرمونات | انقطاع الطمث INVESTIGATED_BY الفحوصات المخبرية. Evidence: الفحوصات المخبرية...جزء من التقيم"
qa::ahd5k_04612,qa,ahd5k_04612,,ahd5k_04612,هل يوجد حل لعلاج الشيب المبكر ؟ هل خلطة الريحان و الروزماري مفيدة للتخلص من الشيب؟,"Category: الطب البديل (Alternative medicine)
Question: هل يوجد حل لعلاج الشيب المبكر ؟ هل خلطة الريحان و الروزماري مفيدة للتخلص من الشيب؟
Answer: لشيب (الشعر الأبيض) ظهور الشيب عملية فسيولوجية تحدث عادة عند التقدم في العمر. وذلك عندما لا تستطيع الخلايا الملونة التي تفرز مادة الميلانين (والتي تعطي الشعرة اللون) الاستمرار في نشاطها، إذ تفقد الشعرة لونها وتصبح بيضاء وهذا ما يسمى ""بالشيب"". إن ظهور الشيب على شعر الرأس أو الوجه لا يعني مطلقاً التقدم بالسن فقد يظهر قبل البلوغ أو بعد ذلك نتيجة ظروف معينة. كما أن الاستعداد الشخصي والعوامل النفسية والوراثية لهما أثر مهم في ظهور الشيب المبكر. ويجب الإشارة بأن بعض حالات الشيب المبكر تكون مؤقتة، إذ قد تعاود الخلايا الملونة نشاطها مرة أخرى خاصة بعد زوال المؤثر وبالتالي يعود لون الشعر إلى وضعه العادي ويحدث هذا أحياناً في أمراض الحميات ومرض الثعلبة. أما إذا كان المؤثر على الخلايا الأم (الكيراتينوسايتس) التي تنتج الخلايا الملونة، فإن فرصة إعادة تلوين الشعر مرة أخرى تكاد تكون معدومة إذ تستمر الشعرة فاقدة لونها. والأسباب متعددة وهي :العامل الوراثي والعامل النفسي والتوتر العصبي والصدمة العصبية، والهزال والضعف البدني ونقص بعض العناصر الغذائية مثل النحاس والزنك وحامض الفوليك وفيتامين ب المركب وامراض الجهاز الهضمي واورام خبيثة في الجهاز الهضمي وفقر الدم والتعرض لحرارة عالية والأمراض المزمنة المعدية مثل الملاريا والتدرن والتهابات اللثة والأسنان المتكررة وامراض فروة الرأس والقشرة والهرمونات والبهاق والعلاج هو: يعتمد العلاج على معرفة السبب ومن ثم علاجه . أما الشيب بسبب تقدم العمر فليس له علاج الا الصبغات.
Relation context: شيب TREATED_BY خلطة الريحان و الروزماري. Evidence: هل خلطة الريحان و الروزماري مفيدة للتخلص من الشيب"
qa::ahd5k_04616,qa,ahd5k_04616,,ahd5k_04616,ماهية الاغذية التي تعد منشطة جنسين ، والمفضلة لنشاط الحيوان المنوي ، وشكرآ؟,"Category: علم الأجنة (Embryology)
Question: ماهية الاغذية التي تعد منشطة جنسين ، والمفضلة لنشاط الحيوان المنوي ، وشكرآ؟
Answer: التفاح .. إذا كان التفاح يغني عن الذهاب إلى الطبيب فإنه قد يغني أيضاً عن الفراق و الخصام لأنه يحتوي على مادة \""الكيرستين\"" التي تقاوم تراكم الكوليسترول الضار على جدران الأوعية الدموية فتسهم بالتالي في تنشيط الدورة الدموية و تجديد حيوية الجسم. الأسماك الدهنية ..الأسماك الدهنية مثل التونا و السالمون والماكريل تحتوي على الأحماض الأمينية \""أوميجا 3\"" التي تزيد من الخصوبة و الطاقة، كما تحتوي على المغنيسيوم الذي يعمل على توازن الهرمونات و راحة عضلة القلب و زيادة حيوية الجسم لأنه يزيد من إفراز هرمون التسترون كما تحتوي تلك الأسماك على الزنك المهم لزيادة الخصوبة و الطاقة. اللحوم ..لا تبتعد عن اللحوم الحمراء و لكن تناول منها القليل الذي يزيد من الحيوية والطاقة والرغبة، كما أن اللحوم الحمراء غنية بالفيتامينات مثل فيتامين \""ب6\"" و\""ب21\"" وهي تنظم الهرمونات وخصوصاً مستويات هرمون \""التيسترون\""، كما أنها تحتوي على مقادير من الزنك. الشوكولاته .. ارتبطت الشوكولاته بالحب والغرام وأصبح كل حبيب يحرص على إهداء حبيبته قطعة من الشيكولاته تذوب في فمها فيذوب معها وجداً و هياماً.. و تحتفظ جولييت بغلاف الشيكولاته التي أهداها لها حبيبها الغالي.. و في الحقيقة فإن الشيكولاته وخصوصاً السمراء أو الداكنة غنية بالمغنيسيوم الذي يفيد النساء والفتيات في التقليل من أعراض ما قبل الدورة الشهرية كما تحتوي أيضاً على حمض أميني يسمى \""الفينيل ألانين\"" الذي يفيد في رفع الروح المعنوية وتحسين المزاج و زيادة الشوق والحب. العدس .. مصدر غني بالبروتين النباتي يزود الجسم بالطاقة و يزيد من الرغبة في الحب لذلك إذا شعرت ببرود عواطف زوجك أو حبيب القلب أدعيه إلى وليمة من العدس فالعدس غني بالمعادن التي تزيد الرغبة مثل المنجنيز والزنك والكالسيوم و المغنيسيوم .. تلك العناصر التي تزود الجسم بالطاقة اللازمة. وأخيرا لا ننسى عسل ملكات النحل الذي يساعد على بناء خلايا جديدة في الجسم ومنها المنويات، وكذلك الجينسينغ وهذه قائمة بالأطعمة التي تساعد أيضا: المسك: يتم استخدامه لتنشيط القوى الحيوية والتناسلية. الثوم : يعتبر عاملاً رئيساً فى زيادة فاعلية القدرة الجنسية. البصل: أكل البصل يزيد من نسبة المنى وله تأثير هورمونى يشبه الهورمون الذكرى تماماً. - القمح: طبخ القمح باللبن والمكسرات يزيد من الطاقة الجنسية بنسبة كبيرة. - الموز: يقوى العضو لاحتوائه على فيتامين ه. - الزنجبيل: يستخدم كمنشط للطاقة الجنسية. - حبة البركة: تحتوى على الكثير من الهورمونات الجنسية المنشطة وترفع فاعلية الإخصاب. - التمر: غنى جداً بالفوسفور الذى يعتبر الغذاء الأساسى للخلايا التناسلية ويقلل من الإصابة بالإنهاك الجنسى، اى التعب السريع عند ممارسة الجنس. - الحلبة: تعمل على تدفئة الأعضاء التناسلية. - الحمص: أكل الحمص مخلوطاً بالعسل علاج قديم ومعروف للضعف الجنسى. - التوت: يزيد ورق التوت من وزن الحويصلات المنوية لما له من تأثير هرمونى. - الشبت: يعالج الأورام فى الأعضاء التناسلية. - الكرفس: وضع الكرفس على عصير الجزر يجعله يعمل كمنشط جنسى فعال. - العود: يستخدم زيت العود كمهيج جنسى خاصة إذا تم استعماله مع زيت الكهرمان. - القرنفل: يزيد القدرة الجنسية بإضافة مسحوقه للبن، ويشرب على الريق. - جوز الطيب: منبه جنسى قوى ولكن كثرة استخدامه لها تأثير غدمانى بحيث يعتمد عليه الجسم فى كل مرة تحدث فيها العملية الجنسية. - الزعفران: يقوى الجهاز العصبى المركزى ويفيد فى حالات الضعف الجنسى. - الكاكاو: يضاف للحليب ويشرب كمنشط جنسى فعال. - بذر الكتان: يخفف من آلام التهاب البروستاتة التى قد تعوق إتمام العملية الجنسية.
Relation context: "
qa::ahd5k_04620,qa,ahd5k_04620,,ahd5k_04620,انافتاه وعمري 24 ويوجد بجسمي شعرحيث ان جسمي وشكلي لاتوجد علئ اثار الانوثه وملامح وجهي تميل للرجوله حتي احساسي اتجه البنا,"Category: تشخيص (Diagnosis)
Question: انافتاه وعمري 24 ويوجد بجسمي شعرحيث ان جسمي وشكلي لاتوجد علئ اثار الانوثه وملامح وجهي تميل للرجوله حتي احساسي اتجه البنات يكون غريب والكل ينتقدني اني لست انثي حيث ان...
Answer: اولا وقبل كل شيء لا بد من عمل تحليل شامل للهرمونات وتصوير سونار للرحم والمبايض للتأكد من سلامتها وقد تحتاجين على عمل تحليل كروموزومات ايضا وانصح باستشارة طبيب امراض نفيسة باسرع وقت والتنسيق معه بشأن ما تشعرية على ان ينسق هو بدوره مع طبيب امراض النساء وهذا امر مهم جدا لا يجب تأجيله
Relation context: "
qa::ahd5k_04623,qa,ahd5k_04623,,ahd5k_04623,تناول طفلي حبه امادول tramadol كيف اسعفه ؟,"Category: إسعاف أولي (First aid)
Question: تناول طفلي حبه امادول tramadol كيف اسعفه ؟
Answer: محاولة اخراج ما بلعه او اعطاءه كوب من الماء المالح لمساعدته ع الاستفراغ والاسراع به للمستشفي لتبطين جدار المعدة
Relation context: "
qa::ahd5k_04630,qa,ahd5k_04630,,ahd5k_04630,هل احمرار لون الرجل سببه تصلب الشرايين,"Category: أمراض القلب و الشرايين (Cardiovascular disease)
Question: هل احمرار لون الرجل سببه تصلب الشرايين
Answer: لا الاحمرار طبيعي بسبب ارتفاع الحرارة او لون البشره ومن الممكن ان يكون مرضي بسبب مرض الالتهاب الخلوي او الحمره المصاحبه لمرض السكري واذا صاحب ذلك تورم باحد الرجلين دون الاخري يجب وضع احتمال جلطة الاورده العميقه اما تصلب الشرايين فاعراضه الالم مع المشي وفي الحالات الشديدة التحول للون الازرق فالاسود وضمر الجلد والاظافر والغرغرينه
Relation context: "
qa::ahd5k_04633,qa,ahd5k_04633,,ahd5k_04633,جرح مصاب بفيروس الكبد بي ضغط على الجرح بقطنه تخلص منها مباشرة ثم صافحه شخص بيديه دون غسيلها هل تنتقل العدوى اذا كان هنال,"Category: أمراض باطنية (Esoteric)
Question: جرح مصاب بفيروس الكبد بي ضغط على الجرح بقطنه تخلص منها مباشرة ثم صافحه شخص بيديه دون غسيلها هل تنتقل العدوى اذا كان هنالك جرح بسيط بيد الشخص الاخر ؟
Answer: انتقال العدوى لفيروس الكبد الوبائي بي بهذه الطريقة ممكن
Relation context: "
qa::ahd5k_04642,qa,ahd5k_04642,,ahd5k_04642,طفلي عنده46 يوم مولود بالصفرا 7 واردت ان اقوم بطهارته وكانت نسبة السيولة والتجلط bleeding time 1:43 ciotting time 4:05 ف,"Category: صحة الطفل (Child health)
Question: طفلي عنده46 يوم مولود بالصفرا 7 واردت ان اقوم بطهارته وكانت نسبة السيولة والتجلط bleeding time 1:43 ciotting time 4:05 فكتب له الدكتور قبل طهارته فيتامين بوليفيتال نقط كم نقطة...
Answer: من 5-10 نقط يوميا حسب هل هو وقائياو علاجي
Relation context: "
qa::ahd5k_04648,qa,ahd5k_04648,,ahd5k_04648,سلام عليكم باختصار انا مركبة فك كامل زراعة وتركيب الا اني ارى انتفاخ بسيط في خد ابسر علما اني لا اعاني من اي الم فما الس,"Category: أمراض الأسنان (Dental)
Question: سلام عليكم باختصار انا مركبة فك كامل زراعة وتركيب الا اني ارى انتفاخ بسيط في خد ابسر علما اني لا اعاني من اي الم فما السبب لو سمحت
Answer: يجب اجراء صورة اشعة بانورامية لتشخيص المشكلة
Relation context: "
qa::ahd5k_04651,qa,ahd5k_04651,,ahd5k_04651,س ع ابني عمرة ٢ سنةونصف ارتفعت حرارته وتقيا مراتان جسمه نحلان اعطية مضاد حيوي وخافض حرارة لكن تنزل حرارتة لفترة ثم تعود ,"Category: صحة الطفل (Child health)
Question: س ع ابني عمرة ٢ سنةونصف ارتفعت حرارته وتقيا مراتان جسمه نحلان اعطية مضاد حيوي وخافض حرارة لكن تنزل حرارتة لفترة ثم تعود لترتفع عندة مغص في بطنة في بعض...
Answer: سلامته.من الذي صرف له المضاد الحيوي وماذا كان تشخيصه؟
Relation context: حمى TREATED_BY مضاد حيوي. Evidence: اعطية مضاد حيوي | حمى TREATED_BY خافض حرارة. Evidence: اعطية خافض حرارة"
qa::ahd5k_04654,qa,ahd5k_04654,,ahd5k_04654,السلام عليكم من فتره صار جسمي ايحكني لحتاه وشي ايدي كل جسمي,"Category: أرجية حساسية (Allergic allergy)
Question: السلام عليكم من فتره صار جسمي ايحكني لحتاه وشي ايدي كل جسمي
Answer: لابد من معرفة سبب الحكه او الارتكاريا عن طريق عمل فحوصات الحساسيه للجو والاكل بالاضافه بعض التحاليل مثل جرثومة المعده والغده الدرقيه ووظائف الكبد والكلى
Relation context: "
qa::ahd5k_04679,qa,ahd5k_04679,,ahd5k_04679,السلام عليكم ورحمة الله وبركاتة لو سمحتو أنا حابه تساعدوني في طرح مواضيع في علم التشريح لتقديم رسالة الماجستير .. وشكرا,"Category: علم التشريح (Anatomy)
Question: السلام عليكم ورحمة الله وبركاتة لو سمحتو أنا حابه تساعدوني في طرح مواضيع في علم التشريح لتقديم رسالة الماجستير .. وشكرا
Answer: لقد حظي التشريح في عمل القاموس بنصيب الأسد، وعليك البحث عن أي مصطلح تشريحي ، ويمكن الإجابة على أي سؤال!
Relation context: "
qa::ahd5k_04697,qa,ahd5k_04697,,ahd5k_04697,السلام عليكم ..انا متزوجة وعمري 29 سنة ولدي ثلاثة اطفال اعاني من الدوالي في ساق قدمي بدت الدوالي عندي وانا حامل بالطفل ا,"Category: الطب البديل (Alternative medicine)
Question: السلام عليكم ..انا متزوجة وعمري 29 سنة ولدي ثلاثة اطفال اعاني من الدوالي في ساق قدمي بدت الدوالي عندي وانا حامل بالطفل الثاني وازدادت مع حملي في الطفل الثالث ....
Answer: دوالي الساقين : هي تضخم الأوردة السطحية وقد تحدث في أي مكان من الجسم ولكنها أكثر انتشارا في الساقين . الأسباب متعددة : الوراثة ، تقدم العمر ،الحمل ، السمنة الزائدة ، الوقوف أو الجلوس على الكرسي لفترة طويلة ، ضعف صماكات الأوردة. ++ نصائح يمكن اتياعها تعمل على تقليلها أو اختفائها ، وهي : --ممارسة الرياضة لتنشيط الدورة الدموية .--انقاص الوزن .-- تجنب انتعال الحذاء ذي الكعب العالي أو الذي بدون كعب .---التمدد ورفع الساقين لمستوى أعلى من الجسم ---تجنب الوقوف أو الجلوس لمدة طويلة .-- تجنب الاستحمام بماء ساخن العلاج : 1-- تنفيذ النصائح السابقة وتناول علاج بسيط مثل فينوروتون 2--اغلاق الوريد بحقن مادة خاصة (اسكليروثيرابي)فيرغم الدم على المرور في وريد آخر. 3--استئصال الأوردة الصغيرة المتفرعة من الوريد المصلب. 4-- استئصال الوريد المصاب نفسه 5-- جراحة النظار . 6--وافضل طريقة هي العلاج بالليزر حيث أثبتت الأبحاث العالمية نجاحا يفوق الجراحات الأخرى .وه تقوم على تدمير الوريد الرئيسي وهو الوريد الصافن وتعمل على اغلاقه فيمنع عودة الدم وعودته .وفي مثل حالتك وتدعى الشعيرات العنكبوتية فالعلاج بالليزرأثبت نتائجا ممتازة ونسبة مرتفعة من النجاح ، وهي سهلة وآمنة لجميع أنواع البشرة . ومسحها بالخل لا يفيدها واستعماله لفترة طويلة يضر بالجلد.
Relation context: دوالي الساقين TREATED_BY فينوروتون. Evidence: العلاج : 1-- تنفيذ النصائح السابقة وتناول علاج بسيط مثل فينوروتون | دوالي الساقين TREATED_BY العلاج بالليزر. Evidence: 6--وافضل طريقة هي العلاج بالليزر حيث أثبتت الأبحاث العالمية نجاحا يفوق الجراحات الأخرى ."
qa::ahd5k_04701,qa,ahd5k_04701,,ahd5k_04701,انا اعاني من دوخة خاصة اثناء المشي وفي بعض الاحيان ضيق تنفس كما انني اعاني من مشكل اثناء بداية النوم لانها تنتابني الدوخ,"Category: أمراض القلب و الشرايين (Cardiovascular disease)
Question: انا اعاني من دوخة خاصة اثناء المشي وفي بعض الاحيان ضيق تنفس كما انني اعاني من مشكل اثناء بداية النوم لانها تنتابني الدوخة وتسارع في ضربات القلب ارجوكم افيدوني وشكرا
Answer: كثير من الفتيات يعانن من هذه الأعراض وذلك نتيجة انخفاض الضغط وبالتالي ارتفاع نبضات القلب والشعور بالدوخة والإجهاد وينصح بتناول وجبة الإفطار والإكثار من السوائل والأملاح .. ألف سلامة
Relation context: ارتفاع ضغط الدم HAS_SYMPTOM خفقان القلب. Evidence: تسارع في ضربات القلب | ارتفاع ضغط الدم HAS_SYMPTOM دوخة. Evidence: دوخة | ارتفاع ضغط الدم HAS_SYMPTOM ضيق تنفس. Evidence: ضيق تنفس"
qa::ahd5k_04706,qa,ahd5k_04706,,ahd5k_04706,اشعر بالم عند الاستيقاظ فى الكليتين من النوم و عندما اتنفس يزيد الالم .. و بعد الاستيقاظ و التبول و شرب الماء يختفى الال,"Category: أمراض القلب و الشرايين (Cardiovascular disease)
Question: اشعر بالم عند الاستيقاظ فى الكليتين من النوم و عندما اتنفس يزيد الالم .. و بعد الاستيقاظ و التبول و شرب الماء يختفى الالم .. كل يوم اشعر بذلك ارجو...
Answer: الف سلامة انصحك بعمل تحليل بول و نسبة يوريك اسيد و سونار على البطن و الحوض مبدئيا و من ثم مراجعة طبيب مسالك و الاكثار من شرب الماء
Relation context: التهاب DIAGNOSED_BY تحليل بول. Evidence: عمل تحليل بول | التهاب TREATED_BY الاكثار من شرب الماء. Evidence: الاكثار من شرب الماء"
qa::ahd5k_04728,qa,ahd5k_04728,,ahd5k_04728,بين فترة وأخرى قد تصل لثلاثه اسابيع فقط وبشكل مفاجئ اشعر بأعراض مماثله تماما لأعراض النزله المعويه مع وجود ألم في الجهه ,"Category: أمراض باطنية (Esoteric)
Question: بين فترة وأخرى قد تصل لثلاثه اسابيع فقط وبشكل مفاجئ اشعر بأعراض مماثله تماما لأعراض النزله المعويه مع وجود ألم في الجهه اليمنى من الظهر والبطن يتسلل للرجل اليمنى كلما...
Answer: الام البطني يحمل قائمة من الاسباب، ولكن في حال وجود الم قولنجي(مغص) يترردد بشكل متقطع مع الم نازل للطرفين السفليين واحيانا للمنطقة التناسلية يمكن التوجه نحو اصابات الجهاز البولي خاصة التهابات المسالك البولية ولابد من اجراء بعض الفحوصات والتحاليل بمراجعة الطبيب للوقوف على السبب
Relation context: التهاب HAS_SYMPTOM المغص. Evidence: التهاب يسبب المغص"
qa::ahd5k_04733,qa,ahd5k_04733,,ahd5k_04733,السلام عليكم عندي حكة في جميع مناطق الجسم منذو 6 اشهر رغم اني اسعملت جميع لادويه دون فائده,"Category: أرجية حساسية (Allergic allergy)
Question: السلام عليكم عندي حكة في جميع مناطق الجسم منذو 6 اشهر رغم اني اسعملت جميع لادويه دون فائده
Answer: ارتكاريا او شريه ولها عدة اسباب منها حساسيه بسبب عثة الفراش او الزرع او اطعمه ومنها ماله اسباب اخرى تتعلق بامراض الكبد والكلى لابد من مراجعة طبيب
Relation context: "
qa::ahd5k_04735,qa,ahd5k_04735,,ahd5k_04735,هل فايروس السايتو ميقالو يسبب تشوهات للجنين لأني حاملة للمرض وثلاث مرات أحمل ويتوفى الجنين عند الشهر الثالث والخامس و في,"Category: علم الأجنة (Embryology)
Question: هل فايروس السايتو ميقالو يسبب تشوهات للجنين لأني حاملة للمرض وثلاث مرات أحمل ويتوفى الجنين عند الشهر الثالث والخامس و في السادس وكان به تشوهات تضخم الكلى وسائل في االبطن...
Answer: اذا كنت مجرد حاملة للمرض فلا يوجد تأثير ولكن هذا الفيروس قد ينشط في اي وقت لذا لا بد من عمل تحليل CMV IgM بصفة دورية خاصة اثناء الحمل وبمجرد تحول التحليل الى ايجابي يجب استعمال العلاج في الحال لأن الفيروس النشط يسبب بالفعل تشوهات للجنين
Relation context: "
qa::ahd5k_04739,qa,ahd5k_04739,,ahd5k_04739,ما هي الوظيفة الاساسية لجذع الدماغ ومما يتكون وما هي العلاقة بينه وبين الاخدعين وهل هناك حالات موت دماغي شفيت ام ان الام,"Category: علم التشريح (Anatomy)
Question: ما هي الوظيفة الاساسية لجذع الدماغ ومما يتكون وما هي العلاقة بينه وبين الاخدعين وهل هناك حالات موت دماغي شفيت ام ان الامر مستحيل
Answer: وهو ذو شكل مخروطي ويصل بين الجسر من فوق والنخاع الشوكي تحته.ويوجد على سطحه الأمامي أخدود ناصف وعلى كل جانب إنتفاخ يدعى الهرم . وتتكون الهرمين من حزم من الألياف العصبية التي تأتي من خلايا عصبية عريضة في التلفيف قبل المركزي.ووراء الهرم يكون هناك إرتفاع يسمى الزيتونة تتكون من الأنوية الزيتونية تحتها وخلف الزيتونة تكون السويقة المخيخية التي تصل إلى المخيخ. تصدر منه الأعصاب القحفية 9،10،11،12. وفيه مراكز عصبية أخرى تتحكم في وظائف أعضاء الجسم : تنظيم التنفس، تنظيم القلب، السعال والعطاس، توسيع وتضييق الأوعية الدموية، البلع والتقيؤ والمعدة ومراكز ردود الفعل. أما الأخدعين فهما فروع من الشريان الرقبي ولا علاقة لهما بجذع الدماغ. من جهة أخرى الموت الدماغي يعني عدم وجود موجات كهربائية في تخطيط الدماغ الكهربائي. وقد تحصل المعجزات، ولكنها ليست قانوناً.
Relation context: "
qa::ahd5k_04742,qa,ahd5k_04742,,ahd5k_04742,كنت احس من قبل بدقات قلب مفاجاة و انتهت وحدها و اليوم احسست ان قلبي المني و كان 20 ابرة دخلوا قلبي,"Category: أمراض القلب و الشرايين (Cardiovascular disease)
Question: كنت احس من قبل بدقات قلب مفاجاة و انتهت وحدها و اليوم احسست ان قلبي المني و كان 20 ابرة دخلوا قلبي
Answer: يجب عليك زياره طبيب القلب وتركيب جهاز هولتر علي مدار ٢٤ ساعه للتأكد من انتظام ضربات القلب لديك ..اما بالنسبه لالم القلب فلا استطيع تفريده هنا لعدم دقه وصفك له هل هو في منتصف الصدر ؟ ام للجهه اليسري او اليمني ؟؟ هل له علاقه بالمجهود او الاكل ..ما مده استمراره وماذا يذهبه ؟؟ اسئله كثيره ..يجب عليك زياره اقرب طبيب لديك
Relation context: "
qa::ahd5k_04751,qa,ahd5k_04751,,ahd5k_04751,شعرت بيوم عند الاستيقاظ من النوم بدوخة وايدى ورجلى مثلجة وعند ذهابى الى المشفى تم قياس الضغط وجد انه 160/120 مرتفع فتم ا,"Category: أمراض باطنية (Esoteric)
Question: شعرت بيوم عند الاستيقاظ من النوم بدوخة وايدى ورجلى مثلجة وعند ذهابى الى المشفى تم قياس الضغط وجد انه 160/120 مرتفع فتم اخذ نصف قرص تحت اللسان لتقليل الضغط ومعا...
Answer: يجب عمل دراسة من خلال المتابعة مع طبيب لمعرفة ما اذا كنت تعاني من الضغط العالي ام ان ما حصل هو عرضي وبالتأكيد يجدب عمل فحوصات من خلال الطبيب لها علاقة بالضغط العالي اذا تأكد انك تعاني من الضغط العالي فالرياضة ضرورية والمحافظة على الوزن المثالي والاكل المتوازن البعيد عن ملح الطعام لكن كل هذا رهن بالمتابعة ودراسة وضعك وضغطك
Relation context: "
qa::ahd5k_04754,qa,ahd5k_04754,,ahd5k_04754,هل سقوط الشعر بكثره مع الم شديد وشعور بلاختناق في البلعوم واللوزتين اثناء الزعل يدل على خلل في الغده الدرقيه0 مع العلم ا,"Category: تشخيص (Diagnosis)
Question: هل سقوط الشعر بكثره مع الم شديد وشعور بلاختناق في البلعوم واللوزتين اثناء الزعل يدل على خلل في الغده الدرقيه0 مع العلم اني اعاني من السمنه المفرطه وكثرة العصبيه ارجوافادتي...
Answer: الألم والشعور بالإختناق حالة نفسية ""نرفزة"" وعلاجها تناول مهدئات مثل فلونكسول. أما أعراض الغدة الدرقية فهي ارتعاش اليدين والأصابع والشعور بالسخونة وتسارع دقات القلب والإسهال ونقصان الوزن وجحوظ العينين والتعرق الغزير
Relation context: "
qa::ahd5k_04761,qa,ahd5k_04761,,ahd5k_04761,ما هي فوائد زيت الزيتون للصحة والجسم,"Category: الطب البديل (Alternative medicine)
Question: ما هي فوائد زيت الزيتون للصحة والجسم
Answer: هناك العديد من الفوائد الصحية لزيت الزيتون، ويعد زيت الزيتون أحد أفضل مصادر الدهون الصحية للجسم، لغناه بالدهون الأحادية غير المشبعة، ومن أهم فوائد زيت الزيتون للجسم ما يأتي: غناه بمضادات الأكسدة، ومجموعة من الفيتامينات مثل فيتامين ك وفيتامين ه. خواصه المضادة للالتهاب، مما يحد من خطر الإصابة بمجموعة من الأمراض مثل بعض أمراض القلب، ومرض السكري، والتهاب المفاصل. الحد من خطر الإصابة بالسكتات الدماغية. الوقاية من بعض أنواع مرض السرطان. تنظيم مستويات ضغط الدم. تنظيم مستويات الكوليسترول. تحسين وظائف الأوعية الدموية. الحد من خطر اكتساب الوزن الزائد. المساهمة في تخفيف آلام المفاصل والتورم الناتج عن التهاب المفاصل الروماتويدي. تأثير مضاد للبكتيريا والميكروبات. يجدر الذكر أن هذه الفوائد خاصة بأنواع زيت الزيتون البكر الذي يحتفظ بمعظم فوائده الصحية، أما زيت الزيتون المكرر، أو المخلوط بأنواع أخرى من الزيوت فلا ينصح باستهلاكه. للمزيد: حقائق غذائية عن زيت الزيتون فوائد زيت الزيتون للعظام والمفاصل
Relation context: "
qa::ahd5k_04764,qa,ahd5k_04764,,ahd5k_04764,السلام عليكم انة قبل فترة سالت عن ابني عن عدم قدرتة علي الكلام ورحت راجعت دكتور و قالولي انة ابني مصاب بلتوحد السلوكي ار,"Category: صحة الطفل (Child health)
Question: السلام عليكم انة قبل فترة سالت عن ابني عن عدم قدرتة علي الكلام ورحت راجعت دكتور و قالولي انة ابني مصاب بلتوحد السلوكي اريد اعرف عن هذا الشي وقالو لي...
Answer: التوحد يعني ضعف اوعدم القدره على التواصل مع الاخرين- والمصاب لا يقدر على التواصل البصري مع الاخرين-ينعزل ويكرر نفس العمل كتلبيس لعبته اوتنظيفها-قد يصاحبه تشنجات احيانا وضعف الكلام ويعالج فيالمراكز المتخصصه وحسب الاعراض -اتبعي تعليمات الطبيب والنتيجه جيده جدا وكثير من الناس البارزين كانو متوحدين و حياتهم طبيعيهمع التاهيل
Relation context: "
qa::ahd5k_04775,qa,ahd5k_04775,,ahd5k_04775,سلام يا دكتوار انا اجاني وجع في القلب ذهبت افعل تلفزيون قلب و هذة النتيجة Left atrium 31 19-40 Aoctic root 26 20-30 Righ,"Category: أمراض القلب و الشرايين (Cardiovascular disease)
Question: سلام يا دكتوار انا اجاني وجع في القلب ذهبت افعل تلفزيون قلب و هذة النتيجة Left atrium 31 19-40 Aoctic root 26 20-30 Right ventricle 33 07-26 LV.Septal wall 10...
Answer: يرجى ارسال تقرير الإيكو كاملا
Relation context: "
qa::ahd5k_04779,qa,ahd5k_04779,,ahd5k_04779,هل هناك اعشاب معينه ممكن ان آخذها للمحافظة على الغدة الدرقية وان تكون نشيطة وليست خاملة,"Category: الطب البديل (Alternative medicine)
Question: هل هناك اعشاب معينه ممكن ان آخذها للمحافظة على الغدة الدرقية وان تكون نشيطة وليست خاملة
Answer: هذه خلطة مفيدة ان شاء الله لمن معهم كسل بالغدة الدرقية واتمنى لهم الشفاء كيلو عسل يطحن مقدار 25 غرام من الفوقص الحوصلي 20 غ غذاء ملكي 35غ محلول العكبر 50غ قسط هندي يخلط الجميع مع العسل ويؤكل منه ملعقة متوسطة قبل كل وجبة شرب المركوش والخزامى والكربرة واكليل الجبل والهدال كميات متساوية وخلطها وصنعها مثل الشاي وشرب كاسين شاي على الريق واخرى مساء دهن المكان بزيت الكتان عند النوم يوميا والله الشافي
Relation context: كسل بالغدة الدرقية TREATED_BY خلطة العسل والفوقص الحوصلي والغذاء الملكي والعكبر والقسط الهندي. Evidence: هذه خلطة مفيدة ان شاء الله لمن معهم كسل بالغدة الدرقية"
qa::ahd5k_04793,qa,ahd5k_04793,,ahd5k_04793,طفلي عمرها ٣ اشهر عندما يأكل الحليب يبكى ويصرخ كثيرا اعطيها حليب اصطناعي سيملك وغيرت الحليب الى نوع اخر منذ ايام قليله و,"Category: صحة الطفل (Child health)
Question: طفلي عمرها ٣ اشهر عندما يأكل الحليب يبكى ويصرخ كثيرا اعطيها حليب اصطناعي سيملك وغيرت الحليب الى نوع اخر منذ ايام قليله وولم يتغير شيئ وبقى ع البكاء والصراخ اريد...
Answer: جرني حليب خاص لحساسية البروتين البقري
Relation context: "
qa::ahd5k_04815,qa,ahd5k_04815,,ahd5k_04815,لماذا يولد الجنين ميتا في الشهر الثامن بينما يولد حيا في الشهر السابع,"Category: علم الأجنة (Embryology)
Question: لماذا يولد الجنين ميتا في الشهر الثامن بينما يولد حيا في الشهر السابع
Answer: هذا الكلام ليس له اي أساس من الصحة وكذلك المقولة بأن ابن 7 شهور يعيش وابن 8 شهور لا والعكس هو الصحيح فان كل يوم يبقاه الجنين داخل رحم الأم يعتبر مكسب له ( بالطبع الى وقت معين ) وابن 8 شهور امامه فرصة افضل بكثير من ابن 7 شهور لكي يحيى
Relation context: "
qa::ahd5k_04817,qa,ahd5k_04817,,ahd5k_04817,أنا طفل في 13 عشر من عمري أزن 37 كيلو غرام وطولي متر و 46 سنتمتر هل هدا طبيعي,"Category: تشخيص (Diagnosis)
Question: أنا طفل في 13 عشر من عمري أزن 37 كيلو غرام وطولي متر و 46 سنتمتر هل هدا طبيعي
Answer: هذا أقل من الطبيعي ولكن في هذا العمر قد تحدث ثورة اذ يزداد الطول و الوزن بشكل مفاجئ ماعليك سوى ممارسة الرياضة و تناول الاطعمة كاللحوم و الخضار و الفواكة والنوم جيداً
Relation context: "
qa::ahd5k_04819,qa,ahd5k_04819,,ahd5k_04819,هل يمكن مواجهة حساسية الارتيكاريا بادوية المناعة بعيدا عن مضادات الهيستامين و الكورتيزون؟ و ما فعالية هذه الادوية؟ و اضر,"Category: أرجية حساسية (Allergic allergy)
Question: هل يمكن مواجهة حساسية الارتيكاريا بادوية المناعة بعيدا عن مضادات الهيستامين و الكورتيزون؟ و ما فعالية هذه الادوية؟ و اضرارها ؟؟
Answer: نعم ممكن مضاد ًige يخفف من الارتكاريا
Relation context: "
qa::ahd5k_04832,qa,ahd5k_04832,,ahd5k_04832,أريد أن أعرف ما هي أعراض تكيس المبيض ( غير ألم البطن )؟ و أيضاً لدي ألم خفيف على جنبي البطن في الأسفل ، لست متزوجة ، الأ,"Category: أمراض باطنية (Esoteric)
Question: أريد أن أعرف ما هي أعراض تكيس المبيض ( غير ألم البطن )؟ و أيضاً لدي ألم خفيف على جنبي البطن في الأسفل ، لست متزوجة ، الألم ليس مستمر...
Answer: تكيس المبايض، هوعباره عن وجود اكثر من 10-12 بويضة بحجم 8-10 ملم منتشرة في محيط المبيض وهذا قد يؤدي الى اضطراب بعمليه الإباضة الطبيعية بسبب خلل هرموني في الجسم وهو يكون أحيانا متلازما مع عدة أعراض تظهر معا على المريضة و حينها يسمى بمتلازمة تكيس المبايض مثل اضطرابات الدورة الشهرية و ازدياد وزن الجسم و ظهور الشعر الخشن في مناطق مختلفة من جسم المرأة , و أحيانا لا يكون للمرض أي أعراض و يمكن اكتشاف وجوده مصادفة أثناء الفحص الروتيني للمريضة. لا يوجد علاج جذري لحاله تكيس المبايض ،ولكن معالجه الاعراض كل على حده يقلل من ظهور الاعرض. فمثلاً حبوب منع الحمل هي من الأدوية المستعملة لعلاج هذه الحالات حيث أنها تنظم نزول الدورة الشهرية , وكذلك الأدوية المضادة للهرمونات الذكرية . وكذلك أدوية لعلاج البشرة وحب
Relation context: "
qa::ahd5k_04844,qa,ahd5k_04844,,ahd5k_04844,اعاني من غدة ليمفاوية ذات قوام مطاطي و ثابتة تحت الفك من 4 شهور قمت بعمل فحص دم و اشعه و لم يكتشف شيء لدي اسنان متسوسه ه,"Category: أمراض الدم (Blood)
Question: اعاني من غدة ليمفاوية ذات قوام مطاطي و ثابتة تحت الفك من 4 شهور قمت بعمل فحص دم و اشعه و لم يكتشف شيء لدي اسنان متسوسه هل من الممكن...
Answer: أحياناً تسوس الأسنان أو أي خراجات باللثة أو انتان خفي أو ظاهر بمنطقة العنق يمكنها أن تسبب تضخم بالغدد اللمفية الموضعية وهنا لابد من مراجعة طبيب أسنان وطبيب أذنية للبحث عن وجود انتان ومعالجته
Relation context: تسوس الأسنان DIAGNOSED_BY أشعة. Evidence: أشعة | تسوس الأسنان TREATED_BY المراجعة الطبيب الأسنان. Evidence: المراجعة الطبيب الأسنان | الانتان DIAGNOSED_BY فحص الدم. Evidence: فحص دم"
qa::ahd5k_04856,qa,ahd5k_04856,,ahd5k_04856,ماذا يعني تقيؤ الطفل يبلغ من العمر شهرين ! يتقيئ مادة صفراء اللون,"Category: صحة الطفل (Child health)
Question: ماذا يعني تقيؤ الطفل يبلغ من العمر شهرين ! يتقيئ مادة صفراء اللون
Answer: جميع الاطفال في هذا السن يحصل لهم ذلك فلا داعي للقلق
Relation context: "
qa::ahd5k_04864,qa,ahd5k_04864,,ahd5k_04864,ماهو سبب بياض اللسان اكثر من 7 شهور,"Category: الطب البديل (Alternative medicine)
Question: ماهو سبب بياض اللسان اكثر من 7 شهور
Answer: البقع البيضاء على اللسان وتشقق اللسان ينتج بسبب نقص فيتامين ب12 واصابته بالفطريات من نوع كانديدا وتوجد في فم الإنسان بصفة عادية غير ممرضة ، ولكنها تتحول إلى ممرضة عند الأشخاص الذين يتناولون المضادات الحيوية من عائلة البنسلين بشكل عشوائي أو الكورتيزونات أو مرضى السكري أو الأنيميا وتكون البقع شبيهة ببقع اللبن الرايب، والعلاج باستخدام مرهم مايكونازول ، ومضمضة بمطهر حسب ما يصف الطبيب ويمكن استخدام انتراكونازول عن طريق الفم بعد استشارة الطبيب، كما يجب زيادة المناعة بالتغذية السليمة والمتوازنة ويجب تجنب اكل الحلويات بدون غسل الفم ويجب تنظيف الفم بالمسواك أو بالفرشاة.
Relation context: "
qa::ahd5k_04866,qa,ahd5k_04866,,ahd5k_04866,لماذا يموت الانسان عندما يلتمس بالكهرباء وما علاقته بالبروتين الموجود في الجسم ولماذا احيانا هنالك اشخاص لايتأثرون بالتي,"Category: كيمياء حيوية (Biochemistry)
Question: لماذا يموت الانسان عندما يلتمس بالكهرباء وما علاقته بالبروتين الموجود في الجسم ولماذا احيانا هنالك اشخاص لايتأثرون بالتيار الكهربائي؟
Answer: الصدمة الكهربائية وتتجلى بالضرر الذى يصيب انسجة الجسم نتيجة تأثير التيار او القوس الكهربائى وغالبا ما يكون الضرر سطحيأ اى يتضرر الجلد واحيانأ الانسجة الرخوة مع الاربطة والعظام حيث تتعلق خطورة الصدمة وصعوبة معالجتها بنوع ومميزات ودرجة الانسجة ورد فعل الاعضاء واذا ما كانت الحروق شديدة يموت الانسان ليس بسبب التكهرب ولكن نتيجة الصدمة الكهربائية ومن مظاهرها. الحروق الكهربائية وهى اكثر انواع الصدمات الكهربائية انتشارا وتقسم الحروق حسب شروط حدوثها كالتالى : 1. الحروق التيارى او التلامسى عند مرور تيار مباشر عبر جسم الانسان عند ملامستة للاجزاء الموصلة للتيار الكهربائى ذات توتر اقل من 1 كيلو فولت ويتمثل باحتراق الجلد السطح الخارجى من الجسم . 2. الحرق القوسى نتيجة مرور التيار وثأثير القوس الكهربائى ولكن دون مرور التيارمن خلال جسمه وذلك فى المنشأت ذات التوتر المنخفض 220- 380 فولت . 3. الحروق المختلطة نتيجة مرور التيار وتأثير القوس الكهربائى بين الاجزاء الحاملة للتيار الكهربائى اذ يؤدى التيار المار بجسم الانسان ( بضع امبيرات ) الى وفاة المصاب . 4. الندبات الكهربائية وهى بقع جلدية صغيرة لونها اما اصفر او فضى ولها شكل دائرى او قطاعى وذات لون غامق فى مركزها او بنفس لون المكان الذى لمسة المصاب وهذه الندبات ليست ضارة وتشفى مع مرور الوقت تمعدن الجلد وذلك نتيجة احتراق الجلد من قبل ذرات المعدن المنصهر والمتطاير عند القوس الكهربائى ويظهر احمرار فى الجلد نتيجة الحرارة التى ينقلها المعدن المنصهر الى الجلد محدث الم شديد ويشفى الجلد بمجرد سقوطة اما عند اصابة العين تفقد البصر . الاضرار الفيزيائية وذلك نتيجة التقلص الحاد وغير الارادى للعضلات تحت تأثير التيار المار بجسم الانسان وظهور تشققات فى الجلد وانفجار الشرايين وتمزق الاعصاب وكسور العظام . يحدث الموت للمصاب بتوقف التنفس والدورة الدموية اذ ان الانسان يبدأ بالشعور بصعوبة التنفس عندما يبلغ التيار المار بجسمه شدة 20- 25 ميلى امبير عند تردد 50 هرتز وتزداد الصعوبة مع زيادة شدة التيار يمكن ان يظهر الاختناق نتيجة نقص الاكسجين وزيادة كما ان التأثير القوى والقاتل عند مرور التيار فى منطقة القلب مما يؤدى الى توقفة عن العمل كمضخة للدم . اغاثة المصاب بالتيار الكهربائى يجب ان يتم باسرع ما يمكن تخليص المصاب من التماس الذى سبب الحادث وذلك بابعاده عن منطقة الاصابة بعد فصل التيار واسعافة حتى ولو ظهرت عليه علامات الموت اذ غالبا ما يكو ن ظاهريأ . تخليص المصاب مع مراعاة الا يتعرض المنقذ للخطر : قطع التيار الكهربائى فورأ واذا تعذر ذلك توضع النواقل فى دارة قصر للحصول على نفس النتيجة واذا لم يتمكن يقوم المنقذ بعزل نفسه من جهة التيار ومن جهة الارض فى ان واحد ويستعمل الادوات التى لها مقابض عازلة ويقف على سطح عازل او بساط مطاطى او اخشاب جافة ويبعد المصاب عن تماس الكهرباء ويستدعى الطبيب او المسعف للتعامل مع المصاب .
Relation context: الصدمة الكهربائية TREATED_BY الطبيب. Evidence: يستدعي الطبيب او المسعف للتعامل مع المصاب | الحروق TREATED_BY الطبيب. Evidence: يستدعي الطبيب او المسعف للتعامل مع المصاب"
qa::ahd5k_04875,qa,ahd5k_04875,,ahd5k_04875,انا متزوجة منذ 5سنوات ولم يحدث حمل وقد قمت بعميل جميع التحاليل والمناظيرالازمة وكانت جميعها سليمة وزوجي ايضا سليم وقد قم,"Category: حمل الأنابيب (Carry tubes)
Question: انا متزوجة منذ 5سنوات ولم يحدث حمل وقد قمت بعميل جميع التحاليل والمناظيرالازمة وكانت جميعها سليمة وزوجي ايضا سليم وقد قمت باجراء اطفال الانابيب لكن لم تنجح وبعد 6اشهر من...
Answer: ارتفاع هرمون AMH يعكس مخزون المبيض وارتفاع مخزون المبيض يعني ان المبيضين سليمين وهذا ليس له علاقة بفشل برنامج طفل الانبوب وتعتبر حالتكم من الحالات الواعدة بالنجاح لذلك ننصحكم بتكرار المحاولات نتمنى لك كل التوفيق د.سليمان ضبيط مدير وحدة الاخصاب والوراثة مركز الخالدي الطبي لمزيد من الاستفسار ارجو الاتصال على الارقام التالية telfax:00962 6 4647217 tel:00962 6 4644281 ext:644 mobile: 00962 79 5544688
Relation context: "
qa::ahd5k_04892,qa,ahd5k_04892,,ahd5k_04892,حملى اول كان بطفل اكتشفت فى نهاية الشهر السادس انه مصاب بRhizomelic and Micromelia أكملت شهور الحمل وتمت الولاده قيصريه ,"Category: علم الأجنة (Embryology)
Question: حملى اول كان بطفل اكتشفت فى نهاية الشهر السادس انه مصاب بRhizomelic and Micromelia أكملت شهور الحمل وتمت الولاده قيصريه وتوفى الولد فى الحضان بعد يوم ، على الرغم من...
Answer: These findings could be found in several syndromes. As we have not the full clinical details we can not firmly tell you if there is a risk to have another child or not. Among these syndromes: Pallister Killian syndrome, if it is this syndrome so in general there is no problem for the coming child. Another possibility, Achondroplasia also for this syndrome there is no problem for the coming child as both of you and your husband are in good health, very generally speaking there is no significant risk of recurrence of these findings but we cannot firmly exclude that as we do not have the detailed clinical history
Relation context: "
qa::ahd5k_04895,qa,ahd5k_04895,,ahd5k_04895,"Heparin LEO 5، 000 I, u /u, I ml طريقة استخدام وكم مره في اليوم وهي عبوه كبيره وسحب منها بالسنت عن طريق ابره تشبه ابرة ا","Category: أمراض القلب و الشرايين (Cardiovascular disease)
Question: Heparin LEO 5، 000 I, u /u, I ml طريقة استخدام وكم مره في اليوم وهي عبوه كبيره وسحب منها بالسنت عن طريق ابره تشبه ابرة السكري.. أرجو الرد في...
Answer: هذا دواء مسيّل للدم يفضلّ استعماله داخل المستشفى لأنه يجب مراقبة نسبة سيلان الدم بالتحاليل. ولا يجب استعماله خارج المستشفى الا عبر وصفة طبية مع تحديد الكمية. و يمكن الاستعاضة عنه بأبر جاهزة للحقن حسب الوزن والحالة الصحية أو عبر أدوية بالفم.
Relation context: "
qa::ahd5k_04898,qa,ahd5k_04898,,ahd5k_04898,تركت التدخين منذ خمس سنوات و أشعر بضيق نفس في صدري من حين لآخر و احيانا حرقة في مقدمة الصدر و بدون الشعور بأي ألم و احيا,"Category: أمراض القلب و الشرايين (Cardiovascular disease)
Question: تركت التدخين منذ خمس سنوات و أشعر بضيق نفس في صدري من حين لآخر و احيانا حرقة في مقدمة الصدر و بدون الشعور بأي ألم و احيانا اشعر بضيق النفس...
Answer: لا نعرف عمرك ولا تاريخك الصحي، مع ذلك هناك أسباب كثيرة لهكذا أعراض، ولمعرفة السبب بدقة لا بد من معرفة خصائص هذه الأعراض والعلامات المرافقة التي يجدها الطبيب عند الفحص السريري
Relation context: "
qa::ahd5k_04900,qa,ahd5k_04900,,ahd5k_04900,عملت عملية نقل شريان من الرجل اليمنى الى الذراع الايسر عام 2007 هل لهذا الشريان مدة معنيه وينتهي عمله؟!,"Category: جراحة القلب والشرايين (Cardiovascular surgery)
Question: عملت عملية نقل شريان من الرجل اليمنى الى الذراع الايسر عام 2007 هل لهذا الشريان مدة معنيه وينتهي عمله؟!
Answer: لا ، يمكن أن يبقى طوال الحياة
Relation context: "
qa::ahd5k_04903,qa,ahd5k_04903,,ahd5k_04903,واعذروني للاطالة للضرورة القصوي ولاشرح الصورة كاملة ، منذ سنتين تقريبا وانا اعاني من الاعراض التاليةالم وحرقة وحرارة وحك,"Category: تشخيص (Diagnosis)
Question: واعذروني للاطالة للضرورة القصوي ولاشرح الصورة كاملة ، منذ سنتين تقريبا وانا اعاني من الاعراض التاليةالم وحرقة وحرارة وحكة اسفل الفخذين فقط عندما اكون جالسا وعند الوقوف والمشي والنوم لا...
Answer: مرة اخرى اقول لك بان ما تعاني منه عبارة عن التهاب غشائي عضلي انصحك الجلوس على طوق هواء لتخفيف اثارة الانسجة والاعصاب ويمكنك مراجعة مركز علاج طبيعي
Relation context: "
qa::ahd5k_04904,qa,ahd5k_04904,,ahd5k_04904,ماذا يفيد تصوير الرنين المغناطيسي على منطقة الصدر وهل يمكن الكشف عن امراض في القفص الصدري والاضلاع!؟,"Category: أمراض باطنية (Esoteric)
Question: ماذا يفيد تصوير الرنين المغناطيسي على منطقة الصدر وهل يمكن الكشف عن امراض في القفص الصدري والاضلاع!؟
Answer: صورة النين المغناطيسى على منطقة الصدر ممكن ان تكشق عن اشياء كثيره داخل القفص مثل الرءتين و القاب وغيره كما ممكن ان تكشق عن اى تغيرات فى القفص الصدرى ذاته مثل عضلات القفص الصدرى و الضلوع كذلك الاوعيه الدمويه
Relation context: "
qa::ahd5k_04907,qa,ahd5k_04907,,ahd5k_04907,طفلي يعاني من الغازات ولقد اعطيته 10قطرات سباستال وهذه اول مره اعطيه هذا الدواء,"Category: صحة الطفل (Child health)
Question: طفلي يعاني من الغازات ولقد اعطيته 10قطرات سباستال وهذه اول مره اعطيه هذا الدواء
Answer: يعطى السباستال بمقدار قطرتين لكل كيلو غرام من وزن الطفل ولا يفضل استخدامه للرضع، وفي حالات الغازات يفضل استخدام قطرات أو مسحوق البروبايوتيك الذي يعمل على تقوية المناعة وتخفيف الإنتفاخ والمغص لدى الرضع بالإضافة إلى محاولة التقليل من مسببات الإنتفاخ مثل البرد والأطعمة المسببة للغازات، كما يجب القيام برفع الطفل بعض الرضاعة ليتمكن من التجشؤ وإخراج الغازات من البطنالمراجع
Relation context: "
qa::ahd5k_04912,qa,ahd5k_04912,,ahd5k_04912,هل ضعف عضله القلب وضيق ثلاث شرايين في القلب لهم عمليه جراحيه مع العلم أن المريض يعاني من مرض السكر ام يبقى على العلاج ول,"Category: جراحة القلب والشرايين (Cardiovascular surgery)
Question: هل ضعف عضله القلب وضيق ثلاث شرايين في القلب لهم عمليه جراحيه مع العلم أن المريض يعاني من مرض السكر ام يبقى على العلاج ولو عمليه جراحيهوين تنصحونا نعملها وعاووزيين...
Answer: هذا يتطلب معرفة نسبة الضعف الموجود في العضلة القلبية ونسبة التضيق في الثلاثة شرايين المذكورة، كما أنه من الضروري معرفة الحالة الوظيفية لباقي أعضاء الجسم خاصة الكلى والجهاز التنفسي، والكبد وغيره، وفي جميع الأحوال في العادة تُعرض نتائج القثطرة على فريق طبي مُتخصص لتقييم كل هذه الأمور ومن ثم يتم اختيار الطريقة العلاجية التي تتناسب أكثر مع حالة المريض
Relation context: مرض السكري HAS_SYMPTOM ضغط الدم. Evidence: مع العلم أن المريض يعاني من مرض السكر"
qa::ahd5k_04916,qa,ahd5k_04916,,ahd5k_04916,حصل لديه وجع فوق الصرة ودخلت مستشفى وبعد الصور والتحاليل تبين بحص بالمرارة ثم تبين لدي التهاب بالبنكريس وخرجت ثم عملت صو,"Category: أمراض باطنية (Esoteric)
Question: حصل لديه وجع فوق الصرة ودخلت مستشفى وبعد الصور والتحاليل تبين بحص بالمرارة ثم تبين لدي التهاب بالبنكريس وخرجت ثم عملت صورة للموجات الصوتية للبطن هل يوجد دواء للتهاب بالبنكريس
Answer: من المفترض انك تلقيت علاج الالتهاب الحاد للبنكرياس أثناء وجودك بالمستشفى وهو (الامتناع عن اعطاء أي أطعمة أو سوائل عن طريق الفم وامداد الجسم بالمحاليل - مسكنات - مضادات حيوية في بعض الحالات) يتبقى علاج سبب الالتهاب عن طريق استئصال المرارة (جراحيا أو بواسطة المنظار) وعدم تناول الكحوليات
Relation context: التهاب TREATED_BY الامتناع عن اعطاء أي أطعمة أو سوائل عن طريق الفم. Evidence: الامتناع عن الأطعمة يعالج التهاب | التهاب TREATED_BY استئصال المرارة. Evidence: استئصال المرارة يعالج التهاب"
qa::ahd5k_04919,qa,ahd5k_04919,,ahd5k_04919,ماهو علاج ضربة الشمس؟,"Category: إسعاف أولي (First aid)
Question: ماهو علاج ضربة الشمس؟
Answer: العلاج الأولي: ينقل المصاب إلى منطقة مظللة بعيداً عن الشمس. يقوم المسعف بتبريد جسده وتخفيض درجة حرارته عن طريق نزع الملابس الثقيلة غير الضرورية. يرش الجسم بالماء الفاتر أو ذو حرارة باردة نسبياً 'أبرد من جسد المصاب'، وذلك حتى يتم تحفيز بثور الجلد في إفراز العرق. توضع مكعبات ثلجية حول منطقة الرقبة ومنطقة ما تحت الإبط، حيث تتواجد في هاتين المنطقتين أوعية دموية ظاهرة على سطح الجلد. إعطاء المصاب السوائل اللازمة ويفضل أن تكون باردة. وذلك ريثما يصل فريق الاسعاف لنقل المريض الى المستشفى
Relation context: حمى TREATED_BY الماء. Evidence: يرش الجسم بالماء الفاتر أو ذو حرارة باردة نسبياً 'أبرد من جسد المصاب'. | حمى TREATED_BY ثلج. Evidence: توضع مكعبات ثلجية حول منطقة الرقبة ومنطقة ما تحت الإبط. | حمى TREATED_BY السوائل. Evidence: إعطاء المصاب السوائل اللازمة ويفضل أن تكون باردة."
qa::ahd5k_04920,qa,ahd5k_04920,,ahd5k_04920,مرحبا هل يمكنكم إعطائي وصفة طبية لأني لا امتلك الوقت للذهاب إلى الطبيب علما اني اعاني من عطاس و احتقان في الأنف و حكة في,"Category: أرجية حساسية (Allergic allergy)
Question: مرحبا هل يمكنكم إعطائي وصفة طبية لأني لا امتلك الوقت للذهاب إلى الطبيب علما اني اعاني من عطاس و احتقان في الأنف و حكة في العين
Answer: ابدا مضاد هيستامين مره الى مرتين باليوم الى ان تذهب للطبيب
Relation context: "
qa::ahd5k_04921,qa,ahd5k_04921,,ahd5k_04921,ما هو سبب الوجع الشديد في الجنب اليمين مع ترجيع؟,"Category: أمراض باطنية (Esoteric)
Question: ما هو سبب الوجع الشديد في الجنب اليمين مع ترجيع؟
Answer: في الغالب التهاب في القاولون ..وهو ناتج عن التوتر العصبي .. وسوء النظام الغذائي خاصة المسبك والسمين والفلافل والفول والزيوت ... وبالتالي تجنب ماسبق .. وتابعنا باي جديد
Relation context: التهاب HAS_SYMPTOM الوجع الشديد في الجنب اليمين. Evidence: التهاب يسبب وجع الجنب"
qa::ahd5k_04924,qa,ahd5k_04924,,ahd5k_04924,اقصد الطبيب المختص مقدمة الراس والدماغ هل اسمه العلمي هو طبيب الجهاز العصبي ؟ وسؤالي التاني هل تشنجات التي تحدث في الراس,"Category: تشخيص (Diagnosis)
Question: اقصد الطبيب المختص مقدمة الراس والدماغ هل اسمه العلمي هو طبيب الجهاز العصبي ؟ وسؤالي التاني هل تشنجات التي تحدث في الراس اي الجهة اليمنى والجهة الخلفية من الراس تدل...
Answer: نعم طبيب اعصاب ما المقصود بتشنجات؟
Relation context: "
qa::ahd5k_04926,qa,ahd5k_04926,,ahd5k_04926,أشعر بدوخه مع غثيان وعدم تركيز وخمول,"Category: أمراض باطنية (Esoteric)
Question: أشعر بدوخه مع غثيان وعدم تركيز وخمول
Answer: عليك بالقيام بعدة فحوصات أهمها CBC التحليل الكامل للدم .
Relation context: "
qa::ahd5k_04927,qa,ahd5k_04927,,ahd5k_04927,ما هي اضرار زيادة الدم على القلب وكيف اعرف ان القلب متضرر من هذه الزيادة؟,"Category: أمراض القلب و الشرايين (Cardiovascular disease)
Question: ما هي اضرار زيادة الدم على القلب وكيف اعرف ان القلب متضرر من هذه الزيادة؟
Answer: ماذا تقصد بزيادة الدم هل الهيموغلوبين، إن كان كذلك يمكن يسبب إجهاد وفرط ضغط مستقبلا
Relation context: "
qa::ahd5k_04934,qa,ahd5k_04934,,ahd5k_04934,عن الوظيفة للقص الصدري ،ماهي اسهل طريقة لعمل أشعة للقص لأظهاره بوضوح . مع جزيل شكري وأحترامي,"Category: علم التشريح (Anatomy)
Question: عن الوظيفة للقص الصدري ،ماهي اسهل طريقة لعمل أشعة للقص لأظهاره بوضوح . مع جزيل شكري وأحترامي
Answer: عادة يتم أخذ صورة أمامية خلفية وصورة أخرى جانبية للقفص الصدري.
Relation context: "
qa::ahd5k_04942,qa,ahd5k_04942,,ahd5k_04942,سويت تقويم أسنان و الدكتور الي أشتغل عنده مهمل بس ركب تقويم وخلع ضرس ما نظف لي أي سن و لا شال أي سوسة من أضراسي الخلفية ,"Category: أمراض الأسنان (Dental)
Question: سويت تقويم أسنان و الدكتور الي أشتغل عنده مهمل بس ركب تقويم وخلع ضرس ما نظف لي أي سن و لا شال أي سوسة من أضراسي الخلفية تنصحوني أستمر أو...
Answer: من الافضل علاج الاسنان و اللثة قبل البدء في تقويم الاسنان
Relation context: "
qa::ahd5k_04944,qa,ahd5k_04944,,ahd5k_04944,ما هو المرض الذي تصبح فيه القدمين سوداء من الركبة الى اسفل القدمين و يصاحبه شلل تام و تنمل القدمين,"Category: أمراض الدم (Blood)
Question: ما هو المرض الذي تصبح فيه القدمين سوداء من الركبة الى اسفل القدمين و يصاحبه شلل تام و تنمل القدمين
Answer: هناك بعض الأمراض ذات العلاقة الشديدة بتغير لون الجلد الى اللون الأسود وهو ما يسمى ب Acanthosis nigricans الذي تعد السمنة أحد أهم مسبباته مع زيادة هرمون الأنسولين الذي لا يعمل بالشكل الصحيح مما يؤدي إلى زيادة نسبته بالدم وبالتالى يذهب إلى الجلد ويعمل على تغيير لونه إلى الأسود وزيادة سماكته حول الرقبة ومنطقة الأبط والكوع والركبة ومنطقة الأعضاء التناسلية مرض الاديسون هو سبب آخر لتغيير لون الجلد الى اسود امراض الشرايين وعدم وصول تغذية كافية للجلد ايضاً يتسبب بتغيير اللون الى السواد ايضا الحروق تسبب ذلك والغرغرينا هي سبب أخر لذلك التنميل سببه الضغط على الشرايين والاعصاب هل تعانين من مرض السكري ؟؟ هناك امراض كثيرة تسبب ذلك ولهذا يجب اعطاء معلومات وافرة لتحديد ما تعاني منه
Relation context: "
qa::ahd5k_04948,qa,ahd5k_04948,,ahd5k_04948,والدى مريض كبد يعالج بالعلاج الجديد بمصر ولكنه احيانا يتقيأ بعد تناول العلاج بحوالى ساعتين او اقل فما السبب فى ذلك علما ,"Category: أمراض باطنية (Esoteric)
Question: والدى مريض كبد يعالج بالعلاج الجديد بمصر ولكنه احيانا يتقيأ بعد تناول العلاج بحوالى ساعتين او اقل فما السبب فى ذلك علما انه يعانى من تخم البروستاتا الحميد
Answer: عليك بمراجعة الطبيب الذي وصف له العلاج .. من الممكن ان المعدة لا تتحمل الدواء ... راجع الطبيب لإضافة دواء اخر للمعدة بعد الفحص
Relation context: "
qa::ahd5k_04953,qa,ahd5k_04953,,ahd5k_04953,لدي آلام بالجهة اليسرى احيانا سرعة خفقان القلب ولدي انتفاخ في البطن يرجى إخباري بأسباب هذه الأعراض,"Category: أمراض باطنية (Esoteric)
Question: لدي آلام بالجهة اليسرى احيانا سرعة خفقان القلب ولدي انتفاخ في البطن يرجى إخباري بأسباب هذه الأعراض
Answer: هذه اعراض التوتر والارهاق والقلق
Relation context: "
qa::ahd5k_04970,qa,ahd5k_04970,,ahd5k_04970,نعم مكان اجراء القسطرة التشخيصية ( للشرايين التاجية ) كان هوالساق اليمين / حدث ضمور الساق والقدم وبرودتهما بعد القسطرة ا,"Category: جراحة القلب والشرايين (Cardiovascular surgery)
Question: نعم مكان اجراء القسطرة التشخيصية ( للشرايين التاجية ) كان هوالساق اليمين / حدث ضمور الساق والقدم وبرودتهما بعد القسطرة التشخيصية بحوالي ( 3 ) اسابيع واصبحت كفاءة عضلة القلب...
Answer: سبق أن تمت الإجابة
Relation context: "
qa::ahd5k_04975,qa,ahd5k_04975,,ahd5k_04975,امي في عمر ٦٠ تعاني من امراض الضغط والسكر وضيق في شرايين القلب والكروستروال والان تشتكي من نغزات في الجهه اليسري من الام,"Category: أمراض القلب و الشرايين (Cardiovascular disease)
Question: امي في عمر ٦٠ تعاني من امراض الضغط والسكر وضيق في شرايين القلب والكروستروال والان تشتكي من نغزات في الجهه اليسري من الامام والظهر مماسبب هده النغزات.؟؟
Answer: ليس بالضرورة فكل ألم في هذه المنطقة لا يعني أن مصدره القلب، فهناك انسجة كثيرة جلدية وعضلية هيكلية وغيرها يمكن أن تسبب ألم ولمعرفة السبب بدقة لا بد من فحص طبي سريري وبيان خصاءص الألم والعلامات المرافقة
Relation context: "
qa::ahd5k_04985,qa,ahd5k_04985,,ahd5k_04985,هل السرطان يختلف بعضه مع البعض من حيث تركيب بايوكيمستري؟ مع المصر اذا وجد! ولكم مني جزيل الشكر,"Category: كيمياء حيوية (Biochemistry)
Question: هل السرطان يختلف بعضه مع البعض من حيث تركيب بايوكيمستري؟ مع المصر اذا وجد! ولكم مني جزيل الشكر
Answer: نعم كل نوع من السرطان ينشأ من نوع خلايا معينة ولكل منها صفات خاصة
Relation context: "
qa::ahd5k_04986,qa,ahd5k_04986,,ahd5k_04986,انا بنت عمري 22 سنة بدي علاج طبيعي وسريع للبطن.. عندي بروز في البطن... وجربت التمارين فترة بس ما لاحظت نتيجة كبيرة ولأنه,"Category: الطب البديل (Alternative medicine)
Question: انا بنت عمري 22 سنة بدي علاج طبيعي وسريع للبطن.. عندي بروز في البطن... وجربت التمارين فترة بس ما لاحظت نتيجة كبيرة ولأنه برد برجع الحجم متل ما كان... بدي...
Answer: ليس هناك حلول مضمونة سوى ممارسة التمارين الرباضية الدائم.
Relation context: بروز في البطن TREATED_BY تمارين رياضية. Evidence: وجربت التمارين فترة بس ما لاحظت نتيجة كبيرة"
