entity_id,canonical_name,canonical_name_norm,entity_type,aliases,confidence,mention_count,provider,model
ent_merge_000001,bacteremia,bacteremia,DiseaseCondition,"[""bacteremia""]",0.800,1,,
ent_merge_000002,septicemia,septicemia,DiseaseCondition,"[""septicemia""]",0.800,1,,
ent_merge_000003,إجهاض,اجهاض,DiseaseCondition,"[""إجهاض"", ""الإجهاض"", ""اجهضت""]",0.900,3,,
ent_merge_000004,إجهاض متكرر,اجهاض متكرر,DiseaseCondition,"[""إجهاض متكرر"", ""الإجهاض المتكرر""]",0.800,1,,
ent_merge_000005,إدمان,ادمان,DiseaseCondition,"[""إدمان""]",0.850,1,,
ent_merge_000006,إدمان القات,ادمان القات,DiseaseCondition,"[""إدمان القات""]",0.950,1,,
ent_merge_000007,ارتخاء,ارتخاء,DiseaseCondition,"[""ارتخاء"", ""ارتخاء في الآنسجة الضامة"", ""ارتخاء في الآنسجة الضامة في الجسم""]",0.850,4,,
ent_merge_000008,ارتخاء في الصمام الميترالي,ارتخاء في الصمام الميترالي,DiseaseCondition,"[""ارتخاء في الصمام الميترالي""]",0.900,1,,
ent_merge_000009,ارتفاع انزيمات الكبد,ارتفاع انزيمات الكبد,DiseaseCondition,"[""ارتفاع انزيمات الكبد"", ""ارتفاع في انزيمات الكبد""]",0.850,1,,
ent_merge_000010,ارتفاع ضغط الدم,ارتفاع ضغط الدم,DiseaseCondition,"[""ارتفاع ضغط الدم"", ""ارتفاع ضغطي"", ""ارتفاع في ضغط الدم"", ""ارتفاع اضغط البابي"", ""ضغط الدم"", ""ارتفاع حمض البول"", ""انخفاض الضغط"", ""الضغط الدم المرتفع"", ""انخفاض ضغط الدم"", ""الضغط"", ""ضغط"", ""الضغط العالي"", ""الضغط المرتفع"", ""ارتفاع الضغط"", ""ارتفاع في الضغط"", ""ضغطي"", ""ضغط الدم المرتفع"", ""الضفط"", ""ضغط واكتشفت ده بالصدفه"", ""الضغط 14/9"", ""مرض الضغط الخبيث"", ""ارتفاع الضغط الشرياني"", ""ارتفاع الضغط الكلوي"", ""ضغط الدم الخاص بالجسم والضغط الخاص بالعينين"", ""مرض"", ""ارتفاع ضغط"", ""حبة"", ""كتلة""]",0.927,125,,
ent_merge_000011,ارتفاع هرمون الحليب,ارتفاع هرمون الحليب,DiseaseCondition,"[""ارتفاع هرمون الحليب""]",0.900,1,,
ent_merge_000012,ارتفاع هرمون اللبن,ارتفاع هرمون اللبن,DiseaseCondition,"[""ارتفاع هرمون اللبن""]",0.950,1,,
ent_merge_000013,ارتكاريا,ارتكاريا,DiseaseCondition,"[""ارتكاريا"", ""حساسيه الارتكاريا"", ""ارتخاء بالصمام الميترالى""]",0.890,5,,
ent_merge_000014,آرجية جلدية,ارجيه جلديه,DiseaseCondition,"[""آرجية جلدية"", ""الآرجية الجلدية""]",0.900,1,,
ent_merge_000015,استرواح الصدر,استرواح الصدر,DiseaseCondition,"[""استرواح الصدر"", ""pneumo thorax""]",0.950,2,,
ent_merge_000016,استرواح الصدر التوتري,استرواح الصدر التوتري,DiseaseCondition,"[""استرواح الصدر التوتري""]",0.900,1,,
ent_merge_000017,استرواح الصدر اللاتوتري,استرواح الصدر اللاتوتري,DiseaseCondition,"[""استرواح الصدر اللاتوتري""]",0.900,1,,
ent_merge_000018,اسنان,اسنان,DiseaseCondition,"[""اسنان"", ""الاسنان""]",0.900,2,,
ent_merge_000020,اشعه الشمس,اشعه الشمس,DiseaseCondition,"[""اشعه الشمس""]",0.800,1,,
ent_merge_000021,إصابات القلب,اصابات القلب,DiseaseCondition,"[""إصابات القلب""]",0.850,1,,
ent_merge_000022,إصابة الكلى,اصابه الكلي,DiseaseCondition,"[""إصابة الكلى""]",0.900,1,,
ent_merge_000023,اضطراب الجهاز العصبي,اضطراب الجهاز العصبي,DiseaseCondition,"[""اضطراب الجهاز العصبي""]",0.900,1,,
ent_merge_000024,اضطراب المناعه,اضطراب المناعه,DiseaseCondition,"[""اضطراب المناعه""]",0.850,1,,
ent_merge_000025,اضطراب الوسواس القهري,اضطراب الوسواس القهري,DiseaseCondition,"[""اضطراب الوسواس القهري""]",0.950,1,,
ent_merge_000026,اضطراب دقات القلب,اضطراب دقات القلب,DiseaseCondition,"[""اضطراب دقات القلب""]",0.900,1,,
ent_merge_000027,اضطراب فى القولون,اضطراب في القولون,DiseaseCondition,"[""اضطراب فى القولون""]",0.950,1,,
ent_merge_000028,اضطرابات الغدد,اضطرابات الغدد,DiseaseCondition,"[""اضطرابات الغدد""]",0.850,1,,
ent_merge_000029,اضطرابات هرمونية,اضطرابات هرمونيه,DiseaseCondition,"[""اضطرابات هرمونية"", ""الاضطرابات الهرمونية""]",0.850,2,,
ent_merge_000030,اعاقة ذهنية,اعاقه ذهنيه,DiseaseCondition,"[""اعاقة ذهنية""]",0.950,1,,
ent_merge_000031,أعضاء الحس,اعضاء الحس,DiseaseCondition,"[""أعضاء الحس""]",0.950,1,,
ent_merge_000032,اغتصاب,اغتصاب,DiseaseCondition,"[""اغتصاب""]",0.950,1,,
ent_merge_000033,اكتئاب,اكتياب,DiseaseCondition,"[""اكتئاب"", ""الاكتئاب"", ""حالة الاكتئاب"", ""مضاد الاكتئاب"", ""مرض الاكتئاب الذهاني"", ""حالة اكتئاب شديدة"", ""الاكتءاب""]",0.937,45,,
ent_merge_000034,إكزيما,اكزيما,DiseaseCondition,"[""إكزيما"", ""الاكزيما الدهنيه"", ""الأكزيما""]",0.856,9,,
ent_merge_000035,أكلة الأظافر,اكله الاظافر,DiseaseCondition,"[""أكلة الأظافر""]",0.950,1,,
ent_merge_000036,الاباضة,الاباضه,DiseaseCondition,"[""الاباضة""]",0.900,2,,
ent_merge_000037,الاجهاض,الاجهاض,DiseaseCondition,"[""الاجهاض"", ""اجهاض""]",0.890,5,,
ent_merge_000038,الأسمرار,الاسمرار,DiseaseCondition,"[""الأسمرار""]",0.900,2,,
ent_merge_000039,الاضطرابات النفسية,الاضطرابات النفسيه,DiseaseCondition,"[""الاضطرابات النفسية""]",0.900,1,,
ent_merge_000040,الإكتئاب,الاكتياب,DiseaseCondition,"[""الإكتئاب"", ""اكتئاب""]",0.900,5,,
ent_merge_000041,الاكزيما,الاكزيما,DiseaseCondition,"[""الاكزيما""]",0.900,2,,
ent_merge_000042,الأكل الزائد,الاكل الزايد,DiseaseCondition,"[""الأكل الزائد""]",0.850,1,,
ent_merge_000043,الإلتهابات,الالتهابات,DiseaseCondition,"[""الإلتهابات""]",0.800,1,,
ent_merge_000044,الامراض المعدية,الامراض المعديه,DiseaseCondition,"[""الامراض المعدية""]",0.900,1,,
ent_merge_000045,الامعاء,الامعاء,DiseaseCondition,"[""الامعاء""]",0.800,1,,
ent_merge_000046,الانفلونزا,الانفلونزا,DiseaseCondition,"[""الانفلونزا"", ""الانفونزا"", ""مطعوم الانفلونزا""]",0.950,2,,
ent_merge_000047,الانيميا,الانيميا,DiseaseCondition,"[""الانيميا""]",0.825,2,,
ent_merge_000048,الأورام الليفية العصبية,الاورام الليفيه العصبيه,DiseaseCondition,"[""الأورام الليفية العصبية""]",0.950,1,,
ent_merge_000049,الأوعية اللمفية,الاوعيه اللمفيه,DiseaseCondition,"[""الأوعية اللمفية""]",0.900,1,,
ent_merge_000050,الإياس,الاياس,DiseaseCondition,"[""الإياس""]",0.900,1,,
ent_merge_000051,الإيدز,الايدز,DiseaseCondition,"[""الإيدز"", ""مرض الإيدز""]",0.914,7,,
ent_merge_000052,البرود الجنسي,البرود الجنسي,DiseaseCondition,"[""البرود الجنسي"", ""البرودة الجنسية""]",0.950,1,,
ent_merge_000053,البرولاكتين,البرولاكتين,DiseaseCondition,"[""البرولاكتين""]",0.950,1,,
ent_merge_000054,البلعوم,البلعوم,DiseaseCondition,"[""البلعوم"", ""انسداد البلعوم""]",0.900,2,,
ent_merge_000055,البنكرياس,البنكرياس,DiseaseCondition,"[""البنكرياس""]",0.950,2,,
ent_merge_000056,البهاق,البهاق,DiseaseCondition,"[""البهاق""]",0.950,5,,
ent_merge_000057,التدخين,التدخين,DiseaseCondition,"[""التدخين""]",0.850,1,,
ent_merge_000058,التسلخات,التسلخات,DiseaseCondition,"[""التسلخات""]",0.900,1,,
ent_merge_000059,التهاب,التهاب,DiseaseCondition,"[""التهاب"", ""الاصابه بالفطريات"", ""التهابات"", ""التهاب الأمعاء"", ""التهاب جلدي"", ""التهاب الدم"", ""التهاب مجتري بوليه"", ""التهاب السحايا"", ""التهاب خلوى"", ""التهاب الشعيرات الدمويه"", ""التهاب الاعصاب"", ""التهاب الاذن الوسطى"", ""التهابات بولية"", ""التهاب الرئة المزمن"", ""التهاب المزمن"", ""التهاب الجيوب"", ""التهاب قصبات"", ""التهاب القولون"", ""التهاب غشائي عضلي"", ""التهاب اللثه"", ""التهاب فطري"", ""التهاب حاد في المعدة"", ""التهاب في الجيوب الانفيه"", ""التهاب الجيوب الانفيه"", ""التهبات"", ""التهاب الغدد اللمفاويه"", ""التهاب المعدة"", ""التهاب الكبد"", ""التهاب القرنية الفيروسي"", ""التهابات المنثورة"", ""التهاب أوتار"", ""الالتهاب"", ""التهاب البروستاتا"", ""التهاب القصبات"", ""التهاب العصب السابع"", ""التهاب الشعرة"", ""البواسير"", ""التهاب الرحم"", ""التهاب المهبل"", ""الم عند الاستيقاظ فى الكليتين"", ""التهاب المسالك البوليه"", ""التهابات نسائيه"", ""تهاب"", ""التهاب في عينه"", ""الاشعة"", ""التحاليل المخبرية"", ""ادوية الالتهاب"", ""رضح"", ""التهاب بكتيري وفطريات"", ""التهاب فيروسي"", ""البلغم"", ""الام اسفل الظهر"", ""اعراض الغدة الدرقيه"", ""اعانى من تضخم فى حجم الثدى"", ""تضخم فى حجم الثدى"", ""الم في الرقبه"", ""الم"", ""التهاب في الامعاء"", ""التهاب في المعده"", ""التهاب في ملتقى الامعاء"", ""التهاب القولون التقرحى"", ""التهاب اللسان"", ""وجود صديد ودم في البراز ربما يدل على مشكلة مثل القولون التقرحي"", ""اصبت بكورونا ٢٨/٣/٢١٢١"", ""دوخه"", ""اعراض جانبيه""]",0.918,686,,
ent_merge_000060,التهاب الأذن,التهاب الاذن,DiseaseCondition,"[""التهاب الأذن""]",0.900,1,,
ent_merge_000061,التهاب البربخ,التهاب البربخ,DiseaseCondition,"[""التهاب البربخ""]",0.950,1,,
ent_merge_000062,التهاب البروستات,التهاب البروستات,DiseaseCondition,"[""التهاب البروستات"", ""التهاب غدة البروستات""]",0.900,2,,
ent_merge_000063,التهاب البروستاتا,التهاب البروستاتا,DiseaseCondition,"[""التهاب البروستاتا""]",0.950,2,,
ent_merge_000064,التهاب البول,التهاب البول,DiseaseCondition,"[""التهاب البول"", ""التهابات البول""]",0.900,1,,
ent_merge_000065,التهاب الجلد التأتبي,التهاب الجلد التاتبي,DiseaseCondition,"[""التهاب الجلد التأتبي""]",0.900,1,,
ent_merge_000066,التهاب الجيوب,التهاب الجيوب,DiseaseCondition,"[""التهاب الجيوب""]",0.900,1,,
ent_merge_000067,التهاب الجيوب الانفيه,التهاب الجيوب الانفيه,DiseaseCondition,"[""التهاب الجيوب الانفيه""]",0.900,2,,
ent_merge_000068,التهاب الحلق,التهاب الحلق,DiseaseCondition,"[""التهاب الحلق""]",0.950,1,,
ent_merge_000069,التهاب الرئة,التهاب الريه,DiseaseCondition,"[""التهاب الرئة"", ""التهاب رئوي""]",0.950,2,,
ent_merge_000070,التهاب الزائدة الدودية,التهاب الزايده الدوديه,DiseaseCondition,"[""التهاب الزائدة الدودية"", ""التهاب زائدة دودية""]",0.950,1,,
ent_merge_000071,التهاب السحايا,التهاب السحايا,DiseaseCondition,"[""التهاب السحايا""]",0.850,3,,
ent_merge_000072,التهاب الشريان الصدغي,التهاب الشريان الصدغي,DiseaseCondition,"[""التهاب الشريان الصدغي""]",0.900,1,,
ent_merge_000073,التهاب العصب الوركي,التهاب العصب الوركي,DiseaseCondition,"[""التهاب العصب الوركي""]",0.900,1,,
ent_merge_000074,التهاب الغدد اللمفاوية,التهاب الغدد اللمفاويه,DiseaseCondition,"[""التهاب الغدد اللمفاوية""]",0.950,2,,
ent_merge_000075,التهاب الفرج,التهاب الفرج,DiseaseCondition,"[""التهاب الفرج""]",0.850,1,,
ent_merge_000076,التهاب الفقار اللاصق,التهاب الفقار اللاصق,DiseaseCondition,"[""التهاب الفقار اللاصق""]",0.950,1,,
ent_merge_000077,التهاب القزحية,التهاب القزحيه,DiseaseCondition,"[""التهاب القزحية""]",0.800,1,,
ent_merge_000078,التهاب القصبات التحسسي,التهاب القصبات التحسسي,DiseaseCondition,"[""التهاب القصبات التحسسي""]",0.900,1,,
ent_merge_000079,التهاب القنوات المراريه,التهاب القنوات المراريه,DiseaseCondition,"[""التهاب القنوات المراريه""]",0.950,1,,
ent_merge_000080,التهاب القولون,التهاب القولون,DiseaseCondition,"[""التهاب القولون"", ""التهاب في المعده""]",0.900,2,,
ent_merge_000081,التهاب القولون التقرحي,التهاب القولون التقرحي,DiseaseCondition,"[""التهاب القولون التقرحي""]",0.875,2,,
ent_merge_000082,التهاب الكبد,التهاب الكبد,DiseaseCondition,"[""التهاب الكبد"", ""التهاب الكبد ب"", ""التهاب الكبد الفيروسي"", ""التهاب كبيبات الكلى"", ""التهاب الكبد الوبائي ب""]",0.889,9,,
ent_merge_000083,التهاب الكبد أ,التهاب الكبد ا,DiseaseCondition,"[""التهاب الكبد أ""]",0.850,1,,
ent_merge_000084,التهاب الكبد الفيروسي ب,التهاب الكبد الفيروسي ب,DiseaseCondition,"[""التهاب الكبد الفيروسي ب""]",0.950,1,,
ent_merge_000085,التهاب الكبد ب,التهاب الكبد ب,DiseaseCondition,"[""التهاب الكبد ب""]",0.900,2,,
ent_merge_000086,التهاب الكبد ج,التهاب الكبد ج,DiseaseCondition,"[""التهاب الكبد ج"", ""التهاب الكبد الوبائي ج""]",0.900,1,,
ent_merge_000087,التهاب الكبد سي,التهاب الكبد سي,DiseaseCondition,"[""التهاب الكبد سي""]",0.950,2,,
ent_merge_000088,التهاب الكبدى الفيروسى,التهاب الكبدي الفيروسي,DiseaseCondition,"[""التهاب الكبدى الفيروسى""]",0.950,1,,
ent_merge_000089,التهاب الكلى,التهاب الكلي,DiseaseCondition,"[""التهاب الكلى"", ""التهابات الكلية""]",0.917,3,,
ent_merge_000090,التهاب اللثة,التهاب اللثه,DiseaseCondition,"[""التهاب اللثة"", ""نزيف اللثة"", ""تورم اللثه من الداخل"", ""التهاب""]",0.858,12,,
ent_merge_000091,التهاب اللوزتين,التهاب اللوزتين,DiseaseCondition,"[""التهاب اللوزتين"", ""التهاب لوز"", ""تهاب لوز""]",0.912,4,,
ent_merge_000092,التهاب المثانة,التهاب المثانه,DiseaseCondition,"[""التهاب المثانة"", ""التهاب""]",0.850,2,,
ent_merge_000093,التهاب المري,التهاب المري,DiseaseCondition,"[""التهاب المري""]",0.950,1,,
ent_merge_000094,التهاب المريء,التهاب المريء,DiseaseCondition,"[""التهاب المريء""]",0.900,1,,
ent_merge_000095,التهاب المسالك البولية,التهاب المسالك البوليه,DiseaseCondition,"[""التهاب المسالك البولية""]",0.880,5,,
ent_merge_000096,التهاب المستقيم,التهاب المستقيم,DiseaseCondition,"[""التهاب المستقيم""]",0.850,1,,
ent_merge_000097,التهاب المعدة,التهاب المعده,DiseaseCondition,"[""التهاب المعدة"", ""التهاب""]",0.900,5,,
ent_merge_000098,التهاب المفاصل,التهاب المفاصل,DiseaseCondition,"[""التهاب المفاصل""]",0.933,3,,
ent_merge_000099,التهاب المهبل,التهاب المهبل,DiseaseCondition,"[""التهاب المهبل""]",0.850,1,,
ent_merge_000100,التهاب بول,التهاب بول,DiseaseCondition,"[""التهاب بول""]",0.950,1,,
ent_merge_000101,التهاب فتحة الشرج,التهاب فتحه الشرج,DiseaseCondition,"[""التهاب فتحة الشرج""]",0.900,1,,
ent_merge_000102,التهاب فطري,التهاب فطري,DiseaseCondition,"[""التهاب فطري""]",0.850,2,,
ent_merge_000103,التهاب كبد مناعي ذاتي,التهاب كبد مناعي ذاتي,DiseaseCondition,"[""التهاب كبد مناعي ذاتي""]",0.900,1,,
ent_merge_000104,التهاب كبدي,التهاب كبدي,DiseaseCondition,"[""التهاب كبدي""]",0.950,1,,
ent_merge_000105,التهاب مفصل الركبه,التهاب مفصل الركبه,DiseaseCondition,"[""التهاب مفصل الركبه""]",0.933,3,,
ent_merge_000106,التهابات,التهابات,DiseaseCondition,"[""التهابات""]",0.875,4,,
ent_merge_000107,التهابات الرئوية,التهابات الريويه,DiseaseCondition,"[""التهابات الرئوية""]",0.950,1,,
ent_merge_000108,الثعلبة,الثعلبه,DiseaseCondition,"[""الثعلبة"", ""داء الثعلبة""]",0.933,3,,
ent_merge_000109,الجرثومة الحلزونية,الجرثومه الحلزونيه,DiseaseCondition,"[""الجرثومة الحلزونية""]",0.900,1,,
ent_merge_000110,الجروح القطعية,الجروح القطعيه,DiseaseCondition,"[""الجروح القطعية""]",0.900,1,,
ent_merge_000111,الجلطات القلبية,الجلطات القلبيه,DiseaseCondition,"[""الجلطات القلبية"", ""الجلطة القلبية""]",0.850,1,,
ent_merge_000112,الجنين,الجنين,DiseaseCondition,"[""الجنين""]",0.833,3,,
ent_merge_000113,الجنين المشوه,الجنين المشوه,DiseaseCondition,"[""الجنين المشوه""]",0.850,1,,
ent_merge_000114,الجهاز العصبي المركزي,الجهاز العصبي المركزي,DiseaseCondition,"[""الجهاز العصبي المركزي""]",0.950,1,,
ent_merge_000115,الجهاز الهضمي,الجهاز الهضمي,DiseaseCondition,"[""الجهاز الهضمي"", ""الجهلز الهضمي"", ""أعضاء الجهاز الهضمي""]",0.850,2,,
ent_merge_000116,الحشيش,الحشيش,DiseaseCondition,"[""الحشيش""]",0.950,2,,
ent_merge_000117,الحمل,الحمل,DiseaseCondition,"[""الحمل"", ""حامل"", ""حمل"", ""الانجاب"", ""الحامل"", ""فحص الحمل"", ""عملية الحمل"", ""بعد الحمل"", ""فتره الحمل"", ""رجل حامل لفايروس الكبد"", ""حامل لفايروس الكبد"", ""حمل الأنابيب"", ""أطفال الأنابيب"", ""الحمل الوراثي"", ""متلازمة داون"", ""حثل المادة البيضاء"", ""منفولية"", ""الحصبة الألمانية"", ""انحلال الدم"", ""حمل اتناء الدورة الشهرية"", ""حمل بالاسبوع العاشر"", ""الحمل في الشهر الثالث""]",0.929,292,,
ent_merge_000118,الحيض,الحيض,DiseaseCondition,"[""الحيض"", ""اليوم 2 من الحيض""]",0.875,2,,
ent_merge_000120,الخصوبة,الخصوبه,DiseaseCondition,"[""الخصوبة""]",0.900,1,,
ent_merge_000121,الخصية,الخصيه,DiseaseCondition,"[""الخصية""]",0.850,1,,
ent_merge_000122,الخطر ع الكبد,الخطر ع الكبد,DiseaseCondition,"[""الخطر ع الكبد""]",0.850,1,,
ent_merge_000123,الدماغ,الدماغ,DiseaseCondition,"[""الدماغ""]",0.950,1,,
ent_merge_000124,الدوالي,الدوالي,DiseaseCondition,"[""الدوالي"", ""دوالي""]",0.875,4,,
ent_merge_000125,الدوالي على الخصية,الدوالي علي الخصيه,DiseaseCondition,"[""الدوالي على الخصية"", ""دوالي على الخصيه""]",0.800,1,,
ent_merge_000126,الدورة الشهرية,الدوره الشهريه,DiseaseCondition,"[""الدورة الشهرية"", ""الدورة"", ""العدة"", ""دورتي"", ""الطمث"", ""الحيض"", ""عدم نزول الدورة الشهرية"", ""تاخر الدوره الشهريه"", ""فترة الدورة الشهرية"", ""الدم"", ""دورتي الشهرية"", ""دورة شهرية"", ""اضطراب الدورة الشهرية"", ""دورة"", ""الدورة الحيضية"", ""الدورة الشرية""]",0.927,82,,
ent_merge_000127,الذئبة,الذيبه,DiseaseCondition,"[""الذئبة""]",0.850,1,,
ent_merge_000128,الرباط,الرباط,DiseaseCondition,"[""الرباط""]",0.850,1,,
ent_merge_000129,الربو,الربو,DiseaseCondition,"[""الربو"", ""نوبات الربو"", ""ربو""]",0.867,6,,
ent_merge_000131,الرقبة,الرقبه,DiseaseCondition,"[""الرقبة""]",0.950,1,,
ent_merge_000132,الرهاب,الرهاب,DiseaseCondition,"[""الرهاب""]",0.850,1,,
ent_merge_000133,الروماتويد,الروماتويد,DiseaseCondition,"[""الروماتويد"", ""الروماتويد فاكتور""]",0.800,1,,
ent_merge_000134,الروماتيزم,الروماتيزم,DiseaseCondition,"[""الروماتيزم"", ""روماتيزم الدم""]",0.875,2,,
ent_merge_000135,الرئه,الريه,DiseaseCondition,"[""الرئه""]",0.800,1,,
ent_merge_000136,السرطان,السرطان,DiseaseCondition,"[""السرطان""]",0.842,6,,
ent_merge_000137,السرطانات,السرطانات,DiseaseCondition,"[""السرطانات"", ""بعض انواع السرطانات""]",0.900,1,,
ent_merge_000138,السكتة الدماغية,السكته الدماغيه,DiseaseCondition,"[""السكتة الدماغية""]",0.850,1,,
ent_merge_000139,السكر,السكر,DiseaseCondition,"[""السكر""]",0.850,1,,
ent_merge_000140,السكري,السكري,DiseaseCondition,"[""السكري"", ""سكلسل"", ""داء السكري"", ""فحص السكري""]",0.860,5,,
ent_merge_000141,السل,السل,DiseaseCondition,"[""السل""]",0.875,4,,
ent_merge_000142,السمنة,السمنه,DiseaseCondition,"[""السمنة"", ""السمنة المفرطة"", ""سمنة مفرطة""]",0.900,6,,
ent_merge_000143,السموم,السموم,DiseaseCondition,"[""السموم""]",0.800,1,,
ent_merge_000144,السيلان,السيلان,DiseaseCondition,"[""السيلان""]",0.850,1,,
ent_merge_000145,الشامات,الشامات,DiseaseCondition,"[""الشامات""]",0.950,1,,
ent_merge_000146,الشراهة,الشراهه,DiseaseCondition,"[""الشراهة""]",0.950,1,,
ent_merge_000147,الشفه الارنبيه,الشفه الارنبيه,DiseaseCondition,"[""الشفه الارنبيه""]",0.950,1,,
ent_merge_000148,الشيب,الشيب,DiseaseCondition,"[""الشيب"", ""الشيب المبكر""]",0.900,2,,
ent_merge_000149,الشيخوخة,الشيخوخه,DiseaseCondition,"[""الشيخوخة"", ""علامات الشيخوخة المبكرة""]",0.883,3,,
ent_merge_000150,الصدفية,الصدفيه,DiseaseCondition,"[""الصدفية"", ""أعراض الصدفية"", ""القشرة السميكة""]",0.890,5,,
ent_merge_000151,الضعف الجنسي,الضعف الجنسي,DiseaseCondition,"[""الضعف الجنسي""]",0.950,2,,
ent_merge_000152,الضغط,الضغط,DiseaseCondition,"[""الضغط""]",0.850,1,,
ent_merge_000153,الضغط النفسي,الضغط النفسي,DiseaseCondition,"[""الضغط النفسي""]",0.950,1,,
ent_merge_000154,الظهارة المتقرنة,الظهاره المتقرنه,DiseaseCondition,"[""الظهارة المتقرنة""]",0.850,1,,
ent_merge_000155,العصب المبهم,العصب المبهم,DiseaseCondition,"[""العصب المبهم""]",0.950,2,,
ent_merge_000156,العقد الليمفاوية,العقد الليمفاويه,DiseaseCondition,"[""العقد الليمفاوية""]",0.900,1,,
ent_merge_000157,العقم,العقم,DiseaseCondition,"[""العقم""]",0.950,4,,
ent_merge_000158,الغدد الصماء,الغدد الصماء,DiseaseCondition,"[""الغدد الصماء""]",0.800,1,,
ent_merge_000159,الغدد اللمفاويه,الغدد اللمفاويه,DiseaseCondition,"[""الغدد اللمفاويه""]",0.800,1,,
ent_merge_000160,الغدة الدرقية,الغده الدرقيه,DiseaseCondition,"[""الغدة الدرقية""]",0.879,7,,
ent_merge_000161,الغضروف,الغضروف,DiseaseCondition,"[""الغضروف""]",0.850,1,,
ent_merge_000162,الفشل الكلوي,الفشل الكلوي,DiseaseCondition,"[""الفشل الكلوي""]",0.950,1,,
ent_merge_000163,الفطريات,الفطريات,DiseaseCondition,"[""الفطريات""]",0.850,1,,
ent_merge_000164,الفيروس,الفيروس,DiseaseCondition,"[""الفيروس"", ""الفيروس الكبدي"", ""الفايروس""]",0.900,2,,
ent_merge_000165,القرحة,القرحه,DiseaseCondition,"[""القرحة"", ""تقرحات المعدة""]",0.900,4,,
ent_merge_000166,القلب المفتوح,القلب المفتوح,DiseaseCondition,"[""القلب المفتوح"", ""القلب المفتوحة""]",0.850,1,,
ent_merge_000167,القلس المعدي المريئي,القلس المعدي المرييي,DiseaseCondition,"[""القلس المعدي المريئي""]",0.850,1,,
ent_merge_000169,القناة الشريانية المفتوحة,القناه الشريانيه المفتوحه,DiseaseCondition,"[""القناة الشريانية المفتوحة""]",0.850,1,,
ent_merge_000170,القولون العصبي,القولون العصبي,DiseaseCondition,"[""القولون العصبي"", ""قولون عصبى"", ""اضرابات فى القولون"", ""القولون"", ""من اعصاب القولون"", ""متلازمة القولون العصابي"", ""القولون العصبي المتهيج"", ""القولون العصابي"", ""مشاكل القولون"", ""قولون العصبي"", ""ضيق فى القولون واصل والى فتحه الشرج كشفت كذا مره وتحاليل واشاعات كلها سليمه بس المشكله انه الضيق ده بقى مزمن ممكن افاده"", ""استاصال جزء تالف للمرئ وفي اي دولة ممكن اجراؤها بنتي عمرها 2و9اشهر شربت مادة البوتاس الحارقة سببت لها انسدادان صغيران لم تنفع التوسيعات معهم 1عن بعد 12cm و2..."", ""وجود صديد ودم في البراز ربما يدل على مشكلة مثل القولون التقرحي"", ""اعصاب القولون""]",0.906,54,,
ent_merge_000171,الكبد الدهني,الكبد الدهني,DiseaseCondition,"[""الكبد الدهني""]",0.900,1,,
ent_merge_000172,الكتلة,الكتله,DiseaseCondition,"[""الكتلة"", ""كتله""]",0.900,1,,
ent_merge_000173,الكلوي,الكلوي,DiseaseCondition,"[""الكلوي""]",0.850,1,,
ent_merge_000174,الكولسترول,الكولسترول,DiseaseCondition,"[""الكولسترول""]",0.950,2,,
ent_merge_000175,الكوليسترول,الكوليسترول,DiseaseCondition,"[""الكوليسترول""]",0.900,2,,
ent_merge_000176,اللقمة الهستيريائية,اللقمه الهستيرياييه,DiseaseCondition,"[""اللقمة الهستيريائية""]",0.950,1,,
ent_merge_000177,المبيضات,المبيضات,DiseaseCondition,"[""المبيضات""]",0.850,1,,
ent_merge_000178,المرارة,المراره,DiseaseCondition,"[""المرارة""]",0.875,2,,
ent_merge_000179,المرض,المرض,DiseaseCondition,"[""المرض""]",0.800,1,,
ent_merge_000180,المناعة,المناعه,DiseaseCondition,"[""المناعة"", ""مناعة""]",0.850,1,,
ent_merge_000181,النقرس,النقرس,DiseaseCondition,"[""النقرس"", ""نقرس""]",0.925,2,,
ent_merge_000182,النكاف,النكاف,DiseaseCondition,"[""النكاف""]",0.950,2,,
ent_merge_000183,النواة اللبية,النواه اللبيه,DiseaseCondition,"[""النواة اللبية""]",0.850,1,,
ent_merge_000184,الهالات السوداء,الهالات السوداء,DiseaseCondition,"[""الهالات السوداء""]",0.900,1,,
ent_merge_000186,الوتر,الوتر,DiseaseCondition,"[""الوتر""]",0.850,1,,
ent_merge_000187,الوسواس,الوسواس,DiseaseCondition,"[""الوسواس""]",0.950,1,,
ent_merge_000188,الولادة,الولاده,DiseaseCondition,"[""الولادة"", ""ولادة""]",0.883,3,,
ent_merge_000189,ألياف عصبية,الياف عصبيه,DiseaseCondition,"[""ألياف عصبية"", ""الألياف العصبية""]",0.850,1,,
ent_merge_000190,ألياف عضلية,الياف عضليه,DiseaseCondition,"[""ألياف عضلية"", ""الألياف العضلية""]",0.850,1,,
ent_merge_000191,اليرقان,اليرقان,DiseaseCondition,"[""اليرقان""]",0.950,1,,
ent_merge_000192,ام الدم الشريانية,ام الدم الشريانيه,DiseaseCondition,"[""ام الدم الشريانية""]",0.950,1,,
ent_merge_000193,أمراض الثدي,امراض الثدي,DiseaseCondition,"[""أمراض الثدي""]",0.950,1,,
ent_merge_000194,أمراض الجيوب,امراض الجيوب,DiseaseCondition,"[""أمراض الجيوب""]",0.900,1,,
ent_merge_000195,امراض العظام,امراض العظام,DiseaseCondition,"[""امراض العظام""]",0.900,1,,
ent_merge_000196,أمراض القلب,امراض القلب,DiseaseCondition,"[""أمراض القلب"", ""صحة القلب""]",0.890,5,,
ent_merge_000197,أمراض القلب الوعائية,امراض القلب الوعاييه,DiseaseCondition,"[""أمراض القلب الوعائية""]",0.900,1,,
ent_merge_000198,امراض الكبد,امراض الكبد,DiseaseCondition,"[""امراض الكبد""]",0.950,1,,
ent_merge_000199,أمراض الكلى,امراض الكلي,DiseaseCondition,"[""أمراض الكلى""]",0.850,1,,
ent_merge_000200,أمراض باطنية,امراض باطنيه,DiseaseCondition,"[""أمراض باطنية""]",0.800,1,,
ent_merge_000202,املاح,املاح,DiseaseCondition,"[""املاح""]",0.850,1,,
ent_merge_000204,انحسار,انحسار,DiseaseCondition,"[""انحسار""]",0.850,1,,
ent_merge_000205,انحلال الدم,انحلال الدم,DiseaseCondition,"[""انحلال الدم""]",0.900,1,,
ent_merge_000206,انخفاض السكر,انخفاض السكر,DiseaseCondition,"[""انخفاض السكر""]",0.850,1,,
ent_merge_000207,انخفاض ضغط الدم,انخفاض ضغط الدم,DiseaseCondition,"[""انخفاض ضغط الدم"", ""انخفاض الضغط الدموي"", ""انخفاض شديد فى ضغط الدم"", ""ضغط الدم منخفض للغاية"", ""هبوط ظغط الدم"", ""انخفاض الضغط"", ""انخفاض ضغط""]",0.895,11,,
ent_merge_000208,انخفاض مستويات هرمون الاستروجين,انخفاض مستويات هرمون الاستروجين,DiseaseCondition,"[""انخفاض مستويات هرمون الاستروجين""]",0.850,1,,
ent_merge_000209,انخفاض هرمون البروجسترون,انخفاض هرمون البروجسترون,DiseaseCondition,"[""انخفاض هرمون البروجسترون""]",0.950,1,,
ent_merge_000210,انزلاق غضروفي,انزلاق غضروفي,DiseaseCondition,"[""انزلاق غضروفي""]",0.900,1,,
ent_merge_000211,انزلاق غضروفي عنقي,انزلاق غضروفي عنقي,DiseaseCondition,"[""انزلاق غضروفي عنقي""]",0.900,2,,
ent_merge_000212,انزلاق غضروفي قطني,انزلاق غضروفي قطني,DiseaseCondition,"[""انزلاق غضروفي قطني""]",0.900,1,,
ent_merge_000213,انسداد الاقنية اللمفاوية,انسداد الاقنيه اللمفاويه,DiseaseCondition,"[""انسداد الاقنية اللمفاوية""]",0.950,1,,
ent_merge_000214,انسداد الاوعية الدموية,انسداد الاوعيه الدمويه,DiseaseCondition,"[""انسداد الاوعية الدموية""]",0.900,1,,
ent_merge_000215,انضغاط العصب البصري,انضغاط العصب البصري,DiseaseCondition,"[""انضغاط العصب البصري"", ""انضغاط العصب البصری""]",0.950,1,,
ent_merge_000216,انضغاط عصب الكوع,انضغاط عصب الكوع,DiseaseCondition,"[""انضغاط عصب الكوع""]",0.850,1,,
ent_merge_000217,انعدام النظر,انعدام النظر,DiseaseCondition,"[""انعدام النظر""]",0.950,1,,
ent_merge_000218,انفصام الشخصية,انفصام الشخصيه,DiseaseCondition,"[""انفصام الشخصية"", ""الانفصام الشخصية""]",0.950,1,,
ent_merge_000219,انفلونزا,انفلونزا,DiseaseCondition,"[""انفلونزا"", ""الانفلونزا""]",0.850,2,,
ent_merge_000221,انقطاع الطمث,انقطاع الطمث,DiseaseCondition,"[""انقطاع الطمث""]",0.900,2,,
ent_merge_000222,أوبئة الكوليرا,اوبيه الكوليرا,DiseaseCondition,"[""أوبئة الكوليرا""]",0.900,1,,
ent_merge_000223,أورام الجهاز الهضمي,اورام الجهاز الهضمي,DiseaseCondition,"[""أورام الجهاز الهضمي""]",0.900,1,,
ent_merge_000224,أورام ليفية,اورام ليفيه,DiseaseCondition,"[""أورام ليفية""]",0.900,1,,
ent_merge_000225,إيدز,ايدز,DiseaseCondition,"[""إيدز"", ""الايدز""]",0.950,3,,
ent_merge_000226,باسور,باسور,DiseaseCondition,"[""باسور""]",0.933,3,,
ent_merge_000227,برص,برص,DiseaseCondition,"[""برص""]",0.850,1,,
ent_merge_000228,بقع بنيه,بقع بنيه,DiseaseCondition,"[""بقع بنيه""]",0.950,2,,
ent_merge_000229,بكتيريا,بكتيريا,DiseaseCondition,"[""بكتيريا"", ""بكتيريا حلزونيه""]",0.833,3,,
ent_merge_000230,بكتيريا الهيليكوباكتر بيلوري,بكتيريا الهيليكوباكتر بيلوري,DiseaseCondition,"[""بكتيريا الهيليكوباكتر بيلوري""]",0.950,1,,
ent_merge_000231,بهاق,بهاق,DiseaseCondition,"[""بهاق""]",0.850,2,,
ent_merge_000232,بواسير,بواسير,DiseaseCondition,"[""بواسير""]",0.875,8,,
ent_merge_000233,بيلة الميوغلوبين,بيله الميوغلوبين,DiseaseCondition,"[""بيلة الميوغلوبين"", ""مرض بيلة الميوغلوبين""]",0.950,3,,
ent_merge_000234,تاخر الحمل,تاخر الحمل,DiseaseCondition,"[""تاخر الحمل""]",0.900,1,,
ent_merge_000236,تجلط الدم,تجلط الدم,DiseaseCondition,"[""تجلط الدم""]",0.900,1,,
ent_merge_000237,تجمع صديدى,تجمع صديدي,DiseaseCondition,"[""تجمع صديدى""]",0.850,1,,
ent_merge_000238,تجمع ماء في الرئه,تجمع ماء في الريه,DiseaseCondition,"[""تجمع ماء في الرئه""]",0.900,1,,
ent_merge_000240,تخثر الدم,تخثر الدم,DiseaseCondition,"[""تخثر الدم""]",0.950,1,,
ent_merge_000241,تخر في الدم,تخر في الدم,DiseaseCondition,"[""تخر في الدم""]",0.900,1,,
ent_merge_000242,تخلف,تخلف,DiseaseCondition,"[""تخلف""]",0.900,2,,
ent_merge_000243,تدخين,تدخين,DiseaseCondition,"[""تدخين"", ""التدخين""]",0.917,3,,
ent_merge_000244,تدلي المستقيم,تدلي المستقيم,DiseaseCondition,"[""تدلي المستقيم"", ""تدلي القولون""]",0.900,2,,
ent_merge_000245,تراكم الدهون في الكبد,تراكم الدهون في الكبد,DiseaseCondition,"[""تراكم الدهون في الكبد""]",0.850,1,,
ent_merge_000246,ترسب الدهون في الجلد,ترسب الدهون في الجلد,DiseaseCondition,"[""ترسب الدهون في الجلد""]",0.800,1,,
ent_merge_000247,ترهل,ترهل,DiseaseCondition,"[""ترهل"", ""ترهل جلدى""]",0.917,3,,
ent_merge_000248,ترهل البطن,ترهل البطن,DiseaseCondition,"[""ترهل البطن"", ""ترهلات""]",0.900,2,,
ent_merge_000249,تسارع ضربات القلب,تسارع ضربات القلب,DiseaseCondition,"[""تسارع ضربات القلب"", ""تسارع في ضربات القلب"", ""SVT""]",0.950,3,,
ent_merge_000250,تسارع قلبي,تسارع قلبي,DiseaseCondition,"[""تسارع قلبي""]",0.900,1,,
ent_merge_000251,تساقط الشعر,تساقط الشعر,DiseaseCondition,"[""تساقط الشعر""]",0.850,2,,
ent_merge_000252,تستو سيترون,تستو سيترون,DiseaseCondition,"[""تستو سيترون""]",0.950,1,,
ent_merge_000253,تسرطن للجلد,تسرطن للجلد,DiseaseCondition,"[""تسرطن للجلد""]",0.800,1,,
ent_merge_000255,تسمم,تسمم,DiseaseCondition,"[""تسمم""]",0.900,1,,
ent_merge_000256,تسمم الجسم,تسمم الجسم,DiseaseCondition,"[""تسمم الجسم""]",0.950,2,,
ent_merge_000257,تسمم العصب البصري,تسمم العصب البصري,DiseaseCondition,"[""تسمم العصب البصري""]",0.850,1,,
ent_merge_000258,تسمم غذائي,تسمم غذايي,DiseaseCondition,"[""تسمم غذائي"", ""التسمم الغذائي""]",0.850,1,,
ent_merge_000259,تشقق,تشقق,DiseaseCondition,"[""تشقق"", ""تشقق في زوايا فمي"", ""التشقق""]",0.850,2,,
ent_merge_000260,تشقق الجلد,تشقق الجلد,DiseaseCondition,"[""تشقق الجلد""]",0.900,1,,
ent_merge_000261,تشقق القدمين,تشقق القدمين,DiseaseCondition,"[""تشقق القدمين""]",0.950,1,,
ent_merge_000262,تشمع الكبد,تشمع الكبد,DiseaseCondition,"[""تشمع الكبد""]",0.875,2,,
ent_merge_000263,تشوه,تشوه,DiseaseCondition,"[""تشوه"", ""تشوهات في اليدين و رجلين""]",0.875,2,,
ent_merge_000264,تشوه خلقي,تشوه خلقي,DiseaseCondition,"[""تشوه خلقي""]",0.900,3,,
ent_merge_000265,تشوهات,تشوهات,DiseaseCondition,"[""تشوهات"", ""تشوهات في اليدين و رجلين""]",0.900,2,,
ent_merge_000266,تشوهات جينية,تشوهات جينيه,DiseaseCondition,"[""تشوهات جينية""]",0.800,1,,
ent_merge_000267,تشوهات شرايين المخ,تشوهات شرايين المخ,DiseaseCondition,"[""تشوهات شرايين المخ"", ""تشوهات فى شرايين المخ""]",0.900,1,,
ent_merge_000268,تصلب الجلد,تصلب الجلد,DiseaseCondition,"[""تصلب الجلد""]",0.850,1,,
ent_merge_000269,تصلب الشرايين,تصلب الشرايين,DiseaseCondition,"[""تصلب الشرايين""]",0.850,2,,
ent_merge_000270,تضخم,تضخم,DiseaseCondition,"[""تضخم"", ""تضخم في الارداف""]",0.825,2,,
ent_merge_000271,تضخم الطحال,تضخم الطحال,DiseaseCondition,"[""تضخم الطحال"", ""تضخم ف الطحال"", ""تضخم بالطحال""]",0.933,3,,
ent_merge_000272,تضخم القلب,تضخم القلب,DiseaseCondition,"[""تضخم القلب"", ""تضخم فى القلب""]",0.900,2,,
ent_merge_000273,تضخم الكبد,تضخم الكبد,DiseaseCondition,"[""تضخم الكبد""]",0.900,1,,
ent_merge_000274,تضخم المبيض,تضخم المبيض,DiseaseCondition,"[""تضخم المبيض"", ""تضخم مبيض""]",0.900,1,,
ent_merge_000275,تضخم عضلة القلب,تضخم عضله القلب,DiseaseCondition,"[""تضخم عضلة القلب"", ""تضخم في عضلة القلب""]",0.850,1,,
ent_merge_000276,تضخم في جدار القلب,تضخم في جدار القلب,DiseaseCondition,"[""تضخم في جدار القلب""]",0.850,1,,
ent_merge_000277,تضيق الأبهر,تضيق الابهر,DiseaseCondition,"[""تضيق الأبهر""]",0.800,1,,
ent_merge_000278,تضيق الأوعية,تضيق الاوعيه,DiseaseCondition,"[""تضيق الأوعية"", ""تضيق""]",0.850,1,,
ent_merge_000279,تضيق الحالب,تضيق الحالب,DiseaseCondition,"[""تضيق الحالب""]",0.900,1,,
ent_merge_000280,تضيق الشرايين,تضيق الشرايين,DiseaseCondition,"[""تضيق الشرايين"", ""انسداد في ٣ شرايين"", ""تصلب 3 من شرايين القلب""]",0.883,3,,
ent_merge_000281,تضيق فتحة البواب,تضيق فتحه البواب,DiseaseCondition,"[""تضيق فتحة البواب""]",0.850,1,,
ent_merge_000282,تعجر الأظافر,تعجر الاظافر,DiseaseCondition,"[""تعجر الأظافر"", ""تعجر الأظافرو""]",0.950,1,,
ent_merge_000283,تقرح القولون,تقرح القولون,DiseaseCondition,"[""تقرح القولون"", ""القولون التقرحي"", ""تقرح القولون المزمن""]",0.867,3,,
ent_merge_000284,تقرحات الفم,تقرحات الفم,DiseaseCondition,"[""تقرحات الفم"", ""بثرة""]",0.900,4,,
ent_merge_000285,تقلص في الشرايين,تقلص في الشرايين,DiseaseCondition,"[""تقلص في الشرايين""]",0.900,1,,
ent_merge_000286,تقوس فى القفص الصدرى,تقوس في القفص الصدري,DiseaseCondition,"[""تقوس فى القفص الصدرى""]",0.950,1,,
ent_merge_000287,تكبير الصدر,تكبير الصدر,DiseaseCondition,"[""تكبير الصدر""]",0.900,1,,
ent_merge_000288,تكسير الصفائح الدموية,تكسير الصفايح الدمويه,DiseaseCondition,"[""تكسير الصفائح الدموية"", ""تكسر الصفائح الدمويه"", ""تكسر في الصفائح الدمويه""]",0.950,2,,
ent_merge_000289,تكيس المبايض,تكيس المبايض,DiseaseCondition,"[""تكيس المبايض"", ""تكيس على المبايض""]",0.900,9,,
ent_merge_000290,تلف الانابيب,تلف الانابيب,DiseaseCondition,"[""تلف الانابيب""]",0.850,1,,
ent_merge_000291,تلف كلوي,تلف كلوي,DiseaseCondition,"[""تلف كلوي"", ""تلف""]",0.850,1,,
ent_merge_000292,تليف الرئتين,تليف الريتين,DiseaseCondition,"[""تليف الرئتين""]",0.850,1,,
ent_merge_000293,تليف الكبد,تليف الكبد,DiseaseCondition,"[""تليف الكبد"", ""تليف في الكبد"", ""التليف الكبد""]",0.950,3,,
ent_merge_000294,تليف كبدي,تليف كبدي,DiseaseCondition,"[""تليف كبدي"", ""تليفالكبد""]",0.950,1,,
ent_merge_000295,تمدد الشريان الاورطى,تمدد الشريان الاورطي,DiseaseCondition,"[""تمدد الشريان الاورطى"", ""تمدد فى الشريان الاورطى""]",0.900,1,,
ent_merge_000296,تهاب,تهاب,DiseaseCondition,"[""تهاب"", ""تهابها"", ""التهاب الاذن"", ""التهاب الجيوب"", ""التهاب"", ""التهاب جلدي"", ""التحليل طبيعي . إذا كانت تأخد تيروكسين عليها أن تستمر بنفس الجرعة . وإذا لم تكن تأخذ فالغدة طبيعية ولاتحتاج لشيء"", ""عزيزتي غالباً عن استخدام هرمون الثايروكسين بالجرعة المطلوبة يتحسن النوم لدى الأغلبية ولذلك يجب التأكد ان الجرعة كافية عن طريق تحليل الدم لمستوى هرمون الغدة tsh والأمر الآخر يتطلب استقصاء الأسباب الاخرى لكثرة النوم او الخمول والكسل بشكل عام العضوية والنفسية"", ""عمري ٢٥سنة واعاني من نشاط زائد في الغده الدرقية وقمت بأخذ جرعه من اليود النووي المشع وعندي طفل عمره سنه فما المده الزمنيه المحدده اللتي سأتمكن بعدها"", ""زدت جرعه الثيروكسبن من ٧٥ الى ١٠٠ وبعدها ب ٣ اسابيع احس بالم بالحلق مثل الاحتقان بس مو احتفان لي اسبوع كذا هل ارجع لجرعتي السابقه وماذا افعل"", ""عندكسل غده واخذت علاج اثيروكس 25 رجعت بعدها وحللت الحمدلله نزلت ورجعت للمعدل الطبيعي بعدها بشهرين قاعده اشوفها وصلت 3:11 وبعد 4شهور وصلت3:92 هل هذايعني خلاص استمرعلى الحبوب؟"", ""آلام حادة في المعدة""]",0.847,33,,
ent_merge_000297,تهدل صمام القلب,تهدل صمام القلب,DiseaseCondition,"[""تهدل صمام القلب"", ""تهدل صمام قلب اكليلي""]",0.950,1,,
ent_merge_000298,تهيج القولون,تهيج القولون,DiseaseCondition,"[""تهيج القولون""]",0.950,1,,
ent_merge_000299,تورم القدمين,تورم القدمين,DiseaseCondition,"[""تورم القدمين""]",0.950,2,,
ent_merge_000300,توسع القصبات الهوائية,توسع القصبات الهواييه,DiseaseCondition,"[""توسع القصبات الهوائية""]",0.900,1,,
ent_merge_000301,توسع في الشرايين,توسع في الشرايين,DiseaseCondition,"[""توسع في الشرايين""]",0.900,1,,
ent_merge_000302,توقف القلب,توقف القلب,DiseaseCondition,"[""توقف القلب"", ""توقف قلبه""]",0.910,5,,
ent_merge_000303,ثقب في القلب,ثقب في القلب,DiseaseCondition,"[""ثقب في القلب"", ""ثقب""]",0.883,3,,
ent_merge_000304,ثقوب القلب,ثقوب القلب,DiseaseCondition,"[""ثقوب القلب"", ""ثقبين في القلب"", ""ثقب فى القلب""]",0.950,3,,
ent_merge_000305,ثلاسيميا,ثلاسيميا,DiseaseCondition,"[""ثلاسيميا"", ""ثلاسيميا بيتا"", ""الانيميا بيتا"", ""ثلاسيمياو""]",0.925,4,,
ent_merge_000306,جراثيم,جراثيم,DiseaseCondition,"[""جراثيم""]",0.850,1,,
ent_merge_000307,جرثومة المعده,جرثومه المعده,DiseaseCondition,"[""جرثومة المعده"", ""الجرثومة الحلزونيه"", ""جرتومة المعدة""]",0.904,12,,
ent_merge_000308,جرح,جرح,DiseaseCondition,"[""جرح"", ""الجرح""]",0.950,2,,
ent_merge_000309,جروح,جروح,DiseaseCondition,"[""جروح"", ""الجروح""]",0.950,2,,
ent_merge_000310,جفاف,جفاف,DiseaseCondition,"[""جفاف""]",0.900,2,,
ent_merge_000311,جفاف البشرة,جفاف البشره,DiseaseCondition,"[""جفاف البشرة"", ""جفاف جلد الجفون"", ""جفاف"", ""جسمي دائما جاف جدا""]",0.921,7,,
ent_merge_000312,جفاف الجلد,جفاف الجلد,DiseaseCondition,"[""جفاف الجلد"", ""جفاف الجلد و الشفاه"", ""جفاف الشفة""]",0.850,2,,
ent_merge_000313,جلطة,جلطه,DiseaseCondition,"[""جلطة""]",0.900,1,,
ent_merge_000314,حاصاوى,حاصاوي,DiseaseCondition,"[""حاصاوى""]",0.850,1,,
ent_merge_000315,حالة نفسية,حاله نفسيه,DiseaseCondition,"[""حالة نفسية"", ""حالي""]",0.700,1,,
ent_merge_000316,حالة ولاده,حاله ولاده,DiseaseCondition,"[""حالة ولاده""]",0.800,1,,
ent_merge_000317,حامل,حامل,DiseaseCondition,"[""حامل"", ""الحامل""]",0.850,1,,
ent_merge_000318,حب الشباب,حب الشباب,DiseaseCondition,"[""حب الشباب""]",0.900,6,,
ent_merge_000319,حبة الخال,حبه الخال,DiseaseCondition,"[""حبة الخال"", ""الشامات""]",0.900,2,,
ent_merge_000320,حبوب شباب,حبوب شباب,DiseaseCondition,"[""حبوب شباب""]",0.950,1,,
ent_merge_000321,حثل المادة البيضاء,حثل الماده البيضاء,DiseaseCondition,"[""حثل المادة البيضاء""]",0.950,2,,
ent_merge_000322,حديث الولادة,حديث الولاده,DiseaseCondition,"[""حديث الولادة""]",0.950,2,,
ent_merge_000324,حروق المعدة,حروق المعده,DiseaseCondition,"[""حروق المعدة"", ""حرقة المعدة""]",0.900,1,,
ent_merge_000325,حزاز,حزاز,DiseaseCondition,"[""حزاز"", ""مرض الحزاز""]",0.850,1,,
ent_merge_000326,حساسية,حساسيه,DiseaseCondition,"[""حساسية"", ""أرجية حساسية"", ""حسساسه"", ""المناعة"", ""الحساسية"", ""حساسية الانف"", ""كانديدا"", ""العادة السرية"", ""تحسس"", ""أمراض الحساسية"", ""تحسس ربيعي"", ""حساسية الصدر"", ""حسايية"", ""تحسس انفي"", ""حساسية موسميه"", ""حساسية الغبار"", ""الارتكاريه"", ""حساسية صدر"", ""حساسية الجلد"", ""صدمة حساسية"", ""حساسية القمح"", ""العوامل العامل الحساسية"", ""حب الشباب"", ""حساسية جلديه"", ""تهاب القصبات"", ""حساسية شقية""]",0.902,246,,
ent_merge_000327,حساسية الأسنان,حساسيه الاسنان,DiseaseCondition,"[""حساسية الأسنان"", ""الحساسية"", ""تحسس الاسنان"", ""حساسية""]",0.921,7,,
ent_merge_000328,حساسية الأنف,حساسيه الانف,DiseaseCondition,"[""حساسية الأنف""]",0.900,1,,
ent_merge_000329,حساسية الصدر,حساسيه الصدر,DiseaseCondition,"[""حساسية الصدر"", ""حساسيه بالصدر"", ""الحساسية الصدرية"", ""حساسية"", ""حساسية صدر"", ""حساسية في الجلد( مثل منطقة الصدر)"", ""حساسية في الصدر""]",0.885,13,,
ent_merge_000330,حساسية الغلوتين,حساسيه الغلوتين,DiseaseCondition,"[""حساسية الغلوتين""]",0.950,1,,
ent_merge_000331,حساسية مهبلية,حساسيه مهبليه,DiseaseCondition,"[""حساسية مهبلية""]",0.950,1,,
ent_merge_000332,حساسية موسمية,حساسيه موسميه,DiseaseCondition,"[""حساسية موسمية""]",0.850,1,,
ent_merge_000333,حصاة,حصاه,DiseaseCondition,"[""حصاة"", ""حصى""]",0.950,2,,
ent_merge_000334,حصوة,حصوه,DiseaseCondition,"[""حصوة"", ""الحصوه""]",0.850,2,,
ent_merge_000335,حصوة الكلى,حصوه الكلي,DiseaseCondition,"[""حصوة الكلى""]",0.900,1,,
ent_merge_000336,حصى الحالب,حصي الحالب,DiseaseCondition,"[""حصى الحالب""]",0.900,1,,
ent_merge_000337,حصى المرارة,حصي المراره,DiseaseCondition,"[""حصى المرارة"", ""حصى في المرارة""]",0.900,1,,
ent_merge_000338,حصى في المرارة,حصي في المراره,DiseaseCondition,"[""حصى في المرارة"", ""حصيات المرارة""]",0.850,1,,
ent_merge_000339,حفر حب الشباب,حفر حب الشباب,DiseaseCondition,"[""حفر حب الشباب""]",0.950,1,,
ent_merge_000340,حماض استقلابي,حماض استقلابي,DiseaseCondition,"[""حماض استقلابي"", ""metabolic acidosis""]",0.950,2,,
ent_merge_000341,حمل الأنابيب,حمل الانابيب,DiseaseCondition,"[""حمل الأنابيب"", ""أطفال الأنابيب"", ""طفل الأنابيب""]",0.900,2,,
ent_merge_000342,حموض البول,حموض البول,DiseaseCondition,"[""حموض البول"", ""حمض البول""]",0.950,2,,
ent_merge_000344,خراج,خراج,DiseaseCondition,"[""خراج""]",0.850,1,,
ent_merge_000345,خشونة عالية في الفقرات,خشونه عاليه في الفقرات,DiseaseCondition,"[""خشونة عالية في الفقرات""]",0.900,1,,
ent_merge_000346,خصية,خصيه,DiseaseCondition,"[""خصية""]",0.800,1,,
ent_merge_000347,خلع,خلع,DiseaseCondition,"[""خلع""]",0.950,1,,
ent_merge_000348,خلل بالغدة الجاردرقية,خلل بالغده الجاردرقيه,DiseaseCondition,"[""خلل بالغدة الجاردرقية""]",0.950,1,,
ent_merge_000349,خلل واضطرابات الغدة النخامية,خلل واضطرابات الغده النخاميه,DiseaseCondition,"[""خلل واضطرابات الغدة النخامية""]",0.800,1,,
ent_merge_000350,خلية عصبية,خليه عصبيه,DiseaseCondition,"[""خلية عصبية"", ""خلية ما"", ""الخلاية العصبية""]",0.850,2,,
ent_merge_000351,خمول الغدة الدرقية,خمول الغده الدرقيه,DiseaseCondition,"[""خمول الغدة الدرقية""]",0.850,1,,
ent_merge_000352,داء الحثل العظمي,داء الحثل العظمي,DiseaseCondition,"[""داء الحثل العظمي"", ""فيتامين د""]",0.850,1,,
ent_merge_000353,داء الحمى,داء الحمي,DiseaseCondition,"[""داء الحمى"", ""الحميات""]",0.900,1,,
ent_merge_000354,داء الزهايمر,داء الزهايمر,DiseaseCondition,"[""داء الزهايمر"", ""الزهايمر""]",0.950,2,,
ent_merge_000355,داء السكري,داء السكري,DiseaseCondition,"[""داء السكري"", ""السكر"", ""السكري"", ""مرض السكري"", ""مستوى السكر في الدم"", ""مرضى السكر"", ""السكريات"", ""سكر"", ""Amarel"", ""ريباغلينيد""]",0.912,21,,
ent_merge_000356,داء الفيل,داء الفيل,DiseaseCondition,"[""داء الفيل""]",0.950,1,,
ent_merge_000357,داء القلب,داء القلب,DiseaseCondition,"[""داء القلب"", ""قلب"", ""أمراض القلب""]",0.900,2,,
ent_merge_000358,داء بهجت,داء بهجت,DiseaseCondition,"[""داء بهجت"", ""مرض بهجت""]",0.950,2,,
ent_merge_000359,داء ويلسون,داء ويلسون,DiseaseCondition,"[""داء ويلسون"", ""أعاني من داء ويلسون منذ 15سنة""]",0.950,4,,
ent_merge_000360,دسك,دسك,DiseaseCondition,"[""دسك"", ""دسكين""]",0.900,1,,
ent_merge_000361,دقات القلب المش,دقات القلب المش,DiseaseCondition,"[""دقات القلب المش""]",0.850,1,,
ent_merge_000362,دمل,دمل,DiseaseCondition,"[""دمل""]",0.825,2,,
ent_merge_000363,دهون في الكبد,دهون في الكبد,DiseaseCondition,"[""دهون في الكبد""]",0.850,1,,
ent_merge_000364,دوالي,دوالي,DiseaseCondition,"[""دوالي""]",0.883,3,,
ent_merge_000365,دوالي الخصيتين,دوالي الخصيتين,DiseaseCondition,"[""دوالي الخصيتين""]",0.850,2,,
ent_merge_000366,دوالي الخصية,دوالي الخصيه,DiseaseCondition,"[""دوالي الخصية"", ""دوالي على الخصيه"", ""دوالي الخصيتين"", ""دوالي على الخصيه اليسرى""]",0.883,6,,
ent_merge_000367,دوالي الساقين,دوالي الساقين,DiseaseCondition,"[""دوالي الساقين"", ""دوالي""]",0.938,4,,
ent_merge_000368,دوالي المريء,دوالي المريء,DiseaseCondition,"[""دوالي المريء""]",0.900,2,,
ent_merge_000369,دورة الحيض,دوره الحيض,DiseaseCondition,"[""دورة الحيض""]",0.950,3,,
ent_merge_000370,دوسنتاريا,دوسنتاريا,DiseaseCondition,"[""دوسنتاريا""]",0.950,1,,
ent_merge_000371,ربو,ربو,DiseaseCondition,"[""ربو"", ""ازمة (الربو)"", ""الربو"", ""تحسس قصبي"", ""الربو الشعبي"", ""مرضى الربو"", ""مرضى القلب""]",0.874,31,,
ent_merge_000372,رتجاع مريئي,رتجاع مرييي,DiseaseCondition,"[""رتجاع مريئي"", ""ارتجاع مريئي""]",0.850,1,,
ent_merge_000373,رتوج القولون,رتوج القولون,DiseaseCondition,"[""رتوج القولون""]",0.950,1,,
ent_merge_000374,رقة الرحم,رقه الرحم,DiseaseCondition,"[""رقة الرحم""]",0.900,1,,
ent_merge_000375,روماتيزم الكلى,روماتيزم الكلي,DiseaseCondition,"[""روماتيزم الكلى""]",0.950,1,,
ent_merge_000376,زوائد لحمية,زوايد لحميه,DiseaseCondition,"[""زوائد لحمية""]",0.850,1,,
ent_merge_000377,زيادة الوزن,زياده الوزن,DiseaseCondition,"[""زيادة الوزن"", ""زيادة وزنى""]",0.867,3,,
ent_merge_000378,سرطان,سرطان,DiseaseCondition,"[""سرطان"", ""السرطان"", ""الورم"", ""ورم سرطاني"", ""السرطانات""]",0.923,13,,
ent_merge_000379,سرطان البروستات,سرطان البروستات,DiseaseCondition,"[""سرطان البروستات""]",0.900,4,,
ent_merge_000380,سرطان البنكرياس,سرطان البنكرياس,DiseaseCondition,"[""سرطان البنكرياس""]",0.950,1,,
ent_merge_000381,سرطان الثدي,سرطان الثدي,DiseaseCondition,"[""سرطان الثدي""]",0.936,7,,
ent_merge_000382,سرطان الرئه,سرطان الريه,DiseaseCondition,"[""سرطان الرئه""]",0.950,2,,
ent_merge_000383,سرطان العظم,سرطان العظم,DiseaseCondition,"[""سرطان العظم"", ""انتقل الى العظم""]",0.850,1,,
ent_merge_000384,سرطان العقد اللمفاوية,سرطان العقد اللمفاويه,DiseaseCondition,"[""سرطان العقد اللمفاوية"", ""سرطان العقد اللمفاوية (هودجكن)""]",0.950,1,,
ent_merge_000385,سرطان القولون,سرطان القولون,DiseaseCondition,"[""سرطان القولون"", ""ورم في القولون""]",0.936,7,,
ent_merge_000386,سرطان المستقيم,سرطان المستقيم,DiseaseCondition,"[""سرطان المستقيم""]",0.950,2,,
ent_merge_000387,سرعة القذف,سرعه القذف,DiseaseCondition,"[""سرعة القذف"", ""القذف السريع""]",0.950,11,,
ent_merge_000388,سعار,سعار,DiseaseCondition,"[""سعار""]",0.850,1,,
ent_merge_000389,سقوط الثدي,سقوط الثدي,DiseaseCondition,"[""سقوط الثدي""]",0.950,1,,
ent_merge_000390,سكر,سكر,DiseaseCondition,"[""سكر"", ""سكر أولي"", ""مريض سكر""]",0.833,3,,
ent_merge_000391,سمنة,سمنه,DiseaseCondition,"[""سمنة"", ""السمنة"", ""البدانة"", ""علاج السمنه""]",0.887,4,,
ent_merge_000392,سمنة الأرداف,سمنه الارداف,DiseaseCondition,"[""سمنة الأرداف""]",0.890,5,,
ent_merge_000393,سودموناس,سودموناس,DiseaseCondition,"[""سودموناس"", ""السودموناس""]",0.900,2,,
ent_merge_000394,شرخ شرجي,شرخ شرجي,DiseaseCondition,"[""شرخ شرجي""]",0.900,1,,
ent_merge_000395,شعيرات دموية,شعيرات دمويه,DiseaseCondition,"[""شعيرات دموية""]",0.850,1,,
ent_merge_000396,شعيرات عنكبوتية,شعيرات عنكبوتيه,DiseaseCondition,"[""شعيرات عنكبوتية""]",0.950,1,,
ent_merge_000397,شفة أرنبية,شفه ارنبيه,DiseaseCondition,"[""شفة أرنبية"", ""الشفة الأرنبية""]",0.950,2,,
ent_merge_000398,شق,شق,DiseaseCondition,"[""شق""]",0.950,1,,
ent_merge_000399,شقيقة,شقيقه,DiseaseCondition,"[""شقيقة""]",0.800,1,,
ent_merge_000400,شلل,شلل,DiseaseCondition,"[""شلل""]",0.950,1,,
ent_merge_000401,صحة الجسم,صحه الجسم,DiseaseCondition,"[""صحة الجسم""]",0.850,1,,
ent_merge_000402,صدفية,صدفيه,DiseaseCondition,"[""صدفية""]",0.850,1,,
ent_merge_000403,صرع,صرع,DiseaseCondition,"[""صرع"", ""حالة صرع"", ""كهرباء زائدة"", ""داء الصرع""]",0.917,3,,
ent_merge_000404,صلع,صلع,DiseaseCondition,"[""صلع""]",0.850,1,,
ent_merge_000405,ضرس,ضرس,DiseaseCondition,"[""ضرس""]",0.800,1,,
ent_merge_000406,ضعف الانتصاب,ضعف الانتصاب,DiseaseCondition,"[""ضعف الانتصاب""]",0.950,1,,
ent_merge_000407,ضعف الحركة الأمامية,ضعف الحركه الاماميه,DiseaseCondition,"[""ضعف الحركة الأمامية""]",0.950,1,,
ent_merge_000408,ضعف الدورة الدموية,ضعف الدوره الدمويه,DiseaseCondition,"[""ضعف الدورة الدموية""]",0.900,1,,
ent_merge_000409,ضعف المبايض,ضعف المبايض,DiseaseCondition,"[""ضعف المبايض""]",0.950,1,,
ent_merge_000410,ضعف المناعه,ضعف المناعه,DiseaseCondition,"[""ضعف المناعه""]",0.900,2,,
ent_merge_000411,ضعف جهاز المناعة,ضعف جهاز المناعه,DiseaseCondition,"[""ضعف جهاز المناعة""]",0.850,1,,
ent_merge_000412,ضعف عضلة القلب,ضعف عضله القلب,DiseaseCondition,"[""ضعف عضلة القلب"", ""ضعف في ضخ القلب""]",0.900,2,,
ent_merge_000413,ضعف فى الدورة,ضعف في الدوره,DiseaseCondition,"[""ضعف فى الدورة""]",0.850,1,,
ent_merge_000415,ضغط العين,ضغط العين,DiseaseCondition,"[""ضغط العين"", ""ضغط عين""]",0.850,2,,
ent_merge_000416,ضغط فقرات عظام الرقبة,ضغط فقرات عظام الرقبه,DiseaseCondition,"[""ضغط فقرات عظام الرقبة""]",0.850,1,,
ent_merge_000417,طفح جلدي,طفح جلدي,DiseaseCondition,"[""طفح جلدي"", ""الطفح الجلدي""]",0.850,1,,
ent_merge_000418,طفرات جينية,طفرات جينيه,DiseaseCondition,"[""طفرات جينية"", ""طفرات في الجينات""]",0.800,1,,
ent_merge_000419,عدم الإباضة,عدم الاباضه,DiseaseCondition,"[""عدم الإباضة""]",0.850,1,,
ent_merge_000420,عدم الحمل,عدم الحمل,DiseaseCondition,"[""عدم الحمل"", ""لم انجب""]",0.800,1,,
ent_merge_000421,عدوى الميكروبات,عدوي الميكروبات,DiseaseCondition,"[""عدوى الميكروبات""]",0.900,1,,
ent_merge_000422,عدوى فيروسية,عدوي فيروسيه,DiseaseCondition,"[""عدوى فيروسية""]",0.850,1,,
ent_merge_000423,عرق النسا,عرق النسا,DiseaseCondition,"[""عرق النسا""]",0.850,1,,
ent_merge_000424,عرق النسى,عرق النسي,DiseaseCondition,"[""عرق النسى""]",0.950,1,,
ent_merge_000425,عسر الهضم,عسر الهضم,DiseaseCondition,"[""عسر الهضم""]",0.917,3,,
ent_merge_000426,عضلة القلب,عضله القلب,DiseaseCondition,"[""عضلة القلب""]",0.950,1,,
ent_merge_000427,علم الشيخوخة,علم الشيخوخه,DiseaseCondition,"[""علم الشيخوخة""]",0.950,1,,
ent_merge_000428,غدد ليمفاوية,غدد ليمفاويه,DiseaseCondition,"[""غدد ليمفاوية"", ""الغدد الليمفاوية"", ""العقد اللمفاوية""]",0.900,3,,
ent_merge_000429,غدة درقية,غده درقيه,DiseaseCondition,"[""غدة درقية"", ""الغدة الدرقيه"", ""الغدة""]",0.920,5,,
ent_merge_000430,غدة دهنية,غده دهنيه,DiseaseCondition,"[""غدة دهنية""]",0.850,1,,
ent_merge_000431,غشاء البكارة,غشاء البكاره,DiseaseCondition,"[""غشاء البكارة""]",0.900,2,,
ent_merge_000432,فتحة في القلب,فتحه في القلب,DiseaseCondition,"[""فتحة في القلب""]",0.850,1,,
ent_merge_000433,فتق السرة,فتق السره,DiseaseCondition,"[""فتق السرة"", ""بروز السرة""]",0.950,1,,
ent_merge_000434,فتق باب المعدة,فتق باب المعده,DiseaseCondition,"[""فتق باب المعدة"", ""إلتهاب في أسفل المرىء""]",0.883,3,,
ent_merge_000435,فتق سري,فتق سري,DiseaseCondition,"[""فتق سري"", ""الفتق السري""]",0.850,1,,
ent_merge_000436,فرط التعرق,فرط التعرق,DiseaseCondition,"[""فرط التعرق""]",0.950,1,,
ent_merge_000437,فرط شحميات الدم,فرط شحميات الدم,DiseaseCondition,"[""فرط شحميات الدم""]",0.950,1,,
ent_merge_000438,فرط صوديوم الدم,فرط صوديوم الدم,DiseaseCondition,"[""فرط صوديوم الدم"", ""فرط صوديوم الدم أو نقصه""]",0.850,1,,
ent_merge_000439,فرط فيتامين أ,فرط فيتامين ا,DiseaseCondition,"[""فرط فيتامين أ""]",0.950,1,,
ent_merge_000440,فرط كالسيوم الدم,فرط كالسيوم الدم,DiseaseCondition,"[""فرط كالسيوم الدم""]",0.850,1,,
ent_merge_000441,فشل القلب,فشل القلب,DiseaseCondition,"[""فشل القلب""]",0.950,1,,
ent_merge_000442,فشل قلبي,فشل قلبي,DiseaseCondition,"[""فشل قلبي"", ""فشل القلبي"", ""ضعف عظلت القلب""]",0.900,2,,
ent_merge_000443,فشل كلوى,فشل كلوي,DiseaseCondition,"[""فشل كلوى""]",0.900,3,,
ent_merge_000444,فطريات,فطريات,DiseaseCondition,"[""فطريات"", ""الاصابه بالفطريات""]",0.836,7,,
ent_merge_000445,فطريات الفم,فطريات الفم,DiseaseCondition,"[""فطريات الفم""]",0.900,1,,
ent_merge_000446,فقر الدم,فقر الدم,DiseaseCondition,"[""فقر الدم"", ""فقر دم"", ""فقر"", ""انيميا"", ""فقر الدم المزمن"", ""الانيميا"", ""انيميا الفوليه"", ""نقص في الدم"", ""انيميا منجليه"", ""فقر الدم الصيام"", ""انيميا الفول (G6PD)""]",0.868,46,,
ent_merge_000447,فقر الدم الانحلالي,فقر الدم الانحلالي,DiseaseCondition,"[""فقر الدم الانحلالي""]",0.850,1,,
ent_merge_000448,فقر دم,فقر دم,DiseaseCondition,"[""فقر دم""]",0.863,4,,
ent_merge_000449,فوبيا,فوبيا,DiseaseCondition,"[""فوبيا""]",0.900,1,,
ent_merge_000450,فيرس B,فيرس b,DiseaseCondition,"[""فيرس B""]",0.900,1,,
ent_merge_000451,فيروس الالتهاب الكبدي,فيروس الالتهاب الكبدي,DiseaseCondition,"[""فيروس الالتهاب الكبدي"", ""Virus - hepatitis""]",0.900,1,,
ent_merge_000452,فيروس الكبد,فيروس الكبد,DiseaseCondition,"[""فيروس الكبد""]",0.900,1,,
ent_merge_000453,فيروسات الكبد,فيروسات الكبد,DiseaseCondition,"[""فيروسات الكبد""]",0.900,2,,
ent_merge_000454,قذف سريع,قذف سريع,DiseaseCondition,"[""قذف سريع""]",0.850,1,,
ent_merge_000455,قرحة,قرحه,DiseaseCondition,"[""قرحة"", ""القرحة""]",0.842,6,,
ent_merge_000456,قرحة المعدة,قرحه المعده,DiseaseCondition,"[""قرحة المعدة""]",0.917,3,,
ent_merge_000457,قرحة معدة,قرحه معده,DiseaseCondition,"[""قرحة معدة""]",0.900,1,,
ent_merge_000458,قشرة الرأس,قشره الراس,DiseaseCondition,"[""قشرة الرأس""]",0.950,1,,
ent_merge_000459,قصزر الغدة الدرقية,قصزر الغده الدرقيه,DiseaseCondition,"[""قصزر الغدة الدرقية""]",0.950,1,,
ent_merge_000460,قصور الغدة الدرقية,قصور الغده الدرقيه,DiseaseCondition,"[""قصور الغدة الدرقية""]",0.850,1,,
ent_merge_000461,قصور الغدة النخامية,قصور الغده النخاميه,DiseaseCondition,"[""قصور الغدة النخامية""]",0.900,1,,
ent_merge_000462,قصور عضلة القلب,قصور عضله القلب,DiseaseCondition,"[""قصور عضلة القلب""]",0.950,1,,
ent_merge_000463,قصور في وظيفة الكلى,قصور في وظيفه الكلي,DiseaseCondition,"[""قصور في وظيفة الكلى"", ""هبوط فى الكلى""]",0.900,2,,
ent_merge_000464,قلاء أيزي,قلاء ايزي,DiseaseCondition,"[""قلاء أيزي"", ""metabolic alkalosis""]",0.950,2,,
ent_merge_000465,قلاع فموي,قلاع فموي,DiseaseCondition,"[""قلاع فموي""]",0.850,1,,
ent_merge_000467,قهم العصابي,قهم العصابي,DiseaseCondition,"[""قهم العصابي"", ""قهم العصابي anorexia nervosa""]",0.950,1,,
ent_merge_000468,كانديدا,كانديدا,DiseaseCondition,"[""كانديدا""]",0.850,1,,
ent_merge_000469,كبر حجم الثدي,كبر حجم الثدي,DiseaseCondition,"[""كبر حجم الثدي""]",0.950,1,,
ent_merge_000470,كتله,كتله,DiseaseCondition,"[""كتله""]",0.850,1,,
ent_merge_000471,كتلة دهنية,كتله دهنيه,DiseaseCondition,"[""كتلة دهنية""]",0.850,1,,
ent_merge_000472,كدمة,كدمه,DiseaseCondition,"[""كدمة""]",0.900,1,,
ent_merge_000474,كرش,كرش,DiseaseCondition,"[""كرش"", ""الكرش""]",0.850,1,,
ent_merge_000475,كسر,كسر,DiseaseCondition,"[""كسر""]",0.950,3,,
ent_merge_000476,كسور,كسور,DiseaseCondition,"[""كسور""]",0.950,1,,
ent_merge_000477,كسور العظام,كسور العظام,DiseaseCondition,"[""كسور العظام""]",0.900,1,,
ent_merge_000478,كلف,كلف,DiseaseCondition,"[""كلف""]",0.850,1,,
ent_merge_000479,كيس دهني,كيس دهني,DiseaseCondition,"[""كيس دهني"", ""كيس دهنية""]",0.900,2,,
ent_merge_000480,كيس رطب,كيس رطب,DiseaseCondition,"[""كيس رطب""]",0.850,1,,
ent_merge_000481,كيس على المبيض,كيس علي المبيض,DiseaseCondition,"[""كيس على المبيض""]",0.850,2,,
ent_merge_000482,كيس في المبيض,كيس في المبيض,DiseaseCondition,"[""كيس في المبيض"", ""التكيس""]",0.950,2,,
ent_merge_000483,كيس ماء تحت الجلد,كيس ماء تحت الجلد,DiseaseCondition,"[""كيس ماء تحت الجلد""]",0.950,1,,
ent_merge_000484,كيس ماء في الخصية,كيس ماء في الخصيه,DiseaseCondition,"[""كيس ماء في الخصية""]",0.850,1,,
ent_merge_000485,كيس منفوخ,كيس منفوخ,DiseaseCondition,"[""كيس منفوخ""]",0.850,1,,
ent_merge_000486,كيسة دهنية,كيسه دهنيه,DiseaseCondition,"[""كيسة دهنية""]",0.950,1,,
ent_merge_000487,لحمية,لحميه,DiseaseCondition,"[""لحمية""]",0.900,1,,
ent_merge_000488,لحمية الرحم,لحميه الرحم,DiseaseCondition,"[""لحمية الرحم"", ""لحمية""]",0.900,2,,
ent_merge_000489,لياقة بدنية,لياقه بدنيه,DiseaseCondition,"[""لياقة بدنية""]",0.850,1,,
ent_merge_000490,متلازمة Chiari,متلازمه chiari,DiseaseCondition,"[""متلازمة Chiari""]",0.850,2,,
ent_merge_000491,متلازمة ادوارد,متلازمه ادوارد,DiseaseCondition,"[""متلازمة ادوارد""]",0.950,1,,
ent_merge_000492,متلازمة القولون,متلازمه القولون,DiseaseCondition,"[""متلازمة القولون"", ""القولون العصبي""]",0.950,2,,
ent_merge_000493,متلازمة القولون العصابي,متلازمه القولون العصابي,DiseaseCondition,"[""متلازمة القولون العصابي""]",0.900,1,,
ent_merge_000494,متلازمة القولون العصبي,متلازمه القولون العصبي,DiseaseCondition,"[""متلازمة القولون العصبي"", ""القولون العصبي""]",0.900,2,,
ent_merge_000495,متلازمة داون,متلازمه داون,DiseaseCondition,"[""متلازمة داون"", ""داون""]",0.914,11,,
ent_merge_000496,متلازمة عدم الحساسية للأندروجين الكاملة,متلازمه عدم الحساسيه للاندروجين الكامله,DiseaseCondition,"[""متلازمة عدم الحساسية للأندروجين الكاملة""]",0.950,1,,
ent_merge_000497,متلازمة مارفان,متلازمه مارفان,DiseaseCondition,"[""متلازمة مارفان""]",0.950,1,,
ent_merge_000498,متلازمة نقص الحساسية الجزئي للأندروجين,متلازمه نقص الحساسيه الجزيي للاندروجين,DiseaseCondition,"[""متلازمة نقص الحساسية الجزئي للأندروجين""]",0.950,1,,
ent_merge_000499,متلازمة نونان,متلازمه نونان,DiseaseCondition,"[""متلازمة نونان""]",0.867,3,,
ent_merge_000500,مرارة,مراره,DiseaseCondition,"[""مرارة"", ""المرارة""]",0.883,3,,
ent_merge_000501,مرض الإيدز,مرض الايدز,DiseaseCondition,"[""مرض الإيدز""]",0.900,1,,
ent_merge_000502,مرض التشمع الصفراوي,مرض التشمع الصفراوي,DiseaseCondition,"[""مرض التشمع الصفراوي""]",0.900,1,,
ent_merge_000503,مرض الرنح الوراثي,مرض الرنح الوراثي,DiseaseCondition,"[""مرض الرنح الوراثي""]",0.883,3,,
ent_merge_000504,مرض الزهايمر,مرض الزهايمر,DiseaseCondition,"[""مرض الزهايمر""]",0.850,1,,
ent_merge_000505,مرض السكري,مرض السكري,DiseaseCondition,"[""مرض السكري"", ""مرض السكر"", ""السكري"", ""مرض السكري المتظور""]",0.919,13,,
ent_merge_000506,مرض الصدر,مرض الصدر,DiseaseCondition,"[""مرض الصدر"", ""امراض الصدر""]",0.900,1,,
ent_merge_000507,مرض الغدة الدرقية,مرض الغده الدرقيه,DiseaseCondition,"[""مرض الغدة الدرقية""]",0.950,3,,
ent_merge_000508,مرض القلب,مرض القلب,DiseaseCondition,"[""مرض القلب"", ""امراض القلب""]",0.833,3,,
ent_merge_000509,مرض الكلى,مرض الكلي,DiseaseCondition,"[""مرض الكلى""]",0.950,1,,
ent_merge_000510,مرض باركنسون,مرض باركنسون,DiseaseCondition,"[""مرض باركنسون""]",0.850,1,,
ent_merge_000511,مرض بيروني,مرض بيروني,DiseaseCondition,"[""مرض بيروني""]",0.800,1,,
ent_merge_000512,مرض تحت القلب,مرض تحت القلب,DiseaseCondition,"[""مرض تحت القلب""]",0.850,1,,
ent_merge_000513,مرض تشمع الكبد,مرض تشمع الكبد,DiseaseCondition,"[""مرض تشمع الكبد""]",0.900,1,,
ent_merge_000514,مرض زيادة الكريات الحمر,مرض زياده الكريات الحمر,DiseaseCondition,"[""مرض زيادة الكريات الحمر""]",0.950,1,,
ent_merge_000515,مرض فردرايخ,مرض فردرايخ,DiseaseCondition,"[""مرض فردرايخ""]",0.950,1,,
ent_merge_000516,مرض فنير كتنوري,مرض فنير كتنوري,DiseaseCondition,"[""مرض فنير كتنوري"", ""مرض فنير كتنوريى""]",0.950,1,,
ent_merge_000517,مرض كورن,مرض كورن,DiseaseCondition,"[""مرض كورن""]",0.900,1,,
ent_merge_000518,مرض وراثي,مرض وراثي,DiseaseCondition,"[""مرض وراثي""]",0.850,1,,
ent_merge_000519,مرضعة,مرضعه,DiseaseCondition,"[""مرضعة""]",0.800,1,,
ent_merge_000520,مشاكل الجهاز التنفسي,مشاكل الجهاز التنفسي,DiseaseCondition,"[""مشاكل الجهاز التنفسي""]",0.900,1,,
ent_merge_000521,مشاكل عقليه,مشاكل عقليه,DiseaseCondition,"[""مشاكل عقليه""]",0.900,1,,
ent_merge_000522,مشاكل في الكبد,مشاكل في الكبد,DiseaseCondition,"[""مشاكل في الكبد""]",0.950,1,,
ent_merge_000523,مشكلة بالغدة الدرقية,مشكله بالغده الدرقيه,DiseaseCondition,"[""مشكلة بالغدة الدرقية""]",0.900,1,,
ent_merge_000524,مشكلة بالكلي,مشكله بالكلي,DiseaseCondition,"[""مشكلة بالكلي""]",0.900,1,,
ent_merge_000525,مقاومة الأنسولين,مقاومه الانسولين,DiseaseCondition,"[""مقاومة الأنسولين""]",0.850,1,,
ent_merge_000526,موت,موت,DiseaseCondition,"[""موت"", ""الموت""]",0.950,1,,
ent_merge_000527,ناسور,ناسور,DiseaseCondition,"[""ناسور""]",0.867,3,,
ent_merge_000528,نحافة,نحافه,DiseaseCondition,"[""نحافة""]",0.850,1,,
ent_merge_000529,نخر الأسنان,نخر الاسنان,DiseaseCondition,"[""نخر الأسنان"", ""نخر""]",0.900,1,,
ent_merge_000530,ندبات,ندبات,DiseaseCondition,"[""ندبات""]",0.850,1,,
ent_merge_000531,ندبات حب الشباب,ندبات حب الشباب,DiseaseCondition,"[""ندبات حب الشباب""]",0.950,1,,
ent_merge_000532,نزف من القولون,نزف من القولون,DiseaseCondition,"[""نزف من القولون""]",0.950,1,,
ent_merge_000533,نزلات البرد,نزلات البرد,DiseaseCondition,"[""نزلات البرد""]",0.900,1,,
ent_merge_000534,نزلة البرد,نزله البرد,DiseaseCondition,"[""نزلة البرد""]",0.850,1,,
ent_merge_000535,نزلة معوية,نزله معويه,DiseaseCondition,"[""نزلة معوية""]",0.863,4,,
ent_merge_000537,نزيف المخ,نزيف المخ,DiseaseCondition,"[""نزيف المخ"", ""نزيف اسفل الام العنكبوتية"", ""نزيف فى المخ""]",0.850,2,,
ent_merge_000538,نقص الالبومين,نقص الالبومين,DiseaseCondition,"[""نقص الالبومين""]",0.850,1,,
ent_merge_000539,نقص الألدوستيرون الكاذب,نقص الالدوستيرون الكاذب,DiseaseCondition,"[""نقص الألدوستيرون الكاذب"", ""نقص ألألدسترون الكاذب""]",0.950,1,,
ent_merge_000540,نقص التروية,نقص الترويه,DiseaseCondition,"[""نقص التروية""]",0.900,1,,
ent_merge_000541,نقص التغذية,نقص التغذيه,DiseaseCondition,"[""نقص التغذية"", ""نقص في التغذية""]",0.800,1,,
ent_merge_000542,نقص التهوية,نقص التهويه,DiseaseCondition,"[""نقص التهوية""]",0.850,1,,
ent_merge_000543,نقص الحديد,نقص الحديد,DiseaseCondition,"[""نقص الحديد""]",0.917,3,,
ent_merge_000544,نقص الدرق,نقص الدرق,DiseaseCondition,"[""نقص الدرق""]",0.950,1,,
ent_merge_000545,نقص السكر,نقص السكر,DiseaseCondition,"[""نقص السكر""]",0.950,1,,
ent_merge_000546,نقص الكرياتين,نقص الكرياتين,DiseaseCondition,"[""نقص الكرياتين"", ""نقص مادة الكرياتين""]",0.900,1,,
ent_merge_000547,نقص في التغذية,نقص في التغذيه,DiseaseCondition,"[""نقص في التغذية""]",0.800,1,,
ent_merge_000548,نقص في الكالسيوم,نقص في الكالسيوم,DiseaseCondition,"[""نقص في الكالسيوم""]",0.900,1,,
ent_merge_000549,نقص في الهرمونات,نقص في الهرمونات,DiseaseCondition,"[""نقص في الهرمونات""]",0.900,1,,
ent_merge_000550,نقص فيتامين ب 12,نقص فيتامين ب 12,DiseaseCondition,"[""نقص فيتامين ب 12"", ""نقص فيتامينات""]",0.700,1,,
ent_merge_000551,نقص فيتامين ب 6,نقص فيتامين ب 6,DiseaseCondition,"[""نقص فيتامين ب 6"", ""فيتامينات ب 12 وب 6""]",0.700,1,,
ent_merge_000552,نقص فيتامين د,نقص فيتامين د,DiseaseCondition,"[""نقص فيتامين د"", ""نقص فيتامين دال""]",0.910,5,,
ent_merge_000553,نقص هرمون الغدة الدرقية,نقص هرمون الغده الدرقيه,DiseaseCondition,"[""نقص هرمون الغدة الدرقية"", ""نقص حاد ف هرمون الغدة""]",0.950,1,,
ent_merge_000554,نقص هرمونات,نقص هرمونات,DiseaseCondition,"[""نقص هرمونات""]",0.950,2,,
ent_merge_000555,نمش,نمش,DiseaseCondition,"[""نمش""]",0.850,1,,
ent_merge_000556,نوبات الهلع,نوبات الهلع,DiseaseCondition,"[""نوبات الهلع""]",0.950,1,,
ent_merge_000557,نيكوتين,نيكوتين,DiseaseCondition,"[""نيكوتين""]",0.850,1,,
ent_merge_000558,نيوفيبروما,نيوفيبروما,DiseaseCondition,"[""نيوفيبروما""]",0.950,1,,
ent_merge_000559,هبوط الضغط,هبوط الضغط,DiseaseCondition,"[""هبوط الضغط"", ""هبوط في الضغط""]",0.850,1,,
ent_merge_000560,هبوط عمل الكلى,هبوط عمل الكلي,DiseaseCondition,"[""هبوط عمل الكلى""]",0.850,1,,
ent_merge_000562,هرمون البروجسترون,هرمون البروجسترون,DiseaseCondition,"[""هرمون البروجسترون"", ""البروجيستيرون""]",0.950,2,,
ent_merge_000563,هرمون التستو سيترون,هرمون التستو سيترون,DiseaseCondition,"[""هرمون التستو سيترون""]",0.900,1,,
ent_merge_000564,هرمون الحليب,هرمون الحليب,DiseaseCondition,"[""هرمون الحليب"", ""البرولاكتين""]",0.917,6,,
ent_merge_000565,هرمون الغدة الدرقية,هرمون الغده الدرقيه,DiseaseCondition,"[""هرمون الغدة الدرقية""]",0.850,1,,
ent_merge_000566,هرمون اللبن,هرمون اللبن,DiseaseCondition,"[""هرمون اللبن""]",0.950,1,,
ent_merge_000567,هشاشة العظام,هشاشه العظام,DiseaseCondition,"[""هشاشة العظام""]",0.912,4,,
ent_merge_000568,ورم,ورم,DiseaseCondition,"[""ورم"", ""ورم او كيس"", ""ورم في جبهه"", ""كبة بالفخذ"", ""كتله في ثدري الايسر"", ""الجلد"", ""ورما في منطقه الحوض علي اليمين ليس به الم""]",0.892,12,,
ent_merge_000569,ورم البرولاكتين,ورم البرولاكتين,DiseaseCondition,"[""ورم البرولاكتين""]",0.950,1,,
ent_merge_000570,ورم بالغده النخاميه,ورم بالغده النخاميه,DiseaseCondition,"[""ورم بالغده النخاميه""]",0.950,1,,
ent_merge_000571,ورم دموي,ورم دموي,DiseaseCondition,"[""ورم دموي"", ""الورم الدموي""]",0.850,1,,
ent_merge_000572,ورم عصب السمع,ورم عصب السمع,DiseaseCondition,"[""ورم عصب السمع""]",0.900,1,,
ent_merge_000573,ورم ليفي,ورم ليفي,DiseaseCondition,"[""ورم ليفي""]",0.850,1,,
ent_merge_000574,ورم وعائي,ورم وعايي,DiseaseCondition,"[""ورم وعائي"", ""الورم الوعائي""]",0.950,1,,
ent_merge_000575,وريد مغلق,وريد مغلق,DiseaseCondition,"[""وريد مغلق""]",0.850,1,,
ent_merge_000576,وزن زائد,وزن زايد,DiseaseCondition,"[""وزن زائد""]",0.950,1,,
ent_merge_000577,وسواس قهري,وسواس قهري,DiseaseCondition,"[""وسواس قهري"", ""الوسواس القهري"", ""وسواس""]",0.890,5,,
ent_merge_000578,ولادة,ولاده,DiseaseCondition,"[""ولادة"", ""الولادة""]",0.850,1,,
ent_merge_000579,ولادة مبكرة,ولاده مبكره,DiseaseCondition,"[""ولادة مبكرة""]",0.825,2,,
ent_merge_000580,آثار جانبية,اثار جانبيه,Symptom,"[""آثار جانبية""]",0.850,1,,
ent_merge_000581,أجسام مضادة,اجسام مضاده,Symptom,"[""أجسام مضادة""]",0.850,1,,
ent_merge_000582,احتقان الحلق,احتقان الحلق,Symptom,"[""احتقان الحلق""]",0.850,1,,
ent_merge_000583,إحتقان في الأنف,احتقان في الانف,Symptom,"[""إحتقان في الأنف""]",0.850,1,,
ent_merge_000584,إحتقان في الوجه,احتقان في الوجه,Symptom,"[""إحتقان في الوجه""]",0.850,1,,
ent_merge_000585,احمرار,احمرار,Symptom,"[""احمرار""]",0.900,1,,
ent_merge_000586,اختلال الذاكره,اختلال الذاكره,Symptom,"[""اختلال الذاكره""]",0.900,1,,
ent_merge_000587,اختلال وظائف الكبد,اختلال وظايف الكبد,Symptom,"[""اختلال وظائف الكبد""]",0.900,2,,
ent_merge_000588,اختلال وظائف الكلى,اختلال وظايف الكلي,Symptom,"[""اختلال وظائف الكلى""]",0.850,1,,
ent_merge_000589,اذية كلوية,اذيه كلويه,Symptom,"[""اذية كلوية""]",0.800,1,,
ent_merge_000591,ارتعاش,ارتعاش,Symptom,"[""ارتعاش"", ""ترتعش""]",0.850,1,,
ent_merge_000592,ارتعاش اليدين,ارتعاش اليدين,Symptom,"[""ارتعاش اليدين"", ""الارتعاش""]",0.950,2,,
ent_merge_000593,إرتفاع الحرارة,ارتفاع الحراره,Symptom,"[""إرتفاع الحرارة"", ""إرتفاع درجة الحراره""]",0.900,2,,
ent_merge_000594,ارتفاع في بوتاسيوم الدم,ارتفاع في بوتاسيوم الدم,Symptom,"[""ارتفاع في بوتاسيوم الدم""]",0.900,1,,
ent_merge_000595,ارتفاع وظائف الكلى,ارتفاع وظايف الكلي,Symptom,"[""ارتفاع وظائف الكلى""]",0.850,1,,
ent_merge_000596,أرق,ارق,Symptom,"[""أرق"", ""الأرق""]",0.850,1,,
ent_merge_000597,إرهاق,ارهاق,Symptom,"[""إرهاق"", ""اتوتر"", ""ارهاق عام""]",0.750,3,,
ent_merge_000598,ازرقاء القدم,ازرقاء القدم,Symptom,"[""ازرقاء القدم""]",0.950,2,,
ent_merge_000599,استفراغ,استفراغ,Symptom,"[""استفراغ"", ""الاستفراغ"", ""استفرغ""]",0.925,2,,
ent_merge_000600,إسهال,اسهال,Symptom,"[""إسهال""]",0.867,15,,
ent_merge_000601,اصفرار العين,اصفرار العين,Symptom,"[""اصفرار العين"", ""اصفرار في العين""]",0.850,1,,
ent_merge_000602,اصفرار في العين,اصفرار في العين,Symptom,"[""اصفرار في العين"", ""أصفرار بياض العين""]",0.950,2,,
ent_merge_000603,إعاقة التنفس,اعاقه التنفس,Symptom,"[""إعاقة التنفس""]",0.900,1,,
ent_merge_000604,افرازات,افرازات,Symptom,"[""افرازات"", ""افرازات من اللعاب""]",0.900,1,,
ent_merge_000605,افرضات مهبلية,افرضات مهبليه,Symptom,"[""افرضات مهبلية"", ""إفرازات مهبلية""]",0.900,2,,
ent_merge_000608,الاحساس بالتقيؤ,الاحساس بالتقيو,Symptom,"[""الاحساس بالتقيؤ""]",0.950,1,,
ent_merge_000609,الإختناق,الاختناق,Symptom,"[""الإختناق""]",0.850,1,,
ent_merge_000610,الارتباك,الارتباك,Symptom,"[""الارتباك""]",0.950,1,,
ent_merge_000611,الاسهال,الاسهال,Symptom,"[""الاسهال""]",0.900,1,,
ent_merge_000612,الاسيد,الاسيد,Symptom,"[""الاسيد""]",0.850,1,,
ent_merge_000613,الاصفرار,الاصفرار,Symptom,"[""الاصفرار""]",0.875,2,,
ent_merge_000614,الإفراط في تناول الطعام,الافراط في تناول الطعام,Symptom,"[""الإفراط في تناول الطعام""]",0.850,1,,
ent_merge_000615,الالام,الالام,Symptom,"[""الالام""]",0.900,1,,
ent_merge_000616,الألم,الالم,Symptom,"[""الألم"", ""الالم المستمر""]",0.870,5,,
ent_merge_000617,الام,الام,Symptom,"[""الام"", ""الامه""]",0.869,8,,
ent_merge_000618,الام المعدة,الام المعده,Symptom,"[""الام المعدة""]",0.950,1,,
ent_merge_000619,آلام بالظهر,الام بالظهر,Symptom,"[""آلام بالظهر""]",0.900,2,,
ent_merge_000620,الام بالعضلات,الام بالعضلات,Symptom,"[""الام بالعضلات""]",0.800,1,,
ent_merge_000621,آلام بالكتفين,الام بالكتفين,Symptom,"[""آلام بالكتفين""]",0.900,1,,
ent_merge_000622,آلام بالكتيفين,الام بالكتيفين,Symptom,"[""آلام بالكتيفين""]",0.900,1,,
ent_merge_000623,آلام في البطن,الام في البطن,Symptom,"[""آلام في البطن""]",0.850,2,,
ent_merge_000624,آلام في المفاصل,الام في المفاصل,Symptom,"[""آلام في المفاصل""]",0.850,1,,
ent_merge_000625,الإمساك,الامساك,Symptom,"[""الإمساك""]",0.900,3,,
ent_merge_000626,الانتفاخ,الانتفاخ,Symptom,"[""الانتفاخ"", ""انتفاخ""]",0.850,3,,
ent_merge_000627,الانف,الانف,Symptom,"[""الانف""]",0.900,2,,
ent_merge_000628,البرد,البرد,Symptom,"[""البرد""]",0.800,1,,
ent_merge_000629,البروتينات,البروتينات,Symptom,"[""البروتينات""]",0.850,1,,
ent_merge_000630,البلغم,البلغم,Symptom,"[""البلغم"", ""بلغم""]",0.825,2,,
ent_merge_000631,البيليروبين,البيليروبين,Symptom,"[""البيليروبين""]",0.850,1,,
ent_merge_000632,التثاؤب,التثاوب,Symptom,"[""التثاؤب""]",0.900,2,,
ent_merge_000633,التجشؤ,التجشو,Symptom,"[""التجشؤ""]",0.900,1,,
ent_merge_000634,التعب,التعب,Symptom,"[""التعب""]",0.850,2,,
ent_merge_000635,التقيئ,التقيي,Symptom,"[""التقيئ"", ""احساس بالتقيئ""]",0.850,1,,
ent_merge_000636,التنفس,التنفس,Symptom,"[""التنفس""]",0.900,2,,
ent_merge_000637,التهيج,التهيج,Symptom,"[""التهيج""]",0.850,1,,
ent_merge_000638,التوتر,التوتر,Symptom,"[""التوتر"", ""التوتر والارهاق والقلق""]",0.838,4,,
ent_merge_000639,الجفاف,الجفاف,Symptom,"[""الجفاف"", ""جفاف""]",0.800,1,,
ent_merge_000640,الجماع,الجماع,Symptom,"[""الجماع"", ""جماع"", ""العملية الجنسية""]",0.850,4,,
ent_merge_000641,الجوع,الجوع,Symptom,"[""الجوع"", ""شعور بالجوع""]",0.900,2,,
ent_merge_000642,الحركة,الحركه,Symptom,"[""الحركة"", ""الحركة السريعة"", ""الحركة البطيئة""]",0.800,3,,
ent_merge_000643,الحركة البطيئة,الحركه البطييه,Symptom,"[""الحركة البطيئة""]",0.800,1,,
ent_merge_000644,الحركة السريعة,الحركه السريعه,Symptom,"[""الحركة السريعة""]",0.800,1,,
ent_merge_000645,الحيوانات المنوية,الحيوانات المنويه,Symptom,"[""الحيوانات المنوية""]",0.850,3,,
ent_merge_000646,الخوف,الخوف,Symptom,"[""الخوف""]",0.875,2,,
ent_merge_000647,الدم,الدم,Symptom,"[""الدم"", ""دم""]",0.875,2,,
ent_merge_000648,الدوار,الدوار,Symptom,"[""الدوار""]",0.950,1,,
ent_merge_000649,الدوخة,الدوخه,Symptom,"[""الدوخة"", ""دوخة""]",0.900,2,,
ent_merge_000651,الدوقه,الدوقه,Symptom,"[""الدوقه"", ""الدوخة""]",0.950,1,,
ent_merge_000652,الرعشة الجنسية,الرعشه الجنسيه,Symptom,"[""الرعشة الجنسية""]",0.950,1,,
ent_merge_000653,الرغبة للاخراج,الرغبه للاخراج,Symptom,"[""الرغبة للاخراج""]",0.900,1,,
ent_merge_000654,الركوض,الركوض,Symptom,"[""الركوض""]",0.700,1,,
ent_merge_000655,الرهبة,الرهبه,Symptom,"[""الرهبة""]",0.900,1,,
ent_merge_000656,الريح,الريح,Symptom,"[""الريح""]",0.850,1,,
ent_merge_000657,الزراق,الزراق,Symptom,"[""الزراق""]",0.875,2,,
ent_merge_000658,السائل اللمفي,السايل اللمفي,Symptom,"[""السائل اللمفي""]",0.850,1,,
ent_merge_000659,السهر,السهر,Symptom,"[""السهر""]",0.850,1,,
ent_merge_000660,الشيشة,الشيشه,Symptom,"[""الشيشة""]",0.900,1,,
ent_merge_000661,الصداع,الصداع,Symptom,"[""الصداع""]",0.867,3,,
ent_merge_000662,الصداع الجانبية,الصداع الجانبيه,Symptom,"[""الصداع الجانبية""]",0.950,1,,
ent_merge_000664,الضغظ,الضغظ,Symptom,"[""الضغظ""]",0.850,1,,
ent_merge_000665,الطفح الجلدي,الطفح الجلدي,Symptom,"[""الطفح الجلدي""]",0.950,1,,
ent_merge_000666,العرق,العرق,Symptom,"[""العرق""]",0.950,1,,
ent_merge_000667,الغازات,الغازات,Symptom,"[""الغازات"", ""غازات""]",0.863,4,,
ent_merge_000668,الغثيان,الغثيان,Symptom,"[""الغثيان""]",0.900,2,,
ent_merge_000669,الغلوتين,الغلوتين,Symptom,"[""الغلوتين""]",0.900,1,,
ent_merge_000670,القلق,القلق,Symptom,"[""القلق"", ""قلق"", ""القلق والتوتر"", ""التوتر والارهاق والقلق""]",0.855,11,,
ent_merge_000671,الكآبة,الكابه,Symptom,"[""الكآبة""]",0.850,1,,
ent_merge_000672,الكافيين,الكافيين,Symptom,"[""الكافيين""]",0.800,1,,
ent_merge_000673,الكحة,الكحه,Symptom,"[""الكحة"", ""كحه""]",0.850,1,,
ent_merge_000675,ألم اسفل البطن,الم اسفل البطن,Symptom,"[""ألم اسفل البطن""]",0.850,1,,
ent_merge_000676,ألم الأسنان,الم الاسنان,Symptom,"[""ألم الأسنان"", ""يؤلمني"", ""يوجعني"", ""ألم""]",0.850,4,,
ent_merge_000677,ألم الصدر,الم الصدر,Symptom,"[""ألم الصدر"", ""ألم أو الشعور بعدم راحة في الصدر"", ""ألام فى صدرى""]",0.900,2,,
ent_merge_000678,ألم حادة,الم حاده,Symptom,"[""ألم حادة"", ""الالم الحادة""]",0.850,1,,
ent_merge_000679,ألم في الصدر,الم في الصدر,Symptom,"[""ألم في الصدر"", ""ألم شديد في الصدر"", ""ألم في صدري""]",0.850,2,,
ent_merge_000680,الم في القدم,الم في القدم,Symptom,"[""الم في القدم"", ""الم في قدمي""]",0.800,1,,
ent_merge_000681,الم في اليد,الم في اليد,Symptom,"[""الم في اليد"", ""الم""]",0.800,1,,
ent_merge_000682,المغص,المغص,Symptom,"[""المغص""]",0.825,2,,
ent_merge_000683,المنوية,المنويه,Symptom,"[""المنوية""]",0.700,1,,
ent_merge_000684,النتصاب,النتصاب,Symptom,"[""النتصاب""]",0.850,1,,
ent_merge_000685,النحافة,النحافه,Symptom,"[""النحافة""]",0.900,1,,
ent_merge_000686,النرفزة,النرفزه,Symptom,"[""النرفزة""]",0.850,1,,
ent_merge_000687,النعاس,النعاس,Symptom,"[""النعاس""]",0.875,2,,
ent_merge_000688,النفخة,النفخه,Symptom,"[""النفخة""]",0.900,1,,
ent_merge_000689,الهبات الساخنة,الهبات الساخنه,Symptom,"[""الهبات الساخنة""]",0.850,1,,
ent_merge_000690,الوهن العام,الوهن العام,Symptom,"[""الوهن العام""]",0.950,1,,
ent_merge_000691,ام,ام,Symptom,"[""ام"", ""الام""]",0.700,1,,
ent_merge_000692,ام عضلية,ام عضليه,Symptom,"[""ام عضلية"", ""الام عضلية""]",0.900,1,,
ent_merge_000693,ام هيكلية,ام هيكليه,Symptom,"[""ام هيكلية"", ""وهيكلية""]",0.850,1,,
ent_merge_000694,أمراض الرأس,امراض الراس,Symptom,"[""أمراض الرأس"", ""اﻷم بارأس""]",0.900,1,,
ent_merge_000695,إمساك,امساك,Symptom,"[""إمساك""]",0.850,2,,
ent_merge_000696,انتفاخ,انتفاخ,Symptom,"[""انتفاخ"", ""انتفاخها"", ""انتفاخ عام"", ""انتفاخ بالوجه""]",0.850,6,,
ent_merge_000697,انتفاخ الوجه,انتفاخ الوجه,Symptom,"[""انتفاخ الوجه""]",0.900,1,,
ent_merge_000698,إنتفاخ تحت جلد الرأس,انتفاخ تحت جلد الراس,Symptom,"[""إنتفاخ تحت جلد الرأس""]",0.850,1,,
ent_merge_000699,انحلال العضلات,انحلال العضلات,Symptom,"[""انحلال العضلات""]",0.900,1,,
ent_merge_000700,انخفاض في ضغط الدم,انخفاض في ضغط الدم,Symptom,"[""انخفاض في ضغط الدم""]",0.950,1,,
ent_merge_000701,انخفاض نبضات القلب,انخفاض نبضات القلب,Symptom,"[""انخفاض نبضات القلب""]",0.900,1,,
ent_merge_000702,انسحاب,انسحاب,Symptom,"[""انسحاب"", ""اعراض انسحاب""]",0.900,1,,
ent_merge_000703,انسداد للسمع,انسداد للسمع,Symptom,"[""انسداد للسمع""]",0.900,1,,
ent_merge_000704,انقطاع الدورة الشهرية,انقطاع الدوره الشهريه,Symptom,"[""انقطاع الدورة الشهرية""]",0.900,1,,
ent_merge_000705,أوجاع,اوجاع,Symptom,"[""أوجاع""]",0.800,1,,
ent_merge_000706,برجله,برجله,Symptom,"[""برجله""]",0.850,1,,
ent_merge_000707,بطن كبير,بطن كبير,Symptom,"[""بطن كبير"", ""بطنى كبيره جدا""]",0.800,1,,
ent_merge_000708,بقع حمراء,بقع حمراء,Symptom,"[""بقع حمراء""]",0.900,1,,
ent_merge_000709,بلغم,بلغم,Symptom,"[""بلغم"", ""البلغم""]",0.850,7,,
ent_merge_000711,تأخر الدورة,تاخر الدوره,Symptom,"[""تأخر الدورة""]",0.900,2,,
ent_merge_000712,تأخر الدورة الشهرية,تاخر الدوره الشهريه,Symptom,"[""تأخر الدورة الشهرية"", ""تأخرها""]",0.850,2,,
ent_merge_000713,تأخر في الدورة الشهرية,تاخر في الدوره الشهريه,Symptom,"[""تأخر في الدورة الشهرية""]",0.800,1,,
ent_merge_000714,تباطؤ نبضات القلب,تباطو نبضات القلب,Symptom,"[""تباطؤ نبضات القلب""]",0.900,1,,
ent_merge_000715,تجاعيد,تجاعيد,Symptom,"[""تجاعيد""]",0.825,2,,
ent_merge_000716,تجشؤ,تجشو,Symptom,"[""تجشؤ""]",0.850,1,,
ent_merge_000717,تجمع السوائل,تجمع السوايل,Symptom,"[""تجمع السوائل""]",0.800,1,,
ent_merge_000718,تحسس,تحسس,Symptom,"[""تحسس""]",0.950,1,,
ent_merge_000719,تخثر,تخثر,Symptom,"[""تخثر""]",0.850,1,,
ent_merge_000723,تسارع,تسارع,Symptom,"[""تسارع""]",0.850,1,,
ent_merge_000725,تسارع في نبضات القلب,تسارع في نبضات القلب,Symptom,"[""تسارع في نبضات القلب""]",0.950,1,,
ent_merge_000727,تسرع القلب,تسرع القلب,Symptom,"[""تسرع القلب"", ""تسارع في دقات القلب"", ""تسرع""]",0.850,2,,
ent_merge_000728,تسرع في ضربات القلب,تسرع في ضربات القلب,Symptom,"[""تسرع في ضربات القلب"", ""تسارع فى ضربات القلب""]",0.850,1,,
ent_merge_000730,تشنج,تشنج,Symptom,"[""تشنج""]",0.850,2,,
ent_merge_000731,تشنج الراس,تشنج الراس,Symptom,"[""تشنج الراس""]",0.800,1,,
ent_merge_000732,تشنجات,تشنجات,Symptom,"[""تشنجات""]",0.875,2,,
ent_merge_000733,تضخم الأوردة السطحية,تضخم الاورده السطحيه,Symptom,"[""تضخم الأوردة السطحية""]",0.850,1,,
ent_merge_000734,تضخم البطن,تضخم البطن,Symptom,"[""تضخم البطن"", ""تضخم فى البطن""]",0.950,2,,
ent_merge_000735,تعب,تعب,Symptom,"[""تعب"", ""تعبني"", ""التعب"", ""تعب عام""]",0.865,10,,
ent_merge_000736,تعرق,تعرق,Symptom,"[""تعرق"", ""تعرق اليدين و الرجلين""]",0.850,2,,
ent_merge_000737,تغير في حجم الثدي,تغير في حجم الثدي,Symptom,"[""تغير في حجم الثدي"", ""تغير في حجمه"", ""تغير""]",0.850,2,,
ent_merge_000738,تغير لون الجلد,تغير لون الجلد,Symptom,"[""تغير لون الجلد""]",0.950,1,,
ent_merge_000739,تفتيح البشرة,تفتيح البشره,Symptom,"[""تفتيح البشرة""]",0.850,1,,
ent_merge_000740,تفسير في الجلد,تفسير في الجلد,Symptom,"[""تفسير في الجلد""]",0.900,1,,
ent_merge_000741,تقرحات,تقرحات,Symptom,"[""تقرحات""]",0.900,3,,
ent_merge_000743,تقلبات مزاجية,تقلبات مزاجيه,Symptom,"[""تقلبات مزاجية"", ""التقلبات المزاجية""]",0.800,1,,
ent_merge_000744,تقلص,تقلص,Symptom,"[""تقلص""]",0.850,1,,
ent_merge_000745,تقلصات,تقلصات,Symptom,"[""تقلصات""]",0.800,1,,
ent_merge_000746,تقيؤ,تقيو,Symptom,"[""تقيؤ""]",0.900,1,,
ent_merge_000747,تمزق,تمزق,Symptom,"[""تمزق""]",0.700,1,,
ent_merge_000748,تنميل,تنميل,Symptom,"[""تنميل""]",0.825,4,,
ent_merge_000749,تهيج الجلد,تهيج الجلد,Symptom,"[""تهيج الجلد""]",0.900,1,,
ent_merge_000751,توتر,توتر,Symptom,"[""توتر"", ""الضغط النفسي او التوتر""]",0.825,2,,
ent_merge_000752,توتر عصبي,توتر عصبي,Symptom,"[""توتر عصبي""]",0.850,1,,
ent_merge_000753,تورم,تورم,Symptom,"[""تورم""]",0.875,2,,
ent_merge_000754,توسع عنق الرحم,توسع عنق الرحم,Symptom,"[""توسع عنق الرحم""]",0.800,1,,
ent_merge_000755,توقف التنفس,توقف التنفس,Symptom,"[""توقف التنفس""]",0.800,1,,
ent_merge_000756,تيبس,تيبس,Symptom,"[""تيبس"", ""تيبسها""]",0.800,1,,
ent_merge_000757,ثقل,ثقل,Symptom,"[""ثقل""]",0.850,2,,
ent_merge_000759,جفاف الحلق,جفاف الحلق,Symptom,"[""جفاف الحلق""]",0.900,1,,
ent_merge_000760,جفاف الفم,جفاف الفم,Symptom,"[""جفاف الفم""]",0.875,2,,
ent_merge_000762,حاسة الذوق,حاسه الذوق,Symptom,"[""حاسة الذوق""]",0.900,2,,
ent_merge_000763,حاسة الشم,حاسه الشم,Symptom,"[""حاسة الشم""]",0.900,2,,
ent_merge_000764,حبوب الشباب,حبوب الشباب,Symptom,"[""حبوب الشباب""]",0.800,1,,
ent_merge_000765,حرارة,حراره,Symptom,"[""حرارة""]",0.850,1,,
ent_merge_000766,حرقان,حرقان,Symptom,"[""حرقان"", ""حرقان عند فتحة الشرج""]",0.867,3,,
ent_merge_000767,حرقان فى البول,حرقان في البول,Symptom,"[""حرقان فى البول""]",0.950,1,,
ent_merge_000768,حرقة,حرقه,Symptom,"[""حرقة"", ""الحرقة""]",0.912,4,,
ent_merge_000769,حرقة المعدة,حرقه المعده,Symptom,"[""حرقة المعدة"", ""حرقة بالمعده""]",0.900,1,,
ent_merge_000770,حركات العضلات غير الطوعي,حركات العضلات غير الطوعي,Symptom,"[""حركات العضلات غير الطوعي""]",0.950,1,,
ent_merge_000771,حركة الحيوانات المنوية,حركه الحيوانات المنويه,Symptom,"[""حركة الحيوانات المنوية""]",0.900,1,,
ent_merge_000772,حروق,حروق,Symptom,"[""حروق"", ""حرقان""]",0.900,1,,
ent_merge_000774,حساسية الجلد,حساسيه الجلد,Symptom,"[""حساسية الجلد"", ""حساسية في الجلد""]",0.850,1,,
ent_merge_000775,حصر البول,حصر البول,Symptom,"[""حصر البول"", ""سخانة في البول""]",0.850,1,,
ent_merge_000776,حكة,حكه,Symptom,"[""حكة"", ""الحكة"", ""حكة الجلد"", ""حكة شديدة"", ""اهرش"", ""جسمي دائما جاف جدا"", ""حك"", ""الشعور بالم""]",0.862,75,,
ent_merge_000777,حكة جلديه,حكه جلديه,Symptom,"[""حكة جلديه""]",0.950,1,,
ent_merge_000779,حمامى,حمامي,Symptom,"[""حمامى"", ""جسمي حامي""]",0.800,1,,
ent_merge_000780,حمرة الوجه,حمره الوجه,Symptom,"[""حمرة الوجه"", ""احمرار الوجه""]",0.900,1,,
ent_merge_000781,حمة,حمه,Symptom,"[""حمة"", ""حمى""]",0.900,1,,
ent_merge_000782,حمى,حمي,Symptom,"[""حمى"", ""انفلونزا"", ""الم في البطن"", ""الم"", ""ترتفع درجه حراره"", ""ارتفاع حرارة"", ""ارتفاع الحرارة"", ""ضربة الشمس""]",0.876,19,,
ent_merge_000783,حيوانات منوية,حيوانات منويه,Symptom,"[""حيوانات منوية""]",0.850,1,,
ent_merge_000784,خدر,خدر,Symptom,"[""خدر""]",0.900,1,,
ent_merge_000785,خدوش,خدوش,Symptom,"[""خدوش""]",0.900,1,,
ent_merge_000786,خروجي دم,خروجي دم,Symptom,"[""خروجي دم""]",0.900,1,,
ent_merge_000787,خز,خز,Symptom,"[""خز""]",0.850,1,,
ent_merge_000788,خزق,خزق,Symptom,"[""خزق"", ""الخزق""]",0.800,1,,
ent_merge_000789,خشونه,خشونه,Symptom,"[""خشونه""]",0.900,1,,
ent_merge_000790,خشونة الجلد,خشونه الجلد,Symptom,"[""خشونة الجلد""]",0.850,1,,
ent_merge_000791,خفقان القلب,خفقان القلب,Symptom,"[""خفقان القلب"", ""خفقان قوي"", ""سرعه دقات القلب"", ""خفقان احيتنا"", ""خفقان القلب الشديد"", ""تسارع في ضربات القلب""]",0.906,9,,
ent_merge_000792,خفقان في القلب,خفقان في القلب,Symptom,"[""خفقان في القلب""]",0.850,1,,
ent_merge_000793,خمول,خمول,Symptom,"[""خمول""]",0.850,1,,
ent_merge_000794,خوف,خوف,Symptom,"[""خوف""]",0.850,2,,
ent_merge_000795,دقات,دقات,Symptom,"[""دقات""]",0.900,1,,
ent_merge_000796,دقات القلب,دقات القلب,Symptom,"[""دقات القلب""]",0.900,1,,
ent_merge_000797,دقات القلب السريع,دقات القلب السريع,Symptom,"[""دقات القلب السريع""]",0.850,1,,
ent_merge_000798,دقات غريبة في القلب,دقات غريبه في القلب,Symptom,"[""دقات غريبة في القلب""]",0.850,1,,
ent_merge_000799,دم,دم,Symptom,"[""دم""]",0.767,3,,
ent_merge_000800,دهون,دهون,Symptom,"[""دهون""]",0.850,2,,
ent_merge_000801,دوار,دوار,Symptom,"[""دوار"", ""الدوار""]",0.880,5,,
ent_merge_000802,دوخة,دوخه,Symptom,"[""دوخة"", ""دوخة مستمرة"", ""الدوخه""]",0.837,19,,
ent_merge_000803,دوخة خفيفة,دوخه خفيفه,Symptom,"[""دوخة خفيفة""]",0.800,1,,
ent_merge_000804,دورة,دوره,Symptom,"[""دورة"", ""دورتي""]",0.800,1,,
ent_merge_000805,دورة شهرية,دوره شهريه,Symptom,"[""دورة شهرية"", ""دورة"", ""الدورة الشهرية"", ""دورتي الشهرية""]",0.880,5,,
ent_merge_000806,ذبحة,ذبحه,Symptom,"[""ذبحة""]",0.850,1,,
ent_merge_000807,رائحة الفم,رايحه الفم,Symptom,"[""رائحة الفم""]",0.900,2,,
ent_merge_000808,رائحة الفم الكريهة,رايحه الفم الكريهه,Symptom,"[""رائحة الفم الكريهة""]",0.850,1,,
ent_merge_000809,رائحة كريهة,رايحه كريهه,Symptom,"[""رائحة كريهة""]",0.950,1,,
ent_merge_000810,رتجف,رتجف,Symptom,"[""رتجف"", ""يرتجف""]",0.850,1,,
ent_merge_000811,رجفان,رجفان,Symptom,"[""رجفان"", ""رجفة"", ""رجفة وارتخاء في اليد اليسرى""]",0.883,3,,
ent_merge_000812,رعشه,رعشه,Symptom,"[""رعشه""]",0.875,2,,
ent_merge_000813,رنح مخيخي,رنح مخيخي,Symptom,"[""رنح مخيخي""]",0.900,1,,
ent_merge_000814,زرقة,زرقه,Symptom,"[""زرقة""]",0.850,1,,
ent_merge_000815,زغلله,زغلله,Symptom,"[""زغلله""]",0.850,1,,
ent_merge_000817,زيادة ضربات القلب,زياده ضربات القلب,Symptom,"[""زيادة ضربات القلب""]",0.900,1,,
ent_merge_000818,زيادة ضغط العين,زياده ضغط العين,Symptom,"[""زيادة ضغط العين""]",0.850,1,,
ent_merge_000819,سخونة,سخونه,Symptom,"[""سخونة""]",0.800,1,,
ent_merge_000820,سرعة دقات القلب,سرعه دقات القلب,Symptom,"[""سرعة دقات القلب"", ""سرعة ضربات القلب""]",0.900,2,,
ent_merge_000821,سرعة ضربات القلب,سرعه ضربات القلب,Symptom,"[""سرعة ضربات القلب"", ""دقات قلب سريعة""]",0.850,3,,
ent_merge_000822,سعال,سعال,Symptom,"[""سعال"", ""السعال"", ""كحة"", ""سعال جاف"", ""عطاس"", ""سعلة"", ""الصداع""]",0.854,28,,
ent_merge_000823,سعرات حراريه,سعرات حراريه,Symptom,"[""سعرات حراريه""]",0.900,2,,
ent_merge_000824,سم,سم,Symptom,"[""سم"", ""السم""]",0.850,1,,
ent_merge_000825,سيلان,سيلان,Symptom,"[""سيلان""]",0.850,2,,
ent_merge_000826,سيلان دم,سيلان دم,Symptom,"[""سيلان دم"", ""نزف""]",0.850,2,,
ent_merge_000827,شحم,شحم,Symptom,"[""شحم""]",0.850,1,,
ent_merge_000828,شعر زائد,شعر زايد,Symptom,"[""شعر زائد""]",0.900,1,,
ent_merge_000829,شعور بالغثيان,شعور بالغثيان,Symptom,"[""شعور بالغثيان""]",0.900,1,,
ent_merge_000830,صداع,صداع,Symptom,"[""صداع"", ""صداع نصفي"", ""الام حادة في الراس"", ""الصداع"", ""التهاب"", ""طنين"", ""ألم بالرأس"", ""ألم قوي برأسي"", ""صداع شديد"", ""صداااع"", ""وجع الرأس"", ""صدع"", ""نوبات صداع"", ""صداع الراس"", ""ألم الرأس"", ""صداع جنسي"", ""الم حاد في الراس"", ""صداع طوال اليوم"", ""صداع في الراس"", ""ألم في الجانب الايسر من دماغي"", ""الام في مؤخرة الراس"", ""الم في جانبي راسي"", ""صداع حاد"", ""وجع"", ""صداع متقطع"", ""صداع قوي"", ""صداع في جنبي الرأس"", ""ام حادة في الراس"", ""نض سريع"", ""صداع القوي""]",0.887,98,,
ent_merge_000831,صديد اللوزتين,صديد اللوزتين,Symptom,"[""صديد اللوزتين"", ""صديد على سطح اللوزتين""]",0.900,2,,
ent_merge_000832,صديد في البول,صديد في البول,Symptom,"[""صديد في البول""]",0.850,1,,
ent_merge_000833,صعوبات التحرك,صعوبات التحرك,Symptom,"[""صعوبات التحرك"", ""لا استطيع تحريك لساني""]",0.900,1,,
ent_merge_000834,صعوبات الفتح,صعوبات الفتح,Symptom,"[""صعوبات الفتح"", ""لا استطيع فتح فمي""]",0.900,1,,
ent_merge_000835,صعوبة التبول,صعوبه التبول,Symptom,"[""صعوبة التبول""]",0.900,2,,
ent_merge_000836,صعوبة النوم,صعوبه النوم,Symptom,"[""صعوبة النوم"", ""صعوبة في النوم""]",0.900,1,,
ent_merge_000837,صعوبة في التنفس,صعوبه في التنفس,Symptom,"[""صعوبة في التنفس""]",0.850,1,,
ent_merge_000839,صليل,صليل,Symptom,"[""صليل""]",0.900,1,,
ent_merge_000840,ضربات سريعة,ضربات سريعه,Symptom,"[""ضربات سريعة""]",0.850,1,,
ent_merge_000841,ضعف,ضعف,Symptom,"[""ضعف""]",0.800,1,,
ent_merge_000842,ضعف ابصار,ضعف ابصار,Symptom,"[""ضعف ابصار""]",0.900,1,,
ent_merge_000843,ضغط,ضغط,Symptom,"[""ضغط"", ""الضغط"", ""ضغط والم""]",0.879,7,,
ent_merge_000844,ضغط نفسي,ضغط نفسي,Symptom,"[""ضغط نفسي"", ""الضغط النفسي""]",0.850,1,,
ent_merge_000845,ضيق,ضيق,Symptom,"[""ضيق""]",0.850,1,,
ent_merge_000846,ضيق التنفس,ضيق التنفس,Symptom,"[""ضيق التنفس"", ""ضيق في التنفس"", ""صعوبة في التنفس العميق"", ""كرشة نفس"", ""صعوبة التنفس""]",0.883,12,,
ent_merge_000847,ضيق تنفس,ضيق تنفس,Symptom,"[""ضيق تنفس"", ""ضيق نفس"", ""زلة تنفسية"", ""ضيق بالتنفس"", ""ضيق في التنفس"", ""ضيق النفس"", ""مش قادره تاخد نفسها"", ""ضيق التنفس"", ""ضيق في الصدر"", ""ضيق بلتنفس"", ""ضيق بسيط في الصمام الميترالي""]",0.883,41,,
ent_merge_000848,طقطقة,طقطقه,Symptom,"[""طقطقة""]",0.850,2,,
ent_merge_000849,طيف احمر,طيف احمر,Symptom,"[""طيف احمر""]",0.850,1,,
ent_merge_000850,عدم الاحساس,عدم الاحساس,Symptom,"[""عدم الاحساس""]",0.900,1,,
ent_merge_000851,عدم الاحساس بالعلاقه الجنسيه,عدم الاحساس بالعلاقه الجنسيه,Symptom,"[""عدم الاحساس بالعلاقه الجنسيه""]",0.850,1,,
ent_merge_000852,عدم انتظام الدورة,عدم انتظام الدوره,Symptom,"[""عدم انتظام الدورة"", ""عدم انتظام البيريود""]",0.700,1,,
ent_merge_000853,عدم وضوح الرؤيا,عدم وضوح الرويا,Symptom,"[""عدم وضوح الرؤيا""]",0.850,1,,
ent_merge_000854,عدم وضوح الرؤية,عدم وضوح الرويه,Symptom,"[""عدم وضوح الرؤية""]",0.800,1,,
ent_merge_000855,عسرهضم,عسرهضم,Symptom,"[""عسرهضم""]",0.800,1,,
ent_merge_000856,عصبية,عصبيه,Symptom,"[""عصبية""]",0.800,1,,
ent_merge_000857,عطس,عطس,Symptom,"[""عطس"", ""عطاس""]",0.850,2,,
ent_merge_000858,غازات,غازات,Symptom,"[""غازات"", ""الغارات"", ""الغازات""]",0.867,6,,
ent_merge_000859,غثيان,غثيان,Symptom,"[""غثيان"", ""الغثيان"", ""اتقيء""]",0.877,13,,
ent_merge_000860,فض غشاء البكارة,فض غشاء البكاره,Symptom,"[""فض غشاء البكارة""]",0.850,1,,
ent_merge_000861,فقاعة,فقاعه,Symptom,"[""فقاعة""]",0.850,1,,
ent_merge_000862,فقدان السمع,فقدان السمع,Symptom,"[""فقدان السمع""]",0.850,1,,
ent_merge_000863,فقدان الشهية,فقدان الشهيه,Symptom,"[""فقدان الشهية"", ""أفقد الشهية""]",0.825,2,,
ent_merge_000864,فقدان حاسة الشم,فقدان حاسه الشم,Symptom,"[""فقدان حاسة الشم""]",0.850,1,,
ent_merge_000865,فقدان للشهية,فقدان للشهيه,Symptom,"[""فقدان للشهية""]",0.800,1,,
ent_merge_000866,فوران,فوران,Symptom,"[""فوران""]",0.900,1,,
ent_merge_000867,قذف,قذف,Symptom,"[""قذف""]",0.700,2,,
ent_merge_000868,قرقرة,قرقره,Symptom,"[""قرقرة""]",0.850,1,,
ent_merge_000869,قروح,قروح,Symptom,"[""قروح""]",0.850,1,,
ent_merge_000870,قشرة,قشره,Symptom,"[""قشرة"", ""قشرة البشرة""]",0.850,2,,
ent_merge_000871,قلق,قلق,Symptom,"[""قلق"", ""الغضب"", ""القلق"", ""تأغر فى غلق فتحة الرأس الأماميه"", ""شعورى بقبضة فى صدرى""]",0.884,19,,
ent_merge_000872,قلة التركيز,قله التركيز,Symptom,"[""قلة التركيز""]",0.800,1,,
ent_merge_000873,قله الهيموغلوبين,قله الهيموغلوبين,Symptom,"[""قله الهيموغلوبين"", ""انخفاض في نخزون الحديد""]",0.800,1,,
ent_merge_000874,قلة اﻻكل,قله اﻻكل,Symptom,"[""قلة اﻻكل""]",0.850,1,,
ent_merge_000875,قيء,قيء,Symptom,"[""قيء"", ""تقيؤ الطفل يبلغ من العمر شهرين ! يتقيئ مادة صفراء اللون"", ""تقيؤ استفراغ المعده بالكامل""]",0.900,4,,
ent_merge_000876,كآبة,كابه,Symptom,"[""كآبة"", ""الكآبة""]",0.950,2,,
ent_merge_000878,كسل,كسل,Symptom,"[""كسل""]",0.950,1,,
ent_merge_000879,مشاكل فى الملابس,مشاكل في الملابس,Symptom,"[""مشاكل فى الملابس""]",0.850,1,,
ent_merge_000880,مشاكل نفسية,مشاكل نفسيه,Symptom,"[""مشاكل نفسية""]",0.850,1,,
ent_merge_000881,مغص معوي,مغص معوي,Symptom,"[""مغص معوي""]",0.850,1,,
ent_merge_000882,مغض,مغض,Symptom,"[""مغض""]",0.800,1,,
ent_merge_000883,نبض القلب,نبض القلب,Symptom,"[""نبض القلب""]",0.850,1,,
ent_merge_000884,نبض قلب عالي,نبض قلب عالي,Symptom,"[""نبض قلب عالي""]",0.950,1,,
ent_merge_000885,نبضات القلب,نبضات القلب,Symptom,"[""نبضات القلب""]",0.721,7,,
ent_merge_000886,نزف,نزف,Symptom,"[""نزف"", ""نزف بسيط""]",0.825,2,,
ent_merge_000887,نزيف,نزيف,Symptom,"[""نزيف"", ""النزيف"", ""دم"", ""نزول دم""]",0.850,9,,
ent_merge_000888,نغزات,نغزات,Symptom,"[""نغزات"", ""نغزات في الظهر""]",0.900,2,,
ent_merge_000889,نغزة في القلب,نغزه في القلب,Symptom,"[""نغزة في القلب""]",0.800,1,,
ent_merge_000890,نغزه في منطقة القلب,نغزه في منطقه القلب,Symptom,"[""نغزه في منطقة القلب""]",0.850,1,,
ent_merge_000891,نفسي,نفسي,Symptom,"[""نفسي""]",0.800,1,,
ent_merge_000892,نقزات,نقزات,Symptom,"[""نقزات""]",0.800,1,,
ent_merge_000893,نقص الوزن,نقص الوزن,Symptom,"[""نقص الوزن""]",0.850,1,,
ent_merge_000894,نقص ماء,نقص ماء,Symptom,"[""نقص ماء""]",0.850,1,,
ent_merge_000895,نقص محتوى الجلد من الرطوبة,نقص محتوي الجلد من الرطوبه,Symptom,"[""نقص محتوى الجلد من الرطوبة""]",0.900,1,,
ent_merge_000897,نوبات ذعر,نوبات ذعر,Symptom,"[""نوبات ذعر""]",0.800,1,,
ent_merge_000898,نوبات هلع,نوبات هلع,Symptom,"[""نوبات هلع""]",0.850,1,,
ent_merge_000899,هبات ساخنة,هبات ساخنه,Symptom,"[""هبات ساخنة"", ""الهبات الساخنة""]",0.800,1,,
ent_merge_000900,هبوط الدورة الدموية,هبوط الدوره الدمويه,Symptom,"[""هبوط الدورة الدموية""]",0.900,1,,
ent_merge_000901,هرمون FSH,هرمون fsh,Symptom,"[""هرمون FSH""]",0.800,1,,
ent_merge_000903,هلع,هلع,Symptom,"[""هلع""]",0.900,1,,
ent_merge_000904,هيستامين,هيستامين,Symptom,"[""هيستامين"", ""الهستامين""]",0.900,1,,
ent_merge_000905,وانهاك,وانهاك,Symptom,"[""وانهاك""]",0.900,1,,
ent_merge_000906,وجع,وجع,Symptom,"[""وجع"", ""الالم"", ""وجع بالجسم""]",0.842,6,,
ent_merge_000907,وجع القلب,وجع القلب,Symptom,"[""وجع القلب""]",0.850,1,,
ent_merge_000908,وجع في الرأس,وجع في الراس,Symptom,"[""وجع في الرأس""]",0.950,1,,
ent_merge_000909,وخز,وخز,Symptom,"[""وخز""]",0.950,1,,
ent_merge_000910,وخزات,وخزات,Symptom,"[""وخزات""]",0.850,1,,
ent_merge_000911,وخزة على القلب,وخزه علي القلب,Symptom,"[""وخزة على القلب""]",0.850,1,,
ent_merge_000912,وزن,وزن,Symptom,"[""وزن"", ""وزنها"", ""وزني""]",0.900,3,,
ent_merge_000913,cbc,cbc,Test,"[""cbc""]",0.917,3,,
ent_merge_000914,FSH,fsh,Test,"[""FSH""]",0.950,1,,
ent_merge_000915,kft,kft,Test,"[""kft""]",0.950,1,,
ent_merge_000916,LH,lh,Test,"[""LH""]",0.950,1,,
ent_merge_000917,Prolactin,prolactin,Test,"[""Prolactin""]",0.950,1,,
ent_merge_000918,RAST Test,rast test,Test,"[""RAST Test""]",0.925,4,,
ent_merge_000919,Regular Ultrasound,regular ultrasound,Test,"[""Regular Ultrasound""]",0.850,1,,
ent_merge_000920,thrombophilia test,thrombophilia test,Test,"[""thrombophilia test""]",0.950,1,,
ent_merge_000921,TSH,tsh,Test,"[""TSH""]",0.950,2,,
ent_merge_000922,اختبار الحساسية,اختبار الحساسيه,Test,"[""اختبار الحساسية""]",0.950,1,,
ent_merge_000923,إشاعة,اشاعه,Test,"[""إشاعة""]",0.850,2,,
ent_merge_000924,آشعة,اشعه,Test,"[""آشعة"", ""الآشعة"", ""صورة شعاعية"", ""أشعة مقطعية"", ""صورة أشعة"", ""اشعة للصدر"", ""صورة اشعة للصدر"", ""اشعه تلفزيونيه"", ""الماماغرافي"", ""اشاعة"", ""اشعة الصبغة"", ""اشعة بالصبغة"", ""اشعة بانورامية"", ""صورة اشعة عادية"", ""تصوير بالأشعة""]",0.877,41,,
ent_merge_000925,أشعة ايكو,اشعه ايكو,Test,"[""أشعة ايكو""]",0.900,2,,
ent_merge_000926,اشعة رنين مغناطيسي,اشعه رنين مغناطيسي,Test,"[""اشعة رنين مغناطيسي""]",0.950,2,,
ent_merge_000927,إعادة الفحص,اعاده الفحص,Test,"[""إعادة الفحص""]",0.850,1,,
ent_merge_000928,الاستكشاف الجراحي,الاستكشاف الجراحي,Test,"[""الاستكشاف الجراحي""]",0.850,1,,
ent_merge_000929,الأشعة,الاشعه,Test,"[""الأشعة"", ""الأشعة فوق البنفسجية""]",0.900,4,,
ent_merge_000930,الاشعة المقطعية,الاشعه المقطعيه,Test,"[""الاشعة المقطعية""]",0.850,1,,
ent_merge_000931,الانزيم,الانزيم,Test,"[""الانزيم"", ""انزيم""]",0.700,1,,
ent_merge_000932,الايكو,الايكو,Test,"[""الايكو""]",0.917,3,,
ent_merge_000933,التبويض,التبويض,Test,"[""التبويض""]",0.850,1,,
ent_merge_000934,التحاليل,التحاليل,Test,"[""التحاليل"", ""تحاليل واشاعات كلها سليمه""]",0.900,2,,
ent_merge_000935,التحليل النسيجي,التحليل النسيجي,Test,"[""التحليل النسيجي""]",0.850,1,,
ent_merge_000936,التراساوند,التراساوند,Test,"[""التراساوند"", ""صورة تلفزونية (التراساوند)""]",0.900,2,,
ent_merge_000937,التصوير المقطعي,التصوير المقطعي,Test,"[""التصوير المقطعي""]",0.900,1,,
ent_merge_000938,الجلوكوز,الجلوكوز,Test,"[""الجلوكوز"", ""سكر العنب""]",0.917,3,,
ent_merge_000939,الجهاز,الجهاز,Test,"[""الجهاز"", ""صوره تلفزيونيه""]",0.900,1,,
ent_merge_000940,الخزعة,الخزعه,Test,"[""الخزعة""]",0.850,2,,
ent_merge_000941,الرنين المغناطيسي,الرنين المغناطيسي,Test,"[""الرنين المغناطيسي"", ""رنين مغناطيسي""]",0.917,3,,
ent_merge_000942,السونار,السونار,Test,"[""السونار"", ""فحص بجهاز الموجات الفوق صوتيه (السونار)"", ""فحص الموجات الفوق صوتيه (السونار)"", ""سونار مهبلي""]",0.871,7,,
ent_merge_000943,السونر,السونر,Test,"[""السونر""]",0.850,1,,
ent_merge_000944,الصور الشعاعية,الصور الشعاعيه,Test,"[""الصور الشعاعية"", ""صور شعاعية""]",0.950,2,,
ent_merge_000945,الصور اللازمه,الصور اللازمه,Test,"[""الصور اللازمه""]",0.850,1,,
ent_merge_000946,الفحص,الفحص,Test,"[""الفحص""]",0.838,4,,
ent_merge_000947,الفحص الدوري لدهون الدم,الفحص الدوري لدهون الدم,Test,"[""الفحص الدوري لدهون الدم""]",0.900,1,,
ent_merge_000948,الفحص السريري,الفحص السريري,Test,"[""الفحص السريري""]",0.950,3,,
ent_merge_000949,الفحص الطبي,الفحص الطبي,Test,"[""الفحص الطبي""]",0.850,1,,
ent_merge_000950,الفحوص الخبريه,الفحوص الخبريه,Test,"[""الفحوص الخبريه""]",0.850,1,,
ent_merge_000951,الفحوص المناسبة,الفحوص المناسبه,Test,"[""الفحوص المناسبة""]",0.850,1,,
ent_merge_000952,الفحوصات الازمه,الفحوصات الازمه,Test,"[""الفحوصات الازمه""]",0.700,1,,
ent_merge_000953,الفحوصات اللازمه,الفحوصات اللازمه,Test,"[""الفحوصات اللازمه""]",0.850,1,,
ent_merge_000954,الفحوصات المخبرية,الفحوصات المخبريه,Test,"[""الفحوصات المخبرية""]",0.900,4,,
ent_merge_000955,القسطرة,القسطره,Test,"[""القسطرة""]",0.917,3,,
ent_merge_000956,الكرياتينين,الكرياتينين,Test,"[""الكرياتينين"", ""كرايتنين""]",0.900,3,,
ent_merge_000957,الماموغرام,الماموغرام,Test,"[""الماموغرام""]",0.900,1,,
ent_merge_000958,المكشة,المكشه,Test,"[""المكشة""]",0.850,1,,
ent_merge_000959,المنظار,المنظار,Test,"[""المنظار""]",0.850,3,,
ent_merge_000960,اليورك اسد,اليورك اسد,Test,"[""اليورك اسد""]",0.900,1,,
ent_merge_000961,امواج صادمة,امواج صادمه,Test,"[""امواج صادمة"", ""الامواج الصادمة""]",0.850,1,,
ent_merge_000962,انزيم القلب,انزيم القلب,Test,"[""انزيم القلب""]",0.950,1,,
ent_merge_000963,إيكو,ايكو,Test,"[""إيكو""]",0.917,3,,
ent_merge_000964,إيكو قلب,ايكو قلب,Test,"[""إيكو قلب""]",0.850,1,,
ent_merge_000965,تحاليل,تحاليل,Test,"[""تحاليل"", ""عملت تحاليل للكليسترول""]",0.825,2,,
ent_merge_000966,تحاليل الدم,تحاليل الدم,Test,"[""تحاليل الدم""]",0.900,1,,
ent_merge_000967,تحاليل مخبرية,تحاليل مخبريه,Test,"[""تحاليل مخبرية"", ""تحليل"", ""تحاليل بالدم"", ""تحليل مخبري"", ""تحاليل"", ""التحاليل"", ""تحليلات"", ""تحليل بول"", ""الفحص"", ""مسحه"", ""فحص بي سي ار"", ""التحليل"", ""فحص"", ""تحليل دم"", ""تحليل الحساسيه"", ""تحاليل دم"", ""الاختبارات والتحاليل اللازمة"", ""تحاليل الدم"", ""فحوصات مخبرية"", ""بعض الفحوصات"", ""صورة دم"", ""تحليل كامل للدم"", ""فحوصات"", ""تحليل البول"", ""تحاليل ماقبل الزواج"", ""تحليل فقر الدم"", ""تحليل بالدم"", ""تحليل CMV IgM"", ""فحوصات جينية"", ""تحليل antiphospholipid""]",0.861,104,,
ent_merge_000968,تحاليل هرمونية,تحاليل هرمونيه,Test,"[""تحاليل هرمونية"", ""تحاليل لقياس الهرمونات""]",0.900,2,,
ent_merge_000969,تحليل,تحليل,Test,"[""تحليل"", ""التحليل"", ""تحاليل"", ""تحاليل مخبرية"", ""تحليل مخبري""]",0.805,10,,
ent_merge_000970,تحليل FSH,تحليل fsh,Test,"[""تحليل FSH""]",0.950,1,,
ent_merge_000971,تحليل PROLACTINE,تحليل prolactine,Test,"[""تحليل PROLACTINE"", ""PROLACTINE""]",0.950,1,,
ent_merge_000972,تحليل الافرازات,تحليل الافرازات,Test,"[""تحليل الافرازات""]",0.900,1,,
ent_merge_000973,تحليل البول,تحليل البول,Test,"[""تحليل البول"", ""urine analysis"", ""فحص البول"", ""تحليلى للبول""]",0.900,4,,
ent_merge_000974,تحليل الجلد,تحليل الجلد,Test,"[""تحليل الجلد"", ""اختبار الجلد""]",0.850,1,,
ent_merge_000975,تحليل الحساسية,تحليل الحساسيه,Test,"[""تحليل الحساسية"", ""تحاليل"", ""تحليل"", ""فحص ال H. pylori"", ""فحص دم"", ""تحليل كهربائي هوموجلوبين الدم"", ""التهابات"", ""التحاليل"", ""تحليل حساسية الاطعمه"", ""تحاليل الحساسية"", ""فحص حساسية"", ""فحوصات الحساسيه"", ""تحليل الدم"", ""تحليل الحساسه"", ""RAST and IgE"", ""نوع من أنواع الحساسية"", ""اختبار حساسية"", ""القسطرة القلبية"", ""تحليل حساسية"", ""نتيجة الحساسة"", ""تسمم الجسم"", ""تحاليل مخبرية""]",0.806,42,,
ent_merge_000976,تحليل الحمل,تحليل الحمل,Test,"[""تحليل الحمل""]",0.950,1,,
ent_merge_000977,تحليل الحيوانات المنوية,تحليل الحيوانات المنويه,Test,"[""تحليل الحيوانات المنوية"", ""تحليلات"", ""جودة السائل المنوي""]",0.850,2,,
ent_merge_000978,تحليل الدم,تحليل الدم,Test,"[""تحليل الدم"", ""تحليل""]",0.750,3,,
ent_merge_000979,تحليل السائل المنوي,تحليل السايل المنوي,Test,"[""تحليل السائل المنوي"", ""تحليل منوي""]",0.900,2,,
ent_merge_000980,تحليل براز,تحليل براز,Test,"[""تحليل براز""]",0.875,2,,
ent_merge_000981,تحليل بول,تحليل بول,Test,"[""تحليل بول"", ""تحليل للبول"", ""تحليل مخبري للبول"", ""عمل تحليل بول""]",0.883,6,,
ent_merge_000982,تحليل جرثومه المعده,تحليل جرثومه المعده,Test,"[""تحليل جرثومه المعده""]",0.800,1,,
ent_merge_000983,تحليل دم,تحليل دم,Test,"[""تحليل دم"", ""تحليل صوره الدم الكامله"", ""صوره دم كامله""]",0.850,2,,
ent_merge_000984,تحليل صورة دم,تحليل صوره دم,Test,"[""تحليل صورة دم""]",0.900,1,,
ent_merge_000985,تخطيط,تخطيط,Test,"[""تخطيط""]",0.700,1,,
ent_merge_000986,تخطيط اعصاب الاطراف,تخطيط اعصاب الاطراف,Test,"[""تخطيط اعصاب الاطراف""]",0.850,1,,
ent_merge_000987,تخطيط اعصاب الوجه,تخطيط اعصاب الوجه,Test,"[""تخطيط اعصاب الوجه""]",0.900,1,,
ent_merge_000988,تخطيط القلب,تخطيط القلب,Test,"[""تخطيط القلب"", ""تخطيط كهربي للقلب"", ""رسم للقلب""]",0.863,4,,
ent_merge_000989,تخطيط عصب,تخطيط عصب,Test,"[""تخطيط عصب""]",0.850,1,,
ent_merge_000990,تخطيط قلب,تخطيط قلب,Test,"[""تخطيط قلب"", ""تخطيط القلب""]",0.850,4,,
ent_merge_000991,تخطيط قلبي,تخطيط قلبي,Test,"[""تخطيط قلبي""]",0.900,1,,
ent_merge_000992,تخطيط كهربي للقلب,تخطيط كهربي للقلب,Test,"[""تخطيط كهربي للقلب""]",0.900,2,,
ent_merge_000993,تست,تست,Test,"[""تست""]",0.850,1,,
ent_merge_000994,تصوير,تصوير,Test,"[""تصوير"", ""تصوير لاسفل الظهر""]",0.900,2,,
ent_merge_000995,تصوير بالرنين المغناطيسي,تصوير بالرنين المغناطيسي,Test,"[""تصوير بالرنين المغناطيسي"", ""اشعة رنين مغناطيسى"", ""اشعة الرنين المغناطيسى"", ""صور الرنين المغناطيسي"", ""صورة رنين مغناطيسي"", ""تصوير بجهاز الرنين المغناطيسي"", ""تصوير الرنين المغناطيسى على منطقة الصدر"", ""صورة طبقية محوريه او صوره رنين مغناطيسي""]",0.940,10,,
ent_merge_000996,تقشير,تقشير,Test,"[""تقشير""]",0.850,1,,
ent_merge_000997,تقييم الحالة الوظيفية,تقييم الحاله الوظيفيه,Test,"[""تقييم الحالة الوظيفية""]",0.850,1,,
ent_merge_000998,تقييم للحالة,تقييم للحاله,Test,"[""تقييم للحالة""]",0.850,1,,
ent_merge_000999,تقييم للذاكرة,تقييم للذاكره,Test,"[""تقييم للذاكرة""]",0.850,1,,
ent_merge_001000,تنظير القولون,تنظير القولون,Test,"[""تنظير القولون""]",0.850,1,,
ent_merge_001001,تنظير علوي,تنظير علوي,Test,"[""تنظير علوي""]",0.950,1,,
ent_merge_001002,تيست,تيست,Test,"[""تيست""]",0.850,1,,
ent_merge_001003,رسم القلب,رسم القلب,Test,"[""رسم القلب"", ""رسم قلب كهربي""]",0.950,2,,
ent_merge_001004,رسم المخ بالكمبيوتر,رسم المخ بالكمبيوتر,Test,"[""رسم المخ بالكمبيوتر"", ""رسم مخ بالكمبيوتر""]",0.900,1,,
ent_merge_001005,رصد,رصد,Test,"[""رصد""]",0.850,2,,
ent_merge_001006,رنين مغناطيسي,رنين مغناطيسي,Test,"[""رنين مغناطيسي"", ""اشعة رنين مغناطيسى""]",0.883,3,,
ent_merge_001007,سونار,سونار,Test,"[""سونار"", ""السونار""]",0.873,13,,
ent_merge_001008,سونار علي البطن,سونار علي البطن,Test,"[""سونار علي البطن"", ""اشعه سونار علي البطن""]",0.950,2,,
ent_merge_001009,سونار على الثديين,سونار علي الثديين,Test,"[""سونار على الثديين""]",0.950,1,,
ent_merge_001010,صور طبقية,صور طبقيه,Test,"[""صور طبقية""]",0.900,1,,
ent_merge_001011,صورة,صوره,Test,"[""صورة""]",0.700,1,,
ent_merge_001012,صورة اشعة,صوره اشعه,Test,"[""صورة اشعة""]",0.800,1,,
ent_merge_001013,صورة ايكو,صوره ايكو,Test,"[""صورة ايكو""]",0.850,1,,
ent_merge_001014,صورة بانورامية,صوره بانوراميه,Test,"[""صورة بانورامية""]",0.700,1,,
ent_merge_001015,صورة رنين مغناطيسي,صوره رنين مغناطيسي,Test,"[""صورة رنين مغناطيسي""]",0.850,1,,
ent_merge_001016,صورة سي تي,صوره سي تي,Test,"[""صورة سي تي""]",0.900,1,,
ent_merge_001017,صورة طبقيه,صوره طبقيه,Test,"[""صورة طبقيه""]",0.900,1,,
ent_merge_001018,صورة للعصب البصري,صوره للعصب البصري,Test,"[""صورة للعصب البصري"", ""صورة""]",0.850,1,,
ent_merge_001019,صورة للقلب,صوره للقلب,Test,"[""صورة للقلب""]",0.900,1,,
ent_merge_001020,صوره ملونه للرحم,صوره ملونه للرحم,Test,"[""صوره ملونه للرحم""]",0.900,1,,
ent_merge_001022,غسيل الاذن,غسيل الاذن,Test,"[""غسيل الاذن""]",0.800,1,,
ent_merge_001023,فحص,فحص,Test,"[""فحص"", ""الفحص"", ""فحص من قبل اخصاءي الجراحه""]",0.823,13,,
ent_merge_001024,فحص FSH,فحص fsh,Test,"[""فحص FSH""]",0.925,2,,
ent_merge_001025,فحص karyotype analysis,فحص karyotype analysis,Test,"[""فحص karyotype analysis""]",0.950,1,,
ent_merge_001026,فحص LH,فحص lh,Test,"[""فحص LH""]",0.950,1,,
ent_merge_001027,فحص prolactin,فحص prolactin,Test,"[""فحص prolactin""]",0.950,1,,
ent_merge_001028,فحص TSH,فحص tsh,Test,"[""فحص TSH""]",0.950,1,,
ent_merge_001029,فحص البول,فحص البول,Test,"[""فحص البول""]",0.825,2,,
ent_merge_001030,فحص التراساوند,فحص التراساوند,Test,"[""فحص التراساوند""]",0.850,1,,
ent_merge_001031,فحص الجنين بواسطة الأمواج فوق الصوتية,فحص الجنين بواسطه الامواج فوق الصوتيه,Test,"[""فحص الجنين بواسطة الأمواج فوق الصوتية""]",0.950,1,,
ent_merge_001032,فحص الحساسية,فحص الحساسيه,Test,"[""فحص الحساسية"", ""فحص FSH, LH, prolactin""]",0.838,4,,
ent_merge_001033,فحص الحمل,فحص الحمل,Test,"[""فحص الحمل"", ""فحص حمل"", ""فحص"", ""فحص للحمل""]",0.838,8,,
ent_merge_001034,فحص الدم,فحص الدم,Test,"[""فحص الدم"", ""CBC"", ""فحص لقوه الدم"", ""فحص بالدم"", ""فحص دم و أشعة""]",0.856,8,,
ent_merge_001035,فحص السائل السلوي,فحص السايل السلوي,Test,"[""فحص السائل السلوي""]",0.900,1,,
ent_merge_001036,فحص السائل المنوى,فحص السايل المنوي,Test,"[""فحص السائل المنوى"", ""فحص للسائل المنوي""]",0.875,2,,
ent_merge_001037,فحص السكر,فحص السكر,Test,"[""فحص السكر""]",0.900,2,,
ent_merge_001038,فحص الشرج,فحص الشرج,Test,"[""فحص الشرج""]",0.900,1,,
ent_merge_001039,فحص العين,فحص العين,Test,"[""فحص العين"", ""فحص""]",0.850,1,,
ent_merge_001040,فحص العيون,فحص العيون,Test,"[""فحص العيون""]",0.800,1,,
ent_merge_001041,فحص القلب,فحص القلب,Test,"[""فحص القلب"", ""فحص للقلب""]",0.850,1,,
ent_merge_001042,فحص الكروموسومات,فحص الكروموسومات,Test,"[""فحص الكروموسومات""]",0.950,2,,
ent_merge_001043,فحص الكلى بال超صوت,فحص الكلي بال超صوت,Test,"[""فحص الكلى بال超صوت"", ""renal us""]",0.950,1,,
ent_merge_001044,فحص الموجات الفوق صوتيه,فحص الموجات الفوق صوتيه,Test,"[""فحص الموجات الفوق صوتيه""]",0.875,2,,
ent_merge_001045,فحص الهرمونات,فحص الهرمونات,Test,"[""فحص الهرمونات"", ""فحوصات الهرمونيه""]",0.850,2,,
ent_merge_001046,فحص ب12,فحص ب12,Test,"[""فحص ب12"", ""فخص b12""]",0.900,1,,
ent_merge_001047,فحص حمل,فحص حمل,Test,"[""فحص حمل""]",0.900,3,,
ent_merge_001048,فحص دم,فحص دم,Test,"[""فحص دم"", ""فحص دم الرقمي""]",0.890,5,,
ent_merge_001049,فحص رباعي الأبعاد,فحص رباعي الابعاد,Test,"[""فحص رباعي الأبعاد""]",0.900,1,,
ent_merge_001050,فحص سريري,فحص سريري,Test,"[""فحص سريري""]",0.879,7,,
ent_merge_001051,فحص طبي,فحص طبي,Test,"[""فحص طبي"", ""فحوصات""]",0.820,5,,
ent_merge_001052,فحص طبي شامل,فحص طبي شامل,Test,"[""فحص طبي شامل"", ""الفحص الطبي الشامل"", ""الفحص المخبري الشامل""]",0.950,2,,
ent_merge_001053,فحص عند طبيب العيون,فحص عند طبيب العيون,Test,"[""فحص عند طبيب العيون""]",0.850,2,,
ent_merge_001054,فحص قوة الدم,فحص قوه الدم,Test,"[""فحص قوة الدم""]",0.800,1,,
ent_merge_001055,فحص للبلعوم والحنجرة,فحص للبلعوم والحنجره,Test,"[""فحص للبلعوم والحنجرة""]",0.900,1,,
ent_merge_001056,فحص هرمون الحمل,فحص هرمون الحمل,Test,"[""فحص هرمون الحمل""]",0.800,1,,
ent_merge_001057,فحص هرمونات,فحص هرمونات,Test,"[""فحص هرمونات"", ""التحليل الهرموني"", ""فحص الهرمونات""]",0.850,4,,
ent_merge_001058,فحص هرموني,فحص هرموني,Test,"[""فحص هرموني"", ""فحوصات هرمونية""]",0.875,2,,
ent_merge_001059,فحص هشاشة عظام,فحص هشاشه عظام,Test,"[""فحص هشاشة عظام""]",0.900,1,,
ent_merge_001060,فحوص سريريه,فحوص سريريه,Test,"[""فحوص سريريه""]",0.800,1,,
ent_merge_001061,فحوصات,فحوصات,Test,"[""فحوصات""]",0.800,2,,
ent_merge_001062,فحوصات طبيه,فحوصات طبيه,Test,"[""فحوصات طبيه""]",0.850,1,,
ent_merge_001063,فحوصات مخبرية,فحوصات مخبريه,Test,"[""فحوصات مخبرية""]",0.850,2,,
ent_merge_001064,فحوصات هرمونية,فحوصات هرمونيه,Test,"[""فحوصات هرمونية"", ""فحوصاتي"", ""التحاليل المخبرية""]",0.850,2,,
ent_merge_001065,فيريتين,فيريتين,Test,"[""فيريتين"", ""Ferritin""]",0.850,1,,
ent_merge_001066,قسطرة,قسطره,Test,"[""قسطرة"", ""قسطرة التشخيصية"", ""قسطرة الشريانية"", ""القسطرة""]",0.950,6,,
ent_merge_001067,قسطرة القلب,قسطره القلب,Test,"[""قسطرة القلب"", ""القسطره القلبيه"", ""قسطرة القلب الأيسر"", ""قسطره""]",0.912,4,,
ent_merge_001068,قياس الضغط,قياس الضغط,Test,"[""قياس الضغط""]",0.950,1,,
ent_merge_001069,قياس ضغط الدم,قياس ضغط الدم,Test,"[""قياس ضغط الدم"", ""قياس للضغط""]",0.917,3,,
ent_merge_001070,كشق طبي,كشق طبي,Test,"[""كشق طبي""]",0.950,1,,
ent_merge_001071,مجال الرؤية,مجال الرويه,Test,"[""مجال الرؤية""]",0.850,1,,
ent_merge_001072,مزرعة بول,مزرعه بول,Test,"[""مزرعة بول""]",0.800,1,,
ent_merge_001073,مسح ذري,مسح ذري,Test,"[""مسح ذري""]",0.950,1,,
ent_merge_001074,مسحة عنق الرحم,مسحه عنق الرحم,Test,"[""مسحة عنق الرحم""]",0.950,1,,
ent_merge_001075,منظار,منظار,Test,"[""منظار""]",0.912,4,,
ent_merge_001076,منظار المعدة,منظار المعده,Test,"[""منظار المعدة"", ""منظار معدة"", ""منظار للمعدة""]",0.925,4,,
ent_merge_001077,منظار هضمي,منظار هضمي,Test,"[""منظار هضمي"", ""منظار معده"", ""منظار للمعده""]",0.900,2,,
ent_merge_001078,نظار,نظار,Test,"[""نظار"", ""ناظور"", ""المنظار""]",0.900,2,,
ent_merge_001079,هرمون الحمل,هرمون الحمل,Test,"[""هرمون الحمل""]",0.925,4,,
ent_merge_001080,هرمون جارات الغدة الدرقية,هرمون جارات الغده الدرقيه,Test,"[""هرمون جارات الغدة الدرقية""]",0.950,1,,
ent_merge_001081,هرمون مولريان,هرمون مولريان,Test,"[""هرمون مولريان"", ""فحص المضاد للهرمون مولريان""]",0.900,1,,
ent_merge_001082,هولتر,هولتر,Test,"[""هولتر"", ""جهاز تسجيل لمدة 24 ساعة (هولتر)"", ""جهاز تسجيل رسم القلب 24 ساعه الهولتر""]",0.933,3,,
ent_merge_001083,هيموغلوبين,هيموغلوبين,Test,"[""هيموغلوبين""]",0.850,2,,
ent_merge_001084,وظائف الكلية,وظايف الكليه,Test,"[""وظائف الكلية""]",0.950,1,,
ent_merge_001085,5-Hydroxytryptophan,5-hydroxytryptophan,Treatment,"[""5-Hydroxytryptophan"", ""5htp""]",0.700,1,,
ent_merge_001086,5ASA,5asa,Treatment,"[""5ASA""]",0.850,1,,
ent_merge_001087,amlor,amlor,Treatment,"[""amlor"", ""AMLOR 5mg""]",0.925,2,,
ent_merge_001088,azalic acid cream,azalic acid cream,Treatment,"[""azalic acid cream""]",0.950,1,,
ent_merge_001089,Azithromycin,azithromycin,Treatment,"[""Azithromycin""]",0.950,1,,
ent_merge_001090,betasept,betasept,Treatment,"[""betasept""]",0.800,1,,
ent_merge_001091,biprotens,biprotens,Treatment,"[""biprotens""]",0.900,1,,
ent_merge_001092,cazet,cazet,Treatment,"[""cazet""]",0.900,1,,
ent_merge_001093,cefuzime,cefuzime,Treatment,"[""cefuzime""]",0.950,1,,
ent_merge_001094,Ciprofloxacin,ciprofloxacin,Treatment,"[""Ciprofloxacin""]",0.850,1,,
ent_merge_001095,cipromax,cipromax,Treatment,"[""cipromax""]",0.800,1,,
ent_merge_001096,Clomipramine,clomipramine,Treatment,"[""Clomipramine""]",0.850,1,,
ent_merge_001097,Clotremazol kream,clotremazol kream,Treatment,"[""Clotremazol kream""]",0.900,1,,
ent_merge_001098,coxicam,coxicam,Treatment,"[""coxicam""]",0.850,1,,
ent_merge_001099,DACTACORT,dactacort,Treatment,"[""DACTACORT""]",0.850,1,,
ent_merge_001100,dalacin,dalacin,Treatment,"[""dalacin""]",0.900,1,,
ent_merge_001101,dalacin vaginal ovule,dalacin vaginal ovule,Treatment,"[""dalacin vaginal ovule""]",0.950,1,,
ent_merge_001102,dexon,dexon,Treatment,"[""dexon""]",0.850,1,,
ent_merge_001103,Deyamethasone,deyamethasone,Treatment,"[""Deyamethasone""]",0.850,2,,
ent_merge_001104,DIFLUCAN,diflucan,Treatment,"[""DIFLUCAN""]",0.850,1,,
ent_merge_001105,DIGOXIN,digoxin,Treatment,"[""DIGOXIN""]",0.950,1,,
ent_merge_001106,Equirab,equirab,Treatment,"[""Equirab"", ""لقاح Equirab""]",0.850,1,,
ent_merge_001107,hydroqinon mono benzyl ether,hydroqinon mono benzyl ether,Treatment,"[""hydroqinon mono benzyl ether""]",0.850,1,,
ent_merge_001108,indometacin,indometacin,Treatment,"[""indometacin""]",0.800,1,,
ent_merge_001109,levothyrox,levothyrox,Treatment,"[""levothyrox"", ""levothyrox25""]",0.900,2,,
ent_merge_001110,levothyroxine,levothyroxine,Treatment,"[""levothyroxine"", ""levothyroxine 50 mcg""]",0.950,1,,
ent_merge_001111,losec,losec,Treatment,"[""losec""]",0.950,1,,
ent_merge_001112,Mebo Cream,mebo cream,Treatment,"[""Mebo Cream""]",0.950,1,,
ent_merge_001113,Metrolag,metrolag,Treatment,"[""Metrolag""]",0.950,1,,
ent_merge_001114,mixavit,mixavit,Treatment,"[""mixavit""]",0.850,1,,
ent_merge_001115,MUCOSOLVAN,mucosolvan,Treatment,"[""MUCOSOLVAN""]",0.850,1,,
ent_merge_001116,Neostrata Facial cleanser,neostrata facial cleanser,Treatment,"[""Neostrata Facial cleanser""]",0.850,1,,
ent_merge_001117,nexium,nexium,Treatment,"[""nexium""]",0.950,1,,
ent_merge_001118,Omeprazol,omeprazol,Treatment,"[""Omeprazol""]",0.950,1,,
ent_merge_001119,omerozole,omerozole,Treatment,"[""omerozole""]",0.800,1,,
ent_merge_001120,peptec care,peptec care,Treatment,"[""peptec care""]",0.700,1,,
ent_merge_001121,PREFERTIL,prefertil,Treatment,"[""PREFERTIL""]",0.950,1,,
ent_merge_001122,Rhogam,rhogam,Treatment,"[""Rhogam""]",0.950,1,,
ent_merge_001123,safenac,safenac,Treatment,"[""safenac""]",0.850,1,,
ent_merge_001124,tamoxifen,tamoxifen,Treatment,"[""tamoxifen""]",0.950,1,,
ent_merge_001125,urea cream,urea cream,Treatment,"[""urea cream""]",0.950,1,,
ent_merge_001126,Vaseline,vaseline,Treatment,"[""Vaseline""]",0.950,1,,
ent_merge_001127,ابر منشطه,ابر منشطه,Treatment,"[""ابر منشطه""]",0.950,2,,
ent_merge_001128,إبرة انقاذ الحياة,ابره انقاذ الحياه,Treatment,"[""إبرة انقاذ الحياة""]",0.950,1,,
ent_merge_001129,اتاراكس,اتاراكس,Treatment,"[""اتاراكس""]",0.950,2,,
ent_merge_001130,إجراء عملية جراحية,اجراء عمليه جراحيه,Treatment,"[""إجراء عملية جراحية""]",0.850,1,,
ent_merge_001131,ادويه,ادويه,Treatment,"[""ادويه""]",0.850,1,,
ent_merge_001132,إريثرومايسين,اريثرومايسين,Treatment,"[""إريثرومايسين"", ""ازيثرومايسين"", ""الإريثرومايسين""]",0.900,2,,
ent_merge_001133,ازاثيوبرين,ازاثيوبرين,Treatment,"[""ازاثيوبرين""]",0.950,1,,
ent_merge_001134,إزالة الأعضاء الذكرية,ازاله الاعضاء الذكريه,Treatment,"[""إزالة الأعضاء الذكرية""]",0.850,1,,
ent_merge_001135,إزالة التثدي,ازاله التثدي,Treatment,"[""إزالة التثدي""]",0.850,1,,
ent_merge_001136,ازالة الدوالي,ازاله الدوالي,Treatment,"[""ازالة الدوالي"", ""ازالة الدوالي الموجوده على الخصيه اليسرى""]",0.900,1,,
ent_merge_001137,ازالة الشحوم,ازاله الشحوم,Treatment,"[""ازالة الشحوم"", ""ازالة الدهون""]",0.900,2,,
ent_merge_001138,إزالة الضغط,ازاله الضغط,Treatment,"[""إزالة الضغط""]",0.700,1,,
ent_merge_001139,إزالة جراحية,ازاله جراحيه,Treatment,"[""إزالة جراحية"", ""إزالتها جراحيا""]",0.800,1,,
ent_merge_001140,إزونيازيد,ازونيازيد,Treatment,"[""إزونيازيد""]",0.900,1,,
ent_merge_001141,أزيثرومايسين,ازيثرومايسين,Treatment,"[""أزيثرومايسين"", ""azithromycin""]",0.900,1,,
ent_merge_001142,استأصال الكلية,استاصال الكليه,Treatment,"[""استأصال الكلية"", ""استأصلت كليته""]",0.900,1,,
ent_merge_001143,استخراج ذبابة الانف,استخراج ذبابه الانف,Treatment,"[""استخراج ذبابة الانف"", ""استخراجها""]",0.800,1,,
ent_merge_001144,إستشارة طبيب,استشاره طبيب,Treatment,"[""إستشارة طبيب""]",0.850,1,,
ent_merge_001145,استئصال,استيصال,Treatment,"[""استئصال"", ""استئصاله"", ""الإستئصال"", ""العملية""]",0.870,5,,
ent_merge_001146,استئصال الرحم,استيصال الرحم,Treatment,"[""استئصال الرحم""]",0.850,1,,
ent_merge_001147,استئصال المرارة,استيصال المراره,Treatment,"[""استئصال المرارة""]",0.933,3,,
ent_merge_001148,استئصال الورم,استيصال الورم,Treatment,"[""استئصال الورم"", ""استئصال ورم""]",0.850,3,,
ent_merge_001149,استئصال جزء من الدرقية,استيصال جزء من الدرقيه,Treatment,"[""استئصال جزء من الدرقية""]",0.700,1,,
ent_merge_001150,اطفال انابيب,اطفال انابيب,Treatment,"[""اطفال انابيب""]",0.950,1,,
ent_merge_001151,اعشاب فيتارم,اعشاب فيتارم,Treatment,"[""اعشاب فيتارم""]",0.800,1,,
ent_merge_001152,إغلاق بالقسطرة,اغلاق بالقسطره,Treatment,"[""إغلاق بالقسطرة""]",0.850,1,,
ent_merge_001153,إغلاق جراحي,اغلاق جراحي,Treatment,"[""إغلاق جراحي""]",0.850,1,,
ent_merge_001154,أغمنتين,اغمنتين,Treatment,"[""أغمنتين""]",0.900,1,,
ent_merge_001155,اكتومثرين,اكتومثرين,Treatment,"[""اكتومثرين""]",0.850,1,,
ent_merge_001156,إكزايمر ليزر,اكزايمر ليزر,Treatment,"[""إكزايمر ليزر"", ""باكزايمر ليزر""]",0.900,2,,
ent_merge_001157,أكسجين,اكسجين,Treatment,"[""أكسجين"", ""الأكسجين""]",0.850,1,,
ent_merge_001158,اكليل الجبل,اكليل الجبل,Treatment,"[""اكليل الجبل""]",0.850,2,,
ent_merge_001159,الابتعاد عن التدخين,الابتعاد عن التدخين,Treatment,"[""الابتعاد عن التدخين""]",0.900,1,,
ent_merge_001160,الابتعاد عن جلسات التخزين,الابتعاد عن جلسات التخزين,Treatment,"[""الابتعاد عن جلسات التخزين""]",0.900,1,,
ent_merge_001161,الاختلاج الكهربائي,الاختلاج الكهربايي,Treatment,"[""الاختلاج الكهربائي""]",0.950,1,,
ent_merge_001162,الأدرياميسين,الادرياميسين,Treatment,"[""الأدرياميسين""]",0.950,1,,
ent_merge_001163,الأدرينالين,الادرينالين,Treatment,"[""الأدرينالين""]",0.850,1,,
ent_merge_001164,الادوية المثبطة لامتصاص السيروتنين,الادويه المثبطه لامتصاص السيروتنين,Treatment,"[""الادوية المثبطة لامتصاص السيروتنين""]",0.900,1,,
ent_merge_001165,الادويه مضادة الالتهاب,الادويه مضاده الالتهاب,Treatment,"[""الادويه مضادة الالتهاب""]",0.900,1,,
ent_merge_001166,الأسبرين,الاسبرين,Treatment,"[""الأسبرين"", ""بيبي اسبرين"", ""اسبرين بيبي"", ""اسبرين"", ""20 حبة بيبي اسبرين"", ""الأسبرين + البلافيكس""]",0.885,10,,
ent_merge_001167,الاستمناء,الاستمناء,Treatment,"[""الاستمناء"", ""عادة سرية"", ""تستمني""]",0.850,3,,
ent_merge_001168,الاستئصال,الاستيصال,Treatment,"[""الاستئصال"", ""عملية جراحية""]",0.900,2,,
ent_merge_001169,الأسماك الدهنية,الاسماك الدهنيه,Treatment,"[""الأسماك الدهنية""]",0.850,2,,
ent_merge_001170,الاشراف,الاشراف,Treatment,"[""الاشراف""]",0.800,1,,
ent_merge_001171,الاشعاع,الاشعاع,Treatment,"[""الاشعاع""]",0.900,2,,
ent_merge_001172,الأملج,الاملج,Treatment,"[""الأملج""]",0.950,1,,
ent_merge_001173,الاموكسيسيللين,الاموكسيسيللين,Treatment,"[""الاموكسيسيللين"", ""امكسيسلين""]",0.900,2,,
ent_merge_001174,الانابيب,الانابيب,Treatment,"[""الانابيب""]",0.800,2,,
ent_merge_001175,الأنسولين,الانسولين,Treatment,"[""الأنسولين"", ""اﻷنسولين""]",0.950,1,,
ent_merge_001176,الانعاش القلبي الرئوي,الانعاش القلبي الريوي,Treatment,"[""الانعاش القلبي الرئوي""]",0.870,5,,
ent_merge_001177,الايبوبروفين,الايبوبروفين,Treatment,"[""الايبوبروفين""]",0.850,1,,
ent_merge_001178,البابونج,البابونج,Treatment,"[""البابونج""]",0.900,2,,
ent_merge_001179,الباراسيتامول,الباراسيتامول,Treatment,"[""الباراسيتامول""]",0.850,1,,
ent_merge_001180,الباندول,الباندول,Treatment,"[""الباندول""]",0.950,1,,
ent_merge_001181,الببسين,الببسين,Treatment,"[""الببسين""]",0.900,1,,
ent_merge_001182,البرتقال,البرتقال,Treatment,"[""البرتقال""]",0.850,2,,
ent_merge_001183,البردقوش,البردقوش,Treatment,"[""البردقوش""]",0.875,4,,
ent_merge_001184,البروتينات الطبيعية,البروتينات الطبيعيه,Treatment,"[""البروتينات الطبيعية""]",0.800,1,,
ent_merge_001185,البروزاك,البروزاك,Treatment,"[""البروزاك""]",0.950,1,,
ent_merge_001186,البقدونس,البقدونس,Treatment,"[""البقدونس""]",0.850,2,,
ent_merge_001187,البلافكس,البلافكس,Treatment,"[""البلافكس""]",0.900,1,,
ent_merge_001188,التخدير,التخدير,Treatment,"[""التخدير"", ""تخدير""]",0.900,2,,
ent_merge_001189,الترفبرون,الترفبرون,Treatment,"[""الترفبرون""]",0.950,1,,
ent_merge_001190,التغذية المتوازنة,التغذيه المتوازنه,Treatment,"[""التغذية المتوازنة""]",0.850,3,,
ent_merge_001191,التمارين الرياضية,التمارين الرياضيه,Treatment,"[""التمارين الرياضية"", ""تمارين رياضية""]",0.850,2,,
ent_merge_001192,التمالرين الرياضيه,التمالرين الرياضيه,Treatment,"[""التمالرين الرياضيه""]",0.850,1,,
ent_merge_001193,التنظيف,التنظيف,Treatment,"[""التنظيف"", ""عملية تنظيفات""]",0.850,1,,
ent_merge_001194,التوعية الجنسية,التوعيه الجنسيه,Treatment,"[""التوعية الجنسية""]",0.850,1,,
ent_merge_001196,الجراحة,الجراحه,Treatment,"[""الجراحة""]",0.846,14,,
ent_merge_001197,الجوارب الضاغطة,الجوارب الضاغطه,Treatment,"[""الجوارب الضاغطة""]",0.950,1,,
ent_merge_001198,الحجامة,الحجامه,Treatment,"[""الحجامة""]",0.850,1,,
ent_merge_001199,الحفاظ على الوزن الصحي,الحفاظ علي الوزن الصحي,Treatment,"[""الحفاظ على الوزن الصحي""]",0.800,1,,
ent_merge_001200,الحلبة,الحلبه,Treatment,"[""الحلبة""]",0.950,1,,
ent_merge_001201,الحمية,الحميه,Treatment,"[""الحمية""]",0.950,1,,
ent_merge_001202,الخضروات الخضراء,الخضروات الخضراء,Treatment,"[""الخضروات الخضراء""]",0.800,1,,
ent_merge_001203,الخل,الخل,Treatment,"[""الخل""]",0.850,1,,
ent_merge_001204,الدواء,الدواء,Treatment,"[""الدواء"", ""مضمضة الكلورهيكسيدين"", ""vitamin b complex""]",0.850,5,,
ent_merge_001205,الدينكسيت,الدينكسيت,Treatment,"[""الدينكسيت""]",0.950,1,,
ent_merge_001206,الراحة,الراحه,Treatment,"[""الراحة""]",0.800,1,,
ent_merge_001207,الرضاعة,الرضاعه,Treatment,"[""الرضاعة"", ""حليب الأم"", ""رضاعة""]",0.863,4,,
ent_merge_001208,الرضاعة الطبيعية,الرضاعه الطبيعيه,Treatment,"[""الرضاعة الطبيعية""]",0.863,4,,
ent_merge_001209,الرياضة,الرياضه,Treatment,"[""الرياضة"", ""الرياضة اليومية""]",0.858,6,,
ent_merge_001210,الريبافيرين,الريبافيرين,Treatment,"[""الريبافيرين""]",0.950,1,,
ent_merge_001211,الزنجبيل,الزنجبيل,Treatment,"[""الزنجبيل"", ""مخلوط الزنجبيل""]",0.820,5,,
ent_merge_001212,السايكلوسبورين,السايكلوسبورين,Treatment,"[""السايكلوسبورين""]",0.950,1,,
ent_merge_001213,السباحة,السباحه,Treatment,"[""السباحة""]",0.850,1,,
ent_merge_001214,الستاتينات,الستاتينات,Treatment,"[""الستاتينات""]",0.900,1,,
ent_merge_001215,السوائل,السوايل,Treatment,"[""السوائل""]",0.900,3,,
ent_merge_001216,السيبرالكس,السيبرالكس,Treatment,"[""السيبرالكس""]",0.950,1,,
ent_merge_001217,السيلدنافيل,السيلدنافيل,Treatment,"[""السيلدنافيل""]",0.950,1,,
ent_merge_001218,الشاي,الشاي,Treatment,"[""الشاي"", ""الشاي الأسود""]",0.900,2,,
ent_merge_001219,الشاي الاخضر,الشاي الاخضر,Treatment,"[""الشاي الاخضر""]",0.850,1,,
ent_merge_001220,الشوكولاته,الشوكولاته,Treatment,"[""الشوكولاته""]",0.850,2,,
ent_merge_001221,العسل,العسل,Treatment,"[""العسل""]",0.850,1,,
ent_merge_001222,العلاج الجراحي,العلاج الجراحي,Treatment,"[""العلاج الجراحي""]",0.900,1,,
ent_merge_001223,العلاج الدوائي,العلاج الدوايي,Treatment,"[""العلاج الدوائي""]",0.950,1,,
ent_merge_001224,العلاج الطبيعي,العلاج الطبيعي,Treatment,"[""العلاج الطبيعي""]",0.867,6,,
ent_merge_001225,العلاج المعرفي والسلوكي,العلاج المعرفي والسلوكي,Treatment,"[""العلاج المعرفي والسلوكي""]",0.950,1,,
ent_merge_001226,العلاج بالليزر,العلاج بالليزر,Treatment,"[""العلاج بالليزر""]",0.925,2,,
ent_merge_001227,العلاج مزيل الاحتقان الكامل,العلاج مزيل الاحتقان الكامل,Treatment,"[""العلاج مزيل الاحتقان الكامل""]",0.900,1,,
ent_merge_001228,العمليه,العمليه,Treatment,"[""العمليه""]",0.900,1,,
ent_merge_001229,الغذاء الطبيعي,الغذاء الطبيعي,Treatment,"[""الغذاء الطبيعي""]",0.800,1,,
ent_merge_001230,الغرزه,الغرزه,Treatment,"[""الغرزه""]",0.850,1,,
ent_merge_001231,الفجل الابيض,الفجل الابيض,Treatment,"[""الفجل الابيض""]",0.800,1,,
ent_merge_001233,القرفة,القرفه,Treatment,"[""القرفة""]",0.850,2,,
ent_merge_001234,القهوه,القهوه,Treatment,"[""القهوه"", ""قهوة""]",0.833,3,,
ent_merge_001235,الكانيولا,الكانيولا,Treatment,"[""الكانيولا""]",0.850,1,,
ent_merge_001236,الكرفس,الكرفس,Treatment,"[""الكرفس""]",0.850,2,,
ent_merge_001237,الكركديه,الكركديه,Treatment,"[""الكركديه""]",0.825,2,,
ent_merge_001238,الكرنتين,الكرنتين,Treatment,"[""الكرنتين"", ""دواء الكرنتين""]",0.850,1,,
ent_merge_001239,الكرياتين,الكرياتين,Treatment,"[""الكرياتين""]",0.800,1,,
ent_merge_001240,الكريمات,الكريمات,Treatment,"[""الكريمات""]",0.850,1,,
ent_merge_001241,الكريمات الموضعية المخدرة,الكريمات الموضعيه المخدره,Treatment,"[""الكريمات الموضعية المخدرة"", ""الدهونات والبخاخات والكريمات الموضعيه""]",0.850,4,,
ent_merge_001242,الكلورهيكيسدين,الكلورهيكيسدين,Treatment,"[""الكلورهيكيسدين"", ""الكلورهيكسيدين""]",0.900,2,,
ent_merge_001243,الكورتيزون,الكورتيزون,Treatment,"[""الكورتيزون"", ""دواء الكورتيزون""]",0.900,3,,
ent_merge_001244,الكورتيكوستيرويد,الكورتيكوستيرويد,Treatment,"[""الكورتيكوستيرويد""]",0.900,1,,
ent_merge_001245,الكيماوي,الكيماوي,Treatment,"[""الكيماوي"", ""جلسات كيماوي"", ""علاج كيمياوي""]",0.900,3,,
ent_merge_001246,اللبن الرائب,اللبن الرايب,Treatment,"[""اللبن الرائب""]",0.900,1,,
ent_merge_001247,اللحوم الحمراء,اللحوم الحمراء,Treatment,"[""اللحوم الحمراء""]",0.850,2,,
ent_merge_001248,اللقاح,اللقاح,Treatment,"[""اللقاح""]",0.887,4,,
ent_merge_001249,اللولب,اللولب,Treatment,"[""اللولب""]",0.800,3,,
ent_merge_001250,الليزر,الليزر,Treatment,"[""الليزر""]",0.850,2,,
ent_merge_001251,الليمون,الليمون,Treatment,"[""الليمون""]",0.850,1,,
ent_merge_001252,المثبت,المثبت,Treatment,"[""المثبت""]",0.850,1,,
ent_merge_001253,المداعبة,المداعبه,Treatment,"[""المداعبة""]",0.850,2,,
ent_merge_001254,المدرات البولية,المدرات البوليه,Treatment,"[""المدرات البولية""]",0.800,1,,
ent_merge_001255,المزلقات المائية,المزلقات الماييه,Treatment,"[""المزلقات المائية""]",0.850,1,,
ent_merge_001256,المشي,المشي,Treatment,"[""المشي""]",0.883,3,,
ent_merge_001257,المضادات الحيوية,المضادات الحيويه,Treatment,"[""المضادات الحيوية""]",0.900,4,,
ent_merge_001258,المكسرات,المكسرات,Treatment,"[""المكسرات""]",0.850,1,,
ent_merge_001259,المكملات الغذائية,المكملات الغذاييه,Treatment,"[""المكملات الغذائية""]",0.900,1,,
ent_merge_001260,المنظم الهرموني,المنظم الهرموني,Treatment,"[""المنظم الهرموني""]",0.850,1,,
ent_merge_001261,الميرمية,الميرميه,Treatment,"[""الميرمية"", ""المرميه""]",0.867,6,,
ent_merge_001262,المينوكسيديل,المينوكسيديل,Treatment,"[""المينوكسيديل""]",0.850,1,,
ent_merge_001263,النظام,النظام,Treatment,"[""النظام""]",0.800,1,,
ent_merge_001264,الهرمونات,الهرمونات,Treatment,"[""الهرمونات""]",0.800,1,,
ent_merge_001265,الورفارين,الورفارين,Treatment,"[""الورفارين""]",0.900,1,,
ent_merge_001266,الولادة القيصرية,الولاده القيصريه,Treatment,"[""الولادة القيصرية"", ""عملية قيصرية"", ""قيصرى""]",0.850,3,,
ent_merge_001267,أمоксيسيلين,امоксيسيلين,Treatment,"[""أمоксيسيلين"", ""أموكسيسيللين""]",0.900,1,,
ent_merge_001268,امادول,امادول,Treatment,"[""امادول"", ""tramadol""]",0.950,1,,
ent_merge_001269,اميبرامين,اميبرامين,Treatment,"[""اميبرامين""]",0.950,1,,
ent_merge_001270,انبوب للتغذية,انبوب للتغذيه,Treatment,"[""انبوب للتغذية""]",0.900,1,,
ent_merge_001271,انبوب للتنفس,انبوب للتنفس,Treatment,"[""انبوب للتنفس""]",0.900,1,,
ent_merge_001272,انفليكسيماب,انفليكسيماب,Treatment,"[""انفليكسيماب""]",0.950,1,,
ent_merge_001273,أوجمنتين ٦٢٥,اوجمنتين 625,Treatment,"[""أوجمنتين ٦٢٥""]",0.850,1,,
ent_merge_001274,اوميبرازول,اوميبرازول,Treatment,"[""اوميبرازول"", ""اومبيرازول""]",0.925,6,,
ent_merge_001275,اوميجا3,اوميجا3,Treatment,"[""اوميجا3""]",0.950,1,,
ent_merge_001276,أيبوبروفين,ايبوبروفين,Treatment,"[""أيبوبروفين""]",0.850,1,,
ent_merge_001277,إيثامبيوتول,ايثامبيوتول,Treatment,"[""إيثامبيوتول""]",0.900,1,,
ent_merge_001278,بензويل بيراوكسيد,بензويل بيراوكسيد,Treatment,"[""بензويل بيراوكسيد""]",0.850,1,,
ent_merge_001279,باراسيتامول,باراسيتامول,Treatment,"[""باراسيتامول"", ""مسكن باراسيتامول""]",0.900,4,,
ent_merge_001280,باريت,باريت,Treatment,"[""باريت"", ""ميتلوم""]",0.850,3,,
ent_merge_001281,بانتوبرازول,بانتوبرازول,Treatment,"[""بانتوبرازول""]",0.850,1,,
ent_merge_001282,بخاخ,بخاخ,Treatment,"[""بخاخ"", ""البخاخ ذو القرص""]",0.867,3,,
ent_merge_001283,بخاخ انفي,بخاخ انفي,Treatment,"[""بخاخ انفي""]",0.900,1,,
ent_merge_001284,بخاخات,بخاخات,Treatment,"[""بخاخات"", ""البخاخات"", ""بخاخ""]",0.900,3,,
ent_merge_001285,بخاخة,بخاخه,Treatment,"[""بخاخة""]",0.850,1,,
ent_merge_001286,بذر الكتان,بذر الكتان,Treatment,"[""بذر الكتان""]",0.900,1,,
ent_merge_001287,بذور الكتان,بذور الكتان,Treatment,"[""بذور الكتان""]",0.825,2,,
ent_merge_001288,برشام جينيرا,برشام جينيرا,Treatment,"[""برشام جينيرا""]",0.800,1,,
ent_merge_001289,برهم,برهم,Treatment,"[""برهم""]",0.900,1,,
ent_merge_001290,بروبيوتك,بروبيوتك,Treatment,"[""بروبيوتك"", ""مكملات البروبيوتك""]",0.900,1,,
ent_merge_001291,بروجسترون,بروجسترون,Treatment,"[""بروجسترون"", ""البروجسترون""]",0.800,1,,
ent_merge_001292,بروفين,بروفين,Treatment,"[""بروفين""]",0.870,5,,
ent_merge_001293,بريدنيزولون,بريدنيزولون,Treatment,"[""بريدنيزولون""]",0.950,1,,
ent_merge_001294,بريدنيزون,بريدنيزون,Treatment,"[""بريدنيزون""]",0.900,2,,
ent_merge_001295,بريست أكتيفيز,بريست اكتيفيز,Treatment,"[""بريست أكتيفيز""]",0.950,1,,
ent_merge_001296,بريمولوت,بريمولوت,Treatment,"[""بريمولوت""]",0.900,2,,
ent_merge_001297,بريمولوت ن,بريمولوت ن,Treatment,"[""بريمولوت ن""]",0.850,2,,
ent_merge_001298,بستلاين BM-301,بستلاين bm-301,Treatment,"[""بستلاين BM-301""]",0.950,1,,
ent_merge_001299,بناء جسم,بناء جسم,Treatment,"[""بناء جسم""]",0.900,2,,
ent_merge_001300,بنسلين,بنسلين,Treatment,"[""بنسلين""]",0.775,2,,
ent_merge_001301,بودا سيف,بودا سيف,Treatment,"[""بودا سيف""]",0.950,1,,
ent_merge_001302,بودرة الكولاجين,بودره الكولاجين,Treatment,"[""بودرة الكولاجين""]",0.950,2,,
ent_merge_001303,بولارامين,بولارامين,Treatment,"[""بولارامين""]",0.800,1,,
ent_merge_001304,بيتاسيرك,بيتاسيرك,Treatment,"[""بيتاسيرك""]",0.800,1,,
ent_merge_001305,بيتاميثازون,بيتاميثازون,Treatment,"[""بيتاميثازون""]",0.900,1,,
ent_merge_001306,بيرازيناميد,بيرازيناميد,Treatment,"[""بيرازيناميد""]",0.900,1,,
ent_merge_001307,بيكربونات الصوديوم,بيكربونات الصوديوم,Treatment,"[""بيكربونات الصوديوم""]",0.875,2,,
ent_merge_001308,تبيض الاسنان,تبيض الاسنان,Treatment,"[""تبيض الاسنان""]",0.850,1,,
ent_merge_001309,تبييض الأسنان,تبييض الاسنان,Treatment,"[""تبييض الأسنان""]",0.950,1,,
ent_merge_001310,تجميل,تجميل,Treatment,"[""تجميل""]",0.850,1,,
ent_merge_001311,تجميل الثدي,تجميل الثدي,Treatment,"[""تجميل الثدي"", ""جراحة تصغير و شد او تجميل الثدي""]",0.950,1,,
ent_merge_001312,تحريض ولادة,تحريض ولاده,Treatment,"[""تحريض ولادة""]",0.850,1,,
ent_merge_001313,تخدير,تخدير,Treatment,"[""تخدير"", ""التخدير"", ""التخدير العام"", ""البنج الكلي"", ""المخدر"", ""بنج""]",0.914,11,,
ent_merge_001314,تخدير موضعي,تخدير موضعي,Treatment,"[""تخدير موضعي"", ""التخدير الموضعي""]",0.925,2,,
ent_merge_001315,تخدير نصفي,تخدير نصفي,Treatment,"[""تخدير نصفي"", ""تخدير النصف""]",0.900,2,,
ent_merge_001316,ترافازول,ترافازول,Treatment,"[""ترافازول"", ""كريم ترافازول""]",0.700,1,,
ent_merge_001317,تطعيم,تطعيم,Treatment,"[""تطعيم"", ""التطعيم""]",0.870,5,,
ent_merge_001318,تطعيم البي سي جي,تطعيم البي سي جي,Treatment,"[""تطعيم البي سي جي""]",0.950,1,,
ent_merge_001319,تعرض لاشعة الشمس,تعرض لاشعه الشمس,Treatment,"[""تعرض لاشعة الشمس"", ""التعرض لأشعة الشمس""]",0.950,2,,
ent_merge_001320,تعويض السوائل,تعويض السوايل,Treatment,"[""تعويض السوائل""]",0.950,1,,
ent_merge_001321,تفتيت,تفتيت,Treatment,"[""تفتيت""]",0.900,2,,
ent_merge_001322,تفتيت باليزر,تفتيت باليزر,Treatment,"[""تفتيت باليزر""]",0.850,1,,
ent_merge_001323,تقشير الجلد,تقشير الجلد,Treatment,"[""تقشير الجلد""]",0.850,1,,
ent_merge_001324,تقليل التوتر,تقليل التوتر,Treatment,"[""تقليل التوتر"", ""التوتر""]",0.850,1,,
ent_merge_001325,تقليل الضغط النفسي,تقليل الضغط النفسي,Treatment,"[""تقليل الضغط النفسي"", ""تقليل من الضغط النفسي""]",0.850,1,,
ent_merge_001326,تقويم الاسنان,تقويم الاسنان,Treatment,"[""تقويم الاسنان""]",0.950,2,,
ent_merge_001328,تكميم المعدة,تكميم المعده,Treatment,"[""تكميم المعدة"", ""عمليات تكميم المعده""]",0.925,2,,
ent_merge_001329,تل فاست,تل فاست,Treatment,"[""تل فاست"", ""حبة تل فاست""]",0.800,1,,
ent_merge_001330,تلقيح صناعي,تلقيح صناعي,Treatment,"[""تلقيح صناعي""]",0.950,1,,
ent_merge_001331,تليفاست,تليفاست,Treatment,"[""تليفاست""]",0.800,1,,
ent_merge_001332,تمارين,تمارين,Treatment,"[""تمارين""]",0.850,1,,
ent_merge_001333,تمارين الضغط,تمارين الضغط,Treatment,"[""تمارين الضغط""]",0.900,1,,
ent_merge_001334,تمارين المعدة,تمارين المعده,Treatment,"[""تمارين المعدة""]",0.850,1,,
ent_merge_001335,تمارين رياضية,تمارين رياضيه,Treatment,"[""تمارين رياضية"", ""تمارين الرياضية"", ""تمارين""]",0.850,4,,
ent_merge_001336,تمارين كيغل,تمارين كيغل,Treatment,"[""تمارين كيغل"", ""تمارين كيغل لتقوية عضلات الشرج""]",0.838,4,,
ent_merge_001337,تمارين للبطن,تمارين للبطن,Treatment,"[""تمارين للبطن""]",0.850,1,,
ent_merge_001338,تناول اغذية فيها فيتامين د,تناول اغذيه فيها فيتامين د,Treatment,"[""تناول اغذية فيها فيتامين د""]",0.900,1,,
ent_merge_001339,تناول الأطعمة الغنية بالألياف,تناول الاطعمه الغنيه بالالياف,Treatment,"[""تناول الأطعمة الغنية بالألياف""]",0.850,1,,
ent_merge_001340,تناول الخضراوات,تناول الخضراوات,Treatment,"[""تناول الخضراوات""]",0.850,1,,
ent_merge_001341,تناول الفجل الأبيض,تناول الفجل الابيض,Treatment,"[""تناول الفجل الأبيض""]",0.950,2,,
ent_merge_001342,تناول الفواكه,تناول الفواكه,Treatment,"[""تناول الفواكه""]",0.850,1,,
ent_merge_001343,تناول مضادات الحموضة,تناول مضادات الحموضه,Treatment,"[""تناول مضادات الحموضة"", ""مضادات الحموضة""]",0.850,1,,
ent_merge_001344,تناول وجبة الإفطار,تناول وجبه الافطار,Treatment,"[""تناول وجبة الإفطار""]",0.700,1,,
ent_merge_001345,تنبيب المريض,تنبيب المريض,Treatment,"[""تنبيب المريض""]",0.800,2,,
ent_merge_001346,تنشيط كهربائي,تنشيط كهربايي,Treatment,"[""تنشيط كهربائي"", ""التنشيط الكهربائي"", ""تنشيط بالكهرباء""]",0.850,2,,
ent_merge_001347,تنظيف,تنظيف,Treatment,"[""تنظيف"", ""تنظيفه""]",0.850,1,,
ent_merge_001348,تنظيف الأمعاء,تنظيف الامعاء,Treatment,"[""تنظيف الأمعاء""]",0.850,1,,
ent_merge_001349,توبليكسيل,توبليكسيل,Treatment,"[""توبليكسيل""]",0.800,1,,
ent_merge_001350,توسيع الشرايين,توسيع الشرايين,Treatment,"[""توسيع الشرايين""]",0.850,1,,
ent_merge_001351,توسيع عنق الرحم,توسيع عنق الرحم,Treatment,"[""توسيع عنق الرحم""]",0.900,1,,
ent_merge_001352,توقف استعمال العدسات,توقف استعمال العدسات,Treatment,"[""توقف استعمال العدسات""]",0.900,1,,
ent_merge_001353,تينورمين 50 م,تينورمين 50 م,Treatment,"[""تينورمين 50 م""]",0.850,1,,
ent_merge_001354,ثمرة غوانابانا,ثمره غوانابانا,Treatment,"[""ثمرة غوانابانا""]",0.850,1,,
ent_merge_001355,جراحة,جراحه,Treatment,"[""جراحة"", ""جراحيا"", ""جراح"", ""راجع اخصائي جراحة""]",0.820,5,,
ent_merge_001356,جراحة التجميل,جراحه التجميل,Treatment,"[""جراحة التجميل""]",0.850,1,,
ent_merge_001357,جراحة العظام,جراحه العظام,Treatment,"[""جراحة العظام"", ""جراحه عظام""]",0.850,1,,
ent_merge_001358,جراحة القلب,جراحه القلب,Treatment,"[""جراحة القلب""]",0.900,1,,
ent_merge_001359,جراحة القلب المفتوح,جراحه القلب المفتوح,Treatment,"[""جراحة القلب المفتوح"", ""عملية قلب مفتوح""]",0.950,2,,
ent_merge_001360,جراحة تجميلية,جراحه تجميليه,Treatment,"[""جراحة تجميلية""]",0.900,3,,
ent_merge_001361,جراحة لتعديل الأعضاء الذكرية,جراحه لتعديل الاعضاء الذكريه,Treatment,"[""جراحة لتعديل الأعضاء الذكرية""]",0.850,1,,
ent_merge_001362,جراحة هامة,جراحه هامه,Treatment,"[""جراحة هامة""]",0.950,1,,
ent_merge_001363,جرعة,جرعه,Treatment,"[""جرعة"", ""الجعة اللازمة"", ""التحليل طبيعي . إذا كانت تأخد تيروكسين عليها أن تستمر بنفس الجرعة . وإذا لم تكن تأخذ فالغدة طبيعية ولاتحتاج لشيء"", ""عزيزتي غالباً عن استخدام هرمون الثايروكسين بالجرعة المطلوبة يتحسن النوم لدى الأغلبية ولذلك يجب التأكد ان الجرعة كافية عن طريق تحليل الدم لمستوى هرمون الغدة tsh والأمر الآخر يتطلب استقصاء الأسباب الاخرى لكثرة النوم او الخمول والكسل بشكل عام العضوية والنفسية"", ""عمري ٢٥سنة واعاني من نشاط زائد في الغده الدرقية وقمت بأخذ جرعه من اليود النووي المشع وعندي طفل عمره سنه فما المده الزمنيه المحدده اللتي سأتمكن بعدها"", ""زدت جرعه الثيروكسبن من ٧٥ الى ١٠٠ وبعدها ب ٣ اسابيع احس بالم بالحلق مثل الاحتقان بس مو احتفان لي اسبوع كذا هل ارجع لجرعتي السابقه وماذا افعل"", ""عندكسل غده واخذت علاج اثيروكس 25 رجعت بعدها وحللت الحمدلله نزلت ورجعت للمعدل الطبيعي بعدها بشهرين قاعده اشوفها وصلت 3:11 وبعد 4شهور وصلت3:92 هل هذايعني خلاص استمرعلى الحبوب؟""]",0.867,12,,
ent_merge_001364,جلايسوليسيد,جلايسوليسيد,Treatment,"[""جلايسوليسيد""]",0.950,1,,
ent_merge_001365,جليسوليد,جليسوليد,Treatment,"[""جليسوليد""]",0.950,1,,
ent_merge_001366,جهاز لتصغير الصدر,جهاز لتصغير الصدر,Treatment,"[""جهاز لتصغير الصدر""]",0.950,1,,
ent_merge_001367,جهاز للتنفس,جهاز للتنفس,Treatment,"[""جهاز للتنفس""]",0.900,1,,
ent_merge_001368,حاصرات بيتا,حاصرات بيتا,Treatment,"[""حاصرات بيتا""]",0.850,1,,
ent_merge_001369,حاصرات قنوات الكالسيوم,حاصرات قنوات الكالسيوم,Treatment,"[""حاصرات قنوات الكالسيوم""]",0.850,1,,
ent_merge_001370,حامض الفوليك,حامض الفوليك,Treatment,"[""حامض الفوليك""]",0.800,1,,
ent_merge_001371,حبة سوداء,حبه سوداء,Treatment,"[""حبة سوداء"", ""الحبة السوداء""]",0.875,2,,
ent_merge_001372,حبوب الضغط,حبوب الضغط,Treatment,"[""حبوب الضغط""]",0.950,1,,
ent_merge_001373,حبوب الغدة الرقية,حبوب الغده الرقيه,Treatment,"[""حبوب الغدة الرقية""]",0.950,1,,
ent_merge_001374,حبوب بريمولوت ن,حبوب بريمولوت ن,Treatment,"[""حبوب بريمولوت ن"", ""بريمولوت""]",0.900,2,,
ent_merge_001375,حبوب مارفيلون,حبوب مارفيلون,Treatment,"[""حبوب مارفيلون"", ""مارفيلون""]",0.900,2,,
ent_merge_001376,حبوب منع الحمل,حبوب منع الحمل,Treatment,"[""حبوب منع الحمل""]",0.950,2,,
ent_merge_001377,حديد,حديد,Treatment,"[""حديد"", ""اقراص الحديد""]",0.900,2,,
ent_merge_001378,حزام الساونا,حزام الساونا,Treatment,"[""حزام الساونا""]",0.850,1,,
ent_merge_001379,حزام الشد الأندونيسي,حزام الشد الاندونيسي,Treatment,"[""حزام الشد الأندونيسي""]",0.850,1,,
ent_merge_001380,حشيشة الملاك,حشيشه الملاك,Treatment,"[""حشيشة الملاك""]",0.850,2,,
ent_merge_001381,حقن الطحال,حقن الطحال,Treatment,"[""حقن الطحال"", ""عملية حقن للطحال"", ""الحقن""]",0.950,2,,
ent_merge_001382,حقن الكيناكورت,حقن الكيناكورت,Treatment,"[""حقن الكيناكورت"", ""حقن كيناكورت""]",0.850,1,,
ent_merge_001383,حليب الصويا,حليب الصويا,Treatment,"[""حليب الصويا""]",0.879,7,,
ent_merge_001384,حمض السالساليك,حمض السالساليك,Treatment,"[""حمض السالساليك"", ""حمض الساليسلك""]",0.700,1,,
ent_merge_001385,حمض النمليك,حمض النمليك,Treatment,"[""حمض النمليك""]",0.800,1,,
ent_merge_001386,ختان,ختان,Treatment,"[""ختان""]",0.950,1,,
ent_merge_001387,خل تفاح,خل تفاح,Treatment,"[""خل تفاح""]",0.850,1,,
ent_merge_001388,دابوكستين,دابوكستين,Treatment,"[""دابوكستين""]",0.950,2,,
ent_merge_001389,دافلون,دافلون,Treatment,"[""دافلون"", ""Daflon""]",0.850,4,,
ent_merge_001390,داكتاكورت,داكتاكورت,Treatment,"[""داكتاكورت"", ""كريم داكتاكورت""]",0.950,1,,
ent_merge_001391,دامفيسيدون,دامفيسيدون,Treatment,"[""دامفيسيدون"", ""مركبات الدامفيسيدون""]",0.850,1,,
ent_merge_001392,دانزين,دانزين,Treatment,"[""دانزين""]",0.850,1,,
ent_merge_001393,دايكلوفيناك,دايكلوفيناك,Treatment,"[""دايكلوفيناك""]",0.900,1,,
ent_merge_001394,دعامات,دعامات,Treatment,"[""دعامات""]",0.900,1,,
ent_merge_001395,دكتارين,دكتارين,Treatment,"[""دكتارين""]",0.850,1,,
ent_merge_001396,دليل التصريف الليمفاوي,دليل التصريف الليمفاوي,Treatment,"[""دليل التصريف الليمفاوي""]",0.850,1,,
ent_merge_001397,دهون CLIMIL,دهون climil,Treatment,"[""دهون CLIMIL""]",0.800,1,,
ent_merge_001398,دهونات ترطيب,دهونات ترطيب,Treatment,"[""دهونات ترطيب""]",0.950,1,,
ent_merge_001399,دواء السكري,دواء السكري,Treatment,"[""دواء السكري""]",0.850,1,,
ent_merge_001400,دواء القلب,دواء القلب,Treatment,"[""دواء القلب""]",0.850,1,,
ent_merge_001401,دواء ضغط الدم,دواء ضغط الدم,Treatment,"[""دواء ضغط الدم""]",0.850,1,,
ent_merge_001402,دوستينيكس,دوستينيكس,Treatment,"[""دوستينيكس""]",0.900,1,,
ent_merge_001403,دوكسيسايكلين,دوكسيسايكلين,Treatment,"[""دوكسيسايكلين""]",0.950,1,,
ent_merge_001404,دومبريدن,دومبريدن,Treatment,"[""دومبريدن""]",0.900,1,,
ent_merge_001405,ديجستيل,ديجستيل,Treatment,"[""ديجستيل"", ""الديجستيل""]",0.800,1,,
ent_merge_001406,ديزاكروفيس,ديزاكروفيس,Treatment,"[""ديزاكروفيس""]",0.950,1,,
ent_merge_001407,ديكلوفيناك,ديكلوفيناك,Treatment,"[""ديكلوفيناك""]",0.900,1,,
ent_merge_001408,ديلور,ديلور,Treatment,"[""ديلور""]",0.900,1,,
ent_merge_001409,ربط المعدة,ربط المعده,Treatment,"[""ربط المعدة"", ""عملية ربط المعده""]",0.900,2,,
ent_merge_001410,ربط الوسط بزنار,ربط الوسط بزنار,Treatment,"[""ربط الوسط بزنار""]",0.850,1,,
ent_merge_001411,رواكيوتين,رواكيوتين,Treatment,"[""رواكيوتين""]",0.950,2,,
ent_merge_001412,روفاميسين,روفاميسين,Treatment,"[""روفاميسين""]",0.950,1,,
ent_merge_001413,روكتان,روكتان,Treatment,"[""روكتان""]",0.900,1,,
ent_merge_001414,رياضة,رياضه,Treatment,"[""رياضة"", ""الرياضة""]",0.850,6,,
ent_merge_001415,ريجيم,ريجيم,Treatment,"[""ريجيم"", ""الريجيم""]",0.875,2,,
ent_merge_001416,ريسبيردال,ريسبيردال,Treatment,"[""ريسبيردال"", ""risperdal""]",0.900,1,,
ent_merge_001417,ريفامبين,ريفامبين,Treatment,"[""ريفامبين""]",0.900,1,,
ent_merge_001418,زاديتين,زاديتين,Treatment,"[""زاديتين""]",0.950,1,,
ent_merge_001419,زراعة الكبد,زراعه الكبد,Treatment,"[""زراعة الكبد""]",0.950,2,,
ent_merge_001420,زراعة كلية,زراعه كليه,Treatment,"[""زراعة كلية""]",0.950,2,,
ent_merge_001421,زراعة نخاع العظم,زراعه نخاع العظم,Treatment,"[""زراعة نخاع العظم"", ""زراعةنخاع العظم""]",0.900,1,,
ent_merge_001422,زرع السن,زرع السن,Treatment,"[""زرع السن"", ""عملية اعادة زرع للسن"", ""الزرع""]",0.900,2,,
ent_merge_001423,زنك,زنك,Treatment,"[""زنك"", ""حبة زنك""]",0.800,1,,
ent_merge_001424,زوتريم,زوتريم,Treatment,"[""زوتريم""]",0.950,1,,
ent_merge_001425,زيارة طبيب اخصائي في الامراض الغدد,زياره طبيب اخصايي في الامراض الغدد,Treatment,"[""زيارة طبيب اخصائي في الامراض الغدد""]",0.990,1,,
ent_merge_001426,زيبام,زيبام,Treatment,"[""زيبام"", ""مشتقات الزيبام""]",0.900,2,,
ent_merge_001427,زيت الحلبة,زيت الحلبه,Treatment,"[""زيت الحلبة""]",0.900,5,,
ent_merge_001428,زيت الخروع,زيت الخروع,Treatment,"[""زيت الخروع"", ""زيت خروع""]",0.950,2,,
ent_merge_001429,زيت الزيتون,زيت الزيتون,Treatment,"[""زيت الزيتون""]",0.800,3,,
ent_merge_001430,زيت اللوز,زيت اللوز,Treatment,"[""زيت اللوز""]",0.867,3,,
ent_merge_001431,زيت الورد,زيت الورد,Treatment,"[""زيت الورد""]",0.850,1,,
ent_merge_001432,زيت زيتون,زيت زيتون,Treatment,"[""زيت زيتون""]",0.950,1,,
ent_merge_001433,سايكلوفوسفاميد,سايكلوفوسفاميد,Treatment,"[""سايكلوفوسفاميد""]",0.950,1,,
ent_merge_001434,سباحة,سباحه,Treatment,"[""سباحة""]",0.800,1,,
ent_merge_001435,سبازمو ديجستين,سبازمو ديجستين,Treatment,"[""سبازمو ديجستين""]",0.950,1,,
ent_merge_001436,سردالود,سردالود,Treatment,"[""سردالود"", ""sirdalud""]",0.850,1,,
ent_merge_001437,سرعة المشي,سرعه المشي,Treatment,"[""سرعة المشي""]",0.850,1,,
ent_merge_001438,سليبركس,سليبركس,Treatment,"[""سليبركس"", ""سيليبركس""]",0.900,2,,
ent_merge_001439,سليمارين,سليمارين,Treatment,"[""سليمارين""]",0.900,1,,
ent_merge_001440,سنتروم,سنتروم,Treatment,"[""سنتروم"", ""اقراص.4 sintrom""]",0.875,2,,
ent_merge_001441,سوليبراد,سوليبراد,Treatment,"[""سوليبراد""]",0.950,1,,
ent_merge_001442,سيبتادين,سيبتادين,Treatment,"[""سيبتادين""]",0.950,1,,
ent_merge_001443,سيدوتيستون,سيدوتيستون,Treatment,"[""سيدوتيستون""]",0.900,1,,
ent_merge_001444,سيكلو بروجينوفا,سيكلو بروجينوفا,Treatment,"[""سيكلو بروجينوفا""]",0.900,1,,
ent_merge_001445,سيكلوسبورين,سيكلوسبورين,Treatment,"[""سيكلوسبورين"", ""السيكلوسبورين""]",0.900,1,,
ent_merge_001446,سيلدينافيل,سيلدينافيل,Treatment,"[""سيلدينافيل""]",0.875,2,,
ent_merge_001447,سيليكوكسيب,سيليكوكسيب,Treatment,"[""سيليكوكسيب"", ""السيليكوكسيب""]",0.850,1,,
ent_merge_001448,شاي أخضر,شاي اخضر,Treatment,"[""شاي أخضر"", ""الشاي الأخضر""]",0.850,1,,
ent_merge_001449,شد البطن,شد البطن,Treatment,"[""شد البطن"", ""شد للبطن""]",0.850,1,,
ent_merge_001450,شد الذراع,شد الذراع,Treatment,"[""شد الذراع"", ""بركيوبلاستى"", ""شد ترهلات الذراع""]",0.950,3,,
ent_merge_001451,شرب الماء,شرب الماء,Treatment,"[""شرب الماء""]",0.800,2,,
ent_merge_001452,شفط الدهون,شفط الدهون,Treatment,"[""شفط الدهون"", ""شفط دهون""]",0.900,2,,
ent_merge_001453,شفط للدهون,شفط للدهون,Treatment,"[""شفط للدهون""]",0.850,1,,
ent_merge_001454,طفل الانابيب,طفل الانابيب,Treatment,"[""طفل الانابيب""]",0.900,1,,
ent_merge_001455,عرق السوس,عرق السوس,Treatment,"[""عرق السوس""]",0.950,2,,
ent_merge_001456,عسل,عسل,Treatment,"[""عسل"", ""العسل""]",0.925,2,,
ent_merge_001457,عسل الملكات,عسل الملكات,Treatment,"[""عسل الملكات""]",0.850,1,,
ent_merge_001458,عصير الليمون,عصير الليمون,Treatment,"[""عصير الليمون""]",0.950,1,,
ent_merge_001459,عصير اليمون,عصير اليمون,Treatment,"[""عصير اليمون""]",0.850,1,,
ent_merge_001460,علاج بالابر التفجيرية,علاج بالابر التفجيريه,Treatment,"[""علاج بالابر التفجيرية"", ""الابر التفجيرية""]",0.900,1,,
ent_merge_001461,علاج بالاشعه,علاج بالاشعه,Treatment,"[""علاج بالاشعه"", ""عﻻج بالاشعه""]",0.950,1,,
ent_merge_001462,علاج بالهرمونات,علاج بالهرمونات,Treatment,"[""علاج بالهرمونات""]",0.700,1,,
ent_merge_001463,علاج دوائي,علاج دوايي,Treatment,"[""علاج دوائي"", ""دوائي""]",0.850,1,,
ent_merge_001464,علاج طبيعي,علاج طبيعي,Treatment,"[""علاج طبيعي"", ""جلسات علاج طبيعي""]",0.887,8,,
ent_merge_001465,علاج كيماوي,علاج كيماوي,Treatment,"[""علاج كيماوي""]",0.900,1,,
ent_merge_001466,علاج كيميائي,علاج كيميايي,Treatment,"[""علاج كيميائي""]",0.800,1,,
ent_merge_001467,علاج مناعي,علاج مناعي,Treatment,"[""علاج مناعي""]",0.850,1,,
ent_merge_001468,علاج نفسي,علاج نفسي,Treatment,"[""علاج نفسي"", ""علاج""]",0.875,4,,
ent_merge_001469,علاجات دوائية,علاجات دواييه,Treatment,"[""علاجات دوائية""]",0.850,1,,
ent_merge_001470,عمليات جراحية,عمليات جراحيه,Treatment,"[""عمليات جراحية""]",0.900,1,,
ent_merge_001471,عمليه القلب المفتوح,عمليه القلب المفتوح,Treatment,"[""عمليه القلب المفتوح"", ""عمليه قلب مفتوح""]",0.925,4,,
ent_merge_001472,عمليه تجميلية,عمليه تجميليه,Treatment,"[""عمليه تجميلية""]",0.950,1,,
ent_merge_001473,عمليه جراحيه,عمليه جراحيه,Treatment,"[""عمليه جراحيه"", ""عمليه تجميل""]",0.867,3,,
ent_merge_001474,عمليه ربط عنق الرحم,عمليه ربط عنق الرحم,Treatment,"[""عمليه ربط عنق الرحم""]",0.900,1,,
ent_merge_001475,عمليه قيصريه,عمليه قيصريه,Treatment,"[""عمليه قيصريه""]",0.900,2,,
ent_merge_001476,غسول بيتادين,غسول بيتادين,Treatment,"[""غسول بيتادين""]",0.950,1,,
ent_merge_001477,غسول فموي,غسول فموي,Treatment,"[""غسول فموي"", ""غسولات فموية""]",0.950,2,,
ent_merge_001478,غسيل الكلى,غسيل الكلي,Treatment,"[""غسيل الكلى""]",0.850,1,,
ent_merge_001479,غسيل كلوي,غسيل كلوي,Treatment,"[""غسيل كلوي"", ""الديلزة""]",0.950,2,,
ent_merge_001480,غسيل معدة,غسيل معده,Treatment,"[""غسيل معدة""]",0.900,1,,
ent_merge_001481,فازولين,فازولين,Treatment,"[""فازولين""]",0.950,1,,
ent_merge_001482,فايتمن B12,فايتمن b12,Treatment,"[""فايتمن B12""]",0.950,1,,
ent_merge_001483,فايفرين,فايفرين,Treatment,"[""فايفرين"", ""faverin""]",0.900,1,,
ent_merge_001484,فتح,فتح,Treatment,"[""فتح"", ""فتحه""]",0.850,1,,
ent_merge_001485,فكسودين,فكسودين,Treatment,"[""فكسودين""]",0.900,1,,
ent_merge_001486,فلاجيل,فلاجيل,Treatment,"[""فلاجيل"", ""الفلاجيل""]",0.920,5,,
ent_merge_001487,فلام,فلام,Treatment,"[""فلام""]",0.800,1,,
ent_merge_001488,فلورايد,فلورايد,Treatment,"[""فلورايد"", ""مادة الفلورايد"", ""الفلورايد""]",0.800,2,,
ent_merge_001489,فلوكسابين,فلوكسابين,Treatment,"[""فلوكسابين""]",0.950,1,,
ent_merge_001490,فلوكستين,فلوكستين,Treatment,"[""فلوكستين"", ""فلوكستيين""]",0.950,1,,
ent_merge_001491,فلوكونازول,فلوكونازول,Treatment,"[""فلوكونازول"", ""فلوكورال""]",0.875,2,,
ent_merge_001492,فوتركس,فوتركس,Treatment,"[""فوتركس""]",0.950,1,,
ent_merge_001493,فوستيمون,فوستيمون,Treatment,"[""فوستيمون""]",0.950,1,,
ent_merge_001494,فوسيدين,فوسيدين,Treatment,"[""فوسيدين""]",0.850,2,,
ent_merge_001495,فولتارين,فولتارين,Treatment,"[""فولتارين""]",0.950,1,,
ent_merge_001496,فياجرا,فياجرا,Treatment,"[""فياجرا"", ""سيلدينافيل""]",0.850,4,,
ent_merge_001497,فيتامين A,فيتامين a,Treatment,"[""فيتامين A""]",0.900,1,,
ent_merge_001498,فيتامين B6,فيتامين b6,Treatment,"[""فيتامين B6""]",0.900,1,,
ent_merge_001499,فيتامين D,فيتامين d,Treatment,"[""فيتامين D""]",0.875,2,,
ent_merge_001500,فيتامين E,فيتامين e,Treatment,"[""فيتامين E"", ""كبسولات فيتامين E""]",0.920,5,,
ent_merge_001501,فيتامين K,فيتامين k,Treatment,"[""فيتامين K""]",0.900,1,,
ent_merge_001502,فيتامين أ,فيتامين ا,Treatment,"[""فيتامين أ""]",0.900,4,,
ent_merge_001503,فيتامين إي,فيتامين اي,Treatment,"[""فيتامين إي""]",0.850,2,,
ent_merge_001504,فيتامين ب,فيتامين ب,Treatment,"[""فيتامين ب"", ""فيتامين ب المركب"", ""فيتا مين ب-12"", ""فيتامين ب2""]",0.867,3,,
ent_merge_001505,فيتامين ب12,فيتامين ب12,Treatment,"[""فيتامين ب12""]",0.850,2,,
ent_merge_001506,فيتامين ج,فيتامين ج,Treatment,"[""فيتامين ج""]",0.900,5,,
ent_merge_001507,فيتامين د,فيتامين د,Treatment,"[""فيتامين د"", ""فيتامين D"", ""فيتامين دي""]",0.911,9,,
ent_merge_001508,فيتامين سي,فيتامين سي,Treatment,"[""فيتامين سي""]",0.850,1,,
ent_merge_001509,فيتامين ك,فيتامين ك,Treatment,"[""فيتامين ك"", ""فيتامين (K)""]",0.825,2,,
ent_merge_001510,فيتامين ك1,فيتامين ك1,Treatment,"[""فيتامين ك1""]",0.850,1,,
ent_merge_001511,فيتامين ك2,فيتامين ك2,Treatment,"[""فيتامين ك2""]",0.850,1,,
ent_merge_001512,فيتامينE,فيتامينe,Treatment,"[""فيتامينE""]",0.900,1,,
ent_merge_001513,فيتامينات,فيتامينات,Treatment,"[""فيتامينات""]",0.850,1,,
ent_merge_001514,فيتامينات برايورين,فيتامينات برايورين,Treatment,"[""فيتامينات برايورين""]",0.850,1,,
ent_merge_001515,فيكسوفينادين,فيكسوفينادين,Treatment,"[""فيكسوفينادين""]",0.950,1,,
ent_merge_001516,فينوروتون,فينوروتون,Treatment,"[""فينوروتون""]",0.950,2,,
ent_merge_001518,قص المعده,قص المعده,Treatment,"[""قص المعده""]",0.850,1,,
ent_merge_001519,قطرات,قطرات,Treatment,"[""قطرات""]",0.900,1,,
ent_merge_001520,قطرة,قطره,Treatment,"[""قطرة"", ""قطرات""]",0.900,3,,
ent_merge_001521,قطرة مرطبة,قطره مرطبه,Treatment,"[""قطرة مرطبة"", ""قطرات مرطبة""]",0.900,2,,
ent_merge_001522,كافيين,كافيين,Treatment,"[""كافيين""]",0.900,1,,
ent_merge_001523,كبد الدجاج,كبد الدجاج,Treatment,"[""كبد الدجاج""]",0.850,1,,
ent_merge_001524,كرتكويد,كرتكويد,Treatment,"[""كرتكويد""]",0.900,1,,
ent_merge_001525,كركم,كركم,Treatment,"[""كركم""]",0.850,1,,
ent_merge_001526,كريم,كريم,Treatment,"[""كريم""]",0.850,1,,
ent_merge_001527,كريم الاساس,كريم الاساس,Treatment,"[""كريم الاساس"", ""كريم الاساس BB Cream""]",0.850,1,,
ent_merge_001528,كريم الحماية من الشمس,كريم الحمايه من الشمس,Treatment,"[""كريم الحماية من الشمس""]",0.900,1,,
ent_merge_001529,كريم الكورتيزون,كريم الكورتيزون,Treatment,"[""كريم الكورتيزون""]",0.850,1,,
ent_merge_001530,كريم بانثينول,كريم بانثينول,Treatment,"[""كريم بانثينول""]",0.800,1,,
ent_merge_001531,كريم رومكس,كريم رومكس,Treatment,"[""كريم رومكس""]",0.950,1,,
ent_merge_001532,كريم فيتامين سي,كريم فيتامين سي,Treatment,"[""كريم فيتامين سي""]",0.850,1,,
ent_merge_001533,كريم فيدآوْت,كريم فيداوت,Treatment,"[""كريم فيدآوْت""]",0.950,1,,
ent_merge_001534,كريم كورتيكوستيرويد,كريم كورتيكوستيرويد,Treatment,"[""كريم كورتيكوستيرويد"", ""كريم يحتوي كورتيكوستيرويد""]",0.700,1,,
ent_merge_001535,كريم مرطب,كريم مرطب,Treatment,"[""كريم مرطب""]",0.800,1,,
ent_merge_001536,كريم ميكونازول,كريم ميكونازول,Treatment,"[""كريم ميكونازول""]",0.950,1,,
ent_merge_001537,كريمات,كريمات,Treatment,"[""كريمات"", ""الكريمات""]",0.900,1,,
ent_merge_001538,كريمات مضاده للالتهابات,كريمات مضاده للالتهابات,Treatment,"[""كريمات مضاده للالتهابات""]",0.950,1,,
ent_merge_001539,كلاريتين,كلاريتين,Treatment,"[""كلاريتين""]",0.800,1,,
ent_merge_001540,كلافولانيك,كلافولانيك,Treatment,"[""كلافولانيك""]",0.900,1,,
ent_merge_001541,كليكسان,كليكسان,Treatment,"[""كليكسان""]",0.850,1,,
ent_merge_001542,كليندامايسين,كليندامايسين,Treatment,"[""كليندامايسين""]",0.850,1,,
ent_merge_001543,كمال الاجسام,كمال الاجسام,Treatment,"[""كمال الاجسام""]",0.850,1,,
ent_merge_001544,كورتيزون,كورتيزون,Treatment,"[""كورتيزون"", ""اقراص كورتيزون""]",0.883,3,,
ent_merge_001545,كونترلك,كونترلك,Treatment,"[""كونترلك""]",0.950,1,,
ent_merge_001546,كونكور,كونكور,Treatment,"[""كونكور""]",0.875,2,,
ent_merge_001547,كيتوكونازول,كيتوكونازول,Treatment,"[""كيتوكونازول"", ""الكيتوكونازول""]",0.700,1,,
ent_merge_001548,لاروكسيل,لاروكسيل,Treatment,"[""لاروكسيل""]",0.950,2,,
ent_merge_001549,لانزوبرازول,لانزوبرازول,Treatment,"[""لانزوبرازول""]",0.700,1,,
ent_merge_001550,لسان البحر,لسان البحر,Treatment,"[""لسان البحر""]",0.850,1,,
ent_merge_001551,لقاح الانفلونزا,لقاح الانفلونزا,Treatment,"[""لقاح الانفلونزا"", ""لقاح الانفونزا"", ""مطعوم الانفلونزا""]",0.950,2,,
ent_merge_001552,لولب,لولب,Treatment,"[""لولب""]",0.900,2,,
ent_merge_001553,لوڤاسك,لوڤاسك,Treatment,"[""لوڤاسك""]",0.800,1,,
ent_merge_001554,ليدوكين,ليدوكين,Treatment,"[""ليدوكين"", ""lidocone gel""]",0.850,1,,
ent_merge_001555,ليفوتيروكس,ليفوتيروكس,Treatment,"[""ليفوتيروكس""]",0.950,1,,
ent_merge_001556,ماء الأوزون,ماء الاوزون,Treatment,"[""ماء الأوزون""]",0.800,1,,
ent_merge_001557,ماء دافئ,ماء دافي,Treatment,"[""ماء دافئ"", ""warm water""]",0.800,1,,
ent_merge_001558,مادة كلوكوز امين كوندروتين,ماده كلوكوز امين كوندروتين,Treatment,"[""مادة كلوكوز امين كوندروتين""]",0.900,1,,
ent_merge_001559,مادة لإيقاف العادة,ماده لايقاف العاده,Treatment,"[""مادة لإيقاف العادة"", ""ماده مره""]",0.900,1,,
ent_merge_001560,ماسك,ماسك,Treatment,"[""ماسك""]",0.950,1,,
ent_merge_001561,ماكسيكال انترافير,ماكسيكال انترافير,Treatment,"[""ماكسيكال انترافير""]",0.800,1,,
ent_merge_001562,مانع حمل,مانع حمل,Treatment,"[""مانع حمل""]",0.900,1,,
ent_merge_001563,مانع للحمل,مانع للحمل,Treatment,"[""مانع للحمل"", ""حبوب منع الحمل""]",0.950,2,,
ent_merge_001564,مايكونازول,مايكونازول,Treatment,"[""مايكونازول""]",0.850,1,,
ent_merge_001565,مبيفيرين,مبيفيرين,Treatment,"[""مبيفيرين"", ""أقراص لتقلصات القولون مثل مادة مبيفيرين""]",0.850,2,,
ent_merge_001566,مثبطات,مثبطات,Treatment,"[""مثبطات""]",0.900,1,,
ent_merge_001567,مثبطات الإنزيم المحول للأنجيوتنسين,مثبطات الانزيم المحول للانجيوتنسين,Treatment,"[""مثبطات الإنزيم المحول للأنجيوتنسين""]",0.850,1,,
ent_merge_001568,مثبطات مستقبلات الأنجيوتنسين,مثبطات مستقبلات الانجيوتنسين,Treatment,"[""مثبطات مستقبلات الأنجيوتنسين""]",0.850,1,,
ent_merge_001569,مخدر موضعي,مخدر موضعي,Treatment,"[""مخدر موضعي""]",0.900,1,,
ent_merge_001570,مدرات البول,مدرات البول,Treatment,"[""مدرات البول""]",0.875,2,,
ent_merge_001571,مراجعة إختصاصي الجراحة العامة,مراجعه اختصاصي الجراحه العامه,Treatment,"[""مراجعة إختصاصي الجراحة العامة""]",0.850,1,,
ent_merge_001572,مراجعة اختصاصي جراحة عامة,مراجعه اختصاصي جراحه عامه,Treatment,"[""مراجعة اختصاصي جراحة عامة""]",0.900,1,,
ent_merge_001573,مراجعة أخصائي باطني,مراجعه اخصايي باطني,Treatment,"[""مراجعة أخصائي باطني""]",0.850,1,,
ent_merge_001574,مراجعة اخصائي هضمية وكبد,مراجعه اخصايي هضميه وكبد,Treatment,"[""مراجعة اخصائي هضمية وكبد""]",0.950,1,,
ent_merge_001575,مراجعة استشاري,مراجعه استشاري,Treatment,"[""مراجعة استشاري""]",0.850,1,,
ent_merge_001576,مراجعة الطبيب,مراجعه الطبيب,Treatment,"[""مراجعة الطبيب"", ""مراجعة طبيب مختص""]",0.850,1,,
ent_merge_001577,مراجعة طبيب اخصائي الاعصاب,مراجعه طبيب اخصايي الاعصاب,Treatment,"[""مراجعة طبيب اخصائي الاعصاب""]",0.900,1,,
ent_merge_001578,مراجعة طبيب الأسنان,مراجعه طبيب الاسنان,Treatment,"[""مراجعة طبيب الأسنان""]",0.950,1,,
ent_merge_001579,مراجعة طبيب الحهاز الهضمي والكبد,مراجعه طبيب الحهاز الهضمي والكبد,Treatment,"[""مراجعة طبيب الحهاز الهضمي والكبد""]",0.850,1,,
ent_merge_001580,مراجعة طبيب النسائية,مراجعه طبيب النساييه,Treatment,"[""مراجعة طبيب النسائية""]",0.800,1,,
ent_merge_001581,مراجعة طبيب أمراض صدريه,مراجعه طبيب امراض صدريه,Treatment,"[""مراجعة طبيب أمراض صدريه""]",0.900,1,,
ent_merge_001582,مراقبة الحمل,مراقبه الحمل,Treatment,"[""مراقبة الحمل""]",0.850,1,,
ent_merge_001583,مراقبة طبية,مراقبه طبيه,Treatment,"[""مراقبة طبية"", ""المراقبة الطبية المستمرة""]",0.950,1,,
ent_merge_001584,مراهم مضادة للالتهاب,مراهم مضاده للالتهاب,Treatment,"[""مراهم مضادة للالتهاب""]",0.950,1,,
ent_merge_001585,مرطب,مرطب,Treatment,"[""مرطب""]",0.950,1,,
ent_merge_001586,مركز علاج طبيعي,مركز علاج طبيعي,Treatment,"[""مركز علاج طبيعي"", ""مراجعة مركز علاج طبيعي""]",0.900,1,,
ent_merge_001587,مرهم الريتينول,مرهم الريتينول,Treatment,"[""مرهم الريتينول""]",0.850,1,,
ent_merge_001588,مرهم ديب هيت,مرهم ديب هيت,Treatment,"[""مرهم ديب هيت""]",0.950,1,,
ent_merge_001589,مرهم فيوسيكورت,مرهم فيوسيكورت,Treatment,"[""مرهم فيوسيكورت""]",0.900,1,,
ent_merge_001590,مرهم كورتيزوني,مرهم كورتيزوني,Treatment,"[""مرهم كورتيزوني""]",0.850,1,,
ent_merge_001591,مرهم مخدر,مرهم مخدر,Treatment,"[""مرهم مخدر""]",0.850,1,,
ent_merge_001592,مرهم مضاد للحروق,مرهم مضاد للحروق,Treatment,"[""مرهم مضاد للحروق""]",0.850,1,,
ent_merge_001593,مسكن,مسكن,Treatment,"[""مسكن"", ""مسكن للالم"", ""المسكنات""]",0.840,5,,
ent_merge_001594,مسكنات,مسكنات,Treatment,"[""مسكنات"", ""المسكنات"", ""الباندول""]",0.833,3,,
ent_merge_001595,مسكنات قوية,مسكنات قويه,Treatment,"[""مسكنات قوية"", ""المسكنات القوية""]",0.850,1,,
ent_merge_001596,مشاية,مشايه,Treatment,"[""مشاية""]",0.850,1,,
ent_merge_001597,مشورة وراثية,مشوره وراثيه,Treatment,"[""مشورة وراثية""]",0.900,1,,
ent_merge_001598,مشي,مشي,Treatment,"[""مشي""]",0.800,1,,
ent_merge_001599,مشية,مشيه,Treatment,"[""مشية"", ""مشي""]",0.850,1,,
ent_merge_001600,مضاد الهيستامين,مضاد الهيستامين,Treatment,"[""مضاد الهيستامين"", ""مضاد هيستامين"", ""مضادات الهيستامين"", ""مضاد هيسامين"", ""مضاد للهستامين""]",0.785,10,,
ent_merge_001601,مضاد حيوي,مضاد حيوي,Treatment,"[""مضاد حيوي"", ""مضادات حيويه"", ""مضاد للبكتيريا"", ""المضاد الحيوي"", ""المضاد المناسب"", ""الصاد الحيوي"", ""المضادات الحيوية"", ""مضادات"", ""مضاد حيوي زوماكس""]",0.873,53,,
ent_merge_001602,مضاد للفيروس,مضاد للفيروس,Treatment,"[""مضاد للفيروس""]",0.700,1,,
ent_merge_001603,مضادات الاكتئاب,مضادات الاكتياب,Treatment,"[""مضادات الاكتئاب"", ""علاجات دوائيه""]",0.921,14,,
ent_merge_001604,مضادات الألم,مضادات الالم,Treatment,"[""مضادات الألم""]",0.850,1,,
ent_merge_001605,مضادات التهاب,مضادات التهاب,Treatment,"[""مضادات التهاب""]",0.800,1,,
ent_merge_001606,مضادات التهابات,مضادات التهابات,Treatment,"[""مضادات التهابات""]",0.850,1,,
ent_merge_001607,مضادات التوتر القلق,مضادات التوتر القلق,Treatment,"[""مضادات التوتر القلق""]",0.900,1,,
ent_merge_001608,مضادات الحساسية,مضادات الحساسيه,Treatment,"[""مضادات الحساسية""]",0.950,1,,
ent_merge_001609,مضادات الكابة,مضادات الكابه,Treatment,"[""مضادات الكابة""]",0.950,1,,
ent_merge_001610,مضادات الهستامين,مضادات الهستامين,Treatment,"[""مضادات الهستامين""]",0.850,3,,
ent_merge_001611,مضادات الهيستامين,مضادات الهيستامين,Treatment,"[""مضادات الهيستامين""]",0.950,2,,
ent_merge_001612,مضادات حيوية,مضادات حيويه,Treatment,"[""مضادات حيوية"", ""المضادات الحيوية""]",0.917,6,,
ent_merge_001613,مضادات مستقبلات H2,مضادات مستقبلات h2,Treatment,"[""مضادات مستقبلات H2""]",0.800,1,,
ent_merge_001614,مضاض حيوي,مضاض حيوي,Treatment,"[""مضاض حيوي""]",0.850,1,,
ent_merge_001615,مضمضة,مضمضه,Treatment,"[""مضمضة""]",0.850,3,,
ent_merge_001616,معاجين تحوي على البروارجين,معاجين تحوي علي البروارجين,Treatment,"[""معاجين تحوي على البروارجين""]",0.800,1,,
ent_merge_001617,معالجه بالمستشفى,معالجه بالمستشفي,Treatment,"[""معالجه بالمستشفى"", ""المستشفى""]",0.850,1,,
ent_merge_001618,معالجه لبيه,معالجه لبيه,Treatment,"[""معالجه لبيه"", ""المعالجه اللبيه""]",0.950,2,,
ent_merge_001619,مغنيسيوم,مغنيسيوم,Treatment,"[""مغنيسيوم""]",0.900,1,,
ent_merge_001620,مكملات فيتامين د,مكملات فيتامين د,Treatment,"[""مكملات فيتامين د""]",0.950,1,,
ent_merge_001621,منشطات للمبايض,منشطات للمبايض,Treatment,"[""منشطات للمبايض""]",0.900,1,,
ent_merge_001622,منع الحمل,منع الحمل,Treatment,"[""منع الحمل"", ""حبة الرضاعة""]",0.850,2,,
ent_merge_001623,مهدئات,مهديات,Treatment,"[""مهدئات"", ""المهدئات"", ""مهدئات- أقراص منومة- مضادات الهيستامين""]",0.900,2,,
ent_merge_001624,موبيك,موبيك,Treatment,"[""موبيك""]",0.900,2,,
ent_merge_001625,موتيليم,موتيليم,Treatment,"[""موتيليم""]",0.800,1,,
ent_merge_001626,موسعات الشعب,موسعات الشعب,Treatment,"[""موسعات الشعب""]",0.800,1,,
ent_merge_001627,موفلوكساسين,موفلوكساسين,Treatment,"[""موفلوكساسين""]",0.900,1,,
ent_merge_001628,مياة,مياه,Treatment,"[""مياة"", ""المياه""]",0.850,1,,
ent_merge_001629,ميتلوم,ميتلوم,Treatment,"[""ميتلوم""]",0.850,1,,
ent_merge_001630,ميرتاتزابين,ميرتاتزابين,Treatment,"[""ميرتاتزابين""]",0.900,1,,
ent_merge_001631,ميرتازابين,ميرتازابين,Treatment,"[""ميرتازابين""]",0.950,1,,
ent_merge_001632,ميرلوسم,ميرلوسم,Treatment,"[""ميرلوسم""]",0.800,1,,
ent_merge_001633,ميزوتاك,ميزوتاك,Treatment,"[""ميزوتاك"", ""حب ميزوتاك""]",0.867,3,,
ent_merge_001634,ميكارديس,ميكارديس,Treatment,"[""ميكارديس""]",0.850,1,,
ent_merge_001635,ميكروجينون,ميكروجينون,Treatment,"[""ميكروجينون""]",0.800,1,,
ent_merge_001636,مينوكسيديل,مينوكسيديل,Treatment,"[""مينوكسيديل"", ""مونوكسوديل""]",0.950,1,,
ent_merge_001637,نексيوم,نексيوم,Treatment,"[""نексيوم"", ""نكسوم"", ""Nexium""]",0.850,2,,
ent_merge_001638,نابروكسين,نابروكسين,Treatment,"[""نابروكسين""]",0.950,1,,
ent_merge_001639,ناكسوبرازول,ناكسوبرازول,Treatment,"[""ناكسوبرازول""]",0.900,1,,
ent_merge_001640,نزع عصب الضرس,نزع عصب الضرس,Treatment,"[""نزع عصب الضرس"", ""نزع العصب""]",0.900,1,,
ent_merge_001641,نظافة الفم,نظافه الفم,Treatment,"[""نظافة الفم""]",0.800,1,,
ent_merge_001642,نظام غذائي,نظام غذايي,Treatment,"[""نظام غذائي"", ""النظام الغذائي""]",0.875,2,,
ent_merge_001643,نظام غذائي صحي,نظام غذايي صحي,Treatment,"[""نظام غذائي صحي""]",0.875,2,,
ent_merge_001644,نقل الدم,نقل الدم,Treatment,"[""نقل الدم""]",0.900,2,,
ent_merge_001645,نكسفار,نكسفار,Treatment,"[""نكسفار""]",0.850,1,,
ent_merge_001646,نيكسيوم,نيكسيوم,Treatment,"[""نيكسيوم"", ""nexium""]",0.750,2,,
ent_merge_001647,نيوروفيتان,نيوروفيتان,Treatment,"[""نيوروفيتان""]",0.800,1,,
ent_merge_001648,هرمون,هرمون,Treatment,"[""هرمون"", ""الهرمونات""]",0.800,2,,
ent_merge_001649,هرمون الإستروجين,هرمون الاستروجين,Treatment,"[""هرمون الإستروجين""]",0.900,1,,
ent_merge_001650,هرمون الانسولين,هرمون الانسولين,Treatment,"[""هرمون الانسولين""]",0.900,1,,
ent_merge_001651,هرمون التستوستيرون,هرمون التستوستيرون,Treatment,"[""هرمون التستوستيرون""]",0.900,1,,
ent_merge_001652,هرمونات,هرمونات,Treatment,"[""هرمونات""]",0.850,1,,
ent_merge_001653,هيدروكلوروثيازيد,هيدروكلوروثيازيد,Treatment,"[""هيدروكلوروثيازيد"", ""الهيدروكلوروثيازيد""]",0.950,1,,
ent_merge_001654,واقي شمس,واقي شمس,Treatment,"[""واقي شمس""]",0.850,1,,
ent_merge_001655,وجبات صحية متوازنة,وجبات صحيه متوازنه,Treatment,"[""وجبات صحية متوازنة""]",0.900,1,,
ent_merge_001656,وقف التدخين,وقف التدخين,Treatment,"[""وقف التدخين""]",0.850,1,,
ent_merge_001657,ولادة قيصرية,ولاده قيصريه,Treatment,"[""ولادة قيصرية"", ""قيصرية"", ""الولادة القيصريه""]",0.900,4,,
ent_merge_001658,Acanthosis nigricans,acanthosis nigricans,DiseaseCondition,"[""Acanthosis nigricans""]",0.950,1,,
ent_merge_001659,Achondroplasia,achondroplasia,DiseaseCondition,"[""Achondroplasia""]",0.850,1,,
ent_merge_001660,Bleharasia,bleharasia,DiseaseCondition,"[""Bleharasia"", ""البلهارسيا""]",0.700,1,,
ent_merge_001661,Genetics,genetics,DiseaseCondition,"[""Genetics""]",0.950,1,,
ent_merge_001662,Growth Hormone,growth hormone,DiseaseCondition,"[""Growth Hormone""]",0.950,1,,
ent_merge_001663,Hashimot,hashimot,DiseaseCondition,"[""Hashimot""]",0.950,1,,
ent_merge_001664,Hashimoto,hashimoto,DiseaseCondition,"[""Hashimoto"", ""غدة درقية (هاشيموتو)"", ""هاشيموتو""]",0.950,2,,
ent_merge_001665,Hyperspleenism,hyperspleenism,DiseaseCondition,"[""Hyperspleenism""]",0.950,1,,
ent_merge_001666,Hypothyroidism,hypothyroidism,DiseaseCondition,"[""Hypothyroidism"", ""خمول الغدة الدرقية""]",0.950,1,,
ent_merge_001667,Pallister Killian syndrome,pallister killian syndrome,DiseaseCondition,"[""Pallister Killian syndrome""]",0.850,1,,
ent_merge_001668,Rhizomelic and Micromelia,rhizomelic and micromelia,DiseaseCondition,"[""Rhizomelic and Micromelia""]",0.850,1,,
ent_merge_001669,ارتجاج دماغي,ارتجاج دماغي,DiseaseCondition,"[""ارتجاج دماغي""]",0.950,1,,
ent_merge_001670,ارتخاء الصمام الميترالي,ارتخاء الصمام الميترالي,DiseaseCondition,"[""ارتخاء الصمام الميترالي"", ""ارتجاع الصمام الميترالي""]",0.950,1,,
ent_merge_001671,ارتفاع الكلسترول,ارتفاع الكلسترول,DiseaseCondition,"[""ارتفاع الكلسترول"", ""ارتفاع الكلسترول والدهون الثلاثيه""]",0.850,1,,
ent_merge_001672,ارتياف دعب \u0627لديم,ارتياف دعب \u0627لديم,DiseaseCondition,"[""ارتياف دعب \\u0627لديم"", ""ارتياف دعب ديم""]",0.850,1,,
ent_merge_001673,اضطراب الغدة الدرقية,اضطراب الغده الدرقيه,DiseaseCondition,"[""اضطراب الغدة الدرقية"", ""اضطراب الغة الدرقية""]",0.850,1,,
ent_merge_001674,اضطراب نفسي,اضطراب نفسي,DiseaseCondition,"[""اضطراب نفسي""]",0.850,1,,
ent_merge_001675,اضطراب نقص الإنتباه وفرط النشاط,اضطراب نقص الانتباه وفرط النشاط,DiseaseCondition,"[""اضطراب نقص الإنتباه وفرط النشاط"", ""حالة اضطراب نقص الإنتباه وفرط النشاط""]",0.950,1,,
ent_merge_001676,اضطرابات كهربية قلبية,اضطرابات كهربيه قلبيه,DiseaseCondition,"[""اضطرابات كهربية قلبية""]",0.850,1,,
ent_merge_001677,أقل من الطبيعي,اقل من الطبيعي,DiseaseCondition,"[""أقل من الطبيعي""]",0.850,1,,
ent_merge_001678,الاثية الشرجي,الاثيه الشرجي,DiseaseCondition,"[""الاثية الشرجي""]",0.850,1,,
ent_merge_001679,الاحمرار في المستقيم,الاحمرار في المستقيم,DiseaseCondition,"[""الاحمرار في المستقيم""]",0.850,1,,
ent_merge_001680,الأسنان,الاسنان,DiseaseCondition,"[""الأسنان""]",0.700,1,,
ent_merge_001681,الاعتلال العصبي الحاد,الاعتلال العصبي الحاد,DiseaseCondition,"[""الاعتلال العصبي الحاد""]",0.950,1,,
ent_merge_001682,الاعتلال العصبي المحيطي,الاعتلال العصبي المحيطي,DiseaseCondition,"[""الاعتلال العصبي المحيطي""]",0.950,1,,
ent_merge_001683,الالثية,الالثيه,DiseaseCondition,"[""الالثية""]",0.850,1,,
ent_merge_001684,الانتان,الانتان,DiseaseCondition,"[""الانتان"", ""الانتان خفي أو ظاهر""]",0.950,1,,
ent_merge_001686,الانزلاقات الغضروفية العنقية,الانزلاقات الغضروفيه العنقيه,DiseaseCondition,"[""الانزلاقات الغضروفية العنقية""]",0.800,1,,
ent_merge_001687,الانفجار,الانفجار,DiseaseCondition,"[""الانفجار""]",0.850,2,,
ent_merge_001688,الانفلوانزا,الانفلوانزا,DiseaseCondition,"[""الانفلوانزا""]",0.850,1,,
ent_merge_001689,الانيمياء,الانيمياء,DiseaseCondition,"[""الانيمياء""]",0.950,2,,
ent_merge_001690,البحبس,البحبس,DiseaseCondition,"[""البحبس""]",0.850,1,,
ent_merge_001691,البرونكيتيس,البرونكيتيس,DiseaseCondition,"[""البرونكيتيس""]",0.850,1,,
ent_merge_001692,البواسير,البواسير,DiseaseCondition,"[""البواسير""]",0.867,6,,
ent_merge_001693,الترمسه,الترمسه,DiseaseCondition,"[""الترمسه""]",0.850,1,,
ent_merge_001694,التسوس,التسوس,DiseaseCondition,"[""التسوس""]",0.850,2,,
ent_merge_001695,التشوهات الخلقية,التشوهات الخلقيه,DiseaseCondition,"[""التشوهات الخلقية""]",0.950,1,,
ent_merge_001696,التصاق التوائم السيامي,التصاق التوايم السيامي,DiseaseCondition,"[""التصاق التوائم السيامي""]",0.850,1,,
ent_merge_001697,التصبغات السوداء,التصبغات السوداء,DiseaseCondition,"[""التصبغات السوداء""]",0.850,1,,
ent_merge_001698,التلاسيميا,التلاسيميا,DiseaseCondition,"[""التلاسيميا"", ""مرض الثلاسيميا(فقر دم البحر الابيض المتوسط)""]",0.850,2,,
ent_merge_001699,التهاب الامعاء,التهاب الامعاء,DiseaseCondition,"[""التهاب الامعاء""]",0.850,1,,
ent_merge_001700,التهاب الحفاظ,التهاب الحفاظ,DiseaseCondition,"[""التهاب الحفاظ""]",0.850,2,,
ent_merge_001701,التهاب الخلوي,التهاب الخلوي,DiseaseCondition,"[""التهاب الخلوي""]",0.850,1,,
ent_merge_001702,التهاب الشعري,التهاب الشعري,DiseaseCondition,"[""التهاب الشعري""]",0.850,1,,
ent_merge_001703,التهاب العصعصي,التهاب العصعصي,DiseaseCondition,"[""التهاب العصعصي""]",0.950,1,,
ent_merge_001704,التهاب العصي البصري,التهاب العصي البصري,DiseaseCondition,"[""التهاب العصي البصري""]",0.850,1,,
ent_merge_001705,التهاب الغدة الدرقية,التهاب الغده الدرقيه,DiseaseCondition,"[""التهاب الغدة الدرقية""]",0.950,1,,
ent_merge_001706,التهاب اللسان,التهاب اللسان,DiseaseCondition,"[""التهاب اللسان""]",0.850,1,,
ent_merge_001707,التهاب بكتيري,التهاب بكتيري,DiseaseCondition,"[""التهاب بكتيري""]",0.850,1,,
ent_merge_001708,التهاب في البويصلة الشعرية,التهاب في البويصله الشعريه,DiseaseCondition,"[""التهاب في البويصلة الشعرية""]",0.950,1,,
ent_merge_001709,التهاب في الغدد الليمفاوية,التهاب في الغدد الليمفاويه,DiseaseCondition,"[""التهاب في الغدد الليمفاوية""]",0.950,1,,
ent_merge_001710,التهاب فيروسي,التهاب فيروسي,DiseaseCondition,"[""التهاب فيروسي""]",0.850,1,,
ent_merge_001711,التهابات فى المعدة,التهابات في المعده,DiseaseCondition,"[""التهابات فى المعدة""]",0.800,1,,
ent_merge_001712,التوائم,التوايم,DiseaseCondition,"[""التوائم""]",0.850,1,,
ent_merge_001713,التوحد السلوكي,التوحد السلوكي,DiseaseCondition,"[""التوحد السلوكي""]",0.950,1,,
ent_merge_001714,الجالكتوز,الجالكتوز,DiseaseCondition,"[""الجالكتوز""]",0.950,1,,
ent_merge_001715,الجلد المترهل,الجلد المترهل,DiseaseCondition,"[""الجلد المترهل""]",0.850,1,,
ent_merge_001716,الجلطات,الجلطات,DiseaseCondition,"[""الجلطات"", ""جلطات""]",0.850,1,,
ent_merge_001717,الجلطات الدماغية,الجلطات الدماغيه,DiseaseCondition,"[""الجلطات الدماغية"", ""جلطات دماغية""]",0.850,1,,
ent_merge_001718,الجلطة,الجلطه,DiseaseCondition,"[""الجلطة""]",0.850,1,,
ent_merge_001719,الجلطة الدماغية,الجلطه الدماغيه,DiseaseCondition,"[""الجلطة الدماغية""]",0.850,2,,
ent_merge_001720,الجيب اللثوي,الجيب اللثوي,DiseaseCondition,"[""الجيب اللثوي"", ""جيب لثوي""]",0.850,1,,
ent_merge_001721,الجينات المرضية,الجينات المرضيه,DiseaseCondition,"[""الجينات المرضية"", ""الجينات الوراثية""]",0.950,2,,
ent_merge_001722,الحثل العضلي,الحثل العضلي,DiseaseCondition,"[""الحثل العضلي"", ""حثل العضلي""]",0.850,1,,
ent_merge_001723,الحروق,الحروق,DiseaseCondition,"[""الحروق""]",0.950,1,,
ent_merge_001724,الحصى,الحصي,DiseaseCondition,"[""الحصى""]",0.850,1,,
ent_merge_001725,الحمى الشديدة,الحمي الشديده,DiseaseCondition,"[""الحمى الشديدة"", ""الحمى الشديدة والالتهابات الجرثومية الحادة والانفلوانزا""]",0.850,1,,
ent_merge_001726,الحودة الحال,الحوده الحال,DiseaseCondition,"[""الحودة الحال""]",0.850,2,,
ent_merge_001727,الحودة الصكري,الحوده الصكري,DiseaseCondition,"[""الحودة الصكري""]",0.850,2,,
ent_merge_001728,الختناق,الختناق,DiseaseCondition,"[""الختناق""]",0.700,1,,
ent_merge_001729,الخراج,الخراج,DiseaseCondition,"[""الخراج"", ""الخراج المستمر"", ""الناسور""]",0.850,2,,
ent_merge_001730,الديدان,الديدان,DiseaseCondition,"[""الديدان""]",0.850,1,,
ent_merge_001731,الرئتين,الريتين,DiseaseCondition,"[""الرئتين"", ""الرءتين""]",0.950,1,,
ent_merge_001732,السم,السم,DiseaseCondition,"[""السم"", ""الدغه العقرب""]",0.950,2,,
ent_merge_001733,الشلل الرعاشي,الشلل الرعاشي,DiseaseCondition,"[""الشلل الرعاشي""]",0.850,1,,
ent_merge_001734,الصداع التوتري,الصداع التوتري,DiseaseCondition,"[""الصداع التوتري"", ""صداع التوتري""]",0.950,1,,
ent_merge_001735,الصداع النصفي,الصداع النصفي,DiseaseCondition,"[""الصداع النصفي""]",0.850,1,,
ent_merge_001736,الصدمة الكهربائية,الصدمه الكهرباييه,DiseaseCondition,"[""الصدمة الكهربائية""]",0.950,1,,
ent_merge_001737,الصفائح الدموية,الصفايح الدمويه,DiseaseCondition,"[""الصفائح الدموية"", ""ضعيفة ونسبة الأملاح عالية جدا""]",0.850,1,,
ent_merge_001738,الضرس,الضرس,DiseaseCondition,"[""الضرس""]",0.850,5,,
ent_merge_001739,الضيق البسيط,الضيق البسيط,DiseaseCondition,"[""الضيق البسيط"", ""ضيق في الشريان الاورطي""]",0.850,1,,
ent_merge_001740,الطفرة,الطفره,DiseaseCondition,"[""الطفرة""]",0.850,1,,
ent_merge_001742,الغدة اللمفاوية,الغده اللمفاويه,DiseaseCondition,"[""الغدة اللمفاوية""]",0.950,1,,
ent_merge_001743,الفركتوز,الفركتوز,DiseaseCondition,"[""الفركتوز"", ""سكر الذرة""]",0.950,2,,
ent_merge_001744,الفشل القلبي اللامُعاوَض,الفشل القلبي اللامعاوض,DiseaseCondition,"[""الفشل القلبي اللامُعاوَض"", ""فشل القلب المكتسب""]",0.850,1,,
ent_merge_001745,القفص الصدري,القفص الصدري,DiseaseCondition,"[""القفص الصدري""]",0.950,1,,
ent_merge_001746,القولون,القولون,DiseaseCondition,"[""القولون"", ""القولون العصبى"", ""قولون"", ""القولون المتقرج""]",0.868,11,,
ent_merge_001747,الكالسيوم,الكالسيوم,DiseaseCondition,"[""الكالسيوم""]",0.850,1,,
ent_merge_001748,الكساح,الكساح,DiseaseCondition,"[""الكساح"", ""كساح""]",0.950,1,,
ent_merge_001749,اللثة,اللثه,DiseaseCondition,"[""اللثة"", ""اللسان""]",0.850,6,,
ent_merge_001750,اللمف,اللمف,DiseaseCondition,"[""اللمف""]",0.850,1,,
ent_merge_001751,المرض الفطري,المرض الفطري,DiseaseCondition,"[""المرض الفطري""]",0.850,1,,
ent_merge_001752,المرض الوراثي,المرض الوراثي,DiseaseCondition,"[""المرض الوراثي"", ""الأمراض الوراثية"", ""الجينات الوراثية""]",0.950,6,,
ent_merge_001753,الملوية البوابية,الملويه البوابيه,DiseaseCondition,"[""الملوية البوابية""]",0.850,1,,
ent_merge_001754,الموت الدماغي,الموت الدماغي,DiseaseCondition,"[""الموت الدماغي""]",0.850,1,,
ent_merge_001755,الناسور,الناسور,DiseaseCondition,"[""الناسور"", ""فتحات ناسور""]",0.900,2,,
ent_merge_001756,الناسور العصعصي,الناسور العصعصي,DiseaseCondition,"[""الناسور العصعصي""]",0.950,2,,
ent_merge_001757,الناعور,الناعور,DiseaseCondition,"[""الناعور""]",0.850,1,,
ent_merge_001758,النخاع الشوكي,النخاع الشوكي,DiseaseCondition,"[""النخاع الشوكي""]",0.850,1,,
ent_merge_001760,النسيج,النسيج,DiseaseCondition,"[""النسيج"", ""نسيج""]",0.850,1,,
ent_merge_001761,النسيج المحيط,النسيج المحيط,DiseaseCondition,"[""النسيج المحيط"", ""نسيج محيط""]",0.850,1,,
ent_merge_001762,النسيج المحيط بالفتحة,النسيج المحيط بالفتحه,DiseaseCondition,"[""النسيج المحيط بالفتحة"", ""نسيج محيط بالفتحة""]",0.850,1,,
ent_merge_001763,النسيج فوق الدعامات,النسيج فوق الدعامات,DiseaseCondition,"[""النسيج فوق الدعامات"", ""نسيج فوق""]",0.850,1,,
ent_merge_001764,النغزات,النغزات,DiseaseCondition,"[""النغزات"", ""نغزات""]",0.850,1,,
ent_merge_001765,النقص الشديد للصفائح,النقص الشديد للصفايح,DiseaseCondition,"[""النقص الشديد للصفائح"", ""نقص الصفائح"", ""ITP""]",0.950,3,,
ent_merge_001766,الورم,الورم,DiseaseCondition,"[""الورم""]",0.850,1,,
ent_merge_001767,الورم الدماغي,الورم الدماغي,DiseaseCondition,"[""الورم الدماغي""]",0.850,1,,
ent_merge_001768,الورم النقوي المتعدد,الورم النقوي المتعدد,DiseaseCondition,"[""الورم النقوي المتعدد""]",0.950,1,,
ent_merge_001769,انزلاق أنقي,انزلاق انقي,DiseaseCondition,"[""انزلاق أنقي""]",0.850,1,,
ent_merge_001770,انسداد البلعوم,انسداد البلعوم,DiseaseCondition,"[""انسداد البلعوم""]",0.950,1,,
ent_merge_001771,انفراص,انفراص,DiseaseCondition,"[""انفراص"", ""انفراص بالفاصل العجزي القطني""]",0.850,1,,
ent_merge_001772,انقراص,انقراص,DiseaseCondition,"[""انقراص""]",0.850,1,,
ent_merge_001773,بروثرومبين,بروثرومبين,DiseaseCondition,"[""بروثرومبين""]",0.850,1,,
ent_merge_001774,تخم البروستاتا الحميد,تخم البروستاتا الحميد,DiseaseCondition,"[""تخم البروستاتا الحميد""]",0.850,1,,
ent_merge_001775,تسوس الأسنان,تسوس الاسنان,DiseaseCondition,"[""تسوس الأسنان"", ""تسوس الأسنان أو أي خراجات باللثة""]",0.950,1,,
ent_merge_001776,تشوهات خلقية,تشوهات خلقيه,DiseaseCondition,"[""تشوهات خلقية""]",0.850,3,,
ent_merge_001777,تضخم الغدد اللمفية,تضخم الغدد اللمفيه,DiseaseCondition,"[""تضخم الغدد اللمفية"", ""تضخم بالغدد اللمفية الموضعية""]",0.950,1,,
ent_merge_001778,تضيق القنوات الموجودة داخل الكبد,تضيق القنوات الموجوده داخل الكبد,DiseaseCondition,"[""تضيق القنوات الموجودة داخل الكبد""]",0.850,1,,
ent_merge_001779,تكيس الثدي,تكيس الثدي,DiseaseCondition,"[""تكيس الثدي"", ""تكيس الثدي ...مجموعة صغيرة من اكياس داخلها رواسب الكلس""]",0.950,1,,
ent_merge_001780,تكيس المابيض,تكيس المابيض,DiseaseCondition,"[""تكيس المابيض"", ""بداية تكيس المابيض""]",0.850,1,,
ent_merge_001781,تكيسات مائية,تكيسات ماييه,DiseaseCondition,"[""تكيسات مائية""]",0.950,1,,
ent_merge_001782,تلون الشبكيه الصبغي,تلون الشبكيه الصبغي,DiseaseCondition,"[""تلون الشبكيه الصبغي"", ""مرض تلون الشبكيه الصبغي""]",0.950,1,,
ent_merge_001783,تليف وضيق في فتحة الشرج,تليف وضيق في فتحه الشرج,DiseaseCondition,"[""تليف وضيق في فتحة الشرج""]",0.850,1,,
ent_merge_001784,تهاب الغدة الدرقية,تهاب الغده الدرقيه,DiseaseCondition,"[""تهاب الغدة الدرقية"", ""تهاب بالغدة الدرقيه""]",0.850,1,,
ent_merge_001785,تيفود,تيفود,DiseaseCondition,"[""تيفود""]",0.850,1,,
ent_merge_001786,جرثومة الهيليكوباكتر,جرثومه الهيليكوباكتر,DiseaseCondition,"[""جرثومة الهيليكوباكتر""]",0.950,1,,
ent_merge_001787,جلطة الاورده العميقه,جلطه الاورده العميقه,DiseaseCondition,"[""جلطة الاورده العميقه""]",0.850,1,,
ent_merge_001788,حثل عضلي,حثل عضلي,DiseaseCondition,"[""حثل عضلي""]",0.850,1,,
ent_merge_001789,حساسية البروتين البقري,حساسيه البروتين البقري,DiseaseCondition,"[""حساسية البروتين البقري""]",0.950,1,,
ent_merge_001790,حساسية الموسمية,حساسيه الموسميه,DiseaseCondition,"[""حساسية الموسمية""]",0.850,1,,
ent_merge_001791,حصوة المرارة,حصوه المراره,DiseaseCondition,"[""حصوة المرارة""]",0.850,1,,
ent_merge_001792,حمى عضة الجرذ,حمي عضه الجرذ,DiseaseCondition,"[""حمى عضة الجرذ""]",0.950,1,,
ent_merge_001793,حمى عضة الجرذون,حمي عضه الجرذون,DiseaseCondition,"[""حمى عضة الجرذون""]",0.950,1,,
ent_merge_001794,حمى عضة الفأر,حمي عضه الفار,DiseaseCondition,"[""حمى عضة الفأر""]",0.950,1,,
ent_merge_001795,داء باركنسون,داء باركنسون,DiseaseCondition,"[""داء باركنسون"", ""داء باركنسون الشهير""]",0.700,1,,
ent_merge_001796,داء بازيديو,داء بازيديو,DiseaseCondition,"[""داء بازيديو""]",0.950,1,,
ent_merge_001797,دائة الصكري,دايه الصكري,DiseaseCondition,"[""دائة الصكري""]",0.850,1,,
ent_merge_001798,دبوس,دبوس,DiseaseCondition,"[""دبوس""]",0.950,1,,
ent_merge_001799,دهون ثلاثية,دهون ثلاثيه,DiseaseCondition,"[""دهون ثلاثية""]",0.850,1,,
ent_merge_001800,دود بالبطن,دود بالبطن,DiseaseCondition,"[""دود بالبطن""]",0.850,1,,
ent_merge_001801,سكتة خلايا دموية,سكته خلايا دمويه,DiseaseCondition,"[""سكتة خلايا دموية"", ""Sickle cell trait (AS)""]",0.950,1,,
ent_merge_001802,سكري,سكري,DiseaseCondition,"[""سكري"", ""مرتفع""]",0.950,4,,
ent_merge_001803,سيستي هيدروما,سيستي هيدروما,DiseaseCondition,"[""سيستي هيدروما"", ""Systic Hygroma""]",0.850,2,,
ent_merge_001804,شرخ في الشرج,شرخ في الشرج,DiseaseCondition,"[""شرخ في الشرج""]",0.850,1,,
ent_merge_001805,شظايا القنابل الصغيرة الانشطارية,شظايا القنابل الصغيره الانشطاريه,DiseaseCondition,"[""شظايا القنابل الصغيرة الانشطارية""]",0.950,1,,
ent_merge_001806,شفة مشقوقة,شفه مشقوقه,DiseaseCondition,"[""شفة مشقوقة""]",0.850,1,,
ent_merge_001807,شق شرجي,شق شرجي,DiseaseCondition,"[""شق شرجي""]",0.850,2,,
ent_merge_001808,شلل العصب السابع,شلل العصب السابع,DiseaseCondition,"[""شلل العصب السابع""]",0.850,1,,
ent_merge_001809,شيب,شيب,DiseaseCondition,"[""شيب""]",0.850,1,,
ent_merge_001810,صغر الثدي,صغر الثدي,DiseaseCondition,"[""صغر الثدي""]",0.850,1,,
ent_merge_001811,صمام,صمام,DiseaseCondition,"[""صمام""]",0.850,1,,
ent_merge_001812,صمام القلب,صمام القلب,DiseaseCondition,"[""صمام القلب"", ""صمام""]",0.850,2,,
ent_merge_001813,صمم,صمم,DiseaseCondition,"[""صمم""]",0.850,1,,
ent_merge_001814,ضرس العقل,ضرس العقل,DiseaseCondition,"[""ضرس العقل""]",0.850,1,,
ent_merge_001815,عضلات الصدر,عضلات الصدر,DiseaseCondition,"[""عضلات الصدر""]",0.850,1,,
ent_merge_001816,عقيدات الغدة الدرقية,عقيدات الغده الدرقيه,DiseaseCondition,"[""عقيدات الغدة الدرقية""]",0.950,1,,
ent_merge_001817,علم التشريح,علم التشريح,DiseaseCondition,"[""علم التشريح""]",0.950,1,,
ent_merge_001818,علم الوراثة,علم الوراثه,DiseaseCondition,"[""علم الوراثة""]",0.950,2,,
ent_merge_001819,فايروس الكبد,فايروس الكبد,DiseaseCondition,"[""فايروس الكبد"", ""فايروس الكبد من النوع بي""]",0.950,2,,
ent_merge_001820,فرط الحساسية,فرط الحساسيه,DiseaseCondition,"[""فرط الحساسية""]",0.850,1,,
ent_merge_001821,فصام,فصام,DiseaseCondition,"[""فصام""]",0.850,1,,
ent_merge_001823,فقر الدم المنجلي,فقر الدم المنجلي,DiseaseCondition,"[""فقر الدم المنجلي""]",0.950,1,,
ent_merge_001824,فيروس الكبد الوبائي,فيروس الكبد الوبايي,DiseaseCondition,"[""فيروس الكبد الوبائي""]",0.850,1,,
ent_merge_001825,قولون عصبى,قولون عصبي,DiseaseCondition,"[""قولون عصبى"", ""قولون العصبي"", ""قولون""]",0.910,5,,
ent_merge_001826,كسل بالغدة الدرقية,كسل بالغده الدرقيه,DiseaseCondition,"[""كسل بالغدة الدرقية""]",0.850,1,,
ent_merge_001827,كلسترول,كلسترول,DiseaseCondition,"[""كلسترول""]",0.850,1,,
ent_merge_001828,كيس الشعر,كيس الشعر,DiseaseCondition,"[""كيس الشعر""]",0.850,1,,
ent_merge_001829,متلازمة خلية منجلية,متلازمه خليه منجليه,DiseaseCondition,"[""متلازمة خلية منجلية"", ""مرض متلازمة خلية منجلية'سيكل'""]",0.950,1,,
ent_merge_001830,متلازمة فالدنستروم,متلازمه فالدنستروم,DiseaseCondition,"[""متلازمة فالدنستروم""]",0.950,1,,
ent_merge_001831,متلازمة كريغلر نجار,متلازمه كريغلر نجار,DiseaseCondition,"[""متلازمة كريغلر نجار""]",0.950,1,,
ent_merge_001832,متلازمة كلاينفلتر,متلازمه كلاينفلتر,DiseaseCondition,"[""متلازمة كلاينفلتر"", ""كلاينفلتر""]",0.875,4,,
ent_merge_001833,مرض بكاء القطة,مرض بكاء القطه,DiseaseCondition,"[""مرض بكاء القطة""]",0.850,1,,
ent_merge_001834,مرض جريفز,مرض جريفز,DiseaseCondition,"[""مرض جريفز""]",0.950,1,,
ent_merge_001835,ملاريا,ملاريا,DiseaseCondition,"[""ملاريا""]",0.850,1,,
ent_merge_001836,ملازمة داون,ملازمه داون,DiseaseCondition,"[""ملازمة داون""]",0.850,1,,
ent_merge_001837,نزيف بسيط,نزيف بسيط,DiseaseCondition,"[""نزيف بسيط""]",0.950,1,,
ent_merge_001838,نشاط الغدة الدرقية,نشاط الغده الدرقيه,DiseaseCondition,"[""نشاط الغدة الدرقية""]",0.950,1,,
ent_merge_001839,نقص البروتينات,نقص البروتينات,DiseaseCondition,"[""نقص البروتينات""]",0.850,1,,
ent_merge_001840,نقص الحليب,نقص الحليب,DiseaseCondition,"[""نقص الحليب"", ""نسبه هرمون الحليب""]",0.850,1,,
ent_merge_001841,نقص الصفيحات,نقص الصفيحات,DiseaseCondition,"[""نقص الصفيحات"", ""انخفاض الصفيحات الدموية""]",0.850,1,,
ent_merge_001842,نقص الكريات البيضاء,نقص الكريات البيضاء,DiseaseCondition,"[""نقص الكريات البيضاء""]",0.850,1,,
ent_merge_001843,نقص بحجم الثدي,نقص بحجم الثدي,DiseaseCondition,"[""نقص بحجم الثدي"", ""نقص بحجم الثدي الايمن""]",0.850,1,,
ent_merge_001844,نقص بقتامين د,نقص بقتامين د,DiseaseCondition,"[""نقص بقتامين د""]",0.850,1,,
ent_merge_001845,نقص حديد,نقص حديد,DiseaseCondition,"[""نقص حديد""]",0.850,1,,
ent_merge_001846,نقص فيتامين,نقص فيتامين,DiseaseCondition,"[""نقص فيتامين""]",0.850,2,,
ent_merge_001847,Fshl Klowi,fshl klowi,Symptom,"[""Fshl Klowi"", ""مبادىء اعراض فشل كلوى""]",0.850,1,,
ent_merge_001848,ارتجاف,ارتجاف,Symptom,"[""ارتجاف""]",0.950,1,,
ent_merge_001849,ارتفاع خضاب الدم,ارتفاع خضاب الدم,Symptom,"[""ارتفاع خضاب الدم""]",0.850,1,,
ent_merge_001850,الاحساس بوجود هواء,الاحساس بوجود هواء,Symptom,"[""الاحساس بوجود هواء""]",0.850,1,,
ent_merge_001851,الارتداد المريئ,الارتداد المريي,Symptom,"[""الارتداد المريئ""]",0.850,1,,
ent_merge_001852,الارتكاريا,الارتكاريا,Symptom,"[""الارتكاريا"", ""حكه""]",0.900,2,,
ent_merge_001853,الارهاق,الارهاق,Symptom,"[""الارهاق"", ""التوتر والارهاق والقلق""]",0.850,1,,
ent_merge_001854,الإغماء,الاغماء,Symptom,"[""الإغماء""]",0.900,1,,
ent_merge_001855,الافرازات,الافرازات,Symptom,"[""الافرازات"", ""افرازات صديدية مع البراز"", ""الافرازات في اللباس الدخلي"", ""افرازات"", ""افرازات خضراء""]",0.863,4,,
ent_merge_001856,الام البطن,الام البطن,Symptom,"[""الام البطن""]",0.850,1,,
ent_merge_001857,الام عند الإخراج,الام عند الاخراج,Symptom,"[""الام عند الإخراج""]",0.850,1,,
ent_merge_001858,الامتلاء,الامتلاء,Symptom,"[""الامتلاء""]",0.850,1,,
ent_merge_001860,الانين,الانين,Symptom,"[""الانين""]",0.850,1,,
ent_merge_001861,البراز,البراز,Symptom,"[""البراز""]",0.850,7,,
ent_merge_001863,التصاق,التصاق,Symptom,"[""التصاق""]",0.850,1,,
ent_merge_001864,التهديد بالإجهاض,التهديد بالاجهاض,Symptom,"[""التهديد بالإجهاض""]",0.950,1,,
ent_merge_001867,الحادِث الوِعائيٌّ الدِمَاغِيّ,الحادث الوعايي الدماغي,Symptom,"[""الحادِث الوِعائيٌّ الدِمَاغِيّ""]",0.850,1,,
ent_merge_001868,الحال,الحال,Symptom,"[""الحال""]",0.850,2,,
ent_merge_001869,الحال بالمرديدين,الحال بالمرديدين,Symptom,"[""الحال بالمرديدين""]",0.850,2,,
ent_merge_001870,الحرق,الحرق,Symptom,"[""الحرق""]",0.850,2,,
ent_merge_001872,الحساسية على الوسط التَبايُنِيّ,الحساسيه علي الوسط التبايني,Symptom,"[""الحساسية على الوسط التَبايُنِيّ""]",0.850,1,,
ent_merge_001874,الخريث,الخريث,Symptom,"[""الخريث"", ""الحصاصة""]",0.850,1,,
ent_merge_001875,الدورة,الدوره,Symptom,"[""الدورة"", ""دورة""]",0.900,2,,
ent_merge_001876,الديدان الشريطية,الديدان الشريطيه,Symptom,"[""الديدان الشريطية""]",0.950,1,,
ent_merge_001877,الرائحة الكريهة,الرايحه الكريهه,Symptom,"[""الرائحة الكريهة"", ""رائحة كريهة""]",0.850,1,,
ent_merge_001879,الشرج,الشرج,Symptom,"[""الشرج""]",0.850,2,,
ent_merge_001880,الضيق,الضيق,Symptom,"[""الضيق"", ""ضيق فى القولون واصل والى فتحه الشرج كشفت كذا مره وتحاليل واشاعات كلها سليمه بس المشكله انه الضيق ده بقى مزمن ممكن افاده""]",0.850,1,,
ent_merge_001881,الضيق التنفسي,الضيق التنفسي,Symptom,"[""الضيق التنفسي"", ""ضيق تنفس""]",0.700,7,,
ent_merge_001882,الفتحات,الفتحات,Symptom,"[""الفتحات"", ""فتحات""]",0.850,1,,
ent_merge_001883,الفتحة الشرجية,الفتحه الشرجيه,Symptom,"[""الفتحة الشرجية"", ""فتحة الشرج""]",0.850,1,,
ent_merge_001884,القطع من الشعر,القطع من الشعر,Symptom,"[""القطع من الشعر"", ""قطع من الشعر المتجمع""]",0.850,1,,
ent_merge_001887,الكتف,الكتف,Symptom,"[""الكتف""]",0.850,1,,
ent_merge_001888,الم المعدجة,الم المعدجه,Symptom,"[""الم المعدجة"", ""الم في المعدة""]",0.900,2,,
ent_merge_001889,ألم المفاصل,الم المفاصل,Symptom,"[""ألم المفاصل""]",0.900,2,,
ent_merge_001890,الم في القلب,الم في القلب,Symptom,"[""الم في القلب""]",0.850,1,,
ent_merge_001891,المضاعفات الوعائية,المضاعفات الوعاييه,Symptom,"[""المضاعفات الوعائية""]",0.850,1,,
ent_merge_001892,الملابس,الملابس,Symptom,"[""الملابس"", ""كثرة الملابس""]",0.850,1,,
ent_merge_001893,النزف,النزف,Symptom,"[""النزف""]",0.850,2,,
ent_merge_001894,النزلة,النزله,Symptom,"[""النزلة""]",0.900,2,,
ent_merge_001895,النزيف,النزيف,Symptom,"[""النزيف""]",0.900,2,,
ent_merge_001896,النفخ,النفخ,Symptom,"[""النفخ""]",0.850,1,,
ent_merge_001897,النقص الحاد,النقص الحاد,Symptom,"[""النقص الحاد"", ""نقص الحديد""]",0.950,1,,
ent_merge_001898,الوجع الشديد في الجنب اليمين,الوجع الشديد في الجنب اليمين,Symptom,"[""الوجع الشديد في الجنب اليمين""]",0.850,1,,
ent_merge_001899,الوفاة,الوفاه,Symptom,"[""الوفاة""]",0.850,1,,
ent_merge_001900,انتاصبي,انتاصبي,Symptom,"[""انتاصبي""]",0.850,1,,
ent_merge_001901,انفخ هواء,انفخ هواء,Symptom,"[""انفخ هواء""]",0.850,1,,
ent_merge_001903,أوجاع العضلات,اوجاع العضلات,Symptom,"[""أوجاع العضلات""]",0.950,1,,
ent_merge_001904,أوجاع المفاصل,اوجاع المفاصل,Symptom,"[""أوجاع المفاصل""]",0.950,1,,
ent_merge_001905,برودة الطقس,بروده الطقس,Symptom,"[""برودة الطقس""]",0.850,1,,
ent_merge_001906,برودة الماء,بروده الماء,Symptom,"[""برودة الماء""]",0.850,1,,
ent_merge_001907,بروز في البطن,بروز في البطن,Symptom,"[""بروز في البطن""]",0.850,1,,
ent_merge_001908,تضخم في الارداف,تضخم في الارداف,Symptom,"[""تضخم في الارداف""]",0.850,1,,
ent_merge_001909,جحوظ العينين,جحوظ العينين,Symptom,"[""جحوظ العينين""]",0.950,1,,
ent_merge_001910,جرثومة,جرثومه,Symptom,"[""جرثومة""]",0.950,1,,
ent_merge_001911,حصاصة,حصاصه,Symptom,"[""حصاصة""]",0.850,1,,
ent_merge_001912,حلمة,حلمه,Symptom,"[""حلمة"", ""حلمة ثديي الايمن"", ""حلمة مسطحه""]",0.850,2,,
ent_merge_001913,حموضة,حموضه,Symptom,"[""حموضة""]",0.850,2,,
ent_merge_001914,حيلية الربو,حيليه الربو,Symptom,"[""حيلية الربو""]",0.850,1,,
ent_merge_001915,دقات سريعة للقلب,دقات سريعه للقلب,Symptom,"[""دقات سريعة للقلب""]",0.850,1,,
ent_merge_001916,دوار الحركة,دوار الحركه,Symptom,"[""دوار الحركة""]",0.850,1,,
ent_merge_001917,دوائر حمراء,دواير حمراء,Symptom,"[""دوائر حمراء""]",0.850,1,,
ent_merge_001918,راسي تقيل,راسي تقيل,Symptom,"[""راسي تقيل""]",0.850,1,,
ent_merge_001920,سيلان الانف,سيلان الانف,Symptom,"[""سيلان الانف""]",0.950,1,,
ent_merge_001921,صبغات الشعر,صبغات الشعر,Symptom,"[""صبغات الشعر""]",0.850,1,,
ent_merge_001922,صداع التوتر,صداع التوتر,Symptom,"[""صداع التوتر""]",0.850,1,,
ent_merge_001924,ضغط الدم,ضغط الدم,Symptom,"[""ضغط الدم"", ""ضغط الدمز"", ""ضغط""]",0.923,11,,
ent_merge_001925,فتحة الشرج,فتحه الشرج,Symptom,"[""فتحة الشرج""]",0.850,1,,
ent_merge_001926,فقدان الشهية والرغبة في الاستفراغ,فقدان الشهيه والرغبه في الاستفراغ,Symptom,"[""فقدان الشهية والرغبة في الاستفراغ""]",0.850,1,,
ent_merge_001927,فقدان الوعي,فقدان الوعي,Symptom,"[""فقدان الوعي""]",0.950,1,,
ent_merge_001929,كرات الدم البيضاء,كرات الدم البيضاء,Symptom,"[""كرات الدم البيضاء""]",0.950,1,,
ent_merge_001930,كيس,كيس,Symptom,"[""كيس""]",0.850,1,,
ent_merge_001931,ناسور مهبلي كولوني,ناسور مهبلي كولوني,Symptom,"[""ناسور مهبلي كولوني""]",0.950,1,,
ent_merge_001932,نبض,نبض,Symptom,"[""نبض"", ""نبض قلبه""]",0.850,1,,
ent_merge_001933,نزول قطرات دماء مع البراز,نزول قطرات دماء مع البراز,Symptom,"[""نزول قطرات دماء مع البراز""]",0.800,1,,
ent_merge_001934,نشفان,نشفان,Symptom,"[""نشفان""]",0.800,1,,
ent_merge_001935,نفخ,نفخ,Symptom,"[""نفخ"", ""صدري ينتفخ""]",0.850,1,,
ent_merge_001936,نوبات,نوبات,Symptom,"[""نوبات""]",0.850,2,,
ent_merge_001937,نوبة,نوبه,Symptom,"[""نوبة"", ""نوبات عامة"", ""نوبات جزئية""]",0.900,2,,
ent_merge_001938,هيشان الشعر,هيشان الشعر,Symptom,"[""هيشان الشعر""]",0.850,1,,
ent_merge_001939,b12,b12,Test,"[""b12""]",0.950,1,,
ent_merge_001940,CBC التحليل الكامل للدم,cbc التحليل الكامل للدم,Test,"[""CBC التحليل الكامل للدم""]",0.950,1,,
ent_merge_001941,Colonoscopy,colonoscopy,Test,"[""Colonoscopy""]",0.850,1,,
ent_merge_001942,CT-Scan,ct-scan,Test,"[""CT-Scan""]",0.950,1,,
ent_merge_001943,E.S.R.,e.s.r.,Test,"[""E.S.R."", ""E.S.R. 1 st h.= 6 mm""]",0.850,1,,
ent_merge_001944,ferritin,ferritin,Test,"[""ferritin""]",0.950,1,,
ent_merge_001946,Hb A1c,hb a1c,Test,"[""Hb A1c""]",0.950,1,,
ent_merge_001947,iron,iron,Test,"[""iron""]",0.950,1,,
ent_merge_001948,Mammoraphy,mammoraphy,Test,"[""Mammoraphy""]",0.950,1,,
ent_merge_001949,MRI,mri,Test,"[""MRI""]",0.950,1,,
ent_merge_001950,Protein,protein,Test,"[""Protein"", ""بروتين""]",0.700,1,,
ent_merge_001951,PTH,pth,Test,"[""PTH""]",0.950,1,,
ent_merge_001952,إسهال او إمساك,اسهال او امساك,Test,"[""إسهال او إمساك""]",0.850,1,,
ent_merge_001953,اشعة تلفزيونية,اشعه تلفزيونيه,Test,"[""اشعة تلفزيونية""]",0.950,1,,
ent_merge_001955,التجاوب الجيني,التجاوب الجيني,Test,"[""التجاوب الجيني""]",0.950,1,,
ent_merge_001956,التطعيمات,التطعيمات,Test,"[""التطعيمات""]",0.950,1,,
ent_merge_001957,الثيحال الريوي,الثيحال الريوي,Test,"[""الثيحال الريوي""]",0.850,1,,
ent_merge_001961,الغدة الجار درقية,الغده الجار درقيه,Test,"[""الغدة الجار درقية""]",0.850,1,,
ent_merge_001962,القسطرة التشخيصية,القسطره التشخيصيه,Test,"[""القسطرة التشخيصية""]",0.850,1,,
ent_merge_001964,الكلية,الكليه,Test,"[""الكلية""]",0.850,2,,
ent_merge_001965,النسبة,النسبه,Test,"[""النسبة""]",0.850,2,,
ent_merge_001966,الهرمون,الهرمون,Test,"[""الهرمون""]",0.850,1,,
ent_merge_001967,بزل الصدر,بزل الصدر,Test,"[""بزل الصدر""]",0.850,1,,
ent_merge_001968,بيليروبين,بيليروبين,Test,"[""بيليروبين""]",0.850,1,,
ent_merge_001969,تحليل AMH,تحليل amh,Test,"[""تحليل AMH""]",0.950,1,,
ent_merge_001970,تحليل ASOT,تحليل asot,Test,"[""تحليل ASOT""]",0.950,1,,
ent_merge_001971,تحليل ESR,تحليل esr,Test,"[""تحليل ESR""]",0.950,1,,
ent_merge_001972,تحليل التراكمي,تحليل التراكمي,Test,"[""تحليل التراكمي""]",0.950,1,,
ent_merge_001973,تحليل الحديد,تحليل الحديد,Test,"[""تحليل الحديد""]",0.950,1,,
ent_merge_001974,تحليل السكر,تحليل السكر,Test,"[""تحليل السكر""]",0.950,1,,
ent_merge_001975,تحليل الفيريتين,تحليل الفيريتين,Test,"[""تحليل الفيريتين""]",0.950,1,,
ent_merge_001976,تحليل الكبد,تحليل الكبد,Test,"[""تحليل الكبد""]",0.950,1,,
ent_merge_001977,تحليل براز شامل,تحليل براز شامل,Test,"[""تحليل براز شامل""]",0.850,1,,
ent_merge_001978,تحليل صائم,تحليل صايم,Test,"[""تحليل صائم""]",0.950,1,,
ent_merge_001979,تصوير الجهاز البولي,تصوير الجهاز البولي,Test,"[""تصوير الجهاز البولي""]",0.850,1,,
ent_merge_001980,تصوير بالموجات الفوق صوتية,تصوير بالموجات الفوق صوتيه,Test,"[""تصوير بالموجات الفوق صوتية"", ""عمل تصوير بالموجات الفوق صوتية""]",0.850,1,,
ent_merge_001981,تلفزيون قلب,تلفزيون قلب,Test,"[""تلفزيون قلب"", ""تخطيط كهربائية القلب""]",0.850,2,,
ent_merge_001982,حمض اليوريك,حمض اليوريك,Test,"[""حمض اليوريك"", ""تحليل الحمض""]",0.850,1,,
ent_merge_001983,خصائي الاطفال,خصايي الاطفال,Test,"[""خصائي الاطفال""]",0.850,1,,
ent_merge_001984,رسم قلب,رسم قلب,Test,"[""رسم قلب""]",0.850,1,,
ent_merge_001985,سونار بطن وحوض مع انريمات الكبد,سونار بطن وحوض مع انريمات الكبد,Test,"[""سونار بطن وحوض مع انريمات الكبد"", ""عمل سونار بطن وحوض مع انريمات الكبد""]",0.850,1,,
ent_merge_001986,صورة دم,صوره دم,Test,"[""صورة دم""]",0.950,1,,
ent_merge_001987,فحص PCR,فحص pcr,Test,"[""فحص PCR""]",0.850,1,,
ent_merge_001988,فحص البطن بالسونار,فحص البطن بالسونار,Test,"[""فحص البطن بالسونار""]",0.850,1,,
ent_merge_001989,فحص الثالاسيميا,فحص الثالاسيميا,Test,"[""فحص الثالاسيميا""]",0.850,1,,
ent_merge_001990,فحص الجرثومة الحلزونية,فحص الجرثومه الحلزونيه,Test,"[""فحص الجرثومة الحلزونية""]",0.900,1,,
ent_merge_001991,فحص الدنا,فحص الدنا,Test,"[""فحص الدنا""]",0.950,1,,
ent_merge_001992,فحص الفقرات العنقية,فحص الفقرات العنقيه,Test,"[""فحص الفقرات العنقية""]",0.950,1,,
ent_merge_001993,فحص بول,فحص بول,Test,"[""فحص بول""]",0.900,1,,
ent_merge_001994,فحص تحاليل مخبرية,فحص تحاليل مخبريه,Test,"[""فحص تحاليل مخبرية"", ""تحاليل مخبرية""]",0.850,1,,
ent_merge_001995,فحص دم للملاريا,فحص دم للملاريا,Test,"[""فحص دم للملاريا""]",0.850,1,,
ent_merge_001996,فحص زراعة البلغم,فحص زراعه البلغم,Test,"[""فحص زراعة البلغم""]",0.950,1,,
ent_merge_001997,فحص مجموعات الدم,فحص مجموعات الدم,Test,"[""فحص مجموعات الدم""]",0.950,1,,
ent_merge_001998,فحص نخاع العظم,فحص نخاع العظم,Test,"[""فحص نخاع العظم""]",0.850,1,,
ent_merge_001999,فحوصات جينية,فحوصات جينيه,Test,"[""فحوصات جينية""]",0.950,3,,
ent_merge_002000,فوسفاتاز قلوية,فوسفاتاز قلويه,Test,"[""فوسفاتاز قلوية""]",0.850,1,,
ent_merge_002001,قرص المعدة,قرص المعده,Test,"[""قرص المعدة""]",0.850,1,,
ent_merge_002002,مفصل الكتف,مفصل الكتف,Test,"[""مفصل الكتف""]",0.950,1,,
ent_merge_002003,نظرية الخلية,نظريه الخليه,Test,"[""نظرية الخلية""]",0.850,1,,
ent_merge_002004,Acetyl Salicylic Acid,acetyl salicylic acid,Treatment,"[""Acetyl Salicylic Acid""]",0.850,1,,
ent_merge_002005,AspicotK,aspicotk,Treatment,"[""AspicotK""]",0.850,1,,
ent_merge_002006,Dabigatran,dabigatran,Treatment,"[""Dabigatran""]",0.850,1,,
ent_merge_002007,euthyrox,euthyrox,Treatment,"[""euthyrox""]",0.850,1,,
ent_merge_002008,Euthyrox25,euthyrox25,Treatment,"[""Euthyrox25""]",0.950,1,,
ent_merge_002009,GLUCOVIG,glucovig,Treatment,"[""GLUCOVIG""]",0.950,1,,
ent_merge_002010,Hypersplenism,hypersplenism,Treatment,"[""Hypersplenism"", ""الحقن""]",0.950,1,,
ent_merge_002011,IVF,ivf,Treatment,"[""IVF""]",0.950,1,,
ent_merge_002012,Meddrat,meddrat,Treatment,"[""Meddrat"", ""مدرات""]",0.950,1,,
ent_merge_002013,Radioactive Iodine,radioactive iodine,Treatment,"[""Radioactive Iodine"", ""جرعة يود مشع""]",0.950,1,,
ent_merge_002014,Tiroxine,tiroxine,Treatment,"[""Tiroxine""]",0.950,1,,
ent_merge_002015,Vitamin D,vitamin d,Treatment,"[""Vitamin D"", ""فيتامين د""]",0.950,1,,
ent_merge_002016,أبر جاهزة للحقن,ابر جاهزه للحقن,Treatment,"[""أبر جاهزة للحقن""]",0.850,1,,
ent_merge_002017,أبيتنانت,ابيتنانت,Treatment,"[""أبيتنانت""]",0.950,1,,
ent_merge_002018,إدخال أنبوب لشفط السائل,ادخال انبوب لشفط السايل,Treatment,"[""إدخال أنبوب لشفط السائل""]",0.850,1,,
ent_merge_002019,ادوية الحديد,ادويه الحديد,Treatment,"[""ادوية الحديد""]",0.850,1,,
ent_merge_002020,أدوية بالفم,ادويه بالفم,Treatment,"[""أدوية بالفم""]",0.850,1,,
ent_merge_002021,استاتين,استاتين,Treatment,"[""استاتين"", ""استاتين 20 جرام""]",0.850,1,,
ent_merge_002022,استئصال الإصبع السادسة,استيصال الاصبع السادسه,Treatment,"[""استئصال الإصبع السادسة""]",0.850,1,,
ent_merge_002023,استئصال المرارة بالتنظير,استيصال المراره بالتنظير,Treatment,"[""استئصال المرارة بالتنظير""]",0.950,1,,
ent_merge_002024,افاستين,افاستين,Treatment,"[""افاستين""]",0.850,1,,
ent_merge_002025,الادوات,الادوات,Treatment,"[""الادوات""]",0.950,1,,
ent_merge_002026,الاستئصال الجراحي,الاستيصال الجراحي,Treatment,"[""الاستئصال الجراحي""]",0.850,1,,
ent_merge_002027,الافطار,الافطار,Treatment,"[""الافطار""]",0.850,1,,
ent_merge_002028,الاقاحات المضادة,الاقاحات المضاده,Treatment,"[""الاقاحات المضادة""]",0.950,1,,
ent_merge_002029,الاكثار من شرب الماء,الاكثار من شرب الماء,Treatment,"[""الاكثار من شرب الماء""]",0.850,1,,
ent_merge_002030,الامتناع عن اعطاء أي أطعمة أو سوائل عن طريق الفم,الامتناع عن اعطاء اي اطعمه او سوايل عن طريق الفم,Treatment,"[""الامتناع عن اعطاء أي أطعمة أو سوائل عن طريق الفم""]",0.950,1,,
ent_merge_002031,الانجح,الانجح,Treatment,"[""الانجح""]",0.850,1,,
ent_merge_002032,الاندرال,الاندرال,Treatment,"[""الاندرال""]",0.850,1,,
ent_merge_002033,الانعاش,الانعاش,Treatment,"[""الانعاش""]",0.850,1,,
ent_merge_002034,الانعاش القلبي,الانعاش القلبي,Treatment,"[""الانعاش القلبي""]",0.850,1,,
ent_merge_002035,الايزوتريتينوين,الايزوتريتينوين,Treatment,"[""الايزوتريتينوين""]",0.950,1,,
ent_merge_002036,البروفين,البروفين,Treatment,"[""البروفين""]",0.850,1,,
ent_merge_002037,البريمولوت ن,البريمولوت ن,Treatment,"[""البريمولوت ن""]",0.850,1,,
ent_merge_002038,البقوليات,البقوليات,Treatment,"[""البقوليات""]",0.900,2,,
ent_merge_002039,التبرع بالدم,التبرع بالدم,Treatment,"[""التبرع بالدم"", ""اشرب سوائل واتغذى""]",0.950,1,,
ent_merge_002040,التروكسين,التروكسين,Treatment,"[""التروكسين""]",0.900,1,,
ent_merge_002041,التشخيص المبكر,التشخيص المبكر,Treatment,"[""التشخيص المبكر""]",0.950,1,,
ent_merge_002042,التغذية,التغذيه,Treatment,"[""التغذية""]",0.750,1,,
ent_merge_002043,التغذية بالأنبوب,التغذيه بالانبوب,Treatment,"[""التغذية بالأنبوب""]",0.850,1,,
ent_merge_002044,التفاح,التفاح,Treatment,"[""التفاح""]",0.850,1,,
ent_merge_002045,التفريش,التفريش,Treatment,"[""التفريش""]",0.800,1,,
ent_merge_002046,التقيم,التقيم,Treatment,"[""التقيم""]",0.800,1,,
ent_merge_002047,التلقيح الاصطناعي,التلقيح الاصطناعي,Treatment,"[""التلقيح الاصطناعي""]",0.850,1,,
ent_merge_002048,التوتر النفسي,التوتر النفسي,Treatment,"[""التوتر النفسي""]",0.950,1,,
ent_merge_002049,الجراح,الجراح,Treatment,"[""الجراح""]",0.850,1,,
ent_merge_002050,الجراحة التجميلية,الجراحه التجميليه,Treatment,"[""الجراحة التجميلية""]",0.850,1,,
ent_merge_002051,الجراحة العادية,الجراحه العاديه,Treatment,"[""الجراحة العادية""]",0.850,1,,
ent_merge_002052,الجرعات الثلاثه,الجرعات الثلاثه,Treatment,"[""الجرعات الثلاثه""]",0.950,1,,
ent_merge_002053,الجرعة,الجرعه,Treatment,"[""الجرعة""]",0.850,1,,
ent_merge_002056,الجوارب,الجوارب,Treatment,"[""الجوارب""]",0.700,1,,
ent_merge_002058,الجينسينغ,الجينسينغ,Treatment,"[""الجينسينغ""]",0.850,1,,
ent_merge_002059,الحبوب منع الحمل,الحبوب منع الحمل,Treatment,"[""الحبوب منع الحمل""]",0.850,1,,
ent_merge_002060,الحديد,الحديد,Treatment,"[""الحديد"", ""حمض الفوليك""]",0.850,1,,
ent_merge_002061,الحقنة,الحقنه,Treatment,"[""الحقنة""]",0.850,2,,
ent_merge_002062,الحقنه الشرجيه,الحقنه الشرجيه,Treatment,"[""الحقنه الشرجيه""]",0.900,1,,
ent_merge_002063,الحليب,الحليب,Treatment,"[""الحليب""]",0.850,1,,
ent_merge_002064,الخس,الخس,Treatment,"[""الخس""]",0.950,1,,
ent_merge_002065,الخضار,الخضار,Treatment,"[""الخضار""]",0.850,1,,
ent_merge_002066,الخضروات,الخضروات,Treatment,"[""الخضروات""]",0.950,1,,
ent_merge_002067,الدواد,الدواد,Treatment,"[""الدواد"", ""دوادستون""]",0.900,1,,
ent_merge_002069,الديم,الديم,Treatment,"[""الديم""]",0.850,1,,
ent_merge_002070,الروتيكسيماب,الروتيكسيماب,Treatment,"[""الروتيكسيماب""]",0.950,2,,
ent_merge_002071,السبع زيوت,السبع زيوت,Treatment,"[""السبع زيوت""]",0.850,1,,
ent_merge_002072,السوائل والأملاح,السوايل والاملاح,Treatment,"[""السوائل والأملاح""]",0.900,1,,
ent_merge_002073,السيبروكسين,السيبروكسين,Treatment,"[""السيبروكسين""]",0.850,1,,
ent_merge_002074,الشمس,الشمس,Treatment,"[""الشمس""]",0.950,1,,
ent_merge_002075,الشمع,الشمع,Treatment,"[""الشمع""]",0.850,1,,
ent_merge_002077,الصيام,الصيام,Treatment,"[""الصيام""]",0.850,1,,
ent_merge_002079,الطبيب,الطبيب,Treatment,"[""الطبيب"", ""طبيب اسنان متمرس"", ""طبيب اعصاب"", ""أخصائي أنف وأذن وحنجرة"", ""أخصائي الأمراض الداخلية""]",0.950,5,,
ent_merge_002080,الطعام,الطعام,Treatment,"[""الطعام""]",0.850,2,,
ent_merge_002081,العدس,العدس,Treatment,"[""العدس""]",0.850,1,,
ent_merge_002082,العقاقير,العقاقير,Treatment,"[""العقاقير""]",0.850,1,,
ent_merge_002083,العقاقير المضادة للذهان,العقاقير المضاده للذهان,Treatment,"[""العقاقير المضادة للذهان""]",0.850,1,,
ent_merge_002084,العلاج,العلاج,Treatment,"[""العلاج""]",0.850,2,,
ent_merge_002085,العلاج الجيني,العلاج الجيني,Treatment,"[""العلاج الجيني""]",0.850,1,,
ent_merge_002086,العلاج المبكر,العلاج المبكر,Treatment,"[""العلاج المبكر""]",0.950,1,,
ent_merge_002087,العلاج بالإبر الصينية,العلاج بالابر الصينيه,Treatment,"[""العلاج بالإبر الصينية""]",0.850,1,,
ent_merge_002088,العلاج بالجراحة,العلاج بالجراحه,Treatment,"[""العلاج بالجراحة""]",0.850,1,,
ent_merge_002089,العمليات,العمليات,Treatment,"[""العمليات"", ""عملية""]",0.850,1,,
ent_merge_002090,العمليات القلبية المفتوحة,العمليات القلبيه المفتوحه,Treatment,"[""العمليات القلبية المفتوحة"", ""عمليات القلب المفتوحة""]",0.850,1,,
ent_merge_002091,الغذاء,الغذاء,Treatment,"[""الغذاء""]",0.850,1,,
ent_merge_002092,الفواكة,الفواكه,Treatment,"[""الفواكة""]",0.850,1,,
ent_merge_002093,الفياغرا,الفياغرا,Treatment,"[""الفياغرا""]",0.850,1,,
ent_merge_002094,القات,القات,Treatment,"[""القات""]",0.850,1,,
ent_merge_002095,الكحول,الكحول,Treatment,"[""الكحول""]",0.850,2,,
ent_merge_002096,الكركم,الكركم,Treatment,"[""الكركم""]",0.850,1,,
ent_merge_002097,الكورتيزونات,الكورتيزونات,Treatment,"[""الكورتيزونات""]",0.850,1,,
ent_merge_002098,اللبانة,اللبانه,Treatment,"[""اللبانة"", ""العلكة""]",0.950,1,,
ent_merge_002099,اللحوم,اللحوم,Treatment,"[""اللحوم""]",0.850,2,,
ent_merge_002100,اللعب,اللعب,Treatment,"[""اللعب""]",0.850,1,,
ent_merge_002101,الماء,الماء,Treatment,"[""الماء""]",0.900,2,,
ent_merge_002102,الماء المالح,الماء المالح,Treatment,"[""الماء المالح""]",0.850,1,,
ent_merge_002103,المخدر,المخدر,Treatment,"[""المخدر""]",0.850,1,,
ent_merge_002104,المراجعة الطبيب الأسنان,المراجعه الطبيب الاسنان,Treatment,"[""المراجعة الطبيب الأسنان"", ""المراجعة الطبيب الأسنان وطبيب أذنية""]",0.950,1,,
ent_merge_002105,المراجعة الطبيب المختص,المراجعه الطبيب المختص,Treatment,"[""المراجعة الطبيب المختص""]",0.850,1,,
ent_merge_002106,المراجعة الطبية,المراجعه الطبيه,Treatment,"[""المراجعة الطبية"", ""مراجعة طبيبك او اخصائي جراحه وجه و فكين""]",0.850,1,,
ent_merge_002107,المركز العلاجي,المركز العلاجي,Treatment,"[""المركز العلاجي"", ""مركز العلاجي""]",0.850,1,,
ent_merge_002108,المسبكات,المسبكات,Treatment,"[""المسبكات""]",0.850,1,,
ent_merge_002109,المطاعيم,المطاعيم,Treatment,"[""المطاعيم""]",0.950,1,,
ent_merge_002110,المنشط,المنشط,Treatment,"[""المنشط"", ""منشط letozol2.5""]",0.900,1,,
ent_merge_002111,المنشطات,المنشطات,Treatment,"[""المنشطات""]",0.850,1,,
ent_merge_002113,النضاد الحيوي,النضاد الحيوي,Treatment,"[""النضاد الحيوي"", ""علاج بالنضاد الحيوي""]",0.850,1,,
ent_merge_002114,النظافة,النظافه,Treatment,"[""النظافة""]",0.850,1,,
ent_merge_002115,النظافة اليومية,النظافه اليوميه,Treatment,"[""النظافة اليومية""]",0.850,1,,
ent_merge_002116,النظام الغذائي,النظام الغذايي,Treatment,"[""النظام الغذائي"", ""نظام غذائي""]",0.800,1,,
ent_merge_002117,النواقل,النواقل,Treatment,"[""النواقل""]",0.950,1,,
ent_merge_002118,النوم جيداً,النوم جيدا,Treatment,"[""النوم جيداً""]",0.850,1,,
ent_merge_002119,النيكوتين,النيكوتين,Treatment,"[""النيكوتين""]",0.850,1,,
ent_merge_002120,الوجبة الإفطار,الوجبه الافطار,Treatment,"[""الوجبة الإفطار"", ""وجبة الإفطار""]",0.800,1,,
ent_merge_002121,الورقيات,الورقيات,Treatment,"[""الورقيات""]",0.950,1,,
ent_merge_002122,انسلوين,انسلوين,Treatment,"[""انسلوين""]",0.950,1,,
ent_merge_002123,اورليستات,اورليستات,Treatment,"[""اورليستات""]",0.950,1,,
ent_merge_002124,أوميغا 3,اوميغا 3,Treatment,"[""أوميغا 3""]",0.850,1,,
ent_merge_002125,ايزومبرازول,ايزومبرازول,Treatment,"[""ايزومبرازول""]",0.850,1,,
ent_merge_002126,بابونج,بابونج,Treatment,"[""بابونج"", ""البابونج""]",0.950,2,,
ent_merge_002127,باندول فولت فاست,باندول فولت فاست,Treatment,"[""باندول فولت فاست""]",0.850,1,,
ent_merge_002128,بخاخات الماء والملح,بخاخات الماء والملح,Treatment,"[""بخاخات الماء والملح""]",0.950,1,,
ent_merge_002129,برامج رقية,برامج رقيه,Treatment,"[""برامج رقية""]",0.850,1,,
ent_merge_002130,بروبايوتيك,بروبايوتيك,Treatment,"[""بروبايوتيك""]",0.950,1,,
ent_merge_002131,بريمارين,بريمارين,Treatment,"[""بريمارين""]",0.850,1,,
ent_merge_002132,بكتيفلوكس,بكتيفلوكس,Treatment,"[""بكتيفلوكس""]",0.850,1,,
ent_merge_002133,بلافكس,بلافكس,Treatment,"[""بلافكس"", ""البلافكس""]",0.850,1,,
ent_merge_002134,بنسيلين,بنسيلين,Treatment,"[""بنسيلين"", ""البنسيلين""]",0.950,1,,
ent_merge_002135,بيفاسيزوماب,بيفاسيزوماب,Treatment,"[""بيفاسيزوماب""]",0.850,1,,
ent_merge_002136,تاخدي,تاخدي,Treatment,"[""تاخدي""]",0.950,1,,
ent_merge_002137,تبديل الصمامات,تبديل الصمامات,Treatment,"[""تبديل الصمامات""]",0.850,1,,
ent_merge_002138,تبييض,تبييض,Treatment,"[""تبييض"", ""لصقات""]",0.850,1,,
ent_merge_002139,تجنب المنتجات التي تحوي جلوتين,تجنب المنتجات التي تحوي جلوتين,Treatment,"[""تجنب المنتجات التي تحوي جلوتين""]",0.950,1,,
ent_merge_002140,تدليك القلب,تدليك القلب,Treatment,"[""تدليك القلب""]",0.850,1,,
ent_merge_002141,تستيرون,تستيرون,Treatment,"[""تستيرون""]",0.900,1,,
ent_merge_002142,تطويل العظم,تطويل العظم,Treatment,"[""تطويل العظم""]",0.850,1,,
ent_merge_002143,تقوية المناعة,تقويه المناعه,Treatment,"[""تقوية المناعة""]",0.900,1,,
ent_merge_002144,تنظيف اللثة,تنظيف اللثه,Treatment,"[""تنظيف اللثة""]",0.900,1,,
ent_merge_002145,توبيراميت,توبيراميت,Treatment,"[""توبيراميت""]",0.850,1,,
ent_merge_002146,تيليفاست,تيليفاست,Treatment,"[""تيليفاست""]",0.850,1,,
ent_merge_002147,ثلج,ثلج,Treatment,"[""ثلج""]",0.850,1,,
ent_merge_002148,ثيروكسين,ثيروكسين,Treatment,"[""ثيروكسين"", ""levothyrox25""]",0.950,1,,
ent_merge_002149,جراح التجميل,جراح التجميل,Treatment,"[""جراح التجميل""]",0.850,1,,
ent_merge_002150,جراح عظام,جراح عظام,Treatment,"[""جراح عظام""]",0.850,1,,
ent_merge_002151,جراحة عامة,جراحه عامه,Treatment,"[""جراحة عامة""]",0.850,2,,
ent_merge_002152,جهاز هولتر,جهاز هولتر,Treatment,"[""جهاز هولتر""]",0.950,1,,
ent_merge_002153,حبه امادول,حبه امادول,Treatment,"[""حبه امادول""]",0.850,1,,
ent_merge_002154,حبوب الأسبرين,حبوب الاسبرين,Treatment,"[""حبوب الأسبرين""]",0.850,1,,
ent_merge_002155,حبوب الفاصوليا,حبوب الفاصوليا,Treatment,"[""حبوب الفاصوليا""]",0.850,1,,
ent_merge_002156,حبوب اوميجا 3,حبوب اوميجا 3,Treatment,"[""حبوب اوميجا 3""]",0.950,1,,
ent_merge_002157,حبوب تخسيس الوزن,حبوب تخسيس الوزن,Treatment,"[""حبوب تخسيس الوزن""]",0.850,1,,
ent_merge_002158,حبوب حامض الفوليك,حبوب حامض الفوليك,Treatment,"[""حبوب حامض الفوليك""]",0.850,1,,
ent_merge_002159,حبوب ديفلوكان,حبوب ديفلوكان,Treatment,"[""حبوب ديفلوكان""]",0.950,1,,
ent_merge_002160,حبوب مانعه للحمل,حبوب مانعه للحمل,Treatment,"[""حبوب مانعه للحمل""]",0.950,1,,
ent_merge_002161,حبوب مغنيسيوم,حبوب مغنيسيوم,Treatment,"[""حبوب مغنيسيوم""]",0.850,1,,
ent_merge_002162,حجامة,حجامه,Treatment,"[""حجامة""]",0.950,1,,
ent_merge_002163,حرمل,حرمل,Treatment,"[""حرمل"", ""الحرمل""]",0.950,1,,
ent_merge_002164,حشوة,حشوه,Treatment,"[""حشوة""]",0.850,1,,
ent_merge_002165,حليب الام,حليب الام,Treatment,"[""حليب الام""]",0.950,1,,
ent_merge_002166,حليب مكسر بروتين الحليب,حليب مكسر بروتين الحليب,Treatment,"[""حليب مكسر بروتين الحليب""]",0.850,1,,
ent_merge_002167,حمض الفوليك,حمض الفوليك,Treatment,"[""حمض الفوليك""]",0.950,1,,
ent_merge_002168,خافض حراره,خافض حراره,Treatment,"[""خافض حراره""]",0.875,2,,
ent_merge_002169,خلطة الريحان و الروزماري,خلطه الريحان و الروزماري,Treatment,"[""خلطة الريحان و الروزماري""]",0.850,1,,
ent_merge_002170,خلطة العسل والفوقص الحوصلي والغذاء الملكي والعكبر والقسط الهندي,خلطه العسل والفوقص الحوصلي والغذاء الملكي والعكبر والقسط الهندي,Treatment,"[""خلطة العسل والفوقص الحوصلي والغذاء الملكي والعكبر والقسط الهندي""]",0.850,1,,
ent_merge_002171,دكتور جهاز هضمي,دكتور جهاز هضمي,Treatment,"[""دكتور جهاز هضمي""]",0.950,1,,
ent_merge_002172,دواء اخر,دواء اخر,Treatment,"[""دواء اخر""]",0.850,1,,
ent_merge_002173,دواء الpradaxa,دواء الpradaxa,Treatment,"[""دواء الpradaxa""]",0.850,1,,
ent_merge_002174,دواء تلفاست أ سيرين,دواء تلفاست ا سيرين,Treatment,"[""دواء تلفاست أ سيرين""]",0.850,1,,
ent_merge_002175,دوكسي صيكلين,دوكسي صيكلين,Treatment,"[""دوكسي صيكلين""]",0.850,1,,
ent_merge_002176,دومبيريدون,دومبيريدون,Treatment,"[""دومبيريدون""]",0.950,1,,
ent_merge_002177,ديكسا ميثازون,ديكسا ميثازون,Treatment,"[""ديكسا ميثازون""]",0.850,1,,
ent_merge_002178,روفسوفاستاتين,روفسوفاستاتين,Treatment,"[""روفسوفاستاتين""]",0.850,1,,
ent_merge_002179,زراعة,زراعه,Treatment,"[""زراعة""]",0.850,1,,
ent_merge_002180,زراعة الشعر,زراعه الشعر,Treatment,"[""زراعة الشعر""]",0.850,1,,
ent_merge_002181,زنت,زنت,Treatment,"[""زنت""]",0.950,1,,
ent_merge_002182,زيت الحبة السوداء,زيت الحبه السوداء,Treatment,"[""زيت الحبة السوداء""]",0.850,1,,
ent_merge_002183,زيت الحنظل,زيت الحنظل,Treatment,"[""زيت الحنظل""]",0.850,1,,
ent_merge_002184,زيت اللوز المر,زيت اللوز المر,Treatment,"[""زيت اللوز المر""]",0.850,1,,
ent_merge_002185,زيثروكان,زيثروكان,Treatment,"[""زيثروكان""]",0.850,1,,
ent_merge_002186,سباستال,سباستال,Treatment,"[""سباستال""]",0.950,1,,
ent_merge_002187,سيبروفلوكساسين,سيبروفلوكساسين,Treatment,"[""سيبروفلوكساسين"", ""السيبروفلوكساسين""]",0.950,1,,
ent_merge_002188,سيبوترامين,سيبوترامين,Treatment,"[""سيبوترامين""]",0.950,1,,
ent_merge_002189,سيرازيت,سيرازيت,Treatment,"[""سيرازيت""]",0.950,1,,
ent_merge_002190,شاي الأعشاب,شاي الاعشاب,Treatment,"[""شاي الأعشاب"", ""أكليل الجبل"", ""النعناع"", ""البابونج"", ""اللافندر"", ""اليانسون"", ""الزعتر"", ""المريمية"", ""البرتقال"", ""الكركديه"", ""الكنيدولا"", ""الفاليريانا"", ""المردقوش"", ""الهندباء البرية"", ""الخزام"", ""النارنج"", ""الزيتون"", ""الملفوف"", ""جنين القمح"", ""البليلة"", ""الخردل"", ""بقلة يوحنا"", ""كافاكافا""]",0.950,23,,
ent_merge_002191,شراب ECHINACEA,شراب echinacea,Treatment,"[""شراب ECHINACEA""]",0.850,1,,
ent_merge_002192,عسل ملكات النحل,عسل ملكات النحل,Treatment,"[""عسل ملكات النحل""]",0.850,1,,
ent_merge_002193,علاج تساقط الشعر بالأعشاب,علاج تساقط الشعر بالاعشاب,Treatment,"[""علاج تساقط الشعر بالأعشاب""]",0.850,1,,
ent_merge_002194,علاج نقص الكريات البيضاء,علاج نقص الكريات البيضاء,Treatment,"[""علاج نقص الكريات البيضاء""]",0.850,1,,
ent_merge_002195,عمليه توسيع,عمليه توسيع,Treatment,"[""عمليه توسيع"", ""عمليه توسيع بالبلونه""]",0.850,1,,
ent_merge_002196,عملية فتق اربي,عمليه فتق اربي,Treatment,"[""عملية فتق اربي""]",0.850,1,,
ent_merge_002197,عمليه قلب مفتوح,عمليه قلب مفتوح,Treatment,"[""عمليه قلب مفتوح""]",0.950,1,,
ent_merge_002198,عمليه نقل شريان,عمليه نقل شريان,Treatment,"[""عمليه نقل شريان"", ""عمليه نقل شريان من الرجل اليمنى الى الذراع الايسر""]",0.850,1,,
ent_merge_002199,فاندسيدار,فاندسيدار,Treatment,"[""فاندسيدار""]",0.850,1,,
ent_merge_002200,فجل أبيض,فجل ابيض,Treatment,"[""فجل أبيض"", ""الجمل الأبيض""]",0.850,2,,
ent_merge_002201,فروتا,فروتا,Treatment,"[""فروتا""]",0.850,1,,
ent_merge_002202,فغر الرغامى,فغر الرغامي,Treatment,"[""فغر الرغامى""]",0.850,1,,
ent_merge_002203,فول,فول,Treatment,"[""فول""]",0.850,1,,
ent_merge_002204,فيتاسيد فوار,فيتاسيد فوار,Treatment,"[""فيتاسيد فوار""]",0.850,1,,
ent_merge_002205,فيتامين (أ),فيتامين (ا),Treatment,"[""فيتامين (أ)""]",0.850,1,,
ent_merge_002206,فيتامين B12,فيتامين b12,Treatment,"[""فيتامين B12""]",0.850,1,,
ent_merge_002207,فيتامين بوليفيتال,فيتامين بوليفيتال,Treatment,"[""فيتامين بوليفيتال""]",0.950,1,,
ent_merge_002209,فيتامين-د-,فيتامين-د-,Treatment,"[""فيتامين-د-""]",0.950,1,,
ent_merge_002210,قرص مانع الحمل,قرص مانع الحمل,Treatment,"[""قرص مانع الحمل""]",0.950,1,,
ent_merge_002211,كاربيمازول,كاربيمازول,Treatment,"[""كاربيمازول""]",0.850,1,,
ent_merge_002212,كالسيوم,كالسيوم,Treatment,"[""كالسيوم""]",0.850,1,,
ent_merge_002213,كربونات الصودا,كربونات الصودا,Treatment,"[""كربونات الصودا""]",0.850,1,,
ent_merge_002214,كريستور,كريستور,Treatment,"[""كريستور""]",0.850,1,,
ent_merge_002215,كلوفينال,كلوفينال,Treatment,"[""كلوفينال""]",0.850,1,,
ent_merge_002216,كليمين,كليمين,Treatment,"[""كليمين""]",0.950,1,,
ent_merge_002217,كي حبة,كي حبه,Treatment,"[""كي حبة""]",0.850,1,,
ent_merge_002218,لوسنتيس,لوسنتيس,Treatment,"[""لوسنتيس""]",0.850,1,,
ent_merge_002219,ليدوكون,ليدوكون,Treatment,"[""ليدوكون""]",0.950,1,,
ent_merge_002220,مادة البوتاس الحارقة,ماده البوتاس الحارقه,Treatment,"[""مادة البوتاس الحارقة"", ""شربت مادة البوتاس الحارقة""]",0.850,1,,
ent_merge_002221,مختبرات,مختبرات,Treatment,"[""مختبرات""]",0.950,1,,
ent_merge_002222,مختبرات خاصة,مختبرات خاصه,Treatment,"[""مختبرات خاصة""]",0.950,1,,
ent_merge_002223,مختبرات وزارة الصحة,مختبرات وزاره الصحه,Treatment,"[""مختبرات وزارة الصحة""]",0.950,1,,
ent_merge_002224,مدد حيوي,مدد حيوي,Treatment,"[""مدد حيوي""]",0.850,1,,
ent_merge_002225,مدر بول,مدر بول,Treatment,"[""مدر بول""]",0.950,1,,
ent_merge_002226,مراجعة,مراجعه,Treatment,"[""مراجعة"", ""مراجعة إختصاصي الجراحة العامة""]",0.850,1,,
ent_merge_002227,مراجعة اخصائية النسائية,مراجعه اخصاييه النساييه,Treatment,"[""مراجعة اخصائية النسائية""]",0.850,1,,
ent_merge_002228,مراقبة ضغط الدم,مراقبه ضغط الدم,Treatment,"[""مراقبة ضغط الدم""]",0.950,1,,
ent_merge_002229,مرحم الفوسيدين,مرحم الفوسيدين,Treatment,"[""مرحم الفوسيدين""]",0.850,1,,
ent_merge_002230,مركب دعامة عادية,مركب دعامه عاديه,Treatment,"[""مركب دعامة عادية"", ""مركب دعامة عادية فى الشريان التاجى بقالى 4سنوات""]",0.850,1,,
ent_merge_002231,مرهم زايلوكائين,مرهم زايلوكايين,Treatment,"[""مرهم زايلوكائين""]",0.850,1,,
ent_merge_002232,مرهم مايكونازول,مرهم مايكونازول,Treatment,"[""مرهم مايكونازول""]",0.850,1,,
ent_merge_002233,مرهم مضاد الحروق,مرهم مضاد الحروق,Treatment,"[""مرهم مضاد الحروق""]",0.850,1,,
ent_merge_002234,مسكن الم,مسكن الم,Treatment,"[""مسكن الم""]",0.850,3,,
ent_merge_002235,مسكن للالم,مسكن للالم,Treatment,"[""مسكن للالم""]",0.850,1,,
ent_merge_002236,مضادات الالتهاب,مضادات الالتهاب,Treatment,"[""مضادات الالتهاب""]",0.850,1,,
ent_merge_002237,مضادات الصرع,مضادات الصرع,Treatment,"[""مضادات الصرع""]",0.850,1,,
ent_merge_002238,مضادات الفيروسات,مضادات الفيروسات,Treatment,"[""مضادات الفيروسات""]",0.850,1,,
ent_merge_002239,مضادات القلق,مضادات القلق,Treatment,"[""مضادات القلق""]",0.850,1,,
ent_merge_002240,مكامدات باردة,مكامدات بارده,Treatment,"[""مكامدات باردة""]",0.850,1,,
ent_merge_002241,مكمل غدائي,مكمل غدايي,Treatment,"[""مكمل غدائي"", ""مكمل غدائيي اسمه MG 180 lITHOGINKGO""]",0.850,1,,
ent_merge_002242,ملينات,ملينات,Treatment,"[""ملينات""]",0.950,1,,
ent_merge_002243,منظار قنوات مرارية الف سلامة,منظار قنوات مراريه الف سلامه,Treatment,"[""منظار قنوات مرارية الف سلامة"", ""عمل منظار قنوات مرارية الف سلامة""]",0.850,1,,
ent_merge_002244,موزة كبيرة,موزه كبيره,Treatment,"[""موزة كبيرة""]",0.850,1,,
ent_merge_002245,ميترونيدازول,ميترونيدازول,Treatment,"[""ميترونيدازول"", ""علاج ميترونيدازول""]",0.950,1,,
ent_merge_002246,نازونكس,نازونكس,Treatment,"[""نازونكس""]",0.950,1,,
ent_merge_002247,نصف حبة,نصف حبه,Treatment,"[""نصف حبة""]",0.850,1,,
ent_merge_002248,نقص فيتامين (ب12),نقص فيتامين (ب12),Treatment,"[""نقص فيتامين (ب12)""]",0.950,1,,
ent_merge_002249,نكسوم 20 mg,نكسوم 20 mg,Treatment,"[""نكسوم 20 mg""]",0.950,1,,
ent_merge_002250,نكسيوم,نكسيوم,Treatment,"[""نكسيوم""]",0.950,1,,
ent_merge_002251,نيوروتين,نيوروتين,Treatment,"[""نيوروتين""]",0.850,1,,
ent_merge_002252,هيبارين,هيبارين,Treatment,"[""هيبارين""]",0.850,1,,
ent_merge_002253,وارفارين,وارفارين,Treatment,"[""وارفارين""]",0.850,1,,
