relation_id,chunk_id,qa_id,source_row_number,source_entity_id,source_name,source_type,target_entity_id,target_name,target_type,candidate_relation_type,validated_relation_type,keep,confidence,evidence,reason,provider,model,prompt_version
rel_seed_dd8ebf14ff23d0f2,chunk_00001,ahd10k_03415,771586,ent_merge_000326,حساسية,DiseaseCondition,ent_merge_000776,حكة,Symptom,HAS_SYMPTOM,HAS_SYMPTOM,true,0.900,أرجية حساسية - لدي حكه في فصل الشتاء,Direct mention of allergy causing winter itching,groq,qwen/qwen3-32b,dah_relation_validation_v1
rel_seed_78d6f71f2d20de82,chunk_00001,ahd5k_00970,769766,ent_merge_000059,التهاب,DiseaseCondition,ent_merge_000709,بلغم,Symptom,HAS_SYMPTOM,HAS_SYMPTOM,true,0.700,التهاب الجهاز التنفسي العلوي - ما علاج البلغم رغم أخذ هلاج؟,Upper respiratory inflammation linked to phlegm symptoms,groq,qwen/qwen3-32b,dah_relation_validation_v1
rel_seed_603e373db8b4fbd8,chunk_00001,ahd5k_00970,769766,ent_merge_000059,التهاب,DiseaseCondition,ent_merge_000822,سعال,Symptom,HAS_SYMPTOM,HAS_SYMPTOM,true,0.700,التهاب الجهاز التنفسي العلوي - السعال والبلغم كأعراض,Upper respiratory inflammation associated with cough,groq,qwen/qwen3-32b,dah_relation_validation_v1
rel_seed_b0795c80958147a8,chunk_00001,ahd5k_00970,769766,ent_merge_000371,ربو,DiseaseCondition,ent_merge_000709,بلغم,Symptom,HAS_SYMPTOM,HAS_SYMPTOM,true,0.600,ربو - ما علاج البلغم رغم أخذ هلاج؟,Asthma potentially presenting with phlegm symptoms,groq,qwen/qwen3-32b,dah_relation_validation_v1
rel_seed_7c0bca2aa62f9edc,chunk_00001,ahd5k_00970,769766,ent_merge_000371,ربو,DiseaseCondition,ent_merge_000822,سعال,Symptom,HAS_SYMPTOM,HAS_SYMPTOM,true,0.600,ربو - السعال والبلغم كأعراض,Asthma associated with cough symptoms,groq,qwen/qwen3-32b,dah_relation_validation_v1
rel_seed_98a1e7d2b0f4dd65,chunk_00001,ahd5k_00970,769766,ent_merge_000326,حساسية,DiseaseCondition,ent_merge_000709,بلغم,Symptom,HAS_SYMPTOM,HAS_SYMPTOM,true,0.800,حساسية الصدر - ما علاج البلغم رغم أخذ هلاج؟,Direct mention of allergy causing phlegm,groq,qwen/qwen3-32b,dah_relation_validation_v1
rel_seed_30ff3f9299a1bc92,chunk_00001,ahd5k_00970,769766,ent_merge_000326,حساسية,DiseaseCondition,ent_merge_000822,سعال,Symptom,HAS_SYMPTOM,HAS_SYMPTOM,true,0.950,السؤال يربط بين الحساسية وعوارض السعال والبلغم بشكل مباشر.,العلاقة مدعومة بوضوح من خلال السؤال الذي يربط الحساسية الصدرية بعوارض السعال.,groq,qwen/qwen3-32b,dah_relation_validation_v1
rel_seed_41abaa89db7d8ed7,chunk_00001,ahd5k_03872,383286,ent_merge_000059,التهاب,DiseaseCondition,ent_merge_000735,تعب,Symptom,HAS_SYMPTOM,HAS_SYMPTOM,true,0.850,اعاني من فتره من آلام في الانف والوجه والاخص الجبين واشعر بحساسيه في الحلق مما يسبب لي ضيق تنفس وتعب بشكل عام,Direct causal link stated in QA: throat sensitivity causes fatigue as a symptom of inflammation,groq,qwen/qwen3-32b,colleague_validation
rel_seed_096cac3fde260a90,chunk_00001,ahd5k_03872,383286,ent_merge_000059,التهاب,DiseaseCondition,ent_merge_000847,ضيق تنفس,Symptom,HAS_SYMPTOM,HAS_SYMPTOM,true,0.850,اعاني من فتره من آلام في الانف والوجه والاخص الجبين واشعر بحساسيه في الحلق مما يسبب لي ضيق تنفس وتعب بشكل عام,Direct causal link stated in QA: throat sensitivity causes breathing difficulty as a symptom of inflammation,groq,qwen/qwen3-32b,colleague_validation
rel_seed_1b739e00ece579d7,chunk_00002,ahd5k_00020,340580,ent_merge_000326,حساسية,DiseaseCondition,ent_merge_002166,حليب مكسر بروتين الحليب,Treatment,TREATED_BY,TREATED_BY,true,1.000,اعطيها حليب مكسر بروتين الحليب بالكامل او حليب رز,The QA explicitly states the treatment for cow's milk allergy.,groq,qwen/qwen3-32b,dah_relation_validation_v1
rel_seed_bd7f87647f58a852,chunk_00002,ahd5k_00133,376061,ent_merge_000326,حساسية,DiseaseCondition,ent_merge_002246,نازونكس,Treatment,TREATED_BY,TREATED_BY,true,1.000,بدائل يوجد نازونكس وافاميز وتابونكس وفليكسونيز,The QA directly links Nasonex to treatment for seasonal allergic rhinitis.,groq,qwen/qwen3-32b,dah_relation_validation_v1
rel_seed_e2a71a94949a61f3,chunk_00003,ahd10k_06287,98412,ent_merge_000260,تشقق الجلد,DiseaseCondition,ent_merge_000766,حرقان,Symptom,HAS_SYMPTOM,HAS_SYMPTOM,true,0.950,"تشقق الجلد في هذه المنطقة, أشعر بألم وحرقان في الفتحة",الحرقان مذكور كأعراض مباشرة لتشقق الجلد في النص.,groq,qwen/qwen3-32b,dah_relation_validation_v1
rel_seed_e6efa72444f2651e,chunk_00003,ahd10k_06287,98412,ent_merge_000260,تشقق الجلد,DiseaseCondition,ent_merge_001050,فحص سريري,Test,DIAGNOSED_BY,DIAGNOSED_BY,true,0.900,"تشقق الجلد في هذه المنطقة, فحص سريري",الفحص السريري مذكور كوسيلة لتشخيص تشقق الجلد.,groq,qwen/qwen3-32b,dah_relation_validation_v1
rel_seed_89f9bab460ccb04d,chunk_00003,ahd10k_06287,98412,ent_merge_000766,حرقان,Symptom,ent_merge_001050,فحص سريري,Test,INVESTIGATED_BY,INVESTIGATED_BY,true,0.850,"أشعر بألم وحرقان في الفتحة, فحص سريري",الفحص السريري مذكور كوسيلة لاستقصاء أسباب الحرقان.,groq,qwen/qwen3-32b,dah_relation_validation_v1
rel_seed_c057596fb9a2aa6e,chunk_00003,ahd5k_01231,390602,ent_merge_000326,حساسية,DiseaseCondition,ent_merge_000975,تحليل الحساسية,Test,DIAGNOSED_BY,DIAGNOSED_BY,true,0.900,"تناولت مضاد حيووي زييثرون وانتج حساسية شديدة, تحليل حساسية المضادات",تحليل الحساسية مذكور كوسيلة لتشخيص الحساسية الناتجة عن المضاد الحيوي.,groq,qwen/qwen3-32b,dah_relation_validation_v1
rel_seed_248894ebb1f96639,chunk_00003,ahd5k_01231,390602,ent_merge_000326,حساسية,DiseaseCondition,ent_merge_001544,كورتيزون,Treatment,TREATED_BY,TREATED_BY,true,0.850,"تناولت مضاد حيووي زييثرون وانتج حساسية شديدة, استخدمي مضاد هيسامين وكورتيزون موضعي",الكورتيزون مذكور كعلاج مباشر للحساسية الناتجة.,groq,qwen/qwen3-32b,dah_relation_validation_v1
rel_seed_b8db318441c83bad,chunk_00003,ahd5k_01231,390602,ent_merge_000326,حساسية,DiseaseCondition,ent_merge_001600,مضاد الهيستامين,Treatment,TREATED_BY,TREATED_BY,true,0.850,"تناولت مضاد حيووي زييثرون وانتج حساسية شديدة, استخدمي مضاد هيسامين وكورتيزون موضعي",مضاد الهيستامين مذكور كعلاج مباشر للحساسية الناتجة.,groq,qwen/qwen3-32b,dah_relation_validation_v1
rel_seed_235f3c76c533dd55,chunk_00003,ahd5k_01245,266907,ent_merge_000326,حساسية,DiseaseCondition,ent_merge_000918,RAST Test,Test,DIAGNOSED_BY,DIAGNOSED_BY,true,0.850,معرفة سبب الحساسيه يتم ذلك عن طريق RAST Test,"The QA explicitly states that RAST Test is used to determine the cause of the allergy, directly supporting the DIAGNOSED_BY relation.",groq,qwen/qwen3-32b,colleague_validation
rel_seed_27188af5cd772db5,chunk_00004,ahd10k_00560,502449,ent_merge_000312,جفاف الجلد,DiseaseCondition,ent_merge_001126,Vaseline,Treatment,TREATED_BY,TREATED_BY,true,1.000,Vaseline,QA evidence explicitly states Vaseline as treatment for dry skin.,groq,qwen/qwen3-32b,dah_relation_validation_v1
rel_seed_4a6448f814b2f13b,chunk_00005,ahd10k_01949,169254,ent_merge_000847,ضيق تنفس,Symptom,ent_merge_000949,الفحص الطبي,Test,INVESTIGATED_BY,INVESTIGATED_BY,true,0.850,الفحص الطبي يمكن أن يساعد,Direct evidence links the medical exam to investigating dyspnea.,groq,qwen/qwen3-32b,colleague_validation
rel_seed_f682bfa44bcf4de2,chunk_00005,ahd10k_01949,169254,ent_merge_000250,تسارع قلبي,DiseaseCondition,ent_merge_000949,الفحص الطبي,Test,DIAGNOSED_BY,DIAGNOSED_BY,true,0.850,الفحص الطبي يمكن أن يساعد,Direct evidence links the medical exam to diagnosing tachycardia.,groq,qwen/qwen3-32b,colleague_validation
rel_seed_dc054699a041344a,chunk_00006,ahd10k_01239,622816,ent_merge_000684,النتصاب,Symptom,ent_merge_001386,ختان,Treatment,TREATED_BY,TREATED_BY,true,1.000,اجريت عملية ختان منذ شهرين,Circumcision is explicitly stated as a treatment for phimosis.,groq,qwen/qwen3-32b,dah_relation_validation_v1
rel_seed_c2b652a865fca387,chunk_00006,ahd5k_00812,393214,ent_merge_000326,حساسية,DiseaseCondition,ent_merge_002139,تجنب المنتجات التي تحوي جلوتين,Treatment,TREATED_BY,TREATED_BY,true,1.000,للاسف اهم علاج تجنب المنتجات التي تحوي جلوتين,Avoiding gluten is directly cited as the primary treatment for celiac disease.,groq,qwen/qwen3-32b,dah_relation_validation_v1
rel_seed_7b16ef358f086e76,chunk_00006,ahd5k_02124,382451,ent_merge_000091,التهاب اللوزتين,DiseaseCondition,ent_merge_001934,نشفان,Symptom,HAS_SYMPTOM,HAS_SYMPTOM,true,0.850,النشفان مذكور كأعراض بعد التهاب اللوزتين,النص يربط مباشرة بين التهاب اللوزتين والنشفان,groq,qwen/qwen3-32b,colleague_validation
rel_seed_05fda8fa93120777,chunk_00006,ahd5k_02124,382451,ent_merge_001934,نشفان,Symptom,ent_merge_002191,شراب ECHINACEA,Treatment,TREATED_BY,TREATED_BY,true,0.800,يوجد أيضا شراب ECHINACEA يحسن حالتك,Echinacea syrup is explicitly mentioned as improving throat dryness symptoms.,groq,qwen/qwen3-32b,dah_relation_validation_v1
rel_seed_f156f1b30130e684,chunk_00006,ahd5k_02124,382451,ent_merge_001934,نشفان,Symptom,ent_merge_002143,تقوية المناعة,Treatment,TREATED_BY,TREATED_BY,true,0.900,عليك بتقوية المناعة بأكل الفواكة... تقوية المناعة,Immune system strengthening is directly recommended as a treatment approach.,groq,qwen/qwen3-32b,dah_relation_validation_v1
rel_seed_0e17e506193644c9,chunk_00007,ahd10k_04091,237117,ent_merge_000776,حكة,Symptom,ent_merge_001398,دهونات ترطيب,Treatment,TREATED_BY,TREATED_BY,true,0.850,استعلي دهونات ترطيب,Direct treatment of 'حكة' (itching) with moisturizers is explicitly stated.,groq,qwen/qwen3-32b,colleague_validation
rel_seed_e1c26b2e673d1c07,chunk_00008,ahd5k_01190,785346,ent_merge_001715,الجلد المترهل,DiseaseCondition,ent_merge_002050,الجراحة التجميلية,Treatment,TREATED_BY,TREATED_BY,true,0.850,يمكن شده بالجراحة التجميلية,QA explicitly states الجراحة التجميلية treats الجلد المترهل,groq,qwen/qwen3-32b,colleague_validation
rel_seed_38854b43d3c501de,chunk_00008,ahd5k_01190,785346,ent_merge_001715,الجلد المترهل,DiseaseCondition,ent_merge_001209,الرياضة,Treatment,TREATED_BY,TREATED_BY,true,0.850,يمكن شده بممارسة الرياضة,QA explicitly states الرياضة treats الجلد المترهل,groq,qwen/qwen3-32b,colleague_validation
rel_seed_aeaf0ff43a2b985d,chunk_00009,ahd10k_05772,559566,ent_merge_000034,إكزيما,DiseaseCondition,ent_merge_000870,قشرة,Symptom,HAS_SYMPTOM,HAS_SYMPTOM,true,0.950,"قد تكون فطريات او اكزما, ظهور قشرة البشرة",إكزيما (eczema) directly linked to قشرة (scaling) as a symptom in the evidence.,groq,qwen/qwen3-32b,dah_relation_validation_v1
rel_seed_73e4c7cc83676d17,chunk_00009,ahd10k_05772,559566,ent_merge_000402,صدفية,DiseaseCondition,ent_merge_000870,قشرة,Symptom,HAS_SYMPTOM,HAS_SYMPTOM,true,0.950,"ان كنت ارجح حالتك بالصدفية, ظهور قشرة البشرة",صدفية (psoriasis) directly linked to قشرة (scaling) as a symptom in the evidence.,groq,qwen/qwen3-32b,dah_relation_validation_v1
rel_seed_046282ca71cd2437,chunk_00010,ahd5k_04473,22465,ent_merge_000098,التهاب المفاصل,DiseaseCondition,ent_merge_001889,ألم المفاصل,Symptom,HAS_SYMPTOM,HAS_SYMPTOM,true,0.920,الحد من التهاب المفاصل والتخفيف من ألم المفاصل,العلاقة مباشرة بين المرض وعَرَضه المذكور في السياق,groq,qwen/qwen3-32b,colleague_validation
rel_seed_115220b1e3dca413,chunk_00011,ahd10k_00989,338332,ent_merge_000471,كتلة دهنية,DiseaseCondition,ent_merge_001144,إستشارة طبيب,Treatment,TREATED_BY,TREATED_BY,true,0.900,أنصحك بإستشارة طبيب,Direct medical advice to consult a doctor for the fatty lump.,groq,qwen/qwen3-32b,dah_relation_validation_v1
rel_seed_cab902f083ea276c,chunk_00011,ahd5k_03104,767363,ent_merge_000117,الحمل,DiseaseCondition,ent_merge_001427,زيت الحلبة,Treatment,TREATED_BY,TREATED_BY,true,0.700,لا ينبغي استخدام زيت الحلبة... أثناء فترة الحمل,Direct advice to avoid fenugreek oil during pregnancy as a precaution.,groq,qwen/qwen3-32b,dah_relation_validation_v1
rel_seed_2331b9bbdc21e85a,chunk_00011,ahd5k_04697,767175,ent_merge_000367,دوالي الساقين,DiseaseCondition,ent_merge_001516,فينوروتون,Treatment,TREATED_BY,TREATED_BY,true,0.850,دوالي الساقين is treated by فينوروتون as stated in the treatment section,Direct evidence supports treatment of varicose veins with Venoruton,groq,qwen/qwen3-32b,colleague_validation
rel_seed_621214519c4c5635,chunk_00011,ahd5k_04697,767175,ent_merge_000367,دوالي الساقين,DiseaseCondition,ent_merge_001226,العلاج بالليزر,Treatment,TREATED_BY,TREATED_BY,true,0.850,دوالي الساقين is treated by العلاج بالليزر as stated in the treatment section,Direct evidence supports treatment of varicose veins with Laser,groq,qwen/qwen3-32b,colleague_validation
rel_seed_a65ab04ecf81716a,chunk_00012,ahd10k_00041,752957,ent_merge_000311,جفاف البشرة,DiseaseCondition,ent_merge_000756,تيبس,Symptom,HAS_SYMPTOM,HAS_SYMPTOM,true,0.950,السلام عليكم عمري 27 سنة اعاني من جفاف جلد الجفون والمنطقة حول العين وتيبسها,تيبس الجلد مذكور مباشرة كأعراض مرتبطة بجفاف البشرة في النص,groq,qwen/qwen3-32b,dah_relation_validation_v1
rel_seed_76209bbcaf736ffc,chunk_00012,ahd10k_00466,789877,ent_merge_000311,جفاف البشرة,DiseaseCondition,ent_merge_000715,تجاعيد,Symptom,HAS_SYMPTOM,HAS_SYMPTOM,true,0.800,Dry skin description explicitly mentions small wrinkles as a characteristic,The text directly links dry skin types with the appearance of small wrinkles,groq,qwen/qwen3-32b,dah_relation_validation_v1
rel_seed_b330d6109c62a2c1,chunk_00012,ahd10k_01004,271562,ent_merge_000038,الأسمرار,DiseaseCondition,ent_merge_001528,كريم الحماية من الشمس,Treatment,TREATED_BY,TREATED_BY,true,1.000,استخدام كريم الحماية من الشمس باستمرار يجنبك الأثر الضار المسبب للاسمرار.,الكريم مرتبط مباشرة بمنع الأسمرار كما في الأدلة.,groq,qwen/qwen3-32b,dah_relation_validation_v1
rel_seed_7010c39294511b88,chunk_00012,ahd10k_02107,781914,ent_merge_000318,حب الشباب,DiseaseCondition,ent_merge_001413,روكتان,Treatment,TREATED_BY,TREATED_BY,true,1.000,عالجت بشرتي بحبوب الروكتان.,الروكتان مذكور كعلاج مباشر لحب الشباب في الأدلة.,groq,qwen/qwen3-32b,dah_relation_validation_v1
rel_seed_1783ebd0e47e2a1d,chunk_00013,ahd10k_03598,772607,ent_merge_000318,حب الشباب,DiseaseCondition,ent_merge_001116,Neostrata Facial cleanser,Treatment,TREATED_BY,TREATED_BY,true,1.000,النص يذكر استخدام Neostrata Facial cleanser لعلاج أثار حب الشباب.,العلاقة مدعومة مباشرة بالدليل.,groq,qwen/qwen3-32b,dah_relation_validation_v1
rel_seed_b4443ccc8abc0b37,chunk_00013,ahd10k_03598,772607,ent_merge_000318,حب الشباب,DiseaseCondition,ent_merge_001278,بензويل بيراوكسيد,Treatment,TREATED_BY,TREATED_BY,true,1.000,Use benzoyl peroxide 5% once morning,Direct treatment recommendation in evidence,groq,qwen/qwen3-32b,dah_relation_validation_v1
rel_seed_291ff57404e8d044,chunk_00013,ahd10k_03598,772607,ent_merge_000318,حب الشباب,DiseaseCondition,ent_merge_001542,كليندامايسين,Treatment,TREATED_BY,TREATED_BY,true,1.000,Use the solution Clindacint clindamycin phosphate once evening,Direct treatment recommendation in evidence,groq,qwen/qwen3-32b,dah_relation_validation_v1
rel_seed_49926f1b963bb45d,chunk_00014,ahd10k_08330,742589,ent_merge_000145,الشامات,DiseaseCondition,ent_merge_001428,زيت الخروع,Treatment,TREATED_BY,TREATED_BY,true,0.900,دهن الشامات بزيت الخروع,Direct treatment action stated in evidence,groq,qwen/qwen3-32b,dah_relation_validation_v1
rel_seed_46539704e0386ecf,chunk_00014,ahd5k_00887,25538,ent_merge_000326,حساسية,DiseaseCondition,ent_merge_002182,زيت الحبة السوداء,Treatment,TREATED_BY,TREATED_BY,true,0.850,علاج حساسية الأنف والتهاب الجيوب الأنفية,Direct treatment of nasal allergies by black seed oil,groq,qwen/qwen3-32b,colleague_validation
rel_seed_dd2fb355283430e7,chunk_00014,ahd5k_00887,25538,ent_merge_000830,صداع,Symptom,ent_merge_002182,زيت الحبة السوداء,Treatment,TREATED_BY,TREATED_BY,true,0.850,التخفيف من أعراض الصداع والصداع النصفي,Direct treatment of headache symptoms by black seed oil,groq,qwen/qwen3-32b,colleague_validation
rel_seed_607592fa0a091d03,chunk_00016,ahd10k_00540,325346,ent_merge_000035,أكلة الأظافر,DiseaseCondition,ent_merge_001559,مادة لإيقاف العادة,Treatment,TREATED_BY,TREATED_BY,true,0.900,توضع ماده مره على الاصابع لإيقاف العاده,"The evidence explicitly states that a bitter substance is applied to fingers to stop the habit, directly supporting the treatment relation.",groq,qwen/qwen3-32b,dah_relation_validation_v1
rel_seed_470073ee4028257d,chunk_00016,ahd5k_02823,808060,ent_merge_000403,صرع,DiseaseCondition,ent_merge_001937,نوبة,Symptom,HAS_SYMPTOM,HAS_SYMPTOM,true,0.850,الصرع نوعان : 1- نوبات عامة تصيب جميع اجزاء الجسم,العلاقة مدعومة بشكل مباشر من النص حيث يُذكر أن الصَّرَع يتضمن 'نوبات عامة' كنوع من الأعراض المرتبطة به.,groq,qwen/qwen3-32b,colleague_validation
rel_seed_1c28c018d66a8d6e,chunk_00017,ahd5k_04028,774490,ent_merge_001876,الديدان الشريطية,Symptom,ent_merge_002163,حرمل,Treatment,TREATED_BY,TREATED_BY,true,0.900,الديدان الشريطية (طارد للديدان) وحرمل (طارد للديدان الشريطية),النص يذكر صراحة أن حرمل يطرد الديدان الشريطية,groq,qwen/qwen3-32b,colleague_validation
rel_seed_c1a5f798e4b10587,chunk_00017,ahd5k_04028,774490,ent_merge_000830,صداع,Symptom,ent_merge_002163,حرمل,Treatment,TREATED_BY,TREATED_BY,true,0.850,صداع (شفاء الصداع) وحرمل (شفاء الصداع وآلام الرأس),النص يذكر صراحة أن حرمل يشفى الصداع,groq,qwen/qwen3-32b,colleague_validation
rel_seed_903f91a2c72f3459,chunk_00019,ahd10k_03050,783171,ent_merge_000469,كبر حجم الثدي,DiseaseCondition,ent_merge_001311,تجميل الثدي,Treatment,TREATED_BY,TREATED_BY,true,0.900,جراحة تصغير و شد او تجميم الثدي explicitly mentioned as treatment for breast size,Direct treatment linkage in evidence,groq,qwen/qwen3-32b,dah_relation_validation_v1
rel_seed_6144a3da8a596bba,chunk_00019,ahd10k_03050,783171,ent_merge_000469,كبر حجم الثدي,DiseaseCondition,ent_merge_001366,جهاز لتصغير الصدر,Treatment,TREATED_BY,TREATED_BY,true,0.900,Device explicitly mentioned as treatment for breast enlargement,Direct treatment relationship stated in evidence,groq,qwen/qwen3-32b,dah_relation_validation_v1
rel_seed_0ab9c3678fa17675,chunk_00019,ahd10k_03050,783171,ent_merge_000389,سقوط الثدي,DiseaseCondition,ent_merge_000621,آلام بالكتفين,Symptom,HAS_SYMPTOM,HAS_SYMPTOM,true,0.950,سقوط الثدي وآلام بالكتفين مذكوران في النص,العلاقة مدعومة مباشرة من خلال ذكر الحالة المرضية والنتيجة السريرية في النص,groq,qwen/qwen3-32b,dah_relation_validation_v1
rel_seed_04efe266b566bb0a,chunk_00019,ahd10k_03050,783171,ent_merge_000389,سقوط الثدي,DiseaseCondition,ent_merge_001366,جهاز لتصغير الصدر,Treatment,TREATED_BY,TREATED_BY,true,0.800,جهاز لتصغير الصدر,Device explicitly mentioned in treatment context for sagging breasts,groq,qwen/qwen3-32b,dah_relation_validation_v1
rel_seed_23dec93560f13cc3,chunk_00020,ahd10k_04480,774246,ent_merge_000483,كيس ماء تحت الجلد,DiseaseCondition,ent_merge_000801,دوار,Symptom,HAS_SYMPTOM,HAS_SYMPTOM,true,0.900,يسبب لها أغلب الأحيان الدوار,الكيس المائي يسبب الدوار مباشرة,groq,qwen/qwen3-32b,colleague_validation
rel_seed_afd6681a07a2a11b,chunk_00020,ahd10k_04480,774246,ent_merge_000483,كيس ماء تحت الجلد,DiseaseCondition,ent_merge_000698,إنتفاخ تحت جلد الرأس,Symptom,HAS_SYMPTOM,HAS_SYMPTOM,true,0.900,إنتفاخ تحت جلد الرأس من الخلف,الكيس المائي يسبب انتفاخًا تحت الجلد,groq,qwen/qwen3-32b,colleague_validation
rel_seed_441a0711227508e7,chunk_00020,ahd10k_04480,774246,ent_merge_000483,كيس ماء تحت الجلد,DiseaseCondition,ent_merge_001572,مراجعة اختصاصي جراحة عامة,Treatment,TREATED_BY,TREATED_BY,true,0.850,يجب مراجعة اختصاصي جراحة عامة,التوصية بمراجعة جراح كعلاج مباشر,groq,qwen/qwen3-32b,colleague_validation
rel_seed_06b61762051ac1d7,chunk_00020,ahd10k_04480,774246,ent_merge_000483,كيس ماء تحت الجلد,DiseaseCondition,ent_merge_001145,استئصال,Treatment,TREATED_BY,TREATED_BY,true,0.850,إذ يمكن استئصاله بسهولة,الاستئصال كعلاج مباشر للكيس,groq,qwen/qwen3-32b,colleague_validation
rel_seed_f2eb6d07342587f6,chunk_00020,ahd10k_04480,774246,ent_merge_000483,كيس ماء تحت الجلد,DiseaseCondition,ent_merge_000924,آشعة,Test,DIAGNOSED_BY,DIAGNOSED_BY,true,0.850,يظهر في الآشعة كأنه ماء,الأشعة كوسيلة تشخيص مباشرة,groq,qwen/qwen3-32b,colleague_validation
rel_seed_560a62f2ead50a9d,chunk_00020,ahd5k_01423,764662,ent_merge_001810,صغر الثدي,DiseaseCondition,ent_merge_001383,حليب الصويا,Treatment,TREATED_BY,TREATED_BY,true,0.900,حليب الصويا يزيد من هرمون الأستروجين الأنثوي الذي يثير الرغبة الجنسية ويزيد من حجم الأعضاء التناسلية والثديين,العلاقة مدعومة بشكل مباشر بذكر آلية هرمون الأستروجين كوسيلة لزيادة حجم الثدي,groq,qwen/qwen3-32b,dah_relation_validation_v1
rel_seed_112c9d583100233f,chunk_00021,ahd10k_05235,758077,ent_merge_000558,نيوفيبروما,DiseaseCondition,ent_merge_000928,الاستكشاف الجراحي,Test,DIAGNOSED_BY,DIAGNOSED_BY,true,0.850,هناك حاجة للاستكشاف الجراحي,الاستكشاف الجراحي مذكور كطريقة تشخيصية مطلوبة,groq,qwen/qwen3-32b,colleague_validation
rel_seed_3e5e943eceac6a80,chunk_00022,ahd10k_05459,746497,ent_merge_000059,التهاب,DiseaseCondition,ent_merge_000766,حرقان,Symptom,HAS_SYMPTOM,HAS_SYMPTOM,true,0.950,"التهاب, حرقان",Direct co-occurrence of inflammation and burning symptom in evidence,groq,qwen/qwen3-32b,dah_relation_validation_v1
rel_seed_3b13838cdae9051e,chunk_00022,ahd10k_05459,746497,ent_merge_000059,التهاب,DiseaseCondition,ent_merge_000849,طيف احمر,Symptom,HAS_SYMPTOM,HAS_SYMPTOM,true,0.950,"التهاب, طيف احمر",Direct co-occurrence of inflammation and red spectrum symptom in evidence,groq,qwen/qwen3-32b,dah_relation_validation_v1
rel_seed_789ef0b85dd95133,chunk_00022,ahd5k_04612,123,ent_merge_001809,شيب,DiseaseCondition,ent_merge_002169,خلطة الريحان و الروزماري,Treatment,TREATED_BY,TREATED_BY,true,0.850,هل خلطة الريحان و الروزماري مفيدة للتخلص من الشيب,QA directly links the treatment to the condition as a solution,groq,qwen/qwen3-32b,colleague_validation
rel_seed_00faa0613ec9c742,chunk_00022,ahd5k_04779,123,ent_merge_001826,كسل بالغدة الدرقية,DiseaseCondition,ent_merge_002170,خلطة العسل والفوقص الحوصلي والغذاء الملكي والعكبر والقسط الهندي,Treatment,TREATED_BY,TREATED_BY,true,0.900,هذه خلطة مفيدة ان شاء الله لمن معهم كسل بالغدة الدرقية,Direct evidence links the herbal mix to treating hypothyroidism.,groq,qwen/qwen3-32b,dah_relation_validation_v1
rel_seed_27ae6bafeb70221c,chunk_00023,ahd10k_07422,765349,ent_merge_000106,التهابات,DiseaseCondition,ent_merge_001538,كريمات مضاده للالتهابات,Treatment,TREATED_BY,TREATED_BY,true,0.850,كريمات مضاده للالتهابات,Direct treatment linkage between 'التهابات' and anti-inflammatory creams,groq,qwen/qwen3-32b,colleague_validation
rel_seed_789f0174fe33934b,chunk_00025,ahd10k_00879,282101,ent_merge_000362,دمل,DiseaseCondition,ent_merge_001484,فتح,Treatment,TREATED_BY,TREATED_BY,true,0.850,يتوجب فتحه وتنظيفه بالمستشفى,Direct treatment recommendation for boil (دمل) via opening (فتح),groq,qwen/qwen3-32b,colleague_validation
rel_seed_9b5ae4a4bd7a165e,chunk_00025,ahd10k_00879,282101,ent_merge_000362,دمل,DiseaseCondition,ent_merge_001347,تنظيف,Treatment,TREATED_BY,TREATED_BY,true,0.850,يتوجب فتحه وتنظيفه بالمستشفى,Direct treatment recommendation for boil (دمل) via cleaning (تنظيف),groq,qwen/qwen3-32b,colleague_validation
rel_seed_6b1c7c5c1e69556c,chunk_00025,ahd10k_00879,282101,ent_merge_000362,دمل,DiseaseCondition,ent_merge_001617,معالجه بالمستشفى,Treatment,TREATED_BY,TREATED_BY,true,0.850,يتوجب فتحه وتنظيفه بالمستشفى,Direct treatment recommendation for boil (دمل) via hospital treatment (معالجه بالمستشفى),groq,qwen/qwen3-32b,colleague_validation
rel_seed_b0e2d1eb6331014e,chunk_00025,ahd10k_00879,282101,ent_merge_000237,تجمع صديدى,DiseaseCondition,ent_merge_001484,فتح,Treatment,TREATED_BY,TREATED_BY,true,0.850,احتمال يكون تجمع صديدى ويتوجب فتحه,Direct treatment recommendation for pus collection (تجمع صديدى) via opening (فتح),groq,qwen/qwen3-32b,colleague_validation
rel_seed_cf39babb8380e1c7,chunk_00025,ahd10k_00879,282101,ent_merge_000237,تجمع صديدى,DiseaseCondition,ent_merge_001347,تنظيف,Treatment,TREATED_BY,TREATED_BY,true,0.850,يتوجب فتحه وتنظيفه بالمستشفى,Direct treatment recommendation for pus collection (تجمع صديدى) via cleaning (تنظيف),groq,qwen/qwen3-32b,colleague_validation
rel_seed_701dbffcfcbd5bf3,chunk_00025,ahd10k_00879,282101,ent_merge_000237,تجمع صديدى,DiseaseCondition,ent_merge_001617,معالجه بالمستشفى,Treatment,TREATED_BY,TREATED_BY,true,0.850,يتوجب فتحه وتنظيفه بالمستشفى,Direct treatment recommendation for pus collection (تجمع صديدى) via hospital treatment (معالجه بالمستشفى),groq,qwen/qwen3-32b,colleague_validation
rel_seed_ad661d3cdd81d07e,chunk_00026,ahd10k_04200,758869,ent_merge_000309,جروح,DiseaseCondition,ent_merge_000776,حكة,Symptom,HAS_SYMPTOM,HAS_SYMPTOM,true,0.800,"انواع الجروح, كشوط بالجلد",الجروح يمكن أن تسبب حكة أثناء عملية الشفاء، وتدعمها الإشارات غير المباشرة في السياق.,groq,qwen/qwen3-32b,colleague_validation
rel_seed_df463b2df4c1fe0a,chunk_00026,ahd10k_04200,758869,ent_merge_000058,التسلخات,DiseaseCondition,ent_merge_000776,حكة,Symptom,HAS_SYMPTOM,HAS_SYMPTOM,true,0.750,التسلخات والسحجات: وهي كشوط بالجلد,التسلخات مرتبطة بحكة كأعراض ثانوية، مع وجود إشارات غير مباشرة في النص.,groq,qwen/qwen3-32b,colleague_validation
rel_seed_9447a9732744b3c3,chunk_00028,ahd10k_05223,772609,ent_merge_000356,داء الفيل,DiseaseCondition,ent_merge_000717,تجمع السوائل,Symptom,HAS_SYMPTOM,HAS_SYMPTOM,true,0.950,انسداد الأوعية اللمفية يؤدي إلى تجمع السوائل في الأطراف مثل داء الفيل,النص يربط مباشرة بين داء الفيل وتجمع السوائل كأعراض,groq,qwen/qwen3-32b,dah_relation_validation_v1
rel_seed_6a2a3dbbd9128638,chunk_00028,ahd10k_05223,772609,ent_merge_000356,داء الفيل,DiseaseCondition,ent_merge_000696,انتفاخ,Symptom,HAS_SYMPTOM,HAS_SYMPTOM,true,0.950,انسداد الأوعية اللمفية يؤدي إلى انتفاخ الأطراف مثل داء الفيل,النص يربط مباشرة بين داء الفيل وانتفاخ الأطراف كأعراض,groq,qwen/qwen3-32b,dah_relation_validation_v1
rel_seed_08936a44151f535b,chunk_00028,ahd10k_05223,772609,ent_merge_000049,الأوعية اللمفية,DiseaseCondition,ent_merge_000717,تجمع السوائل,Symptom,HAS_SYMPTOM,HAS_SYMPTOM,true,0.950,انسداد الأوعية اللمفية يؤدي إلى تجمع السوائل في الأطراف,النص يربط مباشرة بين انسداد الأوعية اللمفية وتجمع السوائل كنتيجة مباشرة,groq,qwen/qwen3-32b,dah_relation_validation_v1
rel_seed_71bdac462177e2bb,chunk_00028,ahd10k_05223,772609,ent_merge_000049,الأوعية اللمفية,DiseaseCondition,ent_merge_000696,انتفاخ,Symptom,HAS_SYMPTOM,HAS_SYMPTOM,true,0.950,انسداد الأوعية اللمفية يؤدي إلى ... انتفاخها مثل داء الفيل,النص يربط مباشرة بين انسداد الأوعية اللمفية وانتفاخ الأطراف كنتيجة مباشرة,groq,qwen/qwen3-32b,dah_relation_validation_v1
rel_seed_9f816eb225e33a70,chunk_00028,ahd5k_03068,807985,ent_merge_000326,حساسية,DiseaseCondition,ent_merge_000967,تحاليل مخبرية,Test,DIAGNOSED_BY,DIAGNOSED_BY,true,0.900,تحليل الحساسية,Allergy test directly diagnoses skin allergy,groq,qwen/qwen3-32b,colleague_validation
rel_seed_9fb8c3ea8d947302,chunk_00029,ahd10k_04390,793724,ent_merge_000261,تشقق القدمين,DiseaseCondition,ent_merge_001365,جليسوليد,Treatment,TREATED_BY,TREATED_BY,true,0.950,يتم تحضير مخلوط من جليسوليد,Direct mention of glucosolide as part of a treatment mixture for cracked feet.,groq,qwen/qwen3-32b,dah_relation_validation_v1
rel_seed_cd7cedf3a63c3b75,chunk_00029,ahd10k_04390,793724,ent_merge_000261,تشقق القدمين,DiseaseCondition,ent_merge_001481,فازولين,Treatment,TREATED_BY,TREATED_BY,true,0.950,يتم تحضير مخلوط من جليسوليد مع فازولين,Direct mention of vaseline as part of a treatment mixture for cracked feet.,groq,qwen/qwen3-32b,dah_relation_validation_v1
rel_seed_4b1049760efbe36e,chunk_00029,ahd10k_04390,793724,ent_merge_000261,تشقق القدمين,DiseaseCondition,ent_merge_001585,مرطب,Treatment,TREATED_BY,TREATED_BY,true,0.900,اريد كريم لتشقيق القدمين,Direct request for a moisturizer (cream) to treat cracked feet.,groq,qwen/qwen3-32b,dah_relation_validation_v1
rel_seed_6f977410ef130c06,chunk_00033,ahd10k_06320,784173,ent_merge_000056,البهاق,DiseaseCondition,ent_merge_001156,إكزايمر ليزر,Treatment,TREATED_BY,TREATED_BY,true,1.000,هل علاج البهاق باكزايمر ليزر له اضرار,"The evidence directly references excimer laser as a treatment for vitiligo, even though the focus is on side effects.",groq,qwen/qwen3-32b,dah_relation_validation_v1
rel_seed_d9be15af2076739b,chunk_00033,ahd5k_00261,808368,ent_merge_000366,دوالي الخصية,DiseaseCondition,ent_merge_002088,العلاج بالجراحة,Treatment,TREATED_BY,TREATED_BY,true,1.000,"دوالي الخصية, العلاج بالجراحة",The evidence explicitly mentions surgical treatment as a method for varicocele.,groq,qwen/qwen3-32b,dah_relation_validation_v1
rel_seed_67400086afc10045,chunk_00033,ahd5k_01221,808405,ent_merge_001808,شلل العصب السابع,DiseaseCondition,ent_merge_002238,مضادات الفيروسات,Treatment,TREATED_BY,TREATED_BY,true,0.850,مضادات الفيروسات,Direct treatment mentioned for شلل العصب السابع,groq,qwen/qwen3-32b,colleague_validation
rel_seed_a75e21c241d1c9c7,chunk_00033,ahd5k_01221,808405,ent_merge_001808,شلل العصب السابع,DiseaseCondition,ent_merge_002236,مضادات الالتهاب,Treatment,TREATED_BY,TREATED_BY,true,0.850,مضادات الالتهاب,Direct treatment mentioned for شلل العصب السابع,groq,qwen/qwen3-32b,colleague_validation
rel_seed_90fc3c1a169d8ae4,chunk_00033,ahd5k_01221,808405,ent_merge_001808,شلل العصب السابع,DiseaseCondition,ent_merge_002097,الكورتيزونات,Treatment,TREATED_BY,TREATED_BY,true,0.850,الكورتيزونات,Direct treatment mentioned for شلل العصب السابع,groq,qwen/qwen3-32b,colleague_validation
rel_seed_9586b0352066d148,chunk_00033,ahd5k_01221,808405,ent_merge_001808,شلل العصب السابع,DiseaseCondition,ent_merge_001224,العلاج الطبيعي,Treatment,TREATED_BY,TREATED_BY,true,0.850,العلاج الطبيعي,Direct treatment mentioned for شلل العصب السابع,groq,qwen/qwen3-32b,colleague_validation
rel_seed_7c2ecdbf32b8bf22,chunk_00033,ahd5k_01221,808405,ent_merge_001808,شلل العصب السابع,DiseaseCondition,ent_merge_002087,العلاج بالإبر الصينية,Treatment,TREATED_BY,TREATED_BY,true,0.850,العلاج بالإبر الصينية,Direct treatment mentioned for شلل العصب السابع,groq,qwen/qwen3-32b,colleague_validation
rel_seed_8359630a048fcda9,chunk_00035,ahd10k_00800,777131,ent_merge_000568,ورم,DiseaseCondition,ent_merge_001362,جراحة هامة,Treatment,TREATED_BY,TREATED_BY,true,0.900,عليك مراجعة اختصاصي جراحة هامة فوراً للفحص السريري والتشخيص الدقيق,الجراحة الهامة موصى بها كعلاج مباشر للورم,groq,qwen/qwen3-32b,colleague_validation
rel_seed_64f507d133d5107f,chunk_00035,ahd10k_00800,777131,ent_merge_000568,ورم,DiseaseCondition,ent_merge_000948,الفحص السريري,Test,DIAGNOSED_BY,DIAGNOSED_BY,true,0.900,عليك مراجعة اختصاصي جراحة هامة فوراً للفحص السريري والتشخيص الدقيق,الفحص السريري مذكور كوسيلة تشخيص مباشرة للورم,groq,qwen/qwen3-32b,colleague_validation
rel_seed_03c4052909b8a0ed,chunk_00037,ahd10k_01377,795091,ent_merge_000228,بقع بنيه,DiseaseCondition,ent_merge_001250,الليزر,Treatment,TREATED_BY,TREATED_BY,true,1.000,يمكن إزالتها عن طريق الليزر,الليزر مذكور كعلاج مباشر للبقع البنية,groq,qwen/qwen3-32b,dah_relation_validation_v1
rel_seed_ca187ee27df2e606,chunk_00037,ahd5k_01578,805860,ent_merge_000059,التهاب,DiseaseCondition,ent_merge_000587,اختلال وظائف الكبد,Symptom,HAS_SYMPTOM,HAS_SYMPTOM,true,0.920,التهاب في العين وفقدان حاسة الشم واختلال وظائف الكبد والكلى,Direct co-occurrence in symptom list with explicit linkage,groq,qwen/qwen3-32b,colleague_validation
rel_seed_003f1e1a80e6175c,chunk_00038,ahd10k_07617,790840,ent_merge_000149,الشيخوخة,DiseaseCondition,ent_merge_000895,نقص محتوى الجلد من الرطوبة,Symptom,HAS_SYMPTOM,HAS_SYMPTOM,true,0.950,نقص محتوى الجلد من الرطوبة والخلايا الدهنية المترافقة مع التقدم في السن,Direct co-occurrence in aging context,groq,qwen/qwen3-32b,dah_relation_validation_v1
rel_seed_25c7a8fdf0876777,chunk_00038,ahd10k_07617,790840,ent_merge_000149,الشيخوخة,DiseaseCondition,ent_merge_000699,انحلال العضلات,Symptom,HAS_SYMPTOM,HAS_SYMPTOM,true,0.950,انحلال العضلات المترافقة مع التقدم في السن,Direct co-occurrence in aging context,groq,qwen/qwen3-32b,dah_relation_validation_v1
rel_seed_bbede2ed504e06ce,chunk_00038,ahd5k_03468,787368,ent_merge_000233,بيلة الميوغلوبين,DiseaseCondition,ent_merge_001215,السوائل,Treatment,TREATED_BY,TREATED_BY,true,0.850,العلاج الاهم هو السوائل للمحافظة على الكلى,QA explicitly states fluids are the primary treatment for myoglobinuria to protect kidneys,groq,qwen/qwen3-32b,colleague_validation
rel_seed_d69e861d4fc64f3e,chunk_00039,ahd10k_08772,803433,ent_merge_000242,تخلف,DiseaseCondition,ent_merge_000738,تغير لون الجلد,Symptom,HAS_SYMPTOM,HAS_SYMPTOM,true,0.950,يعاني من تغير لون الجلد مع حكه جلديه في كامل الجسد,Direct symptom co-occurrence with disease condition,groq,qwen/qwen3-32b,dah_relation_validation_v1
rel_seed_309405803501ff5e,chunk_00039,ahd5k_04866,792335,ent_merge_001723,الحروق,DiseaseCondition,ent_merge_002079,الطبيب,Treatment,TREATED_BY,TREATED_BY,true,0.900,يستدعي الطبيب او المسعف للتعامل مع المصاب,Direct treatment recommendation by medical professional,groq,qwen/qwen3-32b,dah_relation_validation_v1
rel_seed_66827a659fee3472,chunk_00042,ahd10k_02427,486109,ent_merge_000355,داء السكري,DiseaseCondition,ent_merge_000776,حكة,Symptom,HAS_SYMPTOM,HAS_SYMPTOM,true,0.920,حكة الجلد,Direct symptom of diabetes mentioned in QA context,groq,qwen/qwen3-32b,colleague_validation
rel_seed_0d4abacef8eadba6,chunk_00042,ahd10k_02427,486109,ent_merge_000355,داء السكري,DiseaseCondition,ent_merge_000969,تحليل,Test,DIAGNOSED_BY,DIAGNOSED_BY,true,0.880,التحليل,Diagnostic test explicitly linked to diabetes,groq,qwen/qwen3-32b,colleague_validation
rel_seed_1286821f1f4be6a8,chunk_00043,ahd10k_00926,794830,ent_merge_000353,داء الحمى,DiseaseCondition,ent_merge_001237,الكركديه,Treatment,TREATED_BY,TREATED_BY,true,1.000,يقوى ضربات القلب ويقتل الميكروبات مما يجعله مفيدا فى علاج الحميات,Directly states Hibiscus is useful for treating fevers.,groq,qwen/qwen3-32b,dah_relation_validation_v1
rel_seed_3e14e7f40b3e195b,chunk_00043,ahd10k_00926,794830,ent_merge_000421,عدوى الميكروبات,DiseaseCondition,ent_merge_001237,الكركديه,Treatment,TREATED_BY,TREATED_BY,true,1.000,يقتل الميكروبات مما يجعله مفيدا فى علاج...عدوى الميكروبات,Directly states Hibiscus is useful for treating microbial infections.,groq,qwen/qwen3-32b,dah_relation_validation_v1
rel_seed_f6daa91bdaac5e3a,chunk_00043,ahd10k_00926,794830,ent_merge_000222,أوبئة الكوليرا,DiseaseCondition,ent_merge_001237,الكركديه,Treatment,TREATED_BY,TREATED_BY,true,1.000,مما يجعله مفيدا فى علاج...أوبئة الكوليرا,Directly states Hibiscus is useful for treating cholera outbreaks.,groq,qwen/qwen3-32b,dah_relation_validation_v1
rel_seed_979a49a6e2d8d99c,chunk_00043,ahd5k_00643,774568,ent_merge_000392,سمنة الأرداف,DiseaseCondition,ent_merge_002200,فجل أبيض,Treatment,TREATED_BY,TREATED_BY,true,0.850,تناول الفجل الأبيض الذي أثبتت الدراسات أنه يذيب الدهون عامة وفي منطقة الأرداف والفخذين,الدراست تثبت فعالية الفجل الأبيض في تقليل الدهون في منطقة الأرداف,groq,qwen/qwen3-32b,colleague_validation
rel_seed_261cdc9ea12b8efd,chunk_00045,ahd10k_07043,201344,ent_merge_000304,ثقوب القلب,DiseaseCondition,ent_merge_000932,الايكو,Test,DIAGNOSED_BY,DIAGNOSED_BY,true,0.900,الايكو مذكور كاختبار متابعة لثقب القلب,الايكو مذكور كاختبار تشخيصي مرتبط بثقب القلب في السياق الطبي,groq,qwen/qwen3-32b,dah_relation_validation_v1
rel_seed_28e9e6706a2be10c,chunk_00045,ahd10k_07043,201344,ent_merge_000304,ثقوب القلب,DiseaseCondition,ent_merge_000955,القسطرة,Test,DIAGNOSED_BY,DIAGNOSED_BY,true,0.850,القسطرة مذكورة كاختبار متابعة لثقب القلب,القسطرة مذكورة كاختبار تشخيصي مرتبط بثقب القلب في السياق الطبي,groq,qwen/qwen3-32b,dah_relation_validation_v1
rel_seed_abcb52f4fab2f007,chunk_00048,ahd10k_00461,642866,ent_merge_000847,ضيق تنفس,Symptom,ent_merge_000990,تخطيط قلب,Test,INVESTIGATED_BY,INVESTIGATED_BY,true,0.950,"تحتاج فحص من قبل طبيب مختص مع اجراء استقصاءات , تخطيط قلب + ايكو قلب وفحوصات مخبرية",Direct evidence links 'ضيق تنفس' to 'تخطيط قلب' as part of required investigations.,groq,qwen/qwen3-32b,dah_relation_validation_v1
rel_seed_e0598b3c14649894,chunk_00048,ahd10k_00461,642866,ent_merge_000847,ضيق تنفس,Symptom,ent_merge_000964,إيكو قلب,Test,INVESTIGATED_BY,INVESTIGATED_BY,true,0.950,"تحتاج فحص من قبل طبيب مختص مع اجراء استقصاءات , تخطيط قلب + ايكو قلب وفحوصات مخبرية",Direct evidence links 'ضيق تنفس' to 'إيكو قلب' as part of required investigations.,groq,qwen/qwen3-32b,dah_relation_validation_v1
rel_seed_e5f40b465256cad4,chunk_00048,ahd10k_00461,642866,ent_merge_000847,ضيق تنفس,Symptom,ent_merge_001063,فحوصات مخبرية,Test,INVESTIGATED_BY,INVESTIGATED_BY,true,0.950,"تحتاج فحص من قبل طبيب مختص مع اجراء استقصاءات , تخطيط قلب + ايكو قلب وفحوصات مخبرية",Direct evidence links 'ضيق تنفس' to 'فحوصات مخبرية' as part of required investigations.,groq,qwen/qwen3-32b,dah_relation_validation_v1
rel_seed_adc941c9113b261a,chunk_00048,ahd10k_00461,642866,ent_merge_000679,ألم في الصدر,Symptom,ent_merge_000990,تخطيط قلب,Test,INVESTIGATED_BY,INVESTIGATED_BY,true,0.950,"تحتاج فحص من قبل طبيب مختص مع اجراء استقصاءات , تخطيط قلب + ايكو قلب وفحوصات مخبرية",Direct evidence links 'ألم في الصدر' to 'تخطيط قلب' as part of required investigations.,groq,qwen/qwen3-32b,dah_relation_validation_v1
rel_seed_5862eb0eb43f3acf,chunk_00048,ahd10k_00461,642866,ent_merge_000679,ألم في الصدر,Symptom,ent_merge_000964,إيكو قلب,Test,INVESTIGATED_BY,INVESTIGATED_BY,true,0.950,"تحتاج فحص من قبل طبيب مختص مع اجراء استقصاءات , تخطيط قلب + ايكو قلب وفحوصات مخبرية",Direct evidence links 'ألم في الصدر' to 'إيكو قلب' as part of required investigations.,groq,qwen/qwen3-32b,dah_relation_validation_v1
rel_seed_d27366a42927eebe,chunk_00048,ahd10k_00461,642866,ent_merge_000679,ألم في الصدر,Symptom,ent_merge_001063,فحوصات مخبرية,Test,INVESTIGATED_BY,INVESTIGATED_BY,true,0.950,"تحتاج فحص من قبل طبيب مختص مع اجراء استقصاءات , تخطيط قلب + ايكو قلب وفحوصات مخبرية",Direct evidence links 'ألم في الصدر' to 'فحوصات مخبرية' as part of required investigations.,groq,qwen/qwen3-32b,dah_relation_validation_v1
rel_seed_4eb4719bd47e1b9e,chunk_00048,ahd10k_00927,163980,ent_merge_000840,ضربات سريعة,Symptom,ent_merge_000990,تخطيط قلب,Test,INVESTIGATED_BY,INVESTIGATED_BY,true,0.950,عليك بمراجعه الطبيب و عمل تخطيط القلب لمعرفه نوع اضطراب النبضات,The evidence explicitly links the symptom 'ضربات سريعة' to the test 'تخطيط قلب' as a diagnostic investigation.,groq,qwen/qwen3-32b,dah_relation_validation_v1
rel_seed_948885936b80ef18,chunk_00048,ahd10k_01083,155080,ent_merge_000847,ضيق تنفس,Symptom,ent_merge_001063,فحوصات مخبرية,Test,INVESTIGATED_BY,INVESTIGATED_BY,true,0.850,يُنصح بزيارة الطبيب لإجراء فحص سريري وفحوصات للدم لتحديد السبب,الاختبار المخبري مذكور كوسيلة لتحديد سبب ضيق التنفس,groq,qwen/qwen3-32b,colleague_validation
rel_seed_63355cf15d374c96,chunk_00049,ahd10k_01965,730411,ent_merge_000727,تسرع القلب,Symptom,ent_merge_000988,تخطيط القلب,Test,INVESTIGATED_BY,INVESTIGATED_BY,true,1.000,ينبغي تحديد نوع التسارع وسببه عبر تخطيط كهربي للقلب,العلاقة مدعومة مباشرة من النص الذي يشير إلى استخدام تخطيط القلب لتحديد سبب التسارع,groq,qwen/qwen3-32b,dah_relation_validation_v1
rel_seed_9294b4e27e684535,chunk_00049,ahd10k_02334,518713,ent_merge_000727,تسرع القلب,Symptom,ent_merge_001082,هولتر,Test,INVESTIGATED_BY,INVESTIGATED_BY,true,0.920,هولتر يوفر الفرصة لرصده للتحقق من طبيعتها,ال QA يشير بشكل مباشر إلى استخدام جهاز هولتر لرصد تسرع القلب وتحديد طبيعته,groq,qwen/qwen3-32b,colleague_validation
rel_seed_31557eb58d185d49,chunk_00050,ahd5k_00597,690510,ent_merge_001819,فايروس الكبد,DiseaseCondition,ent_merge_002052,الجرعات الثلاثه,Treatment,TREATED_BY,TREATED_BY,true,0.850,الجرعات الثلاثه كافيه,Direct evidence: 'الجرعات الثلاثه' (Three Doses) are explicitly stated as sufficient treatment for 'فايروس الكبد' (Hepatitis B).,groq,qwen/qwen3-32b,colleague_validation
rel_seed_8215499c0478c177,chunk_00050,ahd5k_00597,690510,ent_merge_001819,فايروس الكبد,DiseaseCondition,ent_merge_001248,اللقاح,Treatment,TREATED_BY,TREATED_BY,true,0.850,اللقاح تستطيعين الإطمئنان,Direct evidence: 'اللقاح' (Vaccine) is explicitly stated as effective for preventing hepatitis B transmission.,groq,qwen/qwen3-32b,colleague_validation
rel_seed_ae95a0fd9d21ce97,chunk_00051,ahd5k_01005,743021,ent_merge_000010,ارتفاع ضغط الدم,DiseaseCondition,ent_merge_002154,حبوب الأسبرين,Treatment,TREATED_BY,TREATED_BY,true,0.900,حبوب الأسبرين لحماية القلب مذكورة كعلاج ضمن سياق ارتفاع ضغط الدم.,الأسبرين مذكور كعلاج مباشر لحماية القلب في سياق ارتفاع ضغط الدم.,groq,qwen/qwen3-32b,dah_relation_validation_v1
rel_seed_967c33d8d1e926db,chunk_00052,ahd10k_07391,616640,ent_merge_000275,تضخم عضلة القلب,DiseaseCondition,ent_merge_001013,صورة ايكو,Test,DIAGNOSED_BY,DIAGNOSED_BY,true,0.950,قم بصورة ايكو,Echo is directly recommended as diagnostic test for heart muscle enlargement,groq,qwen/qwen3-32b,dah_relation_validation_v1
rel_seed_0e5939b0aed781e7,chunk_00052,ahd10k_07793,270573,ent_merge_000169,القناة الشريانية المفتوحة,DiseaseCondition,ent_merge_001153,إغلاق جراحي,Treatment,TREATED_BY,TREATED_BY,true,0.900,احتاج إلى إغلاق جراحي أو بالقسطرة,العلاج الجراحي مذكور كحل مباشر للحالة,groq,qwen/qwen3-32b,colleague_validation
rel_seed_a991d94f4aeaa37c,chunk_00052,ahd10k_07793,270573,ent_merge_000169,القناة الشريانية المفتوحة,DiseaseCondition,ent_merge_001152,إغلاق بالقسطرة,Treatment,TREATED_BY,TREATED_BY,true,0.900,احتاج إلى إغلاق جراحي أو بالقسطرة,العلاج بالقسطرة مذكور كحل مباشر للحالة,groq,qwen/qwen3-32b,colleague_validation
rel_seed_451eef4754fd9292,chunk_00053,ahd10k_09462,186836,ent_merge_000552,نقص فيتامين د,DiseaseCondition,ent_merge_000846,ضيق التنفس,Symptom,HAS_SYMPTOM,HAS_SYMPTOM,true,0.950,هل اعراض نقص فيتامين دال يسبب ضيق التنفس وخمول بالجسم؟,Direct question explicitly links Vitamin D deficiency to shortness of breath as a symptom.,groq,qwen/qwen3-32b,dah_relation_validation_v1
rel_seed_601d86e1e7f14415,chunk_00053,ahd10k_09462,186836,ent_merge_000552,نقص فيتامين د,DiseaseCondition,ent_merge_000797,دقات القلب السريع,Symptom,HAS_SYMPTOM,HAS_SYMPTOM,true,0.900,هل اعراض نقص فيتامين دال يسبب ضيق التنفس وخمول بالجسم؟ ودقات القلب السريع,Symptom explicitly mentioned in the same diagnostic question about Vitamin D deficiency.,groq,qwen/qwen3-32b,dah_relation_validation_v1
rel_seed_0d1363b14059cfec,chunk_00054,ahd10k_02294,168885,ent_merge_000843,ضغط,Symptom,ent_merge_001050,فحص سريري,Test,INVESTIGATED_BY,INVESTIGATED_BY,true,0.900,مراجعة طبيب قلب للفحص السريري واجراء اللازم للتشخيص والعلاج,الضغط المذكور في الأعراض مرتبط بالفحص السريري كجزء من التشخيص,groq,qwen/qwen3-32b,dah_relation_validation_v1
rel_seed_de0481f9e566b5f0,chunk_00054,ahd10k_02294,168885,ent_merge_000802,دوخة,Symptom,ent_merge_001050,فحص سريري,Test,INVESTIGATED_BY,INVESTIGATED_BY,true,0.900,مراجعة طبيب قلب للفحص السريري واجراء اللازم للتشخيص والعلاج,الدوخة المذكورة مرتبط بالفحص السريري كجزء من التشخيص,groq,qwen/qwen3-32b,dah_relation_validation_v1
rel_seed_e60375767d86a0f3,chunk_00054,ahd10k_07275,165571,ent_merge_000843,ضغط,Symptom,ent_merge_001050,فحص سريري,Test,INVESTIGATED_BY,INVESTIGATED_BY,true,0.950,"ضغط واطى, مراجعة طبيب قلب للفحص السريري",العلاقة مدعومة بشكل مباشر من خلال إشارة إلى الفحص السريري كإجراء ضروري لفحص الضغط المرتفع,groq,qwen/qwen3-32b,dah_relation_validation_v1
rel_seed_d432b095abdd4d72,chunk_00054,ahd5k_02292,738610,ent_merge_000446,فقر الدم,DiseaseCondition,ent_merge_001888,الم المعدجة,Symptom,HAS_SYMPTOM,HAS_SYMPTOM,true,0.980,نقص في الدم مع الالم في المعده,العلاقة مدعومة بشكل مباشر من خلال ذكر وجود ارتباط بين فقر الدم والألم في المعدة,groq,qwen/qwen3-32b,dah_relation_validation_v1
rel_seed_f5517d7fabd9b438,chunk_00054,ahd5k_02292,738610,ent_merge_001888,الم المعدجة,Symptom,ent_merge_001990,فحص الجرثومة الحلزونية,Test,INVESTIGATED_BY,INVESTIGATED_BY,true,0.950,فحص الجرثومة الحلزونية مذكور كجزء من الدراسة المطلوبة لمعرفة سبب الم المعدجة,الاختبار مرتبط مباشرة بالبحث عن سبب الأعراض المذكورة,groq,qwen/qwen3-32b,dah_relation_validation_v1
rel_seed_59cfaf3225a1e511,chunk_00054,ahd5k_02546,538205,ent_merge_000446,فقر الدم,DiseaseCondition,ent_merge_000863,فقدان الشهيه,Symptom,HAS_SYMPTOM,HAS_SYMPTOM,true,0.850,فقر الدم سبب فقدان الشهيه والكسل والخمول والتعب وثقل الوزن وغيره,Direct causal statement in QA text,groq,qwen/qwen3-32b,colleague_validation
rel_seed_b22299836fe22791,chunk_00054,ahd5k_02546,538205,ent_merge_000446,فقر الدم,DiseaseCondition,ent_merge_001888,الم المعدجة,Symptom,HAS_SYMPTOM,HAS_SYMPTOM,true,0.850,أحيانا الم في المعدة كسل وخمول اضطرابات في النوم شحوب في البشره وأعراض كثيرة اخري,Direct symptom listed in QA text,groq,qwen/qwen3-32b,colleague_validation
rel_seed_81fffbf9492c0943,chunk_00055,ahd5k_04844,591171,ent_merge_001775,تسوس الأسنان,DiseaseCondition,ent_merge_000924,أشعة,Test,DIAGNOSED_BY,DIAGNOSED_BY,true,0.900,أشعة,أشعة تُستخدم لتشخيص تسوس الأسنان,groq,qwen/qwen3-32b,colleague_validation
rel_seed_0299d097db556b3d,chunk_00055,ahd5k_04844,591171,ent_merge_001775,تسوس الأسنان,DiseaseCondition,ent_merge_002104,المراجعة الطبيب الأسنان,Treatment,TREATED_BY,TREATED_BY,true,0.850,المراجعة الطبيب الأسنان,زيارة طبيب الأسنان تُعتبر علاجًا لتسوس الأسنان,groq,qwen/qwen3-32b,colleague_validation
rel_seed_345dd98b806e95d6,chunk_00055,ahd5k_04844,591171,ent_merge_001777,تضخم الغدد اللمفية,DiseaseCondition,ent_merge_001034,فحص الدم,Test,DIAGNOSED_BY,DIAGNOSED_BY,true,0.800,فحص الدم,فحص الدم قد يُستخدم لتشخيص تضخم الغدد اللمفية,groq,qwen/qwen3-32b,colleague_validation
rel_seed_cf5ace76c976628d,chunk_00055,ahd5k_04844,591171,ent_merge_001684,الانتان,DiseaseCondition,ent_merge_001034,فحص الدم,Test,DIAGNOSED_BY,DIAGNOSED_BY,true,0.950,فحص الدم,فحص الدم ضروري لتشخيص الإنتان,groq,qwen/qwen3-32b,colleague_validation
rel_seed_5679dbd5b337fd5d,chunk_00055,ahd5k_04844,591171,ent_merge_001684,الانتان,DiseaseCondition,ent_merge_000924,أشعة,Test,DIAGNOSED_BY,DIAGNOSED_BY,true,0.850,أشعة,X-ray (أشعة) is explicitly mentioned in diagnostic context with infection (الانتان),groq,qwen/qwen3-32b,dah_relation_validation_v1
rel_seed_dbc0e87564024d2c,chunk_00056,ahd10k_01065,59667,ent_merge_000243,تدخين,DiseaseCondition,ent_merge_000702,انسحاب,Symptom,HAS_SYMPTOM,HAS_SYMPTOM,true,0.950,اعراض انسحاب من التدخين,Direct evidence links smoking cessation to withdrawal symptoms,groq,qwen/qwen3-32b,dah_relation_validation_v1
rel_seed_80e87593d0630b38,chunk_00056,ahd5k_00543,651333,ent_merge_000446,فقر الدم,DiseaseCondition,ent_merge_000967,تحاليل مخبرية,Test,DIAGNOSED_BY,DIAGNOSED_BY,true,0.980,انيميا منجليه,Direct evidence of sickle cell anemia diagnosed via pre-marriage lab tests,groq,qwen/qwen3-32b,dah_relation_validation_v1
rel_seed_d23a670d491f3500,chunk_00056,ahd5k_00757,760486,ent_merge_000446,فقر الدم,DiseaseCondition,ent_merge_000967,تحاليل مخبرية,Test,DIAGNOSED_BY,DIAGNOSED_BY,true,0.850,تحليل فقر الدم,العلاقة مدعومة بشكل مباشر من خلال تحليل مخبري مرتبط بتشخيص فقر الدم,groq,qwen/qwen3-32b,colleague_validation
rel_seed_c3a98d60c6df7142,chunk_00057,ahd10k_03628,765015,ent_merge_000302,توقف القلب,DiseaseCondition,ent_merge_001176,الانعاش القلبي الرئوي,Treatment,TREATED_BY,TREATED_BY,true,1.000,يستخدم تدليك القلب في اللحظات الأولى من توقف القلب,التدليك القلبي مذكور كعلاج مباشر لتوقف القلب في النص,groq,qwen/qwen3-32b,dah_relation_validation_v1
rel_seed_9a241964df269748,chunk_00057,ahd10k_04166,565714,ent_merge_000302,توقف القلب,DiseaseCondition,ent_merge_001345,تنبيب المريض,Treatment,TREATED_BY,TREATED_BY,true,1.000,متى نقوم بتنبيب المريض في حالة الاسعاف,التنبيب مذكور كخطوة علاجية مباشرة لتوقف القلب في السياق الطارئ,groq,qwen/qwen3-32b,dah_relation_validation_v1
rel_seed_ae6808440b50712d,chunk_00057,ahd5k_00203,509892,ent_merge_001765,النقص الشديد للصفائح,DiseaseCondition,ent_merge_002070,الروتيكسيماب,Treatment,TREATED_BY,TREATED_BY,true,0.850,اول جرعه ونستمر عليها لمده شهر كل اسبوع مره هل الروتكسيماب يفيده,"The QA explicitly discusses Rituximab as a treatment option for ITP (severe thrombocytopenia) with dosage instructions, directly supporting the TREATED_BY relation.",groq,qwen/qwen3-32b,colleague_validation
rel_seed_e707fd15d07b65f5,chunk_00058,ahd10k_01401,758503,ent_merge_000247,ترهل,DiseaseCondition,ent_merge_001450,شد الذراع,Treatment,TREATED_BY,TREATED_BY,true,0.850,يمكنك من الحصول على ذراع رقيق متناسق مع أجزاء الجسم الأخرى,العلاج (شد الذراع) يُذكر صراحةً كحل مباشر لترهل الذراعين,groq,qwen/qwen3-32b,colleague_validation
rel_seed_4729c519bbd8c818,chunk_00059,ahd5k_00313,123,ent_merge_001841,نقص الصفيحات,DiseaseCondition,ent_merge_001998,فحص نخاع العظم,Test,DIAGNOSED_BY,DIAGNOSED_BY,true,0.900,فحص نخاع العظم مذكور كوسيلة تشخيصية لنقص الصفيحات,العلاقة مدعومة بشكل مباشر من النص,groq,qwen/qwen3-32b,dah_relation_validation_v1
rel_seed_30c46fdc637ac858,chunk_00059,ahd5k_00313,123,ent_merge_001849,ارتفاع خضاب الدم,Symptom,ent_merge_001998,فحص نخاع العظم,Test,INVESTIGATED_BY,INVESTIGATED_BY,true,0.950,"ارتفاع خضاب الدم / 16.8, فحص نخاع العظم",العلاقة مدعومة بشكل مباشر من خلال ذكر الفحص كوسيلة لاستقصاء ارتفاع خضاب الدم في السياق الطبي.,groq,qwen/qwen3-32b,dah_relation_validation_v1
rel_seed_36e97b7780dd660c,chunk_00059,ahd5k_01162,123,ent_merge_001845,نقص حديد,DiseaseCondition,ent_merge_001994,فحص تحاليل مخبرية,Test,DIAGNOSED_BY,DIAGNOSED_BY,true,0.950,"نقص حديد, تحاليل مخبرية",Direct diagnostic test mentioned in evidence,groq,qwen/qwen3-32b,dah_relation_validation_v1
rel_seed_21e442df08594127,chunk_00059,ahd5k_01162,123,ent_merge_000552,نقص فيتامين د,DiseaseCondition,ent_merge_001994,فحص تحاليل مخبرية,Test,DIAGNOSED_BY,DIAGNOSED_BY,true,0.950,"نقص فيتامين د, تحاليل مخبرية",Direct diagnostic test mentioned in evidence,groq,qwen/qwen3-32b,dah_relation_validation_v1
rel_seed_b2458f086baa9102,chunk_00059,ahd5k_02552,123,ent_merge_001842,نقص الكريات البيضاء,DiseaseCondition,ent_merge_002194,علاج نقص الكريات البيضاء,Treatment,TREATED_BY,TREATED_BY,true,0.850,علاج نقص الكريات البيضاء لدى الكبار,The QA explicitly states treatment for the condition,groq,qwen/qwen3-32b,colleague_validation
rel_seed_47155934b0e2b5c3,chunk_00060,ahd10k_00354,660444,ent_merge_000151,الضعف الجنسي,DiseaseCondition,ent_merge_001209,الرياضة,Treatment,TREATED_BY,TREATED_BY,true,0.950,ممارسة الرياضة اليومية,Directly mentioned in evidence as treatment,groq,qwen/qwen3-32b,dah_relation_validation_v1
rel_seed_6530df54b30460ca,chunk_00060,ahd10k_00354,660444,ent_merge_000151,الضعف الجنسي,DiseaseCondition,ent_merge_001190,التغذية المتوازنة,Treatment,TREATED_BY,TREATED_BY,true,0.950,التغذية المتوازنة,Directly mentioned in evidence as treatment,groq,qwen/qwen3-32b,dah_relation_validation_v1
rel_seed_14c25be5d5e04772,chunk_00060,ahd10k_05016,770775,ent_merge_000151,الضعف الجنسي,DiseaseCondition,ent_merge_001169,الأسماك الدهنية,Treatment,TREATED_BY,TREATED_BY,true,0.850,مقويات الضعف الجنسي الطبيعية,QA explicitly states fatty fish are natural remedies for male weakness,groq,qwen/qwen3-32b,colleague_validation
rel_seed_c8cc676c0eec28e8,chunk_00060,ahd10k_05016,770775,ent_merge_000151,الضعف الجنسي,DiseaseCondition,ent_merge_001247,اللحوم الحمراء,Treatment,TREATED_BY,TREATED_BY,true,0.850,لا تبتعد عن اللحوم الحمراء,QA explicitly recommends red meat as part of treatment,groq,qwen/qwen3-32b,colleague_validation
rel_seed_60d084f13bff21d9,chunk_00060,ahd10k_05016,770775,ent_merge_000151,الضعف الجنسي,DiseaseCondition,ent_merge_001220,الشوكولاته,Treatment,TREATED_BY,TREATED_BY,true,0.850,الشوكولاته,QA lists chocolate as a natural remedy for male weakness,groq,qwen/qwen3-32b,colleague_validation
rel_seed_1f0c58fb95635f9f,chunk_00061,ahd10k_00496,790605,ent_merge_000846,ضيق التنفس,Symptom,ent_merge_000927,إعادة الفحص,Test,INVESTIGATED_BY,INVESTIGATED_BY,true,0.900,ينبغي إعادة الفحص,Test directly linked to symptom in evidence,groq,qwen/qwen3-32b,dah_relation_validation_v1
rel_seed_caef8bbf5f2b9bcc,chunk_00061,ahd10k_00496,790605,ent_merge_000846,ضيق التنفس,Symptom,ent_merge_000997,تقييم الحالة الوظيفية,Test,INVESTIGATED_BY,INVESTIGATED_BY,true,0.850,تقييم الحالة الوظيفية,Test explicitly mentioned in evidence,groq,qwen/qwen3-32b,dah_relation_validation_v1
rel_seed_59a0d50f525eefa5,chunk_00061,ahd5k_01551,777350,ent_merge_000059,التهاب,DiseaseCondition,ent_merge_002094,القات,Treatment,TREATED_BY,TREATED_BY,true,0.850,炎症 treated by 麻醉剂 (Qat) explicitly stated,Direct treatment relation explicitly mentioned in QA,groq,qwen/qwen3-32b,colleague_validation
rel_seed_13a8749cb22837b9,chunk_00061,ahd5k_01551,777350,ent_merge_000505,مرض السكري,DiseaseCondition,ent_merge_000967,تحاليل مخبرية,Test,DIAGNOSED_BY,DIAGNOSED_BY,true,0.850,糖尿病 diagnosed by 实验室检查 explicitly stated,Direct diagnostic relation explicitly mentioned in QA,groq,qwen/qwen3-32b,colleague_validation
rel_seed_0766fc130c3e685a,chunk_00062,ahd10k_01526,449680,ent_merge_000574,ورم وعائي,DiseaseCondition,ent_merge_000703,انسداد للسمع,Symptom,HAS_SYMPTOM,HAS_SYMPTOM,true,0.950,انسداد للسمع وسماع نبضات القلب,Direct symptom mention in evidence,groq,qwen/qwen3-32b,dah_relation_validation_v1
rel_seed_670386c9f00c9617,chunk_00062,ahd10k_01526,449680,ent_merge_000574,ورم وعائي,DiseaseCondition,ent_merge_001148,استئصال الورم,Treatment,TREATED_BY,TREATED_BY,true,0.980,استئصال الورم,Direct treatment mention in evidence,groq,qwen/qwen3-32b,dah_relation_validation_v1
rel_seed_fc2565136b4a1446,chunk_00062,ahd10k_01526,449680,ent_merge_000574,ورم وعائي,DiseaseCondition,ent_merge_001196,الجراحة,Treatment,TREATED_BY,TREATED_BY,true,0.920,استئصال الورم,Surgery implied as treatment method,groq,qwen/qwen3-32b,dah_relation_validation_v1
rel_seed_3549067b17d8767a,chunk_00063,ahd10k_02275,792719,ent_merge_000503,مرض الرنح الوراثي,DiseaseCondition,ent_merge_000813,رنح مخيخي,Symptom,HAS_SYMPTOM,HAS_SYMPTOM,true,0.850,رنح مخيخي ورأرأة ورته,Direct symptom listed in QA evidence for the source disease,groq,qwen/qwen3-32b,colleague_validation
rel_seed_b1d8472e2bc4c2ef,chunk_00063,ahd10k_02275,792719,ent_merge_000515,مرض فردرايخ,DiseaseCondition,ent_merge_000813,رنح مخيخي,Symptom,HAS_SYMPTOM,HAS_SYMPTOM,true,0.850,رنح فرداريخ : وهو أكثر أمراض هذه المجموعة مشاهدة,Specific disease-symptom relationship explicitly stated in QA,groq,qwen/qwen3-32b,colleague_validation
rel_seed_9f9d99a31803938f,chunk_00064,ahd10k_07915,374333,ent_merge_000406,ضعف الانتصاب,DiseaseCondition,ent_merge_001217,السيلدنافيل,Treatment,TREATED_BY,TREATED_BY,true,0.850,استخدم السيلدنافيل لضعف الانتصاب,Direct treatment statement in patient history,groq,qwen/qwen3-32b,colleague_validation
rel_seed_455b83425456e6e2,chunk_00065,ahd10k_01704,388486,ent_merge_000898,نوبات هلع,Symptom,ent_merge_001041,فحص القلب,Test,INVESTIGATED_BY,INVESTIGATED_BY,true,0.900,عملت فحص للقلب وقلبي سليم,الاختبار تم لفحص الأعراض المذكورة (نوبات هلع),groq,qwen/qwen3-32b,dah_relation_validation_v1
rel_seed_eb9002f65ff807a4,chunk_00065,ahd10k_01704,388486,ent_merge_000910,وخزات,Symptom,ent_merge_001041,فحص القلب,Test,INVESTIGATED_BY,INVESTIGATED_BY,true,0.900,عملت فحص للقلب وقلبي سليم,الاختبار تم لفحص الأعراض المذكورة (وخزات),groq,qwen/qwen3-32b,dah_relation_validation_v1
rel_seed_39b95809ac50457b,chunk_00065,ahd10k_06731,343288,ent_merge_000646,الخوف,Symptom,ent_merge_001468,علاج نفسي,Treatment,TREATED_BY,TREATED_BY,true,0.900,العلاج يقرره الطبيب المعالج وهو علاج نفسي ودوائي,العلاج النفسي مذكور كجزء من العلاج المحدد للخوف,groq,qwen/qwen3-32b,dah_relation_validation_v1
rel_seed_0c6194f8cadec6ce,chunk_00065,ahd10k_06731,343288,ent_merge_000646,الخوف,Symptom,ent_merge_001463,علاج دوائي,Treatment,TREATED_BY,TREATED_BY,true,0.900,العلاج يقرره الطبيب المعالج وهو علاج نفسي ودوائي,العلاج الدوائي مذكور كجزء من العلاج المحدد للخوف,groq,qwen/qwen3-32b,dah_relation_validation_v1
rel_seed_44444bea58296667,chunk_00065,ahd10k_08429,375640,ent_merge_000132,الرهاب,DiseaseCondition,ent_merge_000728,تسرع في ضربات القلب,Symptom,HAS_SYMPTOM,HAS_SYMPTOM,true,0.900,اعانى من الرهاب الشديد من بعض المواقف وتسارع فى ضربات القلب عند التعرض لبعض المواقف المهمه,النص يربط مباشرة بين 'الرهاب' كسبب و'تسرع في ضربات القلب' كنتيجة في المواقف المهمة، مما يدعم العلاقة.,groq,qwen/qwen3-32b,colleague_validation
rel_seed_a89e8b46cba0adb2,chunk_00065,ahd10k_08429,375640,ent_merge_000132,الرهاب,DiseaseCondition,ent_merge_001468,علاج نفسي,Treatment,TREATED_BY,TREATED_BY,true,0.850,لا بد من العلاج من قبل الطبيب النفساني مع المواجهه وعدم التجنب,النص يشير إلى أن 'الرهاب' يتم علاجه بـ'علاج نفسي' بشكل مباشر، مما يدعم العلاقة.,groq,qwen/qwen3-32b,colleague_validation
rel_seed_b7b78cf279df780b,chunk_00066,ahd10k_02202,768114,ent_merge_000900,هبوط الدورة الدموية,Symptom,ent_merge_001166,الأسبرين,Treatment,TREATED_BY,TREATED_BY,true,1.000,الاسبرين او البلافكس او الورفارين,Directly mentioned in evidence as treatment for هبوط الدورة الدموية,groq,qwen/qwen3-32b,dah_relation_validation_v1
rel_seed_f943d2e5661ae7be,chunk_00066,ahd10k_02202,768114,ent_merge_000900,هبوط الدورة الدموية,Symptom,ent_merge_001265,الورفارين,Treatment,TREATED_BY,TREATED_BY,true,1.000,الاسبرين او البلافكس او الورفارين,Directly mentioned in evidence as treatment for هبوط الدورة الدموية,groq,qwen/qwen3-32b,dah_relation_validation_v1
rel_seed_b76a17e66f017f06,chunk_00066,ahd10k_02202,768114,ent_merge_000900,هبوط الدورة الدموية,Symptom,ent_merge_001187,البلافكس,Treatment,TREATED_BY,TREATED_BY,true,1.000,الاسبرين او البلافكس او الورفارين,Directly mentioned in evidence as treatment for هبوط الدورة الدموية,groq,qwen/qwen3-32b,dah_relation_validation_v1
rel_seed_4b2c8129ee8b59c6,chunk_00066,ahd10k_02202,768114,ent_merge_000900,هبوط الدورة الدموية,Symptom,ent_merge_001105,DIGOXIN,Treatment,TREATED_BY,TREATED_BY,true,1.000,دواء (DIGOXIN),Directly mentioned in evidence as treatment for هبوط الدورة الدموية,groq,qwen/qwen3-32b,dah_relation_validation_v1
rel_seed_8d21afa86717a1c9,chunk_00068,ahd5k_00683,31634,ent_merge_000326,حساسية,DiseaseCondition,ent_merge_000847,ضيق تنفس,Symptom,HAS_SYMPTOM,HAS_SYMPTOM,true,0.950,الحساسية...ضيق تنفس,Direct co-occurrence in evidence snippet,groq,qwen/qwen3-32b,dah_relation_validation_v1
rel_seed_87068fb0cc49ae23,chunk_00069,ahd10k_09127,741281,ent_merge_000586,اختلال الذاكره,Symptom,ent_merge_000999,تقييم للذاكرة,Test,INVESTIGATED_BY,INVESTIGATED_BY,true,0.950,إعادة تقييم للذاكرة قبل العمليه و إعادته بعد العمليه على فترات متباعدة,Direct evidence of memory evaluation tests being used to investigate memory issues,groq,qwen/qwen3-32b,dah_relation_validation_v1
rel_seed_1ad642241a36c1b0,chunk_00069,ahd5k_00823,282875,ent_merge_000010,ارتفاع ضغط الدم,DiseaseCondition,ent_merge_000791,خفقان القلب,Symptom,HAS_SYMPTOM,HAS_SYMPTOM,true,0.900,خفقان احيتنا,Clear co-occurrence of hypertension and palpitations in evidence,groq,qwen/qwen3-32b,dah_relation_validation_v1
rel_seed_d3ce866a47360d55,chunk_00069,ahd5k_00823,282875,ent_merge_000010,ارتفاع ضغط الدم,DiseaseCondition,ent_merge_000847,ضيق تنفس,Symptom,HAS_SYMPTOM,HAS_SYMPTOM,true,0.850,ضيق تنفس,Direct mention of dyspnea as a symptom alongside hypertension,groq,qwen/qwen3-32b,dah_relation_validation_v1
rel_seed_c94900272aac3790,chunk_00069,ahd5k_00823,282875,ent_merge_000847,ضيق تنفس,Symptom,ent_merge_000967,تحاليل مخبرية,Test,INVESTIGATED_BY,INVESTIGATED_BY,true,0.950,"ضيق تنفس, تحاليل مخبرية",Direct evidence links symptom to investigation,groq,qwen/qwen3-32b,dah_relation_validation_v1
rel_seed_0c8522d570c53f09,chunk_00069,ahd5k_03624,450277,ent_merge_000134,الروماتيزم,DiseaseCondition,ent_merge_000791,خفقان القلب,Symptom,HAS_SYMPTOM,HAS_SYMPTOM,true,0.900,"روماتيزم الدم, خفقان القلب الشديد",Disease explicitly associated with symptom,groq,qwen/qwen3-32b,dah_relation_validation_v1
rel_seed_20a5b3cf202476a9,chunk_00069,ahd5k_03624,450277,ent_merge_000010,ارتفاع ضغط الدم,DiseaseCondition,ent_merge_000791,خفقان القلب,Symptom,HAS_SYMPTOM,HAS_SYMPTOM,true,0.850,"ارتفاع في ضغط الدم, خفقان القلب",Condition directly linked to symptom,groq,qwen/qwen3-32b,dah_relation_validation_v1
rel_seed_a0d26b768f70288f,chunk_00069,ahd5k_04701,245947,ent_merge_000207,انخفاض ضغط الدم,DiseaseCondition,ent_merge_000802,دوخة,Symptom,HAS_SYMPTOM,HAS_SYMPTOM,true,0.850,دوخة,Direct symptom mentioned for low blood pressure,groq,qwen/qwen3-32b,colleague_validation
rel_seed_3d2032582829af67,chunk_00070,ahd10k_08997,777470,ent_merge_000830,صداع,Symptom,ent_merge_001051,فحص طبي,Test,INVESTIGATED_BY,INVESTIGATED_BY,true,0.950,يجب اجراء فحص طبي لنفي اي سبب اخر للصداع,الاختبار الطبي مذكور كوسيلة لاستبعاد أسباب أخرى للصداع,groq,qwen/qwen3-32b,dah_relation_validation_v1
rel_seed_eb452459cfe1e557,chunk_00070,ahd10k_08997,777470,ent_merge_000830,صداع,Symptom,ent_merge_001594,مسكنات,Treatment,TREATED_BY,TREATED_BY,true,0.900,يمكن اخذ المسكنات مثل الباندول فولت فاست,المسكنات مذكورة كعلاج مباشر للصداع,groq,qwen/qwen3-32b,dah_relation_validation_v1
rel_seed_2b12f615f1aa859f,chunk_00070,ahd10k_08997,777470,ent_merge_000399,شقيقة,DiseaseCondition,ent_merge_000830,صداع,Symptom,HAS_SYMPTOM,HAS_SYMPTOM,true,0.980,على الاغلب هذا شقيقة... الصداع,الصداع مذكور كأعراض محتملة للشقيقة,groq,qwen/qwen3-32b,dah_relation_validation_v1
rel_seed_33aac009c2393b7e,chunk_00070,ahd10k_08997,777470,ent_merge_000399,شقيقة,DiseaseCondition,ent_merge_001594,مسكنات,Treatment,TREATED_BY,TREATED_BY,true,0.950,يمكن اخذ المسكنات مثل الباندول فولت فاست,الدليل يشير بشكل مباشر إلى استخدام المسكنات كعلاج للشقيقة.,groq,qwen/qwen3-32b,dah_relation_validation_v1
rel_seed_cde162157ad07548,chunk_00071,ahd10k_06368,446183,ent_merge_000206,انخفاض السكر,DiseaseCondition,ent_merge_000821,سرعة ضربات القلب,Symptom,HAS_SYMPTOM,HAS_SYMPTOM,true,0.920,اعراض انخفاض السكر: الدوخة، غباش في العين، التعرق الشديد، برودة بالأطراف، دقات قلب سريعة.,The QA explicitly lists 'سرعة ضربات القلب' as a symptom of 'انخفاض السكر' in the evidence text.,groq,qwen/qwen3-32b,colleague_validation
rel_seed_ebc93b1e5e6778f8,chunk_00072,ahd10k_00049,403721,ent_merge_000303,ثقب في القلب,DiseaseCondition,ent_merge_000963,إيكو,Test,DIAGNOSED_BY,DIAGNOSED_BY,true,0.950,قالو بانه تحسن جيدا,الإيكو استخدم لتشخيص تحسن الثقب في القلب,groq,qwen/qwen3-32b,dah_relation_validation_v1
rel_seed_2cfe936e7040012e,chunk_00072,ahd10k_00145,552265,ent_merge_000278,تضيق الأوعية,DiseaseCondition,ent_merge_000806,ذبحة,Symptom,HAS_SYMPTOM,HAS_SYMPTOM,true,0.900,في حالات قد يحدث ذبحة,الذبحة مذكورة كأعراض محتملة لتضيق الأوعية,groq,qwen/qwen3-32b,dah_relation_validation_v1
rel_seed_5f6de39115399973,chunk_00072,ahd10k_00145,552265,ent_merge_000278,تضيق الأوعية,DiseaseCondition,ent_merge_000723,تسارع,Symptom,HAS_SYMPTOM,HAS_SYMPTOM,true,0.850,قد يحدث ... تسارع,التسارع مذكور كأعراض محتملة لتضيق الأوعية,groq,qwen/qwen3-32b,dah_relation_validation_v1
rel_seed_7fde980a89dfd669,chunk_00072,ahd5k_00515,579241,ent_merge_000059,التهاب,DiseaseCondition,ent_merge_001881,الضيق التنفسي,Symptom,HAS_SYMPTOM,HAS_SYMPTOM,true,1.000,الالتهاب مرتبط بضيق التنفس كأعراض مباشرة,العلاقة مدعومة بشكل مباشر من خلال ذكر كلا المصطلحين في السياق الطبي كعلاقة مرض-أعراض,groq,qwen/qwen3-32b,dah_relation_validation_v1
rel_seed_13c42cfe8fdc27fd,chunk_00072,ahd5k_00656,32696,ent_merge_000059,التهاب,DiseaseCondition,ent_merge_001881,الضيق التنفسي,Symptom,HAS_SYMPTOM,HAS_SYMPTOM,true,1.000,الالتهاب مرتبط بضيق التنفس كأعراض مباشرة,العلاقة مدعومة بشكل مباشر من خلال ذكر كلا المصطلحين في السياق الطبي كعلاقة مرض-أعراض,groq,qwen/qwen3-32b,dah_relation_validation_v1
rel_seed_22d1eeb61776a48c,chunk_00072,ahd5k_01510,176662,ent_merge_000059,التهاب,DiseaseCondition,ent_merge_001881,الضيق التنفسي,Symptom,HAS_SYMPTOM,HAS_SYMPTOM,true,1.000,الالتهاب مرتبط بضيق التنفس في السياق الطبي,العلاقة مدعومة بشكل مباشر من خلال ذكر المرض (التهاب) والنتيجة (ضيق تنفس) في السياق نفسه.,groq,qwen/qwen3-32b,dah_relation_validation_v1
rel_seed_68237ba1bb354aec,chunk_00072,ahd5k_01669,456955,ent_merge_000059,التهاب,DiseaseCondition,ent_merge_001881,الضيق التنفسي,Symptom,HAS_SYMPTOM,HAS_SYMPTOM,true,1.000,الالتهاب مرتبط بضيق التنفس في السياق الطبي,العلاقة مدعومة بشكل مباشر من خلال ذكر المرض (التهاب) والنتيجة (ضيق تنفس) في السياق نفسه.,groq,qwen/qwen3-32b,dah_relation_validation_v1
rel_seed_5f928bf3943167e1,chunk_00072,ahd5k_02719,522162,ent_merge_000059,التهاب,DiseaseCondition,ent_merge_001881,الضيق التنفسي,Symptom,HAS_SYMPTOM,HAS_SYMPTOM,true,1.000,الالتهاب مرتبط بضيق التنفس في السياق الطبي,العلاقة مدعومة بشكل مباشر من خلال ذكر المرض (التهاب) والنتيجة (ضيق تنفس) في السياق نفسه.,groq,qwen/qwen3-32b,dah_relation_validation_v1
rel_seed_b8a630e626b20a6c,chunk_00072,ahd5k_02761,112180,ent_merge_000059,التهاب,DiseaseCondition,ent_merge_001881,الضيق التنفسي,Symptom,HAS_SYMPTOM,HAS_SYMPTOM,true,1.000,الالتهاب مرتبط بضيق التنفس في السياق الطبي,العلاقة مدعومة بشكل مباشر من خلال ذكر المرض (التهاب) والنتيجة (ضيق تنفس) في السياق نفسه.,groq,qwen/qwen3-32b,dah_relation_validation_v1
rel_seed_482e7b72a78c1b35,chunk_00075,ahd10k_05184,485050,ent_merge_000280,تضيق الشرايين,DiseaseCondition,ent_merge_000677,ألم الصدر,Symptom,HAS_SYMPTOM,HAS_SYMPTOM,true,0.920,تضيق الشرايين يسبب نقص تروية العضلة القلبية الذي يؤدي إلى ألم الصدر,العلاقة مدعومة بشكل مباشر من النص: تضيق الشرايين يؤدي إلى نقص تروية العضلة القلبية، مما يسبب ألم الصدر كأعراض مرضية,groq,qwen/qwen3-32b,colleague_validation
rel_seed_54e4efb798b3de77,chunk_00076,ahd10k_08553,772185,ent_merge_000277,تضيق الأبهر,DiseaseCondition,ent_merge_001067,قسطرة القلب,Test,DIAGNOSED_BY,DIAGNOSED_BY,true,0.900,تضيق الأبهر الشديد,قسطرة القلب تُستخدم لتشخيص تضيق الأبهر الشديد عبر قياس الضغوط.,groq,qwen/qwen3-32b,colleague_validation
rel_seed_5dbf598b15cefc96,chunk_00076,ahd10k_08553,772185,ent_merge_000442,فشل قلبي,DiseaseCondition,ent_merge_001067,قسطرة القلب,Test,DIAGNOSED_BY,DIAGNOSED_BY,true,0.880,القلبي اللامُعاوَض,قسطرة القلب تُستخدم لتشخيص فشل القلب عبر تقييم وظائف القلب.,groq,qwen/qwen3-32b,colleague_validation
rel_seed_bd655d33c536e7e5,chunk_00076,ahd5k_04706,274111,ent_merge_000059,التهاب,DiseaseCondition,ent_merge_000981,تحليل بول,Test,DIAGNOSED_BY,DIAGNOSED_BY,true,0.900,"الم عند الاستيقاظ فى الكليتين, عمل تحليل بول",Urinalysis (تحليل بول) directly supports diagnosis of kidney inflammation (التهاب),groq,qwen/qwen3-32b,dah_relation_validation_v1
rel_seed_f934624bc366f2c2,chunk_00077,ahd5k_00189,777734,ent_merge_001936,نوبات,Symptom,ent_merge_002032,الاندرال,Treatment,TREATED_BY,TREATED_BY,true,0.800,الإندرال يمكن أن يُساعد في السيطرة على الضربات الهاجرة في القلب.,العلاقة مدعومة بشكل مباشر من النص الذي يشير إلى استخدام الإندرال لعلاج الأعراض.,groq,qwen/qwen3-32b,dah_relation_validation_v1
rel_seed_f6f025dec9e7ddfc,chunk_00078,ahd10k_02097,703421,ent_merge_000836,صعوبة النوم,Symptom,ent_merge_001367,جهاز للتنفس,Treatment,TREATED_BY,TREATED_BY,true,0.950,النوم مع جهاز للتنفس,Direct mention of using the device to address sleep difficulty,groq,qwen/qwen3-32b,dah_relation_validation_v1
rel_seed_2cfff12a653c4351,chunk_00079,ahd10k_01478,789415,ent_merge_000690,الوهن العام,Symptom,ent_merge_000948,الفحص السريري,Test,INVESTIGATED_BY,INVESTIGATED_BY,true,0.800,الفحص السريري مذكور كخطوة قبل الفحوصات المخبرية في سياق التحقيق في سبب الوهن العام,الوهن العام مرتبط بالفحص السريري كجزء من التحقيق الطبي المباشر,groq,qwen/qwen3-32b,dah_relation_validation_v1
rel_seed_55e8896767053bc7,chunk_00079,ahd10k_01478,789415,ent_merge_000690,الوهن العام,Symptom,ent_merge_000954,الفحوصات المخبرية,Test,INVESTIGATED_BY,INVESTIGATED_BY,true,0.750,الفحوصات المخبرية مذكورة كخطوة بعد الفحص السريري في سياق التحقيق في الوهن العام,الوهن العام مرتبط بالفحوصات المخبرية كجزء من التحقيق الطبي المباشر,groq,qwen/qwen3-32b,dah_relation_validation_v1
rel_seed_f6466da41748a923,chunk_00079,ahd10k_01478,789415,ent_merge_000651,الدوقه,Symptom,ent_merge_000954,الفحوصات المخبرية,Test,INVESTIGATED_BY,INVESTIGATED_BY,true,0.900,الفحوصات المخبرية mentioned in context of symptoms,Direct evidence links laboratory tests to investigation of dizziness.,groq,qwen/qwen3-32b,dah_relation_validation_v1
rel_seed_51c73986b94a6810,chunk_00079,ahd10k_01478,789415,ent_merge_000608,الاحساس بالتقيؤ,Symptom,ent_merge_000954,الفحوصات المخبرية,Test,INVESTIGATED_BY,INVESTIGATED_BY,true,0.900,الفحوصات المخبرية mentioned in context of nausea,Direct evidence links laboratory tests to investigation of nausea.,groq,qwen/qwen3-32b,dah_relation_validation_v1
rel_seed_5f3fd5a90485b416,chunk_00079,ahd10k_01478,789415,ent_merge_000115,الجهاز الهضمي,DiseaseCondition,ent_merge_000651,الدوقه,Symptom,HAS_SYMPTOM,HAS_SYMPTOM,true,1.000,الجهلز الهضمي مرتبط بالدوخة,النص يربط بين الجهلز الهضمي والدوخة كعلاقة أعراض,groq,qwen/qwen3-32b,dah_relation_validation_v1
rel_seed_d93a061cae6e55f2,chunk_00079,ahd10k_01478,789415,ent_merge_000115,الجهاز الهضمي,DiseaseCondition,ent_merge_000608,الاحساس بالتقيؤ,Symptom,HAS_SYMPTOM,HAS_SYMPTOM,true,1.000,الجهلز الهضمي مرتبط بالاحساس بالتقيؤ,النص يربط بين الجهلز الهضمي والاحساس بالتقيؤ كعلاقة أعراض,groq,qwen/qwen3-32b,dah_relation_validation_v1
rel_seed_4e3d13b19d9476f5,chunk_00079,ahd10k_01478,789415,ent_merge_000416,ضغط فقرات عظام الرقبة,DiseaseCondition,ent_merge_000651,الدوقه,Symptom,HAS_SYMPTOM,HAS_SYMPTOM,true,0.900,ماسبب الوهن العام والدوخة,Direct symptom-question linkage to cervical spine pressure,groq,qwen/qwen3-32b,dah_relation_validation_v1
rel_seed_c528bcdd08cdcd04,chunk_00079,ahd10k_01478,789415,ent_merge_000416,ضغط فقرات عظام الرقبة,DiseaseCondition,ent_merge_000608,الاحساس بالتقيؤ,Symptom,HAS_SYMPTOM,HAS_SYMPTOM,true,0.800,ماسبب... والاحساس بالتقيؤ,Symptom explicitly mentioned in causal question context,groq,qwen/qwen3-32b,dah_relation_validation_v1
rel_seed_2ed98c86570e1ebc,chunk_00079,ahd10k_01478,789415,ent_merge_000173,الكلوي,DiseaseCondition,ent_merge_000608,الاحساس بالتقيؤ,Symptom,HAS_SYMPTOM,HAS_SYMPTOM,true,0.950,ماسبب...الاحساس بالتقيؤ,Direct symptom causation stated in evidence,groq,qwen/qwen3-32b,dah_relation_validation_v1
rel_seed_d965ad4a170aef9a,chunk_00079,ahd10k_01478,789415,ent_merge_000173,الكلوي,DiseaseCondition,ent_merge_000948,الفحص السريري,Test,DIAGNOSED_BY,DIAGNOSED_BY,true,0.900,قبل الفحوصات المخبرية لعمل الفحص السريري,Diagnostic workflow sequence explicitly mentioned,groq,qwen/qwen3-32b,dah_relation_validation_v1
rel_seed_c87f19104fa42bcd,chunk_00079,ahd5k_03696,108992,ent_merge_001719,الجلطة الدماغية,DiseaseCondition,ent_merge_001166,الأسبرين,Treatment,TREATED_BY,TREATED_BY,true,0.850,الأسبرين + البلافيكس,"QA evidence explicitly states 'الأسبرين + البلافيكس' as treatment for 'الجلطة الدماغية', directly supporting the TREATED_BY relation.",groq,qwen/qwen3-32b,colleague_validation
rel_seed_296be8e447c823e5,chunk_00080,ahd10k_02351,723132,ent_merge_000401,صحة الجسم,DiseaseCondition,ent_merge_001335,تمارين رياضية,Treatment,TREATED_BY,TREATED_BY,true,0.900,ماهو اقل حد من التمارين الرياضية,Direct evidence shows exercise treats body health,groq,qwen/qwen3-32b,colleague_validation
rel_seed_16df4e53a97362c0,chunk_00080,ahd10k_02351,723132,ent_merge_000401,صحة الجسم,DiseaseCondition,ent_merge_001599,مشية,Treatment,TREATED_BY,TREATED_BY,true,0.880,رياضة المشي,Walking explicitly mentioned as treatment for body health,groq,qwen/qwen3-32b,colleague_validation
rel_seed_297d9cd19b9d2a2e,chunk_00080,ahd10k_02351,723132,ent_merge_000401,صحة الجسم,DiseaseCondition,ent_merge_001437,سرعة المشي,Treatment,TREATED_BY,TREATED_BY,true,0.870,سرعة المشي,Fast walking explicitly mentioned as treatment for body health,groq,qwen/qwen3-32b,colleague_validation
rel_seed_2b4bd452cb399f77,chunk_00080,ahd10k_02351,723132,ent_merge_000489,لياقة بدنية,DiseaseCondition,ent_merge_001335,تمارين رياضية,Treatment,TREATED_BY,TREATED_BY,true,0.900,ماهو اقل حد من التمارين الرياضية,Direct evidence shows exercise treats physical fitness,groq,qwen/qwen3-32b,colleague_validation
rel_seed_c0ef11ff68432863,chunk_00080,ahd10k_02351,723132,ent_merge_000489,لياقة بدنية,DiseaseCondition,ent_merge_001599,مشية,Treatment,TREATED_BY,TREATED_BY,true,0.880,رياضة المشي,Walking explicitly mentioned as treatment for physical fitness,groq,qwen/qwen3-32b,colleague_validation
rel_seed_bfeea7ea7f31e34e,chunk_00080,ahd10k_02351,723132,ent_merge_000489,لياقة بدنية,DiseaseCondition,ent_merge_001437,سرعة المشي,Treatment,TREATED_BY,TREATED_BY,true,0.870,سرعة المشي,Fast walking explicitly mentioned as treatment for physical fitness,groq,qwen/qwen3-32b,colleague_validation
rel_seed_42fcd80f461c5547,chunk_00081,ahd5k_04533,772185,ent_merge_000140,السكري,DiseaseCondition,ent_merge_001867,الحادِث الوِعائيٌّ الدِمَاغِيّ,Symptom,HAS_SYMPTOM,HAS_SYMPTOM,true,0.850,السكري,الحوادث الوعائية الدماغية معروفة كمضاعفات للسكري,groq,qwen/qwen3-32b,colleague_validation
rel_seed_0cfde448918938de,chunk_00081,ahd5k_04533,772185,ent_merge_000140,السكري,DiseaseCondition,ent_merge_001891,المضاعفات الوعائية,Symptom,HAS_SYMPTOM,HAS_SYMPTOM,true,0.850,السكري,المضاعفات الوعائية معروفة كمضاعفات للسكري,groq,qwen/qwen3-32b,colleague_validation
rel_seed_d7aa770f0115750f,chunk_00081,ahd5k_04533,772185,ent_merge_001744,الفشل القلبي اللامُعاوَض,DiseaseCondition,ent_merge_001867,الحادِث الوِعائيٌّ الدِمَاغِيّ,Symptom,HAS_SYMPTOM,HAS_SYMPTOM,true,0.850,الفشل القلبي اللامُعاوَض,الحوادث الوعائية الدماغية معروفة كمضاعفات للفشل القلبي,groq,qwen/qwen3-32b,colleague_validation
rel_seed_cfe629f25cc11c1e,chunk_00083,ahd10k_01245,770968,ent_merge_000408,ضعف الدورة الدموية,DiseaseCondition,ent_merge_000598,ازرقاء القدم,Symptom,HAS_SYMPTOM,HAS_SYMPTOM,true,0.800,The text explicitly states that poor blood circulation is a possible cause of blue feet.,Direct evidence links poor circulation to blue feet as a symptom.,groq,qwen/qwen3-32b,dah_relation_validation_v1
rel_seed_5648491a5e5d2f4b,chunk_00083,ahd10k_01245,770968,ent_merge_000285,تقلص في الشرايين,DiseaseCondition,ent_merge_000598,ازرقاء القدم,Symptom,HAS_SYMPTOM,HAS_SYMPTOM,true,0.950,ازرقاء القدم هو نتيجة تقلص في الشرايين ويكون هذا في الماء البارد او في فصل الشتاء,العلاقة مدعومة بشكل مباشر من النص الذي يربط تقلص الشرايين بأزرقاق القدمين كأعراض,groq,qwen/qwen3-32b,dah_relation_validation_v1
rel_seed_f203ad8e426b2998,chunk_00085,ahd10k_05926,230014,ent_merge_000106,التهابات,DiseaseCondition,ent_merge_001406,ديزاكروفيس,Treatment,TREATED_BY,TREATED_BY,true,0.950,يستخدم بهدف التحكم بالالتهابات,Direct evidence states the treatment is used to control infections,groq,qwen/qwen3-32b,dah_relation_validation_v1
rel_seed_d93ccda249221361,chunk_00085,ahd10k_05926,230014,ent_merge_000506,مرض الصدر,DiseaseCondition,ent_merge_001406,ديزاكروفيس,Treatment,TREATED_BY,TREATED_BY,true,0.900,مثل استخدامه في امراض الصدر,Explicit mention of use in chest diseases,groq,qwen/qwen3-32b,dah_relation_validation_v1
rel_seed_2d04f2f3cffc8e46,chunk_00086,ahd10k_06326,787493,ent_merge_000677,ألم الصدر,Symptom,ent_merge_000963,إيكو,Test,INVESTIGATED_BY,INVESTIGATED_BY,true,1.000,عملت ايكو,Direct evidence links chest pain to echo test.,groq,qwen/qwen3-32b,dah_relation_validation_v1
rel_seed_73f4e1872e3f3e5c,chunk_00086,ahd10k_06326,787493,ent_merge_000677,ألم الصدر,Symptom,ent_merge_000948,الفحص السريري,Test,INVESTIGATED_BY,INVESTIGATED_BY,true,1.000,الفحص السريري هو الخطوة الاولى,Clinical exam explicitly stated as first step for chest pain.,groq,qwen/qwen3-32b,dah_relation_validation_v1
rel_seed_e6616c7aea6c2a6b,chunk_00086,ahd5k_01537,764877,ent_merge_000906,وجع,Symptom,ent_merge_000924,أشعة,Test,INVESTIGATED_BY,INVESTIGATED_BY,true,0.850,اشعة بالصبغة,X-ray (with contrast) is a direct diagnostic test for investigating pain (وجع) as per clinical context.,groq,qwen/qwen3-32b,colleague_validation
rel_seed_816bcc3d5c4c18a9,chunk_00086,ahd5k_01537,764877,ent_merge_000696,انتفاخ,Symptom,ent_merge_000924,أشعة,Test,INVESTIGATED_BY,INVESTIGATED_BY,true,0.850,اشعة بالصبغة,X-ray (with contrast) is a direct diagnostic test for investigating swelling (انتفاخ) as per clinical context.,groq,qwen/qwen3-32b,colleague_validation
rel_seed_bd780eedd9f7201b,chunk_00088,ahd10k_09755,808428,ent_merge_000847,ضيق تنفس,Symptom,ent_merge_000953,الفحوصات اللازمه,Test,INVESTIGATED_BY,INVESTIGATED_BY,true,0.900,فيجب مراجعة طبيب أمراض صدريه لعمل الفحوصات اللازمه,العلاقة تربط مباشرة بين الأعراض (ضيق التنفس) والفحوصات المطلوبة كجزء من التحقيق الطبي,groq,qwen/qwen3-32b,dah_relation_validation_v1
rel_seed_336e293fabcd716c,chunk_00088,ahd5k_03846,413296,ent_merge_001719,الجلطة الدماغية,DiseaseCondition,ent_merge_002005,AspicotK,Treatment,TREATED_BY,TREATED_BY,true,0.850,AspicotK mentioned in QA as treatment for الجلطة الدماغية,Direct QA evidence links treatment to condition,groq,qwen/qwen3-32b,colleague_validation
rel_seed_c7207ddd34e0f93c,chunk_00088,ahd5k_03846,413296,ent_merge_001719,الجلطة الدماغية,DiseaseCondition,ent_merge_002004,Acetyl Salicylic Acid,Treatment,TREATED_BY,TREATED_BY,true,0.850,Acetyl Salicylic Acid mentioned in QA as treatment for الجلطة الدماغية,Direct QA evidence links treatment to condition,groq,qwen/qwen3-32b,colleague_validation
rel_seed_411d02ae6f9589f5,chunk_00088,ahd5k_03846,413296,ent_merge_001719,الجلطة الدماغية,DiseaseCondition,ent_merge_002006,Dabigatran,Treatment,TREATED_BY,TREATED_BY,true,0.850,Dabigatran mentioned in QA as treatment for الجلطة الدماغية,Direct QA evidence links treatment to condition,groq,qwen/qwen3-32b,colleague_validation
rel_seed_020cc0298a7a5f7a,chunk_00088,ahd5k_03846,413296,ent_merge_001719,الجلطة الدماغية,DiseaseCondition,ent_merge_002173,دواء الpradaxa,Treatment,TREATED_BY,TREATED_BY,true,0.850,دواء الpradaxa mentioned in QA as treatment for الجلطة الدماغية,Direct QA evidence links treatment to condition,groq,qwen/qwen3-32b,colleague_validation
rel_seed_005f8f670d3371a8,chunk_00089,ahd10k_01913,775351,ent_merge_000526,موت,DiseaseCondition,ent_merge_000755,توقف التنفس,Symptom,HAS_SYMPTOM,HAS_SYMPTOM,true,0.950,أول ما يحدث في الموت ؛ وقف التنفس,Direct evidence links 'موت' to 'توقف التنفس' as a primary symptom.,groq,qwen/qwen3-32b,dah_relation_validation_v1
rel_seed_e14359e7fa0de3a1,chunk_00089,ahd5k_00010,550455,ent_merge_000326,حساسية,DiseaseCondition,ent_merge_000847,ضيق تنفس,Symptom,HAS_SYMPTOM,HAS_SYMPTOM,true,0.900,حساسية، ضيق تنفس,Direct co-occurrence of 'حساسية' and 'ضيق تنفس' in evidence supports the symptom relation.,groq,qwen/qwen3-32b,dah_relation_validation_v1
rel_seed_9ee2be30e3026304,chunk_00089,ahd5k_00864,268161,ent_merge_000326,حساسية,DiseaseCondition,ent_merge_000975,تحليل الحساسية,Test,DIAGNOSED_BY,DIAGNOSED_BY,true,0.850,تحليل الحساسية,Allergy tests (تحليل الحساسية) are standard diagnostic tools for confirming allergies (حساسية). The QA explicitly links the test to the condition.,groq,qwen/qwen3-32b,colleague_validation
rel_seed_ead1780cd034b873,chunk_00091,ahd10k_06227,602819,ent_merge_000505,مرض السكري,DiseaseCondition,ent_merge_000841,ضعف,Symptom,HAS_SYMPTOM,HAS_SYMPTOM,true,0.900,Diabetes mentioned with request for treatment of weakness,Weakness is a documented symptom of diabetes,groq,qwen/qwen3-32b,dah_relation_validation_v1
rel_seed_a349edc2c6cb07f0,chunk_00091,ahd5k_01099,628555,ent_merge_000059,التهاب,DiseaseCondition,ent_merge_000768,حرقه,Symptom,HAS_SYMPTOM,HAS_SYMPTOM,true,0.850,حرقه في المهبل,Direct symptom manifestation of inflammation,groq,qwen/qwen3-32b,colleague_validation
rel_seed_dee5ea4fb721b08a,chunk_00092,ahd10k_08353,727611,ent_merge_000305,ثلاسيميا,DiseaseCondition,ent_merge_001644,نقل الدم,Treatment,TREATED_BY,TREATED_BY,true,0.950,لا يوجد علاج للمرض سوى نقل الدم او زراعةنخاع العظم,Directly stated as treatment options in evidence,groq,qwen/qwen3-32b,dah_relation_validation_v1
rel_seed_69b9286bc5c88628,chunk_00092,ahd10k_08353,727611,ent_merge_000305,ثلاسيميا,DiseaseCondition,ent_merge_001421,زراعة نخاع العظم,Treatment,TREATED_BY,TREATED_BY,true,0.950,لا يوجد علاج للمرض سوى نقل الدم او زراعةنخاع العظم,Directly stated as treatment options in evidence,groq,qwen/qwen3-32b,dah_relation_validation_v1
rel_seed_7ad4106ba6c38eb1,chunk_00093,ahd10k_00104,618860,ent_merge_000178,المرارة,DiseaseCondition,ent_merge_000678,ألم حادة,Symptom,HAS_SYMPTOM,HAS_SYMPTOM,true,0.850,الالم الحادة بالجهة اليمنى من الجسم اسفل القفص الصدري,Direct symptom-location correlation with gallbladder condition,groq,qwen/qwen3-32b,colleague_validation
rel_seed_6c2a479c5122ec88,chunk_00094,ahd10k_01483,81521,ent_merge_000453,فيروسات الكبد,DiseaseCondition,ent_merge_001008,سونار علي البطن,Test,DIAGNOSED_BY,DIAGNOSED_BY,true,1.000,evidence explicitly states ultrasound with liver viruses,direct diagnostic test mentioned for liver viruses,groq,qwen/qwen3-32b,dah_relation_validation_v1
rel_seed_e818b796d707f74d,chunk_00094,ahd10k_06647,697832,ent_merge_000453,فيروسات الكبد,DiseaseCondition,ent_merge_000613,الاصفرار,Symptom,HAS_SYMPTOM,HAS_SYMPTOM,true,0.850,الاصفرار بصلبة العين يتطلب استقصاءات مخبرية لفيروسات الكبد,الاصفرار (اليرقان) هو عرض سريري يُستخدم كمؤشر للاشتباه بفيروسات الكبد في السياق الطبي,groq,qwen/qwen3-32b,colleague_validation
rel_seed_0b77306e24b7e75d,chunk_00095,ahd10k_04186,278261,ent_merge_000160,الغدة الدرقية,DiseaseCondition,ent_merge_000827,شحم,Symptom,HAS_SYMPTOM,HAS_SYMPTOM,true,0.800,لاني عندي شحم في الكبد,Direct statement links liver fat as a symptom of thyroid condition,groq,qwen/qwen3-32b,dah_relation_validation_v1
rel_seed_7037d60fa108ceef,chunk_00096,ahd10k_07620,448666,ent_merge_000175,الكوليسترول,DiseaseCondition,ent_merge_001092,cazet,Treatment,TREATED_BY,TREATED_BY,true,0.850,استخدم cazet 10/20,Direct treatment of LDL cholesterol with cazet is explicitly stated.,groq,qwen/qwen3-32b,colleague_validation
rel_seed_435caab0242a1ccb,chunk_00097,ahd10k_01861,476411,ent_merge_000293,تليف الكبد,DiseaseCondition,ent_merge_000776,حكة,Symptom,HAS_SYMPTOM,HAS_SYMPTOM,true,1.000,مشكلة حكة في جسمي,Direct mention of itching (حكة) as a reported symptom,groq,qwen/qwen3-32b,dah_relation_validation_v1
rel_seed_206f64793242a61a,chunk_00097,ahd10k_01861,476411,ent_merge_000293,تليف الكبد,DiseaseCondition,ent_merge_000601,اصفرار العين,Symptom,HAS_SYMPTOM,HAS_SYMPTOM,true,1.000,اصفرار في العين والجسم,Direct mention of yellowing eyes (اصفرار العين) as a reported symptom,groq,qwen/qwen3-32b,dah_relation_validation_v1
rel_seed_ca8a4c0fc1e7a696,chunk_00097,ahd5k_01128,697206,ent_merge_000641,الجوع,Symptom,ent_merge_002080,الطعام,Treatment,TREATED_BY,TREATED_BY,true,0.920,الطعام,Direct treatment relation supported by context where food addresses hunger,groq,qwen/qwen3-32b,colleague_validation
rel_seed_c7a604211fdf0af8,chunk_00099,ahd10k_05585,408065,ent_merge_000568,ورم,DiseaseCondition,ent_merge_001645,نكسفار,Treatment,TREATED_BY,TREATED_BY,true,0.950,يستعمل الان نكسفار,Direct treatment statement with specific medication,groq,qwen/qwen3-32b,dah_relation_validation_v1
rel_seed_16bdaf1cd682f303,chunk_00100,ahd10k_00533,788983,ent_merge_000082,التهاب الكبد,DiseaseCondition,ent_merge_001602,مضاد للفيروس,Treatment,TREATED_BY,TREATED_BY,true,0.950,العلاج هو... مضاد للفيروس لمدة بين 24 اسبوع و48 اسبوع,الدليل يشير بشكل مباشر إلى استخدام مضاد للفيروس كعلاج لالتهاب الكبد ب الخامل.,groq,qwen/qwen3-32b,dah_relation_validation_v1
rel_seed_a504833958796694,chunk_00101,ahd10k_01484,66648,ent_merge_000851,عدم الاحساس بالعلاقه الجنسيه,Symptom,ent_merge_001253,المداعبة,Treatment,TREATED_BY,TREATED_BY,true,0.950,إطالة المداعبة قدر الإمكان لإثارة الأعضاء التناسلية بشكل عادي,Direct treatment recommendation for symptom management,groq,qwen/qwen3-32b,dah_relation_validation_v1
rel_seed_c2838e650bd08d18,chunk_00101,ahd10k_01484,66648,ent_merge_000851,عدم الاحساس بالعلاقه الجنسيه,Symptom,ent_merge_001255,المزلقات المائية,Treatment,TREATED_BY,TREATED_BY,true,0.850,يمكن استخدام المزلقات المائية أو غيرها,Specific treatment option mentioned for symptom management,groq,qwen/qwen3-32b,dah_relation_validation_v1
rel_seed_bf64f59a57a3ba0a,chunk_00101,ahd5k_01611,617536,ent_merge_000782,حمى,Symptom,ent_merge_002235,مسكن للالم,Treatment,TREATED_BY,TREATED_BY,true,0.850,عليكي استخدام... مسكن للالم بعد تطعيم,Direct treatment recommendation for حمى (fever) using مسكن للالم (painkiller).,groq,qwen/qwen3-32b,colleague_validation
rel_seed_b9748ca8341efe1d,chunk_00101,ahd5k_01611,617536,ent_merge_000782,حمى,Symptom,ent_merge_002168,خافض حراره,Treatment,TREATED_BY,TREATED_BY,true,0.850,عليكي استخدام... خافض حراره بعد تطعيم,Direct treatment recommendation for حمى (fever) using خافض حراره (fever reducer).,groq,qwen/qwen3-32b,colleague_validation
rel_seed_1cddbbe07542d87f,chunk_00102,ahd5k_04651,519067,ent_merge_000782,حمى,Symptom,ent_merge_002168,خافض حراره,Treatment,TREATED_BY,TREATED_BY,true,0.900,اعطية ... خافض حرارة,Direct evidence of fever reducer administered for fever,groq,qwen/qwen3-32b,colleague_validation
rel_seed_32e3316b3e5ff582,chunk_00103,ahd10k_00929,685699,ent_merge_000079,التهاب القنوات المراريه,DiseaseCondition,ent_merge_000602,اصفرار في العين,Symptom,HAS_SYMPTOM,HAS_SYMPTOM,true,0.900,اصفرار في العين له اسباب كثيره كالتهاب القنوات المراريه,Direct causal link stated in QA context,groq,qwen/qwen3-32b,colleague_validation
rel_seed_9ebc19f182cebf5e,chunk_00103,ahd10k_00929,685699,ent_merge_000079,التهاب القنوات المراريه,DiseaseCondition,ent_merge_000950,الفحوص الخبريه,Test,DIAGNOSED_BY,DIAGNOSED_BY,true,0.850,للفوق على الاسباب يجب عمل الفحوص الخبريه,Test explicitly linked to diagnosing the condition,groq,qwen/qwen3-32b,colleague_validation
rel_seed_1721abd31bb4e9a8,chunk_00103,ahd10k_00929,685699,ent_merge_000079,التهاب القنوات المراريه,DiseaseCondition,ent_merge_000945,الصور اللازمه,Test,DIAGNOSED_BY,DIAGNOSED_BY,true,0.850,للفوق على الاسباب يجب عمل الصور اللازمه,Test explicitly linked to diagnosing the condition,groq,qwen/qwen3-32b,colleague_validation
rel_seed_6770d98444a7ab50,chunk_00103,ahd10k_00929,685699,ent_merge_000198,امراض الكبد,DiseaseCondition,ent_merge_000602,اصفرار في العين,Symptom,HAS_SYMPTOM,HAS_SYMPTOM,true,0.900,اصفرار في العين له اسباب كثيره كامراض الكبد,Direct causal link stated in QA context,groq,qwen/qwen3-32b,colleague_validation
rel_seed_3f53bb11440db101,chunk_00103,ahd10k_00929,685699,ent_merge_000198,امراض الكبد,DiseaseCondition,ent_merge_000950,الفحوص الخبريه,Test,DIAGNOSED_BY,DIAGNOSED_BY,true,0.850,للفوق على الاسباب يجب عمل الفحوص الخبريه,Test explicitly linked to diagnosing the condition,groq,qwen/qwen3-32b,colleague_validation
rel_seed_c50e6cf9011a9716,chunk_00103,ahd10k_00929,685699,ent_merge_000198,امراض الكبد,DiseaseCondition,ent_merge_000945,الصور اللازمه,Test,DIAGNOSED_BY,DIAGNOSED_BY,true,0.850,للفوق على الاسباب يجب عمل الصور اللازمه,Test explicitly linked to diagnosing the condition,groq,qwen/qwen3-32b,colleague_validation
rel_seed_68ad02d04def6625,chunk_00103,ahd10k_00929,685699,ent_merge_000602,اصفرار في العين,Symptom,ent_merge_000950,الفحوص الخبريه,Test,INVESTIGATED_BY,INVESTIGATED_BY,true,0.850,للفوق على الاسباب يجب عمل الفحوص الخبريه,Test explicitly linked to investigating the symptom,groq,qwen/qwen3-32b,colleague_validation
rel_seed_348d4a13ffaf8149,chunk_00103,ahd10k_00929,685699,ent_merge_000602,اصفرار في العين,Symptom,ent_merge_000945,الصور اللازمه,Test,INVESTIGATED_BY,INVESTIGATED_BY,true,0.850,للفوق على الاسباب يجب عمل الصور اللازمه,Test explicitly linked to investigating the symptom,groq,qwen/qwen3-32b,colleague_validation
rel_seed_186c3476bbb55185,chunk_00104,ahd10k_06887,722857,ent_merge_000437,فرط شحميات الدم,DiseaseCondition,ent_merge_000947,الفحص الدوري لدهون الدم,Test,DIAGNOSED_BY,DIAGNOSED_BY,true,0.950,يجب: - الفحص الدوري لدهون الدم,Direct diagnostic recommendation for hyperlipidemia,groq,qwen/qwen3-32b,dah_relation_validation_v1
rel_seed_56cfd2d3646a6fa7,chunk_00104,ahd10k_06887,722857,ent_merge_000437,فرط شحميات الدم,DiseaseCondition,ent_merge_001339,تناول الأطعمة الغنية بالألياف,Treatment,TREATED_BY,TREATED_BY,true,0.900,تناول الأطعمة الغنية بالألياف,Direct treatment recommendation for hyperlipidemia,groq,qwen/qwen3-32b,dah_relation_validation_v1
rel_seed_e118d7e69fe2d82a,chunk_00104,ahd10k_06887,722857,ent_merge_000245,تراكم الدهون في الكبد,DiseaseCondition,ent_merge_001199,الحفاظ على الوزن الصحي,Treatment,TREATED_BY,TREATED_BY,true,0.900,الحفاظ على الوزن الصحي,Directly mentioned as a treatment in evidence.,groq,qwen/qwen3-32b,dah_relation_validation_v1
rel_seed_2522488139d4c280,chunk_00104,ahd10k_06887,722857,ent_merge_000246,ترسب الدهون في الجلد,DiseaseCondition,ent_merge_000947,الفحص الدوري لدهون الدم,Test,DIAGNOSED_BY,DIAGNOSED_BY,true,0.900,يجب: - الفحص الدوري لدهون الدم,Direct diagnostic recommendation for periodic blood lipid tests,groq,qwen/qwen3-32b,dah_relation_validation_v1
rel_seed_ee9de65f0c9610c2,chunk_00104,ahd10k_06887,722857,ent_merge_000246,ترسب الدهون في الجلد,DiseaseCondition,ent_merge_001339,تناول الأطعمة الغنية بالألياف,Treatment,TREATED_BY,TREATED_BY,true,0.700,تناول الأطعمة الغنية بالألياف,Direct treatment recommendation for fiber-rich foods,groq,qwen/qwen3-32b,dah_relation_validation_v1
rel_seed_e34fcdf44c6d6179,chunk_00105,ahd10k_06187,698794,ent_merge_000271,تضخم الطحال,DiseaseCondition,ent_merge_001381,حقن الطحال,Treatment,TREATED_BY,TREATED_BY,true,0.900,تم اجراء عملية حقن للطحال,الحقن مذكور كعلاج مباشر للطحال,groq,qwen/qwen3-32b,colleague_validation
rel_seed_35d98282f3ff0538,chunk_00105,ahd10k_06187,698794,ent_merge_000448,فقر دم,DiseaseCondition,ent_merge_001570,مدرات البول,Treatment,TREATED_BY,TREATED_BY,true,0.950,يستكمل العلاج بمدرات البول,Direct treatment statement for anemia with diuretics,groq,qwen/qwen3-32b,dah_relation_validation_v1
rel_seed_f138f8dd78d504ee,chunk_00105,ahd10k_06187,698794,ent_merge_000262,تشمع الكبد,DiseaseCondition,ent_merge_001570,مدرات البول,Treatment,TREATED_BY,TREATED_BY,true,0.950,يستكمل العلاج بمدرات البول,Direct treatment statement for liver cirrhosis,groq,qwen/qwen3-32b,dah_relation_validation_v1
rel_seed_53f9b31d05c74109,chunk_00108,ahd5k_04444,484235,ent_merge_001920,سيلان الانف,Symptom,ent_merge_001983,خصائي الاطفال,Test,INVESTIGATED_BY,INVESTIGATED_BY,true,0.850,لابد من عرضه على اخصائي الاطفال,Direct recommendation for investigation by a pediatrician,groq,qwen/qwen3-32b,colleague_validation
rel_seed_7b53095cf437ad6a,chunk_00108,ahd5k_04444,484235,ent_merge_001920,سيلان الانف,Symptom,ent_merge_002128,بخاخات الماء والملح,Treatment,TREATED_BY,TREATED_BY,true,0.850,جرب بخاخات الماء والملح,Specific treatment recommendation for nasal discharge,groq,qwen/qwen3-32b,colleague_validation
rel_seed_f026d1286fb922f7,chunk_00111,ahd10k_02829,806341,ent_merge_000439,فرط فيتامين أ,DiseaseCondition,ent_merge_000686,النرفزة,Symptom,HAS_SYMPTOM,HAS_SYMPTOM,true,0.950,علاج فرط فيتامين أ يسبب تسمم في الجسم يؤدي الى اضطراب الجهاز العصبي والنرفزة,Directly stated in evidence as a symptom of hypervitaminosis A,groq,qwen/qwen3-32b,dah_relation_validation_v1
rel_seed_f0752e262950e3b2,chunk_00111,ahd10k_02829,806341,ent_merge_000439,فرط فيتامين أ,DiseaseCondition,ent_merge_000623,آلام في البطن,Symptom,HAS_SYMPTOM,HAS_SYMPTOM,true,0.950,علاج فرط فيتامين أ يسبب تسمم في الجسم يؤدي الى اضطراب الجهاز العصبي والنرفزة وآلام في البطن,Explicitly mentioned as a symptom in evidence,groq,qwen/qwen3-32b,dah_relation_validation_v1
rel_seed_22e53947d894060d,chunk_00111,ahd10k_02829,806341,ent_merge_000255,تسمم,DiseaseCondition,ent_merge_000686,النرفزة,Symptom,HAS_SYMPTOM,HAS_SYMPTOM,true,0.900,تسمم يسبب اضطراب الجهاز العصبي والنرفزة,Direct symptom causation stated in evidence,groq,qwen/qwen3-32b,dah_relation_validation_v1
rel_seed_269f70f6a03b5b80,chunk_00111,ahd10k_02829,806341,ent_merge_000255,تسمم,DiseaseCondition,ent_merge_000623,آلام في البطن,Symptom,HAS_SYMPTOM,HAS_SYMPTOM,true,0.900,علاج فرط فيتامين أ يسبب تسمم في الجسم يؤدي إلى آلام في البطن,Directly stated in evidence as a symptom of toxicity,groq,qwen/qwen3-32b,dah_relation_validation_v1
rel_seed_4d86621bdaaf1245,chunk_00111,ahd10k_02829,806341,ent_merge_000255,تسمم,DiseaseCondition,ent_merge_000624,آلام في المفاصل,Symptom,HAS_SYMPTOM,HAS_SYMPTOM,true,0.900,علاج فرط فيتامين أ يسبب تسمم في الجسم يؤدي إلى آلام في المفاصل,Directly stated in evidence as a symptom of toxicity,groq,qwen/qwen3-32b,dah_relation_validation_v1
rel_seed_8979c1c1ac3db84a,chunk_00111,ahd10k_02829,806341,ent_merge_000023,اضطراب الجهاز العصبي,DiseaseCondition,ent_merge_000686,النرفزة,Symptom,HAS_SYMPTOM,HAS_SYMPTOM,true,0.800,علاج فرط فيتامين أ يسبب تسمم في الجسم يؤدي إلى اضطراب الجهاز العصبي والنرفزة,Directly stated in evidence as a symptom of nervous system disorder,groq,qwen/qwen3-32b,dah_relation_validation_v1
rel_seed_0379f06933bed66a,chunk_00111,ahd10k_02829,806341,ent_merge_000023,اضطراب الجهاز العصبي,DiseaseCondition,ent_merge_000624,آلام في المفاصل,Symptom,HAS_SYMPTOM,HAS_SYMPTOM,true,0.950,العديد من الأعراض المذكورة تشير إلى اضطراب الجهاز العصبي يسبب آلام في المفاصل,النص يربط مباشرة بين اضطراب الجهاز العصبي وآلام المفاصل كأعراض للتسمم بفيتامين أ,groq,qwen/qwen3-32b,dah_relation_validation_v1
rel_seed_fe4854bc230b586f,chunk_00111,ahd10k_02829,806341,ent_merge_000023,اضطراب الجهاز العصبي,DiseaseCondition,ent_merge_000830,صداع,Symptom,HAS_SYMPTOM,HAS_SYMPTOM,true,0.950,اضطراب الجهاز العصبي مرتبط بالصداع كأعراض للتسمم بفيتامين أ,النص يذكر الصداع كأحد أعراض اضطراب الجهاز العصبي الناتج عن فرط فيتامين أ,groq,qwen/qwen3-32b,dah_relation_validation_v1
rel_seed_273998e23f58410a,chunk_00111,ahd10k_02829,806341,ent_merge_000273,تضخم الكبد,DiseaseCondition,ent_merge_000623,آلام في البطن,Symptom,HAS_SYMPTOM,HAS_SYMPTOM,true,0.900,تضخم الكبد يسبب آلام في البطن,Direct symptom causation stated in evidence,groq,qwen/qwen3-32b,dah_relation_validation_v1
rel_seed_32cd3f8aec333616,chunk_00111,ahd10k_02829,806341,ent_merge_000273,تضخم الكبد,DiseaseCondition,ent_merge_000624,آلام في المفاصل,Symptom,HAS_SYMPTOM,HAS_SYMPTOM,true,0.900,تضخم الكبد يسبب آلام في المفاصل,Direct symptom causation stated in evidence,groq,qwen/qwen3-32b,dah_relation_validation_v1
rel_seed_2330bdb0117f5d0e,chunk_00111,ahd10k_03795,715081,ent_merge_000552,نقص فيتامين د,DiseaseCondition,ent_merge_001620,مكملات فيتامين د,Treatment,TREATED_BY,TREATED_BY,true,1.000,يتم علاجه بمكملات فيتامين د,Direct evidence explicitly states vitamin D supplements treat deficiency,groq,qwen/qwen3-32b,dah_relation_validation_v1
rel_seed_e55adae449faf9ad,chunk_00111,ahd10k_03795,715081,ent_merge_000552,نقص فيتامين د,DiseaseCondition,ent_merge_001319,تعرض لاشعة الشمس,Treatment,TREATED_BY,TREATED_BY,true,1.000,التعرض لاشعة الشمس,Direct evidence explicitly states sun exposure treats deficiency,groq,qwen/qwen3-32b,dah_relation_validation_v1
rel_seed_057f9df874a39b1c,chunk_00111,ahd5k_02569,518611,ent_merge_000059,التهاب,DiseaseCondition,ent_merge_002113,النضاد الحيوي,Treatment,TREATED_BY,TREATED_BY,true,0.850,في بعض الحالات يحتاج الطفل لعلاج بالنضاد الحيوي عن طريق الفم الي جانب العلاج الموضعي,العلاج بالمضاد الحيوي مذكور كجزء من العلاج الموصى به للالتهاب,groq,qwen/qwen3-32b,colleague_validation
rel_seed_67bacf5524eab993,chunk_00111,ahd5k_02569,518611,ent_merge_001700,التهاب الحفاظ,DiseaseCondition,ent_merge_002113,النضاد الحيوي,Treatment,TREATED_BY,TREATED_BY,true,0.850,في بعض الحالات يحتاج الطفل لعلاج بالنضاد الحيوي عن طريق الفم الي جانب العلاج الموضعي,العلاج بالمضاد الحيوي مذكور كجزء من العلاج الموصى به لالتهاب الحفاظ,groq,qwen/qwen3-32b,colleague_validation
rel_seed_8ce665b3cee16d87,chunk_00112,ahd10k_06143,805860,ent_merge_000390,سكر,DiseaseCondition,ent_merge_000864,فقدان حاسة الشم,Symptom,HAS_SYMPTOM,HAS_SYMPTOM,true,1.000,الخلل في تمثيل السكر يؤدي الى امراض في العين وفقدان حاسة الشم,Direct evidence links sugar metabolism disruption to loss of smell as a symptom.,groq,qwen/qwen3-32b,dah_relation_validation_v1
rel_seed_84f1cf6c457000eb,chunk_00113,ahd10k_09543,445050,ent_merge_000355,داء السكري,DiseaseCondition,ent_merge_001037,فحص السكر,Test,DIAGNOSED_BY,DIAGNOSED_BY,true,0.900,فحص السكر,Blood sugar test directly diagnoses diabetes.,groq,qwen/qwen3-32b,colleague_validation
rel_seed_94e0aaccf2a97f2b,chunk_00113,ahd10k_09543,445050,ent_merge_000355,داء السكري,DiseaseCondition,ent_merge_001201,الحمية,Treatment,TREATED_BY,TREATED_BY,true,0.850,ابدء بالحمية,Diet is a recommended treatment for diabetes.,groq,qwen/qwen3-32b,colleague_validation
rel_seed_0cd5a2d50fc8fb62,chunk_00113,ahd10k_09543,445050,ent_merge_000355,داء السكري,DiseaseCondition,ent_merge_001209,الرياضة,Treatment,TREATED_BY,TREATED_BY,true,0.850,ابدء بالحمية والرياضة,Exercise is a recommended treatment for diabetes.,groq,qwen/qwen3-32b,colleague_validation
rel_seed_e81695d6e88ef641,chunk_00113,ahd10k_09543,445050,ent_merge_000363,دهون في الكبد,DiseaseCondition,ent_merge_001201,الحمية,Treatment,TREATED_BY,TREATED_BY,true,0.850,ابدء بالحمية,Diet is a recommended treatment for fatty liver.,groq,qwen/qwen3-32b,colleague_validation
rel_seed_18b6547dc9e9397e,chunk_00113,ahd10k_09543,445050,ent_merge_000363,دهون في الكبد,DiseaseCondition,ent_merge_001209,الرياضة,Treatment,TREATED_BY,TREATED_BY,true,0.850,ابدء بالحمية والرياضة,Exercise is a recommended treatment for fatty liver.,groq,qwen/qwen3-32b,colleague_validation
rel_seed_5cf14911e99ad269,chunk_00113,ahd10k_09543,445050,ent_merge_000059,التهاب,DiseaseCondition,ent_merge_001201,الحمية,Treatment,TREATED_BY,TREATED_BY,true,0.850,ابدء بالحمية,Diet is a recommended treatment for inflammation.,groq,qwen/qwen3-32b,colleague_validation
rel_seed_4a5c3e35f758014d,chunk_00114,ahd10k_06372,786785,ent_merge_000355,داء السكري,DiseaseCondition,ent_merge_001448,شاي أخضر,Treatment,TREATED_BY,TREATED_BY,true,0.950,"الشاي الأخضر أفضلهن لكثرة فوائده, يخفض مستوى السكر في الدم",Direct evidence links green tea to lowering blood sugar in diabetes.,groq,qwen/qwen3-32b,dah_relation_validation_v1
rel_seed_ee62305db6bd6872,chunk_00114,ahd10k_06372,786785,ent_merge_000355,داء السكري,DiseaseCondition,ent_merge_000893,نقص الوزن,Symptom,HAS_SYMPTOM,HAS_SYMPTOM,true,0.980,نقص الوزن,Weight loss is explicitly listed as a symptom of diabetes.,groq,qwen/qwen3-32b,dah_relation_validation_v1
rel_seed_422060fc91688ec0,chunk_00114,ahd10k_06372,786785,ent_merge_000258,تسمم غذائي,DiseaseCondition,ent_merge_000893,نقص الوزن,Symptom,HAS_SYMPTOM,HAS_SYMPTOM,true,0.900,نقص الوزن,نقص الوزن مذكور كأحد الأعراض المرتبطة بالتسمم الغذائي.,groq,qwen/qwen3-32b,dah_relation_validation_v1
rel_seed_7a0dfc74fe92f6a0,chunk_00114,ahd10k_06372,786785,ent_merge_000543,نقص الحديد,DiseaseCondition,ent_merge_000893,نقص الوزن,Symptom,HAS_SYMPTOM,HAS_SYMPTOM,true,0.900,نقص الوزن,نقص الوزن مذكور كأحد الأعراض المرتبطة بنقص الحديد.,groq,qwen/qwen3-32b,dah_relation_validation_v1
rel_seed_510d175567162703,chunk_00114,ahd5k_02966,650929,ent_merge_001680,الأسنان,DiseaseCondition,ent_merge_002042,التغذية,Treatment,TREATED_BY,TREATED_BY,true,0.850,Nutrition as a treatment for dental conditions,Valid treatment relation for dental health,groq,qwen/qwen3-32b,colleague_validation
rel_seed_3d6bda9520e51907,chunk_00114,ahd5k_02966,650929,ent_merge_001680,الأسنان,DiseaseCondition,ent_merge_002045,التفريش,Treatment,TREATED_BY,TREATED_BY,true,0.850,Brushing as a treatment for dental conditions,Valid treatment relation for dental health,groq,qwen/qwen3-32b,colleague_validation
rel_seed_d442b8dd258e202d,chunk_00114,ahd5k_02966,650929,ent_merge_001680,الأسنان,DiseaseCondition,ent_merge_002115,النظافة اليومية,Treatment,TREATED_BY,TREATED_BY,true,0.850,Daily hygiene as a treatment for dental conditions,Valid treatment relation for dental health,groq,qwen/qwen3-32b,colleague_validation
rel_seed_ac612d9b4ede9dbb,chunk_00114,ahd5k_02966,650929,ent_merge_001680,الأسنان,DiseaseCondition,ent_merge_002144,تنظيف اللثة,Treatment,TREATED_BY,TREATED_BY,true,0.850,Gum cleaning as a treatment for dental conditions,Valid treatment relation for dental health,groq,qwen/qwen3-32b,colleague_validation
rel_seed_7db39615f8ae58c4,chunk_00115,ahd10k_01671,560413,ent_merge_000314,حاصاوى,DiseaseCondition,ent_merge_000617,الام,Symptom,HAS_SYMPTOM,HAS_SYMPTOM,true,0.850,اعاني من الأم في المعدة في منطقة الكليتين,Direct symptom mention in kidney area for 'حاصاوى',groq,qwen/qwen3-32b,colleague_validation
rel_seed_a7a8c678c54ab7e2,chunk_00115,ahd10k_01671,560413,ent_merge_000314,حاصاوى,DiseaseCondition,ent_merge_001628,مياة,Treatment,TREATED_BY,TREATED_BY,true,0.850,كثره شرب المياه النظيفه,Direct treatment recommendation for 'حاصاوى',groq,qwen/qwen3-32b,colleague_validation
rel_seed_4399019cd86929c2,chunk_00115,ahd10k_01671,560413,ent_merge_000314,حاصاوى,DiseaseCondition,ent_merge_001131,ادويه,Treatment,TREATED_BY,TREATED_BY,true,0.850,ادويه لاذابه الاملاح,Direct treatment recommendation for 'حاصاوى',groq,qwen/qwen3-32b,colleague_validation
rel_seed_40a6421e6ed3d9a0,chunk_00115,ahd10k_01671,560413,ent_merge_000202,املاح,DiseaseCondition,ent_merge_000617,الام,Symptom,HAS_SYMPTOM,HAS_SYMPTOM,true,0.950,اعاني من الأم في المعدة في منطقة الكليتين,Direct symptom mention with anatomical correlation to source condition,groq,qwen/qwen3-32b,dah_relation_validation_v1
rel_seed_499324f099c118da,chunk_00115,ahd10k_01671,560413,ent_merge_000202,املاح,DiseaseCondition,ent_merge_001628,مياة,Treatment,TREATED_BY,TREATED_BY,true,0.850,كثره شرب المياه النظيفه,Direct treatment recommendation for 'املاح',groq,qwen/qwen3-32b,colleague_validation
rel_seed_c44d55f0e1c2a93a,chunk_00115,ahd10k_01671,560413,ent_merge_000202,املاح,DiseaseCondition,ent_merge_001131,ادويه,Treatment,TREATED_BY,TREATED_BY,true,0.850,ادويه لاذابه الاملاح,Direct treatment recommendation for 'املاح',groq,qwen/qwen3-32b,colleague_validation
rel_seed_8b608e9c0b99305f,chunk_00116,ahd10k_03486,629051,ent_merge_000348,خلل بالغدة الجاردرقية,DiseaseCondition,ent_merge_001080,هرمون جارات الغدة الدرقية,Test,DIAGNOSED_BY,DIAGNOSED_BY,true,0.900,هرمون جارات الغدة الدرقية explicitly mentioned in context,Direct mention of parathyroid hormone test as diagnostic tool,groq,qwen/qwen3-32b,dah_relation_validation_v1
rel_seed_f7c437d4bcda4d1d,chunk_00116,ahd5k_04356,662197,ent_merge_001814,ضرس العقل,DiseaseCondition,ent_merge_000617,الام,Symptom,HAS_SYMPTOM,HAS_SYMPTOM,true,0.850,ضرس العقل and الام co-occur with direct causal link,Wisdom tooth (ضرس العقل) directly causes pain (الام) as stated in QA,groq,qwen/qwen3-32b,colleague_validation
rel_seed_c129c6ebc76efc52,chunk_00116,ahd5k_04356,662197,ent_merge_001814,ضرس العقل,DiseaseCondition,ent_merge_000830,صداع,Symptom,HAS_SYMPTOM,HAS_SYMPTOM,true,0.850,ضرس العقل and صداع co-occur with direct causal link,Wisdom tooth (ضرس العقل) directly causes headache (صداع) as stated in QA,groq,qwen/qwen3-32b,colleague_validation
rel_seed_a40c856c2a5706f1,chunk_00116,ahd5k_04356,662197,ent_merge_001814,ضرس العقل,DiseaseCondition,ent_merge_002106,المراجعة الطبية,Treatment,TREATED_BY,TREATED_BY,true,0.850,Medical review recommended for ضرس العقل,Wisdom tooth (ضرس العقل) is explicitly treated by medical review (المراجعة الطبية) per QA,groq,qwen/qwen3-32b,colleague_validation
rel_seed_b37dde784c062e12,chunk_00116,ahd5k_04356,662197,ent_merge_000617,الام,Symptom,ent_merge_002106,المراجعة الطبية,Treatment,TREATED_BY,TREATED_BY,true,0.850,Medical review recommended for الام,Pain (الام) from wisdom tooth is directly treated by medical review (المراجعة الطبية) per QA,groq,qwen/qwen3-32b,colleague_validation
rel_seed_78a7e4ac1c29b876,chunk_00116,ahd5k_04356,662197,ent_merge_000830,صداع,Symptom,ent_merge_002106,المراجعة الطبية,Treatment,TREATED_BY,TREATED_BY,true,0.850,Medical review recommended for صداع,Headache (صداع) from wisdom tooth is directly treated by medical review (المراجعة الطبية) per QA,groq,qwen/qwen3-32b,colleague_validation
rel_seed_6b32e772e11f88cb,chunk_00117,ahd10k_04842,696799,ent_merge_000906,وجع,Symptom,ent_merge_001029,فحص البول,Test,INVESTIGATED_BY,INVESTIGATED_BY,true,0.950,اذا كان الآلم شديدا انصحك باجراء فحص البول,Direct recommendation to investigate 'وجع' with 'فحص البول',groq,qwen/qwen3-32b,dah_relation_validation_v1
rel_seed_dfc22798a99496f1,chunk_00117,ahd10k_04842,696799,ent_merge_000906,وجع,Symptom,ent_merge_001007,سونار,Test,INVESTIGATED_BY,INVESTIGATED_BY,true,0.950,اذا كان الآلم شديدا انصحك باجراء ... سونار للكليتين,Direct recommendation to investigate 'وجع' with 'سونار',groq,qwen/qwen3-32b,dah_relation_validation_v1
rel_seed_6b20228b76705c67,chunk_00117,ahd5k_00666,808135,ent_merge_000059,التهاب,DiseaseCondition,ent_merge_000647,الدم,Symptom,HAS_SYMPTOM,HAS_SYMPTOM,true,0.920,خروج الدم يعني وجود جرح في المثانة أو الإحليل,Direct causal link between inflammation and blood as symptom,groq,qwen/qwen3-32b,colleague_validation
rel_seed_ac8c823ef8e06787,chunk_00117,ahd5k_00666,808135,ent_merge_000059,التهاب,DiseaseCondition,ent_merge_001979,تصوير الجهاز البولي,Test,DIAGNOSED_BY,DIAGNOSED_BY,true,0.880,تصوير الجهاز البولي بصورة ملونر أي في بي لتحديد السبب والمكان,Imaging explicitly stated as diagnostic method for inflammation,groq,qwen/qwen3-32b,colleague_validation
rel_seed_c832d93cd9215416,chunk_00118,ahd10k_02914,549327,ent_merge_000307,جرثومة المعده,DiseaseCondition,ent_merge_000954,الفحوصات المخبرية,Test,DIAGNOSED_BY,DIAGNOSED_BY,true,0.900,بعد الوقوف على الفحوصات المخبرية وتقويمها,الاختبارات المخبرية تُستخدم لتحديد التشخيص,groq,qwen/qwen3-32b,dah_relation_validation_v1
rel_seed_b142728f998260ab,chunk_00118,ahd10k_02914,549327,ent_merge_000595,ارتفاع وظائف الكلى,Symptom,ent_merge_000954,الفحوصات المخبرية,Test,INVESTIGATED_BY,INVESTIGATED_BY,true,0.950,الوقوف على الفحوصات المخبرية وتقويمها,الفحوصات المخبرية تُستخدم لتقييم ارتفاع وظائف الكلى مباشرةً,groq,qwen/qwen3-32b,dah_relation_validation_v1
rel_seed_d3e4ad8da551b53c,chunk_00119,ahd5k_00069,89781,ent_merge_000326,حساسية,DiseaseCondition,ent_merge_000822,سعال,Symptom,HAS_SYMPTOM,HAS_SYMPTOM,true,0.850,حساسية الصدر explicitly linked to سعال,Chest allergy (حساسية الصدر) directly associated with cough symptom,groq,qwen/qwen3-32b,colleague_validation
rel_seed_537407bce20f3ff2,chunk_00121,ahd10k_05402,253078,ent_merge_000378,سرطان,DiseaseCondition,ent_merge_000935,التحليل النسيجي,Test,DIAGNOSED_BY,DIAGNOSED_BY,true,0.950,التحليل النسيجي ورم من الثدي,التحليل النسيجي يُستخدم لتشخيص سرطان الثدي مباشرةً,groq,qwen/qwen3-32b,dah_relation_validation_v1
rel_seed_ed1edb42c05ba525,chunk_00121,ahd10k_05402,253078,ent_merge_000378,سرطان,DiseaseCondition,ent_merge_001466,علاج كيميائي,Treatment,TREATED_BY,TREATED_BY,true,0.900,يمكن بدا العلاج بالchemotherapy لتجنب الاستئصال الكلي للثدي,العلاج الكيميائي مذكور كخيار علاجي مباشر لسرطان الثدي,groq,qwen/qwen3-32b,dah_relation_validation_v1
rel_seed_c12dc18882e467e6,chunk_00121,ahd10k_05402,253078,ent_merge_000568,ورم,DiseaseCondition,ent_merge_000935,التحليل النسيجي,Test,DIAGNOSED_BY,DIAGNOSED_BY,true,0.950,التحليل النسيجي ورم من الثدي,التحليل النسيجي يُستخدم لتشخيص الورم مباشرةً,groq,qwen/qwen3-32b,dah_relation_validation_v1
rel_seed_3c59441192ab0683,chunk_00121,ahd10k_05402,253078,ent_merge_000568,ورم,DiseaseCondition,ent_merge_001466,علاج كيميائي,Treatment,TREATED_BY,TREATED_BY,true,0.850,يمكن بدا العلاج بالchemotherapy لتجنب الاستئصال الكلي للثدي,العلاج الكيميائي مذكور كخيار علاجي مباشر للورم,groq,qwen/qwen3-32b,dah_relation_validation_v1
rel_seed_da340570c1ffd044,chunk_00122,ahd10k_09185,799934,ent_merge_000539,نقص الألدوستيرون الكاذب,DiseaseCondition,ent_merge_000594,ارتفاع في بوتاسيوم الدم,Symptom,HAS_SYMPTOM,HAS_SYMPTOM,true,0.920,يتظاهر عادة في الطفولة الباكرة بارتفاع في بوتاسيوم الدم,Direct symptom presentation stated in disease description,groq,qwen/qwen3-32b,colleague_validation
rel_seed_a2edae7a9bfc968e,chunk_00127,ahd10k_03170,781924,ent_merge_000375,روماتيزم الكلى,DiseaseCondition,ent_merge_001243,الكورتيزون,Treatment,TREATED_BY,TREATED_BY,true,0.950,تُعالج عادة بالأدوية المضادة للالتهابات مثل الكورتيزون,Direct treatment statement in evidence,groq,qwen/qwen3-32b,dah_relation_validation_v1
rel_seed_3e9a1d27d5642c45,chunk_00127,ahd10k_03170,781924,ent_merge_000375,روماتيزم الكلى,DiseaseCondition,ent_merge_001212,السايكلوسبورين,Treatment,TREATED_BY,TREATED_BY,true,0.950,تُعالج عادة بالأدوية المضادة للالتهابات مثل الكورتيزون والسايكلوسبورين,Direct treatment statement in evidence,groq,qwen/qwen3-32b,dah_relation_validation_v1
rel_seed_5493a0093683347c,chunk_00127,ahd5k_02470,774384,ent_merge_000326,حساسية,DiseaseCondition,ent_merge_002146,تيليفاست,Treatment,TREATED_BY,TREATED_BY,true,0.950,مضاد للهيستامين مثل تيليفاست,Direct treatment statement in evidence,groq,qwen/qwen3-32b,dah_relation_validation_v1
rel_seed_351d21e34ffc669b,chunk_00128,ahd5k_02662,123,ent_merge_000071,التهاب السحايا,DiseaseCondition,ent_merge_000830,صداع,Symptom,HAS_SYMPTOM,HAS_SYMPTOM,true,0.900,Meningitis explicitly causes headache,Direct causal relationship established in medical knowledge,groq,qwen/qwen3-32b,colleague_validation
rel_seed_2ee0cc57480f60e5,chunk_00129,ahd10k_00295,635570,ent_merge_000443,فشل كلوى,DiseaseCondition,ent_merge_001479,غسيل كلوي,Treatment,TREATED_BY,TREATED_BY,true,0.950,الفشل الكلوي الحاد يتم معه اجراء جلسة الغسيل الكلوي حتى يزول السبب,الغسيل الكلوي مذكور كعلاج مباشر لفشل كلوى حاد,groq,qwen/qwen3-32b,dah_relation_validation_v1
rel_seed_6b63cf8c9461179b,chunk_00129,ahd10k_00295,635570,ent_merge_000291,تلف كلوي,DiseaseCondition,ent_merge_001479,غسيل كلوي,Treatment,TREATED_BY,TREATED_BY,true,0.900,الغسيل الكلوي مذكور كعلاج للفشل الكلوي المزمن (تلف),الغسيل الكلوي مذكور كعلاج مباشر لتلف كلوي,groq,qwen/qwen3-32b,dah_relation_validation_v1
rel_seed_6589ddb3d93095a6,chunk_00129,ahd10k_00295,635570,ent_merge_000291,تلف كلوي,DiseaseCondition,ent_merge_001420,زراعة كلية,Treatment,TREATED_BY,TREATED_BY,true,0.950,الى ان تجری عملية زراعة كلية للمريض,الزراعة الكلية مذكورة كحل دائم للفشل الكلوي المزمن,groq,qwen/qwen3-32b,dah_relation_validation_v1
rel_seed_67a087dd2cbdfe85,chunk_00129,ahd10k_00922,621505,ent_merge_000333,حصاة,DiseaseCondition,ent_merge_001394,دعامات,Treatment,TREATED_BY,TREATED_BY,true,0.850,الدعامات... قد تتطلب وضع هذه الدعامة,الدعامات مذكورة كجزء من معالجة حصى الحالب,groq,qwen/qwen3-32b,dah_relation_validation_v1
rel_seed_9502d6679fdc8403,chunk_00129,ahd10k_00922,621505,ent_merge_000333,حصاة,DiseaseCondition,ent_merge_001321,تفتيت,Treatment,TREATED_BY,TREATED_BY,true,0.950,التفتيت بالامواج الصادمة الخارجية هو إجراء علاجي مذكور في النص,التفتيت مذكور كإجراء علاجي مباشر للحصى في النص,groq,qwen/qwen3-32b,dah_relation_validation_v1
rel_seed_748d32f4edfdd075,chunk_00129,ahd10k_03192,552720,ent_merge_000333,حصاة,DiseaseCondition,ent_merge_001321,تفتيت,Treatment,TREATED_BY,TREATED_BY,true,0.950,التفتيت مذكور كإجراء علاجي مطبق مسبقًا للحصى,التفتيت مذكور كإجراء علاجي مباشر للحصى في النص,groq,qwen/qwen3-32b,dah_relation_validation_v1
rel_seed_48494c315d766d4b,chunk_00130,ahd10k_08823,512626,ent_merge_000775,حصر البول,Symptom,ent_merge_000973,تحليل البول,Test,INVESTIGATED_BY,INVESTIGATED_BY,true,1.000,يجب اجراء فحص طبي شامل وفحوصات طبية مختبرية تتضمن فحص البول,The evidence explicitly states that a comprehensive medical exam and lab tests including urine analysis are required for the symptom.,groq,qwen/qwen3-32b,dah_relation_validation_v1
rel_seed_6c3dd3a3b090bf39,chunk_00130,ahd10k_09232,488927,ent_merge_000089,التهاب الكلى,DiseaseCondition,ent_merge_001612,مضادات حيوية,Treatment,TREATED_BY,TREATED_BY,true,1.000,يجب ان يعالج.......بالمضادات الحيويه المناسبه,The evidence directly links the treatment of kidney infection to the use of appropriate antibiotics.,groq,qwen/qwen3-32b,dah_relation_validation_v1
rel_seed_636070e77235dd06,chunk_00130,ahd5k_00114,123,ent_merge_000059,التهاب,DiseaseCondition,ent_merge_000924,أشعة,Test,DIAGNOSED_BY,DIAGNOSED_BY,true,1.000,اجراء صورة اشعة عادية للحوض,The evidence explicitly states that an X-ray is performed to diagnose inflammation.,groq,qwen/qwen3-32b,dah_relation_validation_v1
rel_seed_b29f2878af43b87a,chunk_00130,ahd5k_03565,802159,ent_merge_001840,نقص الحليب,DiseaseCondition,ent_merge_000967,تحاليل مخبرية,Test,DIAGNOSED_BY,DIAGNOSED_BY,true,0.850,اجراء تحليل بالدم لقياس نسبه هرمون الحليب,التحليل المخبرى يقيس مستوى هرمون الحليب لتشخيص النقص,groq,qwen/qwen3-32b,colleague_validation
rel_seed_e6623a46614e2173,chunk_00131,ahd10k_00103,517735,ent_merge_000800,دهون,Symptom,ent_merge_001452,شفط الدهون,Treatment,TREATED_BY,TREATED_BY,true,0.950,العلاج حصرا بشفط الدهون,Direct treatment statement for the symptom 'دهون',groq,qwen/qwen3-32b,dah_relation_validation_v1
rel_seed_dd3732c82456bfc8,chunk_00131,ahd5k_00780,793477,ent_merge_001734,الصداع التوتري,DiseaseCondition,ent_merge_000830,صداع,Symptom,HAS_SYMPTOM,HAS_SYMPTOM,true,0.900,قد يكون لديك نوع من الصداع يسمى بالصداع التوتري,Direct symptom-disease relationship,groq,qwen/qwen3-32b,dah_relation_validation_v1
rel_seed_cba636fb7f63b8b3,chunk_00131,ahd5k_01058,780284,ent_merge_000830,صداع,Symptom,ent_merge_000944,الصور الشعاعية,Test,INVESTIGATED_BY,INVESTIGATED_BY,true,1.000,قد يطلب صور شعاعية للرأس من ضمن فحوص أخرى,العلاقة 'INVESTIGATED_BY' مدعومة مباشرةً بالنص، حيث تشير إلى استخدام الصور الشعاعية كفحص لاستقصاء الصداع.,groq,qwen/qwen3-32b,dah_relation_validation_v1
rel_seed_0a32704754cd404a,chunk_00131,ahd5k_03689,779339,ent_merge_000830,صداع,Symptom,ent_merge_002079,الطبيب,Treatment,TREATED_BY,TREATED_BY,true,0.850,أنصحك بمراجعة أخصائي الأمراض الداخلية,النص يوصي بمراجعة طبيب كعلاج مباشر للصداع,groq,qwen/qwen3-32b,colleague_validation
rel_seed_8f6d4332a4684727,chunk_00137,ahd10k_01477,787368,ent_merge_000233,بيلة الميوغلوبين,DiseaseCondition,ent_merge_001215,السوائل,Treatment,TREATED_BY,TREATED_BY,true,0.950,العلاج الاهم هو السوائل,Direct treatment recommendation for the condition in evidence,groq,qwen/qwen3-32b,dah_relation_validation_v1
rel_seed_5c47ed0cee5fada1,chunk_00138,ahd10k_02391,472785,ent_merge_000022,إصابة الكلى,DiseaseCondition,ent_merge_001478,غسيل الكلى,Treatment,TREATED_BY,TREATED_BY,true,0.900,ارتفاع الكرياتينين يشير إلى قصور الكلى الذي يتطلب الغسيل الكلوي,الغسيل الكلوي هو علاج مباشر لقصور الكلى المذكور في السياق,groq,qwen/qwen3-32b,dah_relation_validation_v1
rel_seed_726584667ae84418,chunk_00138,ahd10k_02391,472785,ent_merge_000022,إصابة الكلى,DiseaseCondition,ent_merge_000956,الكرياتينين,Test,DIAGNOSED_BY,DIAGNOSED_BY,true,0.900,الكرياتينين يُستخدم لقياس وظيفة الكلى وتشخيص إصابتها,الاختبار مرتبط مباشرة بتشخيص إصابة الكلى كما في السياق,groq,qwen/qwen3-32b,dah_relation_validation_v1
rel_seed_3c9958b7f942d8f4,chunk_00138,ahd5k_00774,737406,ent_merge_000059,التهاب,DiseaseCondition,ent_merge_001860,الانين,Symptom,HAS_SYMPTOM,HAS_SYMPTOM,true,0.900,التهاب الجلد الانين,Direct co-occurrence in QA text with explicit disease-symptom linkage,groq,qwen/qwen3-32b,colleague_validation
rel_seed_9ba423cf8082ee94,chunk_00138,ahd5k_00774,737406,ent_merge_000059,التهاب,DiseaseCondition,ent_merge_001911,حصاصة,Symptom,HAS_SYMPTOM,HAS_SYMPTOM,true,0.900,حصاصة الجلد الانين,Direct co-occurrence in QA text with explicit disease-symptom linkage,groq,qwen/qwen3-32b,colleague_validation
rel_seed_f0cd6bfca203eadc,chunk_00142,ahd10k_04482,586174,ent_merge_000557,نيكوتين,DiseaseCondition,ent_merge_001115,MUCOSOLVAN,Treatment,TREATED_BY,TREATED_BY,true,0.800,أخذ علاج ال MUCOSOLVAN شراب ثلاث مرات يوميا,Direct treatment of nicotine-related respiratory issues with MUCOSOLVAN is explicitly mentioned.,groq,qwen/qwen3-32b,dah_relation_validation_v1
rel_seed_62a8914e78421542,chunk_00142,ahd10k_04482,586174,ent_merge_000557,نيكوتين,DiseaseCondition,ent_merge_000709,بلغم,Symptom,HAS_SYMPTOM,HAS_SYMPTOM,true,0.750,سيؤدي لخروج اليلغم من القصبات,Phlegm is explicitly linked as a symptom of nicotine-related condition.,groq,qwen/qwen3-32b,dah_relation_validation_v1
rel_seed_440c9b8ec9bc8e94,chunk_00142,ahd10k_04482,586174,ent_merge_000557,نيكوتين,DiseaseCondition,ent_merge_001157,أكسجين,Treatment,TREATED_BY,TREATED_BY,true,0.900,تنشق الأكسجين نصف ساعة صباحا,Direct evidence of oxygen inhalation as treatment for nicotine-related issues,groq,qwen/qwen3-32b,dah_relation_validation_v1
rel_seed_3daccc5b6ad0be52,chunk_00142,ahd10k_04482,586174,ent_merge_000709,بلغم,Symptom,ent_merge_001115,MUCOSOLVAN,Treatment,TREATED_BY,TREATED_BY,true,0.950,أخذ علاج ال MUCOSOLVAN شراب ثلاث مرات يوميا,Direct treatment statement with specific medication,groq,qwen/qwen3-32b,dah_relation_validation_v1
rel_seed_863bafc0ec587f2d,chunk_00142,ahd5k_00486,764818,ent_merge_001887,الكتف,Symptom,ent_merge_001211,الزنجبيل,Treatment,TREATED_BY,TREATED_BY,true,0.850,تناول بعض المأكولات التي خفف الألم مثل الزنجبيل,Direct treatment recommendation for shoulder pain,groq,qwen/qwen3-32b,colleague_validation
rel_seed_726a0bbab0b01798,chunk_00142,ahd5k_00486,764818,ent_merge_001887,الكتف,Symptom,ent_merge_002036,البروفين,Treatment,TREATED_BY,TREATED_BY,true,0.850,تناول بعض الأدوية المسكنة للألم اللاستيروئيدية مثل البروفين,Direct pharmacological treatment recommendation for shoulder pain,groq,qwen/qwen3-32b,colleague_validation
rel_seed_600942c344c2f6ed,chunk_00143,ahd10k_00308,636042,ent_merge_000165,القرحة,DiseaseCondition,ent_merge_000668,الغثيان,Symptom,HAS_SYMPTOM,HAS_SYMPTOM,true,1.000,الغثيان أوالقيء,الغثيان مذكور كأحد الأعراض المرتبطة بالقرحة في النص,groq,qwen/qwen3-32b,dah_relation_validation_v1
rel_seed_d8f2b1b4faf2e7e2,chunk_00144,ahd10k_04339,452575,ent_merge_000307,جرثومة المعده,DiseaseCondition,ent_merge_001075,منظار,Test,DIAGNOSED_BY,DIAGNOSED_BY,true,0.950,عملت منظار للمعده,المنظار هو اختبار تشخيصي للجرثومة الحلزونية كما في السياق.,groq,qwen/qwen3-32b,dah_relation_validation_v1
rel_seed_a03f674072052dd9,chunk_00144,ahd10k_07974,143924,ent_merge_000858,غازات,Symptom,ent_merge_000980,تحليل براز,Test,INVESTIGATED_BY,INVESTIGATED_BY,true,0.900,ينصح بتحليل براز,تحليل البراز هو اختبار موصى به لاستقصاء الغازات كما في السياق.,groq,qwen/qwen3-32b,dah_relation_validation_v1
rel_seed_e5c42ae439660180,chunk_00144,ahd10k_07974,143924,ent_merge_000858,غازات,Symptom,ent_merge_001486,فلاجيل,Treatment,TREATED_BY,TREATED_BY,true,0.900,يمكن اخذ الفلاجيل,Directly mentioned in evidence as treatment for gas,groq,qwen/qwen3-32b,dah_relation_validation_v1
rel_seed_c1684c1c91d91cc6,chunk_00144,ahd10k_07974,143924,ent_merge_000858,غازات,Symptom,ent_merge_001405,ديجستيل,Treatment,TREATED_BY,TREATED_BY,true,0.900,يمكن اخذ الفلاجيل والديجستيل,Directly mentioned in evidence as treatment for gas,groq,qwen/qwen3-32b,dah_relation_validation_v1
rel_seed_e1482e5b162a561e,chunk_00145,ahd10k_08877,621007,ent_merge_000307,جرثومة المعده,DiseaseCondition,ent_merge_001601,مضاد حيوي,Treatment,TREATED_BY,TREATED_BY,true,0.920,مضاد حيوي واسع المجال,QA explicitly states antibiotic is used to treat stomach bacteria,groq,qwen/qwen3-32b,colleague_validation
rel_seed_bdbcf717d8798418,chunk_00147,ahd10k_05512,119105,ent_merge_000553,نقص هرمون الغدة الدرقية,DiseaseCondition,ent_merge_000787,خز,Symptom,HAS_SYMPTOM,HAS_SYMPTOM,true,0.950,خز ف اصبع القدم اليسرى,Direct symptom manifestation in left toe numbness,groq,qwen/qwen3-32b,dah_relation_validation_v1
rel_seed_cb49f1d2131c01be,chunk_00147,ahd10k_05512,119105,ent_merge_000553,نقص هرمون الغدة الدرقية,DiseaseCondition,ent_merge_001373,حبوب الغدة الرقية,Treatment,TREATED_BY,TREATED_BY,true,0.950,حبوب الغدة الرقية,Direct treatment mentioned for hypothyroidism,groq,qwen/qwen3-32b,dah_relation_validation_v1
rel_seed_5a83d1006bb07bf0,chunk_00148,ahd10k_06848,570241,ent_merge_000772,حروق,Symptom,ent_merge_001461,علاج بالاشعه,Treatment,TREATED_BY,TREATED_BY,true,0.950,تم عﻻج بالاشعه,Direct evidence of radiation treatment for burns,groq,qwen/qwen3-32b,dah_relation_validation_v1
rel_seed_5cbb744752356b08,chunk_00148,ahd10k_06848,570241,ent_merge_000833,صعوبات التحرك,Symptom,ent_merge_001270,انبوب للتغذية,Treatment,TREATED_BY,TREATED_BY,true,0.950,تم تركيب انبوب للتغذية,Direct evidence of feeding tube installation as treatment for movement difficulties.,groq,qwen/qwen3-32b,dah_relation_validation_v1
rel_seed_5399d226f397b6cd,chunk_00148,ahd10k_06848,570241,ent_merge_000833,صعوبات التحرك,Symptom,ent_merge_001583,مراقبة طبية,Treatment,TREATED_BY,TREATED_BY,true,0.900,لابد من المراقبة الطبية المستمرة,Continuous medical monitoring explicitly stated as necessary for movement difficulties.,groq,qwen/qwen3-32b,dah_relation_validation_v1
rel_seed_ae44518c4f372350,chunk_00148,ahd10k_06848,570241,ent_merge_000834,صعوبات الفتح,Symptom,ent_merge_001461,علاج بالاشعه,Treatment,TREATED_BY,TREATED_BY,true,0.950,تم علاج بالاشعه,Direct treatment mentioned for the symptom,groq,qwen/qwen3-32b,dah_relation_validation_v1
rel_seed_53531f20f559cca6,chunk_00148,ahd10k_06848,570241,ent_merge_000834,صعوبات الفتح,Symptom,ent_merge_001271,انبوب للتنفس,Treatment,TREATED_BY,TREATED_BY,true,0.900,تم تركيب انبوب للتنفس,Direct treatment mentioned for the symptom,groq,qwen/qwen3-32b,dah_relation_validation_v1
rel_seed_979ce066237863ef,chunk_00148,ahd10k_06848,570241,ent_merge_000834,صعوبات الفتح,Symptom,ent_merge_001270,انبوب للتغذية,Treatment,TREATED_BY,TREATED_BY,true,0.950,تم تركيب انبوب للتغذية,Feeding tube installation directly linked to opening difficulties.,groq,qwen/qwen3-32b,dah_relation_validation_v1
rel_seed_26fc898f0996695f,chunk_00148,ahd10k_06848,570241,ent_merge_000834,صعوبات الفتح,Symptom,ent_merge_001583,مراقبة طبية,Treatment,TREATED_BY,TREATED_BY,true,0.850,لابد من المراقبة الطبية المستمرة,Medical monitoring explicitly required for opening difficulties.,groq,qwen/qwen3-32b,dah_relation_validation_v1
rel_seed_92599abdc037d63c,chunk_00148,ahd5k_02182,803482,ent_merge_001727,الحودة الصكري,DiseaseCondition,ent_merge_001869,الحال بالمرديدين,Symptom,HAS_SYMPTOM,HAS_SYMPTOM,true,0.850,الحودة الصكري اليثثار الحودة الحال بالمرديدين,Symptom explicitly linked to the disease condition,groq,qwen/qwen3-32b,dah_relation_validation_v1
rel_seed_415a7151c825db4b,chunk_00148,ahd5k_02182,803482,ent_merge_001726,الحودة الحال,DiseaseCondition,ent_merge_001869,الحال بالمرديدين,Symptom,HAS_SYMPTOM,HAS_SYMPTOM,true,0.700,الحودة الحال بالمرديدين,Direct phrase linkage between disease and symptom,groq,qwen/qwen3-32b,dah_relation_validation_v1
rel_seed_59e570f05811a458,chunk_00148,ahd5k_02249,784955,ent_merge_001727,الحودة الصكري,DiseaseCondition,ent_merge_001868,الحال,Symptom,HAS_SYMPTOM,HAS_SYMPTOM,true,0.750,الحودة الصكري اليثثار الحودة الحال بالمرديدين,Direct mention of disease-symptom relationship in QA context,groq,qwen/qwen3-32b,colleague_validation
rel_seed_3cf3cdc50af7052d,chunk_00148,ahd5k_02249,784955,ent_merge_001727,الحودة الصكري,DiseaseCondition,ent_merge_001869,الحال بالمرديدين,Symptom,HAS_SYMPTOM,HAS_SYMPTOM,true,0.850,الحودة الصكري اليثثار الحودة الحال بالمرديدين,Specific anatomical localization strengthens disease-symptom link,groq,qwen/qwen3-32b,colleague_validation
rel_seed_62e13f54ee323131,chunk_00148,ahd5k_02249,784955,ent_merge_001726,الحودة الحال,DiseaseCondition,ent_merge_001868,الحال,Symptom,HAS_SYMPTOM,HAS_SYMPTOM,true,0.700,الحودة الحال بالمرديدين,Co-occurrence with explicit anatomical context supports relationship,groq,qwen/qwen3-32b,colleague_validation
rel_seed_9c50b9b1528d2177,chunk_00148,ahd5k_02249,784955,ent_merge_001726,الحودة الحال,DiseaseCondition,ent_merge_001869,الحال بالمرديدين,Symptom,HAS_SYMPTOM,HAS_SYMPTOM,true,0.800,الحودة الحال بالمرديدين,Anatomically specific symptom manifestation in disease context,groq,qwen/qwen3-32b,colleague_validation
rel_seed_5a73746bace950b0,chunk_00149,ahd10k_01798,411608,ent_merge_000229,بكتيريا,DiseaseCondition,ent_merge_000858,غازات,Symptom,HAS_SYMPTOM,HAS_SYMPTOM,true,0.950,اعاني من غازات,Direct symptom mention in evidence,groq,qwen/qwen3-32b,dah_relation_validation_v1
rel_seed_ed57ca03ae5a43e0,chunk_00149,ahd10k_01798,411608,ent_merge_000229,بكتيريا,DiseaseCondition,ent_merge_000682,المغص,Symptom,HAS_SYMPTOM,HAS_SYMPTOM,true,0.950,المغص في المعدة فوق السرة,Direct symptom mention in evidence,groq,qwen/qwen3-32b,dah_relation_validation_v1
rel_seed_eb36c28fd104f49e,chunk_00149,ahd10k_02615,492147,ent_merge_000165,القرحة,DiseaseCondition,ent_merge_001274,اوميبرازول,Treatment,TREATED_BY,TREATED_BY,true,0.900,يتم علاجها عن طريق اخذ العلاجات التي تثبط افراز احماض المعده مثل proton pump inhibitors,العلاقة مباشرة بين القرحة وعلاجها بـ اوميبرازول كما ورد في النص,groq,qwen/qwen3-32b,dah_relation_validation_v1
rel_seed_7a9e2d942e40aa41,chunk_00149,ahd10k_08375,517202,ent_merge_000165,القرحة,DiseaseCondition,ent_merge_001274,اوميبرازول,Treatment,TREATED_BY,TREATED_BY,true,0.900,انا استخدم امبرازول باستشارة طبية,العلاقة مباشرة بين القرحة وعلاجها بـ اوميبرازول كما ورد في النص,groq,qwen/qwen3-32b,dah_relation_validation_v1
rel_seed_d87257f97e36aac4,chunk_00149,ahd5k_03563,804972,ent_merge_000117,الحمل,DiseaseCondition,ent_merge_001895,النزيف,Symptom,HAS_SYMPTOM,HAS_SYMPTOM,true,0.850,الحمل مرتبط بالنزيف كأعراض,النزيف هو أعراض شائعة خلال الحمل,groq,qwen/qwen3-32b,colleague_validation
rel_seed_cb8b5ecc4832e6f7,chunk_00149,ahd5k_03563,804972,ent_merge_000117,الحمل,DiseaseCondition,ent_merge_001864,التهديد بالإجهاض,Symptom,HAS_SYMPTOM,HAS_SYMPTOM,true,0.850,الحمل مرتبط بالتهديد بالإجهاض كأعراض,التهديد بالإجهاض هو أعراض ممكنة خلال الحمل,groq,qwen/qwen3-32b,colleague_validation
rel_seed_39661c9b17903700,chunk_00150,ahd10k_05284,527131,ent_merge_000091,التهاب اللوزتين,DiseaseCondition,ent_merge_000831,صديد اللوزتين,Symptom,HAS_SYMPTOM,HAS_SYMPTOM,true,0.950,صديد اللوزتين,Direct symptom of tonsillitis,groq,qwen/qwen3-32b,colleague_validation
rel_seed_98c8458e367cbfbd,chunk_00150,ahd10k_05284,527131,ent_merge_000091,التهاب اللوزتين,DiseaseCondition,ent_merge_000709,بلغم,Symptom,HAS_SYMPTOM,HAS_SYMPTOM,true,0.850,بلغم مع صديد,Phlegm with pus linked to tonsillitis,groq,qwen/qwen3-32b,colleague_validation
rel_seed_c6675400438b7084,chunk_00150,ahd10k_05284,527131,ent_merge_000067,التهاب الجيوب الانفيه,DiseaseCondition,ent_merge_000709,بلغم,Symptom,HAS_SYMPTOM,HAS_SYMPTOM,true,0.850,بلغم مع صديد,Phlegm with pus linked to sinusitis,groq,qwen/qwen3-32b,colleague_validation
rel_seed_c91bfdb09aae7baa,chunk_00150,ahd10k_05284,527131,ent_merge_000067,التهاب الجيوب الانفيه,DiseaseCondition,ent_merge_001017,صورة طبقيه,Test,DIAGNOSED_BY,DIAGNOSED_BY,true,0.950,عمل صوره طبقيه للانف والجيوب الانفيه,CT scan directly diagnoses sinusitis,groq,qwen/qwen3-32b,colleague_validation
rel_seed_60668656a0a5af79,chunk_00151,ahd10k_01193,400326,ent_merge_000599,استفراغ,Symptom,ent_merge_001268,امادول,Treatment,TREATED_BY,TREATED_BY,true,0.950,تناول طفلي حبه امادول tramadol لمساعدته ع الاستفراغ,Direct evidence links Tramadol administration to addressing vomiting.,groq,qwen/qwen3-32b,dah_relation_validation_v1
rel_seed_1c1e6c54a38155b4,chunk_00153,ahd10k_01032,332218,ent_merge_000378,سرطان,DiseaseCondition,ent_merge_001465,علاج كيماوي,Treatment,TREATED_BY,TREATED_BY,true,0.950,اخذت علاج كيماوي,Direct evidence of chemotherapy treatment for cancer,groq,qwen/qwen3-32b,dah_relation_validation_v1
rel_seed_848fe16d6cf32891,chunk_00153,ahd10k_01032,332218,ent_merge_000378,سرطان,DiseaseCondition,ent_merge_001171,الاشعاع,Treatment,TREATED_BY,TREATED_BY,true,0.950,بقي لي الاشعاع,Direct evidence of radiation treatment for cancer,groq,qwen/qwen3-32b,dah_relation_validation_v1
rel_seed_1eb906bbc3df25f8,chunk_00153,ahd10k_07477,333429,ent_merge_000378,سرطان,DiseaseCondition,ent_merge_001171,الاشعاع,Treatment,TREATED_BY,TREATED_BY,true,0.950,هل الاشعاع يقلص الورم,Direct question about radiation reducing tumor size supports treatment relation,groq,qwen/qwen3-32b,dah_relation_validation_v1
rel_seed_78d650e091870248,chunk_00154,ahd10k_09610,776720,ent_merge_000167,القلس المعدي المريئي,DiseaseCondition,ent_merge_001646,نيكسيوم,Treatment,TREATED_BY,TREATED_BY,true,0.950,مما يحسن الاعراض تناول ال nexium,The evidence explicitly states that taking Nexium improves symptoms of Gastroesophageal Reflux Disease.,groq,qwen/qwen3-32b,dah_relation_validation_v1
rel_seed_48271e543c35b20e,chunk_00156,ahd10k_09269,769504,ent_merge_000823,سعرات حراريه,Symptom,ent_merge_001256,المشي,Treatment,TREATED_BY,TREATED_BY,true,0.700,المشي لمده ساعه,The evidence explicitly mentions walking as a recommended activity in the context of managing calorie intake.,groq,qwen/qwen3-32b,dah_relation_validation_v1
rel_seed_c29e0a760bcf0218,chunk_00156,ahd10k_09269,769504,ent_merge_000823,سعرات حراريه,Symptom,ent_merge_001451,شرب الماء,Treatment,TREATED_BY,TREATED_BY,true,0.600,شرب الماء قبل الاكل,"The evidence directly links drinking water before meals to calorie management, supporting its use as a treatment strategy.",groq,qwen/qwen3-32b,dah_relation_validation_v1
rel_seed_9daa2c7ebdb4a806,chunk_00157,ahd10k_07112,786186,ent_merge_000474,كرش,DiseaseCondition,ent_merge_001335,تمارين رياضية,Treatment,TREATED_BY,TREATED_BY,true,1.000,ممارسة التمارين الرياضية,Direct evidence in QA context explicitly links exercise to treatment of belly fat,groq,qwen/qwen3-32b,dah_relation_validation_v1
rel_seed_e73de5e82610c6ed,chunk_00157,ahd10k_07112,786186,ent_merge_000474,كرش,DiseaseCondition,ent_merge_001190,التغذية المتوازنة,Treatment,TREATED_BY,TREATED_BY,true,1.000,التغذية المتوازنة,Direct evidence in QA context explicitly links balanced diet to treatment of belly fat,groq,qwen/qwen3-32b,dah_relation_validation_v1
rel_seed_7f2ed382b06272c6,chunk_00158,ahd10k_00736,689730,ent_merge_000054,البلعوم,DiseaseCondition,ent_merge_000609,الإختناق,Symptom,HAS_SYMPTOM,HAS_SYMPTOM,true,0.950,انسداد البلعوم يسبب الإختناق,الإختناق مذكور كنتيجة مباشرة لانسداد البلعوم في السياق,groq,qwen/qwen3-32b,dah_relation_validation_v1
rel_seed_d23b9cd829f54379,chunk_00158,ahd5k_02203,531473,ent_merge_000059,التهاب,DiseaseCondition,ent_merge_002211,كاربيمازول,Treatment,TREATED_BY,TREATED_BY,true,0.900,كاربيمازول 5mg مذكور كعلاج لتهابات الغدة الدرقية,السياق يربط كاربيمازول مباشرة بعلاج تهابات الغدة الدرقية,groq,qwen/qwen3-32b,dah_relation_validation_v1
rel_seed_a32eda1f38006a58,chunk_00160,ahd10k_01279,779506,ent_merge_000142,السمنة,DiseaseCondition,ent_merge_001643,نظام غذائي صحي,Treatment,TREATED_BY,TREATED_BY,true,0.950,اعتماد نظام غذائي صحي غني بالخضراوات والفاكهة والحبوب الكاملة كإجراء علاجي لعلاج السمنة,العلاقة مدعومة بشكل مباشر بالإشارة إلى النظام الغذائي الصحي كإجراء علاجي محدد للسمنة,groq,qwen/qwen3-32b,dah_relation_validation_v1
rel_seed_b5394ef4d734bd6f,chunk_00161,ahd5k_00772,719773,ent_merge_000289,تكيس المبايض,DiseaseCondition,ent_merge_000967,تحاليل مخبرية,Test,DIAGNOSED_BY,DIAGNOSED_BY,true,0.850,تحاليل مخبرية تُستخدم لتشخيص تكيس المبايض,التحاليل المخبرية مذكورة كوسيلة تشخيصية مباشرة لتكيس المبايض,groq,qwen/qwen3-32b,colleague_validation
rel_seed_57c4ef1c841a5956,chunk_00162,ahd10k_09457,184861,ent_merge_000576,وزن زائد,DiseaseCondition,ent_merge_001470,عمليات جراحية,Treatment,TREATED_BY,TREATED_BY,true,0.950,الأفضل للأوزان الزايدة اجراء عمليات جراحية,Direct treatment recommendation in evidence,groq,qwen/qwen3-32b,dah_relation_validation_v1
rel_seed_27471266ee4aabc1,chunk_00162,ahd10k_09457,184861,ent_merge_000576,وزن زائد,DiseaseCondition,ent_merge_001453,شفط للدهون,Treatment,TREATED_BY,TREATED_BY,true,0.900,واذا كان الوزن اكثر من 100كج ... شفط للدهون,Weight-specific treatment mentioned in evidence,groq,qwen/qwen3-32b,dah_relation_validation_v1
rel_seed_eaa44375f8f75052,chunk_00162,ahd10k_09457,184861,ent_merge_000576,وزن زائد,DiseaseCondition,ent_merge_001328,تكميم المعدة,Treatment,TREATED_BY,TREATED_BY,true,0.900,واذا كان الوزن اكثر من 100كج عمليات تكميم المعده,Weight-specific treatment mentioned in evidence,groq,qwen/qwen3-32b,dah_relation_validation_v1
rel_seed_1d4713561f263d80,chunk_00162,ahd5k_02200,91240,ent_merge_001838,نشاط الغدة الدرقية,DiseaseCondition,ent_merge_000967,تحاليل مخبرية,Test,DIAGNOSED_BY,DIAGNOSED_BY,true,0.850,يحدث في هذه الحالة إفراز كمية كبيرة من هرمونات الغدة الدرقية,Direct diagnostic link between hyperthyroidism and lab tests,groq,qwen/qwen3-32b,colleague_validation
rel_seed_68b6b5095baa3e8b,chunk_00163,ahd10k_05323,807034,ent_merge_000434,فتق باب المعدة,DiseaseCondition,ent_merge_001280,باريت,Treatment,TREATED_BY,TREATED_BY,true,0.950,واعطاني الدكتور ;باريت;,Direct prescription statement for hiatal hernia,groq,qwen/qwen3-32b,dah_relation_validation_v1
rel_seed_a4577ea984c7c43c,chunk_00163,ahd10k_05323,807034,ent_merge_000434,فتق باب المعدة,DiseaseCondition,ent_merge_001629,ميتلوم,Treatment,TREATED_BY,TREATED_BY,true,0.950,واعطاني الدكتور ;باريت; وميتلوم,Direct prescription statement for hiatal hernia,groq,qwen/qwen3-32b,dah_relation_validation_v1
rel_seed_a9f0751ea80413a0,chunk_00163,ahd5k_02702,652152,ent_merge_001843,نقص بحجم الثدي,DiseaseCondition,ent_merge_001050,فحص سريري,Test,DIAGNOSED_BY,DIAGNOSED_BY,true,0.850,فحص سريري,QA evidence directly supports diagnosis of condition via clinical examination,groq,qwen/qwen3-32b,colleague_validation
rel_seed_2acc006206579883,chunk_00164,ahd10k_08072,759411,ent_merge_000174,الكولسترول,DiseaseCondition,ent_merge_001214,الستاتينات,Treatment,TREATED_BY,TREATED_BY,true,0.950,لعلاج الكولسترول يجب عليك ... تناول الأدوية من الستاتينات حسب وصفة الطبيب المعالج,Direct evidence links statins to cholesterol treatment via prescription,groq,qwen/qwen3-32b,dah_relation_validation_v1
rel_seed_940e7646ae7af3d9,chunk_00167,ahd10k_02324,797201,ent_merge_000887,نزيف,Symptom,ent_merge_001076,منظار المعدة,Test,INVESTIGATED_BY,INVESTIGATED_BY,true,0.950,كيف تتم عملية الفحص بمنظار المعدة,Direct investigation method mentioned for symptom,groq,qwen/qwen3-32b,dah_relation_validation_v1
rel_seed_4a9e966c9fc2f517,chunk_00167,ahd10k_02324,797201,ent_merge_000788,خزق,Symptom,ent_merge_001076,منظار المعدة,Test,INVESTIGATED_BY,INVESTIGATED_BY,true,0.950,كيف تتم عملية الفحص بمنظار المعدة,Direct investigation method mentioned for symptom,groq,qwen/qwen3-32b,dah_relation_validation_v1
rel_seed_5688aab5ae3694f6,chunk_00169,ahd5k_00035,317450,ent_merge_000507,مرض الغدة الدرقية,DiseaseCondition,ent_merge_001966,الهرمون,Test,DIAGNOSED_BY,DIAGNOSED_BY,true,0.850,مستوى الهرمون في الدم,الهرمون يُستخدم كاختبار تشخيصي لمرض الغدة الدرقية,groq,qwen/qwen3-32b,colleague_validation
rel_seed_d02cff0cce014852,chunk_00169,ahd5k_00035,317450,ent_merge_000507,مرض الغدة الدرقية,DiseaseCondition,ent_merge_002040,التروكسين,Treatment,TREATED_BY,TREATED_BY,true,0.850,اخذ التروكسين,التروكسين هو علاج موصى به لعلاج مرض الغدة الدرقية,groq,qwen/qwen3-32b,colleague_validation
rel_seed_ed83c08aa4356dde,chunk_00171,ahd5k_03831,442290,ent_merge_001663,Hashimot,DiseaseCondition,ent_merge_002014,Tiroxine,Treatment,TREATED_BY,TREATED_BY,true,0.850,أَنِّي أعاني من هاشيموتو في بعض الأحيان في رمضان أخذ الدواء قبل السحور ولا اكل شي بعده وأصوم طوال النهار,Direct evidence of treatment (Tiroxine) for Hashimot (Hashimoto's thyroiditis) is explicitly mentioned in the QA context.,groq,qwen/qwen3-32b,colleague_validation
rel_seed_e38d327bd488c2e4,chunk_00172,ahd5k_04490,654959,ent_merge_000329,حساسية الصدر,DiseaseCondition,ent_merge_000822,سعال,Symptom,HAS_SYMPTOM,HAS_SYMPTOM,true,0.900,حساسية الصدر تسبب سعال,السياق يشير إلى أن سعال هو أعراض حساسية الصدر,groq,qwen/qwen3-32b,colleague_validation
rel_seed_9e750d50539c69c7,chunk_00172,ahd5k_04490,654959,ent_merge_000329,حساسية الصدر,DiseaseCondition,ent_merge_000975,تحليل الحساسية,Test,DIAGNOSED_BY,DIAGNOSED_BY,true,0.850,تحليل الحساسية يشخص حساسية الصدر,السياق يشير إلى أن تحليل الحساسية هو وسيلة تشخيصية لحساسية الصدر,groq,qwen/qwen3-32b,colleague_validation
rel_seed_778ea61ab8491af0,chunk_00174,ahd5k_00255,460646,ent_merge_001778,تضيق القنوات الموجودة داخل الكبد,DiseaseCondition,ent_merge_002243,منظار قنوات مرارية الف سلامة,Treatment,TREATED_BY,TREATED_BY,true,0.850,عمل منظار قنوات مرارية الف سلامة,الprocedure مذكور كعلاج مباشر لـ تضيق القنوات داخل الكبد,groq,qwen/qwen3-32b,colleague_validation
rel_seed_d307d2a1e6901be0,chunk_00175,ahd10k_07122,383417,ent_merge_000034,إكزيما,DiseaseCondition,ent_merge_000776,حكة,Symptom,HAS_SYMPTOM,HAS_SYMPTOM,true,0.900,Eczema explicitly associated with severe itching in evidence,Direct symptom-condition relationship stated in clinical context,groq,qwen/qwen3-32b,dah_relation_validation_v1
rel_seed_c5f5234cd46958f3,chunk_00175,ahd10k_09147,770724,ent_merge_000034,إكزيما,DiseaseCondition,ent_merge_000776,حكة,Symptom,HAS_SYMPTOM,HAS_SYMPTOM,true,0.920,"إكزيما is described as chronic skin inflammation, which commonly presents with حكة (itching)",Medical knowledge aligns with explicit entity descriptions in the QA context,groq,qwen/qwen3-32b,colleague_validation
rel_seed_1764d0ce4fc9d6ae,chunk_00178,ahd10k_01315,99199,ent_merge_000059,التهاب,DiseaseCondition,ent_merge_001615,مضمضة,Treatment,TREATED_BY,TREATED_BY,true,0.950,قررت المضمضة بيروكسيد الهيدروجين ماء اكسجيني 10٪؜,Direct treatment of inflammation with hydrogen peroxide mouthwash is explicitly stated.,groq,qwen/qwen3-32b,dah_relation_validation_v1
rel_seed_4b45703a9a10eb72,chunk_00178,ahd10k_03397,83013,ent_merge_000059,التهاب,DiseaseCondition,ent_merge_001615,مضمضة,Treatment,TREATED_BY,TREATED_BY,true,0.950,يمكنك مضمضة الفم بمحلول ملحي,Saltwater mouth rinse is explicitly recommended as treatment for inflammation.,groq,qwen/qwen3-32b,dah_relation_validation_v1
rel_seed_23c4c34128e073c7,chunk_00178,ahd10k_05114,13002,ent_merge_000059,التهاب,DiseaseCondition,ent_merge_001615,مضمضة,Treatment,TREATED_BY,TREATED_BY,true,0.950,استخدام مضمضه مثل كلوروهكساديل,Chlorhexidine mouthwash is directly cited as treatment for inflammation.,groq,qwen/qwen3-32b,dah_relation_validation_v1
rel_seed_8765332eee28d906,chunk_00178,ahd5k_04728,796682,ent_merge_000059,التهاب,DiseaseCondition,ent_merge_000682,المغص,Symptom,HAS_SYMPTOM,HAS_SYMPTOM,true,0.700,التهاب and المغص mentioned together,Co-occurrence implies symptom relationship in context,groq,qwen/qwen3-32b,dah_relation_validation_v1
rel_seed_440a3e13e2184aa1,chunk_00178,ahd5k_04916,553582,ent_merge_000059,التهاب,DiseaseCondition,ent_merge_002030,الامتناع عن اعطاء أي أطعمة أو سوائل عن طريق الفم,Treatment,TREATED_BY,TREATED_BY,true,0.600,التهاب and الامتناع عن اعطاء أي أطعمة أو سوائل عن طريق الفم mentioned together,Direct treatment recommendation for inflammation,groq,qwen/qwen3-32b,dah_relation_validation_v1
rel_seed_a92c754ee18d697d,chunk_00179,ahd5k_03738,770616,ent_merge_001672,ارتياف دعب \u0627لديم,DiseaseCondition,ent_merge_000616,الالم,Symptom,HAS_SYMPTOM,HAS_SYMPTOM,true,0.850,الالم الدي الديم الديم الديم,Direct evidence links knee arthritis (ارتياف دعب الديم) to pain (الالم) as a symptom.,groq,qwen/qwen3-32b,colleague_validation
rel_seed_ec0981bd81604c88,chunk_00180,ahd10k_01283,238810,ent_merge_000059,التهاب,DiseaseCondition,ent_merge_001601,مضاد حيوي,Treatment,TREATED_BY,TREATED_BY,true,1.000,استخدم مضادات حيويه,الاستخدام المباشر للمضادات الحيوية كعلاج للالتهاب,groq,qwen/qwen3-32b,dah_relation_validation_v1
rel_seed_92ec89d05de01b78,chunk_00180,ahd10k_04040,87330,ent_merge_000059,التهاب,DiseaseCondition,ent_merge_001601,مضاد حيوي,Treatment,TREATED_BY,TREATED_BY,true,1.000,غالبا مضادات حيويه عن الطريق الحقن,الإشارة المباشرة إلى استخدام المضادات الحيوية كعلاج للالتهاب,groq,qwen/qwen3-32b,dah_relation_validation_v1
rel_seed_bff2f41080d4c08e,chunk_00182,ahd10k_02033,772036,ent_merge_000342,حموض البول,DiseaseCondition,ent_merge_001238,الكرنتين,Treatment,TREATED_BY,TREATED_BY,true,0.950,دواء الكرنتين مذكور في سياق مرض ارتفاع حمض البول بالدم,العلاقة مدعومة بشكل مباشر من سؤال المريض عن دواء الكرنتين كعلاج,groq,qwen/qwen3-32b,dah_relation_validation_v1
rel_seed_c5a6a7dfab3a9151,chunk_00182,ahd5k_00838,424803,ent_merge_000446,فقر الدم,DiseaseCondition,ent_merge_000748,تنميل,Symptom,HAS_SYMPTOM,HAS_SYMPTOM,true,0.850,نقص فيتامين (ب12) يسبب انيميا وتنميل,Direct causal statement links anemia to numbness as a symptom.,groq,qwen/qwen3-32b,colleague_validation
rel_seed_79d4ad7d0e13e036,chunk_00183,ahd10k_01057,774874,ent_merge_000059,التهاب,DiseaseCondition,ent_merge_001282,بخاخ,Treatment,TREATED_BY,TREATED_BY,true,0.900,يخفف من التهاب الطرق التنفسية,البخاخ يخفف التهاب الطرق التنفسية مباشرة,groq,qwen/qwen3-32b,dah_relation_validation_v1
rel_seed_b718200c2cf8f81f,chunk_00183,ahd10k_01925,336840,ent_merge_000059,التهاب,DiseaseCondition,ent_merge_000822,سعال,Symptom,HAS_SYMPTOM,HAS_SYMPTOM,true,0.850,أشعر بزلة تنفسية مع بلغم في الصدر وضيق في الصدر,السعال مذكور كأعراض مباشرة,groq,qwen/qwen3-32b,dah_relation_validation_v1
rel_seed_64d60c1ac77e9ab4,chunk_00183,ahd10k_01925,336840,ent_merge_000059,التهاب,DiseaseCondition,ent_merge_000709,بلغم,Symptom,HAS_SYMPTOM,HAS_SYMPTOM,true,0.850,أشعر بزلة تنفسية مع بلغم في الصدر,البلغم مذكور كأعراض مباشرة,groq,qwen/qwen3-32b,dah_relation_validation_v1
rel_seed_83f83d7a8e5df1a6,chunk_00183,ahd10k_01925,336840,ent_merge_000059,التهاب,DiseaseCondition,ent_merge_000847,ضيق تنفس,Symptom,HAS_SYMPTOM,HAS_SYMPTOM,true,0.850,ضيق في الصدر منذ الشهر,ضيق التنفس مذكور كأعراض مباشرة,groq,qwen/qwen3-32b,dah_relation_validation_v1
rel_seed_f5cd351528ebf839,chunk_00183,ahd10k_01925,336840,ent_merge_000059,التهاب,DiseaseCondition,ent_merge_000924,آشعة,Test,DIAGNOSED_BY,DIAGNOSED_BY,true,0.800,يفضل الكشف عند طبيب وعمل اشعه,X-ray recommended for diagnosis of inflammation,groq,qwen/qwen3-32b,dah_relation_validation_v1
rel_seed_e5d5d24ccd34f093,chunk_00183,ahd10k_01925,336840,ent_merge_000709,بلغم,Symptom,ent_merge_000924,آشعة,Test,INVESTIGATED_BY,INVESTIGATED_BY,true,0.900,يفضل الكشف عند طبيب وعمل اشعه,Direct mention of X-ray (أشعة) as an investigation for symptoms,groq,qwen/qwen3-32b,dah_relation_validation_v1
rel_seed_a7faad0c502c0f49,chunk_00183,ahd10k_01925,336840,ent_merge_000847,ضيق تنفس,Symptom,ent_merge_000924,آشعة,Test,INVESTIGATED_BY,INVESTIGATED_BY,true,0.900,يفضل الكشف عند طبيب وعمل اشعه,Direct mention of X-ray (أشعة) as an investigation for symptoms,groq,qwen/qwen3-32b,dah_relation_validation_v1
rel_seed_b1dc666f2d066b28,chunk_00183,ahd10k_02125,746190,ent_merge_000059,التهاب,DiseaseCondition,ent_merge_000847,ضيق تنفس,Symptom,HAS_SYMPTOM,HAS_SYMPTOM,true,0.950,التهاب في المجاري التنفسية... ضيق في تنفس متوسط ومتقطع,Direct causal link between inflammation and breathing difficulty,groq,qwen/qwen3-32b,dah_relation_validation_v1
rel_seed_d4665d39fdd61563,chunk_00183,ahd10k_03077,479179,ent_merge_000059,التهاب,DiseaseCondition,ent_merge_000967,تحاليل مخبرية,Test,DIAGNOSED_BY,DIAGNOSED_BY,true,0.850,يجب عمل... تحاليل بالدم,Blood tests explicitly mentioned for diagnosis,groq,qwen/qwen3-32b,dah_relation_validation_v1
rel_seed_7075752c5c26aa45,chunk_00183,ahd10k_03077,479179,ent_merge_000059,التهاب,DiseaseCondition,ent_merge_000924,آشعة,Test,DIAGNOSED_BY,DIAGNOSED_BY,true,0.850,يجب عمل اشعة مقطعية,CT scan explicitly mentioned for diagnosis,groq,qwen/qwen3-32b,dah_relation_validation_v1
rel_seed_9463a9e7646a59c6,chunk_00183,ahd10k_03077,479179,ent_merge_000059,التهاب,DiseaseCondition,ent_merge_001601,مضاد حيوي,Treatment,TREATED_BY,TREATED_BY,true,0.800,اعطاء المضاد الحيوي,Antibiotics explicitly mentioned as treatment if bacterial infection confirmed,groq,qwen/qwen3-32b,dah_relation_validation_v1
rel_seed_ef6c1ed70d6610e8,chunk_00183,ahd10k_04355,119901,ent_merge_000371,ربو,DiseaseCondition,ent_merge_000822,سعال,Symptom,HAS_SYMPTOM,HAS_SYMPTOM,true,0.950,السعال مرتبط بالربو كأعراض ممكن أن يستمر بعد الكورونا,السعال مذكور كأعراض مصاحبة للربو في السياق الطبي,groq,qwen/qwen3-32b,dah_relation_validation_v1
rel_seed_339479e121746eb8,chunk_00183,ahd10k_04355,119901,ent_merge_000371,ربو,DiseaseCondition,ent_merge_001282,بخاخ,Treatment,TREATED_BY,TREATED_BY,true,0.900,البخاخات تحتوي على ستيرويد تُستخدم في علاج الربو,البخاخات مذكورة كعلاج مباشر للربو في السياق,groq,qwen/qwen3-32b,dah_relation_validation_v1
rel_seed_bc571ad8bebc8976,chunk_00183,ahd10k_04355,119901,ent_merge_000822,سعال,Symptom,ent_merge_000924,آشعة,Test,INVESTIGATED_BY,INVESTIGATED_BY,true,0.850,السعال أدى إلى أخذ أشعة صدرية كاستقصاء,الأشعة الصدرية مذكورة كاستقصاء للسعال,groq,qwen/qwen3-32b,dah_relation_validation_v1
rel_seed_13472b1dfb7f6d65,chunk_00183,ahd5k_03807,446488,ent_merge_001753,الملوية البوابية,DiseaseCondition,ent_merge_001204,الدواء,Treatment,TREATED_BY,TREATED_BY,true,0.850,مضادات حيويه نكسيوم و كلاريثرومايسين واموكسسلين,الملوية البوابية تُعالج مباشرةً بالمضادات الحيوية المذكورة,groq,qwen/qwen3-32b,colleague_validation
rel_seed_46ec2d5b8eb672de,chunk_00184,ahd10k_05623,771441,ent_merge_000371,ربو,DiseaseCondition,ent_merge_000847,ضيق تنفس,Symptom,HAS_SYMPTOM,HAS_SYMPTOM,true,0.850,"أمراض في الجهاز التنفسي مثل الربو, صعوبة في التنفس",Direct causal relationship between asthma and breathlessness as a symptom,groq,qwen/qwen3-32b,colleague_validation
rel_seed_724ee787e5e1e5d6,chunk_00184,ahd10k_05623,771441,ent_merge_000371,ربو,DiseaseCondition,ent_merge_000967,تحاليل مخبرية,Test,DIAGNOSED_BY,DIAGNOSED_BY,true,0.850,فحص سريري و سماع صوت الصدر أخذ عينات دم لاجراء فحص الدم الشامل,Blood tests are explicitly mentioned as part of asthma diagnosis,groq,qwen/qwen3-32b,colleague_validation
rel_seed_539d90fd33668df0,chunk_00184,ahd10k_05623,771441,ent_merge_000847,ضيق تنفس,Symptom,ent_merge_000967,تحاليل مخبرية,Test,INVESTIGATED_BY,INVESTIGATED_BY,true,0.850,فحص سريري و سماع صوت الصدر أخذ عينات دم لاجراء فحص الدم الشامل,Lab tests are directly linked to investigating breathlessness symptoms,groq,qwen/qwen3-32b,colleague_validation
rel_seed_2f64a0f513b60da5,chunk_00185,ahd10k_06854,703767,ent_merge_000371,ربو,DiseaseCondition,ent_merge_000847,ضيق تنفس,Symptom,HAS_SYMPTOM,HAS_SYMPTOM,true,0.900,ضيق التنفس الناتج عن الربو هو في اخراج الهواء,Directly states asthma causes expiratory dyspnea,groq,qwen/qwen3-32b,dah_relation_validation_v1
rel_seed_6c12fdb2ff2ca060,chunk_00185,ahd10k_07543,146333,ent_merge_000822,سعال,Symptom,ent_merge_000967,تحاليل مخبرية,Test,INVESTIGATED_BY,INVESTIGATED_BY,true,0.800,انصح بعمل تحليل براز واشعة للصدر,Direct recommendation for lab tests to investigate cough,groq,qwen/qwen3-32b,dah_relation_validation_v1
rel_seed_b27d801ec565bf4c,chunk_00185,ahd10k_07543,146333,ent_merge_000822,سعال,Symptom,ent_merge_000924,آشعة,Test,INVESTIGATED_BY,INVESTIGATED_BY,true,0.800,انصح بعمل تحليل براز واشعة للصدر,Direct recommendation for chest X-ray to investigate cough,groq,qwen/qwen3-32b,dah_relation_validation_v1
rel_seed_78a5886d3406fb54,chunk_00185,ahd10k_08138,92098,ent_merge_000059,التهاب,DiseaseCondition,ent_merge_000847,ضيق تنفس,Symptom,HAS_SYMPTOM,HAS_SYMPTOM,true,0.900,اعاني من ضيق في التنفس وعملت صورة اشعة للصدر والطبيب أخبرني انني اعاني من التهاب قصبات,Direct statement linking bronchitis to dyspnea,groq,qwen/qwen3-32b,dah_relation_validation_v1
rel_seed_4e69d11f83a25ef7,chunk_00185,ahd10k_08138,92098,ent_merge_000371,ربو,DiseaseCondition,ent_merge_000847,ضيق تنفس,Symptom,HAS_SYMPTOM,HAS_SYMPTOM,true,0.900,اعاني في بعض الاوقات من ضيق في التنفس,Direct symptom-cause relationship stated in evidence,groq,qwen/qwen3-32b,dah_relation_validation_v1
rel_seed_f7c1fcfb72c5c567,chunk_00185,ahd10k_08138,92098,ent_merge_000847,ضيق تنفس,Symptom,ent_merge_000924,آشعة,Test,INVESTIGATED_BY,INVESTIGATED_BY,true,0.900,عملت صورة اشعة للصدر بسبب ضيق التنفس,Direct investigation of symptom by test confirmed,groq,qwen/qwen3-32b,dah_relation_validation_v1
rel_seed_e3aede92b4a0bb44,chunk_00185,ahd10k_08943,795194,ent_merge_000822,سعال,Symptom,ent_merge_001349,توبليكسيل,Treatment,TREATED_BY,TREATED_BY,true,0.850,السعال الجاف غلبا ما يكون التهاب فيروسي ن وعلاجه تناول مضادات السعال الجاف مثل توبليكسيل,QA explicitly states توبليكسيل is recommended treatment for dry cough,groq,qwen/qwen3-32b,colleague_validation
rel_seed_42a661915a4115a3,chunk_00185,ahd10k_08943,795194,ent_merge_000822,سعال,Symptom,ent_merge_001632,ميرلوسم,Treatment,TREATED_BY,TREATED_BY,true,0.850,السعال الجاف غلبا ما يكون التهاب فيروسي ن وعلاجه تناول مضادات السعال الجاف مثل ميرلوسم,QA explicitly states ميرلوسم is recommended treatment for dry cough,groq,qwen/qwen3-32b,colleague_validation
rel_seed_0707322c030dc774,chunk_00185,ahd10k_08943,795194,ent_merge_000822,سعال,Symptom,ent_merge_001303,بولارامين,Treatment,TREATED_BY,TREATED_BY,true,0.850,السعال الجاف غلبا ما يكون التهاب فيروسي ن وعلاجه تناول مضادات السعال الجاف مثل بولارامين,QA explicitly states بولارامين is recommended treatment for dry cough,groq,qwen/qwen3-32b,colleague_validation
rel_seed_cb9943fba5e335d7,chunk_00185,ahd10k_08943,795194,ent_merge_000822,سعال,Symptom,ent_merge_001539,كلاريتين,Treatment,TREATED_BY,TREATED_BY,true,0.850,السعال الجاف غلبا ما يكون التهاب فيروسي ن وعلاجه تناول مضادات السعال الجاف مثل كلاريتين,QA explicitly states كلاريتين is recommended treatment for dry cough,groq,qwen/qwen3-32b,colleague_validation
rel_seed_12b5d8380bdc5085,chunk_00185,ahd10k_08943,795194,ent_merge_000822,سعال,Symptom,ent_merge_001331,تليفاست,Treatment,TREATED_BY,TREATED_BY,true,0.850,السعال الجاف غلبا ما يكون التهاب فيروسي ن وعلاجه تناول مضادات السعال الجاف مثل تليفاست,QA explicitly states تليفاست is recommended treatment for dry cough,groq,qwen/qwen3-32b,colleague_validation
rel_seed_f6d84e49f5367477,chunk_00186,ahd10k_00202,327302,ent_merge_000425,عسر الهضم,DiseaseCondition,ent_merge_000625,الإمساك,Symptom,HAS_SYMPTOM,HAS_SYMPTOM,true,0.950,غالباً ما يصاحب عسر الهضم الإمساك,Direct symptom association stated in evidence,groq,qwen/qwen3-32b,dah_relation_validation_v1
rel_seed_db3564dce56e9e6f,chunk_00186,ahd10k_00202,327302,ent_merge_000425,عسر الهضم,DiseaseCondition,ent_merge_000600,إسهال,Symptom,HAS_SYMPTOM,HAS_SYMPTOM,true,0.900,انا لدي مشاكل في الهضم منذ اكل بعد فتره بسيطة وإسهال,Patient-reported symptom explicitly linked to dyspepsia,groq,qwen/qwen3-32b,dah_relation_validation_v1
rel_seed_78467ccfa72516b7,chunk_00186,ahd5k_04926,496819,ent_merge_000859,غثيان,Symptom,ent_merge_001940,CBC التحليل الكامل للدم,Test,INVESTIGATED_BY,INVESTIGATED_BY,true,0.850,CBC التحليل الكامل للدم,الاختبار مرتبط مباشرة بفحص السبب المحتمل لغثيان,groq,qwen/qwen3-32b,colleague_validation
rel_seed_dc08b34a915a5377,chunk_00187,ahd10k_03173,54184,ent_merge_000059,التهاب,DiseaseCondition,ent_merge_000600,إسهال,Symptom,HAS_SYMPTOM,HAS_SYMPTOM,true,0.950,يصفه عامه يتم علاج الامييا فقط لو هناك اعراض التهاب القولون والإسهال,الإسهال مذكور كأعراض مباشرة للالتهاب في النص.,groq,qwen/qwen3-32b,dah_relation_validation_v1
rel_seed_77d7d6533073beb0,chunk_00187,ahd10k_03173,54184,ent_merge_000059,التهاب,DiseaseCondition,ent_merge_000967,تحاليل مخبرية,Test,DIAGNOSED_BY,DIAGNOSED_BY,true,0.950,90 في المائه من الاصابه ىالاميبا لا يوجد أي اعراض لدي للمريض و تكتشف فقط بالتحاليل,التحاليل المخبرية مذكورة كوسيلة للتشخيص المباشر للالتهاب.,groq,qwen/qwen3-32b,dah_relation_validation_v1
rel_seed_1a707ff8df9371da,chunk_00187,ahd10k_03173,54184,ent_merge_000059,التهاب,DiseaseCondition,ent_merge_001486,فلاجيل,Treatment,TREATED_BY,TREATED_BY,true,0.950,يتم علاج الامييا فقط لو هناك اعراض... بعلاج الفلاجيل flagyl,الفلاجيل مذكور كعلاج مباشر للالتهاب في النص.,groq,qwen/qwen3-32b,dah_relation_validation_v1
rel_seed_b021adfcdb567963,chunk_00188,ahd5k_03524,547417,ent_merge_001785,تيفود,DiseaseCondition,ent_merge_002132,بكتيفلوكس,Treatment,TREATED_BY,TREATED_BY,true,0.920,بكتيفلوكس 500 مرتين يوميا لمدة عشر ايام,العلاج بالبكتيفلوكس مذكور بشكل مباشر كخطة علاجية للتيفود,groq,qwen/qwen3-32b,colleague_validation
rel_seed_83b66501cfe03cfc,chunk_00189,ahd10k_03835,759930,ent_merge_000059,التهاب,DiseaseCondition,ent_merge_000978,تحليل الدم,Test,DIAGNOSED_BY,DIAGNOSED_BY,true,1.000,تحليل الدم (blood tests) are explicitly linked to indicating التهاب (inflammation).,The evidence directly connects blood tests to diagnosing inflammation.,groq,qwen/qwen3-32b,dah_relation_validation_v1
rel_seed_90d84c79bc8bcf82,chunk_00190,ahd10k_06740,515988,ent_merge_000059,التهاب,DiseaseCondition,ent_merge_000585,احمرار,Symptom,HAS_SYMPTOM,HAS_SYMPTOM,true,0.950,احمرار الكفين والقدمين,Direct symptom mention in evidence,groq,qwen/qwen3-32b,dah_relation_validation_v1
rel_seed_f07a61bba8b9c301,chunk_00190,ahd10k_06740,515988,ent_merge_000095,التهاب المسالك البولية,DiseaseCondition,ent_merge_001257,المضادات الحيوية,Treatment,TREATED_BY,TREATED_BY,true,0.980,المضادات الحيوية عن طريق الوريد,Direct treatment mention for urinary tract infection,groq,qwen/qwen3-32b,dah_relation_validation_v1
rel_seed_2e2f64d2deac5a52,chunk_00190,ahd10k_06740,515988,ent_merge_000229,بكتيريا,DiseaseCondition,ent_merge_000585,احمرار,Symptom,HAS_SYMPTOM,HAS_SYMPTOM,true,1.000,احمرار الكفين والقدمين,Direct symptom manifestation mentioned in evidence,groq,qwen/qwen3-32b,dah_relation_validation_v1
rel_seed_6ce3368ba5b973dd,chunk_00190,ahd10k_06740,515988,ent_merge_000229,بكتيريا,DiseaseCondition,ent_merge_001257,المضادات الحيوية,Treatment,TREATED_BY,TREATED_BY,true,1.000,المضادات الحيوية عن طريق الوريد,Specific treatment modality explicitly stated in evidence,groq,qwen/qwen3-32b,dah_relation_validation_v1
rel_seed_a5671f85bceb06a2,chunk_00190,ahd10k_06740,515988,ent_merge_000001,bacteremia,DiseaseCondition,ent_merge_000585,احمرار,Symptom,HAS_SYMPTOM,HAS_SYMPTOM,true,1.000,احمرار الكفين والقدمين,Direct evidence links bacteremia to redness as a symptom.,groq,qwen/qwen3-32b,dah_relation_validation_v1
rel_seed_eeb48afdf93fe5b5,chunk_00190,ahd10k_06740,515988,ent_merge_000001,bacteremia,DiseaseCondition,ent_merge_001257,المضادات الحيوية,Treatment,TREATED_BY,TREATED_BY,true,1.000,المضادات الحيوية عن طريق الوريد,Intravenous antibiotics directly treat bacteremia.,groq,qwen/qwen3-32b,dah_relation_validation_v1
rel_seed_158358af3892263d,chunk_00190,ahd5k_00916,510450,ent_merge_001835,ملاريا,DiseaseCondition,ent_merge_001995,فحص دم للملاريا,Test,DIAGNOSED_BY,DIAGNOSED_BY,true,0.900,اعملى فحص دم للملاريا مره ثانيه,Direct instruction to perform a malaria blood test for diagnosis,groq,qwen/qwen3-32b,dah_relation_validation_v1
rel_seed_49a091dd66d22aa3,chunk_00190,ahd5k_00916,510450,ent_merge_001835,ملاريا,DiseaseCondition,ent_merge_002199,فاندسيدار,Treatment,TREATED_BY,TREATED_BY,true,0.900,اخذت علاج(fandsidar),Explicit mention of fandsidar as treatment for malaria,groq,qwen/qwen3-32b,dah_relation_validation_v1
rel_seed_afae3e55c04cbb19,chunk_00190,ahd5k_01066,494860,ent_merge_000455,قرحة,DiseaseCondition,ent_merge_002125,ايزومبرازول,Treatment,TREATED_BY,TREATED_BY,true,0.850,ممكن تجرب دواء اسمه ايزومبرازول,Direct recommendation of isoprazole as treatment for ulcer,groq,qwen/qwen3-32b,dah_relation_validation_v1
rel_seed_dae99847c3e4c7fd,chunk_00191,ahd10k_00140,507389,ent_merge_000059,التهاب,DiseaseCondition,ent_merge_001606,مضادات التهابات,Treatment,TREATED_BY,TREATED_BY,true,0.700,اخذت مضادات التهابات دون فائدة,"Direct mention of treatment (anti-inflammatories) for the source condition (inflammation), even with reported ineffectiveness",groq,qwen/qwen3-32b,dah_relation_validation_v1
rel_seed_5d9b2ffaf877bb9a,chunk_00192,ahd10k_01460,119866,ent_merge_000059,التهاب,DiseaseCondition,ent_merge_001605,مضادات التهاب,Treatment,TREATED_BY,TREATED_BY,true,1.000,كدمه في الرسغ مضادات التهاب,Direct evidence of anti-inflammatory treatment for inflammation.,groq,qwen/qwen3-32b,dah_relation_validation_v1
rel_seed_d319f86b31daa026,chunk_00193,ahd10k_04712,717489,ent_merge_000059,التهاب,DiseaseCondition,ent_merge_001464,علاج طبيعي,Treatment,TREATED_BY,TREATED_BY,true,0.900,وذهب إلى الطبيب واعطاني إبرة كورتزون وقمت بجلسات علاج طبيعي ولكن لم استفيد,Direct mention of physical therapy sessions as treatment for inflammation.,groq,qwen/qwen3-32b,dah_relation_validation_v1
rel_seed_990c53aa38822a1b,chunk_00193,ahd10k_06577,761131,ent_merge_000059,التهاب,DiseaseCondition,ent_merge_001464,علاج طبيعي,Treatment,TREATED_BY,TREATED_BY,true,0.900,يمكنك الاستفادة من خلال جلسات علاج طبيعي,Physical therapy explicitly recommended as treatment for inflammation.,groq,qwen/qwen3-32b,dah_relation_validation_v1
rel_seed_a12b702ebba80c3f,chunk_00193,ahd10k_07370,717040,ent_merge_000059,التهاب,DiseaseCondition,ent_merge_001464,علاج طبيعي,Treatment,TREATED_BY,TREATED_BY,true,0.900,ينصح مراجعة مركز علاج طبيعي,Physical therapy center recommendation directly tied to inflammation treatment.,groq,qwen/qwen3-32b,dah_relation_validation_v1
rel_seed_77eac35568af0126,chunk_00193,ahd10k_08063,111613,ent_merge_000059,التهاب,DiseaseCondition,ent_merge_001464,علاج طبيعي,Treatment,TREATED_BY,TREATED_BY,true,0.900,يمكنك الاستفادة من خلال جلسات علاج طبيعي,Physical therapy explicitly recommended as treatment for inflammation.,groq,qwen/qwen3-32b,dah_relation_validation_v1
rel_seed_647694ac317db0de,chunk_00193,ahd10k_08937,793564,ent_merge_000059,التهاب,DiseaseCondition,ent_merge_001464,علاج طبيعي,Treatment,TREATED_BY,TREATED_BY,true,0.900,عليك مراجعة مركز علاج طبيعي,Physical therapy center recommendation directly tied to inflammation treatment.,groq,qwen/qwen3-32b,dah_relation_validation_v1
rel_seed_bd1cbb05148abc61,chunk_00193,ahd10k_08995,487713,ent_merge_000059,التهاب,DiseaseCondition,ent_merge_001464,علاج طبيعي,Treatment,TREATED_BY,TREATED_BY,true,0.900,ينصح مراجعة مركز علاج طبيعي,Direct recommendation for physical therapy treatment,groq,qwen/qwen3-32b,dah_relation_validation_v1
rel_seed_ad69cf7eaa5fd92b,chunk_00193,ahd5k_00235,765015,ent_merge_000302,توقف القلب,DiseaseCondition,ent_merge_002140,تدليك القلب,Treatment,TREATED_BY,TREATED_BY,true,0.900,تدليك القلب,Direct treatment for cardiac arrest,groq,qwen/qwen3-32b,colleague_validation
rel_seed_1bbb4b3ec82b07a3,chunk_00194,ahd10k_09894,27194,ent_merge_000059,التهاب,DiseaseCondition,ent_merge_001498,فيتامين B6,Treatment,TREATED_BY,TREATED_BY,true,0.950,يتم علاجها باستخدام جرعات مكثفة من فيتامين B6 أو سحب العقار او تقليل جرعته,العلاقة مدعومة بشكل مباشر من النص الذي يربط فيتامين B6 بعلاج الالتهاب العصبي الناتج عن أدوية الدرن.,groq,qwen/qwen3-32b,dah_relation_validation_v1
rel_seed_70cd9f85331e8cee,chunk_00194,ahd10k_09983,430255,ent_merge_000103,التهاب كبد مناعي ذاتي,DiseaseCondition,ent_merge_001294,بريدنيزون,Treatment,TREATED_BY,TREATED_BY,true,0.900,اتناول بريدنيزون عيار 5,Prednisone is standard treatment for autoimmune hepatitis,groq,qwen/qwen3-32b,colleague_validation
rel_seed_6ad64ca566b6e415,chunk_00194,ahd10k_09983,430255,ent_merge_000360,دسك,DiseaseCondition,ent_merge_001544,كورتيزون,Treatment,TREATED_BY,TREATED_BY,true,0.850,نصحوني بأخز حقن كورتيزون في الظهر,Cortisone injection directly addresses discal back pain,groq,qwen/qwen3-32b,colleague_validation
rel_seed_7d4f236ca20da5e4,chunk_00194,ahd10k_09983,430255,ent_merge_000360,دسك,DiseaseCondition,ent_merge_001224,العلاج الطبيعي,Treatment,TREATED_BY,TREATED_BY,true,0.800,يمكنك الاستفادة من العلاج الطبيعي,Physical therapy recommended for discal back pain,groq,qwen/qwen3-32b,colleague_validation
rel_seed_03fb80cfa6ec9fe0,chunk_00196,ahd10k_08891,791782,ent_merge_000074,التهاب الغدد اللمفاوية,DiseaseCondition,ent_merge_001257,المضادات الحيوية,Treatment,TREATED_BY,TREATED_BY,true,0.950,العلاج وغالباً يقتصر على المضادات الحيوية,Direct evidence links lymphadenitis treatment to antibiotics,groq,qwen/qwen3-32b,dah_relation_validation_v1
rel_seed_ce117097b36aac7b,chunk_00196,ahd5k_03242,238032,ent_merge_000010,ارتفاع ضغط الدم,DiseaseCondition,ent_merge_002082,العقاقير,Treatment,TREATED_BY,TREATED_BY,true,0.850,قد يعطى لك المهدئات لتقلصات العضلات والعقاقير من خلال الوريد (عن طريق الوريد) لعلاج ارتفاع ضغط الدم والإثارة والألم.,العقاقير المذكورة في النص تُستخدم مباشرة لعلاج ارتفاع ضغط الدم، مما يدعم العلاقة TREATED_BY بشكل مباشر.,groq,qwen/qwen3-32b,colleague_validation
rel_seed_7d55340255da3637,chunk_00197,ahd10k_00381,565240,ent_merge_000059,التهاب,DiseaseCondition,ent_merge_000741,تقرحات,Symptom,HAS_SYMPTOM,HAS_SYMPTOM,true,0.950,هل وجود تقرحات تحت لسان في موضع لعاب وفي المري مع حموضة شديد في الفم مع براز غير متماسك من اعراض التهاب او القرحة في معدة,Directly states تقرحات as a symptom of التهاب,groq,qwen/qwen3-32b,dah_relation_validation_v1
rel_seed_f6f09cba469ccce2,chunk_00197,ahd10k_01695,767156,ent_merge_000059,التهاب,DiseaseCondition,ent_merge_000741,تقرحات,Symptom,HAS_SYMPTOM,HAS_SYMPTOM,true,0.920,التهابات باللسان او اللثه او الخدين من الداخل,Mentions التهاب as causing تقرحات in oral tissues,groq,qwen/qwen3-32b,dah_relation_validation_v1
rel_seed_53a9365faec6312e,chunk_00197,ahd10k_01695,767156,ent_merge_000059,التهاب,DiseaseCondition,ent_merge_001395,دكتارين,Treatment,TREATED_BY,TREATED_BY,true,0.880,من اهم علاجات الفطريات فى الفم دكتارين اورال جل,Directly links دكتارين to treatment of fungal infections,groq,qwen/qwen3-32b,dah_relation_validation_v1
rel_seed_2270040e942c732b,chunk_00197,ahd10k_01959,529083,ent_merge_000059,التهاب,DiseaseCondition,ent_merge_000741,تقرحات,Symptom,HAS_SYMPTOM,HAS_SYMPTOM,true,0.930,الالتهابات او تقرحات في لساني,Directly states تقرحات as symptom of التهاب,groq,qwen/qwen3-32b,dah_relation_validation_v1
rel_seed_f5731974f11b3c2d,chunk_00197,ahd5k_00992,608792,ent_merge_001927,فقدان الوعي,Symptom,ent_merge_001456,عسل,Treatment,TREATED_BY,TREATED_BY,true,0.850,يجب عليك اعطاء المصاب عسل تحت لسانه,QA explicitly recommends honey as treatment for loss of consciousness in diabetic patient,groq,qwen/qwen3-32b,colleague_validation
rel_seed_f017ab441aafe75c,chunk_00198,ahd10k_02961,770315,ent_merge_000059,التهاب,DiseaseCondition,ent_merge_001578,مراجعة طبيب الأسنان,Treatment,TREATED_BY,TREATED_BY,true,0.900,ننصح بمراجعة طبيب الأسنان المختص ليقوم بالتشخيص السليم واعطاء العلاج المناسب,الاستشارة الطبية مباشرة موصى بها كعلاج.,groq,qwen/qwen3-32b,dah_relation_validation_v1
rel_seed_5c050ede1322a082,chunk_00198,ahd10k_02961,770315,ent_merge_000284,تقرحات الفم,DiseaseCondition,ent_merge_001578,مراجعة طبيب الأسنان,Treatment,TREATED_BY,TREATED_BY,true,0.900,ننصح بمراجعة طبيب الأسنان المختص ليقوم بالتشخيص السليم واعطاء العلاج المناسب,الاستشارة الطبية مباشرة موصى بها كعلاج.,groq,qwen/qwen3-32b,dah_relation_validation_v1
rel_seed_e118c84f95fd0ad4,chunk_00198,ahd10k_06052,187602,ent_merge_000465,قلاع فموي,DiseaseCondition,ent_merge_000967,تحاليل مخبرية,Test,DIAGNOSED_BY,DIAGNOSED_BY,true,0.900,يرجى اجراء تحاليل عامة واجراء مسحة للقلاع عند طبيب اسنان وارسالها لمخبر التشريح المرضي,المسحة المخبرية مذكورة كوسيلة لتشخيص القلاع الفموي,groq,qwen/qwen3-32b,dah_relation_validation_v1
rel_seed_8ddb6adf8703d329,chunk_00198,ahd5k_01255,803073,ent_merge_001793,حمى عضة الجرذون,DiseaseCondition,ent_merge_000782,حمى,Symptom,HAS_SYMPTOM,HAS_SYMPTOM,true,0.850,حمى عضة الجرذون تشمل حمى كأعراض,الحمى مذكورة كأعراض مباشرة في السياق,groq,qwen/qwen3-32b,colleague_validation
rel_seed_b318a5fe2028d394,chunk_00198,ahd5k_01255,803073,ent_merge_001793,حمى عضة الجرذون,DiseaseCondition,ent_merge_001903,أوجاع العضلات,Symptom,HAS_SYMPTOM,HAS_SYMPTOM,true,0.850,أوجاع العضلات مذكورة كأعراض,الأوجاع مذكورة مباشرة في السياق,groq,qwen/qwen3-32b,colleague_validation
rel_seed_33850b8369249cc4,chunk_00198,ahd5k_01255,803073,ent_merge_001793,حمى عضة الجرذون,DiseaseCondition,ent_merge_001904,أوجاع المفاصل,Symptom,HAS_SYMPTOM,HAS_SYMPTOM,true,0.850,أوجاع المفاصل مذكورة كأعراض,الأوجاع مذكورة مباشرة في السياق,groq,qwen/qwen3-32b,colleague_validation
rel_seed_ef0e5aaf004e8463,chunk_00198,ahd5k_01255,803073,ent_merge_001793,حمى عضة الجرذون,DiseaseCondition,ent_merge_001848,ارتجاف,Symptom,HAS_SYMPTOM,HAS_SYMPTOM,true,0.850,ارتجاف مذكور كأعراض,الارتجاف مذكور مباشرة في السياق,groq,qwen/qwen3-32b,colleague_validation
rel_seed_7c4501f3a0b3f874,chunk_00198,ahd5k_01255,803073,ent_merge_001793,حمى عضة الجرذون,DiseaseCondition,ent_merge_002134,بنسيلين,Treatment,TREATED_BY,TREATED_BY,true,0.850,البنسيلين موصى به كعلاج,العلاج مذكور مباشرة في السياق,groq,qwen/qwen3-32b,colleague_validation
rel_seed_e3600600b3c5959f,chunk_00198,ahd5k_01255,803073,ent_merge_001793,حمى عضة الجرذون,DiseaseCondition,ent_merge_001257,المضادات الحيوية,Treatment,TREATED_BY,TREATED_BY,true,0.850,المضادات الحيوية موصى بها كعلاج,العلاج مذكور مباشرة في السياق,groq,qwen/qwen3-32b,colleague_validation
rel_seed_ac068d5fc6c5dfda,chunk_00198,ahd5k_01255,803073,ent_merge_001793,حمى عضة الجرذون,DiseaseCondition,ent_merge_002187,سيبروفلوكساسين,Treatment,TREATED_BY,TREATED_BY,true,0.850,السيبروفلوكساسين موصى به كعلاج,العلاج مذكور مباشرة في السياق,groq,qwen/qwen3-32b,colleague_validation
rel_seed_1e7f104f9986a223,chunk_00198,ahd5k_01255,803073,ent_merge_001794,حمى عضة الفأر,DiseaseCondition,ent_merge_000782,حمى,Symptom,HAS_SYMPTOM,HAS_SYMPTOM,true,0.850,حمى عضة الفأر تشمل حمى كأعراض,الحمى مذكورة مباشرة في السياق,groq,qwen/qwen3-32b,colleague_validation
rel_seed_9724fd736f452e39,chunk_00198,ahd5k_01255,803073,ent_merge_001794,حمى عضة الفأر,DiseaseCondition,ent_merge_001903,أوجاع العضلات,Symptom,HAS_SYMPTOM,HAS_SYMPTOM,true,0.850,أوجاع العضلات مذكورة كأعراض,الأوجاع مذكورة مباشرة في السياق,groq,qwen/qwen3-32b,colleague_validation
rel_seed_238426e83964f412,chunk_00198,ahd5k_01255,803073,ent_merge_001794,حمى عضة الفأر,DiseaseCondition,ent_merge_001904,أوجاع المفاصل,Symptom,HAS_SYMPTOM,HAS_SYMPTOM,true,0.850,أوجاع المفاصل مذكورة كأعراض,الأوجاع مذكورة مباشرة في السياق,groq,qwen/qwen3-32b,colleague_validation
rel_seed_0c886ccd53ef37b6,chunk_00198,ahd5k_01255,803073,ent_merge_001794,حمى عضة الفأر,DiseaseCondition,ent_merge_001848,ارتجاف,Symptom,HAS_SYMPTOM,HAS_SYMPTOM,true,0.850,ارتجاف مذكور كأعراض,الارتجاف مذكور مباشرة في السياق,groq,qwen/qwen3-32b,colleague_validation
rel_seed_c12c08f08491105b,chunk_00198,ahd5k_01255,803073,ent_merge_001794,حمى عضة الفأر,DiseaseCondition,ent_merge_002134,بنسيلين,Treatment,TREATED_BY,TREATED_BY,true,0.850,البنسيلين موصى به كعلاج,العلاج مذكور مباشرة في السياق,groq,qwen/qwen3-32b,colleague_validation
rel_seed_b920b1bddec66f66,chunk_00198,ahd5k_01255,803073,ent_merge_001794,حمى عضة الفأر,DiseaseCondition,ent_merge_001257,المضادات الحيوية,Treatment,TREATED_BY,TREATED_BY,true,0.850,المضادات الحيوية موصى بها كعلاج,العلاج مذكور مباشرة في السياق,groq,qwen/qwen3-32b,colleague_validation
rel_seed_bb7e4e11ff339b8a,chunk_00198,ahd5k_01255,803073,ent_merge_001794,حمى عضة الفأر,DiseaseCondition,ent_merge_002187,سيبروفلوكساسين,Treatment,TREATED_BY,TREATED_BY,true,0.850,السيبروفلوكساسين موصى به كعلاج,العلاج مذكور مباشرة في السياق,groq,qwen/qwen3-32b,colleague_validation
rel_seed_03c855d64abaa220,chunk_00198,ahd5k_01255,803073,ent_merge_001792,حمى عضة الجرذ,DiseaseCondition,ent_merge_000782,حمى,Symptom,HAS_SYMPTOM,HAS_SYMPTOM,true,1.000,"حمى عضة الجرذ , وحمى عضة الفأر",الحمى مذكورة كأعراض مباشرة لحمى عضة الجرذ,groq,qwen/qwen3-32b,dah_relation_validation_v1
rel_seed_e15bfc14a4463f81,chunk_00198,ahd5k_01255,803073,ent_merge_001792,حمى عضة الجرذ,DiseaseCondition,ent_merge_001903,أوجاع العضلات,Symptom,HAS_SYMPTOM,HAS_SYMPTOM,true,1.000,أوجاع العضلات,الأوجاع العضلية مذكورة كأعراض لحمى عضة الجرذ,groq,qwen/qwen3-32b,dah_relation_validation_v1
rel_seed_d81862d55339b101,chunk_00198,ahd5k_01255,803073,ent_merge_001792,حمى عضة الجرذ,DiseaseCondition,ent_merge_001904,أوجاع المفاصل,Symptom,HAS_SYMPTOM,HAS_SYMPTOM,true,1.000,أوجاع المفاصل,الأوجاع المفصلية مذكورة كأعراض لحمى عضة الجرذ,groq,qwen/qwen3-32b,dah_relation_validation_v1
rel_seed_19aa12892a7363bc,chunk_00198,ahd5k_01255,803073,ent_merge_001792,حمى عضة الجرذ,DiseaseCondition,ent_merge_001848,ارتجاف,Symptom,HAS_SYMPTOM,HAS_SYMPTOM,true,0.950,ارتجاف,Direct symptom listed in evidence,groq,qwen/qwen3-32b,dah_relation_validation_v1
rel_seed_125b5ce47ae8ff7e,chunk_00198,ahd5k_01255,803073,ent_merge_001792,حمى عضة الجرذ,DiseaseCondition,ent_merge_002134,بنسيلين,Treatment,TREATED_BY,TREATED_BY,true,0.850,البنسيلين,Specific treatment mentioned in evidence,groq,qwen/qwen3-32b,dah_relation_validation_v1
rel_seed_e66e18d746195516,chunk_00198,ahd5k_01255,803073,ent_merge_000782,حمى,Symptom,ent_merge_002187,سيبروفلوكساسين,Treatment,TREATED_BY,TREATED_BY,true,0.950,السيبروفلوكساسين,Direct mention of ciprofloxacin as treatment in evidence,groq,qwen/qwen3-32b,dah_relation_validation_v1
rel_seed_f8bfe9948841d308,chunk_00199,ahd10k_07272,604592,ent_merge_000059,التهاب,DiseaseCondition,ent_merge_001477,غسول فموي,Treatment,TREATED_BY,TREATED_BY,true,0.900,استعمال الغسول الفموي,Direct treatment of inflammation mentioned in evidence,groq,qwen/qwen3-32b,dah_relation_validation_v1
rel_seed_fee7191a8cca36d7,chunk_00199,ahd5k_04919,596603,ent_merge_000782,حمى,Symptom,ent_merge_002101,الماء,Treatment,TREATED_BY,TREATED_BY,true,0.850,يرش الجسم بالماء الفاتر أو ذو حرارة باردة نسبياً 'أبرد من جسد المصاب'.,Direct treatment application for fever using cool water,groq,qwen/qwen3-32b,colleague_validation
rel_seed_00e41735841ddf26,chunk_00199,ahd5k_04919,596603,ent_merge_000782,حمى,Symptom,ent_merge_001215,السوائل,Treatment,TREATED_BY,TREATED_BY,true,0.850,إعطاء المصاب السوائل اللازمة ويفضل أن تكون باردة.,Fluid administration explicitly stated as treatment for fever,groq,qwen/qwen3-32b,colleague_validation
rel_seed_93d8e1347ce6b318,chunk_00199,ahd5k_04919,596603,ent_merge_000782,حمى,Symptom,ent_merge_002147,ثلج,Treatment,TREATED_BY,TREATED_BY,true,0.850,توضع مكعبات ثلجية حول منطقة الرقبة ومنطقة ما تحت الإبط,Ice application directly linked to fever treatment,groq,qwen/qwen3-32b,colleague_validation
rel_seed_f2d607618af40802,chunk_00200,ahd5k_01290,785063,ent_merge_001805,شظايا القنابل الصغيرة الانشطارية,DiseaseCondition,ent_merge_000924,أشعة,Test,DIAGNOSED_BY,DIAGNOSED_BY,true,0.900,عمل تصوير بالأشعة لتحديد مكان الشظايا ونوعها,العلاقة 'DIAGNOSED_BY' مدعومة مباشرة؛ الأشعة تُستخدم لتحديد موقع ونوع الشظايا,groq,qwen/qwen3-32b,dah_relation_validation_v1
rel_seed_af6a11304913289a,chunk_00200,ahd5k_01295,492516,ent_merge_001798,دبوس,DiseaseCondition,ent_merge_000924,أشعة,Test,DIAGNOSED_BY,DIAGNOSED_BY,true,0.950,أشعة لمعرفة ممان الدبوس والتأكد من وجوده,الأشعة تم استخدامها لتأكيد وجود الدبوس مباشرةً,groq,qwen/qwen3-32b,dah_relation_validation_v1
rel_seed_d524271f113af063,chunk_00200,ahd5k_02003,793160,ent_merge_001669,ارتجاج دماغي,DiseaseCondition,ent_merge_000924,أشعة,Test,DIAGNOSED_BY,DIAGNOSED_BY,true,0.850,عمل صورة أشعة للرأس,الأشعة تُستخدم لتأكيد عدم وجود إصابة بارتجاج دماغي,groq,qwen/qwen3-32b,colleague_validation
rel_seed_5008a599fac5e2ce,chunk_00202,ahd10k_00937,320122,ent_merge_000059,التهاب,DiseaseCondition,ent_merge_000776,حكة,Symptom,HAS_SYMPTOM,HAS_SYMPTOM,true,0.000,كان لدي حكه شديده في فتحه القضيب وأعتقد أنه بسبب التهاب balanitis,Direct symptom-cause linkage in patient self-report,groq,qwen/qwen3-32b,dah_relation_validation_v1
rel_seed_8359fc8ba1543603,chunk_00202,ahd10k_00946,598274,ent_merge_000059,التهاب,DiseaseCondition,ent_merge_000979,تحليل السائل المنوي,Test,DIAGNOSED_BY,DIAGNOSED_BY,true,0.000,الارقام تشير الى وجود التهاب ولابد من اجراء فحص زرع للسائل المنوي,Diagnostic test explicitly requested for infection confirmation,groq,qwen/qwen3-32b,dah_relation_validation_v1
rel_seed_75356a4de3035965,chunk_00203,ahd10k_02803,298252,ent_merge_000059,التهاب,DiseaseCondition,ent_merge_001601,مضاد حيوي,Treatment,TREATED_BY,TREATED_BY,true,1.000,التهاب البروستات المزمن يحتاج إلى مضاد حيوي,Directly states antibiotic treatment for chronic prostatitis.,groq,qwen/qwen3-32b,dah_relation_validation_v1
rel_seed_d25bebb0b6be21aa,chunk_00203,ahd10k_03158,489157,ent_merge_000059,التهاب,DiseaseCondition,ent_merge_001601,مضاد حيوي,Treatment,TREATED_BY,TREATED_BY,true,1.000,كيف اعرف المضاد المناسب للالتهاب,Explicitly links antibiotic treatment to infection.,groq,qwen/qwen3-32b,dah_relation_validation_v1
rel_seed_fa79dda54057508e,chunk_00203,ahd10k_03452,657997,ent_merge_000059,التهاب,DiseaseCondition,ent_merge_001601,مضاد حيوي,Treatment,TREATED_BY,TREATED_BY,true,1.000,يعالج بالصاد الحيوي بإعطائه وريدياً في المشفى,Directly states antibiotic treatment for kidney infection.,groq,qwen/qwen3-32b,dah_relation_validation_v1
rel_seed_6b13e519adf13fcf,chunk_00203,ahd10k_04576,260632,ent_merge_000059,التهاب,DiseaseCondition,ent_merge_001601,مضاد حيوي,Treatment,TREATED_BY,TREATED_BY,true,1.000,إذا هناك التهاب فيعالج بالمضاد المناسب,Directly links antibiotic treatment to infection.,groq,qwen/qwen3-32b,dah_relation_validation_v1
rel_seed_d8d1b104635e7c32,chunk_00203,ahd10k_04576,260632,ent_merge_000059,التهاب,DiseaseCondition,ent_merge_000967,تحاليل مخبرية,Test,DIAGNOSED_BY,DIAGNOSED_BY,true,1.000,عليك بعمل تحليل للبول وزراعة,Directly states lab tests for diagnosis.,groq,qwen/qwen3-32b,dah_relation_validation_v1
rel_seed_3d4188eba9b4c8da,chunk_00203,ahd10k_04868,661561,ent_merge_000059,التهاب,DiseaseCondition,ent_merge_001601,مضاد حيوي,Treatment,TREATED_BY,TREATED_BY,true,1.000,التهابات المثانة تعالج بالمضادات الحيوية المعروفة,Directly states antibiotic treatment for bladder infections.,groq,qwen/qwen3-32b,dah_relation_validation_v1
rel_seed_23b4ca0bd40e22ca,chunk_00203,ahd10k_05069,473706,ent_merge_000059,التهاب,DiseaseCondition,ent_merge_000967,تحاليل مخبرية,Test,DIAGNOSED_BY,DIAGNOSED_BY,true,0.920,عليك عمل تحليل مخبري للبول وزراعه...للتاكد من عدم وجود التهابات,التحليل المخبري مذكور صراحة كوسيلة للتحقق من وجود التهابات، مما يشير إلى علاقة تشخيصية مباشرة,groq,qwen/qwen3-32b,colleague_validation
rel_seed_8a68d0c2e84a65ac,chunk_00204,ahd10k_05096,248265,ent_merge_000059,التهاب,DiseaseCondition,ent_merge_000967,تحاليل مخبرية,Test,DIAGNOSED_BY,DIAGNOSED_BY,true,0.950,تحليلات pus cells,Direct diagnostic test mentioned in evidence,groq,qwen/qwen3-32b,dah_relation_validation_v1
rel_seed_19e643aeb7c3f97f,chunk_00205,ahd10k_08304,551740,ent_merge_000059,التهاب,DiseaseCondition,ent_merge_000967,تحاليل مخبرية,Test,DIAGNOSED_BY,DIAGNOSED_BY,true,0.900,ماهى التحليل التى تبين احتقان البروستا,Direct evidence links diagnostic tests to prostate congestion diagnosis,groq,qwen/qwen3-32b,dah_relation_validation_v1
rel_seed_2167b0f65553b4a4,chunk_00205,ahd10k_08304,551740,ent_merge_000059,التهاب,DiseaseCondition,ent_merge_001601,مضاد حيوي,Treatment,TREATED_BY,TREATED_BY,true,0.850,استعمال المضادات الحيوية يتم بناء على نتيجة الزراعه المخبريه,Antibiotic treatment explicitly tied to lab results for infection,groq,qwen/qwen3-32b,dah_relation_validation_v1
rel_seed_741d2cb19837d8e1,chunk_00205,ahd10k_08495,679611,ent_merge_000059,التهاب,DiseaseCondition,ent_merge_001601,مضاد حيوي,Treatment,TREATED_BY,TREATED_BY,true,0.900,اعطانى الطبيب زورين مضاد حيوى,Direct prescription of antibiotic for urinary tract infection,groq,qwen/qwen3-32b,dah_relation_validation_v1
rel_seed_7d9bc517db768727,chunk_00205,ahd5k_03525,424603,ent_merge_001718,الجلطة,DiseaseCondition,ent_merge_001176,الانعاش القلبي الرئوي,Treatment,TREATED_BY,TREATED_BY,true,0.800,الانعاش القلبي الرئوي,Direct evidence links clot to CPR treatment,groq,qwen/qwen3-32b,dah_relation_validation_v1
rel_seed_3055c705bed7870f,chunk_00205,ahd5k_03823,518498,ent_merge_001870,الحرق,Symptom,ent_merge_002233,مرهم مضاد الحروق,Treatment,TREATED_BY,TREATED_BY,true,0.850,مرهم مضاد الحروق,Direct treatment recommendation for the source symptom,groq,qwen/qwen3-32b,colleague_validation
rel_seed_ef7c7128ac0eb2bd,chunk_00206,ahd10k_09690,400621,ent_merge_000059,التهاب,DiseaseCondition,ent_merge_000973,تحليل البول,Test,DIAGNOSED_BY,DIAGNOSED_BY,true,0.950,التشخيص هو وجود التهابات في المسالك البوليه,العلاقة مدعومة بشكل مباشر من خلال ذكر التشخيص بالاختبار المخبري,groq,qwen/qwen3-32b,dah_relation_validation_v1
rel_seed_84d1fa635138bbeb,chunk_00206,ahd10k_09862,700906,ent_merge_000059,التهاب,DiseaseCondition,ent_merge_000973,تحليل البول,Test,DIAGNOSED_BY,DIAGNOSED_BY,true,0.920,لا بد من فحص البول والتشخيص الدقيق,العلاقة مدعومة من خلال ذكر الحاجة إلى فحص البول للتشخيص,groq,qwen/qwen3-32b,dah_relation_validation_v1
rel_seed_9e533664eba3690f,chunk_00206,ahd10k_09955,67908,ent_merge_000059,التهاب,DiseaseCondition,ent_merge_001601,مضاد حيوي,Treatment,TREATED_BY,TREATED_BY,true,0.900,اتناول مضاد حيوي ciprofar 750,العلاقة مدعومة من خلال ذكر تناول مضاد حيوي كعلاج,groq,qwen/qwen3-32b,dah_relation_validation_v1
rel_seed_b524fc1d9d3f04ba,chunk_00206,ahd5k_02825,697832,ent_merge_000613,الاصفرار,Symptom,ent_merge_002000,فوسفاتاز قلوية,Test,INVESTIGATED_BY,INVESTIGATED_BY,true,0.850,وظائف الكبد من بيليروبين مباشر وغير مباشر وفوسفاتاز قلوية,الاصفرار (ال黄疸) يتم التحقيق فيه باستخدام فوسفاتاز قلوية كجزء من وظائف الكبد.,groq,qwen/qwen3-32b,colleague_validation
rel_seed_cd7d25ef0b1a6087,chunk_00206,ahd5k_02825,697832,ent_merge_000613,الاصفرار,Symptom,ent_merge_001968,بيليروبين,Test,INVESTIGATED_BY,INVESTIGATED_BY,true,0.850,وظائف الكبد من بيليروبين مباشر وغير مباشر,الاصفرار (ال黄疸) يتم التحقيق فيه باستخدام بيليروبين كجزء من وظائف الكبد.,groq,qwen/qwen3-32b,colleague_validation
rel_seed_bf327431a2d99e90,chunk_00207,ahd10k_01009,605007,ent_merge_000059,التهاب,DiseaseCondition,ent_merge_001094,Ciprofloxacin,Treatment,TREATED_BY,TREATED_BY,true,0.950,السبب هو التهاب مسالك بولية، واستعمال Ciprofloxacin 500 حبية,العلاقة مباشرة بين المرض والعلاج المذكور في السياق,groq,qwen/qwen3-32b,dah_relation_validation_v1
rel_seed_5b67b00af633b803,chunk_00207,ahd10k_02230,573310,ent_merge_000059,التهاب,DiseaseCondition,ent_merge_000967,تحاليل مخبرية,Test,DIAGNOSED_BY,DIAGNOSED_BY,true,0.900,يسبب التهاب كبدي، ويتم عمل تحليل مخبري,التحليل المخبري مذكور كوسيلة للتشخيص,groq,qwen/qwen3-32b,dah_relation_validation_v1
rel_seed_2829e6c04b7f2c69,chunk_00207,ahd5k_03658,391781,ent_merge_000307,جرثومة المعدة,DiseaseCondition,ent_merge_001075,منظار,Test,DIAGNOSED_BY,DIAGNOSED_BY,true,0.900,المرضى أخيراً تشخصوا بجرثومة المعدة عبر المنظار,المناظير مذكورة كوسيلة تشخيصية مباشرة للمرض,groq,qwen/qwen3-32b,dah_relation_validation_v1
rel_seed_7f3638c8d2fb30d3,chunk_00208,ahd10k_03072,758619,ent_merge_000230,بكتيريا الهيليكوباكتر بيلوري,DiseaseCondition,ent_merge_000967,تحاليل مخبرية,Test,DIAGNOSED_BY,DIAGNOSED_BY,true,0.850,ارى انه يجب البحث عن السبب وعلى الاغلب هو بكتيريا الهيليكوباكتر بيلوري ولهذا يجب عمل الفحص للتأكد من ذلك,Direct evidence that lab tests are used to confirm H. pylori diagnosis,groq,qwen/qwen3-32b,colleague_validation
rel_seed_27d1ff99a5177b61,chunk_00209,ahd10k_06829,479741,ent_merge_000059,التهاب,DiseaseCondition,ent_merge_001613,مضادات مستقبلات H2,Treatment,TREATED_BY,TREATED_BY,true,0.950,كيف اعالج التهاب المعده المزمن ؟؟ ومنها مضادات مستقبلات H2,Direct treatment recommendation for chronic gastritis using H2 receptor antagonists,groq,qwen/qwen3-32b,dah_relation_validation_v1
rel_seed_522c6742c297faa0,chunk_00210,ahd10k_07163,225601,ent_merge_000059,التهاب,DiseaseCondition,ent_merge_001601,مضاد حيوي,Treatment,TREATED_BY,TREATED_BY,true,0.900,"التهاب حا في البوم والدم, مضاد حيوي",Antibiotic explicitly mentioned as treatment for inflammation,groq,qwen/qwen3-32b,dah_relation_validation_v1
rel_seed_5c17ad4483d6d37d,chunk_00210,ahd10k_07700,596113,ent_merge_000059,التهاب,DiseaseCondition,ent_merge_000675,ألم اسفل البطن,Symptom,HAS_SYMPTOM,HAS_SYMPTOM,true,0.850,"التهاب مجرى البول, اعاني من اﻻم اسفل البطن",Direct symptom reported for urinary tract inflammation,groq,qwen/qwen3-32b,dah_relation_validation_v1
rel_seed_5acd4a8d9e22b46b,chunk_00210,ahd10k_07700,596113,ent_merge_000170,القولون العصبي,DiseaseCondition,ent_merge_000675,ألم اسفل البطن,Symptom,HAS_SYMPTOM,HAS_SYMPTOM,true,0.800,"القولون العصبي, الم اسفل البطن",Lower abdominal pain explicitly associated with irritable colon,groq,qwen/qwen3-32b,dah_relation_validation_v1
rel_seed_5ba13dbbb522cfc0,chunk_00210,ahd5k_03316,446333,ent_merge_000326,حساسية,DiseaseCondition,ent_merge_000975,تحليل الحساسية,Test,DIAGNOSED_BY,DIAGNOSED_BY,true,0.900,تحليل الحساسية مذكور كوسيلة تشخيصية,تحليل الحساسية هو الإجراء الطبي القياسي لتشخيص الحساسية,groq,qwen/qwen3-32b,colleague_validation
rel_seed_c51bd973bda13cc6,chunk_00210,ahd5k_03316,446333,ent_merge_000326,حساسية,DiseaseCondition,ent_merge_002105,المراجعة الطبيب المختص,Treatment,TREATED_BY,TREATED_BY,true,0.850,المراجعة الطبيب المختص موصى بها,المراجعة الطبيب المختص هي تدخل طبي مباشر موصى به,groq,qwen/qwen3-32b,colleague_validation
rel_seed_5948836d896deeae,chunk_00210,ahd5k_03316,446333,ent_merge_001790,حساسية الموسمية,DiseaseCondition,ent_merge_001850,الاحساس بوجود هواء,Symptom,HAS_SYMPTOM,HAS_SYMPTOM,true,0.800,"حساسية الموسمية, الحساس بوجود هواء في الاذن",Ear air sensation directly reported as symptom of seasonal allergy,groq,qwen/qwen3-32b,dah_relation_validation_v1
rel_seed_93a7bf570fa4f4ca,chunk_00210,ahd5k_03316,446333,ent_merge_001790,حساسية الموسمية,DiseaseCondition,ent_merge_000975,تحليل الحساسية,Test,DIAGNOSED_BY,DIAGNOSED_BY,true,0.950,تحليل الحساسية مذكور كوسيلة لتشخيص الحساسية الموسمية,الاختبار مذكور بشكل مباشر كوسيلة لتشخيص الحالة,groq,qwen/qwen3-32b,dah_relation_validation_v1
rel_seed_f83af8ff621e8690,chunk_00210,ahd5k_03316,446333,ent_merge_000219,انفلونزا,DiseaseCondition,ent_merge_002105,المراجعة الطبيب المختص,Treatment,TREATED_BY,TREATED_BY,true,0.800,رجاءً مراجعة الطبيب المختص,الاستشارة الطبية مذكورة كخطوة علاجية مباشرة,groq,qwen/qwen3-32b,dah_relation_validation_v1
rel_seed_6d271132e394ccf9,chunk_00211,ahd10k_01213,561467,ent_merge_000059,التهاب,DiseaseCondition,ent_merge_000967,تحاليل مخبرية,Test,DIAGNOSED_BY,DIAGNOSED_BY,true,0.950,اعملي مسحه لمعرفة. نوع الالتهاب,Direct diagnostic test recommendation for infection type,groq,qwen/qwen3-32b,dah_relation_validation_v1
rel_seed_5d255c88b7fdd11d,chunk_00211,ahd10k_01802,16102,ent_merge_000059,التهاب,DiseaseCondition,ent_merge_000776,حكة,Symptom,HAS_SYMPTOM,HAS_SYMPTOM,true,0.980,حكة في المهبل و الفرج,Explicit symptom description in context,groq,qwen/qwen3-32b,dah_relation_validation_v1
rel_seed_58e816ca7c767c08,chunk_00211,ahd10k_02226,663537,ent_merge_000059,التهاب,DiseaseCondition,ent_merge_000776,حكة,Symptom,HAS_SYMPTOM,HAS_SYMPTOM,true,0.970,حكة على مستوى جهاز تناسلي,Direct symptom manifestation reported,groq,qwen/qwen3-32b,dah_relation_validation_v1
rel_seed_0678f8280d26b8ca,chunk_00212,ahd10k_02997,23324,ent_merge_000059,التهاب,DiseaseCondition,ent_merge_001476,غسول بيتادين,Treatment,TREATED_BY,TREATED_BY,true,0.800,غسول بيتادين,Direct treatment mentioned for inflammation in sensitive area,groq,qwen/qwen3-32b,dah_relation_validation_v1
rel_seed_f24bcfbf1daefdb4,chunk_00212,ahd10k_03432,424145,ent_merge_000059,التهاب,DiseaseCondition,ent_merge_001074,مسحة عنق الرحم,Test,DIAGNOSED_BY,DIAGNOSED_BY,true,0.850,أجريت مسحة عنق الرحم لتحديد وجود التهاب,الاختبار (مسحة عنق الرحم) مرتبط مباشرة بتشخيص الحالة (التهاب),groq,qwen/qwen3-32b,dah_relation_validation_v1
rel_seed_4f05648bc6e56ac0,chunk_00212,ahd10k_03830,256768,ent_merge_000059,التهاب,DiseaseCondition,ent_merge_001444,سيكلو بروجينوفا,Treatment,TREATED_BY,TREATED_BY,true,0.900,استخدام سيكلو بروجينوفا لعلاج التهاب مزمن,العلاج (سيكلو بروجينوفا) مذكور بشكل مباشر كعلاج للحالة (التهاب),groq,qwen/qwen3-32b,dah_relation_validation_v1
rel_seed_7cd1131fbca2a0e0,chunk_00212,ahd10k_05212,719871,ent_merge_000059,التهاب,DiseaseCondition,ent_merge_000776,حكة,Symptom,HAS_SYMPTOM,HAS_SYMPTOM,true,0.950,حكة كأعراض مصاحبة للالتهاب,الحالة (التهاب) تسبب الأعراض المذكورة (حكة),groq,qwen/qwen3-32b,dah_relation_validation_v1
rel_seed_7d43f6ce57aa22d0,chunk_00212,ahd5k_01595,258276,ent_merge_000170,القولون العصبي,DiseaseCondition,ent_merge_001880,الضيق,Symptom,HAS_SYMPTOM,HAS_SYMPTOM,true,0.900,ضيق في القولون كأعراض مزمنة للقولون العصبي,الحالة (القولون العصبي) تسبب الأعراض المذكورة (الضيق),groq,qwen/qwen3-32b,dah_relation_validation_v1
rel_seed_18093767ff6a5b19,chunk_00212,ahd5k_03220,670011,ent_merge_000170,القولون العصبي,DiseaseCondition,ent_merge_001565,مبيفيرين,Treatment,TREATED_BY,TREATED_BY,true,1.000,أقراص لتقلصات القولون مثل مادة مبيفيرين,directly supported by evidence,groq,openai/gpt-oss-20b,dah_relation_validation_v1
rel_seed_47934715622b906d,chunk_00213,ahd10k_05930,36388,ent_merge_000059,التهاب,DiseaseCondition,ent_merge_001273,أوجمنتين ٦٢٥,Treatment,TREATED_BY,TREATED_BY,true,0.950,التهاب في اللثة مع وصف دواء اوجمنتين ٦٢٥,العلاقة مدعومة بشكل مباشر من خلال وصف الدواء للالتهاب,groq,qwen/qwen3-32b,dah_relation_validation_v1
rel_seed_971d4f19d206f555,chunk_00213,ahd5k_03390,228678,ent_merge_000799,دم,Symptom,ent_merge_000967,تحاليل مخبرية,Test,INVESTIGATED_BY,INVESTIGATED_BY,true,0.850,تحليل مخبري,التحاليل المخبرية تُستخدم لاستقصاء وجود دم في البراز,groq,qwen/qwen3-32b,colleague_validation
rel_seed_5f7a5220c121c4ce,chunk_00213,ahd5k_03390,228678,ent_merge_001861,البراز,Symptom,ent_merge_000967,تحاليل مخبرية,Test,INVESTIGATED_BY,INVESTIGATED_BY,true,0.850,تحليل مخبري,التحاليل المخبرية تُستخدم لتحليل البراز,groq,qwen/qwen3-32b,colleague_validation
rel_seed_09d19a8755bd35d8,chunk_00213,ahd5k_03390,228678,ent_merge_000600,إسهال,Symptom,ent_merge_000967,تحاليل مخبرية,Test,INVESTIGATED_BY,INVESTIGATED_BY,true,0.850,تحليل مخبري,التحاليل المخبرية تُستخدم لاستقصاء أسباب الإسهال,groq,qwen/qwen3-32b,colleague_validation
rel_seed_479a91574c3a107f,chunk_00215,ahd10k_09926,401571,ent_merge_000059,التهاب,DiseaseCondition,ent_merge_000735,تعب,Symptom,HAS_SYMPTOM,HAS_SYMPTOM,true,0.950,اعاني منذ فترة من تعب وارهاق,Direct symptom mention in context,groq,qwen/qwen3-32b,dah_relation_validation_v1
rel_seed_d2cff48b6f59d371,chunk_00215,ahd10k_09980,296523,ent_merge_000059,التهاب,DiseaseCondition,ent_merge_000967,تحاليل مخبرية,Test,DIAGNOSED_BY,DIAGNOSED_BY,true,0.900,عملو تحاليل واشعه,Lab tests directly linked to diagnosis,groq,qwen/qwen3-32b,dah_relation_validation_v1
rel_seed_35f22915a7fd94f8,chunk_00215,ahd5k_03995,162844,ent_merge_001807,شق شرجي,DiseaseCondition,ent_merge_001857,الام عند الإخراج,Symptom,HAS_SYMPTOM,HAS_SYMPTOM,true,0.900,الام عند الإخراج ممكن يكون شق شرجي,Direct symptom-disease association stated in evidence,groq,qwen/qwen3-32b,colleague_validation
rel_seed_7b051bdbfbc31224,chunk_00215,ahd5k_03995,162844,ent_merge_001800,دود بالبطن,DiseaseCondition,ent_merge_001857,الام عند الإخراج,Symptom,HAS_SYMPTOM,HAS_SYMPTOM,true,0.880,الام عند الإخراج ممكن يكون معك دود بالبطن,Direct symptom-disease association stated in evidence,groq,qwen/qwen3-32b,colleague_validation
rel_seed_669d4fcf7776f545,chunk_00215,ahd5k_03995,162844,ent_merge_001857,الام عند الإخراج,Symptom,ent_merge_001952,إسهال او إمساك,Test,INVESTIGATED_BY,INVESTIGATED_BY,true,0.820,إسهال او إمساك,Test directly linked to investigating symptom,groq,qwen/qwen3-32b,colleague_validation
rel_seed_de30e6b249ce75b8,chunk_00216,ahd10k_00967,780143,ent_merge_000846,ضيق التنفس,Symptom,ent_merge_000924,آشعة,Test,INVESTIGATED_BY,INVESTIGATED_BY,true,0.950,بعد عمل اشعة عادية على الصدر,X-ray directly investigated the symptom of shortness of breath,groq,qwen/qwen3-32b,dah_relation_validation_v1
rel_seed_83cd3a175a768097,chunk_00216,ahd10k_00967,780143,ent_merge_000846,ضيق التنفس,Symptom,ent_merge_001626,موسعات الشعب,Treatment,TREATED_BY,TREATED_BY,true,0.950,"اعانى من ضيق فى التنفس, موسعات الشعب",Direct treatment relationship between symptom and medication is explicitly stated,groq,qwen/qwen3-32b,dah_relation_validation_v1
rel_seed_318635de87250293,chunk_00218,ahd10k_02016,339537,ent_merge_000059,التهاب,DiseaseCondition,ent_merge_001601,مضاد حيوي,Treatment,TREATED_BY,TREATED_BY,true,0.900,يُوصى بقطرة مضاد حيوي مع مضاد حيوي فموي لعلاج التهاب الأذن,النص يدعم استخدام مضاد حيوي كعلاج مباشر,groq,qwen/qwen3-32b,dah_relation_validation_v1
rel_seed_7843687e457da3a2,chunk_00218,ahd10k_02177,683194,ent_merge_000059,التهاب,DiseaseCondition,ent_merge_000924,آشعة,Test,DIAGNOSED_BY,DIAGNOSED_BY,true,0.800,يُوصى بتصوير طبقي مقطعي لتشخيص التهاب الجيوب الأنفية,التصوير الطبي المذكور يُستخدم لتشخيص الحالة,groq,qwen/qwen3-32b,dah_relation_validation_v1
rel_seed_099f0e697cd5debc,chunk_00219,ahd10k_03558,624783,ent_merge_000059,التهاب,DiseaseCondition,ent_merge_000830,صداع,Symptom,HAS_SYMPTOM,HAS_SYMPTOM,true,0.950,التهاب الجيوب الانفية مرتبط بصداع في السياق,الالتهاب الجيبي يسبب صداعًا كأعراض مباشرة,groq,qwen/qwen3-32b,dah_relation_validation_v1
rel_seed_5b24460d5d9b6321,chunk_00219,ahd10k_03558,624783,ent_merge_000326,حساسية,DiseaseCondition,ent_merge_000830,صداع,Symptom,HAS_SYMPTOM,HAS_SYMPTOM,true,0.850,حساسية مذكورة كسبب محتمل للصداع,الحساسية مذكورة كسبب محتمل للصداع في السياق,groq,qwen/qwen3-32b,dah_relation_validation_v1
rel_seed_2952abf2576200b5,chunk_00219,ahd5k_01737,474412,ent_merge_000296,تهاب,DiseaseCondition,ent_merge_001977,تحليل براز شامل,Test,DIAGNOSED_BY,DIAGNOSED_BY,true,0.850,تحليل براز شامل,Test explicitly mentioned for diagnosis,groq,qwen/qwen3-32b,colleague_validation
rel_seed_bf1b7b682f792b99,chunk_00220,ahd10k_06753,51022,ent_merge_000059,التهاب,DiseaseCondition,ent_merge_000830,صداع,Symptom,HAS_SYMPTOM,HAS_SYMPTOM,true,0.900,صداع خفيف,Direct symptom listed in evidence,groq,qwen/qwen3-32b,dah_relation_validation_v1
rel_seed_23c611ce32ddf50d,chunk_00220,ahd10k_06753,51022,ent_merge_000059,التهاب,DiseaseCondition,ent_merge_000600,إسهال,Symptom,HAS_SYMPTOM,HAS_SYMPTOM,true,0.900,إسهال,Direct symptom listed in evidence,groq,qwen/qwen3-32b,dah_relation_validation_v1
rel_seed_bfcf4c14435a495f,chunk_00220,ahd10k_06800,718954,ent_merge_000059,التهاب,DiseaseCondition,ent_merge_001601,مضاد حيوي,Treatment,TREATED_BY,TREATED_BY,true,0.850,مضاد حيوى,Direct treatment mentioned in evidence,groq,qwen/qwen3-32b,dah_relation_validation_v1
rel_seed_3db65a071b646aff,chunk_00221,ahd10k_08036,66109,ent_merge_000059,التهاب,DiseaseCondition,ent_merge_000830,صداع,Symptom,HAS_SYMPTOM,HAS_SYMPTOM,true,0.950,صداع وغثيان و الالم في الجسم,Directly stated symptom of the disease,groq,qwen/qwen3-32b,dah_relation_validation_v1
rel_seed_3e52b66ad6fc3dc0,chunk_00221,ahd10k_08036,66109,ent_merge_000059,التهاب,DiseaseCondition,ent_merge_001601,مضاد حيوي,Treatment,TREATED_BY,TREATED_BY,true,0.900,ننصح ب. مضاد حيوي,Explicit treatment recommendation for the disease,groq,qwen/qwen3-32b,dah_relation_validation_v1
rel_seed_54aa0011fcc6203b,chunk_00224,ahd10k_01300,136162,ent_merge_000034,إكزيما,DiseaseCondition,ent_merge_001491,فلوكونازول,Treatment,TREATED_BY,TREATED_BY,true,0.950,علاج القشره.. الاكزيما الدهنيه.. أقراص مضاد فطريات مثل فلوكورال 150 حبه,Direct mention of fluconazole as antifungal treatment for seborrheic eczema.,groq,qwen/qwen3-32b,dah_relation_validation_v1
rel_seed_3ad24a2e6a84983e,chunk_00224,ahd10k_04138,739979,ent_merge_000059,التهاب,DiseaseCondition,ent_merge_001564,مايكونازول,Treatment,TREATED_BY,TREATED_BY,true,0.900,الالتهاب مع مايكونازول جل عن طريق الفم,Miconazole gel explicitly prescribed for fungal tongue inflammation.,groq,qwen/qwen3-32b,dah_relation_validation_v1
rel_seed_66b369b9a88efab2,chunk_00224,ahd10k_07916,733934,ent_merge_000059,التهاب,DiseaseCondition,ent_merge_000776,حكة,Symptom,HAS_SYMPTOM,HAS_SYMPTOM,true,0.900,التهاب فطريات مع حكة شديدة في منطقة أسفل البطن,Direct symptom (itching) linked to fungal inflammation.,groq,qwen/qwen3-32b,dah_relation_validation_v1
rel_seed_dbfe92e4a18f19b1,chunk_00224,ahd10k_08148,592980,ent_merge_000059,التهاب,DiseaseCondition,ent_merge_001601,مضاد حيوي,Treatment,TREATED_BY,TREATED_BY,true,1.000,تعاني من التهاب تناول مضاد حيوي مناسب,Direct treatment recommendation in evidence,groq,qwen/qwen3-32b,dah_relation_validation_v1
rel_seed_16a86488326d1ff8,chunk_00224,ahd10k_08148,592980,ent_merge_000059,التهاب,DiseaseCondition,ent_merge_001494,فوسيدين,Treatment,TREATED_BY,TREATED_BY,true,1.000,استخدم كريم فيوسيدين على منطقة الألم 3 مرات يوميا,Direct treatment application instruction in evidence,groq,qwen/qwen3-32b,dah_relation_validation_v1
rel_seed_becd7c2229bad213,chunk_00225,ahd10k_09774,561715,ent_merge_000150,الصدفية,DiseaseCondition,ent_merge_001218,الشاي,Treatment,TREATED_BY,TREATED_BY,true,0.800,التخفيف من أعراض الصدفية,الشاي مذكور بشكل مباشر كوسيلة لتخفيف أعراض الصدفية.,groq,qwen/qwen3-32b,dah_relation_validation_v1
rel_seed_f221b15447fe509d,chunk_00227,ahd10k_01781,792482,ent_merge_000059,التهاب,DiseaseCondition,ent_merge_000673,الكحة,Symptom,HAS_SYMPTOM,HAS_SYMPTOM,true,0.950,اعاني من كحه مع بلغم,Direct symptom mention in evidence,groq,qwen/qwen3-32b,dah_relation_validation_v1
rel_seed_abc9f0f0dff99200,chunk_00227,ahd10k_01781,792482,ent_merge_000059,التهاب,DiseaseCondition,ent_merge_000630,البلغم,Symptom,HAS_SYMPTOM,HAS_SYMPTOM,true,0.950,اعاني من كحه مع بلغم,Direct symptom mention in evidence,groq,qwen/qwen3-32b,dah_relation_validation_v1
rel_seed_a65c2067cae57d10,chunk_00227,ahd10k_01781,792482,ent_merge_000091,التهاب اللوزتين,DiseaseCondition,ent_merge_000673,الكحة,Symptom,HAS_SYMPTOM,HAS_SYMPTOM,true,0.950,اعاني من كحه مع بلغم واحيانا استفراغ والتهاب لوز,Direct symptom mention in evidence,groq,qwen/qwen3-32b,dah_relation_validation_v1
rel_seed_2ec98587ea273243,chunk_00227,ahd10k_01781,792482,ent_merge_000091,التهاب اللوزتين,DiseaseCondition,ent_merge_000630,البلغم,Symptom,HAS_SYMPTOM,HAS_SYMPTOM,true,0.950,اعاني من كحه مع بلغم واحيانا استفراغ والتهاب لوز,Direct symptom mention in evidence,groq,qwen/qwen3-32b,dah_relation_validation_v1
rel_seed_a3589d2194e84ea3,chunk_00227,ahd10k_03383,785286,ent_merge_000059,التهاب,DiseaseCondition,ent_merge_001294,بريدنيزون,Treatment,TREATED_BY,TREATED_BY,true,0.950,يجب المباشرة بالعلاج في أقرب وقت ممكن، عن طريق استخدام أدوية الكورتيكوستيرويد مثل بريدنيزون,البراهين تشير بشكل مباشر إلى استخدام بريدنيزون كعلاج لالتهاب الشريان الصدغي,groq,qwen/qwen3-32b,dah_relation_validation_v1
rel_seed_d720f3e102455d36,chunk_00227,ahd10k_03383,785286,ent_merge_000072,التهاب الشريان الصدغي,DiseaseCondition,ent_merge_001244,الكورتيكوستيرويد,Treatment,TREATED_BY,TREATED_BY,true,0.950,ينبغي المباشرة بالعلاج في اقرب وقت ممكن، عن طريق استخدام أدوية الكورتيكوستيرويد,العلاج بالكورتيكوستيرويد مذكور مباشرة كوسيلة للعلاج,groq,qwen/qwen3-32b,dah_relation_validation_v1
rel_seed_8992140658fbe82b,chunk_00227,ahd10k_03383,785286,ent_merge_000072,التهاب الشريان الصدغي,DiseaseCondition,ent_merge_001294,بريدنيزون,Treatment,TREATED_BY,TREATED_BY,true,0.980,ينبغي المباشرة بالعلاج في اقرب وقت ممكن، عن طريق استخدام أدوية الكورتيكوستيرويد مثل بريدنيزون,العلاج ببريدنيزون مذكور كمثال مباشر ضمن فئة الكورتيكوستيرويد,groq,qwen/qwen3-32b,dah_relation_validation_v1
rel_seed_90e1443412dc9b47,chunk_00227,ahd10k_05019,795935,ent_merge_000748,تنميل,Symptom,ent_merge_000924,آشعة,Test,INVESTIGATED_BY,INVESTIGATED_BY,true,0.850,صورة أشعة للرقبة,تنميل يُستقصى بواسطة آشعة للرقبة كجزء من التشخيص,groq,qwen/qwen3-32b,colleague_validation
rel_seed_6ff63c329115e491,chunk_00228,ahd10k_02192,647826,ent_merge_000059,التهاب,DiseaseCondition,ent_merge_000830,صداع,Symptom,HAS_SYMPTOM,HAS_SYMPTOM,true,0.950,من الممكن ان ماتعانى منه صديقتك هى اعراض الصداع الناتج عن التهابات مزمنة بالجيوب الانفية,Direct causal link between chronic sinusitis (inflammation) and headache (symptom) is stated.,groq,qwen/qwen3-32b,dah_relation_validation_v1
rel_seed_ee3c09015d6aacc3,chunk_00228,ahd10k_02192,647826,ent_merge_000830,صداع,Symptom,ent_merge_000995,تصوير بالرنين المغناطيسي,Test,INVESTIGATED_BY,INVESTIGATED_BY,true,0.950,ننصحها بعمل اشعة رنين مغناطيسى على المخ والجيوب الانفية,MRI is explicitly recommended to investigate the headache symptom.,groq,qwen/qwen3-32b,dah_relation_validation_v1
rel_seed_95fcdab44f4e9363,chunk_00228,ahd10k_07080,613667,ent_merge_000059,التهاب,DiseaseCondition,ent_merge_000830,صداع,Symptom,HAS_SYMPTOM,HAS_SYMPTOM,true,0.950,من الواضح انك تعانى من نوبات من الصداع الحاد نتيجة التهابات مزمنة بالجيوب الانفية,Clear causal link between chronic sinusitis (inflammation) and acute headache (symptom) is stated.,groq,qwen/qwen3-32b,dah_relation_validation_v1
rel_seed_5228320c53fcedfa,chunk_00228,ahd10k_08856,577080,ent_merge_000059,التهاب,DiseaseCondition,ent_merge_000995,تصوير بالرنين المغناطيسي,Test,DIAGNOSED_BY,DIAGNOSED_BY,true,1.000,كشفت طلع فيني التهاب بجذور الاعصاب,التصوير بالرنين المغناطيسي كشف عن التهاب بجذور الأعصاب بشكل مباشر.,groq,qwen/qwen3-32b,dah_relation_validation_v1
rel_seed_b28af632f0712f43,chunk_00229,ahd5k_04655,574588,ent_merge_000170,القولون العصبي,DiseaseCondition,ent_merge_002064,الخس,Treatment,TREATED_BY,TREATED_BY,true,0.850,الاكثار من تناول الاطعمة المحتوية على الياف مثل الخس,Increasing fiber-rich foods like lettuce is a recommended treatment for IBS.,groq,qwen/qwen3-32b,colleague_validation
rel_seed_8557610a3bcf9be1,chunk_00230,ahd10k_06946,123744,ent_merge_000059,التهاب,DiseaseCondition,ent_merge_001593,مسكن,Treatment,TREATED_BY,TREATED_BY,true,0.950,ممكن يكون كسر في احد عضمات القفص الصدري و او التهاب غصروفي خذي مسكن الام,Direct treatment recommendation for inflammation (الالتهاب) with painkiller (مسكن) is explicitly stated in evidence.,groq,qwen/qwen3-32b,dah_relation_validation_v1
rel_seed_2b6bb8d65d342bdf,chunk_00231,ahd10k_01668,802441,ent_merge_000087,التهاب الكبد سي,DiseaseCondition,ent_merge_001189,الترفبرون,Treatment,TREATED_BY,TREATED_BY,true,1.000,استعمال حقن الالترفبرون,Directly mentioned in evidence as treatment for hepatitis C,groq,qwen/qwen3-32b,dah_relation_validation_v1
rel_seed_e3a7c12bf49100fd,chunk_00231,ahd10k_01668,802441,ent_merge_000087,التهاب الكبد سي,DiseaseCondition,ent_merge_001210,الريبافيرين,Treatment,TREATED_BY,TREATED_BY,true,1.000,حبوب الريبافيرين,Directly mentioned in evidence as treatment for hepatitis C,groq,qwen/qwen3-32b,dah_relation_validation_v1
rel_seed_55d5fbc375fd0d01,chunk_00231,ahd10k_01668,802441,ent_merge_000326,حساسية,DiseaseCondition,ent_merge_001189,الترفبرون,Treatment,TREATED_BY,TREATED_BY,true,0.950,استعمال حقن الالترفبرون,Direct treatment mentioned in evidence,groq,qwen/qwen3-32b,dah_relation_validation_v1
rel_seed_4ed86c2c0f01f297,chunk_00231,ahd10k_01668,802441,ent_merge_000326,حساسية,DiseaseCondition,ent_merge_001210,الريبافيرين,Treatment,TREATED_BY,TREATED_BY,true,0.950,حبوب الريبافيرين,Direct treatment mentioned in evidence,groq,qwen/qwen3-32b,dah_relation_validation_v1
rel_seed_e22b285afd3721c2,chunk_00231,ahd10k_02085,750593,ent_merge_000059,التهاب,DiseaseCondition,ent_merge_001076,منظار المعدة,Test,DIAGNOSED_BY,DIAGNOSED_BY,true,0.950,تم عمل منظار للمعدة,Direct diagnostic test mentioned in evidence,groq,qwen/qwen3-32b,dah_relation_validation_v1
rel_seed_8eefebfcf9e94b65,chunk_00231,ahd10k_02159,787453,ent_merge_000086,التهاب الكبد ج,DiseaseCondition,ent_merge_000626,الانتفاخ,Symptom,HAS_SYMPTOM,HAS_SYMPTOM,true,0.950,انتفاخ في البطن,Direct symptom mentioned in evidence for hepatitis C.,groq,qwen/qwen3-32b,dah_relation_validation_v1
rel_seed_6e1313b6cf0a6059,chunk_00231,ahd10k_02998,783352,ent_merge_000080,التهاب القولون,DiseaseCondition,ent_merge_000626,الانتفاخ,Symptom,HAS_SYMPTOM,HAS_SYMPTOM,true,0.950,انتفاخ قوي,Direct symptom mentioned in evidence for colitis.,groq,qwen/qwen3-32b,dah_relation_validation_v1
rel_seed_3d8dfc22ee06742e,chunk_00231,ahd10k_02998,783352,ent_merge_000080,التهاب القولون,DiseaseCondition,ent_merge_000667,الغازات,Symptom,HAS_SYMPTOM,HAS_SYMPTOM,true,0.950,غازات,Direct symptom mentioned in evidence for colitis.,groq,qwen/qwen3-32b,dah_relation_validation_v1
rel_seed_cdac442613c5e4e5,chunk_00231,ahd10k_02998,783352,ent_merge_000080,التهاب القولون,DiseaseCondition,ent_merge_000656,الريح,Symptom,HAS_SYMPTOM,HAS_SYMPTOM,true,0.950,الريح,Direct symptom mentioned in evidence for colitis.,groq,qwen/qwen3-32b,dah_relation_validation_v1
rel_seed_85e68bebc96396c6,chunk_00231,ahd10k_02998,783352,ent_merge_000080,التهاب القولون,DiseaseCondition,ent_merge_000868,قرقرة,Symptom,HAS_SYMPTOM,HAS_SYMPTOM,true,0.950,قرقرة,Direct symptom mentioned in evidence for colitis.,groq,qwen/qwen3-32b,dah_relation_validation_v1
rel_seed_494cfb97c91626c4,chunk_00231,ahd5k_00640,235992,ent_merge_000129,الربو,DiseaseCondition,ent_merge_001914,حيلية الربو,Symptom,HAS_SYMPTOM,HAS_SYMPTOM,true,0.850,الربو وحيلية الربو في السياق الطبي,العلاقة مدعومة بشكل مباشر من خلال السياق الطبي حيث تُعتبر حيلية الربو أحد الأعراض المميزة لمرض الربو,groq,qwen/qwen3-32b,colleague_validation
rel_seed_6ec89f88660658f3,chunk_00232,ahd10k_03205,762871,ent_merge_000059,التهاب,DiseaseCondition,ent_merge_000859,غثيان,Symptom,HAS_SYMPTOM,HAS_SYMPTOM,true,0.950,الغثيان والقيء,Direct symptom mentioned in evidence for the disease,groq,qwen/qwen3-32b,dah_relation_validation_v1
rel_seed_ad6bef8e40d8a8b2,chunk_00232,ahd10k_03840,771660,ent_merge_000059,التهاب,DiseaseCondition,ent_merge_001118,Omeprazol,Treatment,TREATED_BY,TREATED_BY,true,0.900,أرى أن تتناول واحدا من الأدوية التالية: -Omeprazol,Explicit treatment recommendation in evidence,groq,qwen/qwen3-32b,dah_relation_validation_v1
rel_seed_55f04a2e5aaabc1f,chunk_00232,ahd10k_03840,771660,ent_merge_000059,التهاب,DiseaseCondition,ent_merge_001111,losec,Treatment,TREATED_BY,TREATED_BY,true,0.900,أرى أن تتناول واحدا من الأدوية التالية: -Omeprazol -losec,Explicit treatment recommendation in evidence,groq,qwen/qwen3-32b,dah_relation_validation_v1
rel_seed_645d48b0f613202b,chunk_00232,ahd10k_04374,762895,ent_merge_000059,التهاب,DiseaseCondition,ent_merge_000859,غثيان,Symptom,HAS_SYMPTOM,HAS_SYMPTOM,true,0.950,ثم تصيبني الام في المعدة و غثيان,Direct symptom mentioned in evidence for the disease,groq,qwen/qwen3-32b,dah_relation_validation_v1
rel_seed_acd6b9213de4d255,chunk_00233,ahd10k_04837,767302,ent_merge_000141,السل,DiseaseCondition,ent_merge_000822,سعال,Symptom,HAS_SYMPTOM,HAS_SYMPTOM,true,0.950,سعال شديد,Direct symptom mentioned in evidence for Tuberculosis,groq,qwen/qwen3-32b,dah_relation_validation_v1
rel_seed_2500a25b303dbd82,chunk_00233,ahd5k_02167,70174,ent_merge_000446,فقر الدم,DiseaseCondition,ent_merge_001034,فحص الدم,Test,DIAGNOSED_BY,DIAGNOSED_BY,true,0.950,فحص الدم (CBC),CBC is standard diagnostic test for anemia,groq,qwen/qwen3-32b,colleague_validation
rel_seed_561bf31411d68bae,chunk_00235,ahd10k_00432,666393,ent_merge_000059,التهاب,DiseaseCondition,ent_merge_001088,azalic acid cream,Treatment,TREATED_BY,TREATED_BY,true,0.900,يُستخدم azalic acid cream ليلاً و urea cream صباحاً لعلاج التهاب في بوصلة الشعر,النص يُشير بشكل مباشر إلى استخدام الكريمات لعلاج التهاب في بوصلة الشعر,groq,qwen/qwen3-32b,dah_relation_validation_v1
rel_seed_e459c9f3515aeb84,chunk_00235,ahd10k_00432,666393,ent_merge_000059,التهاب,DiseaseCondition,ent_merge_001125,urea cream,Treatment,TREATED_BY,TREATED_BY,true,0.900,يُستخدم azalic acid cream ليلاً و urea cream صباحاً لعلاج التهاب في بوصلة الشعر,النص يُشير بشكل مباشر إلى استخدام الكريمات لعلاج التهاب في بوصلة الشعر,groq,qwen/qwen3-32b,dah_relation_validation_v1
rel_seed_3f8dbcdfa9c2c65c,chunk_00235,ahd10k_08911,771543,ent_merge_000150,الصدفية,DiseaseCondition,ent_merge_001430,زيت اللوز,Treatment,TREATED_BY,TREATED_BY,true,0.900,Almond oil explicitly mentioned for treating psoriasis ('الصدفية'),"Direct evidence states almond oil treats psoriasis, a specific disease condition.",groq,qwen/qwen3-32b,dah_relation_validation_v1
rel_seed_e1e863f77204476d,chunk_00235,ahd10k_08911,771543,ent_merge_000041,الاكزيما,DiseaseCondition,ent_merge_001430,زيت اللوز,Treatment,TREATED_BY,TREATED_BY,true,0.950,علاج الحالات الجلدية الحادة مثل الصدفية و الاكزيما,العلاقة مدعومة بشكل مباشر من النص الذي يشير إلى استخدام زيت اللوز في علاج الاكزيما.,groq,qwen/qwen3-32b,dah_relation_validation_v1
rel_seed_62a3d5b5de3b6c79,chunk_00235,ahd5k_01720,571436,ent_merge_000830,صداع,Symptom,ent_merge_000995,تصوير بالرنين المغناطيسي,Test,INVESTIGATED_BY,INVESTIGATED_BY,true,0.900,يجب أن تجري صورة طبقية محوريه او صوره رنين مغناطيسي,العلاقة مدعومة من النص الذي يشير إلى استخدام تصوير الرنين المغناطيسي لفحص الصداع.,groq,qwen/qwen3-32b,dah_relation_validation_v1
rel_seed_e520a49f32ed1558,chunk_00236,ahd10k_01113,651232,ent_merge_000059,التهاب,DiseaseCondition,ent_merge_001101,dalacin vaginal ovule,Treatment,TREATED_BY,TREATED_BY,true,0.950,دكتوره كتبتلي هاي الادويه هي أمنه في حمل 1 dalacin vaginal ovule,Direct prescription of treatment by physician for the condition,groq,qwen/qwen3-32b,dah_relation_validation_v1
rel_seed_8c6b8d20c8cf0589,chunk_00236,ahd10k_01113,651232,ent_merge_000059,التهاب,DiseaseCondition,ent_merge_001093,cefuzime,Treatment,TREATED_BY,TREATED_BY,true,0.950,دكتوره كتبتلي هاي الادويه هي أمنه في حمل 2 cefuzime 500,Direct prescription of treatment by physician for the condition,groq,qwen/qwen3-32b,dah_relation_validation_v1
rel_seed_91018ac85d9706cc,chunk_00236,ahd10k_02712,726770,ent_merge_000059,التهاب,DiseaseCondition,ent_merge_000776,حكة,Symptom,HAS_SYMPTOM,HAS_SYMPTOM,true,0.980,"التهابات اسفل البطن, حكة في المهبل",Direct co-occurrence of condition and symptom in clinical context,groq,qwen/qwen3-32b,dah_relation_validation_v1
rel_seed_4c24d8ca8cad5080,chunk_00237,ahd10k_00072,360692,ent_merge_000095,التهاب المسالك البولية,DiseaseCondition,ent_merge_000776,حكة,Symptom,HAS_SYMPTOM,HAS_SYMPTOM,true,0.900,التهاب المسالك البولية,UTI (source) directly causes itching (target) as a known symptom. Evidence explicitly supports this relation.,groq,qwen/qwen3-32b,colleague_validation
rel_seed_030542be6a248240,chunk_00239,ahd10k_08574,598173,ent_merge_000059,التهاب,DiseaseCondition,ent_merge_000967,تحاليل مخبرية,Test,DIAGNOSED_BY,DIAGNOSED_BY,true,0.750,ربما يجب فحص البول والمنويات، فقد يكون هناك التهاب في البولي أو في المني,التحاليل المخبرية (فحص البول والمنويات) مذكورة كوسيلة للكشف عن التهاب البولي أو المني,groq,qwen/qwen3-32b,dah_relation_validation_v1
rel_seed_b896ad5ea0388e6c,chunk_00242,ahd10k_01120,81482,ent_merge_000059,التهاب,DiseaseCondition,ent_merge_001601,مضاد حيوي,Treatment,TREATED_BY,TREATED_BY,true,0.950,اعطاء مضاد حيوي مناسب,Direct treatment recommendation for inflammation,groq,qwen/qwen3-32b,dah_relation_validation_v1
rel_seed_c4335be4b213504c,chunk_00242,ahd10k_01147,251998,ent_merge_000059,التهاب,DiseaseCondition,ent_merge_000830,صداع,Symptom,HAS_SYMPTOM,HAS_SYMPTOM,true,0.900,صداع شديد جدا في النص اليمين من الراس,Explicit symptom description linked to inflammation,groq,qwen/qwen3-32b,dah_relation_validation_v1
rel_seed_960c59ab80543884,chunk_00242,ahd10k_02730,123555,ent_merge_000059,التهاب,DiseaseCondition,ent_merge_000830,صداع,Symptom,HAS_SYMPTOM,HAS_SYMPTOM,true,0.900,وجع بكل جسمي وعظمي وصدري وراس شديد ودوخه وعدم تذوق,Direct symptom 'صداع' explicitly mentioned in disease context,groq,qwen/qwen3-32b,colleague_validation
rel_seed_fb614ca30a4cb893,chunk_00242,ahd10k_02730,123555,ent_merge_000059,التهاب,DiseaseCondition,ent_merge_001601,مضاد حيوي,Treatment,TREATED_BY,TREATED_BY,true,0.850,المضادات الحيوية اذا كان في حرارة او ارتفاع مستوى كريات الدم البيضاء,Conditional treatment directly linked to bacterial inflammation indicators,groq,qwen/qwen3-32b,colleague_validation
rel_seed_f91445aa9b28d977,chunk_00244,ahd10k_04961,773766,ent_merge_000059,التهاب,DiseaseCondition,ent_merge_000830,صداع,Symptom,HAS_SYMPTOM,HAS_SYMPTOM,true,0.900,الصداع وآلام الجسم الأخرى,Direct symptom mention in evidence,groq,qwen/qwen3-32b,dah_relation_validation_v1
rel_seed_73797accc4a971f8,chunk_00244,ahd10k_04961,773766,ent_merge_000059,التهاب,DiseaseCondition,ent_merge_001279,باراسيتامول,Treatment,TREATED_BY,TREATED_BY,true,0.850,تناول خافضات الحرارة مثل باراسيتامول,Explicit treatment recommendation,groq,qwen/qwen3-32b,dah_relation_validation_v1
rel_seed_f7f57f9099165375,chunk_00244,ahd10k_04961,773766,ent_merge_000830,صداع,Symptom,ent_merge_001279,باراسيتامول,Treatment,TREATED_BY,TREATED_BY,true,0.850,تهدئ الصداع وآلام الجسم الأخرى,Direct treatment-symptom link,groq,qwen/qwen3-32b,dah_relation_validation_v1
rel_seed_bd38af625ee3e2ee,chunk_00244,ahd10k_09113,795227,ent_merge_000059,التهاب,DiseaseCondition,ent_merge_000830,صداع,Symptom,HAS_SYMPTOM,HAS_SYMPTOM,true,0.900,الصداع الشديد الدائم,Direct symptom mention in evidence,groq,qwen/qwen3-32b,dah_relation_validation_v1
rel_seed_fb2a92bb4245d049,chunk_00245,ahd10k_05239,761983,ent_merge_000059,التهاب,DiseaseCondition,ent_merge_000776,حكة,Symptom,HAS_SYMPTOM,HAS_SYMPTOM,true,0.900,الحكه مذكورة كأعراض مصاحبة للعدوى الفطرية,الحكه مذكورة بشكل مباشر كأعراض للعدوى الفطرية (مونيليا),groq,qwen/qwen3-32b,dah_relation_validation_v1
rel_seed_d6e84cdec8090931,chunk_00246,ahd10k_00075,131380,ent_merge_000059,التهاب,DiseaseCondition,ent_merge_001053,فحص عند طبيب العيون,Test,DIAGNOSED_BY,DIAGNOSED_BY,true,0.950,"التهاب شبكي صبغي, فحص عند طبيب العيون",Direct diagnostic test for retinal inflammation,groq,qwen/qwen3-32b,dah_relation_validation_v1
rel_seed_fd06b084353d95bc,chunk_00246,ahd10k_03287,539332,ent_merge_000059,التهاب,DiseaseCondition,ent_merge_001352,توقف استعمال العدسات,Treatment,TREATED_BY,TREATED_BY,true,0.900,"التهاب حاد نوع م, توقف استعمال العدسات",Lens discontinuation is a direct treatment for contact lens-induced inflammation,groq,qwen/qwen3-32b,dah_relation_validation_v1
rel_seed_c5a1015dc3e26441,chunk_00246,ahd10k_05974,60197,ent_merge_000059,التهاب,DiseaseCondition,ent_merge_000830,صداع,Symptom,HAS_SYMPTOM,HAS_SYMPTOM,true,0.850,"التهاب شديد جدا, صداع",Headache explicitly listed as symptom of severe inflammation,groq,qwen/qwen3-32b,dah_relation_validation_v1
rel_seed_d960bd61934a30eb,chunk_00246,ahd10k_05974,60197,ent_merge_000059,التهاب,DiseaseCondition,ent_merge_001053,فحص عند طبيب العيون,Test,DIAGNOSED_BY,DIAGNOSED_BY,true,0.920,"التهاب شديد جدا, فحص عند طبيب العيون",Eye examination directly links to inflammation diagnosis,groq,qwen/qwen3-32b,dah_relation_validation_v1
rel_seed_a7dce4a1b8c719c9,chunk_00246,ahd5k_00801,233824,ent_merge_000568,ورم,DiseaseCondition,ent_merge_001023,فحص,Test,DIAGNOSED_BY,DIAGNOSED_BY,true,0.850,لازم يتم الفحص من قبل اخصاءي الجراحه,QA explicitly states that the tumor requires examination by a surgical specialist for diagnosis,groq,qwen/qwen3-32b,colleague_validation
rel_seed_5c03093e4613600e,chunk_00247,ahd10k_07143,509511,ent_merge_000310,جفاف,DiseaseCondition,ent_merge_001521,قطرة مرطبة,Treatment,TREATED_BY,TREATED_BY,true,1.000,جفاف في العين treated by قطرة مرطبة,Direct treatment mentioned,groq,llama-3.3-70b-versatile,dah_relation_validation_v1
rel_seed_0be2da7a4c03513e,chunk_00247,ahd10k_08795,407555,ent_merge_000059,التهاب,DiseaseCondition,ent_merge_001521,قطرة مرطبة,Treatment,TREATED_BY,TREATED_BY,true,1.000,التهاب treated by قطرة مرطبة,Direct treatment mentioned,groq,llama-3.3-70b-versatile,dah_relation_validation_v1
rel_seed_6dcc4508f6a5a9cc,chunk_00247,ahd10k_08795,407555,ent_merge_000310,جفاف,DiseaseCondition,ent_merge_001521,قطرة مرطبة,Treatment,TREATED_BY,TREATED_BY,true,1.000,جفاف treated by قطرة مرطبة,Direct treatment mentioned,groq,llama-3.3-70b-versatile,dah_relation_validation_v1
rel_seed_a29dbb6524abae98,chunk_00247,ahd10k_08795,407555,ent_merge_000776,حكة,Symptom,ent_merge_001521,قطرة مرطبة,Treatment,TREATED_BY,TREATED_BY,true,0.950,استعمل المرطبات العينية,Direct treatment recommendation for symptom 'حكة' using 'قطرة مرطبة' is explicitly stated in evidence.,groq,qwen/qwen3-32b,dah_relation_validation_v1
rel_seed_f6f45295f762a603,chunk_00247,ahd5k_04877,698794,ent_merge_001665,Hyperspleenism,DiseaseCondition,ent_merge_002012,Meddrat,Treatment,TREATED_BY,TREATED_BY,true,0.950,العلاج بمدرات البول (Treatment with diuretics),Direct treatment relation explicitly stated in evidence,groq,qwen/qwen3-32b,dah_relation_validation_v1
rel_seed_065c71dca8dc3488,chunk_00247,ahd5k_04877,698794,ent_merge_001665,Hyperspleenism,DiseaseCondition,ent_merge_002010,Hypersplenism,Treatment,TREATED_BY,TREATED_BY,true,0.850,والحقن هو البديل عن الاستئصال,Direct treatment alternative stated for Hyperspleenism,groq,qwen/qwen3-32b,colleague_validation
rel_seed_c758f6252b5d4002,chunk_00247,ahd5k_04877,698794,ent_merge_001847,Fshl Klowi,Symptom,ent_merge_001950,Protein,Test,INVESTIGATED_BY,INVESTIGATED_BY,true,0.850,قلة البروتين في الجسم,Protein test directly linked to kidney failure investigation,groq,qwen/qwen3-32b,colleague_validation
rel_seed_f91f95f5881da857,chunk_00247,ahd5k_04877,698794,ent_merge_001847,Fshl Klowi,Symptom,ent_merge_002012,Meddrat,Treatment,TREATED_BY,TREATED_BY,true,0.850,العلاج بمدرات البول,Diuretics explicitly stated as treatment for kidney failure,groq,qwen/qwen3-32b,colleague_validation
rel_seed_1cb3e663ec987884,chunk_00248,ahd10k_09787,741359,ent_merge_000059,التهاب,DiseaseCondition,ent_merge_000815,زغلله,Symptom,HAS_SYMPTOM,HAS_SYMPTOM,true,0.950,"التهاب في الجفن, احس فيها زغلله",Direct symptom mention in context of eyelid inflammation,groq,qwen/qwen3-32b,dah_relation_validation_v1
rel_seed_a6c060d900a07f23,chunk_00248,ahd10k_09787,741359,ent_merge_000059,التهاب,DiseaseCondition,ent_merge_001519,قطرات,Treatment,TREATED_BY,TREATED_BY,true,0.900,"التهاب في الجفن, استعملت قطرات",Treatment explicitly mentioned for eyelid inflammation,groq,qwen/qwen3-32b,dah_relation_validation_v1
rel_seed_a3d4b770b87b2f56,chunk_00250,ahd10k_09979,808032,ent_merge_000059,التهاب,DiseaseCondition,ent_merge_001322,تفتيت باليزر,Treatment,TREATED_BY,TREATED_BY,true,0.800,سولي عمليتين تفتيت باليزر,التفتيت باليزر مذكور كعلاج للالتهاب,groq,qwen/qwen3-32b,dah_relation_validation_v1
rel_seed_f0f31276f34c2751,chunk_00250,ahd5k_01479,112448,ent_merge_000232,بواسير,DiseaseCondition,ent_merge_002219,ليدوكون,Treatment,TREATED_BY,TREATED_BY,true,0.800,علاج lidocone gel,Direct treatment mention in evidence,groq,qwen/qwen3-32b,dah_relation_validation_v1
rel_seed_861a963731e4caac,chunk_00250,ahd5k_01479,112448,ent_merge_000232,بواسير,DiseaseCondition,ent_merge_001389,دافلون,Treatment,TREATED_BY,TREATED_BY,true,0.800,Daflon,Direct treatment mention in evidence,groq,qwen/qwen3-32b,dah_relation_validation_v1
rel_seed_e64c86e2da631137,chunk_00251,ahd10k_08091,122504,ent_merge_000098,التهاب المفاصل,DiseaseCondition,ent_merge_001243,الكورتيزون,Treatment,TREATED_BY,TREATED_BY,true,0.950,وصف لي دواء الكورتيزون,Direct prescription of cortisone for arthritis is explicitly stated in the evidence.,groq,qwen/qwen3-32b,dah_relation_validation_v1
rel_seed_b6b01cf9d165f549,chunk_00253,ahd10k_00302,745272,ent_merge_000059,التهاب,DiseaseCondition,ent_merge_000593,إرتفاع الحرارة,Symptom,HAS_SYMPTOM,HAS_SYMPTOM,true,0.950,إرتفاع درجة الحراره طوال اليوم,The evidence explicitly states elevated temperature as a symptom of inflammation (inflamed lymph node).,groq,qwen/qwen3-32b,dah_relation_validation_v1
rel_seed_1c43e84379de0d14,chunk_00253,ahd5k_04317,16556,ent_merge_001802,سكري,DiseaseCondition,ent_merge_002122,انسلوين,Treatment,TREATED_BY,TREATED_BY,true,0.850,بتاخد انسلوين,سكري مرتبط مباشرة بانسلوين كعلاج مذكور في السياق,groq,qwen/qwen3-32b,colleague_validation
rel_seed_e7216611a7319d32,chunk_00255,ahd10k_02440,456862,ent_merge_000059,التهاب,DiseaseCondition,ent_merge_001492,فوتركس,Treatment,TREATED_BY,TREATED_BY,true,0.950,طلب مني طبيب الأسنان تناول فوتركس 50,Direct prescription of فوتركس for التهاب by a dentist is explicitly stated.,groq,qwen/qwen3-32b,dah_relation_validation_v1
rel_seed_aae466398f4d5374,chunk_00256,ahd10k_06466,666277,ent_merge_000059,التهاب,DiseaseCondition,ent_merge_000830,صداع,Symptom,HAS_SYMPTOM,HAS_SYMPTOM,true,0.950,الشخص يعاني من التهاب في مفصل الفك الايسر وصداع يبدأ من الفك حتى الأعلى، مما يشير إلى وجود علاقة مباشرة بين الالتهاب وصداع كأعراض مترابطة.,النص يربط صراحةً التهاب الفك بالصداع كأعراض مترابطة من حيث المكان (يبدأ الصداع من الفك).,groq,qwen/qwen3-32b,dah_relation_validation_v1
rel_seed_3b793cce887f334b,chunk_00256,ahd5k_03529,226881,ent_merge_001729,الخراج,DiseaseCondition,ent_merge_000617,آلام,Symptom,HAS_SYMPTOM,HAS_SYMPTOM,true,0.850,الخراج المستمر وآلام,Direct symptom-disease relationship stated in QA,groq,qwen/qwen3-32b,colleague_validation
rel_seed_654ce540e88b72c5,chunk_00256,ahd5k_03529,226881,ent_merge_001729,الخراج,DiseaseCondition,ent_merge_002089,العمليات,Treatment,TREATED_BY,TREATED_BY,true,0.850,الخراج وعملية,Surgical treatment explicitly mentioned for abscess,groq,qwen/qwen3-32b,colleague_validation
rel_seed_c40c42e1eef81dd6,chunk_00257,ahd10k_09355,457059,ent_merge_000059,التهاب,DiseaseCondition,ent_merge_001422,زرع السن,Treatment,TREATED_BY,TREATED_BY,true,0.950,اقترح علي الطبيب عملية اعادة زرع للسن,العلاقة مدعومة بشكل مباشر من خلال اقتراح الطبيب لعلاج التهاب اللثة بزراعة السن,groq,qwen/qwen3-32b,dah_relation_validation_v1
rel_seed_0381e15f6c3fe687,chunk_00257,ahd5k_03486,212585,ent_merge_001781,تكيسات مائية,DiseaseCondition,ent_merge_000967,تحاليل مخبرية,Test,DIAGNOSED_BY,DIAGNOSED_BY,true,0.850,تحليل العينات,التحاليل المخبرية تُستخدم لتشخيص تكيسات مائية مباشرة.,groq,qwen/qwen3-32b,colleague_validation
rel_seed_7daece724072ec57,chunk_00257,ahd5k_03486,212585,ent_merge_001781,تكيسات مائية,DiseaseCondition,ent_merge_001145,استئصال,Treatment,TREATED_BY,TREATED_BY,true,0.850,استئصال الفص او الفصوص,الاستئصال هو علاج مباشر لتكيسات مائية كما في الأدلة.,groq,qwen/qwen3-32b,colleague_validation
rel_seed_d534a97dc7df4983,chunk_00258,ahd10k_00498,642811,ent_merge_000059,التهاب,DiseaseCondition,ent_merge_001601,مضاد حيوي,Treatment,TREATED_BY,TREATED_BY,true,0.950,استشارة الطبيب حول الحاجة لاستخدام مضاد حيوي في حال وجود التهاب,العلاقة مدعومة بشكل مباشر من مشورة الطبيب حول استخدام مضاد حيوي لعلاج التهاب المسالك البولية,groq,qwen/qwen3-32b,dah_relation_validation_v1
rel_seed_010726fd84a291db,chunk_00258,ahd10k_01114,633664,ent_merge_000059,التهاب,DiseaseCondition,ent_merge_000981,تحليل بول,Test,DIAGNOSED_BY,DIAGNOSED_BY,true,0.980,الصديد في البول كدليل على التهاب المسالك البولية,العلاقة مدعومة بشكل مباشر من وجود صديد في البول كعلامة تشخيصية للالتهاب,groq,qwen/qwen3-32b,dah_relation_validation_v1
rel_seed_4137fee44b6f2df8,chunk_00258,ahd5k_01271,645363,ent_merge_001791,حصوة المرارة,DiseaseCondition,ent_merge_002023,استئصال المرارة بالتنظير,Treatment,TREATED_BY,TREATED_BY,true,0.920,العلاج الوحيد الناجع للحصيات المرارية العرضية..هو استئصال المرارة بالتنظير.,العلاقة مدعومة بشكل مباشر من النص حيث يُذكر أن 'العلاج الوحيد الناجع للحصيات المرارية العرضية هو استئصال المرارة بالمنظار'، مما يشير إلى علاج موصى به للحالة.,groq,qwen/qwen3-32b,colleague_validation
rel_seed_5179f4233ef2a4ee,chunk_00259,ahd10k_07355,557205,ent_merge_000064,التهاب البول,DiseaseCondition,ent_merge_000981,تحليل بول,Test,DIAGNOSED_BY,DIAGNOSED_BY,true,0.800,evidence explicitly recommends urine test for urinary infections,direct diagnostic recommendation in evidence,groq,qwen/qwen3-32b,dah_relation_validation_v1
rel_seed_f3bc37fd673e52c9,chunk_00259,ahd10k_07355,557205,ent_merge_000092,التهاب المثانة,DiseaseCondition,ent_merge_000981,تحليل بول,Test,DIAGNOSED_BY,DIAGNOSED_BY,true,0.800,evidence recommends urine test for urinary infections/cystitis,direct diagnostic recommendation in evidence,groq,qwen/qwen3-32b,dah_relation_validation_v1
rel_seed_2145f169787ad414,chunk_00259,ahd10k_07816,475677,ent_merge_000089,التهاب الكلى,DiseaseCondition,ent_merge_000981,تحليل بول,Test,DIAGNOSED_BY,DIAGNOSED_BY,true,0.700,evidence recommends urine test for possible kidney infection,indirect diagnostic link through infection detection,groq,qwen/qwen3-32b,dah_relation_validation_v1
rel_seed_ff8f547a42f291bc,chunk_00259,ahd5k_04283,137316,ent_merge_001690,البحبس,DiseaseCondition,ent_merge_002229,مرحم الفوسيدين,Treatment,TREATED_BY,TREATED_BY,true,0.850,البحبس معالج بمرهم الفوسيدين,QA explicitly states treatment for the condition,groq,qwen/qwen3-32b,colleague_validation
rel_seed_9253eb1b177822d2,chunk_00259,ahd5k_04283,137316,ent_merge_001690,البحبس,DiseaseCondition,ent_merge_002224,مدد حيوي,Treatment,TREATED_BY,TREATED_BY,true,0.850,البحبس معالج بمعد حيوي,QA explicitly states treatment for the condition,groq,qwen/qwen3-32b,colleague_validation
rel_seed_a9081056cdd3cd50,chunk_00259,ahd5k_04283,137316,ent_merge_001690,البحبس,DiseaseCondition,ent_merge_002175,دوكسي صيكلين,Treatment,TREATED_BY,TREATED_BY,true,0.850,البحبس معالج بدوكسي صيكلين,QA explicitly states treatment for the condition,groq,qwen/qwen3-32b,colleague_validation
rel_seed_9c496564a09637cd,chunk_00260,ahd10k_08100,609643,ent_merge_000059,التهاب,DiseaseCondition,ent_merge_001090,betasept,Treatment,TREATED_BY,TREATED_BY,true,0.900,غسول betasept,الغسول بالbetasept مذكور كعلاج مباشر للالتهاب.,groq,qwen/qwen3-32b,colleague_validation
rel_seed_60764bbdf2932b4e,chunk_00260,ahd10k_08100,609643,ent_merge_000059,التهاب,DiseaseCondition,ent_merge_001095,cipromax,Treatment,TREATED_BY,TREATED_BY,true,0.850,cipromax500- nospasm,cipromax مذكور كعلاج موصى به للالتهاب، وليس كعلاج خلفي أو تفاعلات.,groq,qwen/qwen3-32b,colleague_validation
rel_seed_74e73676e0add7c5,chunk_00261,ahd10k_03334,563248,ent_merge_000059,التهاب,DiseaseCondition,ent_merge_001023,فحص,Test,DIAGNOSED_BY,DIAGNOSED_BY,true,1.000,يجب عمل فحص للسائل لتحديد الالتهاب,Direct diagnostic test recommendation for inflammation,groq,qwen/qwen3-32b,dah_relation_validation_v1
rel_seed_2380425dfa288ddb,chunk_00261,ahd10k_03334,563248,ent_merge_000059,التهاب,DiseaseCondition,ent_merge_001601,مضاد حيوي,Treatment,TREATED_BY,TREATED_BY,true,1.000,واخد المضاد الحيوي المناسب,Antibiotic explicitly prescribed as treatment,groq,qwen/qwen3-32b,dah_relation_validation_v1
rel_seed_230a92f40448e2b9,chunk_00261,ahd10k_04221,81158,ent_merge_000059,التهاب,DiseaseCondition,ent_merge_000776,حكة,Symptom,HAS_SYMPTOM,HAS_SYMPTOM,true,1.000,حكه بصدر,Itching directly reported as symptom of inflammation,groq,qwen/qwen3-32b,dah_relation_validation_v1
rel_seed_d723147c7790005b,chunk_00261,ahd5k_01543,578211,ent_merge_000232,بواسير,DiseaseCondition,ent_merge_001196,الجراحة,Treatment,TREATED_BY,TREATED_BY,true,1.000,العلاج النهائي للبواسير هو الجراحة,Surgery explicitly stated as definitive treatment,groq,qwen/qwen3-32b,dah_relation_validation_v1
rel_seed_8bff484488a9615d,chunk_00263,ahd10k_08290,797807,ent_merge_000059,التهاب,DiseaseCondition,ent_merge_000696,انتفاخ,Symptom,HAS_SYMPTOM,HAS_SYMPTOM,true,0.950,التهاب لمكان الغرز مع انتفاخ مؤلم,Direct co-occurrence in clinical context with causal implication,groq,qwen/qwen3-32b,dah_relation_validation_v1
rel_seed_a88d8f9a94fec851,chunk_00263,ahd5k_04455,651664,ent_merge_001755,الناسور,DiseaseCondition,ent_merge_001893,النزف,Symptom,HAS_SYMPTOM,HAS_SYMPTOM,true,0.950,النزف مذكور كأعراض مصاحبة للناسور,النزف مذكور كأعراض مباشَرة للناسور في السياق,groq,qwen/qwen3-32b,dah_relation_validation_v1
rel_seed_0f96997f0713625e,chunk_00263,ahd5k_04455,651664,ent_merge_001755,الناسور,DiseaseCondition,ent_merge_001196,الجراحة,Treatment,TREATED_BY,TREATED_BY,true,0.900,الجراحة مذكورة كعلاج للناسور,الجراحة تُعتبر علاجًا مباشَرًا للناسور في السياق,groq,qwen/qwen3-32b,dah_relation_validation_v1
rel_seed_e151a63060ac5e5b,chunk_00263,ahd5k_04587,171888,ent_merge_001692,البواسير,DiseaseCondition,ent_merge_002051,الجراحة العادية,Treatment,TREATED_BY,TREATED_BY,true,0.500,"البواسير, الجراحة العادية",Surgical treatment explicitly mentioned for hemorrhoids,groq,qwen/qwen3-32b,dah_relation_validation_v1
rel_seed_4478c33ea59b509a,chunk_00263,ahd5k_04587,171888,ent_merge_001692,البواسير,DiseaseCondition,ent_merge_001196,الجراحة,Treatment,TREATED_BY,TREATED_BY,true,0.500,"البواسير, الجراحة",Surgical treatment directly linked to hemorrhoids,groq,qwen/qwen3-32b,dah_relation_validation_v1
rel_seed_6810d499ea283c90,chunk_00264,ahd10k_00138,43308,ent_merge_000059,التهاب,DiseaseCondition,ent_merge_000924,آشعة,Test,DIAGNOSED_BY,DIAGNOSED_BY,true,1.000,التهاب في الغدد الليمفاوية تحتاج مراجعه طبيب وعمل اشعه تلفزيونيه,Imaging used to diagnose inflammation,groq,openai/gpt-oss-20b,dah_relation_validation_v1
rel_seed_df8f9ac16d4ccb19,chunk_00264,ahd10k_00138,43308,ent_merge_000428,غدد ليمفاوية,DiseaseCondition,ent_merge_000924,آشعة,Test,DIAGNOSED_BY,DIAGNOSED_BY,true,0.900,تحتاج مراجعه طبيب وعمل اشعه تلفزيونيه,Direct evidence links lymph node inflammation to X-ray for diagnosis.,groq,qwen/qwen3-32b,dah_relation_validation_v1
rel_seed_ea9d7640e7beb33e,chunk_00264,ahd10k_05620,108253,ent_merge_000059,التهاب,DiseaseCondition,ent_merge_000995,تصوير بالرنين المغناطيسي,Test,DIAGNOSED_BY,DIAGNOSED_BY,true,0.850,يجب فحصك وربما يساعد للتشخيص ان عملتي صورة رنين مغناطيسي,MRI is explicitly mentioned as a diagnostic tool for inflammation.,groq,qwen/qwen3-32b,dah_relation_validation_v1
rel_seed_ffd4b37429a2e4b6,chunk_00264,ahd5k_04634,222806,ent_merge_001779,تكيس الثدي,DiseaseCondition,ent_merge_001948,Mammoraphy,Test,DIAGNOSED_BY,DIAGNOSED_BY,true,0.900,"تكيس الثدي ... مجموعة صغيرة من اكياس داخلها رواسب الكلس, Mammoraphy",Mammography is directly cited as a diagnostic test for breast cysts.,groq,qwen/qwen3-32b,dah_relation_validation_v1
rel_seed_a6c12f284c1bfaab,chunk_00264,ahd5k_04634,222806,ent_merge_001779,تكيس الثدي,DiseaseCondition,ent_merge_001949,MRI,Test,DIAGNOSED_BY,DIAGNOSED_BY,true,1.000,MRI,MRI used to diagnose breast cysts,groq,openai/gpt-oss-20b,dah_relation_validation_v1
rel_seed_0880558ba0cc1162,chunk_00264,ahd5k_04982,98524,ent_merge_001755,الناسور,DiseaseCondition,ent_merge_001882,الفتحات,Symptom,HAS_SYMPTOM,HAS_SYMPTOM,true,1.000,فتحات ناسور,The fistula presents openings as symptoms,groq,openai/gpt-oss-20b,dah_relation_validation_v1
rel_seed_b86b33180d384c6e,chunk_00264,ahd5k_04982,98524,ent_merge_001755,الناسور,DiseaseCondition,ent_merge_001884,القطع من الشعر,Symptom,HAS_SYMPTOM,HAS_SYMPTOM,true,1.000,قطع من الشعر المتجمع,Direct mention of hair clippings in relation to abscess in evidence,groq,qwen/qwen3-32b,dah_relation_validation_v1
rel_seed_6a12de15a83b4a35,chunk_00264,ahd5k_04982,98524,ent_merge_001755,الناسور,DiseaseCondition,ent_merge_001855,الافرازات,Symptom,HAS_SYMPTOM,HAS_SYMPTOM,true,1.000,افرازات,Direct mention of discharge as symptom of abscess in evidence,groq,qwen/qwen3-32b,dah_relation_validation_v1
rel_seed_14cef65a789e05ef,chunk_00265,ahd10k_05738,658115,ent_merge_000059,التهاب,DiseaseCondition,ent_merge_001112,Mebo Cream,Treatment,TREATED_BY,TREATED_BY,true,0.950,Mebo Cream - من أفضل المراهم المسرعة للإلتئام,Direct evidence states Mebo Cream accelerates healing for inflammation.,groq,qwen/qwen3-32b,dah_relation_validation_v1
rel_seed_48002de5347da4b0,chunk_00266,ahd10k_04008,791069,ent_merge_000059,التهاب,DiseaseCondition,ent_merge_000967,تحاليل مخبرية,Test,DIAGNOSED_BY,DIAGNOSED_BY,true,1.000,"وجود التهابات بوليه, اجراء تحليل وزراعه للبول",التحليل المخبري مرتبط مباشرةً بتشخيص التهاب بولي,groq,qwen/qwen3-32b,dah_relation_validation_v1
rel_seed_5c8e13ef5bd7127d,chunk_00266,ahd10k_04510,776504,ent_merge_000059,التهاب,DiseaseCondition,ent_merge_001355,جراحة,Treatment,TREATED_BY,TREATED_BY,true,1.000,العلاج في مثل هذه الحالات يكون استئصالها جراحيا,الدليل يربط مباشرة بين التهاب وعلاجه بالجراحة,groq,qwen/qwen3-32b,dah_relation_validation_v1
rel_seed_e7720695ab3b44e2,chunk_00266,ahd10k_08169,799912,ent_merge_000059,التهاب,DiseaseCondition,ent_merge_001355,جراحة,Treatment,TREATED_BY,TREATED_BY,true,1.000,اما اذا كان الكيس يحتوي على عمل او خراج نتيجه التهابه فعلاجه هو جراحياً,الدليل يربط مباشرة بين التهاب وعلاجه بالجراحة في حالة وجود خراج,groq,qwen/qwen3-32b,dah_relation_validation_v1
rel_seed_5fa6682710cafca7,chunk_00267,ahd10k_08693,628555,ent_merge_000059,التهاب,DiseaseCondition,ent_merge_000768,حرقة,Symptom,HAS_SYMPTOM,HAS_SYMPTOM,true,1.000,الحرقة مذكورة كأعراض التهابات نسائية,العلاقة بين التهابات نسائية والحرقة مدعومة مباشرة بالدليل,groq,qwen/qwen3-32b,dah_relation_validation_v1
rel_seed_eb27479203c7750c,chunk_00267,ahd5k_03428,799574,ent_merge_001795,داء باركنسون,DiseaseCondition,ent_merge_000811,رجفان,Symptom,HAS_SYMPTOM,HAS_SYMPTOM,true,1.000,رجفة مذكورة كأعراض داء باركنسون,العلاقة بين داء باركنسون والرجفة مدعومة مباشرة بالدليل,groq,qwen/qwen3-32b,dah_relation_validation_v1
rel_seed_4a0d8f9bfb1601d1,chunk_00268,ahd10k_02666,774123,ent_merge_000830,صداع,Symptom,ent_merge_001180,الباندول,Treatment,TREATED_BY,TREATED_BY,true,0.950,يُمكن أخذ مسكنات مثل الباندول إذا لم تحدث أي استجابة,الباندول مذكور كعلاج مباشر للصداع في السياق,groq,qwen/qwen3-32b,dah_relation_validation_v1
rel_seed_834c3f9b6c2e573d,chunk_00269,ahd10k_04773,702586,ent_merge_000059,التهاب,DiseaseCondition,ent_merge_001601,مضاد حيوي,Treatment,TREATED_BY,TREATED_BY,true,0.900,مضادات حيويه,الدليل يربط بشكل مباشر بين التهاب اللثة ومعالجته بالمضادات الحيوية,groq,qwen/qwen3-32b,dah_relation_validation_v1
rel_seed_c00cea337e49daa4,chunk_00269,ahd5k_03694,798441,ent_merge_001797,دائة الصكري,DiseaseCondition,ent_merge_001900,انتاصبي,Symptom,HAS_SYMPTOM,HAS_SYMPTOM,true,0.850,انتاصبي,الدليل يشير بشكل مباشر إلى وجود علاقة بين داء الصكري والأعراض المذكورة,groq,qwen/qwen3-32b,dah_relation_validation_v1
rel_seed_6d5d07465b92e17e,chunk_00270,ahd10k_05389,770508,ent_merge_000059,التهاب,DiseaseCondition,ent_merge_001618,معالجه لبيه,Treatment,TREATED_BY,TREATED_BY,true,0.950,هو عباره عن اجراء معالجه لبيه لعصب السن او الضرس,Direct treatment action stated for nerve inflammation,groq,qwen/qwen3-32b,dah_relation_validation_v1
rel_seed_942c898ade0dd563,chunk_00270,ahd10k_05944,751069,ent_merge_000059,التهاب,DiseaseCondition,ent_merge_000924,آشعة,Test,DIAGNOSED_BY,DIAGNOSED_BY,true,0.900,يستدعى اخذ صورة اشعه للتاكد من عدم وجود التهابات,X-ray explicitly mentioned for diagnosing root infections,groq,qwen/qwen3-32b,dah_relation_validation_v1
rel_seed_e234d15201c478ac,chunk_00270,ahd10k_05944,751069,ent_merge_000059,التهاب,DiseaseCondition,ent_merge_001618,معالجه لبيه,Treatment,TREATED_BY,TREATED_BY,true,0.900,اجراء المعالجه اللبيه اللازمه,Root canal treatment directly linked to condition,groq,qwen/qwen3-32b,dah_relation_validation_v1
rel_seed_220abfd5fbbf116c,chunk_00270,ahd5k_02995,787698,ent_merge_000446,فقر الدم,DiseaseCondition,ent_merge_001034,فحص الدم,Test,DIAGNOSED_BY,DIAGNOSED_BY,true,0.950,فحص الدم ومجموعته,Blood test explicitly stated for anemia diagnosis,groq,qwen/qwen3-32b,dah_relation_validation_v1
rel_seed_2e0a197df710f46d,chunk_00271,ahd10k_00538,791046,ent_merge_000059,التهاب,DiseaseCondition,ent_merge_000969,تحليل,Test,DIAGNOSED_BY,DIAGNOSED_BY,true,0.950,التهابات الكبد الفيروسية مع تحاليل تأكد,التحاليل مذكورة كوسيلة للتأكيد على التهاب الكبد,groq,qwen/qwen3-32b,dah_relation_validation_v1
rel_seed_d7110f8855ae3644,chunk_00271,ahd10k_06225,616465,ent_merge_000059,التهاب,DiseaseCondition,ent_merge_000969,تحليل,Test,DIAGNOSED_BY,DIAGNOSED_BY,true,0.900,التهاب البربخ يتطلب فحص مختبري,التحاليل المختبرية مذكورة كوسيلة تشخيصية مباشرة للالتهاب,groq,qwen/qwen3-32b,dah_relation_validation_v1
rel_seed_f249bf9f4492cd38,chunk_00271,ahd5k_00776,798981,ent_merge_000181,النقرس,DiseaseCondition,ent_merge_001982,حمض اليوريك,Test,DIAGNOSED_BY,DIAGNOSED_BY,true,0.950,نتيجة التحليل كانت ارتفاع في اريك أسيد بدرجة ٨٫٥,العلاقة مدعومة بشكل مباشر من خلال نتيجة تحليل حمض اليوريك المرتفع كمقياس تشخيصي للنقرس.,groq,qwen/qwen3-32b,dah_relation_validation_v1
rel_seed_dc5160b584191f57,chunk_00272,ahd10k_01338,540740,ent_merge_000059,التهاب,DiseaseCondition,ent_merge_000822,سعال,Symptom,HAS_SYMPTOM,HAS_SYMPTOM,true,1.000,هذي كلها أعراض إلتهاب في الشعب الهوائية يحتاج مراجعة الطبيب,Directly stated as a symptom of bronchial inflammation,groq,qwen/qwen3-32b,dah_relation_validation_v1
rel_seed_7b1129512edd0f0a,chunk_00272,ahd10k_01338,540740,ent_merge_000059,التهاب,DiseaseCondition,ent_merge_000709,بلغم,Symptom,HAS_SYMPTOM,HAS_SYMPTOM,true,1.000,طفلي فيه سعلة مع بلغم مع شحرجة بصدره وحمى,Phlegm explicitly listed as a symptom in the evidence,groq,qwen/qwen3-32b,dah_relation_validation_v1
rel_seed_5069580587ec12ca,chunk_00272,ahd10k_01338,540740,ent_merge_000059,التهاب,DiseaseCondition,ent_merge_000782,حمى,Symptom,HAS_SYMPTOM,HAS_SYMPTOM,true,1.000,هذي كلها أعراض إلتهاب في الشعب الهوائية يحتاج مراجعة الطبيب,Fever directly linked to bronchial inflammation,groq,qwen/qwen3-32b,dah_relation_validation_v1
rel_seed_22b5579c376770ee,chunk_00272,ahd10k_02383,646620,ent_merge_000059,التهاب,DiseaseCondition,ent_merge_000776,حكة,Symptom,HAS_SYMPTOM,HAS_SYMPTOM,true,1.000,احتمال وجود التهاب في الاذن زالافضل الذهاب الى اخصائي اطفال او اذن و حنجرة,Itching explicitly mentioned as a symptom of ear inflammation,groq,qwen/qwen3-32b,dah_relation_validation_v1
rel_seed_dc828beb6ff1de99,chunk_00273,ahd10k_05174,585526,ent_merge_000059,التهاب,DiseaseCondition,ent_merge_000967,تحاليل مخبرية,Test,DIAGNOSED_BY,DIAGNOSED_BY,true,0.900,ممكن ان يكون التهاب فطري او هربيس اعملي تحليل دم للهيربي ومسحه للمهبل,"Direct diagnostic tests (blood test, swab) are explicitly recommended for the condition.",groq,qwen/qwen3-32b,dah_relation_validation_v1
rel_seed_8191333463cc5d8d,chunk_00273,ahd10k_05174,585526,ent_merge_000059,التهاب,DiseaseCondition,ent_merge_001099,DACTACORT,Treatment,TREATED_BY,TREATED_BY,true,0.900,موءلقتاًً DACTACORT كريم,Specific topical treatment is explicitly prescribed for the condition.,groq,qwen/qwen3-32b,dah_relation_validation_v1
rel_seed_e0b553d2eb076022,chunk_00273,ahd10k_05174,585526,ent_merge_000059,التهاب,DiseaseCondition,ent_merge_001104,DIFLUCAN,Treatment,TREATED_BY,TREATED_BY,true,0.900,DIFLUCAN حبه في الاسبوع لمده ٤ اسابيع,Specific oral treatment is explicitly prescribed for the condition.,groq,qwen/qwen3-32b,dah_relation_validation_v1
rel_seed_bee8f04c1242208d,chunk_00273,ahd10k_09289,609442,ent_merge_000059,التهاب,DiseaseCondition,ent_merge_000776,حكة,Symptom,HAS_SYMPTOM,HAS_SYMPTOM,true,0.850,يسبب لي حكة خفيفةوأحيانا تزداد بالشفرات الصغيرة فقط,Itching is directly described as a symptom of the condition.,groq,qwen/qwen3-32b,dah_relation_validation_v1
rel_seed_b53628e9bd0bdec5,chunk_00274,ahd10k_00746,786889,ent_merge_000059,التهاب,DiseaseCondition,ent_merge_000617,الام,Symptom,HAS_SYMPTOM,HAS_SYMPTOM,true,0.950,الالام التي تعانين منها قد تكون نتيجة التهاب,Direct causal link between inflammation and pain in evidence,groq,qwen/qwen3-32b,dah_relation_validation_v1
rel_seed_e53776061f749e09,chunk_00274,ahd10k_00746,786889,ent_merge_000210,انزلاق غضروفي,DiseaseCondition,ent_merge_000617,الام,Symptom,HAS_SYMPTOM,HAS_SYMPTOM,true,0.980,الالام التي تعانين منها قد تكون نتيجة انزلاق غضروفي,Direct causal link between disc herniation and pain,groq,qwen/qwen3-32b,dah_relation_validation_v1
rel_seed_e87a8428f1915593,chunk_00274,ahd10k_00746,786889,ent_merge_000210,انزلاق غضروفي,DiseaseCondition,ent_merge_000995,تصوير بالرنين المغناطيسي,Test,DIAGNOSED_BY,DIAGNOSED_BY,true,0.970,ينصح عمل صورة رنين مغناطيسي للعنق,MRI explicitly recommended for diagnosing disc herniation,groq,qwen/qwen3-32b,dah_relation_validation_v1
rel_seed_5b91e515c7092f4a,chunk_00274,ahd10k_00746,786889,ent_merge_000210,انزلاق غضروفي,DiseaseCondition,ent_merge_001595,مسكنات قوية,Treatment,TREATED_BY,TREATED_BY,true,0.900,المسكنات القوية موصى بها مباشرة كعلاج,العلاج مذكور بشكل مباشر في النص,groq,qwen/qwen3-32b,dah_relation_validation_v1
rel_seed_83339b87eecaef6f,chunk_00274,ahd10k_00746,786889,ent_merge_000345,خشونة عالية في الفقرات,DiseaseCondition,ent_merge_000617,الام,Symptom,HAS_SYMPTOM,HAS_SYMPTOM,true,0.850,الآلام مذكورة كنتيجة لخشونة الفقرات,العلاقة بين الحالة والأعراض مذكورة بشكل مباشر,groq,qwen/qwen3-32b,dah_relation_validation_v1
rel_seed_ca0e6d91a04dfe4f,chunk_00274,ahd10k_00746,786889,ent_merge_000345,خشونة عالية في الفقرات,DiseaseCondition,ent_merge_000995,تصوير بالرنين المغناطيسي,Test,DIAGNOSED_BY,DIAGNOSED_BY,true,0.800,تصوير الرنين المغناطيسي موصى به لتشخيص الخشونة,الاختبار مذكور كوسيلة تشخيصية مباشرة,groq,qwen/qwen3-32b,dah_relation_validation_v1
rel_seed_9dbc85441d9166d6,chunk_00274,ahd10k_00746,786889,ent_merge_000617,الام,Symptom,ent_merge_000995,تصوير بالرنين المغناطيسي,Test,INVESTIGATED_BY,INVESTIGATED_BY,true,0.900,ينصح عمل صورة رنين مغناطيسي للعنق,MRI directly recommended to investigate neck pain,groq,qwen/qwen3-32b,dah_relation_validation_v1
rel_seed_94f5f869e2b95f9d,chunk_00274,ahd5k_01590,746158,ent_merge_001722,الحثل العضلي,DiseaseCondition,ent_merge_002085,العلاج الجيني,Treatment,TREATED_BY,TREATED_BY,true,0.900,تطوير علاج جيني قادر على تجاوز العوائق,Gene therapy explicitly described as treatment approach,groq,qwen/qwen3-32b,dah_relation_validation_v1
rel_seed_5b4da26f7b5b75db,chunk_00275,ahd10k_02564,802427,ent_merge_000802,دوخة,Symptom,ent_merge_001304,بيتاسيرك,Treatment,TREATED_BY,TREATED_BY,true,0.950,اشعر بدوخة ودوار مع تناول دواء بيتاسيرك,Direct mention of treatment for symptoms,groq,qwen/qwen3-32b,dah_relation_validation_v1
rel_seed_0791c3c45716c361,chunk_00275,ahd10k_02564,802427,ent_merge_000801,دوار,Symptom,ent_merge_001304,بيتاسيرك,Treatment,TREATED_BY,TREATED_BY,true,0.950,اشعر بدوخة ودوار مع تناول دواء بيتاسيرك,Direct mention of treatment for symptoms,groq,qwen/qwen3-32b,dah_relation_validation_v1
rel_seed_33528bc393d2afed,chunk_00275,ahd10k_07316,794377,ent_merge_000059,التهاب,DiseaseCondition,ent_merge_000809,رائحة كريهة,Symptom,HAS_SYMPTOM,HAS_SYMPTOM,true,0.900,التهاب اللثة مع رائحة كريهة بفمى,Symptom explicitly listed with disease,groq,qwen/qwen3-32b,dah_relation_validation_v1
rel_seed_513a4bac93927a80,chunk_00275,ahd10k_07316,794377,ent_merge_000059,التهاب,DiseaseCondition,ent_merge_001300,بنسلين,Treatment,TREATED_BY,TREATED_BY,true,0.850,التهاب مع تناول دواء بنسلين,Antibiotic treatment for inflammation,groq,qwen/qwen3-32b,dah_relation_validation_v1
rel_seed_c78308c630591651,chunk_00275,ahd10k_08748,381941,ent_merge_000059,التهاب,DiseaseCondition,ent_merge_000941,الرنين المغناطيسي,Test,DIAGNOSED_BY,DIAGNOSED_BY,true,0.900,التهاب بالاذن الداخليه مع رنين مغناطيسي للراس,MRI used for diagnosis,groq,qwen/qwen3-32b,dah_relation_validation_v1
rel_seed_2f98678308a6ebfb,chunk_00276,ahd10k_05672,429510,ent_merge_000059,التهاب,DiseaseCondition,ent_merge_001601,مضاد حيوي,Treatment,TREATED_BY,TREATED_BY,true,0.900,أنصح بأخذ مضاد حيوي مثل أوجمنتين 1جم لمدة أسبوع,المضاد الحيوي مذكور كعلاج مباشر للالتهاب.,groq,qwen/qwen3-32b,dah_relation_validation_v1
rel_seed_5195aec20ff756f5,chunk_00276,ahd10k_06061,305480,ent_merge_000059,التهاب,DiseaseCondition,ent_merge_001601,مضاد حيوي,Treatment,TREATED_BY,TREATED_BY,true,0.800,اعطاني مسكنات +مضادات لكن لا جدوي مازلت أعاني من آلام شديدة,المضاد الحيوي مذكور كجزء من العلاج رغم عدم فعاليته.,groq,qwen/qwen3-32b,dah_relation_validation_v1
rel_seed_e59aeb43c49e955d,chunk_00276,ahd5k_04099,801728,ent_merge_001796,داء بازيديو,DiseaseCondition,ent_merge_001909,جحوظ العينين,Symptom,HAS_SYMPTOM,HAS_SYMPTOM,true,0.950,يسمى أيضاً داء غريفس وهو حالة من فرط نشاط الدرق مع سلعة وجحوظ عيني,النص يربط مباشرة بين داء غريفس (فرط نشاط الدرق) وجحوظ العينين كأعراض مصاحبة,groq,qwen/qwen3-32b,dah_relation_validation_v1
rel_seed_4665dd472a5e918b,chunk_00277,ahd10k_08673,274104,ent_merge_000059,التهاب,DiseaseCondition,ent_merge_001601,مضاد حيوي,Treatment,TREATED_BY,TREATED_BY,true,0.950,غالبا يوجد التهاب في الضرس يفضل اخذ مضاد حيوي لمجة 5 ايام,Direct treatment recommendation for inflammation with antibiotics,groq,qwen/qwen3-32b,dah_relation_validation_v1
rel_seed_0902d3d6e2e0694e,chunk_00277,ahd10k_09851,298675,ent_merge_000059,التهاب,DiseaseCondition,ent_merge_001601,مضاد حيوي,Treatment,TREATED_BY,TREATED_BY,true,0.980,اولا تاخذ علاج التهابات للسن... تاخذ علاج augmentin 625 Flagyl tap 500,Specific antibiotic treatment explicitly prescribed for strong inflammation,groq,qwen/qwen3-32b,dah_relation_validation_v1
rel_seed_e90e97b0853c54ad,chunk_00278,ahd10k_00054,694513,ent_merge_000059,التهاب,DiseaseCondition,ent_merge_001224,العلاج الطبيعي,Treatment,TREATED_BY,TREATED_BY,true,0.950,في حال التهاب الوتر ينصح بالعلاج الطبيعي اضافة للدواء,Direct recommendation of physical therapy as treatment for tendon inflammation,groq,qwen/qwen3-32b,dah_relation_validation_v1
rel_seed_63396bf3e86bfdbc,chunk_00278,ahd10k_00819,688330,ent_merge_000059,التهاب,DiseaseCondition,ent_merge_001224,العلاج الطبيعي,Treatment,TREATED_BY,TREATED_BY,true,0.900,بعد مرور هذه الفترة الزمنية من التهاب اوتار العضلة الضامة ينصح بعمل جلسات علاج طبيعي,Explicit recommendation of physical therapy for tendon inflammation,groq,qwen/qwen3-32b,dah_relation_validation_v1
rel_seed_35289f79282e49a8,chunk_00278,ahd5k_01829,794310,ent_merge_001752,المرض الوراثي,DiseaseCondition,ent_merge_001042,فحص الكروموسومات,Test,DIAGNOSED_BY,DIAGNOSED_BY,true,0.850,"المرض الوراثي, فحص الكروموسومات",Chromosome testing is directly mentioned as diagnostic method for genetic disease,groq,qwen/qwen3-32b,dah_relation_validation_v1
rel_seed_882910145ce6ef46,chunk_00278,ahd5k_01829,794310,ent_merge_001695,التشوهات الخلقية,DiseaseCondition,ent_merge_001042,فحص الكروموسومات,Test,DIAGNOSED_BY,DIAGNOSED_BY,true,0.000,"التشوهات الخلقية, فحص الكروموسومات",Direct diagnostic test mentioned in evidence,groq,qwen/qwen3-32b,dah_relation_validation_v1
rel_seed_7a435ada776c03b6,chunk_00278,ahd5k_04207,767486,ent_merge_001752,المرض الوراثي,DiseaseCondition,ent_merge_001955,التجاوب الجيني,Test,DIAGNOSED_BY,DIAGNOSED_BY,true,0.700,المرض الوراثي، التجاوب الجيني,direct diagnosis relation,groq,llama-3.3-70b-versatile,dah_relation_validation_v1
rel_seed_84a93638c8e1a484,chunk_00278,ahd5k_04207,767486,ent_merge_001752,المرض الوراثي,DiseaseCondition,ent_merge_002086,العلاج المبكر,Treatment,TREATED_BY,TREATED_BY,true,0.800,المرض الوراثي، العلاج المبكر,direct treatment relation,groq,llama-3.3-70b-versatile,dah_relation_validation_v1
rel_seed_5b54612cd08b4e79,chunk_00279,ahd10k_04102,757586,ent_merge_000059,التهاب,DiseaseCondition,ent_merge_001346,تنشيط كهربائي,Treatment,TREATED_BY,TREATED_BY,true,0.950,بعد مرور عشرة ايام الى اسبوعين يتم البدء في العلاج الطبيعي من خلال التنشيط الكهربائي,Direct temporal and causal link between inflammation and electrical stimulation treatment.,groq,qwen/qwen3-32b,dah_relation_validation_v1
rel_seed_5a26bd87aaec0e5f,chunk_00279,ahd10k_07016,756587,ent_merge_000059,التهاب,DiseaseCondition,ent_merge_000987,تخطيط اعصاب الوجه,Test,DIAGNOSED_BY,DIAGNOSED_BY,true,0.900,اوصيتني بضروره عمل تخطيط للاعصاب,Direct recommendation of nerve conduction study for diagnosis.,groq,qwen/qwen3-32b,dah_relation_validation_v1
rel_seed_77a665dceec45f16,chunk_00280,ahd10k_07662,807884,ent_merge_000358,داء بهجت,DiseaseCondition,ent_merge_000617,الام,Symptom,HAS_SYMPTOM,HAS_SYMPTOM,true,0.950,اعاني من الامه بالجسم,Direct symptom mention in patient's self-report,groq,qwen/qwen3-32b,dah_relation_validation_v1
rel_seed_32f10816304c3614,chunk_00280,ahd5k_03214,791171,ent_merge_001689,الانيمياء,DiseaseCondition,ent_merge_000661,الصداع,Symptom,HAS_SYMPTOM,HAS_SYMPTOM,true,0.900,الصداع listed as explicit symptom,Symptom explicitly listed in evidence snippets,groq,qwen/qwen3-32b,dah_relation_validation_v1
rel_seed_1937eae47e21a4e4,chunk_00280,ahd5k_03214,791171,ent_merge_001689,الانيمياء,DiseaseCondition,ent_merge_000967,تحاليل مخبرية,Test,DIAGNOSED_BY,DIAGNOSED_BY,true,0.850,تحليل مخبري mentioned in diagnostic context,Lab test directly cited as diagnostic method,groq,qwen/qwen3-32b,dah_relation_validation_v1
rel_seed_0a1431857b516b45,chunk_00280,ahd5k_03214,791171,ent_merge_000661,الصداع,Symptom,ent_merge_000967,تحاليل مخبرية,Test,INVESTIGATED_BY,INVESTIGATED_BY,true,0.800,تحاليل مخبرية linked to الصداع investigation,Test explicitly mentioned for symptom investigation,groq,qwen/qwen3-32b,dah_relation_validation_v1
rel_seed_7871a0218148b2f7,chunk_00281,ahd10k_06043,807679,ent_merge_000059,التهاب,DiseaseCondition,ent_merge_001601,مضاد حيوي,Treatment,TREATED_BY,TREATED_BY,true,1.000,و كذلك قد يكون السبب التهاب اللوزتين او الحلق او الاذن او اللثة فيجب تناول مضاد حيوي,Directly states antibiotic treatment for inflammation,groq,qwen/qwen3-32b,dah_relation_validation_v1
rel_seed_86f9e93669785af4,chunk_00281,ahd5k_00936,802475,ent_merge_001752,المرض الوراثي,DiseaseCondition,ent_merge_001999,فحوصات جينية,Test,DIAGNOSED_BY,DIAGNOSED_BY,true,1.000,يكفي اختبار واحد في الحياة لمعرفة وجود أمراض وراثية,Direct diagnostic test for genetic disease,groq,qwen/qwen3-32b,dah_relation_validation_v1
rel_seed_b1c0a02932d03795,chunk_00281,ahd5k_01235,785858,ent_merge_001752,المرض الوراثي,DiseaseCondition,ent_merge_001999,فحوصات جينية,Test,DIAGNOSED_BY,DIAGNOSED_BY,true,0.950,يجب عمل فحص للجينات، لتحديد الخلل الجيني,النص يشير بشكل مباشر إلى أن فحص الجينات يُستخدم لتحديد الخلل الجيني المرتبط بالمرض الوراثي,groq,qwen/qwen3-32b,dah_relation_validation_v1
rel_seed_3f4ecd6aead473a0,chunk_00282,ahd10k_00189,808391,ent_merge_000059,التهاب,DiseaseCondition,ent_merge_000924,آشعة,Test,DIAGNOSED_BY,DIAGNOSED_BY,true,1.000,عمل الماماغرافي,Direct diagnostic test mentioned for the source condition,groq,qwen/qwen3-32b,dah_relation_validation_v1
rel_seed_69b607cacc0060b2,chunk_00282,ahd10k_03880,751977,ent_merge_000059,التهاب,DiseaseCondition,ent_merge_000924,آشعة,Test,DIAGNOSED_BY,DIAGNOSED_BY,true,1.000,عملت اشاعة,Direct diagnostic test mentioned for the source condition,groq,qwen/qwen3-32b,dah_relation_validation_v1
rel_seed_e0aa4df65ea401b1,chunk_00284,ahd10k_04616,737406,ent_merge_000326,حساسية,DiseaseCondition,ent_merge_000776,حكة,Symptom,HAS_SYMPTOM,HAS_SYMPTOM,true,0.950,"حساسية الجلد, حكة",Direct evidence links allergy (حساسية) to itching (حكة).,groq,qwen/qwen3-32b,dah_relation_validation_v1
rel_seed_afb1ab144f072704,chunk_00284,ahd10k_04616,737406,ent_merge_000326,حساسية,DiseaseCondition,ent_merge_000822,سعال,Symptom,HAS_SYMPTOM,HAS_SYMPTOM,true,0.950,"حساسية, سعال",Direct evidence links allergy (حساسية) to cough (سعال).,groq,qwen/qwen3-32b,dah_relation_validation_v1
rel_seed_30222f8de1007ba4,chunk_00285,ahd10k_00624,805608,ent_merge_000059,التهاب,DiseaseCondition,ent_merge_000617,الام,Symptom,HAS_SYMPTOM,HAS_SYMPTOM,true,0.950,أشعر بآلام قوية في مفصل الركبة الأيسر,Direct symptom description in patient's self-report,groq,qwen/qwen3-32b,dah_relation_validation_v1
rel_seed_f468f7f887d2bf1e,chunk_00285,ahd10k_00624,805608,ent_merge_000059,التهاب,DiseaseCondition,ent_merge_001558,مادة كلوكوز امين كوندروتين,Treatment,TREATED_BY,TREATED_BY,true,0.900,مادة كلوكوز امين كوندروتين بطيئة المفعول,Specific treatment mentioned in evidence,groq,qwen/qwen3-32b,dah_relation_validation_v1
rel_seed_3508f21623db067d,chunk_00285,ahd10k_00624,805608,ent_merge_000105,التهاب مفصل الركبه,DiseaseCondition,ent_merge_000617,الام,Symptom,HAS_SYMPTOM,HAS_SYMPTOM,true,0.950,أشعر بآلام قوية في مفصل الركبة الأيسر,Direct symptom description in patient's self-report,groq,qwen/qwen3-32b,dah_relation_validation_v1
rel_seed_1647c60633b30554,chunk_00285,ahd10k_00624,805608,ent_merge_000105,التهاب مفصل الركبه,DiseaseCondition,ent_merge_001558,مادة كلوكوز امين كوندروتين,Treatment,TREATED_BY,TREATED_BY,true,0.900,مادة كلوكوز امين كوندروتين بطيئة المفعول,Directly mentioned as treatment for knee joint inflammation,groq,qwen/qwen3-32b,dah_relation_validation_v1
rel_seed_09cb64c9d8a64071,chunk_00285,ahd10k_00624,805608,ent_merge_000105,التهاب مفصل الركبه,DiseaseCondition,ent_merge_001192,التمالرين الرياضيه,Treatment,TREATED_BY,TREATED_BY,true,0.800,التمالرين الرياضيه والعلاج الطبيعي,Explicitly listed as part of treatment regimen,groq,qwen/qwen3-32b,dah_relation_validation_v1
rel_seed_03c918d48abba662,chunk_00285,ahd10k_00624,805608,ent_merge_000105,التهاب مفصل الركبه,DiseaseCondition,ent_merge_001224,العلاج الطبيعي,Treatment,TREATED_BY,TREATED_BY,true,0.800,التمالرين الرياضيه والعلاج الطبيعي,Explicitly listed as part of treatment regimen,groq,qwen/qwen3-32b,dah_relation_validation_v1
rel_seed_1bdb19e44c7c18ca,chunk_00285,ahd10k_00624,805608,ent_merge_000617,الام,Symptom,ent_merge_001224,العلاج الطبيعي,Treatment,TREATED_BY,TREATED_BY,true,0.950,التمالرين الرياضيه والعلاج الطبيعي,العلاج الطبيعي مذكور كجزء من العلاج للآلام,groq,qwen/qwen3-32b,dah_relation_validation_v1
rel_seed_76d4e1c51526ce7b,chunk_00285,ahd10k_00624,805608,ent_merge_000617,الام,Symptom,ent_merge_001165,الادويه مضادة الالتهاب,Treatment,TREATED_BY,TREATED_BY,true,0.950,الادويه مضادة الالتهاب والغير الكورتيزونيه,الادويه مضادة الالتهاب مذكورة كعلاج مباشر للآلام,groq,qwen/qwen3-32b,dah_relation_validation_v1
rel_seed_f3c8d35c916c3650,chunk_00285,ahd5k_04839,796996,ent_merge_001818,علم الوراثة,DiseaseCondition,ent_merge_001991,فحص الدنا,Test,DIAGNOSED_BY,DIAGNOSED_BY,true,0.900,يمكن فحص الأبوة في المختبر... فحص الدنا,فحص الدنا مذكور كوسيلة لتحديد الأبوة في سياق علم الوراثة,groq,qwen/qwen3-32b,dah_relation_validation_v1
rel_seed_358f59f712831927,chunk_00285,ahd5k_04839,796996,ent_merge_001818,علم الوراثة,DiseaseCondition,ent_merge_001997,فحص مجموعات الدم,Test,DIAGNOSED_BY,DIAGNOSED_BY,true,0.750,فحص مجموعات الدم,فحص مجموعات الدم مذكور كوسيلة غير دقيقة لتحديد الأبوة,groq,qwen/qwen3-32b,dah_relation_validation_v1
rel_seed_689785f98d255ab8,chunk_00286,ahd10k_02163,783891,ent_merge_000337,حصى المرارة,DiseaseCondition,ent_merge_000705,أوجاع,Symptom,HAS_SYMPTOM,HAS_SYMPTOM,true,1.000,تتراوح الأوجاع الناتجة عن وجود الحصى ما بين البسيطة والشديدة,Evidence directly links pain to gallstones,groq,openai/gpt-oss-20b,dah_relation_validation_v1
rel_seed_91f43d668cfb0554,chunk_00286,ahd10k_02163,783891,ent_merge_000337,حصى المرارة,DiseaseCondition,ent_merge_000859,غثيان,Symptom,HAS_SYMPTOM,HAS_SYMPTOM,true,0.800,شعور بالغثيان,Directly mentioned symptom related to the condition,groq,llama-3.3-70b-versatile,dah_relation_validation_v1
rel_seed_535dad5e8513dca3,chunk_00286,ahd10k_02163,783891,ent_merge_000337,حصى المرارة,DiseaseCondition,ent_merge_001147,استئصال المرارة,Treatment,TREATED_BY,TREATED_BY,true,1.000,عملية استئصال المرارة لعلاج حصى المرارة,Evidence links cholecystectomy as treatment for gallstones,groq,openai/gpt-oss-20b,dah_relation_validation_v1
rel_seed_6080689629dbc056,chunk_00286,ahd10k_02163,783891,ent_merge_000059,التهاب,DiseaseCondition,ent_merge_000705,أوجاع,Symptom,HAS_SYMPTOM,HAS_SYMPTOM,true,1.000,التهاب المرارة يسبب أوجاع,الأوجاع مذكورة كنتيجة مباشرة للالتهاب,groq,qwen/qwen3-32b,dah_relation_validation_v1
rel_seed_0825c85f330a038e,chunk_00286,ahd10k_02163,783891,ent_merge_000059,التهاب,DiseaseCondition,ent_merge_000859,غثيان,Symptom,HAS_SYMPTOM,HAS_SYMPTOM,true,1.000,التهاب المرارة مصحوب بغثيان,الغثيان مذكور كأعراض مباشرة للالتهاب,groq,qwen/qwen3-32b,dah_relation_validation_v1
rel_seed_85987a9ce522fdb3,chunk_00286,ahd5k_02210,668807,ent_merge_000059,التهاب,DiseaseCondition,ent_merge_001486,فلاجيل,Treatment,TREATED_BY,TREATED_BY,true,0.950,حبوب فلاجيل 500مج حبه 3 مرات لمدة اسبوع,The evidence explicitly states the treatment regimen (Fluconazole 500mg three times weekly for a week) directly addressing the source condition (inflammation).,groq,qwen/qwen3-32b,dah_relation_validation_v1
rel_seed_71558c3faf802d4c,chunk_00286,ahd5k_02210,668807,ent_merge_000059,التهاب,DiseaseCondition,ent_merge_002159,حبوب ديفلوكان,Treatment,TREATED_BY,TREATED_BY,true,0.950,حبوب ديفلوكان 150مج كبسوله واحده كل اسبوع لمدة 3 اسابيع,The evidence explicitly states a treatment regimen (Diflucan 150mg weekly for 3 weeks) directly linked to the source condition (inflammation).,groq,qwen/qwen3-32b,dah_relation_validation_v1
rel_seed_ee9440d52a05e9fa,chunk_00287,ahd10k_05247,732570,ent_merge_000066,التهاب الجيوب,DiseaseCondition,ent_merge_001267,أمоксيسيلين,Treatment,TREATED_BY,TREATED_BY,true,0.800,يحتوي الكيورام على أموكسيسيللين و كلافولانيك أسيد وهو يستخدم لعلاج: التهابات الجهاز التنفسي السفلي، التهاب الأذن الوسطى، التهاب الجيوب,التهاب الجيوب treated by أموكسيسيللين directly mentioned in evidence,groq,llama-3.3-70b-versatile,dah_relation_validation_v1
rel_seed_d257dc51526aa3f2,chunk_00287,ahd10k_05247,732570,ent_merge_000066,التهاب الجيوب,DiseaseCondition,ent_merge_001540,كلافولانيك,Treatment,TREATED_BY,TREATED_BY,true,0.800,يحتوي الكيورام على أموكسيسيللين و كلافولانيك أسيد وهو يستخدم لعلاج: التهابات الجهاز التنفسي السفلي، التهاب الأذن الوسطى، التهاب الجيوب,التهاب الجيوب treated by كلافولانيك directly mentioned in evidence,groq,llama-3.3-70b-versatile,dah_relation_validation_v1
rel_seed_27205f1fe7c08598,chunk_00287,ahd10k_05247,732570,ent_merge_000060,التهاب الأذن,DiseaseCondition,ent_merge_001267,أمоксيسيلين,Treatment,TREATED_BY,TREATED_BY,true,0.950,يحتوي الكيورام على أموكسيسيللين و كلافولانيك أسيد وهو يستخدم لعلاج: التهابات الجهاز التنفسي السفلي، التهاب الأذن الوسطى,الدقة في ربط الأموكسيسيللين بعلاج التهاب الأذن الوسطى.,groq,qwen/qwen3-32b,dah_relation_validation_v1
rel_seed_8c98ecb1b1e45f00,chunk_00287,ahd10k_05427,697957,ent_merge_000100,التهاب بول,DiseaseCondition,ent_merge_001154,أغمنتين,Treatment,TREATED_BY,TREATED_BY,true,1.000,التهاب بول معروض على علاج بأغمنتين,العلاقة تتوافق مباشرة مع السياق: 'التهاب بول' مع 'أغمنتين' كعلاج,groq,qwen/qwen3-32b,dah_relation_validation_v1
rel_seed_d83b3ed25b70844a,chunk_00287,ahd10k_08176,409626,ent_merge_000068,التهاب الحلق,DiseaseCondition,ent_merge_001141,أزيثرومايسين,Treatment,TREATED_BY,TREATED_BY,true,0.950,تناولت azithromycin كورس ثلاث حبات,أزيثرومايسين مذكور كعلاج مباشر لالتهاب الحلق,groq,qwen/qwen3-32b,dah_relation_validation_v1
rel_seed_4d94b3af1ba5f7b7,chunk_00287,ahd5k_00496,261681,ent_merge_000117,الحمل,DiseaseCondition,ent_merge_000942,السونار,Test,DIAGNOSED_BY,DIAGNOSED_BY,true,0.900,سونار مهبلي,السونار المهبلي مذكور كوسيلة تشخيص الحمل,groq,qwen/qwen3-32b,dah_relation_validation_v1
rel_seed_553ea1de5cf3d438,chunk_00288,ahd5k_00760,315108,ent_merge_000117,الحمل,DiseaseCondition,ent_merge_000942,السونار,Test,DIAGNOSED_BY,DIAGNOSED_BY,true,0.900,الجنين ميت وطلبتو سونار ثاني,السونار تم طلبه بشكل مباشر لتشخيص حالة الجنين,groq,qwen/qwen3-32b,dah_relation_validation_v1
rel_seed_e5cab223869d9e42,chunk_00288,ahd5k_00920,231026,ent_merge_000117,الحمل,DiseaseCondition,ent_merge_000942,السونار,Test,DIAGNOSED_BY,DIAGNOSED_BY,true,0.850,عملت سونار يوم 16 من الدورة,السونار تم استخدامه لتشخيص حجم الحمل,groq,qwen/qwen3-32b,dah_relation_validation_v1
rel_seed_2e93af1c55fdcc44,chunk_00288,ahd5k_00920,231026,ent_merge_000117,الحمل,DiseaseCondition,ent_merge_002111,المنشطات,Treatment,TREATED_BY,TREATED_BY,true,0.950,الاستخدام المباشر للإبرة التفجيرية لمساعدة البويضة على الخروج وحدوث الحمل,العلاقة مدعومة بشكل مباشر من النص حول استخدام الإبرة التفجيرية كجزء من العلاج للحمل,groq,qwen/qwen3-32b,dah_relation_validation_v1
rel_seed_2ff3e8697bb6d58d,chunk_00288,ahd5k_00920,231026,ent_merge_000126,الدورة الشهرية,DiseaseCondition,ent_merge_000942,السونار,Test,DIAGNOSED_BY,DIAGNOSED_BY,true,0.900,إجراء سونار يوم 16 من الدورة للكشف عن بويضتين,العلاقة مدعومة من النص الذي يشير إلى استخدام السونار لتشخيص حالة الدورة الشهرية,groq,qwen/qwen3-32b,dah_relation_validation_v1
rel_seed_95546ba1b675877e,chunk_00289,ahd10k_05754,769323,ent_merge_000059,التهاب,DiseaseCondition,ent_merge_000967,تحاليل مخبرية,Test,DIAGNOSED_BY,DIAGNOSED_BY,true,0.900,يتم عمل تحليل دم بعد اللقاح لتأكيد المناعة ضد التهاب الكبد,التحاليل المخبرية تُستخدم لتشخيص حالة المناعة ضد التهاب الكبد,groq,qwen/qwen3-32b,dah_relation_validation_v1
rel_seed_c6dea4447a572208,chunk_00289,ahd10k_06816,783575,ent_merge_000059,التهاب,DiseaseCondition,ent_merge_000967,تحاليل مخبرية,Test,DIAGNOSED_BY,DIAGNOSED_BY,true,0.800,يُوصى بإجراء تحليل لفحص مستوى المناعة في الجسم بسبب الالتهابات المتكررة,التحاليل المخبرية تُستخدم لتشخيص سبب الالتهابات المزمنة,groq,qwen/qwen3-32b,dah_relation_validation_v1
rel_seed_4a234d3f4111ce2f,chunk_00289,ahd5k_01192,136795,ent_merge_000117,الحمل,DiseaseCondition,ent_merge_001855,الافرازات,Symptom,HAS_SYMPTOM,HAS_SYMPTOM,true,0.950,اعاني من افرازات خضراء مع سيلان كثيف مع العلم بانني حامل بالاسبوع العاشر,The evidence explicitly states green discharge as a symptom during pregnancy.,groq,qwen/qwen3-32b,dah_relation_validation_v1
rel_seed_8fdfa5f3b69cd36b,chunk_00289,ahd5k_01487,234881,ent_merge_000117,الحمل,DiseaseCondition,ent_merge_001047,فحص حمل,Test,DIAGNOSED_BY,DIAGNOSED_BY,true,0.950,اعملي فحص حمل,Direct instruction to perform a pregnancy test for diagnosis.,groq,qwen/qwen3-32b,dah_relation_validation_v1
rel_seed_2570c54954bbc045,chunk_00289,ahd5k_01693,161412,ent_merge_000117,الحمل,DiseaseCondition,ent_merge_001993,فحص بول,Test,DIAGNOSED_BY,DIAGNOSED_BY,true,0.950,انا حامل بالاسبوع السادس,Direct confirmation of pregnancy diagnosis via urine test.,groq,qwen/qwen3-32b,dah_relation_validation_v1
rel_seed_3dcfb05e304d7f0c,chunk_00290,ahd5k_02010,16308,ent_merge_000117,الحمل,DiseaseCondition,ent_merge_002210,قرص مانع الحمل,Treatment,TREATED_BY,TREATED_BY,true,0.900,قرص مانع الحمل,Direct evidence links contraceptive pill to pregnancy treatment,groq,qwen/qwen3-32b,dah_relation_validation_v1
rel_seed_f2aec3126437e851,chunk_00290,ahd5k_02368,107144,ent_merge_000117,الحمل,DiseaseCondition,ent_merge_002189,سيرازيت,Treatment,TREATED_BY,TREATED_BY,true,0.850,سيرازيت,Brand-specific contraceptive pill directly mentioned for pregnancy,groq,qwen/qwen3-32b,dah_relation_validation_v1
rel_seed_0554cd3bd6afce81,chunk_00291,ahd10k_08965,771239,ent_merge_000059,التهاب,DiseaseCondition,ent_merge_000782,حمى,Symptom,HAS_SYMPTOM,HAS_SYMPTOM,true,0.950,التهاب اللوزتين وحمى مذكورتان في السياق,الحمى مذكورة كأعراض مباشرة لالتهاب اللوزتين,groq,qwen/qwen3-32b,dah_relation_validation_v1
rel_seed_2574444a98ca85be,chunk_00291,ahd10k_08965,771239,ent_merge_000059,التهاب,DiseaseCondition,ent_merge_000600,إسهال,Symptom,HAS_SYMPTOM,HAS_SYMPTOM,true,0.950,التهاب اللوزتين وإسهال مذكوران في السياق,الإسهال مذكور كأعراض مباشرة لالتهاب اللوزتين,groq,qwen/qwen3-32b,dah_relation_validation_v1
rel_seed_645ae6a670c8addf,chunk_00291,ahd10k_08965,771239,ent_merge_000445,فطريات الفم,DiseaseCondition,ent_merge_000782,حمى,Symptom,HAS_SYMPTOM,HAS_SYMPTOM,true,0.800,Fungal infections commonly present with fever,Direct symptom relationship supported by medical knowledge,groq,qwen/qwen3-32b,dah_relation_validation_v1
rel_seed_65db12066aa7828e,chunk_00291,ahd10k_08965,771239,ent_merge_000445,فطريات الفم,DiseaseCondition,ent_merge_000869,قروح,Symptom,HAS_SYMPTOM,HAS_SYMPTOM,true,0.900,Oral thrush causes mouth ulcers,Direct symptom relationship in medical literature,groq,qwen/qwen3-32b,dah_relation_validation_v1
rel_seed_447d50593b922cf8,chunk_00291,ahd5k_02601,32501,ent_merge_000117,الحمل,DiseaseCondition,ent_merge_002061,الحقنة,Treatment,TREATED_BY,TREATED_BY,true,0.950,منى يتم الجماع بعد حقنة ابيفاسى لحدوث الحمل,The injection (Abifas) is explicitly mentioned as a treatment to achieve pregnancy.,groq,qwen/qwen3-32b,dah_relation_validation_v1
rel_seed_b945af4a48828e56,chunk_00291,ahd5k_03117,149494,ent_merge_000059,التهاب,DiseaseCondition,ent_merge_001023,فحص,Test,DIAGNOSED_BY,DIAGNOSED_BY,true,0.900,الدكتور طلب عمل مزرعة بول لتشخيص الالتهاب,The urine culture test is explicitly requested to diagnose the infection.,groq,qwen/qwen3-32b,dah_relation_validation_v1
rel_seed_33aa461b5a9ff808,chunk_00292,ahd10k_08139,766033,ent_merge_000129,الربو,DiseaseCondition,ent_merge_001418,زاديتين,Treatment,TREATED_BY,TREATED_BY,true,0.950,يستخدم للحد والوقاية من نوبات الربو,Direct treatment statement for asthma,groq,qwen/qwen3-32b,dah_relation_validation_v1
rel_seed_09da847e7089db0f,chunk_00292,ahd10k_08139,766033,ent_merge_000078,التهاب القصبات التحسسي,DiseaseCondition,ent_merge_000687,النعاس,Symptom,HAS_SYMPTOM,HAS_SYMPTOM,true,0.950,النعاس,Direct symptom listed in evidence,groq,qwen/qwen3-32b,dah_relation_validation_v1
rel_seed_91186f65aba4b349,chunk_00292,ahd10k_08139,766033,ent_merge_000078,التهاب القصبات التحسسي,DiseaseCondition,ent_merge_000760,جفاف الفم,Symptom,HAS_SYMPTOM,HAS_SYMPTOM,true,0.950,جفاف الفم,Direct symptom listed in evidence,groq,qwen/qwen3-32b,dah_relation_validation_v1
rel_seed_46cbe8527c73696c,chunk_00292,ahd10k_08139,766033,ent_merge_000078,التهاب القصبات التحسسي,DiseaseCondition,ent_merge_000634,التعب,Symptom,HAS_SYMPTOM,HAS_SYMPTOM,true,0.950,التعب,Direct symptom listed in evidence,groq,qwen/qwen3-32b,dah_relation_validation_v1
rel_seed_df957f2c6e2ea5fc,chunk_00292,ahd10k_08139,766033,ent_merge_000328,حساسية الأنف,DiseaseCondition,ent_merge_000687,النعاس,Symptom,HAS_SYMPTOM,HAS_SYMPTOM,true,0.950,النعاس,Direct symptom listed in evidence,groq,qwen/qwen3-32b,dah_relation_validation_v1
rel_seed_40cbda5d6da58a31,chunk_00292,ahd10k_08139,766033,ent_merge_000065,التهاب الجلد التأتبي,DiseaseCondition,ent_merge_001418,زاديتين,Treatment,TREATED_BY,TREATED_BY,true,0.950,عقار zaditen,Direct mention of Zaditen as treatment for atopic dermatitis,groq,qwen/qwen3-32b,dah_relation_validation_v1
rel_seed_db1b743431b9ad63,chunk_00292,ahd10k_08139,766033,ent_merge_000065,التهاب الجلد التأتبي,DiseaseCondition,ent_merge_000634,التعب,Symptom,HAS_SYMPTOM,HAS_SYMPTOM,true,0.900,Atopic dermatitis explicitly listed with fatigue as a symptom,Direct symptom association in evidence,groq,qwen/qwen3-32b,dah_relation_validation_v1
rel_seed_4055383739aa6ee0,chunk_00293,ahd10k_03128,799963,ent_merge_000059,التهاب,DiseaseCondition,ent_merge_001491,فلوكونازول,Treatment,TREATED_BY,TREATED_BY,true,0.900,دواء فلوكونازول كبسولات,الفلوكونازول مذكور كعلاج مباشر للالتهاب الفطري في الأدلة,groq,qwen/qwen3-32b,dah_relation_validation_v1
rel_seed_403a65d7547801d5,chunk_00293,ahd10k_03981,26110,ent_merge_000059,التهاب,DiseaseCondition,ent_merge_001506,فيتامين ج,Treatment,TREATED_BY,TREATED_BY,true,0.800,ماذا يحدث عند نقص فيتامين ج؟ نزيف اللثة. ظهور الكدمات على الجلد,الفيتامين ج مذكور كعلاج للالتهابات المرتبطة بنقصه في الأدلة,groq,qwen/qwen3-32b,dah_relation_validation_v1
rel_seed_444829a95326c84b,chunk_00293,ahd10k_03981,26110,ent_merge_000090,التهاب اللثة,DiseaseCondition,ent_merge_001506,فيتامين ج,Treatment,TREATED_BY,TREATED_BY,true,0.900,ماذا يحدث عند نقص فيتامين ج؟ نزيف اللثة,الفيتامين ج مذكور كعلاج مباشر لالتهاب اللثة في الأدلة,groq,qwen/qwen3-32b,dah_relation_validation_v1
rel_seed_a78e1dff7c1f7c5b,chunk_00294,ahd10k_00391,778519,ent_merge_000059,التهاب,DiseaseCondition,ent_merge_000735,تعب,Symptom,HAS_SYMPTOM,HAS_SYMPTOM,true,0.950,تعب وثقل بحيث لا اقوى على حملها,Direct symptom description in evidence,groq,qwen/qwen3-32b,dah_relation_validation_v1
rel_seed_23a94c20e5e163ab,chunk_00294,ahd10k_00391,778519,ent_merge_000059,التهاب,DiseaseCondition,ent_merge_000681,الم في اليد,Symptom,HAS_SYMPTOM,HAS_SYMPTOM,true,0.950,الشعور بالم في اليد ايسرى,Direct symptom description in evidence,groq,qwen/qwen3-32b,dah_relation_validation_v1
rel_seed_e57f93bb182973a0,chunk_00294,ahd10k_06430,796943,ent_merge_000059,التهاب,DiseaseCondition,ent_merge_001034,فحص الدم,Test,DIAGNOSED_BY,DIAGNOSED_BY,true,0.950,فحص الدم والبراز for diagnosis,Direct diagnostic test mentioned in evidence,groq,qwen/qwen3-32b,dah_relation_validation_v1
rel_seed_df7d3e135a4c00df,chunk_00296,ahd10k_05789,736112,ent_merge_000082,التهاب الكبد,DiseaseCondition,ent_merge_000931,الانزيم,Test,DIAGNOSED_BY,DIAGNOSED_BY,true,0.900,الارتفاع طفيف والأرجح أنه ناتج عن دهون الكبد، أو تناول الأدوية التي ترفع إنزيمات الكبد، أو الإصابة بالانفلونزا,الاختبار الإنزيمي (enzymatic test) مرتبط مباشرة بتشخيص التهاب الكبد عبر قياس إنزيمات الكبد,groq,qwen/qwen3-32b,dah_relation_validation_v1
rel_seed_504a3613bb12e397,chunk_00299,ahd10k_06958,775763,ent_merge_000108,الثعلبة,DiseaseCondition,ent_merge_001262,المينوكسيديل,Treatment,TREATED_BY,TREATED_BY,true,0.800,Mention of المينوكسيديل in context of hair loss (الثعلبة),Minoxidil is FDA-approved for alopecia treatment,groq,qwen/qwen3-32b,dah_relation_validation_v1
rel_seed_b2b22092493e3aa0,chunk_00300,ahd10k_00062,800590,ent_merge_000409,ضعف المبايض,DiseaseCondition,ent_merge_001200,الحلبة,Treatment,TREATED_BY,TREATED_BY,true,0.900,الحلبة لها نأثير إيجابي مع منقوع البردقوش لعلاج ضعف المبايض,Direct evidence states fenugreek is used with sage tea to treat ovarian weakness.,groq,qwen/qwen3-32b,dah_relation_validation_v1
rel_seed_6d1cd19f844569b1,chunk_00300,ahd10k_00062,800590,ent_merge_000409,ضعف المبايض,DiseaseCondition,ent_merge_001183,البردقوش,Treatment,TREATED_BY,TREATED_BY,true,0.900,الحلبة لها نأثير إيجابي مع منقوع البردقوش لعلاج ضعف المبايض,Direct evidence states sage tea is used with fenugreek to treat ovarian weakness.,groq,qwen/qwen3-32b,dah_relation_validation_v1
rel_seed_b0fed8ea0248d509,chunk_00301,ahd10k_01630,391486,ent_merge_000676,ألم الأسنان,Symptom,ent_merge_001640,نزع عصب الضرس,Treatment,TREATED_BY,TREATED_BY,true,0.950,يمكن علاج اضراس العقل بنزع العصب,النص يشير بشكل مباشر إلى علاج ألم الأسنان عبر نزع العصب,groq,qwen/qwen3-32b,dah_relation_validation_v1
rel_seed_e3e3feea82afeee0,chunk_00303,ahd10k_08697,741499,ent_merge_000170,القولون العصبي,DiseaseCondition,ent_merge_000745,تقلصات,Symptom,HAS_SYMPTOM,HAS_SYMPTOM,true,0.900,"قولون عصبى, تقلصات من تحت فم المعدة مباشرة",Direct evidence supports 'القولون العصبي' having 'تقلصات' as a symptom.,groq,qwen/qwen3-32b,dah_relation_validation_v1
rel_seed_5bc850be61254a91,chunk_00306,ahd10k_02406,532045,ent_merge_000429,غدة درقية,DiseaseCondition,ent_merge_000793,خمول,Symptom,HAS_SYMPTOM,HAS_SYMPTOM,true,0.950,خمول في الغدة الدرقية,Direct mention of hypothyroidism (خمول) as a symptom of thyroid condition,groq,qwen/qwen3-32b,dah_relation_validation_v1
rel_seed_b06330d78a9e04c1,chunk_00306,ahd10k_02406,532045,ent_merge_000429,غدة درقية,DiseaseCondition,ent_merge_001555,ليفوتيروكس,Treatment,TREATED_BY,TREATED_BY,true,0.900,اكمل بليفوتيروكس 25,Levothyroxine explicitly prescribed for thyroid condition,groq,qwen/qwen3-32b,dah_relation_validation_v1
rel_seed_4f4f8eb2e9bd1d7c,chunk_00306,ahd10k_02406,532045,ent_merge_000429,غدة درقية,DiseaseCondition,ent_merge_001441,سوليبراد,Treatment,TREATED_BY,TREATED_BY,true,0.950,وصف لي سوليبراد 20,Direct prescription mentioned for hypothyroidism,groq,qwen/qwen3-32b,dah_relation_validation_v1
rel_seed_cb2a204483ae31a1,chunk_00306,ahd10k_02406,532045,ent_merge_000429,غدة درقية,DiseaseCondition,ent_merge_001412,روفاميسين,Treatment,TREATED_BY,TREATED_BY,true,0.950,وصف لي روفاميسين 1.5,Direct prescription mentioned for hypothyroidism,groq,qwen/qwen3-32b,dah_relation_validation_v1
rel_seed_29db22801aefb468,chunk_00307,ahd10k_01495,441253,ent_merge_000125,الدوالي على الخصية,DiseaseCondition,ent_merge_000644,الحركة السريعة,Symptom,HAS_SYMPTOM,HAS_SYMPTOM,true,0.900,الذي ربما يعود لوجود دوالي على الخصيه,directly links varicocele to the symptom,groq,openai/gpt-oss-20b,dah_relation_validation_v1
rel_seed_1416c946e5a479dd,chunk_00307,ahd10k_01495,441253,ent_merge_000125,الدوالي على الخصية,DiseaseCondition,ent_merge_000643,الحركة البطيئة,Symptom,HAS_SYMPTOM,HAS_SYMPTOM,true,1.000,الذي ربما يعود لوجود دوالي على الخصيه,varicocele directly linked to slow movement,groq,openai/gpt-oss-20b,dah_relation_validation_v1
rel_seed_9087afa5039d64c0,chunk_00307,ahd10k_09698,722783,ent_merge_000366,دوالي الخصية,DiseaseCondition,ent_merge_000645,الحيوانات المنوية,Symptom,HAS_SYMPTOM,HAS_SYMPTOM,true,0.900,عدد الحيوانات المنوية 8 مليون,دوالي الخصية تسبب انخفاض عدد الحيوانات المنوية. النص يشير إلى انخفاض الحيوانات المنوية كأثر مباشر لدوالي الخصية.,groq,qwen/qwen3-32b,dah_relation_validation_v1
rel_seed_c01e592ab68c3981,chunk_00307,ahd10k_09698,722783,ent_merge_000366,دوالي الخصية,DiseaseCondition,ent_merge_000654,الركوض,Symptom,HAS_SYMPTOM,HAS_SYMPTOM,true,0.900,وجود دوالي الخصية من الدرجة الثالثة,Direct mention of varicocele grade as a symptom,groq,qwen/qwen3-32b,dah_relation_validation_v1
rel_seed_d93743bdb353227b,chunk_00307,ahd10k_09698,722783,ent_merge_000124,الدوالي,DiseaseCondition,ent_merge_000654,الركوض,Symptom,HAS_SYMPTOM,HAS_SYMPTOM,true,0.900,يوجد ركوض بنسبة 20% و 30%,Direct mention of varicocele grade as a symptom,groq,qwen/qwen3-32b,dah_relation_validation_v1
rel_seed_e13a90ff51713440,chunk_00307,ahd10k_09698,722783,ent_merge_000365,دوالي الخصيتين,DiseaseCondition,ent_merge_000654,الركوض,Symptom,HAS_SYMPTOM,HAS_SYMPTOM,true,0.900,وجود دوالي الخصية من الدرجة الثالثة,Direct mention of varicocele grade as a symptom,groq,qwen/qwen3-32b,dah_relation_validation_v1
rel_seed_aafd3358100bd9d6,chunk_00308,ahd10k_00001,503716,ent_merge_000117,الحمل,DiseaseCondition,ent_merge_000634,التعب,Symptom,HAS_SYMPTOM,HAS_SYMPTOM,true,0.950,أعاني من التعب,Direct symptom statement in pregnancy context,groq,qwen/qwen3-32b,dah_relation_validation_v1
rel_seed_50eb26b87c18cf19,chunk_00308,ahd10k_00265,74740,ent_merge_000117,الحمل,DiseaseCondition,ent_merge_001007,سونار,Test,DIAGNOSED_BY,DIAGNOSED_BY,true,0.980,فحص سونار,Ultrasound is standard diagnostic method for pregnancy,groq,qwen/qwen3-32b,dah_relation_validation_v1
rel_seed_13093e2839600561,chunk_00309,ahd10k_00845,224413,ent_merge_000117,الحمل,DiseaseCondition,ent_merge_001033,فحص الحمل,Test,DIAGNOSED_BY,DIAGNOSED_BY,true,0.900,النص يوصي بإجراء فحص حمل لتأكيد الحالة,العلاقة مدعومة مباشرة من النص,groq,qwen/qwen3-32b,dah_relation_validation_v1
rel_seed_41f2fa040e2b771c,chunk_00310,ahd10k_01128,256815,ent_merge_000117,الحمل,DiseaseCondition,ent_merge_000805,دورة شهرية,Symptom,HAS_SYMPTOM,HAS_SYMPTOM,true,0.950,تأخرت دورتي الشهرية بثلاث أسابيع و لدي بعض اعراض الحمل,الحمل يسبب تأخر الدورة الشهرية كأعراض مباشرة,groq,qwen/qwen3-32b,dah_relation_validation_v1
rel_seed_96452cdc649e33dd,chunk_00310,ahd10k_01128,256815,ent_merge_000117,الحمل,DiseaseCondition,ent_merge_001048,فحص دم,Test,DIAGNOSED_BY,DIAGNOSED_BY,true,0.980,اعملي فحص دم للحمل,فحص الدم يُستخدم لتشخيص الحمل بشكل مباشر,groq,qwen/qwen3-32b,dah_relation_validation_v1
rel_seed_35dfd02dff895f03,chunk_00310,ahd10k_01128,256815,ent_merge_000805,دورة شهرية,Symptom,ent_merge_001048,فحص دم,Test,INVESTIGATED_BY,INVESTIGATED_BY,true,0.920,تأخرت دورتي الشهرية بثلاث أسابيع واعملي فحص دم للحمل,الفحص الطبي مرتبط مباشرة بالعَرَض المذكور (تأخر الدورة),groq,qwen/qwen3-32b,dah_relation_validation_v1
rel_seed_0c8583670a34253c,chunk_00312,ahd10k_02092,149494,ent_merge_000832,صديد في البول,Symptom,ent_merge_001072,مزرعة بول,Test,INVESTIGATED_BY,INVESTIGATED_BY,true,0.900,Doctor ordered مزرعة بول to investigate صديد في البول,Urine culture directly investigates pus in urine,groq,qwen/qwen3-32b,dah_relation_validation_v1
rel_seed_e864ed61d49fecfb,chunk_00312,ahd10k_02092,149494,ent_merge_000106,التهابات,DiseaseCondition,ent_merge_000832,صديد في البول,Symptom,HAS_SYMPTOM,HAS_SYMPTOM,true,0.950,اعانى من صديد فى البول,Direct symptom statement linked to disease condition,groq,qwen/qwen3-32b,dah_relation_validation_v1
rel_seed_a95d6c50cf3094c2,chunk_00312,ahd10k_02092,149494,ent_merge_000106,التهابات,DiseaseCondition,ent_merge_001072,مزرعة بول,Test,DIAGNOSED_BY,DIAGNOSED_BY,true,0.900,طلب منى الدكتور عمل مزرعة بول,Diagnostic test explicitly requested for condition,groq,qwen/qwen3-32b,dah_relation_validation_v1
rel_seed_8819577058b903cd,chunk_00312,ahd10k_02174,89744,ent_merge_000117,الحمل,DiseaseCondition,ent_merge_001047,فحص حمل,Test,DIAGNOSED_BY,DIAGNOSED_BY,true,0.900,اعملي فحص حمل,Diagnostic test explicitly requested for condition,groq,qwen/qwen3-32b,dah_relation_validation_v1
rel_seed_743cf6f5f078f9a0,chunk_00312,ahd10k_02174,89744,ent_merge_000713,تأخر في الدورة الشهرية,Symptom,ent_merge_001047,فحص حمل,Test,INVESTIGATED_BY,INVESTIGATED_BY,true,0.850,اعملي فحص حمل,Test directly requested to investigate symptom,groq,qwen/qwen3-32b,dah_relation_validation_v1
rel_seed_8faf12e788b0a383,chunk_00313,ahd10k_02693,34408,ent_merge_000117,الحمل,DiseaseCondition,ent_merge_001621,منشطات للمبايض,Treatment,TREATED_BY,TREATED_BY,true,0.950,بحاجة لمنشطات للمبايض,Direct evidence links ovulation induction medications as treatment for infertility related to pregnancy goals.,groq,qwen/qwen3-32b,dah_relation_validation_v1
rel_seed_6d6cb0adc2e95acd,chunk_00314,ahd10k_03739,215881,ent_merge_000117,الحمل,DiseaseCondition,ent_merge_000946,الفحص,Test,DIAGNOSED_BY,DIAGNOSED_BY,true,0.900,نسبة الحمل 102، كرري الفحص بعد 3 ايام,العلاقة 'DIAGNOSED_BY' مدعومة؛ الفحص مرتبط مباشرة بتشخيص الحمل.,groq,qwen/qwen3-32b,dah_relation_validation_v1
rel_seed_6083ff24116c12a5,chunk_00315,ahd10k_03829,157271,ent_merge_000117,الحمل,DiseaseCondition,ent_merge_001288,برشام جينيرا,Treatment,TREATED_BY,TREATED_BY,true,1.000,استعملت برشام جينيرا,direct mention of treatment usage,groq,openai/gpt-oss-20b,dah_relation_validation_v1
rel_seed_e6e218d5301294ee,chunk_00315,ahd10k_03829,157271,ent_merge_000117,الحمل,DiseaseCondition,ent_merge_001005,رصد,Test,DIAGNOSED_BY,DIAGNOSED_BY,true,0.800,اعملي رصد للإباضة,Direct evidence of diagnosis,groq,llama-3.3-70b-versatile,dah_relation_validation_v1
rel_seed_b1625ba8646cfaf6,chunk_00315,ahd10k_03829,157271,ent_merge_000036,الاباضة,DiseaseCondition,ent_merge_001288,برشام جينيرا,Treatment,TREATED_BY,TREATED_BY,true,0.900,استعملت برشام جينيرا,Direct treatment mention,groq,llama-3.3-70b-versatile,dah_relation_validation_v1
rel_seed_ce021c1cf3d1306c,chunk_00315,ahd10k_03829,157271,ent_merge_000036,الاباضة,DiseaseCondition,ent_merge_001005,رصد,Test,DIAGNOSED_BY,DIAGNOSED_BY,true,1.000,اعملي رصد للإباضة,monitoring ovulation directly diagnoses ovulation,groq,openai/gpt-oss-20b,dah_relation_validation_v1
rel_seed_5bc31765764022c9,chunk_00315,ahd10k_04104,252231,ent_merge_000117,الحمل,DiseaseCondition,ent_merge_001005,رصد,Test,DIAGNOSED_BY,DIAGNOSED_BY,true,0.800,اعملي رصد للاباضة,Direct evidence of diagnosis,groq,llama-3.3-70b-versatile,dah_relation_validation_v1
rel_seed_b9b029067f822c87,chunk_00315,ahd10k_04104,252231,ent_merge_000117,الحمل,DiseaseCondition,ent_merge_001635,ميكروجينون,Treatment,TREATED_BY,TREATED_BY,true,0.900,ميكروجينون تؤخر الحمل,Direct treatment effect,groq,llama-3.3-70b-versatile,dah_relation_validation_v1
rel_seed_7fecb449f2cb1424,chunk_00315,ahd10k_04589,175970,ent_merge_000117,الحمل,DiseaseCondition,ent_merge_000993,تست,Test,DIAGNOSED_BY,DIAGNOSED_BY,true,0.950,تست بعد انقطاع الدورة,Direct evidence links the test to diagnosing pregnancy,groq,qwen/qwen3-32b,dah_relation_validation_v1
rel_seed_c8a09df7324a1d4b,chunk_00317,ahd10k_05368,319168,ent_merge_000117,الحمل,DiseaseCondition,ent_merge_001033,فحص الحمل,Test,DIAGNOSED_BY,DIAGNOSED_BY,true,0.950,لنتظري لعمل فحص حمل,الفحص الطبي المباشر المذكور يُستخدم لتشخيص الحمل كما في السياق,groq,qwen/qwen3-32b,dah_relation_validation_v1
rel_seed_3111db0ffd9a418d,chunk_00319,ahd10k_06678,162486,ent_merge_000117,الحمل,DiseaseCondition,ent_merge_000976,تحليل الحمل,Test,DIAGNOSED_BY,DIAGNOSED_BY,true,1.000,تحليل الحمل مذكور كوسيلة لتحديد ما إذا كانت الحالة حملًا أو دورة.,الدقة في ربط الاختبار بالحالة المرضية المذكورة.,groq,qwen/qwen3-32b,dah_relation_validation_v1
rel_seed_7391ce978a152efa,chunk_00320,ahd10k_06779,109269,ent_merge_000117,الحمل,DiseaseCondition,ent_merge_000617,الام,Symptom,HAS_SYMPTOM,HAS_SYMPTOM,true,0.950,آلام في عظام الحوض,Pregnancy (الحمل) directly causes pelvic pain (الام) as stated in evidence,groq,qwen/qwen3-32b,dah_relation_validation_v1
rel_seed_ca3f629adcdfac62,chunk_00320,ahd10k_06779,109269,ent_merge_000617,الام,Symptom,ent_merge_001594,مسكنات,Treatment,TREATED_BY,TREATED_BY,true,0.950,استعمال مسكنات خفيفة مثل البنادول,Direct treatment of symptom (الام) with painkillers (مسكنات) is explicitly stated,groq,qwen/qwen3-32b,dah_relation_validation_v1
rel_seed_59ad40bfb3e25815,chunk_00321,ahd10k_07352,51309,ent_merge_000117,الحمل,DiseaseCondition,ent_merge_001048,فحص دم,Test,DIAGNOSED_BY,DIAGNOSED_BY,true,0.950,فحص دم الرقمي للحمل explicitly mentioned in evidence,Direct diagnostic test for pregnancy,groq,qwen/qwen3-32b,dah_relation_validation_v1
rel_seed_34a274c7185c5952,chunk_00321,ahd10k_07352,51309,ent_merge_000117,الحمل,DiseaseCondition,ent_merge_001007,سونار,Test,DIAGNOSED_BY,DIAGNOSED_BY,true,0.950,سونار explicitly mentioned as diagnostic method,Ultrasound is standard pregnancy diagnostic,groq,qwen/qwen3-32b,dah_relation_validation_v1
rel_seed_ab4aa2056b01ea93,chunk_00321,ahd10k_07352,51309,ent_merge_000003,إجهاض,DiseaseCondition,ent_merge_001007,سونار,Test,DIAGNOSED_BY,DIAGNOSED_BY,true,1.000,افحصي سونار,Ultrasound is used to diagnose miscarriage,groq,openai/gpt-oss-20b,dah_relation_validation_v1
rel_seed_480013e11034def7,chunk_00322,ahd10k_07930,27126,ent_merge_000638,التوتر,Symptom,ent_merge_000946,الفحص,Test,INVESTIGATED_BY,INVESTIGATED_BY,true,1.000,"اشعر بالتوتر طوال الوقت, راجعي للفحص",The test is directly linked to investigating the cause of anxiety.,groq,qwen/qwen3-32b,dah_relation_validation_v1
rel_seed_a77ee8becbac5301,chunk_00322,ahd10k_08395,369406,ent_merge_000117,الحمل,DiseaseCondition,ent_merge_000946,الفحص,Test,DIAGNOSED_BY,DIAGNOSED_BY,true,1.000,"وجود حمل, انتظري وافحصي",The test is explicitly stated as confirming pregnancy.,groq,qwen/qwen3-32b,dah_relation_validation_v1
rel_seed_fd47be700e179951,chunk_00323,ahd10k_08918,633782,ent_merge_000117,الحمل,DiseaseCondition,ent_merge_001033,فحص الحمل,Test,DIAGNOSED_BY,DIAGNOSED_BY,true,0.950,في اي وقت استخدام فحص الحمل المنزلي لتااكد لوجود حمل,الاختبار المستخدم لتأكيد وجود الحمل يُعتبر تشخيصًا مباشرًا للحالة,groq,qwen/qwen3-32b,dah_relation_validation_v1
rel_seed_01831ceeb688a6e9,chunk_00324,ahd10k_09169,248206,ent_merge_000117,الحمل,DiseaseCondition,ent_merge_000605,افرضات مهبلية,Symptom,HAS_SYMPTOM,HAS_SYMPTOM,true,0.950,الحمل مذكور مع افراغات مهبلية كأعراض مباشرة,العلاقة مدعومة بذكر الحمل كسبب مباشر للأعراض المذكورة,groq,qwen/qwen3-32b,dah_relation_validation_v1
rel_seed_c990f12da92f1204,chunk_00324,ahd10k_09175,315400,ent_merge_000117,الحمل,DiseaseCondition,ent_merge_000623,آلام في البطن,Symptom,HAS_SYMPTOM,HAS_SYMPTOM,true,0.900,الحمل مذكور مع آلام البطن كأعراض مباشرة,العلاقة مدعومة بذكر الحمل كسبب مباشر للأعراض المذكورة,groq,qwen/qwen3-32b,dah_relation_validation_v1
rel_seed_27eaca0689282b03,chunk_00324,ahd10k_09248,700771,ent_merge_000117,الحمل,DiseaseCondition,ent_merge_000802,دوخة,Symptom,HAS_SYMPTOM,HAS_SYMPTOM,true,0.920,الحمل مذكور مع دوخة كأعراض مباشرة,العلاقة مدعومة بذكر الحمل كسبب مباشر للأعراض المذكورة,groq,qwen/qwen3-32b,dah_relation_validation_v1
rel_seed_d9a99a7f81ffbca9,chunk_00324,ahd10k_09248,700771,ent_merge_000117,الحمل,DiseaseCondition,ent_merge_000794,خوف,Symptom,HAS_SYMPTOM,HAS_SYMPTOM,true,0.880,الحمل مذكور مع خوف كأعراض مباشرة,العلاقة مدعومة بذكر الحمل كسبب مباشر للأعراض المذكورة,groq,qwen/qwen3-32b,dah_relation_validation_v1
rel_seed_5e30d7c437082055,chunk_00324,ahd10k_09248,700771,ent_merge_000481,كيس على المبيض,DiseaseCondition,ent_merge_000802,دوخة,Symptom,HAS_SYMPTOM,HAS_SYMPTOM,true,1.000,احساس بدوخة,direct evidence,groq,openai/gpt-oss-20b,dah_relation_validation_v1
rel_seed_0dd288e296021ca5,chunk_00326,ahd10k_00525,677146,ent_merge_000117,الحمل,DiseaseCondition,ent_merge_000822,سعال,Symptom,HAS_SYMPTOM,HAS_SYMPTOM,true,0.900,سعلة تؤثر ع حمل ب الأسابيع الأولى,Direct evidence of cough affecting pregnancy in first weeks,groq,qwen/qwen3-32b,dah_relation_validation_v1
rel_seed_90356420e6805284,chunk_00327,ahd10k_06860,77138,ent_merge_000117,الحمل,DiseaseCondition,ent_merge_001079,هرمون الحمل,Test,DIAGNOSED_BY,DIAGNOSED_BY,true,0.900,Pregnancy is directly diagnosed through pregnancy hormone testing,The evidence contextually supports hormone testing as a diagnostic method for pregnancy,groq,qwen/qwen3-32b,dah_relation_validation_v1
rel_seed_2b0758580c90339d,chunk_00329,ahd10k_06359,542560,ent_merge_000555,نمش,DiseaseCondition,ent_merge_001107,hydroqinon mono benzyl ether,Treatment,TREATED_BY,TREATED_BY,true,1.000,hydroqinon mono benzyl ether is explicitly stated as the most effective cream for freckles ('نمش').,Direct evidence supports treatment of 'نمش' with hydroqinon mono benzyl ether.,groq,qwen/qwen3-32b,dah_relation_validation_v1
rel_seed_be1ca6e287014b7c,chunk_00329,ahd10k_06359,542560,ent_merge_000555,نمش,DiseaseCondition,ent_merge_001503,فيتامين إي,Treatment,TREATED_BY,TREATED_BY,true,1.000,Vitamin E 400 is mentioned to prevent recurrence of freckles ('نمش').,Direct evidence supports treatment of 'نمش' with vitamin E.,groq,qwen/qwen3-32b,dah_relation_validation_v1
rel_seed_46e55a32e5190e42,chunk_00329,ahd10k_06359,542560,ent_merge_000478,كلف,DiseaseCondition,ent_merge_001107,hydroqinon mono benzyl ether,Treatment,TREATED_BY,TREATED_BY,true,1.000,hydroqinon mono benzyl ether is explicitly stated as the best cream for melasma ('كلف').,Direct evidence supports treatment of 'كلف' with hydroqinon mono benzyl ether.,groq,qwen/qwen3-32b,dah_relation_validation_v1
rel_seed_5e1b85b4bdb47c79,chunk_00329,ahd10k_06359,542560,ent_merge_000478,كلف,DiseaseCondition,ent_merge_001503,فيتامين إي,Treatment,TREATED_BY,TREATED_BY,true,0.950,استخدام فيتامين اي 400 حبة مرة واحدة يوميا يعزز احتمالية عدم رجوع النمش ويساعد في اختفاء الكلف,الدليل يربط مباشرة استخدام فيتامين إي بتحسين الكلف وتجنب عودة النمش,groq,qwen/qwen3-32b,dah_relation_validation_v1
rel_seed_80cf060cad5401f6,chunk_00331,ahd10k_03751,318632,ent_merge_000117,الحمل,DiseaseCondition,ent_merge_001582,مراقبة الحمل,Treatment,TREATED_BY,TREATED_BY,true,0.950,مراقبة الحمل كل اسبوعين,Pregnancy monitoring is explicitly mentioned as part of treatment during pregnancy,groq,qwen/qwen3-32b,dah_relation_validation_v1
rel_seed_1530884a67ba9d25,chunk_00332,ahd10k_00532,794016,ent_merge_000226,باسور,DiseaseCondition,ent_merge_001289,برهم,Treatment,TREATED_BY,TREATED_BY,true,0.900,بستعمل برهم,Direct evidence of treatment for الباسور,groq,qwen/qwen3-32b,dah_relation_validation_v1
rel_seed_e883b74f7eca42c2,chunk_00333,ahd10k_04737,792589,ent_merge_000150,الصدفية,DiseaseCondition,ent_merge_000776,حكة,Symptom,HAS_SYMPTOM,HAS_SYMPTOM,true,0.950,Question explicitly mentions itching as a symptom,Direct symptom mention in patient description,groq,qwen/qwen3-32b,dah_relation_validation_v1
rel_seed_0222950d5babc3d2,chunk_00333,ahd10k_04737,792589,ent_merge_000150,الصدفية,DiseaseCondition,ent_merge_000639,الجفاف,Symptom,HAS_SYMPTOM,HAS_SYMPTOM,true,0.950,Patient describes dry skin since birth,Clear symptom description in clinical context,groq,qwen/qwen3-32b,dah_relation_validation_v1
rel_seed_a4fd4be06e68afab,chunk_00333,ahd10k_04737,792589,ent_merge_000776,حكة,Symptom,ent_merge_001590,مرهم كورتيزوني,Treatment,TREATED_BY,TREATED_BY,true,0.900,Corticosteroid cream prescribed for itching,Direct treatment-symptom relationship stated,groq,qwen/qwen3-32b,dah_relation_validation_v1
rel_seed_af917872d0dbf621,chunk_00333,ahd10k_06399,803820,ent_merge_000495,متلازمة داون,DiseaseCondition,ent_merge_001035,فحص السائل السلوي,Test,DIAGNOSED_BY,DIAGNOSED_BY,true,0.950,الخضوع لفحص السائل السلوي للكشف عن متلازمة داون,النص يشير بشكل مباشر إلى استخدام فحص السائل السلوي للكشف عن متلازمة داون كخيار تشخيصي,groq,qwen/qwen3-32b,dah_relation_validation_v1
rel_seed_7177d7ae37aab67c,chunk_00334,ahd10k_07953,792136,ent_merge_000205,انحلال الدم,DiseaseCondition,ent_merge_001122,Rhogam,Treatment,TREATED_BY,TREATED_BY,true,0.950,الوقاية تكون باعطاء الام السلبية الريزوس ل Rhogam خلال 72 ساعة من الولادة,الاستخدام المباشر لـ Rhogam كوقاية لانحلال الدم يُعتبر معالجة,groq,qwen/qwen3-32b,dah_relation_validation_v1
rel_seed_b3a158be173c6861,chunk_00334,ahd10k_08067,725300,ent_merge_000495,متلازمة داون,DiseaseCondition,ent_merge_001048,فحص دم,Test,DIAGNOSED_BY,DIAGNOSED_BY,true,0.900,بعد فحص دمها قالو انها تحمل متلازمة داون,الكشف عن متلازمة داون عبر فحص الدم يُعتبر تشخيصًا مباشرًا,groq,qwen/qwen3-32b,dah_relation_validation_v1
rel_seed_10766dcd2919af74,chunk_00336,ahd10k_00815,793438,ent_merge_000847,ضيق تنفس,Symptom,ent_merge_001034,فحص الدم,Test,INVESTIGATED_BY,INVESTIGATED_BY,true,0.950,انصحك باجراء فحص لقوه الدم للتاكد من عدم وجود فقر دم لديك,Direct recommendation to investigate shortness of breath via blood test,groq,qwen/qwen3-32b,dah_relation_validation_v1
rel_seed_05ea6422f370a85d,chunk_00336,ahd10k_00815,793438,ent_merge_000448,فقر دم,DiseaseCondition,ent_merge_001034,فحص الدم,Test,DIAGNOSED_BY,DIAGNOSED_BY,true,0.950,انصحك باجراء فحص لقوه الدم للتاكد من عدم وجود فقر دم لديك,Blood test explicitly recommended for diagnosing anemia,groq,qwen/qwen3-32b,dah_relation_validation_v1
rel_seed_41ea31a40c1aa9fa,chunk_00337,ahd10k_01435,757190,ent_merge_000117,الحمل,DiseaseCondition,ent_merge_001392,دانزين,Treatment,TREATED_BY,TREATED_BY,true,1.000,علاج اسمه دانزين,Direct treatment mention in evidence,groq,qwen/qwen3-32b,dah_relation_validation_v1
rel_seed_1d29011c343397f4,chunk_00337,ahd10k_01435,757190,ent_merge_000117,الحمل,DiseaseCondition,ent_merge_001033,فحص الحمل,Test,DIAGNOSED_BY,DIAGNOSED_BY,true,1.000,اجرى فحص للحمل,Direct diagnostic test mention,groq,qwen/qwen3-32b,dah_relation_validation_v1
rel_seed_d9d27393f8fab8f3,chunk_00337,ahd10k_01903,600386,ent_merge_000117,الحمل,DiseaseCondition,ent_merge_000887,نزيف,Symptom,HAS_SYMPTOM,HAS_SYMPTOM,true,1.000,يزيد احتمالية النزيف,Direct symptom association,groq,qwen/qwen3-32b,dah_relation_validation_v1
rel_seed_1a8bce34bf4193af,chunk_00341,ahd10k_06386,625894,ent_merge_000117,الحمل,DiseaseCondition,ent_merge_001206,الراحة,Treatment,TREATED_BY,TREATED_BY,true,1.000,مع الراحة الكاملة,الراحة is explicitly recommended as treatment for الحمل,groq,qwen/qwen3-32b,dah_relation_validation_v1
rel_seed_e43b45fbf18d3835,chunk_00342,ahd10k_07086,589563,ent_merge_000117,الحمل,DiseaseCondition,ent_merge_000874,قلة اﻻكل,Symptom,HAS_SYMPTOM,HAS_SYMPTOM,true,0.950,اعاني من قلة اﻻكل,Directly states symptom of loss of appetite during pregnancy.,groq,qwen/qwen3-32b,dah_relation_validation_v1
rel_seed_7232149bc28396a0,chunk_00343,ahd10k_08473,723751,ent_merge_000117,الحمل,DiseaseCondition,ent_merge_000747,تمزق,Symptom,HAS_SYMPTOM,HAS_SYMPTOM,true,0.800,حصل لي تمزق في المنطقة,Direct mention of tear as pregnancy-related symptom,groq,qwen/qwen3-32b,dah_relation_validation_v1
rel_seed_e309e9a9070514c4,chunk_00343,ahd10k_09513,434968,ent_merge_000117,الحمل,DiseaseCondition,ent_merge_000919,Regular Ultrasound,Test,DIAGNOSED_BY,DIAGNOSED_BY,true,0.900,رحت اتاكد من سلامة الجنين ب Regular Ultrasound,Ultrasound explicitly used for pregnancy confirmation,groq,qwen/qwen3-32b,dah_relation_validation_v1
rel_seed_bc72a444ea1eec42,chunk_00344,ahd10k_09529,761400,ent_merge_000117,الحمل,DiseaseCondition,ent_merge_001079,هرمون الحمل,Test,DIAGNOSED_BY,DIAGNOSED_BY,true,0.950,فحص لنسبه هرمون الحمل بالدم,الاختبار المباشر لهرمون الحمل في الدم يُستخدم لتشخيص الحمل,groq,qwen/qwen3-32b,dah_relation_validation_v1
rel_seed_64140b11b967787d,chunk_00349,ahd10k_03627,791856,ent_merge_000033,اكتئاب,DiseaseCondition,ent_merge_001623,مهدئات,Treatment,TREATED_BY,TREATED_BY,true,0.950,لا بأس من استعمال بعض المهدئات,Direct evidence confirms sedatives are acceptable treatment for depression during pregnancy,groq,qwen/qwen3-32b,dah_relation_validation_v1
rel_seed_57bb4160a9a0c819,chunk_00350,ahd10k_03823,766766,ent_merge_000247,ترهل,DiseaseCondition,ent_merge_001434,سباحة,Treatment,TREATED_BY,TREATED_BY,true,0.900,خاصة السباحة او المشي,Directly stated as treatment for skin sagging,groq,qwen/qwen3-32b,dah_relation_validation_v1
rel_seed_880ed625c054982e,chunk_00350,ahd10k_03823,766766,ent_merge_000247,ترهل,DiseaseCondition,ent_merge_001598,مشي,Treatment,TREATED_BY,TREATED_BY,true,0.900,خاصة السباحة او المشي,Directly stated as treatment for skin sagging,groq,qwen/qwen3-32b,dah_relation_validation_v1
rel_seed_afd6037717d78aa3,chunk_00350,ahd10k_03823,766766,ent_merge_000377,زيادة الوزن,DiseaseCondition,ent_merge_001415,ريجيم,Treatment,TREATED_BY,TREATED_BY,true,0.850,وعدم زيادة الوزن من جديد بعد ترك الحمية,Diet explicitly mentioned as weight management solution,groq,qwen/qwen3-32b,dah_relation_validation_v1
rel_seed_cb1ff2a69cfcbb8c,chunk_00351,ahd10k_00907,767175,ent_merge_000367,دوالي الساقين,DiseaseCondition,ent_merge_001516,فينوروتون,Treatment,TREATED_BY,TREATED_BY,true,0.950,تناول علاج بسيط مثل فينوروتون,Direct treatment recommendation for varicose veins,groq,qwen/qwen3-32b,dah_relation_validation_v1
rel_seed_7fdd45b4d4f11d07,chunk_00351,ahd10k_00907,767175,ent_merge_000367,دوالي الساقين,DiseaseCondition,ent_merge_001226,العلاج بالليزر,Treatment,TREATED_BY,TREATED_BY,true,0.980,وافضل طريقة هي العلاج بالليزر,Explicitly stated as best treatment method,groq,qwen/qwen3-32b,dah_relation_validation_v1
rel_seed_5f4b0d8909b27ca3,chunk_00351,ahd10k_00907,767175,ent_merge_000367,دوالي الساقين,DiseaseCondition,ent_merge_000733,تضخم الأوردة السطحية,Symptom,HAS_SYMPTOM,HAS_SYMPTOM,true,1.000,دوالي الساقين : هي تضخم الأوردة السطحية,Direct definition of varicose veins as symptom,groq,qwen/qwen3-32b,dah_relation_validation_v1
rel_seed_b23e701b95052606,chunk_00351,ahd10k_00907,767175,ent_merge_000124,الدوالي,DiseaseCondition,ent_merge_001516,فينوروتون,Treatment,TREATED_BY,TREATED_BY,true,0.950,تناول علاج بسيط مثل فينوروتون,Direct treatment statement for الدوالي,groq,qwen/qwen3-32b,dah_relation_validation_v1
rel_seed_a2b846018a0af456,chunk_00351,ahd10k_00907,767175,ent_merge_000124,الدوالي,DiseaseCondition,ent_merge_001226,العلاج بالليزر,Treatment,TREATED_BY,TREATED_BY,true,0.980,وافضل طريقة هي العلاج بالليزر,Explicit recommendation for الدوالي treatment,groq,qwen/qwen3-32b,dah_relation_validation_v1
rel_seed_9313e475a098a53b,chunk_00351,ahd10k_00907,767175,ent_merge_000733,تضخم الأوردة السطحية,Symptom,ent_merge_001516,فينوروتون,Treatment,TREATED_BY,TREATED_BY,true,0.950,تناول علاج بسيط مثل فينوروتون,Direct treatment recommendation for the symptom,groq,qwen/qwen3-32b,dah_relation_validation_v1
rel_seed_db87eb181b999d7f,chunk_00351,ahd10k_00907,767175,ent_merge_000733,تضخم الأوردة السطحية,Symptom,ent_merge_001226,العلاج بالليزر,Treatment,TREATED_BY,TREATED_BY,true,0.980,وافضل طريقة هي العلاج بالليزر,Explicitly stated as the best treatment method,groq,qwen/qwen3-32b,dah_relation_validation_v1
rel_seed_6cc2bef31eef90a3,chunk_00353,ahd10k_05981,536161,ent_merge_000388,سعار,DiseaseCondition,ent_merge_001317,تطعيم,Treatment,TREATED_BY,TREATED_BY,true,0.800,اخذت لقاح Equirab 5ml,Rabies explicitly treated with vaccination,groq,qwen/qwen3-32b,dah_relation_validation_v1
rel_seed_608a5f36be4e7728,chunk_00353,ahd10k_05981,536161,ent_merge_000388,سعار,DiseaseCondition,ent_merge_001106,Equirab,Treatment,TREATED_BY,TREATED_BY,true,0.900,اخذت لقاح Equirab 5ml,Equirab is a rabies vaccine,groq,qwen/qwen3-32b,dah_relation_validation_v1
rel_seed_9f0575b26075a80a,chunk_00354,ahd10k_00010,686613,ent_merge_000157,العقم,DiseaseCondition,ent_merge_001174,الانابيب,Treatment,TREATED_BY,TREATED_BY,true,0.950,اللجوء للحقن المجهري,الحقن المجهري (الانابيب) مذكور كعلاج مباشر للعقم في النص,groq,qwen/qwen3-32b,dah_relation_validation_v1
rel_seed_16c8c584972df7e9,chunk_00356,ahd10k_06637,806250,ent_merge_000157,العقم,DiseaseCondition,ent_merge_001454,طفل الانابيب,Treatment,TREATED_BY,TREATED_BY,true,1.000,"العقم, طفل الانابيب",IVF (طفل الانابيب) is a direct treatment for infertility (العقم),groq,qwen/qwen3-32b,dah_relation_validation_v1
rel_seed_8ad842e4b8a9beea,chunk_00358,ahd10k_01379,570595,ent_merge_000052,البرود الجنسي,DiseaseCondition,ent_merge_001194,التوعية الجنسية,Treatment,TREATED_BY,TREATED_BY,true,0.950,قد يشمل علاج البرود الجنسي: -التوعية الجنسية,Direct treatment recommendation for the source condition in evidence,groq,qwen/qwen3-32b,dah_relation_validation_v1
rel_seed_74c5cd6b487c8e46,chunk_00360,ahd10k_01433,791835,ent_merge_000117,الحمل,DiseaseCondition,ent_merge_001034,فحص الدم,Test,DIAGNOSED_BY,DIAGNOSED_BY,true,0.900,Pregnancy and diabetes tests are explicitly mentioned (فحص الحمل والسكري),Blood test (فحص الدم) is directly linked to pregnancy diagnosis in the evidence,groq,qwen/qwen3-32b,dah_relation_validation_v1
rel_seed_3c09f520928b46ec,chunk_00361,ahd10k_02244,772601,ent_merge_000037,الاجهاض,DiseaseCondition,ent_merge_001230,الغرزه,Treatment,TREATED_BY,TREATED_BY,true,0.900,Cervical cerclage explicitly mentioned to prevent miscarriage,Direct evidence supports treatment relation,groq,qwen/qwen3-32b,dah_relation_validation_v1
rel_seed_d9bf1be144436f1a,chunk_00361,ahd10k_02244,772601,ent_merge_000117,الحمل,DiseaseCondition,ent_merge_001174,الانابيب,Treatment,TREATED_BY,TREATED_BY,true,0.950,انهت للتو عمل اطفال الانابيب,IVF directly mentioned as treatment for pregnancy,groq,qwen/qwen3-32b,dah_relation_validation_v1
rel_seed_e2a371a6016c3f53,chunk_00361,ahd10k_06474,780050,ent_merge_000264,تشوه خلقي,DiseaseCondition,ent_merge_000943,السونر,Test,DIAGNOSED_BY,DIAGNOSED_BY,true,0.980,السونر تبين تشوه خلقي في الجنين,Ultrasound directly diagnosed fetal malformation,groq,qwen/qwen3-32b,dah_relation_validation_v1
rel_seed_b0f98a137c5c71b2,chunk_00361,ahd10k_06474,780050,ent_merge_000113,الجنين المشوه,DiseaseCondition,ent_merge_000943,السونر,Test,DIAGNOSED_BY,DIAGNOSED_BY,true,0.950,زوجتي حامل دخلت في الشهر الرابع وعند مراجعة الطبيبة تبين من خلال السونر ان الجنين مشوه بوجود كيس من الرأس,السونر (الاختبار الطبي) كشف مباشرة عن التشوه الجنيني، مما يدعم العلاقة المباشرة بين التشخيص والاختبار.,groq,qwen/qwen3-32b,dah_relation_validation_v1
rel_seed_e6f9e722fc42718e,chunk_00362,ahd10k_05972,218383,ent_merge_000912,وزن,Symptom,ent_merge_001415,ريجيم,Treatment,TREATED_BY,TREATED_BY,true,0.800,انصحك باتباع نظام غذائي قليل السعرات,الريجيم مذكور كعلاج مباشر للوزن الزائد,groq,qwen/qwen3-32b,dah_relation_validation_v1
rel_seed_691f071cdfb0ff4f,chunk_00362,ahd10k_05972,218383,ent_merge_000912,وزن,Symptom,ent_merge_001642,نظام غذائي,Treatment,TREATED_BY,TREATED_BY,true,1.000,انصحك باتباع نظام غذائي قليل السعرات,direct treatment recommendation for weight,groq,openai/gpt-oss-20b,dah_relation_validation_v1
rel_seed_d236fd33f301097a,chunk_00365,ahd10k_03113,763904,ent_merge_000240,تخثر الدم,DiseaseCondition,ent_merge_001440,سنتروم,Treatment,TREATED_BY,TREATED_BY,true,0.950,تناولت اقراص.4 sintrom لتخثر الدم,Direct evidence of treatment for blood clotting with Sintrom,groq,qwen/qwen3-32b,dah_relation_validation_v1
rel_seed_17f734b5950c1e49,chunk_00366,ahd10k_03359,72463,ent_merge_000475,كسر,DiseaseCondition,ent_merge_001357,جراحة العظام,Treatment,TREATED_BY,TREATED_BY,true,0.950,"تم كسر في منطقة الكاحل, تخصص جراحه عظام",العلاقة مدعومة بشكل مباشر من خلال تخصص جراحة العظام في معالجة الكسور كما يظهر في السياق.,groq,qwen/qwen3-32b,dah_relation_validation_v1
rel_seed_38041b27595bfb90,chunk_00367,ahd10k_01096,494155,ent_merge_000117,الحمل,DiseaseCondition,ent_merge_001475,عمليه قيصريه,Treatment,TREATED_BY,TREATED_BY,true,0.950,المرأة ذكرت أنها أنجبت طفلين عبر عمليات قيصرية,العمليات القيصرية هي معالجة مباشرة للحمل، كما تأكيد من سياق المريض,groq,qwen/qwen3-32b,dah_relation_validation_v1
rel_seed_d6b5d37bb63ab690,chunk_00368,ahd10k_00832,763912,ent_merge_000366,دوالي الخصية,DiseaseCondition,ent_merge_001136,ازالة الدوالي,Treatment,TREATED_BY,TREATED_BY,true,0.950,ازالة الدوالي الموجوده على الخصيه اليسرى بعمليه جراحيه,Surgical removal directly treats varicocele,groq,qwen/qwen3-32b,dah_relation_validation_v1
rel_seed_e69fdc44fbba1f3d,chunk_00368,ahd10k_00832,763912,ent_merge_000366,دوالي الخصية,DiseaseCondition,ent_merge_000977,تحليل الحيوانات المنوية,Test,DIAGNOSED_BY,DIAGNOSED_BY,true,0.850,عملت تحليلات,Semen analysis is standard diagnostic test for varicocele,groq,qwen/qwen3-32b,dah_relation_validation_v1
rel_seed_a89273c9f49c3aa1,chunk_00368,ahd10k_00832,763912,ent_merge_000366,دوالي الخصية,DiseaseCondition,ent_merge_000771,حركة الحيوانات المنوية,Symptom,HAS_SYMPTOM,HAS_SYMPTOM,true,1.000,حركة الحيوانات المنويه لديك ضعيفه نسبيا,Evidence shows varicocele associated with low sperm motility,groq,openai/gpt-oss-20b,dah_relation_validation_v1
rel_seed_01978296e20d8545,chunk_00368,ahd10k_00832,763912,ent_merge_000771,حركة الحيوانات المنوية,Symptom,ent_merge_001136,ازالة الدوالي,Treatment,TREATED_BY,TREATED_BY,true,0.950,ازالة الدوالي الموجوده على الخصيه اليسرى بعمليه جراحيه,Surgical removal of varicocele is explicitly stated as treatment for the reported sperm motility issue,groq,qwen/qwen3-32b,dah_relation_validation_v1
rel_seed_1bd0e43f99ac1aff,chunk_00368,ahd10k_00832,763912,ent_merge_000771,حركة الحيوانات المنوية,Symptom,ent_merge_000977,تحليل الحيوانات المنوية,Test,INVESTIGATED_BY,INVESTIGATED_BY,true,0.900,عملت تحليلات,Sperm analysis test is directly linked to investigating the reported sperm motility symptom,groq,qwen/qwen3-32b,dah_relation_validation_v1
rel_seed_091cf9bded4bc43a,chunk_00369,ahd10k_00006,142735,ent_merge_000248,ترهل البطن,DiseaseCondition,ent_merge_001449,شد البطن,Treatment,TREATED_BY,TREATED_BY,true,0.950,ترهلات البطن غالبا تحتاج عملية شد للبطن,Directly stated treatment for abdominal laxity,groq,qwen/qwen3-32b,dah_relation_validation_v1
rel_seed_1e8cf9cbf572f85b,chunk_00369,ahd10k_04239,497892,ent_merge_000248,ترهل البطن,DiseaseCondition,ent_merge_001473,عمليه جراحيه,Treatment,TREATED_BY,TREATED_BY,true,0.980,فقط من خلال عمليه جراحيه,Surgery explicitly stated as required treatment,groq,qwen/qwen3-32b,dah_relation_validation_v1
rel_seed_9bbafe654022bb46,chunk_00369,ahd10k_07292,750060,ent_merge_000263,تشوه,DiseaseCondition,ent_merge_001473,عمليه جراحيه,Treatment,TREATED_BY,TREATED_BY,true,0.920,هل من الممكن عمليه تجميل,Cosmetic surgery implied as treatment option for deformity,groq,qwen/qwen3-32b,dah_relation_validation_v1
rel_seed_654b0dd815f417b7,chunk_00370,ahd10k_01271,112448,ent_merge_000232,بواسير,DiseaseCondition,ent_merge_001554,ليدوكين,Treatment,TREATED_BY,TREATED_BY,true,0.950,استخدام علاج lidocone gel ممتاز,Direct explicit mention of ليدوكين gel as effective treatment for hemorrhoids,groq,qwen/qwen3-32b,dah_relation_validation_v1
rel_seed_2f5153672710f3ef,chunk_00370,ahd10k_01271,112448,ent_merge_000232,بواسير,DiseaseCondition,ent_merge_001389,دافلون,Treatment,TREATED_BY,TREATED_BY,true,0.900,وايضا Daflon,Explicit co-mention of Daflon with ليدوكين gel as treatment for hemorrhoids,groq,qwen/qwen3-32b,dah_relation_validation_v1
rel_seed_c92e37a7f9bf352e,chunk_00371,ahd10k_03078,776711,ent_merge_000488,لحمية الرحم,DiseaseCondition,ent_merge_000886,نزف,Symptom,HAS_SYMPTOM,HAS_SYMPTOM,true,0.950,من اهم اعراض لحمية الرحم... النزف خاصة بعد المعاشرة الزوجية,Direct statement in Arabic evidence confirms endometriosis (لحمية الرحم) has bleeding (نزف) as a symptom,groq,qwen/qwen3-32b,dah_relation_validation_v1
rel_seed_1d5772105ed9a19d,chunk_00372,ahd10k_08645,752681,ent_merge_000117,الحمل,DiseaseCondition,ent_merge_001079,هرمون الحمل,Test,DIAGNOSED_BY,DIAGNOSED_BY,true,0.800,انصحك باجراء فحص لنسبه هرمون الحمل بالدم,The evidence directly links the blood test for pregnancy hormone to diagnosing pregnancy.,groq,qwen/qwen3-32b,dah_relation_validation_v1
rel_seed_c7b5afd8c91d8849,chunk_00372,ahd10k_09132,787951,ent_merge_000117,الحمل,DiseaseCondition,ent_merge_001079,هرمون الحمل,Test,DIAGNOSED_BY,DIAGNOSED_BY,true,0.850,انصحك باجراء فحص لنسبه هرمون الحمل بالدم ومن ثم مراجعه طبيبك النسائيه لفحصك بجهاز الموجات الفوق صوتيه للتاكد من وجود كيس حمل داخل الرحم,The evidence explicitly states the blood test for pregnancy hormone is part of confirming pregnancy diagnosis.,groq,qwen/qwen3-32b,dah_relation_validation_v1
rel_seed_ac804172306b71ff,chunk_00374,ahd10k_06655,776934,ent_merge_000213,انسداد الاقنية اللمفاوية,DiseaseCondition,ent_merge_001222,العلاج الجراحي,Treatment,TREATED_BY,TREATED_BY,true,0.800,العلاج الجراحي صعب,Directly mentioned as a treatment method for lymphatic obstruction,groq,qwen/qwen3-32b,dah_relation_validation_v1
rel_seed_f6c2b4f47bdfb1e5,chunk_00374,ahd10k_06655,776934,ent_merge_000213,انسداد الاقنية اللمفاوية,DiseaseCondition,ent_merge_001396,دليل التصريف الليمفاوي,Treatment,TREATED_BY,TREATED_BY,true,0.700,مثل تقنية تسمى دليل التصريف الليمفاوي,Explicitly referenced as a treatment technique,groq,qwen/qwen3-32b,dah_relation_validation_v1
rel_seed_156e3b62e0de3524,chunk_00376,ahd10k_06925,510324,ent_merge_000407,ضعف الحركة الأمامية,DiseaseCondition,ent_merge_001209,الرياضة,Treatment,TREATED_BY,TREATED_BY,true,0.950,ممارسة الرياضة اليومية,Direct treatment recommendation for the condition,groq,qwen/qwen3-32b,dah_relation_validation_v1
rel_seed_62db33eaefcb2570,chunk_00376,ahd10k_06925,510324,ent_merge_000407,ضعف الحركة الأمامية,DiseaseCondition,ent_merge_001190,التغذية المتوازنة,Treatment,TREATED_BY,TREATED_BY,true,0.950,التغذية المتوازنة,Direct treatment recommendation for the condition,groq,qwen/qwen3-32b,dah_relation_validation_v1
rel_seed_06367f1b691da575,chunk_00376,ahd10k_06925,510324,ent_merge_000117,الحمل,DiseaseCondition,ent_merge_000946,الفحص,Test,DIAGNOSED_BY,DIAGNOSED_BY,true,0.800,يعيد الفحص,الفحص مرتبط بشكل مباشر بتأكيد الحالة الطبية (الحمل),groq,qwen/qwen3-32b,dah_relation_validation_v1
rel_seed_d593b83cca8af228,chunk_00378,ahd10k_02408,776042,ent_merge_000117,الحمل,DiseaseCondition,ent_merge_001033,فحص الحمل,Test,DIAGNOSED_BY,DIAGNOSED_BY,true,1.000,لايمكن الجزم الا بعمل فحص الحمل بالدم,الاختبار المذكور (فحص الحمل بالدم) هو الطريقة الموصى بها لتأكيد التشخيص,groq,qwen/qwen3-32b,dah_relation_validation_v1
rel_seed_8f6fc38a9697a834,chunk_00378,ahd10k_02934,417405,ent_merge_000444,فطريات,DiseaseCondition,ent_merge_001547,كيتوكونازول,Treatment,TREATED_BY,TREATED_BY,true,1.000,استعمل الكيتوكونازول,العلاج المذكور (كيتوكونازول) هو العلاج المباشر الموصى به للحالة المرضية,groq,qwen/qwen3-32b,dah_relation_validation_v1
rel_seed_c3f446f004b6ebea,chunk_00379,ahd10k_06663,756291,ent_merge_000289,تكيس المبايض,DiseaseCondition,ent_merge_001024,فحص FSH,Test,DIAGNOSED_BY,DIAGNOSED_BY,true,0.800,النص يوصي بإجراء فحوصات هرمونية مثل FSH لتحديد الأسباب مثل تكيس المبايض,فحص FSH مرتبط مباشرة بتشخيص تكيس المبايض,groq,qwen/qwen3-32b,dah_relation_validation_v1
rel_seed_c0f9ff0fef4ec4c9,chunk_00380,ahd10k_09511,612153,ent_merge_000887,نزيف,Symptom,ent_merge_001562,مانع حمل,Treatment,TREATED_BY,TREATED_BY,true,0.900,الدكتورة أعطت مانع حمل لقطع الدم,العلاقة مباشرة بين النزيف كأعراض والعلاج الموصوف,groq,qwen/qwen3-32b,dah_relation_validation_v1
rel_seed_a17067fad058eecf,chunk_00383,ahd10k_00768,269025,ent_merge_000117,الحمل,DiseaseCondition,ent_merge_000887,نزيف,Symptom,HAS_SYMPTOM,HAS_SYMPTOM,true,0.950,حصل معي نزيف خلال الحمل في الأسبوع السادس,النزيف مذكور كحدث مباشر خلال الحمل في السؤال,groq,qwen/qwen3-32b,dah_relation_validation_v1
rel_seed_5ae563b358164f6e,chunk_00383,ahd10k_02401,778218,ent_merge_000392,سمنة الأرداف,DiseaseCondition,ent_merge_001341,تناول الفجل الأبيض,Treatment,TREATED_BY,TREATED_BY,true,0.850,يرى الباحثون أن تناول الفجل الأبيض أفضل طريقة للتخلص من سمنة الأرداف,العلاقة مدعومة ببيانات مباشرة عن توصية علاجية محددة,groq,qwen/qwen3-32b,dah_relation_validation_v1
rel_seed_2238e060948c3e26,chunk_00383,ahd10k_07039,778331,ent_merge_000392,سمنة الأرداف,DiseaseCondition,ent_merge_001341,تناول الفجل الأبيض,Treatment,TREATED_BY,TREATED_BY,true,0.850,يرى الباحثون أن تناول الفجل الأبيض أفضل طريقة للتخلص من سمنة الأرداف,العلاقة مدعومة ببيانات مباشرة عن توصية علاجية محددة,groq,qwen/qwen3-32b,dah_relation_validation_v1
rel_seed_e32edfa9ecfbe740,chunk_00385,ahd10k_03259,801919,ent_merge_000117,الحمل,DiseaseCondition,ent_merge_000887,نزيف,Symptom,HAS_SYMPTOM,HAS_SYMPTOM,true,0.950,نزول دم في الاسبوع14,Direct mention of bleeding during pregnancy,groq,qwen/qwen3-32b,dah_relation_validation_v1
rel_seed_0103020fd1438e22,chunk_00385,ahd10k_03259,801919,ent_merge_000117,الحمل,DiseaseCondition,ent_merge_000894,نقص ماء,Symptom,HAS_SYMPTOM,HAS_SYMPTOM,true,0.900,نقص ماء احد الاجنه دون المستوى الطبيعي,Direct mention of amniotic fluid deficiency in twin pregnancy,groq,qwen/qwen3-32b,dah_relation_validation_v1
rel_seed_dbff5018f48a48e4,chunk_00385,ahd10k_03259,801919,ent_merge_000117,الحمل,DiseaseCondition,ent_merge_001103,Deyamethasone,Treatment,TREATED_BY,TREATED_BY,true,0.850,اخذ ابر Deyamethasone 12 mg X Twice,Direct treatment recommendation for pregnancy complication,groq,qwen/qwen3-32b,dah_relation_validation_v1
rel_seed_93d63c31be3efe8e,chunk_00386,ahd10k_08505,786375,ent_merge_000188,الولادة,DiseaseCondition,ent_merge_001266,الولادة القيصرية,Treatment,TREATED_BY,TREATED_BY,true,1.000,تمت الولاده قيصريه,Evidence directly states delivery was caesarean,groq,openai/gpt-oss-20b,dah_relation_validation_v1
rel_seed_eec888d8948e9be8,chunk_00386,ahd10k_08662,792386,ent_merge_000117,الحمل,DiseaseCondition,ent_merge_000754,توسع عنق الرحم,Symptom,HAS_SYMPTOM,HAS_SYMPTOM,true,0.700,توسع عنق الرحم mentioned as related to الحمل,Symptom directly mentioned in context,groq,llama-3.3-70b-versatile,dah_relation_validation_v1
rel_seed_7b9c82a24a37306b,chunk_00386,ahd10k_08662,792386,ent_merge_000117,الحمل,DiseaseCondition,ent_merge_000985,تخطيط,Test,DIAGNOSED_BY,DIAGNOSED_BY,true,0.800,مراجعه طبيبها النسائيه لاجراء تخطيط,تخطيط directly linked to الحمل,groq,llama-3.3-70b-versatile,dah_relation_validation_v1
rel_seed_bf85a1640235409e,chunk_00386,ahd10k_08662,792386,ent_merge_000754,توسع عنق الرحم,Symptom,ent_merge_000985,تخطيط,Test,INVESTIGATED_BY,INVESTIGATED_BY,true,1.000,انصحكم بمراجعه طبيبها النسائيه لاجراء تخطيط للكشف عن وجود اي انقباضات رحميه وذلك لاجراء فحص داخلي لتقييم عنق الرحم,الدليل يشير إلى أن تخطيط (الاختبار) يستخدم للكشف عن انقباضات رحمية وتقييم عنق الرحم، مما يدعم العلاقة بين 'توسع عنق الرحم' كأعراض و'التحري' كاختبار.,groq,qwen/qwen3-32b,dah_relation_validation_v1
rel_seed_050ac34aa1097cf2,chunk_00391,ahd10k_06253,209947,ent_merge_000117,الحمل,DiseaseCondition,ent_merge_000735,تعب,Symptom,HAS_SYMPTOM,HAS_SYMPTOM,true,0.950,تقليل الشعور بالتعب,النص يشير إلى أن التعب هو حالة مرتبطة بالحمل كأعراض,groq,qwen/qwen3-32b,dah_relation_validation_v1
rel_seed_aa7a9093f044f85d,chunk_00391,ahd10k_06253,209947,ent_merge_000735,تعب,Symptom,ent_merge_001121,PREFERTIL,Treatment,TREATED_BY,TREATED_BY,true,0.900,"تقليل الشعور بالتعب, PREFERTIL هذا الدواء اعطته الدكتورة لزوجتي",النص يشير بشكل مباشر إلى أن PREFERTIL يُستخدم لتقليل التعب,groq,qwen/qwen3-32b,dah_relation_validation_v1
rel_seed_7d8fd87c358327b9,chunk_00393,ahd10k_02809,744725,ent_merge_000033,اكتئاب,DiseaseCondition,ent_merge_000706,برجله,Symptom,HAS_SYMPTOM,HAS_SYMPTOM,true,0.950,تشعر ببرجله بالجسم,Direct mention of symptom 'برجله' linked to 'اكتئاب' in evidence.,groq,qwen/qwen3-32b,dah_relation_validation_v1
rel_seed_0cc62ec489d2296f,chunk_00393,ahd10k_02809,744725,ent_merge_000033,اكتئاب,DiseaseCondition,ent_merge_000802,دوخة,Symptom,HAS_SYMPTOM,HAS_SYMPTOM,true,0.950,تشعر ببرجله بالجسم ودوخه,Direct mention of symptom 'دوخة' linked to 'اكتئاب' in evidence.,groq,qwen/qwen3-32b,dah_relation_validation_v1
rel_seed_de83db7208ff120d,chunk_00393,ahd10k_02809,744725,ent_merge_000033,اكتئاب,DiseaseCondition,ent_merge_001225,العلاج المعرفي والسلوكي,Treatment,TREATED_BY,TREATED_BY,true,0.950,العلاج المعرفي والسلوكي مذكور كجزء من العلاج للاكتئاب,النص يربط مباشرة بين الاكتئاب والعلاج المعرفي والسلوكي كجزء من العلاج,groq,qwen/qwen3-32b,dah_relation_validation_v1
rel_seed_5d3744003fc5ae40,chunk_00393,ahd10k_02809,744725,ent_merge_000802,دوخة,Symptom,ent_merge_001161,الاختلاج الكهربائي,Treatment,TREATED_BY,TREATED_BY,true,1.000,يفيدها الاختلاج الكهربائي مع مضادات الكابة الحديثة,Evidence directly links الاختلاج الكهربائي to دوخة,groq,openai/gpt-oss-20b,dah_relation_validation_v1
rel_seed_cbdf46b600b6f55a,chunk_00393,ahd10k_02809,744725,ent_merge_000802,دوخة,Symptom,ent_merge_001609,مضادات الكابة,Treatment,TREATED_BY,TREATED_BY,true,1.000,يفيدها الاختلاج الكهربائي مع مضادات الكابة الحديثة,Evidence directly links مضادات الكابة to دوخة,groq,openai/gpt-oss-20b,dah_relation_validation_v1
rel_seed_598c7c97849bf053,chunk_00393,ahd10k_02809,744725,ent_merge_000802,دوخة,Symptom,ent_merge_001225,العلاج المعرفي والسلوكي,Treatment,TREATED_BY,TREATED_BY,true,0.950,يفيدها العلاج المعرفي والسلوكي,Direct treatment statement for the symptom,groq,qwen/qwen3-32b,dah_relation_validation_v1
rel_seed_003eb63e25e4c152,chunk_00393,ahd10k_02809,744725,ent_merge_000830,صداع,Symptom,ent_merge_001225,العلاج المعرفي والسلوكي,Treatment,TREATED_BY,TREATED_BY,true,0.800,يفيدها الاختلاج الكهربائي مع مضادات الكابة الحديثة والعلاج المعرفي والسلوكي,Direct mention of treatment for symptom,groq,llama-3.3-70b-versatile,dah_relation_validation_v1
rel_seed_b8affd76d947db5b,chunk_00393,ahd10k_02809,744725,ent_merge_000845,ضيق,Symptom,ent_merge_001161,الاختلاج الكهربائي,Treatment,TREATED_BY,TREATED_BY,true,0.900,يفيدها الاختلاج الكهربائي,Specific treatment mentioned for symptom,groq,llama-3.3-70b-versatile,dah_relation_validation_v1
rel_seed_ccd3e89f4ffb1923,chunk_00393,ahd10k_02809,744725,ent_merge_000845,ضيق,Symptom,ent_merge_001609,مضادات الكابة,Treatment,TREATED_BY,TREATED_BY,true,0.800,يفيدها ... مضادات الكابة الحديثة,Mention of specific medication for symptom,groq,llama-3.3-70b-versatile,dah_relation_validation_v1
rel_seed_fa948337196115b5,chunk_00394,ahd10k_09296,794310,ent_merge_000030,اعاقة ذهنية,DiseaseCondition,ent_merge_001042,فحص الكروموسومات,Test,DIAGNOSED_BY,DIAGNOSED_BY,true,0.800,يمكن عمل فحص الكروموسومات لكل منكم,الفحص مرتبط مباشرة بالتشخيص الوراثي للإعاقة الذهنية كما في السياق,groq,qwen/qwen3-32b,dah_relation_validation_v1
rel_seed_df63525a87fd20d9,chunk_00397,ahd10k_06195,788413,ent_merge_000670,القلق,Symptom,ent_merge_001028,فحص TSH,Test,INVESTIGATED_BY,INVESTIGATED_BY,true,0.800,"مراجعه اخصائي نسائيه لاجراء الفحوصات الهرمونيه اللازمه ,مثل فحص FSH, LH, prolactin،TSH",القلق والتوتر يحتاج الى فحص TSH,groq,llama-3.3-70b-versatile,dah_relation_validation_v1
rel_seed_d1ddd462ac8d4d0d,chunk_00397,ahd10k_06195,788413,ent_merge_000670,القلق,Symptom,ent_merge_001044,فحص الموجات الفوق صوتيه,Test,INVESTIGATED_BY,INVESTIGATED_BY,true,0.800,اجراء فحص بجهاز الموجات الفوق صوتيه,القلق والتوتر يحتاج الى فحص الموجات الفوق صوتيه,groq,llama-3.3-70b-versatile,dah_relation_validation_v1
rel_seed_1b4d31ce11ebe5a9,chunk_00397,ahd10k_06195,788413,ent_merge_000234,تاخر الحمل,DiseaseCondition,ent_merge_001024,فحص FSH,Test,DIAGNOSED_BY,DIAGNOSED_BY,true,0.900,النص يوصي بإجراء فحص FSH كجزء من الفحوصات الهرمونية المطلوبة لتأخر الحمل,العلاقة مدعومة بشكل مباشر من النص,groq,qwen/qwen3-32b,dah_relation_validation_v1
rel_seed_eb6eb80b85ff2c32,chunk_00397,ahd10k_06195,788413,ent_merge_000234,تاخر الحمل,DiseaseCondition,ent_merge_001044,فحص الموجات الفوق صوتيه,Test,DIAGNOSED_BY,INVESTIGATED_BY,true,0.800,اجراء فحص بجهاز الموجات الفوق صوتيه,تاخر الحمل يحتاج الى فحص الموجات الفوق صوتيه,groq,llama-3.3-70b-versatile,dah_relation_validation_v1
rel_seed_21f28b76fc5a80ee,chunk_00397,ahd10k_06195,788413,ent_merge_000126,الدورة الشهرية,DiseaseCondition,ent_merge_000670,القلق,Symptom,HAS_SYMPTOM,HAS_SYMPTOM,true,1.000,القلق والتوتر مذكوران كسبب لعدم انتظام الدورة الشهرية,القلق مذكور كسبب مباشر لاضطراب الدورة الشهرية في السياق,groq,qwen/qwen3-32b,dah_relation_validation_v1
rel_seed_ed3a5c1365200e80,chunk_00397,ahd10k_06195,788413,ent_merge_000126,الدورة الشهرية,DiseaseCondition,ent_merge_001024,فحص FSH,Test,DIAGNOSED_BY,DIAGNOSED_BY,true,1.000,فحص FSH مذكور كفحص هرموني مطلوب,الدورة الشهرية غير المنتظمة تُشخص بالفحوصات الهرمونية المذكورة,groq,qwen/qwen3-32b,dah_relation_validation_v1
rel_seed_5f9522b35b48da51,chunk_00397,ahd10k_06195,788413,ent_merge_000126,الدورة الشهرية,DiseaseCondition,ent_merge_001026,فحص LH,Test,DIAGNOSED_BY,DIAGNOSED_BY,true,1.000,فحص LH مذكور كفحص هرموني مطلوب,الدورة الشهرية غير المنتظمة تُشخص بالفحوصات الهرمونية المذكورة,groq,qwen/qwen3-32b,dah_relation_validation_v1
rel_seed_b9881a223558c7d3,chunk_00397,ahd10k_06195,788413,ent_merge_000126,الدورة الشهرية,DiseaseCondition,ent_merge_001027,فحص prolactin,Test,DIAGNOSED_BY,DIAGNOSED_BY,true,1.000,فحص prolactin مذكور كفحص هرموني مطلوب,الدورة الشهرية غير المنتظمة تُشخص بالفحوصات الهرمونية المذكورة,groq,qwen/qwen3-32b,dah_relation_validation_v1
rel_seed_68a109a96a73c607,chunk_00397,ahd10k_06195,788413,ent_merge_000126,الدورة الشهرية,DiseaseCondition,ent_merge_001028,فحص TSH,Test,DIAGNOSED_BY,DIAGNOSED_BY,true,1.000,فحص TSH مذكور كفحص هرموني مطلوب,الدورة الشهرية غير المنتظمة تُشخص بالفحوصات الهرمونية المذكورة,groq,qwen/qwen3-32b,dah_relation_validation_v1
rel_seed_1296786241f2b98c,chunk_00397,ahd10k_06195,788413,ent_merge_000126,الدورة الشهرية,DiseaseCondition,ent_merge_001044,فحص الموجات الفوق صوتيه,Test,DIAGNOSED_BY,DIAGNOSED_BY,true,1.000,فحص الموجات الفوق صوتيه مذكور كفحص مطلوب,الدورة الشهرية غير المنتظمة تُشخص بالفحوصات المذكورة,groq,qwen/qwen3-32b,dah_relation_validation_v1
rel_seed_32054d11fc69c15c,chunk_00398,ahd10k_01250,737022,ent_merge_000564,هرمون الحليب,DiseaseCondition,ent_merge_000711,تأخر الدورة,Symptom,HAS_SYMPTOM,HAS_SYMPTOM,true,0.950,ارتفاع هرمون الحليب هل هو سبب تأخر الدورة,Direct causal link stated in evidence between prolactin elevation and delayed menstrual cycle,groq,qwen/qwen3-32b,dah_relation_validation_v1
rel_seed_ce89f30d51661b07,chunk_00398,ahd10k_01250,737022,ent_merge_000711,تأخر الدورة,Symptom,ent_merge_001580,مراجعة طبيب النسائية,Treatment,TREATED_BY,TREATED_BY,true,1.000,ننصح بمراجعة طبيب النسائية للكشف عن مُسبب هذا الارتفاع واتخاذ الاجراء العلاجي اللازم,Evidence recommends review as treatment for delayed cycle,groq,openai/gpt-oss-20b,dah_relation_validation_v1
rel_seed_eccfdd6296e5517b,chunk_00399,ahd10k_00652,759898,ent_merge_000046,الانفلونزا,DiseaseCondition,ent_merge_001551,لقاح الانفلونزا,Treatment,TREATED_BY,TREATED_BY,true,1.000,لقاح الانفلونزا,Direct disease-treatment pairing in evidence,groq,qwen/qwen3-32b,dah_relation_validation_v1
rel_seed_75857f3677eb2749,chunk_00399,ahd10k_09625,734010,ent_merge_000046,الانفلونزا,DiseaseCondition,ent_merge_001551,لقاح الانفلونزا,Treatment,TREATED_BY,TREATED_BY,true,1.000,مطعوم الانفلونزا,Direct disease-treatment pairing in evidence,groq,qwen/qwen3-32b,dah_relation_validation_v1
rel_seed_07ad6639df4e801c,chunk_00400,ahd10k_09397,785101,ent_merge_000117,الحمل,DiseaseCondition,ent_merge_001033,فحص الحمل,Test,DIAGNOSED_BY,DIAGNOSED_BY,true,1.000,انصحك باجراء فحص للحمل,النص يوصي مباشرة بإجراء فحص الحمل لتشخيص الحالة,groq,qwen/qwen3-32b,dah_relation_validation_v1
rel_seed_c73d72f87776e099,chunk_00402,ahd10k_01953,724053,ent_merge_000446,فقر الدم,DiseaseCondition,ent_merge_001259,المكملات الغذائية,Treatment,TREATED_BY,TREATED_BY,true,0.950,المكملات الغذائية للحديد,Direct evidence links iron supplements to treating anemia.,groq,qwen/qwen3-32b,dah_relation_validation_v1
rel_seed_ce47bfeb3f639850,chunk_00402,ahd10k_01953,724053,ent_merge_000446,فقر الدم,DiseaseCondition,ent_merge_001506,فيتامين ج,Treatment,TREATED_BY,TREATED_BY,true,0.900,فيتامين ج ليساعد على زيادة امتصاص الحديد,"Vitamin C aids iron absorption, indirectly treating anemia.",groq,qwen/qwen3-32b,dah_relation_validation_v1
rel_seed_ee5ae293aac7c1ae,chunk_00402,ahd10k_01953,724053,ent_merge_000543,نقص الحديد,DiseaseCondition,ent_merge_001259,المكملات الغذائية,Treatment,TREATED_BY,TREATED_BY,true,0.950,المكملات الغذائية للحديد,Direct evidence links iron supplements to treating iron deficiency.,groq,qwen/qwen3-32b,dah_relation_validation_v1
rel_seed_dbccfd470004d6bb,chunk_00402,ahd10k_01953,724053,ent_merge_000543,نقص الحديد,DiseaseCondition,ent_merge_001506,فيتامين ج,Treatment,TREATED_BY,TREATED_BY,true,0.900,فيتامين ج ليساعد على زيادة امتصاص الحديد,"Vitamin C aids iron absorption, indirectly treating iron deficiency.",groq,qwen/qwen3-32b,dah_relation_validation_v1
rel_seed_41d731e3ace8f81a,chunk_00404,ahd10k_00495,34961,ent_merge_000126,الدورة الشهرية,DiseaseCondition,ent_merge_001296,بريمولوت,Treatment,TREATED_BY,TREATED_BY,true,0.950,كيفية وقف نزيف الدورة الشهرية للضرورة بأربعة أيام فقط باستخدام بريمولوت,Direct evidence links Primolut to stopping menstrual bleeding.,groq,qwen/qwen3-32b,dah_relation_validation_v1
rel_seed_4c32c1f0ac7cab27,chunk_00404,ahd10k_02109,487287,ent_merge_000126,الدورة الشهرية,DiseaseCondition,ent_merge_001296,بريمولوت,Treatment,TREATED_BY,TREATED_BY,true,0.950,وصف الطبيب دواء بريمولوت لعلاج انقطاع الدورة الشهرية,Direct evidence links Primolut to treating menstrual irregularity.,groq,qwen/qwen3-32b,dah_relation_validation_v1
rel_seed_cb66bfd247324ba7,chunk_00406,ahd10k_05871,186684,ent_merge_000126,الدورة الشهرية,DiseaseCondition,ent_merge_000887,نزيف,Symptom,HAS_SYMPTOM,HAS_SYMPTOM,true,0.950,نزول دم خفيف وليس غزير,Direct mention of light bleeding as a symptom during the menstrual cycle.,groq,qwen/qwen3-32b,dah_relation_validation_v1
rel_seed_7497cdc67a0191ff,chunk_00406,ahd10k_06397,258603,ent_merge_000126,الدورة الشهرية,DiseaseCondition,ent_merge_000819,سخونة,Symptom,HAS_SYMPTOM,HAS_SYMPTOM,true,0.950,اشعر بسخونه فى جسدى,Direct mention of body heat as a symptom during the menstrual cycle.,groq,qwen/qwen3-32b,dah_relation_validation_v1
rel_seed_bed0e96cc2fea5a4,chunk_00406,ahd10k_06397,258603,ent_merge_000126,الدورة الشهرية,DiseaseCondition,ent_merge_000736,تعرق,Symptom,HAS_SYMPTOM,HAS_SYMPTOM,true,0.950,تعرق شديد اثناء الدورة الشهريه,Direct mention of heavy sweating as a symptom during the menstrual cycle.,groq,qwen/qwen3-32b,dah_relation_validation_v1
rel_seed_cd09248562ac72ec,chunk_00406,ahd10k_06680,500837,ent_merge_000126,الدورة الشهرية,DiseaseCondition,ent_merge_001389,دافلون,Treatment,TREATED_BY,TREATED_BY,true,0.950,خذي دافلون ٣ حبات في اليوم,Direct mention of Dafalgan as a treatment for menstrual flow.,groq,qwen/qwen3-32b,dah_relation_validation_v1
rel_seed_d7f5febc2073073e,chunk_00406,ahd10k_06859,733529,ent_merge_000126,الدورة الشهرية,DiseaseCondition,ent_merge_000887,نزيف,Symptom,HAS_SYMPTOM,HAS_SYMPTOM,true,0.800,حالة الهبو لانقطاع الطمث، لحدوث نزيف لها,Direct mention of symptom related to the condition,groq,llama-3.3-70b-versatile,dah_relation_validation_v1
rel_seed_235f0890c92ce049,chunk_00406,ahd10k_06859,733529,ent_merge_000887,نزيف,Symptom,ent_merge_001652,هرمونات,Treatment,TREATED_BY,TREATED_BY,true,0.700,من الممكن العوده للعلاجات الهرمونيه,Hormonal treatment is directly linked to the symptom,groq,llama-3.3-70b-versatile,dah_relation_validation_v1
rel_seed_11207ba4f95c39e4,chunk_00406,ahd10k_07153,248996,ent_merge_000126,الدورة الشهرية,DiseaseCondition,ent_merge_001177,الايبوبروفين,Treatment,TREATED_BY,TREATED_BY,true,0.900,هل ينصح بتناول الايبوبروفين,Ibuprofen is directly recommended for menstrual pain,groq,llama-3.3-70b-versatile,dah_relation_validation_v1
rel_seed_37b739207a000072,chunk_00408,ahd10k_08562,505581,ent_merge_000126,الدورة الشهرية,DiseaseCondition,ent_merge_000670,القلق,Symptom,HAS_SYMPTOM,HAS_SYMPTOM,true,0.950,القلق مذكور كسبب لعدم انتظام الدوره الشهريه,القلق مذكور كسبب مباشر للدورة الشهرية غير المنتظمة في السياق,groq,qwen/qwen3-32b,dah_relation_validation_v1
rel_seed_fcd497c56cedaca9,chunk_00408,ahd10k_08562,505581,ent_merge_000126,الدورة الشهرية,DiseaseCondition,ent_merge_001058,فحص هرموني,Test,DIAGNOSED_BY,DIAGNOSED_BY,true,0.900,النص يوصي بإجراء الفحوصات الهرمونيه لتحديد السبب,الاختبار الهرموني مذكور كوسيلة تشخيصية مباشرة للدورة الشهرية غير المنتظمة,groq,qwen/qwen3-32b,dah_relation_validation_v1
rel_seed_867478edb705c763,chunk_00409,ahd10k_01809,212355,ent_merge_000381,سرطان الثدي,DiseaseCondition,ent_merge_000679,ألم في الصدر,Symptom,HAS_SYMPTOM,HAS_SYMPTOM,true,0.900,أشعر بألم في صدري الأيسر,Direct symptom mention in evidence,groq,qwen/qwen3-32b,dah_relation_validation_v1
rel_seed_9724e27f4d9f203f,chunk_00409,ahd10k_01809,212355,ent_merge_000381,سرطان الثدي,DiseaseCondition,ent_merge_000757,ثقل,Symptom,HAS_SYMPTOM,HAS_SYMPTOM,true,0.900,بthقل,Direct symptom mention in evidence,groq,qwen/qwen3-32b,dah_relation_validation_v1
rel_seed_d1eb4015e9104e65,chunk_00409,ahd10k_01809,212355,ent_merge_000737,تغير في حجم الثدي,Symptom,ent_merge_001009,سونار على الثديين,Test,INVESTIGATED_BY,INVESTIGATED_BY,true,1.000,سونار على الثديين اذا كان العمر اقل من ٣٠ عام,Test directly investigates breast size change,groq,openai/gpt-oss-20b,dah_relation_validation_v1
rel_seed_71188ed70fb04e45,chunk_00412,ahd10k_06085,754522,ent_merge_000126,الدورة الشهرية,DiseaseCondition,ent_merge_001158,اكليل الجبل,Treatment,TREATED_BY,TREATED_BY,true,0.800,من الاعشاب التي قد تساعد على حل المشكلة وتنظيم الدورة الشهرية وهي طبعا لا تغني عن الدواء وعلاج السبب الاساسي,الاعشاب المذكورة تُستخدم كعلاج مساعد لتنظيم الدورة الشهرية حسب السياق,groq,qwen/qwen3-32b,dah_relation_validation_v1
rel_seed_3ab18b1cd9302578,chunk_00412,ahd10k_06085,754522,ent_merge_000126,الدورة الشهرية,DiseaseCondition,ent_merge_001261,الميرمية,Treatment,TREATED_BY,TREATED_BY,true,0.800,من الاعشاب التي قد تساعد على حل المشكلة وتنظيم الدورة الشهرية,الاعشاب المذكورة تُستخدم كعلاج مساعد لتنظيم الدورة الشهرية حسب السياق,groq,qwen/qwen3-32b,dah_relation_validation_v1
rel_seed_fecefde96d995e74,chunk_00412,ahd10k_06085,754522,ent_merge_000126,الدورة الشهرية,DiseaseCondition,ent_merge_001186,البقدونس,Treatment,TREATED_BY,TREATED_BY,true,0.800,من الاعشاب التي قد تساعد على حل المشكلة وتنظيم الدورة الشهرية,الاعشاب المذكورة تُستخدم كعلاج مساعد لتنظيم الدورة الشهرية حسب السياق,groq,qwen/qwen3-32b,dah_relation_validation_v1
rel_seed_caef570a0ae4bf63,chunk_00412,ahd10k_06085,754522,ent_merge_000126,الدورة الشهرية,DiseaseCondition,ent_merge_001380,حشيشة الملاك,Treatment,TREATED_BY,TREATED_BY,true,1.000,قد تساعد على حل المشكلة وتنظيم الدورة الشهرية,directly states herb may treat menstrual cycle,groq,openai/gpt-oss-20b,dah_relation_validation_v1
rel_seed_85757d8fa3fb9b2c,chunk_00412,ahd10k_06085,754522,ent_merge_000126,الدورة الشهرية,DiseaseCondition,ent_merge_001183,البردقوش,Treatment,TREATED_BY,TREATED_BY,true,1.000,قد تساعد على حل المشكلة وتنظيم الدورة الشهرية,directly states herb may treat menstrual cycle,groq,openai/gpt-oss-20b,dah_relation_validation_v1
rel_seed_039c30f5f8aca56f,chunk_00412,ahd10k_06085,754522,ent_merge_000126,الدورة الشهرية,DiseaseCondition,ent_merge_001233,القرفة,Treatment,TREATED_BY,TREATED_BY,true,1.000,قد تساعد على حل المشكلة وتنظيم الدورة الشهرية,directly states herb may treat menstrual cycle,groq,openai/gpt-oss-20b,dah_relation_validation_v1
rel_seed_d9a032e8681e9749,chunk_00413,ahd10k_03104,246061,ent_merge_000446,فقر الدم,DiseaseCondition,ent_merge_000735,تعب,Symptom,HAS_SYMPTOM,HAS_SYMPTOM,true,0.950,أشعر بتعب دائم,Direct mention of 'تعب دائم' as a symptom linked to 'فقر الدم'.,groq,qwen/qwen3-32b,dah_relation_validation_v1
rel_seed_d7f6d2e00e6dcb2e,chunk_00413,ahd10k_03104,246061,ent_merge_000446,فقر الدم,DiseaseCondition,ent_merge_000802,دوخة,Symptom,HAS_SYMPTOM,HAS_SYMPTOM,true,0.900,دوخة,Direct mention of 'دوخة' as a symptom linked to 'فقر الدم'.,groq,qwen/qwen3-32b,dah_relation_validation_v1
rel_seed_cb5911d8d8cf6f4e,chunk_00413,ahd10k_03104,246061,ent_merge_000446,فقر الدم,DiseaseCondition,ent_merge_001507,فيتامين د,Treatment,TREATED_BY,TREATED_BY,true,1.000,فيتامين د بتركيز ٥٠٠٠٠ وحدة اسبوعيا,مستند إلى تناول فيتامين د,groq,openai/gpt-oss-20b,dah_relation_validation_v1
rel_seed_e7b4f9ea5a524865,chunk_00413,ahd10k_03104,246061,ent_merge_000446,فقر الدم,DiseaseCondition,ent_merge_001377,حديد,Treatment,TREATED_BY,TREATED_BY,true,1.000,اقراص الحديد فيرومين مرتين يوميا,مستند إلى تناول الحديد,groq,openai/gpt-oss-20b,dah_relation_validation_v1
rel_seed_a26be484b085ed7a,chunk_00413,ahd10k_03104,246061,ent_merge_000352,داء الحثل العظمي,DiseaseCondition,ent_merge_000735,تعب,Symptom,HAS_SYMPTOM,HAS_SYMPTOM,true,0.950,أشعر بتعب دائم,Direct symptom mention in evidence,groq,qwen/qwen3-32b,dah_relation_validation_v1
rel_seed_44219a794f61e423,chunk_00413,ahd10k_03104,246061,ent_merge_000352,داء الحثل العظمي,DiseaseCondition,ent_merge_000802,دوخة,Symptom,HAS_SYMPTOM,HAS_SYMPTOM,true,0.950,دوخة,Direct symptom mention in evidence,groq,qwen/qwen3-32b,dah_relation_validation_v1
rel_seed_0e881d0ea3b2f211,chunk_00413,ahd10k_03104,246061,ent_merge_000352,داء الحثل العظمي,DiseaseCondition,ent_merge_000905,وانهاك,Symptom,HAS_SYMPTOM,HAS_SYMPTOM,true,0.850,أشعر بتعب دائم,Fatigue (تعب) and exhaustion (وانهاك) are semantically related symptoms,groq,qwen/qwen3-32b,dah_relation_validation_v1
rel_seed_4426f85635c3d687,chunk_00413,ahd10k_03104,246061,ent_merge_000352,داء الحثل العظمي,DiseaseCondition,ent_merge_001507,فيتامين د,Treatment,TREATED_BY,TREATED_BY,true,0.900,فيتامين د12.6,Vitamin D is a standard treatment for osteoporosis,groq,qwen/qwen3-32b,dah_relation_validation_v1
rel_seed_7442ee194e02fd59,chunk_00413,ahd10k_03104,246061,ent_merge_000735,تعب,Symptom,ent_merge_001507,فيتامين د,Treatment,TREATED_BY,TREATED_BY,true,0.950,فيتامين د بتركيز ٥٠٠٠٠ وحدة اسبوعيا,Direct treatment mentioned for تعب,groq,qwen/qwen3-32b,dah_relation_validation_v1
rel_seed_e75004872c1c57e3,chunk_00413,ahd10k_03104,246061,ent_merge_000735,تعب,Symptom,ent_merge_001377,حديد,Treatment,TREATED_BY,TREATED_BY,true,0.950,اقراص الحديد فيرومين مرتين يوميا,Direct treatment mentioned for تعب,groq,qwen/qwen3-32b,dah_relation_validation_v1
rel_seed_89aa016598978f37,chunk_00413,ahd10k_03104,246061,ent_merge_000905,وانهاك,Symptom,ent_merge_001507,فيتامين د,Treatment,TREATED_BY,TREATED_BY,true,0.950,فيتامين د بتركيز ٥ٰ٠٠٠٠ وحدة اسبوعيا,Direct treatment instruction for 'وانهاك' (anemia) with Vitamin D is explicitly stated.,groq,qwen/qwen3-32b,dah_relation_validation_v1
rel_seed_28d9dae0ac81fb5f,chunk_00413,ahd10k_03104,246061,ent_merge_000905,وانهاك,Symptom,ent_merge_001377,حديد,Treatment,TREATED_BY,TREATED_BY,true,0.950,اقراص الحديد فيرومين مرتين يوميا,Iron supplementation (Feromin) is explicitly prescribed for 'وانهاك' (anemia).,groq,qwen/qwen3-32b,dah_relation_validation_v1
rel_seed_8a7f8a3009901a2f,chunk_00415,ahd10k_03416,795620,ent_merge_000126,الدورة الشهرية,DiseaseCondition,ent_merge_000906,وجع,Symptom,HAS_SYMPTOM,HAS_SYMPTOM,true,0.950,هل يمكن ان تحس المرأة بوجع طفيف على مستوى الثدي أثناء الدورة الشرية,Direct evidence links menstrual cycle (source) to breast pain (symptom),groq,qwen/qwen3-32b,dah_relation_validation_v1
rel_seed_b166bdbbb73189ce,chunk_00415,ahd10k_03416,795620,ent_merge_000906,وجع,Symptom,ent_merge_001023,فحص,Test,INVESTIGATED_BY,INVESTIGATED_BY,true,0.900,لذلك اذا استمر الالم انصحك بمراجعه طبيبك للفحص,Direct evidence links pain (symptom) to medical examination (test),groq,qwen/qwen3-32b,dah_relation_validation_v1
rel_seed_296c4163dd55fc94,chunk_00417,ahd10k_00263,43892,ent_merge_000126,الدورة الشهرية,DiseaseCondition,ent_merge_000616,الألم,Symptom,HAS_SYMPTOM,HAS_SYMPTOM,true,0.950,زاد الألم مع الدورة الشهرية,Direct evidence links menstrual cycle to pain as symptom,groq,qwen/qwen3-32b,dah_relation_validation_v1
rel_seed_cf7dfc0c50d959ba,chunk_00417,ahd10k_00263,43892,ent_merge_000172,الكتلة,DiseaseCondition,ent_merge_001355,جراحة,Treatment,TREATED_BY,TREATED_BY,true,0.950,اعرضي نفسك علي جراح,Direct surgical recommendation for lump,groq,qwen/qwen3-32b,dah_relation_validation_v1
rel_seed_9966af4e85a69d4c,chunk_00418,ahd10k_02135,786469,ent_merge_000126,الدورة الشهرية,DiseaseCondition,ent_merge_000616,الألم,Symptom,HAS_SYMPTOM,HAS_SYMPTOM,true,0.950,ماسبب الالم المستمر في الرحم وتأخر الدوره 6 شهور؟,Direct symptom (pain) explicitly linked to menstrual cycle in the question,groq,qwen/qwen3-32b,dah_relation_validation_v1
rel_seed_2fa1772ebe6574da,chunk_00418,ahd10k_02135,786469,ent_merge_000126,الدورة الشهرية,DiseaseCondition,ent_merge_000942,السونار,Test,DIAGNOSED_BY,DIAGNOSED_BY,true,0.980,اجراء فحص بجهاز الموجات الفوق صوتيه (السونار) للمبايض لتشخيص سبب تاخر الدوره لديك,Ultrasound explicitly cited as diagnostic tool for menstrual delay,groq,qwen/qwen3-32b,dah_relation_validation_v1
rel_seed_2b4dc2191cbc4a80,chunk_00418,ahd10k_02135,786469,ent_merge_000289,تكيس المبايض,DiseaseCondition,ent_merge_000942,السونار,Test,DIAGNOSED_BY,DIAGNOSED_BY,true,1.000,السونار لتشخيص سبب تأخر الدورة,Ultrasound used to diagnose PCOS,groq,openai/gpt-oss-20b,dah_relation_validation_v1
rel_seed_20b410410dbf389a,chunk_00418,ahd10k_02135,786469,ent_merge_000616,الألم,Symptom,ent_merge_000942,السونار,Test,INVESTIGATED_BY,INVESTIGATED_BY,true,1.000,The evidence explicitly mentions ultrasound (السونار) for diagnosing ovarian causes of menstrual delay.,The ultrasound is directly linked to investigating the symptom (pain) and delayed period.,groq,qwen/qwen3-32b,dah_relation_validation_v1
rel_seed_7f53e94012cc4bb9,chunk_00419,ahd10k_09691,632242,ent_merge_000025,اضطراب الوسواس القهري,DiseaseCondition,ent_merge_000903,هلع,Symptom,HAS_SYMPTOM,HAS_SYMPTOM,true,0.950,هلع وخوف من المستقبل,Directly stated in evidence snippet,groq,qwen/qwen3-32b,dah_relation_validation_v1
rel_seed_8382e49ad4f8263f,chunk_00419,ahd10k_09691,632242,ent_merge_000025,اضطراب الوسواس القهري,DiseaseCondition,ent_merge_000794,خوف,Symptom,HAS_SYMPTOM,HAS_SYMPTOM,true,0.950,هلع وخوف من المستقبل,Directly stated in evidence snippet,groq,qwen/qwen3-32b,dah_relation_validation_v1
rel_seed_cac4f6133e33f906,chunk_00428,ahd10k_01381,800019,ent_merge_000126,الدورة الشهرية,DiseaseCondition,ent_merge_000712,تأخر الدورة الشهرية,Symptom,HAS_SYMPTOM,HAS_SYMPTOM,true,0.950,هل اختلاف الهرمونات لدى الانثى قد يسبب في توقف الدوره الشهريه او تأخرها,التأخر في الدورة الشهرية مذكور كأثر محتمل للهرمونات، مما يشير إلى أنه أعراض مرتبطة.,groq,qwen/qwen3-32b,dah_relation_validation_v1
rel_seed_4c304869693baf40,chunk_00428,ahd10k_09336,801465,ent_merge_000126,الدورة الشهرية,DiseaseCondition,ent_merge_000712,تأخر الدورة الشهرية,Symptom,HAS_SYMPTOM,HAS_SYMPTOM,true,0.900,انا فتاة ابلغ22 عندي خلل في الدورة الحيضية تغيب لمدة 6 اشهر,الخلل في الدورة الحيضية مذكور كحالة تؤدي إلى تأخير، مما يشير إلى وجود أعراض مرتبطة.,groq,qwen/qwen3-32b,dah_relation_validation_v1
rel_seed_a84bc9f305937561,chunk_00428,ahd10k_09336,801465,ent_merge_000126,الدورة الشهرية,DiseaseCondition,ent_merge_001058,فحص هرموني,Test,DIAGNOSED_BY,DIAGNOSED_BY,true,0.900,انصحك بمراجعه طبيبك النسائيه لاجراء الفحوصات الهرموتيه الازمه مثل(اف،اس،اتش +ال،اتش+تستسترون+),النص يوصي بإجراء فحوصات هرمونية لتشخيص خلل الدورة الشهرية.,groq,qwen/qwen3-32b,dah_relation_validation_v1
rel_seed_44e01f37e0f57929,chunk_00428,ahd10k_09336,801465,ent_merge_000712,تأخر الدورة الشهرية,Symptom,ent_merge_001058,فحص هرموني,Test,INVESTIGATED_BY,INVESTIGATED_BY,true,0.950,"النص يشير إلى أن الفحوصات الهرمونية (مثل FSH, LH, prolactin) وفحص الموجات فوق الصوتية للمبيضين موصى بها لتشخيص حالة تأخر الدورة الشهرية",العلاقة مدعومة مباشرة من النص الذي يوصي بإجراء فحوصات هرمونية لتشخيص تأخر الدورة الشهرية,groq,qwen/qwen3-32b,dah_relation_validation_v1
rel_seed_467e5400cf2ddde3,chunk_00429,ahd10k_00019,266907,ent_merge_000326,حساسية,DiseaseCondition,ent_merge_000776,حكة,Symptom,HAS_SYMPTOM,HAS_SYMPTOM,true,0.950,الحكة بكل انحاء جسمي,Direct symptom of allergy mentioned in evidence,groq,qwen/qwen3-32b,dah_relation_validation_v1
rel_seed_3af82358a5593d44,chunk_00429,ahd10k_00019,266907,ent_merge_000326,حساسية,DiseaseCondition,ent_merge_000918,RAST Test,Test,DIAGNOSED_BY,DIAGNOSED_BY,true,0.900,RAST Test,RAST Test is explicitly mentioned as diagnostic tool for allergy,groq,qwen/qwen3-32b,dah_relation_validation_v1
rel_seed_07d2dc176fe628db,chunk_00429,ahd10k_00043,377975,ent_merge_000326,حساسية,DiseaseCondition,ent_merge_001610,مضادات الهستامين,Treatment,TREATED_BY,TREATED_BY,true,0.950,مضادات الهستامين,Antihistamines are standard treatment for seasonal allergies,groq,qwen/qwen3-32b,dah_relation_validation_v1
rel_seed_a9df39e0756558c7,chunk_00430,ahd10k_01220,807374,ent_merge_000326,حساسية,DiseaseCondition,ent_merge_000776,حكة,Symptom,HAS_SYMPTOM,HAS_SYMPTOM,true,1.000,اشعر بحكه في سقف الحلق,The evidence directly states the symptom 'حكه' (itching) as experienced by the patient.,groq,qwen/qwen3-32b,dah_relation_validation_v1
rel_seed_466fc34b3f13bef8,chunk_00431,ahd10k_02030,801265,ent_merge_000326,حساسية,DiseaseCondition,ent_merge_001032,فحص الحساسية,Test,DIAGNOSED_BY,DIAGNOSED_BY,true,0.900,فحص الحساسية المتعددة,Direct diagnostic test mentioned in evidence for chronic nasal allergy,groq,qwen/qwen3-32b,dah_relation_validation_v1
rel_seed_9e69df7cbe35e593,chunk_00431,ahd10k_02417,370571,ent_merge_000326,حساسية,DiseaseCondition,ent_merge_001600,مضاد الهيستامين,Treatment,TREATED_BY,TREATED_BY,true,0.900,مضاد هيستامين,Specific treatment explicitly stated in evidence for seasonal allergy,groq,qwen/qwen3-32b,dah_relation_validation_v1
rel_seed_05c1c6353a5033d4,chunk_00432,ahd10k_03655,267731,ent_merge_000776,حكة,Symptom,ent_merge_001305,بيتاميثازون,Treatment,TREATED_BY,TREATED_BY,true,0.900,استخدمي بيتاميثازون,Direct treatment recommendation for حكة,groq,qwen/qwen3-32b,dah_relation_validation_v1
rel_seed_e8bd4e31a4803a33,chunk_00432,ahd10k_03673,331938,ent_merge_000013,ارتكاريا,DiseaseCondition,ent_merge_000776,حكة,Symptom,HAS_SYMPTOM,HAS_SYMPTOM,true,0.900,استيقظت بحكه في جسمي كله,Direct symptom manifestation of ارتكاريا,groq,qwen/qwen3-32b,dah_relation_validation_v1
rel_seed_552650b8f575ed4d,chunk_00433,ahd10k_04365,267070,ent_merge_000326,حساسية,DiseaseCondition,ent_merge_000822,سعال,Symptom,HAS_SYMPTOM,HAS_SYMPTOM,true,0.950,أعاني من حساسية في القصبة الهواءية ضد الأتربة و تنسب في سعال تكاد تنخلع روحي معه,Directly states the allergy causes coughing.,groq,qwen/qwen3-32b,dah_relation_validation_v1
rel_seed_61c8d0f5ba888d17,chunk_00433,ahd10k_04365,267070,ent_merge_000326,حساسية,DiseaseCondition,ent_merge_001600,مضاد الهيستامين,Treatment,TREATED_BY,TREATED_BY,true,0.950,مضاد هيستامين,Antihistamine explicitly recommended as treatment for the allergy.,groq,qwen/qwen3-32b,dah_relation_validation_v1
rel_seed_bd786ebbaf497dd3,chunk_00433,ahd10k_04634,368299,ent_merge_000326,حساسية,DiseaseCondition,ent_merge_000975,تحليل الحساسية,Test,DIAGNOSED_BY,DIAGNOSED_BY,true,0.900,ربما حساسية حليب بقر لابد من عمل تحليل حساسية الاطعمه,Food allergy test explicitly suggested for diagnosis.,groq,qwen/qwen3-32b,dah_relation_validation_v1
rel_seed_de5b2751ad18e40d,chunk_00433,ahd10k_05333,291539,ent_merge_000326,حساسية,DiseaseCondition,ent_merge_000975,تحليل الحساسية,Test,DIAGNOSED_BY,DIAGNOSED_BY,true,0.950,عمل تحاليل الحساسية الهوائية والغذائية لمعرفة نوع المهيج,Allergy test directly linked to diagnosing the condition.,groq,qwen/qwen3-32b,dah_relation_validation_v1
rel_seed_3d4e1954adb8ca55,chunk_00433,ahd10k_05333,291539,ent_merge_000371,ربو,DiseaseCondition,ent_merge_000975,تحليل الحساسية,Test,DIAGNOSED_BY,INVESTIGATED_BY,true,1.000,تحاليل الحساسية,التحليل يحقق في سبب الربو,groq,openai/gpt-oss-20b,dah_relation_validation_v1
rel_seed_4de0040282f7419c,chunk_00433,ahd10k_05425,381920,ent_merge_000326,حساسية,DiseaseCondition,ent_merge_000822,سعال,Symptom,HAS_SYMPTOM,HAS_SYMPTOM,true,0.950,اعاني من حساسية في الصدر... وسعال,Cough explicitly listed as symptom of allergy in patient statement,groq,qwen/qwen3-32b,dah_relation_validation_v1
rel_seed_7d595152a496e198,chunk_00434,ahd10k_05504,806874,ent_merge_000326,حساسية,DiseaseCondition,ent_merge_001515,فيكسوفينادين,Treatment,TREATED_BY,TREATED_BY,true,0.950,يمكنك استخدام فيكسوفينادين... للعلاج,الدواء مذكور مباشرة كجزء من خطة العلاج الموصى بها للحساسية.,groq,qwen/qwen3-32b,dah_relation_validation_v1
rel_seed_d402d06a41382b85,chunk_00435,ahd10k_06277,384423,ent_merge_000326,حساسية,DiseaseCondition,ent_merge_000776,حكة,Symptom,HAS_SYMPTOM,HAS_SYMPTOM,true,0.950,اعاني بحكة جلدية عند الكاحل ليلا,Direct symptom mention in allergy context,groq,qwen/qwen3-32b,dah_relation_validation_v1
rel_seed_2a4cd2cf41264177,chunk_00435,ahd10k_06277,384423,ent_merge_000326,حساسية,DiseaseCondition,ent_merge_000975,تحليل الحساسية,Test,DIAGNOSED_BY,DIAGNOSED_BY,true,0.900,تحتاج لفحص حساسية,Explicit diagnostic test recommendation,groq,qwen/qwen3-32b,dah_relation_validation_v1
rel_seed_4ba17a3aa11c99d6,chunk_00435,ahd10k_06281,371140,ent_merge_000326,حساسية,DiseaseCondition,ent_merge_000776,حكة,Symptom,HAS_SYMPTOM,HAS_SYMPTOM,true,0.950,الحساسية وحكة في كل أجزاء جسمي,Direct symptom-condition co-mention,groq,qwen/qwen3-32b,dah_relation_validation_v1
rel_seed_5945a05a77fe60aa,chunk_00435,ahd10k_06570,288628,ent_merge_000326,حساسية,DiseaseCondition,ent_merge_000975,تحليل الحساسية,Test,DIAGNOSED_BY,DIAGNOSED_BY,true,0.900,عمل فحوصات الحساسية للجو والاكل,Explicit diagnostic test recommendation,groq,qwen/qwen3-32b,dah_relation_validation_v1
rel_seed_6417ac0666f7c5e1,chunk_00436,ahd10k_06987,386552,ent_merge_000326,حساسية,DiseaseCondition,ent_merge_000776,حكة,Symptom,HAS_SYMPTOM,HAS_SYMPTOM,true,0.950,اعاني من حكه شديده جدا,Direct symptom statement for allergy condition,groq,qwen/qwen3-32b,dah_relation_validation_v1
rel_seed_0dcd74f0321221e5,chunk_00436,ahd10k_06987,386552,ent_merge_000326,حساسية,DiseaseCondition,ent_merge_001155,اكتومثرين,Treatment,TREATED_BY,TREATED_BY,true,0.900,جرب ووصف لي: اكتومثرين,Prescribed treatment for allergy condition,groq,qwen/qwen3-32b,dah_relation_validation_v1
rel_seed_8602b6b8d8651871,chunk_00437,ahd10k_07860,381225,ent_merge_000326,حساسية,DiseaseCondition,ent_merge_000776,حكة,Symptom,HAS_SYMPTOM,HAS_SYMPTOM,true,0.950,أعاني من ... حكة,Direct symptom mention in evidence,groq,qwen/qwen3-32b,dah_relation_validation_v1
rel_seed_9602403a6210d7ca,chunk_00437,ahd10k_07860,381225,ent_merge_000326,حساسية,DiseaseCondition,ent_merge_000975,تحليل الحساسية,Test,DIAGNOSED_BY,DIAGNOSED_BY,true,0.900,تحليل الحساسية قبل العلاج,Diagnostic test explicitly required for condition,groq,qwen/qwen3-32b,dah_relation_validation_v1
rel_seed_a6ddae9fb9328185,chunk_00437,ahd10k_07901,356794,ent_merge_000326,حساسية,DiseaseCondition,ent_merge_000776,حكة,Symptom,HAS_SYMPTOM,HAS_SYMPTOM,true,0.950,حكة شديده في العين,Direct symptom mention in evidence,groq,qwen/qwen3-32b,dah_relation_validation_v1
rel_seed_68d48c13744bebb6,chunk_00437,ahd10k_07901,356794,ent_merge_000326,حساسية,DiseaseCondition,ent_merge_001600,مضاد الهيستامين,Treatment,TREATED_BY,TREATED_BY,true,0.900,أدوية حساسية مثل مضادات الهيستامين,Treatment explicitly stated for condition,groq,qwen/qwen3-32b,dah_relation_validation_v1
rel_seed_7cfa8893f863b706,chunk_00437,ahd10k_08119,244174,ent_merge_000326,حساسية,DiseaseCondition,ent_merge_000776,حكة,Symptom,HAS_SYMPTOM,HAS_SYMPTOM,true,1.000,الام وهرش,"الـحكة مذكورة كـ""هرش"" في النص",groq,openai/gpt-oss-20b,dah_relation_validation_v1
rel_seed_b0467558d0cb83dc,chunk_00437,ahd10k_08119,244174,ent_merge_000326,حساسية,DiseaseCondition,ent_merge_000975,تحليل الحساسية,Test,DIAGNOSED_BY,DIAGNOSED_BY,true,0.800,تحليل الدم نسبه الحساسبه٢٢٥,Direct evidence of allergy diagnosis,groq,llama-3.3-70b-versatile,dah_relation_validation_v1
rel_seed_f9855dd07e0fbbd2,chunk_00437,ahd10k_08119,244174,ent_merge_000776,حكة,Symptom,ent_merge_000975,تحليل الحساسية,Test,INVESTIGATED_BY,INVESTIGATED_BY,true,0.700,تحليل الحساسية,Investigation of symptom through allergy test,groq,llama-3.3-70b-versatile,dah_relation_validation_v1
rel_seed_24e7e7b06e6f9bf9,chunk_00437,ahd10k_08440,268180,ent_merge_000326,حساسية,DiseaseCondition,ent_merge_000975,تحليل الحساسية,Test,DIAGNOSED_BY,DIAGNOSED_BY,true,0.900,تحليل الحساسه RAST and IgE,Direct diagnosis through specific allergy tests,groq,llama-3.3-70b-versatile,dah_relation_validation_v1
rel_seed_9eabe7e559f03473,chunk_00437,ahd10k_09048,384411,ent_merge_000326,حساسية,DiseaseCondition,ent_merge_000776,حكة,Symptom,HAS_SYMPTOM,HAS_SYMPTOM,true,0.600,حكة,Direct mention of symptom associated with condition,groq,llama-3.3-70b-versatile,dah_relation_validation_v1
rel_seed_1d169ac2671d1471,chunk_00437,ahd10k_09048,384411,ent_merge_000326,حساسية,DiseaseCondition,ent_merge_001600,مضاد الهيستامين,Treatment,TREATED_BY,TREATED_BY,true,0.950,صارلي اسبوعين اعاني من حساسيه وصفولي بيتاديرم خففها,Direct prescription of antihistamine (بيتاديرم) for allergy (حساسية) with reported efficacy,groq,qwen/qwen3-32b,dah_relation_validation_v1
rel_seed_5abcce8a29a06b13,chunk_00438,ahd10k_09466,400243,ent_merge_000326,حساسية,DiseaseCondition,ent_merge_000967,تحاليل مخبرية,Test,DIAGNOSED_BY,DIAGNOSED_BY,true,0.900,عمل تحاليل دم لمعرفة سبب ظهورها,Direct evidence links blood tests to diagnosing skin allergy,groq,qwen/qwen3-32b,dah_relation_validation_v1
rel_seed_c0d82dd7bf7abb5b,chunk_00438,ahd10k_09844,285348,ent_merge_000326,حساسية,DiseaseCondition,ent_merge_000967,تحاليل مخبرية,Test,DIAGNOSED_BY,DIAGNOSED_BY,true,1.000,اختبارات التحاليل اللازمة,Test used to diagnose حساسية,groq,openai/gpt-oss-20b,dah_relation_validation_v1
rel_seed_4b55d9eb5e2e2314,chunk_00439,ahd10k_02376,778066,ent_merge_000454,قذف سريع,DiseaseCondition,ent_merge_001096,Clomipramine,Treatment,TREATED_BY,TREATED_BY,true,0.950,و الدواء الأكثر استعمالا و فعالية هو Clomipramine,Directly stated as the most used and effective treatment,groq,qwen/qwen3-32b,dah_relation_validation_v1
rel_seed_1138dfe1da38216e,chunk_00439,ahd10k_02376,778066,ent_merge_000454,قذف سريع,DiseaseCondition,ent_merge_001591,مرهم مخدر,Treatment,TREATED_BY,TREATED_BY,true,0.900,استعمال الواقي الذكري أو مرهم مخدر,Explicitly mentioned as treatment options,groq,qwen/qwen3-32b,dah_relation_validation_v1
rel_seed_2af4d713a7946802,chunk_00439,ahd10k_03802,764456,ent_merge_000326,حساسية,DiseaseCondition,ent_merge_001032,فحص الحساسية,Test,DIAGNOSED_BY,DIAGNOSED_BY,true,0.980,من اجل علاج الحساسية لا بد من معرفة المسبب لها من خلال فحص الحساسية,Direct diagnostic requirement stated,groq,qwen/qwen3-32b,dah_relation_validation_v1
rel_seed_d1c31c67672dac56,chunk_00440,ahd10k_03907,471025,ent_merge_000326,حساسية,DiseaseCondition,ent_merge_000776,حكة,Symptom,HAS_SYMPTOM,HAS_SYMPTOM,true,0.950,في حال كانت النقط الحمراء حساسية فعلا فعادة يرافقها حكة وحرارة,الحساسية تُرافقها حكة مباشرة كما في النص,groq,qwen/qwen3-32b,dah_relation_validation_v1
rel_seed_eeda047ae10d430b,chunk_00441,ahd10k_00128,746851,ent_merge_000326,حساسية,DiseaseCondition,ent_merge_000822,سعال,Symptom,HAS_SYMPTOM,HAS_SYMPTOM,true,0.950,الاستعداد القوي للاصابة بالسعال,السعال مذكور كأعراض مباشراً مرتبط بحساسية,groq,qwen/qwen3-32b,dah_relation_validation_v1
rel_seed_0fa305275c9bb628,chunk_00441,ahd10k_00128,746851,ent_merge_000371,ربو,DiseaseCondition,ent_merge_000822,سعال,Symptom,HAS_SYMPTOM,HAS_SYMPTOM,true,0.950,الاستعداد القوي للاصابة بالسعال,السعال مذكور كأعراض مباشراً مرتبط بربو,groq,qwen/qwen3-32b,dah_relation_validation_v1
rel_seed_2350b1db65e53bef,chunk_00441,ahd10k_00813,650598,ent_merge_000326,حساسية,DiseaseCondition,ent_merge_000975,تحليل الحساسية,Test,DIAGNOSED_BY,DIAGNOSED_BY,true,0.850,نوع من أنواع الحساسية,تحليل الحساسية مذكور كوسيلة تشخيص مرتبط بحساسية,groq,qwen/qwen3-32b,dah_relation_validation_v1
rel_seed_56e4341d08fb4d66,chunk_00442,ahd10k_08361,720903,ent_merge_000326,حساسية,DiseaseCondition,ent_merge_000822,سعال,Symptom,HAS_SYMPTOM,HAS_SYMPTOM,true,0.950,تسبب سعال دائم خصوصا اثناء الليل,العلاقة HAS_SYMPTOM مدعومة مباشرةً بالدليل المذكور.,groq,qwen/qwen3-32b,dah_relation_validation_v1
rel_seed_7ee6e4b1c0a97f10,chunk_00442,ahd10k_09701,690410,ent_merge_000326,حساسية,DiseaseCondition,ent_merge_000822,سعال,Symptom,HAS_SYMPTOM,HAS_SYMPTOM,true,0.950,أسباب و علاج السعال الليلي... الحساسية الموسمية,العلاقة HAS_SYMPTOM مدعومة مباشرةً بالدليل المذكور.,groq,qwen/qwen3-32b,dah_relation_validation_v1
rel_seed_6a19266a600cd127,chunk_00443,ahd10k_01288,192376,ent_merge_000371,ربو,DiseaseCondition,ent_merge_000846,ضيق التنفس,Symptom,HAS_SYMPTOM,HAS_SYMPTOM,true,1.000,عندي حساسيه ربوي,Direct mention of asthma (ربو) with symptom of shortness of breath (ضيق التنفس) in context,groq,qwen/qwen3-32b,dah_relation_validation_v1
rel_seed_26149a8c35e6c44b,chunk_00443,ahd10k_01852,380076,ent_merge_000326,حساسية,DiseaseCondition,ent_merge_001467,علاج مناعي,Treatment,TREATED_BY,TREATED_BY,true,1.000,وجد علاج مناعي لهما,Explicit treatment of allergy (حساسية) with immunotherapy (علاج مناعي) stated in evidence,groq,qwen/qwen3-32b,dah_relation_validation_v1
rel_seed_1c9f39df7a4dd919,chunk_00444,ahd10k_07742,667017,ent_merge_000329,حساسية الصدر,DiseaseCondition,ent_merge_001284,بخاخات,Treatment,TREATED_BY,TREATED_BY,true,0.950,الابتعاد عن المسببات و البخاخات وادويه الحساسيه,البخاخات مذكورة كجزء من العلاج مباشرة في السياق,groq,qwen/qwen3-32b,dah_relation_validation_v1
rel_seed_7430c7b55adecd7f,chunk_00444,ahd10k_08559,585103,ent_merge_000329,حساسية الصدر,DiseaseCondition,ent_merge_000847,ضيق تنفس,Symptom,HAS_SYMPTOM,HAS_SYMPTOM,true,0.980,الحساسية الصدرية تؤدي الى ضيق نفس,ضيق التنفس مذكور كأعراض مباشرة للحساسية الصدرية,groq,qwen/qwen3-32b,dah_relation_validation_v1
rel_seed_053aa75805a528e5,chunk_00444,ahd10k_09240,398117,ent_merge_000329,حساسية الصدر,DiseaseCondition,ent_merge_000974,تحليل الجلد,Test,DIAGNOSED_BY,DIAGNOSED_BY,true,0.920,معرفة سبب الحساسيه للابتعاد عنها عن طريق اختبار الجلد,اختبار الجلد مذكور كوسيلة لتحديد سبب الحساسية,groq,qwen/qwen3-32b,dah_relation_validation_v1
rel_seed_115650e688c6bf55,chunk_00444,ahd10k_09249,725541,ent_merge_000329,حساسية الصدر,DiseaseCondition,ent_merge_001284,بخاخات,Treatment,TREATED_BY,TREATED_BY,true,0.940,اخذ لها موسع للشعب وبخاخ ودواء مذيب وطارد للبلغم,البخاخات مذكورة كجزء من العلاج مباشرة في السياق,groq,qwen/qwen3-32b,dah_relation_validation_v1
rel_seed_c8a0d770dc838428,chunk_00444,ahd10k_09750,147168,ent_merge_000329,حساسية الصدر,DiseaseCondition,ent_merge_001284,بخاخات,Treatment,TREATED_BY,TREATED_BY,true,0.930,يجب تناول علاج البخاخات,البخاخات مذكورة كجزء من العلاج مباشرة في السياق,groq,qwen/qwen3-32b,dah_relation_validation_v1
rel_seed_319487c03c4e11ee,chunk_00445,ahd10k_02640,178184,ent_merge_000326,حساسية,DiseaseCondition,ent_merge_001485,فكسودين,Treatment,TREATED_BY,TREATED_BY,true,1.000,أخذت علاجات الحساسيه مثل فكسودين,Directly mentioned in evidence,groq,qwen/qwen3-32b,dah_relation_validation_v1
rel_seed_f989c5abdfac8b19,chunk_00445,ahd10k_02640,178184,ent_merge_000326,حساسية,DiseaseCondition,ent_merge_001408,ديلور,Treatment,TREATED_BY,TREATED_BY,true,1.000,أخذت علاجات الحساسيه مثل فكسودين وديلور,Directly mentioned in evidence,groq,qwen/qwen3-32b,dah_relation_validation_v1
rel_seed_8fbc8fe81db09e40,chunk_00446,ahd10k_03935,428258,ent_merge_000326,حساسية,DiseaseCondition,ent_merge_000951,الفحوص المناسبة,Test,DIAGNOSED_BY,DIAGNOSED_BY,true,0.600,"هجمات الحساسية, إجراء الفحوص المناسبة",الحساسية مذكورة مع إجراء الفحوص المناسبة كجزء من التشخيص,groq,qwen/qwen3-32b,dah_relation_validation_v1
rel_seed_0bcbd06c0f3012fb,chunk_00447,ahd10k_05946,530429,ent_merge_000326,حساسية,DiseaseCondition,ent_merge_000785,خدوش,Symptom,HAS_SYMPTOM,HAS_SYMPTOM,true,0.950,ضهور خدوش على راس قضيب,Direct symptom manifestation mentioned in evidence,groq,qwen/qwen3-32b,dah_relation_validation_v1
rel_seed_8b6b36a787b78aee,chunk_00448,ahd10k_05785,443126,ent_merge_000331,حساسية مهبلية,DiseaseCondition,ent_merge_000776,حكة,Symptom,HAS_SYMPTOM,HAS_SYMPTOM,true,0.950,تأدي إلي الحكة الكيرة,Direct causal link stated between vaginal allergy and severe itching,groq,qwen/qwen3-32b,dah_relation_validation_v1
rel_seed_26dfad1a41c494ae,chunk_00448,ahd10k_05785,443126,ent_merge_000331,حساسية مهبلية,DiseaseCondition,ent_merge_001390,داكتاكورت,Treatment,TREATED_BY,TREATED_BY,true,0.980,استعملي كريم داكتاكورت,Explicit treatment recommendation for vaginal allergy,groq,qwen/qwen3-32b,dah_relation_validation_v1
rel_seed_d438584fe3d969bd,chunk_00449,ahd10k_01556,224321,ent_merge_000326,حساسية,DiseaseCondition,ent_merge_000871,قلق,Symptom,HAS_SYMPTOM,HAS_SYMPTOM,true,0.950,انا اعاني من قلق واكتئاب جراء حساسية في الوجه,Direct causal link stated between allergy (source) and anxiety (target),groq,qwen/qwen3-32b,dah_relation_validation_v1
rel_seed_670bc10d99513d80,chunk_00450,ahd10k_02764,624511,ent_merge_000326,حساسية,DiseaseCondition,ent_merge_000825,سيلان,Symptom,HAS_SYMPTOM,HAS_SYMPTOM,true,1.000,"حساسية الانف المزمنه, سيلان",Direct evidence links allergy to runny nose symptom,groq,qwen/qwen3-32b,dah_relation_validation_v1
rel_seed_94e610a2d371ddfc,chunk_00450,ahd10k_02764,624511,ent_merge_000326,حساسية,DiseaseCondition,ent_merge_000857,عطس,Symptom,HAS_SYMPTOM,HAS_SYMPTOM,true,1.000,"حساسية الانف المزمنه, عطاس",Direct evidence links allergy to sneezing symptom,groq,qwen/qwen3-32b,dah_relation_validation_v1
rel_seed_be0eeca4023446bc,chunk_00450,ahd10k_03155,806804,ent_merge_000326,حساسية,DiseaseCondition,ent_merge_000825,سيلان,Symptom,HAS_SYMPTOM,HAS_SYMPTOM,true,1.000,"حساسية فى الانف, سيلان",Direct evidence links allergy to runny nose symptom,groq,qwen/qwen3-32b,dah_relation_validation_v1
rel_seed_f07814df27f87906,chunk_00450,ahd10k_03155,806804,ent_merge_000326,حساسية,DiseaseCondition,ent_merge_001610,مضادات الهستامين,Treatment,TREATED_BY,TREATED_BY,true,1.000,"حساسية فى الانف, مضادات الهستامين",Direct evidence links allergy to antihistamine treatment,groq,qwen/qwen3-32b,dah_relation_validation_v1
rel_seed_dd4b375396264e39,chunk_00450,ahd10k_03565,707413,ent_merge_000326,حساسية,DiseaseCondition,ent_merge_000857,عطس,Symptom,HAS_SYMPTOM,HAS_SYMPTOM,true,1.000,"حساسية البرد, عطس",Direct evidence links allergy to sneezing symptom,groq,qwen/qwen3-32b,dah_relation_validation_v1
rel_seed_c03662dddd2d6097,chunk_00450,ahd10k_03672,391045,ent_merge_000326,حساسية,DiseaseCondition,ent_merge_001283,بخاخ انفي,Treatment,TREATED_BY,TREATED_BY,true,0.950,بخاخ انفي مضاد للحساسية,The evidence explicitly states an antihistamine nasal spray as treatment for the allergy.,groq,qwen/qwen3-32b,dah_relation_validation_v1
rel_seed_81f14a3a3ba3313c,chunk_00451,ahd10k_04696,170211,ent_merge_000326,حساسية,DiseaseCondition,ent_merge_000918,RAST Test,Test,DIAGNOSED_BY,DIAGNOSED_BY,true,1.000,مع عمل بعض الفحوصات بالدم لمعرفة المواد التي تسبب الحساسية. مثل. igg. igm. rast. test,RAST Test is explicitly mentioned as a diagnostic tool for identifying allergens in the context of allergies.,groq,qwen/qwen3-32b,dah_relation_validation_v1
rel_seed_337aad259eadafe1,chunk_00451,ahd10k_08445,516649,ent_merge_000326,حساسية,DiseaseCondition,ent_merge_000776,حكة,Symptom,HAS_SYMPTOM,HAS_SYMPTOM,true,1.000,تعد الحكة في الحلق أو في الأذن من الأعراض الأولى التي تدل على وجود تحسس,Itching in the throat and ears is directly cited as an early symptom of allergies.,groq,qwen/qwen3-32b,dah_relation_validation_v1
rel_seed_33d66ba48c365571,chunk_00453,ahd10k_01578,637222,ent_merge_000326,حساسية,DiseaseCondition,ent_merge_001610,مضادات الهستامين,Treatment,TREATED_BY,TREATED_BY,true,0.900,مضاد لحساسية الجلد,Antihistamines are standard allergy treatment; directly supported by evidence,groq,qwen/qwen3-32b,dah_relation_validation_v1
rel_seed_9721332ad875a038,chunk_00454,ahd10k_00844,559730,ent_merge_000326,حساسية,DiseaseCondition,ent_merge_000776,حكة,Symptom,HAS_SYMPTOM,HAS_SYMPTOM,true,0.000,رد فعل تحسسي ... قد تثير الحكة,itching is a symptom of allergy,groq,openai/gpt-oss-20b,dah_relation_validation_v1
rel_seed_f132c075cd6ba900,chunk_00454,ahd10k_00844,559730,ent_merge_000417,طفح جلدي,DiseaseCondition,ent_merge_000776,حكة,Symptom,HAS_SYMPTOM,HAS_SYMPTOM,true,0.000,الطفح الجلدي ... قد تثير الحكة,itching is a symptom of rash,groq,openai/gpt-oss-20b,dah_relation_validation_v1
rel_seed_505b8630fde520f7,chunk_00454,ahd10k_01813,552836,ent_merge_000326,حساسية,DiseaseCondition,ent_merge_000776,حكة,Symptom,HAS_SYMPTOM,HAS_SYMPTOM,true,1.000,حساسية حكة شديدة,Directly indicates حساسية has symptom حكة,groq,openai/gpt-oss-20b,dah_relation_validation_v1
rel_seed_f49fe2c360ef90de,chunk_00454,ahd10k_01813,552836,ent_merge_000326,حساسية,DiseaseCondition,ent_merge_001329,تل فاست,Treatment,TREATED_BY,TREATED_BY,true,0.800,تناول حبة تل فاست عيار 180 ملغ,Direct treatment mention for حساسية,groq,llama-3.3-70b-versatile,dah_relation_validation_v1
rel_seed_559327e8cc7f4c77,chunk_00454,ahd10k_01813,552836,ent_merge_000326,حساسية,DiseaseCondition,ent_merge_001423,زنك,Treatment,TREATED_BY,TREATED_BY,true,0.800,تناول حبة زنك عيار 50 ملغ,Direct treatment mention for حساسية,groq,llama-3.3-70b-versatile,dah_relation_validation_v1
rel_seed_2677935110f08a92,chunk_00454,ahd10k_01813,552836,ent_merge_000776,حكة,Symptom,ent_merge_001329,تل فاست,Treatment,TREATED_BY,TREATED_BY,true,0.800,تناول حبة تل فاست عيار 180 ملغ,Direct treatment mention for حكة,groq,llama-3.3-70b-versatile,dah_relation_validation_v1
rel_seed_0a366a937bc52f1c,chunk_00455,ahd10k_03419,756355,ent_merge_000056,البهاق,DiseaseCondition,ent_merge_000967,تحاليل مخبرية,Test,DIAGNOSED_BY,DIAGNOSED_BY,true,0.900,يتم تشخيص المرض من خلال... تحاليل الدم,التحاليل المخبرية مذكورة كوسيلة تشخيص مباشرة,groq,qwen/qwen3-32b,dah_relation_validation_v1
rel_seed_d486db7668e0f802,chunk_00455,ahd10k_03419,756355,ent_merge_000326,حساسية,DiseaseCondition,ent_merge_000967,تحاليل مخبرية,Test,DIAGNOSED_BY,DIAGNOSED_BY,true,0.950,يتم تشخيص المرض من خلال ... تحاليل الدم,Direct mention of blood tests (تحاليل الدم) as part of diagnostic process,groq,qwen/qwen3-32b,dah_relation_validation_v1
rel_seed_9304d8c0f9a0f7fa,chunk_00456,ahd10k_03813,459595,ent_merge_000326,حساسية,DiseaseCondition,ent_merge_001002,تيست,Test,DIAGNOSED_BY,DIAGNOSED_BY,true,0.950,يوجد تيست لمعرفة نوع الحساسية لدى أخصائي الحساسية,Direct evidence links allergy diagnosis to a test via specialist,groq,qwen/qwen3-32b,dah_relation_validation_v1
rel_seed_ad296f434bfce261,chunk_00456,ahd10k_05949,466772,ent_merge_000326,حساسية,DiseaseCondition,ent_merge_000776,حكة,Symptom,HAS_SYMPTOM,HAS_SYMPTOM,true,0.980,الحساسية المفرطة التي تظهر... تكون هنالك حكة شديدة في جميع الجسم,Clear symptom (itching) explicitly stated as manifestation of severe allergy,groq,qwen/qwen3-32b,dah_relation_validation_v1
rel_seed_886d95f84a5bfa17,chunk_00457,ahd10k_09148,441519,ent_merge_000326,حساسية,DiseaseCondition,ent_merge_001323,تقشير الجلد,Treatment,TREATED_BY,TREATED_BY,true,0.900,يمكن علاج سواد الجلد حول الأظافر... ويساهم تقشير الجلد في إزالة خلايا الجلد الميتة,Direct evidence links skin peeling to treating nail-related skin issues caused by allergies,groq,qwen/qwen3-32b,dah_relation_validation_v1
rel_seed_ebded38d6b161313,chunk_00457,ahd10k_09148,441519,ent_merge_000034,إكزيما,DiseaseCondition,ent_merge_001323,تقشير الجلد,Treatment,TREATED_BY,TREATED_BY,true,0.850,الالتهابات الفطرية مثل الأكزيما... يمكن علاجها عبر تقشير الجلد,Evidence explicitly connects eczema treatment with skin peeling,groq,qwen/qwen3-32b,dah_relation_validation_v1
rel_seed_c5662487cbaa259c,chunk_00457,ahd10k_09503,732308,ent_merge_000326,حساسية,DiseaseCondition,ent_merge_000776,حكة,Symptom,HAS_SYMPTOM,HAS_SYMPTOM,true,0.950,الحساسية في الجلد... تشمل الحكة كأعراض,Direct evidence links allergy to itching as a symptom,groq,qwen/qwen3-32b,dah_relation_validation_v1
rel_seed_09cd13831e099fe0,chunk_00459,ahd10k_05130,780755,ent_merge_000326,حساسية,DiseaseCondition,ent_merge_000846,ضيق التنفس,Symptom,HAS_SYMPTOM,HAS_SYMPTOM,true,0.950,اعراض ضيق التنفس,Direct symptom listed in evidence,groq,qwen/qwen3-32b,dah_relation_validation_v1
rel_seed_48c55a2d659dee51,chunk_00459,ahd10k_05130,780755,ent_merge_000326,حساسية,DiseaseCondition,ent_merge_000822,سعال,Symptom,HAS_SYMPTOM,HAS_SYMPTOM,true,0.950,اعراض ضيق التنفس وسعال,Symptom explicitly co-mentioned with condition,groq,qwen/qwen3-32b,dah_relation_validation_v1
rel_seed_5e32cf8e949352b1,chunk_00459,ahd10k_05130,780755,ent_merge_000846,ضيق التنفس,Symptom,ent_merge_001608,مضادات الحساسية,Treatment,TREATED_BY,TREATED_BY,true,0.950,يمكنك استخدام مضادات الحساسية,Direct treatment recommendation for source symptom,groq,qwen/qwen3-32b,dah_relation_validation_v1
rel_seed_f4a2cf7a90d19ede,chunk_00459,ahd10k_05130,780755,ent_merge_000846,ضيق التنفس,Symptom,ent_merge_000922,اختبار الحساسية,Test,INVESTIGATED_BY,INVESTIGATED_BY,true,0.950,اجرا اختبار الحساسية,Direct diagnostic test recommendation for source symptom,groq,qwen/qwen3-32b,dah_relation_validation_v1
rel_seed_62cddec1feafb3d1,chunk_00462,ahd10k_05422,733375,ent_merge_000326,حساسية,DiseaseCondition,ent_merge_000776,حكة,Symptom,HAS_SYMPTOM,HAS_SYMPTOM,true,0.900,ادوية الحساسية and حكة mentioned together,Allergy (حساسية) directly linked to حكة in evidence,groq,qwen/qwen3-32b,dah_relation_validation_v1
rel_seed_e1c163f4cf0ba115,chunk_00462,ahd10k_05422,733375,ent_merge_000311,جفاف البشرة,DiseaseCondition,ent_merge_000776,حكة,Symptom,HAS_SYMPTOM,HAS_SYMPTOM,true,0.900,جفاف شديد في بطن الايدي and حكة mentioned together,Dry skin (جفاف البشرة) directly linked to حكة in evidence,groq,qwen/qwen3-32b,dah_relation_validation_v1
rel_seed_4ab188d0873135f9,chunk_00463,ahd10k_00938,485748,ent_merge_000718,تحسس,Symptom,ent_merge_001537,كريمات,Treatment,TREATED_BY,TREATED_BY,true,0.950,يمكن علاجه بالكريمات,Direct treatment statement for symptom 'تحسس' with creams,groq,qwen/qwen3-32b,dah_relation_validation_v1
rel_seed_4285e53bf4f6cbaa,chunk_00463,ahd10k_00938,485748,ent_merge_000326,حساسية,DiseaseCondition,ent_merge_000718,تحسس,Symptom,HAS_SYMPTOM,HAS_SYMPTOM,true,0.980,قد ينتج تحسس في المنطقة نتيجة شد الشعر المستمر بالحلاوة,Clear symptom manifestation in disease 'حساسية',groq,qwen/qwen3-32b,dah_relation_validation_v1
rel_seed_4cafadf6f2100c67,chunk_00463,ahd10k_00938,485748,ent_merge_000326,حساسية,DiseaseCondition,ent_merge_001537,كريمات,Treatment,TREATED_BY,TREATED_BY,true,0.950,يمكن علاجه بالكريمات,Direct treatment statement for condition 'حساسية' with creams,groq,qwen/qwen3-32b,dah_relation_validation_v1
rel_seed_f27a4e2396225d17,chunk_00468,ahd10k_08678,155075,ent_merge_000326,حساسية,DiseaseCondition,ent_merge_000776,حكة,Symptom,HAS_SYMPTOM,HAS_SYMPTOM,true,0.950,السلام عليكم عندي طفح جلدي بيظهر بالليل وقت النوم بيخليني اهرش,Directly states the symptom (itching) caused by the rash linked to the allergy.,groq,qwen/qwen3-32b,dah_relation_validation_v1
rel_seed_a3de31b9bcd0e1f6,chunk_00469,ahd10k_00643,749760,ent_merge_000326,حساسية,DiseaseCondition,ent_merge_001282,بخاخ,Treatment,TREATED_BY,TREATED_BY,true,0.900,الحساسية تُعالج بأخذ جرعة من البخاخ,البخاخ مذكور كعلاج مباشر للحساسية,groq,qwen/qwen3-32b,dah_relation_validation_v1
rel_seed_1244728dac819d22,chunk_00469,ahd10k_00643,749760,ent_merge_000371,ربو,DiseaseCondition,ent_merge_001282,بخاخ,Treatment,TREATED_BY,TREATED_BY,true,0.900,الربو يُعالج بأخذ جرعة من البخاخ,البخاخ مذكور كعلاج مباشر للربو,groq,qwen/qwen3-32b,dah_relation_validation_v1
rel_seed_dd6236f8191b2eb7,chunk_00470,ahd10k_01055,73130,ent_merge_000326,حساسية,DiseaseCondition,ent_merge_001520,قطرة,Treatment,TREATED_BY,TREATED_BY,true,0.950,اخذ قطرة مرطبة للعين,Direct treatment of allergy with eye drops is explicitly mentioned.,groq,qwen/qwen3-32b,dah_relation_validation_v1
rel_seed_3b42a158291bdc7b,chunk_00470,ahd10k_01076,314326,ent_merge_000326,حساسية,DiseaseCondition,ent_merge_001520,قطرة,Treatment,TREATED_BY,TREATED_BY,true,0.950,راجع الطبيب سيلزمك قطرات للحساسية,Doctor explicitly prescribes eye drops for allergy treatment.,groq,qwen/qwen3-32b,dah_relation_validation_v1
rel_seed_eb273518b338c65d,chunk_00470,ahd10k_08558,280127,ent_merge_000326,حساسية,DiseaseCondition,ent_merge_001520,قطرة,Treatment,TREATED_BY,TREATED_BY,true,0.950,تحتاج للعلاج بقطرات وادوية للحساسيه,Treatment with drops and medication directly linked to the allergy.,groq,qwen/qwen3-32b,dah_relation_validation_v1
rel_seed_8de9e711c2dbf194,chunk_00472,ahd10k_03048,789452,ent_merge_000326,حساسية,DiseaseCondition,ent_merge_000847,ضيق تنفس,Symptom,HAS_SYMPTOM,HAS_SYMPTOM,true,1.000,تحسس يُسبب ضيق التنفس,العلاقة مدعومة مباشرة ببيان صريح في الأدلة,groq,qwen/qwen3-32b,dah_relation_validation_v1
rel_seed_c14646e0bf44057a,chunk_00472,ahd10k_03048,789452,ent_merge_000847,ضيق تنفس,Symptom,ent_merge_001051,فحص طبي,Test,INVESTIGATED_BY,INVESTIGATED_BY,true,1.000,ننصح باجراء فحص طبي للوقوف على تفاصيل أكثر,العلاقة مدعومة مباشرة بطلب التحقيق في الأعراض,groq,qwen/qwen3-32b,dah_relation_validation_v1
rel_seed_2dd3bfe6661cc7d8,chunk_00474,ahd10k_09669,445576,ent_merge_000326,حساسية,DiseaseCondition,ent_merge_000839,صليل,Symptom,HAS_SYMPTOM,HAS_SYMPTOM,true,0.950,اذا كنت تقصد بالصليل حساسية في الاسنان,Direct symptom-disease linkage in evidence,groq,qwen/qwen3-32b,dah_relation_validation_v1
rel_seed_687f5fff8661afd5,chunk_00474,ahd10k_09669,445576,ent_merge_000326,حساسية,DiseaseCondition,ent_merge_001616,معاجين تحوي على البروارجين,Treatment,TREATED_BY,TREATED_BY,true,0.900,وصف معاجين تحوي على البروارجين قد تكون مفيدة,Treatment explicitly mentioned for the disease,groq,qwen/qwen3-32b,dah_relation_validation_v1
rel_seed_dc0478020227c88e,chunk_00474,ahd10k_09669,445576,ent_merge_000204,انحسار,DiseaseCondition,ent_merge_001616,معاجين تحوي على البروارجين,Treatment,TREATED_BY,TREATED_BY,true,1.000,وصف معاجين تحوي على البروارجين قد تكون مفيدة,Evidence directly links the treatment to the condition,groq,openai/gpt-oss-20b,dah_relation_validation_v1
rel_seed_6ba75bd25291463e,chunk_00476,ahd10k_05482,407829,ent_merge_000500,مرارة,DiseaseCondition,ent_merge_001145,استئصال,Treatment,TREATED_BY,TREATED_BY,true,0.950,هل يوجد حل آخر للمرارة ماعدا الإستئصال,The evidence directly states gallbladder (مرارة) is treated by cholecystectomy (استئصال) as the standard treatment.,groq,qwen/qwen3-32b,dah_relation_validation_v1
rel_seed_f2d3433878b8c734,chunk_00476,ahd10k_05482,407829,ent_merge_000500,مرارة,DiseaseCondition,ent_merge_000691,ام,Symptom,HAS_SYMPTOM,HAS_SYMPTOM,true,1.000,المرارة تسبب الألم,Evidence states pain is a symptom of gallbladder,groq,openai/gpt-oss-20b,dah_relation_validation_v1
rel_seed_369b09f2acd90618,chunk_00476,ahd10k_05482,407829,ent_merge_000429,غدة درقية,DiseaseCondition,ent_merge_001145,استئصال,Treatment,TREATED_BY,TREATED_BY,true,0.950,فقد أجريت من قبل عملية استؤصلت بها الغدة الدرقية,Direct evidence of thyroidectomy (surgical removal) as treatment for thyroid condition.,groq,qwen/qwen3-32b,dah_relation_validation_v1
rel_seed_fd68a01650d4773e,chunk_00478,ahd10k_04699,775332,ent_merge_000326,حساسية,DiseaseCondition,ent_merge_000776,حكة,Symptom,HAS_SYMPTOM,HAS_SYMPTOM,true,0.900,"ادوية الحساسية, حكة",Direct symptom-treatment correlation in allergy context,groq,qwen/qwen3-32b,dah_relation_validation_v1
rel_seed_fb4b18a6c95e4020,chunk_00478,ahd10k_04699,775332,ent_merge_000326,حساسية,DiseaseCondition,ent_merge_001411,رواكيوتين,Treatment,TREATED_BY,TREATED_BY,true,0.850,رواكيوتين,Explicit treatment mentioned for allergy,groq,qwen/qwen3-32b,dah_relation_validation_v1
rel_seed_13f1df37de82e6af,chunk_00478,ahd10k_04699,775332,ent_merge_000311,جفاف البشرة,DiseaseCondition,ent_merge_000776,حكة,Symptom,HAS_SYMPTOM,HAS_SYMPTOM,true,0.800,"جسمي دائما جاف جدا, حكة",Dry skin explicitly linked to itching,groq,qwen/qwen3-32b,dah_relation_validation_v1
rel_seed_e62b072f6cf15a9f,chunk_00478,ahd10k_04699,775332,ent_merge_000311,جفاف البشرة,DiseaseCondition,ent_merge_001430,زيت اللوز,Treatment,TREATED_BY,TREATED_BY,true,0.900,زيت اللوز,Direct mention of almond oil as a treatment for dry skin in the evidence.,groq,qwen/qwen3-32b,dah_relation_validation_v1
rel_seed_e207fb497c39defe,chunk_00478,ahd10k_04699,775332,ent_merge_000311,جفاف البشرة,DiseaseCondition,ent_merge_001364,جلايسوليسيد,Treatment,TREATED_BY,TREATED_BY,true,0.700,جلايسوليسيد,"Co-occurrence of 'جلايسوليسيد' with dry skin in evidence, though specific treatment role is implied.",groq,qwen/qwen3-32b,dah_relation_validation_v1
rel_seed_ff0e24f573f7a60c,chunk_00481,ahd10k_01651,161533,ent_merge_000326,حساسية,DiseaseCondition,ent_merge_001589,مرهم فيوسيكورت,Treatment,TREATED_BY,TREATED_BY,true,0.950,الطبيب وصف لها مرهم فيوسيكورت,Direct prescription statement supports treatment relation,groq,qwen/qwen3-32b,dah_relation_validation_v1
rel_seed_1fc8748973895e2d,chunk_00482,ahd10k_02663,752229,ent_merge_000289,تكيس المبايض,DiseaseCondition,ent_merge_000774,حساسية الجلد,Symptom,HAS_SYMPTOM,HAS_SYMPTOM,true,0.900,النص يربط متلازمة تكيس المبيض بـ'تغيرات جلدية' كأعراض مباشرة.,النص يشير إلى أن تكيس المبيض يؤدي إلى تغيرات جلدية، مما يدعم علاقة 'يحتوي على أعراض' بين المرض والأعراض.,groq,qwen/qwen3-32b,dah_relation_validation_v1
rel_seed_76448a83c25e7142,chunk_00484,ahd10k_03229,274267,ent_merge_000327,حساسية الأسنان,DiseaseCondition,ent_merge_000676,ألم الأسنان,Symptom,HAS_SYMPTOM,HAS_SYMPTOM,true,0.950,تحسس الاسنان من الحلوى,Direct symptom of tooth sensitivity mentioned in evidence,groq,qwen/qwen3-32b,dah_relation_validation_v1
rel_seed_780cf4956804b75f,chunk_00484,ahd10k_03229,274267,ent_merge_000327,حساسية الأسنان,DiseaseCondition,ent_merge_001014,صورة بانورامية,Test,DIAGNOSED_BY,DIAGNOSED_BY,true,0.900,صورة بانورامية للفكين,Panoramic X-ray explicitly mentioned as diagnostic test,groq,qwen/qwen3-32b,dah_relation_validation_v1
rel_seed_de20d2238af69369,chunk_00484,ahd10k_03229,274267,ent_merge_000529,نخر الأسنان,DiseaseCondition,ent_merge_001014,صورة بانورامية,Test,DIAGNOSED_BY,DIAGNOSED_BY,true,0.850,صورة بانورامية للفكين,Panoramic X-ray is standard diagnostic test for dental caries,groq,qwen/qwen3-32b,dah_relation_validation_v1
rel_seed_99eeb14b7b8fa31d,chunk_00484,ahd10k_03229,274267,ent_merge_000676,ألم الأسنان,Symptom,ent_merge_001014,صورة بانورامية,Test,INVESTIGATED_BY,INVESTIGATED_BY,true,0.800,صورة بانورامية للفكين,Panoramic X-ray used to investigate tooth pain,groq,qwen/qwen3-32b,dah_relation_validation_v1
rel_seed_e94f3deca30ea721,chunk_00484,ahd10k_05477,268458,ent_merge_000327,حساسية الأسنان,DiseaseCondition,ent_merge_001488,فلورايد,Treatment,TREATED_BY,TREATED_BY,true,1.000,تخفيف حساسية الأسنان عند البالغين,Fluoride directly reduces tooth sensitivity,groq,openai/gpt-oss-20b,dah_relation_validation_v1
rel_seed_3671631695f0c35b,chunk_00484,ahd10k_07345,572434,ent_merge_000327,حساسية الأسنان,DiseaseCondition,ent_merge_000676,ألم الأسنان,Symptom,HAS_SYMPTOM,HAS_SYMPTOM,true,0.950,ألم عند الاكل,Direct symptom 'Pain when eating' is explicitly mentioned in evidence and aligns with 'Toothache' as a symptom of Dental Hypersensitivity.,groq,qwen/qwen3-32b,dah_relation_validation_v1
rel_seed_d6d2444686661631,chunk_00485,ahd10k_02738,806178,ent_merge_000326,حساسية,DiseaseCondition,ent_merge_000776,حكة,Symptom,HAS_SYMPTOM,HAS_SYMPTOM,true,0.950,سماط اي حكه اذا تاخرت عن التنظيف,Direct mention of 'حكة' as a symptom of allergy in evidence.,groq,qwen/qwen3-32b,dah_relation_validation_v1
rel_seed_a89cc73713168592,chunk_00485,ahd10k_02738,806178,ent_merge_000170,القولون العصبي,DiseaseCondition,ent_merge_001290,بروبيوتك,Treatment,TREATED_BY,TREATED_BY,true,1.000,شراء مكملات البروبيوتك أو البكتيريا النافعة التي تحسن من صحة الجهاز الهضمي وتنظم حركة الأمعاء,"Probiotics improve gut health and regulate bowel movements, directly treating IBS.",groq,openai/gpt-oss-20b,dah_relation_validation_v1
rel_seed_5dca630f851e0db2,chunk_00486,ahd10k_03182,787723,ent_merge_000326,حساسية,DiseaseCondition,ent_merge_000753,تورم,Symptom,HAS_SYMPTOM,HAS_SYMPTOM,true,0.950,ساقي قد ازداد إنتفاخ وتورم,Direct symptom description linked to allergy diagnosis,groq,qwen/qwen3-32b,dah_relation_validation_v1
rel_seed_b22a2a89e074c8fe,chunk_00486,ahd10k_03182,787723,ent_merge_000326,حساسية,DiseaseCondition,ent_merge_000696,انتفاخ,Symptom,HAS_SYMPTOM,HAS_SYMPTOM,true,0.950,ربما يكون حالة حساسية مع إنتفاخ,Symptom explicitly mentioned in diagnostic context,groq,qwen/qwen3-32b,dah_relation_validation_v1
rel_seed_85bd83c107e7160c,chunk_00488,ahd10k_07452,806506,ent_merge_000326,حساسية,DiseaseCondition,ent_merge_000603,إعاقة التنفس,Symptom,HAS_SYMPTOM,HAS_SYMPTOM,true,0.950,إعاقة التنفس,Direct symptom mentioned in evidence,groq,qwen/qwen3-32b,dah_relation_validation_v1
rel_seed_89bcd01e0310f447,chunk_00488,ahd10k_07452,806506,ent_merge_000603,إعاقة التنفس,Symptom,ent_merge_001143,استخراج ذبابة الانف,Treatment,TREATED_BY,TREATED_BY,true,0.850,يمكن استخراجها,Treatment directly mentioned for symptom,groq,qwen/qwen3-32b,dah_relation_validation_v1
rel_seed_335b0563d9aeb536,chunk_00489,ahd10k_07020,631968,ent_merge_000326,حساسية,DiseaseCondition,ent_merge_000776,حكة,Symptom,HAS_SYMPTOM,HAS_SYMPTOM,true,0.900,الحساسية تسبب حكة مثل لسع الحشرات,العلاقة مدعومة مباشرة بذكر الحكة كأعراض للحساسية,groq,qwen/qwen3-32b,dah_relation_validation_v1
rel_seed_b28fb3d608374227,chunk_00490,ahd10k_00761,797702,ent_merge_000326,حساسية,DiseaseCondition,ent_merge_001556,ماء الأوزون,Treatment,TREATED_BY,TREATED_BY,true,0.800,العلاج بماء الأزون,Directly mentioned treatment in evidence,groq,qwen/qwen3-32b,dah_relation_validation_v1
rel_seed_d240e3c1a87a7b01,chunk_00490,ahd10k_08365,760873,ent_merge_000326,حساسية,DiseaseCondition,ent_merge_000583,إحتقان في الأنف,Symptom,HAS_SYMPTOM,HAS_SYMPTOM,true,0.900,يحصل معي إحتقان في الأنف,Symptom explicitly listed in evidence,groq,qwen/qwen3-32b,dah_relation_validation_v1
rel_seed_0f67dd9604b8c18f,chunk_00490,ahd10k_08365,760873,ent_merge_000326,حساسية,DiseaseCondition,ent_merge_000837,صعوبة في التنفس,Symptom,HAS_SYMPTOM,HAS_SYMPTOM,true,0.900,أجد صعوبة في التنفس,Symptom explicitly listed in evidence,groq,qwen/qwen3-32b,dah_relation_validation_v1
rel_seed_6f47039a038397fb,chunk_00492,ahd10k_04606,796477,ent_merge_000320,حبوب شباب,DiseaseCondition,ent_merge_000776,حكة,Symptom,HAS_SYMPTOM,HAS_SYMPTOM,true,0.800,الحذر الشديد من حك حب الشباب,Evidence implies acne ('حبوب شباب') causes itching ('حكة').,groq,qwen/qwen3-32b,dah_relation_validation_v1
rel_seed_750cad609de941b3,chunk_00492,ahd10k_04606,796477,ent_merge_000320,حبوب شباب,DiseaseCondition,ent_merge_001601,مضاد حيوي,Treatment,TREATED_BY,TREATED_BY,true,0.900,الاستخدام المضادات الحيوية يؤدي للشفاء,النص يدعم مباشرة استخدام المضادات الحيوية كعلاج,groq,qwen/qwen3-32b,dah_relation_validation_v1
rel_seed_192decaf5a23ca13,chunk_00492,ahd10k_04606,796477,ent_merge_000320,حبوب شباب,DiseaseCondition,ent_merge_001403,دوكسيسايكلين,Treatment,TREATED_BY,TREATED_BY,true,0.000,دوكسيسايكلين عيار 100مغم,Evidence lists doxycycline as treatment for acne,groq,openai/gpt-oss-20b,dah_relation_validation_v1
rel_seed_8874fd1829ac6af0,chunk_00492,ahd10k_04606,796477,ent_merge_000320,حبوب شباب,DiseaseCondition,ent_merge_001411,رواكيوتين,Treatment,TREATED_BY,TREATED_BY,true,0.000,افضل دواء هو رواكيوتين 20مغم صباحا و10مغم مساء,Evidence lists Roaccutane as treatment for acne,groq,openai/gpt-oss-20b,dah_relation_validation_v1
rel_seed_aece1b82ac36bdf8,chunk_00492,ahd10k_04606,796477,ent_merge_000776,حكة,Symptom,ent_merge_001403,دوكسيسايكلين,Treatment,TREATED_BY,TREATED_BY,true,0.950,دوكسيسايكلين عيار 100مغم,Directly mentioned as treatment in evidence,groq,qwen/qwen3-32b,dah_relation_validation_v1
rel_seed_fcaa6f2a4567a83c,chunk_00492,ahd10k_04606,796477,ent_merge_000776,حكة,Symptom,ent_merge_001411,رواكيوتين,Treatment,TREATED_BY,TREATED_BY,true,0.950,رواكيوتين 20مغم صباحا و10مغم مساء,Explicit dosage regimen provided in evidence,groq,qwen/qwen3-32b,dah_relation_validation_v1
rel_seed_bec8e7a7ab2a0a29,chunk_00494,ahd10k_04754,729462,ent_merge_000326,حساسية,DiseaseCondition,ent_merge_000967,تحاليل مخبرية,Test,DIAGNOSED_BY,DIAGNOSED_BY,true,0.950,بعد التحليل ظهر ان نسبة التحسس بالدم عالية,التحاليل المخبرية أظهرت نسبة تحسس عالية في الدم، مما يؤكد تشخيص الحساسية.,groq,qwen/qwen3-32b,dah_relation_validation_v1
rel_seed_17f12ae6ab565282,chunk_00495,ahd10k_03070,805138,ent_merge_000496,متلازمة عدم الحساسية للأندروجين الكاملة,DiseaseCondition,ent_merge_001649,هرمون الإستروجين,Treatment,TREATED_BY,TREATED_BY,true,0.950,فيجب البدء بتناول هرمون الإستروجين بعد البلوغ,Direct evidence in text explicitly states estrogen treatment for complete androgen insensitivity syndrome,groq,qwen/qwen3-32b,dah_relation_validation_v1
rel_seed_baf5af9f9933aab3,chunk_00495,ahd10k_03070,805138,ent_merge_000498,متلازمة نقص الحساسية الجزئي للأندروجين,DiseaseCondition,ent_merge_001651,هرمون التستوستيرون,Treatment,TREATED_BY,TREATED_BY,true,1.000,فيجب البدء بتناول هرمون التستوستيرون,Direct treatment recommendation in evidence,groq,qwen/qwen3-32b,dah_relation_validation_v1
rel_seed_3df65074da67032d,chunk_00495,ahd10k_03070,805138,ent_merge_000498,متلازمة نقص الحساسية الجزئي للأندروجين,DiseaseCondition,ent_merge_001134,إزالة الأعضاء الذكرية,Treatment,TREATED_BY,TREATED_BY,true,1.000,فيجب إزالة الأعضاء الذكرية جراحياً,Direct surgical intervention stated in evidence,groq,qwen/qwen3-32b,dah_relation_validation_v1
rel_seed_87085398e8572529,chunk_00496,ahd10k_00961,384811,ent_merge_000326,حساسية,DiseaseCondition,ent_merge_000708,بقع حمراء,Symptom,HAS_SYMPTOM,HAS_SYMPTOM,true,0.950,بقع حمراء على كامل الجسم,Direct symptom mentioned in evidence,groq,qwen/qwen3-32b,dah_relation_validation_v1
rel_seed_1091dfee3a13a369,chunk_00496,ahd10k_00961,384811,ent_merge_000326,حساسية,DiseaseCondition,ent_merge_000781,حمة,Symptom,HAS_SYMPTOM,HAS_SYMPTOM,true,0.950,حمى مرتفعة,Direct symptom mentioned in evidence,groq,qwen/qwen3-32b,dah_relation_validation_v1
rel_seed_a2ae57a7a1f0df8e,chunk_00496,ahd10k_00961,384811,ent_merge_000781,حمة,Symptom,ent_merge_001128,إبرة انقاذ الحياة,Treatment,TREATED_BY,TREATED_BY,true,0.950,"حمى مرتفعة, إبرة انقاذ الحياة",Direct treatment of high fever with life-saving injection is explicitly mentioned.,groq,qwen/qwen3-32b,dah_relation_validation_v1
rel_seed_7819999384ff38a6,chunk_00496,ahd10k_00961,384811,ent_merge_000847,ضيق تنفس,Symptom,ent_merge_001128,إبرة انقاذ الحياة,Treatment,TREATED_BY,TREATED_BY,true,1.000,"ضيق في التنفس, إبرة انقاذ الحياة",Direct treatment relation explicitly stated in evidence,groq,qwen/qwen3-32b,dah_relation_validation_v1
rel_seed_a9758d23b68e3dc1,chunk_00496,ahd10k_00961,384811,ent_merge_000696,انتفاخ,Symptom,ent_merge_001128,إبرة انقاذ الحياة,Treatment,TREATED_BY,TREATED_BY,true,1.000,"انتفاخ عام, إبرة انقاذ الحياة",Direct treatment relation explicitly stated in evidence,groq,qwen/qwen3-32b,dah_relation_validation_v1
rel_seed_529984ef799c4be4,chunk_00497,ahd10k_05548,806708,ent_merge_000830,صداع,Symptom,ent_merge_001455,عرق السوس,Treatment,TREATED_BY,TREATED_BY,true,0.800,Licorice contains analgesic compounds for mild-moderate pain including headaches,Direct evidence supports licorice as treatment for headaches,groq,qwen/qwen3-32b,dah_relation_validation_v1
rel_seed_17be513b39388de9,chunk_00499,ahd10k_00669,157472,ent_merge_000326,حساسية,DiseaseCondition,ent_merge_001285,بخاخة,Treatment,TREATED_BY,TREATED_BY,true,0.950,بتاخد لها بخاخه,Direct evidence of inhaler use for allergy treatment,groq,qwen/qwen3-32b,dah_relation_validation_v1
rel_seed_38cdc31c0782c317,chunk_00499,ahd10k_03921,766574,ent_merge_000371,ربو,DiseaseCondition,ent_merge_000822,سعال,Symptom,HAS_SYMPTOM,HAS_SYMPTOM,true,0.900,ضيق في الصدر يكون مصحوبا,Asthma explicitly associated with chest tightness,groq,qwen/qwen3-32b,dah_relation_validation_v1
rel_seed_f8f51e2af377bd23,chunk_00499,ahd10k_03921,766574,ent_merge_000371,ربو,DiseaseCondition,ent_merge_000847,ضيق تنفس,Symptom,HAS_SYMPTOM,HAS_SYMPTOM,true,0.850,ما هو المرض الذي تكون من اعراضه السعال,Asthma commonly presents with cough as a symptom,groq,qwen/qwen3-32b,dah_relation_validation_v1
rel_seed_bbdaeacbf5c2f167,chunk_00500,ahd10k_05546,109332,ent_merge_000370,دوسنتاريا,DiseaseCondition,ent_merge_000600,إسهال,Symptom,HAS_SYMPTOM,HAS_SYMPTOM,true,0.950,Acute amoebiasis explicitly associated with severe watery diarrhea,Direct evidence of symptom manifestation,groq,qwen/qwen3-32b,dah_relation_validation_v1
rel_seed_83751aa3a1275173,chunk_00500,ahd10k_05546,109332,ent_merge_000600,إسهال,Symptom,ent_merge_001486,فلاجيل,Treatment,TREATED_BY,TREATED_BY,true,1.000,خذ فلاجيل٥٠٠ مطهر للامعاء,Falijil is explicitly used to treat diarrhea per evidence,groq,openai/gpt-oss-20b,dah_relation_validation_v1
rel_seed_0f4f1b67b9a7e700,chunk_00501,ahd10k_04329,747266,ent_merge_000446,فقر الدم,DiseaseCondition,ent_merge_000802,دوخة,Symptom,HAS_SYMPTOM,HAS_SYMPTOM,true,0.950,المستخدم ذكر شعوره بالدوخة قبل إجراء تحليل صورة الدم الذي يشير إلى فقر الدم,الدوخة مذكورة كأعراض مباشرة قبل تشخيص فقر الدم,groq,qwen/qwen3-32b,dah_relation_validation_v1
rel_seed_fd4ed3286ea81d05,chunk_00501,ahd10k_04329,747266,ent_merge_000446,فقر الدم,DiseaseCondition,ent_merge_000984,تحليل صورة دم,Test,DIAGNOSED_BY,DIAGNOSED_BY,true,0.980,تحليل صورة الدم هو الطريقة المباشرة لتشخيص فقر الدم بناءً على النتائج المذكورة,تحليل صورة الدم مذكور كوسيلة تشخيصية مباشرة لتحديد فقر الدم,groq,qwen/qwen3-32b,dah_relation_validation_v1
rel_seed_f191b22fbee5be47,chunk_00501,ahd10k_04329,747266,ent_merge_000802,دوخة,Symptom,ent_merge_000984,تحليل صورة دم,Test,INVESTIGATED_BY,INVESTIGATED_BY,true,0.920,الدوخة أدت إلى إجراء تحليل صورة الدم كجزء من التحقيق الطبي,الدوخة هي السبب المباشر لإجراء التحليل التشخيصي,groq,qwen/qwen3-32b,dah_relation_validation_v1
rel_seed_b127658e641d8654,chunk_00502,ahd10k_00278,714241,ent_merge_000059,التهاب,DiseaseCondition,ent_merge_000986,تخطيط اعصاب الاطراف,Test,DIAGNOSED_BY,DIAGNOSED_BY,true,0.850,التهاب حاد بفقرات الرقبة مع تخطيط اعصاب الاطراف العلوية,الاختبار مرتبط مباشرة بتشخيص التهاب الفقرات عبر تقييم الأعصاب المتضررة,groq,qwen/qwen3-32b,dah_relation_validation_v1
rel_seed_4769fcc0c89e7ee0,chunk_00508,ahd10k_07658,499927,ent_merge_000059,التهاب,DiseaseCondition,ent_merge_000936,التراساوند,Test,DIAGNOSED_BY,DIAGNOSED_BY,true,0.950,التراساوند موصى به لفحص التهاب البربخ,التراساوند مذكور كاختبار تشخيصي موصى به لالتهاب البربخ في السياق,groq,qwen/qwen3-32b,dah_relation_validation_v1
rel_seed_a50b3d92680f48a2,chunk_00509,ahd10k_00612,734419,ent_merge_000010,ارتفاع ضغط الدم,DiseaseCondition,ent_merge_000802,دوخة,Symptom,HAS_SYMPTOM,HAS_SYMPTOM,true,0.900,شعرت بيوم عند الاستيقاظ من النوم بدوخة,Direct symptom mention in evidence,groq,qwen/qwen3-32b,dah_relation_validation_v1
rel_seed_3d88987a11a2a650,chunk_00509,ahd10k_00612,734419,ent_merge_000010,ارتفاع ضغط الدم,DiseaseCondition,ent_merge_000967,تحاليل مخبرية,Test,DIAGNOSED_BY,DIAGNOSED_BY,true,0.850,يجب عمل فحوصات من خلال الطبيب لها علاقة بالضغط العالي,Tests explicitly linked to diagnosis,groq,qwen/qwen3-32b,dah_relation_validation_v1
rel_seed_b22f28062e583bdd,chunk_00509,ahd10k_00612,734419,ent_merge_000802,دوخة,Symptom,ent_merge_000967,تحاليل مخبرية,Test,INVESTIGATED_BY,INVESTIGATED_BY,true,0.800,يجب عمل فحوصات من خلال الطبيب لها علاقة بالضغط العالي,Tests explicitly linked to symptom investigation,groq,qwen/qwen3-32b,dah_relation_validation_v1
rel_seed_0554eeafac1da17f,chunk_00511,ahd10k_02488,437413,ent_merge_000556,نوبات الهلع,DiseaseCondition,ent_merge_001548,لاروكسيل,Treatment,TREATED_BY,TREATED_BY,true,0.900,دواء لاروكسيل,Direct mention of treatment in evidence,groq,qwen/qwen3-32b,dah_relation_validation_v1
rel_seed_f71781114712925a,chunk_00511,ahd10k_02488,437413,ent_merge_000187,الوسواس,DiseaseCondition,ent_merge_001129,اتاراكس,Treatment,TREATED_BY,TREATED_BY,true,0.950,دواء أتاراكس,Direct mention of treatment for OCD,groq,qwen/qwen3-32b,dah_relation_validation_v1
rel_seed_10eca5ce57be7554,chunk_00512,ahd10k_08352,394345,ent_merge_000862,فقدان السمع,Symptom,ent_merge_001601,مضاد حيوي,Treatment,TREATED_BY,TREATED_BY,true,0.900,قبل احداث ثقب في الاذنين المنصوح هو استعمال الدواء (كرتكويد مع مضاد حيوي),Direct treatment recommendation for hearing loss,groq,qwen/qwen3-32b,dah_relation_validation_v1
rel_seed_b8f3364e8103f959,chunk_00512,ahd10k_08352,394345,ent_merge_000862,فقدان السمع,Symptom,ent_merge_001524,كرتكويد,Treatment,TREATED_BY,TREATED_BY,true,0.900,قبل احداث ثقب في الاذنين المنصوح هو استعمال الدواء (كرتكويد مع مضاد حيوي),Direct treatment recommendation for hearing loss,groq,qwen/qwen3-32b,dah_relation_validation_v1
rel_seed_21bb22e76caa315d,chunk_00513,ahd10k_03842,397146,ent_merge_000006,إدمان القات,DiseaseCondition,ent_merge_001160,الابتعاد عن جلسات التخزين,Treatment,TREATED_BY,TREATED_BY,true,0.900,الابتعاد عن جلسات التخزين هي الطريقه الفعاله,Direct treatment recommendation for القات addiction,groq,qwen/qwen3-32b,dah_relation_validation_v1
rel_seed_288acbc55db27b6c,chunk_00515,ahd10k_00537,12469,ent_merge_000010,ارتفاع ضغط الدم,DiseaseCondition,ent_merge_001068,قياس الضغط,Test,DIAGNOSED_BY,DIAGNOSED_BY,true,0.950,قمت بقياس الضغط عن طريق الزند وكانت القراءة 154/89,Blood pressure measurement directly confirms hypertension diagnosis.,groq,qwen/qwen3-32b,dah_relation_validation_v1
rel_seed_c0865ebe3f8d8119,chunk_00515,ahd10k_00982,30878,ent_merge_000207,انخفاض ضغط الدم,DiseaseCondition,ent_merge_000638,التوتر,Symptom,HAS_SYMPTOM,HAS_SYMPTOM,true,0.850,السلام عليكم انا بنت عمري ٢٠ سنة اعاني دوما من انخفاض في ضغط الدم يصل الى ٥٠ على ٩٠ ويزداد التوتر,Hypotension is directly associated with increasing stress as reported.,groq,qwen/qwen3-32b,dah_relation_validation_v1
rel_seed_4029f49360fdb5ad,chunk_00515,ahd10k_00982,30878,ent_merge_000207,انخفاض ضغط الدم,DiseaseCondition,ent_merge_000846,ضيق التنفس,Symptom,HAS_SYMPTOM,HAS_SYMPTOM,true,0.900,السلام عليكم انا بنت عمري ٢٠ سنة اعاني دوما من انخفاض في ضغط الدم يصل الى ٥٠ على ٩٠ ويزداد التوتر وضيق التنفس,Hypotension is directly linked to dyspnea in the patient's report.,groq,qwen/qwen3-32b,dah_relation_validation_v1
rel_seed_68d69e2ac8620c87,chunk_00516,ahd10k_02333,693270,ent_merge_000010,ارتفاع ضغط الدم,DiseaseCondition,ent_merge_000830,صداع,Symptom,HAS_SYMPTOM,HAS_SYMPTOM,true,0.950,يرتفع الضغط يسبب هكذا صدع,Direct causal link stated in evidence,groq,qwen/qwen3-32b,dah_relation_validation_v1
rel_seed_e2b743e767e1fe9d,chunk_00516,ahd10k_02347,438859,ent_merge_000010,ارتفاع ضغط الدم,DiseaseCondition,ent_merge_000830,صداع,Symptom,HAS_SYMPTOM,HAS_SYMPTOM,true,0.900,قد تظهر بعض الأعراض في الحالات الشديدة من ارتفاع ضغط الدم، وقد تتضمن الآتي: الصداع,Explicit symptom listed for severe hypertension,groq,qwen/qwen3-32b,dah_relation_validation_v1
rel_seed_25ed64fe7a8acab4,chunk_00517,ahd10k_02710,237622,ent_merge_000010,ارتفاع ضغط الدم,DiseaseCondition,ent_merge_001087,amlor,Treatment,TREATED_BY,TREATED_BY,true,0.900,amlor 10mg,Direct treatment mention in patient statement,groq,qwen/qwen3-32b,dah_relation_validation_v1
rel_seed_558294826cc587ea,chunk_00517,ahd10k_02823,806524,ent_merge_000010,ارتفاع ضغط الدم,DiseaseCondition,ent_merge_001570,مدرات البول,Treatment,TREATED_BY,TREATED_BY,true,0.850,مدرات البول,Explicit treatment question about diuretics,groq,qwen/qwen3-32b,dah_relation_validation_v1
rel_seed_ce643b228db2e26d,chunk_00517,ahd10k_02823,806524,ent_merge_000010,ارتفاع ضغط الدم,DiseaseCondition,ent_merge_001567,مثبطات الإنزيم المحول للأنجيوتنسين,Treatment,TREATED_BY,TREATED_BY,true,0.850,مثبطات الإنزيم المحول للأنجيوتنسين,Explicit treatment question about ACE inhibitors,groq,qwen/qwen3-32b,dah_relation_validation_v1
rel_seed_090fd117c4aa3cbf,chunk_00517,ahd10k_02823,806524,ent_merge_000010,ارتفاع ضغط الدم,DiseaseCondition,ent_merge_001568,مثبطات مستقبلات الأنجيوتنسين,Treatment,TREATED_BY,TREATED_BY,true,1.000,مثبطات مستقبلات الأنجيوتنسين مذكورة كأدوية لخفض ضغط الدم المرتفع,العلاقة مدعومة بشكل مباشر من النص الذي يربط الدواء بالحالة,groq,qwen/qwen3-32b,dah_relation_validation_v1
rel_seed_7cb4b6c53ea374fc,chunk_00517,ahd10k_02823,806524,ent_merge_000010,ارتفاع ضغط الدم,DiseaseCondition,ent_merge_001368,حاصرات بيتا,Treatment,TREATED_BY,TREATED_BY,true,1.000,حاصرات بيتا مذكورة كأدوية لخفض ضغط الدم المرتفع,العلاقة مدعومة بشكل مباشر من النص الذي يربط الدواء بالحالة,groq,qwen/qwen3-32b,dah_relation_validation_v1
rel_seed_c1259a4fcd3a8809,chunk_00517,ahd10k_03236,395583,ent_merge_000830,صداع,Symptom,ent_merge_001091,biprotens,Treatment,TREATED_BY,TREATED_BY,true,1.000,biprotens مذكور كعلاج لألم الرأس,العلاقة مدعومة بشكل مباشر من النص الذي يربط الدواء بالحالة,groq,qwen/qwen3-32b,dah_relation_validation_v1
rel_seed_d4097a329baec411,chunk_00520,ahd10k_05624,564575,ent_merge_000010,ارتفاع ضغط الدم,DiseaseCondition,ent_merge_001069,قياس ضغط الدم,Test,DIAGNOSED_BY,DIAGNOSED_BY,true,0.900,قياس ضغط الدم 160/100 (قيمة تشخيصية لارتفاع الضغط),النتيجة 160/100 تدعم تشخيص ارتفاع ضغط الدم مباشرة,groq,qwen/qwen3-32b,dah_relation_validation_v1
rel_seed_5edd97fecf1ecb43,chunk_00521,ahd10k_06485,641998,ent_merge_000010,ارتفاع ضغط الدم,DiseaseCondition,ent_merge_001553,لوڤاسك,Treatment,TREATED_BY,TREATED_BY,true,0.900,اعاني من ارتفاع ضغط الدم واخذ علاج لوڤاسك 5mg حبتين يوميا,العلاقة مدعومة مباشرة بذكر استخدام 'لوڤاسك' كعلاج لارتفاع ضغط الدم.,groq,qwen/qwen3-32b,dah_relation_validation_v1
rel_seed_cd8593654ea1a135,chunk_00521,ahd10k_06867,789631,ent_merge_000010,ارتفاع ضغط الدم,DiseaseCondition,ent_merge_000830,صداع,Symptom,HAS_SYMPTOM,HAS_SYMPTOM,true,0.800,من كلامك يتضح أن السبب هو ارتفاع ضغط الدم... سيوضع له العلاج الخاص به حسب نوعه,العلاقة مدعومة بربط الطبيب الصداع بارتفاع ضغط الدم كأعراض.,groq,qwen/qwen3-32b,dah_relation_validation_v1
rel_seed_f39f033d43821e6d,chunk_00522,ahd10k_07583,394649,ent_merge_000010,ارتفاع ضغط الدم,DiseaseCondition,ent_merge_000830,صداع,Symptom,HAS_SYMPTOM,HAS_SYMPTOM,true,0.900,الصداع الشديد يعتبر من علامات ارتفاع ضغط الدم,النص يشير بشكل مباشر إلى أن الصداع شديد هو علامة (أي أعراض) لارتفاع ضغط الدم.,groq,qwen/qwen3-32b,dah_relation_validation_v1
rel_seed_d77e604664d7005f,chunk_00524,ahd10k_08959,186816,ent_merge_000010,ارتفاع ضغط الدم,DiseaseCondition,ent_merge_000830,صداع,Symptom,HAS_SYMPTOM,HAS_SYMPTOM,true,0.900,صداع مذكور كأعراض مباشرة في السياق,الصداع مذكور كأعراض لارتفاع ضغط الدم في النص,groq,qwen/qwen3-32b,dah_relation_validation_v1
rel_seed_0588d11d3718527d,chunk_00524,ahd10k_08959,186816,ent_merge_000830,صداع,Symptom,ent_merge_000965,تحاليل,Test,INVESTIGATED_BY,INVESTIGATED_BY,true,0.800,الصداع مُستقصى عنه عبر التحاليل والأشعة,التحاليل مذكورة كوسيلة لاستقصاء أسباب الصداع,groq,qwen/qwen3-32b,dah_relation_validation_v1
rel_seed_920cac9499e61f3f,chunk_00525,ahd10k_09898,475666,ent_merge_000010,ارتفاع ضغط الدم,DiseaseCondition,ent_merge_001414,رياضة,Treatment,TREATED_BY,TREATED_BY,true,0.950,عليك بممارسة الرياضه وتقليل الوزن...,Direct treatment advice for hypertension,groq,qwen/qwen3-32b,dah_relation_validation_v1
rel_seed_da1a80bb3b93518c,chunk_00526,ahd10k_01542,498493,ent_merge_000776,حكة,Symptom,ent_merge_001534,كريم كورتيكوستيرويد,Treatment,TREATED_BY,TREATED_BY,true,1.000,Direct instruction to use corticosteroid cream for itching,Explicit treatment recommendation in evidence,groq,qwen/qwen3-32b,dah_relation_validation_v1
rel_seed_656b9fc95fe705e4,chunk_00526,ahd10k_09858,797680,ent_merge_000034,إكزيما,DiseaseCondition,ent_merge_000776,حكة,Symptom,HAS_SYMPTOM,HAS_SYMPTOM,true,0.900,الحكة عندما أتوقف عن وضع الدواء,directly indicates itching as a symptom of eczema,groq,openai/gpt-oss-20b,dah_relation_validation_v1
rel_seed_aebfe4604715e3cd,chunk_00527,ahd10k_00838,795852,ent_merge_000059,التهاب,DiseaseCondition,ent_merge_000784,خدر,Symptom,HAS_SYMPTOM,HAS_SYMPTOM,true,0.950,الم فيه خدر,Direct symptom mention in evidence,groq,qwen/qwen3-32b,dah_relation_validation_v1
rel_seed_33ba126e4f8cb324,chunk_00527,ahd10k_00838,795852,ent_merge_000059,التهاب,DiseaseCondition,ent_merge_000924,آشعة,Test,DIAGNOSED_BY,DIAGNOSED_BY,true,0.900,صورة أشعة,Diagnostic imaging explicitly mentioned,groq,qwen/qwen3-32b,dah_relation_validation_v1
rel_seed_205afc5ab6063a7a,chunk_00527,ahd10k_00838,795852,ent_merge_000059,التهاب,DiseaseCondition,ent_merge_001584,مراهم مضادة للالتهاب,Treatment,TREATED_BY,TREATED_BY,true,0.950,استعمال أحد المراهم المضادة للالتهاب,Direct treatment application stated,groq,qwen/qwen3-32b,dah_relation_validation_v1
rel_seed_e08e4924617385d6,chunk_00528,ahd10k_00707,69203,ent_merge_000830,صداع,Symptom,ent_merge_000926,اشعة رنين مغناطيسي,Test,INVESTIGATED_BY,INVESTIGATED_BY,true,0.800,ينصح بقياس ضغط الدم مع عمل اشعة رنين مغناطيسي على المخ,Direct investigation for symptom,groq,llama-3.3-70b-versatile,dah_relation_validation_v1
rel_seed_15cde912a6772434,chunk_00528,ahd10k_00707,69203,ent_merge_000010,ارتفاع ضغط الدم,DiseaseCondition,ent_merge_000830,صداع,Symptom,HAS_SYMPTOM,HAS_SYMPTOM,true,0.950,ينصح بقياس ضغط الدم مع عمل اشعة رنين مغناطيسي على المخ...,ارتفاع ضغط الدم مرتبط بصداع كأحد الأعراض المذكورة في السياق الطبي,groq,qwen/qwen3-32b,dah_relation_validation_v1
rel_seed_dd85631c02808641,chunk_00528,ahd10k_01742,670195,ent_merge_000830,صداع,Symptom,ent_merge_000926,اشعة رنين مغناطيسي,Test,INVESTIGATED_BY,INVESTIGATED_BY,true,0.900,عمل اشعة رنين مغناطيسي على المخ... لتقييم حالتك,الرنين المغناطيسي موصى به مباشرة لفحص سبب الصداع المذكور,groq,qwen/qwen3-32b,dah_relation_validation_v1
rel_seed_f5ba61b8c31cb576,chunk_00528,ahd10k_01742,670195,ent_merge_000010,ارتفاع ضغط الدم,DiseaseCondition,ent_merge_000830,صداع,Symptom,HAS_SYMPTOM,HAS_SYMPTOM,true,0.950,أشعر بصداع ف العينين... من الممكن ان ماتعانى منه راجع الى زيادة بضغط المخ,الصداع مذكور كأعراض مباشرة لارتفاع ضغط الدم في النص,groq,qwen/qwen3-32b,dah_relation_validation_v1
rel_seed_02edf024973139bc,chunk_00528,ahd10k_01742,670195,ent_merge_000010,ارتفاع ضغط الدم,DiseaseCondition,ent_merge_000926,اشعة رنين مغناطيسي,Test,DIAGNOSED_BY,INVESTIGATED_BY,true,0.900,ننصحك بقياس ضغط الدم وعمل اشعة رنين مغناطى على المخ,Direct investigation for disease condition,groq,llama-3.3-70b-versatile,dah_relation_validation_v1
rel_seed_be8fa138934f6303,chunk_00529,ahd10k_06668,722492,ent_merge_000010,ارتفاع ضغط الدم,DiseaseCondition,ent_merge_000830,صداع,Symptom,HAS_SYMPTOM,HAS_SYMPTOM,true,0.950,ارتفاع ضغط الدم مذكور كسبب لصداع في النص,النص يربط مباشرة بين ارتفاع ضغط الدم كسبب (مصدر) وصداع كنتيجة (أعراض),groq,qwen/qwen3-32b,dah_relation_validation_v1
rel_seed_061ac00adcdedd34,chunk_00529,ahd10k_07106,657710,ent_merge_000010,ارتفاع ضغط الدم,DiseaseCondition,ent_merge_000830,صداع,Symptom,HAS_SYMPTOM,HAS_SYMPTOM,true,0.950,ارتفاع ضغط الدم مذكور كسبب لصداع مستمر,النص يربط مباشرة بين ارتفاع ضغط الدم كسبب (مصدر) وصداع كنتيجة (أعراض),groq,qwen/qwen3-32b,dah_relation_validation_v1
rel_seed_5df139ebabed2113,chunk_00529,ahd10k_07124,690806,ent_merge_000830,صداع,Symptom,ent_merge_001006,رنين مغناطيسي,Test,INVESTIGATED_BY,INVESTIGATED_BY,true,0.900,النص يوصي بعمل رنين مغناطيسي لفحص صداع مستمر,الرنين المغناطيسي مذكور كاختبار مباشر لفحص الصداع,groq,qwen/qwen3-32b,dah_relation_validation_v1
rel_seed_e3bad322e2682d7f,chunk_00530,ahd10k_09812,654620,ent_merge_000694,أمراض الرأس,Symptom,ent_merge_001069,قياس ضغط الدم,Test,INVESTIGATED_BY,INVESTIGATED_BY,true,1.000,ننصحك بقياس ضغط الدم,Direct test recommendation for source symptom,groq,qwen/qwen3-32b,dah_relation_validation_v1
rel_seed_dd7a7fa422030190,chunk_00530,ahd10k_09812,654620,ent_merge_000694,أمراض الرأس,Symptom,ent_merge_000995,تصوير بالرنين المغناطيسي,Test,INVESTIGATED_BY,INVESTIGATED_BY,true,1.000,عمل اشعة رنين مغناطيسى على المخ,Direct imaging recommendation for source symptom,groq,qwen/qwen3-32b,dah_relation_validation_v1
rel_seed_e1fdc9ed1b3a4a37,chunk_00531,ahd10k_07798,414534,ent_merge_000059,التهاب,DiseaseCondition,ent_merge_000753,تورم,Symptom,HAS_SYMPTOM,HAS_SYMPTOM,true,0.950,الالتهاب مصحوب بتورم محيط كما في النص,العلاقة مدعومة مباشرة بذكر التورم كأعراض مصاحبة للالتهاب,groq,qwen/qwen3-32b,dah_relation_validation_v1
rel_seed_000aec8b0c416665,chunk_00531,ahd10k_07798,414534,ent_merge_000059,التهاب,DiseaseCondition,ent_merge_000843,ضغط,Symptom,HAS_SYMPTOM,HAS_SYMPTOM,true,0.900,الضغط على المنطقة يسبب شعورًا محددًا كما في النص,العلاقة مدعومة بذكر الشعور الناتج عن الضغط كأعراض مصاحبة,groq,qwen/qwen3-32b,dah_relation_validation_v1
rel_seed_5a64b0480d2c46bb,chunk_00531,ahd10k_09685,339751,ent_merge_000843,ضغط,Symptom,ent_merge_001372,حبوب الضغط,Treatment,TREATED_BY,TREATED_BY,true,0.950,يستخدم اﻷنسولين وحبوب الضغط,Direct mention of 'حبوب الضغط' as treatment for 'ضغط' in context,groq,qwen/qwen3-32b,dah_relation_validation_v1
rel_seed_2c725bd66e653457,chunk_00531,ahd10k_09685,339751,ent_merge_000355,داء السكري,DiseaseCondition,ent_merge_001175,الأنسولين,Treatment,TREATED_BY,TREATED_BY,true,0.950,يستخدم اﻷنسولين,Direct mention of 'الأنسولين' as treatment for 'داء السكري',groq,qwen/qwen3-32b,dah_relation_validation_v1
rel_seed_76d52cc758786748,chunk_00532,ahd10k_09267,703433,ent_merge_000830,صداع,Symptom,ent_merge_001048,فحص دم,Test,INVESTIGATED_BY,INVESTIGATED_BY,true,0.950,اجرى الطبيب فحص دم لي,Direct evidence of blood test performed by physician for symptom investigation,groq,qwen/qwen3-32b,dah_relation_validation_v1
rel_seed_7bd782ecf6879918,chunk_00532,ahd10k_09267,703433,ent_merge_000830,صداع,Symptom,ent_merge_001614,مضاض حيوي,Treatment,TREATED_BY,TREATED_BY,true,0.900,وقد اعطاني مضاض حيوي لمدة اربع ايام,Explicit prescription of antibiotic treatment for symptom duration,groq,qwen/qwen3-32b,dah_relation_validation_v1
rel_seed_95ab013a07b298ff,chunk_00535,ahd10k_00721,595019,ent_merge_000117,الحمل,DiseaseCondition,ent_merge_000695,إمساك,Symptom,HAS_SYMPTOM,HAS_SYMPTOM,true,0.800,تناول المزيد من الألياف وشرب الماء لمنع الإمساك,النص يشير إلى أن الإمساك هو مشكلة تُمنع خلال الحمل، مما يدعم العلاقة بين الحمل كسبب والأعراض المرتبطة به.,groq,qwen/qwen3-32b,dah_relation_validation_v1
rel_seed_b360bba4100d75a7,chunk_00537,ahd10k_02340,774653,ent_merge_000146,الشراهة,DiseaseCondition,ent_merge_001643,نظام غذائي صحي,Treatment,TREATED_BY,TREATED_BY,true,0.950,الشراهة مع نظام غذائي صحي,النص يربط مباشرة بين الشراهة واتباع نظام غذائي صحي كعلاج,groq,qwen/qwen3-32b,dah_relation_validation_v1
rel_seed_bcc0fe93453f1025,chunk_00539,ahd10k_00769,105096,ent_merge_000830,صداع,Symptom,ent_merge_000983,تحليل دم,Test,INVESTIGATED_BY,INVESTIGATED_BY,true,0.900,تحليل صوره الدم الكامله لأنه قد يكون هنالك انيميا تسبب هذه الأعراض,Directly linked to investigate the cause of symptoms like headache and dizziness.,groq,qwen/qwen3-32b,dah_relation_validation_v1
rel_seed_1d53cddb449dff8a,chunk_00539,ahd10k_00769,105096,ent_merge_000830,صداع,Symptom,ent_merge_001006,رنين مغناطيسي,Test,INVESTIGATED_BY,INVESTIGATED_BY,true,0.900,عندما فعلت رنين مغناطيسي...,MRI explicitly mentioned as an investigation for the reported symptoms.,groq,qwen/qwen3-32b,dah_relation_validation_v1
rel_seed_8a24461f574eac01,chunk_00539,ahd10k_05347,144126,ent_merge_000830,صداع,Symptom,ent_merge_000983,تحليل دم,Test,INVESTIGATED_BY,INVESTIGATED_BY,true,0.850,عمل صوره دم كامله للتأكيد من عدم وجود انيميا,Blood test directly cited to investigate anemia as a potential cause of headache and imbalance.,groq,qwen/qwen3-32b,dah_relation_validation_v1
rel_seed_73e76c36bb82f47e,chunk_00540,ahd10k_06749,563313,ent_merge_000830,صداع,Symptom,ent_merge_001593,مسكن,Treatment,TREATED_BY,TREATED_BY,true,1.000,الصداع الناتج عن شد بعضلات الرقبه والرأس بحاجه للراحه واخذ مسكن للالم,المسكن مذكور كعلاج مباشر للصداع الناتج عن شد العضلات,groq,qwen/qwen3-32b,dah_relation_validation_v1
rel_seed_b309ed21682adf19,chunk_00540,ahd10k_06749,563313,ent_merge_000010,ارتفاع ضغط الدم,DiseaseCondition,ent_merge_000830,صداع,Symptom,HAS_SYMPTOM,HAS_SYMPTOM,true,1.000,الصداع الناتج عن ارتفاع الضغط,ارتفاع الضغط مذكور كسبب مباشر للصداع,groq,qwen/qwen3-32b,dah_relation_validation_v1
rel_seed_49c6cc00361ad6fd,chunk_00540,ahd10k_06789,127364,ent_merge_000830,صداع,Symptom,ent_merge_000967,تحاليل مخبرية,Test,INVESTIGATED_BY,INVESTIGATED_BY,true,0.900,عمل صورة دم كامله,Lab tests used to investigate headache,groq,openai/gpt-oss-20b,dah_relation_validation_v1
rel_seed_c7d324d9aa98a1fa,chunk_00540,ahd10k_06789,127364,ent_merge_000830,صداع,Symptom,ent_merge_001593,مسكن,Treatment,TREATED_BY,TREATED_BY,true,0.900,العلاج الحالي هو فقط المسكنات,Painkillers used to treat headache,groq,openai/gpt-oss-20b,dah_relation_validation_v1
rel_seed_edde529b7ea6c3e0,chunk_00540,ahd10k_09577,136748,ent_merge_000830,صداع,Symptom,ent_merge_000967,تحاليل مخبرية,Test,INVESTIGATED_BY,INVESTIGATED_BY,true,0.900,تحليل كامل للدم,Blood test used to investigate headache,groq,openai/gpt-oss-20b,dah_relation_validation_v1
rel_seed_84c47933a009e48a,chunk_00541,ahd10k_09745,720471,ent_merge_000207,انخفاض ضغط الدم,DiseaseCondition,ent_merge_000802,دوخة,Symptom,HAS_SYMPTOM,HAS_SYMPTOM,true,0.950,السبب هو انخفاض الضغط الانتصابي، ماسبب الدوخه,النص يربط بشكل مباشر انخفاض الضغط الانتصابي (السبب) بالدوخة كأعراض,groq,qwen/qwen3-32b,dah_relation_validation_v1
rel_seed_23f76e6e1f712c79,chunk_00543,ahd10k_04998,125899,ent_merge_000415,ضغط العين,DiseaseCondition,ent_merge_001018,صورة للعصب البصري,Test,DIAGNOSED_BY,DIAGNOSED_BY,true,1.000,ضغط عين مرتفع قليلا، عملت صورة للعصب البصري,Direct evidence of diagnostic test for condition,groq,llama-3.3-70b-versatile,dah_relation_validation_v1
rel_seed_0e16dbfe28d3e09d,chunk_00543,ahd10k_04998,125899,ent_merge_000415,ضغط العين,DiseaseCondition,ent_merge_001071,مجال الرؤية,Test,DIAGNOSED_BY,DIAGNOSED_BY,true,1.000,ضغط عين مرتفع قليلا، مجال الرؤية,Direct evidence of diagnostic test for condition,groq,llama-3.3-70b-versatile,dah_relation_validation_v1
rel_seed_644172d9fad25ced,chunk_00544,ahd10k_05674,744436,ent_merge_000010,ارتفاع ضغط الدم,DiseaseCondition,ent_merge_000842,ضعف ابصار,Symptom,HAS_SYMPTOM,HAS_SYMPTOM,true,1.000,"اعاني مرض ارتفاع ضغط الدم, ضعف ابصار في العين اليمنى",Direct symptom-cause relationship stated in evidence,groq,qwen/qwen3-32b,dah_relation_validation_v1
rel_seed_f33492a98e4892a7,chunk_00544,ahd10k_05674,744436,ent_merge_000010,ارتفاع ضغط الدم,DiseaseCondition,ent_merge_001353,تينورمين 50 م,Treatment,TREATED_BY,TREATED_BY,true,1.000,اتناول حبة تينورمين 50 م,Direct treatment mentioned for source condition,groq,qwen/qwen3-32b,dah_relation_validation_v1
rel_seed_d0edc087ed1b7371,chunk_00544,ahd10k_05674,744436,ent_merge_000842,ضعف ابصار,Symptom,ent_merge_001040,فحص العيون,Test,INVESTIGATED_BY,INVESTIGATED_BY,true,1.000,فحص العيون mentioned in context of symptom,Direct investigation method for symptom stated,groq,qwen/qwen3-32b,dah_relation_validation_v1
rel_seed_94e57cf63bc97dde,chunk_00545,ahd10k_03626,804365,ent_merge_000059,التهاب,DiseaseCondition,ent_merge_001601,مضاد حيوي,Treatment,TREATED_BY,TREATED_BY,true,0.950,"التهاب في منطقة الحقن, بحاجة إلى مضاد حيوي",Direct treatment recommendation for inflammation with antibiotics,groq,qwen/qwen3-32b,dah_relation_validation_v1
rel_seed_82bf8053f3639fb8,chunk_00548,ahd10k_01290,754203,ent_merge_000433,فتق السرة,DiseaseCondition,ent_merge_001228,العمليه,Treatment,TREATED_BY,TREATED_BY,true,0.800,العمليه تجرى في سن الرابعه,العمليه مذكورة كعلاج مباشر لفتق السرة في السياق الطبي,groq,qwen/qwen3-32b,dah_relation_validation_v1
rel_seed_7896f89a376e0ebb,chunk_00549,ahd10k_06938,705439,ent_merge_000010,ارتفاع ضغط الدم,DiseaseCondition,ent_merge_000830,صداع,Symptom,HAS_SYMPTOM,HAS_SYMPTOM,true,0.950,مسببة الدوخة ونوبات من الصداع المتكرر,Direct symptom co-occurrence with hypertension in evidence,groq,qwen/qwen3-32b,dah_relation_validation_v1
rel_seed_1212baa74be0077f,chunk_00549,ahd10k_06938,705439,ent_merge_000010,ارتفاع ضغط الدم,DiseaseCondition,ent_merge_000802,دوخة,Symptom,HAS_SYMPTOM,HAS_SYMPTOM,true,0.950,مسببة الدوخة ونوبات من الصداع المتكرر,Direct symptom co-occurrence with hypertension in evidence,groq,qwen/qwen3-32b,dah_relation_validation_v1
rel_seed_c7d114522700a075,chunk_00549,ahd10k_06938,705439,ent_merge_000830,صداع,Symptom,ent_merge_001004,رسم المخ بالكمبيوتر,Test,INVESTIGATED_BY,INVESTIGATED_BY,true,0.900,ينصح بعمل رسم مخ بالكمبيوتر مع العرض على الزميل استشارى المخ والاعصاب,CT scan directly recommended for investigating headache symptoms,groq,qwen/qwen3-32b,dah_relation_validation_v1
rel_seed_85bf370209f9a55c,chunk_00549,ahd10k_06938,705439,ent_merge_000802,دوخة,Symptom,ent_merge_001004,رسم المخ بالكمبيوتر,Test,INVESTIGATED_BY,INVESTIGATED_BY,true,0.900,ينصح بعمل رسم مخ بالكمبيوتر مع العرض على الزميل استشارى المخ والاعصاب,CT scan directly recommended for investigating dizziness symptoms,groq,qwen/qwen3-32b,dah_relation_validation_v1
rel_seed_81e91a0ab7ba8a2b,chunk_00550,ahd10k_03838,520904,ent_merge_000152,الضغط,DiseaseCondition,ent_merge_000616,الألم,Symptom,HAS_SYMPTOM,HAS_SYMPTOM,true,0.900,الالم للكتف والرقبة,الضغط (الارتفاع) مرتبط بألم الكتف والرقبة كأعراض مباشرة,groq,qwen/qwen3-32b,dah_relation_validation_v1
rel_seed_e188f099ced5e9c0,chunk_00550,ahd10k_03838,520904,ent_merge_000152,الضغط,DiseaseCondition,ent_merge_000967,تحاليل مخبرية,Test,DIAGNOSED_BY,DIAGNOSED_BY,true,0.850,تحاليل مخبرية,التحاليل المخبرية تُستخدم لتشخيص الضغط المرتفع,groq,qwen/qwen3-32b,dah_relation_validation_v1
rel_seed_a51f63b6f664b84d,chunk_00552,ahd10k_00164,764914,ent_merge_000192,ام الدم الشريانية,DiseaseCondition,ent_merge_000937,التصوير المقطعي,Test,DIAGNOSED_BY,DIAGNOSED_BY,true,0.900,التصوير المقطعي كافٍ لإجراء التشخيص,التصوير المقطعي مذكور بشكل مباشر كوسيلة تشخيصية,groq,qwen/qwen3-32b,dah_relation_validation_v1
rel_seed_634c0b8ae99924d3,chunk_00552,ahd10k_00164,764914,ent_merge_000295,تمدد الشريان الاورطى,DiseaseCondition,ent_merge_000937,التصوير المقطعي,Test,DIAGNOSED_BY,DIAGNOSED_BY,true,0.900,التصوير المقطعي كافٍ لإجراء التشخيص,التصوير المقطعي مذكور بشكل مباشر كوسيلة تشخيصية,groq,qwen/qwen3-32b,dah_relation_validation_v1
rel_seed_d6ead648924cc376,chunk_00554,ahd10k_01699,670233,ent_merge_000486,كيسة دهنية,DiseaseCondition,ent_merge_001355,جراحة,Treatment,TREATED_BY,TREATED_BY,true,0.950,راجع اخصائي جراحة اذا كنت ترغب باستئصالها,الاستئصال الجراحي مذكور كخيار علاجي مباشر للكيسة الدهنية,groq,qwen/qwen3-32b,dah_relation_validation_v1
rel_seed_8cfd035386a4ea92,chunk_00555,ahd10k_03554,758061,ent_merge_000564,هرمون الحليب,DiseaseCondition,ent_merge_000971,تحليل PROLACTINE,Test,DIAGNOSED_BY,DIAGNOSED_BY,true,0.950,ذهبت الئ الطبيبة في ديسمبر الماضي فاعطني تحليل FSH و PROLACTINE,Direct diagnostic test for hyperprolactinemia,groq,qwen/qwen3-32b,dah_relation_validation_v1
rel_seed_8e14f557621ae332,chunk_00555,ahd10k_03554,758061,ent_merge_000564,هرمون الحليب,DiseaseCondition,ent_merge_000995,تصوير بالرنين المغناطيسي,Test,DIAGNOSED_BY,DIAGNOSED_BY,true,0.900,اجراء تصوير بجهاز الرنين المغناطيسي للغده النخاميه,Standard imaging for pituitary gland evaluation in hyperprolactinemia,groq,qwen/qwen3-32b,dah_relation_validation_v1
rel_seed_0ba8fb4ac54d9316,chunk_00556,ahd10k_01780,777269,ent_merge_000216,انضغاط عصب الكوع,DiseaseCondition,ent_merge_000989,تخطيط عصب,Test,DIAGNOSED_BY,DIAGNOSED_BY,true,0.950,ينصح عمل تخطيط عصب لليد لمعرفة مكان الضغط,Nerve conduction study directly linked to diagnosing ulnar nerve compression,groq,qwen/qwen3-32b,dah_relation_validation_v1
rel_seed_f670e31fe221df1a,chunk_00556,ahd10k_01780,777269,ent_merge_000211,انزلاق غضروفي عنقي,DiseaseCondition,ent_merge_001015,صورة رنين مغناطيسي,Test,DIAGNOSED_BY,DIAGNOSED_BY,true,0.900,اذا لم يبين التخطيط ذلك عندئذ نحتاج لصورة رنين مغناطيسي للعنق,MRI is explicitly stated as diagnostic for cervical issues when nerve study is inconclusive,groq,qwen/qwen3-32b,dah_relation_validation_v1
rel_seed_e26dfbd651d86ee5,chunk_00558,ahd10k_01586,732643,ent_merge_000033,اكتئاب,DiseaseCondition,ent_merge_001493,فوستيمون,Treatment,TREATED_BY,TREATED_BY,true,0.800,الاعراض الجانبية للفوستيمون: ...اكتئاب,Direct evidence of side effects,groq,llama-3.3-70b-versatile,dah_relation_validation_v1
rel_seed_3d4027ca7040087c,chunk_00558,ahd10k_07177,744874,ent_merge_000010,ارتفاع ضغط الدم,DiseaseCondition,ent_merge_000830,صداع,Symptom,HAS_SYMPTOM,HAS_SYMPTOM,true,1.000,الأعراض :- صداع حاد,Directly states headache as a symptom of hypertension.,groq,qwen/qwen3-32b,dah_relation_validation_v1
rel_seed_e94200ce8f621f81,chunk_00560,ahd10k_02236,801219,ent_merge_000010,ارتفاع ضغط الدم,DiseaseCondition,ent_merge_000732,تشنجات,Symptom,HAS_SYMPTOM,HAS_SYMPTOM,true,0.950,تعاني من تشنجات في الركبتين مع ارتفاع الضغط,Direct co-occurrence of hypertension and knee cramps in evidence,groq,qwen/qwen3-32b,dah_relation_validation_v1
rel_seed_d116622676500efa,chunk_00560,ahd10k_02236,801219,ent_merge_000732,تشنجات,Symptom,ent_merge_001279,باراسيتامول,Treatment,TREATED_BY,TREATED_BY,true,0.850,يمكن أن تتناول حبتين باراسيتامول,Paracetamol explicitly mentioned as treatment for cramps,groq,qwen/qwen3-32b,dah_relation_validation_v1
rel_seed_c49d93e06a711e28,chunk_00562,ahd10k_08866,734494,ent_merge_000802,دوخة,Symptom,ent_merge_001574,مراجعة اخصائي هضمية وكبد,Treatment,TREATED_BY,TREATED_BY,true,0.000,ينصح مراجعة اخصائي هضمية وكبد,Evidence directly links symptom to treatment,groq,openai/gpt-oss-20b,dah_relation_validation_v1
rel_seed_98d0fe91ff8e7e69,chunk_00562,ahd10k_08866,734494,ent_merge_000802,دوخة,Symptom,ent_merge_001320,تعويض السوائل,Treatment,TREATED_BY,TREATED_BY,true,0.000,تعويض السوائل المفقودة,Evidence directly links symptom to treatment,groq,openai/gpt-oss-20b,dah_relation_validation_v1
rel_seed_c239e301161cea48,chunk_00562,ahd10k_08866,734494,ent_merge_000908,وجع في الرأس,Symptom,ent_merge_001574,مراجعة اخصائي هضمية وكبد,Treatment,TREATED_BY,TREATED_BY,true,0.000,ينصح مراجعة اخصائي هضمية وكبد,direct recommendation for treatment,groq,openai/gpt-oss-20b,dah_relation_validation_v1
rel_seed_fa27054eef9f2ce8,chunk_00562,ahd10k_08866,734494,ent_merge_000908,وجع في الرأس,Symptom,ent_merge_001320,تعويض السوائل,Treatment,TREATED_BY,TREATED_BY,true,0.000,تعويض السوائل المفقودة,direct fluid replacement treatment,groq,openai/gpt-oss-20b,dah_relation_validation_v1
rel_seed_7685957a5d24fefe,chunk_00566,ahd10k_09007,808206,ent_merge_000507,مرض الغدة الدرقية,DiseaseCondition,ent_merge_000847,ضيق تنفس,Symptom,HAS_SYMPTOM,HAS_SYMPTOM,true,0.950,أحس دائمابإختناق،و ضيق في التنفس,Direct symptom description linked to thyroid disease,groq,qwen/qwen3-32b,dah_relation_validation_v1
rel_seed_011dccf61b58e792,chunk_00566,ahd10k_09007,808206,ent_merge_000507,مرض الغدة الدرقية,DiseaseCondition,ent_merge_001130,إجراء عملية جراحية,Treatment,TREATED_BY,TREATED_BY,true,0.900,هل هناك حل لمرض الغدة الدرقية بدون إجراء عملية جراحية,Surgical treatment explicitly mentioned as standard option,groq,qwen/qwen3-32b,dah_relation_validation_v1
rel_seed_3999514a8b688ccd,chunk_00566,ahd10k_09007,808206,ent_merge_000507,مرض الغدة الدرقية,DiseaseCondition,ent_merge_001138,إزالة الضغط,Treatment,TREATED_BY,TREATED_BY,true,0.950,بعد إزالة الضغط أي بعد استئصال جزء من الدرقية,Direct treatment mechanism described,groq,qwen/qwen3-32b,dah_relation_validation_v1
rel_seed_90e90fc4a651fc28,chunk_00566,ahd10k_09007,808206,ent_merge_000507,مرض الغدة الدرقية,DiseaseCondition,ent_merge_001149,استئصال جزء من الدرقية,Treatment,TREATED_BY,TREATED_BY,true,0.950,بعد إزالة الضغط أي بعد استئصال جزء من الدرقية,Direct surgical procedure described,groq,qwen/qwen3-32b,dah_relation_validation_v1
rel_seed_de4240f9cf38a478,chunk_00566,ahd10k_09007,808206,ent_merge_000847,ضيق تنفس,Symptom,ent_merge_001138,إزالة الضغط,Treatment,TREATED_BY,TREATED_BY,true,0.950,بعد إزالة الضغط أي بعد استئصال جزء من الدرقية,الإزالة المباشرة للضغط (العلاج) ترتبط بتحسين ضيق التنفس (النتيجة),groq,qwen/qwen3-32b,dah_relation_validation_v1
rel_seed_0459b48b748f5549,chunk_00567,ahd10k_03179,708891,ent_merge_000010,ارتفاع ضغط الدم,DiseaseCondition,ent_merge_001619,مغنيسيوم,Treatment,TREATED_BY,TREATED_BY,true,1.000,Doctor prescribed magnesium tablets for hypertension.,Direct evidence supports magnesium as treatment for hypertension.,groq,qwen/qwen3-32b,dah_relation_validation_v1
rel_seed_c0d7559747b1b03f,chunk_00567,ahd10k_09405,521425,ent_merge_000010,ارتفاع ضغط الدم,DiseaseCondition,ent_merge_001653,هيدروكلوروثيازيد,Treatment,TREATED_BY,TREATED_BY,true,1.000,استخدام هيدروكلوروثيازيد لعلاج ارتفاع ضغط الدم,Evidence states hydrochlorthiazide is used to treat high blood pressure.,groq,openai/gpt-oss-20b,dah_relation_validation_v1
rel_seed_76456b2697389619,chunk_00568,ahd10k_09947,771049,ent_merge_000108,الثعلبة,DiseaseCondition,ent_merge_001636,مينوكسيديل,Treatment,TREATED_BY,TREATED_BY,true,0.950,نص: '- استخدام دواء المونوكسوديل minoxidil : وهو يساعد على نمو الشعر',Direct treatment statement in evidence,groq,qwen/qwen3-32b,dah_relation_validation_v1
rel_seed_cddcf170e25f62e2,chunk_00568,ahd10k_09947,771049,ent_merge_000024,اضطراب المناعه,DiseaseCondition,ent_merge_001445,سيكلوسبورين,Treatment,TREATED_BY,TREATED_BY,true,0.950,استخدام عقار السيكلوسبورين لاضطراب المناعه,العقار مذكور مباشرة كعلاج لاضطراب المناعه,groq,qwen/qwen3-32b,dah_relation_validation_v1
rel_seed_78c9a493bedd3ba0,chunk_00568,ahd10k_09947,771049,ent_merge_000024,اضطراب المناعه,DiseaseCondition,ent_merge_001391,دامفيسيدون,Treatment,TREATED_BY,TREATED_BY,true,1.000,استخدام مركبات الدامفيسيدون يؤدي إلى نمو الشعر,الدمج المباشر بين اضطراب المناعة والعلاج بالدامفيسيدون,groq,openai/gpt-oss-20b,dah_relation_validation_v1
rel_seed_266b654d4e67431a,chunk_00570,ahd10k_04154,753670,ent_merge_000010,ارتفاع ضغط الدم,DiseaseCondition,ent_merge_001500,فيتامين E,Treatment,TREATED_BY,TREATED_BY,true,0.600,خفض خطر الإصابة بأمراض القلب وارتفاع ضغط الدم,العلاقة مدعومة بدلالة تقليل خطر ارتفاع ضغط الدم، لكنها غير مباشرة,groq,qwen/qwen3-32b,dah_relation_validation_v1
rel_seed_23038efbd9fc0966,chunk_00571,ahd10k_06586,804727,ent_merge_000215,انضغاط العصب البصري,DiseaseCondition,ent_merge_001473,عمليه جراحيه,Treatment,TREATED_BY,TREATED_BY,true,0.950,المرتبطة بعمليه جراحيه واستئصال كتله سليمه كانت تضغط علي العصب البصري,الجراحة المذكورة في السؤال تُعتبر معالجة مباشرة لانضغاط العصب البصري كما ورد في السياق,groq,qwen/qwen3-32b,dah_relation_validation_v1
rel_seed_225b31298d03bc3f,chunk_00572,ahd10k_03289,805017,ent_merge_000423,عرق النسا,DiseaseCondition,ent_merge_001604,مضادات الألم,Treatment,TREATED_BY,TREATED_BY,true,0.900,يبدأ بمضادات الألم (starts with painkillers) for sciatica,Direct evidence of painkillers used for sciatica treatment,groq,qwen/qwen3-32b,dah_relation_validation_v1
rel_seed_d75c96c4035f2dcf,chunk_00573,ahd10k_04720,776996,ent_merge_000133,الروماتويد,DiseaseCondition,ent_merge_001292,بروفين,Treatment,TREATED_BY,TREATED_BY,true,0.950,تناول مضاد للإلتهاب ومسكن للألم مثلبروفين 400مغم 3مرات يوميا,Direct treatment recommendation for the disease,groq,qwen/qwen3-32b,dah_relation_validation_v1
rel_seed_638f8386b7ac830c,chunk_00573,ahd10k_04720,776996,ent_merge_000133,الروماتويد,DiseaseCondition,ent_merge_001495,فولتارين,Treatment,TREATED_BY,TREATED_BY,true,0.950,او فولتارين100مغم حبة واحدة بعد الأكل,Alternative treatment explicitly mentioned for the disease,groq,qwen/qwen3-32b,dah_relation_validation_v1
rel_seed_c0c9d4de264b8f32,chunk_00573,ahd10k_04720,776996,ent_merge_000696,انتفاخ,Symptom,ent_merge_001495,فولتارين,Treatment,TREATED_BY,TREATED_BY,true,0.950,او فولتارين100مغم حبة واحدة بعد الأكل,Direct treatment recommendation for symptom,groq,qwen/qwen3-32b,dah_relation_validation_v1
rel_seed_acdf81785be76241,chunk_00573,ahd10k_04720,776996,ent_merge_000696,انتفاخ,Symptom,ent_merge_000956,الكرياتينين,Test,INVESTIGATED_BY,INVESTIGATED_BY,true,0.900,عملت الكرياتينين واليورك اسد وكانوا طبيعيين,Diagnostic tests explicitly linked to symptom investigation,groq,qwen/qwen3-32b,dah_relation_validation_v1
rel_seed_bc05d86c6b97cbff,chunk_00573,ahd10k_04720,776996,ent_merge_000696,انتفاخ,Symptom,ent_merge_000960,اليورك اسد,Test,INVESTIGATED_BY,INVESTIGATED_BY,true,0.900,عملت الكرياتينين واليورك اسد وكانوا طبيعيين,Diagnostic tests explicitly linked to symptom investigation,groq,qwen/qwen3-32b,dah_relation_validation_v1
rel_seed_b2820d762676d254,chunk_00574,ahd10k_08784,587667,ent_merge_000505,مرض السكري,DiseaseCondition,ent_merge_001263,النظام,Treatment,TREATED_BY,TREATED_BY,true,1.000,لا شك يؤثر فالنظام هو اساس العلاج,Evidence directly supports that the diet treats مرض السكري.,groq,openai/gpt-oss-20b,dah_relation_validation_v1
rel_seed_143812d22738b7f3,chunk_00574,ahd10k_08784,587667,ent_merge_000010,ارتفاع ضغط الدم,DiseaseCondition,ent_merge_001263,النظام,Treatment,TREATED_BY,TREATED_BY,true,1.000,لا شك يؤثر فالنظام هو اساس العلاج,Evidence directly supports that the diet treats ارتفاع ضغط الدم.,groq,openai/gpt-oss-20b,dah_relation_validation_v1
rel_seed_c8ab49ecb7e233f9,chunk_00576,ahd10k_00787,724746,ent_merge_000209,انخفاض هرمون البروجسترون,DiseaseCondition,ent_merge_001340,تناول الخضراوات,Treatment,TREATED_BY,TREATED_BY,true,1.000,الإكثار من تناول الخضراوات,directly supported by evidence,groq,openai/gpt-oss-20b,dah_relation_validation_v1
rel_seed_5a9e50cfa7ee1c67,chunk_00576,ahd10k_00787,724746,ent_merge_000209,انخفاض هرمون البروجسترون,DiseaseCondition,ent_merge_001342,تناول الفواكه,Treatment,TREATED_BY,TREATED_BY,true,1.000,الإكثار من تناول الخضراوات والفواكه,directly supported by evidence,groq,openai/gpt-oss-20b,dah_relation_validation_v1
rel_seed_8f746fa328e201ab,chunk_00576,ahd10k_00787,724746,ent_merge_000209,انخفاض هرمون البروجسترون,DiseaseCondition,ent_merge_001325,تقليل الضغط النفسي,Treatment,TREATED_BY,TREATED_BY,true,1.000,التقليل من الضغط النفسي,directly supported by evidence,groq,openai/gpt-oss-20b,dah_relation_validation_v1
rel_seed_2a2d993e67e726c1,chunk_00576,ahd10k_00787,724746,ent_merge_000209,انخفاض هرمون البروجسترون,DiseaseCondition,ent_merge_001324,تقليل التوتر,Treatment,TREATED_BY,TREATED_BY,true,1.000,التقليل من الضغط النفسي والتوتر,directly supported by evidence,groq,openai/gpt-oss-20b,dah_relation_validation_v1
rel_seed_faf4283e3c5884d3,chunk_00576,ahd10k_00787,724746,ent_merge_000209,انخفاض هرمون البروجسترون,DiseaseCondition,ent_merge_001469,علاجات دوائية,Treatment,TREATED_BY,TREATED_BY,true,0.800,علاجات دوائية التي تحتوي هرمون البروجستيرون,Direct treatment mention for انخفاض هرمون البروجسترون,groq,llama-3.3-70b-versatile,dah_relation_validation_v1
rel_seed_0353a135a653ee56,chunk_00576,ahd10k_00787,724746,ent_merge_000562,هرمون البروجسترون,DiseaseCondition,ent_merge_001340,تناول الخضراوات,Treatment,TREATED_BY,TREATED_BY,true,1.000,الإكثار من تناول الخضراوات,directly supported by evidence,groq,openai/gpt-oss-20b,dah_relation_validation_v1
rel_seed_12099cb4f8d5e172,chunk_00576,ahd10k_00787,724746,ent_merge_000562,هرمون البروجسترون,DiseaseCondition,ent_merge_001342,تناول الفواكه,Treatment,TREATED_BY,TREATED_BY,true,1.000,الإكثار من تناول الخضراوات والفواكه,directly supported by evidence,groq,openai/gpt-oss-20b,dah_relation_validation_v1
rel_seed_3a09110f7e7bacf3,chunk_00576,ahd10k_00787,724746,ent_merge_000562,هرمون البروجسترون,DiseaseCondition,ent_merge_001469,علاجات دوائية,Treatment,TREATED_BY,TREATED_BY,true,1.000,علاجات دوائية التي تحتوي هرمون البروجستيرون,Directly supported by evidence snippet indicating drug treatments containing progesterone,groq,openai/gpt-oss-20b,dah_relation_validation_v1
rel_seed_2b389a29ef552040,chunk_00577,ahd10k_04490,445138,ent_merge_000033,اكتئاب,DiseaseCondition,ent_merge_001490,فلوكستين,Treatment,TREATED_BY,TREATED_BY,true,0.800,مضادات الاكتئاب قد تفيدك,Direct mention of فلوكستين as a potential treatment for اكتئاب,groq,llama-3.3-70b-versatile,dah_relation_validation_v1
rel_seed_2abb5e03307b1b96,chunk_00577,ahd10k_04490,445138,ent_merge_000033,اكتئاب,DiseaseCondition,ent_merge_001269,اميبرامين,Treatment,TREATED_BY,TREATED_BY,true,0.800,عقار فلوكستيين من مجموعة SSRI او اميبرامين من مجموعة TCA,Direct mention of اميبرامين as a potential treatment for اكتئاب,groq,llama-3.3-70b-versatile,dah_relation_validation_v1
rel_seed_b59ba2cc028b3152,chunk_00577,ahd10k_04490,445138,ent_merge_000577,وسواس قهري,DiseaseCondition,ent_merge_001490,فلوكستين,Treatment,TREATED_BY,TREATED_BY,true,1.000,فعالي في السيطرة على الخلل الكيميائي المسؤول عن الوسواس القهري,مستند إلى دليل مباشر على فاعلية فلوكستين في علاج الوسواس القهري,groq,openai/gpt-oss-20b,dah_relation_validation_v1
rel_seed_eac864e8306c3fb7,chunk_00577,ahd10k_04490,445138,ent_merge_000577,وسواس قهري,DiseaseCondition,ent_merge_001269,اميبرامين,Treatment,TREATED_BY,TREATED_BY,true,1.000,فعالي في السيطرة على الخلل الكيميائي المسؤول عن الوسواس القهري,مستند إلى دليل مباشر على فاعلية أميبرامين في علاج الوسواس القهري,groq,openai/gpt-oss-20b,dah_relation_validation_v1
rel_seed_d1b35fbcfe17f9c4,chunk_00578,ahd10k_07764,37354,ent_merge_000751,توتر,Symptom,ent_merge_001468,علاج نفسي,Treatment,TREATED_BY,TREATED_BY,true,0.800,توتر وعلاج نفسي,التوتر يُعالج بعلاج نفسي,groq,llama-3.3-70b-versatile,dah_relation_validation_v1
rel_seed_6bb3417f8b00f91f,chunk_00578,ahd10k_07764,37354,ent_merge_000872,قلة التركيز,Symptom,ent_merge_001468,علاج نفسي,Treatment,TREATED_BY,TREATED_BY,true,0.800,قلة التركيز وعلاج نفسي,قلة التركيز تُعالج بعلاج نفسي,groq,llama-3.3-70b-versatile,dah_relation_validation_v1
rel_seed_d54e8ac0cc1cd9d7,chunk_00578,ahd10k_09643,559550,ent_merge_000033,اكتئاب,DiseaseCondition,ent_merge_001468,علاج نفسي,Treatment,TREATED_BY,TREATED_BY,true,0.800,حالة اكتئاب شديدة وعلاج,الاكتئاب يُعالج بعلاج,groq,llama-3.3-70b-versatile,dah_relation_validation_v1
rel_seed_d71d197918474550,chunk_00578,ahd10k_09699,656918,ent_merge_000033,اكتئاب,DiseaseCondition,ent_merge_001085,5-Hydroxytryptophan,Treatment,TREATED_BY,TREATED_BY,true,1.000,5htp,direct evidence of 5‑Hydroxytryptophan treating depression,groq,openai/gpt-oss-20b,dah_relation_validation_v1
rel_seed_1df31e71cd19fb1f,chunk_00579,ahd10k_00635,491836,ent_merge_000387,سرعة القذف,DiseaseCondition,ent_merge_001603,مضادات الاكتئاب,Treatment,TREATED_BY,TREATED_BY,true,0.800,يستعين الطبيب بعلاجات دوائيه حسب الحاله,Direct mention of medical treatment for the condition,groq,llama-3.3-70b-versatile,dah_relation_validation_v1
rel_seed_700f1a4e5aa87549,chunk_00579,ahd10k_00635,491836,ent_merge_000387,سرعة القذف,DiseaseCondition,ent_merge_001241,الكريمات الموضعية المخدرة,Treatment,TREATED_BY,TREATED_BY,true,0.800,يوجد طرق واساليب متعدده لهذه الغايه تبدا بالدهونات والبخاخات والكريمات الموضعيه,Direct mention of topical creams as a treatment option,groq,llama-3.3-70b-versatile,dah_relation_validation_v1
rel_seed_dc2869d22d708214,chunk_00579,ahd10k_00892,586145,ent_merge_000387,سرعة القذف,DiseaseCondition,ent_merge_001603,مضادات الاكتئاب,Treatment,TREATED_BY,TREATED_BY,true,0.900,العلاج الدوائي بمُضادات الاكتئاب او الكريمات الموضعية المخدرة,Direct mention of medication as a treatment for the condition,groq,llama-3.3-70b-versatile,dah_relation_validation_v1
rel_seed_b43be550875b7d6b,chunk_00579,ahd10k_00892,586145,ent_merge_000387,سرعة القذف,DiseaseCondition,ent_merge_001241,الكريمات الموضعية المخدرة,Treatment,TREATED_BY,TREATED_BY,true,0.900,العلاج الدوائي بمُضادات الاكتئاب او الكريمات الموضعية المخدرة,Direct mention of topical creams as a treatment option,groq,llama-3.3-70b-versatile,dah_relation_validation_v1
rel_seed_2104fb906627298a,chunk_00579,ahd10k_00892,586145,ent_merge_000387,سرعة القذف,DiseaseCondition,ent_merge_001336,تمارين كيغل,Treatment,TREATED_BY,TREATED_BY,true,0.800,تمارين كيغل، عندما يقترب الرجل المنخرط في الجماع مع شريك حياته إلى نقطة اللاعودة,Direct mention of exercises as a treatment option,groq,llama-3.3-70b-versatile,dah_relation_validation_v1
rel_seed_2f53a52b454500ee,chunk_00579,ahd10k_03995,742208,ent_merge_000387,سرعة القذف,DiseaseCondition,ent_merge_001603,مضادات الاكتئاب,Treatment,TREATED_BY,TREATED_BY,true,0.800,يستخدم عادة مثل كمضادات للاكتئاب,Direct mention of medication as a common treatment,groq,llama-3.3-70b-versatile,dah_relation_validation_v1
rel_seed_913ed25e6ce85890,chunk_00579,ahd10k_04216,557563,ent_merge_000387,سرعة القذف,DiseaseCondition,ent_merge_001603,مضادات الاكتئاب,Treatment,TREATED_BY,TREATED_BY,true,0.800,العلاج الدوائي بمُضادات الاكتئاب,Direct treatment mention,groq,llama-3.3-70b-versatile,dah_relation_validation_v1
rel_seed_3fd7dd6d9c83a974,chunk_00579,ahd10k_04216,557563,ent_merge_000387,سرعة القذف,DiseaseCondition,ent_merge_001241,الكريمات الموضعية المخدرة,Treatment,TREATED_BY,TREATED_BY,true,0.800,العلاج الدوائي بالكريمات الموضعية المخدرة,Direct treatment mention,groq,llama-3.3-70b-versatile,dah_relation_validation_v1
rel_seed_5a8313fbbdd70665,chunk_00579,ahd10k_04216,557563,ent_merge_000387,سرعة القذف,DiseaseCondition,ent_merge_001336,تمارين كيغل,Treatment,TREATED_BY,TREATED_BY,true,0.800,تمارين كيغل,Direct treatment mention,groq,llama-3.3-70b-versatile,dah_relation_validation_v1
rel_seed_ed3cd1eeb8aa5e3b,chunk_00579,ahd10k_05770,604650,ent_merge_000387,سرعة القذف,DiseaseCondition,ent_merge_001336,تمارين كيغل,Treatment,TREATED_BY,TREATED_BY,true,0.800,تمارين كيغل لتقوية عضلات الشرج,Direct treatment mention,groq,llama-3.3-70b-versatile,dah_relation_validation_v1
rel_seed_832c9ee8fbdbade8,chunk_00580,ahd10k_00589,36513,ent_merge_000033,اكتئاب,DiseaseCondition,ent_merge_001603,مضادات الاكتئاب,Treatment,TREATED_BY,TREATED_BY,true,1.000,ينصح بالعلاج بمضادات الاكتئاب,direct evidence of treatment,groq,openai/gpt-oss-20b,dah_relation_validation_v1
rel_seed_ea089722a54dc347,chunk_00580,ahd10k_00589,36513,ent_merge_000033,اكتئاب,DiseaseCondition,ent_merge_001607,مضادات التوتر القلق,Treatment,TREATED_BY,TREATED_BY,true,1.000,ينصح بالعلاج بمضادات التوتر القلق,direct evidence of treatment,groq,openai/gpt-oss-20b,dah_relation_validation_v1
rel_seed_0b473a9140f24594,chunk_00580,ahd10k_08561,579031,ent_merge_000033,اكتئاب,DiseaseCondition,ent_merge_000748,تنميل,Symptom,HAS_SYMPTOM,HAS_SYMPTOM,true,1.000,انا مريضة منذ سنة اعراضي تنميل,direct evidence of symptom,groq,openai/gpt-oss-20b,dah_relation_validation_v1
rel_seed_f02023d332b52f09,chunk_00580,ahd10k_08561,579031,ent_merge_000033,اكتئاب,DiseaseCondition,ent_merge_000735,تعب,Symptom,HAS_SYMPTOM,HAS_SYMPTOM,true,1.000,انا مريضة منذ سنة اعراضي تنميل وتعب,direct evidence of symptom,groq,openai/gpt-oss-20b,dah_relation_validation_v1
rel_seed_9675352235c7882d,chunk_00580,ahd10k_08561,579031,ent_merge_000033,اكتئاب,DiseaseCondition,ent_merge_000854,عدم وضوح الرؤية,Symptom,HAS_SYMPTOM,HAS_SYMPTOM,true,0.800,انا مريضة منذ سنة اعراضي تنميل وتعب وعدم وضوح الرؤية,Direct mention of symptom related to the condition,groq,llama-3.3-70b-versatile,dah_relation_validation_v1
rel_seed_a9314b9af1abc04a,chunk_00580,ahd10k_08561,579031,ent_merge_000033,اكتئاب,DiseaseCondition,ent_merge_000620,الام بالعضلات,Symptom,HAS_SYMPTOM,HAS_SYMPTOM,true,0.800,انا مريضة منذ سنة اعراضي تنميل وتعب وعدم وضوح الرؤية والام بالعضلات,Direct mention of symptom related to the condition,groq,llama-3.3-70b-versatile,dah_relation_validation_v1
rel_seed_afc22bf0a665e743,chunk_00581,ahd10k_04452,799574,ent_merge_000359,داء ويلسون,DiseaseCondition,ent_merge_000811,رجفان,Symptom,HAS_SYMPTOM,HAS_SYMPTOM,true,1.000,وتحدث لي رجفة,symptom directly mentioned,groq,openai/gpt-oss-20b,dah_relation_validation_v1
rel_seed_779a28323ce3d1c5,chunk_00581,ahd10k_04452,799574,ent_merge_000359,داء ويلسون,DiseaseCondition,ent_merge_000752,توتر عصبي,Symptom,HAS_SYMPTOM,HAS_SYMPTOM,true,1.000,أعاني توتر عصبي,symptom directly mentioned,groq,openai/gpt-oss-20b,dah_relation_validation_v1
rel_seed_d02047c6e834716f,chunk_00581,ahd10k_04452,799574,ent_merge_000359,داء ويلسون,DiseaseCondition,ent_merge_000871,قلق,Symptom,HAS_SYMPTOM,HAS_SYMPTOM,true,0.900,اضطرابات نفسية مثل القلق,Direct mention of disease and symptom,groq,llama-3.3-70b-versatile,dah_relation_validation_v1
rel_seed_470659d152672d3f,chunk_00581,ahd10k_04452,799574,ent_merge_000359,داء ويلسون,DiseaseCondition,ent_merge_001419,زراعة الكبد,Treatment,TREATED_BY,TREATED_BY,true,0.900,ولا يوجد علاج شافي قطعي من المرض الا زراعة الكبد,Direct mention of disease treatment,groq,llama-3.3-70b-versatile,dah_relation_validation_v1
rel_seed_f1106ae22a7ca1b6,chunk_00582,ahd10k_01203,726507,ent_merge_000387,سرعة القذف,DiseaseCondition,ent_merge_001603,مضادات الاكتئاب,Treatment,TREATED_BY,TREATED_BY,true,0.800,العلاج الدوائي بمضادات الاكتئاب,Direct treatment mention,groq,llama-3.3-70b-versatile,dah_relation_validation_v1
rel_seed_8f534005af2477b8,chunk_00582,ahd10k_04043,364551,ent_merge_000387,سرعة القذف,DiseaseCondition,ent_merge_001603,مضادات الاكتئاب,Treatment,TREATED_BY,TREATED_BY,true,0.800,العلاج الدوائي بمضادات الاكتئاب,Direct treatment mention,groq,llama-3.3-70b-versatile,dah_relation_validation_v1
rel_seed_bdc7d4f476deceea,chunk_00582,ahd10k_06657,436686,ent_merge_000040,الإكتئاب,DiseaseCondition,ent_merge_000847,ضيق تنفس,Symptom,HAS_SYMPTOM,HAS_SYMPTOM,true,0.900,أعاني من ضيق تنفس حاد,Direct symptom mention,groq,llama-3.3-70b-versatile,dah_relation_validation_v1
rel_seed_6b28cc22a5e0c8b8,chunk_00582,ahd10k_08026,651145,ent_merge_000387,سرعة القذف,DiseaseCondition,ent_merge_001603,مضادات الاكتئاب,Treatment,TREATED_BY,TREATED_BY,true,0.800,العلاج الدوائي بمضادات الاكتئاب,Direct treatment mention,groq,llama-3.3-70b-versatile,dah_relation_validation_v1
rel_seed_c5af66d08addb71b,chunk_00582,ahd10k_09469,567993,ent_merge_000387,سرعة القذف,DiseaseCondition,ent_merge_001603,مضادات الاكتئاب,Treatment,TREATED_BY,TREATED_BY,true,0.800,العلاج الدوائي بمضادات الاكتئاب,Direct treatment mention,groq,llama-3.3-70b-versatile,dah_relation_validation_v1
rel_seed_9d08e228d5721ec5,chunk_00583,ahd10k_00713,355638,ent_merge_000871,قلق,Symptom,ent_merge_001630,ميرتاتزابين,Treatment,TREATED_BY,TREATED_BY,true,1.000,استخدمت ميرتاتزابين، خف القلق,Treatment used and relieved anxiety,groq,openai/gpt-oss-20b,dah_relation_validation_v1
rel_seed_ce4fed94b0d13164,chunk_00583,ahd10k_00713,355638,ent_merge_000897,نوبات ذعر,Symptom,ent_merge_001630,ميرتاتزابين,Treatment,TREATED_BY,TREATED_BY,true,0.800,استخدمت ميرتاتزابين,Direct treatment mention,groq,llama-3.3-70b-versatile,dah_relation_validation_v1
rel_seed_74b7f2d6521cc8a7,chunk_00584,ahd10k_08391,372504,ent_merge_000577,وسواس قهري,DiseaseCondition,ent_merge_001603,مضادات الاكتئاب,Treatment,TREATED_BY,TREATED_BY,true,0.800,حسب تشخيص دكتور نفسي في الاردن (اكتئاب ووسواس قهري) و نعم مضادات الاكتئاب بعضها مضاد قلق,الوسواس القهري يتم علاجه بمضادات الاكتئاب,groq,llama-3.3-70b-versatile,dah_relation_validation_v1
rel_seed_904fd5ba46703e8d,chunk_00585,ahd10k_08792,598949,ent_merge_000033,اكتئاب,DiseaseCondition,ent_merge_000614,الإفراط في تناول الطعام,Symptom,HAS_SYMPTOM,HAS_SYMPTOM,true,1.000,الإفراط في تناول الطعام ، فهنا يجب مع النظام الغذائي والذي لابد منه علاج الإكتئاب جنباً غلي جنب مع علاج السمنة,الإفراط في تناول الطعام هو عرض للاكتئاب,groq,llama-3.3-70b-versatile,dah_relation_validation_v1
rel_seed_a16b8f677db5fa76,chunk_00585,ahd10k_08792,598949,ent_merge_000033,اكتئاب,DiseaseCondition,ent_merge_001642,نظام غذائي,Treatment,TREATED_BY,TREATED_BY,true,1.000,فهنا يجب مع النظام الغذائي والذي لابد منه علاج الإكتئاب جنباً غلي جنب مع علاج السمنة,نظام غذائي هو علاج للاكتئاب,groq,llama-3.3-70b-versatile,dah_relation_validation_v1
rel_seed_842f4a63bcc1b9b0,chunk_00585,ahd10k_08792,598949,ent_merge_000391,سمنة,DiseaseCondition,ent_merge_000614,الإفراط في تناول الطعام,Symptom,HAS_SYMPTOM,HAS_SYMPTOM,true,1.000,الإفراط في تناول الطعام ، فهنا يجب مع النظام الغذائي والذي لابد منه علاج الإكتئاب جنباً غلي جنب مع علاج السمنة,الإفراط في تناول الطعام هو عرض للسمنة,groq,llama-3.3-70b-versatile,dah_relation_validation_v1
rel_seed_26a7ebdeedd00a94,chunk_00585,ahd10k_08792,598949,ent_merge_000391,سمنة,DiseaseCondition,ent_merge_001642,نظام غذائي,Treatment,TREATED_BY,TREATED_BY,true,0.800,علاج السمنة والبدانة يبدأ من تحديد سبب السمنة,Direct treatment relation mentioned in evidence,groq,llama-3.3-70b-versatile,dah_relation_validation_v1
rel_seed_0e9f7ea98b0739d1,chunk_00585,ahd10k_08792,598949,ent_merge_000391,سمنة,DiseaseCondition,ent_merge_001023,فحص,Test,DIAGNOSED_BY,DIAGNOSED_BY,true,0.900,الأولوية للفحص لدي طبيب باطني متخصص لتحديد السبب,Direct diagnosis relation mentioned in evidence,groq,llama-3.3-70b-versatile,dah_relation_validation_v1
rel_seed_09ccb9427fa82ddf,chunk_00585,ahd10k_08792,598949,ent_merge_000614,الإفراط في تناول الطعام,Symptom,ent_merge_001642,نظام غذائي,Treatment,TREATED_BY,TREATED_BY,true,0.800,علاج السمنة والبدانة يبدأ من تحديد سبب السمنة والذي يختلف من شخص لآخر ومن بيئة لآخري,Direct treatment relation mentioned in evidence,groq,llama-3.3-70b-versatile,dah_relation_validation_v1
rel_seed_a03a0138776510dc,chunk_00586,ahd10k_08907,485947,ent_merge_000387,سرعة القذف,DiseaseCondition,ent_merge_001167,الاستمناء,Treatment,TREATED_BY,TREATED_BY,true,0.800,العلاج الجنسي من خلال الاستمناء قبل ساعة أو أكثر من ممارسة الجنس,Direct treatment for سرعة القذف,groq,llama-3.3-70b-versatile,dah_relation_validation_v1
rel_seed_8868354ac8c7bbed,chunk_00586,ahd10k_08907,485947,ent_merge_000387,سرعة القذف,DiseaseCondition,ent_merge_001603,مضادات الاكتئاب,Treatment,TREATED_BY,TREATED_BY,true,0.800,العلاج الدوائي بمُضادات الاكتئاب,Direct treatment for سرعة القذف,groq,llama-3.3-70b-versatile,dah_relation_validation_v1
rel_seed_212423c97524b9c6,chunk_00586,ahd10k_08907,485947,ent_merge_000387,سرعة القذف,DiseaseCondition,ent_merge_001241,الكريمات الموضعية المخدرة,Treatment,TREATED_BY,TREATED_BY,true,0.800,العلاج الدوائي بالكريمات الموضعية المخدرة,Direct treatment for سرعة القذف,groq,llama-3.3-70b-versatile,dah_relation_validation_v1
rel_seed_2532c44531fdc738,chunk_00588,ahd10k_02905,525248,ent_merge_000577,وسواس قهري,DiseaseCondition,ent_merge_001603,مضادات الاكتئاب,Treatment,TREATED_BY,TREATED_BY,true,1.000,الوسواس القهري يتم علاجه عن طريق العلاج الدوائي بواسطة مضادات الاكتئاب,Direct evidence supports the relation between وسواس قهري and مضادات الاكتئاب.,groq,llama-3.3-70b-versatile,dah_relation_validation_v1
rel_seed_081c2b175427509c,chunk_00588,ahd10k_09315,765669,ent_merge_000033,اكتئاب,DiseaseCondition,ent_merge_001483,فايفرين,Treatment,TREATED_BY,TREATED_BY,true,1.000,اسم العلاج faverin 50 mg,Direct evidence supports the relation between اكتئاب and فايفرين.,groq,llama-3.3-70b-versatile,dah_relation_validation_v1
rel_seed_a21c035f3b477bda,chunk_00588,ahd10k_09315,765669,ent_merge_000033,اكتئاب,DiseaseCondition,ent_merge_001416,ريسبيردال,Treatment,TREATED_BY,TREATED_BY,true,1.000,علاج risperdal 2mg,Direct evidence supports the relation between اكتئاب and ريسبيردال.,groq,llama-3.3-70b-versatile,dah_relation_validation_v1
rel_seed_7ec17728ae0984d7,chunk_00589,ahd10k_02792,9000,ent_merge_000552,نقص فيتامين د,DiseaseCondition,ent_merge_000899,هبات ساخنة,Symptom,HAS_SYMPTOM,HAS_SYMPTOM,true,1.000,الهبات الساخنة,Vitamin D deficiency symptoms include hot flashes,groq,openai/gpt-oss-20b,dah_relation_validation_v1
rel_seed_9deba00ba232e22d,chunk_00589,ahd10k_02792,9000,ent_merge_000552,نقص فيتامين د,DiseaseCondition,ent_merge_000743,تقلبات مزاجية,Symptom,HAS_SYMPTOM,HAS_SYMPTOM,true,1.000,تقلبات مزاجية,Vitamin D deficiency symptoms include mood swings,groq,openai/gpt-oss-20b,dah_relation_validation_v1
rel_seed_6d6832313c803528,chunk_00589,ahd10k_02792,9000,ent_merge_000029,اضطرابات هرمونية,DiseaseCondition,ent_merge_000899,هبات ساخنة,Symptom,HAS_SYMPTOM,HAS_SYMPTOM,true,1.000,الهبات الساخنة والتقلبات المزاجية و الاكتئاب وغيرها,directly states hormonal disorders associated with hot flashes,groq,openai/gpt-oss-20b,dah_relation_validation_v1
rel_seed_9d1bf5eddea27cec,chunk_00589,ahd10k_02792,9000,ent_merge_000208,انخفاض مستويات هرمون الاستروجين,DiseaseCondition,ent_merge_000899,هبات ساخنة,Symptom,HAS_SYMPTOM,HAS_SYMPTOM,true,1.000,زيادة خطر الإصابة بكسور العظام و هشاشة العظام لدى النساء، الهبات الساخنة والتقلبات المزاجية و الاكتئاب وغيرها,الدليل يربط بين انخفاض مستويات هرمون الاستروجين وهبات ساخنة,groq,llama-3.3-70b-versatile,dah_relation_validation_v1
rel_seed_a3b3438df96167fd,chunk_00589,ahd10k_02792,9000,ent_merge_000208,انخفاض مستويات هرمون الاستروجين,DiseaseCondition,ent_merge_000743,تقلبات مزاجية,Symptom,HAS_SYMPTOM,HAS_SYMPTOM,true,0.800,زيادة خطر الاضطرابات الهرمونية، خاصة انخفاض مستويات هرمون الاستروجين,Directly supported by evidence of hormonal imbalance,groq,llama-3.3-70b-versatile,dah_relation_validation_v1
rel_seed_b9990e3e6a012b04,chunk_00589,ahd10k_02792,9000,ent_merge_000033,اكتئاب,DiseaseCondition,ent_merge_000743,تقلبات مزاجية,Symptom,HAS_SYMPTOM,HAS_SYMPTOM,true,0.900,الهبات الساخنة والتقلبات المزاجية و الاكتئاب وغيرها,Directly supported by evidence of depression symptoms,groq,llama-3.3-70b-versatile,dah_relation_validation_v1
rel_seed_6784c19e81c6d2bb,chunk_00589,ahd10k_02792,9000,ent_merge_000525,مقاومة الأنسولين,DiseaseCondition,ent_merge_000743,تقلبات مزاجية,Symptom,HAS_SYMPTOM,HAS_SYMPTOM,true,0.700,زيادة حطر مقاومة الأنسولين وما ينتج عنها من مشاكل ومضاعفات,Directly supported by evidence of insulin resistance complications,groq,llama-3.3-70b-versatile,dah_relation_validation_v1
rel_seed_7adb01a878ee9155,chunk_00589,ahd10k_02792,9000,ent_merge_000349,خلل واضطرابات الغدة النخامية,DiseaseCondition,ent_merge_000899,هبات ساخنة,Symptom,HAS_SYMPTOM,HAS_SYMPTOM,true,0.800,زيادة خطر الاضطرابات الهرمونية، خاصة انخفاض مستويات هرمون الاستروجين,Directly supported by evidence of hormonal imbalance,groq,llama-3.3-70b-versatile,dah_relation_validation_v1
rel_seed_213616c89cfab8a2,chunk_00589,ahd10k_02792,9000,ent_merge_000349,خلل واضطرابات الغدة النخامية,DiseaseCondition,ent_merge_000743,تقلبات مزاجية,Symptom,HAS_SYMPTOM,HAS_SYMPTOM,true,0.800,تقلبات مزاجية و الاكتئاب وغيرها,Directly mentioned as a symptom related to خلل واضطرابات الغدة النخامية,groq,llama-3.3-70b-versatile,dah_relation_validation_v1
rel_seed_3e8e7e6ebf62e366,chunk_00591,ahd10k_06000,733084,ent_merge_000283,تقرح القولون,DiseaseCondition,ent_merge_001086,5ASA,Treatment,TREATED_BY,TREATED_BY,true,1.000,عائلة ال5ASA هي الأدوية التي على كل مريض قولون متقرح ان يأخذها,directly states 5ASA treats ulcerative colitis,groq,openai/gpt-oss-20b,dah_relation_validation_v1
rel_seed_9b5b430faff3f011,chunk_00591,ahd10k_06121,670011,ent_merge_000170,القولون العصبي,DiseaseCondition,ent_merge_001565,مبيفيرين,Treatment,TREATED_BY,TREATED_BY,true,1.000,يمكن استخدام أقراص لتقلصات القولون مثل مادة مبيفيرين,directly states mifepristone treats irritable bowel syndrome,groq,openai/gpt-oss-20b,dah_relation_validation_v1
rel_seed_b83246cf4c33905c,chunk_00592,ahd10k_04467,787410,ent_merge_000059,التهاب,DiseaseCondition,ent_merge_000767,حرقان فى البول,Symptom,HAS_SYMPTOM,HAS_SYMPTOM,true,1.000,اعانى من حرقان فى البول,symptom directly linked to inflammation,groq,openai/gpt-oss-20b,dah_relation_validation_v1
rel_seed_966d88eca9256451,chunk_00592,ahd10k_04467,787410,ent_merge_000059,التهاب,DiseaseCondition,ent_merge_001545,كونترلك,Treatment,TREATED_BY,TREATED_BY,true,0.800,الادويه المعالجه هى كونترلك,Direct treatment mention,groq,llama-3.3-70b-versatile,dah_relation_validation_v1
rel_seed_d1ae7a9dfc410775,chunk_00592,ahd10k_04467,787410,ent_merge_000059,التهاب,DiseaseCondition,ent_merge_001435,سبازمو ديجستين,Treatment,TREATED_BY,TREATED_BY,true,0.800,الادويه المعالجه هى كونترلك + سبازمو ديجستين,Direct treatment mention,groq,llama-3.3-70b-versatile,dah_relation_validation_v1
rel_seed_a1d5a671b0735ea3,chunk_00592,ahd10k_04467,787410,ent_merge_000027,اضطراب فى القولون,DiseaseCondition,ent_merge_001545,كونترلك,Treatment,TREATED_BY,TREATED_BY,true,0.000,الادويه المعالجه هى كونترلك,Medication listed as treatment for colon disorder,groq,openai/gpt-oss-20b,dah_relation_validation_v1
rel_seed_46c9ef0be8284a4d,chunk_00592,ahd10k_04467,787410,ent_merge_000027,اضطراب فى القولون,DiseaseCondition,ent_merge_001435,سبازمو ديجستين,Treatment,TREATED_BY,TREATED_BY,true,0.800,الادويه المعالجه هى كونترلك + سبازمو ديجستين,Direct treatment mention,groq,llama-3.3-70b-versatile,dah_relation_validation_v1
rel_seed_94b7a767580158c3,chunk_00592,ahd10k_04467,787410,ent_merge_000027,اضطراب فى القولون,DiseaseCondition,ent_merge_001486,فلاجيل,Treatment,TREATED_BY,TREATED_BY,true,0.800,الادويه المعالجه هى كونترلك + سبازمو ديجستين + فلاجيل,Direct treatment mention for اضطراب فى القولون,groq,llama-3.3-70b-versatile,dah_relation_validation_v1
rel_seed_59e4c3c48818fb2e,chunk_00592,ahd10k_04467,787410,ent_merge_000767,حرقان فى البول,Symptom,ent_merge_000981,تحليل بول,Test,INVESTIGATED_BY,INVESTIGATED_BY,true,0.000,عمل فحص بول,Urine test performed to investigate burning in urine,groq,openai/gpt-oss-20b,dah_relation_validation_v1
rel_seed_4703dbf714584383,chunk_00592,ahd10k_04467,787410,ent_merge_000767,حرقان فى البول,Symptom,ent_merge_001545,كونترلك,Treatment,TREATED_BY,TREATED_BY,true,0.800,الادويه المعالجه هى كونترلك + سبازمو ديجستين + فلاجيل,Direct treatment mention for حرقان فى البول,groq,llama-3.3-70b-versatile,dah_relation_validation_v1
rel_seed_a5eb4eeb4531b0d7,chunk_00592,ahd10k_04467,787410,ent_merge_000767,حرقان فى البول,Symptom,ent_merge_001435,سبازمو ديجستين,Treatment,TREATED_BY,TREATED_BY,true,1.000,الادويه المعالجه هى كونترلك + سبازمو ديجستين,مستند إلى ذكر الدواء كعلاج للحرقان فى البول,groq,openai/gpt-oss-20b,dah_relation_validation_v1
rel_seed_5dc7232cf7c752fb,chunk_00592,ahd10k_04467,787410,ent_merge_000767,حرقان فى البول,Symptom,ent_merge_001486,فلاجيل,Treatment,TREATED_BY,TREATED_BY,true,1.000,الادويه المعالجه هى كونترلك + سبازمو ديجستين + فلاجيل,مستند إلى ذكر الدواء كعلاج للحرقان فى البول,groq,openai/gpt-oss-20b,dah_relation_validation_v1
rel_seed_6da845d8784814d3,chunk_00594,ahd10k_06879,561892,ent_merge_000232,بواسير,DiseaseCondition,ent_merge_000786,خروجي دم,Symptom,HAS_SYMPTOM,HAS_SYMPTOM,true,1.000,ممكن يكون بسبب بواسير,Bleeding can be caused by hemorrhoids,groq,openai/gpt-oss-20b,dah_relation_validation_v1
rel_seed_2908c10a1fa76aac,chunk_00594,ahd10k_06879,561892,ent_merge_000532,نزف من القولون,DiseaseCondition,ent_merge_000786,خروجي دم,Symptom,HAS_SYMPTOM,HAS_SYMPTOM,true,1.000,ممكن يكون بسبب بواسير ام نزف من القولون,Bleeding can be caused by colon bleeding,groq,openai/gpt-oss-20b,dah_relation_validation_v1
rel_seed_0f974095dc2dc760,chunk_00595,ahd10k_05646,184988,ent_merge_000170,القولون العصبي,DiseaseCondition,ent_merge_000846,ضيق التنفس,Symptom,HAS_SYMPTOM,HAS_SYMPTOM,true,0.800,اعانى من - القولون العصبى وضيق التنفس,Directly mentioned symptoms,groq,llama-3.3-70b-versatile,dah_relation_validation_v1
rel_seed_c0d2131e08ad829a,chunk_00595,ahd10k_05646,184988,ent_merge_000170,القولون العصبي,DiseaseCondition,ent_merge_001223,العلاج الدوائي,Treatment,TREATED_BY,TREATED_BY,true,1.000,لا بد من العلاج الدوائي,Evidence states medication is required for the condition,groq,openai/gpt-oss-20b,dah_relation_validation_v1
rel_seed_f1d812db3f7a99fe,chunk_00595,ahd10k_05646,184988,ent_merge_000846,ضيق التنفس,Symptom,ent_merge_001223,العلاج الدوائي,Treatment,TREATED_BY,TREATED_BY,true,0.900,لا بد من العلاج الدوائي,Direct treatment mention for symptom,groq,llama-3.3-70b-versatile,dah_relation_validation_v1
rel_seed_39241cecef7c628b,chunk_00596,ahd10k_03251,242454,ent_merge_000170,القولون العصبي,DiseaseCondition,ent_merge_000847,ضيق تنفس,Symptom,HAS_SYMPTOM,HAS_SYMPTOM,true,0.800,أشعر بوجود شئ عالق بالحنجره ويزداد هذا الشعور مع زيادة القلق والتوتر مع العلم انى اعانى من قولون عصبي,Directly mentioned symptom related to the condition,groq,llama-3.3-70b-versatile,dah_relation_validation_v1
rel_seed_4ba763ca960c53b5,chunk_00596,ahd10k_03251,242454,ent_merge_000170,القولون العصبي,DiseaseCondition,ent_merge_000871,قلق,Symptom,HAS_SYMPTOM,HAS_SYMPTOM,true,0.800,زيادة القلق,Directly mentioned symptom related to the condition,groq,llama-3.3-70b-versatile,dah_relation_validation_v1
rel_seed_42a0f1d848938d35,chunk_00596,ahd10k_03251,242454,ent_merge_000847,ضيق تنفس,Symptom,ent_merge_001055,فحص للبلعوم والحنجرة,Test,INVESTIGATED_BY,INVESTIGATED_BY,true,0.700,شعور بضيق فى التنفس,Symptom investigated through a specific test,groq,llama-3.3-70b-versatile,dah_relation_validation_v1
rel_seed_22cca695794db636,chunk_00596,ahd10k_03251,242454,ent_merge_000871,قلق,Symptom,ent_merge_001055,فحص للبلعوم والحنجرة,Test,INVESTIGATED_BY,INVESTIGATED_BY,true,0.700,زيادة القلق,Symptom investigated through a specific test,groq,llama-3.3-70b-versatile,dah_relation_validation_v1
rel_seed_ea9f3fc763778fce,chunk_00596,ahd10k_03251,242454,ent_merge_000449,فوبيا,DiseaseCondition,ent_merge_000871,قلق,Symptom,HAS_SYMPTOM,HAS_SYMPTOM,true,1.000,زيادة القلق,Anxiety directly mentioned as symptom of phobia,groq,openai/gpt-oss-20b,dah_relation_validation_v1
rel_seed_f16a8fb3d73b5a41,chunk_00596,ahd10k_03251,242454,ent_merge_000176,اللقمة الهستيريائية,DiseaseCondition,ent_merge_000871,قلق,Symptom,HAS_SYMPTOM,HAS_SYMPTOM,true,0.800,مثل هذه الحالات تسمى اللقمة الهستيريائية,القلق يمكن أن يكون عرضاً للاضطرابات الهستيرية,groq,llama-3.3-70b-versatile,dah_relation_validation_v1
rel_seed_65d2d3549d221a89,chunk_00596,ahd10k_03251,242454,ent_merge_000176,اللقمة الهستيريائية,DiseaseCondition,ent_merge_001055,فحص للبلعوم والحنجرة,Test,DIAGNOSED_BY,DIAGNOSED_BY,true,0.900,إجراء فحص للبلعوم والحنجرة,الفحص يمكن أن يكون مباشرة لتشخيص الحالة,groq,llama-3.3-70b-versatile,dah_relation_validation_v1
rel_seed_9b9f3a50505c43d3,chunk_00597,ahd10k_06662,799838,ent_merge_000592,ارتعاش اليدين,Symptom,ent_merge_001577,مراجعة طبيب اخصائي الاعصاب,Treatment,TREATED_BY,TREATED_BY,true,1.000,ينصح بمراجعة طبيب اخصائي الاعصاب,Evidence recommends neurologist for tremor,groq,openai/gpt-oss-20b,dah_relation_validation_v1
rel_seed_e70fa44e262431e9,chunk_00598,ahd10k_04912,525134,ent_merge_000385,سرطان القولون,DiseaseCondition,ent_merge_001245,الكيماوي,Treatment,TREATED_BY,TREATED_BY,true,0.800,جلسات كيماوي,Direct treatment mention,groq,llama-3.3-70b-versatile,dah_relation_validation_v1
rel_seed_70f21c6e73c37b7c,chunk_00598,ahd10k_04912,525134,ent_merge_000385,سرطان القولون,DiseaseCondition,ent_merge_001148,استئصال الورم,Treatment,TREATED_BY,TREATED_BY,true,0.900,استئصال ورم,Direct treatment mention,groq,llama-3.3-70b-versatile,dah_relation_validation_v1
rel_seed_dfc19abff00b1b8b,chunk_00598,ahd10k_06986,281238,ent_merge_000385,سرطان القولون,DiseaseCondition,ent_merge_001245,الكيماوي,Treatment,TREATED_BY,TREATED_BY,true,0.800,هي تتابع الكيماوي,Direct treatment mention,groq,llama-3.3-70b-versatile,dah_relation_validation_v1
rel_seed_ac71796ce8b92d75,chunk_00598,ahd10k_07390,580216,ent_merge_000385,سرطان القولون,DiseaseCondition,ent_merge_001245,الكيماوي,Treatment,TREATED_BY,TREATED_BY,true,0.800,علاج كيمياوي,Direct treatment mention,groq,llama-3.3-70b-versatile,dah_relation_validation_v1
rel_seed_900db71f6685e33d,chunk_00598,ahd10k_07390,580216,ent_merge_000385,سرطان القولون,DiseaseCondition,ent_merge_001148,استئصال الورم,Treatment,TREATED_BY,TREATED_BY,true,0.900,استئصال الورم,Direct treatment mention,groq,llama-3.3-70b-versatile,dah_relation_validation_v1
rel_seed_64aac47827c6eb07,chunk_00601,ahd10k_05873,322773,ent_merge_000170,القولون العصبي,DiseaseCondition,ent_merge_001216,السيبرالكس,Treatment,TREATED_BY,TREATED_BY,true,1.000,"القولون العصبي, السيبرالكس",Evidence lists both entities,groq,openai/gpt-oss-20b,dah_relation_validation_v1
rel_seed_d20e3241acc77cb5,chunk_00601,ahd10k_05873,322773,ent_merge_000170,القولون العصبي,DiseaseCondition,ent_merge_001205,الدينكسيت,Treatment,TREATED_BY,TREATED_BY,true,1.000,"القولون العصبي, الدينكسيت",Evidence lists both entities,groq,openai/gpt-oss-20b,dah_relation_validation_v1
rel_seed_061e62da6a7fede3,chunk_00601,ahd10k_05873,322773,ent_merge_000577,وسواس قهري,DiseaseCondition,ent_merge_001216,السيبرالكس,Treatment,TREATED_BY,TREATED_BY,true,0.800,الوسواس القهري treated by السيبرالكس,Direct treatment mention,groq,llama-3.3-70b-versatile,dah_relation_validation_v1
rel_seed_fde03a178dfca506,chunk_00601,ahd10k_05873,322773,ent_merge_000577,وسواس قهري,DiseaseCondition,ent_merge_001205,الدينكسيت,Treatment,TREATED_BY,TREATED_BY,true,0.800,الوسواس القهري treated by الدينكسيت,Direct treatment mention,groq,llama-3.3-70b-versatile,dah_relation_validation_v1
rel_seed_758ae26b92d4b475,chunk_00602,ahd10k_01931,511768,ent_merge_000170,القولون العصبي,DiseaseCondition,ent_merge_001655,وجبات صحية متوازنة,Treatment,TREATED_BY,TREATED_BY,true,0.800,باكل وجبات صحية متوازنة,Directly supported by the evidence as a treatment for القولون العصبي,groq,llama-3.3-70b-versatile,dah_relation_validation_v1
rel_seed_8089d8aad0623aea,chunk_00602,ahd10k_01931,511768,ent_merge_000170,القولون العصبي,DiseaseCondition,ent_merge_001337,تمارين للبطن,Treatment,TREATED_BY,TREATED_BY,true,0.800,قد تحتاج ايضا الى عمل تمارين للبطن,Directly supported by the evidence as a treatment for القولون العصبي,groq,llama-3.3-70b-versatile,dah_relation_validation_v1
rel_seed_8a64f21474d4dbf1,chunk_00602,ahd10k_01931,511768,ent_merge_000707,بطن كبير,Symptom,ent_merge_001655,وجبات صحية متوازنة,Treatment,TREATED_BY,TREATED_BY,true,0.800,باكل وجبات صحية متوازنة,Directly supported by the evidence as a treatment for symptoms like بطن كبير,groq,llama-3.3-70b-versatile,dah_relation_validation_v1
rel_seed_9ae0bb36a975851f,chunk_00602,ahd10k_01931,511768,ent_merge_000707,بطن كبير,Symptom,ent_merge_001337,تمارين للبطن,Treatment,TREATED_BY,TREATED_BY,true,0.800,قد تحتاج ايضا الى عمل تمارين للبطن,Directly supported by the evidence as a treatment for symptoms like بطن كبير,groq,llama-3.3-70b-versatile,dah_relation_validation_v1
rel_seed_0b3dcccd444cf69f,chunk_00603,ahd10k_05357,777369,ent_merge_000171,الكبد الدهني,DiseaseCondition,ent_merge_001172,الأملج,Treatment,TREATED_BY,TREATED_BY,true,1.000,له ميزه رائعه فى علاج الكبد الدهني,directly states treatment of fatty liver,groq,openai/gpt-oss-20b,dah_relation_validation_v1
rel_seed_be537b309048c853,chunk_00603,ahd10k_05357,777369,ent_merge_000391,سمنة,DiseaseCondition,ent_merge_001172,الأملج,Treatment,TREATED_BY,TREATED_BY,true,0.800,لذلك قد يستخدم في علاج السمنه,Direct evidence supports treatment relation,groq,llama-3.3-70b-versatile,dah_relation_validation_v1
rel_seed_7349d7374e4e97d9,chunk_00604,ahd10k_09861,574588,ent_merge_000170,القولون العصبي,DiseaseCondition,ent_merge_000801,دوار,Symptom,HAS_SYMPTOM,HAS_SYMPTOM,true,1.000,أعراض القولون العصبي,دوار مذكور كأعراض,groq,openai/gpt-oss-20b,dah_relation_validation_v1
rel_seed_9a3f8cad0842df4c,chunk_00604,ahd10k_09861,574588,ent_merge_000170,القولون العصبي,DiseaseCondition,ent_merge_000871,قلق,Symptom,HAS_SYMPTOM,HAS_SYMPTOM,true,1.000,أعراض القولون العصبي,قلق مذكور كأعراض,groq,openai/gpt-oss-20b,dah_relation_validation_v1
rel_seed_e931caf4bb5dda13,chunk_00604,ahd10k_09861,574588,ent_merge_000170,القولون العصبي,DiseaseCondition,ent_merge_000861,فقاعة,Symptom,HAS_SYMPTOM,HAS_SYMPTOM,true,1.000,الشعور بفقاعة مزعجة,فقاعة مذكورة كأعراض,groq,openai/gpt-oss-20b,dah_relation_validation_v1
rel_seed_29124c8281980b03,chunk_00604,ahd10k_09861,574588,ent_merge_000170,القولون العصبي,DiseaseCondition,ent_merge_000885,نبضات القلب,Symptom,HAS_SYMPTOM,HAS_SYMPTOM,true,1.000,الشعور بنبضات القلب,نبضات القلب مذكورة كأعراض,groq,openai/gpt-oss-20b,dah_relation_validation_v1
rel_seed_d8bb481963c8e264,chunk_00609,ahd10k_09847,697358,ent_merge_000378,سرطان,DiseaseCondition,ent_merge_001354,ثمرة غوانابانا,Treatment,TREATED_BY,TREATED_BY,true,1.000,ثمرة غوانابانا تساعد في علاج السرطان,Evidence directly links treatment to disease,groq,openai/gpt-oss-20b,dah_relation_validation_v1
rel_seed_1e69576c7c44c189,chunk_00609,ahd10k_09847,697358,ent_merge_000378,سرطان,DiseaseCondition,ent_merge_001162,الأدرياميسين,Treatment,TREATED_BY,TREATED_BY,true,0.800,علاج منتج الأدرياميسين,Direct mention of treatment,groq,llama-3.3-70b-versatile,dah_relation_validation_v1
rel_seed_053697a8ad46a6c8,chunk_00609,ahd10k_09847,697358,ent_merge_000385,سرطان القولون,DiseaseCondition,ent_merge_001354,ثمرة غوانابانا,Treatment,TREATED_BY,TREATED_BY,true,0.800,ثمرة غوانابانا تساعد في علاج السرطان,Direct mention of ثمرة غوانابانا treating سرطان القولون,groq,llama-3.3-70b-versatile,dah_relation_validation_v1
rel_seed_d3a970258bdf8990,chunk_00609,ahd10k_09847,697358,ent_merge_000385,سرطان القولون,DiseaseCondition,ent_merge_001162,الأدرياميسين,Treatment,TREATED_BY,TREATED_BY,true,0.800,علاج منتج الأدرياميسين,Direct mention of الأدرياميسين treating سرطان القولون,groq,llama-3.3-70b-versatile,dah_relation_validation_v1
rel_seed_eaf83c6c77df6d51,chunk_00609,ahd10k_09847,697358,ent_merge_000381,سرطان الثدي,DiseaseCondition,ent_merge_001354,ثمرة غوانابانا,Treatment,TREATED_BY,TREATED_BY,true,0.700,ثمرة غوانابانا تساعد في علاج السرطان,Direct mention of treatment for related condition,groq,llama-3.3-70b-versatile,dah_relation_validation_v1
rel_seed_9bdae0b4b4573c00,chunk_00609,ahd10k_09847,697358,ent_merge_000381,سرطان الثدي,DiseaseCondition,ent_merge_001162,الأدرياميسين,Treatment,TREATED_BY,TREATED_BY,true,0.800,علاج منتج الأدرياميسين,Direct mention of treatment for specific condition,groq,llama-3.3-70b-versatile,dah_relation_validation_v1
rel_seed_043fbd048547a2bd,chunk_00609,ahd10k_09847,697358,ent_merge_000379,سرطان البروستات,DiseaseCondition,ent_merge_001354,ثمرة غوانابانا,Treatment,TREATED_BY,TREATED_BY,true,1.000,ثمرة غوانابانا تساعد في علاج السرطان,Evidence directly states treatment of cancer by guava fruit,groq,openai/gpt-oss-20b,dah_relation_validation_v1
rel_seed_a0a140f9af2354b1,chunk_00609,ahd10k_09847,697358,ent_merge_000379,سرطان البروستات,DiseaseCondition,ent_merge_001162,الأدرياميسين,Treatment,TREATED_BY,TREATED_BY,true,1.000,علاج منتج الأدرياميسين,Evidence directly states treatment of cancer by adriamycin,groq,openai/gpt-oss-20b,dah_relation_validation_v1
rel_seed_8ed99a2acfff2a1d,chunk_00609,ahd10k_09847,697358,ent_merge_000382,سرطان الرئه,DiseaseCondition,ent_merge_001162,الأدرياميسين,Treatment,TREATED_BY,TREATED_BY,true,0.800,علاج منتج الأدرياميسين,Direct treatment mention,groq,llama-3.3-70b-versatile,dah_relation_validation_v1
rel_seed_f580068bae4493aa,chunk_00609,ahd10k_09847,697358,ent_merge_000380,سرطان البنكرياس,DiseaseCondition,ent_merge_001162,الأدرياميسين,Treatment,TREATED_BY,TREATED_BY,true,0.800,علاج منتج الأدرياميسين,Direct treatment mention,groq,llama-3.3-70b-versatile,dah_relation_validation_v1
rel_seed_b15bfabf0e8244a1,chunk_00610,ahd10k_06613,732774,ent_merge_000492,متلازمة القولون,DiseaseCondition,ent_merge_000688,النفخة,Symptom,HAS_SYMPTOM,HAS_SYMPTOM,true,1.000,مجموعة اعراض اضطراب الجهاز الهضمي السفلي المعني بالقولون باعراض النفخة,النفخة مذكورة كأعراض متلازمة القولون,groq,openai/gpt-oss-20b,dah_relation_validation_v1
rel_seed_3c13044cbbc141ce,chunk_00610,ahd10k_06613,732774,ent_merge_000492,متلازمة القولون,DiseaseCondition,ent_merge_000615,الالام,Symptom,HAS_SYMPTOM,HAS_SYMPTOM,true,1.000,مجموعة اعراض اضطراب الجهاز الهضمي السفلي المعني بالقولون باعراض النفخة والالام,الألم مذكور كأعراض متلازمة القولون,groq,openai/gpt-oss-20b,dah_relation_validation_v1
rel_seed_8d0de2e76b76bddd,chunk_00611,ahd10k_08609,792343,ent_merge_000282,تعجر الأظافر,DiseaseCondition,ent_merge_001061,فحوصات,Test,DIAGNOSED_BY,DIAGNOSED_BY,true,1.000,ليجري لك بعض الفحوصات,tests used for diagnosis,groq,openai/gpt-oss-20b,dah_relation_validation_v1
rel_seed_4ae48b2261a03915,chunk_00611,ahd10k_08609,792343,ent_merge_000502,مرض التشمع الصفراوي,DiseaseCondition,ent_merge_001061,فحوصات,Test,DIAGNOSED_BY,DIAGNOSED_BY,true,0.800,هذه الحالة اسمها تعجر الأظافرو يحدث في أمراض الرئتين مثل التدرن وتوسع القصبات الهوائية وذات الرئة وأورام الرئة وأمراض القلب الوعائية,Direct evidence of diagnosis,groq,llama-3.3-70b-versatile,dah_relation_validation_v1
rel_seed_d6228a24ae501ce0,chunk_00611,ahd10k_08609,792343,ent_merge_000197,أمراض القلب الوعائية,DiseaseCondition,ent_merge_001061,فحوصات,Test,DIAGNOSED_BY,DIAGNOSED_BY,true,0.800,هذه الحالة اسمها تعجر الأظافرو يحدث في أمراض الرئتين مثل التدرن وتوسع القصبات الهوائية وذات الرئة وأورام الرئة وأمراض القلب الوعائية,Direct evidence of diagnosis,groq,llama-3.3-70b-versatile,dah_relation_validation_v1
rel_seed_391def212b647913,chunk_00611,ahd10k_08609,792343,ent_merge_000200,أمراض باطنية,DiseaseCondition,ent_merge_001575,مراجعة استشاري,Treatment,TREATED_BY,TREATED_BY,true,1.000,ننصحك بمراجعة استشاري أمراض باطنية وقلب,direct recommendation to see a specialist for internal diseases,groq,openai/gpt-oss-20b,dah_relation_validation_v1
