relation_id,chunk_id,qa_id,candidate_relation_type,source_entity_id,source_name,source_type,target_entity_id,target_name,target_type,source_evidence,target_evidence,candidate_method,needs_llm_validation
rel_seed_56abfb8d8355106e,chunk_00001,ahd5k_00970,HAS_SYMPTOM,ent_diseasecondition_2f75d3dabe0b,حساسية,DiseaseCondition,ent_symptom_f4cf885a0447,سعال,Symptom,ما علاج البلغم (حساسية الصدر) رغم اخذى هلاج اكثر من مرة ولا فائدة ؟,هل هو ربو ؟؟ او هل هناك حساسية ابسط من ذلك وعوارضها فقط السعال والبلغم,entity_type_cooccurrence_same_qa,true
rel_seed_0c7a95bcebd3a487,chunk_00001,ahd5k_00970,HAS_SYMPTOM,ent_diseasecondition_2f75d3dabe0b,حساسية,DiseaseCondition,ent_symptom_dc2c7333a505,بلغم,Symptom,ما علاج البلغم (حساسية الصدر) رغم اخذى هلاج اكثر من مرة ولا فائدة ؟,ما علاج البلغم (حساسية الصدر) رغم اخذى هلاج اكثر من مرة ولا فائدة ؟,entity_type_cooccurrence_same_qa,true
rel_seed_bd265df67c4d74e3,chunk_00001,ahd5k_00970,HAS_SYMPTOM,ent_diseasecondition_16cf4e77b755,التهاب,DiseaseCondition,ent_symptom_f4cf885a0447,سعال,Symptom,اذا كنت تعاني من التهاب ما في الجزء العلوي من الجهاز التنفسي يجب ان تتعالج,هل هو ربو ؟؟ او هل هناك حساسية ابسط من ذلك وعوارضها فقط السعال والبلغم,entity_type_cooccurrence_same_qa,true
rel_seed_6c884a1c6b84097f,chunk_00001,ahd5k_00970,HAS_SYMPTOM,ent_diseasecondition_16cf4e77b755,التهاب,DiseaseCondition,ent_symptom_dc2c7333a505,بلغم,Symptom,اذا كنت تعاني من التهاب ما في الجزء العلوي من الجهاز التنفسي يجب ان تتعالج,ما علاج البلغم (حساسية الصدر) رغم اخذى هلاج اكثر من مرة ولا فائدة ؟,entity_type_cooccurrence_same_qa,true
rel_seed_0c18290c6e2c4697,chunk_00001,ahd5k_00970,HAS_SYMPTOM,ent_diseasecondition_1c50bd11c45a,ربو,DiseaseCondition,ent_symptom_f4cf885a0447,سعال,Symptom,هل هو ربو ؟؟ او هل هناك حساسية ابسط من ذلك وعوارضها فقط السعال والبلغم,هل هو ربو ؟؟ او هل هناك حساسية ابسط من ذلك وعوارضها فقط السعال والبلغم,entity_type_cooccurrence_same_qa,true
rel_seed_2d8676e4afe037e2,chunk_00001,ahd5k_00970,HAS_SYMPTOM,ent_diseasecondition_1c50bd11c45a,ربو,DiseaseCondition,ent_symptom_dc2c7333a505,بلغم,Symptom,هل هو ربو ؟؟ او هل هناك حساسية ابسط من ذلك وعوارضها فقط السعال والبلغم,ما علاج البلغم (حساسية الصدر) رغم اخذى هلاج اكثر من مرة ولا فائدة ؟,entity_type_cooccurrence_same_qa,true
rel_seed_f1b288a79aac2313,chunk_00001,ahd5k_03626,TREATED_BY,ent_diseasecondition_2f75d3dabe0b,حساسية,DiseaseCondition,ent_treatment_70be4452db30,بنسلين,Treatment,هل بنسلين يسبب إلتهاب المعدة للأطفال,هل بنسلين يسبب إلتهاب المعدة للأطفال,entity_type_cooccurrence_same_qa,true
rel_seed_5f923c9b33847ee1,chunk_00001,ahd5k_03626,TREATED_BY,ent_diseasecondition_c294dde65052,نزلة معوية,DiseaseCondition,ent_treatment_70be4452db30,بنسلين,Treatment,ممكن ان يسبب نزله معويه,هل بنسلين يسبب إلتهاب المعدة للأطفال,entity_type_cooccurrence_same_qa,true
rel_seed_4e0920fcda8ee854,chunk_00001,ahd5k_03872,HAS_SYMPTOM,ent_diseasecondition_16cf4e77b755,التهاب,DiseaseCondition,ent_symptom_7b839cc80688,ضيق تنفس,Symptom,أعراض التهاب وحساسيه الجيوب الانفيه لابد من استخدام الادويه المناسبه بعد الفحص عند طبيب ENT,اعاني من فتره من آلام في الانف والوجه والاخص الجبين واشعر بحساسيه في الحلق مما يسبب لي ضيق تنفس وتعب بشكل عام,entity_type_cooccurrence_same_qa,true
rel_seed_b17e2cb75449ca9f,chunk_00001,ahd5k_03872,HAS_SYMPTOM,ent_diseasecondition_16cf4e77b755,التهاب,DiseaseCondition,ent_symptom_28acc791e82d,تعب,Symptom,أعراض التهاب وحساسيه الجيوب الانفيه لابد من استخدام الادويه المناسبه بعد الفحص عند طبيب ENT,اعاني من فتره من آلام في الانف والوجه والاخص الجبين واشعر بحساسيه في الحلق مما يسبب لي ضيق تنفس وتعب بشكل عام,entity_type_cooccurrence_same_qa,true
rel_seed_f0f432e62cc5ed96,chunk_00002,ahd5k_00020,TREATED_BY,ent_diseasecondition_2f75d3dabe0b,حساسية,DiseaseCondition,ent_treatment_0311bc90ba75,حليب مكسر بروتين الحليب,Treatment,بنتي سنتين ونصف عندها حساسية من حليب البقر,اعطيها حليب مكسر بروتين الحليب بالكامل او حليب رز,entity_type_cooccurrence_same_qa,true
rel_seed_df369e76bea13661,chunk_00002,ahd5k_00133,TREATED_BY,ent_diseasecondition_2f75d3dabe0b,حساسية,DiseaseCondition,ent_treatment_45a78ee47153,نازونكس,Treatment,عندي تحسس انفي موسمي بيتغير حسب المواسم,بدائل يوجد نازونكس وافاميز وتابونكس وفليكسونيز,entity_type_cooccurrence_same_qa,true
rel_seed_036615e69fe27f5a,chunk_00003,ahd5k_01231,TREATED_BY,ent_diseasecondition_2f75d3dabe0b,حساسية,DiseaseCondition,ent_treatment_f4b5c1573769,مضاد الهيستامين,Treatment,تناولت مضاد حيووي زييثرون وانتج حساسية شديدة,استخدمي مضاد هيسامين وكورتيزون موضعي,entity_type_cooccurrence_same_qa,true
rel_seed_8e92aaaff3cb2b47,chunk_00003,ahd5k_01231,TREATED_BY,ent_diseasecondition_2f75d3dabe0b,حساسية,DiseaseCondition,ent_treatment_843876e28a68,كورتيزون,Treatment,تناولت مضاد حيووي زييثرون وانتج حساسية شديدة,استخدمي مضاد هيسامين وكورتيزون موضعي,entity_type_cooccurrence_same_qa,true
rel_seed_2a16da29661e0d27,chunk_00003,ahd5k_01231,DIAGNOSED_BY,ent_diseasecondition_2f75d3dabe0b,حساسية,DiseaseCondition,ent_test_433492431144,تحليل الحساسية,Test,تناولت مضاد حيووي زييثرون وانتج حساسية شديدة,اعملي تحليل حساسية المضادات,entity_type_cooccurrence_same_qa,true
rel_seed_6687872658c864ac,chunk_00003,ahd5k_01245,DIAGNOSED_BY,ent_diseasecondition_2f75d3dabe0b,حساسية,DiseaseCondition,ent_test_3f0d2e079b73,RAST Test,Test,انا اشعر بالصداع والنعاس وحساسية في وجهي,معرفة سبب الحساسيه يتم ذلك عن طريق RAST Test,entity_type_cooccurrence_same_qa,true
rel_seed_c4c6c926d85ac5f6,chunk_00004,ahd5k_02039,DIAGNOSED_BY,ent_diseasecondition_2f75d3dabe0b,حساسية,DiseaseCondition,ent_test_dd68aa784555,تحاليل مخبرية,Test,اعاني من حبوب بيضاء صغيره ف اماكن معينه ف الوجه و اتوقع انها حساسية من البيض او اشعة الشمس,لابدمن رؤيتها من قبل طبيب وعمل تحاليل خاصه بالحساسيه,entity_type_cooccurrence_same_qa,true
rel_seed_e43cc896f52f8b30,chunk_00006,ahd5k_00812,TREATED_BY,ent_diseasecondition_2f75d3dabe0b,حساسية,DiseaseCondition,ent_treatment_cbf0b7b10d4f,تجنب المنتجات التي تحوي جلوتين,Treatment,طفلتي تتحسس من الجلوتين وعمرها سنة ونصف هل توجد أدوية تساعد على الشفاء من هذا المرض ام لا ؟؟,للاسف اهم علاج تجنب المنتجات التي تحوي جلوتين,entity_type_cooccurrence_same_qa,true
rel_seed_19c18472a8cd7446,chunk_00006,ahd5k_02124,HAS_SYMPTOM,ent_diseasecondition_2f75d3dabe0b,حساسية,DiseaseCondition,ent_symptom_66c2e60e8e52,نشفان,Symptom,اصبت بحساسية في الصيف بالجسم وصفها الدكتور بحساسية شمس و بعد فترة اصبت بالتهاب لوز و بلعوم و حبوب في اخر الحلق الحبوب مازالت موجودة واشعر بنشفان دائم في الحلق...,اصبت بحساسية في الصيف بالجسم وصفها الدكتور بحساسية شمس و بعد فترة اصبت بالتهاب لوز و بلعوم و حبوب في اخر الحلق الحبوب مازالت موجودة واشعر بنشفان دائم في الحلق...,entity_type_cooccurrence_same_qa,true
rel_seed_4e1404e8486246b4,chunk_00006,ahd5k_02124,TREATED_BY,ent_diseasecondition_2f75d3dabe0b,حساسية,DiseaseCondition,ent_treatment_e341edad55d8,تقوية المناعة,Treatment,اصبت بحساسية في الصيف بالجسم وصفها الدكتور بحساسية شمس و بعد فترة اصبت بالتهاب لوز و بلعوم و حبوب في اخر الحلق الحبوب مازالت موجودة واشعر بنشفان دائم في الحلق...,الاعراض التي في الحلق أعراض فيروس مثل الكوكساكي فيروس تتحسن مع الوقت عليك بتقوية المناعة بأكل الفواكة والحمضيات وشرب الزنجبيل مع العسل والليمون مره باليوم الزنجبيل مطحون بمعدل معلقه صغيره يوجد أيضا شراب ECHINACEA يحسن حالتك,entity_type_cooccurrence_same_qa,true
rel_seed_d83589eb55da5ed1,chunk_00006,ahd5k_02124,TREATED_BY,ent_diseasecondition_2f75d3dabe0b,حساسية,DiseaseCondition,ent_treatment_c48b0529e8b1,شراب ECHINACEA,Treatment,اصبت بحساسية في الصيف بالجسم وصفها الدكتور بحساسية شمس و بعد فترة اصبت بالتهاب لوز و بلعوم و حبوب في اخر الحلق الحبوب مازالت موجودة واشعر بنشفان دائم في الحلق...,الاعراض التي في الحلق أعراض فيروس مثل الكوكساكي فيروس تتحسن مع الوقت عليك بتقوية المناعة بأكل الفواكة والحمضيات وشرب الزنجبيل مع العسل والليمون مره باليوم الزنجبيل مطحون بمعدل معلقه صغيره يوجد أيضا شراب ECHINACEA يحسن حالتك,entity_type_cooccurrence_same_qa,true
rel_seed_06067f3481a14bb7,chunk_00006,ahd5k_02124,HAS_SYMPTOM,ent_diseasecondition_341d574d8fe5,التهاب اللوزتين,DiseaseCondition,ent_symptom_66c2e60e8e52,نشفان,Symptom,اصبت بحساسية في الصيف بالجسم وصفها الدكتور بحساسية شمس و بعد فترة اصبت بالتهاب لوز و بلعوم و حبوب في اخر الحلق الحبوب مازالت موجودة واشعر بنشفان دائم في الحلق...,اصبت بحساسية في الصيف بالجسم وصفها الدكتور بحساسية شمس و بعد فترة اصبت بالتهاب لوز و بلعوم و حبوب في اخر الحلق الحبوب مازالت موجودة واشعر بنشفان دائم في الحلق...,entity_type_cooccurrence_same_qa,true
rel_seed_1d0a5267ab69c428,chunk_00006,ahd5k_02124,TREATED_BY,ent_diseasecondition_341d574d8fe5,التهاب اللوزتين,DiseaseCondition,ent_treatment_e341edad55d8,تقوية المناعة,Treatment,اصبت بحساسية في الصيف بالجسم وصفها الدكتور بحساسية شمس و بعد فترة اصبت بالتهاب لوز و بلعوم و حبوب في اخر الحلق الحبوب مازالت موجودة واشعر بنشفان دائم في الحلق...,الاعراض التي في الحلق أعراض فيروس مثل الكوكساكي فيروس تتحسن مع الوقت عليك بتقوية المناعة بأكل الفواكة والحمضيات وشرب الزنجبيل مع العسل والليمون مره باليوم الزنجبيل مطحون بمعدل معلقه صغيره يوجد أيضا شراب ECHINACEA يحسن حالتك,entity_type_cooccurrence_same_qa,true
rel_seed_6394e23049cb9f7c,chunk_00006,ahd5k_02124,TREATED_BY,ent_diseasecondition_341d574d8fe5,التهاب اللوزتين,DiseaseCondition,ent_treatment_c48b0529e8b1,شراب ECHINACEA,Treatment,اصبت بحساسية في الصيف بالجسم وصفها الدكتور بحساسية شمس و بعد فترة اصبت بالتهاب لوز و بلعوم و حبوب في اخر الحلق الحبوب مازالت موجودة واشعر بنشفان دائم في الحلق...,الاعراض التي في الحلق أعراض فيروس مثل الكوكساكي فيروس تتحسن مع الوقت عليك بتقوية المناعة بأكل الفواكة والحمضيات وشرب الزنجبيل مع العسل والليمون مره باليوم الزنجبيل مطحون بمعدل معلقه صغيره يوجد أيضا شراب ECHINACEA يحسن حالتك,entity_type_cooccurrence_same_qa,true
rel_seed_7bf1fcd6399c6209,chunk_00006,ahd5k_02124,TREATED_BY,ent_symptom_66c2e60e8e52,نشفان,Symptom,ent_treatment_e341edad55d8,تقوية المناعة,Treatment,اصبت بحساسية في الصيف بالجسم وصفها الدكتور بحساسية شمس و بعد فترة اصبت بالتهاب لوز و بلعوم و حبوب في اخر الحلق الحبوب مازالت موجودة واشعر بنشفان دائم في الحلق...,الاعراض التي في الحلق أعراض فيروس مثل الكوكساكي فيروس تتحسن مع الوقت عليك بتقوية المناعة بأكل الفواكة والحمضيات وشرب الزنجبيل مع العسل والليمون مره باليوم الزنجبيل مطحون بمعدل معلقه صغيره يوجد أيضا شراب ECHINACEA يحسن حالتك,entity_type_cooccurrence_same_qa,true
rel_seed_b6bc52a8678af246,chunk_00006,ahd5k_02124,TREATED_BY,ent_symptom_66c2e60e8e52,نشفان,Symptom,ent_treatment_c48b0529e8b1,شراب ECHINACEA,Treatment,اصبت بحساسية في الصيف بالجسم وصفها الدكتور بحساسية شمس و بعد فترة اصبت بالتهاب لوز و بلعوم و حبوب في اخر الحلق الحبوب مازالت موجودة واشعر بنشفان دائم في الحلق...,الاعراض التي في الحلق أعراض فيروس مثل الكوكساكي فيروس تتحسن مع الوقت عليك بتقوية المناعة بأكل الفواكة والحمضيات وشرب الزنجبيل مع العسل والليمون مره باليوم الزنجبيل مطحون بمعدل معلقه صغيره يوجد أيضا شراب ECHINACEA يحسن حالتك,entity_type_cooccurrence_same_qa,true
rel_seed_982decef15a095a6,chunk_00008,ahd5k_01190,TREATED_BY,ent_diseasecondition_adcc5a085807,الجلد المترهل,DiseaseCondition,ent_treatment_5b2a681074cf,الجراحة التجميلية,Treatment,كيف يمكن شد الجلد المترهل في منطقه البطن مع العلم ان الوزن مناسب؟,يمكن شده بممارسة الرياضة أو بالجراحة التجميلية.,entity_type_cooccurrence_same_qa,true
rel_seed_913123ff000cd8d8,chunk_00009,ahd5k_00614,DIAGNOSED_BY,ent_diseasecondition_2f75d3dabe0b,حساسية,DiseaseCondition,ent_test_433492431144,تحليل الحساسية,Test,هل عشبة الزعرور تتعارض مع مميعات الدم كالأسبرين وتؤدي لنتيجة سلبية ؟,وكذلك تزيد من احتمالية تسمم الجسم بدواء ( DIGOXIN ) وذلك عند تفاعله مع هذه العشبة تزداد معدلاته في الدم بصورة عالية,entity_type_cooccurrence_same_qa,true
rel_seed_ff07e3e9137b5923,chunk_00009,ahd5k_00614,DIAGNOSED_BY,ent_diseasecondition_1c50bd11c45a,ربو,DiseaseCondition,ent_test_433492431144,تحليل الحساسية,Test,وجد ان هذه العشبة تزيد من سيولة الدم في المرضى الذين يأخذون الاسبرين او البلافكس او الورفارين وهم الغالبية العظمى من مرضى القلب,وكذلك تزيد من احتمالية تسمم الجسم بدواء ( DIGOXIN ) وذلك عند تفاعله مع هذه العشبة تزداد معدلاته في الدم بصورة عالية,entity_type_cooccurrence_same_qa,true
rel_seed_4c0806798fc3b63e,chunk_00010,ahd5k_04473,HAS_SYMPTOM,ent_diseasecondition_c8b276e9a67b,التهاب المفاصل,DiseaseCondition,ent_symptom_202dedeff038,ألم المفاصل,Symptom,الحد من التهاب المفاصل,التخفيف من ألم المفاصل,entity_type_cooccurrence_same_qa,true
rel_seed_d84227361802ce87,chunk_00010,ahd5k_04473,TREATED_BY,ent_diseasecondition_c8b276e9a67b,التهاب المفاصل,DiseaseCondition,ent_treatment_b036b1170044,زيت الحنظل,Treatment,الحد من التهاب المفاصل,يستخرج زيت الحنظل من نبات الحنظل الصحراوي,entity_type_cooccurrence_same_qa,true
rel_seed_20519a58cbc56b93,chunk_00010,ahd5k_04473,TREATED_BY,ent_symptom_202dedeff038,ألم المفاصل,Symptom,ent_treatment_b036b1170044,زيت الحنظل,Treatment,التخفيف من ألم المفاصل,يستخرج زيت الحنظل من نبات الحنظل الصحراوي,entity_type_cooccurrence_same_qa,true
rel_seed_61010f5e08ac4035,chunk_00011,ahd5k_03104,TREATED_BY,ent_diseasecondition_7abdd04c7114,الحمل,DiseaseCondition,ent_treatment_24d83b12af40,زيت الحلبة,Treatment,"لا ينبغي استخدام زيت الحلبة قبل استشارة الطبيب , ومن الأفضل تجنب استخدامه أثناء فترة الحمل.",ما هى فوائد زيت الحلبه للجسم اذا استعمل شربا مع الماء شكرا,entity_type_cooccurrence_same_qa,true
rel_seed_354224a6f6ecd18c,chunk_00011,ahd5k_04697,TREATED_BY,ent_diseasecondition_7abdd04c7114,الحمل,DiseaseCondition,ent_treatment_6528bb63fe9c,فينوروتون,Treatment,انا متزوجة وعمري 29 سنة ولدي ثلاثة اطفال اعاني من الدوالي في ساق قدمي بدت الدوالي عندي وانا حامل بالطفل الثاني وازدادت مع حملي في الطفل الثالث ....,العلاج : 1-- تنفيذ النصائح السابقة وتناول علاج بسيط مثل فينوروتون,entity_type_cooccurrence_same_qa,true
rel_seed_17a5353f44e5cf8d,chunk_00011,ahd5k_04697,TREATED_BY,ent_diseasecondition_7abdd04c7114,الحمل,DiseaseCondition,ent_treatment_f5d29134c577,العلاج بالليزر,Treatment,انا متزوجة وعمري 29 سنة ولدي ثلاثة اطفال اعاني من الدوالي في ساق قدمي بدت الدوالي عندي وانا حامل بالطفل الثاني وازدادت مع حملي في الطفل الثالث ....,6--وافضل طريقة هي العلاج بالليزر حيث أثبتت الأبحاث العالمية نجاحا يفوق الجراحات الأخرى .,entity_type_cooccurrence_same_qa,true
rel_seed_28ce871fa8d02466,chunk_00011,ahd5k_04697,TREATED_BY,ent_diseasecondition_c4254d272647,دوالي الساقين,DiseaseCondition,ent_treatment_6528bb63fe9c,فينوروتون,Treatment,دوالي الساقين : هي تضخم الأوردة السطحية وقد تحدث في أي مكان من الجسم ولكنها أكثر انتشارا في الساقين .,العلاج : 1-- تنفيذ النصائح السابقة وتناول علاج بسيط مثل فينوروتون,entity_type_cooccurrence_same_qa,true
rel_seed_7ba94027e8803b24,chunk_00011,ahd5k_04697,TREATED_BY,ent_diseasecondition_c4254d272647,دوالي الساقين,DiseaseCondition,ent_treatment_f5d29134c577,العلاج بالليزر,Treatment,دوالي الساقين : هي تضخم الأوردة السطحية وقد تحدث في أي مكان من الجسم ولكنها أكثر انتشارا في الساقين .,6--وافضل طريقة هي العلاج بالليزر حيث أثبتت الأبحاث العالمية نجاحا يفوق الجراحات الأخرى .,entity_type_cooccurrence_same_qa,true
rel_seed_ff666fc9288a7df2,chunk_00012,ahd5k_04015,TREATED_BY,ent_diseasecondition_f870ba2ab6eb,الدورة الشهرية,DiseaseCondition,ent_treatment_fd42eb263b89,اكليل الجبل,Treatment,تنظيم الدورة الشهرية,اكليل الجبل,entity_type_cooccurrence_same_qa,true
rel_seed_410b5987d20de0d3,chunk_00012,ahd5k_04015,TREATED_BY,ent_diseasecondition_f870ba2ab6eb,الدورة الشهرية,DiseaseCondition,ent_treatment_b792fc31b8bb,الميرمية,Treatment,تنظيم الدورة الشهرية,الميرمية,entity_type_cooccurrence_same_qa,true
rel_seed_326f7e183a766cef,chunk_00012,ahd5k_04015,TREATED_BY,ent_diseasecondition_f870ba2ab6eb,الدورة الشهرية,DiseaseCondition,ent_treatment_c91b15de897a,البقدونس,Treatment,تنظيم الدورة الشهرية,البقدونس,entity_type_cooccurrence_same_qa,true
rel_seed_efa5cdecacaf49f5,chunk_00012,ahd5k_04015,TREATED_BY,ent_diseasecondition_f870ba2ab6eb,الدورة الشهرية,DiseaseCondition,ent_treatment_c2ead061e2d0,حشيشة الملاك,Treatment,تنظيم الدورة الشهرية,حشيشة الملاك,entity_type_cooccurrence_same_qa,true
rel_seed_9771359a526fa098,chunk_00012,ahd5k_04015,TREATED_BY,ent_diseasecondition_f870ba2ab6eb,الدورة الشهرية,DiseaseCondition,ent_treatment_fc32e4036e25,البردقوش,Treatment,تنظيم الدورة الشهرية,البردقوش,entity_type_cooccurrence_same_qa,true
rel_seed_244c1ab7820a5189,chunk_00012,ahd5k_04015,TREATED_BY,ent_diseasecondition_f870ba2ab6eb,الدورة الشهرية,DiseaseCondition,ent_treatment_895d0d591838,القرفة,Treatment,تنظيم الدورة الشهرية,القرفة,entity_type_cooccurrence_same_qa,true
rel_seed_a7bb8588332ff407,chunk_00012,ahd5k_04015,TREATED_BY,ent_diseasecondition_f870ba2ab6eb,الدورة الشهرية,DiseaseCondition,ent_treatment_639e625fe991,الزنجبيل,Treatment,تنظيم الدورة الشهرية,الزنجبيل,entity_type_cooccurrence_same_qa,true
rel_seed_512abecec0fbc4b3,chunk_00012,ahd5k_04015,TREATED_BY,ent_diseasecondition_f870ba2ab6eb,الدورة الشهرية,DiseaseCondition,ent_treatment_2cb98decc0ee,الكرفس,Treatment,تنظيم الدورة الشهرية,الكرفس,entity_type_cooccurrence_same_qa,true
rel_seed_ac7da79349285de2,chunk_00013,ahd5k_02556,TREATED_BY,ent_diseasecondition_2f75d3dabe0b,حساسية,DiseaseCondition,ent_treatment_91cb532e35c6,بابونج,Treatment,تجبنه في حال المعاناة من حساسية تجاه البابونج,كيف يحضر شراب البابونج,entity_type_cooccurrence_same_qa,true
rel_seed_4e146192db0931f5,chunk_00013,ahd5k_02556,TREATED_BY,ent_diseasecondition_7abdd04c7114,الحمل,DiseaseCondition,ent_treatment_91cb532e35c6,بابونج,Treatment,يجب تجنب الإفراط في استخدامه في حال الحمل,كيف يحضر شراب البابونج,entity_type_cooccurrence_same_qa,true
rel_seed_c564afb6ccfe81cb,chunk_00014,ahd5k_00887,HAS_SYMPTOM,ent_diseasecondition_1c50bd11c45a,ربو,DiseaseCondition,ent_symptom_b754f1a1e5a8,صداع,Symptom,التخفيف من أعراض الربو وأمراض الجهاز التنفسي.,التخفيف من أعراض الصداع والصداع النصفي.,entity_type_cooccurrence_same_qa,true
rel_seed_5a95dc63296dfe15,chunk_00014,ahd5k_00887,TREATED_BY,ent_diseasecondition_1c50bd11c45a,ربو,DiseaseCondition,ent_treatment_677fdfb3086e,زيت الحبة السوداء,Treatment,التخفيف من أعراض الربو وأمراض الجهاز التنفسي.,ما هي فوائد زيت حبة السوداء أو ما يعرف بحبة البركة، وهل يمكن تناولها بشكل يومي؟,entity_type_cooccurrence_same_qa,true
rel_seed_2025cad13118277b,chunk_00014,ahd5k_00887,HAS_SYMPTOM,ent_diseasecondition_2f75d3dabe0b,حساسية,DiseaseCondition,ent_symptom_b754f1a1e5a8,صداع,Symptom,علاج حساسية الأنف والتهاب الجيوب الأنفية.,التخفيف من أعراض الصداع والصداع النصفي.,entity_type_cooccurrence_same_qa,true
rel_seed_4f94c296991a8bf7,chunk_00014,ahd5k_00887,TREATED_BY,ent_diseasecondition_2f75d3dabe0b,حساسية,DiseaseCondition,ent_treatment_677fdfb3086e,زيت الحبة السوداء,Treatment,علاج حساسية الأنف والتهاب الجيوب الأنفية.,ما هي فوائد زيت حبة السوداء أو ما يعرف بحبة البركة، وهل يمكن تناولها بشكل يومي؟,entity_type_cooccurrence_same_qa,true
rel_seed_ae85f383f00386e8,chunk_00014,ahd5k_00887,TREATED_BY,ent_symptom_b754f1a1e5a8,صداع,Symptom,ent_treatment_677fdfb3086e,زيت الحبة السوداء,Treatment,التخفيف من أعراض الصداع والصداع النصفي.,ما هي فوائد زيت حبة السوداء أو ما يعرف بحبة البركة، وهل يمكن تناولها بشكل يومي؟,entity_type_cooccurrence_same_qa,true
rel_seed_89925911869011b4,chunk_00014,ahd5k_00887,HAS_SYMPTOM,ent_diseasecondition_16cf4e77b755,التهاب,DiseaseCondition,ent_symptom_b754f1a1e5a8,صداع,Symptom,علاج اضطرابات الهضم والتخفيف من أعراض القولون العصبي.,التخفيف من أعراض الصداع والصداع النصفي.,entity_type_cooccurrence_same_qa,true
rel_seed_6f46569af308e5f2,chunk_00014,ahd5k_00887,TREATED_BY,ent_diseasecondition_16cf4e77b755,التهاب,DiseaseCondition,ent_treatment_677fdfb3086e,زيت الحبة السوداء,Treatment,علاج اضطرابات الهضم والتخفيف من أعراض القولون العصبي.,ما هي فوائد زيت حبة السوداء أو ما يعرف بحبة البركة، وهل يمكن تناولها بشكل يومي؟,entity_type_cooccurrence_same_qa,true
rel_seed_81d4ef9053ac542a,chunk_00016,ahd5k_02823,HAS_SYMPTOM,ent_diseasecondition_1cff9c5dbe9e,صرع,DiseaseCondition,ent_symptom_871c0c5d659d,نوبة,Symptom,طفل عمره اربع سنوات شخص مرضه على انه كهرباء زائدة,الصرع نوعان : 1- نوبات عامة تصيب جميع اجزاء الجسم,entity_type_cooccurrence_same_qa,true
rel_seed_c158ff08f803e10f,chunk_00019,ahd5k_03258,TREATED_BY,ent_diseasecondition_2f75d3dabe0b,حساسية,DiseaseCondition,ent_treatment_039793a12776,الايزوتريتينوين,Treatment,منذ دخول الصيف وانا اعاني من ظهور حبوب في وجهي,يفضل مراجعة طبيب الجلدية لوصف العلاج المناسب لانه عادة يحتاج حب الشباب الى ادوية لعلاجها منها الايزوتريتينوين,entity_type_cooccurrence_same_qa,true
rel_seed_3bf6d9ef701b9bec,chunk_00020,ahd5k_01423,TREATED_BY,ent_diseasecondition_cbcc5fb6bf54,صغر الثدي,DiseaseCondition,ent_treatment_3278b7c5cc1b,حليب الصويا,Treatment,عمري 18 سنة وأنا أعاني من صغر الثدي هل يوجد أي حل لتكبيره دون جراحة,حليب الصويا له فوائد عديدة فهو يزيد من افراز هرمون الأستروجين الأنثوي الذي يثير الرغبة الجنسية عند المرأة ويزيد من حجم الأعضاء التناسلية والثديين,entity_type_cooccurrence_same_qa,true
rel_seed_950a6cd53d4f8f78,chunk_00022,ahd5k_04612,TREATED_BY,ent_diseasecondition_7754d34e2c52,شيب,DiseaseCondition,ent_treatment_48712ae621b5,خلطة الريحان و الروزماري,Treatment,هل يوجد حل لعلاج الشيب المبكر,هل خلطة الريحان و الروزماري مفيدة للتخلص من الشيب,entity_type_cooccurrence_same_qa,true
rel_seed_f266ca001389ac0d,chunk_00022,ahd5k_04779,TREATED_BY,ent_diseasecondition_050f0f4f890b,كسل بالغدة الدرقية,DiseaseCondition,ent_treatment_982172163039,خلطة العسل والفوقص الحوصلي والغذاء الملكي والعكبر والقسط الهندي,Treatment,هل هناك اعشاب معينه ممكن ان آخذها للمحافظة على الغدة الدرقية,هذه خلطة مفيدة ان شاء الله لمن معهم كسل بالغدة الدرقية,entity_type_cooccurrence_same_qa,true
rel_seed_8d3a656f552448a8,chunk_00022,ahd5k_04986,TREATED_BY,ent_symptom_6910233b82fc,بروز في البطن,Symptom,ent_treatment_a3fdf405330a,تمارين رياضية,Treatment,انا بنت عمري 22 سنة بدي علاج طبيعي وسريع للبطن.. عندي بروز في البطن,وجربت التمارين فترة بس ما لاحظت نتيجة كبيرة,entity_type_cooccurrence_same_qa,true
rel_seed_177d9b3c7b46d5f7,chunk_00028,ahd5k_03068,DIAGNOSED_BY,ent_diseasecondition_16cf4e77b755,التهاب,DiseaseCondition,ent_test_dd68aa784555,تحاليل مخبرية,Test,التهابات المهبل,تحليل الحساسية,entity_type_cooccurrence_same_qa,true
rel_seed_20e3faa05b161f86,chunk_00028,ahd5k_03068,DIAGNOSED_BY,ent_diseasecondition_2f75d3dabe0b,حساسية,DiseaseCondition,ent_test_dd68aa784555,تحاليل مخبرية,Test,حساسية جلديه,تحليل الحساسية,entity_type_cooccurrence_same_qa,true
rel_seed_f28c8e031cdacc1f,chunk_00028,ahd5k_03068,DIAGNOSED_BY,ent_diseasecondition_380db6d92562,مرض السكري,DiseaseCondition,ent_test_dd68aa784555,تحاليل مخبرية,Test,مرض السكري,تحليل الحساسية,entity_type_cooccurrence_same_qa,true
rel_seed_99970c48243f3d05,chunk_00030,ahd5k_00348,HAS_SYMPTOM,ent_diseasecondition_7f3c581aaa3e,ارتكاريا,DiseaseCondition,ent_symptom_018ebc11f6df,حمى,Symptom,ترتفع درجة حرارة الجسم عندما ترتبط البيروجينات بمنطقة تحت المهاد، أهمها إنترلوكين 1 (IL-1),ترتفع درجة حرارة الجسم عندما ترتبط البيروجينات بمنطقة تحت المهاد، أهمها إنترلوكين 1 (IL-1),entity_type_cooccurrence_same_qa,true
rel_seed_5cf2bad5750a18bc,chunk_00033,ahd5k_00261,TREATED_BY,ent_diseasecondition_c7baf8534e07,دوالي الخصية,DiseaseCondition,ent_treatment_f4382c9333bb,العلاج بالجراحة,Treatment,دوالي الخصية,العلاج بالجراحة,entity_type_cooccurrence_same_qa,true
rel_seed_11782988ba506d07,chunk_00033,ahd5k_01221,TREATED_BY,ent_diseasecondition_bd502372680c,شلل العصب السابع,DiseaseCondition,ent_treatment_93132ac17089,مضادات الالتهاب,Treatment,شلل العصب السابع,مضادات الالتهاب,entity_type_cooccurrence_same_qa,true
rel_seed_1cacccb2dca30ba0,chunk_00033,ahd5k_01221,TREATED_BY,ent_diseasecondition_bd502372680c,شلل العصب السابع,DiseaseCondition,ent_treatment_afbe4f3ae93f,العلاج الطبيعي,Treatment,شلل العصب السابع,العلاج الطبيعي,entity_type_cooccurrence_same_qa,true
rel_seed_15dc9c6cd2bdc920,chunk_00033,ahd5k_01221,TREATED_BY,ent_diseasecondition_bd502372680c,شلل العصب السابع,DiseaseCondition,ent_treatment_e7f992c031a2,العلاج بالإبر الصينية,Treatment,شلل العصب السابع,العلاج بالإبر الصينية,entity_type_cooccurrence_same_qa,true
rel_seed_4eab4bbd962f3990,chunk_00033,ahd5k_01221,TREATED_BY,ent_diseasecondition_bd502372680c,شلل العصب السابع,DiseaseCondition,ent_treatment_65d67800955e,مضادات الفيروسات,Treatment,شلل العصب السابع,مضادات الفيروسات,entity_type_cooccurrence_same_qa,true
rel_seed_e83e19ef634bddb1,chunk_00033,ahd5k_01221,TREATED_BY,ent_diseasecondition_bd502372680c,شلل العصب السابع,DiseaseCondition,ent_treatment_acb8b834aff2,الكورتيزونات,Treatment,شلل العصب السابع,الكورتيزونات,entity_type_cooccurrence_same_qa,true
rel_seed_6b740473e7d3ba61,chunk_00037,ahd5k_01578,DIAGNOSED_BY,ent_diseasecondition_46faf93722a3,الفركتوز,DiseaseCondition,ent_test_d990d9189fc6,الجلوكوز,Test,الفركتوز هو نوع اخر من السكر يكون مكونا لجدار الخلايا,الجلوكوز هو نوع من انواع السكر يدخل في تركيب الكثير من البروتينات والدهون في الخلايا,entity_type_cooccurrence_same_qa,true
rel_seed_2c69236375e074cd,chunk_00037,ahd5k_01578,HAS_SYMPTOM,ent_diseasecondition_46faf93722a3,الفركتوز,DiseaseCondition,ent_symptom_5a4646c01c0e,اختلال وظائف الكبد,Symptom,الفركتوز هو نوع اخر من السكر يكون مكونا لجدار الخلايا,التهاب في العين وفقدان حاسة الشم واختلال وظائف الكبد والكلى,entity_type_cooccurrence_same_qa,true
rel_seed_5e2b96904451541d,chunk_00037,ahd5k_01578,DIAGNOSED_BY,ent_diseasecondition_8e104f8ce212,الجالكتوز,DiseaseCondition,ent_test_d990d9189fc6,الجلوكوز,Test,الجلاكتوز هو نوع من انواع السكر يدخل في تركيب الكثير من البروتينات والدهون في الخلايا,الجلوكوز هو نوع من انواع السكر يدخل في تركيب الكثير من البروتينات والدهون في الخلايا,entity_type_cooccurrence_same_qa,true
rel_seed_2f33a66d89df0203,chunk_00037,ahd5k_01578,HAS_SYMPTOM,ent_diseasecondition_8e104f8ce212,الجالكتوز,DiseaseCondition,ent_symptom_5a4646c01c0e,اختلال وظائف الكبد,Symptom,الجلاكتوز هو نوع من انواع السكر يدخل في تركيب الكثير من البروتينات والدهون في الخلايا,التهاب في العين وفقدان حاسة الشم واختلال وظائف الكبد والكلى,entity_type_cooccurrence_same_qa,true
rel_seed_94fa5e8afcbcb71b,chunk_00037,ahd5k_01578,DIAGNOSED_BY,ent_diseasecondition_16cf4e77b755,التهاب,DiseaseCondition,ent_test_d990d9189fc6,الجلوكوز,Test,التهاب في العين وفقدان حاسة الشم واختلال وظائف الكبد والكلى,الجلوكوز هو نوع من انواع السكر يدخل في تركيب الكثير من البروتينات والدهون في الخلايا,entity_type_cooccurrence_same_qa,true
rel_seed_5833cc6e20017e7f,chunk_00037,ahd5k_01578,HAS_SYMPTOM,ent_diseasecondition_16cf4e77b755,التهاب,DiseaseCondition,ent_symptom_5a4646c01c0e,اختلال وظائف الكبد,Symptom,التهاب في العين وفقدان حاسة الشم واختلال وظائف الكبد والكلى,التهاب في العين وفقدان حاسة الشم واختلال وظائف الكبد والكلى,entity_type_cooccurrence_same_qa,true
rel_seed_191b3e74e31f446e,chunk_00037,ahd5k_01578,INVESTIGATED_BY,ent_symptom_5a4646c01c0e,اختلال وظائف الكبد,Symptom,ent_test_d990d9189fc6,الجلوكوز,Test,التهاب في العين وفقدان حاسة الشم واختلال وظائف الكبد والكلى,الجلوكوز هو نوع من انواع السكر يدخل في تركيب الكثير من البروتينات والدهون في الخلايا,entity_type_cooccurrence_same_qa,true
rel_seed_00ef9afb72a2a73b,chunk_00038,ahd5k_03468,TREATED_BY,ent_diseasecondition_28abf8165f28,بيلة الميوغلوبين,DiseaseCondition,ent_treatment_b7e7fb09dd09,السوائل,Treatment,مرض بيلة الميوغلوبين ارجو ايفادي به,العلاج الاهم هو السوائل للمحافظة على الكلى,entity_type_cooccurrence_same_qa,true
rel_seed_318b06af55ba9ebd,chunk_00039,ahd5k_04866,TREATED_BY,ent_diseasecondition_6fc3f18427fb,الصدمة الكهربائية,DiseaseCondition,ent_treatment_328642ab84d2,النواقل,Treatment,الصدمه الكهرباييه وتتجلي بالضرر الذى يصيب انسجة الجسم نتيجة تأثير التيار او القوس الكهربائى,توضع النواقل فى داره قصر للحصول علي نفس النتيجه,entity_type_cooccurrence_same_qa,true
rel_seed_b763892b3f09b904,chunk_00039,ahd5k_04866,TREATED_BY,ent_diseasecondition_6fc3f18427fb,الصدمة الكهربائية,DiseaseCondition,ent_treatment_3c3b0b18ce4a,الادوات,Treatment,الصدمه الكهرباييه وتتجلي بالضرر الذى يصيب انسجة الجسم نتيجة تأثير التيار او القوس الكهربائى,يستعمل الادوات التي لها مقابض عازلة,entity_type_cooccurrence_same_qa,true
rel_seed_8cd1644af5899ba5,chunk_00039,ahd5k_04866,TREATED_BY,ent_diseasecondition_6fc3f18427fb,الصدمة الكهربائية,DiseaseCondition,ent_treatment_450cbdcb87da,الطبيب,Treatment,الصدمه الكهرباييه وتتجلي بالضرر الذى يصيب انسجة الجسم نتيجة تأثير التيار او القوس الكهربائى,يستدعي الطبيب او المسعف للتعامل مع المصاب,entity_type_cooccurrence_same_qa,true
rel_seed_1e2fe5f366a733e5,chunk_00039,ahd5k_04866,TREATED_BY,ent_diseasecondition_5dcc30c3edc8,الحروق,DiseaseCondition,ent_treatment_328642ab84d2,النواقل,Treatment,الحروق الكهربائية وهى اكثر انواع الصدمات الكهربائية انتشارا,توضع النواقل فى داره قصر للحصول علي نفس النتيجه,entity_type_cooccurrence_same_qa,true
rel_seed_2dfb1858f28f418c,chunk_00039,ahd5k_04866,TREATED_BY,ent_diseasecondition_5dcc30c3edc8,الحروق,DiseaseCondition,ent_treatment_3c3b0b18ce4a,الادوات,Treatment,الحروق الكهربائية وهى اكثر انواع الصدمات الكهربائية انتشارا,يستعمل الادوات التي لها مقابض عازلة,entity_type_cooccurrence_same_qa,true
rel_seed_1f346172d7d9ebdc,chunk_00039,ahd5k_04866,TREATED_BY,ent_diseasecondition_5dcc30c3edc8,الحروق,DiseaseCondition,ent_treatment_450cbdcb87da,الطبيب,Treatment,الحروق الكهربائية وهى اكثر انواع الصدمات الكهربائية انتشارا,يستدعي الطبيب او المسعف للتعامل مع المصاب,entity_type_cooccurrence_same_qa,true
rel_seed_a903560d15c0ecca,chunk_00039,ahd5k_04866,TREATED_BY,ent_diseasecondition_16cf4e77b755,التهاب,DiseaseCondition,ent_treatment_328642ab84d2,النواقل,Treatment,احتراق الجلد من قبل ذرات المعدن المنصهر والمتطاير عند القوس الكهربائى,توضع النواقل فى داره قصر للحصول علي نفس النتيجه,entity_type_cooccurrence_same_qa,true
rel_seed_26aeca3643f7949e,chunk_00039,ahd5k_04866,TREATED_BY,ent_diseasecondition_16cf4e77b755,التهاب,DiseaseCondition,ent_treatment_3c3b0b18ce4a,الادوات,Treatment,احتراق الجلد من قبل ذرات المعدن المنصهر والمتطاير عند القوس الكهربائى,يستعمل الادوات التي لها مقابض عازلة,entity_type_cooccurrence_same_qa,true
rel_seed_6059b0acf71ceb85,chunk_00039,ahd5k_04866,TREATED_BY,ent_diseasecondition_16cf4e77b755,التهاب,DiseaseCondition,ent_treatment_450cbdcb87da,الطبيب,Treatment,احتراق الجلد من قبل ذرات المعدن المنصهر والمتطاير عند القوس الكهربائى,يستدعي الطبيب او المسعف للتعامل مع المصاب,entity_type_cooccurrence_same_qa,true
rel_seed_408258bcd45b9b06,chunk_00040,ahd5k_00679,DIAGNOSED_BY,ent_diseasecondition_884ee2807f70,بروثرومبين,DiseaseCondition,ent_test_dd68aa784555,تحاليل مخبرية,Test,بروثرومبين في الدم,تحليل مخبري,entity_type_cooccurrence_same_qa,true
rel_seed_7c832a083dba32c1,chunk_00040,ahd5k_00679,HAS_SYMPTOM,ent_diseasecondition_884ee2807f70,بروثرومبين,DiseaseCondition,ent_symptom_018ebc11f6df,حمى,Symptom,بروثرومبين في الدم,بمعلوية زمن البروثرومبين كيف يمكن حساب تركيز البروثرومبين؟,entity_type_cooccurrence_same_qa,true
rel_seed_18b4305344979e91,chunk_00040,ahd5k_00679,INVESTIGATED_BY,ent_symptom_018ebc11f6df,حمى,Symptom,ent_test_dd68aa784555,تحاليل مخبرية,Test,بمعلوية زمن البروثرومبين كيف يمكن حساب تركيز البروثرومبين؟,تحليل مخبري,entity_type_cooccurrence_same_qa,true
rel_seed_e2d311d7850421fd,chunk_00041,ahd5k_01930,DIAGNOSED_BY,ent_diseasecondition_0c001085703e,الورم النقوي المتعدد,DiseaseCondition,ent_test_645255369776,تحليل,Test,ورم نقوي متعدد multiple myeloma,تحليل لبروتينات الدم,entity_type_cooccurrence_same_qa,true
rel_seed_61030b64578a2e2e,chunk_00041,ahd5k_01930,DIAGNOSED_BY,ent_diseasecondition_4b1ef800ffb3,متلازمة فالدنستروم,DiseaseCondition,ent_test_645255369776,تحليل,Test,متلازمة فالدنستروم,تحليل لبروتينات الدم,entity_type_cooccurrence_same_qa,true
rel_seed_be5e04583ae66be9,chunk_00043,ahd5k_00643,TREATED_BY,ent_diseasecondition_2cbe61e08310,سمنة الأرداف,DiseaseCondition,ent_treatment_77e8744fec6a,فجل أبيض,Treatment,سمنة الأرداف والسيقان من المشاكل الرئيسية التي تؤرق النساء الشرقيات.,تناول الفجل الأبيض الذي أثبتت الدراسات أنه يذيب الدهون عامة وفي منطقة الأرداف والفخذين,entity_type_cooccurrence_same_qa,true
rel_seed_fdc04da208b6d7fe,chunk_00044,ahd5k_03238,DIAGNOSED_BY,ent_diseasecondition_7f2969b272b5,تشوهات خلقية,DiseaseCondition,ent_test_dd68aa784555,تحاليل مخبرية,Test,تشوهات كثيرة على مستوى الرأس والشفة,عملت الزوجة فحوصات وتحاليل لدى طبيب مختص,entity_type_cooccurrence_same_qa,true
rel_seed_c86793a5228526f8,chunk_00045,ahd5k_04509,TREATED_BY,ent_diseasecondition_7abdd04c7114,الحمل,DiseaseCondition,ent_treatment_9faa6531b364,الكحول,Treatment,الحمل,الكحول,entity_type_cooccurrence_same_qa,true
rel_seed_d2953e614ab9ca9f,chunk_00045,ahd5k_04509,TREATED_BY,ent_diseasecondition_7abdd04c7114,الحمل,DiseaseCondition,ent_treatment_d30b06ad4ba6,مضادات الصرع,Treatment,الحمل,مضادات الصرع,entity_type_cooccurrence_same_qa,true
rel_seed_23ecb53ef56622e0,chunk_00045,ahd5k_04509,TREATED_BY,ent_diseasecondition_7f2969b272b5,تشوهات خلقية,DiseaseCondition,ent_treatment_9faa6531b364,الكحول,Treatment,تشوهات خلقية,الكحول,entity_type_cooccurrence_same_qa,true
rel_seed_49bf5cf8cf8c95bb,chunk_00045,ahd5k_04509,TREATED_BY,ent_diseasecondition_7f2969b272b5,تشوهات خلقية,DiseaseCondition,ent_treatment_d30b06ad4ba6,مضادات الصرع,Treatment,تشوهات خلقية,مضادات الصرع,entity_type_cooccurrence_same_qa,true
rel_seed_7de18c9b149431b5,chunk_00046,ahd5k_00647,HAS_SYMPTOM,ent_diseasecondition_4453ab65a84b,تضخم,DiseaseCondition,ent_symptom_8d2e4253732b,تضخم في الارداف,Symptom,تضخم في الارداف,تضخم في الارداف,entity_type_cooccurrence_same_qa,true
rel_seed_0e883bb557d01578,chunk_00050,ahd5k_00597,TREATED_BY,ent_diseasecondition_7abdd04c7114,الحمل,DiseaseCondition,ent_treatment_d5946e76d323,اللقاح,Treatment,السلام عليكم ورحمة الله وبركاته اريد ان اسأل بخصوص الزواج من رجل حامل لفايروس الكبد من النوع بي وانا فتاه سليمه هل هناك ضرر من ذلك هل الجرعات الثلاثه كافيه,بوجود اللقاح تستطيعين الإطمئنان لن ينتقل اذا اتبعنا التعليمات الصحيحة سيتحجم الفيروس بالعلاج ويفقد نشاطه تابعي مع استشاري كبد,entity_type_cooccurrence_same_qa,true
rel_seed_f6b6f326f236d3d1,chunk_00050,ahd5k_00597,TREATED_BY,ent_diseasecondition_7abdd04c7114,الحمل,DiseaseCondition,ent_treatment_06f93bf4dc11,الجرعات الثلاثه,Treatment,السلام عليكم ورحمة الله وبركاته اريد ان اسأل بخصوص الزواج من رجل حامل لفايروس الكبد من النوع بي وانا فتاه سليمه هل هناك ضرر من ذلك هل الجرعات الثلاثه كافيه,السلام عليكم ورحمة الله وبركاته اريد ان اسأل بخصوص الزواج من رجل حامل لفايروس الكبد من النوع بي وانا فتاه سليمه هل هناك ضرر من ذلك هل الجرعات الثلاثه كافيه,entity_type_cooccurrence_same_qa,true
rel_seed_6708339bc60bd46e,chunk_00050,ahd5k_00597,TREATED_BY,ent_diseasecondition_f3a36190d8c6,فايروس الكبد,DiseaseCondition,ent_treatment_d5946e76d323,اللقاح,Treatment,السلام عليكم ورحمة الله وبركاته اريد ان اسأل بخصوص الزواج من رجل حامل لفايروس الكبد من النوع بي وانا فتاه سليمه هل هناك ضرر من ذلك هل الجرعات الثلاثه كافيه,بوجود اللقاح تستطيعين الإطمئنان لن ينتقل اذا اتبعنا التعليمات الصحيحة سيتحجم الفيروس بالعلاج ويفقد نشاطه تابعي مع استشاري كبد,entity_type_cooccurrence_same_qa,true
rel_seed_e93540f09e8974da,chunk_00050,ahd5k_00597,TREATED_BY,ent_diseasecondition_f3a36190d8c6,فايروس الكبد,DiseaseCondition,ent_treatment_06f93bf4dc11,الجرعات الثلاثه,Treatment,السلام عليكم ورحمة الله وبركاته اريد ان اسأل بخصوص الزواج من رجل حامل لفايروس الكبد من النوع بي وانا فتاه سليمه هل هناك ضرر من ذلك هل الجرعات الثلاثه كافيه,السلام عليكم ورحمة الله وبركاته اريد ان اسأل بخصوص الزواج من رجل حامل لفايروس الكبد من النوع بي وانا فتاه سليمه هل هناك ضرر من ذلك هل الجرعات الثلاثه كافيه,entity_type_cooccurrence_same_qa,true
rel_seed_386efae96ce9080f,chunk_00051,ahd5k_01005,TREATED_BY,ent_diseasecondition_db17a406c72e,ارتفاع ضغط الدم,DiseaseCondition,ent_treatment_470ecec01368,حبوب الأسبرين,Treatment,ارتفاع حمض البول بحد ذاته,حبوب الأسبرين لحماية القلب,entity_type_cooccurrence_same_qa,true
rel_seed_204c68c249eda725,chunk_00051,ahd5k_01005,TREATED_BY,ent_diseasecondition_db17a406c72e,ارتفاع ضغط الدم,DiseaseCondition,ent_treatment_6066173509fd,اللحوم الحمراء,Treatment,ارتفاع حمض البول بحد ذاته,قلل من اللحوم الحمراء والكلاوي والكبد,entity_type_cooccurrence_same_qa,true
rel_seed_017cc8188a7945fc,chunk_00051,ahd5k_01761,TREATED_BY,ent_diseasecondition_db17a406c72e,ارتفاع ضغط الدم,DiseaseCondition,ent_treatment_249018a21aa8,القهوة,Treatment,ضغط الدم منخفض للغاية,شرب قهوة مع الاكل,entity_type_cooccurrence_same_qa,true
rel_seed_dbfab67b04663fbb,chunk_00052,ahd5k_04944,HAS_SYMPTOM,ent_diseasecondition_e04a557cb82b,Acanthosis nigricans,DiseaseCondition,ent_symptom_a6a5150fee6f,النزلة,Symptom,مرض الاديسون هو سبب اخر لتغيير لون الجلد الي اسود,تغير لون الجلد الى اللون الاسود,entity_type_cooccurrence_same_qa,true
rel_seed_21eaf75ca346fdfc,chunk_00052,ahd5k_04944,HAS_SYMPTOM,ent_diseasecondition_380db6d92562,مرض السكري,DiseaseCondition,ent_symptom_a6a5150fee6f,النزلة,Symptom,هل تعانين من مرض السكري,تغير لون الجلد الى اللون الاسود,entity_type_cooccurrence_same_qa,true
rel_seed_185264f36282b6c1,chunk_00052,ahd5k_04944,HAS_SYMPTOM,ent_diseasecondition_f756960fd62b,السمنة,DiseaseCondition,ent_symptom_a6a5150fee6f,النزلة,Symptom,تعد السمنة احد اهم مسبباته,تغير لون الجلد الى اللون الاسود,entity_type_cooccurrence_same_qa,true
rel_seed_5bb6e4736f7097cd,chunk_00052,ahd5k_04944,HAS_SYMPTOM,ent_diseasecondition_db17a406c72e,ارتفاع ضغط الدم,DiseaseCondition,ent_symptom_a6a5150fee6f,النزلة,Symptom,امراض الشرايين وعدم وصول تغذية كافية للجلد ايضاً يتسبب بتغيير اللون الى السواد ايضا,تغير لون الجلد الى اللون الاسود,entity_type_cooccurrence_same_qa,true
rel_seed_4e792acdb32dd143,chunk_00052,ahd5k_04944,HAS_SYMPTOM,ent_diseasecondition_16cf4e77b755,التهاب,DiseaseCondition,ent_symptom_a6a5150fee6f,النزلة,Symptom,تغير لون الجلد الى اللون الاسود,تغير لون الجلد الى اللون الاسود,entity_type_cooccurrence_same_qa,true
rel_seed_aa3f966270f89411,chunk_00053,ahd5k_00696,TREATED_BY,ent_diseasecondition_9719230327a2,فقر الدم,DiseaseCondition,ent_treatment_ace11c18f4c4,فول,Treatment,الفوال أو التفول هو الاضطراب الخلقي الجيني الناجم عن نقص الأنزيم المسؤول عن الحفاظ على تركيز ببتيد الغلوتاثيون الذي يحمي خلايا الدم الحمراء من التلف بفعل الأكسدة وبالتالي التسبب في فقر الدم الانحلالي الغير مناعي,لا يمكن الوقاية من المرض لانه خلقي جيني,entity_type_cooccurrence_same_qa,true
rel_seed_5fa73ea7b6f6ff3f,chunk_00053,ahd5k_00696,DIAGNOSED_BY,ent_diseasecondition_9719230327a2,فقر الدم,DiseaseCondition,ent_test_dd68aa784555,تحاليل مخبرية,Test,الفوال أو التفول هو الاضطراب الخلقي الجيني الناجم عن نقص الأنزيم المسؤول عن الحفاظ على تركيز ببتيد الغلوتاثيون الذي يحمي خلايا الدم الحمراء من التلف بفعل الأكسدة وبالتالي التسبب في فقر الدم الانحلالي الغير مناعي,الفوال أو التفول هو الاضطراب الخلقي الجيني الناجم عن نقص الأنزيم المسؤول عن الحفاظ على تركيز ببتيد الغلوتاثيون الذي يحمي خلايا الدم الحمراء من التلف بفعل الأكسدة وبالتالي التسبب في فقر الدم الانحلالي الغير مناعي,entity_type_cooccurrence_same_qa,true
rel_seed_6eed37b4f0733cbb,chunk_00054,ahd5k_02292,HAS_SYMPTOM,ent_diseasecondition_9719230327a2,فقر الدم,DiseaseCondition,ent_symptom_c81532a33515,الم المعدجة,Symptom,نقص في الدم مع الالم في المعده,الم المعدجة يجب معرفة سببه وذل بعمل دراسة للمعدة,entity_type_cooccurrence_same_qa,true
rel_seed_df6b7669328fb965,chunk_00054,ahd5k_02292,DIAGNOSED_BY,ent_diseasecondition_9719230327a2,فقر الدم,DiseaseCondition,ent_test_2b2550da4a44,فحص الجرثومة الحلزونية,Test,نقص في الدم مع الالم في المعده,فحص الجرثومة الحلزونية ، وربما سنحتاج لاحقا لمنظار للمعدة,entity_type_cooccurrence_same_qa,true
rel_seed_b3cc817a83f9e586,chunk_00054,ahd5k_02292,INVESTIGATED_BY,ent_symptom_c81532a33515,الم المعدجة,Symptom,ent_test_2b2550da4a44,فحص الجرثومة الحلزونية,Test,الم المعدجة يجب معرفة سببه وذل بعمل دراسة للمعدة,فحص الجرثومة الحلزونية ، وربما سنحتاج لاحقا لمنظار للمعدة,entity_type_cooccurrence_same_qa,true
rel_seed_c660576254101bcf,chunk_00054,ahd5k_02546,HAS_SYMPTOM,ent_diseasecondition_9719230327a2,فقر الدم,DiseaseCondition,ent_symptom_c81532a33515,الم المعدجة,Symptom,فقر الدم سبب فقدان الشهيه والكسل والخمول والتعب وثقل الوزن وغيره,أحيانا الم في المعدة كسل وخمول اضطرابات في النوم شحوب في البشره وأعراض كثيرة اخري,entity_type_cooccurrence_same_qa,true
rel_seed_90514571a31526b3,chunk_00054,ahd5k_02546,HAS_SYMPTOM,ent_diseasecondition_9719230327a2,فقر الدم,DiseaseCondition,ent_symptom_c48c0df96785,فقدان الشهيه,Symptom,فقر الدم سبب فقدان الشهيه والكسل والخمول والتعب وثقل الوزن وغيره,فقر الدم سبب فقدان الشهيه والكسل والخمول والتعب وثقل الوزن وغيره,entity_type_cooccurrence_same_qa,true
rel_seed_8a3d1702983af7b2,chunk_00055,ahd5k_04844,DIAGNOSED_BY,ent_diseasecondition_7ac7135caacd,تضخم الغدد اللمفية,DiseaseCondition,ent_test_4ea4666752c1,فحص الدم,Test,تضخم بالغدد اللمفية الموضعية,فحص دم و أشعة,entity_type_cooccurrence_same_qa,true
rel_seed_2ced4090cb7636b1,chunk_00055,ahd5k_04844,DIAGNOSED_BY,ent_diseasecondition_7ac7135caacd,تضخم الغدد اللمفية,DiseaseCondition,ent_test_c4cfd2d6468c,أشعة,Test,تضخم بالغدد اللمفية الموضعية,أشعة,entity_type_cooccurrence_same_qa,true
rel_seed_48d8aabba6d3d2d8,chunk_00055,ahd5k_04844,TREATED_BY,ent_diseasecondition_7ac7135caacd,تضخم الغدد اللمفية,DiseaseCondition,ent_treatment_f4876b0a4ac8,المراجعة الطبيب الأسنان,Treatment,تضخم بالغدد اللمفية الموضعية,المراجعة الطبيب الأسنان وطبيب أذنية,entity_type_cooccurrence_same_qa,true
rel_seed_aef3046dae69fcfc,chunk_00055,ahd5k_04844,DIAGNOSED_BY,ent_diseasecondition_190a32dbb9bd,تسوس الأسنان,DiseaseCondition,ent_test_4ea4666752c1,فحص الدم,Test,تسوس الأسنان أو أي خراجات باللثة,فحص دم و أشعة,entity_type_cooccurrence_same_qa,true
rel_seed_892989157e377bf9,chunk_00055,ahd5k_04844,DIAGNOSED_BY,ent_diseasecondition_190a32dbb9bd,تسوس الأسنان,DiseaseCondition,ent_test_c4cfd2d6468c,أشعة,Test,تسوس الأسنان أو أي خراجات باللثة,أشعة,entity_type_cooccurrence_same_qa,true
rel_seed_9e342a99201e201a,chunk_00055,ahd5k_04844,TREATED_BY,ent_diseasecondition_190a32dbb9bd,تسوس الأسنان,DiseaseCondition,ent_treatment_f4876b0a4ac8,المراجعة الطبيب الأسنان,Treatment,تسوس الأسنان أو أي خراجات باللثة,المراجعة الطبيب الأسنان وطبيب أذنية,entity_type_cooccurrence_same_qa,true
rel_seed_52abb2327d96db60,chunk_00055,ahd5k_04844,DIAGNOSED_BY,ent_diseasecondition_8ca9f15583c7,الانتان,DiseaseCondition,ent_test_4ea4666752c1,فحص الدم,Test,الانتان خفي أو ظاهر,فحص دم و أشعة,entity_type_cooccurrence_same_qa,true
rel_seed_a543baa8d7291df4,chunk_00055,ahd5k_04844,DIAGNOSED_BY,ent_diseasecondition_8ca9f15583c7,الانتان,DiseaseCondition,ent_test_c4cfd2d6468c,أشعة,Test,الانتان خفي أو ظاهر,أشعة,entity_type_cooccurrence_same_qa,true
rel_seed_074cb4f8260e608a,chunk_00055,ahd5k_04844,TREATED_BY,ent_diseasecondition_8ca9f15583c7,الانتان,DiseaseCondition,ent_treatment_f4876b0a4ac8,المراجعة الطبيب الأسنان,Treatment,الانتان خفي أو ظاهر,المراجعة الطبيب الأسنان وطبيب أذنية,entity_type_cooccurrence_same_qa,true
rel_seed_ec6782bf6c172493,chunk_00056,ahd5k_00543,DIAGNOSED_BY,ent_diseasecondition_9719230327a2,فقر الدم,DiseaseCondition,ent_test_dd68aa784555,تحاليل مخبرية,Test,انيميا منجليه,تحاليل ماقبل الزواج,entity_type_cooccurrence_same_qa,true
rel_seed_184239158a17a8bf,chunk_00056,ahd5k_00757,DIAGNOSED_BY,ent_diseasecondition_9719230327a2,فقر الدم,DiseaseCondition,ent_test_dd68aa784555,تحاليل مخبرية,Test,فقر الدم,تحليل فقر الدم,entity_type_cooccurrence_same_qa,true
rel_seed_796780629bc7542c,chunk_00057,ahd5k_00203,TREATED_BY,ent_diseasecondition_d039dca7a8c0,النقص الشديد للصفائح,DiseaseCondition,ent_treatment_0d20da4fd766,الروتيكسيماب,Treatment,ابني عمره ١٠سنه يعاني من نقص الصفائح itp,اول جرعه ونستمر عليها لمده شهر كل اسبوع مره هل الروتكسيماب يفيده,entity_type_cooccurrence_same_qa,true
rel_seed_e6c4d626ddf50728,chunk_00059,ahd5k_00313,HAS_SYMPTOM,ent_diseasecondition_3d19d6125641,نقص الصفيحات,DiseaseCondition,ent_symptom_f6203734ffc7,ارتفاع خضاب الدم,Symptom,انخفاض الصفيحات الدموية 122/,ارتفاع خضاب الدم / 16.8,entity_type_cooccurrence_same_qa,true
rel_seed_8236475f7d4c4d52,chunk_00059,ahd5k_00313,DIAGNOSED_BY,ent_diseasecondition_3d19d6125641,نقص الصفيحات,DiseaseCondition,ent_test_db1175f121dc,فحص نخاع العظم,Test,انخفاض الصفيحات الدموية 122/,فحص نخاع العظم,entity_type_cooccurrence_same_qa,true
rel_seed_00835e3db2495ca7,chunk_00059,ahd5k_00313,INVESTIGATED_BY,ent_symptom_f6203734ffc7,ارتفاع خضاب الدم,Symptom,ent_test_db1175f121dc,فحص نخاع العظم,Test,ارتفاع خضاب الدم / 16.8,فحص نخاع العظم,entity_type_cooccurrence_same_qa,true
rel_seed_c06b8520b4415b11,chunk_00059,ahd5k_01162,DIAGNOSED_BY,ent_diseasecondition_9719230327a2,فقر الدم,DiseaseCondition,ent_test_8dfa1780f518,فحص تحاليل مخبرية,Test,فقر دم,تحاليل مخبرية,entity_type_cooccurrence_same_qa,true
rel_seed_a02e7796d4687bd7,chunk_00059,ahd5k_01162,DIAGNOSED_BY,ent_diseasecondition_74be32fb7f24,نقص فيتامين د,DiseaseCondition,ent_test_8dfa1780f518,فحص تحاليل مخبرية,Test,نقص فيتامين د,تحاليل مخبرية,entity_type_cooccurrence_same_qa,true
rel_seed_26332336a3521fcf,chunk_00059,ahd5k_01162,DIAGNOSED_BY,ent_diseasecondition_6116bf50d3f1,نقص حديد,DiseaseCondition,ent_test_8dfa1780f518,فحص تحاليل مخبرية,Test,نقص حديد,تحاليل مخبرية,entity_type_cooccurrence_same_qa,true
rel_seed_736b932c52e71490,chunk_00059,ahd5k_02552,TREATED_BY,ent_diseasecondition_dc66fee46819,نقص الكريات البيضاء,DiseaseCondition,ent_treatment_6e452ff6ff8f,علاج نقص الكريات البيضاء,Treatment,نقص الكريات البيضاء لدى الكبار,علاج نقص الكريات البيضاء لدى الكبار,entity_type_cooccurrence_same_qa,true
rel_seed_f4d699cb620876bc,chunk_00061,ahd5k_01551,TREATED_BY,ent_diseasecondition_380db6d92562,مرض السكري,DiseaseCondition,ent_treatment_fe7b9cfab843,القات,Treatment,مرض السكري,القات,entity_type_cooccurrence_same_qa,true
rel_seed_fff580f977f6b0c9,chunk_00061,ahd5k_01551,DIAGNOSED_BY,ent_diseasecondition_380db6d92562,مرض السكري,DiseaseCondition,ent_test_dd68aa784555,تحاليل مخبرية,Test,مرض السكري,تحاليل مخبرية,entity_type_cooccurrence_same_qa,true
rel_seed_15453f98a500a507,chunk_00061,ahd5k_01551,TREATED_BY,ent_diseasecondition_16cf4e77b755,التهاب,DiseaseCondition,ent_treatment_fe7b9cfab843,القات,Treatment,التهاب,القات,entity_type_cooccurrence_same_qa,true
rel_seed_85a95e9683ec40c4,chunk_00061,ahd5k_01551,DIAGNOSED_BY,ent_diseasecondition_16cf4e77b755,التهاب,DiseaseCondition,ent_test_dd68aa784555,تحاليل مخبرية,Test,التهاب,تحاليل مخبرية,entity_type_cooccurrence_same_qa,true
rel_seed_bed0f010dae660bc,chunk_00062,ahd5k_04408,TREATED_BY,ent_diseasecondition_16cf4e77b755,التهاب,DiseaseCondition,ent_treatment_9a34f0ba812d,السبع زيوت,Treatment,السبع زيوت لمنع ترهل الثدي والبطن والارداف . زيوت من الأعشاب الطبيعية يعمل على شد تلك الخلايا المترهلة بسرعة عجيبة وتعيد لها حيويتها وجمالها دلك منطقة البطن او منطقة الارداف بزيت السبع زيوت بحركات دائرية الاسفل للاعلي الصاعدة إلى أعلى ولمدة ربع ساعة مرة يوميا لمدة شهر .,السبع زيوت لمنع ترهل الثدي والبطن والارداف . زيوت من الأعشاب الطبيعية يعمل على شد تلك الخلايا المترهلة بسرعة عجيبة وتعيد لها حيويتها وجمالها دلك منطقة البطن او منطقة الارداف بزيت السبع زيوت بحركات دائرية الاسفل للاعلي الصاعدة إلى أعلى ولمدة ربع ساعة مرة يوميا لمدة شهر .,entity_type_cooccurrence_same_qa,true
rel_seed_a50bc6184f83c73b,chunk_00067,ahd5k_03139,DIAGNOSED_BY,ent_diseasecondition_16cf4e77b755,التهاب,DiseaseCondition,ent_test_6dcf66b68de3,فحص الفقرات العنقية,Test,التحاليل المخبرية,التحاليل المخبرية,entity_type_cooccurrence_same_qa,true
rel_seed_9287e0090082bec0,chunk_00067,ahd5k_03139,DIAGNOSED_BY,ent_diseasecondition_16cf4e77b755,التهاب,DiseaseCondition,ent_test_53daf0bebd13,مفصل الكتف,Test,التحاليل المخبرية,التحاليل المخبرية,entity_type_cooccurrence_same_qa,true
rel_seed_00a3e1a6ef3ec7f9,chunk_00068,ahd5k_00683,HAS_SYMPTOM,ent_diseasecondition_2f75d3dabe0b,حساسية,DiseaseCondition,ent_symptom_f51ef98950a2,قلق,Symptom,الحساسية,قلق علما اني تعرضت لموقف قلق وتوتر ووخزات,entity_type_cooccurrence_same_qa,true
rel_seed_aad068f18b3b6989,chunk_00068,ahd5k_00683,HAS_SYMPTOM,ent_diseasecondition_2f75d3dabe0b,حساسية,DiseaseCondition,ent_symptom_7b839cc80688,ضيق تنفس,Symptom,الحساسية,ضيق تنفس وسرعة التعب وقلق,entity_type_cooccurrence_same_qa,true
rel_seed_93577592d7e180e2,chunk_00068,ahd5k_00963,DIAGNOSED_BY,ent_diseasecondition_2f75d3dabe0b,حساسية,DiseaseCondition,ent_test_7633369aec20,رسم قلب,Test,حساسية ناتجة عن رطوبة الجو,عمل رسم قلب بالمجهود,entity_type_cooccurrence_same_qa,true
rel_seed_88d097a1450be644,chunk_00069,ahd5k_00823,HAS_SYMPTOM,ent_diseasecondition_db17a406c72e,ارتفاع ضغط الدم,DiseaseCondition,ent_symptom_1f6a3892391d,خفقان القلب,Symptom,ارتفاع الضغط,خفقان احيتنا,entity_type_cooccurrence_same_qa,true
rel_seed_42222f50c14ea113,chunk_00069,ahd5k_00823,HAS_SYMPTOM,ent_diseasecondition_db17a406c72e,ارتفاع ضغط الدم,DiseaseCondition,ent_symptom_7b839cc80688,ضيق تنفس,Symptom,ارتفاع الضغط,ضيق تنفس,entity_type_cooccurrence_same_qa,true
rel_seed_779a7daeafeb6f7f,chunk_00069,ahd5k_00823,DIAGNOSED_BY,ent_diseasecondition_db17a406c72e,ارتفاع ضغط الدم,DiseaseCondition,ent_test_dd68aa784555,تحاليل مخبرية,Test,ارتفاع الضغط,تحاليل مخبرية,entity_type_cooccurrence_same_qa,true
rel_seed_1b80ae60e416c829,chunk_00069,ahd5k_00823,INVESTIGATED_BY,ent_symptom_1f6a3892391d,خفقان القلب,Symptom,ent_test_dd68aa784555,تحاليل مخبرية,Test,خفقان احيتنا,تحاليل مخبرية,entity_type_cooccurrence_same_qa,true
rel_seed_c159321d58bbdc10,chunk_00069,ahd5k_00823,INVESTIGATED_BY,ent_symptom_7b839cc80688,ضيق تنفس,Symptom,ent_test_dd68aa784555,تحاليل مخبرية,Test,ضيق تنفس,تحاليل مخبرية,entity_type_cooccurrence_same_qa,true
rel_seed_22133d1ffdf602e1,chunk_00069,ahd5k_03624,HAS_SYMPTOM,ent_diseasecondition_db17a406c72e,ارتفاع ضغط الدم,DiseaseCondition,ent_symptom_1f6a3892391d,خفقان القلب,Symptom,ارتفاع في ضغط الدم,خفقان القلب الشديد,entity_type_cooccurrence_same_qa,true
rel_seed_2f379e8a533cd438,chunk_00069,ahd5k_03624,HAS_SYMPTOM,ent_diseasecondition_d858e70d5fdf,الروماتيزم,DiseaseCondition,ent_symptom_1f6a3892391d,خفقان القلب,Symptom,روماتيزم الدم,خفقان القلب الشديد,entity_type_cooccurrence_same_qa,true
rel_seed_a287eb5127f157e6,chunk_00069,ahd5k_04701,HAS_SYMPTOM,ent_diseasecondition_db17a406c72e,ارتفاع ضغط الدم,DiseaseCondition,ent_symptom_1f6a3892391d,خفقان القلب,Symptom,انخفاض الضغط,تسارع في ضربات القلب,entity_type_cooccurrence_same_qa,true
rel_seed_06f1204a91052e39,chunk_00069,ahd5k_04701,HAS_SYMPTOM,ent_diseasecondition_db17a406c72e,ارتفاع ضغط الدم,DiseaseCondition,ent_symptom_850b2a35c32d,دوخة,Symptom,انخفاض الضغط,دوخة,entity_type_cooccurrence_same_qa,true
rel_seed_13b272c580e2d6d6,chunk_00069,ahd5k_04701,HAS_SYMPTOM,ent_diseasecondition_db17a406c72e,ارتفاع ضغط الدم,DiseaseCondition,ent_symptom_7b839cc80688,ضيق تنفس,Symptom,انخفاض الضغط,ضيق تنفس,entity_type_cooccurrence_same_qa,true
rel_seed_cbce7923d2e74815,chunk_00069,ahd5k_04701,TREATED_BY,ent_diseasecondition_db17a406c72e,ارتفاع ضغط الدم,DiseaseCondition,ent_treatment_d017757dbf16,الدوخة,Treatment,انخفاض الضغط,الدوخة,entity_type_cooccurrence_same_qa,true
rel_seed_8509581787d72e53,chunk_00069,ahd5k_04701,TREATED_BY,ent_diseasecondition_db17a406c72e,ارتفاع ضغط الدم,DiseaseCondition,ent_treatment_2c9d8c42194b,الوجبة الإفطار,Treatment,انخفاض الضغط,وجبة الإفطار,entity_type_cooccurrence_same_qa,true
rel_seed_39aaca57e88a7993,chunk_00069,ahd5k_04701,TREATED_BY,ent_diseasecondition_db17a406c72e,ارتفاع ضغط الدم,DiseaseCondition,ent_treatment_7df0ceb5a906,السوائل والأملاح,Treatment,انخفاض الضغط,السوائل والأملاح,entity_type_cooccurrence_same_qa,true
rel_seed_cc7b17ab79efd2d7,chunk_00069,ahd5k_04701,TREATED_BY,ent_symptom_1f6a3892391d,خفقان القلب,Symptom,ent_treatment_d017757dbf16,الدوخة,Treatment,تسارع في ضربات القلب,الدوخة,entity_type_cooccurrence_same_qa,true
rel_seed_bfd0d75f7965df18,chunk_00069,ahd5k_04701,TREATED_BY,ent_symptom_1f6a3892391d,خفقان القلب,Symptom,ent_treatment_2c9d8c42194b,الوجبة الإفطار,Treatment,تسارع في ضربات القلب,وجبة الإفطار,entity_type_cooccurrence_same_qa,true
rel_seed_59841bdf2bcc5099,chunk_00069,ahd5k_04701,TREATED_BY,ent_symptom_1f6a3892391d,خفقان القلب,Symptom,ent_treatment_7df0ceb5a906,السوائل والأملاح,Treatment,تسارع في ضربات القلب,السوائل والأملاح,entity_type_cooccurrence_same_qa,true
rel_seed_04c2d72f5fd38ed3,chunk_00069,ahd5k_04701,TREATED_BY,ent_symptom_850b2a35c32d,دوخة,Symptom,ent_treatment_d017757dbf16,الدوخة,Treatment,دوخة,الدوخة,entity_type_cooccurrence_same_qa,true
rel_seed_843df20a7db992b9,chunk_00069,ahd5k_04701,TREATED_BY,ent_symptom_850b2a35c32d,دوخة,Symptom,ent_treatment_2c9d8c42194b,الوجبة الإفطار,Treatment,دوخة,وجبة الإفطار,entity_type_cooccurrence_same_qa,true
rel_seed_14768263495f2072,chunk_00069,ahd5k_04701,TREATED_BY,ent_symptom_850b2a35c32d,دوخة,Symptom,ent_treatment_7df0ceb5a906,السوائل والأملاح,Treatment,دوخة,السوائل والأملاح,entity_type_cooccurrence_same_qa,true
rel_seed_cd6b421d86ef03d0,chunk_00069,ahd5k_04701,TREATED_BY,ent_symptom_7b839cc80688,ضيق تنفس,Symptom,ent_treatment_d017757dbf16,الدوخة,Treatment,ضيق تنفس,الدوخة,entity_type_cooccurrence_same_qa,true
rel_seed_74dd3e323b92b26d,chunk_00069,ahd5k_04701,TREATED_BY,ent_symptom_7b839cc80688,ضيق تنفس,Symptom,ent_treatment_2c9d8c42194b,الوجبة الإفطار,Treatment,ضيق تنفس,وجبة الإفطار,entity_type_cooccurrence_same_qa,true
rel_seed_caffca00e378521c,chunk_00069,ahd5k_04701,TREATED_BY,ent_symptom_7b839cc80688,ضيق تنفس,Symptom,ent_treatment_7df0ceb5a906,السوائل والأملاح,Treatment,ضيق تنفس,السوائل والأملاح,entity_type_cooccurrence_same_qa,true
rel_seed_2460613d4a83b5a4,chunk_00069,ahd5k_04701,HAS_SYMPTOM,ent_diseasecondition_58d7d4ebddc3,انخفاض ضغط الدم,DiseaseCondition,ent_symptom_1f6a3892391d,خفقان القلب,Symptom,انخفاض الضغط,تسارع في ضربات القلب,entity_type_cooccurrence_same_qa,true
rel_seed_0d19a7bee4bf6205,chunk_00069,ahd5k_04701,HAS_SYMPTOM,ent_diseasecondition_58d7d4ebddc3,انخفاض ضغط الدم,DiseaseCondition,ent_symptom_850b2a35c32d,دوخة,Symptom,انخفاض الضغط,دوخة,entity_type_cooccurrence_same_qa,true
rel_seed_85d2867f61d5c225,chunk_00069,ahd5k_04701,HAS_SYMPTOM,ent_diseasecondition_58d7d4ebddc3,انخفاض ضغط الدم,DiseaseCondition,ent_symptom_7b839cc80688,ضيق تنفس,Symptom,انخفاض الضغط,ضيق تنفس,entity_type_cooccurrence_same_qa,true
rel_seed_986048386969dc41,chunk_00069,ahd5k_04701,TREATED_BY,ent_diseasecondition_58d7d4ebddc3,انخفاض ضغط الدم,DiseaseCondition,ent_treatment_d017757dbf16,الدوخة,Treatment,انخفاض الضغط,الدوخة,entity_type_cooccurrence_same_qa,true
rel_seed_40355f9094dc4319,chunk_00069,ahd5k_04701,TREATED_BY,ent_diseasecondition_58d7d4ebddc3,انخفاض ضغط الدم,DiseaseCondition,ent_treatment_2c9d8c42194b,الوجبة الإفطار,Treatment,انخفاض الضغط,وجبة الإفطار,entity_type_cooccurrence_same_qa,true
rel_seed_4890f52718818a33,chunk_00069,ahd5k_04701,TREATED_BY,ent_diseasecondition_58d7d4ebddc3,انخفاض ضغط الدم,DiseaseCondition,ent_treatment_7df0ceb5a906,السوائل والأملاح,Treatment,انخفاض الضغط,السوائل والأملاح,entity_type_cooccurrence_same_qa,true
rel_seed_e740d76e9fd460c3,chunk_00070,ahd5k_04975,HAS_SYMPTOM,ent_diseasecondition_db17a406c72e,ارتفاع ضغط الدم,DiseaseCondition,ent_symptom_7d2fce86bc12,نغزات,Symptom,ارتفاع ضغط الدم,نغزات,entity_type_cooccurrence_same_qa,true
rel_seed_e19afdbb899f6d75,chunk_00072,ahd5k_00515,HAS_SYMPTOM,ent_diseasecondition_16cf4e77b755,التهاب,DiseaseCondition,ent_symptom_b5e5cc252e6a,الضيق التنفسي,Symptom,التهاب,ضيق تنفس,entity_type_cooccurrence_same_qa,true
rel_seed_de4870aee42b1fb2,chunk_00072,ahd5k_00656,HAS_SYMPTOM,ent_diseasecondition_16cf4e77b755,التهاب,DiseaseCondition,ent_symptom_b5e5cc252e6a,الضيق التنفسي,Symptom,التهاب,ضيق تنفس,entity_type_cooccurrence_same_qa,true
rel_seed_7972696101263df5,chunk_00072,ahd5k_01510,HAS_SYMPTOM,ent_diseasecondition_16cf4e77b755,التهاب,DiseaseCondition,ent_symptom_b5e5cc252e6a,الضيق التنفسي,Symptom,التهاب,ضيق تنفس,entity_type_cooccurrence_same_qa,true
rel_seed_4a69fb887d74b7b4,chunk_00072,ahd5k_01669,HAS_SYMPTOM,ent_diseasecondition_16cf4e77b755,التهاب,DiseaseCondition,ent_symptom_b5e5cc252e6a,الضيق التنفسي,Symptom,التهاب,ضيق تنفس,entity_type_cooccurrence_same_qa,true
rel_seed_5a49c749ac2845cb,chunk_00072,ahd5k_02719,HAS_SYMPTOM,ent_diseasecondition_16cf4e77b755,التهاب,DiseaseCondition,ent_symptom_b5e5cc252e6a,الضيق التنفسي,Symptom,التهاب,ضيق تنفس,entity_type_cooccurrence_same_qa,true
rel_seed_269fb42a018ab4b0,chunk_00072,ahd5k_02761,HAS_SYMPTOM,ent_diseasecondition_16cf4e77b755,التهاب,DiseaseCondition,ent_symptom_b5e5cc252e6a,الضيق التنفسي,Symptom,التهاب,ضيق تنفس,entity_type_cooccurrence_same_qa,true
rel_seed_820387dade998463,chunk_00072,ahd5k_03333,HAS_SYMPTOM,ent_diseasecondition_16cf4e77b755,التهاب,DiseaseCondition,ent_symptom_b5e5cc252e6a,الضيق التنفسي,Symptom,التهاب,ضيق تنفس,entity_type_cooccurrence_same_qa,true
rel_seed_9ac96ae197bfc024,chunk_00075,ahd5k_04352,DIAGNOSED_BY,ent_diseasecondition_af6114123652,ارتخاء الصمام الميترالي,DiseaseCondition,ent_test_4b0183158a0f,إيكو,Test,ارتجاع الصمام الميترالي,ايكو,entity_type_cooccurrence_same_qa,true
rel_seed_47e637be97e2161c,chunk_00076,ahd5k_04706,DIAGNOSED_BY,ent_diseasecondition_16cf4e77b755,التهاب,DiseaseCondition,ent_test_62f3f553cccf,تحليل بول,Test,الم عند الاستيقاظ فى الكليتين,عمل تحليل بول,entity_type_cooccurrence_same_qa,true
rel_seed_876af30ee6e2c340,chunk_00076,ahd5k_04706,TREATED_BY,ent_diseasecondition_16cf4e77b755,التهاب,DiseaseCondition,ent_treatment_839837a8561b,الاكثار من شرب الماء,Treatment,الم عند الاستيقاظ فى الكليتين,الاكثار من شرب الماء,entity_type_cooccurrence_same_qa,true
rel_seed_73a05574ff804300,chunk_00077,ahd5k_00189,TREATED_BY,ent_symptom_2b9271490fdf,نوبات,Symptom,ent_treatment_9318db295dde,الاندرال,Treatment,ماهي اسباب الضربات الهاجرة في القلب وكيف يمكن علاجها,الإندرال يمكن أن يُساعد في السيطرة عليها في أحيان كثيرة,entity_type_cooccurrence_same_qa,true
rel_seed_70019ce388219c2c,chunk_00078,ahd5k_00436,INVESTIGATED_BY,ent_symptom_d713f64368d3,ضغط,Symptom,ent_test_433492431144,تحليل الحساسية,Test,ضغط والم,تحليل الحساسية,entity_type_cooccurrence_same_qa,true
rel_seed_6a9f68b25898a991,chunk_00079,ahd5k_03469,HAS_SYMPTOM,ent_diseasecondition_16cf4e77b755,التهاب,DiseaseCondition,ent_symptom_df03b3e7eef5,النفخ,Symptom,التهاب,النفخ,entity_type_cooccurrence_same_qa,true
rel_seed_ddbfb13bb8bfb82b,chunk_00079,ahd5k_03696,TREATED_BY,ent_diseasecondition_da5565d6842c,الجلطة الدماغية,DiseaseCondition,ent_treatment_b333a867faf6,الأسبرين,Treatment,الجلطة الدماغية,الأسبرين + البلافيكس,entity_type_cooccurrence_same_qa,true
rel_seed_7cdbba6d3f7803ea,chunk_00081,ahd5k_04533,HAS_SYMPTOM,ent_diseasecondition_6eb03902c623,السكري,DiseaseCondition,ent_symptom_e276c7fd7e33,النزف,Symptom,السكري,النزف,entity_type_cooccurrence_same_qa,true
rel_seed_a4f2f89272040db8,chunk_00081,ahd5k_04533,HAS_SYMPTOM,ent_diseasecondition_6eb03902c623,السكري,DiseaseCondition,ent_symptom_f28c266dc478,المضاعفات الوعائية,Symptom,السكري,المضاعفات الوعائية,entity_type_cooccurrence_same_qa,true
rel_seed_889e121074987b66,chunk_00081,ahd5k_04533,HAS_SYMPTOM,ent_diseasecondition_6eb03902c623,السكري,DiseaseCondition,ent_symptom_d0d35afb979b,الحساسية على الوسط التَبايُنِيّ,Symptom,السكري,الحساسية على الوسط التبايني,entity_type_cooccurrence_same_qa,true
rel_seed_5b08b8ab9c4dd7fd,chunk_00081,ahd5k_04533,HAS_SYMPTOM,ent_diseasecondition_6eb03902c623,السكري,DiseaseCondition,ent_symptom_6ff36e848606,الحادِث الوِعائيٌّ الدِمَاغِيّ,Symptom,السكري,الحادث الوَعائيّ الدِمَاغِيّ,entity_type_cooccurrence_same_qa,true
rel_seed_c39efb49fb8d01e0,chunk_00081,ahd5k_04533,HAS_SYMPTOM,ent_diseasecondition_6eb03902c623,السكري,DiseaseCondition,ent_symptom_5dc2556b8338,الوفاة,Symptom,السكري,الوفاة,entity_type_cooccurrence_same_qa,true
rel_seed_74ba48e5ebbb9da3,chunk_00081,ahd5k_04533,HAS_SYMPTOM,ent_diseasecondition_765c9fdd4495,الفشل القلبي اللامُعاوَض,DiseaseCondition,ent_symptom_e276c7fd7e33,النزف,Symptom,فشل القلب المكتسب,النزف,entity_type_cooccurrence_same_qa,true
rel_seed_9511e234862cae90,chunk_00081,ahd5k_04533,HAS_SYMPTOM,ent_diseasecondition_765c9fdd4495,الفشل القلبي اللامُعاوَض,DiseaseCondition,ent_symptom_f28c266dc478,المضاعفات الوعائية,Symptom,فشل القلب المكتسب,المضاعفات الوعائية,entity_type_cooccurrence_same_qa,true
rel_seed_536f45e9c85c14a9,chunk_00081,ahd5k_04533,HAS_SYMPTOM,ent_diseasecondition_765c9fdd4495,الفشل القلبي اللامُعاوَض,DiseaseCondition,ent_symptom_d0d35afb979b,الحساسية على الوسط التَبايُنِيّ,Symptom,فشل القلب المكتسب,الحساسية على الوسط التبايني,entity_type_cooccurrence_same_qa,true
rel_seed_157c3179bf75791f,chunk_00081,ahd5k_04533,HAS_SYMPTOM,ent_diseasecondition_765c9fdd4495,الفشل القلبي اللامُعاوَض,DiseaseCondition,ent_symptom_6ff36e848606,الحادِث الوِعائيٌّ الدِمَاغِيّ,Symptom,فشل القلب المكتسب,الحادث الوَعائيّ الدِمَاغِيّ,entity_type_cooccurrence_same_qa,true
rel_seed_ce13c694b19e52de,chunk_00081,ahd5k_04533,HAS_SYMPTOM,ent_diseasecondition_765c9fdd4495,الفشل القلبي اللامُعاوَض,DiseaseCondition,ent_symptom_5dc2556b8338,الوفاة,Symptom,فشل القلب المكتسب,الوفاة,entity_type_cooccurrence_same_qa,true
rel_seed_fbda04428c191d57,chunk_00082,ahd5k_00994,DIAGNOSED_BY,ent_diseasecondition_2f75d3dabe0b,حساسية,DiseaseCondition,ent_test_dd68aa784555,تحاليل مخبرية,Test,حساسية أو استجابة جسدية غير ملائمة,تحاليل مخبرية,entity_type_cooccurrence_same_qa,true
rel_seed_308b8118bdd09340,chunk_00082,ahd5k_00994,DIAGNOSED_BY,ent_diseasecondition_16cf4e77b755,التهاب,DiseaseCondition,ent_test_dd68aa784555,تحاليل مخبرية,Test,التهاب,تحاليل مخبرية,entity_type_cooccurrence_same_qa,true
rel_seed_7a2078eabea60deb,chunk_00083,ahd5k_02399,TREATED_BY,ent_diseasecondition_db17a406c72e,ارتفاع ضغط الدم,DiseaseCondition,ent_treatment_d9340b6ee231,عمليه قلب مفتوح,Treatment,ارتفاع ضغط الدم,عمليه قلب مفتوح,entity_type_cooccurrence_same_qa,true
rel_seed_bd9e5c6d36b9dbdb,chunk_00084,ahd5k_01294,HAS_SYMPTOM,ent_diseasecondition_380db6d92562,مرض السكري,DiseaseCondition,ent_symptom_724e59ded899,ضغط الدم,Symptom,مرض السكري وضغط الدمز,مرض السكري وضغط الدمز,entity_type_cooccurrence_same_qa,true
rel_seed_25d13d8d349b2e90,chunk_00084,ahd5k_01294,TREATED_BY,ent_diseasecondition_380db6d92562,مرض السكري,DiseaseCondition,ent_treatment_e9980cc1f2a6,عملية القلب المفتوح,Treatment,مرض السكري وضغط الدمز,عملية قلب مفتوح وتبديل صمام الابهر,entity_type_cooccurrence_same_qa,true
rel_seed_929aa1092bfbdbd6,chunk_00084,ahd5k_01294,DIAGNOSED_BY,ent_diseasecondition_380db6d92562,مرض السكري,DiseaseCondition,ent_test_dd68aa784555,تحاليل مخبرية,Test,مرض السكري وضغط الدمز,لا نعرف نوع الصمام ولا حالتها السريرية بعد العملية والتي على أساسها سيتم تحديد الدواء الذي ينبغي وصفه,entity_type_cooccurrence_same_qa,true
rel_seed_09aa82ded59080e2,chunk_00084,ahd5k_01294,TREATED_BY,ent_symptom_724e59ded899,ضغط الدم,Symptom,ent_treatment_e9980cc1f2a6,عملية القلب المفتوح,Treatment,مرض السكري وضغط الدمز,عملية قلب مفتوح وتبديل صمام الابهر,entity_type_cooccurrence_same_qa,true
rel_seed_1130ceccee08c4ab,chunk_00084,ahd5k_01294,INVESTIGATED_BY,ent_symptom_724e59ded899,ضغط الدم,Symptom,ent_test_dd68aa784555,تحاليل مخبرية,Test,مرض السكري وضغط الدمز,لا نعرف نوع الصمام ولا حالتها السريرية بعد العملية والتي على أساسها سيتم تحديد الدواء الذي ينبغي وصفه,entity_type_cooccurrence_same_qa,true
rel_seed_1a25f42f93f6f380,chunk_00084,ahd5k_02607,HAS_SYMPTOM,ent_diseasecondition_380db6d92562,مرض السكري,DiseaseCondition,ent_symptom_724e59ded899,ضغط الدم,Symptom,مرض السكري وضغط الدم,مرض السكري وضغط الدم,entity_type_cooccurrence_same_qa,true
rel_seed_ab91ca4bbd9f09b9,chunk_00084,ahd5k_03015,TREATED_BY,ent_diseasecondition_380db6d92562,مرض السكري,DiseaseCondition,ent_treatment_e9980cc1f2a6,عملية القلب المفتوح,Treatment,معها السكري,عملية القلب المفتوح دون تغيير صمامات,entity_type_cooccurrence_same_qa,true
rel_seed_b3536762c6f85e02,chunk_00084,ahd5k_04912,HAS_SYMPTOM,ent_diseasecondition_380db6d92562,مرض السكري,DiseaseCondition,ent_symptom_724e59ded899,ضغط الدم,Symptom,مع العلم أن المريض يعاني من مرض السكر,ضغط الدم,entity_type_cooccurrence_same_qa,true
rel_seed_36ecdc62771a493d,chunk_00085,ahd5k_00855,DIAGNOSED_BY,ent_diseasecondition_9719230327a2,فقر الدم,DiseaseCondition,ent_test_f1846b201f26,فحص,Test,فقر الدم أو اضطرابات دموية أو متعلقة بجهاز الدورة الدموية,اجراء فحص للكشف عن أي علامات سريرية,entity_type_cooccurrence_same_qa,true
rel_seed_cd56a13231398ae5,chunk_00085,ahd5k_00855,DIAGNOSED_BY,ent_diseasecondition_16cf4e77b755,التهاب,DiseaseCondition,ent_test_f1846b201f26,فحص,Test,التهاب في الجهاز التنفسي,اجراء فحص للكشف عن أي علامات سريرية,entity_type_cooccurrence_same_qa,true
rel_seed_b0669eae8f21f480,chunk_00086,ahd5k_01537,INVESTIGATED_BY,ent_symptom_fd750eeb2865,انتفاخ,Symptom,ent_test_c4cfd2d6468c,اشعة,Test,انتفاخ بالوجه,اشعة بالصبغة,entity_type_cooccurrence_same_qa,true
rel_seed_11af4134e6087155,chunk_00086,ahd5k_01537,INVESTIGATED_BY,ent_symptom_42ad4acdebc5,وجع,Symptom,ent_test_c4cfd2d6468c,اشعة,Test,وجع بالجسم,اشعة بالصبغة,entity_type_cooccurrence_same_qa,true
rel_seed_8f07c56117242fdc,chunk_00087,ahd5k_03801,TREATED_BY,ent_diseasecondition_4393a2bf88a6,سكر,DiseaseCondition,ent_treatment_8726a85ab84a,مركب دعامة عادية,Treatment,مركب دعامة عادية فى الشريان التاجى بقالى 4سنوات مع العلم انى مريض سكر,يمكنك ذلك ولكن بالمتابعة مع طبيبك من خلال الزيارات الرتينية له يمكنك الطلب إليه عمل تصوير بالموجات الفوق صوتية لكي تطمئن,entity_type_cooccurrence_same_qa,true
rel_seed_19faa13d414bf348,chunk_00087,ahd5k_03801,DIAGNOSED_BY,ent_diseasecondition_4393a2bf88a6,سكر,DiseaseCondition,ent_test_2fa028778221,تصوير بالموجات الفوق صوتية,Test,مركب دعامة عادية فى الشريان التاجى بقالى 4سنوات مع العلم انى مريض سكر,يمكنك ذلك ولكن بالمتابعة مع طبيبك من خلال الزيارات الرتينية له يمكنك الطلب إليه عمل تصوير بالموجات الفوق صوتية لكي تطمئن,entity_type_cooccurrence_same_qa,true
rel_seed_b74aa1810dfb3fef,chunk_00088,ahd5k_03846,TREATED_BY,ent_diseasecondition_da5565d6842c,الجلطة الدماغية,DiseaseCondition,ent_treatment_fe1881a70477,دواء الpradaxa,Treatment,الجلطة الدماغية,دواء الpradaxa,entity_type_cooccurrence_same_qa,true
rel_seed_6d516de0776af198,chunk_00088,ahd5k_03846,TREATED_BY,ent_diseasecondition_da5565d6842c,الجلطة الدماغية,DiseaseCondition,ent_treatment_b3c222de947d,Dabigatran,Treatment,الجلطة الدماغية,Dabigatran,entity_type_cooccurrence_same_qa,true
rel_seed_d25c433369fb29e0,chunk_00088,ahd5k_03846,TREATED_BY,ent_diseasecondition_da5565d6842c,الجلطة الدماغية,DiseaseCondition,ent_treatment_441dfb50ce30,AspicotK,Treatment,الجلطة الدماغية,AspicotK,entity_type_cooccurrence_same_qa,true
rel_seed_e3d964cc2ac98a04,chunk_00088,ahd5k_03846,TREATED_BY,ent_diseasecondition_da5565d6842c,الجلطة الدماغية,DiseaseCondition,ent_treatment_7e88513b3bf7,Acetyl Salicylic Acid,Treatment,الجلطة الدماغية,Acetyl Salicylic Acid,entity_type_cooccurrence_same_qa,true
rel_seed_07e32356e492ed5b,chunk_00089,ahd5k_00010,HAS_SYMPTOM,ent_diseasecondition_2f75d3dabe0b,حساسية,DiseaseCondition,ent_symptom_7b839cc80688,ضيق تنفس,Symptom,حساسية,ضيق تنفس,entity_type_cooccurrence_same_qa,true
rel_seed_7744590f6ff0be93,chunk_00089,ahd5k_00864,DIAGNOSED_BY,ent_diseasecondition_2f75d3dabe0b,حساسية,DiseaseCondition,ent_test_433492431144,تحليل الحساسية,Test,حساسية الصدر,تحليل الحساسية,entity_type_cooccurrence_same_qa,true
rel_seed_7c3df3a2f97e1f56,chunk_00090,ahd5k_03671,HAS_SYMPTOM,ent_diseasecondition_385230d505f3,تهاب,DiseaseCondition,ent_symptom_7b839cc80688,ضيق تنفس,Symptom,حمى روماتزميه,ضيق بسيط في الصمام الميترالي,entity_type_cooccurrence_same_qa,true
rel_seed_ddfc7d646fac484b,chunk_00090,ahd5k_03671,TREATED_BY,ent_diseasecondition_385230d505f3,تهاب,DiseaseCondition,ent_treatment_4b104e5e7744,عمليه توسيع,Treatment,حمى روماتزميه,عمليه توسيع بالبلونه,entity_type_cooccurrence_same_qa,true
rel_seed_205ccda93d5fb2c9,chunk_00090,ahd5k_03671,TREATED_BY,ent_symptom_7b839cc80688,ضيق تنفس,Symptom,ent_treatment_4b104e5e7744,عمليه توسيع,Treatment,ضيق بسيط في الصمام الميترالي,عمليه توسيع بالبلونه,entity_type_cooccurrence_same_qa,true
rel_seed_49bc59e28967e4ac,chunk_00091,ahd5k_01099,HAS_SYMPTOM,ent_diseasecondition_16cf4e77b755,التهاب,DiseaseCondition,ent_symptom_ecf500c8beea,حرقه,Symptom,التهابات نسائيه,حرقه في المهبل,entity_type_cooccurrence_same_qa,true
rel_seed_0abbd71eb0f940bb,chunk_00091,ahd5k_01099,HAS_SYMPTOM,ent_diseasecondition_7abdd04c7114,الحمل,DiseaseCondition,ent_symptom_ecf500c8beea,حرقه,Symptom,حمل الأنابيب,حرقه في المهبل,entity_type_cooccurrence_same_qa,true
rel_seed_6518397e0157ebe0,chunk_00092,ahd5k_01629,HAS_SYMPTOM,ent_diseasecondition_7abdd04c7114,الحمل,DiseaseCondition,ent_symptom_215297000d7a,التدخين,Symptom,تعتمد نسبة نجاح طفل الأنابيب على عدة عوامل,نمط الحياة والعادات المتبعة، مثل التدخين,entity_type_cooccurrence_same_qa,true
rel_seed_9046a1646d3e8b4c,chunk_00092,ahd5k_01629,DIAGNOSED_BY,ent_diseasecondition_7abdd04c7114,الحمل,DiseaseCondition,ent_test_51926b4c8cd0,الحيوانات المنوية,Test,تعتمد نسبة نجاح طفل الأنابيب على عدة عوامل,سلامة الحيوانات المنوية للزوج,entity_type_cooccurrence_same_qa,true
rel_seed_c181c0f3f4350a6e,chunk_00092,ahd5k_01629,TREATED_BY,ent_diseasecondition_7abdd04c7114,الحمل,DiseaseCondition,ent_treatment_330cd62c6e95,المركز العلاجي,Treatment,تعتمد نسبة نجاح طفل الأنابيب على عدة عوامل,تقنية المتبعة في المركز العلاجي,entity_type_cooccurrence_same_qa,true
rel_seed_14e9d1b76fd7c5e9,chunk_00092,ahd5k_01629,INVESTIGATED_BY,ent_symptom_215297000d7a,التدخين,Symptom,ent_test_51926b4c8cd0,الحيوانات المنوية,Test,نمط الحياة والعادات المتبعة، مثل التدخين,سلامة الحيوانات المنوية للزوج,entity_type_cooccurrence_same_qa,true
rel_seed_48948084c2c47e5e,chunk_00092,ahd5k_01629,TREATED_BY,ent_symptom_215297000d7a,التدخين,Symptom,ent_treatment_330cd62c6e95,المركز العلاجي,Treatment,نمط الحياة والعادات المتبعة، مثل التدخين,تقنية المتبعة في المركز العلاجي,entity_type_cooccurrence_same_qa,true
rel_seed_6d76173ab3bc6cd4,chunk_00095,ahd5k_04038,TREATED_BY,ent_diseasecondition_a69e12c09129,تكيس المابيض,DiseaseCondition,ent_treatment_ad1d7aa378fb,حبوب حامض الفوليك,Treatment,تبين عندي بداية تكيس المابيض,نتناول حبوب حامض الفوليك لسلامة الاجنة,entity_type_cooccurrence_same_qa,true
rel_seed_f733b88e3626f3a2,chunk_00097,ahd5k_01128,TREATED_BY,ent_symptom_3600b8bcb53e,الجوع,Symptom,ent_treatment_60ce765ad441,الطعام,Treatment,شعور الطفل بالجوع,الطعام,entity_type_cooccurrence_same_qa,true
rel_seed_01e61acabc9c42f9,chunk_00097,ahd5k_01128,TREATED_BY,ent_symptom_3600b8bcb53e,الجوع,Symptom,ent_treatment_df23e36cac5c,اللعب,Treatment,شعور الطفل بالجوع,اللعب,entity_type_cooccurrence_same_qa,true
rel_seed_10faa5ab99c43000,chunk_00098,ahd5k_01836,TREATED_BY,ent_diseasecondition_16cf4e77b755,التهاب,DiseaseCondition,ent_treatment_43526f78a371,مضاد حيوي,Treatment,التقيوء بيكون بشكل نفوره وقذف وبكاء بعدها وليكون غالبا اثناء النوم مع وجود سعال وعانى من نغس الشىء منذ الولادة وكان...,إعطائك بعض النصائح أو العلاجات إذا لزم لعلاج الإرتداد المعوي,entity_type_cooccurrence_same_qa,true
rel_seed_e35d161ffbbff21d,chunk_00098,ahd5k_01836,TREATED_BY,ent_diseasecondition_2f75d3dabe0b,حساسية,DiseaseCondition,ent_treatment_43526f78a371,مضاد حيوي,Treatment,التقيوء بيكون بشكل نفوره وقذف وبكاء بعدها وليكون غالبا اثناء النوم مع وجود سعال وعانى من نغس الشىء منذ الولادة وكان...,إعطائك بعض النصائح أو العلاجات إذا لزم لعلاج الإرتداد المعوي,entity_type_cooccurrence_same_qa,true
rel_seed_b6497ee9759bb727,chunk_00098,ahd5k_03986,TREATED_BY,ent_diseasecondition_16cf4e77b755,التهاب,DiseaseCondition,ent_treatment_43526f78a371,مضاد حيوي,Treatment,التهاب اللوز,إعطائك بعض النصائح أو العلاجات إذا لزم لعلاج الإرتداد المعوي,entity_type_cooccurrence_same_qa,true
rel_seed_b8acae4ed65d8000,chunk_00099,ahd5k_00568,HAS_SYMPTOM,ent_diseasecondition_7abdd04c7114,الحمل,DiseaseCondition,ent_symptom_c42bbeabdb83,الزراق,Symptom,"بعض الحالات المرضية مثل امراض القلب والشرايين , او امراض الجهاو التنفسي التي قد تؤدي الة ضيق النفس ونقص الاكسجين وبالتالي الزراق و بعض الحالات التي قد تؤدي للزراق مثل كثرة الملابس التي يرتديها الطفل او بسبب شدة برودة الطقس او برودة الماء عند الاستحمام .",الزراق و بعض الحالات التي قد تؤدي للزراق,entity_type_cooccurrence_same_qa,true
rel_seed_e7207d9471e17acc,chunk_00099,ahd5k_00568,HAS_SYMPTOM,ent_diseasecondition_7abdd04c7114,الحمل,DiseaseCondition,ent_symptom_7b297d9851d1,الملابس,Symptom,"بعض الحالات المرضية مثل امراض القلب والشرايين , او امراض الجهاو التنفسي التي قد تؤدي الة ضيق النفس ونقص الاكسجين وبالتالي الزراق و بعض الحالات التي قد تؤدي للزراق مثل كثرة الملابس التي يرتديها الطفل او بسبب شدة برودة الطقس او برودة الماء عند الاستحمام .",بعض الحالات التي قد تؤدي للزراق مثل كثرة الملابس التي يرتديها الطفل او بسبب شدة برودة الطقس او برودة الماء عند الاستحمام .,entity_type_cooccurrence_same_qa,true
rel_seed_095f81c72e84f0e7,chunk_00099,ahd5k_00568,HAS_SYMPTOM,ent_diseasecondition_7abdd04c7114,الحمل,DiseaseCondition,ent_symptom_d76ebd36291e,برودة الماء,Symptom,"بعض الحالات المرضية مثل امراض القلب والشرايين , او امراض الجهاو التنفسي التي قد تؤدي الة ضيق النفس ونقص الاكسجين وبالتالي الزراق و بعض الحالات التي قد تؤدي للزراق مثل كثرة الملابس التي يرتديها الطفل او بسبب شدة برودة الطقس او برودة الماء عند الاستحمام .",بعض الحالات التي قد تؤدي للزراق مثل كثرة الملابس التي يرتديها الطفل او بسبب شدة برودة الطقس او برودة الماء عند الاستحمام .,entity_type_cooccurrence_same_qa,true
rel_seed_aeb031bbc4001a54,chunk_00099,ahd5k_00568,HAS_SYMPTOM,ent_diseasecondition_7abdd04c7114,الحمل,DiseaseCondition,ent_symptom_9462c717910d,برودة الطقس,Symptom,"بعض الحالات المرضية مثل امراض القلب والشرايين , او امراض الجهاو التنفسي التي قد تؤدي الة ضيق النفس ونقص الاكسجين وبالتالي الزراق و بعض الحالات التي قد تؤدي للزراق مثل كثرة الملابس التي يرتديها الطفل او بسبب شدة برودة الطقس او برودة الماء عند الاستحمام .",بعض الحالات التي قد تؤدي للزراق مثل كثرة الملابس التي يرتديها الطفل او بسبب شدة برودة الطقس او برودة الماء عند الاستحمام .,entity_type_cooccurrence_same_qa,true
rel_seed_5762250b8d5c5c22,chunk_00099,ahd5k_03809,TREATED_BY,ent_diseasecondition_7abdd04c7114,الحمل,DiseaseCondition,ent_treatment_3bca745f3196,الحبوب منع الحمل,Treatment,الحبوب منع الحمل,الحبوب منع الحمل,entity_type_cooccurrence_same_qa,true
rel_seed_9fe33c1f420a53cd,chunk_00100,ahd5k_03707,TREATED_BY,ent_diseasecondition_9719230327a2,فقر الدم,DiseaseCondition,ent_treatment_db445915b47d,الحديد,Treatment,فقر دم عند طفل عمره ١٣ سنة شي جدي!,فقر الدم له اسباب عديدة منها عوز الحديد او عوز حمض الفوليك او الفيتامين B12 او B6,entity_type_cooccurrence_same_qa,true
rel_seed_0c4c4f1d3a961b35,chunk_00101,ahd5k_01611,TREATED_BY,ent_symptom_018ebc11f6df,حمى,Symptom,ent_treatment_026f10d47b4b,تطعيم,Treatment,الم في مكان المطعوم,المفروض ان تزول هذه الاعراض خلال 48 ساعة وعليكي استخدام خافض حراره ومسكن للالم بعد تطعيم,entity_type_cooccurrence_same_qa,true
rel_seed_a23a22fd518eba56,chunk_00101,ahd5k_01611,TREATED_BY,ent_symptom_018ebc11f6df,حمى,Symptom,ent_treatment_be514bea14bc,خافض حراره,Treatment,الم في مكان المطعوم,المفروض ان تزول هذه الاعراض خلال 48 ساعة وعليكي استخدام خافض حراره ومسكن للالم بعد تطعيم,entity_type_cooccurrence_same_qa,true
rel_seed_0b7b8b10ec83737f,chunk_00101,ahd5k_01611,TREATED_BY,ent_symptom_018ebc11f6df,حمى,Symptom,ent_treatment_b8a506ce96be,مسكن للالم,Treatment,الم في مكان المطعوم,المفروض ان تزول هذه الاعراض خلال 48 ساعة وعليكي استخدام خافض حراره ومسكن للالم بعد تطعيم,entity_type_cooccurrence_same_qa,true
rel_seed_6ebd3753c1cc18aa,chunk_00102,ahd5k_04651,TREATED_BY,ent_symptom_018ebc11f6df,حمى,Symptom,ent_treatment_43526f78a371,مضاد حيوي,Treatment,ارتفعت حرارته وتقيا مراتان جسمه نحلان اعطية مضاد حيوي وخافض حرارة لكن تنزل حرارتة لفترة ثم تعود لترتفع عندة مغص في بطنة في بعض...,اعطية مضاد حيوي وخافض حرارة,entity_type_cooccurrence_same_qa,true
rel_seed_1b6ab5e5a8817d65,chunk_00102,ahd5k_04651,TREATED_BY,ent_symptom_018ebc11f6df,حمى,Symptom,ent_treatment_be514bea14bc,خافض حرارة,Treatment,ارتفعت حرارته وتقيا مراتان جسمه نحلان اعطية مضاد حيوي وخافض حرارة لكن تنزل حرارتة لفترة ثم تعود لترتفع عندة مغص في بطنة في بعض...,اعطية مضاد حيوي وخافض حرارة,entity_type_cooccurrence_same_qa,true
rel_seed_f82d093c919891be,chunk_00104,ahd5k_02476,TREATED_BY,ent_symptom_f51ef98950a2,قلق,Symptom,ent_treatment_21a74567013d,كالسيوم,Treatment,طفله عمرها عام و4شهور تعانى من تأغر فى غلق فتحة الرأس الأماميه,فيجب اعاده تقيم الحاله من قبل اخصائى اطفال.فربما بحاجه لعمل صوره طبقيه. الاستمرار في اعطائها الكالسيوم و فيتامين د.,entity_type_cooccurrence_same_qa,true
rel_seed_279e2b750ef0543e,chunk_00104,ahd5k_02476,TREATED_BY,ent_symptom_f51ef98950a2,قلق,Symptom,ent_treatment_23b78e4c5546,فيتامين د,Treatment,طفله عمرها عام و4شهور تعانى من تأغر فى غلق فتحة الرأس الأماميه,فيجب اعاده تقيم الحاله من قبل اخصائى اطفال.فربما بحاجه لعمل صوره طبقيه. الاستمرار في اعطائها الكالسيوم و فيتامين د.,entity_type_cooccurrence_same_qa,true
rel_seed_7ad2244a692dcc6f,chunk_00108,ahd5k_04444,TREATED_BY,ent_symptom_c411d2ed3083,سيلان الانف,Symptom,ent_treatment_43526f78a371,مضاد حيوي,Treatment,سيلان الانف باستمرار,علاجات مضاد حيوي دون فايده,entity_type_cooccurrence_same_qa,true
rel_seed_91d68abf0a3b2f49,chunk_00108,ahd5k_04444,TREATED_BY,ent_symptom_c411d2ed3083,سيلان الانف,Symptom,ent_treatment_34b849dbecc0,بخاخات الماء والملح,Treatment,سيلان الانف باستمرار,جرب بخاخات الماء والملح,entity_type_cooccurrence_same_qa,true
rel_seed_95c059b6f1660cdf,chunk_00108,ahd5k_04444,INVESTIGATED_BY,ent_symptom_c411d2ed3083,سيلان الانف,Symptom,ent_test_84971d541245,خصائي الاطفال,Test,سيلان الانف باستمرار,لابد من عرضه على اخصائي الاطفال,entity_type_cooccurrence_same_qa,true
rel_seed_a68cc2159d1e7ffe,chunk_00109,ahd5k_00891,TREATED_BY,ent_diseasecondition_385230d505f3,تهاب,DiseaseCondition,ent_treatment_307b31c3646d,فيتامين أ,Treatment,فربما تكون فطريات. أما سقوط الشعر فسببه نقص فيتامين أ وعﻻجه شراب فروتال 5 مل يوميا,فربما تكون فطريات. أما سقوط الشعر فسببه نقص فيتامين أ وعﻻجه شراب فروتال 5 مل يوميا,entity_type_cooccurrence_same_qa,true
rel_seed_bd9ae18fd338be79,chunk_00109,ahd5k_00891,TREATED_BY,ent_diseasecondition_385230d505f3,تهاب,DiseaseCondition,ent_treatment_1d451938e684,فروتا,Treatment,فربما تكون فطريات. أما سقوط الشعر فسببه نقص فيتامين أ وعﻻجه شراب فروتال 5 مل يوميا,فربما تكون فطريات. أما سقوط الشعر فسببه نقص فيتامين أ وعﻻجه شراب فروتال 5 مل يوميا,entity_type_cooccurrence_same_qa,true
rel_seed_8d3b251d7509aca8,chunk_00110,ahd5k_01701,TREATED_BY,ent_diseasecondition_584b39abb33a,الكساح,DiseaseCondition,ent_treatment_23b78e4c5546,فيتامين د,Treatment,أهلا بحضرتك ..... نعم .. هناك أنواع من الكساح أو لين العظام,أهلا بحضرتك ..... نعم .. هناك أنواع من الكساح أو لين العظام تصنف بأنها ( Vit.D-Resistant Rickets ) ، أي لا تستجيب للعلاج بالجرعات المعتادة من فيتامين ( د ) ..,entity_type_cooccurrence_same_qa,true
rel_seed_c1ca5c9e0915a077,chunk_00110,ahd5k_02532,TREATED_BY,ent_diseasecondition_16cf4e77b755,التهاب,DiseaseCondition,ent_treatment_aa15c31ba83e,الرضاعة الطبيعية,Treatment,ليس مضرا و لكن قد يؤذي الام ينصح بعلاج الحلمات,ليس مضرا و لكن قد يؤذي الام ينصح بعلاج الحلمات,entity_type_cooccurrence_same_qa,true
rel_seed_7ed12ebb84b26013,chunk_00111,ahd5k_02569,TREATED_BY,ent_diseasecondition_16cf4e77b755,التهاب,DiseaseCondition,ent_treatment_ab5802cc2c0c,النضاد الحيوي,Treatment,التهاب في عينه بعد يومين من ولادته,يجب اخذ مسحة من هذه الافرازات بعيادة الطبيب وارسالها لعمل مزرعة لمعرفة نوع الميكروب. وفي بعض الحالات يحتاج الطفل لعلاج بالنضاد الحيوي عن طريق الفم الي جانب العلاج الموضعي ولمدة كافية للقضاء عالميكروب,entity_type_cooccurrence_same_qa,true
rel_seed_7122a3aef4e8ee3c,chunk_00111,ahd5k_02569,TREATED_BY,ent_diseasecondition_6ed57271807f,التهاب الحفاظ,DiseaseCondition,ent_treatment_ab5802cc2c0c,النضاد الحيوي,Treatment,التهاب الحفاظ,يجب اخذ مسحة من هذه الافرازات بعيادة الطبيب وارسالها لعمل مزرعة لمعرفة نوع الميكروب. وفي بعض الحالات يحتاج الطفل لعلاج بالنضاد الحيوي عن طريق الفم الي جانب العلاج الموضعي ولمدة كافية للقضاء عالميكروب,entity_type_cooccurrence_same_qa,true
rel_seed_d062820260e0b88b,chunk_00114,ahd5k_02966,TREATED_BY,ent_diseasecondition_2f75d3dabe0b,حساسية,DiseaseCondition,ent_treatment_fca1a888ae57,تنظيف اللثة,Treatment,حساسية,تنظيف اللثة,entity_type_cooccurrence_same_qa,true
rel_seed_d60bc765ef6059a6,chunk_00114,ahd5k_02966,TREATED_BY,ent_diseasecondition_2f75d3dabe0b,حساسية,DiseaseCondition,ent_treatment_948c17b9713d,النظافة اليومية,Treatment,حساسية,النظافة اليومية,entity_type_cooccurrence_same_qa,true
rel_seed_eabf6dabe4483b7e,chunk_00114,ahd5k_02966,TREATED_BY,ent_diseasecondition_2f75d3dabe0b,حساسية,DiseaseCondition,ent_treatment_48d78ab2fe1d,التفريش,Treatment,حساسية,التفريش,entity_type_cooccurrence_same_qa,true
rel_seed_873bf67f4d70ae95,chunk_00114,ahd5k_02966,TREATED_BY,ent_diseasecondition_2f75d3dabe0b,حساسية,DiseaseCondition,ent_treatment_451ebfb7cce2,التغذية,Treatment,حساسية,التغذية,entity_type_cooccurrence_same_qa,true
rel_seed_34040288d5ebf953,chunk_00114,ahd5k_02966,TREATED_BY,ent_diseasecondition_8b9d599f7475,الأسنان,DiseaseCondition,ent_treatment_fca1a888ae57,تنظيف اللثة,Treatment,الأسنان,تنظيف اللثة,entity_type_cooccurrence_same_qa,true
rel_seed_6e38cfec33dddee4,chunk_00114,ahd5k_02966,TREATED_BY,ent_diseasecondition_8b9d599f7475,الأسنان,DiseaseCondition,ent_treatment_948c17b9713d,النظافة اليومية,Treatment,الأسنان,النظافة اليومية,entity_type_cooccurrence_same_qa,true
rel_seed_7aa43825bf1a1ee9,chunk_00114,ahd5k_02966,TREATED_BY,ent_diseasecondition_8b9d599f7475,الأسنان,DiseaseCondition,ent_treatment_48d78ab2fe1d,التفريش,Treatment,الأسنان,التفريش,entity_type_cooccurrence_same_qa,true
rel_seed_9cf579c30d36be8b,chunk_00114,ahd5k_02966,TREATED_BY,ent_diseasecondition_8b9d599f7475,الأسنان,DiseaseCondition,ent_treatment_451ebfb7cce2,التغذية,Treatment,الأسنان,التغذية,entity_type_cooccurrence_same_qa,true
rel_seed_141b9acbdb0c5296,chunk_00116,ahd5k_04356,TREATED_BY,ent_symptom_b754f1a1e5a8,صداع,Symptom,ent_treatment_1623092039ad,المراجعة الطبية,Treatment,صداع,مراجعة طبيبك او اخصائي جراحه وجه و فكين,entity_type_cooccurrence_same_qa,true
rel_seed_938a3b9670527bd9,chunk_00116,ahd5k_04356,HAS_SYMPTOM,ent_diseasecondition_04b436ff2a98,ضرس العقل,DiseaseCondition,ent_symptom_b754f1a1e5a8,صداع,Symptom,ضرس العقل,صداع,entity_type_cooccurrence_same_qa,true
rel_seed_88e6f3fee8de6995,chunk_00116,ahd5k_04356,HAS_SYMPTOM,ent_diseasecondition_04b436ff2a98,ضرس العقل,DiseaseCondition,ent_symptom_249d07021a1b,الام,Symptom,ضرس العقل,الام,entity_type_cooccurrence_same_qa,true
rel_seed_9858f932165f0bb3,chunk_00116,ahd5k_04356,TREATED_BY,ent_diseasecondition_04b436ff2a98,ضرس العقل,DiseaseCondition,ent_treatment_1623092039ad,المراجعة الطبية,Treatment,ضرس العقل,مراجعة طبيبك او اخصائي جراحه وجه و فكين,entity_type_cooccurrence_same_qa,true
rel_seed_959ce061116b7eab,chunk_00116,ahd5k_04356,TREATED_BY,ent_symptom_249d07021a1b,الام,Symptom,ent_treatment_1623092039ad,المراجعة الطبية,Treatment,الام,مراجعة طبيبك او اخصائي جراحه وجه و فكين,entity_type_cooccurrence_same_qa,true
rel_seed_cc52f0a3c44e4c1e,chunk_00117,ahd5k_00666,HAS_SYMPTOM,ent_diseasecondition_16cf4e77b755,التهاب,DiseaseCondition,ent_symptom_59d5c1de0b88,الدم,Symptom,التهاب في المثانة أو الإحليل,خروج الدم يعني وجود جرح في المثانة أو الإحليل,entity_type_cooccurrence_same_qa,true
rel_seed_582350660fdefde2,chunk_00117,ahd5k_00666,DIAGNOSED_BY,ent_diseasecondition_16cf4e77b755,التهاب,DiseaseCondition,ent_test_f6ff9119ed14,تصوير الجهاز البولي,Test,التهاب في المثانة أو الإحليل,تصوير الجهاز البولي بصورة ملونر أي في بي لتحديد السبب والمكان,entity_type_cooccurrence_same_qa,true
rel_seed_0ae73fd332d8583b,chunk_00117,ahd5k_00666,TREATED_BY,ent_diseasecondition_16cf4e77b755,التهاب,DiseaseCondition,ent_treatment_90baddc0bf15,العلاج,Treatment,التهاب في المثانة أو الإحليل,وبعدها يتحدد العلاج,entity_type_cooccurrence_same_qa,true
rel_seed_f03eb900aed1136f,chunk_00117,ahd5k_00666,INVESTIGATED_BY,ent_symptom_59d5c1de0b88,الدم,Symptom,ent_test_f6ff9119ed14,تصوير الجهاز البولي,Test,خروج الدم يعني وجود جرح في المثانة أو الإحليل,تصوير الجهاز البولي بصورة ملونر أي في بي لتحديد السبب والمكان,entity_type_cooccurrence_same_qa,true
rel_seed_97d1e594827d57ad,chunk_00117,ahd5k_00666,TREATED_BY,ent_symptom_59d5c1de0b88,الدم,Symptom,ent_treatment_90baddc0bf15,العلاج,Treatment,خروج الدم يعني وجود جرح في المثانة أو الإحليل,وبعدها يتحدد العلاج,entity_type_cooccurrence_same_qa,true
rel_seed_ac3ec576edeab1c2,chunk_00118,ahd5k_00209,TREATED_BY,ent_diseasecondition_4ea30d57b62c,التصبغات السوداء,DiseaseCondition,ent_treatment_1479a48d3d42,الدواء,Treatment,التصبغات السوداء متنوعة المصدر منها ما هو خارجي,مضمضة الكلورهيكسيدين,entity_type_cooccurrence_same_qa,true
rel_seed_5c037243bbd1d459,chunk_00118,ahd5k_00209,TREATED_BY,ent_diseasecondition_30c063bfe92d,التسوس,DiseaseCondition,ent_treatment_1479a48d3d42,الدواء,Treatment,التسوس يكونه اسود اللون لكن يكون هناك نخر او تاكل في سطح السن,مضمضة الكلورهيكسيدين,entity_type_cooccurrence_same_qa,true
rel_seed_7dd0c20df6697b64,chunk_00119,ahd5k_00069,HAS_SYMPTOM,ent_diseasecondition_2f75d3dabe0b,حساسية,DiseaseCondition,ent_symptom_f4cf885a0447,سعال,Symptom,حساسية الصدر,سعال,entity_type_cooccurrence_same_qa,true
rel_seed_a9f3e2237d0dd4b9,chunk_00119,ahd5k_00069,HAS_SYMPTOM,ent_diseasecondition_16cf4e77b755,التهاب,DiseaseCondition,ent_symptom_f4cf885a0447,سعال,Symptom,التهاب,سعال,entity_type_cooccurrence_same_qa,true
rel_seed_3d58af2c2822fe4e,chunk_00121,ahd5k_02986,HAS_SYMPTOM,ent_diseasecondition_2de63ce5404a,الجيب اللثوي,DiseaseCondition,ent_symptom_8837f8fd35f4,الجيب اللثوي,Symptom,لدي جيب لثوي بين الضاحك والضرس,لدي جيب لثوي بين الضاحك والضرس,entity_type_cooccurrence_same_qa,true
rel_seed_0b1544df14388856,chunk_00121,ahd5k_02986,TREATED_BY,ent_diseasecondition_2de63ce5404a,الجيب اللثوي,DiseaseCondition,ent_treatment_f60ee3a3269a,الجيب اللثوي,Treatment,لدي جيب لثوي بين الضاحك والضرس,قد تحتاج ازاله التلبيس و عمل جراحة بسيطة للجيب اللثوي و بعدها يتم وصع تاج جديد بعد شهر و اكيد وقتها رح تشعر بالتحسن ان شالله,entity_type_cooccurrence_same_qa,true
rel_seed_467dd3387c362920,chunk_00121,ahd5k_02986,TREATED_BY,ent_symptom_8837f8fd35f4,الجيب اللثوي,Symptom,ent_treatment_f60ee3a3269a,الجيب اللثوي,Treatment,لدي جيب لثوي بين الضاحك والضرس,قد تحتاج ازاله التلبيس و عمل جراحة بسيطة للجيب اللثوي و بعدها يتم وصع تاج جديد بعد شهر و اكيد وقتها رح تشعر بالتحسن ان شالله,entity_type_cooccurrence_same_qa,true
rel_seed_f29c5bdb73a92f5c,chunk_00123,ahd5k_04942,HAS_SYMPTOM,ent_diseasecondition_16cf4e77b755,التهاب,DiseaseCondition,ent_symptom_f4cf885a0447,سعال,Symptom,علاج الاسنان و اللثة قبل البدء في تقويم الاسنان,سويت تقويم أسنان و الدكتور الي أشتغل عنده مهمل بس ركب تقويم وخلع ضرس ما نظف لي أي سن و لا شال أي سوسة من أضراسي الخلفية,entity_type_cooccurrence_same_qa,true
rel_seed_7f2eafeaf08e65db,chunk_00124,ahd5k_00222,TREATED_BY,ent_symptom_b754f1a1e5a8,صداع,Symptom,ent_treatment_2466e618d2bf,باندول فولت فاست,Treatment,ام حادة في الراس,باندول فولت فاست,entity_type_cooccurrence_same_qa,true
rel_seed_7ce02234253ff02e,chunk_00127,ahd5k_02470,TREATED_BY,ent_diseasecondition_2f75d3dabe0b,حساسية,DiseaseCondition,ent_treatment_104bb0a91d5a,تيليفاست,Treatment,نوع من أنواع الحساسية,مضاد للهيستامين مثل تيليفاست,entity_type_cooccurrence_same_qa,true
rel_seed_18bc626fa57795d5,chunk_00127,ahd5k_04235,DIAGNOSED_BY,ent_diseasecondition_2f75d3dabe0b,حساسية,DiseaseCondition,ent_test_dd68aa784555,تحاليل مخبرية,Test,التهاب القصبات,فحص طبي للوقوف على تفاصيل أكثر,entity_type_cooccurrence_same_qa,true
rel_seed_e728c264d45c355a,chunk_00127,ahd5k_04235,DIAGNOSED_BY,ent_diseasecondition_385230d505f3,تهاب,DiseaseCondition,ent_test_dd68aa784555,تحاليل مخبرية,Test,التهاب القصبات,فحص طبي للوقوف على تفاصيل أكثر,entity_type_cooccurrence_same_qa,true
rel_seed_250a965266e9f068,chunk_00128,ahd5k_02662,HAS_SYMPTOM,ent_diseasecondition_16cf4e77b755,التهاب,DiseaseCondition,ent_symptom_c01e00eb5c72,صداع التوتر,Symptom,التهاب,صداع التوتر,entity_type_cooccurrence_same_qa,true
rel_seed_c2943b8ade152f02,chunk_00128,ahd5k_02662,HAS_SYMPTOM,ent_diseasecondition_16cf4e77b755,التهاب,DiseaseCondition,ent_symptom_b754f1a1e5a8,صداع,Symptom,التهاب,صداع,entity_type_cooccurrence_same_qa,true
rel_seed_31a82795f91f4042,chunk_00128,ahd5k_02662,HAS_SYMPTOM,ent_diseasecondition_16cf4e77b755,التهاب,DiseaseCondition,ent_symptom_d713f64368d3,ضغط,Symptom,التهاب,ضغط,entity_type_cooccurrence_same_qa,true
rel_seed_e9bab8e07da14849,chunk_00128,ahd5k_02662,HAS_SYMPTOM,ent_diseasecondition_16cf4e77b755,التهاب,DiseaseCondition,ent_symptom_38888a2188fe,القلق,Symptom,التهاب,القلق,entity_type_cooccurrence_same_qa,true
rel_seed_e29f1c7175b3173d,chunk_00128,ahd5k_02662,HAS_SYMPTOM,ent_diseasecondition_d9b91988beb9,التهاب السحايا,DiseaseCondition,ent_symptom_c01e00eb5c72,صداع التوتر,Symptom,التهاب السحايا,صداع التوتر,entity_type_cooccurrence_same_qa,true
rel_seed_3d467dae60e3e704,chunk_00128,ahd5k_02662,HAS_SYMPTOM,ent_diseasecondition_d9b91988beb9,التهاب السحايا,DiseaseCondition,ent_symptom_b754f1a1e5a8,صداع,Symptom,التهاب السحايا,صداع,entity_type_cooccurrence_same_qa,true
rel_seed_6f56c8e72678014e,chunk_00128,ahd5k_02662,HAS_SYMPTOM,ent_diseasecondition_d9b91988beb9,التهاب السحايا,DiseaseCondition,ent_symptom_d713f64368d3,ضغط,Symptom,التهاب السحايا,ضغط,entity_type_cooccurrence_same_qa,true
rel_seed_fc38188df7343d8e,chunk_00128,ahd5k_02662,HAS_SYMPTOM,ent_diseasecondition_d9b91988beb9,التهاب السحايا,DiseaseCondition,ent_symptom_38888a2188fe,القلق,Symptom,التهاب السحايا,القلق,entity_type_cooccurrence_same_qa,true
rel_seed_78edba0f5306998d,chunk_00128,ahd5k_02662,HAS_SYMPTOM,ent_diseasecondition_aacab021c9d4,الصداع النصفي,DiseaseCondition,ent_symptom_c01e00eb5c72,صداع التوتر,Symptom,الصداع النصفي,صداع التوتر,entity_type_cooccurrence_same_qa,true
rel_seed_55bc83f6197c5ba2,chunk_00128,ahd5k_02662,HAS_SYMPTOM,ent_diseasecondition_aacab021c9d4,الصداع النصفي,DiseaseCondition,ent_symptom_b754f1a1e5a8,صداع,Symptom,الصداع النصفي,صداع,entity_type_cooccurrence_same_qa,true
rel_seed_5b5d0a9e024f6824,chunk_00128,ahd5k_02662,HAS_SYMPTOM,ent_diseasecondition_aacab021c9d4,الصداع النصفي,DiseaseCondition,ent_symptom_d713f64368d3,ضغط,Symptom,الصداع النصفي,ضغط,entity_type_cooccurrence_same_qa,true
rel_seed_12d9f0b83edf0236,chunk_00128,ahd5k_02662,HAS_SYMPTOM,ent_diseasecondition_aacab021c9d4,الصداع النصفي,DiseaseCondition,ent_symptom_38888a2188fe,القلق,Symptom,الصداع النصفي,القلق,entity_type_cooccurrence_same_qa,true
rel_seed_68297259b6f0227a,chunk_00128,ahd5k_02662,HAS_SYMPTOM,ent_diseasecondition_ad3e19c416f6,التهاب الجيوب الأنفية,DiseaseCondition,ent_symptom_c01e00eb5c72,صداع التوتر,Symptom,التهاب الجيوب الأنفية,صداع التوتر,entity_type_cooccurrence_same_qa,true
rel_seed_fc5afd3631ff5eb3,chunk_00128,ahd5k_02662,HAS_SYMPTOM,ent_diseasecondition_ad3e19c416f6,التهاب الجيوب الأنفية,DiseaseCondition,ent_symptom_b754f1a1e5a8,صداع,Symptom,التهاب الجيوب الأنفية,صداع,entity_type_cooccurrence_same_qa,true
rel_seed_3f9dbbea6fdd8f6f,chunk_00128,ahd5k_02662,HAS_SYMPTOM,ent_diseasecondition_ad3e19c416f6,التهاب الجيوب الأنفية,DiseaseCondition,ent_symptom_d713f64368d3,ضغط,Symptom,التهاب الجيوب الأنفية,ضغط,entity_type_cooccurrence_same_qa,true
rel_seed_4ee2df987aef8dab,chunk_00128,ahd5k_02662,HAS_SYMPTOM,ent_diseasecondition_ad3e19c416f6,التهاب الجيوب الأنفية,DiseaseCondition,ent_symptom_38888a2188fe,القلق,Symptom,التهاب الجيوب الأنفية,القلق,entity_type_cooccurrence_same_qa,true
rel_seed_40cb578f93cb39f4,chunk_00129,ahd5k_02023,TREATED_BY,ent_diseasecondition_16cf4e77b755,التهاب,DiseaseCondition,ent_treatment_9b5bfe80cea0,دواء تلفاست أ سيرين,Treatment,التهاب الأعصاب الطرفية,تناول دواء تلفاست أ سيرين,entity_type_cooccurrence_same_qa,true
rel_seed_3f4982f6189908c2,chunk_00129,ahd5k_02023,TREATED_BY,ent_diseasecondition_16cf4e77b755,التهاب,DiseaseCondition,ent_treatment_6daeffa55a15,نيوروتين,Treatment,التهاب الأعصاب الطرفية,دواء نيوروتين,entity_type_cooccurrence_same_qa,true
rel_seed_10419bfc02a8d50a,chunk_00129,ahd5k_02023,TREATED_BY,ent_diseasecondition_28f5fc799e65,فرط الحساسية,DiseaseCondition,ent_treatment_9b5bfe80cea0,دواء تلفاست أ سيرين,Treatment,فرط الحساسية,تناول دواء تلفاست أ سيرين,entity_type_cooccurrence_same_qa,true
rel_seed_007ba0218fe220b4,chunk_00129,ahd5k_02023,TREATED_BY,ent_diseasecondition_28f5fc799e65,فرط الحساسية,DiseaseCondition,ent_treatment_6daeffa55a15,نيوروتين,Treatment,فرط الحساسية,دواء نيوروتين,entity_type_cooccurrence_same_qa,true
rel_seed_e970be45ddb963ae,chunk_00130,ahd5k_00114,DIAGNOSED_BY,ent_diseasecondition_16cf4e77b755,التهاب,DiseaseCondition,ent_test_c4cfd2d6468c,اشعة,Test,التهاب,اجراء صورة اشعة عادية للحوض,entity_type_cooccurrence_same_qa,true
rel_seed_3c3cf7e19ecf075e,chunk_00130,ahd5k_03565,DIAGNOSED_BY,ent_diseasecondition_ddc87069534f,نقص الحليب,DiseaseCondition,ent_test_dd68aa784555,تحاليل مخبرية,Test,نسبه هرمون الحليب,اجراء تحليل بالدم,entity_type_cooccurrence_same_qa,true
rel_seed_592ebf6b9da49c19,chunk_00131,ahd5k_00507,TREATED_BY,ent_symptom_b754f1a1e5a8,صداع,Symptom,ent_treatment_450cbdcb87da,الطبيب,Treatment,صداع فى الرأس وشعور بحرارة فى الرأس وفى العين,من الافضل والاجدى اذا وجد ضرس غقل او اكثر مطمور ان تبادرى لازالتهم وذلك لدى طبيب اسنان متمرس,entity_type_cooccurrence_same_qa,true
rel_seed_1c9f7f63ec8034e7,chunk_00131,ahd5k_00780,TREATED_BY,ent_symptom_b754f1a1e5a8,صداع,Symptom,ent_treatment_450cbdcb87da,الطبيب,Treatment,صداع يختلف حدته من خفيف إلى قوي جدا,مراجعة طبيب اعصاب وذلك لاتمام الفحص السريري و التاكد من التشخيص,entity_type_cooccurrence_same_qa,true
rel_seed_f7f26f23fb811356,chunk_00131,ahd5k_00780,HAS_SYMPTOM,ent_diseasecondition_00247d3d5c80,الصداع التوتري,DiseaseCondition,ent_symptom_b754f1a1e5a8,صداع,Symptom,قد يكون لديك نوع من الصداع يسمى بالصداع التوتري,صداع يختلف حدته من خفيف إلى قوي جدا,entity_type_cooccurrence_same_qa,true
rel_seed_36b4ef84647ab9f3,chunk_00131,ahd5k_00780,TREATED_BY,ent_diseasecondition_00247d3d5c80,الصداع التوتري,DiseaseCondition,ent_treatment_450cbdcb87da,الطبيب,Treatment,قد يكون لديك نوع من الصداع يسمى بالصداع التوتري,مراجعة طبيب اعصاب وذلك لاتمام الفحص السريري و التاكد من التشخيص,entity_type_cooccurrence_same_qa,true
rel_seed_338dc32320f16408,chunk_00131,ahd5k_01058,TREATED_BY,ent_symptom_b754f1a1e5a8,صداع,Symptom,ent_treatment_450cbdcb87da,الطبيب,Treatment,صداع لايزول بالمسكنات,ذهبت لأفضل أخصائي أنف وأذن وحنجرة,entity_type_cooccurrence_same_qa,true
rel_seed_4c33ff1b89cf3eef,chunk_00131,ahd5k_01058,INVESTIGATED_BY,ent_symptom_b754f1a1e5a8,صداع,Symptom,ent_test_e668861db259,الصور الشعاعية,Test,صداع لايزول بالمسكنات,قد يطلب صور شعاعية للرأس من ضمن فحوص أخرى,entity_type_cooccurrence_same_qa,true
rel_seed_cd373b1fd2476989,chunk_00131,ahd5k_03689,TREATED_BY,ent_symptom_b754f1a1e5a8,صداع,Symptom,ent_treatment_450cbdcb87da,الطبيب,Treatment,صداع دائم,أنصحك بمراجعة أخصائي الأمراض الداخلية,entity_type_cooccurrence_same_qa,true
rel_seed_51fa10efcc137cb2,chunk_00132,ahd5k_00804,HAS_SYMPTOM,ent_diseasecondition_88a350b88c4d,عضلات الصدر,DiseaseCondition,ent_symptom_f51ef98950a2,قلق,Symptom,الافضل مراجعة طبيب,شعورى بقبضة فى صدرى تستغرق بضعة ثوانى ويصاحبها ضيق فى التنفس ....كان يتكرر هذا الموضوع معى من فترة الى اخرى ثم اصبح يوميا ثم يقل تدريجيا ولكنى مازلت...,entity_type_cooccurrence_same_qa,true
rel_seed_41120cbf8a65837a,chunk_00133,ahd5k_04468,DIAGNOSED_BY,ent_diseasecondition_5490429a16c5,انزلاق غضروفي عنقي,DiseaseCondition,ent_test_c4cfd2d6468c,أشعة,Test,ينصح لك بصورة اشعة للعنق، هذه العلامات تشير الى انزلاق غضروفي عنقي (في الرقبة) غالبا بين الخامسة و السادسة العنقية,ينصح لك بصورة اشعة,entity_type_cooccurrence_same_qa,true
rel_seed_facf294aab339c26,chunk_00135,ahd5k_01394,TREATED_BY,ent_diseasecondition_c530adcb98c5,الاكتئاب,DiseaseCondition,ent_treatment_84e0992b5157,شاي الأعشاب,Treatment,الشعور بالاكتئاب,شاي الأعشاب,entity_type_cooccurrence_same_qa,true
rel_seed_0e07c6ca41964c90,chunk_00135,ahd5k_01394,TREATED_BY,ent_diseasecondition_9719230327a2,فقر الدم,DiseaseCondition,ent_treatment_84e0992b5157,شاي الأعشاب,Treatment,فقر دم (انيميا الفول),شاي الأعشاب,entity_type_cooccurrence_same_qa,true
rel_seed_266296e92f79e985,chunk_00135,ahd5k_01394,TREATED_BY,ent_diseasecondition_16cf4e77b755,التهاب,DiseaseCondition,ent_treatment_84e0992b5157,شاي الأعشاب,Treatment,تهاب,شاي الأعشاب,entity_type_cooccurrence_same_qa,true
rel_seed_fc524c3a8f29d8ad,chunk_00137,ahd5k_04817,TREATED_BY,ent_diseasecondition_a2605dbbfa2a,أقل من الطبيعي,DiseaseCondition,ent_treatment_df97f5e24856,النوم جيداً,Treatment,هذا أقل من الطبيعي ولكن في هذا العمر قد تحدث ثورة اذ يزداد الطول و الوزن بشكل مفاجئ,ماعليك سوى ممارسة الرياضة و تناول الاطعمة كاللحوم و الخضار و الفواكة والنوم جيداً,entity_type_cooccurrence_same_qa,true
rel_seed_bad7eca7971bcea1,chunk_00137,ahd5k_04817,TREATED_BY,ent_diseasecondition_a2605dbbfa2a,أقل من الطبيعي,DiseaseCondition,ent_treatment_c8e54783a44f,اللحوم,Treatment,هذا أقل من الطبيعي ولكن في هذا العمر قد تحدث ثورة اذ يزداد الطول و الوزن بشكل مفاجئ,ماعليك سوى ممارسة الرياضة و تناول الاطعمة كاللحوم و الخضار و الفواكة والنوم جيداً,entity_type_cooccurrence_same_qa,true
rel_seed_975ad8503587debd,chunk_00137,ahd5k_04817,TREATED_BY,ent_diseasecondition_a2605dbbfa2a,أقل من الطبيعي,DiseaseCondition,ent_treatment_2b917ff56ac9,الخضار,Treatment,هذا أقل من الطبيعي ولكن في هذا العمر قد تحدث ثورة اذ يزداد الطول و الوزن بشكل مفاجئ,ماعليك سوى ممارسة الرياضة و تناول الاطعمة كاللحوم و الخضار و الفواكة والنوم جيداً,entity_type_cooccurrence_same_qa,true
rel_seed_fcfed5e25465cf36,chunk_00137,ahd5k_04817,TREATED_BY,ent_diseasecondition_a2605dbbfa2a,أقل من الطبيعي,DiseaseCondition,ent_treatment_903a54038c7e,الفواكة,Treatment,هذا أقل من الطبيعي ولكن في هذا العمر قد تحدث ثورة اذ يزداد الطول و الوزن بشكل مفاجئ,ماعليك سوى ممارسة الرياضة و تناول الاطعمة كاللحوم و الخضار و الفواكة والنوم جيداً,entity_type_cooccurrence_same_qa,true
rel_seed_5a0d75a00c8d590a,chunk_00138,ahd5k_00774,HAS_SYMPTOM,ent_diseasecondition_16cf4e77b755,التهاب,DiseaseCondition,ent_symptom_fe424a778440,حصاصة,Symptom,التهاب الجلد الانين التهاب,حصاصة الجلد الانين,entity_type_cooccurrence_same_qa,true
rel_seed_90ca3d52f97081b4,chunk_00138,ahd5k_00774,HAS_SYMPTOM,ent_diseasecondition_16cf4e77b755,التهاب,DiseaseCondition,ent_symptom_9731436c9bf9,الانين,Symptom,التهاب الجلد الانين التهاب,الانين الجلد,entity_type_cooccurrence_same_qa,true
rel_seed_54e84e1a6666a414,chunk_00138,ahd5k_00774,DIAGNOSED_BY,ent_diseasecondition_16cf4e77b755,التهاب,DiseaseCondition,ent_test_789144e7ff3c,الثيحال الريوي,Test,التهاب الجلد الانين التهاب,الثيحال الريوي الثيحال الريوي,entity_type_cooccurrence_same_qa,true
rel_seed_50ffc4bb40090899,chunk_00138,ahd5k_00774,INVESTIGATED_BY,ent_symptom_fe424a778440,حصاصة,Symptom,ent_test_789144e7ff3c,الثيحال الريوي,Test,حصاصة الجلد الانين,الثيحال الريوي الثيحال الريوي,entity_type_cooccurrence_same_qa,true
rel_seed_030b7afeabb6247a,chunk_00138,ahd5k_00774,INVESTIGATED_BY,ent_symptom_9731436c9bf9,الانين,Symptom,ent_test_789144e7ff3c,الثيحال الريوي,Test,الانين الجلد,الثيحال الريوي الثيحال الريوي,entity_type_cooccurrence_same_qa,true
rel_seed_fcc0f468bcf9f63b,chunk_00140,ahd5k_03423,HAS_SYMPTOM,ent_diseasecondition_db17a406c72e,ارتفاع ضغط الدم,DiseaseCondition,ent_symptom_d713f64368d3,ضغط,Symptom,مرض لحد الان لم نتمكن من معرفة السبب,مراقبة ضغط الدم باستمرار,entity_type_cooccurrence_same_qa,true
rel_seed_b56f6f5369b043a2,chunk_00140,ahd5k_03423,HAS_SYMPTOM,ent_diseasecondition_db17a406c72e,ارتفاع ضغط الدم,DiseaseCondition,ent_symptom_759403abc54c,الإغماء,Symptom,مرض لحد الان لم نتمكن من معرفة السبب,الإغماء,entity_type_cooccurrence_same_qa,true
rel_seed_71fc62caf6ae0fa6,chunk_00140,ahd5k_03423,DIAGNOSED_BY,ent_diseasecondition_db17a406c72e,ارتفاع ضغط الدم,DiseaseCondition,ent_test_433492431144,تحليل الحساسية,Test,مرض لحد الان لم نتمكن من معرفة السبب,اشعاعات الصدر و القلب و الرئة,entity_type_cooccurrence_same_qa,true
rel_seed_0f36a13094bd124f,chunk_00140,ahd5k_03423,TREATED_BY,ent_diseasecondition_db17a406c72e,ارتفاع ضغط الدم,DiseaseCondition,ent_treatment_e3821aa5e124,مراقبة ضغط الدم,Treatment,مرض لحد الان لم نتمكن من معرفة السبب,يجب مراقبة ضغط الدم باستمرار,entity_type_cooccurrence_same_qa,true
rel_seed_bd0c1100d2d03780,chunk_00140,ahd5k_03423,INVESTIGATED_BY,ent_symptom_d713f64368d3,ضغط,Symptom,ent_test_433492431144,تحليل الحساسية,Test,مراقبة ضغط الدم باستمرار,اشعاعات الصدر و القلب و الرئة,entity_type_cooccurrence_same_qa,true
rel_seed_661714e4daf47c87,chunk_00140,ahd5k_03423,TREATED_BY,ent_symptom_d713f64368d3,ضغط,Symptom,ent_treatment_e3821aa5e124,مراقبة ضغط الدم,Treatment,مراقبة ضغط الدم باستمرار,يجب مراقبة ضغط الدم باستمرار,entity_type_cooccurrence_same_qa,true
rel_seed_3dafecfcbab3a815,chunk_00140,ahd5k_03423,INVESTIGATED_BY,ent_symptom_759403abc54c,الإغماء,Symptom,ent_test_433492431144,تحليل الحساسية,Test,الإغماء,اشعاعات الصدر و القلب و الرئة,entity_type_cooccurrence_same_qa,true
rel_seed_65df48a0feb461dc,chunk_00140,ahd5k_03423,TREATED_BY,ent_symptom_759403abc54c,الإغماء,Symptom,ent_treatment_e3821aa5e124,مراقبة ضغط الدم,Treatment,الإغماء,يجب مراقبة ضغط الدم باستمرار,entity_type_cooccurrence_same_qa,true
rel_seed_96a2f5047f9cc125,chunk_00141,ahd5k_03627,TREATED_BY,ent_diseasecondition_aa9977b6b112,سكري,DiseaseCondition,ent_treatment_b6f673a13d6a,مدر بول,Treatment,1- ميتفورمين وهو يستعمل لعلاج السكري,2- مدر بول تخرج الماء الزائد من جسمك,entity_type_cooccurrence_same_qa,true
rel_seed_35ed4564da1d54d1,chunk_00141,ahd5k_03627,TREATED_BY,ent_diseasecondition_aa9977b6b112,سكري,DiseaseCondition,ent_treatment_1e3baddafc66,سيبوترامين,Treatment,1- ميتفورمين وهو يستعمل لعلاج السكري,3- علاج سيبوترامين مثل : ميريديا او سيبوترم او دايت ماكس او سليماكس,entity_type_cooccurrence_same_qa,true
rel_seed_a2c464d182658541,chunk_00141,ahd5k_03627,TREATED_BY,ent_diseasecondition_aa9977b6b112,سكري,DiseaseCondition,ent_treatment_60057f719d6c,اورليستات,Treatment,1- ميتفورمين وهو يستعمل لعلاج السكري,4- اورليستات,entity_type_cooccurrence_same_qa,true
rel_seed_b2361f2f508625ea,chunk_00142,ahd5k_00486,TREATED_BY,ent_symptom_db012388d676,الكتف,Symptom,ent_treatment_c93941cf1d98,البروفين,Treatment,الم بالكتف وبعد الاشعات اخبروهابانه شخونه في الكتف,أو تناول بعض الأدوية المسكنة للألم اللاستيروئيدية ،ثل البروفين وغيره,entity_type_cooccurrence_same_qa,true
rel_seed_0e4cd32fc7a9b620,chunk_00142,ahd5k_00486,TREATED_BY,ent_symptom_db012388d676,الكتف,Symptom,ent_treatment_639e625fe991,الزنجبيل,Treatment,الم بالكتف وبعد الاشعات اخبروهابانه شخونه في الكتف,أو تناول بعض المأكولات التي خفف الألم مثل الزنجبيل وغيره,entity_type_cooccurrence_same_qa,true
rel_seed_c787ec10da71147f,chunk_00144,ahd5k_01783,TREATED_BY,ent_diseasecondition_925cfcb87467,الجلطات الدماغية,DiseaseCondition,ent_treatment_f3a613a63534,التغذية بالأنبوب,Treatment,جلطات دماغية,متابعة التغذية بالأنبوب لمدة طويلة,entity_type_cooccurrence_same_qa,true
rel_seed_66716fffec09cddd,chunk_00144,ahd5k_03579,TREATED_BY,ent_diseasecondition_35eb2b8f8638,اضطراب نفسي,DiseaseCondition,ent_treatment_b5d6db6d8c42,العقاقير المضادة للذهان,Treatment,اضطراب نفسي يظهر لديها على شكل رهاب وعلى شكل الشك المرضي,العقاقير المضادة للذهان,entity_type_cooccurrence_same_qa,true
rel_seed_3a3d191ed23bf675,chunk_00146,ahd5k_00439,TREATED_BY,ent_diseasecondition_7abdd04c7114,الحمل,DiseaseCondition,ent_treatment_02841a5b9786,بريمولوت ن,Treatment,اذا كنت حامل وما زلت تستعملين اقراص ال بريمولوت ن فيجب ايقافها ، فهناك دراسات اثبتتت انه يمكن ان تؤدي هذه الاقراص الى تشوهات في القلب والاوعيه الدمويه لدى الجنين ، كما انه يمكن ان تؤدي الى تشوهات في الانبوب العصبي والدماغ,اذا كنت حامل وما زلت تستعملين اقراص ال بريمولوت ن فيجب ايقافها ، فهناك دراسات اثبتتت انه يمكن ان تؤدي هذه الاقراص الى تشوهات في القلب والاوعيه الدمويه لدى الجنين ، كما انه يمكن ان تؤدي الى تشوهات في الانبوب العصبي والدماغ,entity_type_cooccurrence_same_qa,true
rel_seed_eaa0ebdc3619e11a,chunk_00146,ahd5k_00439,TREATED_BY,ent_diseasecondition_7abdd04c7114,الحمل,DiseaseCondition,ent_treatment_891f5d08fec8,البريمولوت ن,Treatment,اذا كنت حامل وما زلت تستعملين اقراص ال بريمولوت ن فيجب ايقافها ، فهناك دراسات اثبتتت انه يمكن ان تؤدي هذه الاقراص الى تشوهات في القلب والاوعيه الدمويه لدى الجنين ، كما انه يمكن ان تؤدي الى تشوهات في الانبوب العصبي والدماغ,اذا كنت حامل وما زلت تستعملين اقراص ال بريمولوت ن فيجب ايقافها ، فهناك دراسات اثبتتت انه يمكن ان تؤدي هذه الاقراص الى تشوهات في القلب والاوعيه الدمويه لدى الجنين ، كما انه يمكن ان تؤدي الى تشوهات في الانبوب العصبي والدماغ,entity_type_cooccurrence_same_qa,true
rel_seed_a5eb4122f259f1f0,chunk_00146,ahd5k_00793,TREATED_BY,ent_diseasecondition_7abdd04c7114,الحمل,DiseaseCondition,ent_treatment_126db3468e93,زيت اللوز المر,Treatment,حبيت اسال عن زيت اللوز المر للجسم انا استخدمه لبطني وكامل جسمي الان لي تقريبا 3 اسابيع وانا حامل في الاسبوع الثاني عشر ولقد قرات...,حبيت اسال عن زيت اللوز المر للجسم انا استخدمه لبطني وكامل جسمي الان لي تقريبا 3 اسابيع وانا حامل في الاسبوع الثاني عشر ولقد قرات...,entity_type_cooccurrence_same_qa,true
rel_seed_cb04c4c594ecdc57,chunk_00146,ahd5k_01515,TREATED_BY,ent_diseasecondition_7abdd04c7114,الحمل,DiseaseCondition,ent_treatment_2702542ba0eb,ميزوتاك,Treatment,هل يوجد تأثير على الجنين في حالة تعاطي أقراص ميزوتاك في بداية الحمل بغرض الإجهاض وأنا الآن اقتنعت باكمال الحمل ولكن قلق من تأثر الجنين بالمادة الفعالة لهذا الدواء؟,هل يوجد تأثير على الجنين في حالة تعاطي أقراص ميزوتاك في بداية الحمل بغرض الإجهاض وأنا الآن اقتنعت باكمال الحمل ولكن قلق من تأثر الجنين بالمادة الفعالة لهذا الدواء؟,entity_type_cooccurrence_same_qa,true
rel_seed_d5cb1007d991dacc,chunk_00147,ahd5k_04001,TREATED_BY,ent_diseasecondition_7abdd04c7114,الحمل,DiseaseCondition,ent_treatment_7dcc65be78f8,زيت الزيتون,Treatment,حملي الاول,بزيت الزيتون ثم حاولي شدها الى الخارج وذلك لمدة 3 - 5 دقائق 3 مرات في اليوم,entity_type_cooccurrence_same_qa,true
rel_seed_a3185e2b806b8aa4,chunk_00148,ahd5k_02182,HAS_SYMPTOM,ent_diseasecondition_33ebca04d291,الحودة الصكري,DiseaseCondition,ent_symptom_57992c2ef292,الحال,Symptom,الحودة الصكري اليثثار الحودة الحال بالمرديدين,الحال بالمرديدين,entity_type_cooccurrence_same_qa,true
rel_seed_95ca14afd985a02b,chunk_00148,ahd5k_02182,HAS_SYMPTOM,ent_diseasecondition_33ebca04d291,الحودة الصكري,DiseaseCondition,ent_symptom_fdb2085491d0,الحال بالمرديدين,Symptom,الحودة الصكري اليثثار الحودة الحال بالمرديدين,الحال بالمرديدين,entity_type_cooccurrence_same_qa,true
rel_seed_46f744cdb1a317fb,chunk_00148,ahd5k_02182,HAS_SYMPTOM,ent_diseasecondition_41f520aa86a9,الحودة الحال,DiseaseCondition,ent_symptom_57992c2ef292,الحال,Symptom,الحودة الحال بالمرديدين,الحال بالمرديدين,entity_type_cooccurrence_same_qa,true
rel_seed_161778bf857be8e4,chunk_00148,ahd5k_02182,HAS_SYMPTOM,ent_diseasecondition_41f520aa86a9,الحودة الحال,DiseaseCondition,ent_symptom_fdb2085491d0,الحال بالمرديدين,Symptom,الحودة الحال بالمرديدين,الحال بالمرديدين,entity_type_cooccurrence_same_qa,true
rel_seed_6e4266c49111b0bf,chunk_00148,ahd5k_02249,HAS_SYMPTOM,ent_diseasecondition_33ebca04d291,الحودة الصكري,DiseaseCondition,ent_symptom_57992c2ef292,الحال,Symptom,الحودة الصكري اليثثار الحودة الحال بالمرديدين,الحال بالمرديدين,entity_type_cooccurrence_same_qa,true
rel_seed_348d40d86d919ea1,chunk_00148,ahd5k_02249,HAS_SYMPTOM,ent_diseasecondition_33ebca04d291,الحودة الصكري,DiseaseCondition,ent_symptom_fdb2085491d0,الحال بالمرديدين,Symptom,الحودة الصكري اليثثار الحودة الحال بالمرديدين,الحال بالمرديدين,entity_type_cooccurrence_same_qa,true
rel_seed_c1773e54a6029783,chunk_00148,ahd5k_02249,HAS_SYMPTOM,ent_diseasecondition_41f520aa86a9,الحودة الحال,DiseaseCondition,ent_symptom_57992c2ef292,الحال,Symptom,الحودة الحال بالمرديدين,الحال بالمرديدين,entity_type_cooccurrence_same_qa,true
rel_seed_52fa86290e3429b0,chunk_00148,ahd5k_02249,HAS_SYMPTOM,ent_diseasecondition_41f520aa86a9,الحودة الحال,DiseaseCondition,ent_symptom_fdb2085491d0,الحال بالمرديدين,Symptom,الحودة الحال بالمرديدين,الحال بالمرديدين,entity_type_cooccurrence_same_qa,true
rel_seed_c465cf21e91041f7,chunk_00149,ahd5k_03563,HAS_SYMPTOM,ent_diseasecondition_7abdd04c7114,الحمل,DiseaseCondition,ent_symptom_23da4c61fd5e,النزيف,Symptom,الحمل,النزيف,entity_type_cooccurrence_same_qa,true
rel_seed_fb3e453af48a26e9,chunk_00149,ahd5k_03563,HAS_SYMPTOM,ent_diseasecondition_7abdd04c7114,الحمل,DiseaseCondition,ent_symptom_268a0d637f96,التهديد بالإجهاض,Symptom,الحمل,التهديد بالإجهاض,entity_type_cooccurrence_same_qa,true
rel_seed_5a7046de3e01a3b3,chunk_00149,ahd5k_03563,TREATED_BY,ent_diseasecondition_7abdd04c7114,الحمل,DiseaseCondition,ent_treatment_43cdb9f8f206,الجماع,Treatment,الحمل,الجماع,entity_type_cooccurrence_same_qa,true
rel_seed_18b689b0c99eef76,chunk_00149,ahd5k_03563,DIAGNOSED_BY,ent_diseasecondition_7abdd04c7114,الحمل,DiseaseCondition,ent_test_433492431144,تحليل الحساسية,Test,الحمل,تحليل الحساسية,entity_type_cooccurrence_same_qa,true
rel_seed_54ce92cfbed958b4,chunk_00149,ahd5k_03563,TREATED_BY,ent_symptom_23da4c61fd5e,النزيف,Symptom,ent_treatment_43cdb9f8f206,الجماع,Treatment,النزيف,الجماع,entity_type_cooccurrence_same_qa,true
rel_seed_b9e7a6788084da48,chunk_00149,ahd5k_03563,INVESTIGATED_BY,ent_symptom_23da4c61fd5e,النزيف,Symptom,ent_test_433492431144,تحليل الحساسية,Test,النزيف,تحليل الحساسية,entity_type_cooccurrence_same_qa,true
rel_seed_7b087f355df45394,chunk_00149,ahd5k_03563,TREATED_BY,ent_symptom_268a0d637f96,التهديد بالإجهاض,Symptom,ent_treatment_43cdb9f8f206,الجماع,Treatment,التهديد بالإجهاض,الجماع,entity_type_cooccurrence_same_qa,true
rel_seed_76d6a57a5ef84dd5,chunk_00149,ahd5k_03563,INVESTIGATED_BY,ent_symptom_268a0d637f96,التهديد بالإجهاض,Symptom,ent_test_433492431144,تحليل الحساسية,Test,التهديد بالإجهاض,تحليل الحساسية,entity_type_cooccurrence_same_qa,true
rel_seed_d77bdc67649d436d,chunk_00151,ahd5k_02903,HAS_SYMPTOM,ent_diseasecondition_7abdd04c7114,الحمل,DiseaseCondition,ent_symptom_7a79bce3a153,قيء,Symptom,نجحت وتم الحمل,قيء,entity_type_cooccurrence_same_qa,true
rel_seed_04689ad482188eeb,chunk_00152,ahd5k_00876,DIAGNOSED_BY,ent_diseasecondition_7abdd04c7114,الحمل,DiseaseCondition,ent_test_c4cfd2d6468c,أشعة,Test,الحمل,أشعة,entity_type_cooccurrence_same_qa,true
rel_seed_6ca3a62bfbc33669,chunk_00154,ahd5k_01266,TREATED_BY,ent_diseasecondition_2a6dda2fbaec,شفة مشقوقة,DiseaseCondition,ent_treatment_07bda7f8e857,توبيراميت,Treatment,الشفة الأرنبية تعتبر من التشوهات الخلقية الشائعة نسبيا,التي تؤدي الى ولادة دات شفة مشقوقة من غير استعمال دواء التوبيراميت,entity_type_cooccurrence_same_qa,true
rel_seed_950cf89798c50959,chunk_00156,ahd5k_03455,DIAGNOSED_BY,ent_diseasecondition_1420aadad936,الجنين,DiseaseCondition,ent_test_0e8b0f13e650,الجنين,Test,الجنين,الجنين,entity_type_cooccurrence_same_qa,true
rel_seed_cf6288fc21b75710,chunk_00156,ahd5k_03455,TREATED_BY,ent_diseasecondition_1420aadad936,الجنين,DiseaseCondition,ent_treatment_f7646981eb0a,الجنين,Treatment,الجنين,الجنين,entity_type_cooccurrence_same_qa,true
rel_seed_b2865df2044c0f27,chunk_00156,ahd5k_04815,HAS_SYMPTOM,ent_diseasecondition_1420aadad936,الجنين,DiseaseCondition,ent_symptom_8dbc08affae1,الجنين,Symptom,الجنين,الجنين,entity_type_cooccurrence_same_qa,true
rel_seed_6e584987f9449260,chunk_00156,ahd5k_04815,DIAGNOSED_BY,ent_diseasecondition_1420aadad936,الجنين,DiseaseCondition,ent_test_0e8b0f13e650,الجنين,Test,الجنين,الجنين,entity_type_cooccurrence_same_qa,true
rel_seed_97a9272c1978d7dd,chunk_00156,ahd5k_04815,TREATED_BY,ent_diseasecondition_1420aadad936,الجنين,DiseaseCondition,ent_treatment_f7646981eb0a,الجنين,Treatment,الجنين,الجنين,entity_type_cooccurrence_same_qa,true
rel_seed_78b6361a2672537b,chunk_00156,ahd5k_04815,INVESTIGATED_BY,ent_symptom_8dbc08affae1,الجنين,Symptom,ent_test_0e8b0f13e650,الجنين,Test,الجنين,الجنين,entity_type_cooccurrence_same_qa,true
rel_seed_80a1c330a5116225,chunk_00156,ahd5k_04815,TREATED_BY,ent_symptom_8dbc08affae1,الجنين,Symptom,ent_treatment_f7646981eb0a,الجنين,Treatment,الجنين,الجنين,entity_type_cooccurrence_same_qa,true
rel_seed_a44d7dd55094e963,chunk_00157,ahd5k_03394,DIAGNOSED_BY,ent_diseasecondition_81ee665c48f1,Hashimoto,DiseaseCondition,ent_test_891e6b99157e,الكلية,Test,غدة درقية (هاشيموتو),الكلية,entity_type_cooccurrence_same_qa,true
rel_seed_801064540c3ba1c6,chunk_00158,ahd5k_02203,TREATED_BY,ent_diseasecondition_16cf4e77b755,التهاب,DiseaseCondition,ent_treatment_4e4b38e6ff32,كاربيمازول,Treatment,تهابات الغدة الدرقية,كاربيمازول 5mg,entity_type_cooccurrence_same_qa,true
rel_seed_d9775efbea9cd182,chunk_00158,ahd5k_03769,TREATED_BY,ent_diseasecondition_16cf4e77b755,التهاب,DiseaseCondition,ent_treatment_08325dd63292,ثيروكسين,Treatment,التهاب,levothyrox25 1/2cp,entity_type_cooccurrence_same_qa,true
rel_seed_05bc738bb2725c91,chunk_00160,ahd5k_04611,HAS_SYMPTOM,ent_diseasecondition_21962ce71aec,نقص هرمونات,DiseaseCondition,ent_symptom_9510bd8242ac,انقطاع الطمث,Symptom,التقيم بحاجة الى اخذ تاريخ مرضي واضح ومن ثم الفحص السريري واخيرا عمل الفحوصات المخبرية والصورالشعاعية ومن ثم العلاج,اعاني من مشكلة انقطاع الطمث لمدة شهرين كل مرة اي غير منتظمة و عندما زرت اخصائي قال ان عندي مشكلة نقص هرمونات,entity_type_cooccurrence_same_qa,true
rel_seed_ba88692841fcce78,chunk_00160,ahd5k_04611,TREATED_BY,ent_diseasecondition_21962ce71aec,نقص هرمونات,DiseaseCondition,ent_treatment_ad98d6688d4a,التقيم,Treatment,التقيم بحاجة الى اخذ تاريخ مرضي واضح ومن ثم الفحص السريري واخيرا عمل الفحوصات المخبرية والصورالشعاعية ومن ثم العلاج,التقيم بحاجة الى اخذ تاريخ مرضي واضح ومن ثم الفحص السريري واخيرا عمل الفحوصات المخبرية والصورالشعاعية ومن ثم العلاج,entity_type_cooccurrence_same_qa,true
rel_seed_83eb09264aebdac4,chunk_00160,ahd5k_04611,DIAGNOSED_BY,ent_diseasecondition_21962ce71aec,نقص هرمونات,DiseaseCondition,ent_test_c4ec2e232baf,الفحوصات المخبرية,Test,التقيم بحاجة الى اخذ تاريخ مرضي واضح ومن ثم الفحص السريري واخيرا عمل الفحوصات المخبرية والصورالشعاعية ومن ثم العلاج,التقيم بحاجة الى اخذ تاريخ مرضي واضح ومن ثم الفحص السريري واخيرا عمل الفحوصات المخبرية والصورالشعاعية ومن ثم العلاج,entity_type_cooccurrence_same_qa,true
rel_seed_981d9e66b0b5dcca,chunk_00160,ahd5k_04611,TREATED_BY,ent_symptom_9510bd8242ac,انقطاع الطمث,Symptom,ent_treatment_ad98d6688d4a,التقيم,Treatment,اعاني من مشكلة انقطاع الطمث لمدة شهرين كل مرة اي غير منتظمة و عندما زرت اخصائي قال ان عندي مشكلة نقص هرمونات,التقيم بحاجة الى اخذ تاريخ مرضي واضح ومن ثم الفحص السريري واخيرا عمل الفحوصات المخبرية والصورالشعاعية ومن ثم العلاج,entity_type_cooccurrence_same_qa,true
rel_seed_4f5d9b743f9efed8,chunk_00160,ahd5k_04611,INVESTIGATED_BY,ent_symptom_9510bd8242ac,انقطاع الطمث,Symptom,ent_test_c4ec2e232baf,الفحوصات المخبرية,Test,اعاني من مشكلة انقطاع الطمث لمدة شهرين كل مرة اي غير منتظمة و عندما زرت اخصائي قال ان عندي مشكلة نقص هرمونات,التقيم بحاجة الى اخذ تاريخ مرضي واضح ومن ثم الفحص السريري واخيرا عمل الفحوصات المخبرية والصورالشعاعية ومن ثم العلاج,entity_type_cooccurrence_same_qa,true
rel_seed_4ce47bfa6f99961e,chunk_00161,ahd5k_00772,HAS_SYMPTOM,ent_diseasecondition_d56405bafefa,تكيس المبايض,DiseaseCondition,ent_symptom_dbef79463d2f,سمنة,Symptom,تكيس المبايض,سمنة,entity_type_cooccurrence_same_qa,true
rel_seed_1c0a837c2ae7867c,chunk_00161,ahd5k_00772,TREATED_BY,ent_diseasecondition_d56405bafefa,تكيس المبايض,DiseaseCondition,ent_treatment_0faf4c6d9712,كليمين,Treatment,تكيس المبايض,كليمين,entity_type_cooccurrence_same_qa,true
rel_seed_bb56af0a3470411f,chunk_00161,ahd5k_00772,TREATED_BY,ent_diseasecondition_d56405bafefa,تكيس المبايض,DiseaseCondition,ent_treatment_f9afb64b4575,Euthyrox25,Treatment,تكيس المبايض,Euthyrox25,entity_type_cooccurrence_same_qa,true
rel_seed_5c6d98774107ff18,chunk_00161,ahd5k_00772,TREATED_BY,ent_diseasecondition_d56405bafefa,تكيس المبايض,DiseaseCondition,ent_treatment_3ca399102196,GLUCOVIG,Treatment,تكيس المبايض,GLUCOVIG,entity_type_cooccurrence_same_qa,true
rel_seed_d84bf5d746193148,chunk_00161,ahd5k_00772,DIAGNOSED_BY,ent_diseasecondition_d56405bafefa,تكيس المبايض,DiseaseCondition,ent_test_dd68aa784555,تحاليل مخبرية,Test,تكيس المبايض,تحاليل مخبرية,entity_type_cooccurrence_same_qa,true
rel_seed_a790ea6d30dfeaea,chunk_00161,ahd5k_00772,TREATED_BY,ent_symptom_dbef79463d2f,سمنة,Symptom,ent_treatment_0faf4c6d9712,كليمين,Treatment,سمنة,كليمين,entity_type_cooccurrence_same_qa,true
rel_seed_93dd0b0f3b650845,chunk_00161,ahd5k_00772,TREATED_BY,ent_symptom_dbef79463d2f,سمنة,Symptom,ent_treatment_f9afb64b4575,Euthyrox25,Treatment,سمنة,Euthyrox25,entity_type_cooccurrence_same_qa,true
rel_seed_312881d47e42053a,chunk_00161,ahd5k_00772,TREATED_BY,ent_symptom_dbef79463d2f,سمنة,Symptom,ent_treatment_3ca399102196,GLUCOVIG,Treatment,سمنة,GLUCOVIG,entity_type_cooccurrence_same_qa,true
rel_seed_61aab9bde7edd0bb,chunk_00161,ahd5k_00772,INVESTIGATED_BY,ent_symptom_dbef79463d2f,سمنة,Symptom,ent_test_dd68aa784555,تحاليل مخبرية,Test,سمنة,تحاليل مخبرية,entity_type_cooccurrence_same_qa,true
rel_seed_d54a8b0f1f19f3c5,chunk_00162,ahd5k_02200,DIAGNOSED_BY,ent_diseasecondition_532f5db9617f,نشاط الغدة الدرقية,DiseaseCondition,ent_test_dd68aa784555,تحاليل مخبرية,Test,يعاني العديد من الأشخاص من حالة صحية تسمى نشاط الغدة الدرقية,يعاني العديد من الأشخاص من حالة صحية تسمى نشاط الغدة الدرقية حيث يحدث في هذه الحالة إفراز كمية كبيرة من هرمونات الغدة الدرقية وهما ثلاثي يودوثيرونين (T3) وهرمون ثيروكسين (T4).,entity_type_cooccurrence_same_qa,true
rel_seed_ab97cca01e3b333d,chunk_00162,ahd5k_02200,DIAGNOSED_BY,ent_diseasecondition_09dfb160ec9a,مرض جريفز,DiseaseCondition,ent_test_dd68aa784555,تحاليل مخبرية,Test,الإصابة بأحد اضطرابات المناعة الذاتية الوراثية مثل مرض جريفز,يعاني العديد من الأشخاص من حالة صحية تسمى نشاط الغدة الدرقية حيث يحدث في هذه الحالة إفراز كمية كبيرة من هرمونات الغدة الدرقية وهما ثلاثي يودوثيرونين (T3) وهرمون ثيروكسين (T4).,entity_type_cooccurrence_same_qa,true
rel_seed_1b7be4d2cdd9b0e4,chunk_00162,ahd5k_02200,DIAGNOSED_BY,ent_diseasecondition_c123927b86ec,عقيدات الغدة الدرقية,DiseaseCondition,ent_test_dd68aa784555,تحاليل مخبرية,Test,الإصابة بحالة تسمى عقيدات الغدة الدرقية,يعاني العديد من الأشخاص من حالة صحية تسمى نشاط الغدة الدرقية حيث يحدث في هذه الحالة إفراز كمية كبيرة من هرمونات الغدة الدرقية وهما ثلاثي يودوثيرونين (T3) وهرمون ثيروكسين (T4).,entity_type_cooccurrence_same_qa,true
rel_seed_ed2281910bae3576,chunk_00162,ahd5k_02200,DIAGNOSED_BY,ent_diseasecondition_31c6f1e3a619,التهاب الغدة الدرقية,DiseaseCondition,ent_test_dd68aa784555,تحاليل مخبرية,Test,الإصابة بحالة تسمى التهاب الغدة الدرقية,يعاني العديد من الأشخاص من حالة صحية تسمى نشاط الغدة الدرقية حيث يحدث في هذه الحالة إفراز كمية كبيرة من هرمونات الغدة الدرقية وهما ثلاثي يودوثيرونين (T3) وهرمون ثيروكسين (T4).,entity_type_cooccurrence_same_qa,true
rel_seed_161b6613a37c5ba2,chunk_00163,ahd5k_02702,TREATED_BY,ent_diseasecondition_5fea51591b68,نقص بحجم الثدي,DiseaseCondition,ent_treatment_57825f7a3418,مراجعة اخصائية النسائية,Treatment,نقص بحجم الثدي الايمن,مراجعة اخصائية النسائية,entity_type_cooccurrence_same_qa,true
rel_seed_50edf19b207eb0e8,chunk_00163,ahd5k_02702,DIAGNOSED_BY,ent_diseasecondition_5fea51591b68,نقص بحجم الثدي,DiseaseCondition,ent_test_ce6fcb80c1fe,فحص سريري,Test,نقص بحجم الثدي الايمن,فحص سريري,entity_type_cooccurrence_same_qa,true
rel_seed_f176d117bb4ce7e0,chunk_00164,ahd5k_03761,DIAGNOSED_BY,ent_diseasecondition_9db0143f0c61,إسهال,DiseaseCondition,ent_test_dd68aa784555,تحاليل مخبرية,Test,اسهال,تحليل مخبري,entity_type_cooccurrence_same_qa,true
rel_seed_8c6da08cc0f96f83,chunk_00164,ahd5k_03761,TREATED_BY,ent_diseasecondition_9db0143f0c61,إسهال,DiseaseCondition,ent_treatment_43dc015d2c81,euthyrox,Treatment,اسهال,euthyrox,entity_type_cooccurrence_same_qa,true
rel_seed_f0adfc9d209e3857,chunk_00166,ahd5k_00632,DIAGNOSED_BY,ent_diseasecondition_16cf4e77b755,التهاب,DiseaseCondition,ent_test_dd68aa784555,تحاليل مخبرية,Test,يوجد كسل أولى بالغده الدرقيه ونحتاج للعلاج يجب زياره طبيب الغدد للفحص السريرى والاحتياج لاكمال باقى الفحوصات المعمليه وموجات صوتيه على الغده الدرقيه,يوجد كسل أولى بالغده الدرقيه ونحتاج للعلاج يجب زياره طبيب الغدد للفحص السريرى والاحتياج لاكمال باقى الفحوصات المعمليه وموجات صوتيه على الغده الدرقيه,entity_type_cooccurrence_same_qa,true
rel_seed_b65339b0709b1bf4,chunk_00166,ahd5k_00632,DIAGNOSED_BY,ent_diseasecondition_7b4788cd854a,الغدة الدرقية,DiseaseCondition,ent_test_dd68aa784555,تحاليل مخبرية,Test,يوجد كسل أولى بالغده الدرقيه ونحتاج للعلاج يجب زياره طبيب الغدد للفحص السريرى والاحتياج لاكمال باقى الفحوصات المعمليه وموجات صوتيه على الغده الدرقيه,يوجد كسل أولى بالغده الدرقيه ونحتاج للعلاج يجب زياره طبيب الغدد للفحص السريرى والاحتياج لاكمال باقى الفحوصات المعمليه وموجات صوتيه على الغده الدرقيه,entity_type_cooccurrence_same_qa,true
rel_seed_bb92d960cc1beaf6,chunk_00168,ahd5k_00775,DIAGNOSED_BY,ent_diseasecondition_16cf4e77b755,التهاب,DiseaseCondition,ent_test_dd68aa784555,تحاليل مخبرية,Test,التهاب,تحليل مخبري,entity_type_cooccurrence_same_qa,true
rel_seed_8ad441e15b857be9,chunk_00168,ahd5k_00775,DIAGNOSED_BY,ent_diseasecondition_7abdd04c7114,الحمل,DiseaseCondition,ent_test_dd68aa784555,تحاليل مخبرية,Test,الحمل,تحليل مخبري,entity_type_cooccurrence_same_qa,true
rel_seed_5398af5e1a992c3d,chunk_00169,ahd5k_00035,TREATED_BY,ent_diseasecondition_22348d970227,مرض الغدة الدرقية,DiseaseCondition,ent_treatment_3fd682796ae8,التروكسين,Treatment,مرض الغدة الدرقية يعني يخفض,اخذ التروكسين,entity_type_cooccurrence_same_qa,true
rel_seed_14a6be8faeb8ff92,chunk_00169,ahd5k_00035,DIAGNOSED_BY,ent_diseasecondition_22348d970227,مرض الغدة الدرقية,DiseaseCondition,ent_test_234f794d532f,الهرمون,Test,مرض الغدة الدرقية يعني يخفض,مستوى الهرمون في الدم,entity_type_cooccurrence_same_qa,true
rel_seed_6a50f9f3d2ac0a1e,chunk_00171,ahd5k_03831,TREATED_BY,ent_diseasecondition_e70dbd4b1bf0,Hashimot,DiseaseCondition,ent_treatment_21722b3a3cbc,Tiroxine,Treatment,لا يوجد تأثير ما دمتي تأخذي الدواء بانتظام,أَنِّي أعاني من هاشيموتو في بعض الأحيان في رمضان أخذ الدواء قبل السحور ولا اكل شي بعده وأصوم طوال النهار,entity_type_cooccurrence_same_qa,true
rel_seed_bae062ec77d09618,chunk_00172,ahd5k_04490,HAS_SYMPTOM,ent_diseasecondition_250910ab0701,حساسية الصدر,DiseaseCondition,ent_symptom_f4cf885a0447,سعال,Symptom,حساسية الصدر,سعال,entity_type_cooccurrence_same_qa,true
rel_seed_e4f1901524d0dd30,chunk_00172,ahd5k_04490,DIAGNOSED_BY,ent_diseasecondition_250910ab0701,حساسية الصدر,DiseaseCondition,ent_test_433492431144,تحليل الحساسية,Test,حساسية الصدر,تحليل الحساسية,entity_type_cooccurrence_same_qa,true
rel_seed_8db2a542751145e4,chunk_00172,ahd5k_04490,TREATED_BY,ent_diseasecondition_250910ab0701,حساسية الصدر,DiseaseCondition,ent_treatment_90baddc0bf15,العلاج,Treatment,حساسية الصدر,العلاج,entity_type_cooccurrence_same_qa,true
rel_seed_91521e8e2b15d7d5,chunk_00172,ahd5k_04490,INVESTIGATED_BY,ent_symptom_f4cf885a0447,سعال,Symptom,ent_test_433492431144,تحليل الحساسية,Test,سعال,تحليل الحساسية,entity_type_cooccurrence_same_qa,true
rel_seed_9d35fa63d86cf151,chunk_00172,ahd5k_04490,TREATED_BY,ent_symptom_f4cf885a0447,سعال,Symptom,ent_treatment_90baddc0bf15,العلاج,Treatment,سعال,العلاج,entity_type_cooccurrence_same_qa,true
rel_seed_0056146242b02ab5,chunk_00174,ahd5k_00255,TREATED_BY,ent_diseasecondition_0058b0001848,تضيق القنوات الموجودة داخل الكبد,DiseaseCondition,ent_treatment_07d0f0ae4c18,منظار قنوات مرارية الف سلامة,Treatment,تضيق القنوات الموجودة داخل الكبد عند الاطفال,عمل منظار قنوات مرارية الف سلامة,entity_type_cooccurrence_same_qa,true
rel_seed_c1c44eee906db927,chunk_00176,ahd5k_00072,HAS_SYMPTOM,ent_diseasecondition_16cf4e77b755,التهاب,DiseaseCondition,ent_symptom_496829ff3f53,البراز,Symptom,التهاب,البراز,entity_type_cooccurrence_same_qa,true
rel_seed_e4d7bab016227666,chunk_00176,ahd5k_00072,HAS_SYMPTOM,ent_diseasecondition_16cf4e77b755,التهاب,DiseaseCondition,ent_symptom_544114d1fc6b,الغازات,Symptom,التهاب,الغازات,entity_type_cooccurrence_same_qa,true
rel_seed_d8b2a77898a07804,chunk_00177,ahd5k_00480,DIAGNOSED_BY,ent_diseasecondition_16cf4e77b755,التهاب,DiseaseCondition,ent_test_dd68aa784555,تحاليل مخبرية,Test,التهاب بالمجاري البولية,تحاليل مخبرية,entity_type_cooccurrence_same_qa,true
rel_seed_f45ae8856f41a06a,chunk_00178,ahd5k_04728,HAS_SYMPTOM,ent_diseasecondition_16cf4e77b755,التهاب,DiseaseCondition,ent_symptom_4c83b1bd25ea,المغص,Symptom,التهاب,المغص,entity_type_cooccurrence_same_qa,true
rel_seed_8ca46aca5837e73b,chunk_00178,ahd5k_04916,TREATED_BY,ent_diseasecondition_16cf4e77b755,التهاب,DiseaseCondition,ent_treatment_103a7b1accd7,الامتناع عن اعطاء أي أطعمة أو سوائل عن طريق الفم,Treatment,التهاب,الامتناع عن اعطاء أي أطعمة أو سوائل عن طريق الفم,entity_type_cooccurrence_same_qa,true
rel_seed_e91aba1385133b3b,chunk_00178,ahd5k_04916,TREATED_BY,ent_diseasecondition_16cf4e77b755,التهاب,DiseaseCondition,ent_treatment_543034bf73f8,استئصال المرارة,Treatment,التهاب,استئصال المرارة,entity_type_cooccurrence_same_qa,true
rel_seed_5fc04019fe18cc15,chunk_00178,ahd5k_04921,HAS_SYMPTOM,ent_diseasecondition_16cf4e77b755,التهاب,DiseaseCondition,ent_symptom_cee2a1d85e2d,الوجع الشديد في الجنب اليمين,Symptom,التهاب,الوجع الشديد في الجنب اليمين,entity_type_cooccurrence_same_qa,true
rel_seed_a35d3fb4d695b101,chunk_00179,ahd5k_03738,HAS_SYMPTOM,ent_diseasecondition_f3982f19c624,ارتياف دعب \u0627لديم,DiseaseCondition,ent_symptom_ad0da68fc73f,الالم,Symptom,الالم الدي الديم الديم الديم,الالم الدي الديم الديم الديم,entity_type_cooccurrence_same_qa,true
rel_seed_8f63e8e4b477ef2f,chunk_00180,ahd5k_02411,DIAGNOSED_BY,ent_diseasecondition_ca9304cd0dde,القولون العصبي,DiseaseCondition,ent_test_f65cef357cee,القولون,Test,ووالدي كان شال ورم في القولون من 3 سنين تقريبا,ووالدي كان شال ورم في القولون من 3 سنين تقريبا,entity_type_cooccurrence_same_qa,true
rel_seed_273f2b543968877b,chunk_00180,ahd5k_02411,DIAGNOSED_BY,ent_diseasecondition_017a6d080eff,القولون,DiseaseCondition,ent_test_f65cef357cee,القولون,Test,ووالدي كان شال ورم في القولون من 3 سنين تقريبا,ووالدي كان شال ورم في القولون من 3 سنين تقريبا,entity_type_cooccurrence_same_qa,true
rel_seed_1e1cf13330f92c6f,chunk_00180,ahd5k_02511,HAS_SYMPTOM,ent_diseasecondition_ca9304cd0dde,القولون العصبي,DiseaseCondition,ent_symptom_f9f21f627264,القولون العصبى,Symptom,سببه التوتر العصبى و علاجه علاج التوتر العصبى,سببه التوتر العصبى و علاجه علاج التوتر العصبى,entity_type_cooccurrence_same_qa,true
rel_seed_6fc8ed2920fac139,chunk_00180,ahd5k_02511,HAS_SYMPTOM,ent_diseasecondition_017a6d080eff,القولون,DiseaseCondition,ent_symptom_f9f21f627264,القولون العصبى,Symptom,سببه التوتر العصبى و علاجه علاج التوتر العصبى,سببه التوتر العصبى و علاجه علاج التوتر العصبى,entity_type_cooccurrence_same_qa,true
rel_seed_16f2a5217c884a5d,chunk_00180,ahd5k_02677,HAS_SYMPTOM,ent_diseasecondition_ca9304cd0dde,القولون العصبي,DiseaseCondition,ent_symptom_0f8f2716b4d6,القولون,Symptom,من أجل تقرحات فى القولون او البواسير,من أجل تقرحات فى القولون او البواسير,entity_type_cooccurrence_same_qa,true
rel_seed_5beb03e795bcc951,chunk_00180,ahd5k_02677,HAS_SYMPTOM,ent_diseasecondition_017a6d080eff,القولون,DiseaseCondition,ent_symptom_0f8f2716b4d6,القولون,Symptom,من أجل تقرحات فى القولون او البواسير,من أجل تقرحات فى القولون او البواسير,entity_type_cooccurrence_same_qa,true
rel_seed_a5309f176dec4241,chunk_00180,ahd5k_02677,HAS_SYMPTOM,ent_diseasecondition_f9f02cdde82f,البواسير,DiseaseCondition,ent_symptom_0f8f2716b4d6,القولون,Symptom,تقرحات فى القولون او البواسير,من أجل تقرحات فى القولون او البواسير,entity_type_cooccurrence_same_qa,true
rel_seed_1d66b22eb3bb0914,chunk_00181,ahd5k_01567,HAS_SYMPTOM,ent_diseasecondition_385230d505f3,تهاب,DiseaseCondition,ent_symptom_018ebc11f6df,حمى,Symptom,تهاب الاعصاب الطرفية,حمى,entity_type_cooccurrence_same_qa,true
rel_seed_0e8bcb10a29e6d54,chunk_00182,ahd5k_00838,HAS_SYMPTOM,ent_diseasecondition_9719230327a2,فقر الدم,DiseaseCondition,ent_symptom_d48190970b2d,تنميل,Symptom,نقص فيتامين (ب12) يسبب انيميا وتنميل,نقص فيتامين (ب12) يسبب انيميا وتنميل,entity_type_cooccurrence_same_qa,true
rel_seed_9d31441951df2fb9,chunk_00182,ahd5k_00838,TREATED_BY,ent_diseasecondition_9719230327a2,فقر الدم,DiseaseCondition,ent_treatment_e80fab31a076,نقص فيتامين (ب12),Treatment,نقص فيتامين (ب12) يسبب انيميا وتنميل,نقص فيتامين (ب12) يسبب انيميا وتنميل,entity_type_cooccurrence_same_qa,true
rel_seed_2d2452fc76e204af,chunk_00182,ahd5k_00838,TREATED_BY,ent_symptom_d48190970b2d,تنميل,Symptom,ent_treatment_e80fab31a076,نقص فيتامين (ب12),Treatment,نقص فيتامين (ب12) يسبب انيميا وتنميل,نقص فيتامين (ب12) يسبب انيميا وتنميل,entity_type_cooccurrence_same_qa,true
rel_seed_43bbae2caf175abd,chunk_00183,ahd5k_03807,TREATED_BY,ent_diseasecondition_d13d516b4149,القرحة,DiseaseCondition,ent_treatment_1479a48d3d42,الدواء,Treatment,القرحة,مضادات حيويه نكسيوم و كلاريثرومايسين واموكسسلين,entity_type_cooccurrence_same_qa,true
rel_seed_ca33d772076cfe85,chunk_00183,ahd5k_03807,TREATED_BY,ent_diseasecondition_86e897b1e25a,الملوية البوابية,DiseaseCondition,ent_treatment_1479a48d3d42,الدواء,Treatment,الملوية البوابية,مضادات حيويه نكسيوم و كلاريثرومايسين واموكسسلين,entity_type_cooccurrence_same_qa,true
rel_seed_4643fbc2a5449094,chunk_00186,ahd5k_04926,INVESTIGATED_BY,ent_symptom_ca6890d2fa81,غثيان,Symptom,ent_test_f405aec80933,CBC التحليل الكامل للدم,Test,غثيان,CBC التحليل الكامل للدم,entity_type_cooccurrence_same_qa,true
rel_seed_819298d84968b851,chunk_00187,ahd5k_02673,DIAGNOSED_BY,ent_diseasecondition_66e69e23fa2d,عسر الهضم,DiseaseCondition,ent_test_6f946fa998e8,اشعة تلفزيونية,Test,عسر الهضم الذي له اسباب كثيرة,عمل اشعة تلفزيونية,entity_type_cooccurrence_same_qa,true
rel_seed_9b6714878d020692,chunk_00187,ahd5k_02673,DIAGNOSED_BY,ent_diseasecondition_66e69e23fa2d,عسر الهضم,DiseaseCondition,ent_test_cee0f03fdc31,تحليل براز,Test,عسر الهضم الذي له اسباب كثيرة,تحليل براز,entity_type_cooccurrence_same_qa,true
rel_seed_bc7937029b42424d,chunk_00187,ahd5k_02673,DIAGNOSED_BY,ent_diseasecondition_66e69e23fa2d,عسر الهضم,DiseaseCondition,ent_test_c0d07b06fcff,صورة دم,Test,عسر الهضم الذي له اسباب كثيرة,صورة دم,entity_type_cooccurrence_same_qa,true
rel_seed_5a9156de1db075df,chunk_00187,ahd5k_02673,TREATED_BY,ent_diseasecondition_66e69e23fa2d,عسر الهضم,DiseaseCondition,ent_treatment_85b33c000a00,دكتور جهاز هضمي,Treatment,عسر الهضم الذي له اسباب كثيرة,استشارة دكتور جهاز هضمي,entity_type_cooccurrence_same_qa,true
rel_seed_9699a2046fa5d3d1,chunk_00187,ahd5k_02673,DIAGNOSED_BY,ent_diseasecondition_02f1ee13cca6,قولون عصبي,DiseaseCondition,ent_test_6f946fa998e8,اشعة تلفزيونية,Test,القولون العصبي,عمل اشعة تلفزيونية,entity_type_cooccurrence_same_qa,true
rel_seed_0e0d03515a8cc332,chunk_00187,ahd5k_02673,DIAGNOSED_BY,ent_diseasecondition_02f1ee13cca6,قولون عصبي,DiseaseCondition,ent_test_cee0f03fdc31,تحليل براز,Test,القولون العصبي,تحليل براز,entity_type_cooccurrence_same_qa,true
rel_seed_4e05438ddff03009,chunk_00187,ahd5k_02673,DIAGNOSED_BY,ent_diseasecondition_02f1ee13cca6,قولون عصبي,DiseaseCondition,ent_test_c0d07b06fcff,صورة دم,Test,القولون العصبي,صورة دم,entity_type_cooccurrence_same_qa,true
rel_seed_614d137c56a1771c,chunk_00187,ahd5k_02673,TREATED_BY,ent_diseasecondition_02f1ee13cca6,قولون عصبي,DiseaseCondition,ent_treatment_85b33c000a00,دكتور جهاز هضمي,Treatment,القولون العصبي,استشارة دكتور جهاز هضمي,entity_type_cooccurrence_same_qa,true
rel_seed_8c2aef7d09758e9e,chunk_00188,ahd5k_03524,TREATED_BY,ent_diseasecondition_3af83594d14c,تيفود,DiseaseCondition,ent_treatment_c2daec36c810,بكتيفلوكس,Treatment,اصبت بالتيفود,بكتيفلوكس 500 مرتين يوميا لمدة عشر ايام,entity_type_cooccurrence_same_qa,true
rel_seed_4d0c120c79e3472f,chunk_00189,ahd5k_04904,DIAGNOSED_BY,ent_diseasecondition_01ba795ec738,الرئتين,DiseaseCondition,ent_test_ccfa39d8952e,تصوير بالرنين المغناطيسي,Test,صورة النين المغناطيسى على منطقة الصدر ممكن ان تكشق عن اشياء كثيره داخل القفص مثل الرءتين و القاب وغيره,صورة النين المغناطيسى على منطقة الصدر ممكن ان تكشق عن اشياء كثيره داخل القفص مثل الرءتين و القاب وغيره,entity_type_cooccurrence_same_qa,true
rel_seed_6a034cb4f04c6db8,chunk_00189,ahd5k_04904,DIAGNOSED_BY,ent_diseasecondition_8fec9e9307d6,القفص الصدري,DiseaseCondition,ent_test_ccfa39d8952e,تصوير بالرنين المغناطيسي,Test,ماذا يفيد تصوير الرنين المغناطيسي على منطقة الصدر وهل يمكن الكشف عن امراض في القفص الصدري والاضلاع!؟,صورة النين المغناطيسى على منطقة الصدر ممكن ان تكشق عن اشياء كثيره داخل القفص مثل الرءتين و القاب وغيره,entity_type_cooccurrence_same_qa,true
rel_seed_b9b00149061d1228,chunk_00190,ahd5k_00916,HAS_SYMPTOM,ent_diseasecondition_1f4ad1fc407f,ملاريا,DiseaseCondition,ent_symptom_94e1fb05bddc,فقدان الشهية والرغبة في الاستفراغ,Symptom,اعملى فحص دم للملاريا مره ثانيه,اعملى فحص دم للملاريا مره ثانيه,entity_type_cooccurrence_same_qa,true
rel_seed_b8f77c772967ab14,chunk_00190,ahd5k_00916,DIAGNOSED_BY,ent_diseasecondition_1f4ad1fc407f,ملاريا,DiseaseCondition,ent_test_6cc18337a180,فحص دم للملاريا,Test,اعملى فحص دم للملاريا مره ثانيه,اعملى فحص دم للملاريا مره ثانيه,entity_type_cooccurrence_same_qa,true
rel_seed_2d36da44c4a9d539,chunk_00190,ahd5k_00916,TREATED_BY,ent_diseasecondition_1f4ad1fc407f,ملاريا,DiseaseCondition,ent_treatment_842e12e5a9df,فاندسيدار,Treatment,اعملى فحص دم للملاريا مره ثانيه,اخذت علاج(fandsidar),entity_type_cooccurrence_same_qa,true
rel_seed_5e133e865ff11f26,chunk_00190,ahd5k_00916,INVESTIGATED_BY,ent_symptom_94e1fb05bddc,فقدان الشهية والرغبة في الاستفراغ,Symptom,ent_test_6cc18337a180,فحص دم للملاريا,Test,اعملى فحص دم للملاريا مره ثانيه,اعملى فحص دم للملاريا مره ثانيه,entity_type_cooccurrence_same_qa,true
rel_seed_863b7b46dd963315,chunk_00190,ahd5k_00916,TREATED_BY,ent_symptom_94e1fb05bddc,فقدان الشهية والرغبة في الاستفراغ,Symptom,ent_treatment_842e12e5a9df,فاندسيدار,Treatment,اعملى فحص دم للملاريا مره ثانيه,اخذت علاج(fandsidar),entity_type_cooccurrence_same_qa,true
rel_seed_d859af7524ae0413,chunk_00190,ahd5k_01066,TREATED_BY,ent_diseasecondition_780d3bf613f5,قرحة,DiseaseCondition,ent_treatment_90996a0e2d01,ايزومبرازول,Treatment,مامتي جدا تعبانه من القرحة,ممكن تجرب دواء اسمه ايزومبرازول,entity_type_cooccurrence_same_qa,true
rel_seed_77aa140ce5f9a9f6,chunk_00190,ahd5k_04948,TREATED_BY,ent_diseasecondition_517952691aa3,تخم البروستاتا الحميد,DiseaseCondition,ent_treatment_f53e37e03bcf,دواء اخر,Treatment,عيانى من تخم البروستاتا الحميد,راجع الطبيب لإضافة دواء اخر للمعدة,entity_type_cooccurrence_same_qa,true
rel_seed_db1c72e5a27a8557,chunk_00191,ahd5k_00714,DIAGNOSED_BY,ent_diseasecondition_385230d505f3,تهاب,DiseaseCondition,ent_test_ce6fcb80c1fe,فحص سريري,Test,التشخيص التفريقي للموضوع واسع,التشخيص التفريقي للموضوع واسع,entity_type_cooccurrence_same_qa,true
rel_seed_f4987460571f2be9,chunk_00192,ahd5k_03544,HAS_SYMPTOM,ent_diseasecondition_16cf4e77b755,التهاب,DiseaseCondition,ent_symptom_f4cf885a0447,سعال,Symptom,التحاليل اليومية,التحاليل اليومية,entity_type_cooccurrence_same_qa,true
rel_seed_602306e5fea379e0,chunk_00192,ahd5k_03544,DIAGNOSED_BY,ent_diseasecondition_16cf4e77b755,التهاب,DiseaseCondition,ent_test_dd68aa784555,تحاليل مخبرية,Test,التحاليل اليومية,التحاليل اليومية,entity_type_cooccurrence_same_qa,true
rel_seed_833396ec9f4a51fa,chunk_00192,ahd5k_03544,INVESTIGATED_BY,ent_symptom_f4cf885a0447,سعال,Symptom,ent_test_dd68aa784555,تحاليل مخبرية,Test,التحاليل اليومية,التحاليل اليومية,entity_type_cooccurrence_same_qa,true
rel_seed_ca7f6a773571ad56,chunk_00193,ahd5k_00235,TREATED_BY,ent_diseasecondition_78b578d6c9c9,توقف القلب,DiseaseCondition,ent_treatment_57dc56a67c59,تدليك القلب,Treatment,توقف القلب,تدليك القلب,entity_type_cooccurrence_same_qa,true
rel_seed_f8b18e38ba554051,chunk_00193,ahd5k_00235,TREATED_BY,ent_diseasecondition_78b578d6c9c9,توقف القلب,DiseaseCondition,ent_treatment_fb3321acf9db,الصدمة الكهربائية,Treatment,توقف القلب,الصدمة الكهربائية,entity_type_cooccurrence_same_qa,true
rel_seed_78ff5d12348cc3fc,chunk_00196,ahd5k_00065,HAS_SYMPTOM,ent_diseasecondition_db17a406c72e,ارتفاع ضغط الدم,DiseaseCondition,ent_symptom_b754f1a1e5a8,صداع,Symptom,"الأولفين هو نفس الدواء فولتارين , فالاثنان يحتووا على نفس المادة الفعالة ديكلوفيناك , ولكن الاسم التجاري مختلف , ولهم نفس الأعراض الجانبية .",هل عقار اولفين المسكن له اثار جانبية مثل الفولتارين حيث اني مصاب بالصداع الشقيقه واحتاج مسكن قوي وشكرا,entity_type_cooccurrence_same_qa,true
rel_seed_c7b105b5dd9d0d1d,chunk_00196,ahd5k_00065,DIAGNOSED_BY,ent_diseasecondition_db17a406c72e,ارتفاع ضغط الدم,DiseaseCondition,ent_test_433492431144,تحليل الحساسية,Test,"الأولفين هو نفس الدواء فولتارين , فالاثنان يحتووا على نفس المادة الفعالة ديكلوفيناك , ولكن الاسم التجاري مختلف , ولهم نفس الأعراض الجانبية .","الأولفين هو نفس الدواء فولتارين , فالاثنان يحتووا على نفس المادة الفعالة ديكلوفيناك , ولكن الاسم التجاري مختلف , ولهم نفس الأعراض الجانبية .",entity_type_cooccurrence_same_qa,true
rel_seed_1b3086917081ac82,chunk_00196,ahd5k_00065,INVESTIGATED_BY,ent_symptom_b754f1a1e5a8,صداع,Symptom,ent_test_433492431144,تحليل الحساسية,Test,هل عقار اولفين المسكن له اثار جانبية مثل الفولتارين حيث اني مصاب بالصداع الشقيقه واحتاج مسكن قوي وشكرا,"الأولفين هو نفس الدواء فولتارين , فالاثنان يحتووا على نفس المادة الفعالة ديكلوفيناك , ولكن الاسم التجاري مختلف , ولهم نفس الأعراض الجانبية .",entity_type_cooccurrence_same_qa,true
rel_seed_abae48cd7b6a5b9c,chunk_00196,ahd5k_03242,TREATED_BY,ent_diseasecondition_db17a406c72e,ارتفاع ضغط الدم,DiseaseCondition,ent_treatment_a0a8ee46502f,العقاقير,Treatment,قد يعطى لك المهدئات لتقلصات العضلات والعقاقير من خلال الوريد (عن طريق الوريد) لعلاج ارتفاع ضغط الدم والإثارة والألم.,قد يعطى لك المهدئات لتقلصات العضلات والعقاقير من خلال الوريد (عن طريق الوريد) لعلاج ارتفاع ضغط الدم والإثارة والألم.,entity_type_cooccurrence_same_qa,true
rel_seed_db347ae3105b718e,chunk_00197,ahd5k_00992,TREATED_BY,ent_symptom_1113453f7a36,فقدان الوعي,Symptom,ent_treatment_b9702eae5c6a,عسل,Treatment,فقدان الوعي لمريض السكري,يجب عليك اعطاء المصاب عسل تحت لسانه,entity_type_cooccurrence_same_qa,true
rel_seed_52931e734af5153e,chunk_00198,ahd5k_01255,HAS_SYMPTOM,ent_diseasecondition_c089d34028d0,حمى عضة الجرذ,DiseaseCondition,ent_symptom_018ebc11f6df,حمى,Symptom,حمى عضة الجرذ ، وحمى عضة الفأر,حمى عضة الجرذ ، وحمى عضة الفأر,entity_type_cooccurrence_same_qa,true
rel_seed_a210f4f396ba3db3,chunk_00198,ahd5k_01255,HAS_SYMPTOM,ent_diseasecondition_c089d34028d0,حمى عضة الجرذ,DiseaseCondition,ent_symptom_a3c00de774da,ارتجاف,Symptom,حمى عضة الجرذ ، وحمى عضة الفأر,ارتجاف,entity_type_cooccurrence_same_qa,true
rel_seed_24a2795dd4ff4bfd,chunk_00198,ahd5k_01255,HAS_SYMPTOM,ent_diseasecondition_c089d34028d0,حمى عضة الجرذ,DiseaseCondition,ent_symptom_320d3e905b16,أوجاع العضلات,Symptom,حمى عضة الجرذ ، وحمى عضة الفأر,أوجاع العضلات,entity_type_cooccurrence_same_qa,true
rel_seed_d2620cf9ddc72332,chunk_00198,ahd5k_01255,HAS_SYMPTOM,ent_diseasecondition_c089d34028d0,حمى عضة الجرذ,DiseaseCondition,ent_symptom_976231d5f27b,أوجاع المفاصل,Symptom,حمى عضة الجرذ ، وحمى عضة الفأر,أوجاع المفاصل,entity_type_cooccurrence_same_qa,true
rel_seed_7df43fc4a20ecefe,chunk_00198,ahd5k_01255,TREATED_BY,ent_diseasecondition_c089d34028d0,حمى عضة الجرذ,DiseaseCondition,ent_treatment_46930d71ed57,بنسيلين,Treatment,حمى عضة الجرذ ، وحمى عضة الفأر,البنسيلين,entity_type_cooccurrence_same_qa,true
rel_seed_b99c06c2dd4f09f6,chunk_00198,ahd5k_01255,TREATED_BY,ent_diseasecondition_c089d34028d0,حمى عضة الجرذ,DiseaseCondition,ent_treatment_790302b0b1e6,سيبروفلوكساسين,Treatment,حمى عضة الجرذ ، وحمى عضة الفأر,السيبروفلوكساسين,entity_type_cooccurrence_same_qa,true
rel_seed_8d551278539bc390,chunk_00198,ahd5k_01255,TREATED_BY,ent_diseasecondition_c089d34028d0,حمى عضة الجرذ,DiseaseCondition,ent_treatment_6d11b359c485,المضادات الحيوية,Treatment,حمى عضة الجرذ ، وحمى عضة الفأر,المضادات الحيوية,entity_type_cooccurrence_same_qa,true
rel_seed_e9ebf52cccf9ecc3,chunk_00198,ahd5k_01255,TREATED_BY,ent_symptom_018ebc11f6df,حمى,Symptom,ent_treatment_46930d71ed57,بنسيلين,Treatment,حمى عضة الجرذ ، وحمى عضة الفأر,البنسيلين,entity_type_cooccurrence_same_qa,true
rel_seed_4cf0a9ed4c0558e9,chunk_00198,ahd5k_01255,TREATED_BY,ent_symptom_018ebc11f6df,حمى,Symptom,ent_treatment_790302b0b1e6,سيبروفلوكساسين,Treatment,حمى عضة الجرذ ، وحمى عضة الفأر,السيبروفلوكساسين,entity_type_cooccurrence_same_qa,true
rel_seed_8c4940b099297af6,chunk_00198,ahd5k_01255,TREATED_BY,ent_symptom_018ebc11f6df,حمى,Symptom,ent_treatment_6d11b359c485,المضادات الحيوية,Treatment,حمى عضة الجرذ ، وحمى عضة الفأر,المضادات الحيوية,entity_type_cooccurrence_same_qa,true
rel_seed_48eca439f213cf7e,chunk_00198,ahd5k_01255,HAS_SYMPTOM,ent_diseasecondition_6ac8dc82e106,حمى عضة الفأر,DiseaseCondition,ent_symptom_018ebc11f6df,حمى,Symptom,حمى عضة الجرذ ، وحمى عضة الفأر,حمى عضة الجرذ ، وحمى عضة الفأر,entity_type_cooccurrence_same_qa,true
rel_seed_933534aa77bacc2f,chunk_00198,ahd5k_01255,HAS_SYMPTOM,ent_diseasecondition_6ac8dc82e106,حمى عضة الفأر,DiseaseCondition,ent_symptom_a3c00de774da,ارتجاف,Symptom,حمى عضة الجرذ ، وحمى عضة الفأر,ارتجاف,entity_type_cooccurrence_same_qa,true
rel_seed_d06265fc46f1e698,chunk_00198,ahd5k_01255,HAS_SYMPTOM,ent_diseasecondition_6ac8dc82e106,حمى عضة الفأر,DiseaseCondition,ent_symptom_320d3e905b16,أوجاع العضلات,Symptom,حمى عضة الجرذ ، وحمى عضة الفأر,أوجاع العضلات,entity_type_cooccurrence_same_qa,true
rel_seed_94f24939f142e057,chunk_00198,ahd5k_01255,HAS_SYMPTOM,ent_diseasecondition_6ac8dc82e106,حمى عضة الفأر,DiseaseCondition,ent_symptom_976231d5f27b,أوجاع المفاصل,Symptom,حمى عضة الجرذ ، وحمى عضة الفأر,أوجاع المفاصل,entity_type_cooccurrence_same_qa,true
rel_seed_1832f5799b1ae9b6,chunk_00198,ahd5k_01255,TREATED_BY,ent_diseasecondition_6ac8dc82e106,حمى عضة الفأر,DiseaseCondition,ent_treatment_46930d71ed57,بنسيلين,Treatment,حمى عضة الجرذ ، وحمى عضة الفأر,البنسيلين,entity_type_cooccurrence_same_qa,true
rel_seed_9ad6e2f314aa280c,chunk_00198,ahd5k_01255,TREATED_BY,ent_diseasecondition_6ac8dc82e106,حمى عضة الفأر,DiseaseCondition,ent_treatment_790302b0b1e6,سيبروفلوكساسين,Treatment,حمى عضة الجرذ ، وحمى عضة الفأر,السيبروفلوكساسين,entity_type_cooccurrence_same_qa,true
rel_seed_888353f399dd5efd,chunk_00198,ahd5k_01255,TREATED_BY,ent_diseasecondition_6ac8dc82e106,حمى عضة الفأر,DiseaseCondition,ent_treatment_6d11b359c485,المضادات الحيوية,Treatment,حمى عضة الجرذ ، وحمى عضة الفأر,المضادات الحيوية,entity_type_cooccurrence_same_qa,true
rel_seed_1ca8a7755403844c,chunk_00198,ahd5k_01255,HAS_SYMPTOM,ent_diseasecondition_21009b0da809,حمى عضة الجرذون,DiseaseCondition,ent_symptom_018ebc11f6df,حمى,Symptom,حمى عضة الجرذ ، وحمى عضة الفأر,حمى عضة الجرذ ، وحمى عضة الفأر,entity_type_cooccurrence_same_qa,true
rel_seed_9801b830734a962e,chunk_00198,ahd5k_01255,HAS_SYMPTOM,ent_diseasecondition_21009b0da809,حمى عضة الجرذون,DiseaseCondition,ent_symptom_a3c00de774da,ارتجاف,Symptom,حمى عضة الجرذ ، وحمى عضة الفأر,ارتجاف,entity_type_cooccurrence_same_qa,true
rel_seed_9ee99701d59b94a0,chunk_00198,ahd5k_01255,HAS_SYMPTOM,ent_diseasecondition_21009b0da809,حمى عضة الجرذون,DiseaseCondition,ent_symptom_320d3e905b16,أوجاع العضلات,Symptom,حمى عضة الجرذ ، وحمى عضة الفأر,أوجاع العضلات,entity_type_cooccurrence_same_qa,true
rel_seed_00e28d6e46e1df8c,chunk_00198,ahd5k_01255,HAS_SYMPTOM,ent_diseasecondition_21009b0da809,حمى عضة الجرذون,DiseaseCondition,ent_symptom_976231d5f27b,أوجاع المفاصل,Symptom,حمى عضة الجرذ ، وحمى عضة الفأر,أوجاع المفاصل,entity_type_cooccurrence_same_qa,true
rel_seed_40bae434cca535b9,chunk_00198,ahd5k_01255,TREATED_BY,ent_diseasecondition_21009b0da809,حمى عضة الجرذون,DiseaseCondition,ent_treatment_46930d71ed57,بنسيلين,Treatment,حمى عضة الجرذ ، وحمى عضة الفأر,البنسيلين,entity_type_cooccurrence_same_qa,true
rel_seed_e7ff28f540cb1670,chunk_00198,ahd5k_01255,TREATED_BY,ent_diseasecondition_21009b0da809,حمى عضة الجرذون,DiseaseCondition,ent_treatment_790302b0b1e6,سيبروفلوكساسين,Treatment,حمى عضة الجرذ ، وحمى عضة الفأر,السيبروفلوكساسين,entity_type_cooccurrence_same_qa,true
rel_seed_f87ee3d724f72bd6,chunk_00198,ahd5k_01255,TREATED_BY,ent_diseasecondition_21009b0da809,حمى عضة الجرذون,DiseaseCondition,ent_treatment_6d11b359c485,المضادات الحيوية,Treatment,حمى عضة الجرذ ، وحمى عضة الفأر,المضادات الحيوية,entity_type_cooccurrence_same_qa,true
rel_seed_010c9b421767bbe1,chunk_00198,ahd5k_01255,TREATED_BY,ent_symptom_a3c00de774da,ارتجاف,Symptom,ent_treatment_46930d71ed57,بنسيلين,Treatment,ارتجاف,البنسيلين,entity_type_cooccurrence_same_qa,true
rel_seed_703977431c75de36,chunk_00199,ahd5k_04919,TREATED_BY,ent_symptom_018ebc11f6df,حمى,Symptom,ent_treatment_328b48423699,الماء,Treatment,العلاج الأولي: ينقل المصاب إلى منطقة مظللة بعيداً عن الشمس.,يرش الجسم بالماء الفاتر أو ذو حرارة باردة نسبياً 'أبرد من جسد المصاب'.,entity_type_cooccurrence_same_qa,true
rel_seed_c8ded7877941fc37,chunk_00199,ahd5k_04919,TREATED_BY,ent_symptom_018ebc11f6df,حمى,Symptom,ent_treatment_e77b8748ec09,ثلج,Treatment,العلاج الأولي: ينقل المصاب إلى منطقة مظللة بعيداً عن الشمس.,"توضع مكعبات ثلجية حول منطقة الرقبة ومنطقة ما تحت الإبط,",entity_type_cooccurrence_same_qa,true
rel_seed_4556749d4dbb166c,chunk_00199,ahd5k_04919,TREATED_BY,ent_symptom_018ebc11f6df,حمى,Symptom,ent_treatment_b7e7fb09dd09,السوائل,Treatment,العلاج الأولي: ينقل المصاب إلى منطقة مظللة بعيداً عن الشمس.,إعطاء المصاب السوائل اللازمة ويفضل أن تكون باردة.,entity_type_cooccurrence_same_qa,true
rel_seed_54ca34c63842f836,chunk_00200,ahd5k_01290,DIAGNOSED_BY,ent_diseasecondition_1730144a5e89,شظايا القنابل الصغيرة الانشطارية,DiseaseCondition,ent_test_c4cfd2d6468c,أشعة,Test,كيف تتم ازالة شظايا القنابل الصغيرة الانشطارية في المنزل,عمل تصوير بالأشعة لتحديد مكان الشظايا ونوعها,entity_type_cooccurrence_same_qa,true
rel_seed_a00e16b437bbc4d4,chunk_00200,ahd5k_01295,DIAGNOSED_BY,ent_diseasecondition_16a389cfd1bd,دبوس,DiseaseCondition,ent_test_c4cfd2d6468c,أشعة,Test,انا ابتلعت دبوس امس,أشعة لمعرفة ممان الدبوس والتأكد من وجوده,entity_type_cooccurrence_same_qa,true
rel_seed_a0a9cb310e2c0172,chunk_00200,ahd5k_02003,DIAGNOSED_BY,ent_diseasecondition_4c4500ee0d57,ارتجاج دماغي,DiseaseCondition,ent_test_c4cfd2d6468c,أشعة,Test,التأكد من عدم إصابتها بارتجاج دماغي,عمل صورة أشعة للرأس,entity_type_cooccurrence_same_qa,true
rel_seed_f72aa35ff8858775,chunk_00200,ahd5k_02003,DIAGNOSED_BY,ent_diseasecondition_e7ca942c5236,نزيف بسيط,DiseaseCondition,ent_test_c4cfd2d6468c,أشعة,Test,التعامل مع الورم خلف الأذن الذي قد يكون نزيفاً بسيطاً,عمل صورة أشعة للرأس,entity_type_cooccurrence_same_qa,true
