entity_id,canonical_name,canonical_name_norm,entity_type,aliases,mention_count,qa_count,source_chunk_count,average_llm_confidence,source_models,source_origin
ent_diseasecondition_e04a557cb82b,Acanthosis nigricans,acanthosis nigricans,DiseaseCondition,"[""Acanthosis nigricans""]",1,1,1,0.950,"[""llama-3.1-8b-instant""]",previous_user_extraction
ent_diseasecondition_5f5cc11b7f72,Achondroplasia,achondroplasia,DiseaseCondition,"[""Achondroplasia""]",1,1,1,0.850,"[""llama-3.1-8b-instant""]",previous_user_extraction
ent_diseasecondition_5adaa861c8c1,Bleharasia,bleharasia,DiseaseCondition,"[""Bilharzia"", ""Bleharasia""]",1,1,1,0.700,"[""llama-3.1-8b-instant""]",previous_user_extraction
ent_diseasecondition_bea06b58cdde,Genetics,genetics,DiseaseCondition,"[""Genetics""]",1,1,1,0.950,"[""llama-3.1-8b-instant""]",new_user_extraction
ent_diseasecondition_8d0f4dc232cb,Growth Hormone,growth hormone,DiseaseCondition,"[""GH"", ""Growth Hormone""]",1,1,1,0.950,"[""llama-3.1-8b-instant""]",previous_user_extraction
ent_diseasecondition_e70dbd4b1bf0,Hashimot,hashimot,DiseaseCondition,"[""Hashimot"", ""Hashimot's disease""]",1,1,1,0.950,"[""llama-3.1-8b-instant""]",previous_user_extraction
ent_diseasecondition_81ee665c48f1,Hashimoto,hashimoto,DiseaseCondition,"[""Hashimoto"", ""Hashimotou""]",2,1,1,0.950,"[""llama-3.1-8b-instant""]",previous_user_extraction
ent_diseasecondition_d0f36332edfe,Hyperspleenism,hyperspleenism,DiseaseCondition,"[""Hyperspleenism"", ""Hypersplenism""]",1,1,1,0.950,"[""llama-3.1-8b-instant""]",previous_user_extraction
ent_diseasecondition_85bdadb0e2a2,Hypothyroidism,hypothyroidism,DiseaseCondition,"[""Hypothyroidism"", ""Underactive thyroid""]",1,1,1,0.950,"[""llama-3.1-8b-instant""]",previous_user_extraction
ent_diseasecondition_ae3dd473a795,Pallister Killian syndrome,pallister killian syndrome,DiseaseCondition,"[""Pallister Killian syndrome""]",1,1,1,0.850,"[""llama-3.1-8b-instant""]",previous_user_extraction
ent_diseasecondition_d66c4956707a,Rhizomelic and Micromelia,rhizomelic and micromelia,DiseaseCondition,"[""Rhizomelic and Micromelia""]",1,1,1,0.850,"[""llama-3.1-8b-instant""]",previous_user_extraction
ent_diseasecondition_4c4500ee0d57,ارتجاج دماغي,ارتجاج دماغي,DiseaseCondition,"[""ارتجاج دماغي""]",1,1,1,0.950,"[""llama-3.1-8b-instant""]",previous_user_extraction
ent_diseasecondition_d570c92436e9,ارتخاء,ارتخاء,DiseaseCondition,"[""ارتخاء""]",3,3,2,0.850,"[""llama-3.1-8b-instant""]",previous_user_extraction
ent_diseasecondition_af6114123652,ارتخاء الصمام الميترالي,ارتخاء الصمام الميترالي,DiseaseCondition,"[""ارتخاء الصمام الميترالي""]",1,1,1,0.950,"[""llama-3.1-8b-instant""]",previous_user_extraction
ent_diseasecondition_b774b131180f,ارتفاع الكلسترول,ارتفاع الكلسترول,DiseaseCondition,"[""ارتفاع الكلسترول"", ""الدهون الثلاثيه""]",1,1,1,0.850,"[""llama-3.1-8b-instant""]",previous_user_extraction
ent_diseasecondition_db17a406c72e,ارتفاع ضغط الدم,ارتفاع ضغط الدم,DiseaseCondition,"[""ارتفاع ضغط الدم"", ""حبة"", ""كتلة""]",21,19,10,0.931,"[""llama-3.1-8b-instant""]",new_user_extraction
ent_diseasecondition_7f3c581aaa3e,ارتكاريا,ارتكاريا,DiseaseCondition,"[""ارتكاريا""]",3,3,3,0.850,"[""llama-3.1-8b-instant""]",previous_user_extraction
ent_diseasecondition_f3982f19c624,ارتياف دعب \u0627لديم,ارتياف دعب \u0627لديم,DiseaseCondition,"[""ارتياف دعب \\u0627لديم"", ""ارتياف دعب الديم""]",1,1,1,0.850,"[""llama-3.1-8b-instant""]",previous_user_extraction
ent_diseasecondition_9db0143f0c61,إسهال,اسهال,DiseaseCondition,"[""إسهال""]",2,2,2,0.850,"[""llama-3.1-8b-instant""]",previous_user_extraction
ent_diseasecondition_b2548ad0e103,اضطراب الغدة الدرقية,اضطراب الغده الدرقيه,DiseaseCondition,"[""اضطراب الغدة الدرقية""]",1,1,1,0.850,"[""llama-3.1-8b-instant""]",previous_user_extraction
ent_diseasecondition_35eb2b8f8638,اضطراب نفسي,اضطراب نفسي,DiseaseCondition,"[""اضطراب نفسي"", ""شك مريض""]",1,1,1,0.850,"[""llama-3.1-8b-instant""]",previous_user_extraction
ent_diseasecondition_dede421c3692,اضطراب نقص الإنتباه وفرط النشاط,اضطراب نقص الانتباه وفرط النشاط,DiseaseCondition,"[""ADHD"", ""Hyper activity"", ""اضطراب نقص الإنتباه وفرط النشاط""]",1,1,1,0.950,"[""llama-3.1-8b-instant""]",previous_user_extraction
ent_diseasecondition_fab2e100965e,اضطرابات كهربية قلبية,اضطرابات كهربيه قلبيه,DiseaseCondition,"[""اضطرابات كهربية"", ""اضطرابات كهربية قلبية""]",1,1,1,0.850,"[""llama-3.1-8b-instant""]",previous_user_extraction
ent_diseasecondition_d17af903c162,اضطرابات هرمونية,اضطرابات هرمونيه,DiseaseCondition,"[""اضطرابات هرمونية""]",1,1,1,0.850,"[""llama-3.1-8b-instant""]",new_user_extraction
ent_diseasecondition_a2605dbbfa2a,أقل من الطبيعي,اقل من الطبيعي,DiseaseCondition,"[""أقل من الطبيعي""]",1,1,1,0.850,"[""llama-3.1-8b-instant""]",previous_user_extraction
ent_diseasecondition_32c84edce6a2,اكتئاب,اكتياب,DiseaseCondition,"[""اكتئاب""]",1,1,1,0.900,"[""llama-3.1-8b-instant""]",previous_user_extraction
ent_diseasecondition_0d4568f518f0,الاثية الشرجي,الاثيه الشرجي,DiseaseCondition,"[""الاثية"", ""الاثية الشرجي""]",1,1,1,0.850,"[""llama-3.1-8b-instant""]",previous_user_extraction
ent_diseasecondition_6a33d7cf782a,الاحمرار في المستقيم,الاحمرار في المستقيم,DiseaseCondition,"[""الاحمرار في المستقيم""]",1,1,1,0.850,"[""llama-3.1-8b-instant""]",previous_user_extraction
ent_diseasecondition_8b9d599f7475,الأسنان,الاسنان,DiseaseCondition,"[""اسنان"", ""الأسنان""]",1,1,1,0.700,"[""llama-3.1-8b-instant""]",previous_user_extraction
ent_diseasecondition_c1b41bd3762d,الاعتلال العصبي الحاد,الاعتلال العصبي الحاد,DiseaseCondition,"[""الاعتلال العصبي"", ""الاعتلال العصبي الحاد""]",1,1,1,0.950,"[""llama-3.1-8b-instant""]",new_user_extraction
ent_diseasecondition_d808bbf4fafe,الاعتلال العصبي المحيطي,الاعتلال العصبي المحيطي,DiseaseCondition,"[""اعتلال الأعصاب الحاد"", ""الاعتلال العصبي"", ""الاعتلال العصبي المحيطي""]",1,1,1,0.950,"[""llama-3.1-8b-instant""]",new_user_extraction
ent_diseasecondition_c530adcb98c5,الاكتئاب,الاكتياب,DiseaseCondition,"[""اكتئاب"", ""الاكتئاب"", ""شعور بالخوف""]",2,1,1,0.950,"[""llama-3.1-8b-instant""]",previous_user_extraction
ent_diseasecondition_09029ff48e08,الالثية,الالثيه,DiseaseCondition,"[""الالثية""]",1,1,1,0.850,"[""llama-3.1-8b-instant""]",previous_user_extraction
ent_diseasecondition_8ca9f15583c7,الانتان,الانتان,DiseaseCondition,"[""الانتان"", ""الانتان خفي أو ظاهر""]",1,1,1,0.950,"[""llama-3.1-8b-instant""]",previous_user_extraction
ent_diseasecondition_57f97ace9696,الانتفاخ,الانتفاخ,DiseaseCondition,"[""الانتفاخ""]",1,1,1,0.850,"[""llama-3.1-8b-instant""]",previous_user_extraction
ent_diseasecondition_4483219775eb,الانزلاقات الغضروفية العنقية,الانزلاقات الغضروفيه العنقيه,DiseaseCondition,"[""الانزلاقات الغضروفية العنقية""]",1,1,1,0.800,"[""llama-3.1-8b-instant""]",previous_user_extraction
ent_diseasecondition_328b3df02a9c,الانفجار,الانفجار,DiseaseCondition,"[""الانفجار"", ""التهاب""]",2,2,1,0.850,"[""llama-3.1-8b-instant""]",previous_user_extraction
ent_diseasecondition_8ae017ffaf32,الانفلوانزا,الانفلوانزا,DiseaseCondition,"[""الانفلوانزا""]",1,1,1,0.850,"[""llama-3.1-8b-instant""]",previous_user_extraction
ent_diseasecondition_ad424ed48183,الانيمياء,الانيمياء,DiseaseCondition,"[""الانيمياء""]",2,1,1,0.950,"[""llama-3.1-8b-instant""]",new_user_extraction
ent_diseasecondition_9b48ba52a758,البحبس,البحبس,DiseaseCondition,"[""البحبس""]",1,1,1,0.850,"[""llama-3.1-8b-instant""]",new_user_extraction
ent_diseasecondition_ce9ff22d8fac,البرونكيتيس,البرونكيتيس,DiseaseCondition,"[""البرونكيتيس"", ""التهاب""]",1,1,1,0.850,"[""llama-3.1-8b-instant""]",previous_user_extraction
ent_diseasecondition_f9f02cdde82f,البواسير,البواسير,DiseaseCondition,"[""البواسير"", ""بواسير""]",6,6,3,0.867,"[""llama-3.1-8b-instant""]",new_user_extraction
ent_diseasecondition_ddae3ff624cf,الترمسه,الترمسه,DiseaseCondition,"[""الترمسه""]",1,1,1,0.850,"[""llama-3.1-8b-instant""]",new_user_extraction
ent_diseasecondition_30c063bfe92d,التسوس,التسوس,DiseaseCondition,"[""التسوس"", ""التصبغات السوداء""]",2,2,2,0.850,"[""llama-3.1-8b-instant""]",previous_user_extraction
ent_diseasecondition_e973040455bf,التشوهات الخلقية,التشوهات الخلقيه,DiseaseCondition,"[""التشوهات الخلقية""]",1,1,1,0.950,"[""llama-3.1-8b-instant""]",new_user_extraction
ent_diseasecondition_743481d9d387,التصاق التوائم السيامي,التصاق التوايم السيامي,DiseaseCondition,"[""التصاق التوائم السيامي""]",1,1,1,0.850,"[""llama-3.1-8b-instant""]",previous_user_extraction
ent_diseasecondition_4ea30d57b62c,التصبغات السوداء,التصبغات السوداء,DiseaseCondition,"[""التسوس"", ""التصبغات السوداء""]",1,1,1,0.850,"[""llama-3.1-8b-instant""]",previous_user_extraction
ent_diseasecondition_497a01dc0103,التلاسيميا,التلاسيميا,DiseaseCondition,"[""التلاسيميا"", ""فقر دم البحر الابيض المتوسط""]",2,1,1,0.850,"[""llama-3.1-8b-instant""]",new_user_extraction
ent_diseasecondition_16cf4e77b755,التهاب,التهاب,DiseaseCondition,"[""التهاب"", ""التهابات المفاصل"", ""تهاب"", ""تهاب المبيض""]",198,171,81,0.874,"[""llama-3.1-8b-instant"", ""llama-3.3-70b-versatile""]",new_user_extraction
ent_diseasecondition_d1ac437fb721,التهاب الامعاء,التهاب الامعاء,DiseaseCondition,"[""التهاب الامعاء""]",1,1,1,0.850,"[""llama-3.1-8b-instant""]",previous_user_extraction
ent_diseasecondition_ad3e19c416f6,التهاب الجيوب الأنفية,التهاب الجيوب الانفيه,DiseaseCondition,"[""التهاب الجيوب الأنفية""]",1,1,1,0.850,"[""llama-3.1-8b-instant""]",previous_user_extraction
ent_diseasecondition_6ed57271807f,التهاب الحفاظ,التهاب الحفاظ,DiseaseCondition,"[""التهاب الحفاظ""]",2,2,1,0.850,"[""llama-3.1-8b-instant""]",previous_user_extraction
ent_diseasecondition_8073c16255c6,التهاب الخلوي,التهاب الخلوي,DiseaseCondition,"[""التهاب الخلوي""]",1,1,1,0.850,"[""llama-3.1-8b-instant""]",previous_user_extraction
ent_diseasecondition_d9b91988beb9,التهاب السحايا,التهاب السحايا,DiseaseCondition,"[""التهاب السحايا""]",1,1,1,0.850,"[""llama-3.1-8b-instant""]",previous_user_extraction
ent_diseasecondition_6ed4cacd0b61,التهاب الشعري,التهاب الشعري,DiseaseCondition,"[""التهاب الشعري""]",1,1,1,0.850,"[""llama-3.1-8b-instant""]",previous_user_extraction
ent_diseasecondition_9a200b8418cc,التهاب العصعصي,التهاب العصعصي,DiseaseCondition,"[""التهاب العصعصي""]",1,1,1,0.950,"[""llama-3.1-8b-instant""]",previous_user_extraction
ent_diseasecondition_3a46ea69fd7e,التهاب العصي البصري,التهاب العصي البصري,DiseaseCondition,"[""التهاب العصي البصري""]",1,1,1,0.850,"[""llama-3.1-8b-instant""]",previous_user_extraction
ent_diseasecondition_31c6f1e3a619,التهاب الغدة الدرقية,التهاب الغده الدرقيه,DiseaseCondition,"[""التهاب الدرقية"", ""التهاب الغدة الدرقية""]",1,1,1,0.950,"[""llama-3.1-8b-instant""]",previous_user_extraction
ent_diseasecondition_8cc0af593e58,التهاب القولون,التهاب القولون,DiseaseCondition,"[""التهاب القولون"", ""تهاب القولون""]",1,1,1,0.850,"[""llama-3.1-8b-instant""]",previous_user_extraction
ent_diseasecondition_4e2d7ec982d0,التهاب القولون التقرحى,التهاب القولون التقرحي,DiseaseCondition,"[""التهاب القولون التقرحى"", ""تهاب القولون التقرحى""]",1,1,1,0.850,"[""llama-3.1-8b-instant""]",previous_user_extraction
ent_diseasecondition_93d8578caf27,التهاب الكبد,التهاب الكبد,DiseaseCondition,"[""التهاب الكبد""]",1,1,1,0.850,"[""llama-3.1-8b-instant""]",previous_user_extraction
ent_diseasecondition_6e95846a4080,التهاب اللثة,التهاب اللثه,DiseaseCondition,"[""التهاب"", ""التهاب اللثة"", ""تهاب اللثه""]",8,7,2,0.850,"[""llama-3.1-8b-instant""]",previous_user_extraction
ent_diseasecondition_008140d48ce1,التهاب اللسان,التهاب اللسان,DiseaseCondition,"[""التهاب اللسان"", ""تهاب اللسان""]",1,1,1,0.850,"[""llama-3.1-8b-instant""]",previous_user_extraction
ent_diseasecondition_341d574d8fe5,التهاب اللوزتين,التهاب اللوزتين,DiseaseCondition,"[""التهاب اللوزتين"", ""تهاب لوز""]",2,2,2,0.900,"[""llama-3.3-70b-versatile""]",previous_user_extraction
ent_diseasecondition_32f9c9a21059,التهاب المعدة,التهاب المعده,DiseaseCondition,"[""التهاب المعدة"", ""تهاب المعدة""]",1,1,1,0.850,"[""llama-3.1-8b-instant""]",previous_user_extraction
ent_diseasecondition_c8b276e9a67b,التهاب المفاصل,التهاب المفاصل,DiseaseCondition,"[""التهاب المفاصل""]",2,1,1,0.950,"[""llama-3.3-70b-versatile""]",previous_user_extraction
ent_diseasecondition_5a02034f11b7,التهاب بكتيري,التهاب بكتيري,DiseaseCondition,"[""التهاب بكتيري"", ""تهاب بكتيري""]",1,1,1,0.850,"[""llama-3.1-8b-instant""]",previous_user_extraction
ent_diseasecondition_9c03a470d940,التهاب فطري,التهاب فطري,DiseaseCondition,"[""التهاب فطري"", ""تهاب فطري""]",1,1,1,0.850,"[""llama-3.1-8b-instant""]",previous_user_extraction
ent_diseasecondition_25a284953b35,التهاب في البويصلة الشعرية,التهاب في البويصله الشعريه,DiseaseCondition,"[""التهاب في البويصلة الشعرية""]",1,1,1,0.950,"[""llama-3.1-8b-instant""]",previous_user_extraction
ent_diseasecondition_e78e37bf0691,التهاب في الغدد الليمفاوية,التهاب في الغدد الليمفاويه,DiseaseCondition,"[""التهاب في الغدد الليمفاوية""]",1,1,1,0.950,"[""llama-3.1-8b-instant""]",previous_user_extraction
ent_diseasecondition_2c73be2f25fe,التهاب فيروسي,التهاب فيروسي,DiseaseCondition,"[""التهاب فيروسي""]",1,1,1,0.850,"[""llama-3.1-8b-instant""]",previous_user_extraction
ent_diseasecondition_f12d335bd2d8,التهاب مفصل الركبة,التهاب مفصل الركبه,DiseaseCondition,"[""التهاب مفصل الركبة"", ""تهاب مفصل الركبة""]",3,1,1,0.950,"[""llama-3.1-8b-instant""]",previous_user_extraction
ent_diseasecondition_99862803579b,التهابات,التهابات,DiseaseCondition,"[""التهاب"", ""التهابات""]",1,1,1,0.850,"[""llama-3.1-8b-instant""]",new_user_extraction
ent_diseasecondition_88f6404a8c65,التهابات فى المعدة,التهابات في المعده,DiseaseCondition,"[""التهابات فى المعدة""]",1,1,1,0.800,"[""llama-3.1-8b-instant""]",previous_user_extraction
ent_diseasecondition_d6c2824a955a,التوائم,التوايم,DiseaseCondition,"[""التوائم""]",1,1,1,0.850,"[""llama-3.1-8b-instant""]",previous_user_extraction
ent_diseasecondition_443aafd23ff7,التوحد السلوكي,التوحد السلوكي,DiseaseCondition,"[""التوحد السلوكي""]",1,1,1,0.950,"[""llama-3.1-8b-instant""]",previous_user_extraction
ent_diseasecondition_8e104f8ce212,الجالكتوز,الجالكتوز,DiseaseCondition,"[""الجالكتوز""]",1,1,1,0.950,"[""llama-3.1-8b-instant""]",previous_user_extraction
ent_diseasecondition_adcc5a085807,الجلد المترهل,الجلد المترهل,DiseaseCondition,"[""الجلد المترهل""]",1,1,1,0.850,"[""llama-3.3-70b-versatile""]",previous_user_extraction
ent_diseasecondition_9efe983f86e2,الجلطات,الجلطات,DiseaseCondition,"[""الجلطات"", ""جلطات""]",1,1,1,0.850,"[""llama-3.1-8b-instant""]",previous_user_extraction
ent_diseasecondition_925cfcb87467,الجلطات الدماغية,الجلطات الدماغيه,DiseaseCondition,"[""الجلطات الدماغية"", ""جلطات"", ""جلطات دماغية""]",1,1,1,0.850,"[""llama-3.1-8b-instant""]",previous_user_extraction
ent_diseasecondition_ec2ee6e91bb0,الجلطة,الجلطه,DiseaseCondition,"[""التهاب"", ""الجلطة""]",1,1,1,0.850,"[""llama-3.1-8b-instant""]",previous_user_extraction
ent_diseasecondition_da5565d6842c,الجلطة الدماغية,الجلطه الدماغيه,DiseaseCondition,"[""الجلطة الدماغية"", ""الجلطة الدماغية السابقة""]",2,2,2,0.850,"[""llama-3.1-8b-instant""]",previous_user_extraction
ent_diseasecondition_1420aadad936,الجنين,الجنين,DiseaseCondition,"[""الجنين""]",2,2,1,0.850,"[""llama-3.1-8b-instant""]",previous_user_extraction
ent_diseasecondition_2de63ce5404a,الجيب اللثوي,الجيب اللثوي,DiseaseCondition,"[""الجيب اللثوي""]",1,1,1,0.850,"[""llama-3.1-8b-instant""]",previous_user_extraction
ent_diseasecondition_794191c3054d,الجينات المرضية,الجينات المرضيه,DiseaseCondition,"[""الجينات المرضية"", ""الجينات الوراثية""]",2,2,1,0.950,"[""llama-3.1-8b-instant""]",new_user_extraction
ent_diseasecondition_a35ca72da6b7,الحثل العضلي,الحثل العضلي,DiseaseCondition,"[""الحثل العضلي"", ""حثل دوشين العضلي""]",1,1,1,0.850,"[""llama-3.1-8b-instant""]",new_user_extraction
ent_diseasecondition_5dcc30c3edc8,الحروق,الحروق,DiseaseCondition,"[""الحروق""]",1,1,1,0.950,"[""llama-3.1-8b-instant""]",previous_user_extraction
ent_diseasecondition_ac6f7cbfb177,الحصى,الحصي,DiseaseCondition,"[""الحصى""]",1,1,1,0.850,"[""llama-3.1-8b-instant""]",previous_user_extraction
ent_diseasecondition_7abdd04c7114,الحمل,الحمل,DiseaseCondition,"[""الحمل"", ""الحمل الوراثي"", ""حمل"", ""حمل بالاسبوع العاشر"", ""حمل خارج الرحم""]",83,79,27,0.889,"[""llama-3.1-8b-instant"", ""llama-3.3-70b-versatile""]",new_user_extraction
ent_diseasecondition_67c97925404a,الحمى الشديدة,الحمي الشديده,DiseaseCondition,"[""الانفلوانزا"", ""التهابات الجرثومية الحادة"", ""الحمى الشديدة""]",1,1,1,0.850,"[""llama-3.1-8b-instant""]",new_user_extraction
ent_diseasecondition_41f520aa86a9,الحودة الحال,الحوده الحال,DiseaseCondition,"[""الحودة الحال""]",2,2,1,0.850,"[""llama-3.1-8b-instant""]",previous_user_extraction
ent_diseasecondition_33ebca04d291,الحودة الصكري,الحوده الصكري,DiseaseCondition,"[""الحودة الصكري""]",2,2,1,0.850,"[""llama-3.1-8b-instant""]",previous_user_extraction
ent_diseasecondition_df207aa1a15e,الختناق,الختناق,DiseaseCondition,"[""الختناق""]",1,1,1,0.700,"[""llama-3.1-8b-instant""]",previous_user_extraction
ent_diseasecondition_9f5df4e1d56b,الخراج,الخراج,DiseaseCondition,"[""الخراج"", ""الناسور""]",2,1,1,0.850,"[""llama-3.1-8b-instant""]",new_user_extraction
ent_diseasecondition_f870ba2ab6eb,الدورة الشهرية,الدوره الشهريه,DiseaseCondition,"[""الدورة"", ""الدورة الشهرية"", ""دورة شهرية""]",15,13,5,0.890,"[""llama-3.1-8b-instant"", ""llama-3.3-70b-versatile""]",new_user_extraction
ent_diseasecondition_efd8fda1ef13,الديدان,الديدان,DiseaseCondition,"[""الديدان"", ""ديدان""]",1,1,1,0.850,"[""llama-3.1-8b-instant""]",previous_user_extraction
ent_diseasecondition_c64474f33e29,الربو,الربو,DiseaseCondition,"[""الربو""]",2,1,1,0.850,"[""llama-3.1-8b-instant""]",previous_user_extraction
ent_diseasecondition_d858e70d5fdf,الروماتيزم,الروماتيزم,DiseaseCondition,"[""الروماتيزم""]",1,1,1,0.900,"[""llama-3.1-8b-instant""]",previous_user_extraction
ent_diseasecondition_01ba795ec738,الرئتين,الريتين,DiseaseCondition,"[""الرئتين""]",1,1,1,0.950,"[""llama-3.1-8b-instant""]",previous_user_extraction
ent_diseasecondition_aaf0d0958a26,السرطان,السرطان,DiseaseCondition,"[""السرطان"", ""سرطان الثدي""]",4,4,4,0.850,"[""llama-3.1-8b-instant""]",new_user_extraction
ent_diseasecondition_6eb03902c623,السكري,السكري,DiseaseCondition,"[""السكري"", ""سكري""]",1,1,1,0.850,"[""llama-3.1-8b-instant""]",previous_user_extraction
ent_diseasecondition_e315c7d51517,السل,السل,DiseaseCondition,"[""السل""]",1,1,1,0.850,"[""llama-3.1-8b-instant""]",previous_user_extraction
ent_diseasecondition_e6fe2d341b4c,السم,السم,DiseaseCondition,"[""الدغه العقرب"", ""السم""]",2,1,1,0.950,"[""llama-3.1-8b-instant""]",previous_user_extraction
ent_diseasecondition_f756960fd62b,السمنة,السمنه,DiseaseCondition,"[""السمنة"", ""سمنة""]",2,2,2,0.900,"[""llama-3.1-8b-instant""]",previous_user_extraction
ent_diseasecondition_9e3b0d436b03,الشلل الرعاشي,الشلل الرعاشي,DiseaseCondition,"[""الشلل الرعاشي"", ""داء باركنسون""]",1,1,1,0.850,"[""llama-3.1-8b-instant""]",new_user_extraction
ent_diseasecondition_d99fb1a77d6c,الشيخوخة,الشيخوخه,DiseaseCondition,"[""الشيخوخة"", ""شيخوخة"", ""شيخوخة المبكرة""]",2,2,2,0.850,"[""llama-3.1-8b-instant""]",previous_user_extraction
ent_diseasecondition_00247d3d5c80,الصداع التوتري,الصداع التوتري,DiseaseCondition,"[""الصداع التوتري"", ""صداع التوتري""]",1,1,1,0.950,"[""llama-3.1-8b-instant""]",previous_user_extraction
ent_diseasecondition_aacab021c9d4,الصداع النصفي,الصداع النصفي,DiseaseCondition,"[""الصداع النصفي""]",1,1,1,0.850,"[""llama-3.1-8b-instant""]",previous_user_extraction
ent_diseasecondition_6fc3f18427fb,الصدمة الكهربائية,الصدمه الكهرباييه,DiseaseCondition,"[""الصدمة الكهربائية""]",1,1,1,0.950,"[""llama-3.1-8b-instant""]",previous_user_extraction
ent_diseasecondition_b3e7fc089ddd,الصفائح الدموية,الصفايح الدمويه,DiseaseCondition,"[""الصفائح"", ""الصفائح الدموية""]",1,1,1,0.850,"[""llama-3.1-8b-instant""]",previous_user_extraction
ent_diseasecondition_ee57bd84c53c,الضرس,الضرس,DiseaseCondition,"[""الضرس""]",5,5,1,0.850,"[""llama-3.1-8b-instant""]",previous_user_extraction
ent_diseasecondition_45b76d151316,الضيق البسيط,الضيق البسيط,DiseaseCondition,"[""الضيق البسيط"", ""ضيق""]",1,1,1,0.850,"[""llama-3.1-8b-instant""]",previous_user_extraction
ent_diseasecondition_c8a25bd71e35,الطفرة,الطفره,DiseaseCondition,"[""الطفرة""]",1,1,1,0.850,"[""llama-3.1-8b-instant""]",new_user_extraction
ent_diseasecondition_3d7ba1abc264,الغازات,الغازات,DiseaseCondition,"[""ارتكاريا"", ""التهاب"", ""الغازات"", ""حساسية الصدر"", ""ربو"", ""نزلة معوية""]",3,3,2,0.850,"[""llama-3.1-8b-instant""]",previous_user_extraction
ent_diseasecondition_7b4788cd854a,الغدة الدرقية,الغده الدرقيه,DiseaseCondition,"[""الغدة الدرقية""]",5,3,1,0.850,"[""llama-3.1-8b-instant""]",previous_user_extraction
ent_diseasecondition_ae8c75765ec1,الغدة اللمفاوية,الغده اللمفاويه,DiseaseCondition,"[""الغدة اللمفاوية""]",1,1,1,0.950,"[""llama-3.1-8b-instant""]",previous_user_extraction
ent_diseasecondition_46faf93722a3,الفركتوز,الفركتوز,DiseaseCondition,"[""الفركتوز"", ""سكر الذرة""]",2,1,1,0.950,"[""llama-3.1-8b-instant""]",previous_user_extraction
ent_diseasecondition_765c9fdd4495,الفشل القلبي اللامُعاوَض,الفشل القلبي اللامعاوض,DiseaseCondition,"[""الفشل القلبي اللامُعاوَض"", ""فشل قلبي""]",1,1,1,0.850,"[""llama-3.1-8b-instant""]",previous_user_extraction
ent_diseasecondition_d13d516b4149,القرحة,القرحه,DiseaseCondition,"[""القرحة""]",1,1,1,0.850,"[""llama-3.1-8b-instant""]",previous_user_extraction
ent_diseasecondition_8fec9e9307d6,القفص الصدري,القفص الصدري,DiseaseCondition,"[""القفص الصدري""]",1,1,1,0.950,"[""llama-3.1-8b-instant""]",previous_user_extraction
ent_diseasecondition_017a6d080eff,القولون,القولون,DiseaseCondition,"[""القولون"", ""القولون العصبى"", ""قولون""]",11,8,4,0.868,"[""llama-3.1-8b-instant""]",previous_user_extraction
ent_diseasecondition_ca9304cd0dde,القولون العصبي,القولون العصبي,DiseaseCondition,"[""ارتكاريا"", ""التهاب"", ""القولون التقرحي"", ""القولون العصبي"", ""حساسية الصدر"", ""ربو"", ""قولون العصبي"", ""نزلة معوية""]",24,21,10,0.898,"[""llama-3.1-8b-instant""]",previous_user_extraction
ent_diseasecondition_5b95544ae1ac,الكالسيوم,الكالسيوم,DiseaseCondition,"[""الكالسيوم""]",1,1,1,0.850,"[""llama-3.1-8b-instant""]",previous_user_extraction
ent_diseasecondition_584b39abb33a,الكساح,الكساح,DiseaseCondition,"[""الكساح"", ""كساح"", ""كساح العظام""]",1,1,1,0.950,"[""llama-3.1-8b-instant""]",previous_user_extraction
ent_diseasecondition_1cda0b09f82c,الكوليسترول,الكوليسترول,DiseaseCondition,"[""الكوليسترول""]",1,1,1,0.850,"[""llama-3.1-8b-instant""]",previous_user_extraction
ent_diseasecondition_4171598a5900,اللثة,اللثه,DiseaseCondition,"[""اللثة"", ""لثة""]",6,6,1,0.850,"[""llama-3.1-8b-instant""]",previous_user_extraction
ent_diseasecondition_d2e284c27e53,اللمف,اللمف,DiseaseCondition,"[""اللمف"", ""سائل"", ""سائل شفاف""]",1,1,1,0.850,"[""llama-3.1-8b-instant""]",previous_user_extraction
ent_diseasecondition_5de2f8c39a17,المرض الفطري,المرض الفطري,DiseaseCondition,"[""المرض الفطري""]",1,1,1,0.850,"[""llama-3.1-8b-instant""]",previous_user_extraction
ent_diseasecondition_319e19ad93a5,المرض الوراثي,المرض الوراثي,DiseaseCondition,"[""الأمراض الوراثية"", ""المرض الوراثي""]",6,5,2,0.950,"[""llama-3.1-8b-instant""]",new_user_extraction
ent_diseasecondition_86e897b1e25a,الملوية البوابية,الملويه البوابيه,DiseaseCondition,"[""الملوية البوابية""]",1,1,1,0.850,"[""llama-3.1-8b-instant""]",previous_user_extraction
ent_diseasecondition_1d360e20e36c,الموت الدماغي,الموت الدماغي,DiseaseCondition,"[""الموت الدماغي"", ""موت دماغى""]",1,1,1,0.850,"[""llama-3.1-8b-instant""]",previous_user_extraction
ent_diseasecondition_a2ea3f4151b1,الناسور,الناسور,DiseaseCondition,"[""الناسور""]",2,2,2,0.900,"[""llama-3.1-8b-instant""]",new_user_extraction
ent_diseasecondition_b9398855edc8,الناسور العصعصي,الناسور العصعصي,DiseaseCondition,"[""الناسور العصعصي""]",2,2,1,0.950,"[""llama-3.1-8b-instant""]",previous_user_extraction
ent_diseasecondition_e92033c98737,الناعور,الناعور,DiseaseCondition,"[""الناعور"", ""مرض الناعور""]",1,1,1,0.850,"[""llama-3.1-8b-instant""]",previous_user_extraction
ent_diseasecondition_a2bb8f572461,النخاع الشوكي,النخاع الشوكي,DiseaseCondition,"[""النخاع الشوكي"", ""نخاع شوكى""]",1,1,1,0.850,"[""llama-3.1-8b-instant""]",previous_user_extraction
ent_diseasecondition_e618b436b915,النزلة,النزله,DiseaseCondition,"[""النزلة""]",1,1,1,0.850,"[""llama-3.1-8b-instant""]",previous_user_extraction
ent_diseasecondition_532d066568cb,النسيج,النسيج,DiseaseCondition,"[""النسيج"", ""نسيج""]",1,1,1,0.850,"[""llama-3.1-8b-instant""]",previous_user_extraction
ent_diseasecondition_77d1494eeb4a,النسيج المحيط,النسيج المحيط,DiseaseCondition,"[""النسيج المحيط"", ""نسيج محيط""]",1,1,1,0.850,"[""llama-3.1-8b-instant""]",previous_user_extraction
ent_diseasecondition_1624385f1d65,النسيج المحيط بالفتحة,النسيج المحيط بالفتحه,DiseaseCondition,"[""النسيج المحيط بالفتحة"", ""نسيج محيط بالفتحة""]",1,1,1,0.850,"[""llama-3.1-8b-instant""]",previous_user_extraction
ent_diseasecondition_bad4a78d1afb,النسيج فوق الدعامات,النسيج فوق الدعامات,DiseaseCondition,"[""النسيج فوق الدعامات"", ""نسيج فوق""]",1,1,1,0.850,"[""llama-3.1-8b-instant""]",previous_user_extraction
ent_diseasecondition_ee17640ce26e,النغزات,النغزات,DiseaseCondition,"[""ارتكاريا"", ""التهاب"", ""النغزات"", ""حساسية الصدر"", ""ربو"", ""نزلة معوية""]",1,1,1,0.850,"[""llama-3.1-8b-instant""]",previous_user_extraction
ent_diseasecondition_de3da637baf8,النقرس,النقرس,DiseaseCondition,"[""النقرس"", ""نقرس"", ""نقرس في المفاصل""]",1,1,1,0.950,"[""llama-3.1-8b-instant""]",new_user_extraction
ent_diseasecondition_d039dca7a8c0,النقص الشديد للصفائح,النقص الشديد للصفايح,DiseaseCondition,"[""ITP"", ""النقص الشديد للصفائح"", ""نقص الصفائح""]",3,1,1,0.950,"[""llama-3.1-8b-instant""]",previous_user_extraction
ent_diseasecondition_3f3991417439,الورم,الورم,DiseaseCondition,"[""الورم""]",1,1,1,0.850,"[""llama-3.1-8b-instant""]",new_user_extraction
ent_diseasecondition_7a635a09206f,الورم الدماغي,الورم الدماغي,DiseaseCondition,"[""الورم الدماغي""]",1,1,1,0.850,"[""llama-3.1-8b-instant""]",previous_user_extraction
ent_diseasecondition_0c001085703e,الورم النقوي المتعدد,الورم النقوي المتعدد,DiseaseCondition,"[""الورم النقوي المتعدد""]",1,1,1,0.950,"[""llama-3.1-8b-instant""]",previous_user_extraction
ent_diseasecondition_deb4b94517cc,امساك,امساك,DiseaseCondition,"[""إمساك"", ""امساك""]",18,17,7,0.906,"[""llama-3.1-8b-instant""]",new_user_extraction
ent_diseasecondition_58d7d4ebddc3,انخفاض ضغط الدم,انخفاض ضغط الدم,DiseaseCondition,"[""انخفاض ضغط"", ""انخفاض ضغط الدم""]",2,2,2,0.825,"[""llama-3.1-8b-instant""]",previous_user_extraction
ent_diseasecondition_8900ade247cb,انزلاق أنقي,انزلاق انقي,DiseaseCondition,"[""انزلاق أنقي""]",1,1,1,0.850,"[""llama-3.1-8b-instant""]",previous_user_extraction
ent_diseasecondition_5490429a16c5,انزلاق غضروفي عنقي,انزلاق غضروفي عنقي,DiseaseCondition,"[""انزلاق غضروفي عنقي""]",1,1,1,0.950,"[""llama-3.1-8b-instant""]",previous_user_extraction
ent_diseasecondition_c2a8a5a1878d,انسداد البلعوم,انسداد البلعوم,DiseaseCondition,"[""انسداد"", ""انسداد البلعوم""]",1,1,1,0.950,"[""llama-3.1-8b-instant""]",previous_user_extraction
ent_diseasecondition_94a9a87f1248,انفراص,انفراص,DiseaseCondition,"[""انفراص"", ""انقراص""]",1,1,1,0.850,"[""llama-3.1-8b-instant""]",previous_user_extraction
ent_diseasecondition_c6b9055038c2,انفلونزا,انفلونزا,DiseaseCondition,"[""الانفلونزا"", ""البرد"", ""انفلونزا""]",1,1,1,0.850,"[""llama-3.1-8b-instant""]",previous_user_extraction
ent_diseasecondition_bcda4485dd1d,انقراص,انقراص,DiseaseCondition,"[""انفراص"", ""انقراص""]",1,1,1,0.850,"[""llama-3.1-8b-instant""]",previous_user_extraction
ent_diseasecondition_884ee2807f70,بروثرومبين,بروثرومبين,DiseaseCondition,"[""بروثرومبين""]",1,1,1,0.850,"[""llama-3.1-8b-instant""]",previous_user_extraction
ent_diseasecondition_b1e428c56f48,بواسير,بواسير,DiseaseCondition,"[""بواسير""]",6,6,3,0.867,"[""llama-3.1-8b-instant""]",new_user_extraction
ent_diseasecondition_28abf8165f28,بيلة الميوغلوبين,بيله الميوغلوبين,DiseaseCondition,"[""بيلة الميوغلوبين"", ""مرض بيلة الميوغلوبين""]",2,1,1,0.950,"[""llama-3.1-8b-instant""]",previous_user_extraction
ent_diseasecondition_517952691aa3,تخم البروستاتا الحميد,تخم البروستاتا الحميد,DiseaseCondition,"[""تخم البروستاتا الحميد""]",1,1,1,0.850,"[""llama-3.1-8b-instant""]",previous_user_extraction
ent_diseasecondition_c0de0cd9ee02,تساقط الشعر,تساقط الشعر,DiseaseCondition,"[""تساقط الشعر"", ""سقوط الشعر""]",1,1,1,0.850,"[""llama-3.1-8b-instant""]",new_user_extraction
ent_diseasecondition_190a32dbb9bd,تسوس الأسنان,تسوس الاسنان,DiseaseCondition,"[""تسوس الأسنان"", ""تسوس الأسنان أو أي خراجات باللثة""]",1,1,1,0.950,"[""llama-3.1-8b-instant""]",previous_user_extraction
ent_diseasecondition_c0d08edb6394,تشمع الكبد,تشمع الكبد,DiseaseCondition,"[""تشمع"", ""تشمع الكبد""]",1,1,1,0.850,"[""llama-3.1-8b-instant""]",previous_user_extraction
ent_diseasecondition_35d61a018e10,تشوه,تشوه,DiseaseCondition,"[""تشوه"", ""تشوهات""]",1,1,1,0.950,"[""llama-3.1-8b-instant""]",previous_user_extraction
ent_diseasecondition_b50b108a90f4,تشوهات,تشوهات,DiseaseCondition,"[""تشوه"", ""تشوهات""]",1,1,1,0.950,"[""llama-3.1-8b-instant""]",previous_user_extraction
ent_diseasecondition_7f2969b272b5,تشوهات خلقية,تشوهات خلقيه,DiseaseCondition,"[""تشوهات"", ""تشوهات خلقية""]",3,2,2,0.850,"[""llama-3.1-8b-instant""]",previous_user_extraction
ent_diseasecondition_44e90462f6cf,تصلب الشرايين,تصلب الشرايين,DiseaseCondition,"[""تصلب الشرايين""]",2,1,1,0.850,"[""llama-3.1-8b-instant""]",previous_user_extraction
ent_diseasecondition_4453ab65a84b,تضخم,تضخم,DiseaseCondition,"[""تضخم"", ""تضخم في الارداف""]",1,1,1,0.850,"[""llama-3.1-8b-instant""]",previous_user_extraction
ent_diseasecondition_7ac7135caacd,تضخم الغدد اللمفية,تضخم الغدد اللمفيه,DiseaseCondition,"[""تضخم الغدد اللمفية"", ""تضخم الغدد اللمفية الموضعية""]",1,1,1,0.950,"[""llama-3.1-8b-instant""]",previous_user_extraction
ent_diseasecondition_2e5268a07754,تضيق الشرايين,تضيق الشرايين,DiseaseCondition,"[""تضيق الشرايين"", ""تضيق الشرايين القلبية""]",2,2,1,0.850,"[""llama-3.1-8b-instant""]",previous_user_extraction
ent_diseasecondition_0058b0001848,تضيق القنوات الموجودة داخل الكبد,تضيق القنوات الموجوده داخل الكبد,DiseaseCondition,"[""تضيق القنوات"", ""تضيق القنوات الموجودة داخل الكبد""]",1,1,1,0.850,"[""llama-3.1-8b-instant""]",previous_user_extraction
ent_diseasecondition_d1218adec3c3,تكيس الثدي,تكيس الثدي,DiseaseCondition,"[""اكياس داخلها رواسب الكلس"", ""تكيس الثدي""]",1,1,1,0.950,"[""llama-3.1-8b-instant""]",new_user_extraction
ent_diseasecondition_a69e12c09129,تكيس المابيض,تكيس المابيض,DiseaseCondition,"[""بداية تكيس المابيض"", ""تكيس المابيض""]",1,1,1,0.850,"[""llama-3.1-8b-instant""]",previous_user_extraction
ent_diseasecondition_d56405bafefa,تكيس المبايض,تكيس المبايض,DiseaseCondition,"[""تكيس المبايض""]",4,4,3,0.950,"[""llama-3.1-8b-instant""]",new_user_extraction
ent_diseasecondition_eb940f88ab39,تكيسات مائية,تكيسات ماييه,DiseaseCondition,"[""اكياس مائية"", ""تكيسات مائية""]",1,1,1,0.950,"[""llama-3.1-8b-instant""]",new_user_extraction
ent_diseasecondition_46e10e992f79,تلون الشبكيه الصبغي,تلون الشبكيه الصبغي,DiseaseCondition,"[""تلون الشبكيه الصبغي""]",1,1,1,0.950,"[""llama-3.1-8b-instant""]",previous_user_extraction
ent_diseasecondition_b4edb1c6802d,تليف وضيق في فتحة الشرج,تليف وضيق في فتحه الشرج,DiseaseCondition,"[""تليف وضيق في فتحة الشرج""]",1,1,1,0.850,"[""llama-3.1-8b-instant""]",previous_user_extraction
ent_diseasecondition_385230d505f3,تهاب,تهاب,DiseaseCondition,"[""التهاب"", ""تهاب"", ""تهاب الحلق"", ""تهاب القصبات"", ""تهاب المعدة""]",25,24,12,0.850,"[""llama-3.1-8b-instant""]",previous_user_extraction
ent_diseasecondition_109e661e0028,تهاب الغدة الدرقية,تهاب الغده الدرقيه,DiseaseCondition,"[""التهاب"", ""تهاب"", ""تهاب الغدة الدرقية""]",1,1,1,0.850,"[""llama-3.1-8b-instant""]",previous_user_extraction
ent_diseasecondition_78b578d6c9c9,توقف القلب,توقف القلب,DiseaseCondition,"[""توقف القلب""]",2,1,1,0.850,"[""llama-3.1-8b-instant""]",previous_user_extraction
ent_diseasecondition_3af83594d14c,تيفود,تيفود,DiseaseCondition,"[""تيفود""]",1,1,1,0.850,"[""llama-3.1-8b-instant""]",previous_user_extraction
ent_diseasecondition_632b4053c8a7,ثلاسيميا,ثلاسيميا,DiseaseCondition,"[""ثلاسيميا"", ""صفة الثلاسيميا""]",1,1,1,0.850,"[""llama-3.1-8b-instant""]",previous_user_extraction
ent_diseasecondition_23163007a001,جرثومة المعدة,جرثومه المعده,DiseaseCondition,"[""جرثومة"", ""جرثومة المعدة""]",3,3,2,0.900,"[""llama-3.1-8b-instant""]",previous_user_extraction
ent_diseasecondition_61d665f18ebb,جرثومة الهيليكوباكتر,جرثومه الهيليكوباكتر,DiseaseCondition,"[""جرثومة"", ""جرثومة الهيليكوباكتر""]",1,1,1,0.950,"[""llama-3.1-8b-instant""]",previous_user_extraction
ent_diseasecondition_93e6689ea10d,جلطة الاورده العميقه,جلطه الاورده العميقه,DiseaseCondition,"[""جلطة الاورده العميقه""]",1,1,1,0.850,"[""llama-3.1-8b-instant""]",previous_user_extraction
ent_diseasecondition_90ee5c0e03cb,حثل عضلي,حثل عضلي,DiseaseCondition,"[""حثل عضلي""]",1,1,1,0.850,"[""llama-3.1-8b-instant""]",new_user_extraction
ent_diseasecondition_2f75d3dabe0b,حساسية,حساسيه,DiseaseCondition,"[""ارتكاريا"", ""التهاب"", ""حساسية"", ""حساسية الصدر"", ""ربو"", ""نزلة معوية""]",49,44,33,0.877,"[""llama-3.1-8b-instant"", ""llama-3.3-70b-versatile""]",new_user_extraction
ent_diseasecondition_22b7b2b1b34f,حساسية البروتين البقري,حساسيه البروتين البقري,DiseaseCondition,"[""حساسية البروتين البقري""]",1,1,1,0.950,"[""llama-3.1-8b-instant""]",previous_user_extraction
ent_diseasecondition_250910ab0701,حساسية الصدر,حساسيه الصدر,DiseaseCondition,"[""حساسية"", ""حساسية الصدر"", ""ربو""]",6,5,4,0.850,"[""llama-3.1-8b-instant"", ""llama-3.3-70b-versatile""]",previous_user_extraction
ent_diseasecondition_a9d51c3aa146,حساسية الموسمية,حساسيه الموسميه,DiseaseCondition,"[""ارتكاريا"", ""التهاب"", ""حساسية"", ""حساسية الصدر"", ""حساسية الموسمية"", ""ربو"", ""نزلة معوية""]",1,1,1,0.850,"[""llama-3.1-8b-instant""]",previous_user_extraction
ent_diseasecondition_90c68acfd9cd,حصوة المرارة,حصوه المراره,DiseaseCondition,"[""حصوة المرارة"", ""حصية مرارية""]",1,1,1,0.850,"[""llama-3.1-8b-instant""]",new_user_extraction
ent_diseasecondition_c089d34028d0,حمى عضة الجرذ,حمي عضه الجرذ,DiseaseCondition,"[""حمى عضة الجرذ"", ""حمى عضة الجرذون"", ""حمى عضة الفأر""]",1,1,1,0.950,"[""llama-3.1-8b-instant""]",previous_user_extraction
ent_diseasecondition_21009b0da809,حمى عضة الجرذون,حمي عضه الجرذون,DiseaseCondition,"[""حمى عضة الجرذ"", ""حمى عضة الجرذون"", ""حمى عضة الفأر""]",1,1,1,0.950,"[""llama-3.1-8b-instant""]",previous_user_extraction
ent_diseasecondition_6ac8dc82e106,حمى عضة الفأر,حمي عضه الفار,DiseaseCondition,"[""حمى عضة الجرذ"", ""حمى عضة الفأر""]",1,1,1,0.950,"[""llama-3.1-8b-instant""]",previous_user_extraction
ent_diseasecondition_d23e158af982,داء السكري,داء السكري,DiseaseCondition,"[""Amarel"", ""داء السكري"", ""ريباغلينيد""]",3,1,1,0.950,"[""llama-3.1-8b-instant""]",previous_user_extraction
ent_diseasecondition_94b655cf4b61,داء باركنسون,داء باركنسون,DiseaseCondition,"[""داء باركنسون""]",1,1,1,0.700,"[""llama-3.1-8b-instant""]",new_user_extraction
ent_diseasecondition_7fd8c6313b83,داء بازيديو,داء بازيديو,DiseaseCondition,"[""داء بازيديو"", ""متلازمة داون""]",1,1,1,0.950,"[""llama-3.1-8b-instant""]",new_user_extraction
ent_diseasecondition_ae876b0a3e98,داء ويلسون,داء ويلسون,DiseaseCondition,"[""داء ويلسون"", ""مرض ويلسون""]",2,1,1,0.950,"[""llama-3.1-8b-instant""]",new_user_extraction
ent_diseasecondition_5c24fe12fd46,دائة الصكري,دايه الصكري,DiseaseCondition,"[""دائة الصكري""]",2,1,1,0.850,"[""llama-3.1-8b-instant""]",new_user_extraction
ent_diseasecondition_16a389cfd1bd,دبوس,دبوس,DiseaseCondition,"[""دبوس""]",1,1,1,0.950,"[""llama-3.1-8b-instant""]",previous_user_extraction
ent_diseasecondition_93017f24bceb,دهون ثلاثية,دهون ثلاثيه,DiseaseCondition,"[""دهون ثلاثية""]",1,1,1,0.850,"[""llama-3.1-8b-instant""]",previous_user_extraction
ent_diseasecondition_c7baf8534e07,دوالي الخصية,دوالي الخصيه,DiseaseCondition,"[""دوالي الخصية""]",1,1,1,0.850,"[""llama-3.1-8b-instant""]",previous_user_extraction
ent_diseasecondition_c4254d272647,دوالي الساقين,دوالي الساقين,DiseaseCondition,"[""دوالي"", ""دوالي الساقين""]",2,1,1,0.950,"[""llama-3.3-70b-versatile""]",previous_user_extraction
ent_diseasecondition_908f266a071c,دود بالبطن,دود بالبطن,DiseaseCondition,"[""دود بالبطن""]",1,1,1,0.850,"[""llama-3.1-8b-instant""]",previous_user_extraction
ent_diseasecondition_1c50bd11c45a,ربو,ربو,DiseaseCondition,"[""حساسية الصدر"", ""ربو""]",8,7,7,0.819,"[""llama-3.1-8b-instant"", ""llama-3.3-70b-versatile""]",previous_user_extraction
ent_diseasecondition_0a0632b5c10c,سرطان الثدي,سرطان الثدي,DiseaseCondition,"[""سرطان الثدي"", ""سرطان الثدي ١""]",2,2,2,0.950,"[""llama-3.1-8b-instant""]",new_user_extraction
ent_diseasecondition_0643ed72d249,سرطان القولون,سرطان القولون,DiseaseCondition,"[""سرطان القولون"", ""سرطان المستقيم""]",1,1,1,0.950,"[""llama-3.1-8b-instant""]",previous_user_extraction
ent_diseasecondition_048de7f33784,سرطان المستقيم,سرطان المستقيم,DiseaseCondition,"[""سرطان القولون"", ""سرطان المستقيم""]",1,1,1,0.950,"[""llama-3.1-8b-instant""]",previous_user_extraction
ent_diseasecondition_8369666e0d29,سكتة خلايا دموية,سكته خلايا دمويه,DiseaseCondition,"[""trait"", ""سكتة خلايا دموية""]",1,1,1,0.950,"[""llama-3.1-8b-instant""]",new_user_extraction
ent_diseasecondition_4393a2bf88a6,سكر,سكر,DiseaseCondition,"[""سكر"", ""مرض السكر""]",1,1,1,0.850,"[""llama-3.1-8b-instant""]",previous_user_extraction
ent_diseasecondition_aa9977b6b112,سكري,سكري,DiseaseCondition,"[""داء السكري"", ""سكري""]",4,3,2,0.950,"[""llama-3.1-8b-instant""]",new_user_extraction
ent_diseasecondition_2cbe61e08310,سمنة الأرداف,سمنه الارداف,DiseaseCondition,"[""سمنة الأرداف""]",2,2,1,0.850,"[""llama-3.1-8b-instant""]",previous_user_extraction
ent_diseasecondition_7f8719b1c99d,سيستي هيدروما,سيستي هيدروما,DiseaseCondition,"[""Systic Hygroma"", ""سيستي هيدروما""]",2,1,1,0.850,"[""llama-3.1-8b-instant""]",previous_user_extraction
ent_diseasecondition_d1d053efb3d4,شرخ في الشرج,شرخ في الشرج,DiseaseCondition,"[""شرخ في الشرج""]",1,1,1,0.850,"[""llama-3.1-8b-instant""]",previous_user_extraction
ent_diseasecondition_1730144a5e89,شظايا القنابل الصغيرة الانشطارية,شظايا القنابل الصغيره الانشطاريه,DiseaseCondition,"[""شظايا القنابل الصغيرة الانشطارية""]",1,1,1,0.950,"[""llama-3.1-8b-instant""]",previous_user_extraction
ent_diseasecondition_2a6dda2fbaec,شفة مشقوقة,شفه مشقوقه,DiseaseCondition,"[""شفة ارنبية"", ""شفة مشقوقة""]",1,1,1,0.850,"[""llama-3.1-8b-instant""]",previous_user_extraction
ent_diseasecondition_751788c2a31d,شق شرجي,شق شرجي,DiseaseCondition,"[""شق شرجي""]",2,2,2,0.850,"[""llama-3.1-8b-instant""]",previous_user_extraction
ent_diseasecondition_bd502372680c,شلل العصب السابع,شلل العصب السابع,DiseaseCondition,"[""شلل العصب السابع""]",1,1,1,0.850,"[""llama-3.1-8b-instant""]",previous_user_extraction
ent_diseasecondition_7754d34e2c52,شيب,شيب,DiseaseCondition,"[""شيب"", ""شيب المبكر""]",1,1,1,0.850,"[""llama-3.1-8b-instant""]",previous_user_extraction
ent_diseasecondition_1cff9c5dbe9e,صرع,صرع,DiseaseCondition,"[""داء الصرع"", ""شحنات كهرباء"", ""صرع"", ""كهرباء زائدة""]",2,1,1,0.950,"[""llama-3.3-70b-versatile""]",previous_user_extraction
ent_diseasecondition_cbcc5fb6bf54,صغر الثدي,صغر الثدي,DiseaseCondition,"[""صغر الثدي""]",1,1,1,0.850,"[""llama-3.3-70b-versatile""]",previous_user_extraction
ent_diseasecondition_a2f1fad1e164,صمام,صمام,DiseaseCondition,"[""صمام""]",1,1,1,0.850,"[""llama-3.1-8b-instant""]",previous_user_extraction
ent_diseasecondition_de01cca177b2,صمام القلب,صمام القلب,DiseaseCondition,"[""صمام"", ""صمام القلب""]",2,2,1,0.850,"[""llama-3.1-8b-instant""]",previous_user_extraction
ent_diseasecondition_368d9b61b18f,صمم,صمم,DiseaseCondition,"[""بكم"", ""صمم""]",1,1,1,0.850,"[""llama-3.1-8b-instant""]",new_user_extraction
ent_diseasecondition_04b436ff2a98,ضرس العقل,ضرس العقل,DiseaseCondition,"[""ضرس العقل""]",1,1,1,0.850,"[""llama-3.1-8b-instant""]",previous_user_extraction
ent_diseasecondition_54fd3b8532ee,ضعف المناعه,ضعف المناعه,DiseaseCondition,"[""ضعف المناعة""]",1,1,1,0.950,"[""llama-3.1-8b-instant""]",previous_user_extraction
ent_diseasecondition_66e69e23fa2d,عسر الهضم,عسر الهضم,DiseaseCondition,"[""عسر الهضم""]",1,1,1,0.950,"[""llama-3.1-8b-instant""]",previous_user_extraction
ent_diseasecondition_88a350b88c4d,عضلات الصدر,عضلات الصدر,DiseaseCondition,"[""عضلات الصدر""]",1,1,1,0.850,"[""llama-3.1-8b-instant""]",previous_user_extraction
ent_diseasecondition_c123927b86ec,عقيدات الغدة الدرقية,عقيدات الغده الدرقيه,DiseaseCondition,"[""عقيدات الغدة الدرقية"", ""كتلة في الغدة الدرقية""]",1,1,1,0.950,"[""llama-3.1-8b-instant""]",previous_user_extraction
ent_diseasecondition_987cc3cc606f,علم التشريح,علم التشريح,DiseaseCondition,"[""علم التشريح""]",1,1,1,0.950,"[""llama-3.1-8b-instant""]",previous_user_extraction
ent_diseasecondition_ab6cb6858d50,علم الوراثة,علم الوراثه,DiseaseCondition,"[""علم الوراثة""]",2,2,1,0.950,"[""llama-3.1-8b-instant""]",new_user_extraction
ent_diseasecondition_f3a36190d8c6,فايروس الكبد,فايروس الكبد,DiseaseCondition,"[""فايروس الكبد"", ""فايروس الكبد من النوع بي""]",2,1,1,0.950,"[""llama-3.1-8b-instant""]",previous_user_extraction
ent_diseasecondition_1d75e4f63d4f,فتق باب المعدة,فتق باب المعده,DiseaseCondition,"[""إلتهاب في أسفل المرىء"", ""فتق باب المعدة""]",2,1,1,0.850,"[""llama-3.1-8b-instant""]",previous_user_extraction
ent_diseasecondition_28f5fc799e65,فرط الحساسية,فرط الحساسيه,DiseaseCondition,"[""فرط الحساسية""]",1,1,1,0.850,"[""llama-3.1-8b-instant""]",previous_user_extraction
ent_diseasecondition_df5ec68e4117,فصام,فصام,DiseaseCondition,"[""اضطراب متعدد العوامل الوراثية والبيئية"", ""فصام""]",1,1,1,0.850,"[""llama-3.1-8b-instant""]",new_user_extraction
ent_diseasecondition_a8997ac91159,فطريات,فطريات,DiseaseCondition,"[""فطريات""]",2,2,1,0.850,"[""llama-3.1-8b-instant""]",previous_user_extraction
ent_diseasecondition_1658c4220505,فقدان الشهية,فقدان الشهيه,DiseaseCondition,"[""فقدان الشهية""]",1,1,1,0.850,"[""llama-3.1-8b-instant""]",previous_user_extraction
ent_diseasecondition_9719230327a2,فقر الدم,فقر الدم,DiseaseCondition,"[""انيميا الفول (G6PD)"", ""فقر الدم""]",48,24,15,0.808,"[""llama-3.1-8b-instant""]",new_user_extraction
ent_diseasecondition_b418acce4fb2,فقر الدم المنجلي,فقر الدم المنجلي,DiseaseCondition,"[""فقر الدم"", ""فقر الدم المنجلي""]",1,1,1,0.950,"[""llama-3.1-8b-instant""]",new_user_extraction
ent_diseasecondition_99d821e71fc1,فقر دم,فقر دم,DiseaseCondition,"[""فقر دم""]",2,2,2,0.850,"[""llama-3.1-8b-instant"", ""llama-3.3-70b-versatile""]",previous_user_extraction
ent_diseasecondition_56b595f8a1f5,فيروس الكبد الوبائي,فيروس الكبد الوبايي,DiseaseCondition,"[""فيروس الكبد"", ""فيروس الكبد الوبائي""]",1,1,1,0.850,"[""llama-3.1-8b-instant""]",previous_user_extraction
ent_diseasecondition_780d3bf613f5,قرحة,قرحه,DiseaseCondition,"[""قرحة""]",2,1,1,0.850,"[""llama-3.1-8b-instant""]",previous_user_extraction
ent_diseasecondition_26e92983acdd,قرحة المعدة,قرحه المعده,DiseaseCondition,"[""قرحة"", ""قرحة المعدة""]",1,1,1,0.950,"[""llama-3.1-8b-instant""]",previous_user_extraction
ent_diseasecondition_02f1ee13cca6,قولون عصبى,قولون عصبي,DiseaseCondition,"[""قولون العصبي"", ""قولون تقرحي"", ""قولون عصبي""]",5,5,3,0.910,"[""llama-3.1-8b-instant""]",previous_user_extraction
ent_diseasecondition_63c6ebfcb439,كسر,كسر,DiseaseCondition,"[""كسر""]",1,1,1,0.950,"[""llama-3.1-8b-instant""]",previous_user_extraction
ent_diseasecondition_050f0f4f890b,كسل بالغدة الدرقية,كسل بالغده الدرقيه,DiseaseCondition,"[""كسل بالغدة الدرقية""]",1,1,1,0.850,"[""llama-3.1-8b-instant""]",previous_user_extraction
ent_diseasecondition_677ee50113db,كلسترول,كلسترول,DiseaseCondition,"[""كلسترول""]",1,1,1,0.850,"[""llama-3.1-8b-instant""]",previous_user_extraction
ent_diseasecondition_304bdda1e242,كيس الشعر,كيس الشعر,DiseaseCondition,"[""كيس الشعر""]",1,1,1,0.850,"[""llama-3.1-8b-instant""]",previous_user_extraction
ent_diseasecondition_c69cb31e8329,كيس دهني,كيس دهني,DiseaseCondition,"[""كيس دهني""]",1,1,1,0.950,"[""llama-3.1-8b-instant""]",previous_user_extraction
ent_diseasecondition_3a654f2d937a,متلازمة Chiari,متلازمه chiari,DiseaseCondition,"[""متلازمة Chiari""]",1,1,1,0.850,"[""llama-3.1-8b-instant""]",previous_user_extraction
ent_diseasecondition_d489c6c854f4,متلازمة خلية منجلية,متلازمه خليه منجليه,DiseaseCondition,"[""متلازمة"", ""متلازمة خلية منجلية""]",1,1,1,0.950,"[""llama-3.1-8b-instant""]",previous_user_extraction
ent_diseasecondition_0cbdd73555ae,متلازمة داون,متلازمه داون,DiseaseCondition,"[""ارتكاريا"", ""التهاب"", ""حساسية الصدر"", ""داء بازيديو"", ""ربو"", ""متلازمة داون"", ""نزلة معوية""]",4,4,4,0.875,"[""llama-3.1-8b-instant""]",new_user_extraction
ent_diseasecondition_4b1ef800ffb3,متلازمة فالدنستروم,متلازمه فالدنستروم,DiseaseCondition,"[""متلازمة فالدنستروم""]",1,1,1,0.950,"[""llama-3.1-8b-instant""]",previous_user_extraction
ent_diseasecondition_9474eb6ce292,متلازمة كريغلر نجار,متلازمه كريغلر نجار,DiseaseCondition,"[""كريغلر نجار"", ""متلازمة كريغلر"", ""متلازمة كريغلر نجار""]",1,1,1,0.950,"[""llama-3.1-8b-instant""]",new_user_extraction
ent_diseasecondition_a7e5e3f0d48d,متلازمة كلاينفلتر,متلازمه كلاينفلتر,DiseaseCondition,"[""متلازمة كلاينفلتر""]",4,3,3,0.875,"[""llama-3.1-8b-instant""]",new_user_extraction
ent_diseasecondition_4105b513caa4,متلازمة نونان,متلازمه نونان,DiseaseCondition,"[""متلازمة نونان""]",2,1,1,0.850,"[""llama-3.1-8b-instant""]",new_user_extraction
ent_diseasecondition_1cf9e9ad33b1,مرارة,مراره,DiseaseCondition,"[""مرارة""]",1,1,1,0.850,"[""llama-3.1-8b-instant""]",new_user_extraction
ent_diseasecondition_7e6a6c8a61a0,مرض الرنح الوراثي,مرض الرنح الوراثي,DiseaseCondition,"[""مرض الرنح الوراثي""]",2,1,1,0.850,"[""llama-3.1-8b-instant""]",new_user_extraction
ent_diseasecondition_380db6d92562,مرض السكري,مرض السكري,DiseaseCondition,"[""السكري"", ""سكري"", ""مرض السكرى""]",10,10,6,0.910,"[""llama-3.1-8b-instant"", ""llama-3.3-70b-versatile""]",previous_user_extraction
ent_diseasecondition_22348d970227,مرض الغدة الدرقية,مرض الغده الدرقيه,DiseaseCondition,"[""حساسية الصدر"", ""مرض الغدة الدرقية""]",2,1,1,0.950,"[""llama-3.1-8b-instant""]",previous_user_extraction
ent_diseasecondition_ec21128d3ddc,مرض بكاء القطة,مرض بكاء القطه,DiseaseCondition,"[""مرض بكاء القطة""]",1,1,1,0.850,"[""llama-3.1-8b-instant""]",new_user_extraction
ent_diseasecondition_09dfb160ec9a,مرض جريفز,مرض جريفز,DiseaseCondition,"[""اضطرابات المناعة الذاتية الوراثية"", ""مرض جريفز""]",1,1,1,0.950,"[""llama-3.1-8b-instant""]",previous_user_extraction
ent_diseasecondition_1f4ad1fc407f,ملاريا,ملاريا,DiseaseCondition,"[""فقدان الشهية والرغبة في الاستفراغ"", ""ملاريا""]",1,1,1,0.850,"[""llama-3.1-8b-instant""]",previous_user_extraction
ent_diseasecondition_e33658f424f6,ملازمة داون,ملازمه داون,DiseaseCondition,"[""ملازمة داون""]",1,1,1,0.850,"[""llama-3.1-8b-instant""]",previous_user_extraction
ent_diseasecondition_007646f95e3a,ناسور,ناسور,DiseaseCondition,"[""ناسور""]",1,1,1,0.850,"[""llama-3.1-8b-instant""]",new_user_extraction
ent_diseasecondition_c294dde65052,نزلة معوية,نزله معويه,DiseaseCondition,"[""ارتكاريا"", ""التهاب"", ""حساسية"", ""حساسية الصدر"", ""ربو"", ""نزلة معوية""]",3,3,3,0.850,"[""llama-3.1-8b-instant"", ""llama-3.3-70b-versatile""]",previous_user_extraction
ent_diseasecondition_e7ca942c5236,نزيف بسيط,نزيف بسيط,DiseaseCondition,"[""نزيف بسيط""]",1,1,1,0.950,"[""llama-3.1-8b-instant""]",previous_user_extraction
ent_diseasecondition_532f5db9617f,نشاط الغدة الدرقية,نشاط الغده الدرقيه,DiseaseCondition,"[""نشاط الدرقية"", ""نشاط الغدة الدرقية""]",1,1,1,0.950,"[""llama-3.1-8b-instant""]",previous_user_extraction
ent_diseasecondition_d17807bf385c,نقص البروتينات,نقص البروتينات,DiseaseCondition,"[""الأنيميا"", ""نقص البروتينات"", ""نقص الحديد""]",1,1,1,0.850,"[""llama-3.1-8b-instant""]",new_user_extraction
ent_diseasecondition_ddc87069534f,نقص الحليب,نقص الحليب,DiseaseCondition,"[""نقص الحليب""]",1,1,1,0.850,"[""llama-3.1-8b-instant""]",previous_user_extraction
ent_diseasecondition_3d19d6125641,نقص الصفيحات,نقص الصفيحات,DiseaseCondition,"[""نقص الصفيحات"", ""نقص الصفيحات الدموية""]",1,1,1,0.850,"[""llama-3.1-8b-instant""]",previous_user_extraction
ent_diseasecondition_dc66fee46819,نقص الكريات البيضاء,نقص الكريات البيضاء,DiseaseCondition,"[""نقص الكريات البيضاء""]",1,1,1,0.850,"[""llama-3.1-8b-instant""]",previous_user_extraction
ent_diseasecondition_5fea51591b68,نقص بحجم الثدي,نقص بحجم الثدي,DiseaseCondition,"[""نقص بحجم الثدي"", ""نقص بحجم الثدي الايمن""]",1,1,1,0.850,"[""llama-3.1-8b-instant""]",previous_user_extraction
ent_diseasecondition_b36e8e3eea0d,نقص بقتامين د,نقص بقتامين د,DiseaseCondition,"[""نقص بقتامين د""]",1,1,1,0.850,"[""llama-3.1-8b-instant""]",previous_user_extraction
ent_diseasecondition_6116bf50d3f1,نقص حديد,نقص حديد,DiseaseCondition,"[""نقص حديد""]",1,1,1,0.850,"[""llama-3.1-8b-instant""]",previous_user_extraction
ent_diseasecondition_1b4cda592c0e,نقص فيتامين,نقص فيتامين,DiseaseCondition,"[""نقص فيتامين""]",2,2,1,0.850,"[""llama-3.1-8b-instant""]",previous_user_extraction
ent_diseasecondition_74be32fb7f24,نقص فيتامين د,نقص فيتامين د,DiseaseCondition,"[""نقص فيتامين د""]",1,1,1,0.850,"[""llama-3.1-8b-instant""]",previous_user_extraction
ent_diseasecondition_21962ce71aec,نقص هرمونات,نقص هرمونات,DiseaseCondition,"[""نقص هرمون"", ""نقص هرمونات""]",1,1,1,0.950,"[""llama-3.1-8b-instant""]",previous_user_extraction
ent_diseasecondition_bc2bdd95ae64,ورم,ورم,DiseaseCondition,"[""ورم""]",5,5,2,0.850,"[""llama-3.1-8b-instant""]",new_user_extraction
ent_symptom_5774b0592a02,Fshl Klowi,fshl klowi,Symptom,"[""Failing Kidneys"", ""Fshl Klowi""]",1,1,1,0.850,"[""llama-3.1-8b-instant""]",previous_user_extraction
ent_symptom_5a4646c01c0e,اختلال وظائف الكبد,اختلال وظايف الكبد,Symptom,"[""اختلال وظائف الكبد""]",1,1,1,0.950,"[""llama-3.1-8b-instant""]",previous_user_extraction
ent_symptom_a3c00de774da,ارتجاف,ارتجاف,Symptom,"[""ارتجاف""]",1,1,1,0.950,"[""llama-3.1-8b-instant""]",previous_user_extraction
ent_symptom_f6203734ffc7,ارتفاع خضاب الدم,ارتفاع خضاب الدم,Symptom,"[""ارتفاع خضاب الدم""]",1,1,1,0.850,"[""llama-3.1-8b-instant""]",previous_user_extraction
ent_symptom_fca11f2984f5,إسهال,اسهال,Symptom,"[""إسهال""]",2,1,1,0.850,"[""llama-3.1-8b-instant""]",previous_user_extraction
ent_symptom_98ced8571764,الاحساس بوجود هواء,الاحساس بوجود هواء,Symptom,"[""الاحساس بوجود هواء"", ""بلغم"", ""تعب"", ""حكة"", ""سعال"", ""صداع"", ""ضيق تنفس""]",1,1,1,0.850,"[""llama-3.1-8b-instant""]",previous_user_extraction
ent_symptom_df22c3f1a6e7,الارتداد المريئ,الارتداد المريي,Symptom,"[""الارتداد المريئ""]",1,1,1,0.850,"[""llama-3.1-8b-instant""]",previous_user_extraction
ent_symptom_93828ade2cbe,الارتكاريا,الارتكاريا,Symptom,"[""ارتكاريا"", ""الارتكاريا"", ""حكه""]",2,2,1,0.900,"[""llama-3.3-70b-versatile""]",previous_user_extraction
ent_symptom_3ab5bd868858,الارهاق,الارهاق,Symptom,"[""الارهاق"", ""التوتر والارهاق والقلق""]",1,1,1,0.850,"[""llama-3.1-8b-instant""]",previous_user_extraction
ent_symptom_c78812eeadda,الاصفرار,الاصفرار,Symptom,"[""yellowing"", ""الاصفرار""]",1,1,1,0.850,"[""llama-3.1-8b-instant""]",previous_user_extraction
ent_symptom_759403abc54c,الإغماء,الاغماء,Symptom,"[""الإغماء""]",1,1,1,0.900,"[""llama-3.1-8b-instant""]",previous_user_extraction
ent_symptom_d89240a33051,الافرازات,الافرازات,Symptom,"[""افرازات"", ""افرازات خضراء"", ""الافرازات""]",4,4,3,0.863,"[""llama-3.1-8b-instant""]",new_user_extraction
ent_symptom_ad0da68fc73f,الالم,الالم,Symptom,"[""الالم""]",1,1,1,0.850,"[""llama-3.1-8b-instant""]",previous_user_extraction
ent_symptom_249d07021a1b,آلام,الام,Symptom,"[""آلام"", ""الآلام""]",2,2,2,0.850,"[""llama-3.1-8b-instant""]",new_user_extraction
ent_symptom_a995c615670f,الام البطن,الام البطن,Symptom,"[""الام البطن""]",1,1,1,0.850,"[""llama-3.1-8b-instant""]",previous_user_extraction
ent_symptom_6a2fcaf793eb,الام عند الإخراج,الام عند الاخراج,Symptom,"[""الام عند الإخراج""]",1,1,1,0.850,"[""llama-3.1-8b-instant""]",previous_user_extraction
ent_symptom_2473c72084ae,الامتلاء,الامتلاء,Symptom,"[""الامتلاء""]",1,1,1,0.850,"[""llama-3.1-8b-instant""]",previous_user_extraction
ent_symptom_20be964a4d5c,الانتان,الانتان,Symptom,"[""الانتان""]",1,1,1,0.850,"[""llama-3.1-8b-instant""]",new_user_extraction
ent_symptom_a9f0b25807d2,الانتفاخ,الانتفاخ,Symptom,"[""الانتفاخ""]",1,1,1,0.850,"[""llama-3.1-8b-instant""]",previous_user_extraction
ent_symptom_9731436c9bf9,الانين,الانين,Symptom,"[""الانين""]",1,1,1,0.850,"[""llama-3.1-8b-instant""]",previous_user_extraction
ent_symptom_496829ff3f53,البراز,البراز,Symptom,"[""البراز""]",7,6,3,0.850,"[""llama-3.1-8b-instant""]",new_user_extraction
ent_symptom_cdf7db203339,البلغم,البلغم,Symptom,"[""البلغم"", ""مخاط""]",1,1,1,0.850,"[""llama-3.1-8b-instant""]",previous_user_extraction
ent_symptom_215297000d7a,التدخين,التدخين,Symptom,"[""التدخين"", ""تدخين""]",1,1,1,0.850,"[""llama-3.1-8b-instant""]",previous_user_extraction
ent_symptom_e2d3b3389af6,التصاق,التصاق,Symptom,"[""التصاق"", ""تصاق""]",1,1,1,0.850,"[""llama-3.1-8b-instant""]",previous_user_extraction
ent_symptom_268a0d637f96,التهديد بالإجهاض,التهديد بالاجهاض,Symptom,"[""التهديد بالإجهاض""]",1,1,1,0.950,"[""llama-3.1-8b-instant""]",previous_user_extraction
ent_symptom_6e02a9cc4e27,التوتر,التوتر,Symptom,"[""التوتر"", ""التوتر والارهاق والقلق""]",1,1,1,0.850,"[""llama-3.1-8b-instant""]",previous_user_extraction
ent_symptom_8dbc08affae1,الجنين,الجنين,Symptom,"[""الجنين""]",1,1,1,0.850,"[""llama-3.1-8b-instant""]",previous_user_extraction
ent_symptom_3600b8bcb53e,الجوع,الجوع,Symptom,"[""الجوع"", ""شعور بالجوع""]",1,1,1,0.850,"[""llama-3.1-8b-instant""]",previous_user_extraction
ent_symptom_8837f8fd35f4,الجيب اللثوي,الجيب اللثوي,Symptom,"[""الجيب اللثوي""]",1,1,1,0.850,"[""llama-3.1-8b-instant""]",previous_user_extraction
ent_symptom_6ff36e848606,الحادِث الوِعائيٌّ الدِمَاغِيّ,الحادث الوعايي الدماغي,Symptom,"[""الحادِث الوِعائيٌّ الدِمَاغِيّ"", ""حادث وعائي دماغي""]",1,1,1,0.850,"[""llama-3.1-8b-instant""]",previous_user_extraction
ent_symptom_57992c2ef292,الحال,الحال,Symptom,"[""الحال""]",2,2,1,0.850,"[""llama-3.1-8b-instant""]",previous_user_extraction
ent_symptom_fdb2085491d0,الحال بالمرديدين,الحال بالمرديدين,Symptom,"[""الحال بالمرديدين""]",2,2,1,0.850,"[""llama-3.1-8b-instant""]",previous_user_extraction
ent_symptom_53abceeb016c,الحرق,الحرق,Symptom,"[""الحرق"", ""حريق""]",2,2,1,0.850,"[""llama-3.1-8b-instant""]",previous_user_extraction
ent_symptom_c0304ff8b723,الحروق,الحروق,Symptom,"[""الحروق""]",1,1,1,0.850,"[""llama-3.1-8b-instant""]",previous_user_extraction
ent_symptom_d0d35afb979b,الحساسية على الوسط التَبايُنِيّ,الحساسيه علي الوسط التبايني,Symptom,"[""الحساسية على الوسط التَبايُنِيّ"", ""حساسية على الوسط التبايني""]",1,1,1,0.850,"[""llama-3.1-8b-instant""]",previous_user_extraction
ent_symptom_d5ab0d06008b,الخراج,الخراج,Symptom,"[""الخراج""]",1,1,1,0.850,"[""llama-3.1-8b-instant""]",new_user_extraction
ent_symptom_800cfb42c0f8,الخريث,الخريث,Symptom,"[""الحصاصة"", ""الخريث""]",1,1,1,0.850,"[""llama-3.1-8b-instant""]",previous_user_extraction
ent_symptom_59d5c1de0b88,الدم,الدم,Symptom,"[""الدم""]",1,1,1,0.850,"[""llama-3.1-8b-instant""]",previous_user_extraction
ent_symptom_7448c22419cc,الدورة,الدوره,Symptom,"[""الدورة"", ""دورة"", ""دورة منتظمة""]",2,2,1,0.900,"[""llama-3.1-8b-instant""]",new_user_extraction
ent_symptom_4ee1ee88d9f2,الديدان الشريطية,الديدان الشريطيه,Symptom,"[""الديدان الشريطية""]",1,1,1,0.950,"[""llama-3.1-8b-instant""]",previous_user_extraction
ent_symptom_728fef77dd8e,الرائحة الكريهة,الرايحه الكريهه,Symptom,"[""الرائحة الكريهة""]",1,1,1,0.850,"[""llama-3.1-8b-instant""]",new_user_extraction
ent_symptom_c42bbeabdb83,الزراق,الزراق,Symptom,"[""الزراق"", ""ضيق تنفس"", ""نقص الاكسجين""]",1,1,1,0.850,"[""llama-3.1-8b-instant""]",previous_user_extraction
ent_symptom_a3feb585db14,السمنة,السمنه,Symptom,"[""السمنة""]",1,1,1,0.850,"[""llama-3.1-8b-instant""]",previous_user_extraction
ent_symptom_db192ff6d58b,الشرج,الشرج,Symptom,"[""الشرج""]",2,2,1,0.850,"[""llama-3.1-8b-instant""]",new_user_extraction
ent_symptom_4631a1e68acb,الصداع,الصداع,Symptom,"[""الصداع""]",1,1,1,0.950,"[""llama-3.1-8b-instant""]",new_user_extraction
ent_symptom_dedabaa302d4,الضيق,الضيق,Symptom,"[""الضيق""]",1,1,1,0.850,"[""llama-3.1-8b-instant""]",previous_user_extraction
ent_symptom_b5e5cc252e6a,الضيق التنفسي,الضيق التنفسي,Symptom,"[""الضيق التنفسي"", ""ضيق تنفس""]",7,7,1,0.700,"[""llama-3.1-8b-instant""]",previous_user_extraction
ent_symptom_544114d1fc6b,الغازات,الغازات,Symptom,"[""الغازات""]",3,3,3,0.850,"[""llama-3.1-8b-instant""]",previous_user_extraction
ent_symptom_044d4fd7c164,الفتحات,الفتحات,Symptom,"[""الفتحات""]",1,1,1,0.850,"[""llama-3.1-8b-instant""]",new_user_extraction
ent_symptom_7a8f19ee637f,الفتحة الشرجية,الفتحه الشرجيه,Symptom,"[""الفتحة الشرجية""]",1,1,1,0.850,"[""llama-3.1-8b-instant""]",new_user_extraction
ent_symptom_b7235324781b,القطع من الشعر,القطع من الشعر,Symptom,"[""القطع من الشعر""]",1,1,1,0.850,"[""llama-3.1-8b-instant""]",new_user_extraction
ent_symptom_38888a2188fe,القلق,القلق,Symptom,"[""التوتر والارهاق والقلق"", ""القلق"", ""قلق""]",3,3,3,0.850,"[""llama-3.1-8b-instant""]",previous_user_extraction
ent_symptom_0f8f2716b4d6,القولون,القولون,Symptom,"[""القولون""]",2,2,2,0.900,"[""llama-3.1-8b-instant""]",previous_user_extraction
ent_symptom_f9f21f627264,القولون العصبى,القولون العصبي,Symptom,"[""القولون العصبى""]",1,1,1,0.950,"[""llama-3.1-8b-instant""]",previous_user_extraction
ent_symptom_db012388d676,الكتف,الكتف,Symptom,"[""الكتف""]",1,1,1,0.850,"[""llama-3.1-8b-instant""]",previous_user_extraction
ent_symptom_c81532a33515,الم المعدجة,الم المعدجه,Symptom,"[""الم المعدجة"", ""الم في المعده""]",2,2,1,0.900,"[""llama-3.1-8b-instant""]",previous_user_extraction
ent_symptom_202dedeff038,ألم المفاصل,الم المفاصل,Symptom,"[""ألم المفاصل""]",2,1,1,0.900,"[""llama-3.3-70b-versatile""]",previous_user_extraction
ent_symptom_5af1ab49b9d7,الم في القلب,الم في القلب,Symptom,"[""الم في القلب""]",1,1,1,0.850,"[""llama-3.1-8b-instant""]",previous_user_extraction
ent_symptom_f28c266dc478,المضاعفات الوعائية,المضاعفات الوعاييه,Symptom,"[""المضاعفات الوعائية"", ""مضاعفات وعائية""]",1,1,1,0.850,"[""llama-3.1-8b-instant""]",previous_user_extraction
ent_symptom_4c83b1bd25ea,المغص,المغص,Symptom,"[""المغص"", ""المغص البطني""]",1,1,1,0.850,"[""llama-3.1-8b-instant""]",previous_user_extraction
ent_symptom_7b297d9851d1,الملابس,الملابس,Symptom,"[""الملابس"", ""كثرة الملابس""]",1,1,1,0.850,"[""llama-3.1-8b-instant""]",previous_user_extraction
ent_symptom_e276c7fd7e33,النزف,النزف,Symptom,"[""النزف""]",2,2,2,0.850,"[""llama-3.1-8b-instant""]",new_user_extraction
ent_symptom_a6a5150fee6f,النزلة,النزله,Symptom,"[""النزلة"", ""نزلة""]",2,2,2,0.900,"[""llama-3.1-8b-instant""]",previous_user_extraction
ent_symptom_23da4c61fd5e,النزيف,النزيف,Symptom,"[""النزيف""]",2,2,2,0.900,"[""llama-3.1-8b-instant""]",previous_user_extraction
ent_symptom_df03b3e7eef5,النفخ,النفخ,Symptom,"[""النفخ"", ""النفخ القلبي""]",1,1,1,0.850,"[""llama-3.1-8b-instant""]",previous_user_extraction
ent_symptom_19a4e01ad622,النقص الحاد,النقص الحاد,Symptom,"[""النقص"", ""النقص الحاد""]",1,1,1,0.950,"[""llama-3.1-8b-instant""]",previous_user_extraction
ent_symptom_cee2a1d85e2d,الوجع الشديد في الجنب اليمين,الوجع الشديد في الجنب اليمين,Symptom,"[""الوجع الشديد في الجنب"", ""الوجع الشديد في الجنب اليمين""]",1,1,1,0.850,"[""llama-3.1-8b-instant""]",previous_user_extraction
ent_symptom_5dc2556b8338,الوفاة,الوفاه,Symptom,"[""الوفاة"", ""وفاة""]",1,1,1,0.850,"[""llama-3.1-8b-instant""]",previous_user_extraction
ent_symptom_cfad97177de2,انتاصبي,انتاصبي,Symptom,"[""انتاصبي""]",1,1,1,0.850,"[""llama-3.1-8b-instant""]",new_user_extraction
ent_symptom_fd750eeb2865,انتفاخ,انتفاخ,Symptom,"[""انتفاخ"", ""انتفاخ بالوجه""]",1,1,1,0.850,"[""llama-3.1-8b-instant""]",previous_user_extraction
ent_symptom_068e7a65caa4,انفخ هواء,انفخ هواء,Symptom,"[""انفخ هواء"", ""بلغم"", ""تعب"", ""حكة"", ""سعال"", ""صداع"", ""ضيق تنفس""]",1,1,1,0.850,"[""llama-3.1-8b-instant""]",previous_user_extraction
ent_symptom_9510bd8242ac,انقطاع الطمث,انقطاع الطمث,Symptom,"[""انقطاع الدورة"", ""انقطاع الطمث""]",1,1,1,0.900,"[""llama-3.1-8b-instant""]",previous_user_extraction
ent_symptom_320d3e905b16,أوجاع العضلات,اوجاع العضلات,Symptom,"[""أوجاع العضلات""]",1,1,1,0.950,"[""llama-3.1-8b-instant""]",previous_user_extraction
ent_symptom_976231d5f27b,أوجاع المفاصل,اوجاع المفاصل,Symptom,"[""أوجاع المفاصل""]",1,1,1,0.950,"[""llama-3.1-8b-instant""]",previous_user_extraction
ent_symptom_9462c717910d,برودة الطقس,بروده الطقس,Symptom,"[""برودة الطقس""]",1,1,1,0.850,"[""llama-3.1-8b-instant""]",previous_user_extraction
ent_symptom_d76ebd36291e,برودة الماء,بروده الماء,Symptom,"[""برودة الماء""]",1,1,1,0.850,"[""llama-3.1-8b-instant""]",previous_user_extraction
ent_symptom_6910233b82fc,بروز في البطن,بروز في البطن,Symptom,"[""بروز في البطن""]",1,1,1,0.850,"[""llama-3.1-8b-instant""]",previous_user_extraction
ent_symptom_dc2c7333a505,بلغم,بلغم,Symptom,"[""بلغم""]",3,2,2,0.883,"[""llama-3.1-8b-instant"", ""llama-3.3-70b-versatile""]",previous_user_extraction
ent_symptom_3218dcecad3c,تشنجات,تشنجات,Symptom,"[""تشنجات""]",1,1,1,0.850,"[""llama-3.1-8b-instant""]",previous_user_extraction
ent_symptom_8d2e4253732b,تضخم في الارداف,تضخم في الارداف,Symptom,"[""تضخم"", ""تضخم في الارداف""]",1,1,1,0.850,"[""llama-3.1-8b-instant""]",previous_user_extraction
ent_symptom_28acc791e82d,تعب,تعب,Symptom,"[""تعب""]",2,2,2,0.900,"[""llama-3.1-8b-instant"", ""llama-3.3-70b-versatile""]",previous_user_extraction
ent_symptom_d48190970b2d,تنميل,تنميل,Symptom,"[""تنميل""]",1,1,1,0.950,"[""llama-3.1-8b-instant""]",previous_user_extraction
ent_symptom_1453763d6cd1,جحوظ العينين,جحوظ العينين,Symptom,"[""اعتلال عيني"", ""جحوظ العينين""]",1,1,1,0.950,"[""llama-3.1-8b-instant""]",new_user_extraction
ent_symptom_b95cf6be420d,جرثومة,جرثومه,Symptom,"[""جرثومة""]",1,1,1,0.950,"[""llama-3.1-8b-instant""]",previous_user_extraction
ent_symptom_1b6daac014be,حرقان,حرقان,Symptom,"[""حرقان""]",1,1,1,0.850,"[""llama-3.1-8b-instant""]",new_user_extraction
ent_symptom_ecf500c8beea,حرقه,حرقه,Symptom,"[""حرقه""]",1,1,1,0.950,"[""llama-3.1-8b-instant""]",previous_user_extraction
ent_symptom_fe424a778440,حصاصة,حصاصه,Symptom,"[""حصاصة""]",1,1,1,0.850,"[""llama-3.1-8b-instant""]",previous_user_extraction
ent_symptom_7cfc95737dc0,حكة,حكه,Symptom,"[""حكة""]",3,3,3,0.800,"[""llama-3.1-8b-instant"", ""llama-3.3-70b-versatile""]",previous_user_extraction
ent_symptom_fd47e672abb7,حلمة,حلمه,Symptom,"[""حلمة"", ""حلمة ثديي الايمن"", ""حلمة مسطحه""]",2,1,1,0.850,"[""llama-3.1-8b-instant""]",previous_user_extraction
ent_symptom_1a7b2eae066b,حموضة,حموضه,Symptom,"[""حموضة""]",2,2,2,0.850,"[""llama-3.1-8b-instant""]",previous_user_extraction
ent_symptom_018ebc11f6df,حمى,حمي,Symptom,"[""حمى""]",14,14,10,0.886,"[""llama-3.1-8b-instant""]",new_user_extraction
ent_symptom_0badae7bf340,حيلية الربو,حيليه الربو,Symptom,"[""حيلية الربو""]",1,1,1,0.850,"[""llama-3.1-8b-instant""]",previous_user_extraction
ent_symptom_1f6a3892391d,خفقان القلب,خفقان القلب,Symptom,"[""تسارع في ضربات القلب"", ""خفقان القلب""]",4,4,1,0.900,"[""llama-3.1-8b-instant""]",previous_user_extraction
ent_symptom_2623f9ed0078,دقات سريعة للقلب,دقات سريعه للقلب,Symptom,"[""دقات سريعة للقلب""]",1,1,1,0.850,"[""llama-3.1-8b-instant""]",previous_user_extraction
ent_symptom_396eca996b53,دم,دم,Symptom,"[""دم""]",2,1,1,0.700,"[""llama-3.1-8b-instant""]",previous_user_extraction
ent_symptom_ec53995c86ca,دوار,دوار,Symptom,"[""دوار""]",2,2,2,0.850,"[""llama-3.1-8b-instant""]",previous_user_extraction
ent_symptom_54003f56157a,دوار الحركة,دوار الحركه,Symptom,"[""دوار الحركة""]",1,1,1,0.850,"[""llama-3.1-8b-instant""]",previous_user_extraction
ent_symptom_15f699fd4691,دوائر حمراء,دواير حمراء,Symptom,"[""دوائر حمراء""]",1,1,1,0.850,"[""llama-3.3-70b-versatile""]",previous_user_extraction
ent_symptom_850b2a35c32d,دوخة,دوخه,Symptom,"[""دوخة""]",1,1,1,0.800,"[""llama-3.1-8b-instant""]",previous_user_extraction
ent_symptom_e9ec482600f1,راسي تقيل,راسي تقيل,Symptom,"[""راسي تقيل""]",1,1,1,0.850,"[""llama-3.1-8b-instant""]",previous_user_extraction
ent_symptom_1be733cac0ad,رجفان,رجفان,Symptom,"[""ارتخاء"", ""رجفان""]",1,1,1,0.850,"[""llama-3.1-8b-instant""]",new_user_extraction
ent_symptom_f4cf885a0447,سعال,سعال,Symptom,"[""بلغم"", ""سعال"", ""ضيق تنفس""]",8,8,8,0.825,"[""llama-3.1-8b-instant"", ""llama-3.3-70b-versatile""]",previous_user_extraction
ent_symptom_dbef79463d2f,سمنة,سمنه,Symptom,"[""سمنة""]",1,1,1,0.850,"[""llama-3.1-8b-instant""]",previous_user_extraction
ent_symptom_c411d2ed3083,سيلان الانف,سيلان الانف,Symptom,"[""سيلان الانف""]",1,1,1,0.950,"[""llama-3.1-8b-instant""]",previous_user_extraction
ent_symptom_5b879be56239,صبغات الشعر,صبغات الشعر,Symptom,"[""البرماننت"", ""صبغات الشعر""]",1,1,1,0.850,"[""llama-3.1-8b-instant""]",new_user_extraction
ent_symptom_b754f1a1e5a8,صداع,صداع,Symptom,"[""ألم"", ""ام حادة"", ""صداع"", ""صداع التوتري"", ""صداع القوي"", ""صداع في جنبي الرأس"", ""صداع قوي"", ""نض سريع""]",25,23,14,0.902,"[""llama-3.1-8b-instant"", ""llama-3.3-70b-versatile""]",previous_user_extraction
ent_symptom_c01e00eb5c72,صداع التوتر,صداع التوتر,Symptom,"[""صداع"", ""صداع التوتر""]",1,1,1,0.850,"[""llama-3.1-8b-instant""]",previous_user_extraction
ent_symptom_f35b829098f5,صمم,صمم,Symptom,"[""بكم"", ""صمم""]",1,1,1,0.850,"[""llama-3.1-8b-instant""]",new_user_extraction
ent_symptom_d713f64368d3,ضغط,ضغط,Symptom,"[""ضغط""]",3,3,3,0.850,"[""llama-3.1-8b-instant""]",previous_user_extraction
ent_symptom_724e59ded899,ضغط الدم,ضغط الدم,Symptom,"[""blood pressure"", ""ضغط"", ""ضغط الدم""]",11,11,2,0.923,"[""llama-3.1-8b-instant""]",previous_user_extraction
ent_symptom_7b839cc80688,ضيق تنفس,ضيق تنفس,Symptom,"[""بلغم"", ""سعال"", ""ضيق التنفس"", ""ضيق النفس"", ""ضيق بلتنفس"", ""ضيق تنفس"", ""ضيق نفس"", ""نفث""]",12,11,10,0.862,"[""llama-3.1-8b-instant"", ""llama-3.3-70b-versatile""]",previous_user_extraction
ent_symptom_ca6890d2fa81,غثيان,غثيان,Symptom,"[""دوخه"", ""غثيان""]",1,1,1,0.950,"[""llama-3.1-8b-instant""]",previous_user_extraction
ent_symptom_ddd751d759ff,فتحة الشرج,فتحه الشرج,Symptom,"[""فتحة"", ""فتحة الشرج""]",1,1,1,0.850,"[""llama-3.1-8b-instant""]",new_user_extraction
ent_symptom_c48c0df96785,فقدان الشهيه,فقدان الشهيه,Symptom,"[""فقدان الشهية""]",1,1,1,0.800,"[""llama-3.1-8b-instant""]",previous_user_extraction
ent_symptom_94e1fb05bddc,فقدان الشهية والرغبة في الاستفراغ,فقدان الشهيه والرغبه في الاستفراغ,Symptom,"[""فقدان الشهية والرغبة في الاستفراغ""]",1,1,1,0.850,"[""llama-3.1-8b-instant""]",previous_user_extraction
ent_symptom_1113453f7a36,فقدان الوعي,فقدان الوعي,Symptom,"[""فقدان الوعي"", ""نقص الوعي""]",1,1,1,0.950,"[""llama-3.1-8b-instant""]",previous_user_extraction
ent_symptom_d510acf78ae1,قرحة,قرحه,Symptom,"[""قرحة""]",1,1,1,0.950,"[""llama-3.1-8b-instant""]",previous_user_extraction
ent_symptom_f51ef98950a2,قلق,قلق,Symptom,"[""قلق""]",9,7,6,0.917,"[""llama-3.1-8b-instant""]",new_user_extraction
ent_symptom_7a79bce3a153,قيء,قيء,Symptom,"[""استفراغ"", ""تقيؤ"", ""قيء""]",3,3,3,0.917,"[""llama-3.1-8b-instant""]",previous_user_extraction
ent_symptom_7e128dee6510,كرات الدم البيضاء,كرات الدم البيضاء,Symptom,"[""خلايا المناعه"", ""كرات الدم البيضاء""]",1,1,1,0.950,"[""llama-3.1-8b-instant""]",previous_user_extraction
ent_symptom_170df8c18553,كيس,كيس,Symptom,"[""اللثة"", ""كيس""]",1,1,1,0.850,"[""llama-3.1-8b-instant""]",previous_user_extraction
ent_symptom_460951d9eb5e,ناسور مهبلي كولوني,ناسور مهبلي كولوني,Symptom,"[""ناسور مهبلي كولوني""]",1,1,1,0.950,"[""llama-3.1-8b-instant""]",previous_user_extraction
ent_symptom_ff3a8a841494,نبض,نبض,Symptom,"[""نبض"", ""نبض قلبه""]",1,1,1,0.850,"[""llama-3.1-8b-instant""]",previous_user_extraction
ent_symptom_19841fc2dc50,نبضات القلب,نبضات القلب,Symptom,"[""heartbeats"", ""نبضات القلب""]",6,6,1,0.700,"[""llama-3.1-8b-instant""]",previous_user_extraction
ent_symptom_b9ba6f86ab5a,نزف,نزف,Symptom,"[""نزف"", ""نزف بسيط""]",1,1,1,0.850,"[""llama-3.1-8b-instant""]",previous_user_extraction
ent_symptom_35638aceb970,نزول قطرات دماء مع البراز,نزول قطرات دماء مع البراز,Symptom,"[""نزول قطرات دماء مع البراز""]",1,1,1,0.800,"[""llama-3.1-8b-instant""]",previous_user_extraction
ent_symptom_66c2e60e8e52,نشفان,نشفان,Symptom,"[""نشفان""]",1,1,1,0.800,"[""llama-3.3-70b-versatile""]",previous_user_extraction
ent_symptom_7d2fce86bc12,نغزات,نغزات,Symptom,"[""نغزات""]",1,1,1,0.950,"[""llama-3.1-8b-instant""]",previous_user_extraction
ent_symptom_17b6202362ba,نفخ,نفخ,Symptom,"[""نفخ""]",1,1,1,0.850,"[""llama-3.1-8b-instant""]",previous_user_extraction
ent_symptom_2b9271490fdf,نوبات,نوبات,Symptom,"[""نوبات""]",2,2,1,0.850,"[""llama-3.1-8b-instant""]",previous_user_extraction
ent_symptom_871c0c5d659d,نوبة,نوبه,Symptom,"[""نوبات جزئية"", ""نوبات عامة"", ""نوبة""]",2,1,1,0.900,"[""llama-3.3-70b-versatile""]",previous_user_extraction
ent_symptom_1489f63a8622,هيشان الشعر,هيشان الشعر,Symptom,"[""هيشان الشعر""]",1,1,1,0.850,"[""llama-3.3-70b-versatile""]",previous_user_extraction
ent_symptom_42ad4acdebc5,وجع,وجع,Symptom,"[""وجع"", ""وجع بالجسم""]",2,2,2,0.775,"[""llama-3.1-8b-instant""]",previous_user_extraction
ent_test_d4c042551289,b12,b12,Test,"[""b12""]",1,1,1,0.950,"[""llama-3.1-8b-instant""]",previous_user_extraction
ent_test_eb10148e602f,CBC,cbc,Test,"[""CBC""]",2,2,2,0.900,"[""llama-3.1-8b-instant""]",previous_user_extraction
ent_test_f405aec80933,CBC التحليل الكامل للدم,cbc التحليل الكامل للدم,Test,"[""CBC التحليل الكامل للدم""]",1,1,1,0.950,"[""llama-3.1-8b-instant""]",previous_user_extraction
ent_test_4de9ec4d6aae,Colonoscopy,colonoscopy,Test,"[""Colonoscopy""]",1,1,1,0.850,"[""llama-3.1-8b-instant""]",previous_user_extraction
ent_test_6671498ee61b,CT-Scan,ct-scan,Test,"[""CT-Scan"", ""تصوير إشعاعي""]",1,1,1,0.950,"[""llama-3.1-8b-instant""]",previous_user_extraction
ent_test_7f9e855cef19,E.S.R.,e.s.r.,Test,"[""E.S.R.""]",1,1,1,0.850,"[""llama-3.1-8b-instant""]",previous_user_extraction
ent_test_9b953964df1c,ferritin,ferritin,Test,"[""ferritin""]",1,1,1,0.950,"[""llama-3.1-8b-instant""]",previous_user_extraction
ent_test_ec5c5ab52548,Genetics,genetics,Test,"[""Genetics""]",1,1,1,0.950,"[""llama-3.1-8b-instant""]",new_user_extraction
ent_test_3fe0e2d95531,Hb A1c,hb a1c,Test,"[""Hb A1c""]",1,1,1,0.950,"[""llama-3.1-8b-instant""]",previous_user_extraction
ent_test_a720c5e59e85,iron,iron,Test,"[""iron""]",1,1,1,0.950,"[""llama-3.1-8b-instant""]",previous_user_extraction
ent_test_2798b703f215,Mammoraphy,mammoraphy,Test,"[""Mammoraphy""]",1,1,1,0.950,"[""llama-3.1-8b-instant""]",new_user_extraction
ent_test_c23ae7861f48,MRI,mri,Test,"[""MRI""]",1,1,1,0.950,"[""llama-3.1-8b-instant""]",new_user_extraction
ent_test_5e03ff721a11,Protein,protein,Test,"[""Protein"", ""بروتين""]",1,1,1,0.700,"[""llama-3.1-8b-instant""]",previous_user_extraction
ent_test_ca6f7fce3808,PTH,pth,Test,"[""PTH"", ""parathyroid hormone""]",1,1,1,0.950,"[""llama-3.1-8b-instant""]",previous_user_extraction
ent_test_3f0d2e079b73,RAST Test,rast test,Test,"[""RAST Test""]",1,1,1,0.850,"[""llama-3.3-70b-versatile""]",previous_user_extraction
ent_test_53bf5ec72972,إسهال او إمساك,اسهال او امساك,Test,"[""إسهال او إمساك""]",1,1,1,0.850,"[""llama-3.1-8b-instant""]",previous_user_extraction
ent_test_c4cfd2d6468c,أشعة,اشعه,Test,"[""أشعة"", ""اشعة بالصبغة"", ""اشعة عادية"", ""تصوير إشعاعي""]",15,15,12,0.900,"[""llama-3.1-8b-instant""]",previous_user_extraction
ent_test_6f946fa998e8,اشعة تلفزيونية,اشعه تلفزيونيه,Test,"[""اشعة تلفزيونية""]",1,1,1,0.950,"[""llama-3.1-8b-instant""]",previous_user_extraction
ent_test_0a5df99d083d,البرولاكتين,البرولاكتين,Test,"[""البرولاكتين"", ""برولاكتين""]",1,1,1,0.850,"[""llama-3.1-8b-instant""]",new_user_extraction
ent_test_1c723cbf8db8,التجاوب الجيني,التجاوب الجيني,Test,"[""التجاوب الجيني""]",1,1,1,0.950,"[""llama-3.1-8b-instant""]",new_user_extraction
ent_test_5a6306a3755c,التحاليل,التحاليل,Test,"[""التحاليل""]",1,1,1,0.850,"[""llama-3.1-8b-instant""]",previous_user_extraction
ent_test_a8cf24723db9,التطعيمات,التطعيمات,Test,"[""التطعيم"", ""التطعيمات""]",1,1,1,0.950,"[""llama-3.1-8b-instant""]",previous_user_extraction
ent_test_789144e7ff3c,الثيحال الريوي,الثيحال الريوي,Test,"[""الثيحال الريوي""]",1,1,1,0.850,"[""llama-3.1-8b-instant""]",previous_user_extraction
ent_test_d990d9189fc6,الجلوكوز,الجلوكوز,Test,"[""الجلوكوز"", ""سكر الذرة"", ""سكر العنب""]",3,1,1,0.950,"[""llama-3.1-8b-instant""]",previous_user_extraction
ent_test_0e8b0f13e650,الجنين,الجنين,Test,"[""الجنين""]",2,2,1,0.850,"[""llama-3.1-8b-instant""]",previous_user_extraction
ent_test_51926b4c8cd0,الحيوانات المنوية,الحيوانات المنويه,Test,"[""الحيوانات المنوية"", ""حيوانات منوية""]",1,1,1,0.850,"[""llama-3.1-8b-instant""]",previous_user_extraction
ent_test_c087a4192739,الديم,الديم,Test,"[""الديم""]",1,1,1,0.850,"[""llama-3.1-8b-instant""]",previous_user_extraction
ent_test_b558db393b58,السونار,السونار,Test,"[""السونار"", ""سونار""]",4,4,2,0.875,"[""llama-3.1-8b-instant""]",new_user_extraction
ent_test_e668861db259,الصور الشعاعية,الصور الشعاعيه,Test,"[""الصور الشعاعية"", ""صور شعاعية""]",1,1,1,0.950,"[""llama-3.1-8b-instant""]",previous_user_extraction
ent_test_29134280ebfe,الغدة الجار درقية,الغده الجار درقيه,Test,"[""الغدة الجار درقية""]",1,1,1,0.850,"[""llama-3.1-8b-instant""]",previous_user_extraction
ent_test_c4ec2e232baf,الفحوصات المخبرية,الفحوصات المخبريه,Test,"[""الفحوصات"", ""الفحوصات المخبرية""]",1,1,1,0.850,"[""llama-3.1-8b-instant""]",previous_user_extraction
ent_test_27c861759100,القسطرة التشخيصية,القسطره التشخيصيه,Test,"[""القسطرة التشخيصية"", ""قسطرة تشخيصية""]",1,1,1,0.850,"[""llama-3.1-8b-instant""]",previous_user_extraction
ent_test_f65cef357cee,القولون,القولون,Test,"[""القولون""]",1,1,1,0.950,"[""llama-3.1-8b-instant""]",previous_user_extraction
ent_test_891e6b99157e,الكلية,الكليه,Test,"[""kidney"", ""الكلية""]",2,1,1,0.850,"[""llama-3.1-8b-instant""]",previous_user_extraction
ent_test_8c0ef281475a,المنظار,المنظار,Test,"[""المنظار""]",1,1,1,0.850,"[""llama-3.1-8b-instant""]",new_user_extraction
ent_test_4e95ccf90696,النسبة,النسبه,Test,"[""النسبة""]",2,2,2,0.850,"[""llama-3.1-8b-instant""]",previous_user_extraction
ent_test_234f794d532f,الهرمون,الهرمون,Test,"[""الهرمون""]",1,1,1,0.850,"[""llama-3.1-8b-instant""]",previous_user_extraction
ent_test_4b0183158a0f,إيكو,ايكو,Test,"[""إيكو""]",1,1,1,0.950,"[""llama-3.1-8b-instant""]",previous_user_extraction
ent_test_5b6be44fb944,بزل الصدر,بزل الصدر,Test,"[""بزل الصدر""]",1,1,1,0.850,"[""llama-3.1-8b-instant""]",previous_user_extraction
ent_test_98e84ed88318,بيليروبين,بيليروبين,Test,"[""bilirubin"", ""بيليروبين""]",1,1,1,0.850,"[""llama-3.1-8b-instant""]",previous_user_extraction
ent_test_fef71a173057,تحاليل,تحاليل,Test,"[""تحاليل"", ""تحاليل للكليسترول""]",1,1,1,0.850,"[""llama-3.1-8b-instant""]",previous_user_extraction
ent_test_dd68aa784555,تحاليل مخبرية,تحاليل مخبريه,Test,"[""تحاليل مخبرية"", ""تحليل العينات"", ""تحليل مخبري"", ""فحوصات جينية""]",39,39,33,0.891,"[""llama-3.1-8b-instant"", ""llama-3.3-70b-versatile""]",new_user_extraction
ent_test_645255369776,تحليل,تحليل,Test,"[""تحليل""]",1,1,1,0.950,"[""llama-3.1-8b-instant""]",previous_user_extraction
ent_test_263ea3437869,تحليل AMH,تحليل amh,Test,"[""تحليل AMH""]",1,1,1,0.950,"[""llama-3.1-8b-instant""]",previous_user_extraction
ent_test_b5a508fd355c,تحليل ASOT,تحليل asot,Test,"[""تحليل ASOT""]",1,1,1,0.950,"[""llama-3.1-8b-instant""]",previous_user_extraction
ent_test_12bbbe35b55f,تحليل ESR,تحليل esr,Test,"[""تحليل ESR""]",1,1,1,0.950,"[""llama-3.1-8b-instant""]",previous_user_extraction
ent_test_318437e6f4d2,تحليل التراكمي,تحليل التراكمي,Test,"[""تحليل التراكمي""]",1,1,1,0.950,"[""llama-3.1-8b-instant""]",previous_user_extraction
ent_test_797bce2de90f,تحليل الحديد,تحليل الحديد,Test,"[""تحليل الحديد""]",1,1,1,0.950,"[""llama-3.1-8b-instant""]",previous_user_extraction
ent_test_433492431144,تحليل الحساسية,تحليل الحساسيه,Test,"[""RAST Test"", ""تحاليل مخبرية"", ""تحليل الحساسية""]",14,14,14,0.854,"[""llama-3.1-8b-instant"", ""llama-3.3-70b-versatile""]",new_user_extraction
ent_test_8bda7a865308,تحليل السكر,تحليل السكر,Test,"[""تحليل السكر"", ""تحليل السكر التراكمى""]",1,1,1,0.950,"[""llama-3.1-8b-instant""]",previous_user_extraction
ent_test_3b671d46947b,تحليل الفيريتين,تحليل الفيريتين,Test,"[""تحليل الفيريتين""]",1,1,1,0.950,"[""llama-3.1-8b-instant""]",previous_user_extraction
ent_test_2dd05a8dc084,تحليل الكبد,تحليل الكبد,Test,"[""تحليل الكبد""]",1,1,1,0.950,"[""llama-3.1-8b-instant""]",previous_user_extraction
ent_test_cee0f03fdc31,تحليل براز,تحليل براز,Test,"[""تحليل براز""]",1,1,1,0.950,"[""llama-3.1-8b-instant""]",previous_user_extraction
ent_test_b7fc7b26bdd3,تحليل براز شامل,تحليل براز شامل,Test,"[""تحليل براز"", ""تحليل براز شامل""]",1,1,1,0.850,"[""llama-3.1-8b-instant""]",previous_user_extraction
ent_test_62f3f553cccf,تحليل بول,تحليل بول,Test,"[""تحليل بول""]",1,1,1,0.850,"[""llama-3.1-8b-instant""]",previous_user_extraction
ent_test_0ab51d1385e5,تحليل صائم,تحليل صايم,Test,"[""تحليل صائم""]",1,1,1,0.950,"[""llama-3.1-8b-instant""]",previous_user_extraction
ent_test_f6ff9119ed14,تصوير الجهاز البولي,تصوير الجهاز البولي,Test,"[""تصوير الجهاز البولي""]",1,1,1,0.850,"[""llama-3.1-8b-instant""]",previous_user_extraction
ent_test_ccfa39d8952e,تصوير بالرنين المغناطيسي,تصوير بالرنين المغناطيسي,Test,"[""تصوير بالرنين المغناطيسي""]",2,2,2,0.950,"[""llama-3.1-8b-instant""]",previous_user_extraction
ent_test_2fa028778221,تصوير بالموجات الفوق صوتية,تصوير بالموجات الفوق صوتيه,Test,"[""تصوير"", ""تصوير بالموجات الفوق صوتية""]",1,1,1,0.850,"[""llama-3.1-8b-instant""]",previous_user_extraction
ent_test_0deca3ec9d8b,تلفزيون قلب,تلفزيون قلب,Test,"[""تخطيط كهربائية القلب"", ""تلفزيون قلب""]",2,2,1,0.850,"[""llama-3.1-8b-instant""]",previous_user_extraction
ent_test_b9ffea8a3b3d,حمض اليوريك,حمض اليوريك,Test,"[""تحليل الحمض"", ""حمض اليوريك""]",1,1,1,0.850,"[""llama-3.1-8b-instant""]",new_user_extraction
ent_test_84971d541245,خصائي الاطفال,خصايي الاطفال,Test,"[""خصائي الاطفال""]",1,1,1,0.850,"[""llama-3.1-8b-instant""]",previous_user_extraction
ent_test_7633369aec20,رسم قلب,رسم قلب,Test,"[""تحليل الحساسية"", ""رسم قلب""]",1,1,1,0.850,"[""llama-3.1-8b-instant""]",previous_user_extraction
ent_test_e25254260950,سونار بطن وحوض مع انريمات الكبد,سونار بطن وحوض مع انريمات الكبد,Test,"[""سونار"", ""سونار بطن وحوض مع انريمات الكبد""]",1,1,1,0.850,"[""llama-3.1-8b-instant""]",previous_user_extraction
ent_test_c0d07b06fcff,صورة دم,صوره دم,Test,"[""صورة دم""]",1,1,1,0.950,"[""llama-3.1-8b-instant""]",previous_user_extraction
ent_test_f1846b201f26,فحص,فحص,Test,"[""فحص""]",7,7,4,0.850,"[""llama-3.1-8b-instant""]",new_user_extraction
ent_test_4a5bfa0ce9e5,فحص PCR,فحص pcr,Test,"[""فحص PCR""]",1,1,1,0.850,"[""llama-3.1-8b-instant""]",previous_user_extraction
ent_test_8a5c3e905acb,فحص البطن بالسونار,فحص البطن بالسونار,Test,"[""فحص البطن بالسونار""]",1,1,1,0.850,"[""llama-3.1-8b-instant""]",previous_user_extraction
ent_test_e2d8cff80977,فحص الثالاسيميا,فحص الثالاسيميا,Test,"[""فحص الثالاسيميا""]",1,1,1,0.850,"[""llama-3.1-8b-instant""]",new_user_extraction
ent_test_2b2550da4a44,فحص الجرثومة الحلزونية,فحص الجرثومه الحلزونيه,Test,"[""تحاليل مخبرية"", ""فحص الجرثومة الحلزونية""]",1,1,1,0.900,"[""llama-3.1-8b-instant""]",previous_user_extraction
ent_test_4ea4666752c1,فحص الدم,فحص الدم,Test,"[""فحص الدم""]",3,3,3,0.883,"[""llama-3.1-8b-instant""]",new_user_extraction
ent_test_2a7adb523ba9,فحص الدنا,فحص الدنا,Test,"[""فحص الدنا""]",1,1,1,0.950,"[""llama-3.1-8b-instant""]",new_user_extraction
ent_test_276b644175b4,فحص السكر,فحص السكر,Test,"[""فحص السكر""]",1,1,1,0.850,"[""llama-3.1-8b-instant""]",previous_user_extraction
ent_test_6dcf66b68de3,فحص الفقرات العنقية,فحص الفقرات العنقيه,Test,"[""فحص الفقرات العنقية""]",1,1,1,0.950,"[""llama-3.1-8b-instant""]",previous_user_extraction
ent_test_65516c9fb04d,فحص الكروموسومات,فحص الكروموسومات,Test,"[""فحص الكروموسومات""]",1,1,1,0.950,"[""llama-3.1-8b-instant""]",new_user_extraction
ent_test_a114227d4326,فحص بول,فحص بول,Test,"[""فحص بول"", ""فحص بول الطبي""]",1,1,1,0.900,"[""llama-3.1-8b-instant""]",new_user_extraction
ent_test_8dfa1780f518,فحص تحاليل مخبرية,فحص تحاليل مخبريه,Test,"[""فحص تحاليل مخبرية""]",1,1,1,0.850,"[""llama-3.1-8b-instant""]",previous_user_extraction
ent_test_2bc30376cec9,فحص حمل,فحص حمل,Test,"[""فحص حمل"", ""فحص حمل الطبي""]",1,1,1,0.950,"[""llama-3.1-8b-instant""]",new_user_extraction
ent_test_6cc18337a180,فحص دم للملاريا,فحص دم للملاريا,Test,"[""فحص دم للملاريا""]",1,1,1,0.850,"[""llama-3.1-8b-instant""]",previous_user_extraction
ent_test_4b193d00c85f,فحص زراعة البلغم,فحص زراعه البلغم,Test,"[""زراعة البلغم"", ""فحص زراعة البلغم""]",1,1,1,0.950,"[""llama-3.1-8b-instant""]",previous_user_extraction
ent_test_ce6fcb80c1fe,فحص سريري,فحص سريري,Test,"[""التقييم"", ""فحص سريري""]",3,3,3,0.850,"[""llama-3.1-8b-instant""]",previous_user_extraction
ent_test_9f3510d36e01,فحص طبي,فحص طبي,Test,"[""فحص طبي""]",1,1,1,0.850,"[""llama-3.1-8b-instant""]",previous_user_extraction
ent_test_d5c5c77ed56c,فحص مجموعات الدم,فحص مجموعات الدم,Test,"[""فحص مجموعات الدم""]",1,1,1,0.950,"[""llama-3.1-8b-instant""]",new_user_extraction
ent_test_db1175f121dc,فحص نخاع العظم,فحص نخاع العظم,Test,"[""فحص نخاع العظم""]",1,1,1,0.850,"[""llama-3.1-8b-instant""]",previous_user_extraction
ent_test_254b7361d764,فحوصات جينية,فحوصات جينيه,Test,"[""تحاليل جينية"", ""فحوصات جينية""]",3,3,1,0.950,"[""llama-3.1-8b-instant""]",new_user_extraction
ent_test_16c36b4a667c,فوسفاتاز قلوية,فوسفاتاز قلويه,Test,"[""alkaline phosphatase"", ""فوسفاتاز قلوية""]",1,1,1,0.850,"[""llama-3.1-8b-instant""]",previous_user_extraction
ent_test_c95d540d145b,قرص المعدة,قرص المعده,Test,"[""قرص المعدة""]",1,1,1,0.850,"[""llama-3.1-8b-instant""]",new_user_extraction
ent_test_53daf0bebd13,مفصل الكتف,مفصل الكتف,Test,"[""مفصل الكتف""]",1,1,1,0.950,"[""llama-3.1-8b-instant""]",previous_user_extraction
ent_test_425bad88e803,منظار,منظار,Test,"[""منظار""]",1,1,1,0.950,"[""llama-3.1-8b-instant""]",previous_user_extraction
ent_test_752d1924792a,نظرية الخلية,نظريه الخليه,Test,"[""نظرية الخلية""]",1,1,1,0.850,"[""llama-3.1-8b-instant""]",previous_user_extraction
ent_test_8b503c2dc54c,هيموغلوبين,هيموغلوبين,Test,"[""هيموغلوبين""]",1,1,1,0.850,"[""llama-3.1-8b-instant""]",previous_user_extraction
ent_treatment_7e88513b3bf7,Acetyl Salicylic Acid,acetyl salicylic acid,Treatment,"[""Acetyl Salicylic Acid""]",1,1,1,0.850,"[""llama-3.1-8b-instant""]",previous_user_extraction
ent_treatment_441dfb50ce30,AspicotK,aspicotk,Treatment,"[""AspicotK""]",1,1,1,0.850,"[""llama-3.1-8b-instant""]",previous_user_extraction
ent_treatment_b3c222de947d,Dabigatran,dabigatran,Treatment,"[""Dabigatran""]",1,1,1,0.850,"[""llama-3.1-8b-instant""]",previous_user_extraction
ent_treatment_183e85947f1d,Deyamethasone,deyamethasone,Treatment,"[""Deyamethasone""]",1,1,1,0.850,"[""llama-3.1-8b-instant""]",previous_user_extraction
ent_treatment_43dc015d2c81,euthyrox,euthyrox,Treatment,"[""euthyrox""]",1,1,1,0.850,"[""llama-3.1-8b-instant""]",previous_user_extraction
ent_treatment_f9afb64b4575,Euthyrox25,euthyrox25,Treatment,"[""Euthyrox25""]",1,1,1,0.950,"[""llama-3.1-8b-instant""]",previous_user_extraction
ent_treatment_3ca399102196,GLUCOVIG,glucovig,Treatment,"[""GLUCOVIG""]",1,1,1,0.950,"[""llama-3.1-8b-instant""]",previous_user_extraction
ent_treatment_9383f2419663,Hypersplenism,hypersplenism,Treatment,"[""Hyperspleenism"", ""Hypersplenism""]",1,1,1,0.950,"[""llama-3.1-8b-instant""]",previous_user_extraction
ent_treatment_318e308e2e2c,IVF,ivf,Treatment,"[""IVF""]",1,1,1,0.950,"[""llama-3.1-8b-instant""]",previous_user_extraction
ent_treatment_086608e650d2,Meddrat,meddrat,Treatment,"[""Meddrat"", ""Medications""]",1,1,1,0.950,"[""llama-3.1-8b-instant""]",previous_user_extraction
ent_treatment_4d680c503ac2,Radioactive Iodine,radioactive iodine,Treatment,"[""Iodine-131"", ""Radioactive Iodine""]",1,1,1,0.950,"[""llama-3.1-8b-instant""]",previous_user_extraction
ent_treatment_21722b3a3cbc,Tiroxine,tiroxine,Treatment,"[""T4"", ""Tiroxine""]",1,1,1,0.950,"[""llama-3.1-8b-instant""]",previous_user_extraction
ent_treatment_7197c00f491c,Vitamin D,vitamin d,Treatment,"[""Vit D"", ""Vitamin D""]",1,1,1,0.950,"[""llama-3.1-8b-instant""]",previous_user_extraction
ent_treatment_307befae7768,أبر جاهزة للحقن,ابر جاهزه للحقن,Treatment,"[""أبر جاهزة للحقن""]",1,1,1,0.850,"[""llama-3.1-8b-instant""]",previous_user_extraction
ent_treatment_cb5aeb58976f,أبيتنانت,ابيتنانت,Treatment,"[""أبيتنانت"", ""فيتامين""]",1,1,1,0.950,"[""llama-3.1-8b-instant""]",previous_user_extraction
ent_treatment_aec5dc2b9a06,إدخال أنبوب لشفط السائل,ادخال انبوب لشفط السايل,Treatment,"[""إدخال أنبوب لشفط السائل""]",1,1,1,0.850,"[""llama-3.1-8b-instant""]",new_user_extraction
ent_treatment_3a4c1a2bc0a9,ادوية الحديد,ادويه الحديد,Treatment,"[""ادوية الحديد""]",1,1,1,0.850,"[""llama-3.1-8b-instant""]",previous_user_extraction
ent_treatment_b036153000f8,أدوية بالفم,ادويه بالفم,Treatment,"[""أدوية بالفم""]",1,1,1,0.850,"[""llama-3.1-8b-instant""]",previous_user_extraction
ent_treatment_2f2176430a9c,استاتين,استاتين,Treatment,"[""استاتين"", ""استاتين 20 جرام""]",1,1,1,0.850,"[""llama-3.1-8b-instant""]",previous_user_extraction
ent_treatment_87021c384206,استئصال,استيصال,Treatment,"[""استئصال"", ""استئصال الفص""]",2,2,2,0.900,"[""llama-3.1-8b-instant""]",new_user_extraction
ent_treatment_d7c4801b256d,استئصال الإصبع السادسة,استيصال الاصبع السادسه,Treatment,"[""استئصال"", ""استئصال الإصبع السادسة""]",1,1,1,0.850,"[""llama-3.1-8b-instant""]",previous_user_extraction
ent_treatment_543034bf73f8,استئصال المرارة,استيصال المراره,Treatment,"[""استئصال المرارة"", ""استئصال المرارة الجراحي""]",1,1,1,0.950,"[""llama-3.1-8b-instant""]",previous_user_extraction
ent_treatment_59d5995c44cb,استئصال المرارة بالتنظير,استيصال المراره بالتنظير,Treatment,"[""استئصال المرارة"", ""استئصال المرارة بالتنظير""]",1,1,1,0.950,"[""llama-3.1-8b-instant""]",new_user_extraction
ent_treatment_cfd58ff106a6,افاستين,افاستين,Treatment,"[""افاستين""]",1,1,1,0.850,"[""llama-3.1-8b-instant""]",previous_user_extraction
ent_treatment_fd42eb263b89,اكليل الجبل,اكليل الجبل,Treatment,"[""اكليل الجبل""]",1,1,1,0.850,"[""llama-3.3-70b-versatile""]",previous_user_extraction
ent_treatment_3c3b0b18ce4a,الادوات,الادوات,Treatment,"[""الادوات""]",1,1,1,0.950,"[""llama-3.1-8b-instant""]",previous_user_extraction
ent_treatment_b333a867faf6,الأسبرين,الاسبرين,Treatment,"[""اسبرين"", ""الأسبرين"", ""الأسبرين + البلافيكس"", ""بيبي اسبرين""]",5,5,5,0.870,"[""llama-3.1-8b-instant""]",previous_user_extraction
ent_treatment_2622a2a540cb,الاستئصال الجراحي,الاستيصال الجراحي,Treatment,"[""الاستئصال الجراحي""]",1,1,1,0.850,"[""llama-3.1-8b-instant""]",previous_user_extraction
ent_treatment_f5972d4787bd,الأسماك الدهنية,الاسماك الدهنيه,Treatment,"[""الأسماك الدهنية""]",1,1,1,0.850,"[""llama-3.1-8b-instant""]",previous_user_extraction
ent_treatment_e10588af6bf0,الافطار,الافطار,Treatment,"[""الافطار"", ""حبوب او شوفان""]",1,1,1,0.850,"[""llama-3.1-8b-instant""]",previous_user_extraction
ent_treatment_621e99ad2c91,الاقاحات المضادة,الاقاحات المضاده,Treatment,"[""الاقاحات المضادة""]",1,1,1,0.950,"[""llama-3.1-8b-instant""]",previous_user_extraction
ent_treatment_839837a8561b,الاكثار من شرب الماء,الاكثار من شرب الماء,Treatment,"[""الاكثار من شرب الماء""]",1,1,1,0.850,"[""llama-3.1-8b-instant""]",previous_user_extraction
ent_treatment_103a7b1accd7,الامتناع عن اعطاء أي أطعمة أو سوائل عن طريق الفم,الامتناع عن اعطاء اي اطعمه او سوايل عن طريق الفم,Treatment,"[""الامتناع عن اعطاء أي أطعمة أو سوائل عن طريق الفم"", ""الامتناع عن تناول الطعام""]",1,1,1,0.950,"[""llama-3.1-8b-instant""]",previous_user_extraction
ent_treatment_b6802a79019a,الانجح,الانجح,Treatment,"[""الانجح""]",1,1,1,0.850,"[""llama-3.1-8b-instant""]",new_user_extraction
ent_treatment_9318db295dde,الاندرال,الاندرال,Treatment,"[""الاندرال"", ""اندرال""]",1,1,1,0.850,"[""llama-3.1-8b-instant""]",previous_user_extraction
ent_treatment_d24fa2f2a3ed,الانعاش,الانعاش,Treatment,"[""الانعاش"", ""التنفس الصناعي""]",1,1,1,0.850,"[""llama-3.1-8b-instant""]",previous_user_extraction
ent_treatment_ec4ebb2809d5,الانعاش القلبي,الانعاش القلبي,Treatment,"[""الانعاش القلبي""]",1,1,1,0.850,"[""llama-3.1-8b-instant""]",previous_user_extraction
ent_treatment_cd8907496d4c,الانعاش القلبي الرئوي,الانعاش القلبي الريوي,Treatment,"[""الانعاش القلبي الرئوي"", ""التنفس الصناعي""]",3,3,2,0.850,"[""llama-3.1-8b-instant""]",previous_user_extraction
ent_treatment_039793a12776,الايزوتريتينوين,الايزوتريتينوين,Treatment,"[""الايزوتريتينوين""]",1,1,1,0.950,"[""llama-3.3-70b-versatile""]",previous_user_extraction
ent_treatment_fc32e4036e25,البردقوش,البردقوش,Treatment,"[""البردقوش""]",2,2,2,0.850,"[""llama-3.3-70b-versatile""]",previous_user_extraction
ent_treatment_c93941cf1d98,البروفين,البروفين,Treatment,"[""البروفين""]",1,1,1,0.850,"[""llama-3.1-8b-instant""]",previous_user_extraction
ent_treatment_891f5d08fec8,البريمولوت ن,البريمولوت ن,Treatment,"[""البريمولوت ن""]",1,1,1,0.850,"[""llama-3.1-8b-instant""]",previous_user_extraction
ent_treatment_c91b15de897a,البقدونس,البقدونس,Treatment,"[""البقدونس""]",1,1,1,0.850,"[""llama-3.3-70b-versatile""]",previous_user_extraction
ent_treatment_42c56e38e1d1,البقوليات,البقوليات,Treatment,"[""البقوليات""]",2,2,2,0.900,"[""llama-3.1-8b-instant""]",new_user_extraction
ent_treatment_3677ba04b27f,التبرع بالدم,التبرع بالدم,Treatment,"[""التبرع"", ""التبرع بالدم""]",1,1,1,0.950,"[""llama-3.1-8b-instant""]",previous_user_extraction
ent_treatment_3fd682796ae8,التروكسين,التروكسين,Treatment,"[""التروكسين""]",1,1,1,0.900,"[""llama-3.1-8b-instant""]",previous_user_extraction
ent_treatment_16cc3b5ca3be,التشخيص المبكر,التشخيص المبكر,Treatment,"[""التشخيص المبكر""]",1,1,1,0.950,"[""llama-3.1-8b-instant""]",new_user_extraction
ent_treatment_451ebfb7cce2,التغذية,التغذيه,Treatment,"[""التغذية"", ""تغذية""]",1,1,1,0.750,"[""llama-3.1-8b-instant""]",previous_user_extraction
ent_treatment_f3a613a63534,التغذية بالأنبوب,التغذيه بالانبوب,Treatment,"[""أنبوب"", ""التغذية بالأنبوب"", ""تغذية بالأنبوب""]",1,1,1,0.850,"[""llama-3.1-8b-instant""]",previous_user_extraction
ent_treatment_02bcaecf1a7e,التفاح,التفاح,Treatment,"[""التفاح""]",1,1,1,0.850,"[""llama-3.1-8b-instant""]",previous_user_extraction
ent_treatment_48d78ab2fe1d,التفريش,التفريش,Treatment,"[""التفريش"", ""تفريش""]",1,1,1,0.800,"[""llama-3.1-8b-instant""]",previous_user_extraction
ent_treatment_ad98d6688d4a,التقيم,التقيم,Treatment,"[""الاخذ التاريخ"", ""التقيم""]",1,1,1,0.800,"[""llama-3.1-8b-instant""]",previous_user_extraction
ent_treatment_38ccbae05698,التلقيح الاصطناعي,التلقيح الاصطناعي,Treatment,"[""التلقيح الاصطناعي"", ""الحقن المجهري""]",1,1,1,0.850,"[""llama-3.1-8b-instant""]",previous_user_extraction
ent_treatment_73528964e41f,التوتر النفسي,التوتر النفسي,Treatment,"[""التوتر النفسي""]",1,1,1,0.950,"[""llama-3.1-8b-instant""]",previous_user_extraction
ent_treatment_0b31909dfb0f,الجراح,الجراح,Treatment,"[""الجراح""]",1,1,1,0.850,"[""llama-3.1-8b-instant""]",new_user_extraction
ent_treatment_e8807cc4d324,الجراحة,الجراحه,Treatment,"[""الجراحة""]",11,11,5,0.850,"[""llama-3.1-8b-instant""]",new_user_extraction
ent_treatment_5b2a681074cf,الجراحة التجميلية,الجراحه التجميليه,Treatment,"[""الجراحة التجميلية""]",1,1,1,0.850,"[""llama-3.3-70b-versatile""]",previous_user_extraction
ent_treatment_c50d03330a17,الجراحة العادية,الجراحه العاديه,Treatment,"[""الجراحة العادية""]",1,1,1,0.850,"[""llama-3.1-8b-instant""]",new_user_extraction
ent_treatment_06f93bf4dc11,الجرعات الثلاثه,الجرعات الثلاثه,Treatment,"[""الجرعات الثلاثه""]",1,1,1,0.950,"[""llama-3.1-8b-instant""]",previous_user_extraction
ent_treatment_574f7ec272a2,الجرعة,الجرعه,Treatment,"[""الجرعة"", ""جرعة""]",1,1,1,0.850,"[""llama-3.1-8b-instant""]",previous_user_extraction
ent_treatment_43cdb9f8f206,الجماع,الجماع,Treatment,"[""الجماع""]",1,1,1,0.950,"[""llama-3.1-8b-instant""]",previous_user_extraction
ent_treatment_f7646981eb0a,الجنين,الجنين,Treatment,"[""الجنين""]",2,2,1,0.850,"[""llama-3.1-8b-instant""]",previous_user_extraction
ent_treatment_d4184001686f,الجوارب,الجوارب,Treatment,"[""الجوارب""]",1,1,1,0.700,"[""llama-3.1-8b-instant""]",previous_user_extraction
ent_treatment_f60ee3a3269a,الجيب اللثوي,الجيب اللثوي,Treatment,"[""الجيب اللثوي""]",1,1,1,0.850,"[""llama-3.1-8b-instant""]",previous_user_extraction
ent_treatment_edb14dbd221a,الجينسينغ,الجينسينغ,Treatment,"[""الجينسينغ""]",1,1,1,0.850,"[""llama-3.1-8b-instant""]",previous_user_extraction
ent_treatment_3bca745f3196,الحبوب منع الحمل,الحبوب منع الحمل,Treatment,"[""الحبوب منع الحمل""]",1,1,1,0.850,"[""llama-3.1-8b-instant""]",previous_user_extraction
ent_treatment_db445915b47d,الحديد,الحديد,Treatment,"[""الحديد"", ""الفيتامين B12"", ""الفيتامين B6"", ""حمض الفوليك""]",1,1,1,0.850,"[""llama-3.1-8b-instant""]",previous_user_extraction
ent_treatment_9dc197352678,الحقنة,الحقنه,Treatment,"[""الحقنة"", ""حقنة""]",2,2,1,0.850,"[""llama-3.1-8b-instant""]",new_user_extraction
ent_treatment_244b888a742c,الحقنه الشرجيه,الحقنه الشرجيه,Treatment,"[""الحقنه الشرجيه""]",1,1,1,0.900,"[""llama-3.1-8b-instant""]",previous_user_extraction
ent_treatment_7b1221bb41a0,الحليب,الحليب,Treatment,"[""الحليب""]",1,1,1,0.850,"[""llama-3.1-8b-instant""]",previous_user_extraction
ent_treatment_8088896f8ff5,الخس,الخس,Treatment,"[""الخس""]",1,1,1,0.950,"[""llama-3.1-8b-instant""]",previous_user_extraction
ent_treatment_2b917ff56ac9,الخضار,الخضار,Treatment,"[""الخضار""]",1,1,1,0.850,"[""llama-3.1-8b-instant""]",previous_user_extraction
ent_treatment_336d0db8f267,الخضروات,الخضروات,Treatment,"[""الخضروات""]",1,1,1,0.950,"[""llama-3.1-8b-instant""]",previous_user_extraction
ent_treatment_1479a48d3d42,الدواء,الدواء,Treatment,"[""vitamin b complex"", ""الدواء"", ""دواء"", ""مضمضة الكلورهيكسيدين""]",4,4,3,0.850,"[""llama-3.1-8b-instant""]",previous_user_extraction
ent_treatment_ad7cdfd975f7,الدواد,الدواد,Treatment,"[""الدواد"", ""دواد"", ""دوادستون""]",1,1,1,0.900,"[""llama-3.1-8b-instant""]",new_user_extraction
ent_treatment_d017757dbf16,الدوخة,الدوخه,Treatment,"[""الدوخة""]",1,1,1,0.700,"[""llama-3.1-8b-instant""]",previous_user_extraction
ent_treatment_389c673b9b0c,الديم,الديم,Treatment,"[""الديم""]",1,1,1,0.850,"[""llama-3.1-8b-instant""]",previous_user_extraction
ent_treatment_cac5e95ddb77,الرضاعة,الرضاعه,Treatment,"[""الرضاعة"", ""رضاعة"", ""رضاعة الطبيعية""]",1,1,1,0.900,"[""llama-3.1-8b-instant""]",new_user_extraction
ent_treatment_aa15c31ba83e,الرضاعة الطبيعية,الرضاعه الطبيعيه,Treatment,"[""الرضاعة"", ""الرضاعة الطبيعية""]",1,1,1,0.850,"[""llama-3.1-8b-instant""]",previous_user_extraction
ent_treatment_0d20da4fd766,الروتيكسيماب,الروتيكسيماب,Treatment,"[""الروتيكسيماب"", ""روتيكزيماب""]",2,1,1,0.950,"[""llama-3.1-8b-instant""]",previous_user_extraction
ent_treatment_8f18706cd796,الرياضة,الرياضه,Treatment,"[""الرياضة""]",2,2,2,0.850,"[""llama-3.1-8b-instant"", ""llama-3.3-70b-versatile""]",previous_user_extraction
ent_treatment_639e625fe991,الزنجبيل,الزنجبيل,Treatment,"[""الزنجبيل""]",3,3,3,0.850,"[""llama-3.1-8b-instant"", ""llama-3.3-70b-versatile""]",previous_user_extraction
ent_treatment_9a34f0ba812d,السبع زيوت,السبع زيوت,Treatment,"[""السبع زيوت""]",1,1,1,0.850,"[""llama-3.1-8b-instant""]",previous_user_extraction
ent_treatment_b7e7fb09dd09,السوائل,السوايل,Treatment,"[""السوائل"", ""سوائل""]",2,2,2,0.900,"[""llama-3.1-8b-instant""]",previous_user_extraction
ent_treatment_7df0ceb5a906,السوائل والأملاح,السوايل والاملاح,Treatment,"[""السوائل والأملاح""]",1,1,1,0.900,"[""llama-3.1-8b-instant""]",previous_user_extraction
ent_treatment_477b80e9a19a,السيبروكسين,السيبروكسين,Treatment,"[""السيبروكسين""]",1,1,1,0.850,"[""llama-3.1-8b-instant""]",previous_user_extraction
ent_treatment_dcbc13cd571f,الشمس,الشمس,Treatment,"[""الشمس""]",1,1,1,0.950,"[""llama-3.1-8b-instant""]",previous_user_extraction
ent_treatment_06010a2495f7,الشمع,الشمع,Treatment,"[""الشمع""]",1,1,1,0.850,"[""llama-3.1-8b-instant""]",previous_user_extraction
ent_treatment_604cc35281be,الشوكولاته,الشوكولاته,Treatment,"[""الشوكولاته""]",1,1,1,0.850,"[""llama-3.1-8b-instant""]",previous_user_extraction
ent_treatment_fb3321acf9db,الصدمة الكهربائية,الصدمه الكهرباييه,Treatment,"[""الصدمة الكهربائية""]",1,1,1,0.850,"[""llama-3.1-8b-instant""]",previous_user_extraction
ent_treatment_d3e084a11b62,الصيام,الصيام,Treatment,"[""الصوم"", ""الصيام""]",1,1,1,0.850,"[""llama-3.1-8b-instant""]",previous_user_extraction
ent_treatment_c0535c998148,الضغط,الضغط,Treatment,"[""الضغط""]",1,1,1,0.850,"[""llama-3.1-8b-instant""]",previous_user_extraction
ent_treatment_450cbdcb87da,الطبيب,الطبيب,Treatment,"[""الطبيب"", ""طبيب""]",5,5,2,0.950,"[""llama-3.1-8b-instant""]",previous_user_extraction
ent_treatment_60ce765ad441,الطعام,الطعام,Treatment,"[""الطعام""]",2,2,2,0.850,"[""llama-3.1-8b-instant""]",new_user_extraction
ent_treatment_612c88f2b060,العدس,العدس,Treatment,"[""العدس""]",1,1,1,0.850,"[""llama-3.1-8b-instant""]",previous_user_extraction
ent_treatment_a0a8ee46502f,العقاقير,العقاقير,Treatment,"[""العقاقير"", ""المهدئات""]",1,1,1,0.850,"[""llama-3.1-8b-instant""]",previous_user_extraction
ent_treatment_b5d6db6d8c42,العقاقير المضادة للذهان,العقاقير المضاده للذهان,Treatment,"[""العقاقير المضادة للذهان"", ""عقاقير"", ""عقاقير مضادة للذهان""]",1,1,1,0.850,"[""llama-3.1-8b-instant""]",previous_user_extraction
ent_treatment_90baddc0bf15,العلاج,العلاج,Treatment,"[""العلاج""]",2,2,2,0.850,"[""llama-3.1-8b-instant""]",previous_user_extraction
ent_treatment_a8870316e46d,العلاج الجيني,العلاج الجيني,Treatment,"[""العلاج الجيني""]",1,1,1,0.850,"[""llama-3.1-8b-instant""]",new_user_extraction
ent_treatment_afbe4f3ae93f,العلاج الطبيعي,العلاج الطبيعي,Treatment,"[""العلاج الطبيعي""]",1,1,1,0.850,"[""llama-3.1-8b-instant""]",previous_user_extraction
ent_treatment_d4579cc2811c,العلاج المبكر,العلاج المبكر,Treatment,"[""العلاج المبكر""]",1,1,1,0.950,"[""llama-3.1-8b-instant""]",new_user_extraction
ent_treatment_e7f992c031a2,العلاج بالإبر الصينية,العلاج بالابر الصينيه,Treatment,"[""العلاج بالإبر الصينية""]",1,1,1,0.850,"[""llama-3.1-8b-instant""]",previous_user_extraction
ent_treatment_f4382c9333bb,العلاج بالجراحة,العلاج بالجراحه,Treatment,"[""العلاج بالجراحة""]",1,1,1,0.850,"[""llama-3.1-8b-instant""]",previous_user_extraction
ent_treatment_f5d29134c577,العلاج بالليزر,العلاج بالليزر,Treatment,"[""العلاج بالليزر""]",1,1,1,0.950,"[""llama-3.3-70b-versatile""]",previous_user_extraction
ent_treatment_4cc673f6d801,العمليات,العمليات,Treatment,"[""العمليات"", ""عملية""]",1,1,1,0.850,"[""llama-3.1-8b-instant""]",new_user_extraction
ent_treatment_2223a55c026b,العمليات القلبية المفتوحة,العمليات القلبيه المفتوحه,Treatment,"[""العمليات القلبية المفتوحة"", ""عمليات قلبية مفتوحة""]",1,1,1,0.850,"[""llama-3.1-8b-instant""]",previous_user_extraction
ent_treatment_b1d4f97c9093,الغذاء,الغذاء,Treatment,"[""الغذاء""]",1,1,1,0.850,"[""llama-3.1-8b-instant""]",new_user_extraction
ent_treatment_903a54038c7e,الفواكة,الفواكه,Treatment,"[""الفواكة""]",1,1,1,0.850,"[""llama-3.1-8b-instant""]",previous_user_extraction
ent_treatment_3142ddcc1955,الفياغرا,الفياغرا,Treatment,"[""الفياغرا""]",1,1,1,0.850,"[""llama-3.1-8b-instant""]",previous_user_extraction
ent_treatment_fe7b9cfab843,القات,القات,Treatment,"[""القات"", ""نبتة القات""]",1,1,1,0.850,"[""llama-3.1-8b-instant""]",previous_user_extraction
ent_treatment_895d0d591838,القرفة,القرفه,Treatment,"[""القرفة""]",1,1,1,0.850,"[""llama-3.3-70b-versatile""]",previous_user_extraction
ent_treatment_249018a21aa8,القهوة,القهوه,Treatment,"[""القهوة""]",2,2,2,0.850,"[""llama-3.1-8b-instant""]",previous_user_extraction
ent_treatment_9faa6531b364,الكحول,الكحول,Treatment,"[""الكحول""]",2,1,1,0.850,"[""llama-3.1-8b-instant""]",previous_user_extraction
ent_treatment_2cb98decc0ee,الكرفس,الكرفس,Treatment,"[""الكرفس""]",1,1,1,0.850,"[""llama-3.3-70b-versatile""]",previous_user_extraction
ent_treatment_550808b4296e,الكركم,الكركم,Treatment,"[""الكركم""]",1,1,1,0.850,"[""llama-3.3-70b-versatile""]",previous_user_extraction
ent_treatment_72d8094a3b43,الكورتيزون,الكورتيزون,Treatment,"[""الكورتيزون""]",1,1,1,0.850,"[""llama-3.1-8b-instant""]",previous_user_extraction
ent_treatment_acb8b834aff2,الكورتيزونات,الكورتيزونات,Treatment,"[""الكورتيزونات""]",1,1,1,0.850,"[""llama-3.1-8b-instant""]",previous_user_extraction
ent_treatment_ebd1b1d25da4,اللبانة,اللبانه,Treatment,"[""العلكة"", ""اللبانة""]",1,1,1,0.950,"[""llama-3.1-8b-instant""]",previous_user_extraction
ent_treatment_c8e54783a44f,اللحوم,اللحوم,Treatment,"[""اللحوم""]",2,2,2,0.850,"[""llama-3.1-8b-instant""]",previous_user_extraction
ent_treatment_6066173509fd,اللحوم الحمراء,اللحوم الحمراء,Treatment,"[""اللحوم الحمراء""]",1,1,1,0.850,"[""llama-3.1-8b-instant""]",previous_user_extraction
ent_treatment_df23e36cac5c,اللعب,اللعب,Treatment,"[""اللعب"", ""لعب""]",1,1,1,0.850,"[""llama-3.1-8b-instant""]",previous_user_extraction
ent_treatment_d5946e76d323,اللقاح,اللقاح,Treatment,"[""اللقاح"", ""لقاح""]",2,2,2,0.900,"[""llama-3.1-8b-instant""]",previous_user_extraction
ent_treatment_328b48423699,الماء,الماء,Treatment,"[""الماء"", ""ماء""]",2,2,2,0.900,"[""llama-3.1-8b-instant""]",previous_user_extraction
ent_treatment_546f9d2d4ff7,الماء المالح,الماء المالح,Treatment,"[""الماء المالح""]",1,1,1,0.850,"[""llama-3.1-8b-instant""]",previous_user_extraction
ent_treatment_7c53cf82f3c0,المخدر,المخدر,Treatment,"[""المخدر""]",1,1,1,0.850,"[""llama-3.1-8b-instant""]",previous_user_extraction
ent_treatment_f4876b0a4ac8,المراجعة الطبيب الأسنان,المراجعه الطبيب الاسنان,Treatment,"[""المراجعة الطبيب الأسنان"", ""المراجعة الطبيب الأسنان وطبيب أذنية""]",1,1,1,0.950,"[""llama-3.1-8b-instant""]",previous_user_extraction
ent_treatment_78a1987f97dc,المراجعة الطبيب المختص,المراجعه الطبيب المختص,Treatment,"[""المراجعة الطبيب المختص"", ""المراجعة الطبية""]",1,1,1,0.850,"[""llama-3.1-8b-instant""]",previous_user_extraction
ent_treatment_1623092039ad,المراجعة الطبية,المراجعه الطبيه,Treatment,"[""المراجعة الطبية""]",1,1,1,0.850,"[""llama-3.1-8b-instant""]",previous_user_extraction
ent_treatment_330cd62c6e95,المركز العلاجي,المركز العلاجي,Treatment,"[""المركز العلاجي"", ""مركز علاجي""]",1,1,1,0.850,"[""llama-3.1-8b-instant""]",previous_user_extraction
ent_treatment_e0aa28e35dcf,المسبكات,المسبكات,Treatment,"[""المسبكات""]",1,1,1,0.850,"[""llama-3.1-8b-instant""]",previous_user_extraction
ent_treatment_6d11b359c485,المضادات الحيوية,المضادات الحيويه,Treatment,"[""المضادات الحيوية""]",1,1,1,0.950,"[""llama-3.1-8b-instant""]",previous_user_extraction
ent_treatment_19641abdb8c6,المطاعيم,المطاعيم,Treatment,"[""المطاعيم""]",1,1,1,0.950,"[""llama-3.1-8b-instant""]",previous_user_extraction
ent_treatment_ba7ecc903fef,المنشط,المنشط,Treatment,"[""المنشط"", ""منشط""]",1,1,1,0.900,"[""llama-3.1-8b-instant""]",new_user_extraction
ent_treatment_b11ac938c370,المنشطات,المنشطات,Treatment,"[""المنشطات"", ""منشطات""]",1,1,1,0.850,"[""llama-3.1-8b-instant""]",new_user_extraction
ent_treatment_b792fc31b8bb,الميرمية,الميرميه,Treatment,"[""الميرمية""]",3,2,2,0.850,"[""llama-3.3-70b-versatile""]",previous_user_extraction
ent_treatment_a863bdbee4a8,الناسور,الناسور,Treatment,"[""الناسور"", ""عملية الناسور""]",1,1,1,0.850,"[""llama-3.1-8b-instant""]",new_user_extraction
ent_treatment_ab5802cc2c0c,النضاد الحيوي,النضاد الحيوي,Treatment,"[""النضاد الحيوي""]",1,1,1,0.850,"[""llama-3.1-8b-instant""]",previous_user_extraction
ent_treatment_3e73a7fa5fd8,النظافة,النظافه,Treatment,"[""النظافة""]",1,1,1,0.850,"[""llama-3.1-8b-instant""]",new_user_extraction
ent_treatment_948c17b9713d,النظافة اليومية,النظافه اليوميه,Treatment,"[""النظافة اليومية"", ""نظافة يومية""]",1,1,1,0.850,"[""llama-3.1-8b-instant""]",previous_user_extraction
ent_treatment_2b7b9daf7857,النظام الغذائي,النظام الغذايي,Treatment,"[""النظام الغذائي"", ""نظام غذائي"", ""نظام غذائي صحي""]",1,1,1,0.800,"[""llama-3.1-8b-instant""]",new_user_extraction
ent_treatment_328642ab84d2,النواقل,النواقل,Treatment,"[""النواقل""]",1,1,1,0.950,"[""llama-3.1-8b-instant""]",previous_user_extraction
ent_treatment_df97f5e24856,النوم جيداً,النوم جيدا,Treatment,"[""النوم جيداً""]",1,1,1,0.850,"[""llama-3.1-8b-instant""]",previous_user_extraction
ent_treatment_600c6e3d0578,النيكوتين,النيكوتين,Treatment,"[""النيكوتين""]",1,1,1,0.850,"[""llama-3.1-8b-instant""]",previous_user_extraction
ent_treatment_2c9d8c42194b,الوجبة الإفطار,الوجبه الافطار,Treatment,"[""الوجبة الإفطار""]",1,1,1,0.800,"[""llama-3.1-8b-instant""]",previous_user_extraction
ent_treatment_af639c3497d5,الورقيات,الورقيات,Treatment,"[""الورقيات""]",1,1,1,0.950,"[""llama-3.1-8b-instant""]",previous_user_extraction
ent_treatment_3dc810b3a199,انسلوين,انسلوين,Treatment,"[""انسلوين""]",1,1,1,0.950,"[""llama-3.1-8b-instant""]",new_user_extraction
ent_treatment_60057f719d6c,اورليستات,اورليستات,Treatment,"[""اورليستات""]",1,1,1,0.950,"[""llama-3.1-8b-instant""]",previous_user_extraction
ent_treatment_c97970fb458a,اوميبرازول,اوميبرازول,Treatment,"[""اوميبرازول""]",1,1,1,0.950,"[""llama-3.3-70b-versatile""]",previous_user_extraction
ent_treatment_7ec3afb9f532,أوميغا 3,اوميغا 3,Treatment,"[""أوميغا 3""]",1,1,1,0.850,"[""llama-3.1-8b-instant""]",previous_user_extraction
ent_treatment_90996a0e2d01,ايزومبرازول,ايزومبرازول,Treatment,"[""ايزومبرازول""]",1,1,1,0.850,"[""llama-3.1-8b-instant""]",previous_user_extraction
ent_treatment_91cb532e35c6,بابونج,بابونج,Treatment,"[""بابونج""]",2,1,1,0.950,"[""llama-3.3-70b-versatile""]",previous_user_extraction
ent_treatment_b64e6c3b8015,باراسيتامول,باراسيتامول,Treatment,"[""باراسيتامول""]",1,1,1,0.850,"[""llama-3.1-8b-instant""]",previous_user_extraction
ent_treatment_60ca8543b432,باريت,باريت,Treatment,"[""باريت"", ""ميتلوم""]",2,1,1,0.850,"[""llama-3.1-8b-instant""]",previous_user_extraction
ent_treatment_2466e618d2bf,باندول فولت فاست,باندول فولت فاست,Treatment,"[""باندول فولت فاست""]",1,1,1,0.850,"[""llama-3.1-8b-instant""]",previous_user_extraction
ent_treatment_34b849dbecc0,بخاخات الماء والملح,بخاخات الماء والملح,Treatment,"[""بخاخات الماء والملح""]",1,1,1,0.950,"[""llama-3.1-8b-instant""]",previous_user_extraction
ent_treatment_53d2565c0b22,برامج رقية,برامج رقيه,Treatment,"[""برامج رقية""]",1,1,1,0.850,"[""llama-3.1-8b-instant""]",previous_user_extraction
ent_treatment_d440760c4700,بروبايوتيك,بروبايوتيك,Treatment,"[""بروبايوتيك""]",1,1,1,0.950,"[""llama-3.1-8b-instant""]",previous_user_extraction
ent_treatment_8b9727a6ed45,بروفين,بروفين,Treatment,"[""بروفين""]",2,2,2,0.850,"[""llama-3.1-8b-instant""]",previous_user_extraction
ent_treatment_aca93e94c9d7,بريمارين,بريمارين,Treatment,"[""بريمارين""]",1,1,1,0.850,"[""llama-3.1-8b-instant""]",new_user_extraction
ent_treatment_02841a5b9786,بريمولوت ن,بريمولوت ن,Treatment,"[""بريمولوت ن""]",1,1,1,0.850,"[""llama-3.1-8b-instant""]",previous_user_extraction
ent_treatment_c2daec36c810,بكتيفلوكس,بكتيفلوكس,Treatment,"[""بكتيفلوكس""]",1,1,1,0.850,"[""llama-3.1-8b-instant""]",previous_user_extraction
ent_treatment_af4d4bb1722f,بلافكس,بلافكس,Treatment,"[""بلافكس""]",1,1,1,0.850,"[""llama-3.1-8b-instant""]",previous_user_extraction
ent_treatment_70be4452db30,بنسلين,بنسلين,Treatment,"[""بنسلين""]",1,1,1,0.850,"[""llama-3.3-70b-versatile""]",previous_user_extraction
ent_treatment_46930d71ed57,بنسيلين,بنسيلين,Treatment,"[""بنسيلين""]",1,1,1,0.950,"[""llama-3.1-8b-instant""]",previous_user_extraction
ent_treatment_5ea001fbe018,بيفاسيزوماب,بيفاسيزوماب,Treatment,"[""بيفاسيزوماب""]",1,1,1,0.850,"[""llama-3.1-8b-instant""]",previous_user_extraction
ent_treatment_b071e4a333a9,بيكربونات الصوديوم,بيكربونات الصوديوم,Treatment,"[""بيكربونات الصوديوم""]",1,1,1,0.850,"[""llama-3.1-8b-instant""]",previous_user_extraction
ent_treatment_8ace7e7f99fb,تاخدي,تاخدي,Treatment,"[""تاخدي""]",1,1,1,0.950,"[""llama-3.1-8b-instant""]",new_user_extraction
ent_treatment_9a36b616695e,تبديل الصمامات,تبديل الصمامات,Treatment,"[""تبديل الصمامات"", ""تبديل صمام""]",1,1,1,0.850,"[""llama-3.1-8b-instant""]",previous_user_extraction
ent_treatment_07c97c044791,تبييض,تبييض,Treatment,"[""تبييض"", ""لصقات""]",1,1,1,0.850,"[""llama-3.1-8b-instant""]",previous_user_extraction
ent_treatment_cbf0b7b10d4f,تجنب المنتجات التي تحوي جلوتين,تجنب المنتجات التي تحوي جلوتين,Treatment,"[""تجنب المنتجات التي تحوي جلوتين""]",1,1,1,0.950,"[""llama-3.3-70b-versatile""]",previous_user_extraction
ent_treatment_3ad47c2cd3e0,تخدير,تخدير,Treatment,"[""تخدير""]",1,1,1,0.850,"[""llama-3.1-8b-instant""]",new_user_extraction
ent_treatment_57dc56a67c59,تدليك القلب,تدليك القلب,Treatment,"[""تدليك القلب""]",1,1,1,0.850,"[""llama-3.1-8b-instant""]",previous_user_extraction
ent_treatment_bda1067a70d1,تستيرون,تستيرون,Treatment,"[""تستيرون""]",1,1,1,0.900,"[""llama-3.3-70b-versatile""]",previous_user_extraction
ent_treatment_026f10d47b4b,تطعيم,تطعيم,Treatment,"[""تطعيم""]",1,1,1,0.850,"[""llama-3.1-8b-instant""]",previous_user_extraction
ent_treatment_5947f4c8a22d,تطويل العظم,تطويل العظم,Treatment,"[""تطويل العظم""]",1,1,1,0.850,"[""llama-3.1-8b-instant""]",previous_user_extraction
ent_treatment_e341edad55d8,تقوية المناعة,تقويه المناعه,Treatment,"[""تقوية المناعة""]",1,1,1,0.900,"[""llama-3.3-70b-versatile""]",previous_user_extraction
ent_treatment_a743c2a67433,تكميم المعدة,تكميم المعده,Treatment,"[""تكميم المعدة""]",1,1,1,0.950,"[""llama-3.1-8b-instant""]",new_user_extraction
ent_treatment_a3fdf405330a,تمارين رياضية,تمارين رياضيه,Treatment,"[""تمارين رياضية""]",1,1,1,0.850,"[""llama-3.1-8b-instant""]",previous_user_extraction
ent_treatment_fca1a888ae57,تنظيف اللثة,تنظيف اللثه,Treatment,"[""تنظيف اللثة"", ""نظافة اللثة""]",1,1,1,0.900,"[""llama-3.1-8b-instant""]",previous_user_extraction
ent_treatment_07bda7f8e857,توبيراميت,توبيراميت,Treatment,"[""اسبرين"", ""توبيراميت"", ""كورتيزون""]",1,1,1,0.850,"[""llama-3.1-8b-instant""]",previous_user_extraction
ent_treatment_104bb0a91d5a,تيليفاست,تيليفاست,Treatment,"[""تيليفاست"", ""مضاد للهيستامين""]",1,1,1,0.850,"[""llama-3.1-8b-instant""]",previous_user_extraction
ent_treatment_e77b8748ec09,ثلج,ثلج,Treatment,"[""ثلج""]",1,1,1,0.850,"[""llama-3.1-8b-instant""]",previous_user_extraction
ent_treatment_08325dd63292,ثيروكسين,ثيروكسين,Treatment,"[""levothyrox25"", ""ثيروكسين""]",1,1,1,0.950,"[""llama-3.1-8b-instant""]",previous_user_extraction
ent_treatment_b8cee9c1b337,جراح التجميل,جراح التجميل,Treatment,"[""جراح"", ""جراح التجميل""]",1,1,1,0.850,"[""llama-3.1-8b-instant""]",previous_user_extraction
ent_treatment_469e39fc5835,جراح عظام,جراح عظام,Treatment,"[""جراح"", ""جراح عظام""]",1,1,1,0.850,"[""llama-3.1-8b-instant""]",previous_user_extraction
ent_treatment_17f3d904a460,جراحة عامة,جراحه عامه,Treatment,"[""جراح"", ""جراحة عامة""]",2,2,2,0.850,"[""llama-3.1-8b-instant""]",new_user_extraction
ent_treatment_72992721d87a,جرعة,جرعه,Treatment,"[""الجرعة"", ""الجعة"", ""جرعة"", ""جرعة تيروكسين"", ""علاج""]",10,10,6,0.870,"[""llama-3.1-8b-instant"", ""llama-3.3-70b-versatile""]",previous_user_extraction
ent_treatment_dcc37cc6936c,جهاز هولتر,جهاز هولتر,Treatment,"[""جهاز هولتر""]",1,1,1,0.950,"[""llama-3.1-8b-instant""]",previous_user_extraction
ent_treatment_5ceca1d872a8,حبه امادول,حبه امادول,Treatment,"[""حبه امادول""]",1,1,1,0.850,"[""llama-3.1-8b-instant""]",previous_user_extraction
ent_treatment_470ecec01368,حبوب الأسبرين,حبوب الاسبرين,Treatment,"[""حبوب الأسبرين""]",1,1,1,0.850,"[""llama-3.1-8b-instant""]",previous_user_extraction
ent_treatment_b5bc09534a26,حبوب الفاصوليا,حبوب الفاصوليا,Treatment,"[""حبوب الفاصوليا""]",1,1,1,0.850,"[""llama-3.1-8b-instant""]",previous_user_extraction
ent_treatment_62b0f0db0c20,حبوب اوميجا 3,حبوب اوميجا 3,Treatment,"[""حبوب اوميجا 3""]",1,1,1,0.950,"[""llama-3.1-8b-instant""]",previous_user_extraction
ent_treatment_6e2eca7e0846,حبوب تخسيس الوزن,حبوب تخسيس الوزن,Treatment,"[""حبوب تخسيس الوزن"", ""ماجريم""]",1,1,1,0.850,"[""llama-3.1-8b-instant""]",previous_user_extraction
ent_treatment_ad1d7aa378fb,حبوب حامض الفوليك,حبوب حامض الفوليك,Treatment,"[""حبوب حامض الفوليك""]",1,1,1,0.850,"[""llama-3.1-8b-instant""]",previous_user_extraction
ent_treatment_e1617eb3cec1,حبوب ديفلوكان,حبوب ديفلوكان,Treatment,"[""حبوب ديفلوكان""]",1,1,1,0.950,"[""llama-3.1-8b-instant""]",new_user_extraction
ent_treatment_75408e11fdcc,حبوب مانعه للحمل,حبوب مانعه للحمل,Treatment,"[""حبوب مانعه للحمل""]",1,1,1,0.950,"[""llama-3.1-8b-instant""]",new_user_extraction
ent_treatment_25ad5edaca54,حبوب مغنيسيوم,حبوب مغنيسيوم,Treatment,"[""حبوب مغنيسيوم""]",1,1,1,0.850,"[""llama-3.1-8b-instant""]",previous_user_extraction
ent_treatment_b67abf88ef76,حجامة,حجامه,Treatment,"[""حجامة""]",1,1,1,0.950,"[""llama-3.3-70b-versatile""]",previous_user_extraction
ent_treatment_50c663144e67,حديد,حديد,Treatment,"[""حبوب حديد"", ""حديد""]",1,1,1,0.850,"[""llama-3.1-8b-instant""]",previous_user_extraction
ent_treatment_a8aa599914fd,حرمل,حرمل,Treatment,"[""بيغانوم"", ""حرمل""]",1,1,1,0.950,"[""llama-3.1-8b-instant""]",previous_user_extraction
ent_treatment_b16a545c0e9c,حشوة,حشوه,Treatment,"[""حشوة"", ""حشوة الأسنان""]",1,1,1,0.850,"[""llama-3.1-8b-instant""]",previous_user_extraction
ent_treatment_c2ead061e2d0,حشيشة الملاك,حشيشه الملاك,Treatment,"[""حشيشة الملاك""]",1,1,1,0.850,"[""llama-3.3-70b-versatile""]",previous_user_extraction
ent_treatment_f484b8bb62d4,حليب الام,حليب الام,Treatment,"[""حليب الام""]",1,1,1,0.950,"[""llama-3.1-8b-instant""]",previous_user_extraction
ent_treatment_3278b7c5cc1b,حليب الصويا,حليب الصويا,Treatment,"[""حليب الصويا""]",1,1,1,0.850,"[""llama-3.3-70b-versatile""]",previous_user_extraction
ent_treatment_0311bc90ba75,حليب مكسر بروتين الحليب,حليب مكسر بروتين الحليب,Treatment,"[""حليب مكسر بروتين الحليب""]",1,1,1,0.850,"[""llama-3.3-70b-versatile""]",previous_user_extraction
ent_treatment_1510eb56f9c4,حمض الفوليك,حمض الفوليك,Treatment,"[""Folic acid"", ""حمض الفوليك""]",1,1,1,0.950,"[""llama-3.1-8b-instant""]",new_user_extraction
ent_treatment_be514bea14bc,خافض حراره,خافض حراره,Treatment,"[""خافض حرارة""]",2,2,2,0.875,"[""llama-3.1-8b-instant""]",previous_user_extraction
ent_treatment_48712ae621b5,خلطة الريحان و الروزماري,خلطه الريحان و الروزماري,Treatment,"[""خلطة الريحان و الروزماري""]",1,1,1,0.850,"[""llama-3.1-8b-instant""]",previous_user_extraction
ent_treatment_982172163039,خلطة العسل والفوقص الحوصلي والغذاء الملكي والعكبر والقسط الهندي,خلطه العسل والفوقص الحوصلي والغذاء الملكي والعكبر والقسط الهندي,Treatment,"[""خلطة العسل والفوقص الحوصلي والغذاء الملكي والعكبر والقسط الهندي""]",1,1,1,0.850,"[""llama-3.1-8b-instant""]",previous_user_extraction
ent_treatment_709142d48a0c,دافلون,دافلون,Treatment,"[""دافلون""]",1,1,1,0.950,"[""llama-3.1-8b-instant""]",previous_user_extraction
ent_treatment_85b33c000a00,دكتور جهاز هضمي,دكتور جهاز هضمي,Treatment,"[""دكتور جهاز هضمي""]",1,1,1,0.950,"[""llama-3.1-8b-instant""]",previous_user_extraction
ent_treatment_f53e37e03bcf,دواء اخر,دواء اخر,Treatment,"[""دواء اخر""]",1,1,1,0.850,"[""llama-3.1-8b-instant""]",previous_user_extraction
ent_treatment_fe1881a70477,دواء الpradaxa,دواء الpradaxa,Treatment,"[""دواء الpradaxa""]",1,1,1,0.850,"[""llama-3.1-8b-instant""]",previous_user_extraction
ent_treatment_9b5bfe80cea0,دواء تلفاست أ سيرين,دواء تلفاست ا سيرين,Treatment,"[""دواء تلفاست أ سيرين""]",1,1,1,0.850,"[""llama-3.1-8b-instant""]",previous_user_extraction
ent_treatment_fef4b8d3006d,دوكسي صيكلين,دوكسي صيكلين,Treatment,"[""دوكسي صيكلين""]",1,1,1,0.850,"[""llama-3.1-8b-instant""]",new_user_extraction
ent_treatment_274d7e390433,دومبيريدون,دومبيريدون,Treatment,"[""دومبيريدون""]",1,1,1,0.950,"[""llama-3.1-8b-instant""]",previous_user_extraction
ent_treatment_b6f3f11486d8,ديكسا ميثازون,ديكسا ميثازون,Treatment,"[""ديكسا ميثازون""]",1,1,1,0.850,"[""llama-3.1-8b-instant""]",previous_user_extraction
ent_treatment_1a95beeb72ce,روفسوفاستاتين,روفسوفاستاتين,Treatment,"[""روفسوفاستاتين""]",1,1,1,0.850,"[""llama-3.1-8b-instant""]",previous_user_extraction
ent_treatment_cd6803651137,زراعة,زراعه,Treatment,"[""زراعة"", ""زراعة السن""]",1,1,1,0.850,"[""llama-3.1-8b-instant""]",previous_user_extraction
ent_treatment_4c7ab9797c47,زراعة الشعر,زراعه الشعر,Treatment,"[""العلاج بالليزر"", ""زراعة الشعر""]",1,1,1,0.850,"[""llama-3.1-8b-instant""]",new_user_extraction
ent_treatment_e2a4b76b510f,زراعة الكبد,زراعه الكبد,Treatment,"[""زراعة الكبد""]",1,1,1,0.950,"[""llama-3.1-8b-instant""]",new_user_extraction
ent_treatment_6e4176b21f58,زنت,زنت,Treatment,"[""زنت""]",1,1,1,0.950,"[""llama-3.1-8b-instant""]",previous_user_extraction
ent_treatment_677fdfb3086e,زيت الحبة السوداء,زيت الحبه السوداء,Treatment,"[""زيت الحبة السوداء""]",1,1,1,0.850,"[""llama-3.3-70b-versatile""]",previous_user_extraction
ent_treatment_24d83b12af40,زيت الحلبة,زيت الحلبه,Treatment,"[""زيت الحلبة""]",4,2,2,0.900,"[""llama-3.3-70b-versatile""]",previous_user_extraction
ent_treatment_b036b1170044,زيت الحنظل,زيت الحنظل,Treatment,"[""زيت الحنظل""]",1,1,1,0.850,"[""llama-3.3-70b-versatile""]",previous_user_extraction
ent_treatment_7dcc65be78f8,زيت الزيتون,زيت الزيتون,Treatment,"[""زيت الزيتون""]",2,2,2,0.850,"[""llama-3.1-8b-instant"", ""llama-3.3-70b-versatile""]",previous_user_extraction
ent_treatment_126db3468e93,زيت اللوز المر,زيت اللوز المر,Treatment,"[""زيت اللوز المر""]",1,1,1,0.850,"[""llama-3.1-8b-instant""]",previous_user_extraction
ent_treatment_643c9672260a,زيثروكان,زيثروكان,Treatment,"[""زيثروكان""]",1,1,1,0.850,"[""llama-3.1-8b-instant""]",previous_user_extraction
ent_treatment_b5f12c81a7ee,سباستال,سباستال,Treatment,"[""سباستال""]",1,1,1,0.950,"[""llama-3.1-8b-instant""]",previous_user_extraction
ent_treatment_790302b0b1e6,سيبروفلوكساسين,سيبروفلوكساسين,Treatment,"[""سيبروفلوكساسين""]",1,1,1,0.950,"[""llama-3.1-8b-instant""]",previous_user_extraction
ent_treatment_1e3baddafc66,سيبوترامين,سيبوترامين,Treatment,"[""دايت ماكس"", ""سليماكس"", ""سيبوترامين"", ""سيبوترم"", ""ميريديا""]",1,1,1,0.950,"[""llama-3.1-8b-instant""]",previous_user_extraction
ent_treatment_0fcd679347ec,سيرازيت,سيرازيت,Treatment,"[""سيرازيت""]",1,1,1,0.950,"[""llama-3.1-8b-instant""]",new_user_extraction
ent_treatment_13b8274bb134,سيلدينافيل,سيلدينافيل,Treatment,"[""سيلدينافيل""]",1,1,1,0.900,"[""llama-3.3-70b-versatile""]",previous_user_extraction
ent_treatment_84e0992b5157,شاي الأعشاب,شاي الاعشاب,Treatment,"[""أكليل الجبل"", ""البابونج"", ""البرتقال"", ""البليلة"", ""الخردل"", ""الخزام"", ""الزعتر"", ""الزيتون"", ""الفاليريانا"", ""الكركديه"", ""الكنيدولا"", ""اللافندر"", ""المردقوش"", ""المريمية"", ""الملفوف"", ""النارنج"", ""النعناع"", ""الهندباء البرية"", ""اليانسون"", ""بقلة يوحنا"", ""جنين القمح"", ""شاي الأعشاب"", ""كافاكافا""]",23,1,1,0.950,"[""llama-3.1-8b-instant""]",previous_user_extraction
ent_treatment_c48b0529e8b1,شراب ECHINACEA,شراب echinacea,Treatment,"[""شراب ECHINACEA""]",1,1,1,0.850,"[""llama-3.3-70b-versatile""]",previous_user_extraction
ent_treatment_b9702eae5c6a,عسل,عسل,Treatment,"[""عسل"", ""عسل طبي""]",1,1,1,0.950,"[""llama-3.1-8b-instant""]",previous_user_extraction
ent_treatment_70946505d33a,عسل ملكات النحل,عسل ملكات النحل,Treatment,"[""عسل ملكات النحل""]",1,1,1,0.850,"[""llama-3.1-8b-instant""]",previous_user_extraction
ent_treatment_6f746b42f086,علاج تساقط الشعر بالأعشاب,علاج تساقط الشعر بالاعشاب,Treatment,"[""علاج تساقط الشعر بالأعشاب""]",1,1,1,0.850,"[""llama-3.1-8b-instant""]",new_user_extraction
ent_treatment_6e452ff6ff8f,علاج نقص الكريات البيضاء,علاج نقص الكريات البيضاء,Treatment,"[""علاج نقص الكريات البيضاء""]",1,1,1,0.850,"[""llama-3.1-8b-instant""]",previous_user_extraction
ent_treatment_e9980cc1f2a6,عملية القلب المفتوح,عمليه القلب المفتوح,Treatment,"[""عملية القلب المفتوح"", ""عملية قلب مفتوح""]",2,2,1,0.950,"[""llama-3.1-8b-instant""]",previous_user_extraction
ent_treatment_4b104e5e7744,عمليه توسيع,عمليه توسيع,Treatment,"[""عمليه توسيع""]",1,1,1,0.850,"[""llama-3.1-8b-instant""]",previous_user_extraction
ent_treatment_9f3caf276c1b,عملية فتق اربي,عمليه فتق اربي,Treatment,"[""عملية فتق"", ""عملية فتق اربي""]",1,1,1,0.850,"[""llama-3.1-8b-instant""]",new_user_extraction
ent_treatment_d9340b6ee231,عمليه قلب مفتوح,عمليه قلب مفتوح,Treatment,"[""عمليه قلب مفتوح""]",1,1,1,0.950,"[""llama-3.1-8b-instant""]",previous_user_extraction
ent_treatment_1d3c5ceebc05,عمليه نقل شريان,عمليه نقل شريان,Treatment,"[""عمليه نقل شريان""]",1,1,1,0.850,"[""llama-3.1-8b-instant""]",previous_user_extraction
ent_treatment_842e12e5a9df,فاندسيدار,فاندسيدار,Treatment,"[""فاندسيدار""]",1,1,1,0.850,"[""llama-3.1-8b-instant""]",previous_user_extraction
ent_treatment_77e8744fec6a,فجل أبيض,فجل ابيض,Treatment,"[""الجمل الأبيض"", ""فجل أبيض""]",2,1,1,0.850,"[""llama-3.1-8b-instant""]",previous_user_extraction
ent_treatment_1d451938e684,فروتا,فروتا,Treatment,"[""فروتا"", ""فروتا 5 مل""]",1,1,1,0.850,"[""llama-3.1-8b-instant""]",previous_user_extraction
ent_treatment_2937e440fdcf,فغر الرغامى,فغر الرغامي,Treatment,"[""فغر الرغامى""]",1,1,1,0.850,"[""llama-3.1-8b-instant""]",previous_user_extraction
ent_treatment_ac95de71bbb5,فلاجيل,فلاجيل,Treatment,"[""فلاجيل""]",1,1,1,0.950,"[""llama-3.1-8b-instant""]",new_user_extraction
ent_treatment_ace11c18f4c4,فول,فول,Treatment,"[""فول"", ""فول المخمر""]",1,1,1,0.850,"[""llama-3.1-8b-instant""]",previous_user_extraction
ent_treatment_d70f772a8bb6,فيتاسيد فوار,فيتاسيد فوار,Treatment,"[""فيتاسيد فوار""]",1,1,1,0.850,"[""llama-3.1-8b-instant""]",previous_user_extraction
ent_treatment_6059678dd87e,فيتامين (أ),فيتامين (ا),Treatment,"[""فيتامين (أ)"", ""فيتامين أ""]",1,1,1,0.850,"[""llama-3.1-8b-instant""]",new_user_extraction
ent_treatment_5f92e9604d62,فيتامين B12,فيتامين b12,Treatment,"[""فيتامين B12""]",1,1,1,0.850,"[""llama-3.1-8b-instant""]",previous_user_extraction
ent_treatment_a833ee4cdda1,فيتامين D,فيتامين d,Treatment,"[""فيتامين D""]",1,1,1,0.850,"[""llama-3.1-8b-instant""]",previous_user_extraction
ent_treatment_5a8889bc0501,فيتامين E,فيتامين e,Treatment,"[""فيتامين E""]",1,1,1,0.850,"[""llama-3.1-8b-instant""]",previous_user_extraction
ent_treatment_307b31c3646d,فيتامين أ,فيتامين ا,Treatment,"[""فروتا"", ""فيتامين أ""]",1,1,1,0.850,"[""llama-3.1-8b-instant""]",previous_user_extraction
ent_treatment_2a81ae8e5fd2,فيتامين بوليفيتال,فيتامين بوليفيتال,Treatment,"[""فيتامين بوليفيتال""]",1,1,1,0.950,"[""llama-3.1-8b-instant""]",previous_user_extraction
ent_treatment_3cd9cec566c1,فيتامين ب١٢,فيتامين ب١٢,Treatment,"[""فيتامين ب١٢""]",1,1,1,0.850,"[""llama-3.1-8b-instant""]",previous_user_extraction
ent_treatment_23b78e4c5546,فيتامين د,فيتامين د,Treatment,"[""فيتامين د"", ""فيتامين دي""]",2,2,2,0.900,"[""llama-3.1-8b-instant""]",previous_user_extraction
ent_treatment_273455224ab7,فيتامين-د-,فيتامين-د-,Treatment,"[""فيتامين-د-""]",1,1,1,0.950,"[""llama-3.1-8b-instant""]",previous_user_extraction
ent_treatment_6528bb63fe9c,فينوروتون,فينوروتون,Treatment,"[""فينوروتون""]",1,1,1,0.950,"[""llama-3.3-70b-versatile""]",previous_user_extraction
ent_treatment_f9254c85ad4c,قرص مانع الحمل,قرص مانع الحمل,Treatment,"[""قرص مانع الحمل""]",1,1,1,0.950,"[""llama-3.1-8b-instant""]",new_user_extraction
ent_treatment_4e4b38e6ff32,كاربيمازول,كاربيمازول,Treatment,"[""carbimazole"", ""كاربيمازول""]",1,1,1,0.850,"[""llama-3.1-8b-instant""]",previous_user_extraction
ent_treatment_21a74567013d,كالسيوم,كالسيوم,Treatment,"[""كالسيوم""]",1,1,1,0.850,"[""llama-3.1-8b-instant""]",previous_user_extraction
ent_treatment_e8d6fe8e2a6a,كربونات الصودا,كربونات الصودا,Treatment,"[""كربونات الصودا""]",1,1,1,0.850,"[""llama-3.1-8b-instant""]",previous_user_extraction
ent_treatment_5bbcb8e80aef,كريستور,كريستور,Treatment,"[""كريستور""]",1,1,1,0.850,"[""llama-3.1-8b-instant""]",previous_user_extraction
ent_treatment_831958f59880,كلوفينال,كلوفينال,Treatment,"[""كلوفينال""]",1,1,1,0.850,"[""llama-3.1-8b-instant""]",previous_user_extraction
ent_treatment_0faf4c6d9712,كليمين,كليمين,Treatment,"[""كليمين""]",1,1,1,0.950,"[""llama-3.1-8b-instant""]",previous_user_extraction
ent_treatment_843876e28a68,كورتيزون,كورتيزون,Treatment,"[""كورتيزون""]",1,1,1,0.850,"[""llama-3.3-70b-versatile""]",previous_user_extraction
ent_treatment_06c0f51bf3d5,كي حبة,كي حبه,Treatment,"[""كي حبة""]",1,1,1,0.850,"[""llama-3.1-8b-instant""]",previous_user_extraction
ent_treatment_1ea61807a7b3,لوسنتيس,لوسنتيس,Treatment,"[""لوسنتيس""]",1,1,1,0.850,"[""llama-3.1-8b-instant""]",previous_user_extraction
ent_treatment_63c87a5ce040,ليدوكون,ليدوكون,Treatment,"[""ليدوكون""]",1,1,1,0.950,"[""llama-3.1-8b-instant""]",previous_user_extraction
ent_treatment_51a3381998f4,مادة البوتاس الحارقة,ماده البوتاس الحارقه,Treatment,"[""مادة البوتاس الحارقة""]",1,1,1,0.850,"[""llama-3.1-8b-instant""]",previous_user_extraction
ent_treatment_91df022df8f9,مبيفيرين,مبيفيرين,Treatment,"[""مبيفيرين""]",1,1,1,0.850,"[""llama-3.1-8b-instant""]",previous_user_extraction
ent_treatment_c34968373375,مختبرات,مختبرات,Treatment,"[""مختبرات""]",1,1,1,0.950,"[""llama-3.1-8b-instant""]",new_user_extraction
ent_treatment_cf3dd6bbb903,مختبرات خاصة,مختبرات خاصه,Treatment,"[""مختبرات خاصة""]",1,1,1,0.950,"[""llama-3.1-8b-instant""]",new_user_extraction
ent_treatment_ca31e704e71e,مختبرات وزارة الصحة,مختبرات وزاره الصحه,Treatment,"[""مختبرات وزارة الصحة""]",1,1,1,0.950,"[""llama-3.1-8b-instant""]",new_user_extraction
ent_treatment_bf5381a2abdb,مدد حيوي,مدد حيوي,Treatment,"[""مدد حيوي""]",1,1,1,0.850,"[""llama-3.1-8b-instant""]",new_user_extraction
ent_treatment_b6f673a13d6a,مدر بول,مدر بول,Treatment,"[""مدر بول""]",1,1,1,0.950,"[""llama-3.1-8b-instant""]",previous_user_extraction
ent_treatment_e0a7465e3670,مراجعة,مراجعه,Treatment,"[""مراجعة"", ""مراجعة إختصاصي""]",1,1,1,0.850,"[""llama-3.1-8b-instant""]",previous_user_extraction
ent_treatment_57825f7a3418,مراجعة اخصائية النسائية,مراجعه اخصاييه النساييه,Treatment,"[""مراجعة اخصائية النسائية""]",1,1,1,0.850,"[""llama-3.1-8b-instant""]",previous_user_extraction
ent_treatment_e3821aa5e124,مراقبة ضغط الدم,مراقبه ضغط الدم,Treatment,"[""مراقبة ضغط الدم""]",1,1,1,0.950,"[""llama-3.1-8b-instant""]",previous_user_extraction
ent_treatment_bf142c3dc46d,مرحم الفوسيدين,مرحم الفوسيدين,Treatment,"[""مرحم الفوسيدين""]",1,1,1,0.850,"[""llama-3.1-8b-instant""]",new_user_extraction
ent_treatment_8726a85ab84a,مركب دعامة عادية,مركب دعامه عاديه,Treatment,"[""دعامة عادية"", ""مركب دعامة عادية""]",1,1,1,0.850,"[""llama-3.1-8b-instant""]",previous_user_extraction
ent_treatment_0a5e446c85c8,مرهم زايلوكائين,مرهم زايلوكايين,Treatment,"[""مرهم زايلوكائين"", ""مرهم زايلوكائين جل""]",1,1,1,0.850,"[""llama-3.1-8b-instant""]",new_user_extraction
ent_treatment_a9901bfb5bd5,مرهم مايكونازول,مرهم مايكونازول,Treatment,"[""مرهم مايكونازول""]",1,1,1,0.850,"[""llama-3.3-70b-versatile""]",previous_user_extraction
ent_treatment_cb158ac5b6da,مرهم مضاد الحروق,مرهم مضاد الحروق,Treatment,"[""مرهم"", ""مرهم مضاد الحروق""]",1,1,1,0.850,"[""llama-3.1-8b-instant""]",previous_user_extraction
ent_treatment_b8b3fb59e87b,مسكن الم,مسكن الم,Treatment,"[""مسكن الم""]",3,3,1,0.850,"[""llama-3.1-8b-instant""]",previous_user_extraction
ent_treatment_b8a506ce96be,مسكن للالم,مسكن للالم,Treatment,"[""مسكن للالم""]",1,1,1,0.850,"[""llama-3.1-8b-instant""]",previous_user_extraction
ent_treatment_f4b5c1573769,مضاد الهيستامين,مضاد الهيستامين,Treatment,"[""مضاد الهستامين"", ""مضاد الهيستامين"", ""مضاد هيسامين"", ""مضاد هيستامين"", ""مضادات الهيستامين""]",5,5,5,0.810,"[""llama-3.3-70b-versatile""]",previous_user_extraction
ent_treatment_43526f78a371,مضاد حيوي,مضاد حيوي,Treatment,"[""مضاد حيوي""]",8,8,7,0.894,"[""llama-3.1-8b-instant""]",new_user_extraction
ent_treatment_93132ac17089,مضادات الالتهاب,مضادات الالتهاب,Treatment,"[""مضادات الالتهاب""]",1,1,1,0.850,"[""llama-3.1-8b-instant""]",previous_user_extraction
ent_treatment_d30b06ad4ba6,مضادات الصرع,مضادات الصرع,Treatment,"[""مضادات الصرع""]",1,1,1,0.850,"[""llama-3.1-8b-instant""]",previous_user_extraction
ent_treatment_65d67800955e,مضادات الفيروسات,مضادات الفيروسات,Treatment,"[""مضادات الفيروسات""]",1,1,1,0.850,"[""llama-3.1-8b-instant""]",previous_user_extraction
ent_treatment_2547ab58544d,مضادات القلق,مضادات القلق,Treatment,"[""مضادات القلق""]",1,1,1,0.850,"[""llama-3.1-8b-instant""]",previous_user_extraction
ent_treatment_c378695ea74d,مكامدات باردة,مكامدات بارده,Treatment,"[""مكامدات باردة""]",1,1,1,0.850,"[""llama-3.1-8b-instant""]",previous_user_extraction
ent_treatment_9a6b401143ed,مكمل غدائي,مكمل غدايي,Treatment,"[""MG 180 lITHOGINKGO"", ""مكمل غدائي"", ""مكمل غدائيي""]",1,1,1,0.850,"[""llama-3.3-70b-versatile""]",previous_user_extraction
ent_treatment_a640b07ccbbc,ملينات,ملينات,Treatment,"[""ملينات""]",1,1,1,0.950,"[""llama-3.1-8b-instant""]",previous_user_extraction
ent_treatment_07d0f0ae4c18,منظار قنوات مرارية الف سلامة,منظار قنوات مراريه الف سلامه,Treatment,"[""منظار"", ""منظار قنوات مرارية الف سلامة""]",1,1,1,0.850,"[""llama-3.1-8b-instant""]",previous_user_extraction
ent_treatment_adf1ea1ee5a7,موزة كبيرة,موزه كبيره,Treatment,"[""موزة كبيرة""]",1,1,1,0.850,"[""llama-3.1-8b-instant""]",previous_user_extraction
ent_treatment_57595300c1b6,ميترونيدازول,ميترونيدازول,Treatment,"[""ميترونيدازول""]",1,1,1,0.950,"[""llama-3.1-8b-instant""]",previous_user_extraction
ent_treatment_2702542ba0eb,ميزوتاك,ميزوتاك,Treatment,"[""ميزوتاك""]",1,1,1,0.850,"[""llama-3.1-8b-instant""]",previous_user_extraction
ent_treatment_45a78ee47153,نازونكس,نازونكس,Treatment,"[""نازونكس""]",1,1,1,0.950,"[""llama-3.3-70b-versatile""]",previous_user_extraction
ent_treatment_f11b22153e4b,نصف حبة,نصف حبه,Treatment,"[""نصف حبة""]",1,1,1,0.850,"[""llama-3.1-8b-instant""]",previous_user_extraction
ent_treatment_e80fab31a076,نقص فيتامين (ب12),نقص فيتامين (ب12),Treatment,"[""نقص فيتامين (ب12)""]",1,1,1,0.950,"[""llama-3.1-8b-instant""]",previous_user_extraction
ent_treatment_410319f5e2ee,نكسوم 20 mg,نكسوم 20 mg,Treatment,"[""نكسوم 20 mg""]",1,1,1,0.950,"[""llama-3.1-8b-instant""]",previous_user_extraction
ent_treatment_097f362246a3,نكسيوم,نكسيوم,Treatment,"[""نكسيوم""]",1,1,1,0.950,"[""llama-3.1-8b-instant""]",previous_user_extraction
ent_treatment_6daeffa55a15,نيوروتين,نيوروتين,Treatment,"[""نيوروتين""]",1,1,1,0.850,"[""llama-3.1-8b-instant""]",previous_user_extraction
ent_treatment_e601e738b889,هيبارين,هيبارين,Treatment,"[""هيبارين""]",1,1,1,0.850,"[""llama-3.1-8b-instant""]",previous_user_extraction
ent_treatment_9ef7c69bc634,وارفارين,وارفارين,Treatment,"[""وارفارين""]",1,1,1,0.850,"[""llama-3.1-8b-instant""]",previous_user_extraction
