entity_id,canonical_name,entity_type,surface_form,qa_id,chunk_id,source_row_number,field,evidence,llm_confidence,model,prompt_version
ent_diseasecondition_16cf4e77b755,التهاب,DiseaseCondition,التهاب,ahd5k_00970,chunk_00001,769766,answer,اذا كنت تعاني من التهاب ما في الجزء العلوي من الجهاز التنفسي يجب ان تتعالج,0.850,llama-3.3-70b-versatile,legacy_entity_extraction
ent_diseasecondition_1c50bd11c45a,ربو,DiseaseCondition,ربو,ahd5k_00970,chunk_00001,769766,answer,هل هو ربو ؟؟ او هل هناك حساسية ابسط من ذلك وعوارضها فقط السعال والبلغم,0.700,llama-3.3-70b-versatile,legacy_entity_extraction
ent_diseasecondition_2f75d3dabe0b,حساسية,DiseaseCondition,حساسية الصدر,ahd5k_00970,chunk_00001,769766,question,ما علاج البلغم (حساسية الصدر) رغم اخذى هلاج اكثر من مرة ولا فائدة ؟,0.850,llama-3.3-70b-versatile,legacy_entity_extraction
ent_symptom_dc2c7333a505,بلغم,Symptom,بلغم,ahd5k_00970,chunk_00001,769766,question,ما علاج البلغم (حساسية الصدر) رغم اخذى هلاج اكثر من مرة ولا فائدة ؟,0.850,llama-3.3-70b-versatile,legacy_entity_extraction
ent_symptom_dc2c7333a505,بلغم,Symptom,بلغم,ahd5k_00970,chunk_00001,769766,answer,هل هو ربو ؟؟ او هل هناك حساسية ابسط من ذلك وعوارضها فقط السعال والبلغم,0.850,llama-3.3-70b-versatile,legacy_entity_extraction
ent_symptom_f4cf885a0447,سعال,Symptom,سعال,ahd5k_00970,chunk_00001,769766,answer,هل هو ربو ؟؟ او هل هناك حساسية ابسط من ذلك وعوارضها فقط السعال والبلغم,0.700,llama-3.3-70b-versatile,legacy_entity_extraction
ent_diseasecondition_2f75d3dabe0b,حساسية,DiseaseCondition,حساسية,ahd5k_03626,chunk_00001,370529,question,هل بنسلين يسبب إلتهاب المعدة للأطفال,0.850,llama-3.3-70b-versatile,legacy_entity_extraction
ent_diseasecondition_c294dde65052,نزلة معوية,DiseaseCondition,نزله معويه,ahd5k_03626,chunk_00001,370529,answer,ممكن ان يسبب نزله معويه,0.850,llama-3.3-70b-versatile,legacy_entity_extraction
ent_treatment_70be4452db30,بنسلين,Treatment,بنسلين,ahd5k_03626,chunk_00001,370529,question,هل بنسلين يسبب إلتهاب المعدة للأطفال,0.850,llama-3.3-70b-versatile,legacy_entity_extraction
ent_diseasecondition_16cf4e77b755,التهاب,DiseaseCondition,التهاب,ahd5k_03872,chunk_00001,383286,answer,أعراض التهاب وحساسيه الجيوب الانفيه لابد من استخدام الادويه المناسبه بعد الفحص عند طبيب ENT,0.850,llama-3.3-70b-versatile,legacy_entity_extraction
ent_symptom_28acc791e82d,تعب,Symptom,تعب,ahd5k_03872,chunk_00001,383286,question,اعاني من فتره من آلام في الانف والوجه والاخص الجبين واشعر بحساسيه في الحلق مما يسبب لي ضيق تنفس وتعب بشكل عام,0.850,llama-3.3-70b-versatile,legacy_entity_extraction
ent_symptom_7b839cc80688,ضيق تنفس,Symptom,ضيق تنفس,ahd5k_03872,chunk_00001,383286,question,اعاني من فتره من آلام في الانف والوجه والاخص الجبين واشعر بحساسيه في الحلق مما يسبب لي ضيق تنفس وتعب بشكل عام,0.850,llama-3.3-70b-versatile,legacy_entity_extraction
ent_symptom_15f699fd4691,دوائر حمراء,Symptom,دوائر حمراء,ahd5k_04414,chunk_00001,383417,question,ظهر عندي دوائر حمراء بين الفخذين مع حكة شديدة ايه سببها,0.850,llama-3.3-70b-versatile,legacy_entity_extraction
ent_symptom_7cfc95737dc0,حكة,Symptom,حكة,ahd5k_04414,chunk_00001,383417,question,ظهر عندي دوائر حمراء بين الفخذين مع حكة شديدة ايه سببها,0.850,llama-3.3-70b-versatile,legacy_entity_extraction
ent_diseasecondition_2f75d3dabe0b,حساسية,DiseaseCondition,حساسية,ahd5k_00020,chunk_00002,340580,question,بنتي سنتين ونصف عندها حساسية من حليب البقر,0.850,llama-3.3-70b-versatile,legacy_entity_extraction
ent_treatment_0311bc90ba75,حليب مكسر بروتين الحليب,Treatment,حليب مكسر بروتين الحليب,ahd5k_00020,chunk_00002,340580,answer,اعطيها حليب مكسر بروتين الحليب بالكامل او حليب رز,0.850,llama-3.3-70b-versatile,legacy_entity_extraction
ent_diseasecondition_2f75d3dabe0b,حساسية,DiseaseCondition,تحسس,ahd5k_00133,chunk_00002,376061,question,عندي تحسس انفي موسمي بيتغير حسب المواسم,0.850,llama-3.3-70b-versatile,legacy_entity_extraction
ent_treatment_45a78ee47153,نازونكس,Treatment,نازونكس,ahd5k_00133,chunk_00002,376061,answer,بدائل يوجد نازونكس وافاميز وتابونكس وفليكسونيز,0.950,llama-3.3-70b-versatile,legacy_entity_extraction
ent_diseasecondition_1c50bd11c45a,ربو,DiseaseCondition,ربو,ahd5k_00510,chunk_00002,294513,question,هل تؤخر علاجات الحساسية والربو عملية الحمل ؟,0.850,llama-3.3-70b-versatile,legacy_entity_extraction
ent_treatment_f4b5c1573769,مضاد الهيستامين,Treatment,مضاد هيستامين,ahd5k_00555,chunk_00002,370571,answer,ابدا مضاد هيستامين مره الى مرتين باليوم الى ان تذهب للطبيب,0.850,llama-3.3-70b-versatile,legacy_entity_extraction
ent_diseasecondition_2f75d3dabe0b,حساسية,DiseaseCondition,حساسية,ahd5k_01231,chunk_00003,390602,question,تناولت مضاد حيووي زييثرون وانتج حساسية شديدة,0.950,llama-3.3-70b-versatile,legacy_entity_extraction
ent_test_433492431144,تحليل الحساسية,Test,تحليل حساسية,ahd5k_01231,chunk_00003,390602,answer,اعملي تحليل حساسية المضادات,0.850,llama-3.3-70b-versatile,legacy_entity_extraction
ent_treatment_843876e28a68,كورتيزون,Treatment,كورتيزون,ahd5k_01231,chunk_00003,390602,answer,استخدمي مضاد هيسامين وكورتيزون موضعي,0.850,llama-3.3-70b-versatile,legacy_entity_extraction
ent_treatment_f4b5c1573769,مضاد الهيستامين,Treatment,مضاد هيسامين,ahd5k_01231,chunk_00003,390602,answer,استخدمي مضاد هيسامين وكورتيزون موضعي,0.850,llama-3.3-70b-versatile,legacy_entity_extraction
ent_diseasecondition_2f75d3dabe0b,حساسية,DiseaseCondition,حساسية,ahd5k_01245,chunk_00003,266907,question,انا اشعر بالصداع والنعاس وحساسية في وجهي,0.950,llama-3.3-70b-versatile,legacy_entity_extraction
ent_test_3f0d2e079b73,RAST Test,Test,RAST Test,ahd5k_01245,chunk_00003,266907,answer,معرفة سبب الحساسيه يتم ذلك عن طريق RAST Test,0.850,llama-3.3-70b-versatile,legacy_entity_extraction
ent_diseasecondition_2f75d3dabe0b,حساسية,DiseaseCondition,حساسية,ahd5k_02039,chunk_00004,383915,question,اعاني من حبوب بيضاء صغيره ف اماكن معينه ف الوجه و اتوقع انها حساسية من البيض او اشعة الشمس,0.950,llama-3.3-70b-versatile,legacy_entity_extraction
ent_test_dd68aa784555,تحاليل مخبرية,Test,تحاليل,ahd5k_02039,chunk_00004,383915,answer,لابدمن رؤيتها من قبل طبيب وعمل تحاليل خاصه بالحساسيه,0.800,llama-3.3-70b-versatile,legacy_entity_extraction
ent_diseasecondition_2f75d3dabe0b,حساسية,DiseaseCondition,حساسية,ahd5k_02115,chunk_00004,266317,question,ابنتي معاها حساسية معينة لبعض الاطعمة وعمرها سنتان,0.950,llama-3.3-70b-versatile,legacy_entity_extraction
ent_test_dd68aa784555,تحاليل مخبرية,Test,فحص,ahd5k_02892,chunk_00004,807374,answer,يجب عمل فحص للحساسية التعددة,0.800,llama-3.3-70b-versatile,legacy_entity_extraction
ent_treatment_f4b5c1573769,مضاد الهيستامين,Treatment,مضاد للهستامين,ahd5k_02892,chunk_00004,807374,answer,تناول مضاد للهستامين ومزيل للاحتقان,0.700,llama-3.3-70b-versatile,legacy_entity_extraction
ent_diseasecondition_250910ab0701,حساسية الصدر,DiseaseCondition,حساسية الصدر,ahd5k_03243,chunk_00004,286579,question,إبني عمر 6 سنوات و يعاني من حساسية الصدر,0.850,llama-3.3-70b-versatile,legacy_entity_extraction
ent_diseasecondition_1c50bd11c45a,ربو,DiseaseCondition,ربو,ahd5k_03662,chunk_00004,381920,answer,متابعة مع طبيب ضروري جدا للبدأ بالعلاج العلاجي والوقائي للربو,0.900,llama-3.3-70b-versatile,legacy_entity_extraction
ent_diseasecondition_250910ab0701,حساسية الصدر,DiseaseCondition,حساسية في الصدر,ahd5k_03662,chunk_00004,381920,question,اعاني من حساسية في الصدر وضيق في التنفس وسعال وقئ صباحا,0.850,llama-3.3-70b-versatile,legacy_entity_extraction
ent_diseasecondition_2f75d3dabe0b,حساسية,DiseaseCondition,حساسيه,ahd5k_04144,chunk_00005,373880,question,ما هي ادويت الحساسيه التي لا تزيد من الوزن,0.950,llama-3.3-70b-versatile,legacy_entity_extraction
ent_diseasecondition_2f75d3dabe0b,حساسية,DiseaseCondition,حساسيه,ahd5k_04347,chunk_00005,353044,question,هل حليب الماعز لا يسبب حساسية مثل حليب البقر ؟,0.950,llama-3.3-70b-versatile,legacy_entity_extraction
ent_test_433492431144,تحليل الحساسية,Test,تحليل الحساسه,ahd5k_04480,chunk_00005,268180,answer,ابداي العلاج له عن طريق طبيب حساسيه اوصدريه بعد الكشف عنه وعمل تحليل الحساسه RAST and IgE,0.850,llama-3.3-70b-versatile,legacy_entity_extraction
ent_symptom_93828ade2cbe,الارتكاريا,Symptom,حكه,ahd5k_04654,chunk_00005,288628,question,السلام عليكم من فتره صار جسمي ايحكني لحتاه وشي ايدي كل جسمي,0.900,llama-3.3-70b-versatile,legacy_entity_extraction
ent_symptom_93828ade2cbe,الارتكاريا,Symptom,حكه,ahd5k_04733,chunk_00005,327643,question,السلام عليكم عندي حكة في جميع مناطق الجسم منذو 6 اشهر رغم اني اسعملت جميع لادويه دون فائده,0.900,llama-3.3-70b-versatile,legacy_entity_extraction
ent_treatment_f4b5c1573769,مضاد الهيستامين,Treatment,مضادات الهيستامين,ahd5k_04819,chunk_00005,334866,question,هل يمكن مواجهة حساسية الارتيكاريا بادوية المناعة بعيدا عن مضادات الهيستامين و الكورتيزون؟,0.800,llama-3.3-70b-versatile,legacy_entity_extraction
ent_diseasecondition_2f75d3dabe0b,حساسية,DiseaseCondition,حساسية,ahd5k_00812,chunk_00006,393214,question,طفلتي تتحسس من الجلوتين وعمرها سنة ونصف هل توجد أدوية تساعد على الشفاء من هذا المرض ام لا ؟؟,0.950,llama-3.3-70b-versatile,legacy_entity_extraction
ent_treatment_cbf0b7b10d4f,تجنب المنتجات التي تحوي جلوتين,Treatment,تجنب المنتجات التي تحوي جلوتين,ahd5k_00812,chunk_00006,393214,answer,للاسف اهم علاج تجنب المنتجات التي تحوي جلوتين,0.950,llama-3.3-70b-versatile,legacy_entity_extraction
ent_diseasecondition_2f75d3dabe0b,حساسية,DiseaseCondition,حساسية,ahd5k_02124,chunk_00006,382451,question,اصبت بحساسية في الصيف بالجسم وصفها الدكتور بحساسية شمس و بعد فترة اصبت بالتهاب لوز و بلعوم و حبوب في اخر الحلق الحبوب مازالت موجودة واشعر بنشفان دائم في الحلق...,0.950,llama-3.3-70b-versatile,legacy_entity_extraction
ent_diseasecondition_341d574d8fe5,التهاب اللوزتين,DiseaseCondition,تهاب لوز,ahd5k_02124,chunk_00006,382451,question,اصبت بحساسية في الصيف بالجسم وصفها الدكتور بحساسية شمس و بعد فترة اصبت بالتهاب لوز و بلعوم و حبوب في اخر الحلق الحبوب مازالت موجودة واشعر بنشفان دائم في الحلق...,0.850,llama-3.3-70b-versatile,legacy_entity_extraction
ent_symptom_66c2e60e8e52,نشفان,Symptom,نشفان,ahd5k_02124,chunk_00006,382451,question,اصبت بحساسية في الصيف بالجسم وصفها الدكتور بحساسية شمس و بعد فترة اصبت بالتهاب لوز و بلعوم و حبوب في اخر الحلق الحبوب مازالت موجودة واشعر بنشفان دائم في الحلق...,0.800,llama-3.3-70b-versatile,legacy_entity_extraction
ent_treatment_c48b0529e8b1,شراب ECHINACEA,Treatment,شراب ECHINACEA,ahd5k_02124,chunk_00006,382451,answer,الاعراض التي في الحلق أعراض فيروس مثل الكوكساكي فيروس تتحسن مع الوقت عليك بتقوية المناعة بأكل الفواكة والحمضيات وشرب الزنجبيل مع العسل والليمون مره باليوم الزنجبيل مطحون بمعدل معلقه صغيره يوجد أيضا شراب ECHINACEA يحسن حالتك,0.850,llama-3.3-70b-versatile,legacy_entity_extraction
ent_treatment_e341edad55d8,تقوية المناعة,Treatment,تقوية المناعة,ahd5k_02124,chunk_00006,382451,answer,الاعراض التي في الحلق أعراض فيروس مثل الكوكساكي فيروس تتحسن مع الوقت عليك بتقوية المناعة بأكل الفواكة والحمضيات وشرب الزنجبيل مع العسل والليمون مره باليوم الزنجبيل مطحون بمعدل معلقه صغيره يوجد أيضا شراب ECHINACEA يحسن حالتك,0.900,llama-3.3-70b-versatile,legacy_entity_extraction
ent_diseasecondition_2f75d3dabe0b,حساسية,DiseaseCondition,حساسية,ahd5k_01418,chunk_00007,787042,question,هل هناك اسباب للحساسية من الباراسيتمول,0.850,llama-3.3-70b-versatile,legacy_entity_extraction
ent_symptom_7b839cc80688,ضيق تنفس,Symptom,ضيق بلتنفس,ahd5k_02329,chunk_00007,327080,question,اعاني من ضيق بلتنفس عند حدوث الغبار في الجو,0.850,llama-3.3-70b-versatile,legacy_entity_extraction
ent_test_433492431144,تحليل الحساسية,Test,نتيجة الحساسة,ahd5k_02482,chunk_00007,370620,question,نتيجة الحساسة عندي هي IMMUNOLOGIE ige 183 UI/ml,0.850,llama-3.3-70b-versatile,legacy_entity_extraction
ent_treatment_f4b5c1573769,مضاد الهيستامين,Treatment,مضاد هيستامين,ahd5k_04920,chunk_00007,375608,answer,ابدا مضاد هيستامين مره الى مرتين باليوم,0.850,llama-3.3-70b-versatile,legacy_entity_extraction
ent_diseasecondition_adcc5a085807,الجلد المترهل,DiseaseCondition,الجلد المترهل,ahd5k_01190,chunk_00008,785346,question,كيف يمكن شد الجلد المترهل في منطقه البطن مع العلم ان الوزن مناسب؟,0.850,llama-3.3-70b-versatile,legacy_entity_extraction
ent_treatment_5b2a681074cf,الجراحة التجميلية,Treatment,الجراحة التجميلية,ahd5k_01190,chunk_00008,785346,answer,يمكن شده بممارسة الرياضة أو بالجراحة التجميلية.,0.850,llama-3.3-70b-versatile,legacy_entity_extraction
ent_treatment_8f18706cd796,الرياضة,Treatment,الرياضة,ahd5k_01190,chunk_00008,785346,answer,يمكن شده بممارسة الرياضة أو بالجراحة التجميلية.,0.850,llama-3.3-70b-versatile,legacy_entity_extraction
ent_treatment_550808b4296e,الكركم,Treatment,الكركم,ahd5k_03805,chunk_00008,792923,answer,يستعمل الكركم لتفتيح البشرة حيث انة يضفي اشراقة وحيوية على البشرة، و يستخدم للوجة والجسم بخلطة مع مواد اخرى كماء الورد و القشدة او الكريمة.,0.850,llama-3.3-70b-versatile,legacy_entity_extraction
ent_diseasecondition_1c50bd11c45a,ربو,DiseaseCondition,مرضى القلب,ahd5k_00614,chunk_00009,768114,answer,وجد ان هذه العشبة تزيد من سيولة الدم في المرضى الذين يأخذون الاسبرين او البلافكس او الورفارين وهم الغالبية العظمى من مرضى القلب,0.700,llama-3.3-70b-versatile,legacy_entity_extraction
ent_diseasecondition_2f75d3dabe0b,حساسية,DiseaseCondition,حساسية,ahd5k_00614,chunk_00009,768114,question,هل عشبة الزعرور تتعارض مع مميعات الدم كالأسبرين وتؤدي لنتيجة سلبية ؟,0.850,llama-3.3-70b-versatile,legacy_entity_extraction
ent_test_433492431144,تحليل الحساسية,Test,تسمم الجسم,ahd5k_00614,chunk_00009,768114,answer,وكذلك تزيد من احتمالية تسمم الجسم بدواء ( DIGOXIN ) وذلك عند تفاعله مع هذه العشبة تزداد معدلاته في الدم بصورة عالية,0.700,llama-3.3-70b-versatile,legacy_entity_extraction
ent_symptom_f4cf885a0447,سعال,Symptom,الصداع,ahd5k_00883,chunk_00009,771623,answer,نعم فقد أكدالأستاذ المساعد للتغذية الإكلينيكية في كلية العلوم الطبية التطبيقية بجامعة الملك سعود بالرياض الدكتور “عبدالعزيز بن محمد العثمان” أن مشروبات الطاقة تساهم في ارتفاع ضغط القلب، وزيادة نسبة السكر في الدم والأرق والصداع,0.700,llama-3.3-70b-versatile,legacy_entity_extraction
ent_treatment_b67abf88ef76,حجامة,Treatment,حجامة,ahd5k_03307,chunk_00009,770478,question,ماهي نصائحك لمن عمل الحجامة بعد يوم؟,0.950,llama-3.3-70b-versatile,legacy_entity_extraction
ent_diseasecondition_341d574d8fe5,التهاب اللوزتين,DiseaseCondition,التهاب اللوزتين,ahd5k_02465,chunk_00010,771895,question,هل يوجد علاج بالطب البديل لعلاج التهاب اللوزتين,0.950,llama-3.3-70b-versatile,legacy_entity_extraction
ent_diseasecondition_c8b276e9a67b,التهاب المفاصل,DiseaseCondition,التهاب المفاصل,ahd5k_04473,chunk_00010,22465,answer,الحد من التهاب المفاصل,0.950,llama-3.3-70b-versatile,legacy_entity_extraction
ent_diseasecondition_c8b276e9a67b,التهاب المفاصل,DiseaseCondition,التهاب المفاصل,ahd5k_04473,chunk_00010,22465,answer,لعلاج ألم المفاصل أو التهاب المفاصل,0.950,llama-3.3-70b-versatile,legacy_entity_extraction
ent_symptom_202dedeff038,ألم المفاصل,Symptom,ألم المفاصل,ahd5k_04473,chunk_00010,22465,answer,التخفيف من ألم المفاصل,0.900,llama-3.3-70b-versatile,legacy_entity_extraction
ent_symptom_202dedeff038,ألم المفاصل,Symptom,الم المفاصل,ahd5k_04473,chunk_00010,22465,answer,من فوائد زيت الحنظل للمفاصل أبين لك الآتي: ... التخفيف من الم المفاصل,0.900,llama-3.3-70b-versatile,legacy_entity_extraction
ent_treatment_b036b1170044,زيت الحنظل,Treatment,زيت الحنظل,ahd5k_04473,chunk_00010,22465,answer,يستخرج زيت الحنظل من نبات الحنظل الصحراوي,0.850,llama-3.3-70b-versatile,legacy_entity_extraction
ent_diseasecondition_7abdd04c7114,الحمل,DiseaseCondition,فترة الحمل,ahd5k_03104,chunk_00011,767363,answer,"لا ينبغي استخدام زيت الحلبة قبل استشارة الطبيب , ومن الأفضل تجنب استخدامه أثناء فترة الحمل.",0.950,llama-3.3-70b-versatile,legacy_entity_extraction
ent_treatment_24d83b12af40,زيت الحلبة,Treatment,زيت الحلبة,ahd5k_03104,chunk_00011,767363,question,ما هى فوائد زيت الحلبه للجسم اذا استعمل شربا مع الماء شكرا,0.950,llama-3.3-70b-versatile,legacy_entity_extraction
ent_treatment_24d83b12af40,زيت الحلبة,Treatment,زيت الحلبة,ahd5k_03104,chunk_00011,767363,answer,"فوائد زيت الحلبة للجسم: 1. فوائد زيت الحلبة للشعر: زيت الحلبة له تأثير قوي على نمو الشعر ويحد من الصلع وتساقط الشعر والقشور , فهو مصدر جيد لحمض النيكوتينيك والبروتين.",0.950,llama-3.3-70b-versatile,legacy_entity_extraction
ent_diseasecondition_7abdd04c7114,الحمل,DiseaseCondition,حامل,ahd5k_04697,chunk_00011,767175,question,انا متزوجة وعمري 29 سنة ولدي ثلاثة اطفال اعاني من الدوالي في ساق قدمي بدت الدوالي عندي وانا حامل بالطفل الثاني وازدادت مع حملي في الطفل الثالث ....,0.950,llama-3.3-70b-versatile,legacy_entity_extraction
ent_diseasecondition_c4254d272647,دوالي الساقين,DiseaseCondition,دوالي الساقين,ahd5k_04697,chunk_00011,767175,answer,دوالي الساقين : هي تضخم الأوردة السطحية وقد تحدث في أي مكان من الجسم ولكنها أكثر انتشارا في الساقين .,0.950,llama-3.3-70b-versatile,legacy_entity_extraction
ent_diseasecondition_c4254d272647,دوالي الساقين,DiseaseCondition,دوالي,ahd5k_04697,chunk_00011,767175,question,انا متزوجة وعمري 29 سنة ولدي ثلاثة اطفال اعاني من الدوالي في ساق قدمي بدت الدوالي عندي وانا حامل بالطفل الثاني وازدادت مع حملي في الطفل الثالث ....,0.950,llama-3.3-70b-versatile,legacy_entity_extraction
ent_treatment_6528bb63fe9c,فينوروتون,Treatment,فينوروتون,ahd5k_04697,chunk_00011,767175,answer,العلاج : 1-- تنفيذ النصائح السابقة وتناول علاج بسيط مثل فينوروتون,0.950,llama-3.3-70b-versatile,legacy_entity_extraction
ent_treatment_f5d29134c577,العلاج بالليزر,Treatment,العلاج بالليزر,ahd5k_04697,chunk_00011,767175,answer,6--وافضل طريقة هي العلاج بالليزر حيث أثبتت الأبحاث العالمية نجاحا يفوق الجراحات الأخرى .,0.950,llama-3.3-70b-versatile,legacy_entity_extraction
ent_diseasecondition_f870ba2ab6eb,الدورة الشهرية,DiseaseCondition,الدورة الشهرية,ahd5k_04015,chunk_00012,754522,answer,تنظيم الدورة الشهرية,0.950,llama-3.3-70b-versatile,legacy_entity_extraction
ent_diseasecondition_f870ba2ab6eb,الدورة الشهرية,DiseaseCondition,الطمث,ahd5k_04015,chunk_00012,754522,question,نزول الطمث,0.950,llama-3.3-70b-versatile,legacy_entity_extraction
ent_treatment_2cb98decc0ee,الكرفس,Treatment,الكرفس,ahd5k_04015,chunk_00012,754522,answer,الكرفس,0.850,llama-3.3-70b-versatile,legacy_entity_extraction
ent_treatment_639e625fe991,الزنجبيل,Treatment,الزنجبيل,ahd5k_04015,chunk_00012,754522,answer,الزنجبيل,0.850,llama-3.3-70b-versatile,legacy_entity_extraction
ent_treatment_895d0d591838,القرفة,Treatment,القرفة,ahd5k_04015,chunk_00012,754522,answer,القرفة,0.850,llama-3.3-70b-versatile,legacy_entity_extraction
ent_treatment_b792fc31b8bb,الميرمية,Treatment,الميرمية,ahd5k_04015,chunk_00012,754522,answer,الميرمية,0.850,llama-3.3-70b-versatile,legacy_entity_extraction
ent_treatment_c2ead061e2d0,حشيشة الملاك,Treatment,حشيشة الملاك,ahd5k_04015,chunk_00012,754522,answer,حشيشة الملاك,0.850,llama-3.3-70b-versatile,legacy_entity_extraction
ent_treatment_c91b15de897a,البقدونس,Treatment,البقدونس,ahd5k_04015,chunk_00012,754522,answer,البقدونس,0.850,llama-3.3-70b-versatile,legacy_entity_extraction
ent_treatment_fc32e4036e25,البردقوش,Treatment,البردقوش,ahd5k_04015,chunk_00012,754522,answer,البردقوش,0.850,llama-3.3-70b-versatile,legacy_entity_extraction
ent_treatment_fd42eb263b89,اكليل الجبل,Treatment,اكليل الجبل,ahd5k_04015,chunk_00012,754522,answer,اكليل الجبل,0.850,llama-3.3-70b-versatile,legacy_entity_extraction
ent_diseasecondition_2f75d3dabe0b,حساسية,DiseaseCondition,حساسية,ahd5k_02556,chunk_00013,788199,answer,تجبنه في حال المعاناة من حساسية تجاه البابونج,0.950,llama-3.3-70b-versatile,legacy_entity_extraction
ent_diseasecondition_7abdd04c7114,الحمل,DiseaseCondition,حمل,ahd5k_02556,chunk_00013,788199,answer,يجب تجنب الإفراط في استخدامه في حال الحمل,0.900,llama-3.3-70b-versatile,legacy_entity_extraction
ent_treatment_91cb532e35c6,بابونج,Treatment,بابونج,ahd5k_02556,chunk_00013,788199,question,كيف يحضر شراب البابونج,0.950,llama-3.3-70b-versatile,legacy_entity_extraction
ent_treatment_91cb532e35c6,بابونج,Treatment,البابونج,ahd5k_02556,chunk_00013,788199,answer,ينصح بتغطية كوب البابونج بعد إضافة الماء,0.950,llama-3.3-70b-versatile,legacy_entity_extraction
ent_diseasecondition_16cf4e77b755,التهاب,DiseaseCondition,التهاب,ahd5k_00887,chunk_00014,25538,answer,علاج اضطرابات الهضم والتخفيف من أعراض القولون العصبي.,0.850,llama-3.3-70b-versatile,legacy_entity_extraction
ent_diseasecondition_1c50bd11c45a,ربو,DiseaseCondition,ربو,ahd5k_00887,chunk_00014,25538,answer,التخفيف من أعراض الربو وأمراض الجهاز التنفسي.,0.850,llama-3.3-70b-versatile,legacy_entity_extraction
ent_diseasecondition_2f75d3dabe0b,حساسية,DiseaseCondition,حساسية,ahd5k_00887,chunk_00014,25538,answer,علاج حساسية الأنف والتهاب الجيوب الأنفية.,0.850,llama-3.3-70b-versatile,legacy_entity_extraction
ent_symptom_b754f1a1e5a8,صداع,Symptom,صداع,ahd5k_00887,chunk_00014,25538,answer,التخفيف من أعراض الصداع والصداع النصفي.,0.850,llama-3.3-70b-versatile,legacy_entity_extraction
ent_treatment_677fdfb3086e,زيت الحبة السوداء,Treatment,زيت الحبة السوداء,ahd5k_00887,chunk_00014,25538,question,ما هي فوائد زيت حبة السوداء أو ما يعرف بحبة البركة، وهل يمكن تناولها بشكل يومي؟,0.850,llama-3.3-70b-versatile,legacy_entity_extraction
ent_treatment_fc32e4036e25,البردقوش,Treatment,البردقوش,ahd5k_01330,chunk_00014,784660,question,ماهو البردقوش وهل يوجد باليمن وهل يزيد من عدد الحيوانات المنويه؟,0.850,llama-3.3-70b-versatile,legacy_entity_extraction
ent_diseasecondition_380db6d92562,مرض السكري,DiseaseCondition,مرض السكر,ahd5k_01358,chunk_00014,776142,question,ما هو ابسط علاج لمرض السكر بدون كيماويات؟,0.850,llama-3.3-70b-versatile,legacy_entity_extraction
ent_treatment_7dcc65be78f8,زيت الزيتون,Treatment,زيت الزيتون,ahd5k_04761,chunk_00014,803257,question,ما هي فوائد زيت الزيتون للصحة والجسم,0.850,llama-3.3-70b-versatile,legacy_entity_extraction
ent_treatment_a9901bfb5bd5,مرهم مايكونازول,Treatment,مرهم مايكونازول,ahd5k_04864,chunk_00014,765501,answer,العلاج باستخدام مرهم مايكونازول ، ومضمضة بمطهر حسب ما يصف الطبيب,0.850,llama-3.3-70b-versatile,legacy_entity_extraction
ent_treatment_c97970fb458a,اوميبرازول,Treatment,اوميبرازول,ahd5k_04382,chunk_00015,778481,answer,تناولي احد الأدوية المثبطة لافراز الحمض مثل اوميبرازول,0.950,llama-3.3-70b-versatile,legacy_entity_extraction
ent_diseasecondition_1cff9c5dbe9e,صرع,DiseaseCondition,كهرباء زائدة,ahd5k_02823,chunk_00016,808060,question,طفل عمره اربع سنوات شخص مرضه على انه كهرباء زائدة,0.950,llama-3.3-70b-versatile,legacy_entity_extraction
ent_diseasecondition_1cff9c5dbe9e,صرع,DiseaseCondition,داء الصرع,ahd5k_02823,chunk_00016,808060,answer,عبارة ( كهرباء زائدة ) او ( شحنات كهرباء ) يطلقها الاطباء على داء الصرع,0.950,llama-3.3-70b-versatile,legacy_entity_extraction
ent_symptom_871c0c5d659d,نوبة,Symptom,نوبات عامة,ahd5k_02823,chunk_00016,808060,answer,الصرع نوعان : 1- نوبات عامة تصيب جميع اجزاء الجسم,0.900,llama-3.3-70b-versatile,legacy_entity_extraction
ent_symptom_871c0c5d659d,نوبة,Symptom,نوبات جزئية,ahd5k_02823,chunk_00016,808060,answer,2- نوبات جزئية تصيب جزء او عضو من الجسم,0.900,llama-3.3-70b-versatile,legacy_entity_extraction
ent_diseasecondition_46e10e992f79,تلون الشبكيه الصبغي,DiseaseCondition,مرض تلون الشبكيه الصبغي,ahd5k_04028,chunk_00017,774490,question,مرض وراثي,0.950,llama-3.1-8b-instant,legacy_entity_extraction
ent_symptom_4ee1ee88d9f2,الديدان الشريطية,Symptom,الديدان الشريطية,ahd5k_04028,chunk_00017,774490,answer,طارد للديدان الشريطية,0.950,llama-3.1-8b-instant,legacy_entity_extraction
ent_symptom_b754f1a1e5a8,صداع,Symptom,صداع,ahd5k_04028,chunk_00017,774490,question,شفاء الصداع وآلام الرأس,0.950,llama-3.1-8b-instant,legacy_entity_extraction
ent_test_dd68aa784555,تحاليل مخبرية,Test,تحاليل مخبرية,ahd5k_04028,chunk_00017,774490,question,تحاليل مخبرية,0.950,llama-3.1-8b-instant,legacy_entity_extraction
ent_treatment_a8aa599914fd,حرمل,Treatment,الحرمل,ahd5k_04028,chunk_00017,774490,answer,مقو عام وخافض للحرارة ومنشط ومزيل لضيق التنفس البرداء المزمنة ومدرر للبول وطارد للديدان الشريطية,0.950,llama-3.1-8b-instant,legacy_entity_extraction
ent_treatment_72992721d87a,جرعة,Treatment,الجعة اللازمة,ahd5k_03753,chunk_00018,747892,answer,الجعة اللازمة تكون خسب ما هو مكتوب على ورقة الإرشادات المرفقة مع عبوة الدواء,0.850,llama-3.3-70b-versatile,legacy_entity_extraction
ent_treatment_9a6b401143ed,مكمل غدائي,Treatment,مكمل غدائيي اسمه MG 180 lITHOGINKGO,ahd5k_03753,chunk_00018,747892,question,اشتريت مكمل غدائيي اسمه MG 180 lITHOGINKGO,0.850,llama-3.3-70b-versatile,legacy_entity_extraction
ent_diseasecondition_2f75d3dabe0b,حساسية,DiseaseCondition,حب الشباب,ahd5k_03258,chunk_00019,762430,question,منذ دخول الصيف وانا اعاني من ظهور حبوب في وجهي,0.850,llama-3.3-70b-versatile,legacy_entity_extraction
ent_treatment_039793a12776,الايزوتريتينوين,Treatment,الايزوتريتينوين,ahd5k_03258,chunk_00019,762430,answer,يفضل مراجعة طبيب الجلدية لوصف العلاج المناسب لانه عادة يحتاج حب الشباب الى ادوية لعلاجها منها الايزوتريتينوين,0.950,llama-3.3-70b-versatile,legacy_entity_extraction
ent_treatment_13b8274bb134,سيلدينافيل,Treatment,سيلدينافيل,ahd5k_03453,chunk_00019,758290,answer,تكبير حجم القضيب تكبيرا دائما لا يحدث إلا في مرحلة البلوغ او المراهقة باخذ حقن التستيرون ولكنه لا يفيد بعد ذلك العمر اما تكبير حجمه بشكل مؤقت عند الممارسة الجنسية فيمكنك استعمال : - دواء سيلدينافيل الذي يساعد على الانتصاب,0.900,llama-3.3-70b-versatile,legacy_entity_extraction
ent_treatment_bda1067a70d1,تستيرون,Treatment,تستيرون,ahd5k_03453,chunk_00019,758290,answer,تكبير حجم القضيب تكبيرا دائما لا يحدث إلا في مرحلة البلوغ او المراهقة باخذ حقن التستيرون ولكنه لا يفيد بعد ذلك العمر,0.900,llama-3.3-70b-versatile,legacy_entity_extraction
ent_symptom_1489f63a8622,هيشان الشعر,Symptom,هيشان الشعر,ahd5k_00149,chunk_00020,765465,answer,علاج هيشان الشعر هو استخدام كريم التصفيف بالزيوت الطبيعية,0.850,llama-3.3-70b-versatile,legacy_entity_extraction
ent_diseasecondition_99d821e71fc1,فقر دم,DiseaseCondition,فقر دم,ahd5k_01178,chunk_00020,755335,answer,عليك بالذاء الصحي المتوازن و تناول الفيتامينات و عمل فحص للكشف اذا كان هناك فقر دم او لا,0.850,llama-3.3-70b-versatile,legacy_entity_extraction
ent_treatment_24d83b12af40,زيت الحلبة,Treatment,زيت الحلبة,ahd5k_01292,chunk_00020,773150,question,هل تناول ملعقة يوميا من زيت الحلبة على الريق يزيد من حجم الثدي بجانب التمارين,0.850,llama-3.3-70b-versatile,legacy_entity_extraction
ent_treatment_24d83b12af40,زيت الحلبة,Treatment,زيت الحلبة,ahd5k_01292,chunk_00020,773150,answer,اشربى من الحلبة كتير اما بالنسبة لزيت الحلبة ضعي منه معلقة على صدرك وادهنى صدرك بزيت الحلبة بالليل وبزيت الزيتون الصبح,0.850,llama-3.3-70b-versatile,legacy_entity_extraction
ent_diseasecondition_cbcc5fb6bf54,صغر الثدي,DiseaseCondition,صغر الثدي,ahd5k_01423,chunk_00020,764662,question,عمري 18 سنة وأنا أعاني من صغر الثدي هل يوجد أي حل لتكبيره دون جراحة,0.850,llama-3.3-70b-versatile,legacy_entity_extraction
ent_treatment_3278b7c5cc1b,حليب الصويا,Treatment,حليب الصويا,ahd5k_01423,chunk_00020,764662,answer,حليب الصويا له فوائد عديدة فهو يزيد من افراز هرمون الأستروجين الأنثوي الذي يثير الرغبة الجنسية عند المرأة ويزيد من حجم الأعضاء التناسلية والثديين,0.850,llama-3.3-70b-versatile,legacy_entity_extraction
ent_treatment_b792fc31b8bb,الميرمية,Treatment,الميرمية,ahd5k_01651,chunk_00020,796667,question,هل زيت نبات الميرمية له آثار جانبية عند تناوله بشكل 3 كبسولات قبل الطعام للتخلص من افراز البرولاكتين المفرز والناتج عن ورم حميد في الغدة النخامية,0.850,llama-3.3-70b-versatile,legacy_entity_extraction
ent_treatment_b792fc31b8bb,الميرمية,Treatment,الميرمية,ahd5k_01651,chunk_00020,796667,answer,الميرمية لها فوائد كثيرة ومنها تخفيف ادرار الجليب ولكنها لا تعطى للمرأة الحامل لأنها تثير تقلصات الرحم فيمكن أن تسبب الاجهاض,0.850,llama-3.3-70b-versatile,legacy_entity_extraction
ent_diseasecondition_16cf4e77b755,التهاب,DiseaseCondition,البواسير,ahd5k_02810,chunk_00021,769792,answer,البواسير بداية هو استخدام مرهم نيوهيلار داخل الشرج,0.850,llama-3.1-8b-instant,legacy_entity_extraction
ent_symptom_7b839cc80688,ضيق تنفس,Symptom,ضيق النفس,ahd5k_03444,chunk_00022,123,question,ضيق النفس شديد دون سبب طبى,0.850,llama-3.1-8b-instant,legacy_entity_extraction
ent_treatment_53d2565c0b22,برامج رقية,Treatment,برامج رقية,ahd5k_03444,chunk_00022,123,answer,استخدمت برامج رقية كتير,0.850,llama-3.1-8b-instant,legacy_entity_extraction
ent_diseasecondition_7754d34e2c52,شيب,DiseaseCondition,شيب,ahd5k_04612,chunk_00022,123,question,هل يوجد حل لعلاج الشيب المبكر,0.850,llama-3.1-8b-instant,legacy_entity_extraction
ent_treatment_48712ae621b5,خلطة الريحان و الروزماري,Treatment,خلطة الريحان و الروزماري,ahd5k_04612,chunk_00022,123,question,هل خلطة الريحان و الروزماري مفيدة للتخلص من الشيب,0.850,llama-3.1-8b-instant,legacy_entity_extraction
ent_diseasecondition_050f0f4f890b,كسل بالغدة الدرقية,DiseaseCondition,كسل بالغدة الدرقية,ahd5k_04779,chunk_00022,123,question,هل هناك اعشاب معينه ممكن ان آخذها للمحافظة على الغدة الدرقية,0.850,llama-3.1-8b-instant,legacy_entity_extraction
ent_treatment_982172163039,خلطة العسل والفوقص الحوصلي والغذاء الملكي والعكبر والقسط الهندي,Treatment,خلطة العسل والفوقص الحوصلي والغذاء الملكي والعكبر والقسط الهندي,ahd5k_04779,chunk_00022,123,answer,هذه خلطة مفيدة ان شاء الله لمن معهم كسل بالغدة الدرقية,0.850,llama-3.1-8b-instant,legacy_entity_extraction
ent_symptom_6910233b82fc,بروز في البطن,Symptom,بروز في البطن,ahd5k_04986,chunk_00022,123,question,انا بنت عمري 22 سنة بدي علاج طبيعي وسريع للبطن.. عندي بروز في البطن,0.850,llama-3.1-8b-instant,legacy_entity_extraction
ent_treatment_a3fdf405330a,تمارين رياضية,Treatment,تمارين,ahd5k_04986,chunk_00022,123,question,وجربت التمارين فترة بس ما لاحظت نتيجة كبيرة,0.850,llama-3.1-8b-instant,legacy_entity_extraction
ent_diseasecondition_d2e284c27e53,اللمف,DiseaseCondition,اللمف,ahd5k_00291,chunk_00024,806401,answer,سائل شفاف، يميل لونه إلى الصفرة يشبه في تركيبه تركيب الدم إلا أنّه لا يحتوي على كرات دم حمراء بل كرات دم بيضاء.,0.850,llama-3.1-8b-instant,legacy_entity_extraction
ent_diseasecondition_1d360e20e36c,الموت الدماغي,DiseaseCondition,الموت الدماغي,ahd5k_04739,chunk_00024,808347,answer,يعني عدم وجود موجات كهربائية في تخطيط الدماغ الكهربائي.,0.850,llama-3.1-8b-instant,legacy_entity_extraction
ent_diseasecondition_a2bb8f572461,النخاع الشوكي,DiseaseCondition,النخاع الشوكي,ahd5k_04739,chunk_00024,808347,answer,تحته.ويوجد على سطحه الأمامي أخدود ناصف وعلى كل جانب إنتفاخ يدعى الهرم . وتتكون الهرمين من حزم من الألياف العصبية التي تأتي من خلايا عصبية عريضة في التلفيف قبل المركزي.,0.850,llama-3.1-8b-instant,legacy_entity_extraction
ent_diseasecondition_16cf4e77b755,التهاب,DiseaseCondition,التهاب,ahd5k_00673,chunk_00025,805608,answer,التهاب,0.950,llama-3.1-8b-instant,legacy_entity_extraction
ent_diseasecondition_16cf4e77b755,التهاب,DiseaseCondition,التهاب,ahd5k_00673,chunk_00025,805608,question,التهاب,0.950,llama-3.1-8b-instant,legacy_entity_extraction
ent_diseasecondition_f12d335bd2d8,التهاب مفصل الركبة,DiseaseCondition,التهاب مفصل الركبة,ahd5k_00673,chunk_00025,805608,answer,تهاب مفصل الركبة,0.950,llama-3.1-8b-instant,legacy_entity_extraction
ent_diseasecondition_f12d335bd2d8,التهاب مفصل الركبة,DiseaseCondition,التهاب مفصل الركبة,ahd5k_00673,chunk_00025,805608,question,التهاب مفصل الركبة,0.950,llama-3.1-8b-instant,legacy_entity_extraction
ent_diseasecondition_f12d335bd2d8,التهاب مفصل الركبة,DiseaseCondition,التهاب مفصل الركبة,ahd5k_00673,chunk_00025,805608,answer,التهاب مفصل الركبة,0.950,llama-3.1-8b-instant,legacy_entity_extraction
ent_diseasecondition_16cf4e77b755,التهاب,DiseaseCondition,التهاب,ahd5k_03985,chunk_00025,805114,answer,التهاب,0.950,llama-3.1-8b-instant,legacy_entity_extraction
ent_diseasecondition_db17a406c72e,ارتفاع ضغط الدم,DiseaseCondition,ارتفاع ضغط الدم,ahd5k_03983,chunk_00026,668656,answer,ارتفاع ضغط الدم,0.950,llama-3.1-8b-instant,legacy_entity_extraction
ent_diseasecondition_017a6d080eff,القولون,DiseaseCondition,القولون,ahd5k_01181,chunk_00027,806613,answer,القولون,0.850,llama-3.1-8b-instant,legacy_entity_extraction
ent_diseasecondition_017a6d080eff,القولون,DiseaseCondition,القولون,ahd5k_01181,chunk_00027,806613,question,القولون,0.850,llama-3.1-8b-instant,legacy_entity_extraction
ent_diseasecondition_ca9304cd0dde,القولون العصبي,DiseaseCondition,القولون العصبي,ahd5k_01181,chunk_00027,806613,question,القولون العصبي,0.850,llama-3.1-8b-instant,legacy_entity_extraction
ent_diseasecondition_ca9304cd0dde,القولون العصبي,DiseaseCondition,القولون العصبي,ahd5k_01181,chunk_00027,806613,answer,القولون العصبي,0.850,llama-3.1-8b-instant,legacy_entity_extraction
ent_diseasecondition_d570c92436e9,ارتخاء,DiseaseCondition,ارتخاء في الآنسجة الضامة في الجسم,ahd5k_01181,chunk_00027,806613,answer,ارتخاء في الآنسجة الضامة في الجسم,0.850,llama-3.1-8b-instant,legacy_entity_extraction
ent_diseasecondition_017a6d080eff,القولون,DiseaseCondition,القولون,ahd5k_04566,chunk_00027,806434,answer,القولون,0.850,llama-3.1-8b-instant,legacy_entity_extraction
ent_diseasecondition_017a6d080eff,القولون,DiseaseCondition,القولون,ahd5k_04566,chunk_00027,806434,question,القولون,0.850,llama-3.1-8b-instant,legacy_entity_extraction
ent_diseasecondition_ca9304cd0dde,القولون العصبي,DiseaseCondition,القولون العصبي,ahd5k_04566,chunk_00027,806434,question,القولون العصبي,0.850,llama-3.1-8b-instant,legacy_entity_extraction
ent_diseasecondition_ca9304cd0dde,القولون العصبي,DiseaseCondition,القولون العصبي,ahd5k_04566,chunk_00027,806434,answer,القولون العصبي,0.850,llama-3.1-8b-instant,legacy_entity_extraction
ent_diseasecondition_d570c92436e9,ارتخاء,DiseaseCondition,ارتخاء في الآنسجة الضامة في الجسم,ahd5k_04566,chunk_00027,806434,answer,ارتخاء في الآنسجة الضامة في الجسم,0.850,llama-3.1-8b-instant,legacy_entity_extraction
ent_diseasecondition_16cf4e77b755,التهاب,DiseaseCondition,التهاب الرحم,ahd5k_03068,chunk_00028,807985,answer,التهابات المهبل,0.850,llama-3.1-8b-instant,legacy_entity_extraction
ent_diseasecondition_16cf4e77b755,التهاب,DiseaseCondition,التهاب المهبل,ahd5k_03068,chunk_00028,807985,answer,التهابات المهبل,0.850,llama-3.1-8b-instant,legacy_entity_extraction
ent_diseasecondition_2f75d3dabe0b,حساسية,DiseaseCondition,حساسية جلديه,ahd5k_03068,chunk_00028,807985,question,حساسية جلديه,0.850,llama-3.1-8b-instant,legacy_entity_extraction
ent_diseasecondition_380db6d92562,مرض السكري,DiseaseCondition,السكري,ahd5k_03068,chunk_00028,807985,answer,مرض السكري,0.850,llama-3.1-8b-instant,legacy_entity_extraction
ent_test_dd68aa784555,تحاليل مخبرية,Test,تحليل الحساسية,ahd5k_03068,chunk_00028,807985,answer,تحليل الحساسية,0.850,llama-3.1-8b-instant,legacy_entity_extraction
ent_diseasecondition_380db6d92562,مرض السكري,DiseaseCondition,مرض السكري المتظور,ahd5k_03284,chunk_00028,807585,answer,مرض السكري المتظور,0.850,llama-3.1-8b-instant,legacy_entity_extraction
ent_diseasecondition_3a46ea69fd7e,التهاب العصي البصري,DiseaseCondition,التهاب العصي البصري,ahd5k_03284,chunk_00028,807585,answer,التهاب العصي البصري,0.850,llama-3.1-8b-instant,legacy_entity_extraction
ent_diseasecondition_7a635a09206f,الورم الدماغي,DiseaseCondition,الورم الدماغي,ahd5k_03284,chunk_00028,807585,question,الورم الدماغي,0.850,llama-3.1-8b-instant,legacy_entity_extraction
ent_diseasecondition_048de7f33784,سرطان المستقيم,DiseaseCondition,سرطان المستقيم,ahd5k_02207,chunk_00029,808012,answer,سرطان المستقيم هو سرطان الجزء الاخير من القولون.,0.950,llama-3.1-8b-instant,legacy_entity_extraction
ent_diseasecondition_0643ed72d249,سرطان القولون,DiseaseCondition,سرطان القولون,ahd5k_02207,chunk_00029,808012,answer,سرطان المستقيم هو سرطان الجزء الاخير من القولون.,0.950,llama-3.1-8b-instant,legacy_entity_extraction
ent_diseasecondition_7f3c581aaa3e,ارتكاريا,DiseaseCondition,ارتكاريا,ahd5k_00348,chunk_00030,83228,answer,ترتفع درجة حرارة الجسم عندما ترتبط البيروجينات بمنطقة تحت المهاد، أهمها إنترلوكين 1 (IL-1),0.850,llama-3.1-8b-instant,legacy_entity_extraction
ent_symptom_018ebc11f6df,حمى,Symptom,حمى,ahd5k_00348,chunk_00030,83228,answer,ترتفع درجة حرارة الجسم عندما ترتبط البيروجينات بمنطقة تحت المهاد، أهمها إنترلوكين 1 (IL-1),0.850,llama-3.1-8b-instant,legacy_entity_extraction
ent_test_c4cfd2d6468c,أشعة,Test,أشعة,ahd5k_04934,chunk_00031,808449,answer,صورة أمامية خلفية وصورة أخرى جانبية,0.950,llama-3.1-8b-instant,legacy_entity_extraction
ent_diseasecondition_94a9a87f1248,انفراص,DiseaseCondition,انفراص بالفاصل العجزي القطني,ahd5k_00088,chunk_00032,786887,answer,انقراص غير مسبب لضغط على الجذور العصبية,0.850,llama-3.1-8b-instant,legacy_entity_extraction
ent_diseasecondition_bcda4485dd1d,انقراص,DiseaseCondition,انقراص,ahd5k_00088,chunk_00032,786887,answer,انقراص غير مسبب لضغط على الجذور العصبية,0.850,llama-3.1-8b-instant,legacy_entity_extraction
ent_treatment_06c0f51bf3d5,كي حبة,Treatment,كي حبة,ahd5k_01924,chunk_00032,808294,answer,استعمال حبوب مغنيسيوم او كي حبة يوميا,0.850,llama-3.1-8b-instant,legacy_entity_extraction
ent_treatment_25ad5edaca54,حبوب مغنيسيوم,Treatment,حبوب مغنيسيوم,ahd5k_01924,chunk_00032,808294,answer,استعمال حبوب مغنيسيوم او كي حبة يوميا,0.850,llama-3.1-8b-instant,legacy_entity_extraction
ent_treatment_f11b22153e4b,نصف حبة,Treatment,نصف حبة,ahd5k_01924,chunk_00032,808294,answer,اضافة نصف حبة لازكس يوميا قبل موعد الدورة باسبوع,0.850,llama-3.1-8b-instant,legacy_entity_extraction
ent_treatment_1ea61807a7b3,لوسنتيس,Treatment,لوسنتيس,ahd5k_03085,chunk_00032,807944,answer,استعمال ادويه من اجل تخفيف مشاكل الاوعيه الدمويه في الشبكيه مثل ادويه بيفاسيزوماب(افاستين) ورانيبيزوماب (لوسنتيس),0.850,llama-3.1-8b-instant,legacy_entity_extraction
ent_treatment_5ea001fbe018,بيفاسيزوماب,Treatment,بيفاسيزوماب,ahd5k_03085,chunk_00032,807944,answer,استعمال ادويه من اجل تخفيف مشاكل الاوعيه الدمويه في الشبكيه مثل ادويه بيفاسيزوماب(افاستين) ورانيبيزوماب (لوسنتيس),0.850,llama-3.1-8b-instant,legacy_entity_extraction
ent_treatment_8b9727a6ed45,بروفين,Treatment,بروفين,ahd5k_03085,chunk_00032,807944,answer,استعمال بعض الادويه اللاستيروييديه المضاده للالتهاب مثل الاسبرين والبروفين,0.850,llama-3.1-8b-instant,legacy_entity_extraction
ent_treatment_b333a867faf6,الأسبرين,Treatment,اسبرين,ahd5k_03085,chunk_00032,807944,answer,استعمال بعض الادويه اللاستيروييديه المضاده للالتهاب مثل الاسبرين والبروفين,0.850,llama-3.1-8b-instant,legacy_entity_extraction
ent_treatment_cfd58ff106a6,افاستين,Treatment,افاستين,ahd5k_03085,chunk_00032,807944,answer,استعمال ادويه من اجل تخفيف مشاكل الاوعيه الدمويه في الشبكيه مثل ادويه بيفاسيزوماب(افاستين) ورانيبيزوماب (لوسنتيس),0.850,llama-3.1-8b-instant,legacy_entity_extraction
ent_diseasecondition_c7baf8534e07,دوالي الخصية,DiseaseCondition,دوالي الخصية,ahd5k_00261,chunk_00033,808368,answer,دوالي الخصية,0.850,llama-3.1-8b-instant,legacy_entity_extraction
ent_treatment_f4382c9333bb,العلاج بالجراحة,Treatment,العلاج بالجراحة,ahd5k_00261,chunk_00033,808368,answer,العلاج بالجراحة,0.850,llama-3.1-8b-instant,legacy_entity_extraction
ent_diseasecondition_bd502372680c,شلل العصب السابع,DiseaseCondition,شلل العصب السابع,ahd5k_01221,chunk_00033,808405,answer,شلل العصب السابع,0.850,llama-3.1-8b-instant,legacy_entity_extraction
ent_treatment_65d67800955e,مضادات الفيروسات,Treatment,مضادات الفيروسات,ahd5k_01221,chunk_00033,808405,answer,مضادات الفيروسات,0.850,llama-3.1-8b-instant,legacy_entity_extraction
ent_treatment_93132ac17089,مضادات الالتهاب,Treatment,مضادات الالتهاب,ahd5k_01221,chunk_00033,808405,answer,مضادات الالتهاب,0.850,llama-3.1-8b-instant,legacy_entity_extraction
ent_treatment_acb8b834aff2,الكورتيزونات,Treatment,الكورتيزونات,ahd5k_01221,chunk_00033,808405,answer,الكورتيزونات,0.850,llama-3.1-8b-instant,legacy_entity_extraction
ent_treatment_afbe4f3ae93f,العلاج الطبيعي,Treatment,العلاج الطبيعي,ahd5k_01221,chunk_00033,808405,answer,العلاج الطبيعي,0.850,llama-3.1-8b-instant,legacy_entity_extraction
ent_treatment_e7f992c031a2,العلاج بالإبر الصينية,Treatment,العلاج بالإبر الصينية,ahd5k_01221,chunk_00033,808405,answer,العلاج بالإبر الصينية,0.850,llama-3.1-8b-instant,legacy_entity_extraction
ent_treatment_2622a2a540cb,الاستئصال الجراحي,Treatment,الاستئصال الجراحي,ahd5k_02313,chunk_00033,807750,answer,الاستئصال الجراحي,0.850,llama-3.1-8b-instant,legacy_entity_extraction
ent_diseasecondition_16cf4e77b755,التهاب,DiseaseCondition,التهاب,ahd5k_02587,chunk_00034,785066,answer,يحصل الاختناق نتيجة عدم وصول الاوكسجين الى الرئتين وتكاثرغاز ثاني اكسيد الكربون او غيره من الغازات غير الصالحة للتنفس فيتخدر الجهاز العصبي ويفسد الدم ويتعرض المصاب الى الارتخاء ثم الى الغيبوبة ثم الموت.ويحدث ذلك في حالات الصعقة الكهربائية والغرق وغيرهما من الحالات التي تسبب قلة استنشاق الأكسجين وتراكم الغازات غير الصالحة . للتنفس ويعم ذلك الدم في جميع اجزاء الجسم فيظهر إزرقاق الشفاه والانف والاذن والاصابع.،وعند الموت يتجمع الدم في الأجزاء السفلية من الجسم القريبة من الأرض، وبعد ساعتين تظهر البقع الزرقاء على الظهرفعل تجمع الدم --الذي يكون فقيرا بالكسجين وغنيا بثاني أكسيد الكربون--وإذا كانت الأصابع في وضعية أخفض من الجسم فيتراكم فيها هذا الدم فتبدو زرقاء اللون,0.850,llama-3.1-8b-instant,legacy_entity_extraction
ent_diseasecondition_e33658f424f6,ملازمة داون,DiseaseCondition,ملازمة داون,ahd5k_04031,chunk_00035,808100,answer,دراسات أخيرة وجد أن متوسط أعمار مرضى ملازمة داون قد ارتفع إلى حوالي ٤٨ سنة,0.850,llama-3.1-8b-instant,legacy_entity_extraction
ent_diseasecondition_16cf4e77b755,التهاب,DiseaseCondition,التهاب,ahd5k_04190,chunk_00035,807849,answer,هذه الطبقة هي نوع من التسوس,0.850,llama-3.1-8b-instant,legacy_entity_extraction
ent_diseasecondition_30c063bfe92d,التسوس,DiseaseCondition,التسوس,ahd5k_04190,chunk_00035,807849,answer,هذه الطبقة هي نوع من التسوس,0.850,llama-3.1-8b-instant,legacy_entity_extraction
ent_treatment_3142ddcc1955,الفياغرا,Treatment,الفياغرا,ahd5k_04451,chunk_00035,804198,answer,يمكنك استشارة الطبيب لتناول الفياغرا,0.850,llama-3.1-8b-instant,legacy_entity_extraction
ent_test_5b6be44fb944,بزل الصدر,Test,بزل الصدر,ahd5k_04576,chunk_00035,679451,answer,بزل الصدر (المعروف أيضا باسم تفجير الصدر) هو إجراء لإزالة سائل أو هواء من غشاء الجنب لأغراض تشخيصية أو علاجية,0.850,llama-3.1-8b-instant,legacy_entity_extraction
ent_diseasecondition_987cc3cc606f,علم التشريح,DiseaseCondition,علم التشريح,ahd5k_04679,chunk_00036,760150,answer,لقد حظي التشريح في عمل القاموس بنصيب الأسد,0.950,llama-3.1-8b-instant,legacy_entity_extraction
ent_diseasecondition_16cf4e77b755,التهاب,DiseaseCondition,التهاب,ahd5k_01578,chunk_00037,805860,answer,التهاب في العين وفقدان حاسة الشم واختلال وظائف الكبد والكلى,0.950,llama-3.1-8b-instant,legacy_entity_extraction
ent_diseasecondition_46faf93722a3,الفركتوز,DiseaseCondition,الفركتوز,ahd5k_01578,chunk_00037,805860,answer,الفركتوز هو نوع اخر من السكر يكون مكونا لجدار الخلايا,0.950,llama-3.1-8b-instant,legacy_entity_extraction
ent_diseasecondition_46faf93722a3,الفركتوز,DiseaseCondition,سكر الذرة,ahd5k_01578,chunk_00037,805860,answer,الجلوكوز ويسمى ايضا سكر العنب اوسكر الذرة,0.950,llama-3.1-8b-instant,legacy_entity_extraction
ent_diseasecondition_8e104f8ce212,الجالكتوز,DiseaseCondition,الجالكتوز,ahd5k_01578,chunk_00037,805860,answer,الجلاكتوز هو نوع من انواع السكر يدخل في تركيب الكثير من البروتينات والدهون في الخلايا,0.950,llama-3.1-8b-instant,legacy_entity_extraction
ent_symptom_5a4646c01c0e,اختلال وظائف الكبد,Symptom,اختلال وظائف الكبد,ahd5k_01578,chunk_00037,805860,answer,التهاب في العين وفقدان حاسة الشم واختلال وظائف الكبد والكلى,0.950,llama-3.1-8b-instant,legacy_entity_extraction
ent_test_d990d9189fc6,الجلوكوز,Test,الجلوكوز,ahd5k_01578,chunk_00037,805860,answer,الجلوكوز هو نوع من انواع السكر يدخل في تركيب الكثير من البروتينات والدهون في الخلايا,0.950,llama-3.1-8b-instant,legacy_entity_extraction
ent_test_d990d9189fc6,الجلوكوز,Test,سكر العنب,ahd5k_01578,chunk_00037,805860,answer,الجلوكوز ويسمى ايضا سكر العنب اوسكر الذرة,0.950,llama-3.1-8b-instant,legacy_entity_extraction
ent_test_d990d9189fc6,الجلوكوز,Test,الجلوكوز,ahd5k_01578,chunk_00037,805860,answer,اذا تم اضافه الجلوكوز له برابطه ثناييه ينج عندنا سكر اللاكتوز,0.950,llama-3.1-8b-instant,legacy_entity_extraction
ent_diseasecondition_28abf8165f28,بيلة الميوغلوبين,DiseaseCondition,مرض بيلة الميوغلوبين,ahd5k_03468,chunk_00038,787368,question,مرض بيلة الميوغلوبين ارجو ايفادي به,0.950,llama-3.1-8b-instant,legacy_entity_extraction
ent_diseasecondition_28abf8165f28,بيلة الميوغلوبين,DiseaseCondition,بيلة الميوغلوبين,ahd5k_03468,chunk_00038,787368,answer,العلاج الاهم هو السوائل للمحافظة على الكلى,0.950,llama-3.1-8b-instant,legacy_entity_extraction
ent_treatment_b7e7fb09dd09,السوائل,Treatment,السوائل,ahd5k_03468,chunk_00038,787368,answer,العلاج الاهم هو السوائل للمحافظة على الكلى,0.950,llama-3.1-8b-instant,legacy_entity_extraction
ent_diseasecondition_16cf4e77b755,التهاب,DiseaseCondition,التهاب,ahd5k_04866,chunk_00039,792335,answer,احتراق الجلد من قبل ذرات المعدن المنصهر والمتطاير عند القوس الكهربائى,0.850,llama-3.1-8b-instant,legacy_entity_extraction
ent_diseasecondition_5dcc30c3edc8,الحروق,DiseaseCondition,الحروق,ahd5k_04866,chunk_00039,792335,answer,الحروق الكهربائية وهى اكثر انواع الصدمات الكهربائية انتشارا,0.950,llama-3.1-8b-instant,legacy_entity_extraction
ent_diseasecondition_6fc3f18427fb,الصدمة الكهربائية,DiseaseCondition,الصدمه الكهرباييه,ahd5k_04866,chunk_00039,792335,answer,الصدمه الكهرباييه وتتجلي بالضرر الذى يصيب انسجة الجسم نتيجة تأثير التيار او القوس الكهربائى,0.950,llama-3.1-8b-instant,legacy_entity_extraction
ent_treatment_328642ab84d2,النواقل,Treatment,النواقل,ahd5k_04866,chunk_00039,792335,answer,توضع النواقل فى داره قصر للحصول علي نفس النتيجه,0.950,llama-3.1-8b-instant,legacy_entity_extraction
ent_treatment_3c3b0b18ce4a,الادوات,Treatment,الادوات,ahd5k_04866,chunk_00039,792335,answer,يستعمل الادوات التي لها مقابض عازلة,0.950,llama-3.1-8b-instant,legacy_entity_extraction
ent_treatment_450cbdcb87da,الطبيب,Treatment,الطبيب,ahd5k_04866,chunk_00039,792335,answer,يستدعي الطبيب او المسعف للتعامل مع المصاب,0.950,llama-3.1-8b-instant,legacy_entity_extraction
ent_diseasecondition_884ee2807f70,بروثرومبين,DiseaseCondition,بروثرومبين,ahd5k_00679,chunk_00040,801984,answer,بروثرومبين في الدم,0.850,llama-3.1-8b-instant,legacy_entity_extraction
ent_symptom_018ebc11f6df,حمى,Symptom,حمى,ahd5k_00679,chunk_00040,801984,question,بمعلوية زمن البروثرومبين كيف يمكن حساب تركيز البروثرومبين؟,0.850,llama-3.1-8b-instant,legacy_entity_extraction
ent_test_dd68aa784555,تحاليل مخبرية,Test,تحليل مخبري,ahd5k_00679,chunk_00040,801984,answer,تحليل مخبري,0.850,llama-3.1-8b-instant,legacy_entity_extraction
ent_diseasecondition_0c001085703e,الورم النقوي المتعدد,DiseaseCondition,الورم النقوي المتعدد,ahd5k_01930,chunk_00041,770115,answer,ورم نقوي متعدد multiple myeloma,0.950,llama-3.1-8b-instant,legacy_entity_extraction
ent_diseasecondition_4b1ef800ffb3,متلازمة فالدنستروم,DiseaseCondition,متلازمة فالدنستروم,ahd5k_01930,chunk_00041,770115,answer,متلازمة فالدنستروم,0.950,llama-3.1-8b-instant,legacy_entity_extraction
ent_test_645255369776,تحليل,Test,تحليل,ahd5k_01930,chunk_00041,770115,answer,تحليل لبروتينات الدم,0.950,llama-3.1-8b-instant,legacy_entity_extraction
ent_diseasecondition_16cf4e77b755,التهاب,DiseaseCondition,التهاب,ahd5k_00639,chunk_00042,792334,answer,التهاب,0.850,llama-3.1-8b-instant,legacy_entity_extraction
ent_diseasecondition_aaf0d0958a26,السرطان,DiseaseCondition,السرطان,ahd5k_04985,chunk_00042,777302,answer,السرطان,0.850,llama-3.1-8b-instant,legacy_entity_extraction
ent_diseasecondition_2cbe61e08310,سمنة الأرداف,DiseaseCondition,سمنة الأرداف,ahd5k_00643,chunk_00043,774568,answer,سمنة الأرداف والسيقان من المشاكل الرئيسية التي تؤرق النساء الشرقيات.,0.850,llama-3.1-8b-instant,legacy_entity_extraction
ent_treatment_77e8744fec6a,فجل أبيض,Treatment,فجل أبيض,ahd5k_00643,chunk_00043,774568,answer,تناول الفجل الأبيض الذي أثبتت الدراسات أنه يذيب الدهون عامة وفي منطقة الأرداف والفخذين,0.850,llama-3.1-8b-instant,legacy_entity_extraction
ent_treatment_77e8744fec6a,فجل أبيض,Treatment,الجمل الأبيض,ahd5k_00643,chunk_00043,774568,answer,تناول الفجل الأبيض الذي أثبتت الدراسات أنه يذيب الدهون عامة وفي منطقة الأرداف والفخذين,0.850,llama-3.1-8b-instant,legacy_entity_extraction
ent_diseasecondition_2cbe61e08310,سمنة الأرداف,DiseaseCondition,سمنة الأرداف,ahd5k_03893,chunk_00043,780050,answer,هذه السمنة في الأرداف تحمي المرأة من هشاشة العظام,0.850,llama-3.1-8b-instant,legacy_entity_extraction
ent_diseasecondition_7f8719b1c99d,سيستي هيدروما,DiseaseCondition,سيستي هيدروما,ahd5k_03893,chunk_00043,780050,answer,هذه الكيس يطلق عليه اسم Systic Hygroma وهو نوع من انواع التشوهات التي قد تصيب الجنين,0.850,llama-3.1-8b-instant,legacy_entity_extraction
ent_diseasecondition_7f8719b1c99d,سيستي هيدروما,DiseaseCondition,Systic Hygroma,ahd5k_03893,chunk_00043,780050,answer,هذه الكيس يطلق عليه اسم Systic Hygroma وهو نوع من انواع التشوهات التي قد تصيب الجنين,0.850,llama-3.1-8b-instant,legacy_entity_extraction
ent_diseasecondition_7f2969b272b5,تشوهات خلقية,DiseaseCondition,تشوهات خلقية,ahd5k_03238,chunk_00044,777394,question,تشوهات كثيرة على مستوى الرأس والشفة,0.850,llama-3.1-8b-instant,legacy_entity_extraction
ent_test_dd68aa784555,تحاليل مخبرية,Test,تحاليل مخبرية,ahd5k_03238,chunk_00044,777394,answer,عملت الزوجة فحوصات وتحاليل لدى طبيب مختص,0.850,llama-3.1-8b-instant,legacy_entity_extraction
ent_diseasecondition_7abdd04c7114,الحمل,DiseaseCondition,الحمل,ahd5k_04509,chunk_00045,776306,question,الحمل,0.850,llama-3.1-8b-instant,legacy_entity_extraction
ent_diseasecondition_7abdd04c7114,الحمل,DiseaseCondition,الحمل,ahd5k_04509,chunk_00045,776306,answer,الحمل,0.850,llama-3.1-8b-instant,legacy_entity_extraction
ent_diseasecondition_7f2969b272b5,تشوهات خلقية,DiseaseCondition,تشوهات خلقية,ahd5k_04509,chunk_00045,776306,question,تشوهات خلقية,0.850,llama-3.1-8b-instant,legacy_entity_extraction
ent_diseasecondition_7f2969b272b5,تشوهات خلقية,DiseaseCondition,تشوهات خلقية,ahd5k_04509,chunk_00045,776306,answer,تشوهات خلقية,0.850,llama-3.1-8b-instant,legacy_entity_extraction
ent_treatment_9faa6531b364,الكحول,Treatment,الكحول,ahd5k_04509,chunk_00045,776306,question,الكحول,0.850,llama-3.1-8b-instant,legacy_entity_extraction
ent_treatment_9faa6531b364,الكحول,Treatment,الكحول,ahd5k_04509,chunk_00045,776306,answer,الكحول,0.850,llama-3.1-8b-instant,legacy_entity_extraction
ent_treatment_d30b06ad4ba6,مضادات الصرع,Treatment,مضادات الصرع,ahd5k_04509,chunk_00045,776306,answer,مضادات الصرع,0.850,llama-3.1-8b-instant,legacy_entity_extraction
ent_diseasecondition_4453ab65a84b,تضخم,DiseaseCondition,تضخم في الارداف,ahd5k_00647,chunk_00046,123,question,تضخم في الارداف,0.850,llama-3.1-8b-instant,legacy_entity_extraction
ent_symptom_8d2e4253732b,تضخم في الارداف,Symptom,تضخم في الارداف,ahd5k_00647,chunk_00046,123,question,تضخم في الارداف,0.850,llama-3.1-8b-instant,legacy_entity_extraction
ent_diseasecondition_a7e5e3f0d48d,متلازمة كلاينفلتر,DiseaseCondition,متلازمة كلاينفلتر,ahd5k_02667,chunk_00046,456,question,متلازمة كلاينفلتر,0.850,llama-3.1-8b-instant,legacy_entity_extraction
ent_diseasecondition_a7e5e3f0d48d,متلازمة كلاينفلتر,DiseaseCondition,كلاينفلتر,ahd5k_02667,chunk_00046,456,answer,كلاينفلتر,0.850,llama-3.1-8b-instant,legacy_entity_extraction
ent_treatment_469e39fc5835,جراح عظام,Treatment,جراح عظام,ahd5k_02907,chunk_00046,789,answer,جراح عظام,0.850,llama-3.1-8b-instant,legacy_entity_extraction
ent_treatment_d7c4801b256d,استئصال الإصبع السادسة,Treatment,استئصال الإصبع السادسة,ahd5k_02907,chunk_00046,101,answer,استئصال الإصبع السادسة,0.850,llama-3.1-8b-instant,legacy_entity_extraction
ent_treatment_b8cee9c1b337,جراح التجميل,Treatment,جراح التجميل,ahd5k_03031,chunk_00046,111,answer,جراح التجميل,0.850,llama-3.1-8b-instant,legacy_entity_extraction
ent_diseasecondition_a7e5e3f0d48d,متلازمة كلاينفلتر,DiseaseCondition,متلازمة كلاينفلتر,ahd5k_03496,chunk_00047,775165,question,ذراعان طويلان و أصابع اليدين طويلان و لدي تضخم في الثديين,0.850,llama-3.1-8b-instant,legacy_entity_extraction
ent_treatment_e8807cc4d324,الجراحة,Treatment,الجراحة,ahd5k_04047,chunk_00047,778948,question,علاج بالجراحة,0.850,llama-3.1-8b-instant,legacy_entity_extraction
ent_symptom_e2d3b3389af6,التصاق,Symptom,التصاق,ahd5k_04492,chunk_00047,777106,question,تصاق في الاصابع القدم الصبع الثاني و الثالث,0.850,llama-3.1-8b-instant,legacy_entity_extraction
ent_treatment_b333a867faf6,الأسبرين,Treatment,20 حبة بيبي اسبرين,ahd5k_02507,chunk_00048,758272,question,بلع في الغلط 20 حبة بيبي اسبرين منذ سنة,0.950,llama-3.1-8b-instant,legacy_entity_extraction
ent_diseasecondition_16cf4e77b755,التهاب,DiseaseCondition,التهاب الدم,ahd5k_01104,chunk_00049,683327,answer,يجب النظر في اسباب التعاب الدم وذلك عن طريق مراجعة اختصاص الباطني او اخصائي الدم لعمل اللازم واعطاء العلاج,0.850,llama-3.1-8b-instant,legacy_entity_extraction
ent_diseasecondition_16cf4e77b755,التهاب,DiseaseCondition,التهاب,ahd5k_01422,chunk_00049,64940,answer,يجب اجراء فحص نسبة الحديد اولاونسبة معدل الالتهابات في الدم واذا كانت هذه طبيعية ومرت على الحالة 3 شهور يجب اجراء فحص نخاع العظم,0.850,llama-3.1-8b-instant,legacy_entity_extraction
ent_diseasecondition_93d8578caf27,التهاب الكبد,DiseaseCondition,التهاب الكبد,ahd5k_01903,chunk_00049,768716,answer,الاسباب 1- تناول بعض انواع الاطعمة وعلى رأسها البقوليات بأنواعها خاصة الفول الاخضر والعدس والفاصوليا والبازلاء، ويمكن ايضاً لغبار طلع الفول ان يؤدي إلى نفس النتيجة. 2- بعض أنواع الادوية (انظر الجدول التالي). 3- التعرض للالتهابات الفيروسية والجرثومية (مثل التهاب الكبد). 4- قد يحدث تكسر الكريات تلقائياً دون سبب واضح في بعض الحالات.,0.850,llama-3.1-8b-instant,legacy_entity_extraction
ent_diseasecondition_9719230327a2,فقر الدم,DiseaseCondition,فقر الدم,ahd5k_01903,chunk_00049,768716,answer,الاسباب 1- تناول بعض انواع الاطعمة وعلى رأسها البقوليات بأنواعها خاصة الفول الاخضر والعدس والفاصوليا والبازلاء، ويمكن ايضاً لغبار طلع الفول ان يؤدي إلى نفس النتيجة. 2- بعض أنواع الادوية (انظر الجدول التالي). 3- التعرض للالتهابات الفيروسية والجرثومية (مثل التهاب الكبد). 4- قد يحدث تكسر الكريات تلقائياً دون سبب واضح في بعض الحالات.,0.850,llama-3.1-8b-instant,legacy_entity_extraction
ent_diseasecondition_16cf4e77b755,التهاب,DiseaseCondition,التهاب,ahd5k_02627,chunk_00049,791118,answer,"ان ارتفاع ال CRP وكذلك ارتفاع كريات الدم البيضاء يدل على وجود التهاب( انفلونزا, التهاب باللثه ,وغيرها....)",0.850,llama-3.1-8b-instant,legacy_entity_extraction
ent_diseasecondition_16cf4e77b755,التهاب,DiseaseCondition,التهاب,ahd5k_03400,chunk_00049,771501,answer,الأعراض والعلامات يتضح التحول المصلي أحياناً بعلة محمومة حادة يمكن بسهولة أن تعتبر بصورة خاطئة ككثرة الوحيدات الفيروسية الحادة. الأعراض مثل الوعكة، الصداع، رهاب الضوء، ألم الحنجرة، بزغات جلدية، ألم مفصلي، ألم عضلي هي تشكيات خصائصية مترافقة في بعض الحالات بعلامات عابرة بالتهاب السحايا أو التهاب الدماغ أو التهاب عصبي محيطي.,0.850,llama-3.1-8b-instant,legacy_entity_extraction
ent_diseasecondition_9719230327a2,فقر الدم,DiseaseCondition,فقر الدم,ahd5k_03400,chunk_00049,771501,answer,من الأسباب الشائعة لارتفاع الصفائح الدموية استئصال الطحال، وفقر الدم عن نقص الحديد، والسرطان وفقر الدم الانحلالي، والاضطرابات المعدية أو التهابات، بما في ذلك مرض التهاب الامعاء، والسل.,0.850,llama-3.1-8b-instant,legacy_entity_extraction
ent_diseasecondition_aaf0d0958a26,السرطان,DiseaseCondition,السرطان,ahd5k_03400,chunk_00049,771501,answer,من الأسباب الشائعة لارتفاع الصفائح الدموية استئصال الطحال، وفقر الدم عن نقص الحديد، والسرطان وفقر الدم الانحلالي، والاضطرابات المعدية أو التهابات، بما في ذلك مرض التهاب الامعاء، والسل.,0.850,llama-3.1-8b-instant,legacy_entity_extraction
ent_diseasecondition_d1ac437fb721,التهاب الامعاء,DiseaseCondition,التهاب الامعاء,ahd5k_03400,chunk_00049,771501,answer,من الأسباب الشائعة لارتفاع الصفائح الدموية استئصال الطحال، وفقر الدم عن نقص الحديد، والسرطان وفقر الدم الانحلالي، والاضطرابات المعدية أو التهابات، بما في ذلك مرض التهاب الامعاء، والسل.,0.850,llama-3.1-8b-instant,legacy_entity_extraction
ent_diseasecondition_e315c7d51517,السل,DiseaseCondition,السل,ahd5k_03400,chunk_00049,771501,answer,من الأسباب الشائعة لارتفاع الصفائح الدموية استئصال الطحال، وفقر الدم عن نقص الحديد، والسرطان وفقر الدم الانحلالي، والاضطرابات المعدية أو التهابات، بما في ذلك مرض التهاب الامعاء، والسل.,0.850,llama-3.1-8b-instant,legacy_entity_extraction
ent_diseasecondition_16cf4e77b755,التهاب,DiseaseCondition,التهاب,ahd5k_03553,chunk_00049,769943,answer,من الأسباب الشائعة لارتفاع الصفائح الدموية استئصال الطحال، وفقر الدم عن نقص الحديد، والسرطان وفقر الدم الانحلالي، والاضطرابات المعدية أو التهابات، بما في ذلك مرض التهاب الامعاء، والسل.,0.850,llama-3.1-8b-instant,legacy_entity_extraction
ent_diseasecondition_7abdd04c7114,الحمل,DiseaseCondition,رجل حامل لفايروس الكبد,ahd5k_00597,chunk_00050,690510,question,السلام عليكم ورحمة الله وبركاته اريد ان اسأل بخصوص الزواج من رجل حامل لفايروس الكبد من النوع بي وانا فتاه سليمه هل هناك ضرر من ذلك هل الجرعات الثلاثه كافيه,0.950,llama-3.1-8b-instant,legacy_entity_extraction
ent_diseasecondition_7abdd04c7114,الحمل,DiseaseCondition,حامل لفايروس الكبد,ahd5k_00597,chunk_00050,690510,answer,بوجود اللقاح تستطيعين الإطمئنان لن ينتقل اذا اتبعنا التعليمات الصحيحة سيتحجم الفيروس بالعلاج ويفقد نشاطه تابعي مع استشاري كبد,0.950,llama-3.1-8b-instant,legacy_entity_extraction
ent_diseasecondition_f3a36190d8c6,فايروس الكبد,DiseaseCondition,فايروس الكبد من النوع بي,ahd5k_00597,chunk_00050,690510,question,السلام عليكم ورحمة الله وبركاته اريد ان اسأل بخصوص الزواج من رجل حامل لفايروس الكبد من النوع بي وانا فتاه سليمه هل هناك ضرر من ذلك هل الجرعات الثلاثه كافيه,0.950,llama-3.1-8b-instant,legacy_entity_extraction
ent_diseasecondition_f3a36190d8c6,فايروس الكبد,DiseaseCondition,فايروس الكبد,ahd5k_00597,chunk_00050,690510,answer,بوجود اللقاح تستطيعين الإطمئنان لن ينتقل اذا اتبعنا التعليمات الصحيحة سيتحجم الفيروس بالعلاج ويفقد نشاطه تابعي مع استشاري كبد,0.950,llama-3.1-8b-instant,legacy_entity_extraction
ent_treatment_06f93bf4dc11,الجرعات الثلاثه,Treatment,الجرعات الثلاثه,ahd5k_00597,chunk_00050,690510,question,السلام عليكم ورحمة الله وبركاته اريد ان اسأل بخصوص الزواج من رجل حامل لفايروس الكبد من النوع بي وانا فتاه سليمه هل هناك ضرر من ذلك هل الجرعات الثلاثه كافيه,0.950,llama-3.1-8b-instant,legacy_entity_extraction
ent_treatment_d5946e76d323,اللقاح,Treatment,اللقاح,ahd5k_00597,chunk_00050,690510,answer,بوجود اللقاح تستطيعين الإطمئنان لن ينتقل اذا اتبعنا التعليمات الصحيحة سيتحجم الفيروس بالعلاج ويفقد نشاطه تابعي مع استشاري كبد,0.950,llama-3.1-8b-instant,legacy_entity_extraction
ent_test_9b953964df1c,ferritin,Test,ferritin,ahd5k_02605,chunk_00050,94237,question,"عمري ٢٢ غير حامل عملت ferritin ,b12طبيعي معappearance of immature granulocytes بنسبه",0.950,llama-3.1-8b-instant,legacy_entity_extraction
ent_test_a720c5e59e85,iron,Test,iron,ahd5k_02605,chunk_00050,94237,answer,اعملي نسبه الiron وايضا كم نسبه الferitin,0.950,llama-3.1-8b-instant,legacy_entity_extraction
ent_test_d4c042551289,b12,Test,b12,ahd5k_02605,chunk_00050,94237,question,"عمري ٢٢ غير حامل عملت ferritin ,b12طبيعي معappearance of immature granulocytes بنسبه",0.950,llama-3.1-8b-instant,legacy_entity_extraction
ent_test_eb10148e602f,CBC,Test,CBC,ahd5k_02605,chunk_00050,94237,question,"عمري ٢٢ غير حامل عملت CBC طلع mcv72 ,22mch ناقص وباقي التحليل كله في الرينج الطبيعي حتى الهيموغلوبين وHCT و RBCطبيعي",0.950,llama-3.1-8b-instant,legacy_entity_extraction
ent_diseasecondition_db17a406c72e,ارتفاع ضغط الدم,DiseaseCondition,ارتفاع حمض البول,ahd5k_01005,chunk_00051,743021,answer,ارتفاع حمض البول بحد ذاته,0.850,llama-3.1-8b-instant,legacy_entity_extraction
ent_treatment_470ecec01368,حبوب الأسبرين,Treatment,حبوب الأسبرين,ahd5k_01005,chunk_00051,743021,answer,حبوب الأسبرين لحماية القلب,0.850,llama-3.1-8b-instant,legacy_entity_extraction
ent_treatment_6066173509fd,اللحوم الحمراء,Treatment,اللحوم الحمراء,ahd5k_01005,chunk_00051,743021,answer,قلل من اللحوم الحمراء والكلاوي والكبد,0.850,llama-3.1-8b-instant,legacy_entity_extraction
ent_diseasecondition_db17a406c72e,ارتفاع ضغط الدم,DiseaseCondition,ضغط الدم,ahd5k_01761,chunk_00051,519776,question,ضغط الدم منخفض للغاية,0.850,llama-3.1-8b-instant,legacy_entity_extraction
ent_treatment_249018a21aa8,القهوة,Treatment,قهوة,ahd5k_01761,chunk_00051,519776,answer,شرب قهوة مع الاكل,0.850,llama-3.1-8b-instant,legacy_entity_extraction
ent_diseasecondition_16cf4e77b755,التهاب,DiseaseCondition,التهاب,ahd5k_04944,chunk_00052,772354,answer,تغير لون الجلد الى اللون الاسود,0.950,llama-3.1-8b-instant,legacy_entity_extraction
ent_diseasecondition_380db6d92562,مرض السكري,DiseaseCondition,مرض السكري,ahd5k_04944,chunk_00052,772354,answer,هل تعانين من مرض السكري,0.950,llama-3.1-8b-instant,legacy_entity_extraction
ent_diseasecondition_db17a406c72e,ارتفاع ضغط الدم,DiseaseCondition,ارتفاع ضغط الدم,ahd5k_04944,chunk_00052,772354,answer,امراض الشرايين وعدم وصول تغذية كافية للجلد ايضاً يتسبب بتغيير اللون الى السواد ايضا,0.950,llama-3.1-8b-instant,legacy_entity_extraction
ent_diseasecondition_e04a557cb82b,Acanthosis nigricans,DiseaseCondition,acanthosis nigricans,ahd5k_04944,chunk_00052,772354,answer,مرض الاديسون هو سبب اخر لتغيير لون الجلد الي اسود,0.950,llama-3.1-8b-instant,legacy_entity_extraction
ent_diseasecondition_f756960fd62b,السمنة,DiseaseCondition,السمنة,ahd5k_04944,chunk_00052,772354,answer,تعد السمنة احد اهم مسبباته,0.950,llama-3.1-8b-instant,legacy_entity_extraction
ent_symptom_a6a5150fee6f,النزلة,Symptom,النزلة,ahd5k_04944,chunk_00052,772354,answer,تغير لون الجلد الى اللون الاسود,0.950,llama-3.1-8b-instant,legacy_entity_extraction
ent_diseasecondition_9719230327a2,فقر الدم,DiseaseCondition,انيميا الفوليه,ahd5k_00696,chunk_00053,736302,answer,الفوال أو التفول هو الاضطراب الخلقي الجيني الناجم عن نقص الأنزيم المسؤول عن الحفاظ على تركيز ببتيد الغلوتاثيون الذي يحمي خلايا الدم الحمراء من التلف بفعل الأكسدة وبالتالي التسبب في فقر الدم الانحلالي الغير مناعي,0.950,llama-3.1-8b-instant,legacy_entity_extraction
ent_test_dd68aa784555,تحاليل مخبرية,Test,تحاليل مخبرية,ahd5k_00696,chunk_00053,736302,answer,الفوال أو التفول هو الاضطراب الخلقي الجيني الناجم عن نقص الأنزيم المسؤول عن الحفاظ على تركيز ببتيد الغلوتاثيون الذي يحمي خلايا الدم الحمراء من التلف بفعل الأكسدة وبالتالي التسبب في فقر الدم الانحلالي الغير مناعي,0.950,llama-3.1-8b-instant,legacy_entity_extraction
ent_treatment_ace11c18f4c4,فول,Treatment,فول,ahd5k_00696,chunk_00053,736302,answer,لا يمكن الوقاية من المرض لانه خلقي جيني,0.850,llama-3.1-8b-instant,legacy_entity_extraction
ent_diseasecondition_9719230327a2,فقر الدم,DiseaseCondition,انيميا,ahd5k_01325,chunk_00053,735001,question,عندى بقع بنية على جانبى الوجة وانا اعانى من انيميا 10,0.950,llama-3.1-8b-instant,legacy_entity_extraction
ent_diseasecondition_9719230327a2,فقر الدم,DiseaseCondition,فقر الدم,ahd5k_04046,chunk_00053,734564,answer,تعني غادة فقر الدم ، وتعالج بتحسين التغذية المتوازنة,0.950,llama-3.1-8b-instant,legacy_entity_extraction
ent_diseasecondition_9719230327a2,فقر الدم,DiseaseCondition,نقص في الدم,ahd5k_02292,chunk_00054,738610,question,نقص في الدم مع الالم في المعده,0.950,llama-3.1-8b-instant,legacy_entity_extraction
ent_diseasecondition_9719230327a2,فقر الدم,DiseaseCondition,فقر الدم,ahd5k_02292,chunk_00054,738610,answer,فقر الدم فهذ يجب توضيحة بشكل جيد ودراسته لمعرفة السبب وعلاجه,0.950,llama-3.1-8b-instant,legacy_entity_extraction
ent_symptom_c81532a33515,الم المعدجة,Symptom,الم المعدجة,ahd5k_02292,chunk_00054,738610,answer,الم المعدجة يجب معرفة سببه وذل بعمل دراسة للمعدة,0.900,llama-3.1-8b-instant,legacy_entity_extraction
ent_test_2b2550da4a44,فحص الجرثومة الحلزونية,Test,فحص الجرثومة الحلزونية,ahd5k_02292,chunk_00054,738610,answer,فحص الجرثومة الحلزونية ، وربما سنحتاج لاحقا لمنظار للمعدة,0.900,llama-3.1-8b-instant,legacy_entity_extraction
ent_diseasecondition_9719230327a2,فقر الدم,DiseaseCondition,فقر الدم,ahd5k_02546,chunk_00054,538205,question,فقر الدم سبب فقدان الشهيه والكسل والخمول والتعب وثقل الوزن وغيره,0.950,llama-3.1-8b-instant,legacy_entity_extraction
ent_diseasecondition_9719230327a2,فقر الدم,DiseaseCondition,فقر الدم,ahd5k_02546,chunk_00054,538205,answer,أعراض فقر الدم تؤثر على جميع أعضاء الجسم دوخه وتوتر زيادة ضربات القلب ضيق في التنفس غثيان وتقي وأحيانا الم في المعدة كسل وخمول اضطرابات في النوم شحوب في البشره وأعراض كثيرة اخري,0.950,llama-3.1-8b-instant,legacy_entity_extraction
ent_symptom_c48c0df96785,فقدان الشهيه,Symptom,فقدان الشهيه,ahd5k_02546,chunk_00054,538205,question,فقر الدم سبب فقدان الشهيه والكسل والخمول والتعب وثقل الوزن وغيره,0.800,llama-3.1-8b-instant,legacy_entity_extraction
ent_symptom_c81532a33515,الم المعدجة,Symptom,الم في المعدة,ahd5k_02546,chunk_00054,538205,answer,أحيانا الم في المعدة كسل وخمول اضطرابات في النوم شحوب في البشره وأعراض كثيرة اخري,0.900,llama-3.1-8b-instant,legacy_entity_extraction
ent_diseasecondition_190a32dbb9bd,تسوس الأسنان,DiseaseCondition,تسوس الأسنان أو أي خراجات باللثة,ahd5k_04844,chunk_00055,591171,answer,تسوس الأسنان أو أي خراجات باللثة,0.950,llama-3.1-8b-instant,legacy_entity_extraction
ent_diseasecondition_7ac7135caacd,تضخم الغدد اللمفية,DiseaseCondition,تضخم بالغدد اللمفية الموضعية,ahd5k_04844,chunk_00055,591171,answer,تضخم بالغدد اللمفية الموضعية,0.950,llama-3.1-8b-instant,legacy_entity_extraction
ent_diseasecondition_8ca9f15583c7,الانتان,DiseaseCondition,الانتان خفي أو ظاهر,ahd5k_04844,chunk_00055,591171,answer,الانتان خفي أو ظاهر,0.950,llama-3.1-8b-instant,legacy_entity_extraction
ent_test_4ea4666752c1,فحص الدم,Test,فحص دم و أشعة,ahd5k_04844,chunk_00055,591171,question,فحص دم و أشعة,0.950,llama-3.1-8b-instant,legacy_entity_extraction
ent_test_c4cfd2d6468c,أشعة,Test,أشعة,ahd5k_04844,chunk_00055,591171,question,أشعة,0.950,llama-3.1-8b-instant,legacy_entity_extraction
ent_treatment_f4876b0a4ac8,المراجعة الطبيب الأسنان,Treatment,المراجعة الطبيب الأسنان وطبيب أذنية,ahd5k_04844,chunk_00055,591171,answer,المراجعة الطبيب الأسنان وطبيب أذنية,0.950,llama-3.1-8b-instant,legacy_entity_extraction
ent_diseasecondition_9719230327a2,فقر الدم,DiseaseCondition,انيميا منجليه,ahd5k_00543,chunk_00056,651333,question,انيميا منجليه,0.850,llama-3.1-8b-instant,legacy_entity_extraction
ent_test_dd68aa784555,تحاليل مخبرية,Test,تحاليل ماقبل الزواج,ahd5k_00543,chunk_00056,651333,question,تحاليل ماقبل الزواج,0.850,llama-3.1-8b-instant,legacy_entity_extraction
ent_diseasecondition_9719230327a2,فقر الدم,DiseaseCondition,فقر الدم,ahd5k_00757,chunk_00056,760486,question,فقر الدم,0.850,llama-3.1-8b-instant,legacy_entity_extraction
ent_test_dd68aa784555,تحاليل مخبرية,Test,تحليل فقر الدم,ahd5k_00757,chunk_00056,760486,question,تحليل فقر الدم,0.850,llama-3.1-8b-instant,legacy_entity_extraction
ent_symptom_b9ba6f86ab5a,نزف,Symptom,نزف بسيط,ahd5k_01440,chunk_00056,781427,answer,نزف بسيط,0.850,llama-3.1-8b-instant,legacy_entity_extraction
ent_diseasecondition_632b4053c8a7,ثلاسيميا,DiseaseCondition,ثلاسيمياو,ahd5k_02443,chunk_00056,45863,question,ثلاسيمياو,0.850,llama-3.1-8b-instant,legacy_entity_extraction
ent_diseasecondition_d039dca7a8c0,النقص الشديد للصفائح,DiseaseCondition,نقص الصفائح,ahd5k_00203,chunk_00057,509892,question,ابني عمره ١٠سنه يعاني من نقص الصفائح itp,0.950,llama-3.1-8b-instant,legacy_entity_extraction
ent_diseasecondition_d039dca7a8c0,النقص الشديد للصفائح,DiseaseCondition,ITP,ahd5k_00203,chunk_00057,509892,question,ابني عمره ١٠سنه يعاني من نقص الصفائح itp,0.950,llama-3.1-8b-instant,legacy_entity_extraction
ent_diseasecondition_d039dca7a8c0,النقص الشديد للصفائح,DiseaseCondition,نقص الصفائح,ahd5k_00203,chunk_00057,509892,answer,نعم مفيد لة ويجب الاستمرار فى العلاج و متابعة الطبيب المعالج,0.950,llama-3.1-8b-instant,legacy_entity_extraction
ent_treatment_0d20da4fd766,الروتيكسيماب,Treatment,الروتيكسيماب,ahd5k_00203,chunk_00057,509892,question,اول جرعه ونستمر عليها لمده شهر كل اسبوع مره هل الروتكسيماب يفيده,0.950,llama-3.1-8b-instant,legacy_entity_extraction
ent_treatment_0d20da4fd766,الروتيكسيماب,Treatment,الروتيكسيماب,ahd5k_00203,chunk_00057,509892,answer,نعم مفيد لة ويجب الاستمرار فى العلاج و متابعة الطبيب المعالج,0.950,llama-3.1-8b-instant,legacy_entity_extraction
ent_diseasecondition_9719230327a2,فقر الدم,DiseaseCondition,فقر دم,ahd5k_00594,chunk_00058,735577,answer,يحدث فقر الدم عندما لا يحتوي جسمك على ما يكفي من خلايا الدم الحمراء نتيجة فقدان الدم أو عدم القدرة على تكوين خلايا دم حمراء كافية.,0.700,llama-3.1-8b-instant,legacy_entity_extraction
ent_diseasecondition_9719230327a2,فقر الدم,DiseaseCondition,فقر دم,ahd5k_00594,chunk_00058,735577,answer,ويوجد العديد من أنواع فقر الدم منها الذي يكون بسبب نقص الحديد أو حمض الفوليك أو فيتامين ب-12 وغيرها.,0.700,llama-3.1-8b-instant,legacy_entity_extraction
ent_diseasecondition_9719230327a2,فقر الدم,DiseaseCondition,فقر دم,ahd5k_00594,chunk_00058,735577,answer,ويمكن اتباع نظام غذائي غني بالعناصر اللازمة لتعويض النقص من خلال: الورقيات الخضراء: السبانخ/ الكرنب/ الهندباء/ الخبيزة.,0.700,llama-3.1-8b-instant,legacy_entity_extraction
ent_diseasecondition_9719230327a2,فقر الدم,DiseaseCondition,فقر دم,ahd5k_00594,chunk_00058,735577,answer,ويمكن اتباع نظام غذائي غني بالعناصر اللازمة لتعويض النقص من خلال: اللحوم والدواجن.,0.700,llama-3.1-8b-instant,legacy_entity_extraction
ent_diseasecondition_9719230327a2,فقر الدم,DiseaseCondition,فقر دم,ahd5k_00594,chunk_00058,735577,answer,ويمكن اتباع نظام غذائي غني بالعناصر اللازمة لتعويض النقص من خلال: كبدة الخروف.,0.700,llama-3.1-8b-instant,legacy_entity_extraction
ent_diseasecondition_9719230327a2,فقر الدم,DiseaseCondition,فقر دم,ahd5k_00594,chunk_00058,735577,answer,ويمكن اتباع نظام غذائي غني بالعناصر اللازمة لتعويض النقص من خلال: المأكولات البحرية: السردين/ التونا/ السلمون.,0.700,llama-3.1-8b-instant,legacy_entity_extraction
ent_diseasecondition_9719230327a2,فقر الدم,DiseaseCondition,فقر دم,ahd5k_00594,chunk_00058,735577,answer,ويمكن اتباع نظام غذائي غني بالعناصر اللازمة لتعويض النقص من خلال: عصير البرتقال المحصن.,0.700,llama-3.1-8b-instant,legacy_entity_extraction
ent_diseasecondition_9719230327a2,فقر الدم,DiseaseCondition,فقر دم,ahd5k_00594,chunk_00058,735577,answer,ويمكن اتباع نظام غذائي غني بالعناصر اللازمة لتعويض النقص من خلال: الحبوب المدعمة.,0.700,llama-3.1-8b-instant,legacy_entity_extraction
ent_diseasecondition_9719230327a2,فقر الدم,DiseaseCondition,فقر دم,ahd5k_00594,chunk_00058,735577,answer,ويمكن اتباع نظام غذائي غني بالعناصر اللازمة لتعويض النقص من خلال: بعض الحبوب: الفاصولياء/ الحمص/ فول الصويا/ البازلاء.,0.700,llama-3.1-8b-instant,legacy_entity_extraction
ent_diseasecondition_9719230327a2,فقر الدم,DiseaseCondition,فقر دم,ahd5k_00594,chunk_00058,735577,answer,ويمكن اتباع نظام غذائي غني بالعناصر اللازمة لتعويض النقص من خلال: بذور اليقطين/ الكاجو/ الفستق/ الصنوبر/ الجوز/ بذور عباد الشمس.,0.700,llama-3.1-8b-instant,legacy_entity_extraction
ent_diseasecondition_9719230327a2,فقر الدم,DiseaseCondition,فقر دم,ahd5k_00594,chunk_00058,735577,answer,تجنب تناول الأطعمة الغنية بالحديد مع الأطعمة أو المشروبات التي تمنع امتصاص الحديد مثل: القهوة أو الشاي /البيض/ الأطعمة الغنية بالكالسيوم مثل الحليب و الأجبان والبروكلي واللبن.,0.700,llama-3.1-8b-instant,legacy_entity_extraction
ent_diseasecondition_9719230327a2,فقر الدم,DiseaseCondition,فقر دم,ahd5k_00594,chunk_00058,735577,answer,تناول الأطعمة الغنية بالحديد مع الأطعمة الغنية بفيتامين ج (C) مثل: البرتقال /الطماطم /الفراولة لتحسين الامتصاص.,0.700,llama-3.1-8b-instant,legacy_entity_extraction
ent_diseasecondition_9719230327a2,فقر الدم,DiseaseCondition,فقر دم,ahd5k_00594,chunk_00058,735577,answer,تناول الأطعمة الغنية بالحديد مع الأطعمة التي تحتوي على بيتا كاروتين مثل المشمش والفلفل الأحمر والبنجر لتحسين الامتصاص.,0.700,llama-3.1-8b-instant,legacy_entity_extraction
ent_diseasecondition_9719230327a2,فقر الدم,DiseaseCondition,فقر دم,ahd5k_00594,chunk_00058,735577,answer,ومن الجدير بالذكر أن النظام الغذائي قد يمنع عملية ازدياد فقر الدم سوءاً وقد يعوض بعض النقص ولكن يجب أن يتم اتباع علاج دوائي معين حسب نوع فقر الدم الذي تعاني منه تحت إشراف الطبيب المختص.,0.700,llama-3.1-8b-instant,legacy_entity_extraction
ent_diseasecondition_9719230327a2,فقر الدم,DiseaseCondition,فقر دم,ahd5k_00594,chunk_00058,735577,answer,المزيد: أهم عشرة أغذية لفقر الدم ابر الحديد اعراض فقر الدم فقر الدم وعلاجه المرجع: Best Diet Plan for Anemia,0.700,llama-3.1-8b-instant,legacy_entity_extraction
ent_diseasecondition_9719230327a2,فقر الدم,DiseaseCondition,فقر دم,ahd5k_00594,chunk_00058,735577,answer,أبر الحديد,0.700,llama-3.1-8b-instant,legacy_entity_extraction
ent_diseasecondition_9719230327a2,فقر الدم,DiseaseCondition,فقر دم,ahd5k_00594,chunk_00058,735577,answer,اعراض فقر الدم,0.700,llama-3.1-8b-instant,legacy_entity_extraction
ent_diseasecondition_9719230327a2,فقر الدم,DiseaseCondition,فقر دم,ahd5k_00594,chunk_00058,735577,answer,فقر الدم وعلاجه,0.700,llama-3.1-8b-instant,legacy_entity_extraction
ent_diseasecondition_9719230327a2,فقر الدم,DiseaseCondition,فقر دم,ahd5k_00594,chunk_00058,735577,answer,مرجع: Best Diet Plan for Anemia,0.700,llama-3.1-8b-instant,legacy_entity_extraction
ent_diseasecondition_9719230327a2,فقر الدم,DiseaseCondition,فقر دم,ahd5k_00655,chunk_00058,521119,question,انا مريضه بالسكر واستخدم فيرومن كبريتات الحديد لان عندي فقر دم مع فيتامين ب وبعد استخدامهم لاحظت ظهور حبوب في ظهري هل لها علاقه في ذلك ؟,0.700,llama-3.1-8b-instant,legacy_entity_extraction
ent_diseasecondition_9719230327a2,فقر الدم,DiseaseCondition,فقر دم,ahd5k_00655,chunk_00058,521119,answer,من التاثيرات الجانبية لدواء فيرومين كبريتات الحديد ظهور مثل هذه الحبوب غيري العلاج,0.700,llama-3.1-8b-instant,legacy_entity_extraction
ent_diseasecondition_9719230327a2,فقر الدم,DiseaseCondition,فقر دم,ahd5k_02472,chunk_00058,721907,question,عندي الدم نازل و اريد اسم حبوب او كبسولات لزيادة الدم ؟,0.700,llama-3.1-8b-instant,legacy_entity_extraction
ent_diseasecondition_3d19d6125641,نقص الصفيحات,DiseaseCondition,انخفاض الصفيحات الدموية,ahd5k_00313,chunk_00059,123,question,انخفاض الصفيحات الدموية 122/,0.850,llama-3.1-8b-instant,legacy_entity_extraction
ent_symptom_f6203734ffc7,ارتفاع خضاب الدم,Symptom,ارتفاع خضاب الدم,ahd5k_00313,chunk_00059,123,question,ارتفاع خضاب الدم / 16.8,0.850,llama-3.1-8b-instant,legacy_entity_extraction
ent_test_db1175f121dc,فحص نخاع العظم,Test,فحص نخاع العظم,ahd5k_00313,chunk_00059,123,answer,فحص نخاع العظم,0.850,llama-3.1-8b-instant,legacy_entity_extraction
ent_diseasecondition_6116bf50d3f1,نقص حديد,DiseaseCondition,نقص حديد,ahd5k_01162,chunk_00059,123,question,نقص حديد,0.850,llama-3.1-8b-instant,legacy_entity_extraction
ent_diseasecondition_74be32fb7f24,نقص فيتامين د,DiseaseCondition,نقص فيتامين د,ahd5k_01162,chunk_00059,123,question,نقص فيتامين د,0.850,llama-3.1-8b-instant,legacy_entity_extraction
ent_diseasecondition_9719230327a2,فقر الدم,DiseaseCondition,فقر دم,ahd5k_01162,chunk_00059,123,question,فقر دم,0.850,llama-3.1-8b-instant,legacy_entity_extraction
ent_test_8dfa1780f518,فحص تحاليل مخبرية,Test,تحاليل مخبرية,ahd5k_01162,chunk_00059,123,answer,تحاليل مخبرية,0.850,llama-3.1-8b-instant,legacy_entity_extraction
ent_diseasecondition_dc66fee46819,نقص الكريات البيضاء,DiseaseCondition,نقص الكريات البيضاء,ahd5k_02552,chunk_00059,123,question,نقص الكريات البيضاء لدى الكبار,0.850,llama-3.1-8b-instant,legacy_entity_extraction
ent_treatment_6e452ff6ff8f,علاج نقص الكريات البيضاء,Treatment,علاج نقص الكريات البيضاء,ahd5k_02552,chunk_00059,123,question,علاج نقص الكريات البيضاء لدى الكبار,0.850,llama-3.1-8b-instant,legacy_entity_extraction
ent_test_752d1924792a,نظرية الخلية,Test,نظرية الخلية,ahd5k_02952,chunk_00059,123,question,نظرية الخلية,0.850,llama-3.1-8b-instant,legacy_entity_extraction
ent_treatment_3677ba04b27f,التبرع بالدم,Treatment,اشرب سوائل واتغذى,ahd5k_03281,chunk_00060,462479,answer,اشرب سوائل واتغذى,0.950,llama-3.1-8b-instant,legacy_entity_extraction
ent_diseasecondition_b3e7fc089ddd,الصفائح الدموية,DiseaseCondition,ضعيفة ونسبة الأملاح عالية جدا,ahd5k_03348,chunk_00060,564579,question,ضعيفة ونسبة الأملاح عالية جدا,0.850,llama-3.1-8b-instant,legacy_entity_extraction
ent_diseasecondition_d489c6c854f4,متلازمة خلية منجلية,DiseaseCondition,مرض متلازمة خلية منجلية'سيكل',ahd5k_03561,chunk_00060,600248,question,مرض متلازمة خلية منجلية'سيكل',0.950,llama-3.1-8b-instant,legacy_entity_extraction
ent_test_7f9e855cef19,E.S.R.,Test,E.S.R. 1 st h.= 6 mm,ahd5k_04249,chunk_00060,757965,question,E.S.R. 1 st h.= 6 mm,0.850,llama-3.1-8b-instant,legacy_entity_extraction
ent_symptom_19a4e01ad622,النقص الحاد,Symptom,نقص الحديد,ahd5k_04583,chunk_00060,10876,question,نقص الحديد,0.950,llama-3.1-8b-instant,legacy_entity_extraction
ent_diseasecondition_16cf4e77b755,التهاب,DiseaseCondition,التهاب,ahd5k_01551,chunk_00061,777350,answer,التهاب,0.700,llama-3.1-8b-instant,legacy_entity_extraction
ent_diseasecondition_380db6d92562,مرض السكري,DiseaseCondition,مرض السكري,ahd5k_01551,chunk_00061,777350,answer,مرض السكري,0.950,llama-3.1-8b-instant,legacy_entity_extraction
ent_test_dd68aa784555,تحاليل مخبرية,Test,تحاليل مخبرية,ahd5k_01551,chunk_00061,777350,answer,تحاليل مخبرية,0.900,llama-3.1-8b-instant,legacy_entity_extraction
ent_treatment_fe7b9cfab843,القات,Treatment,القات,ahd5k_01551,chunk_00061,777350,answer,القات,0.850,llama-3.1-8b-instant,legacy_entity_extraction
ent_diseasecondition_16cf4e77b755,التهاب,DiseaseCondition,التهاب,ahd5k_04408,chunk_00062,777288,answer,السبع زيوت لمنع ترهل الثدي والبطن والارداف . زيوت من الأعشاب الطبيعية يعمل على شد تلك الخلايا المترهلة بسرعة عجيبة وتعيد لها حيويتها وجمالها دلك منطقة البطن او منطقة الارداف بزيت السبع زيوت بحركات دائرية الاسفل للاعلي الصاعدة إلى أعلى ولمدة ربع ساعة مرة يوميا لمدة شهر .,0.850,llama-3.1-8b-instant,legacy_entity_extraction
ent_treatment_9a34f0ba812d,السبع زيوت,Treatment,السبع زيوت,ahd5k_04408,chunk_00062,777288,answer,السبع زيوت لمنع ترهل الثدي والبطن والارداف . زيوت من الأعشاب الطبيعية يعمل على شد تلك الخلايا المترهلة بسرعة عجيبة وتعيد لها حيويتها وجمالها دلك منطقة البطن او منطقة الارداف بزيت السبع زيوت بحركات دائرية الاسفل للاعلي الصاعدة إلى أعلى ولمدة ربع ساعة مرة يوميا لمدة شهر .,0.850,llama-3.1-8b-instant,legacy_entity_extraction
ent_symptom_19841fc2dc50,نبضات القلب,Symptom,نبضات القلب,ahd5k_00085,chunk_00064,425888,question,نبضات القلب,0.700,llama-3.1-8b-instant,legacy_entity_extraction
ent_symptom_724e59ded899,ضغط الدم,Symptom,ضغط الدم,ahd5k_00085,chunk_00064,425888,question,ضغط الدم,0.950,llama-3.1-8b-instant,legacy_entity_extraction
ent_symptom_19841fc2dc50,نبضات القلب,Symptom,نبضات القلب,ahd5k_00691,chunk_00064,706523,question,نبضات القلب,0.700,llama-3.1-8b-instant,legacy_entity_extraction
ent_symptom_724e59ded899,ضغط الدم,Symptom,ضغط الدم,ahd5k_00691,chunk_00064,706523,question,ضغط الدم,0.950,llama-3.1-8b-instant,legacy_entity_extraction
ent_symptom_19841fc2dc50,نبضات القلب,Symptom,نبضات القلب,ahd5k_00756,chunk_00064,756642,question,نبضات القلب,0.700,llama-3.1-8b-instant,legacy_entity_extraction
ent_symptom_724e59ded899,ضغط الدم,Symptom,ضغط الدم,ahd5k_00756,chunk_00064,756642,question,ضغط الدم,0.950,llama-3.1-8b-instant,legacy_entity_extraction
ent_symptom_19841fc2dc50,نبضات القلب,Symptom,نبضات القلب,ahd5k_01259,chunk_00064,162039,question,نبضات القلب,0.700,llama-3.1-8b-instant,legacy_entity_extraction
ent_symptom_724e59ded899,ضغط الدم,Symptom,ضغط الدم,ahd5k_01259,chunk_00064,162039,question,ضغط الدم,0.950,llama-3.1-8b-instant,legacy_entity_extraction
ent_symptom_19841fc2dc50,نبضات القلب,Symptom,نبضات القلب,ahd5k_01350,chunk_00064,109462,question,نبضات القلب,0.700,llama-3.1-8b-instant,legacy_entity_extraction
ent_symptom_724e59ded899,ضغط الدم,Symptom,ضغط الدم,ahd5k_01350,chunk_00064,109462,question,ضغط الدم,0.950,llama-3.1-8b-instant,legacy_entity_extraction
ent_symptom_19841fc2dc50,نبضات القلب,Symptom,نبضات القلب,ahd5k_01894,chunk_00064,771326,question,نبضات القلب,0.700,llama-3.1-8b-instant,legacy_entity_extraction
ent_symptom_724e59ded899,ضغط الدم,Symptom,ضغط الدم,ahd5k_01894,chunk_00064,771326,question,ضغط الدم,0.950,llama-3.1-8b-instant,legacy_entity_extraction
ent_symptom_724e59ded899,ضغط الدم,Symptom,ضغط الدم,ahd5k_02577,chunk_00064,706137,question,ضغط الدم,0.950,llama-3.1-8b-instant,legacy_entity_extraction
ent_symptom_724e59ded899,ضغط الدم,Symptom,ضغط الدم,ahd5k_02754,chunk_00064,730411,question,ضغط الدم,0.950,llama-3.1-8b-instant,legacy_entity_extraction
ent_diseasecondition_a2f1fad1e164,صمام,DiseaseCondition,صمام,ahd5k_04629,chunk_00065,731423,question,نعم ارتخاء الصمام يسبب تسارع القلب ويلعب الهلع دورا مهما ايضا في ذلك فما يقارب خمس المصابين بنوبات الهلع لديهم ارتخاء في صمام القلب الايسر مما يزيد من ضربات القلب والهلع والارتخاء للصمام سوء والدخول في الحلقة المفرغة,0.850,llama-3.1-8b-instant,legacy_entity_extraction
ent_diseasecondition_d570c92436e9,ارتخاء,DiseaseCondition,ارتخاء,ahd5k_04629,chunk_00065,731423,question,نعم ارتخاء الصمام يسبب تسارع القلب ويلعب الهلع دورا مهما ايضا في ذلك فما يقارب خمس المصابين بنوبات الهلع لديهم ارتخاء في صمام القلب الايسر مما يزيد من ضربات القلب والهلع والارتخاء للصمام سوء والدخول في الحلقة المفرغة,0.850,llama-3.1-8b-instant,legacy_entity_extraction
ent_treatment_dcc37cc6936c,جهاز هولتر,Treatment,جهاز هولتر,ahd5k_04742,chunk_00066,470731,answer,يجب عليك زياره طبيب القلب وتركيب جهاز هولتر علي مدار ٢٤ ساعه,0.950,llama-3.1-8b-instant,legacy_entity_extraction
ent_test_8b503c2dc54c,هيموغلوبين,Test,هيموغلوبين,ahd5k_04927,chunk_00066,573416,answer,إن كان كذلك يمكن يسبب إجهاد وفرط ضغط مستقبلا,0.850,llama-3.1-8b-instant,legacy_entity_extraction
ent_diseasecondition_16cf4e77b755,التهاب,DiseaseCondition,التهاب,ahd5k_03139,chunk_00067,679868,answer,التحاليل المخبرية,0.950,llama-3.1-8b-instant,legacy_entity_extraction
ent_test_53daf0bebd13,مفصل الكتف,Test,مفصل الكتف,ahd5k_03139,chunk_00067,679868,answer,التحاليل المخبرية,0.950,llama-3.1-8b-instant,legacy_entity_extraction
ent_test_6dcf66b68de3,فحص الفقرات العنقية,Test,فحص الفقرات العنقية,ahd5k_03139,chunk_00067,679868,answer,التحاليل المخبرية,0.950,llama-3.1-8b-instant,legacy_entity_extraction
ent_diseasecondition_16cf4e77b755,التهاب,DiseaseCondition,التهاب,ahd5k_03339,chunk_00067,578950,answer,التحاليل المخبرية,0.950,llama-3.1-8b-instant,legacy_entity_extraction
ent_diseasecondition_16cf4e77b755,التهاب,DiseaseCondition,التهاب,ahd5k_03651,chunk_00067,170641,answer,التحاليل المخبرية,0.950,llama-3.1-8b-instant,legacy_entity_extraction
ent_diseasecondition_9719230327a2,فقر الدم,DiseaseCondition,فقر الدم,ahd5k_03651,chunk_00067,170641,answer,التحاليل المخبرية,0.850,llama-3.1-8b-instant,legacy_entity_extraction
ent_diseasecondition_16cf4e77b755,التهاب,DiseaseCondition,التهاب,ahd5k_04034,chunk_00067,732751,answer,التحاليل المخبرية,0.950,llama-3.1-8b-instant,legacy_entity_extraction
ent_diseasecondition_2c73be2f25fe,التهاب فيروسي,DiseaseCondition,التهاب فيروسي,ahd5k_04034,chunk_00067,732751,answer,التحاليل المخبرية,0.850,llama-3.1-8b-instant,legacy_entity_extraction
ent_diseasecondition_2f75d3dabe0b,حساسية,DiseaseCondition,حساسية,ahd5k_00683,chunk_00068,31634,answer,الحساسية,0.850,llama-3.1-8b-instant,legacy_entity_extraction
ent_symptom_7b839cc80688,ضيق تنفس,Symptom,ضيق تنفس,ahd5k_00683,chunk_00068,31634,question,ضيق تنفس وسرعة التعب وقلق,0.850,llama-3.1-8b-instant,legacy_entity_extraction
ent_symptom_f51ef98950a2,قلق,Symptom,قلق,ahd5k_00683,chunk_00068,31634,question,قلق علما اني تعرضت لموقف قلق وتوتر ووخزات,0.850,llama-3.1-8b-instant,legacy_entity_extraction
ent_diseasecondition_2f75d3dabe0b,حساسية,DiseaseCondition,حساسية,ahd5k_00963,chunk_00068,609913,question,حساسية ناتجة عن رطوبة الجو,0.850,llama-3.1-8b-instant,legacy_entity_extraction
ent_test_7633369aec20,رسم قلب,Test,رسم قلب,ahd5k_00963,chunk_00068,609913,answer,عمل رسم قلب بالمجهود,0.850,llama-3.1-8b-instant,legacy_entity_extraction
ent_diseasecondition_db17a406c72e,ارتفاع ضغط الدم,DiseaseCondition,ضغط الدم الخاص بالجسم والضغط الخاص بالعينين,ahd5k_00237,chunk_00069,343593,question,ضغط الدم الخاص بالجسم والضغط الخاص بالعينين,0.950,llama-3.1-8b-instant,legacy_entity_extraction
ent_diseasecondition_db17a406c72e,ارتفاع ضغط الدم,DiseaseCondition,ارتفاع الضغط,ahd5k_00823,chunk_00069,282875,answer,ارتفاع الضغط,0.950,llama-3.1-8b-instant,legacy_entity_extraction
ent_symptom_1f6a3892391d,خفقان القلب,Symptom,خفقان احيتنا,ahd5k_00823,chunk_00069,282875,answer,خفقان احيتنا,0.900,llama-3.1-8b-instant,legacy_entity_extraction
ent_symptom_7b839cc80688,ضيق تنفس,Symptom,ضيق تنفس,ahd5k_00823,chunk_00069,282875,answer,ضيق تنفس,0.900,llama-3.1-8b-instant,legacy_entity_extraction
ent_test_dd68aa784555,تحاليل مخبرية,Test,تحاليل مخبرية,ahd5k_00823,chunk_00069,282875,answer,تحاليل مخبرية,0.800,llama-3.1-8b-instant,legacy_entity_extraction
ent_diseasecondition_db17a406c72e,ارتفاع ضغط الدم,DiseaseCondition,ضغط الدم,ahd5k_01682,chunk_00069,370852,question,ضغط الدم,0.950,llama-3.1-8b-instant,legacy_entity_extraction
ent_symptom_1f6a3892391d,خفقان القلب,Symptom,خفقان القلب الشديد,ahd5k_01690,chunk_00069,212003,question,خفقان القلب الشديد,0.900,llama-3.1-8b-instant,legacy_entity_extraction
ent_diseasecondition_db17a406c72e,ارتفاع ضغط الدم,DiseaseCondition,ضغط الدم,ahd5k_01763,chunk_00069,419840,question,ضغط الدم,0.950,llama-3.1-8b-instant,legacy_entity_extraction
ent_diseasecondition_d858e70d5fdf,الروماتيزم,DiseaseCondition,روماتيزم الدم,ahd5k_03624,chunk_00069,450277,question,روماتيزم الدم,0.900,llama-3.1-8b-instant,legacy_entity_extraction
ent_diseasecondition_db17a406c72e,ارتفاع ضغط الدم,DiseaseCondition,ارتفاع في ضغط الدم,ahd5k_03624,chunk_00069,450277,question,ارتفاع في ضغط الدم,0.950,llama-3.1-8b-instant,legacy_entity_extraction
ent_symptom_1f6a3892391d,خفقان القلب,Symptom,خفقان القلب الشديد,ahd5k_03624,chunk_00069,450277,question,خفقان القلب الشديد,0.900,llama-3.1-8b-instant,legacy_entity_extraction
ent_diseasecondition_4483219775eb,الانزلاقات الغضروفية العنقية,DiseaseCondition,الانزلاقات الغضروفية العنقية,ahd5k_04477,chunk_00069,795318,answer,الانزلاقات الغضروفية العنقية,0.800,llama-3.1-8b-instant,legacy_entity_extraction
ent_diseasecondition_db17a406c72e,ارتفاع ضغط الدم,DiseaseCondition,ارتفاع ضغط الدم,ahd5k_04477,chunk_00069,795318,answer,ارتفاع ضغط الدم,0.950,llama-3.1-8b-instant,legacy_entity_extraction
ent_diseasecondition_58d7d4ebddc3,انخفاض ضغط الدم,DiseaseCondition,انخفاض الضغط,ahd5k_04701,chunk_00069,245947,answer,انخفاض الضغط,0.800,llama-3.1-8b-instant,legacy_entity_extraction
ent_diseasecondition_db17a406c72e,ارتفاع ضغط الدم,DiseaseCondition,انخفاض الضغط,ahd5k_04701,chunk_00069,245947,answer,انخفاض الضغط,0.950,llama-3.1-8b-instant,legacy_entity_extraction
ent_symptom_1f6a3892391d,خفقان القلب,Symptom,تسارع في ضربات القلب,ahd5k_04701,chunk_00069,245947,question,تسارع في ضربات القلب,0.900,llama-3.1-8b-instant,legacy_entity_extraction
ent_symptom_7b839cc80688,ضيق تنفس,Symptom,ضيق تنفس,ahd5k_04701,chunk_00069,245947,question,ضيق تنفس,0.900,llama-3.1-8b-instant,legacy_entity_extraction
ent_symptom_850b2a35c32d,دوخة,Symptom,دوخة,ahd5k_04701,chunk_00069,245947,question,دوخة,0.800,llama-3.1-8b-instant,legacy_entity_extraction
ent_treatment_2c9d8c42194b,الوجبة الإفطار,Treatment,وجبة الإفطار,ahd5k_04701,chunk_00069,245947,answer,وجبة الإفطار,0.800,llama-3.1-8b-instant,legacy_entity_extraction
ent_treatment_7df0ceb5a906,السوائل والأملاح,Treatment,السوائل والأملاح,ahd5k_04701,chunk_00069,245947,answer,السوائل والأملاح,0.900,llama-3.1-8b-instant,legacy_entity_extraction
ent_treatment_d017757dbf16,الدوخة,Treatment,الدوخة,ahd5k_04701,chunk_00069,245947,answer,الدوخة,0.700,llama-3.1-8b-instant,legacy_entity_extraction
ent_diseasecondition_db17a406c72e,ارتفاع ضغط الدم,DiseaseCondition,ارتفاع ضغط الدم,ahd5k_04975,chunk_00070,518117,answer,ارتفاع ضغط الدم,0.950,llama-3.1-8b-instant,legacy_entity_extraction
ent_symptom_7d2fce86bc12,نغزات,Symptom,نغزات,ahd5k_04975,chunk_00070,518117,question,نغزات,0.950,llama-3.1-8b-instant,legacy_entity_extraction
ent_diseasecondition_380db6d92562,مرض السكري,DiseaseCondition,مرض السكري,ahd5k_04630,chunk_00071,667359,answer,مرض الالتهاب الخلوي او الحمره المصاحبه لمرض السكري واذا صاحب ذلك تورم باحد الرجلين دون الاخري يجب وضع احتمال جلطة الاورده العميقه اما تصلب الشرايين فاعراضه الالم مع المشي وفي الحالات الشديدة التحول للون الازرق فالاسود وضمر الجلد والاظافر والغرغرينه,0.850,llama-3.1-8b-instant,legacy_entity_extraction
ent_diseasecondition_44e90462f6cf,تصلب الشرايين,DiseaseCondition,تصلب الشرايين,ahd5k_04630,chunk_00071,667359,answer,مرض الالتهاب الخلوي او الحمره المصاحبه لمرض السكري واذا صاحب ذلك تورم باحد الرجلين دون الاخري يجب وضع احتمال جلطة الاورده العميقه اما تصلب الشرايين فاعراضه الالم مع المشي وفي الحالات الشديدة التحول للون الازرق فالاسود وضمر الجلد والاظافر والغرغرينه,0.850,llama-3.1-8b-instant,legacy_entity_extraction
ent_diseasecondition_44e90462f6cf,تصلب الشرايين,DiseaseCondition,تصلب الشرايين,ahd5k_04630,chunk_00071,667359,answer,الالم مع المشي وفي الحالات الشديدة التحول للون الازرق فالاسود وضمر الجلد والاظافر والغرغرينه,0.850,llama-3.1-8b-instant,legacy_entity_extraction
ent_diseasecondition_8073c16255c6,التهاب الخلوي,DiseaseCondition,التهاب الخلوي,ahd5k_04630,chunk_00071,667359,answer,مرض الالتهاب الخلوي او الحمره المصاحبه لمرض السكري واذا صاحب ذلك تورم باحد الرجلين دون الاخري يجب وضع احتمال جلطة الاورده العميقه اما تصلب الشرايين فاعراضه الالم مع المشي وفي الحالات الشديدة التحول للون الازرق فالاسود وضمر الجلد والاظافر والغرغرينه,0.850,llama-3.1-8b-instant,legacy_entity_extraction
ent_diseasecondition_93e6689ea10d,جلطة الاورده العميقه,DiseaseCondition,جلطة الاورده العميقه,ahd5k_04630,chunk_00071,667359,answer,مرض الالتهاب الخلوي او الحمره المصاحبه لمرض السكري واذا صاحب ذلك تورم باحد الرجلين دون الاخري يجب وضع احتمال جلطة الاورده العميقه اما تصلب الشرايين فاعراضه الالم مع المشي وفي الحالات الشديدة التحول للون الازرق فالاسود وضمر الجلد والاظافر والغرغرينه,0.850,llama-3.1-8b-instant,legacy_entity_extraction
ent_treatment_307befae7768,أبر جاهزة للحقن,Treatment,أبر جاهزة للحقن,ahd5k_04895,chunk_00071,473114,answer,و يمكن الاستعاضة عنه بأبر جاهزة للحقن حسب الوزن والحالة الصحية أو عبر أدوية بالفم.,0.850,llama-3.1-8b-instant,legacy_entity_extraction
ent_treatment_b036153000f8,أدوية بالفم,Treatment,أدوية بالفم,ahd5k_04895,chunk_00071,473114,answer,و يمكن الاستعاضة عنه بأبر جاهزة للحقن حسب الوزن والحالة الصحية أو عبر أدوية بالفم.,0.850,llama-3.1-8b-instant,legacy_entity_extraction
ent_treatment_e601e738b889,هيبارين,Treatment,هيبارين,ahd5k_04895,chunk_00071,473114,answer,هذا دواء مسيّل للدم يفضلّ استعماله داخل المستشفى لأنه يجب مراقبة نسبة سيلان الدم بالتحاليل.,0.850,llama-3.1-8b-instant,legacy_entity_extraction
ent_diseasecondition_16cf4e77b755,التهاب,DiseaseCondition,التهاب,ahd5k_00515,chunk_00072,579241,question,التهاب,0.850,llama-3.1-8b-instant,legacy_entity_extraction
ent_symptom_b5e5cc252e6a,الضيق التنفسي,Symptom,ضيق تنفس,ahd5k_00515,chunk_00072,579241,question,ضيق تنفس,0.700,llama-3.1-8b-instant,legacy_entity_extraction
ent_diseasecondition_16cf4e77b755,التهاب,DiseaseCondition,التهاب,ahd5k_00656,chunk_00072,32696,question,التهاب,0.850,llama-3.1-8b-instant,legacy_entity_extraction
ent_symptom_b5e5cc252e6a,الضيق التنفسي,Symptom,ضيق تنفس,ahd5k_00656,chunk_00072,32696,question,ضيق تنفس,0.700,llama-3.1-8b-instant,legacy_entity_extraction
ent_diseasecondition_16cf4e77b755,التهاب,DiseaseCondition,التهاب,ahd5k_01510,chunk_00072,176662,question,التهاب,0.850,llama-3.1-8b-instant,legacy_entity_extraction
ent_symptom_b5e5cc252e6a,الضيق التنفسي,Symptom,ضيق تنفس,ahd5k_01510,chunk_00072,176662,question,ضيق تنفس,0.700,llama-3.1-8b-instant,legacy_entity_extraction
ent_diseasecondition_16cf4e77b755,التهاب,DiseaseCondition,التهاب,ahd5k_01669,chunk_00072,456955,question,التهاب,0.850,llama-3.1-8b-instant,legacy_entity_extraction
ent_symptom_b5e5cc252e6a,الضيق التنفسي,Symptom,ضيق تنفس,ahd5k_01669,chunk_00072,456955,question,ضيق تنفس,0.700,llama-3.1-8b-instant,legacy_entity_extraction
ent_diseasecondition_16cf4e77b755,التهاب,DiseaseCondition,التهاب,ahd5k_02719,chunk_00072,522162,question,التهاب,0.850,llama-3.1-8b-instant,legacy_entity_extraction
ent_symptom_b5e5cc252e6a,الضيق التنفسي,Symptom,ضيق تنفس,ahd5k_02719,chunk_00072,522162,question,ضيق تنفس,0.700,llama-3.1-8b-instant,legacy_entity_extraction
ent_diseasecondition_16cf4e77b755,التهاب,DiseaseCondition,التهاب,ahd5k_02761,chunk_00072,112180,question,التهاب,0.850,llama-3.1-8b-instant,legacy_entity_extraction
ent_symptom_b5e5cc252e6a,الضيق التنفسي,Symptom,ضيق تنفس,ahd5k_02761,chunk_00072,112180,question,ضيق تنفس,0.700,llama-3.1-8b-instant,legacy_entity_extraction
ent_diseasecondition_16cf4e77b755,التهاب,DiseaseCondition,التهاب,ahd5k_03333,chunk_00072,132178,question,التهاب,0.850,llama-3.1-8b-instant,legacy_entity_extraction
ent_symptom_b5e5cc252e6a,الضيق التنفسي,Symptom,ضيق تنفس,ahd5k_03333,chunk_00072,132178,question,ضيق تنفس,0.700,llama-3.1-8b-instant,legacy_entity_extraction
ent_diseasecondition_16cf4e77b755,التهاب,DiseaseCondition,التهاب,ahd5k_03501,chunk_00072,569124,question,التهاب,0.850,llama-3.1-8b-instant,legacy_entity_extraction
ent_test_0deca3ec9d8b,تلفزيون قلب,Test,تخطيط كهربائية القلب,ahd5k_03958,chunk_00073,291423,answer,قال الطبيب انه عادي,0.850,llama-3.1-8b-instant,legacy_entity_extraction
ent_treatment_2547ab58544d,مضادات القلق,Treatment,مضادات القلق,ahd5k_03958,chunk_00073,291423,answer,باستخدام مضدات القلق ستتحسن,0.850,llama-3.1-8b-instant,legacy_entity_extraction
ent_test_0deca3ec9d8b,تلفزيون قلب,Test,تلفزيون قلب,ahd5k_04775,chunk_00073,741098,question,ذهبت افعل تلفزيون قلب,0.850,llama-3.1-8b-instant,legacy_entity_extraction
ent_symptom_7b839cc80688,ضيق تنفس,Symptom,ضيق نفس,ahd5k_04898,chunk_00073,504122,question,ضيق نفس في صدري من حين لآخر,0.850,llama-3.1-8b-instant,legacy_entity_extraction
ent_symptom_7b839cc80688,ضيق تنفس,Symptom,ضيق نفس,ahd5k_04898,chunk_00073,504122,question,احيانا اشعر بضيق النفس,0.850,llama-3.1-8b-instant,legacy_entity_extraction
ent_symptom_b754f1a1e5a8,صداع,Symptom,صداع متقطع,ahd5k_03737,chunk_00074,184596,question,شعر بصداع متقطع في النصف الايسر من رأسي كومضات متقطعّة و دوخة و لا استطيع فتح عيني كاملة يظهر التعب على وجهي والاجهاد بالرغم من عدم فعل اي شيء و...,0.850,llama-3.1-8b-instant,legacy_entity_extraction
ent_symptom_7b839cc80688,ضيق تنفس,Symptom,ضيق تنفس,ahd5k_04265,chunk_00074,654548,question,عندي ضيق تنفس وبنفس الوقت معه صداع قوي وخفقان في القلب,0.850,llama-3.1-8b-instant,legacy_entity_extraction
ent_symptom_b754f1a1e5a8,صداع,Symptom,صداع قوي,ahd5k_04265,chunk_00074,654548,question,عندي ضيق تنفس وبنفس الوقت معه صداع قوي وخفقان في القلب,0.850,llama-3.1-8b-instant,legacy_entity_extraction
ent_symptom_f51ef98950a2,قلق,Symptom,قلق,ahd5k_00671,chunk_00075,496778,question,قلق,0.950,llama-3.1-8b-instant,legacy_entity_extraction
ent_diseasecondition_af6114123652,ارتخاء الصمام الميترالي,DiseaseCondition,ارتجاع الصمام الميترالي,ahd5k_04352,chunk_00075,102236,answer,ارتجاع الصمام الميترالي,0.950,llama-3.1-8b-instant,legacy_entity_extraction
ent_test_4b0183158a0f,إيكو,Test,ايكو,ahd5k_04352,chunk_00075,102236,question,ايكو,0.950,llama-3.1-8b-instant,legacy_entity_extraction
ent_diseasecondition_16cf4e77b755,التهاب,DiseaseCondition,الم عند الاستيقاظ فى الكليتين,ahd5k_04706,chunk_00076,274111,question,الم عند الاستيقاظ فى الكليتين,0.850,llama-3.1-8b-instant,legacy_entity_extraction
ent_test_62f3f553cccf,تحليل بول,Test,عمل تحليل بول,ahd5k_04706,chunk_00076,274111,answer,عمل تحليل بول,0.850,llama-3.1-8b-instant,legacy_entity_extraction
ent_treatment_839837a8561b,الاكثار من شرب الماء,Treatment,الاكثار من شرب الماء,ahd5k_04706,chunk_00076,274111,answer,الاكثار من شرب الماء,0.850,llama-3.1-8b-instant,legacy_entity_extraction
ent_symptom_2b9271490fdf,نوبات,Symptom,نوبات,ahd5k_00189,chunk_00077,777734,question,ماهي اسباب الضربات الهاجرة في القلب وكيف يمكن علاجها,0.850,llama-3.1-8b-instant,legacy_entity_extraction
ent_treatment_9318db295dde,الاندرال,Treatment,الاندرال,ahd5k_00189,chunk_00077,777734,answer,الإندرال يمكن أن يُساعد في السيطرة عليها في أحيان كثيرة,0.850,llama-3.1-8b-instant,legacy_entity_extraction
ent_treatment_1a95beeb72ce,روفسوفاستاتين,Treatment,روفسوفاستاتين,ahd5k_01375,chunk_00077,410262,question,هل حبوب كريستور(rousovastatin) تؤثر على عضلة القلب,0.850,llama-3.1-8b-instant,legacy_entity_extraction
ent_treatment_5bbcb8e80aef,كريستور,Treatment,كريستور,ahd5k_01375,chunk_00077,410262,question,هل حبوب كريستور(rousovastatin) تؤثر على عضلة القلب,0.850,llama-3.1-8b-instant,legacy_entity_extraction
ent_symptom_2b9271490fdf,نوبات,Symptom,نوبات,ahd5k_01574,chunk_00077,172658,question,اعاني من ضربات القلب السريعه والقويه,0.850,llama-3.1-8b-instant,legacy_entity_extraction
ent_symptom_38888a2188fe,القلق,Symptom,القلق,ahd5k_01574,chunk_00077,172658,answer,بما ان الفحص الطبي كان سليما فلا داعي للقلق,0.850,llama-3.1-8b-instant,legacy_entity_extraction
ent_treatment_831958f59880,كلوفينال,Treatment,كلوفينال,ahd5k_01990,chunk_00077,446642,question,اخذت تحميلة من كلوفينال بعد العشاء,0.850,llama-3.1-8b-instant,legacy_entity_extraction
ent_symptom_d713f64368d3,ضغط,Symptom,ضغط والم,ahd5k_00436,chunk_00078,590284,question,ضغط والم,0.850,llama-3.1-8b-instant,legacy_entity_extraction
ent_test_433492431144,تحليل الحساسية,Test,تحليل الحساسية,ahd5k_00436,chunk_00078,590284,answer,تحليل الحساسية,0.850,llama-3.1-8b-instant,legacy_entity_extraction
ent_symptom_17b6202362ba,نفخ,Symptom,صدري ينتفخ,ahd5k_01017,chunk_00078,440765,question,صدري ينتفخ,0.850,llama-3.1-8b-instant,legacy_entity_extraction
ent_diseasecondition_7f3c581aaa3e,ارتكاريا,DiseaseCondition,ارتخاء بالصمام الميترالى,ahd5k_01406,chunk_00078,571258,question,ارتخاء بالصمام الميترالى,0.850,llama-3.1-8b-instant,legacy_entity_extraction
ent_treatment_9ef7c69bc634,وارفارين,Treatment,وارفارين,ahd5k_02905,chunk_00078,376234,answer,وارفارين,0.850,llama-3.1-8b-instant,legacy_entity_extraction
ent_treatment_b333a867faf6,الأسبرين,Treatment,اسبرين,ahd5k_02905,chunk_00078,376234,answer,اسبرين,0.850,llama-3.1-8b-instant,legacy_entity_extraction
ent_diseasecondition_16cf4e77b755,التهاب,DiseaseCondition,التهاب,ahd5k_03469,chunk_00079,446239,answer,التهاب,0.850,llama-3.1-8b-instant,legacy_entity_extraction
ent_symptom_df03b3e7eef5,النفخ,Symptom,النفخ,ahd5k_03469,chunk_00079,446239,answer,النفخ,0.850,llama-3.1-8b-instant,legacy_entity_extraction
ent_diseasecondition_da5565d6842c,الجلطة الدماغية,DiseaseCondition,الجلطة الدماغية,ahd5k_03696,chunk_00079,108992,question,الجلطة الدماغية,0.850,llama-3.1-8b-instant,legacy_entity_extraction
ent_treatment_b333a867faf6,الأسبرين,Treatment,الأسبرين + البلافيكس,ahd5k_03696,chunk_00079,108992,answer,الأسبرين + البلافيكس,0.850,llama-3.1-8b-instant,legacy_entity_extraction
ent_diseasecondition_2e5268a07754,تضيق الشرايين,DiseaseCondition,انسداد في ٣ شرايين,ahd5k_00391,chunk_00080,722745,question,انسداد في ٣ شرايين ومشكله في الصمام,0.850,llama-3.1-8b-instant,legacy_entity_extraction
ent_diseasecondition_de01cca177b2,صمام القلب,DiseaseCondition,صمام,ahd5k_00391,chunk_00080,722745,question,مشكله في الصمام,0.850,llama-3.1-8b-instant,legacy_entity_extraction
ent_diseasecondition_1624385f1d65,النسيج المحيط بالفتحة,DiseaseCondition,نسيج محيط بالفتحة,ahd5k_00924,chunk_00080,804678,answer,توفر حافة كافية من الأنسجة المحيطة بالفتحة,0.850,llama-3.1-8b-instant,legacy_entity_extraction
ent_diseasecondition_532d066568cb,النسيج,DiseaseCondition,نسيج,ahd5k_00924,chunk_00080,804678,answer,نمو سريع للنسيج فوق الدعامات,0.850,llama-3.1-8b-instant,legacy_entity_extraction
ent_diseasecondition_77d1494eeb4a,النسيج المحيط,DiseaseCondition,نسيج محيط,ahd5k_00924,chunk_00080,804678,answer,توفر حافة كافية من الأنسجة المحيطة بالفتحة,0.850,llama-3.1-8b-instant,legacy_entity_extraction
ent_diseasecondition_9efe983f86e2,الجلطات,DiseaseCondition,جلطات,ahd5k_00924,chunk_00080,804678,answer,جلطات في الموقع,0.850,llama-3.1-8b-instant,legacy_entity_extraction
ent_diseasecondition_bad4a78d1afb,النسيج فوق الدعامات,DiseaseCondition,نسيج فوق,ahd5k_00924,chunk_00080,804678,answer,نمو سريع للنسيج فوق الدعامات,0.850,llama-3.1-8b-instant,legacy_entity_extraction
ent_diseasecondition_2e5268a07754,تضيق الشرايين,DiseaseCondition,تصلب 3 من شرايين القلب,ahd5k_01704,chunk_00080,468226,question,تصلب 3 من شرايين القلب,0.850,llama-3.1-8b-instant,legacy_entity_extraction
ent_diseasecondition_de01cca177b2,صمام القلب,DiseaseCondition,صمام القلب,ahd5k_02217,chunk_00080,426546,question,تشوه خلقي في صمام القلب,0.850,llama-3.1-8b-instant,legacy_entity_extraction
ent_diseasecondition_16cf4e77b755,التهاب,DiseaseCondition,التهاب,ahd5k_02768,chunk_00080,766709,answer,التهاب أو اضطراب الغة الدرقية,0.850,llama-3.1-8b-instant,legacy_entity_extraction
ent_diseasecondition_b2548ad0e103,اضطراب الغدة الدرقية,DiseaseCondition,اضطراب الغة الدرقية,ahd5k_02768,chunk_00080,766709,answer,التهاب أو اضطراب الغة الدرقية,0.850,llama-3.1-8b-instant,legacy_entity_extraction
ent_diseasecondition_fab2e100965e,اضطرابات كهربية قلبية,DiseaseCondition,اضطرابات كهربية قلبية,ahd5k_02768,chunk_00080,766709,answer,اضطرابات كهربية قلبية,0.850,llama-3.1-8b-instant,legacy_entity_extraction
ent_treatment_2223a55c026b,العمليات القلبية المفتوحة,Treatment,عمليات القلب المفتوحة,ahd5k_02957,chunk_00081,734477,answer,عمليات القلب المفتوحة كثيرة,0.850,llama-3.1-8b-instant,legacy_entity_extraction
ent_treatment_9a36b616695e,تبديل الصمامات,Treatment,تبديل الصمامات,ahd5k_02957,chunk_00081,734477,answer,تبديل الصمامات,0.850,llama-3.1-8b-instant,legacy_entity_extraction
ent_diseasecondition_45b76d151316,الضيق البسيط,DiseaseCondition,ضيق في الشريان الاورطي,ahd5k_03965,chunk_00081,477399,question,ضيق في الشريان الاورطي,0.850,llama-3.1-8b-instant,legacy_entity_extraction
ent_diseasecondition_6eb03902c623,السكري,DiseaseCondition,السكري,ahd5k_04533,chunk_00081,772185,answer,السكري,0.850,llama-3.1-8b-instant,legacy_entity_extraction
ent_diseasecondition_765c9fdd4495,الفشل القلبي اللامُعاوَض,DiseaseCondition,فشل القلب المكتسب,ahd5k_04533,chunk_00081,772185,answer,فشل القلب المكتسب,0.850,llama-3.1-8b-instant,legacy_entity_extraction
ent_symptom_5dc2556b8338,الوفاة,Symptom,الوفاة,ahd5k_04533,chunk_00081,772185,answer,الوفاة,0.850,llama-3.1-8b-instant,legacy_entity_extraction
ent_symptom_6ff36e848606,الحادِث الوِعائيٌّ الدِمَاغِيّ,Symptom,الحادث الوَعائيّ الدِمَاغِيّ,ahd5k_04533,chunk_00081,772185,answer,الحادث الوَعائيّ الدِمَاغِيّ,0.850,llama-3.1-8b-instant,legacy_entity_extraction
ent_symptom_d0d35afb979b,الحساسية على الوسط التَبايُنِيّ,Symptom,الحساسية على الوسط التبايني,ahd5k_04533,chunk_00081,772185,answer,الحساسية على الوسط التبايني,0.850,llama-3.1-8b-instant,legacy_entity_extraction
ent_symptom_e276c7fd7e33,النزف,Symptom,النزف,ahd5k_04533,chunk_00081,772185,answer,النزف,0.850,llama-3.1-8b-instant,legacy_entity_extraction
ent_symptom_f28c266dc478,المضاعفات الوعائية,Symptom,المضاعفات الوعائية,ahd5k_04533,chunk_00081,772185,answer,المضاعفات الوعائية,0.850,llama-3.1-8b-instant,legacy_entity_extraction
ent_test_27c861759100,القسطرة التشخيصية,Test,القسطرة التشخيصية,ahd5k_04970,chunk_00081,691197,question,القسطرة التشخيصية,0.850,llama-3.1-8b-instant,legacy_entity_extraction
ent_diseasecondition_16cf4e77b755,التهاب,DiseaseCondition,التهاب,ahd5k_00994,chunk_00082,453427,answer,التهاب,0.850,llama-3.1-8b-instant,legacy_entity_extraction
ent_diseasecondition_2f75d3dabe0b,حساسية,DiseaseCondition,حساسية,ahd5k_00994,chunk_00082,453427,answer,حساسية أو استجابة جسدية غير ملائمة,0.950,llama-3.1-8b-instant,legacy_entity_extraction
ent_test_dd68aa784555,تحاليل مخبرية,Test,تحاليل مخبرية,ahd5k_00994,chunk_00082,453427,answer,تحاليل مخبرية,0.950,llama-3.1-8b-instant,legacy_entity_extraction
ent_diseasecondition_2f75d3dabe0b,حساسية,DiseaseCondition,حساسية,ahd5k_01236,chunk_00082,692953,answer,حساسية أو خلل تقني,0.950,llama-3.1-8b-instant,legacy_entity_extraction
ent_diseasecondition_db17a406c72e,ارتفاع ضغط الدم,DiseaseCondition,ارتفاع ضغط الدم,ahd5k_02399,chunk_00083,526387,answer,ارتفاع ضغط الدم,0.950,llama-3.1-8b-instant,legacy_entity_extraction
ent_treatment_d9340b6ee231,عمليه قلب مفتوح,Treatment,عمليه قلب مفتوح,ahd5k_02399,chunk_00083,526387,question,عمليه قلب مفتوح,0.950,llama-3.1-8b-instant,legacy_entity_extraction
ent_diseasecondition_380db6d92562,مرض السكري,DiseaseCondition,مرض السكري,ahd5k_01294,chunk_00084,456457,answer,مرض السكري وضغط الدمز,0.950,llama-3.1-8b-instant,legacy_entity_extraction
ent_symptom_724e59ded899,ضغط الدم,Symptom,ضغط الدمز,ahd5k_01294,chunk_00084,456457,answer,مرض السكري وضغط الدمز,0.850,llama-3.1-8b-instant,legacy_entity_extraction
ent_test_dd68aa784555,تحاليل مخبرية,Test,تحاليل مخبرية,ahd5k_01294,chunk_00084,456457,answer,لا نعرف نوع الصمام ولا حالتها السريرية بعد العملية والتي على أساسها سيتم تحديد الدواء الذي ينبغي وصفه,0.800,llama-3.1-8b-instant,legacy_entity_extraction
ent_treatment_e9980cc1f2a6,عملية القلب المفتوح,Treatment,عملية قلب مفتوح,ahd5k_01294,chunk_00084,456457,answer,عملية قلب مفتوح وتبديل صمام الابهر,0.950,llama-3.1-8b-instant,legacy_entity_extraction
ent_diseasecondition_380db6d92562,مرض السكري,DiseaseCondition,مرض السكري,ahd5k_02607,chunk_00084,585122,answer,مرض السكري وضغط الدم,0.950,llama-3.1-8b-instant,legacy_entity_extraction
ent_symptom_724e59ded899,ضغط الدم,Symptom,ضغط الدم,ahd5k_02607,chunk_00084,585122,answer,مرض السكري وضغط الدم,0.850,llama-3.1-8b-instant,legacy_entity_extraction
ent_diseasecondition_380db6d92562,مرض السكري,DiseaseCondition,مرض السكري,ahd5k_03015,chunk_00084,711478,answer,معها السكري,0.950,llama-3.1-8b-instant,legacy_entity_extraction
ent_treatment_e9980cc1f2a6,عملية القلب المفتوح,Treatment,عملية القلب المفتوح,ahd5k_03015,chunk_00084,711478,answer,عملية القلب المفتوح دون تغيير صمامات,0.950,llama-3.1-8b-instant,legacy_entity_extraction
ent_diseasecondition_380db6d92562,مرض السكري,DiseaseCondition,مرض السكري,ahd5k_04912,chunk_00084,794360,answer,مع العلم أن المريض يعاني من مرض السكر,0.950,llama-3.1-8b-instant,legacy_entity_extraction
ent_symptom_724e59ded899,ضغط الدم,Symptom,ضغط,ahd5k_04912,chunk_00084,794360,answer,ضغط الدم,0.850,llama-3.1-8b-instant,legacy_entity_extraction
ent_diseasecondition_16cf4e77b755,التهاب,DiseaseCondition,التهاب,ahd5k_00855,chunk_00085,760882,answer,التهاب في الجهاز التنفسي,0.850,llama-3.1-8b-instant,legacy_entity_extraction
ent_diseasecondition_9719230327a2,فقر الدم,DiseaseCondition,فقر الدم,ahd5k_00855,chunk_00085,760882,answer,فقر الدم أو اضطرابات دموية أو متعلقة بجهاز الدورة الدموية,0.850,llama-3.1-8b-instant,legacy_entity_extraction
ent_test_f1846b201f26,فحص,Test,فحص,ahd5k_00855,chunk_00085,760882,answer,اجراء فحص للكشف عن أي علامات سريرية,0.850,llama-3.1-8b-instant,legacy_entity_extraction
ent_symptom_42ad4acdebc5,وجع,Symptom,وجع بالجسم,ahd5k_01537,chunk_00086,764877,question,وجع بالجسم,0.850,llama-3.1-8b-instant,legacy_entity_extraction
ent_symptom_fd750eeb2865,انتفاخ,Symptom,انتفاخ بالوجه,ahd5k_01537,chunk_00086,764877,question,انتفاخ بالوجه,0.850,llama-3.1-8b-instant,legacy_entity_extraction
ent_test_c4cfd2d6468c,أشعة,Test,اشعة بالصبغة,ahd5k_01537,chunk_00086,764877,question,اشعة بالصبغة,0.850,llama-3.1-8b-instant,legacy_entity_extraction
ent_diseasecondition_4393a2bf88a6,سكر,DiseaseCondition,مريض سكر,ahd5k_03801,chunk_00087,766256,question,مركب دعامة عادية فى الشريان التاجى بقالى 4سنوات مع العلم انى مريض سكر,0.850,llama-3.1-8b-instant,legacy_entity_extraction
ent_test_2fa028778221,تصوير بالموجات الفوق صوتية,Test,عمل تصوير بالموجات الفوق صوتية,ahd5k_03801,chunk_00087,766256,answer,يمكنك ذلك ولكن بالمتابعة مع طبيبك من خلال الزيارات الرتينية له يمكنك الطلب إليه عمل تصوير بالموجات الفوق صوتية لكي تطمئن,0.850,llama-3.1-8b-instant,legacy_entity_extraction
ent_treatment_8726a85ab84a,مركب دعامة عادية,Treatment,مركب دعامة عادية فى الشريان التاجى بقالى 4سنوات,ahd5k_03801,chunk_00087,766256,answer,يمكنك ذلك ولكن بالمتابعة مع طبيبك من خلال الزيارات الرتينية له يمكنك الطلب إليه عمل تصوير بالموجات الفوق صوتية لكي تطمئن,0.850,llama-3.1-8b-instant,legacy_entity_extraction
ent_diseasecondition_8ae017ffaf32,الانفلوانزا,DiseaseCondition,الانفلوانزا,ahd5k_01372,chunk_00088,730133,question,الانفلوانزا,0.850,llama-3.1-8b-instant,legacy_entity_extraction
ent_diseasecondition_16cf4e77b755,التهاب,DiseaseCondition,التهاب المسالك البوليه,ahd5k_01558,chunk_00088,447720,question,التهاب المسالك البوليه,0.850,llama-3.1-8b-instant,legacy_entity_extraction
ent_diseasecondition_b774b131180f,ارتفاع الكلسترول,DiseaseCondition,ارتفاع الكلسترول والدهون الثلاثيه,ahd5k_01558,chunk_00088,447720,question,ارتفاع الكلسترول والدهون الثلاثيه,0.850,llama-3.1-8b-instant,legacy_entity_extraction
ent_treatment_639e625fe991,الزنجبيل,Treatment,الزنجبيل,ahd5k_03223,chunk_00088,779170,answer,الزنجبيل,0.850,llama-3.1-8b-instant,legacy_entity_extraction
ent_diseasecondition_da5565d6842c,الجلطة الدماغية,DiseaseCondition,الجلطة الدماغية,ahd5k_03846,chunk_00088,413296,question,الجلطة الدماغية,0.850,llama-3.1-8b-instant,legacy_entity_extraction
ent_treatment_441dfb50ce30,AspicotK,Treatment,AspicotK,ahd5k_03846,chunk_00088,413296,question,AspicotK,0.850,llama-3.1-8b-instant,legacy_entity_extraction
ent_treatment_7e88513b3bf7,Acetyl Salicylic Acid,Treatment,Acetyl Salicylic Acid,ahd5k_03846,chunk_00088,413296,question,Acetyl Salicylic Acid,0.850,llama-3.1-8b-instant,legacy_entity_extraction
ent_treatment_b3c222de947d,Dabigatran,Treatment,Dabigatran,ahd5k_03846,chunk_00088,413296,question,Dabigatran,0.850,llama-3.1-8b-instant,legacy_entity_extraction
ent_treatment_fe1881a70477,دواء الpradaxa,Treatment,دواء الpradaxa,ahd5k_03846,chunk_00088,413296,question,دواء الpradaxa,0.850,llama-3.1-8b-instant,legacy_entity_extraction
ent_diseasecondition_2f75d3dabe0b,حساسية,DiseaseCondition,حساسية,ahd5k_00010,chunk_00089,550455,question,حساسية,0.850,llama-3.1-8b-instant,legacy_entity_extraction
ent_symptom_7b839cc80688,ضيق تنفس,Symptom,ضيق تنفس,ahd5k_00010,chunk_00089,550455,question,ضيق تنفس,0.800,llama-3.1-8b-instant,legacy_entity_extraction
ent_diseasecondition_2f75d3dabe0b,حساسية,DiseaseCondition,حساسية الصدر,ahd5k_00864,chunk_00089,268161,question,حساسية الصدر,0.850,llama-3.1-8b-instant,legacy_entity_extraction
ent_test_433492431144,تحليل الحساسية,Test,تحليل الحساسية,ahd5k_00864,chunk_00089,268161,answer,تحليل الحساسية,0.900,llama-3.1-8b-instant,legacy_entity_extraction
ent_treatment_d4184001686f,الجوارب,Treatment,الجوارب,ahd5k_02818,chunk_00089,807214,answer,الجوارب,0.700,llama-3.1-8b-instant,legacy_entity_extraction
ent_diseasecondition_385230d505f3,تهاب,DiseaseCondition,تهاب,ahd5k_03671,chunk_00090,758041,answer,حمى روماتزميه,0.850,llama-3.1-8b-instant,legacy_entity_extraction
ent_symptom_7b839cc80688,ضيق تنفس,Symptom,ضيق بسيط في الصمام الميترالي,ahd5k_03671,chunk_00090,758041,question,ضيق بسيط في الصمام الميترالي,0.850,llama-3.1-8b-instant,legacy_entity_extraction
ent_treatment_4b104e5e7744,عمليه توسيع,Treatment,عمليه توسيع بالبلونه,ahd5k_03671,chunk_00090,758041,answer,عمليه توسيع بالبلونه,0.850,llama-3.1-8b-instant,legacy_entity_extraction
ent_diseasecondition_677ee50113db,كلسترول,DiseaseCondition,كلسترول,ahd5k_04045,chunk_00090,520299,question,220,0.850,llama-3.1-8b-instant,legacy_entity_extraction
ent_diseasecondition_93017f24bceb,دهون ثلاثية,DiseaseCondition,دهون ثلاثية,ahd5k_04045,chunk_00090,520299,question,320,0.850,llama-3.1-8b-instant,legacy_entity_extraction
ent_treatment_1d3c5ceebc05,عمليه نقل شريان,Treatment,عمليه نقل شريان من الرجل اليمنى الى الذراع الايسر,ahd5k_04900,chunk_00090,538683,question,عمليه نقل شريان من الرجل اليمنى الى الذراع الايسر,0.850,llama-3.1-8b-instant,legacy_entity_extraction
ent_diseasecondition_16cf4e77b755,التهاب,DiseaseCondition,التهابات نسائيه,ahd5k_01099,chunk_00091,628555,answer,التهابات نسائيه,0.950,llama-3.1-8b-instant,legacy_entity_extraction
ent_diseasecondition_7abdd04c7114,الحمل,DiseaseCondition,حمل الأنابيب,ahd5k_01099,chunk_00091,628555,question,حمل الأنابيب,0.950,llama-3.1-8b-instant,legacy_entity_extraction
ent_symptom_ecf500c8beea,حرقه,Symptom,حرقه,ahd5k_01099,chunk_00091,628555,question,حرقه في المهبل,0.950,llama-3.1-8b-instant,legacy_entity_extraction
ent_diseasecondition_7abdd04c7114,الحمل,DiseaseCondition,حمل الأنابيب,ahd5k_01629,chunk_00092,730049,answer,تعتمد نسبة نجاح طفل الأنابيب على عدة عوامل,0.850,llama-3.1-8b-instant,legacy_entity_extraction
ent_diseasecondition_7abdd04c7114,الحمل,DiseaseCondition,أطفال الأنابيب,ahd5k_01629,chunk_00092,730049,answer,تعتمد نسبة نجاح طفل الأنابيب على عدة عوامل,0.850,llama-3.1-8b-instant,legacy_entity_extraction
ent_symptom_215297000d7a,التدخين,Symptom,التدخين,ahd5k_01629,chunk_00092,730049,answer,نمط الحياة والعادات المتبعة، مثل التدخين,0.850,llama-3.1-8b-instant,legacy_entity_extraction
ent_test_51926b4c8cd0,الحيوانات المنوية,Test,حيوانات منوية,ahd5k_01629,chunk_00092,730049,answer,سلامة الحيوانات المنوية للزوج,0.850,llama-3.1-8b-instant,legacy_entity_extraction
ent_treatment_330cd62c6e95,المركز العلاجي,Treatment,مركز العلاجي,ahd5k_01629,chunk_00092,730049,answer,تقنية المتبعة في المركز العلاجي,0.850,llama-3.1-8b-instant,legacy_entity_extraction
ent_diseasecondition_7abdd04c7114,الحمل,DiseaseCondition,أطفال الانابيب,ahd5k_04875,chunk_00092,759090,question,قد قمت باجراء اطفال الانابيب لكن لم تنجح,0.850,llama-3.1-8b-instant,legacy_entity_extraction
ent_symptom_018ebc11f6df,حمى,Symptom,حمى,ahd5k_02142,chunk_00093,712459,answer,لذلك يفضل عند عمل التحليل للسائل المنوي اولا ان يتم وضع كامل العينة وخاصة اولها في العبوة المخصصة لذلك واما بالنسبة للحرارة فاضل حرارة ملائمة لنقل السائل المنوي هي من 25-37 مؤية ويفضل ان لا يستغرق زمن اكثر من 30 دقيقة لوصول العينة للمختبر.,0.850,llama-3.1-8b-instant,legacy_entity_extraction
ent_test_263ea3437869,تحليل AMH,Test,تحليل AMH,ahd5k_01925,chunk_00094,758856,answer,تحليل AMH ليس له علاقة بنجاح او فشل محاولة الاخصاب خارج الجسم,0.950,llama-3.1-8b-instant,legacy_entity_extraction
ent_treatment_318e308e2e2c,IVF,Treatment,IVF,ahd5k_01925,chunk_00094,758856,question,هل يجب القيام بتحليل AMH قبل القيام ب IVF,0.950,llama-3.1-8b-instant,legacy_entity_extraction
ent_diseasecondition_a69e12c09129,تكيس المابيض,DiseaseCondition,بداية تكيس المابيض,ahd5k_04038,chunk_00095,759248,question,تبين عندي بداية تكيس المابيض,0.850,llama-3.1-8b-instant,legacy_entity_extraction
ent_treatment_ad1d7aa378fb,حبوب حامض الفوليك,Treatment,حبوب حامض الفوليك,ahd5k_04038,chunk_00095,759248,answer,نتناول حبوب حامض الفوليك لسلامة الاجنة,0.850,llama-3.1-8b-instant,legacy_entity_extraction
ent_diseasecondition_250910ab0701,حساسية الصدر,DiseaseCondition,حساسية الصدر,ahd5k_00931,chunk_00096,767961,answer,لا تؤثر الابر الهرمونية على زيادة الوزن فقط في فترة اخذهم قد يتم تجمع بعض السوائل في الجسم ولكن في حال الانتهاء من الابر يعود الجسم لوضعه الطبيعي,0.850,llama-3.1-8b-instant,legacy_entity_extraction
ent_diseasecondition_2f75d3dabe0b,حساسية,DiseaseCondition,حساسية,ahd5k_00931,chunk_00096,767961,answer,لا تؤثر الابر الهرمونية على زيادة الوزن فقط في فترة اخذهم قد يتم تجمع بعض السوائل في الجسم ولكن في حال الانتهاء من الابر يعود الجسم لوضعه الطبيعي,0.850,llama-3.1-8b-instant,legacy_entity_extraction
ent_symptom_f4cf885a0447,سعال,Symptom,سعال,ahd5k_01584,chunk_00096,746746,answer,لا ياسيدتي لايوجد هكدا سبب للطرح المتكرر وعليك تحديد مشكلتك لي بالتفصيل دابراهيم الهنداوي مستشار العقم واطفال الانابيب 00962776420095-الاردن,0.850,llama-3.1-8b-instant,legacy_entity_extraction
ent_diseasecondition_ce9ff22d8fac,البرونكيتيس,DiseaseCondition,البرونكيتيس,ahd5k_01770,chunk_00096,771885,answer,حسب الخبرات والدراسات التي تشير انه لا يوجد اي تأثير مضر للهرمونات المستخدمة في تنشيط الاباضة نتمنى لك كل التوفيق,0.850,llama-3.1-8b-instant,legacy_entity_extraction
ent_treatment_38ccbae05698,التلقيح الاصطناعي,Treatment,التلقيح الاصطناعي,ahd5k_02139,chunk_00096,764825,answer,من المعروف ان نسب النجاح بالتلقيح الاصطناعي لا تتعدى 25%اي انها تبقى افضل بكثير من الجماع الطبيعي واذا كانت عينة زوجكم اقل من 10 ملاين فالافضل اجراء طفل الانبوب الاخصاب خارج الجسم بالاستعمال الحقن المجهري للبويضة,0.850,llama-3.1-8b-instant,legacy_entity_extraction
ent_symptom_3600b8bcb53e,الجوع,Symptom,شعور بالجوع,ahd5k_01128,chunk_00097,697206,answer,شعور الطفل بالجوع,0.850,llama-3.1-8b-instant,legacy_entity_extraction
ent_treatment_60ce765ad441,الطعام,Treatment,الطعام,ahd5k_01128,chunk_00097,697206,answer,الطعام,0.850,llama-3.1-8b-instant,legacy_entity_extraction
ent_treatment_df23e36cac5c,اللعب,Treatment,اللعب,ahd5k_01128,chunk_00097,697206,answer,اللعب,0.850,llama-3.1-8b-instant,legacy_entity_extraction
ent_diseasecondition_16cf4e77b755,التهاب,DiseaseCondition,التهاب,ahd5k_01836,chunk_00098,491669,question,التقيوء بيكون بشكل نفوره وقذف وبكاء بعدها وليكون غالبا اثناء النوم مع وجود سعال وعانى من نغس الشىء منذ الولادة وكان...,0.950,llama-3.1-8b-instant,legacy_entity_extraction
ent_diseasecondition_2f75d3dabe0b,حساسية,DiseaseCondition,حساسية,ahd5k_01836,chunk_00098,491669,question,التقيوء بيكون بشكل نفوره وقذف وبكاء بعدها وليكون غالبا اثناء النوم مع وجود سعال وعانى من نغس الشىء منذ الولادة وكان...,0.850,llama-3.1-8b-instant,legacy_entity_extraction
ent_treatment_43526f78a371,مضاد حيوي,Treatment,مضاد حيوي,ahd5k_01836,chunk_00098,491669,answer,إعطائك بعض النصائح أو العلاجات إذا لزم لعلاج الإرتداد المعوي,0.950,llama-3.1-8b-instant,legacy_entity_extraction
ent_diseasecondition_16cf4e77b755,التهاب,DiseaseCondition,التهاب,ahd5k_03986,chunk_00098,531274,question,التهاب اللوز,0.950,llama-3.1-8b-instant,legacy_entity_extraction
ent_treatment_43526f78a371,مضاد حيوي,Treatment,مضاد حيوي,ahd5k_03986,chunk_00098,531274,answer,إعطائك بعض النصائح أو العلاجات إذا لزم لعلاج الإرتداد المعوي,0.950,llama-3.1-8b-instant,legacy_entity_extraction
ent_diseasecondition_7abdd04c7114,الحمل,DiseaseCondition,الحمل,ahd5k_00568,chunk_00099,711814,answer,"بعض الحالات المرضية مثل امراض القلب والشرايين , او امراض الجهاو التنفسي التي قد تؤدي الة ضيق النفس ونقص الاكسجين وبالتالي الزراق و بعض الحالات التي قد تؤدي للزراق مثل كثرة الملابس التي يرتديها الطفل او بسبب شدة برودة الطقس او برودة الماء عند الاستحمام .",0.850,llama-3.1-8b-instant,legacy_entity_extraction
ent_symptom_7b297d9851d1,الملابس,Symptom,كثرة الملابس,ahd5k_00568,chunk_00099,711814,answer,بعض الحالات التي قد تؤدي للزراق مثل كثرة الملابس التي يرتديها الطفل او بسبب شدة برودة الطقس او برودة الماء عند الاستحمام .,0.850,llama-3.1-8b-instant,legacy_entity_extraction
ent_symptom_9462c717910d,برودة الطقس,Symptom,برودة الطقس,ahd5k_00568,chunk_00099,711814,answer,بعض الحالات التي قد تؤدي للزراق مثل كثرة الملابس التي يرتديها الطفل او بسبب شدة برودة الطقس او برودة الماء عند الاستحمام .,0.850,llama-3.1-8b-instant,legacy_entity_extraction
ent_symptom_c42bbeabdb83,الزراق,Symptom,الزراق,ahd5k_00568,chunk_00099,711814,question,الزراق و بعض الحالات التي قد تؤدي للزراق,0.850,llama-3.1-8b-instant,legacy_entity_extraction
ent_symptom_d76ebd36291e,برودة الماء,Symptom,برودة الماء,ahd5k_00568,chunk_00099,711814,answer,بعض الحالات التي قد تؤدي للزراق مثل كثرة الملابس التي يرتديها الطفل او بسبب شدة برودة الطقس او برودة الماء عند الاستحمام .,0.850,llama-3.1-8b-instant,legacy_entity_extraction
ent_diseasecondition_7abdd04c7114,الحمل,DiseaseCondition,الحمل,ahd5k_03809,chunk_00099,754068,question,الحبوب منع الحمل,0.850,llama-3.1-8b-instant,legacy_entity_extraction
ent_treatment_3bca745f3196,الحبوب منع الحمل,Treatment,الحبوب منع الحمل,ahd5k_03809,chunk_00099,754068,question,الحبوب منع الحمل,0.850,llama-3.1-8b-instant,legacy_entity_extraction
ent_diseasecondition_9719230327a2,فقر الدم,DiseaseCondition,فقر الدم,ahd5k_00681,chunk_00100,707491,answer,فقر الدم فيجب علاج السبب خاصة في مثل هذا العمر,0.950,llama-3.1-8b-instant,legacy_entity_extraction
ent_diseasecondition_9719230327a2,فقر الدم,DiseaseCondition,فقر الدم,ahd5k_00681,chunk_00100,707491,question,ابنتي تبلغ من العمر تسعه اشهر ووزنها 6ونص كيلو ومره ضعيفه تاكل الاكل بس شي بسيط لو زاد شويه تستفرغ ماترضي تشرب الحليب الصناعي وترضع من صدري بس مافي كثير...,0.950,llama-3.1-8b-instant,legacy_entity_extraction
ent_diseasecondition_9719230327a2,فقر الدم,DiseaseCondition,فقر الدم,ahd5k_03707,chunk_00100,540320,answer,فقر دم عند طفل عمره ١٣ سنة شي جدي!,0.950,llama-3.1-8b-instant,legacy_entity_extraction
ent_diseasecondition_9719230327a2,فقر الدم,DiseaseCondition,فقر الدم,ahd5k_03707,chunk_00100,540320,question,السلام عليكم ورحمة الله وبركاته ابني عنده 13 سنة ويعاني من فقر الدم حابة اعرف اسم تحليلة الكالسيوم في العضام لانها الوحيده الي ماعملناها وشكرا,0.950,llama-3.1-8b-instant,legacy_entity_extraction
ent_treatment_db445915b47d,الحديد,Treatment,حمض الفوليك,ahd5k_03707,chunk_00100,540320,answer,فقر الدم له اسباب عديدة منها عوز الحديد او عوز حمض الفوليك او الفيتامين B12 او B6,0.850,llama-3.1-8b-instant,legacy_entity_extraction
ent_symptom_018ebc11f6df,حمى,Symptom,الم في البطن,ahd5k_00438,chunk_00101,441065,question,الم في البطن مع تعرق بارد,0.850,llama-3.1-8b-instant,legacy_entity_extraction
ent_symptom_018ebc11f6df,حمى,Symptom,الم,ahd5k_01611,chunk_00101,617536,answer,الم في مكان المطعوم,0.850,llama-3.1-8b-instant,legacy_entity_extraction
ent_treatment_026f10d47b4b,تطعيم,Treatment,تطعيم,ahd5k_01611,chunk_00101,617536,answer,المفروض ان تزول هذه الاعراض خلال 48 ساعة وعليكي استخدام خافض حراره ومسكن للالم بعد تطعيم,0.850,llama-3.1-8b-instant,legacy_entity_extraction
ent_treatment_b8a506ce96be,مسكن للالم,Treatment,مسكن للالم,ahd5k_01611,chunk_00101,617536,answer,المفروض ان تزول هذه الاعراض خلال 48 ساعة وعليكي استخدام خافض حراره ومسكن للالم بعد تطعيم,0.850,llama-3.1-8b-instant,legacy_entity_extraction
ent_treatment_be514bea14bc,خافض حراره,Treatment,خافض حراره,ahd5k_01611,chunk_00101,617536,answer,المفروض ان تزول هذه الاعراض خلال 48 ساعة وعليكي استخدام خافض حراره ومسكن للالم بعد تطعيم,0.850,llama-3.1-8b-instant,legacy_entity_extraction
ent_symptom_018ebc11f6df,حمى,Symptom,ترتفع درجه حراره,ahd5k_01262,chunk_00102,617838,question,ترتفع درجه حراره الرضيع بعدتطعيم شهرين,0.950,llama-3.1-8b-instant,legacy_entity_extraction
ent_symptom_018ebc11f6df,حمى,Symptom,ارتفاع حرارة,ahd5k_02595,chunk_00102,297639,question,طفلتي 6شهور مصابة بارتفاع حرارة 39 وهطيتها تحاميل مانزلت الحرارة ماسبب ارتفاع حرارتها علما ان اسنانها السفلية ظاهرين ارجوالرد,0.950,llama-3.1-8b-instant,legacy_entity_extraction
ent_symptom_018ebc11f6df,حمى,Symptom,ارتفاع الحرارة,ahd5k_03053,chunk_00102,454029,answer,أحيانا وتعطي خافض حرارة اذا ارتفعت سبتال,0.950,llama-3.1-8b-instant,legacy_entity_extraction
ent_symptom_018ebc11f6df,حمى,Symptom,ارتفاع حرارة,ahd5k_04651,chunk_00102,519067,question,ارتفعت حرارته وتقيا مراتان جسمه نحلان اعطية مضاد حيوي وخافض حرارة لكن تنزل حرارتة لفترة ثم تعود لترتفع عندة مغص في بطنة في بعض...,0.950,llama-3.1-8b-instant,legacy_entity_extraction
ent_treatment_43526f78a371,مضاد حيوي,Treatment,مضاد حيوي,ahd5k_04651,chunk_00102,519067,question,اعطية مضاد حيوي وخافض حرارة,0.900,llama-3.1-8b-instant,legacy_entity_extraction
ent_treatment_be514bea14bc,خافض حراره,Treatment,خافض حرارة,ahd5k_04651,chunk_00102,519067,question,اعطية مضاد حيوي وخافض حرارة,0.900,llama-3.1-8b-instant,legacy_entity_extraction
ent_symptom_b754f1a1e5a8,صداع,Symptom,صداع في جنبي الرأس,ahd5k_02266,chunk_00103,432464,question,فحص النظر سليم تقريبا,0.850,llama-3.1-8b-instant,legacy_entity_extraction
ent_symptom_f51ef98950a2,قلق,Symptom,تأغر فى غلق فتحة الرأس الأماميه,ahd5k_02476,chunk_00104,754880,question,طفله عمرها عام و4شهور تعانى من تأغر فى غلق فتحة الرأس الأماميه,0.950,llama-3.1-8b-instant,legacy_entity_extraction
ent_treatment_21a74567013d,كالسيوم,Treatment,كالسيوم,ahd5k_02476,chunk_00104,754880,answer,فيجب اعاده تقيم الحاله من قبل اخصائى اطفال.فربما بحاجه لعمل صوره طبقيه. الاستمرار في اعطائها الكالسيوم و فيتامين د.,0.850,llama-3.1-8b-instant,legacy_entity_extraction
ent_treatment_23b78e4c5546,فيتامين د,Treatment,فيتامين د,ahd5k_02476,chunk_00104,754880,answer,فيجب اعاده تقيم الحاله من قبل اخصائى اطفال.فربما بحاجه لعمل صوره طبقيه. الاستمرار في اعطائها الكالسيوم و فيتامين د.,0.850,llama-3.1-8b-instant,legacy_entity_extraction
ent_symptom_7a79bce3a153,قيء,Symptom,تقيؤ الطفل يبلغ من العمر شهرين ! يتقيئ مادة صفراء اللون,ahd5k_04856,chunk_00105,440612,question,تقيؤ الطفل يبلغ من العمر شهرين ! يتقيئ مادة صفراء اللون,0.950,llama-3.1-8b-instant,legacy_entity_extraction
ent_treatment_273455224ab7,فيتامين-د-,Treatment,فيتامين-د-,ahd5k_03516,chunk_00106,487108,answer,يعطى ٤٠٠ وحده دوليه من فيتامين-د- وهذا موجود على النشره الداخليه والطبيب يحدد الجرعه حسب احتياج الطفل من الفيتامينات الاخرى ولكن حليب الام لوحده والتعرض للشمس الخفيفه يكفي ولا داعي علميا لكل هذه الفيتامينات للطفل السليم,0.950,llama-3.1-8b-instant,legacy_entity_extraction
ent_treatment_72992721d87a,جرعة,Treatment,جرعة,ahd5k_03516,chunk_00106,487108,answer,يعطى ٤٠٠ وحده دوليه من فيتامين-د- وهذا موجود على النشره الداخليه والطبيب يحدد الجرعه حسب احتياج الطفل من الفيتامينات الاخرى ولكن حليب الام لوحده والتعرض للشمس الخفيفه يكفي ولا داعي علميا لكل هذه الفيتامينات للطفل السليم,0.950,llama-3.1-8b-instant,legacy_entity_extraction
ent_treatment_dcbc13cd571f,الشمس,Treatment,الشمس,ahd5k_03516,chunk_00106,487108,answer,يعطى ٤٠٠ وحده دوليه من فيتامين-د- وهذا موجود على النشره الداخليه والطبيب يحدد الجرعه حسب احتياج الطفل من الفيتامينات الاخرى ولكن حليب الام لوحده والتعرض للشمس الخفيفه يكفي ولا داعي علميا لكل هذه الفيتامينات للطفل السليم,0.950,llama-3.1-8b-instant,legacy_entity_extraction
ent_treatment_f484b8bb62d4,حليب الام,Treatment,حليب الام,ahd5k_03516,chunk_00106,487108,answer,يعطى ٤٠٠ وحده دوليه من فيتامين-د- وهذا موجود على النشره الداخليه والطبيب يحدد الجرعه حسب احتياج الطفل من الفيتامينات الاخرى ولكن حليب الام لوحده والتعرض للشمس الخفيفه يكفي ولا داعي علميا لكل هذه الفيتامينات للطفل السليم,0.950,llama-3.1-8b-instant,legacy_entity_extraction
ent_treatment_cb5aeb58976f,أبيتنانت,Treatment,أبيتنانت,ahd5k_01824,chunk_00107,484948,answer,حسب تركيبة الدواء ومحتواه من الفيتامينات,0.950,llama-3.1-8b-instant,legacy_entity_extraction
ent_treatment_62b0f0db0c20,حبوب اوميجا 3,Treatment,حبوب اوميجا 3,ahd5k_03828,chunk_00107,481655,answer,انصحك باستخدام حبوب اوميجا 3 حبه باليوم,0.950,llama-3.1-8b-instant,legacy_entity_extraction
ent_symptom_cdf7db203339,البلغم,Symptom,البلغم,ahd5k_04277,chunk_00107,391739,answer,نعم ممكن من البلغم,0.850,llama-3.1-8b-instant,legacy_entity_extraction
ent_symptom_c411d2ed3083,سيلان الانف,Symptom,سيلان الانف,ahd5k_04444,chunk_00108,484235,question,سيلان الانف باستمرار,0.950,llama-3.1-8b-instant,legacy_entity_extraction
ent_test_84971d541245,خصائي الاطفال,Test,خصائي الاطفال,ahd5k_04444,chunk_00108,484235,answer,لابد من عرضه على اخصائي الاطفال,0.850,llama-3.1-8b-instant,legacy_entity_extraction
ent_treatment_34b849dbecc0,بخاخات الماء والملح,Treatment,بخاخات الماء والملح,ahd5k_04444,chunk_00108,484235,answer,جرب بخاخات الماء والملح,0.950,llama-3.1-8b-instant,legacy_entity_extraction
ent_treatment_43526f78a371,مضاد حيوي,Treatment,مضاد حيوي,ahd5k_04444,chunk_00108,484235,answer,علاجات مضاد حيوي دون فايده,0.850,llama-3.1-8b-instant,legacy_entity_extraction
ent_diseasecondition_385230d505f3,تهاب,DiseaseCondition,تهاب,ahd5k_00162,chunk_00109,650715,question,كيف يؤثر...,0.850,llama-3.1-8b-instant,legacy_entity_extraction
ent_diseasecondition_385230d505f3,تهاب,DiseaseCondition,تهاب,ahd5k_00891,chunk_00109,584442,answer,فربما تكون فطريات. أما سقوط الشعر فسببه نقص فيتامين أ وعﻻجه شراب فروتال 5 مل يوميا,0.850,llama-3.1-8b-instant,legacy_entity_extraction
ent_treatment_1d451938e684,فروتا,Treatment,فروتا,ahd5k_00891,chunk_00109,584442,answer,فربما تكون فطريات. أما سقوط الشعر فسببه نقص فيتامين أ وعﻻجه شراب فروتال 5 مل يوميا,0.850,llama-3.1-8b-instant,legacy_entity_extraction
ent_treatment_307b31c3646d,فيتامين أ,Treatment,فيتامين أ,ahd5k_00891,chunk_00109,584442,answer,فربما تكون فطريات. أما سقوط الشعر فسببه نقص فيتامين أ وعﻻجه شراب فروتال 5 مل يوميا,0.850,llama-3.1-8b-instant,legacy_entity_extraction
ent_diseasecondition_584b39abb33a,الكساح,DiseaseCondition,كساح,ahd5k_01701,chunk_00110,403311,answer,أهلا بحضرتك ..... نعم .. هناك أنواع من الكساح أو لين العظام,0.950,llama-3.1-8b-instant,legacy_entity_extraction
ent_treatment_23b78e4c5546,فيتامين د,Treatment,فيتامين دي,ahd5k_01701,chunk_00110,403311,answer,أهلا بحضرتك ..... نعم .. هناك أنواع من الكساح أو لين العظام تصنف بأنها ( Vit.D-Resistant Rickets ) ، أي لا تستجيب للعلاج بالجرعات المعتادة من فيتامين ( د ) ..,0.950,llama-3.1-8b-instant,legacy_entity_extraction
ent_test_a8cf24723db9,التطعيمات,Test,التطعيمات,ahd5k_01847,chunk_00110,483569,answer,مسكن باراسيتامول عند اللزوم..وكمادات على مكان التطعيمة ان تورمت.وبالسلامة,0.950,llama-3.1-8b-instant,legacy_entity_extraction
ent_diseasecondition_16cf4e77b755,التهاب,DiseaseCondition,تهاب,ahd5k_02532,chunk_00110,690845,answer,ليس مضرا و لكن قد يؤذي الام ينصح بعلاج الحلمات,0.850,llama-3.1-8b-instant,legacy_entity_extraction
ent_treatment_aa15c31ba83e,الرضاعة الطبيعية,Treatment,الرضاعة الطبيعية,ahd5k_02532,chunk_00110,690845,answer,ليس مضرا و لكن قد يؤذي الام ينصح بعلاج الحلمات,0.850,llama-3.1-8b-instant,legacy_entity_extraction
ent_diseasecondition_16cf4e77b755,التهاب,DiseaseCondition,التهاب في عينه,ahd5k_02569,chunk_00111,518611,question,التهاب في عينه بعد يومين من ولادته,0.850,llama-3.1-8b-instant,legacy_entity_extraction
ent_diseasecondition_16cf4e77b755,التهاب,DiseaseCondition,التهاب,ahd5k_02569,chunk_00111,518611,answer,يجب اخذ مسحة من هذه الافرازات بعيادة الطبيب وارسالها لعمل مزرعة لمعرفة نوع الميكروب. وفي بعض الحالات يحتاج الطفل لعلاج بالنضاد الحيوي عن طريق الفم الي جانب العلاج الموضعي ولمدة كافية للقضاء عالميكروب,0.850,llama-3.1-8b-instant,legacy_entity_extraction
ent_diseasecondition_6ed57271807f,التهاب الحفاظ,DiseaseCondition,التهاب الحفاظ,ahd5k_02569,chunk_00111,518611,question,التهاب الحفاظ,0.850,llama-3.1-8b-instant,legacy_entity_extraction
ent_treatment_ab5802cc2c0c,النضاد الحيوي,Treatment,علاج بالنضاد الحيوي,ahd5k_02569,chunk_00111,518611,answer,يجب اخذ مسحة من هذه الافرازات بعيادة الطبيب وارسالها لعمل مزرعة لمعرفة نوع الميكروب. وفي بعض الحالات يحتاج الطفل لعلاج بالنضاد الحيوي عن طريق الفم الي جانب العلاج الموضعي ولمدة كافية للقضاء عالميكروب,0.850,llama-3.1-8b-instant,legacy_entity_extraction
ent_diseasecondition_16cf4e77b755,التهاب,DiseaseCondition,التهاب,ahd5k_03234,chunk_00111,317666,answer,1- حسب تركيبة الكورتيزون 2- لو كان السبب تحسسي..فالكورتيزون قد يفيد.أما لو كان السبب التهاباً فالكورتيزون قد يزيد الوضع سوءاً سلامته,0.850,llama-3.1-8b-instant,legacy_entity_extraction
ent_diseasecondition_6ed57271807f,التهاب الحفاظ,DiseaseCondition,التهاب الحفاظ,ahd5k_03234,chunk_00111,317666,question,هل يمكن استخدام مرهم كورتيزون ١٪؜ ل رضيع لعمر الشهر لالتهاب الحفاظ,0.850,llama-3.1-8b-instant,legacy_entity_extraction
ent_diseasecondition_16cf4e77b755,التهاب,DiseaseCondition,التهاب,ahd5k_04067,chunk_00111,624844,question,طفلي عمره اربعة اشهر الاحظ بين فتره واخرى ارتعاش يديه وقدميه وعندما امسك بها تتوقف واتركها تعود وترتعش ويجفل طفلي عندما امسك به,0.850,llama-3.1-8b-instant,legacy_entity_extraction
ent_diseasecondition_16cf4e77b755,التهاب,DiseaseCondition,التهاب,ahd5k_04067,chunk_00111,624844,answer,قد يكون هناك نقص عناصر لازمه في هذا العمر مثل الكالسيوم الذي يسبب مثل ذالك او فيتامين د= انصح مراجعة الاخصائى لتشخيص السبب واعطاء العلاج المناسب-,0.850,llama-3.1-8b-instant,legacy_entity_extraction
ent_diseasecondition_16cf4e77b755,التهاب,DiseaseCondition,التهاب,ahd5k_04279,chunk_00111,662414,question,ابني عمره 4 سنوات يعاني التاتاة رغم ذكائه وفطنته ارجوا ان اجد الحل عندكم,0.850,llama-3.1-8b-instant,legacy_entity_extraction
ent_diseasecondition_16cf4e77b755,التهاب,DiseaseCondition,التهاب,ahd5k_04546,chunk_00111,476124,answer,ولاً،لنتحدث عن الفوائد المحتملة لاستخدام اللهاية: 1- قد تهدئ من بكاء الطفل،وتلهيه إن كان يتألم مثلاً عن سبب الألم 2- قد تساعده على النوم 3- قد تقلل من خطر التعرض لموت الرضع المفاجئ ثانياً ، المخاطر المحتملة : 1- استخدامها المبكر قد يؤثر على الرضاعة الطبيعية 2- قد يعتاد الطفل عليها إلى درجة أنه سوف يبكي كلما سقطت من فمه 3- قد تزيد من خطر الإصابة بالتهابات الأذن الوسطى 4- استخدامها لفترات طويلة قد يؤثر على نمو الأسنان بشكل سليم,0.850,llama-3.1-8b-instant,legacy_entity_extraction
ent_treatment_2a81ae8e5fd2,فيتامين بوليفيتال,Treatment,فيتامين بوليفيتال,ahd5k_04642,chunk_00112,703679,question,فكتب له الدكتور قبل طهارته فيتامين بوليفيتال نقط كم نقطة...,0.950,llama-3.1-8b-instant,legacy_entity_extraction
ent_diseasecondition_443aafd23ff7,التوحد السلوكي,DiseaseCondition,التوحد السلوكي,ahd5k_04764,chunk_00112,530033,answer,التوحد يعني ضعف اوعدم القدره على التواصل مع الاخرين- والمصاب لا يقدر على التواصل البصري مع الاخرين-ينعزل ويكرر نفس العمل كتلبيس لعبته اوتنظيفها-قد يصاحبه تشنجات احيانا وضعف الكلام ويعالج فيالمراكز المتخصصه وحسب الاعراض,0.950,llama-3.1-8b-instant,legacy_entity_extraction
ent_diseasecondition_22b7b2b1b34f,حساسية البروتين البقري,DiseaseCondition,حساسية البروتين البقري,ahd5k_04793,chunk_00112,255677,answer,حليب خاص لحساسية البروتين البقري,0.950,llama-3.1-8b-instant,legacy_entity_extraction
ent_treatment_b5f12c81a7ee,سباستال,Treatment,سباستال,ahd5k_04907,chunk_00112,451744,answer,يعطى السباستال بمقدار قطرتين لكل كيلو غرام من وزن الطفل,0.950,llama-3.1-8b-instant,legacy_entity_extraction
ent_treatment_d440760c4700,بروبايوتيك,Treatment,بروبايوتيك,ahd5k_04907,chunk_00112,451744,answer,قطرات أو مسحوق البروبايوتيك الذي يعمل على تقوية المناعة وتخفيف الإنتفاخ والمغص لدى الرضع,0.950,llama-3.1-8b-instant,legacy_entity_extraction
ent_diseasecondition_16cf4e77b755,التهاب,DiseaseCondition,التهاب,ahd5k_00736,chunk_00113,390106,answer,التهاب في اغلب الاحيان يكمن السبب في اهمال الاعتناء بالنظافة الفمية,0.850,llama-3.1-8b-instant,legacy_entity_extraction
ent_diseasecondition_4171598a5900,اللثة,DiseaseCondition,اللثه,ahd5k_00736,chunk_00113,390106,answer,التهاب في اغلب الاحيان يكمن السبب في اهمال الاعتناء بالنظافة الفمية ... الحل باجراء تنظيف للاسنان عند الطبيب و تفريش الاسنان بطريقة صحيحة و استعال مضمضة طبية و اتباع التعليمات الاضافية التي يمليها عليك الطبيب,0.850,llama-3.1-8b-instant,legacy_entity_extraction
ent_diseasecondition_6e95846a4080,التهاب اللثة,DiseaseCondition,التهاب اللثه,ahd5k_00736,chunk_00113,390106,answer,التهاب في اغلب الاحيان يكمن السبب في اهمال الاعتناء بالنظافة الفمية ... الحل باجراء تنظيف للاسنان عند الطبيب و تفريش الاسنان بطريقة صحيحة و استعال مضمضة طبية و اتباع التعليمات الاضافية التي يمليها عليك الطبيب,0.850,llama-3.1-8b-instant,legacy_entity_extraction
ent_diseasecondition_16cf4e77b755,التهاب,DiseaseCondition,التهاب,ahd5k_01751,chunk_00113,84518,answer,التهاب الاسنجه المحيطه بالسن او اللثه,0.850,llama-3.1-8b-instant,legacy_entity_extraction
ent_diseasecondition_4171598a5900,اللثة,DiseaseCondition,اللثه,ahd5k_01751,chunk_00113,84518,answer,التهاب اللثة في اغلب الاحيان يكمن السبب في اهمال الاعتناء بالنظافة الفمية,0.850,llama-3.1-8b-instant,legacy_entity_extraction
ent_diseasecondition_6e95846a4080,التهاب اللثة,DiseaseCondition,التهاب اللثه,ahd5k_01751,chunk_00113,84518,answer,التهاب اللثة في اغلب الاحيان يكمن السبب في اهمال الاعتناء بالنظافة الفمية,0.850,llama-3.1-8b-instant,legacy_entity_extraction
ent_diseasecondition_16cf4e77b755,التهاب,DiseaseCondition,التهاب,ahd5k_02169,chunk_00113,186436,answer,قد تكون المشكلة في اللسان وله عدة اسباب مثل التهاب بكتيري او فطري او فيروسي,0.850,llama-3.1-8b-instant,legacy_entity_extraction
ent_diseasecondition_4171598a5900,اللثة,DiseaseCondition,اللسان,ahd5k_02169,chunk_00113,186436,answer,قد تكون المشكلة في اللسان وله عدة اسباب مثل التهاب بكتيري او فطري او فيروسي,0.850,llama-3.1-8b-instant,legacy_entity_extraction
ent_diseasecondition_5a02034f11b7,التهاب بكتيري,DiseaseCondition,التهاب بكتيري,ahd5k_02169,chunk_00113,186436,answer,قد تكون المشكلة في اللسان وله عدة اسباب مثل التهاب بكتيري او فطري او فيروسي,0.850,llama-3.1-8b-instant,legacy_entity_extraction
ent_diseasecondition_6e95846a4080,التهاب اللثة,DiseaseCondition,التهاب اللثه,ahd5k_02169,chunk_00113,186436,answer,قد تكون المشكلة في اللسان وله عدة اسباب مثل التهاب بكتيري او فطري او فيروسي,0.850,llama-3.1-8b-instant,legacy_entity_extraction
ent_diseasecondition_9c03a470d940,التهاب فطري,DiseaseCondition,التهاب فطري,ahd5k_02169,chunk_00113,186436,answer,قد تكون المشكلة في اللسان وله عدة اسباب مثل التهاب بكتيري او فطري او فيروسي,0.850,llama-3.1-8b-instant,legacy_entity_extraction
ent_diseasecondition_16cf4e77b755,التهاب,DiseaseCondition,التهاب,ahd5k_02245,chunk_00113,299957,answer,يمكن إجراء الفحص عند طبيب آخر و الأفضل الاستعانة بصور الأشعة و التهاب لثة,0.850,llama-3.1-8b-instant,legacy_entity_extraction
ent_diseasecondition_4171598a5900,اللثة,DiseaseCondition,اللثه,ahd5k_02245,chunk_00113,299957,answer,يمكن إجراء الفحص عند طبيب آخر و الأفضل الاستعانة بصور الأشعة و التهاب اللثة,0.850,llama-3.1-8b-instant,legacy_entity_extraction
ent_diseasecondition_6e95846a4080,التهاب اللثة,DiseaseCondition,التهاب اللثه,ahd5k_02245,chunk_00113,299957,answer,يمكن إجراء الفحص عند طبيب آخر و الأفضل الاستعانة بصور الأشعة و التهاب اللثة,0.850,llama-3.1-8b-instant,legacy_entity_extraction
ent_diseasecondition_16cf4e77b755,التهاب,DiseaseCondition,التهاب,ahd5k_02618,chunk_00113,105556,answer,تحتاج إلى إزالة الرواسب الجيرية و علاج التهاب اللثة,0.850,llama-3.1-8b-instant,legacy_entity_extraction
ent_diseasecondition_4171598a5900,اللثة,DiseaseCondition,اللثه,ahd5k_02618,chunk_00113,105556,answer,تحتاج إلى إزالة الرواسب الجيرية و علاج التهاب اللثة,0.850,llama-3.1-8b-instant,legacy_entity_extraction
ent_diseasecondition_6e95846a4080,التهاب اللثة,DiseaseCondition,التهاب اللثه,ahd5k_02618,chunk_00113,105556,answer,تحتاج إلى إزالة الرواسب الجيرية و علاج التهاب اللثة,0.850,llama-3.1-8b-instant,legacy_entity_extraction
ent_diseasecondition_16cf4e77b755,التهاب,DiseaseCondition,التهاب,ahd5k_03427,chunk_00113,270249,answer,ظهر التهاب بقمةجذر,0.850,llama-3.1-8b-instant,legacy_entity_extraction
ent_diseasecondition_4171598a5900,اللثة,DiseaseCondition,اللثه,ahd5k_03427,chunk_00113,270249,answer,ظهر التهاب بقمةجذر,0.850,llama-3.1-8b-instant,legacy_entity_extraction
ent_diseasecondition_6e95846a4080,التهاب اللثة,DiseaseCondition,التهاب اللثه,ahd5k_03427,chunk_00113,270249,answer,ظهر التهاب بقمةجذر,0.850,llama-3.1-8b-instant,legacy_entity_extraction
ent_diseasecondition_2f75d3dabe0b,حساسية,DiseaseCondition,حساسية,ahd5k_02966,chunk_00114,650929,answer,حساسية,0.950,llama-3.1-8b-instant,legacy_entity_extraction
ent_diseasecondition_8b9d599f7475,الأسنان,DiseaseCondition,الأسنان,ahd5k_02966,chunk_00114,650929,answer,الأسنان,0.700,llama-3.1-8b-instant,legacy_entity_extraction
ent_treatment_451ebfb7cce2,التغذية,Treatment,التغذية,ahd5k_02966,chunk_00114,650929,answer,التغذية,0.750,llama-3.1-8b-instant,legacy_entity_extraction
ent_treatment_48d78ab2fe1d,التفريش,Treatment,التفريش,ahd5k_02966,chunk_00114,650929,answer,التفريش,0.800,llama-3.1-8b-instant,legacy_entity_extraction
ent_treatment_948c17b9713d,النظافة اليومية,Treatment,النظافة اليومية,ahd5k_02966,chunk_00114,650929,answer,النظافة اليومية,0.850,llama-3.1-8b-instant,legacy_entity_extraction
ent_treatment_fca1a888ae57,تنظيف اللثة,Treatment,تنظيف اللثة,ahd5k_02966,chunk_00114,650929,answer,تنظيف اللثة,0.900,llama-3.1-8b-instant,legacy_entity_extraction
ent_treatment_b8b3fb59e87b,مسكن الم,Treatment,مسكن الم,ahd5k_00625,chunk_00115,639070,answer,ممكن تأخذ منه ولكن انت بحاجة إلى مسكن الم أيضا مثل Brufen,0.850,llama-3.1-8b-instant,legacy_entity_extraction
ent_treatment_43526f78a371,مضاد حيوي,Treatment,مضاد حيوي,ahd5k_01293,chunk_00115,469627,answer,لا بد من مضاد حيوي و مسكن الم و مضمضة فموية,0.850,llama-3.1-8b-instant,legacy_entity_extraction
ent_treatment_b8b3fb59e87b,مسكن الم,Treatment,مسكن الم,ahd5k_01293,chunk_00115,469627,answer,لا بد من مضاد حيوي و مسكن الم و مضمضة فموية,0.850,llama-3.1-8b-instant,legacy_entity_extraction
ent_test_c4cfd2d6468c,أشعة,Test,اشعه,ahd5k_03019,chunk_00115,162372,answer,"ان شاء الله مع الوقت تخف, انصحك بزيارة الطبيب في أقرب وقت للفحص اللازم و عمل اشعه علي أسنانك للاطمئنان عليها",0.850,llama-3.1-8b-instant,legacy_entity_extraction
ent_treatment_b8b3fb59e87b,مسكن الم,Treatment,مسكن ألم,ahd5k_03925,chunk_00115,597066,answer,إذا لم يترافق مع الألم ورم أو انتباج لاداعي للمضاد الحيوي ويكفي مسكن ألم,0.850,llama-3.1-8b-instant,legacy_entity_extraction
ent_test_c4cfd2d6468c,أشعة,Test,اشعة بانورامية,ahd5k_04648,chunk_00115,139259,answer,يجب اجراء صورة اشعة بانورامية لتشخيص المشكلة,0.850,llama-3.1-8b-instant,legacy_entity_extraction
ent_diseasecondition_04b436ff2a98,ضرس العقل,DiseaseCondition,ضرس العقل,ahd5k_04356,chunk_00116,662197,question,ضرس العقل,0.850,llama-3.1-8b-instant,legacy_entity_extraction
ent_symptom_249d07021a1b,الام,Symptom,الام,ahd5k_04356,chunk_00116,662197,question,الام,0.850,llama-3.1-8b-instant,legacy_entity_extraction
ent_symptom_b754f1a1e5a8,صداع,Symptom,صداع,ahd5k_04356,chunk_00116,662197,question,صداع,0.850,llama-3.1-8b-instant,legacy_entity_extraction
ent_treatment_1623092039ad,المراجعة الطبية,Treatment,مراجعة طبيبك او اخصائي جراحه وجه و فكين,ahd5k_04356,chunk_00116,662197,answer,مراجعة طبيبك او اخصائي جراحه وجه و فكين,0.850,llama-3.1-8b-instant,legacy_entity_extraction
ent_diseasecondition_16cf4e77b755,التهاب,DiseaseCondition,التهاب,ahd5k_00666,chunk_00117,808135,answer,التهاب في المثانة أو الإحليل,0.850,llama-3.1-8b-instant,legacy_entity_extraction
ent_symptom_59d5c1de0b88,الدم,Symptom,الدم,ahd5k_00666,chunk_00117,808135,answer,خروج الدم يعني وجود جرح في المثانة أو الإحليل,0.850,llama-3.1-8b-instant,legacy_entity_extraction
ent_test_f6ff9119ed14,تصوير الجهاز البولي,Test,تصوير الجهاز البولي,ahd5k_00666,chunk_00117,808135,answer,تصوير الجهاز البولي بصورة ملونر أي في بي لتحديد السبب والمكان,0.850,llama-3.1-8b-instant,legacy_entity_extraction
ent_treatment_90baddc0bf15,العلاج,Treatment,العلاج,ahd5k_00666,chunk_00117,808135,answer,وبعدها يتحدد العلاج,0.850,llama-3.1-8b-instant,legacy_entity_extraction
ent_diseasecondition_30c063bfe92d,التسوس,DiseaseCondition,التسوس,ahd5k_00209,chunk_00118,392462,answer,التسوس يكونه اسود اللون لكن يكون هناك نخر او تاكل في سطح السن,0.850,llama-3.1-8b-instant,legacy_entity_extraction
ent_diseasecondition_4ea30d57b62c,التصبغات السوداء,DiseaseCondition,التصبغات السوداء,ahd5k_00209,chunk_00118,392462,answer,التصبغات السوداء متنوعة المصدر منها ما هو خارجي,0.850,llama-3.1-8b-instant,legacy_entity_extraction
ent_treatment_1479a48d3d42,الدواء,Treatment,مضمضة الكلورهيكسيدين,ahd5k_00209,chunk_00118,392462,answer,مضمضة الكلورهيكسيدين,0.850,llama-3.1-8b-instant,legacy_entity_extraction
ent_treatment_1479a48d3d42,الدواء,Treatment,vitamin b complex,ahd5k_03474,chunk_00118,350141,answer,الدواءvitamin b complex,0.850,llama-3.1-8b-instant,legacy_entity_extraction
ent_diseasecondition_16cf4e77b755,التهاب,DiseaseCondition,التهاب,ahd5k_00069,chunk_00119,89781,answer,التهاب,0.850,llama-3.1-8b-instant,legacy_entity_extraction
ent_diseasecondition_2f75d3dabe0b,حساسية,DiseaseCondition,حساسية,ahd5k_00069,chunk_00119,89781,question,حساسية الصدر,0.850,llama-3.1-8b-instant,legacy_entity_extraction
ent_diseasecondition_2f75d3dabe0b,حساسية,DiseaseCondition,حساسية,ahd5k_00069,chunk_00119,89781,answer,حساسية الصدر,0.850,llama-3.1-8b-instant,legacy_entity_extraction
ent_symptom_f4cf885a0447,سعال,Symptom,سعال,ahd5k_00069,chunk_00119,89781,question,سعال,0.850,llama-3.1-8b-instant,legacy_entity_extraction
ent_treatment_06010a2495f7,الشمع,Treatment,الشمع,ahd5k_00315,chunk_00119,237723,answer,الشمع,0.850,llama-3.1-8b-instant,legacy_entity_extraction
ent_treatment_249018a21aa8,القهوة,Treatment,القهوة,ahd5k_00315,chunk_00119,237723,answer,القهوة,0.850,llama-3.1-8b-instant,legacy_entity_extraction
ent_diseasecondition_ee57bd84c53c,الضرس,DiseaseCondition,الضرس,ahd5k_00484,chunk_00119,62516,question,الضرس,0.850,llama-3.1-8b-instant,legacy_entity_extraction
ent_diseasecondition_ee57bd84c53c,الضرس,DiseaseCondition,الضرس,ahd5k_00821,chunk_00119,723162,question,الضرس,0.850,llama-3.1-8b-instant,legacy_entity_extraction
ent_diseasecondition_ee57bd84c53c,الضرس,DiseaseCondition,الضرس,ahd5k_00828,chunk_00119,419047,question,الضرس,0.850,llama-3.1-8b-instant,legacy_entity_extraction
ent_diseasecondition_ee57bd84c53c,الضرس,DiseaseCondition,الضرس,ahd5k_00977,chunk_00119,474581,question,الضرس,0.850,llama-3.1-8b-instant,legacy_entity_extraction
ent_diseasecondition_ee57bd84c53c,الضرس,DiseaseCondition,الضرس,ahd5k_01094,chunk_00119,190690,question,الضرس,0.850,llama-3.1-8b-instant,legacy_entity_extraction
ent_diseasecondition_385230d505f3,تهاب,DiseaseCondition,التهاب,ahd5k_01579,chunk_00120,494295,answer,علامات متقدمة لتسوس الاسنان او كسر بالسن يصل لمنطقة عصب السن او الضرس,0.850,llama-3.1-8b-instant,legacy_entity_extraction
ent_treatment_07c97c044791,تبييض,Treatment,لصقات,ahd5k_01878,chunk_00120,129102,answer,لصقات التبييض تعمل على تنظيف سطح الاسنان الطبيعي,0.850,llama-3.1-8b-instant,legacy_entity_extraction
ent_diseasecondition_385230d505f3,تهاب,DiseaseCondition,التهاب,ahd5k_02037,chunk_00120,663742,answer,انصحك بمراجعه طبيبك للكشف والنصيحه,0.850,llama-3.1-8b-instant,legacy_entity_extraction
ent_symptom_170df8c18553,كيس,Symptom,كيس,ahd5k_02131,chunk_00120,303735,question,هل كلاموكسيل يقظي على الكيس الموجود في اللثة,0.850,llama-3.1-8b-instant,legacy_entity_extraction
ent_diseasecondition_16cf4e77b755,التهاب,DiseaseCondition,التهاب,ahd5k_02491,chunk_00121,690449,answer,لابد من تحديد السبب عن طريق الفحص واجراء الاشعة قد يكون بسبب سني او خراج لثوي لابد من مراجعة العيادة,0.850,llama-3.1-8b-instant,legacy_entity_extraction
ent_diseasecondition_16cf4e77b755,التهاب,DiseaseCondition,الاشعة,ahd5k_02491,chunk_00121,690449,answer,لابد من تحديد السبب عن طريق الفحص واجراء الاشعة قد يكون بسبب سني او خراج لثوي لابد من مراجعة العيادة,0.850,llama-3.1-8b-instant,legacy_entity_extraction
ent_diseasecondition_6e95846a4080,التهاب اللثة,DiseaseCondition,تورم اللثه من الداخل,ahd5k_02491,chunk_00121,690449,question,ما علاج تورم اللثه من الداخل؟,0.850,llama-3.1-8b-instant,legacy_entity_extraction
ent_diseasecondition_6e95846a4080,التهاب اللثة,DiseaseCondition,التهاب,ahd5k_02491,chunk_00121,690449,answer,لابد من تحديد السبب عن طريق الفحص واجراء الاشعة قد يكون بسبب سني او خراج لثوي لابد من مراجعة العيادة,0.850,llama-3.1-8b-instant,legacy_entity_extraction
ent_diseasecondition_2de63ce5404a,الجيب اللثوي,DiseaseCondition,جيب لثوي,ahd5k_02986,chunk_00121,18312,question,لدي جيب لثوي بين الضاحك والضرس,0.850,llama-3.1-8b-instant,legacy_entity_extraction
ent_symptom_8837f8fd35f4,الجيب اللثوي,Symptom,جيب لثوي,ahd5k_02986,chunk_00121,18312,question,لدي جيب لثوي بين الضاحك والضرس,0.850,llama-3.1-8b-instant,legacy_entity_extraction
ent_treatment_f60ee3a3269a,الجيب اللثوي,Treatment,الجيب اللثوي,ahd5k_02986,chunk_00121,18312,answer,قد تحتاج ازاله التلبيس و عمل جراحة بسيطة للجيب اللثوي و بعدها يتم وصع تاج جديد بعد شهر و اكيد وقتها رح تشعر بالتحسن ان شالله,0.850,llama-3.1-8b-instant,legacy_entity_extraction
ent_treatment_cd6803651137,زراعة,Treatment,زراعة,ahd5k_03032,chunk_00122,17578,answer,حالة الحافة العظمية للفكممتازة لعمل زرعات سنية,0.850,llama-3.1-8b-instant,legacy_entity_extraction
ent_diseasecondition_2f75d3dabe0b,حساسية,DiseaseCondition,حساسية,ahd5k_03098,chunk_00122,57929,answer,انصحك بعلاج كل الأسنان التي يتوجب علاجها و من ثم التوجه إلى طبيب اخصائي باطنيه,0.850,llama-3.1-8b-instant,legacy_entity_extraction
ent_diseasecondition_16cf4e77b755,التهاب,DiseaseCondition,التهاب,ahd5k_03113,chunk_00122,51548,question,عندي جرح داخل فمي في اللثه تحت السن ومؤلم جداً ، شنو الحل ؟,0.850,llama-3.1-8b-instant,legacy_entity_extraction
ent_treatment_b16a545c0e9c,حشوة,Treatment,حشوة,ahd5k_04154,chunk_00122,185958,answer,يجب زيارة الطبيب لتنعيم الحشوه ......يمكن الأكل عليها ولكن لا يجب قطم النواشف عليها حيث أنها من الممكن أن تؤدى لكسرها,0.850,llama-3.1-8b-instant,legacy_entity_extraction
ent_test_f1846b201f26,فحص,Test,فحص,ahd5k_04177,chunk_00122,149998,answer,يجب فحص الحالة و التأكد من السن الذي تم خلعه هل هو سن دائم أو سن مؤقت مع بقاء مديد ..,0.850,llama-3.1-8b-instant,legacy_entity_extraction
ent_diseasecondition_16cf4e77b755,التهاب,DiseaseCondition,التهاب,ahd5k_04942,chunk_00123,618358,answer,علاج الاسنان و اللثة قبل البدء في تقويم الاسنان,0.850,llama-3.1-8b-instant,legacy_entity_extraction
ent_symptom_f4cf885a0447,سعال,Symptom,سعال,ahd5k_04942,chunk_00123,618358,question,سويت تقويم أسنان و الدكتور الي أشتغل عنده مهمل بس ركب تقويم وخلع ضرس ما نظف لي أي سن و لا شال أي سوسة من أضراسي الخلفية,0.850,llama-3.1-8b-instant,legacy_entity_extraction
ent_symptom_b754f1a1e5a8,صداع,Symptom,ام حادة في الراس,ahd5k_00222,chunk_00124,777470,question,ام حادة في الراس,0.850,llama-3.1-8b-instant,legacy_entity_extraction
ent_symptom_b754f1a1e5a8,صداع,Symptom,نض سريع,ahd5k_00222,chunk_00124,777470,question,نض سريع وقوي جدا في الشرايين الموجودة في منقطة جوانب الجبهة,0.850,llama-3.1-8b-instant,legacy_entity_extraction
ent_treatment_2466e618d2bf,باندول فولت فاست,Treatment,باندول فولت فاست,ahd5k_00222,chunk_00124,777470,answer,باندول فولت فاست,0.850,llama-3.1-8b-instant,legacy_entity_extraction
ent_diseasecondition_16cf4e77b755,التهاب,DiseaseCondition,التهاب,ahd5k_00859,chunk_00125,784623,answer,التحاليل المخبرية,0.950,llama-3.1-8b-instant,legacy_entity_extraction
ent_diseasecondition_16cf4e77b755,التهاب,DiseaseCondition,التهاب,ahd5k_00859,chunk_00125,784623,question,التهاب في الغدد الليمفاوية,0.950,llama-3.1-8b-instant,legacy_entity_extraction
ent_diseasecondition_16cf4e77b755,التهاب,DiseaseCondition,التحاليل المخبرية,ahd5k_00859,chunk_00125,784623,answer,التحاليل المخبرية,0.950,llama-3.1-8b-instant,legacy_entity_extraction
ent_diseasecondition_16cf4e77b755,التهاب,DiseaseCondition,ادوية الالتهاب,ahd5k_00859,chunk_00125,784623,answer,ادوية الالتهاب,0.950,llama-3.1-8b-instant,legacy_entity_extraction
ent_diseasecondition_16cf4e77b755,التهاب,DiseaseCondition,التهاب,ahd5k_01689,chunk_00125,785565,answer,رضح,0.950,llama-3.1-8b-instant,legacy_entity_extraction
ent_diseasecondition_16cf4e77b755,التهاب,DiseaseCondition,التهاب,ahd5k_01689,chunk_00125,785565,question,التهاب في الثدي,0.950,llama-3.1-8b-instant,legacy_entity_extraction
ent_diseasecondition_16cf4e77b755,التهاب,DiseaseCondition,رضح,ahd5k_01689,chunk_00125,785565,answer,رضح,0.950,llama-3.1-8b-instant,legacy_entity_extraction
ent_diseasecondition_16cf4e77b755,التهاب,DiseaseCondition,التهاب,ahd5k_03632,chunk_00125,808032,answer,التحاليل المخبرية,0.950,llama-3.1-8b-instant,legacy_entity_extraction
ent_diseasecondition_16cf4e77b755,التهاب,DiseaseCondition,التهاب,ahd5k_03632,chunk_00125,808032,question,التهاب في الحالب,0.950,llama-3.1-8b-instant,legacy_entity_extraction
ent_diseasecondition_16cf4e77b755,التهاب,DiseaseCondition,التحاليل المخبرية,ahd5k_03632,chunk_00125,808032,answer,التحاليل المخبرية,0.950,llama-3.1-8b-instant,legacy_entity_extraction
ent_diseasecondition_16cf4e77b755,التهاب,DiseaseCondition,ادوية الالتهاب,ahd5k_03632,chunk_00125,808032,answer,ادوية الالتهاب,0.950,llama-3.1-8b-instant,legacy_entity_extraction
ent_diseasecondition_16cf4e77b755,التهاب,DiseaseCondition,التهاب,ahd5k_03685,chunk_00125,793040,answer,التهاب بكتيري وفطريات,0.950,llama-3.1-8b-instant,legacy_entity_extraction
ent_diseasecondition_16cf4e77b755,التهاب,DiseaseCondition,التهاب,ahd5k_03685,chunk_00125,793040,question,التهاب بكتيري وفطريات,0.950,llama-3.1-8b-instant,legacy_entity_extraction
ent_diseasecondition_16cf4e77b755,التهاب,DiseaseCondition,التهاب بكتيري وفطريات,ahd5k_03685,chunk_00125,793040,answer,التهاب بكتيري وفطريات,0.950,llama-3.1-8b-instant,legacy_entity_extraction
ent_diseasecondition_16cf4e77b755,التهاب,DiseaseCondition,ادوية الالتهاب,ahd5k_03685,chunk_00125,793040,answer,ادوية الالتهاب,0.950,llama-3.1-8b-instant,legacy_entity_extraction
ent_diseasecondition_16cf4e77b755,التهاب,DiseaseCondition,التهاب,ahd5k_03818,chunk_00125,802465,answer,التهاب فيروسي,0.950,llama-3.1-8b-instant,legacy_entity_extraction
ent_diseasecondition_16cf4e77b755,التهاب,DiseaseCondition,التهاب,ahd5k_03818,chunk_00125,802465,question,التهاب في القفص الصدري,0.950,llama-3.1-8b-instant,legacy_entity_extraction
ent_diseasecondition_16cf4e77b755,التهاب,DiseaseCondition,التهاب فيروسي,ahd5k_03818,chunk_00125,802465,answer,التهاب فيروسي,0.950,llama-3.1-8b-instant,legacy_entity_extraction
ent_diseasecondition_16cf4e77b755,التهاب,DiseaseCondition,ادوية الالتهاب,ahd5k_03818,chunk_00125,802465,answer,ادوية الالتهاب,0.950,llama-3.1-8b-instant,legacy_entity_extraction
ent_diseasecondition_16cf4e77b755,التهاب,DiseaseCondition,التهاب,ahd5k_04903,chunk_00125,789927,answer,التهاب غشائي عضلي,0.950,llama-3.1-8b-instant,legacy_entity_extraction
ent_diseasecondition_16cf4e77b755,التهاب,DiseaseCondition,التهاب,ahd5k_04903,chunk_00125,789927,question,التهاب غشائي عضلي,0.950,llama-3.1-8b-instant,legacy_entity_extraction
ent_diseasecondition_16cf4e77b755,التهاب,DiseaseCondition,التهاب غشائي عضلي,ahd5k_04903,chunk_00125,789927,answer,التهاب غشائي عضلي,0.950,llama-3.1-8b-instant,legacy_entity_extraction
ent_diseasecondition_16cf4e77b755,التهاب,DiseaseCondition,ادوية الالتهاب,ahd5k_04903,chunk_00125,789927,answer,ادوية الالتهاب,0.950,llama-3.1-8b-instant,legacy_entity_extraction
ent_diseasecondition_16cf4e77b755,التهاب,DiseaseCondition,التهاب,ahd5k_00140,chunk_00126,795620,answer,التهاب,0.850,llama-3.1-8b-instant,legacy_entity_extraction
ent_diseasecondition_f870ba2ab6eb,الدورة الشهرية,DiseaseCondition,الدورة الشرية,ahd5k_00140,chunk_00126,795620,question,الدورة الشرية,0.950,llama-3.1-8b-instant,legacy_entity_extraction
ent_diseasecondition_f870ba2ab6eb,الدورة الشهرية,DiseaseCondition,الدورة الشهرية,ahd5k_00140,chunk_00126,795620,answer,الدورة الشهرية,0.950,llama-3.1-8b-instant,legacy_entity_extraction
ent_diseasecondition_2f75d3dabe0b,حساسية,DiseaseCondition,حساسية,ahd5k_02470,chunk_00127,774384,answer,نوع من أنواع الحساسية,0.850,llama-3.1-8b-instant,legacy_entity_extraction
ent_treatment_104bb0a91d5a,تيليفاست,Treatment,تيليفاست,ahd5k_02470,chunk_00127,774384,answer,مضاد للهيستامين مثل تيليفاست,0.850,llama-3.1-8b-instant,legacy_entity_extraction
ent_diseasecondition_2f75d3dabe0b,حساسية,DiseaseCondition,تهاب القصبات,ahd5k_04235,chunk_00127,789452,answer,التهاب القصبات,0.850,llama-3.1-8b-instant,legacy_entity_extraction
ent_diseasecondition_385230d505f3,تهاب,DiseaseCondition,تهاب,ahd5k_04235,chunk_00127,789452,answer,التهاب القصبات,0.850,llama-3.1-8b-instant,legacy_entity_extraction
ent_test_dd68aa784555,تحاليل مخبرية,Test,تحاليل,ahd5k_04235,chunk_00127,789452,answer,فحص طبي للوقوف على تفاصيل أكثر,0.850,llama-3.1-8b-instant,legacy_entity_extraction
ent_diseasecondition_16cf4e77b755,التهاب,DiseaseCondition,التهاب,ahd5k_02662,chunk_00128,123,answer,التهاب,0.850,llama-3.1-8b-instant,legacy_entity_extraction
ent_diseasecondition_aacab021c9d4,الصداع النصفي,DiseaseCondition,الصداع النصفي,ahd5k_02662,chunk_00128,123,answer,الصداع النصفي,0.850,llama-3.1-8b-instant,legacy_entity_extraction
ent_diseasecondition_ad3e19c416f6,التهاب الجيوب الأنفية,DiseaseCondition,التهاب الجيوب الأنفية,ahd5k_02662,chunk_00128,123,answer,التهاب الجيوب الأنفية,0.850,llama-3.1-8b-instant,legacy_entity_extraction
ent_diseasecondition_d9b91988beb9,التهاب السحايا,DiseaseCondition,التهاب السحايا,ahd5k_02662,chunk_00128,123,answer,التهاب السحايا,0.850,llama-3.1-8b-instant,legacy_entity_extraction
ent_symptom_38888a2188fe,القلق,Symptom,القلق,ahd5k_02662,chunk_00128,123,answer,القلق,0.850,llama-3.1-8b-instant,legacy_entity_extraction
ent_symptom_b754f1a1e5a8,صداع,Symptom,صداع,ahd5k_02662,chunk_00128,123,question,صداع,0.850,llama-3.1-8b-instant,legacy_entity_extraction
ent_symptom_c01e00eb5c72,صداع التوتر,Symptom,صداع التوتر,ahd5k_02662,chunk_00128,123,answer,صداع التوتر,0.850,llama-3.1-8b-instant,legacy_entity_extraction
ent_symptom_d713f64368d3,ضغط,Symptom,ضغط,ahd5k_02662,chunk_00128,123,question,ضغط,0.850,llama-3.1-8b-instant,legacy_entity_extraction
ent_diseasecondition_304bdda1e242,كيس الشعر,DiseaseCondition,كيس الشعر,ahd5k_03594,chunk_00128,789751,answer,كيس الشعر,0.850,llama-3.1-8b-instant,legacy_entity_extraction
ent_diseasecondition_6ed4cacd0b61,التهاب الشعري,DiseaseCondition,التهاب الشعري,ahd5k_03594,chunk_00128,789751,answer,التهاب الشعري,0.850,llama-3.1-8b-instant,legacy_entity_extraction
ent_diseasecondition_16cf4e77b755,التهاب,DiseaseCondition,التهاب,ahd5k_02023,chunk_00129,802203,answer,التهاب الأعصاب الطرفية,0.850,llama-3.1-8b-instant,legacy_entity_extraction
ent_diseasecondition_28f5fc799e65,فرط الحساسية,DiseaseCondition,فرط الحساسية,ahd5k_02023,chunk_00129,802203,answer,فرط الحساسية,0.850,llama-3.1-8b-instant,legacy_entity_extraction
ent_treatment_6daeffa55a15,نيوروتين,Treatment,نيوروتين,ahd5k_02023,chunk_00129,802203,answer,دواء نيوروتين,0.850,llama-3.1-8b-instant,legacy_entity_extraction
ent_treatment_9b5bfe80cea0,دواء تلفاست أ سيرين,Treatment,دواء تلفاست أ سيرين,ahd5k_02023,chunk_00129,802203,answer,تناول دواء تلفاست أ سيرين,0.850,llama-3.1-8b-instant,legacy_entity_extraction
ent_diseasecondition_16cf4e77b755,التهاب,DiseaseCondition,التهاب,ahd5k_00114,chunk_00130,123,answer,التهاب,0.850,llama-3.1-8b-instant,legacy_entity_extraction
ent_test_c4cfd2d6468c,أشعة,Test,صورة اشعة عادية,ahd5k_00114,chunk_00130,123,answer,اجراء صورة اشعة عادية للحوض,0.850,llama-3.1-8b-instant,legacy_entity_extraction
ent_diseasecondition_2f75d3dabe0b,حساسية,DiseaseCondition,حساسية شقية,ahd5k_00481,chunk_00130,799649,answer,وجود اصابة حسية شقية في شق الجسم الايسر,0.850,llama-3.1-8b-instant,legacy_entity_extraction
ent_symptom_b754f1a1e5a8,صداع,Symptom,صداع,ahd5k_02318,chunk_00130,777880,question,صداع وظهور عرق بارز في جهه من الراس,0.850,llama-3.1-8b-instant,legacy_entity_extraction
ent_diseasecondition_ddc87069534f,نقص الحليب,DiseaseCondition,نسبه هرمون الحليب,ahd5k_03565,chunk_00130,802159,answer,نسبه هرمون الحليب,0.850,llama-3.1-8b-instant,legacy_entity_extraction
ent_test_dd68aa784555,تحاليل مخبرية,Test,تحليل بالدم,ahd5k_03565,chunk_00130,802159,answer,اجراء تحليل بالدم,0.850,llama-3.1-8b-instant,legacy_entity_extraction
ent_diseasecondition_16cf4e77b755,التهاب,DiseaseCondition,التهاب,ahd5k_04754,chunk_00130,785567,answer,التهاب,0.850,llama-3.1-8b-instant,legacy_entity_extraction
ent_symptom_b754f1a1e5a8,صداع,Symptom,صداع فى الرأس,ahd5k_00507,chunk_00131,783653,question,صداع فى الرأس وشعور بحرارة فى الرأس وفى العين,0.950,llama-3.1-8b-instant,legacy_entity_extraction
ent_treatment_450cbdcb87da,الطبيب,Treatment,طبيب اسنان متمرس,ahd5k_00507,chunk_00131,783653,answer,من الافضل والاجدى اذا وجد ضرس غقل او اكثر مطمور ان تبادرى لازالتهم وذلك لدى طبيب اسنان متمرس,0.950,llama-3.1-8b-instant,legacy_entity_extraction
ent_diseasecondition_00247d3d5c80,الصداع التوتري,DiseaseCondition,صداع التوتري,ahd5k_00780,chunk_00131,793477,answer,قد يكون لديك نوع من الصداع يسمى بالصداع التوتري,0.950,llama-3.1-8b-instant,legacy_entity_extraction
ent_symptom_b754f1a1e5a8,صداع,Symptom,صداع,ahd5k_00780,chunk_00131,793477,question,صداع يختلف حدته من خفيف إلى قوي جدا,0.950,llama-3.1-8b-instant,legacy_entity_extraction
ent_treatment_450cbdcb87da,الطبيب,Treatment,طبيب اعصاب,ahd5k_00780,chunk_00131,793477,answer,مراجعة طبيب اعصاب وذلك لاتمام الفحص السريري و التاكد من التشخيص,0.950,llama-3.1-8b-instant,legacy_entity_extraction
ent_symptom_b754f1a1e5a8,صداع,Symptom,صداع,ahd5k_01058,chunk_00131,780284,question,صداع لايزول بالمسكنات,0.950,llama-3.1-8b-instant,legacy_entity_extraction
ent_test_e668861db259,الصور الشعاعية,Test,صور شعاعية,ahd5k_01058,chunk_00131,780284,answer,قد يطلب صور شعاعية للرأس من ضمن فحوص أخرى,0.950,llama-3.1-8b-instant,legacy_entity_extraction
ent_treatment_450cbdcb87da,الطبيب,Treatment,أخصائي أنف وأذن وحنجرة,ahd5k_01058,chunk_00131,780284,question,ذهبت لأفضل أخصائي أنف وأذن وحنجرة,0.950,llama-3.1-8b-instant,legacy_entity_extraction
ent_symptom_b754f1a1e5a8,صداع,Symptom,صداع,ahd5k_03689,chunk_00131,779339,question,صداع دائم,0.950,llama-3.1-8b-instant,legacy_entity_extraction
ent_treatment_450cbdcb87da,الطبيب,Treatment,أخصائي الأمراض الداخلية,ahd5k_03689,chunk_00131,779339,answer,أنصحك بمراجعة أخصائي الأمراض الداخلية,0.950,llama-3.1-8b-instant,legacy_entity_extraction
ent_diseasecondition_88a350b88c4d,عضلات الصدر,DiseaseCondition,عضلات الصدر,ahd5k_00804,chunk_00132,768211,answer,الافضل مراجعة طبيب,0.850,llama-3.1-8b-instant,legacy_entity_extraction
ent_symptom_f51ef98950a2,قلق,Symptom,شعورى بقبضة فى صدرى,ahd5k_00804,chunk_00132,768211,question,شعورى بقبضة فى صدرى تستغرق بضعة ثوانى ويصاحبها ضيق فى التنفس ....كان يتكرر هذا الموضوع معى من فترة الى اخرى ثم اصبح يوميا ثم يقل تدريجيا ولكنى مازلت...,0.850,llama-3.1-8b-instant,legacy_entity_extraction
ent_symptom_f51ef98950a2,قلق,Symptom,قلق,ahd5k_00804,chunk_00132,768211,answer,الافضل مراجعة طبيب,0.850,llama-3.1-8b-instant,legacy_entity_extraction
ent_diseasecondition_63c6ebfcb439,كسر,DiseaseCondition,كسر,ahd5k_04078,chunk_00133,771729,answer,عليك بعمل صورة اشعة ربما هناك مشكلة معينة في عظام القفص الصدري مثل كسر,0.950,llama-3.1-8b-instant,legacy_entity_extraction
ent_diseasecondition_5490429a16c5,انزلاق غضروفي عنقي,DiseaseCondition,انزلاق غضروفي عنقي,ahd5k_04468,chunk_00133,801217,answer,ينصح لك بصورة اشعة للعنق، هذه العلامات تشير الى انزلاق غضروفي عنقي (في الرقبة) غالبا بين الخامسة و السادسة العنقية,0.950,llama-3.1-8b-instant,legacy_entity_extraction
ent_test_c4cfd2d6468c,أشعة,Test,صورة اشعة,ahd5k_04468,chunk_00133,801217,answer,ينصح لك بصورة اشعة,0.950,llama-3.1-8b-instant,legacy_entity_extraction
ent_test_dd68aa784555,تحاليل مخبرية,Test,تحليل مخبري,ahd5k_02588,chunk_00134,807194,answer,فحوصات المخبرية,0.950,llama-3.1-8b-instant,legacy_entity_extraction
ent_test_dd68aa784555,تحاليل مخبرية,Test,تحليل مخبري,ahd5k_04620,chunk_00134,791837,answer,تحليل شامل للهرمونات وتصوير سونار للرحم والمبايض,0.950,llama-3.1-8b-instant,legacy_entity_extraction
ent_diseasecondition_16cf4e77b755,التهاب,DiseaseCondition,التهاب,ahd5k_01394,chunk_00135,786635,answer,تهاب,0.800,llama-3.1-8b-instant,legacy_entity_extraction
ent_diseasecondition_9719230327a2,فقر الدم,DiseaseCondition,فقر الدم,ahd5k_01394,chunk_00135,786635,answer,فقر دم (انيميا الفول),0.900,llama-3.1-8b-instant,legacy_entity_extraction
ent_diseasecondition_c530adcb98c5,الاكتئاب,DiseaseCondition,الاكتئاب,ahd5k_01394,chunk_00135,786635,answer,الشعور بالاكتئاب,0.950,llama-3.1-8b-instant,legacy_entity_extraction
ent_diseasecondition_c530adcb98c5,الاكتئاب,DiseaseCondition,الاكتئاب,ahd5k_01394,chunk_00135,786635,answer,حالات الاكتئاب,0.950,llama-3.1-8b-instant,legacy_entity_extraction
ent_treatment_84e0992b5157,شاي الأعشاب,Treatment,شاي الأعشاب,ahd5k_01394,chunk_00135,786635,answer,شاي الأعشاب,0.950,llama-3.1-8b-instant,legacy_entity_extraction
ent_treatment_84e0992b5157,شاي الأعشاب,Treatment,أكليل الجبل,ahd5k_01394,chunk_00135,786635,answer,أكليل الجبل,0.950,llama-3.1-8b-instant,legacy_entity_extraction
ent_treatment_84e0992b5157,شاي الأعشاب,Treatment,النعناع,ahd5k_01394,chunk_00135,786635,answer,النعناع,0.950,llama-3.1-8b-instant,legacy_entity_extraction
ent_treatment_84e0992b5157,شاي الأعشاب,Treatment,البابونج,ahd5k_01394,chunk_00135,786635,answer,البابونج,0.950,llama-3.1-8b-instant,legacy_entity_extraction
ent_treatment_84e0992b5157,شاي الأعشاب,Treatment,اللافندر,ahd5k_01394,chunk_00135,786635,answer,اللافندر,0.950,llama-3.1-8b-instant,legacy_entity_extraction
ent_treatment_84e0992b5157,شاي الأعشاب,Treatment,اليانسون,ahd5k_01394,chunk_00135,786635,answer,اليانسون,0.950,llama-3.1-8b-instant,legacy_entity_extraction
ent_treatment_84e0992b5157,شاي الأعشاب,Treatment,الزعتر,ahd5k_01394,chunk_00135,786635,answer,الزعتر,0.950,llama-3.1-8b-instant,legacy_entity_extraction
ent_treatment_84e0992b5157,شاي الأعشاب,Treatment,المريمية,ahd5k_01394,chunk_00135,786635,answer,المريمية,0.950,llama-3.1-8b-instant,legacy_entity_extraction
ent_treatment_84e0992b5157,شاي الأعشاب,Treatment,البرتقال,ahd5k_01394,chunk_00135,786635,answer,البرتقال,0.950,llama-3.1-8b-instant,legacy_entity_extraction
ent_treatment_84e0992b5157,شاي الأعشاب,Treatment,الكركديه,ahd5k_01394,chunk_00135,786635,answer,الكركديه,0.950,llama-3.1-8b-instant,legacy_entity_extraction
ent_treatment_84e0992b5157,شاي الأعشاب,Treatment,الكنيدولا,ahd5k_01394,chunk_00135,786635,answer,الكنيدولا,0.950,llama-3.1-8b-instant,legacy_entity_extraction
ent_treatment_84e0992b5157,شاي الأعشاب,Treatment,الفاليريانا,ahd5k_01394,chunk_00135,786635,answer,الفاليريانا,0.950,llama-3.1-8b-instant,legacy_entity_extraction
ent_treatment_84e0992b5157,شاي الأعشاب,Treatment,المردقوش,ahd5k_01394,chunk_00135,786635,answer,المردقوش,0.950,llama-3.1-8b-instant,legacy_entity_extraction
ent_treatment_84e0992b5157,شاي الأعشاب,Treatment,الهندباء البرية,ahd5k_01394,chunk_00135,786635,answer,الهندباء البرية,0.950,llama-3.1-8b-instant,legacy_entity_extraction
ent_treatment_84e0992b5157,شاي الأعشاب,Treatment,الخزام,ahd5k_01394,chunk_00135,786635,answer,الخزام,0.950,llama-3.1-8b-instant,legacy_entity_extraction
ent_treatment_84e0992b5157,شاي الأعشاب,Treatment,النارنج,ahd5k_01394,chunk_00135,786635,answer,النارنج,0.950,llama-3.1-8b-instant,legacy_entity_extraction
ent_treatment_84e0992b5157,شاي الأعشاب,Treatment,الزيتون,ahd5k_01394,chunk_00135,786635,answer,الزيتون,0.950,llama-3.1-8b-instant,legacy_entity_extraction
ent_treatment_84e0992b5157,شاي الأعشاب,Treatment,الملفوف,ahd5k_01394,chunk_00135,786635,answer,الملفوف,0.950,llama-3.1-8b-instant,legacy_entity_extraction
ent_treatment_84e0992b5157,شاي الأعشاب,Treatment,جنين القمح,ahd5k_01394,chunk_00135,786635,answer,جنين القمح,0.950,llama-3.1-8b-instant,legacy_entity_extraction
ent_treatment_84e0992b5157,شاي الأعشاب,Treatment,البليلة,ahd5k_01394,chunk_00135,786635,answer,البليلة,0.950,llama-3.1-8b-instant,legacy_entity_extraction
ent_treatment_84e0992b5157,شاي الأعشاب,Treatment,الخردل,ahd5k_01394,chunk_00135,786635,answer,الخردل,0.950,llama-3.1-8b-instant,legacy_entity_extraction
ent_treatment_84e0992b5157,شاي الأعشاب,Treatment,بقلة يوحنا,ahd5k_01394,chunk_00135,786635,answer,بقلة يوحنا,0.950,llama-3.1-8b-instant,legacy_entity_extraction
ent_treatment_84e0992b5157,شاي الأعشاب,Treatment,كافاكافا,ahd5k_01394,chunk_00135,786635,answer,كافاكافا,0.950,llama-3.1-8b-instant,legacy_entity_extraction
ent_diseasecondition_1b4cda592c0e,نقص فيتامين,DiseaseCondition,نقص فيتامين,ahd5k_00142,chunk_00136,771796,answer,نقص فيتامين,0.850,llama-3.1-8b-instant,legacy_entity_extraction
ent_diseasecondition_2f75d3dabe0b,حساسية,DiseaseCondition,حساسية,ahd5k_00142,chunk_00136,771796,question,حساسية,0.850,llama-3.1-8b-instant,legacy_entity_extraction
ent_diseasecondition_385230d505f3,تهاب,DiseaseCondition,تهاب,ahd5k_00142,chunk_00136,771796,answer,تهاب,0.850,llama-3.1-8b-instant,legacy_entity_extraction
ent_diseasecondition_a8997ac91159,فطريات,DiseaseCondition,فطريات,ahd5k_00142,chunk_00136,771796,question,فطريات,0.850,llama-3.1-8b-instant,legacy_entity_extraction
ent_symptom_2623f9ed0078,دقات سريعة للقلب,Symptom,دقات سريعة للقلب,ahd5k_01140,chunk_00136,783566,question,دقات سريعة للقلب,0.850,llama-3.1-8b-instant,legacy_entity_extraction
ent_symptom_e9ec482600f1,راسي تقيل,Symptom,راسي تقيل,ahd5k_01140,chunk_00136,783566,question,راسي تقيل,0.850,llama-3.1-8b-instant,legacy_entity_extraction
ent_symptom_ec53995c86ca,دوار,Symptom,دوار,ahd5k_01140,chunk_00136,783566,question,دوار,0.850,llama-3.1-8b-instant,legacy_entity_extraction
ent_diseasecondition_16cf4e77b755,التهاب,DiseaseCondition,التهاب,ahd5k_01874,chunk_00136,787594,answer,التهاب,0.850,llama-3.1-8b-instant,legacy_entity_extraction
ent_diseasecondition_1b4cda592c0e,نقص فيتامين,DiseaseCondition,نقص فيتامين,ahd5k_01874,chunk_00136,787594,answer,نقص فيتامين,0.850,llama-3.1-8b-instant,legacy_entity_extraction
ent_diseasecondition_a8997ac91159,فطريات,DiseaseCondition,فطريات,ahd5k_01874,chunk_00136,787594,question,فطريات,0.850,llama-3.1-8b-instant,legacy_entity_extraction
ent_diseasecondition_a2605dbbfa2a,أقل من الطبيعي,DiseaseCondition,أقل من الطبيعي,ahd5k_04817,chunk_00137,778993,answer,هذا أقل من الطبيعي ولكن في هذا العمر قد تحدث ثورة اذ يزداد الطول و الوزن بشكل مفاجئ,0.850,llama-3.1-8b-instant,legacy_entity_extraction
ent_treatment_2b917ff56ac9,الخضار,Treatment,الخضار,ahd5k_04817,chunk_00137,778993,answer,ماعليك سوى ممارسة الرياضة و تناول الاطعمة كاللحوم و الخضار و الفواكة والنوم جيداً,0.850,llama-3.1-8b-instant,legacy_entity_extraction
ent_treatment_8f18706cd796,الرياضة,Treatment,الرياضة,ahd5k_04817,chunk_00137,778993,answer,ماعليك سوى ممارسة الرياضة و تناول الاطعمة كاللحوم و الخضار و الفواكة والنوم جيداً,0.850,llama-3.1-8b-instant,legacy_entity_extraction
ent_treatment_903a54038c7e,الفواكة,Treatment,الفواكة,ahd5k_04817,chunk_00137,778993,answer,ماعليك سوى ممارسة الرياضة و تناول الاطعمة كاللحوم و الخضار و الفواكة والنوم جيداً,0.850,llama-3.1-8b-instant,legacy_entity_extraction
ent_treatment_c8e54783a44f,اللحوم,Treatment,اللحوم,ahd5k_04817,chunk_00137,778993,answer,ماعليك سوى ممارسة الرياضة و تناول الاطعمة كاللحوم و الخضار و الفواكة والنوم جيداً,0.850,llama-3.1-8b-instant,legacy_entity_extraction
ent_treatment_df97f5e24856,النوم جيداً,Treatment,النوم جيداً,ahd5k_04817,chunk_00137,778993,answer,ماعليك سوى ممارسة الرياضة و تناول الاطعمة كاللحوم و الخضار و الفواكة والنوم جيداً,0.850,llama-3.1-8b-instant,legacy_entity_extraction
ent_symptom_3218dcecad3c,تشنجات,Symptom,تشنجات,ahd5k_04924,chunk_00137,777360,question,هل تشنجات التي تحدث في الراس اي الجهة اليمنى والجهة الخلفية من الراس تدل...,0.850,llama-3.1-8b-instant,legacy_entity_extraction
ent_diseasecondition_16cf4e77b755,التهاب,DiseaseCondition,التهاب,ahd5k_00774,chunk_00138,737406,answer,التهاب الجلد الانين التهاب,0.850,llama-3.1-8b-instant,legacy_entity_extraction
ent_symptom_9731436c9bf9,الانين,Symptom,الانين,ahd5k_00774,chunk_00138,737406,answer,الانين الجلد,0.850,llama-3.1-8b-instant,legacy_entity_extraction
ent_symptom_fe424a778440,حصاصة,Symptom,حصاصة,ahd5k_00774,chunk_00138,737406,answer,حصاصة الجلد الانين,0.850,llama-3.1-8b-instant,legacy_entity_extraction
ent_test_789144e7ff3c,الثيحال الريوي,Test,الثيحال الريوي,ahd5k_00774,chunk_00138,737406,answer,الثيحال الريوي الثيحال الريوي,0.850,llama-3.1-8b-instant,legacy_entity_extraction
ent_diseasecondition_8900ade247cb,انزلاق أنقي,DiseaseCondition,انزلاق أنقي,ahd5k_00754,chunk_00139,786889,answer,انزلاق أنقي انزلاق انقي,0.850,llama-3.1-8b-instant,legacy_entity_extraction
ent_diseasecondition_db17a406c72e,ارتفاع ضغط الدم,DiseaseCondition,مرض,ahd5k_03423,chunk_00140,758528,question,مرض لحد الان لم نتمكن من معرفة السبب,0.950,llama-3.1-8b-instant,legacy_entity_extraction
ent_diseasecondition_db17a406c72e,ارتفاع ضغط الدم,DiseaseCondition,ارتفاع ضغط الدم,ahd5k_03423,chunk_00140,758528,answer,يجب مراقبة ضغط الدم باستمرار,0.950,llama-3.1-8b-instant,legacy_entity_extraction
ent_symptom_759403abc54c,الإغماء,Symptom,الإغماء,ahd5k_03423,chunk_00140,758528,answer,الإغماء,0.900,llama-3.1-8b-instant,legacy_entity_extraction
ent_symptom_d713f64368d3,ضغط,Symptom,ضغط,ahd5k_03423,chunk_00140,758528,question,مراقبة ضغط الدم باستمرار,0.850,llama-3.1-8b-instant,legacy_entity_extraction
ent_test_433492431144,تحليل الحساسية,Test,تحاليل مخبرية,ahd5k_03423,chunk_00140,758528,question,اشعاعات الصدر و القلب و الرئة,0.800,llama-3.1-8b-instant,legacy_entity_extraction
ent_treatment_e3821aa5e124,مراقبة ضغط الدم,Treatment,مراقبة ضغط الدم,ahd5k_03423,chunk_00140,758528,answer,يجب مراقبة ضغط الدم باستمرار,0.950,llama-3.1-8b-instant,legacy_entity_extraction
ent_diseasecondition_32c84edce6a2,اكتئاب,DiseaseCondition,اكتئاب,ahd5k_03852,chunk_00140,799940,answer,التفكير بالانتحار,0.900,llama-3.1-8b-instant,legacy_entity_extraction
ent_diseasecondition_aa9977b6b112,سكري,DiseaseCondition,مرتفع,ahd5k_01577,chunk_00141,762760,answer,السكري مرتفع يا بنتي!,0.950,llama-3.1-8b-instant,legacy_entity_extraction
ent_diseasecondition_aa9977b6b112,سكري,DiseaseCondition,سكري,ahd5k_01577,chunk_00141,762760,answer,السكري مرتفع يا بنتي!,0.950,llama-3.1-8b-instant,legacy_entity_extraction
ent_diseasecondition_aa9977b6b112,سكري,DiseaseCondition,سكري,ahd5k_03627,chunk_00141,790291,answer,1- ميتفورمين وهو يستعمل لعلاج السكري,0.950,llama-3.1-8b-instant,legacy_entity_extraction
ent_treatment_1e3baddafc66,سيبوترامين,Treatment,سيبوترامين,ahd5k_03627,chunk_00141,790291,answer,3- علاج سيبوترامين مثل : ميريديا او سيبوترم او دايت ماكس او سليماكس,0.950,llama-3.1-8b-instant,legacy_entity_extraction
ent_treatment_60057f719d6c,اورليستات,Treatment,اورليستات,ahd5k_03627,chunk_00141,790291,answer,4- اورليستات,0.950,llama-3.1-8b-instant,legacy_entity_extraction
ent_treatment_b6f673a13d6a,مدر بول,Treatment,مدر بول,ahd5k_03627,chunk_00141,790291,answer,2- مدر بول تخرج الماء الزائد من جسمك,0.950,llama-3.1-8b-instant,legacy_entity_extraction
ent_symptom_db012388d676,الكتف,Symptom,الكتف,ahd5k_00486,chunk_00142,764818,answer,الم بالكتف وبعد الاشعات اخبروهابانه شخونه في الكتف,0.850,llama-3.1-8b-instant,legacy_entity_extraction
ent_treatment_639e625fe991,الزنجبيل,Treatment,الزنجبيل,ahd5k_00486,chunk_00142,764818,answer,أو تناول بعض المأكولات التي خفف الألم مثل الزنجبيل وغيره,0.850,llama-3.1-8b-instant,legacy_entity_extraction
ent_treatment_c93941cf1d98,البروفين,Treatment,البروفين,ahd5k_00486,chunk_00142,764818,answer,أو تناول بعض الأدوية المسكنة للألم اللاستيروئيدية ،ثل البروفين وغيره,0.850,llama-3.1-8b-instant,legacy_entity_extraction
ent_diseasecondition_16cf4e77b755,التهاب,DiseaseCondition,التهاب,ahd5k_00171,chunk_00143,796753,answer,فحص الدهون لتحديد نوع الزيادة ومقدارها,0.850,llama-3.1-8b-instant,legacy_entity_extraction
ent_diseasecondition_1cda0b09f82c,الكوليسترول,DiseaseCondition,الكوليسترول,ahd5k_00171,chunk_00143,796753,answer,فحص الدهون لتحديد نوع الزيادة ومقدارها,0.850,llama-3.1-8b-instant,legacy_entity_extraction
ent_treatment_574f7ec272a2,الجرعة,Treatment,الجرعة,ahd5k_01831,chunk_00143,781654,answer,قراره على المعطيات السريرية والمخبرية الخاصة بالحالة,0.850,llama-3.1-8b-instant,legacy_entity_extraction
ent_diseasecondition_d99fb1a77d6c,الشيخوخة,DiseaseCondition,علامات الشيخوخة المبكرة,ahd5k_00987,chunk_00144,804794,answer,التقليل من علامات الشيخوخة,0.850,llama-3.1-8b-instant,legacy_entity_extraction
ent_diseasecondition_925cfcb87467,الجلطات الدماغية,DiseaseCondition,جلطات دماغية,ahd5k_01783,chunk_00144,775935,question,جلطات دماغية,0.850,llama-3.1-8b-instant,legacy_entity_extraction
ent_treatment_f3a613a63534,التغذية بالأنبوب,Treatment,التغذية بالأنبوب,ahd5k_01783,chunk_00144,775935,answer,متابعة التغذية بالأنبوب لمدة طويلة,0.850,llama-3.1-8b-instant,legacy_entity_extraction
ent_diseasecondition_35eb2b8f8638,اضطراب نفسي,DiseaseCondition,اضطراب نفسي,ahd5k_03579,chunk_00144,805596,answer,اضطراب نفسي يظهر لديها على شكل رهاب وعلى شكل الشك المرضي,0.850,llama-3.1-8b-instant,legacy_entity_extraction
ent_treatment_b5d6db6d8c42,العقاقير المضادة للذهان,Treatment,العقاقير المضادة للذهان,ahd5k_03579,chunk_00144,805596,answer,العقاقير المضادة للذهان,0.850,llama-3.1-8b-instant,legacy_entity_extraction
ent_diseasecondition_16cf4e77b755,التهاب,DiseaseCondition,التهاب,ahd5k_00008,chunk_00145,807884,answer,التهاب,0.850,llama-3.1-8b-instant,legacy_entity_extraction
ent_diseasecondition_7abdd04c7114,الحمل,DiseaseCondition,الحمل,ahd5k_00941,chunk_00145,802831,answer,الحمل,0.850,llama-3.1-8b-instant,legacy_entity_extraction
ent_treatment_02bcaecf1a7e,التفاح,Treatment,التفاح,ahd5k_04616,chunk_00145,793031,answer,التفاح,0.850,llama-3.1-8b-instant,legacy_entity_extraction
ent_treatment_604cc35281be,الشوكولاته,Treatment,الشوكولاته,ahd5k_04616,chunk_00145,793031,answer,الشوكولاته,0.850,llama-3.1-8b-instant,legacy_entity_extraction
ent_treatment_612c88f2b060,العدس,Treatment,العدس,ahd5k_04616,chunk_00145,793031,answer,العدس,0.850,llama-3.1-8b-instant,legacy_entity_extraction
ent_treatment_70946505d33a,عسل ملكات النحل,Treatment,عسل ملكات النحل,ahd5k_04616,chunk_00145,793031,answer,عسل ملكات النحل,0.850,llama-3.1-8b-instant,legacy_entity_extraction
ent_treatment_c8e54783a44f,اللحوم,Treatment,اللحوم,ahd5k_04616,chunk_00145,793031,answer,اللحوم,0.850,llama-3.1-8b-instant,legacy_entity_extraction
ent_treatment_edb14dbd221a,الجينسينغ,Treatment,الجينسينغ,ahd5k_04616,chunk_00145,793031,answer,الجينسينغ,0.850,llama-3.1-8b-instant,legacy_entity_extraction
ent_treatment_f5972d4787bd,الأسماك الدهنية,Treatment,الأسماك الدهنية,ahd5k_04616,chunk_00145,793031,answer,الأسماك الدهنية,0.850,llama-3.1-8b-instant,legacy_entity_extraction
ent_diseasecondition_7abdd04c7114,الحمل,DiseaseCondition,الحمل,ahd5k_00230,chunk_00146,804638,question,في أي شهر من أشهر الحمل يتم تكوين عظام الجنين,0.850,llama-3.1-8b-instant,legacy_entity_extraction
ent_diseasecondition_7abdd04c7114,الحمل,DiseaseCondition,الحمل,ahd5k_00439,chunk_00146,802304,answer,اذا كنت حامل وما زلت تستعملين اقراص ال بريمولوت ن فيجب ايقافها ، فهناك دراسات اثبتتت انه يمكن ان تؤدي هذه الاقراص الى تشوهات في القلب والاوعيه الدمويه لدى الجنين ، كما انه يمكن ان تؤدي الى تشوهات في الانبوب العصبي والدماغ,0.850,llama-3.1-8b-instant,legacy_entity_extraction
ent_treatment_02841a5b9786,بريمولوت ن,Treatment,بريمولوت ن,ahd5k_00439,chunk_00146,802304,answer,اذا كنت حامل وما زلت تستعملين اقراص ال بريمولوت ن فيجب ايقافها ، فهناك دراسات اثبتتت انه يمكن ان تؤدي هذه الاقراص الى تشوهات في القلب والاوعيه الدمويه لدى الجنين ، كما انه يمكن ان تؤدي الى تشوهات في الانبوب العصبي والدماغ,0.850,llama-3.1-8b-instant,legacy_entity_extraction
ent_treatment_891f5d08fec8,البريمولوت ن,Treatment,البريمولوت ن,ahd5k_00439,chunk_00146,802304,answer,اذا كنت حامل وما زلت تستعملين اقراص ال بريمولوت ن فيجب ايقافها ، فهناك دراسات اثبتتت انه يمكن ان تؤدي هذه الاقراص الى تشوهات في القلب والاوعيه الدمويه لدى الجنين ، كما انه يمكن ان تؤدي الى تشوهات في الانبوب العصبي والدماغ,0.850,llama-3.1-8b-instant,legacy_entity_extraction
ent_diseasecondition_3a654f2d937a,متلازمة Chiari,DiseaseCondition,متلازمة Chiari,ahd5k_00604,chunk_00146,787407,question,زوجتي حامل في نهاية شهرها السابع وتبين من صور الأشعة السينية أن الجنين يعاني من متلازمة Chiari من الدرجة الثانية، : هل من الممكن الحصول على قائمة بأسماء مراكز طبية...,0.850,llama-3.1-8b-instant,legacy_entity_extraction
ent_diseasecondition_7abdd04c7114,الحمل,DiseaseCondition,الحمل,ahd5k_00604,chunk_00146,787407,question,زوجتي حامل في نهاية شهرها السابع وتبين من صور الأشعة السينية أن الجنين يعاني من متلازمة Chiari من الدرجة الثانية، : هل من الممكن الحصول على قائمة بأسماء مراكز طبية...,0.850,llama-3.1-8b-instant,legacy_entity_extraction
ent_diseasecondition_7abdd04c7114,الحمل,DiseaseCondition,الحمل,ahd5k_00793,chunk_00146,782885,question,حبيت اسال عن زيت اللوز المر للجسم انا استخدمه لبطني وكامل جسمي الان لي تقريبا 3 اسابيع وانا حامل في الاسبوع الثاني عشر ولقد قرات...,0.850,llama-3.1-8b-instant,legacy_entity_extraction
ent_treatment_126db3468e93,زيت اللوز المر,Treatment,زيت اللوز المر,ahd5k_00793,chunk_00146,782885,question,حبيت اسال عن زيت اللوز المر للجسم انا استخدمه لبطني وكامل جسمي الان لي تقريبا 3 اسابيع وانا حامل في الاسبوع الثاني عشر ولقد قرات...,0.850,llama-3.1-8b-instant,legacy_entity_extraction
ent_diseasecondition_7abdd04c7114,الحمل,DiseaseCondition,الحمل,ahd5k_01023,chunk_00146,807505,question,كيف يمكننا اكتشاف هذة الحاله؟في اي عمر,0.850,llama-3.1-8b-instant,legacy_entity_extraction
ent_diseasecondition_7abdd04c7114,الحمل,DiseaseCondition,الحمل,ahd5k_01515,chunk_00146,795116,question,هل يوجد تأثير على الجنين في حالة تعاطي أقراص ميزوتاك في بداية الحمل بغرض الإجهاض وأنا الآن اقتنعت باكمال الحمل ولكن قلق من تأثر الجنين بالمادة الفعالة لهذا الدواء؟,0.850,llama-3.1-8b-instant,legacy_entity_extraction
ent_treatment_2702542ba0eb,ميزوتاك,Treatment,ميزوتاك,ahd5k_01515,chunk_00146,795116,question,هل يوجد تأثير على الجنين في حالة تعاطي أقراص ميزوتاك في بداية الحمل بغرض الإجهاض وأنا الآن اقتنعت باكمال الحمل ولكن قلق من تأثر الجنين بالمادة الفعالة لهذا الدواء؟,0.850,llama-3.1-8b-instant,legacy_entity_extraction
ent_diseasecondition_7abdd04c7114,الحمل,DiseaseCondition,الحمل,ahd5k_01585,chunk_00146,785691,question,سلام لقد اجريت فحص الهرمون B-HCG ،و نتائج التحاليل كما يللي 3-4 اسبوع 9-130 4-5 اسبوع 75-2600 5-6 اسبوع 850-20800 7-8 اسبوع 4000-100200 7-12 اسبوع 11500-289000 12-16 اسبوع 18300-137000 و...,0.850,llama-3.1-8b-instant,legacy_entity_extraction
ent_diseasecondition_7abdd04c7114,الحمل,DiseaseCondition,الحمل,ahd5k_02160,chunk_00146,806778,question,هل من علاج فعال لمن يعاني من مرض anorectal agenesis عدم تكون المستقيم والشرج منذ الولادة وقد أجريت لي عدة عمليات ومازال التحكم ضعيف وفتحة الشرج ضيقة مع بروزها للخارج,0.850,llama-3.1-8b-instant,legacy_entity_extraction
ent_diseasecondition_7abdd04c7114,الحمل,DiseaseCondition,الحمل,ahd5k_02381,chunk_00147,802707,question,ولدت الطفل داخل كيس اوغشاء عند ولداته,0.850,llama-3.1-8b-instant,legacy_entity_extraction
ent_diseasecondition_7abdd04c7114,الحمل,DiseaseCondition,الحمل,ahd5k_02665,chunk_00147,805812,answer,يستجيب الطفل في هذه المرحلة للصوت لذا يحبذ أن تسميعه ما تريدين من أصوات,0.850,llama-3.1-8b-instant,legacy_entity_extraction
ent_diseasecondition_7abdd04c7114,الحمل,DiseaseCondition,الحمل,ahd5k_03359,chunk_00147,785247,answer,حالة الحمل بسبب...,0.850,llama-3.1-8b-instant,legacy_entity_extraction
ent_treatment_183e85947f1d,Deyamethasone,Treatment,Deyamethasone,ahd5k_03790,chunk_00147,801919,answer,Nnصح بالراحة فقط واخذ ابر Deyamethasone 12 mg X Twice for one time only,0.850,llama-3.1-8b-instant,legacy_entity_extraction
ent_diseasecondition_7abdd04c7114,الحمل,DiseaseCondition,الحمل,ahd5k_04001,chunk_00147,797317,question,حملي الاول,0.850,llama-3.1-8b-instant,legacy_entity_extraction
ent_treatment_7dcc65be78f8,زيت الزيتون,Treatment,زيت الزيتون,ahd5k_04001,chunk_00147,797317,answer,بزيت الزيتون ثم حاولي شدها الى الخارج وذلك لمدة 3 - 5 دقائق 3 مرات في اليوم,0.850,llama-3.1-8b-instant,legacy_entity_extraction
ent_diseasecondition_5f5cc11b7f72,Achondroplasia,DiseaseCondition,Achondroplasia,ahd5k_04892,chunk_00147,786375,answer,"Another possibility, Achondroplasia",0.850,llama-3.1-8b-instant,legacy_entity_extraction
ent_diseasecondition_ae3dd473a795,Pallister Killian syndrome,DiseaseCondition,Pallister Killian syndrome,ahd5k_04892,chunk_00147,786375,answer,Among these syndromes: Pallister Killian syndrome,0.850,llama-3.1-8b-instant,legacy_entity_extraction
ent_diseasecondition_d66c4956707a,Rhizomelic and Micromelia,DiseaseCondition,Rhizomelic and Micromelia,ahd5k_04892,chunk_00147,786375,question,اكتشفت فى نهاية الشهر السادس انه مصاب بRhizomelic and Micromelia,0.850,llama-3.1-8b-instant,legacy_entity_extraction
ent_diseasecondition_33ebca04d291,الحودة الصكري,DiseaseCondition,الحودة الصكري,ahd5k_02182,chunk_00148,803482,answer,الحودة الصكري اليثثار الحودة الحال بالمرديدين,0.850,llama-3.1-8b-instant,legacy_entity_extraction
ent_diseasecondition_41f520aa86a9,الحودة الحال,DiseaseCondition,الحودة الحال,ahd5k_02182,chunk_00148,803482,answer,الحودة الحال بالمرديدين,0.850,llama-3.1-8b-instant,legacy_entity_extraction
ent_symptom_57992c2ef292,الحال,Symptom,الحال,ahd5k_02182,chunk_00148,803482,answer,الحال بالمرديدين,0.850,llama-3.1-8b-instant,legacy_entity_extraction
ent_symptom_fdb2085491d0,الحال بالمرديدين,Symptom,الحال بالمرديدين,ahd5k_02182,chunk_00148,803482,answer,الحال بالمرديدين,0.850,llama-3.1-8b-instant,legacy_entity_extraction
ent_diseasecondition_33ebca04d291,الحودة الصكري,DiseaseCondition,الحودة الصكري,ahd5k_02249,chunk_00148,784955,answer,الحودة الصكري اليثثار الحودة الحال بالمرديدين,0.850,llama-3.1-8b-instant,legacy_entity_extraction
ent_diseasecondition_41f520aa86a9,الحودة الحال,DiseaseCondition,الحودة الحال,ahd5k_02249,chunk_00148,784955,answer,الحودة الحال بالمرديدين,0.850,llama-3.1-8b-instant,legacy_entity_extraction
ent_symptom_57992c2ef292,الحال,Symptom,الحال,ahd5k_02249,chunk_00148,784955,answer,الحال بالمرديدين,0.850,llama-3.1-8b-instant,legacy_entity_extraction
ent_symptom_fdb2085491d0,الحال بالمرديدين,Symptom,الحال بالمرديدين,ahd5k_02249,chunk_00148,784955,answer,الحال بالمرديدين,0.850,llama-3.1-8b-instant,legacy_entity_extraction
ent_diseasecondition_7abdd04c7114,الحمل,DiseaseCondition,الحمل,ahd5k_03563,chunk_00149,804972,answer,الحمل,0.950,llama-3.1-8b-instant,legacy_entity_extraction
ent_symptom_23da4c61fd5e,النزيف,Symptom,النزيف,ahd5k_03563,chunk_00149,804972,answer,النزيف,0.950,llama-3.1-8b-instant,legacy_entity_extraction
ent_symptom_268a0d637f96,التهديد بالإجهاض,Symptom,التهديد بالإجهاض,ahd5k_03563,chunk_00149,804972,answer,التهديد بالإجهاض,0.950,llama-3.1-8b-instant,legacy_entity_extraction
ent_test_433492431144,تحليل الحساسية,Test,تحليل الحساسية,ahd5k_03563,chunk_00149,804972,answer,تحليل الحساسية,0.950,llama-3.1-8b-instant,legacy_entity_extraction
ent_treatment_43cdb9f8f206,الجماع,Treatment,الجماع,ahd5k_03563,chunk_00149,804972,answer,الجماع,0.950,llama-3.1-8b-instant,legacy_entity_extraction
ent_diseasecondition_35d61a018e10,تشوه,DiseaseCondition,تشوهات في اليدين و رجلين,ahd5k_03355,chunk_00150,783177,question,تشوهات في اليدين و رجلين,0.950,llama-3.1-8b-instant,legacy_entity_extraction
ent_diseasecondition_b50b108a90f4,تشوهات,DiseaseCondition,تشوهات في اليدين و رجلين,ahd5k_03355,chunk_00150,783177,question,تشوهات في اليدين و رجلين,0.950,llama-3.1-8b-instant,legacy_entity_extraction
ent_diseasecondition_7abdd04c7114,الحمل,DiseaseCondition,الحمل,ahd5k_02903,chunk_00151,798607,answer,نجحت وتم الحمل,0.950,llama-3.1-8b-instant,legacy_entity_extraction
ent_symptom_7a79bce3a153,قيء,Symptom,قيء,ahd5k_02903,chunk_00151,798607,question,قيء,0.850,llama-3.1-8b-instant,legacy_entity_extraction
ent_diseasecondition_7abdd04c7114,الحمل,DiseaseCondition,الحمل,ahd5k_00876,chunk_00152,806090,answer,الحمل,0.850,llama-3.1-8b-instant,legacy_entity_extraction
ent_test_c4cfd2d6468c,أشعة,Test,أشعة,ahd5k_00876,chunk_00152,806090,answer,أشعة,0.850,llama-3.1-8b-instant,legacy_entity_extraction
ent_diseasecondition_7abdd04c7114,الحمل,DiseaseCondition,الحمل,ahd5k_03090,chunk_00152,790409,answer,الحمل,0.850,llama-3.1-8b-instant,legacy_entity_extraction
ent_diseasecondition_7abdd04c7114,الحمل,DiseaseCondition,الحمل,ahd5k_03870,chunk_00152,788044,answer,الحمل,0.850,llama-3.1-8b-instant,legacy_entity_extraction
ent_test_dd68aa784555,تحاليل مخبرية,Test,فحوصات,ahd5k_01185,chunk_00153,806775,answer,إجراء فحوصات للتأكد,0.950,llama-3.1-8b-instant,legacy_entity_extraction
ent_test_dd68aa784555,تحاليل مخبرية,Test,تحليل CMV IgM,ahd5k_04735,chunk_00153,803507,answer,عمل تحليل CMV IgM بصفة دورية,0.950,llama-3.1-8b-instant,legacy_entity_extraction
ent_treatment_6e2eca7e0846,حبوب تخسيس الوزن,Treatment,حبوب تخسيس الوزن,ahd5k_00127,chunk_00154,803173,answer,ماجريم,0.850,llama-3.1-8b-instant,legacy_entity_extraction
ent_diseasecondition_2a6dda2fbaec,شفة مشقوقة,DiseaseCondition,شفة مشقوقة,ahd5k_01266,chunk_00154,787211,answer,الشفة الأرنبية تعتبر من التشوهات الخلقية الشائعة نسبيا,0.850,llama-3.1-8b-instant,legacy_entity_extraction
ent_treatment_07bda7f8e857,توبيراميت,Treatment,توبيراميت,ahd5k_01266,chunk_00154,787211,answer,التي تؤدي الى ولادة دات شفة مشقوقة من غير استعمال دواء التوبيراميت,0.850,llama-3.1-8b-instant,legacy_entity_extraction
ent_treatment_adf1ea1ee5a7,موزة كبيرة,Treatment,موزة كبيرة,ahd5k_04065,chunk_00154,793039,answer,موزة كبيرة يوميا,0.850,llama-3.1-8b-instant,legacy_entity_extraction
ent_treatment_e10588af6bf0,الافطار,Treatment,الافطار,ahd5k_04065,chunk_00154,793039,answer,تناول وجبة الافطار يزيد من احتمالات انجاب اطفال ذكور,0.850,llama-3.1-8b-instant,legacy_entity_extraction
ent_treatment_e8d6fe8e2a6a,كربونات الصودا,Treatment,كربونات الصودا,ahd5k_04065,chunk_00154,793039,answer,عمل دوش مهبلي بكربونات الصودا,0.850,llama-3.1-8b-instant,legacy_entity_extraction
ent_symptom_fd47e672abb7,حلمة,Symptom,حلمة ثديي الايمن,ahd5k_00615,chunk_00155,802782,question,حلمة ثديي الايمن لا يوجد بها فتحة اي انها ملساء تماما,0.850,llama-3.1-8b-instant,legacy_entity_extraction
ent_symptom_fd47e672abb7,حلمة,Symptom,حلمة مسطحه,ahd5k_00615,chunk_00155,802782,answer,فاذا كنت فقط تعانين من وجود حلمه مسطحه,0.850,llama-3.1-8b-instant,legacy_entity_extraction
ent_symptom_ff3a8a841494,نبض,Symptom,نبض قلبه,ahd5k_01973,chunk_00155,788922,question,ولكن قالت حجم الجنين8ملم وهوغيرطبيعي ويجب ان يكون19ملم في هذا العمروحللت لجرثومةالتكسوبلازماواظهرالتحليل انه كنت مصابةبهافي صغري ونسبتها30%ولكن شفيت منهاوعندي مناعة منها... ولكن بما انه كان هنالك نبض عند زيارة الطبيب,0.850,llama-3.1-8b-instant,legacy_entity_extraction
ent_treatment_5947f4c8a22d,تطويل العظم,Treatment,تطويل العظم,ahd5k_02487,chunk_00155,808258,answer,هناك طريقة روسية اخترعها الجراح الروسي لازاروف لتطويل العظم,0.850,llama-3.1-8b-instant,legacy_entity_extraction
ent_diseasecondition_743481d9d387,التصاق التوائم السيامي,DiseaseCondition,التصاق التوائم السيامي,ahd5k_02748,chunk_00155,786045,answer,التوائم السيامية تحدث بعد ان يتم التلقيح بحوالي ثمن ايام حيث تنقسم الجسم التوتي الى قسمين ولكن هذا النقسام لا يكون تاما فيحدث الالتصاق,0.850,llama-3.1-8b-instant,legacy_entity_extraction
ent_diseasecondition_16cf4e77b755,التهاب,DiseaseCondition,التهاب,ahd5k_02863,chunk_00156,805723,question,التهاب,0.850,llama-3.1-8b-instant,legacy_entity_extraction
ent_diseasecondition_16cf4e77b755,التهاب,DiseaseCondition,التهاب,ahd5k_02864,chunk_00156,808289,answer,التهاب,0.850,llama-3.1-8b-instant,legacy_entity_extraction
ent_diseasecondition_aaf0d0958a26,السرطان,DiseaseCondition,السرطان,ahd5k_03329,chunk_00156,785657,answer,السرطان,0.850,llama-3.1-8b-instant,legacy_entity_extraction
ent_diseasecondition_d99fb1a77d6c,الشيخوخة,DiseaseCondition,الشيخوخة,ahd5k_03329,chunk_00156,785657,answer,الشيخوخة,0.850,llama-3.1-8b-instant,legacy_entity_extraction
ent_diseasecondition_1420aadad936,الجنين,DiseaseCondition,الجنين,ahd5k_03455,chunk_00156,800199,question,الجنين,0.850,llama-3.1-8b-instant,legacy_entity_extraction
ent_test_0e8b0f13e650,الجنين,Test,الجنين,ahd5k_03455,chunk_00156,800199,question,الجنين,0.850,llama-3.1-8b-instant,legacy_entity_extraction
ent_treatment_f7646981eb0a,الجنين,Treatment,الجنين,ahd5k_03455,chunk_00156,800199,answer,الجنين,0.850,llama-3.1-8b-instant,legacy_entity_extraction
ent_diseasecondition_1420aadad936,الجنين,DiseaseCondition,الجنين,ahd5k_04815,chunk_00156,787753,answer,الجنين,0.850,llama-3.1-8b-instant,legacy_entity_extraction
ent_symptom_8dbc08affae1,الجنين,Symptom,الجنين,ahd5k_04815,chunk_00156,787753,answer,الجنين,0.850,llama-3.1-8b-instant,legacy_entity_extraction
ent_test_0e8b0f13e650,الجنين,Test,الجنين,ahd5k_04815,chunk_00156,787753,answer,الجنين,0.850,llama-3.1-8b-instant,legacy_entity_extraction
ent_treatment_f7646981eb0a,الجنين,Treatment,الجنين,ahd5k_04815,chunk_00156,787753,answer,الجنين,0.850,llama-3.1-8b-instant,legacy_entity_extraction
ent_diseasecondition_81ee665c48f1,Hashimoto,DiseaseCondition,غدة درقية (هاشيموتو),ahd5k_03394,chunk_00157,15485,question,غدة درقية (هاشيموتو),0.950,llama-3.1-8b-instant,legacy_entity_extraction
ent_diseasecondition_81ee665c48f1,Hashimoto,DiseaseCondition,هاشيموتو,ahd5k_03394,chunk_00157,15485,question,هاشيموتو,0.950,llama-3.1-8b-instant,legacy_entity_extraction
ent_test_891e6b99157e,الكلية,Test,الكلية,ahd5k_03394,chunk_00157,15485,question,الكلية,0.850,llama-3.1-8b-instant,legacy_entity_extraction
ent_test_891e6b99157e,الكلية,Test,الكلية,ahd5k_03394,chunk_00157,15485,answer,الكلية,0.850,llama-3.1-8b-instant,legacy_entity_extraction
ent_test_ca6f7fce3808,PTH,Test,PTH,ahd5k_03833,chunk_00157,629051,answer,PTH,0.950,llama-3.1-8b-instant,legacy_entity_extraction
ent_diseasecondition_16cf4e77b755,التهاب,DiseaseCondition,التهاب,ahd5k_02203,chunk_00158,531473,answer,تهابات الغدة الدرقية,0.950,llama-3.1-8b-instant,legacy_entity_extraction
ent_treatment_4e4b38e6ff32,كاربيمازول,Treatment,كاربيمازول,ahd5k_02203,chunk_00158,531473,question,كاربيمازول 5mg,0.850,llama-3.1-8b-instant,legacy_entity_extraction
ent_diseasecondition_16cf4e77b755,التهاب,DiseaseCondition,التهاب,ahd5k_03769,chunk_00158,384290,question,التهاب,0.950,llama-3.1-8b-instant,legacy_entity_extraction
ent_treatment_08325dd63292,ثيروكسين,Treatment,levothyrox25,ahd5k_03769,chunk_00158,384290,answer,levothyrox25 1/2cp,0.950,llama-3.1-8b-instant,legacy_entity_extraction
ent_diseasecondition_7abdd04c7114,الحمل,DiseaseCondition,الحمل,ahd5k_00048,chunk_00159,799207,answer,ان هرمون الثيروكسين (هرمون الغده الدرقيه) مهم لنمو الجنين العقلي والجسدي، لذلك فان نقص افراز هذا الهرمون الذي يكون نتيجه خمول بالغده الدرقيه قد يؤدي اذا لم تتم معالجته لمده طويله خلال الحمل وخاصه في الثلث الثاني والثالث من الحمل الى تشوهات خلقية وحالات التقزم,0.950,llama-3.1-8b-instant,legacy_entity_extraction
ent_diseasecondition_7abdd04c7114,الحمل,DiseaseCondition,الحمل,ahd5k_01754,chunk_00159,643194,answer,نعم يجب علاجها,0.950,llama-3.1-8b-instant,legacy_entity_extraction
ent_diseasecondition_21962ce71aec,نقص هرمونات,DiseaseCondition,نقص هرمونات,ahd5k_04611,chunk_00160,722968,answer,التقيم بحاجة الى اخذ تاريخ مرضي واضح ومن ثم الفحص السريري واخيرا عمل الفحوصات المخبرية والصورالشعاعية ومن ثم العلاج,0.950,llama-3.1-8b-instant,legacy_entity_extraction
ent_symptom_9510bd8242ac,انقطاع الطمث,Symptom,انقطاع الطمث,ahd5k_04611,chunk_00160,722968,question,اعاني من مشكلة انقطاع الطمث لمدة شهرين كل مرة اي غير منتظمة و عندما زرت اخصائي قال ان عندي مشكلة نقص هرمونات,0.900,llama-3.1-8b-instant,legacy_entity_extraction
ent_test_c4ec2e232baf,الفحوصات المخبرية,Test,الفحوصات المخبرية,ahd5k_04611,chunk_00160,722968,answer,التقيم بحاجة الى اخذ تاريخ مرضي واضح ومن ثم الفحص السريري واخيرا عمل الفحوصات المخبرية والصورالشعاعية ومن ثم العلاج,0.850,llama-3.1-8b-instant,legacy_entity_extraction
ent_treatment_ad98d6688d4a,التقيم,Treatment,التقيم,ahd5k_04611,chunk_00160,722968,answer,التقيم بحاجة الى اخذ تاريخ مرضي واضح ومن ثم الفحص السريري واخيرا عمل الفحوصات المخبرية والصورالشعاعية ومن ثم العلاج,0.800,llama-3.1-8b-instant,legacy_entity_extraction
ent_diseasecondition_d56405bafefa,تكيس المبايض,DiseaseCondition,تكيس المبايض,ahd5k_00772,chunk_00161,719773,answer,تكيس المبايض,0.950,llama-3.1-8b-instant,legacy_entity_extraction
ent_symptom_dbef79463d2f,سمنة,Symptom,سمنة,ahd5k_00772,chunk_00161,719773,question,سمنة,0.850,llama-3.1-8b-instant,legacy_entity_extraction
ent_test_dd68aa784555,تحاليل مخبرية,Test,تحاليل مخبرية,ahd5k_00772,chunk_00161,719773,answer,تحاليل مخبرية,0.950,llama-3.1-8b-instant,legacy_entity_extraction
ent_treatment_0faf4c6d9712,كليمين,Treatment,كليمين,ahd5k_00772,chunk_00161,719773,answer,كليمين,0.950,llama-3.1-8b-instant,legacy_entity_extraction
ent_treatment_3ca399102196,GLUCOVIG,Treatment,GLUCOVIG,ahd5k_00772,chunk_00161,719773,answer,GLUCOVIG,0.950,llama-3.1-8b-instant,legacy_entity_extraction
ent_treatment_f9afb64b4575,Euthyrox25,Treatment,Euthyrox25,ahd5k_00772,chunk_00161,719773,answer,Euthyrox25,0.950,llama-3.1-8b-instant,legacy_entity_extraction
ent_diseasecondition_09dfb160ec9a,مرض جريفز,DiseaseCondition,مرض جريفز,ahd5k_02200,chunk_00162,91240,answer,الإصابة بأحد اضطرابات المناعة الذاتية الوراثية مثل مرض جريفز,0.950,llama-3.1-8b-instant,legacy_entity_extraction
ent_diseasecondition_31c6f1e3a619,التهاب الغدة الدرقية,DiseaseCondition,التهاب الغدة الدرقية,ahd5k_02200,chunk_00162,91240,answer,الإصابة بحالة تسمى التهاب الغدة الدرقية,0.950,llama-3.1-8b-instant,legacy_entity_extraction
ent_diseasecondition_532f5db9617f,نشاط الغدة الدرقية,DiseaseCondition,نشاط الغدة الدرقية,ahd5k_02200,chunk_00162,91240,answer,يعاني العديد من الأشخاص من حالة صحية تسمى نشاط الغدة الدرقية,0.950,llama-3.1-8b-instant,legacy_entity_extraction
ent_diseasecondition_c123927b86ec,عقيدات الغدة الدرقية,DiseaseCondition,عقيدات الغدة الدرقية,ahd5k_02200,chunk_00162,91240,answer,الإصابة بحالة تسمى عقيدات الغدة الدرقية,0.950,llama-3.1-8b-instant,legacy_entity_extraction
ent_test_dd68aa784555,تحاليل مخبرية,Test,تحاليل مخبرية,ahd5k_02200,chunk_00162,91240,answer,يعاني العديد من الأشخاص من حالة صحية تسمى نشاط الغدة الدرقية حيث يحدث في هذه الحالة إفراز كمية كبيرة من هرمونات الغدة الدرقية وهما ثلاثي يودوثيرونين (T3) وهرمون ثيروكسين (T4).,0.950,llama-3.1-8b-instant,legacy_entity_extraction
ent_treatment_72992721d87a,جرعة,Treatment,جرعة,ahd5k_02200,chunk_00162,91240,answer,العمل على تناول جرعات كبيرة من هرمون الغدة الدرقية,0.950,llama-3.1-8b-instant,legacy_entity_extraction
ent_diseasecondition_5fea51591b68,نقص بحجم الثدي,DiseaseCondition,نقص بحجم الثدي الايمن,ahd5k_02702,chunk_00163,652152,question,نقص بحجم الثدي الايمن,0.850,llama-3.1-8b-instant,legacy_entity_extraction
ent_test_ce6fcb80c1fe,فحص سريري,Test,فحص سريري,ahd5k_02702,chunk_00163,652152,answer,فحص سريري,0.850,llama-3.1-8b-instant,legacy_entity_extraction
ent_treatment_57825f7a3418,مراجعة اخصائية النسائية,Treatment,مراجعة اخصائية النسائية,ahd5k_02702,chunk_00163,652152,answer,مراجعة اخصائية النسائية,0.850,llama-3.1-8b-instant,legacy_entity_extraction
ent_diseasecondition_9db0143f0c61,إسهال,DiseaseCondition,اسهال,ahd5k_03761,chunk_00164,82756,answer,اسهال,0.850,llama-3.1-8b-instant,legacy_entity_extraction
ent_test_dd68aa784555,تحاليل مخبرية,Test,تحليل مخبري,ahd5k_03761,chunk_00164,82756,answer,تحليل مخبري,0.850,llama-3.1-8b-instant,legacy_entity_extraction
ent_treatment_43dc015d2c81,euthyrox,Treatment,euthyrox,ahd5k_03761,chunk_00164,82756,answer,euthyrox,0.850,llama-3.1-8b-instant,legacy_entity_extraction
ent_symptom_018ebc11f6df,حمى,Symptom,حمى,ahd5k_03137,chunk_00165,764956,answer,زيادة في نشاط الدرق,0.850,llama-3.1-8b-instant,legacy_entity_extraction
ent_diseasecondition_16cf4e77b755,التهاب,DiseaseCondition,التهاب,ahd5k_00632,chunk_00166,53158,answer,يوجد كسل أولى بالغده الدرقيه ونحتاج للعلاج يجب زياره طبيب الغدد للفحص السريرى والاحتياج لاكمال باقى الفحوصات المعمليه وموجات صوتيه على الغده الدرقيه,0.850,llama-3.1-8b-instant,legacy_entity_extraction
ent_diseasecondition_7b4788cd854a,الغدة الدرقية,DiseaseCondition,الغده الدرقيه,ahd5k_00632,chunk_00166,53158,answer,يوجد كسل أولى بالغده الدرقيه ونحتاج للعلاج يجب زياره طبيب الغدد للفحص السريرى والاحتياج لاكمال باقى الفحوصات المعمليه وموجات صوتيه على الغده الدرقيه,0.850,llama-3.1-8b-instant,legacy_entity_extraction
ent_test_dd68aa784555,تحاليل مخبرية,Test,تحاليل,ahd5k_00632,chunk_00166,53158,answer,يوجد كسل أولى بالغده الدرقيه ونحتاج للعلاج يجب زياره طبيب الغدد للفحص السريرى والاحتياج لاكمال باقى الفحوصات المعمليه وموجات صوتيه على الغده الدرقيه,0.850,llama-3.1-8b-instant,legacy_entity_extraction
ent_diseasecondition_7b4788cd854a,الغدة الدرقية,DiseaseCondition,الغده الدرقيه,ahd5k_02980,chunk_00166,532577,answer,اذا كان ال TSH هو المقصود فهذه ممكن ان تكون بداية خمول ولكن عليكي اعادة التحليل للتأكد فإذا استمر ال tsh بالارتفاع فعليكب بدأ العلاج وتنظيم هرمون الغدة,0.850,llama-3.1-8b-instant,legacy_entity_extraction
ent_diseasecondition_7b4788cd854a,الغدة الدرقية,DiseaseCondition,الغده الدرقيه,ahd5k_02980,chunk_00166,532577,question,السلام عليكم أنا عملت تحليل للغدة الدرقيه قبل سنه وكانت النتائج ممتازه ولكن لما عملته بعد مرور سنه ظهر بالتحليل ان المعدل ٦ وقالت الدكتوره فيه ارتفاع في مستوى هرمون...,0.850,llama-3.1-8b-instant,legacy_entity_extraction
ent_diseasecondition_7b4788cd854a,الغدة الدرقية,DiseaseCondition,الغده الدرقيه,ahd5k_03465,chunk_00166,670602,answer,هناك زيادة نشاط بسيط جدا يدعى ماقبل السريري افضل اعادة الفحص والمتابعة مع اخصائي الغدد و مبدئيا ممكن اخذ علاج preponplol 10mg ثلاث مرات يوميا,0.850,llama-3.1-8b-instant,legacy_entity_extraction
ent_diseasecondition_7b4788cd854a,الغدة الدرقية,DiseaseCondition,الغده الدرقيه,ahd5k_03465,chunk_00166,670602,question,انا اعاني من جميع اعراض نشاط الغده الدرقيه واجريت تحليل وهذه النتائج TSH:0.32 ref range 0.35-5.5 freeT3:3 ref range 2.3-5.4 FreeT4:1.3 ref. Range 0.8-1.8 لذا هل ا عاني نشاط,0.850,llama-3.1-8b-instant,legacy_entity_extraction
ent_diseasecondition_385230d505f3,تهاب,DiseaseCondition,التحليل طبيعي . إذا كانت تأخد تيروكسين عليها أن تستمر بنفس الجرعة . وإذا لم تكن تأخذ فالغدة طبيعية ولاتحتاج لشيء,ahd5k_00372,chunk_00167,85574,answer,التحليل طبيعي,0.850,llama-3.1-8b-instant,legacy_entity_extraction
ent_treatment_72992721d87a,جرعة,Treatment,التحليل طبيعي . إذا كانت تأخد تيروكسين عليها أن تستمر بنفس الجرعة . وإذا لم تكن تأخذ فالغدة طبيعية ولاتحتاج لشيء,ahd5k_00372,chunk_00167,85574,answer,بنفس الجرعة,0.850,llama-3.1-8b-instant,legacy_entity_extraction
ent_diseasecondition_385230d505f3,تهاب,DiseaseCondition,عزيزتي غالباً عن استخدام هرمون الثايروكسين بالجرعة المطلوبة يتحسن النوم لدى الأغلبية ولذلك يجب التأكد ان الجرعة كافية عن طريق تحليل الدم لمستوى هرمون الغدة tsh والأمر الآخر يتطلب استقصاء الأسباب الاخرى لكثرة النوم او الخمول والكسل بشكل عام العضوية والنفسية,ahd5k_00791,chunk_00167,423676,answer,تهاب,0.850,llama-3.1-8b-instant,legacy_entity_extraction
ent_treatment_72992721d87a,جرعة,Treatment,عزيزتي غالباً عن استخدام هرمون الثايروكسين بالجرعة المطلوبة يتحسن النوم لدى الأغلبية ولذلك يجب التأكد ان الجرعة كافية عن طريق تحليل الدم لمستوى هرمون الغدة tsh والأمر الآخر يتطلب استقصاء الأسباب الاخرى لكثرة النوم او الخمول والكسل بشكل عام العضوية والنفسية,ahd5k_00791,chunk_00167,423676,answer,الجرعة المطلوبة,0.850,llama-3.1-8b-instant,legacy_entity_extraction
ent_diseasecondition_385230d505f3,تهاب,DiseaseCondition,عمري ٢٥سنة واعاني من نشاط زائد في الغده الدرقية وقمت بأخذ جرعه من اليود النووي المشع وعندي طفل عمره سنه فما المده الزمنيه المحدده اللتي سأتمكن بعدها,ahd5k_01491,chunk_00167,720295,question,تهاب,0.850,llama-3.1-8b-instant,legacy_entity_extraction
ent_treatment_72992721d87a,جرعة,Treatment,عمري ٢٥سنة واعاني من نشاط زائد في الغده الدرقية وقمت بأخذ جرعه من اليود النووي المشع وعندي طفل عمره سنه فما المده الزمنيه المحدده اللتي سأتمكن بعدها,ahd5k_01491,chunk_00167,720295,question,جرعه,0.850,llama-3.1-8b-instant,legacy_entity_extraction
ent_diseasecondition_385230d505f3,تهاب,DiseaseCondition,زدت جرعه الثيروكسبن من ٧٥ الى ١٠٠ وبعدها ب ٣ اسابيع احس بالم بالحلق مثل الاحتقان بس مو احتفان لي اسبوع كذا هل ارجع لجرعتي السابقه وماذا افعل,ahd5k_01750,chunk_00167,159290,question,تهاب,0.850,llama-3.1-8b-instant,legacy_entity_extraction
ent_treatment_72992721d87a,جرعة,Treatment,زدت جرعه الثيروكسبن من ٧٥ الى ١٠٠ وبعدها ب ٣ اسابيع احس بالم بالحلق مثل الاحتقان بس مو احتفان لي اسبوع كذا هل ارجع لجرعتي السابقه وماذا افعل,ahd5k_01750,chunk_00167,159290,question,جرعتي السابقه,0.850,llama-3.1-8b-instant,legacy_entity_extraction
ent_diseasecondition_385230d505f3,تهاب,DiseaseCondition,عندكسل غده واخذت علاج اثيروكس 25 رجعت بعدها وحللت الحمدلله نزلت ورجعت للمعدل الطبيعي بعدها بشهرين قاعده اشوفها وصلت 3:11 وبعد 4شهور وصلت3:92 هل هذايعني خلاص استمرعلى الحبوب؟,ahd5k_04258,chunk_00167,30925,question,تهاب,0.850,llama-3.1-8b-instant,legacy_entity_extraction
ent_treatment_72992721d87a,جرعة,Treatment,عندكسل غده واخذت علاج اثيروكس 25 رجعت بعدها وحللت الحمدلله نزلت ورجعت للمعدل الطبيعي بعدها بشهرين قاعده اشوفها وصلت 3:11 وبعد 4شهور وصلت3:92 هل هذايعني خلاص استمرعلى الحبوب؟,ahd5k_04258,chunk_00167,30925,question,استمرعلى الحبوب,0.850,llama-3.1-8b-instant,legacy_entity_extraction
ent_diseasecondition_16cf4e77b755,التهاب,DiseaseCondition,التهاب,ahd5k_00775,chunk_00168,410042,answer,التهاب,0.850,llama-3.1-8b-instant,legacy_entity_extraction
ent_diseasecondition_7abdd04c7114,الحمل,DiseaseCondition,الحمل,ahd5k_00775,chunk_00168,410042,question,الحمل,0.850,llama-3.1-8b-instant,legacy_entity_extraction
ent_test_dd68aa784555,تحاليل مخبرية,Test,تحليل مخبري,ahd5k_00775,chunk_00168,410042,answer,تحليل مخبري,0.850,llama-3.1-8b-instant,legacy_entity_extraction
ent_diseasecondition_22348d970227,مرض الغدة الدرقية,DiseaseCondition,مرض الغدة الدرقية,ahd5k_00035,chunk_00169,317450,question,مرض الغدة الدرقية يعني يخفض,0.950,llama-3.1-8b-instant,legacy_entity_extraction
ent_diseasecondition_22348d970227,مرض الغدة الدرقية,DiseaseCondition,مرض الغدة الدرقية,ahd5k_00035,chunk_00169,317450,answer,علاج الغدة,0.950,llama-3.1-8b-instant,legacy_entity_extraction
ent_test_234f794d532f,الهرمون,Test,الهرمون,ahd5k_00035,chunk_00169,317450,answer,مستوى الهرمون في الدم,0.850,llama-3.1-8b-instant,legacy_entity_extraction
ent_treatment_3fd682796ae8,التروكسين,Treatment,التروكسين,ahd5k_00035,chunk_00169,317450,question,اخذ التروكسين,0.900,llama-3.1-8b-instant,legacy_entity_extraction
ent_diseasecondition_16cf4e77b755,التهاب,DiseaseCondition,البلغم,ahd5k_02620,chunk_00170,712337,question,لم يزداد طول القامة عندي بسرعة كما في البلوغ حيث ظهرت علامات البلوغ ما عدا النمو السريع حيث بلغت في سن 13 وانا لان عمري 15 ولم تاتي سرعة في...,0.850,llama-3.1-8b-instant,legacy_entity_extraction
ent_diseasecondition_109e661e0028,تهاب الغدة الدرقية,DiseaseCondition,تهاب بالغدة الدرقيه,ahd5k_02685,chunk_00170,722214,question,تهاب بالغدة الدرقيه زياده نشاط علما بانه بعد وﻻدتي السابقه حدث معي كذلك وزال بدون علاج ولكن هذه المره اشعر بان النشاط زاد وارهقني,0.850,llama-3.1-8b-instant,legacy_entity_extraction
ent_diseasecondition_16cf4e77b755,التهاب,DiseaseCondition,التهاب,ahd5k_02685,chunk_00170,722214,question,تهاب بالغدة الدرقيه زياده نشاط علما بانه بعد وﻻدتي السابقه حدث معي كذلك وزال بدون علاج ولكن هذه المره اشعر بان النشاط زاد وارهقني,0.850,llama-3.1-8b-instant,legacy_entity_extraction
ent_diseasecondition_16cf4e77b755,التهاب,DiseaseCondition,الام اسفل الظهر,ahd5k_02971,chunk_00170,507400,question,عند الاستيقاظ في الصباح اشعر بالام اسفل الظهر منذ فترة طويلة ما السبب انا استخدم علاج الثايروكسين هل له تاثير,0.850,llama-3.1-8b-instant,legacy_entity_extraction
ent_diseasecondition_16cf4e77b755,التهاب,DiseaseCondition,التهاب,ahd5k_03154,chunk_00170,536341,question,طب الغدد السلام عليكم اريد معرفة الحجم الطبيعي للغدة الدرقية بالسنتمتر,0.850,llama-3.1-8b-instant,legacy_entity_extraction
ent_diseasecondition_16cf4e77b755,التهاب,DiseaseCondition,اعراض الغدة الدرقيه,ahd5k_03376,chunk_00170,597810,question,اعراض الغدة الدرقيه وعند اجراء التحليل وجد مايلي,0.850,llama-3.1-8b-instant,legacy_entity_extraction
ent_diseasecondition_16cf4e77b755,التهاب,DiseaseCondition,التهاب,ahd5k_03376,chunk_00170,597810,question,اعراض الغدة الدرقيه وعند اجراء التحليل وجد مايلي,0.850,llama-3.1-8b-instant,legacy_entity_extraction
ent_diseasecondition_16cf4e77b755,التهاب,DiseaseCondition,اعانى من تضخم فى حجم الثدى,ahd5k_03385,chunk_00170,784709,question,اعانى من تضخم فى حجم الثدى ...فهل يوجد علاقه بين قصر القضيب وتضخم حجم...,0.850,llama-3.1-8b-instant,legacy_entity_extraction
ent_diseasecondition_16cf4e77b755,التهاب,DiseaseCondition,تضخم فى حجم الثدى,ahd5k_03385,chunk_00170,784709,question,اعانى من تضخم فى حجم الثدى ...فهل يوجد علاقه بين قصر القضيب وتضخم حجم...,0.850,llama-3.1-8b-instant,legacy_entity_extraction
ent_diseasecondition_16cf4e77b755,التهاب,DiseaseCondition,الم في الرقبه,ahd5k_03431,chunk_00170,791283,question,الم في الرقبه ماهو سبب هل له علاقه بالعمليه,0.850,llama-3.1-8b-instant,legacy_entity_extraction
ent_diseasecondition_16cf4e77b755,التهاب,DiseaseCondition,الم,ahd5k_03431,chunk_00170,791283,question,الم في الرقبه ماهو سبب هل له علاقه بالعمليه,0.850,llama-3.1-8b-instant,legacy_entity_extraction
ent_diseasecondition_e70dbd4b1bf0,Hashimot,DiseaseCondition,Hashimot,ahd5k_03831,chunk_00171,442290,answer,لا يوجد تأثير ما دمتي تأخذي الدواء بانتظام,0.950,llama-3.1-8b-instant,legacy_entity_extraction
ent_treatment_21722b3a3cbc,Tiroxine,Treatment,Tiroxine,ahd5k_03831,chunk_00171,442290,question,أَنِّي أعاني من هاشيموتو في بعض الأحيان في رمضان أخذ الدواء قبل السحور ولا اكل شي بعده وأصوم طوال النهار,0.950,llama-3.1-8b-instant,legacy_entity_extraction
ent_treatment_4d680c503ac2,Radioactive Iodine,Treatment,جرعة يود مشع,ahd5k_03963,chunk_00171,494190,answer,هذا يدل ان اليود لا يفيدك. قد تحتاجي الى جراحة,0.950,llama-3.1-8b-instant,legacy_entity_extraction
ent_diseasecondition_85bdadb0e2a2,Hypothyroidism,DiseaseCondition,خمول الغدة الدرقية,ahd5k_04335,chunk_00171,337004,question,في موضوع خمول الغدة الدرقية ..هل عندما تعود الغدة الى وظيفتها الطبيعةبعد الخمول يعود الوزن كم كان قبل حدوث الخمول ؟,0.950,llama-3.1-8b-instant,legacy_entity_extraction
ent_treatment_7197c00f491c,Vitamin D,Treatment,فيتامين د,ahd5k_04342,chunk_00171,492275,answer,نعم. ممكن اخذ فيتامينات اخرى. لا مانع,0.950,llama-3.1-8b-instant,legacy_entity_extraction
ent_diseasecondition_8d0f4dc232cb,Growth Hormone,DiseaseCondition,growth hormone,ahd5k_04373,chunk_00171,285150,question,نصحونا نذهب لاخصائي غدد صماء لانو احتمال يكون نقص في growth hormone,0.950,llama-3.1-8b-instant,legacy_entity_extraction
ent_diseasecondition_250910ab0701,حساسية الصدر,DiseaseCondition,حساسية الصدر,ahd5k_04490,chunk_00172,654959,question,حساسية الصدر,0.850,llama-3.1-8b-instant,legacy_entity_extraction
ent_symptom_f4cf885a0447,سعال,Symptom,سعال,ahd5k_04490,chunk_00172,654959,question,سعال,0.850,llama-3.1-8b-instant,legacy_entity_extraction
ent_test_433492431144,تحليل الحساسية,Test,تحليل الحساسية,ahd5k_04490,chunk_00172,654959,answer,تحليل الحساسية,0.850,llama-3.1-8b-instant,legacy_entity_extraction
ent_treatment_90baddc0bf15,العلاج,Treatment,العلاج,ahd5k_04490,chunk_00172,654959,answer,العلاج,0.850,llama-3.1-8b-instant,legacy_entity_extraction
ent_symptom_38888a2188fe,القلق,Symptom,التوتر والارهاق والقلق,ahd5k_04953,chunk_00173,528105,answer,التوتر والارهاق والقلق,0.850,llama-3.1-8b-instant,legacy_entity_extraction
ent_symptom_3ab5bd868858,الارهاق,Symptom,التوتر والارهاق والقلق,ahd5k_04953,chunk_00173,528105,answer,التوتر والارهاق والقلق,0.850,llama-3.1-8b-instant,legacy_entity_extraction
ent_symptom_6e02a9cc4e27,التوتر,Symptom,التوتر والارهاق والقلق,ahd5k_04953,chunk_00173,528105,answer,التوتر والارهاق والقلق,0.850,llama-3.1-8b-instant,legacy_entity_extraction
ent_diseasecondition_0058b0001848,تضيق القنوات الموجودة داخل الكبد,DiseaseCondition,تضيق القنوات الموجودة داخل الكبد,ahd5k_00255,chunk_00174,460646,question,تضيق القنوات الموجودة داخل الكبد عند الاطفال,0.850,llama-3.1-8b-instant,legacy_entity_extraction
ent_treatment_07d0f0ae4c18,منظار قنوات مرارية الف سلامة,Treatment,عمل منظار قنوات مرارية الف سلامة,ahd5k_00255,chunk_00174,460646,answer,عمل منظار قنوات مرارية الف سلامة,0.850,llama-3.1-8b-instant,legacy_entity_extraction
ent_test_e25254260950,سونار بطن وحوض مع انريمات الكبد,Test,عمل سونار بطن وحوض مع انريمات الكبد,ahd5k_01312,chunk_00174,430732,answer,عمل سونار بطن وحوض مع انريمات الكبد,0.850,llama-3.1-8b-instant,legacy_entity_extraction
ent_diseasecondition_c0d08edb6394,تشمع الكبد,DiseaseCondition,تشمع الكبد,ahd5k_02213,chunk_00174,236748,answer,تشمع الكبد يؤثر على البول,0.850,llama-3.1-8b-instant,legacy_entity_extraction
ent_diseasecondition_56b595f8a1f5,فيروس الكبد الوبائي,DiseaseCondition,فيروس الكبد الوبائي,ahd5k_04633,chunk_00174,409102,answer,فيروس الكبد الوبائي بي,0.850,llama-3.1-8b-instant,legacy_entity_extraction
ent_diseasecondition_16cf4e77b755,التهاب,DiseaseCondition,التهاب,ahd5k_00072,chunk_00176,411608,answer,التهاب,0.850,llama-3.1-8b-instant,legacy_entity_extraction
ent_symptom_496829ff3f53,البراز,Symptom,البراز,ahd5k_00072,chunk_00176,411608,answer,البراز,0.850,llama-3.1-8b-instant,legacy_entity_extraction
ent_symptom_544114d1fc6b,الغازات,Symptom,الغازات,ahd5k_00072,chunk_00176,411608,question,الغازات,0.850,llama-3.1-8b-instant,legacy_entity_extraction
ent_diseasecondition_16cf4e77b755,التهاب,DiseaseCondition,التهاب,ahd5k_00032,chunk_00177,639402,answer,التهاب العضلات والتهاب الاضلاع واعتلال الغدد الليمفاوية,0.850,llama-3.1-8b-instant,legacy_entity_extraction
ent_diseasecondition_16cf4e77b755,التهاب,DiseaseCondition,التهاب,ahd5k_00480,chunk_00177,528475,answer,التهاب بالمجاري البولية,0.850,llama-3.1-8b-instant,legacy_entity_extraction
ent_test_dd68aa784555,تحاليل مخبرية,Test,تحاليل مخبرية,ahd5k_00480,chunk_00177,528475,answer,تحاليل مخبرية,0.850,llama-3.1-8b-instant,legacy_entity_extraction
ent_diseasecondition_16cf4e77b755,التهاب,DiseaseCondition,التهاب,ahd5k_01465,chunk_00177,596113,answer,التهاب مجرى البول,0.850,llama-3.1-8b-instant,legacy_entity_extraction
ent_diseasecondition_ca9304cd0dde,القولون العصبي,DiseaseCondition,القولون العصبي,ahd5k_01465,chunk_00177,596113,answer,القولون العصبي,0.850,llama-3.1-8b-instant,legacy_entity_extraction
ent_diseasecondition_16cf4e77b755,التهاب,DiseaseCondition,التهاب,ahd5k_02282,chunk_00177,559113,answer,التهاب بمجرى التنفس العلوي,0.850,llama-3.1-8b-instant,legacy_entity_extraction
ent_diseasecondition_16cf4e77b755,التهاب,DiseaseCondition,التهاب,ahd5k_03901,chunk_00177,225601,answer,التهابات,0.850,llama-3.1-8b-instant,legacy_entity_extraction
ent_diseasecondition_16cf4e77b755,التهاب,DiseaseCondition,التهاب,ahd5k_04112,chunk_00177,96343,answer,التهاب أعصاب,0.850,llama-3.1-8b-instant,legacy_entity_extraction
ent_diseasecondition_16cf4e77b755,التهاب,DiseaseCondition,التهاب,ahd5k_04262,chunk_00177,294776,answer,التهاب,0.850,llama-3.1-8b-instant,legacy_entity_extraction
ent_diseasecondition_16cf4e77b755,التهاب,DiseaseCondition,التهاب,ahd5k_04517,chunk_00177,444954,answer,التهاب المسالك البولية,0.850,llama-3.1-8b-instant,legacy_entity_extraction
ent_diseasecondition_ca9304cd0dde,القولون العصبي,DiseaseCondition,القولون العصبي,ahd5k_04517,chunk_00177,444954,answer,القولون العصبي,0.850,llama-3.1-8b-instant,legacy_entity_extraction
ent_diseasecondition_16cf4e77b755,التهاب,DiseaseCondition,التهاب,ahd5k_04728,chunk_00178,796682,answer,التهاب,0.950,llama-3.1-8b-instant,legacy_entity_extraction
ent_symptom_4c83b1bd25ea,المغص,Symptom,المغص,ahd5k_04728,chunk_00178,796682,answer,المغص,0.850,llama-3.1-8b-instant,legacy_entity_extraction
ent_diseasecondition_16cf4e77b755,التهاب,DiseaseCondition,التهاب,ahd5k_04916,chunk_00178,553582,answer,التهاب,0.950,llama-3.1-8b-instant,legacy_entity_extraction
ent_treatment_103a7b1accd7,الامتناع عن اعطاء أي أطعمة أو سوائل عن طريق الفم,Treatment,الامتناع عن اعطاء أي أطعمة أو سوائل عن طريق الفم,ahd5k_04916,chunk_00178,553582,answer,الامتناع عن اعطاء أي أطعمة أو سوائل عن طريق الفم,0.950,llama-3.1-8b-instant,legacy_entity_extraction
ent_treatment_543034bf73f8,استئصال المرارة,Treatment,استئصال المرارة,ahd5k_04916,chunk_00178,553582,answer,استئصال المرارة,0.950,llama-3.1-8b-instant,legacy_entity_extraction
ent_diseasecondition_16cf4e77b755,التهاب,DiseaseCondition,التهاب,ahd5k_04921,chunk_00178,558401,answer,التهاب,0.950,llama-3.1-8b-instant,legacy_entity_extraction
ent_symptom_cee2a1d85e2d,الوجع الشديد في الجنب اليمين,Symptom,الوجع الشديد في الجنب اليمين,ahd5k_04921,chunk_00178,558401,question,الوجع الشديد في الجنب اليمين,0.850,llama-3.1-8b-instant,legacy_entity_extraction
ent_diseasecondition_f3982f19c624,ارتياف دعب \u0627لديم,DiseaseCondition,ارتياف دعب ديم,ahd5k_03738,chunk_00179,770616,answer,الالم الدي الديم الديم الديم,0.850,llama-3.1-8b-instant,legacy_entity_extraction
ent_symptom_ad0da68fc73f,الالم,Symptom,الالم,ahd5k_03738,chunk_00179,770616,answer,الالم الدي الديم الديم الديم,0.850,llama-3.1-8b-instant,legacy_entity_extraction
ent_test_c087a4192739,الديم,Test,الديم,ahd5k_04751,chunk_00179,734419,answer,الديم الديم الديم الديم,0.850,llama-3.1-8b-instant,legacy_entity_extraction
ent_treatment_389c673b9b0c,الديم,Treatment,الديم,ahd5k_04751,chunk_00179,734419,answer,الديم الديم الديم الديم,0.850,llama-3.1-8b-instant,legacy_entity_extraction
ent_diseasecondition_16cf4e77b755,التهاب,DiseaseCondition,التهاب,ahd5k_00012,chunk_00180,766399,question,الحصى ومشاكل القولون,0.850,llama-3.1-8b-instant,legacy_entity_extraction
ent_diseasecondition_7f3c581aaa3e,ارتكاريا,DiseaseCondition,ارتكاريا,ahd5k_00012,chunk_00180,766399,question,الحصى ومشاكل القولون,0.850,llama-3.1-8b-instant,legacy_entity_extraction
ent_diseasecondition_ac6f7cbfb177,الحصى,DiseaseCondition,الحصى,ahd5k_00012,chunk_00180,766399,question,الحصى ومشاكل القولون,0.850,llama-3.1-8b-instant,legacy_entity_extraction
ent_diseasecondition_c294dde65052,نزلة معوية,DiseaseCondition,نزلة معوية,ahd5k_00012,chunk_00180,766399,question,الحصى ومشاكل القولون,0.850,llama-3.1-8b-instant,legacy_entity_extraction
ent_diseasecondition_ca9304cd0dde,القولون العصبي,DiseaseCondition,القولون العصبي,ahd5k_00012,chunk_00180,766399,question,القولون العصبي ولدي توسع بالكليتين بسبب وجود الحصى,0.950,llama-3.1-8b-instant,legacy_entity_extraction
ent_diseasecondition_017a6d080eff,القولون,DiseaseCondition,القولون,ahd5k_02411,chunk_00180,136621,answer,ووالدي كان شال ورم في القولون من 3 سنين تقريبا,0.950,llama-3.1-8b-instant,legacy_entity_extraction
ent_diseasecondition_ca9304cd0dde,القولون العصبي,DiseaseCondition,القولون,ahd5k_02411,chunk_00180,136621,answer,ووالدي كان شال ورم في القولون من 3 سنين تقريبا,0.950,llama-3.1-8b-instant,legacy_entity_extraction
ent_test_f65cef357cee,القولون,Test,القولون,ahd5k_02411,chunk_00180,136621,answer,ووالدي كان شال ورم في القولون من 3 سنين تقريبا,0.950,llama-3.1-8b-instant,legacy_entity_extraction
ent_diseasecondition_017a6d080eff,القولون,DiseaseCondition,القولون العصبى,ahd5k_02511,chunk_00180,553548,answer,سببه التوتر العصبى و علاجه علاج التوتر العصبى,0.950,llama-3.1-8b-instant,legacy_entity_extraction
ent_diseasecondition_ca9304cd0dde,القولون العصبي,DiseaseCondition,القولون العصبى,ahd5k_02511,chunk_00180,553548,answer,سببه التوتر العصبى و علاجه علاج التوتر العصبى,0.950,llama-3.1-8b-instant,legacy_entity_extraction
ent_symptom_f9f21f627264,القولون العصبى,Symptom,القولون العصبى,ahd5k_02511,chunk_00180,553548,answer,سببه التوتر العصبى و علاجه علاج التوتر العصبى,0.950,llama-3.1-8b-instant,legacy_entity_extraction
ent_diseasecondition_017a6d080eff,القولون,DiseaseCondition,القولون,ahd5k_02677,chunk_00180,460033,answer,من أجل تقرحات فى القولون او البواسير,0.950,llama-3.1-8b-instant,legacy_entity_extraction
ent_diseasecondition_ca9304cd0dde,القولون العصبي,DiseaseCondition,القولون,ahd5k_02677,chunk_00180,460033,answer,من أجل تقرحات فى القولون او البواسير,0.950,llama-3.1-8b-instant,legacy_entity_extraction
ent_diseasecondition_f9f02cdde82f,البواسير,DiseaseCondition,البواسير,ahd5k_02677,chunk_00180,460033,answer,تقرحات فى القولون او البواسير,0.950,llama-3.1-8b-instant,legacy_entity_extraction
ent_symptom_0f8f2716b4d6,القولون,Symptom,القولون,ahd5k_02677,chunk_00180,460033,answer,من أجل تقرحات فى القولون او البواسير,0.950,llama-3.1-8b-instant,legacy_entity_extraction
ent_diseasecondition_385230d505f3,تهاب,DiseaseCondition,تهاب,ahd5k_01567,chunk_00181,796269,answer,تهاب الاعصاب الطرفية,0.850,llama-3.1-8b-instant,legacy_entity_extraction
ent_diseasecondition_385230d505f3,تهاب,DiseaseCondition,التهاب,ahd5k_01567,chunk_00181,796269,answer,التهاب الاعصاب الطرفية,0.850,llama-3.1-8b-instant,legacy_entity_extraction
ent_symptom_018ebc11f6df,حمى,Symptom,حمى,ahd5k_01567,chunk_00181,796269,answer,حمى,0.850,llama-3.1-8b-instant,legacy_entity_extraction
ent_treatment_af4d4bb1722f,بلافكس,Treatment,البلافكس,ahd5k_02732,chunk_00181,739273,answer,ادوية القلب والضغط والاسبرين والبلافكس,0.850,llama-3.1-8b-instant,legacy_entity_extraction
ent_treatment_b333a867faf6,الأسبرين,Treatment,الاسبرين,ahd5k_02732,chunk_00181,739273,answer,ادوية القلب والضغط والاسبرين والبلافكس,0.850,llama-3.1-8b-instant,legacy_entity_extraction
ent_diseasecondition_9719230327a2,فقر الدم,DiseaseCondition,فقر الدم,ahd5k_00838,chunk_00182,424803,answer,نقص فيتامين (ب12) يسبب انيميا وتنميل,0.950,llama-3.1-8b-instant,legacy_entity_extraction
ent_symptom_d48190970b2d,تنميل,Symptom,تنميل,ahd5k_00838,chunk_00182,424803,answer,نقص فيتامين (ب12) يسبب انيميا وتنميل,0.950,llama-3.1-8b-instant,legacy_entity_extraction
ent_treatment_e80fab31a076,نقص فيتامين (ب12),Treatment,نقص فيتامين (ب12),ahd5k_00838,chunk_00182,424803,answer,نقص فيتامين (ب12) يسبب انيميا وتنميل,0.950,llama-3.1-8b-instant,legacy_entity_extraction
ent_diseasecondition_16cf4e77b755,التهاب,DiseaseCondition,التهاب,ahd5k_00505,chunk_00183,636735,answer,التحاليل المخبرية,0.850,llama-3.1-8b-instant,legacy_entity_extraction
ent_diseasecondition_16cf4e77b755,التهاب,DiseaseCondition,التهاب,ahd5k_00530,chunk_00183,543649,answer,الجراح الذى أجرى لك العملية,0.850,llama-3.1-8b-instant,legacy_entity_extraction
ent_diseasecondition_ca9304cd0dde,القولون العصبي,DiseaseCondition,القولون العصبي,ahd5k_02679,chunk_00183,645773,answer,القولون العصبي,0.850,llama-3.1-8b-instant,legacy_entity_extraction
ent_diseasecondition_86e897b1e25a,الملوية البوابية,DiseaseCondition,الملوية البوابية,ahd5k_03807,chunk_00183,446488,answer,الملوية البوابية,0.850,llama-3.1-8b-instant,legacy_entity_extraction
ent_diseasecondition_d13d516b4149,القرحة,DiseaseCondition,القرحة,ahd5k_03807,chunk_00183,446488,answer,القرحة,0.850,llama-3.1-8b-instant,legacy_entity_extraction
ent_treatment_1479a48d3d42,الدواء,Treatment,الدواء,ahd5k_03807,chunk_00183,446488,answer,مضادات حيويه نكسيوم و كلاريثرومايسين واموكسسلين,0.850,llama-3.1-8b-instant,legacy_entity_extraction
ent_test_4e95ccf90696,النسبة,Test,النسبة,ahd5k_04052,chunk_00183,578037,answer,النسبة 1\160,0.850,llama-3.1-8b-instant,legacy_entity_extraction
ent_treatment_477b80e9a19a,السيبروكسين,Treatment,السيبروكسين,ahd5k_04052,chunk_00183,578037,answer,السيبروكسين,0.850,llama-3.1-8b-instant,legacy_entity_extraction
ent_diseasecondition_d56405bafefa,تكيس المبايض,DiseaseCondition,تكيس المبايض,ahd5k_04832,chunk_00184,782148,answer,تكيس المبايض، هوعباره عن وجود اكثر من 10-12 بويضة بحجم 8-10 ملم منتشرة في محيط المبيض,0.950,llama-3.1-8b-instant,legacy_entity_extraction
ent_diseasecondition_02f1ee13cca6,قولون عصبي,DiseaseCondition,قولون العصبي,ahd5k_01998,chunk_00185,406064,answer,يبدو القولون العصبي,0.900,llama-3.1-8b-instant,legacy_entity_extraction
ent_diseasecondition_deb4b94517cc,إمساك,DiseaseCondition,قرقعة البطن,ahd5k_01998,chunk_00185,406064,question,ما علاج قرقعة البطن مع انني لا اشرب الحليب ولا مشروبات غازيه ولا اكل بسرعه ولا اتوتر .,0.950,llama-3.1-8b-instant,legacy_entity_extraction
ent_diseasecondition_deb4b94517cc,إمساك,DiseaseCondition,امساك,ahd5k_01998,chunk_00185,406064,answer,مفيد اكل الخضار والفاكهة و الدواء عند اللزوم,0.950,llama-3.1-8b-instant,legacy_entity_extraction
ent_diseasecondition_deb4b94517cc,إمساك,DiseaseCondition,امساك,ahd5k_04017,chunk_00185,535859,question,اعاني من امساك شديد دائما وذالك يسبب في تضخم الطحال عندي,0.950,llama-3.1-8b-instant,legacy_entity_extraction
ent_diseasecondition_017a6d080eff,القولون,DiseaseCondition,قولون,ahd5k_04323,chunk_00185,527406,question,اعصاب البطن والقولون,0.800,llama-3.1-8b-instant,legacy_entity_extraction
ent_diseasecondition_017a6d080eff,القولون,DiseaseCondition,قولون,ahd5k_04323,chunk_00185,527406,answer,اعصاب البطن والقولون--المفيد اكل الخضار والفاكهة و الدواء عند اللزوم,0.800,llama-3.1-8b-instant,legacy_entity_extraction
ent_diseasecondition_ca9304cd0dde,القولون العصبي,DiseaseCondition,قولون العصبي,ahd5k_04323,chunk_00185,527406,answer,اعصاب البطن والقولون--المفيد اكل الخضار والفاكهة و الدواء عند اللزوم,0.900,llama-3.1-8b-instant,legacy_entity_extraction
ent_diseasecondition_deb4b94517cc,إمساك,DiseaseCondition,امساك,ahd5k_04323,chunk_00185,527406,question,دائما القولون به انتفاخات ودائما امساك وتزداد هذة الاعراض مع التوتر,0.950,llama-3.1-8b-instant,legacy_entity_extraction
ent_symptom_ca6890d2fa81,غثيان,Symptom,غثيان,ahd5k_04926,chunk_00186,496819,question,غثيان,0.950,llama-3.1-8b-instant,legacy_entity_extraction
ent_test_f405aec80933,CBC التحليل الكامل للدم,Test,CBC التحليل الكامل للدم,ahd5k_04926,chunk_00186,496819,answer,CBC التحليل الكامل للدم,0.950,llama-3.1-8b-instant,legacy_entity_extraction
ent_diseasecondition_02f1ee13cca6,قولون عصبي,DiseaseCondition,قولون عصبي,ahd5k_02673,chunk_00187,436181,answer,القولون العصبي,0.950,llama-3.1-8b-instant,legacy_entity_extraction
ent_diseasecondition_66e69e23fa2d,عسر الهضم,DiseaseCondition,عسر الهضم,ahd5k_02673,chunk_00187,436181,answer,عسر الهضم الذي له اسباب كثيرة,0.950,llama-3.1-8b-instant,legacy_entity_extraction
ent_test_6f946fa998e8,اشعة تلفزيونية,Test,اشعة تلفزيونية,ahd5k_02673,chunk_00187,436181,answer,عمل اشعة تلفزيونية,0.950,llama-3.1-8b-instant,legacy_entity_extraction
ent_test_c0d07b06fcff,صورة دم,Test,صورة دم,ahd5k_02673,chunk_00187,436181,answer,صورة دم,0.950,llama-3.1-8b-instant,legacy_entity_extraction
ent_test_cee0f03fdc31,تحليل براز,Test,تحليل براز,ahd5k_02673,chunk_00187,436181,answer,تحليل براز,0.950,llama-3.1-8b-instant,legacy_entity_extraction
ent_treatment_85b33c000a00,دكتور جهاز هضمي,Treatment,دكتور جهاز هضمي,ahd5k_02673,chunk_00187,436181,answer,استشارة دكتور جهاز هضمي,0.950,llama-3.1-8b-instant,legacy_entity_extraction
ent_diseasecondition_385230d505f3,تهاب,DiseaseCondition,تهاب,ahd5k_00369,chunk_00188,437753,answer,فضفاضه جدا و هناك فحوصات كثيره للمناعه,0.850,llama-3.1-8b-instant,legacy_entity_extraction
ent_test_c4cfd2d6468c,أشعة,Test,أشعة,ahd5k_01220,chunk_00188,490162,answer,ماهي تحاليل وظائف الكبد وصوره الدم ونتيجه الاشعه التليفزيونيه,0.850,llama-3.1-8b-instant,legacy_entity_extraction
ent_test_dd68aa784555,تحاليل مخبرية,Test,تحاليل مخبرية,ahd5k_01220,chunk_00188,490162,answer,ماهي تحاليل وظائف الكبد وصوره الدم ونتيجه الاشعه التليفزيونيه,0.850,llama-3.1-8b-instant,legacy_entity_extraction
ent_symptom_1a7b2eae066b,حموضة,Symptom,حموضة,ahd5k_01518,chunk_00188,170275,question,حموضة في فمي,0.850,llama-3.1-8b-instant,legacy_entity_extraction
ent_diseasecondition_3af83594d14c,تيفود,DiseaseCondition,تيفود,ahd5k_03524,chunk_00188,547417,question,اصبت بالتيفود,0.850,llama-3.1-8b-instant,legacy_entity_extraction
ent_treatment_c2daec36c810,بكتيفلوكس,Treatment,بكتيفلوكس,ahd5k_03524,chunk_00188,547417,answer,بكتيفلوكس 500 مرتين يوميا لمدة عشر ايام,0.850,llama-3.1-8b-instant,legacy_entity_extraction
ent_diseasecondition_01ba795ec738,الرئتين,DiseaseCondition,الرءتين,ahd5k_04904,chunk_00189,554173,answer,صورة النين المغناطيسى على منطقة الصدر ممكن ان تكشق عن اشياء كثيره داخل القفص مثل الرءتين و القاب وغيره,0.950,llama-3.1-8b-instant,legacy_entity_extraction
ent_diseasecondition_8fec9e9307d6,القفص الصدري,DiseaseCondition,القفص الصدري,ahd5k_04904,chunk_00189,554173,question,ماذا يفيد تصوير الرنين المغناطيسي على منطقة الصدر وهل يمكن الكشف عن امراض في القفص الصدري والاضلاع!؟,0.950,llama-3.1-8b-instant,legacy_entity_extraction
ent_test_ccfa39d8952e,تصوير بالرنين المغناطيسي,Test,تصوير الرنين المغناطيسى على منطقة الصدر,ahd5k_04904,chunk_00189,554173,answer,صورة النين المغناطيسى على منطقة الصدر ممكن ان تكشق عن اشياء كثيره داخل القفص مثل الرءتين و القاب وغيره,0.950,llama-3.1-8b-instant,legacy_entity_extraction
ent_diseasecondition_1f4ad1fc407f,ملاريا,DiseaseCondition,ملاريا,ahd5k_00916,chunk_00190,510450,question,اعملى فحص دم للملاريا مره ثانيه,0.850,llama-3.1-8b-instant,legacy_entity_extraction
ent_symptom_94e1fb05bddc,فقدان الشهية والرغبة في الاستفراغ,Symptom,فقدان الشهية والرغبة في الاستفراغ,ahd5k_00916,chunk_00190,510450,question,اعملى فحص دم للملاريا مره ثانيه,0.850,llama-3.1-8b-instant,legacy_entity_extraction
ent_test_6cc18337a180,فحص دم للملاريا,Test,فحص دم للملاريا,ahd5k_00916,chunk_00190,510450,answer,اعملى فحص دم للملاريا مره ثانيه,0.850,llama-3.1-8b-instant,legacy_entity_extraction
ent_treatment_842e12e5a9df,فاندسيدار,Treatment,فاندسيدار,ahd5k_00916,chunk_00190,510450,question,اخذت علاج(fandsidar),0.850,llama-3.1-8b-instant,legacy_entity_extraction
ent_diseasecondition_780d3bf613f5,قرحة,DiseaseCondition,قرحة,ahd5k_01066,chunk_00190,494860,question,مامتي جدا تعبانه من القرحة,0.850,llama-3.1-8b-instant,legacy_entity_extraction
ent_diseasecondition_780d3bf613f5,قرحة,DiseaseCondition,قرحة,ahd5k_01066,chunk_00190,494860,answer,هل افهم من سؤالك ان والدتك عندها قرحه,0.850,llama-3.1-8b-instant,legacy_entity_extraction
ent_treatment_90996a0e2d01,ايزومبرازول,Treatment,ايزومبرازول,ahd5k_01066,chunk_00190,494860,answer,ممكن تجرب دواء اسمه ايزومبرازول,0.850,llama-3.1-8b-instant,legacy_entity_extraction
ent_diseasecondition_517952691aa3,تخم البروستاتا الحميد,DiseaseCondition,تخم البروستاتا الحميد,ahd5k_04948,chunk_00190,463054,question,عيانى من تخم البروستاتا الحميد,0.850,llama-3.1-8b-instant,legacy_entity_extraction
ent_treatment_f53e37e03bcf,دواء اخر,Treatment,دواء اخر,ahd5k_04948,chunk_00190,463054,answer,راجع الطبيب لإضافة دواء اخر للمعدة,0.850,llama-3.1-8b-instant,legacy_entity_extraction
ent_diseasecondition_2f75d3dabe0b,حساسية,DiseaseCondition,حساسية,ahd5k_00695,chunk_00191,175138,question,أبر الحديد,0.850,llama-3.1-8b-instant,legacy_entity_extraction
ent_diseasecondition_385230d505f3,تهاب,DiseaseCondition,تهاب,ahd5k_00714,chunk_00191,366829,answer,التشخيص التفريقي للموضوع واسع,0.850,llama-3.1-8b-instant,legacy_entity_extraction
ent_test_ce6fcb80c1fe,فحص سريري,Test,فحص سريري,ahd5k_00714,chunk_00191,366829,answer,التشخيص التفريقي للموضوع واسع,0.850,llama-3.1-8b-instant,legacy_entity_extraction
ent_diseasecondition_16cf4e77b755,التهاب,DiseaseCondition,التهاب,ahd5k_03544,chunk_00192,540867,answer,التحاليل اليومية,0.950,llama-3.1-8b-instant,legacy_entity_extraction
ent_symptom_f4cf885a0447,سعال,Symptom,سعال,ahd5k_03544,chunk_00192,540867,answer,التحاليل اليومية,0.850,llama-3.1-8b-instant,legacy_entity_extraction
ent_test_dd68aa784555,تحاليل مخبرية,Test,تحاليل مخبرية,ahd5k_03544,chunk_00192,540867,answer,التحاليل اليومية,0.950,llama-3.1-8b-instant,legacy_entity_extraction
ent_diseasecondition_78b578d6c9c9,توقف القلب,DiseaseCondition,توقف القلب,ahd5k_00235,chunk_00193,765015,question,توقف القلب,0.850,llama-3.1-8b-instant,legacy_entity_extraction
ent_diseasecondition_78b578d6c9c9,توقف القلب,DiseaseCondition,توقف القلب,ahd5k_00235,chunk_00193,765015,answer,توقف القلب,0.850,llama-3.1-8b-instant,legacy_entity_extraction
ent_treatment_57dc56a67c59,تدليك القلب,Treatment,تدليك القلب,ahd5k_00235,chunk_00193,765015,answer,تدليك القلب,0.850,llama-3.1-8b-instant,legacy_entity_extraction
ent_treatment_fb3321acf9db,الصدمة الكهربائية,Treatment,الصدمة الكهربائية,ahd5k_00235,chunk_00193,765015,answer,الصدمة الكهربائية,0.850,llama-3.1-8b-instant,legacy_entity_extraction
ent_treatment_cd8907496d4c,الانعاش القلبي الرئوي,Treatment,الانعاش القلبي الرئوي,ahd5k_03232,chunk_00193,477109,answer,الانعاش القلبي الرئوي,0.850,llama-3.1-8b-instant,legacy_entity_extraction
ent_treatment_546f9d2d4ff7,الماء المالح,Treatment,الماء المالح,ahd5k_04623,chunk_00194,400326,answer,الماء المالح,0.850,llama-3.1-8b-instant,legacy_entity_extraction
ent_treatment_5ceca1d872a8,حبه امادول,Treatment,حبه امادول,ahd5k_04623,chunk_00194,400326,question,حبه امادول,0.850,llama-3.1-8b-instant,legacy_entity_extraction
ent_diseasecondition_2f75d3dabe0b,حساسية,DiseaseCondition,حساسية,ahd5k_03762,chunk_00195,421283,answer,اعراض الحساسية,0.950,llama-3.1-8b-instant,legacy_entity_extraction
ent_treatment_43526f78a371,مضاد حيوي,Treatment,مضاد حيوي,ahd5k_04431,chunk_00195,637222,answer,مرهم مضاد حيوي,0.850,llama-3.1-8b-instant,legacy_entity_extraction
ent_diseasecondition_db17a406c72e,ارتفاع ضغط الدم,DiseaseCondition,ارتفاع ضغط الدم,ahd5k_00065,chunk_00196,784566,answer,"الأولفين هو نفس الدواء فولتارين , فالاثنان يحتووا على نفس المادة الفعالة ديكلوفيناك , ولكن الاسم التجاري مختلف , ولهم نفس الأعراض الجانبية .",0.850,llama-3.1-8b-instant,legacy_entity_extraction
ent_symptom_b754f1a1e5a8,صداع,Symptom,صداع,ahd5k_00065,chunk_00196,784566,question,هل عقار اولفين المسكن له اثار جانبية مثل الفولتارين حيث اني مصاب بالصداع الشقيقه واحتاج مسكن قوي وشكرا,0.850,llama-3.1-8b-instant,legacy_entity_extraction
ent_test_433492431144,تحليل الحساسية,Test,تحليل الحساسية,ahd5k_00065,chunk_00196,784566,answer,"الأولفين هو نفس الدواء فولتارين , فالاثنان يحتووا على نفس المادة الفعالة ديكلوفيناك , ولكن الاسم التجاري مختلف , ولهم نفس الأعراض الجانبية .",0.850,llama-3.1-8b-instant,legacy_entity_extraction
ent_diseasecondition_db17a406c72e,ارتفاع ضغط الدم,DiseaseCondition,ارتفاع ضغط الدم,ahd5k_03242,chunk_00196,238032,answer,قد يعطى لك المهدئات لتقلصات العضلات والعقاقير من خلال الوريد (عن طريق الوريد) لعلاج ارتفاع ضغط الدم والإثارة والألم.,0.850,llama-3.1-8b-instant,legacy_entity_extraction
ent_treatment_a0a8ee46502f,العقاقير,Treatment,العقاقير,ahd5k_03242,chunk_00196,238032,answer,قد يعطى لك المهدئات لتقلصات العضلات والعقاقير من خلال الوريد (عن طريق الوريد) لعلاج ارتفاع ضغط الدم والإثارة والألم.,0.850,llama-3.1-8b-instant,legacy_entity_extraction
ent_symptom_1113453f7a36,فقدان الوعي,Symptom,فقدان الوعي,ahd5k_00992,chunk_00197,608792,answer,فقدان الوعي لمريض السكري,0.950,llama-3.1-8b-instant,legacy_entity_extraction
ent_treatment_b9702eae5c6a,عسل,Treatment,عسل,ahd5k_00992,chunk_00197,608792,answer,يجب عليك اعطاء المصاب عسل تحت لسانه,0.950,llama-3.1-8b-instant,legacy_entity_extraction
ent_diseasecondition_21009b0da809,حمى عضة الجرذون,DiseaseCondition,حمى عضة الجرذون,ahd5k_01255,chunk_00198,803073,answer,حمى عضة الجرذ ، وحمى عضة الفأر,0.950,llama-3.1-8b-instant,legacy_entity_extraction
ent_diseasecondition_6ac8dc82e106,حمى عضة الفأر,DiseaseCondition,حمى عضة الفأر,ahd5k_01255,chunk_00198,803073,answer,حمى عضة الجرذ ، وحمى عضة الفأر,0.950,llama-3.1-8b-instant,legacy_entity_extraction
ent_diseasecondition_c089d34028d0,حمى عضة الجرذ,DiseaseCondition,حمى عضة الجرذ,ahd5k_01255,chunk_00198,803073,answer,حمى عضة الجرذ ، وحمى عضة الفأر,0.950,llama-3.1-8b-instant,legacy_entity_extraction
ent_symptom_018ebc11f6df,حمى,Symptom,حمى,ahd5k_01255,chunk_00198,803073,answer,حمى عضة الجرذ ، وحمى عضة الفأر,0.950,llama-3.1-8b-instant,legacy_entity_extraction
ent_symptom_320d3e905b16,أوجاع العضلات,Symptom,أوجاع العضلات,ahd5k_01255,chunk_00198,803073,answer,أوجاع العضلات,0.950,llama-3.1-8b-instant,legacy_entity_extraction
ent_symptom_976231d5f27b,أوجاع المفاصل,Symptom,أوجاع المفاصل,ahd5k_01255,chunk_00198,803073,answer,أوجاع المفاصل,0.950,llama-3.1-8b-instant,legacy_entity_extraction
ent_symptom_a3c00de774da,ارتجاف,Symptom,ارتجاف,ahd5k_01255,chunk_00198,803073,answer,ارتجاف,0.950,llama-3.1-8b-instant,legacy_entity_extraction
ent_treatment_46930d71ed57,بنسيلين,Treatment,البنسيلين,ahd5k_01255,chunk_00198,803073,answer,البنسيلين,0.950,llama-3.1-8b-instant,legacy_entity_extraction
ent_treatment_6d11b359c485,المضادات الحيوية,Treatment,المضادات الحيوية,ahd5k_01255,chunk_00198,803073,answer,المضادات الحيوية,0.950,llama-3.1-8b-instant,legacy_entity_extraction
ent_treatment_790302b0b1e6,سيبروفلوكساسين,Treatment,السيبروفلوكساسين,ahd5k_01255,chunk_00198,803073,answer,السيبروفلوكساسين,0.950,llama-3.1-8b-instant,legacy_entity_extraction
ent_treatment_19641abdb8c6,المطاعيم,Treatment,المطاعيم,ahd5k_02528,chunk_00198,557410,answer,المطاعيم,0.950,llama-3.1-8b-instant,legacy_entity_extraction
ent_treatment_621e99ad2c91,الاقاحات المضادة,Treatment,الاقاحات المضادة,ahd5k_02528,chunk_00198,557410,answer,الاقاحات المضادة,0.950,llama-3.1-8b-instant,legacy_entity_extraction
ent_symptom_018ebc11f6df,حمى,Symptom,ضربة الشمس,ahd5k_04919,chunk_00199,596603,answer,العلاج الأولي: ينقل المصاب إلى منطقة مظللة بعيداً عن الشمس.,0.850,llama-3.1-8b-instant,legacy_entity_extraction
ent_treatment_328b48423699,الماء,Treatment,الماء,ahd5k_04919,chunk_00199,596603,answer,يرش الجسم بالماء الفاتر أو ذو حرارة باردة نسبياً 'أبرد من جسد المصاب'.,0.850,llama-3.1-8b-instant,legacy_entity_extraction
ent_treatment_b7e7fb09dd09,السوائل,Treatment,السوائل,ahd5k_04919,chunk_00199,596603,answer,إعطاء المصاب السوائل اللازمة ويفضل أن تكون باردة.,0.850,llama-3.1-8b-instant,legacy_entity_extraction
ent_treatment_e77b8748ec09,ثلج,Treatment,ثلج,ahd5k_04919,chunk_00199,596603,answer,"توضع مكعبات ثلجية حول منطقة الرقبة ومنطقة ما تحت الإبط,",0.850,llama-3.1-8b-instant,legacy_entity_extraction
ent_diseasecondition_1730144a5e89,شظايا القنابل الصغيرة الانشطارية,DiseaseCondition,شظايا القنابل الصغيرة الانشطارية,ahd5k_01290,chunk_00200,785063,question,كيف تتم ازالة شظايا القنابل الصغيرة الانشطارية في المنزل,0.950,llama-3.1-8b-instant,legacy_entity_extraction
ent_test_c4cfd2d6468c,أشعة,Test,تصوير بالأشعة,ahd5k_01290,chunk_00200,785063,answer,عمل تصوير بالأشعة لتحديد مكان الشظايا ونوعها,0.950,llama-3.1-8b-instant,legacy_entity_extraction
ent_diseasecondition_16a389cfd1bd,دبوس,DiseaseCondition,دبوس,ahd5k_01295,chunk_00200,492516,question,انا ابتلعت دبوس امس,0.950,llama-3.1-8b-instant,legacy_entity_extraction
ent_test_c4cfd2d6468c,أشعة,Test,أشعة,ahd5k_01295,chunk_00200,492516,answer,أشعة لمعرفة ممان الدبوس والتأكد من وجوده,0.950,llama-3.1-8b-instant,legacy_entity_extraction
ent_diseasecondition_4c4500ee0d57,ارتجاج دماغي,DiseaseCondition,ارتجاج دماغي,ahd5k_02003,chunk_00200,793160,answer,التأكد من عدم إصابتها بارتجاج دماغي,0.950,llama-3.1-8b-instant,legacy_entity_extraction
ent_diseasecondition_e7ca942c5236,نزيف بسيط,DiseaseCondition,نزيف بسيط,ahd5k_02003,chunk_00200,793160,answer,التعامل مع الورم خلف الأذن الذي قد يكون نزيفاً بسيطاً,0.950,llama-3.1-8b-instant,legacy_entity_extraction
ent_test_c4cfd2d6468c,أشعة,Test,صورة أشعة,ahd5k_02003,chunk_00200,793160,answer,عمل صورة أشعة للرأس,0.950,llama-3.1-8b-instant,legacy_entity_extraction
ent_diseasecondition_7abdd04c7114,الحمل,DiseaseCondition,الحمل,ahd5k_00453,chunk_00201,794813,question,ماهي افضل طريقه للحمل عندي بنت عمره 5 سنوات والان صار لي سنه وسته اشهر ابغي احمل وماحملت,0.950,llama-3.1-8b-instant,legacy_entity_extraction
ent_test_c4cfd2d6468c,أشعة,Test,أشعة,ahd5k_00453,chunk_00201,794813,answer,اشعة بالصبغة للرحم والقنوات ( الأنابيب ),0.950,llama-3.1-8b-instant,legacy_entity_extraction
ent_test_dd68aa784555,تحاليل مخبرية,Test,تحليل مخبري,ahd5k_00453,chunk_00201,794813,answer,عمل تحليل للهرمونات الخاصة بذلك وسوف يحتاج زوجك الى عمل تحليل للسائل المنوي,0.950,llama-3.1-8b-instant,legacy_entity_extraction
ent_diseasecondition_e6fe2d341b4c,السم,DiseaseCondition,الدغه العقرب,ahd5k_03290,chunk_00202,533191,question,منذ اقل من اسبوع تعرضت للدغه العقرب,0.950,llama-3.1-8b-instant,legacy_entity_extraction
ent_diseasecondition_e6fe2d341b4c,السم,DiseaseCondition,السم,ahd5k_03290,chunk_00202,533191,answer,اذا انت الان طبيعية فالخطر زال,0.950,llama-3.1-8b-instant,legacy_entity_extraction
ent_treatment_c0535c998148,الضغط,Treatment,الضغط,ahd5k_03290,chunk_00202,533191,question,صباع يدي اليسره وقمت بالضغط,0.850,llama-3.1-8b-instant,legacy_entity_extraction
ent_diseasecondition_385230d505f3,تهاب,DiseaseCondition,تهاب,ahd5k_00118,chunk_00203,532717,answer,حسب الاعراض السريرية اذا كانت خفيفة يكتفى ب مضلدات التحسس و التعقيم مكان اللدغة اما اذا كانت الاعراض شديدة فيحتاج لتسريب المصل المضاد لسم الافعى انتي فينوم,0.850,llama-3.1-8b-instant,legacy_entity_extraction
ent_diseasecondition_385230d505f3,تهاب,DiseaseCondition,تهاب,ahd5k_00164,chunk_00203,783925,answer,الحاله تحتاج الى متابعه حثيثه عند اختصاصي قدير وبالجراحه والتنظيف المستمر والعلاجات يجب ان تتوقف المشكله,0.850,llama-3.1-8b-instant,legacy_entity_extraction
ent_diseasecondition_385230d505f3,تهاب,DiseaseCondition,تهاب,ahd5k_00280,chunk_00203,431971,answer,التوجه لأقرب طوارئ فوراً,0.850,llama-3.1-8b-instant,legacy_entity_extraction
ent_diseasecondition_385230d505f3,تهاب,DiseaseCondition,تهاب,ahd5k_00338,chunk_00203,534512,answer,ان الصدمات موضوعها طويل ومعقد بعض الشئ فلذلك سأكتفي بذكر أنواع الصدمات وهي: hypovolimic shock neurogenic shock cardiogenic shock anaphelactic shock,0.850,llama-3.1-8b-instant,legacy_entity_extraction
ent_diseasecondition_385230d505f3,تهاب,DiseaseCondition,تهاب,ahd5k_00478,chunk_00203,610672,answer,عليه مراجعة المشفى فورا واجراء صورة صدر خلفية امامية لنفي وجود ريح صدرية,0.850,llama-3.1-8b-instant,legacy_entity_extraction
ent_diseasecondition_385230d505f3,تهاب,DiseaseCondition,تهاب,ahd5k_00831,chunk_00203,798240,answer,يحافظ الجسم على وضعيته الطبيعية وتوازنه من خلال تعاون عدة اجهزة اهمها حاسة الرؤيا ووظيفة الاذن الداخلية والحس العميق والمنعكسات، فالجسم يقوم بردة فعل تجاه المؤثرات الخارجية من اجل الحفاظ على وضعية مناسبة فمثلا اذا تعرض لضربة فانه يتحرك للتصدي لها بشكل تلقائي وذلك من اجل الحفاظ على وضعيته وتوازنه فهذه هي منعكسات تلقائية عفوية للحفاظ على النمط السوي للوضعية,0.850,llama-3.1-8b-instant,legacy_entity_extraction
ent_diseasecondition_16cf4e77b755,التهاب,DiseaseCondition,التهاب,ahd5k_00900,chunk_00204,536574,answer,يظهر اثر الغاز مباشرة، فاذا لم يكن هناك اي اثار للاختناق فلا داعي للخوف.,0.850,llama-3.1-8b-instant,legacy_entity_extraction
ent_symptom_23da4c61fd5e,النزيف,Symptom,النزيف,ahd5k_01279,chunk_00204,568290,question,النزيف المخ أو علامات الجلطة,0.850,llama-3.1-8b-instant,legacy_entity_extraction
ent_treatment_2937e440fdcf,فغر الرغامى,Treatment,فغر الرغامى,ahd5k_01531,chunk_00204,804035,answer,فغر الرغامى عملية جراحية تستخدم لفتح ممر تنفسي عند انغلاق المجاري التنفسية العليا، لأي سبب كان.,0.850,llama-3.1-8b-instant,legacy_entity_extraction
ent_treatment_ec4ebb2809d5,الانعاش القلبي,Treatment,الانعاش القلبي,ahd5k_01535,chunk_00204,364856,answer,الانعاش القلبي يحتاج تمرس وتدريب الجسم على الارض مسطح على الظهر امالة الراس للوراء حتى يتم فتح مجرى التنفس,0.850,llama-3.1-8b-instant,legacy_entity_extraction
ent_treatment_c378695ea74d,مكامدات باردة,Treatment,مكامدات باردة,ahd5k_01786,chunk_00204,416284,answer,ممكن مكامدات باردة كل فترة,0.850,llama-3.1-8b-instant,legacy_entity_extraction
ent_diseasecondition_16cf4e77b755,التهاب,DiseaseCondition,التهاب,ahd5k_03012,chunk_00204,435821,answer,التعرض لأشعة الشمس ، لتقليل أعراض الحكة,0.850,llama-3.1-8b-instant,legacy_entity_extraction
ent_symptom_c0304ff8b723,الحروق,Symptom,الحروق,ahd5k_03226,chunk_00204,703586,question,الحروق في المنزل أثناء التعامل مع المكواة أو الفرن,0.850,llama-3.1-8b-instant,legacy_entity_extraction
ent_diseasecondition_16cf4e77b755,التهاب,DiseaseCondition,التهاب,ahd5k_03476,chunk_00205,766811,answer,إصابات الغطس المختلفة,0.850,llama-3.1-8b-instant,legacy_entity_extraction
ent_treatment_cd8907496d4c,الانعاش القلبي الرئوي,Treatment,الانعاش القلبي الرئوي,ahd5k_03476,chunk_00205,766811,answer,التنفس الصناعي,0.850,llama-3.1-8b-instant,legacy_entity_extraction
ent_diseasecondition_16cf4e77b755,التهاب,DiseaseCondition,التهاب,ahd5k_03525,chunk_00205,424603,answer,الجلطة,0.850,llama-3.1-8b-instant,legacy_entity_extraction
ent_diseasecondition_ec2ee6e91bb0,الجلطة,DiseaseCondition,الجلطة,ahd5k_03525,chunk_00205,424603,answer,الجلطة,0.850,llama-3.1-8b-instant,legacy_entity_extraction
ent_treatment_cd8907496d4c,الانعاش القلبي الرئوي,Treatment,الانعاش القلبي الرئوي,ahd5k_03525,chunk_00205,424603,answer,الانعاش القلبي الرئوي,0.850,llama-3.1-8b-instant,legacy_entity_extraction
ent_symptom_53abceeb016c,الحرق,Symptom,الحرق,ahd5k_03636,chunk_00205,538002,question,الحريق,0.850,llama-3.1-8b-instant,legacy_entity_extraction
ent_treatment_d24fa2f2a3ed,الانعاش,Treatment,الانعاش,ahd5k_03780,chunk_00205,594338,answer,الانعاش,0.850,llama-3.1-8b-instant,legacy_entity_extraction
ent_symptom_53abceeb016c,الحرق,Symptom,الحرق,ahd5k_03823,chunk_00205,518498,question,حريق جسم الانسان,0.850,llama-3.1-8b-instant,legacy_entity_extraction
ent_treatment_cb158ac5b6da,مرهم مضاد الحروق,Treatment,مرهم مضاد الحروق,ahd5k_03823,chunk_00205,518498,answer,مرهم مضاد الحروق,0.850,llama-3.1-8b-instant,legacy_entity_extraction
ent_diseasecondition_328b3df02a9c,الانفجار,DiseaseCondition,الانفجار,ahd5k_03832,chunk_00205,419487,question,الانفجار,0.850,llama-3.1-8b-instant,legacy_entity_extraction
ent_diseasecondition_16cf4e77b755,التهاب,DiseaseCondition,التهاب,ahd5k_03836,chunk_00205,552367,answer,التهاب,0.850,llama-3.1-8b-instant,legacy_entity_extraction
ent_diseasecondition_328b3df02a9c,الانفجار,DiseaseCondition,الانفجار,ahd5k_04311,chunk_00205,421199,answer,الانفجار,0.850,llama-3.1-8b-instant,legacy_entity_extraction
ent_symptom_c78812eeadda,الاصفرار,Symptom,الاصفرار,ahd5k_02825,chunk_00206,697832,question,عندي اصفرار ف العين,0.850,llama-3.1-8b-instant,legacy_entity_extraction
ent_test_16c36b4a667c,فوسفاتاز قلوية,Test,فوسفاتاز قلوية,ahd5k_02825,chunk_00206,697832,answer,وظائف الكبد من بيليروبين مباشر وغير مباشر وفوسفاتاز قلوية,0.850,llama-3.1-8b-instant,legacy_entity_extraction
ent_test_98e84ed88318,بيليروبين,Test,بيليروبين,ahd5k_02825,chunk_00206,697832,answer,وظائف الكبد من بيليروبين مباشر وغير مباشر,0.850,llama-3.1-8b-instant,legacy_entity_extraction
ent_symptom_460951d9eb5e,ناسور مهبلي كولوني,Symptom,ناسور مهبلي كولوني,ahd5k_00324,chunk_00207,624880,answer,خروج غازات من المهبل تعني وجود ناسور(فتحة) مهبلي كولوني,0.950,llama-3.1-8b-instant,legacy_entity_extraction
ent_treatment_410319f5e2ee,نكسوم 20 mg,Treatment,نكسوم 20 mg,ahd5k_00782,chunk_00207,648221,answer,هذين الدوائين يستعملن لتقليل حامضيه المعده ولايوجد فيهما خطر يذكر اذا استعملتهما لفتره محدده ولكن والدتك اذا كانت اكبر من ٥٥سنه يستوجب عمل ناضور معده,0.950,llama-3.1-8b-instant,legacy_entity_extraction
ent_treatment_6e4176b21f58,زنت,Treatment,زنت,ahd5k_00782,chunk_00207,648221,answer,هذين الدوائين يستعملن لتقليل حامضيه المعده ولايوجد فيهما خطر يذكر اذا استعملتهما لفتره محدده ولكن والدتك اذا كانت اكبر من ٥٥سنه يستوجب عمل ناضور معده,0.950,llama-3.1-8b-instant,legacy_entity_extraction
ent_diseasecondition_23163007a001,جرثومة المعدة,DiseaseCondition,جرثومة المعدة,ahd5k_03658,chunk_00207,391781,question,أنا مريضة وما قدرت اشخص مرضي أخيرا اتشخص على انه جرثومة المعدة,0.950,llama-3.1-8b-instant,legacy_entity_extraction
ent_symptom_b95cf6be420d,جرثومة,Symptom,جرثومة,ahd5k_03658,chunk_00207,391781,question,أنا مريضة وما قدرت اشخص مرضي أخيرا اتشخص على انه جرثومة المعدة,0.950,llama-3.1-8b-instant,legacy_entity_extraction
ent_test_425bad88e803,منظار,Test,منظار,ahd5k_03658,chunk_00207,391781,question,أنا مريضة وما قدرت اشخص مرضي أخيرا اتشخص على انه جرثومة المعدة وماقدرت أعمل منظار,0.950,llama-3.1-8b-instant,legacy_entity_extraction
ent_diseasecondition_26e92983acdd,قرحة المعدة,DiseaseCondition,قرحة المعدة,ahd5k_04562,chunk_00207,660926,question,أعاني من قرحة المعدة و ذهبت لأخصائي و هو يتابع حالتي .,0.950,llama-3.1-8b-instant,legacy_entity_extraction
ent_symptom_d510acf78ae1,قرحة,Symptom,قرحة,ahd5k_04562,chunk_00207,660926,question,أعاني من قرحة المعدة و ذهبت لأخصائي و هو يتابع حالتي .,0.950,llama-3.1-8b-instant,legacy_entity_extraction
ent_diseasecondition_23163007a001,جرثومة المعدة,DiseaseCondition,جرثومة المعدة,ahd5k_04778,chunk_00207,323717,answer,"طريقة انتقال العدوى بجرثومة الهيليكوباكتر قد تبدو غير واضحة المعالم لغاية الآن و لكن العديد من الابحاث بينت ان العدوى تتم عن طريق الماء او المشروبات او المأكولات الملوثة او ان تتم من شخص لآخر و هذا ما يحدث من خلال الاتصال """,0.950,llama-3.1-8b-instant,legacy_entity_extraction
ent_diseasecondition_61d665f18ebb,جرثومة الهيليكوباكتر,DiseaseCondition,جرثومة الهيليكوباكتر,ahd5k_04778,chunk_00207,323717,answer,"طريقة انتقال العدوى بجرثومة الهيليكوباكتر قد تبدو غير واضحة المعالم لغاية الآن و لكن العديد من الابحاث بينت ان العدوى تتم عن طريق الماء او المشروبات او المأكولات الملوثة او ان تتم من شخص لآخر و هذا ما يحدث من خلال الاتصال """,0.950,llama-3.1-8b-instant,legacy_entity_extraction
ent_test_dd68aa784555,تحاليل مخبرية,Test,تحاليل مخبرية,ahd5k_04778,chunk_00207,323717,answer,"طريقة انتقال العدوى بجرثومة الهيليكوباكتر قد تبدو غير واضحة المعالم لغاية الآن و لكن العديد من الابحاث بينت ان العدوى تتم عن طريق الماء او المشروبات او المأكولات الملوثة او ان تتم من شخص لآخر و هذا ما يحدث من خلال الاتصال """,0.950,llama-3.1-8b-instant,legacy_entity_extraction
ent_diseasecondition_16cf4e77b755,التهاب,DiseaseCondition,التهاب في الامعاء,ahd5k_00179,chunk_00208,358447,question,اعاني من التهاب في الامعاء و وزني ينقص بسرعة,0.850,llama-3.1-8b-instant,legacy_entity_extraction
ent_diseasecondition_017a6d080eff,القولون,DiseaseCondition,القولون,ahd5k_00968,chunk_00208,572934,answer,القولون قد يكون هضمي او عصبي والقولون الهضمي قد يكون نتيجه التهاب في المعده او حصوه في المراره او نقص انزيمات الهضم,0.850,llama-3.1-8b-instant,legacy_entity_extraction
ent_diseasecondition_16cf4e77b755,التهاب,DiseaseCondition,التهاب في المعده,ahd5k_00968,chunk_00208,572934,answer,القولون قد يكون هضمي او عصبي والقولون الهضمي قد يكون نتيجه التهاب في المعده او حصوه في المراره او نقص انزيمات الهضم,0.850,llama-3.1-8b-instant,legacy_entity_extraction
ent_diseasecondition_16cf4e77b755,التهاب,DiseaseCondition,التهاب,ahd5k_01517,chunk_00208,327302,answer,عسر الهضم (Dyspepsia)، وهو ناجماً عن مرض من أمراض المعدة كالتهاب المعدة بالجرثومة الحلزونية أو القرحة المعدية أو الإثني عشرية,0.850,llama-3.1-8b-instant,legacy_entity_extraction
ent_diseasecondition_32f9c9a21059,التهاب المعدة,DiseaseCondition,التهاب المعدة,ahd5k_01517,chunk_00208,327302,answer,عسر الهضم (Dyspepsia)، وهو ناجماً عن مرض من أمراض المعدة كالتهاب المعدة بالجرثومة الحلزونية أو القرحة المعدية أو الإثني عشرية,0.850,llama-3.1-8b-instant,legacy_entity_extraction
ent_diseasecondition_16cf4e77b755,التهاب,DiseaseCondition,التهاب في ملتقى الامعاء,ahd5k_01782,chunk_00208,284309,question,محمد من المغرب: عندي التهاب في ملتقى الامعاء الجهة اليمنى اسفل البطن بماذا نبدا علاجي وشكرا جزاكم الله خير,0.850,llama-3.1-8b-instant,legacy_entity_extraction
ent_diseasecondition_017a6d080eff,القولون,DiseaseCondition,القولون المتقرج,ahd5k_03048,chunk_00208,476820,answer,التهاب القولون التقرحى هو مرض مناعى مزمن يصيب القولون,0.850,llama-3.1-8b-instant,legacy_entity_extraction
ent_diseasecondition_16cf4e77b755,التهاب,DiseaseCondition,التهاب القولون التقرحى,ahd5k_03048,chunk_00208,476820,answer,التهاب القولون التقرحى هو مرض مناعى مزمن يصيب القولون,0.850,llama-3.1-8b-instant,legacy_entity_extraction
ent_diseasecondition_4e2d7ec982d0,التهاب القولون التقرحى,DiseaseCondition,التهاب القولون التقرحى,ahd5k_03048,chunk_00208,476820,answer,التهاب القولون التقرحى هو مرض مناعى مزمن يصيب القولون,0.850,llama-3.1-8b-instant,legacy_entity_extraction
ent_diseasecondition_16cf4e77b755,التهاب,DiseaseCondition,التهاب في المعده,ahd5k_03567,chunk_00208,476284,answer,تجنب اسباب الغازات وهي : • ابتلاع الهواء: • الامساك: • الادوية والمضافات الغذائية بعض الاغذية الخضروات، مثل الارضي شوكي، الهيليوم، البروكولي، ملفوف البروكسيل، الملفوف، القرنبيط، الخيار، الفلفل الاخضر، البصل، البازيلاء، الفجل، البطاطا غير المطبوخة. •الفاصوليا •الفواكه، مثل : المشمش، الموز، الشمام، الخوخ، الاجاص، الزبيب والتفاح غير المطبوخ. البيض. المشروبات الغازية، عصير الفاكهة، البيرة والنبيذ الاحمر الماكولات الدهنية والماكولات المقلية. يجب اجراء فحص الجرثومة الحلزونية واعلامنا بالنتيجة,0.850,llama-3.1-8b-instant,legacy_entity_extraction
ent_diseasecondition_8cc0af593e58,التهاب القولون,DiseaseCondition,التهاب في المعده,ahd5k_03567,chunk_00208,476284,answer,تجنب اسباب الغازات وهي : • ابتلاع الهواء: • الامساك: • الادوية والمضافات الغذائية بعض الاغذية الخضروات، مثل الارضي شوكي، الهيليوم، البروكولي، ملفوف البروكسيل، الملفوف، القرنبيط، الخيار، الفلفل الاخضر، البصل، البازيلاء، الفجل، البطاطا غير المطبوخة. •الفاصوليا •الفواكه، مثل : المشمش، الموز، الشمام، الخوخ، الاجاص، الزبيب والتفاح غير المطبوخ. البيض. المشروبات الغازية، عصير الفاكهة، البيرة والنبيذ الاحمر الماكولات الدهنية والماكولات المقلية. يجب اجراء فحص الجرثومة الحلزونية واعلامنا بالنتيجة,0.850,llama-3.1-8b-instant,legacy_entity_extraction
ent_diseasecondition_008140d48ce1,التهاب اللسان,DiseaseCondition,التهاب اللسان,ahd5k_04272,chunk_00208,507654,answer,من الممكن ان يكون ارتجاع في المريء او مشاكل متعلقة باللثة والفم .. يجب مراجعة الطبيب المعالج والكشف الاكلينيكي,0.850,llama-3.1-8b-instant,legacy_entity_extraction
ent_diseasecondition_16cf4e77b755,التهاب,DiseaseCondition,التهاب اللسان,ahd5k_04272,chunk_00208,507654,answer,من الممكن ان يكون ارتجاع في المريء او مشاكل متعلقة باللثة والفم .. يجب مراجعة الطبيب المعالج والكشف الاكلينيكي,0.850,llama-3.1-8b-instant,legacy_entity_extraction
ent_diseasecondition_09029ff48e08,الالثية,DiseaseCondition,الالثية,ahd5k_04483,chunk_00209,553241,answer,الالثية,0.850,llama-3.1-8b-instant,legacy_entity_extraction
ent_diseasecondition_0d4568f518f0,الاثية الشرجي,DiseaseCondition,الاثية الشرجي,ahd5k_04483,chunk_00209,553241,answer,الالثية الشرجي,0.850,llama-3.1-8b-instant,legacy_entity_extraction
ent_symptom_800cfb42c0f8,الخريث,Symptom,الحصاصة,ahd5k_04483,chunk_00209,553241,question,الحصاصة,0.850,llama-3.1-8b-instant,legacy_entity_extraction
ent_diseasecondition_2f75d3dabe0b,حساسية,DiseaseCondition,حساسية,ahd5k_03316,chunk_00210,446333,answer,حساسية الموسمية واحتقان الجيوب الانفية,0.850,llama-3.1-8b-instant,legacy_entity_extraction
ent_diseasecondition_a9d51c3aa146,حساسية الموسمية,DiseaseCondition,حساسية الموسمية,ahd5k_03316,chunk_00210,446333,answer,حساسية الموسمية واحتقان الجيوب الانفية,0.850,llama-3.1-8b-instant,legacy_entity_extraction
ent_diseasecondition_c294dde65052,نزلة معوية,DiseaseCondition,نزلة معوية,ahd5k_03316,chunk_00210,446333,answer,التهاب، نزلة معوية، ارتكاريا,0.850,llama-3.1-8b-instant,legacy_entity_extraction
ent_diseasecondition_c6b9055038c2,انفلونزا,DiseaseCondition,الانفلونزا,ahd5k_03316,chunk_00210,446333,answer,الاصابة بالانفلونزا أو نزلة البرد,0.850,llama-3.1-8b-instant,legacy_entity_extraction
ent_symptom_068e7a65caa4,انفخ هواء,Symptom,انفخ هواء,ahd5k_03316,chunk_00210,446333,question,أشعر منذ ما يقارب 3 أشهر بنفخ هواء في أذني اليمنى,0.850,llama-3.1-8b-instant,legacy_entity_extraction
ent_symptom_98ced8571764,الاحساس بوجود هواء,Symptom,الاحساس بوجود هواء,ahd5k_03316,chunk_00210,446333,answer,الاحساس بوجود هواء في الاذن,0.850,llama-3.1-8b-instant,legacy_entity_extraction
ent_test_433492431144,تحليل الحساسية,Test,تحليل الحساسية,ahd5k_03316,chunk_00210,446333,answer,تحليل الحساسية,0.850,llama-3.1-8b-instant,legacy_entity_extraction
ent_treatment_78a1987f97dc,المراجعة الطبيب المختص,Treatment,المراجعة الطبيب المختص,ahd5k_03316,chunk_00210,446333,answer,رجاءً مراجعة الطبيب المختص,0.850,llama-3.1-8b-instant,legacy_entity_extraction
ent_diseasecondition_b4edb1c6802d,تليف وضيق في فتحة الشرج,DiseaseCondition,تليف وضيق في فتحة الشرج,ahd5k_03935,chunk_00211,499984,answer,حصل تليف وضيق في فتحة الشرج,0.850,llama-3.1-8b-instant,legacy_entity_extraction
ent_diseasecondition_d1d053efb3d4,شرخ في الشرج,DiseaseCondition,شرخ في الشرج,ahd5k_03935,chunk_00211,499984,answer,حصل عندك شرخ في الشرج سابقا من فترة,0.850,llama-3.1-8b-instant,legacy_entity_extraction
ent_diseasecondition_deb4b94517cc,امساك,DiseaseCondition,امساك,ahd5k_03935,chunk_00211,499984,question,امساك بسبب ادوية الحديد,0.850,llama-3.1-8b-instant,legacy_entity_extraction
ent_treatment_3a4c1a2bc0a9,ادوية الحديد,Treatment,ادوية الحديد,ahd5k_03935,chunk_00211,499984,question,امساك بسبب ادوية الحديد,0.850,llama-3.1-8b-instant,legacy_entity_extraction
ent_diseasecondition_ca9304cd0dde,القولون العصبي,DiseaseCondition,ضيق فى القولون واصل والى فتحه الشرج كشفت كذا مره وتحاليل واشاعات كلها سليمه بس المشكله انه الضيق ده بقى مزمن ممكن افاده,ahd5k_01595,chunk_00212,258276,question,ضيق فى القولون واصل والى فتحه الشرج كشفت كذا مره وتحاليل واشاعات كلها سليمه بس المشكله انه الضيق ده بقى مزمن,0.950,llama-3.1-8b-instant,legacy_entity_extraction
ent_symptom_dedabaa302d4,الضيق,Symptom,ضيق فى القولون واصل والى فتحه الشرج كشفت كذا مره وتحاليل واشاعات كلها سليمه بس المشكله انه الضيق ده بقى مزمن ممكن افاده,ahd5k_01595,chunk_00212,258276,question,ضيق فى القولون واصل والى فتحه الشرج كشفت كذا مره وتحاليل واشاعات كلها سليمه بس المشكله انه الضيق ده بقى مزمن,0.850,llama-3.1-8b-instant,legacy_entity_extraction
ent_test_5a6306a3755c,التحاليل,Test,تحاليل واشاعات كلها سليمه,ahd5k_01595,chunk_00212,258276,question,تحاليل واشاعات كلها سليمه,0.850,llama-3.1-8b-instant,legacy_entity_extraction
ent_diseasecondition_ca9304cd0dde,القولون العصبي,DiseaseCondition,استاصال جزء تالف للمرئ وفي اي دولة ممكن اجراؤها بنتي عمرها 2و9اشهر شربت مادة البوتاس الحارقة سببت لها انسدادان صغيران لم تنفع التوسيعات معهم 1عن بعد 12cm و2...,ahd5k_01607,chunk_00212,637923,question,استاصال جزء تالف للمرئ وفي اي دولة ممكن اجراؤها بنتي عمرها 2و9اشهر شربت مادة البوتاس الحارقة سببت لها انسدادان صغيران لم تنفع التوسيعات معهم 1عن بعد 12cm و2...,0.950,llama-3.1-8b-instant,legacy_entity_extraction
ent_treatment_51a3381998f4,مادة البوتاس الحارقة,Treatment,شربت مادة البوتاس الحارقة,ahd5k_01607,chunk_00212,637923,question,شربت مادة البوتاس الحارقة,0.850,llama-3.1-8b-instant,legacy_entity_extraction
ent_diseasecondition_16cf4e77b755,التهاب,DiseaseCondition,وجود صديد ودم في البراز ربما يدل على مشكلة مثل القولون التقرحي,ahd5k_02689,chunk_00212,372330,answer,وجود صديد ودم في البراز ربما يدل على مشكلة مثل القولون التقرحي,0.950,llama-3.1-8b-instant,legacy_entity_extraction
ent_diseasecondition_ca9304cd0dde,القولون العصبي,DiseaseCondition,وجود صديد ودم في البراز ربما يدل على مشكلة مثل القولون التقرحي,ahd5k_02689,chunk_00212,372330,answer,وجود صديد ودم في البراز ربما يدل على مشكلة مثل القولون التقرحي,0.950,llama-3.1-8b-instant,legacy_entity_extraction
ent_symptom_d89240a33051,الافرازات,Symptom,افرازات صديدية مع البراز,ahd5k_02689,chunk_00212,372330,question,افرازات صديدية مع البراز,0.950,llama-3.1-8b-instant,legacy_entity_extraction
ent_diseasecondition_ca9304cd0dde,القولون العصبي,DiseaseCondition,القولون العصبى,ahd5k_03220,chunk_00212,670011,answer,القولون العصبى,0.950,llama-3.1-8b-instant,legacy_entity_extraction
ent_treatment_91df022df8f9,مبيفيرين,Treatment,أقراص لتقلصات القولون مثل مادة مبيفيرين,ahd5k_03220,chunk_00212,670011,answer,أقراص لتقلصات القولون مثل مادة مبيفيرين,0.850,llama-3.1-8b-instant,legacy_entity_extraction
ent_diseasecondition_ca9304cd0dde,القولون العصبي,DiseaseCondition,القولون العصبي,ahd5k_03571,chunk_00212,467977,question,القولون العصبي,0.950,llama-3.1-8b-instant,legacy_entity_extraction
ent_treatment_57595300c1b6,ميترونيدازول,Treatment,علاج ميترونيدازول,ahd5k_03571,chunk_00212,467977,answer,علاج ميترونيدازول,0.950,llama-3.1-8b-instant,legacy_entity_extraction
ent_diseasecondition_ca9304cd0dde,القولون العصبي,DiseaseCondition,اعصاب القولون,ahd5k_04945,chunk_00212,510555,answer,اعصاب القولون,0.950,llama-3.1-8b-instant,legacy_entity_extraction
ent_diseasecondition_ca9304cd0dde,القولون العصبي,DiseaseCondition,القولون العصبي,ahd5k_01147,chunk_00213,409612,answer,القولون العصبي,0.850,llama-3.1-8b-instant,legacy_entity_extraction
ent_diseasecondition_7abdd04c7114,الحمل,DiseaseCondition,الحمل,ahd5k_03370,chunk_00213,366844,answer,الحمل,0.850,llama-3.1-8b-instant,legacy_entity_extraction
ent_diseasecondition_deb4b94517cc,امساك,DiseaseCondition,إمساك,ahd5k_03390,chunk_00213,228678,answer,إمساك,0.850,llama-3.1-8b-instant,legacy_entity_extraction
ent_symptom_396eca996b53,دم,Symptom,دم,ahd5k_03390,chunk_00213,228678,question,دم,0.700,llama-3.1-8b-instant,legacy_entity_extraction
ent_symptom_396eca996b53,دم,Symptom,دم,ahd5k_03390,chunk_00213,228678,answer,دم,0.700,llama-3.1-8b-instant,legacy_entity_extraction
ent_symptom_496829ff3f53,البراز,Symptom,البراز,ahd5k_03390,chunk_00213,228678,question,البراز,0.850,llama-3.1-8b-instant,legacy_entity_extraction
ent_symptom_496829ff3f53,البراز,Symptom,البراز,ahd5k_03390,chunk_00213,228678,answer,البراز,0.850,llama-3.1-8b-instant,legacy_entity_extraction
ent_symptom_fca11f2984f5,إسهال,Symptom,إسهال,ahd5k_03390,chunk_00213,228678,question,إسهال,0.850,llama-3.1-8b-instant,legacy_entity_extraction
ent_symptom_fca11f2984f5,إسهال,Symptom,إسهال,ahd5k_03390,chunk_00213,228678,answer,إسهال,0.850,llama-3.1-8b-instant,legacy_entity_extraction
ent_test_dd68aa784555,تحاليل مخبرية,Test,تحليل مخبري,ahd5k_03390,chunk_00213,228678,answer,تحليل مخبري,0.850,llama-3.1-8b-instant,legacy_entity_extraction
ent_diseasecondition_16cf4e77b755,التهاب,DiseaseCondition,التهاب,ahd5k_04416,chunk_00214,696520,answer,أتمنى لك السلامة وأود الإشارة إلى أن الغازات المصاحبة لاضطراب القولون العصبي قد تؤدي بالفعل إلى نغزات أعلى البطن أو بعض أجزاء الصدر، وفيما يتعلق بالألم والتشنج في الجهة اليمنى من البطن فقط تدل على تشنج عضلي ناجم عن اتباع وضعية جسم غير صحية، ولكن في جميع الأحوال فإن استمرار هذه الأعراض لفترة طويلة أو ملاحظة زيادة شدة الألم فإن ذلك يتطلب مراجعة الطبيب دون تأخير لتحديد سبب هذه الأعراض ونفي الأسباب الخطيرة.,0.850,llama-3.1-8b-instant,legacy_entity_extraction
ent_diseasecondition_3d7ba1abc264,الغازات,DiseaseCondition,الغازات,ahd5k_04416,chunk_00214,696520,answer,أتمنى لك السلامة وأود الإشارة إلى أن الغازات المصاحبة لاضطراب القولون العصبي قد تؤدي بالفعل إلى نغزات أعلى البطن أو بعض أجزاء الصدر، وفيما يتعلق بالألم والتشنج في الجهة اليمنى من البطن فقط تدل على تشنج عضلي ناجم عن اتباع وضعية جسم غير صحية، ولكن في جميع الأحوال فإن استمرار هذه الأعراض لفترة طويلة أو ملاحظة زيادة شدة الألم فإن ذلك يتطلب مراجعة الطبيب دون تأخير لتحديد سبب هذه الأعراض ونفي الأسباب الخطيرة.,0.850,llama-3.1-8b-instant,legacy_entity_extraction
ent_diseasecondition_ca9304cd0dde,القولون العصبي,DiseaseCondition,القولون العصبي,ahd5k_04416,chunk_00214,696520,question,أعاني من القولون العصبي وتصيبني نغزات في القسم الأيسر من الصدر وفي الآونة الأخيرة أصبح عندي ألم أو تشنج متكرر في المنطقة اليمنى تحت الصدر أو في أول البطن عندي...,0.850,llama-3.1-8b-instant,legacy_entity_extraction
ent_diseasecondition_ca9304cd0dde,القولون العصبي,DiseaseCondition,القولون العصبي,ahd5k_04416,chunk_00214,696520,answer,أتمنى لك السلامة وأود الإشارة إلى أن الغازات المصاحبة لاضطراب القولون العصبي قد تؤدي بالفعل إلى نغزات أعلى البطن أو بعض أجزاء الصدر، وفيما يتعلق بالألم والتشنج في الجهة اليمنى من البطن فقط تدل على تشنج عضلي ناجم عن اتباع وضعية جسم غير صحية، ولكن في جميع الأحوال فإن استمرار هذه الأعراض لفترة طويلة أو ملاحظة زيادة شدة الألم فإن ذلك يتطلب مراجعة الطبيب دون تأخير لتحديد سبب هذه الأعراض ونفي الأسباب الخطيرة.,0.850,llama-3.1-8b-instant,legacy_entity_extraction
ent_diseasecondition_ee17640ce26e,النغزات,DiseaseCondition,نغزات,ahd5k_04416,chunk_00214,696520,question,أعاني من القولون العصبي وتصيبني نغزات في القسم الأيسر من الصدر وفي الآونة الأخيرة أصبح عندي ألم أو تشنج متكرر في المنطقة اليمنى تحت الصدر أو في أول البطن عندي...,0.850,llama-3.1-8b-instant,legacy_entity_extraction
ent_diseasecondition_16cf4e77b755,التهاب,DiseaseCondition,التهاب,ahd5k_04507,chunk_00214,425032,answer,يمكن ان يكون سبب الألم هي الغازات لذا من الجيد الدخول لموقعنا والبحث في القاموس عن موضوع الغازات لتتعلمي كيفية تلافيها اذ ان أمور عديدة يجب اتباعها لتلافي ابتلاع الهواء ويجب تجنب تناول بعض الأطعمة التي تسبب حدوث الغازات واهمها الحلويات والزيوت والتوابل ويجب مضغ الطعام جيدا وعدم مضغ اللبان لتلافي بلع الهواء يجب أيضا اجراء فحص الجرثومة الحلزونية واعلامنا بالنتيجة,0.850,llama-3.1-8b-instant,legacy_entity_extraction
ent_diseasecondition_3d7ba1abc264,الغازات,DiseaseCondition,الغازات,ahd5k_04507,chunk_00214,425032,answer,يمكن ان يكون سبب الألم هي الغازات لذا من الجيد الدخول لموقعنا والبحث في القاموس عن موضوع الغازات لتتعلمي كيفية تلافيها اذ ان أمور عديدة يجب اتباعها لتلافي ابتلاع الهواء ويجب تجنب تناول بعض الأطعمة التي تسبب حدوث الغازات واهمها الحلويات والزيوت والتوابل ويجب مضغ الطعام جيدا وعدم مضغ اللبان لتلافي بلع الهواء يجب أيضا اجراء فحص الجرثومة الحلزونية واعلامنا بالنتيجة,0.850,llama-3.1-8b-instant,legacy_entity_extraction
ent_diseasecondition_ca9304cd0dde,القولون العصبي,DiseaseCondition,القولون العصبي,ahd5k_04507,chunk_00214,425032,question,أعاني ألم في معدتي ياتي ويختفي وعندما تكون معدتي فارغة يظهر الام وعند اكل شي او شرب الماء مثلا يختفي تدريجيا مصاحبا باطلاق غازات,0.850,llama-3.1-8b-instant,legacy_entity_extraction
ent_diseasecondition_751788c2a31d,شق شرجي,DiseaseCondition,شق شرجي,ahd5k_03995,chunk_00215,162844,answer,الام عند الإخراج ممكن يكون شق شرجي,0.850,llama-3.1-8b-instant,legacy_entity_extraction
ent_diseasecondition_908f266a071c,دود بالبطن,DiseaseCondition,دود بالبطن,ahd5k_03995,chunk_00215,162844,answer,الام عند الإخراج ممكن يكون معك دود بالبطن,0.850,llama-3.1-8b-instant,legacy_entity_extraction
ent_diseasecondition_9db0143f0c61,إسهال,DiseaseCondition,إسهال,ahd5k_03995,chunk_00215,162844,answer,إسهال او إمساك,0.850,llama-3.1-8b-instant,legacy_entity_extraction
ent_diseasecondition_deb4b94517cc,امساك,DiseaseCondition,إمساك,ahd5k_03995,chunk_00215,162844,answer,إسهال او إمساك,0.850,llama-3.1-8b-instant,legacy_entity_extraction
ent_symptom_6a2fcaf793eb,الام عند الإخراج,Symptom,الام عند الإخراج,ahd5k_03995,chunk_00215,162844,answer,الام عند الإخراج ممكن يكون شق شرجي,0.850,llama-3.1-8b-instant,legacy_entity_extraction
ent_symptom_a995c615670f,الام البطن,Symptom,الام البطن,ahd5k_03995,chunk_00215,162844,answer,الام البطن ليس لها علاقه عاده بالشرج,0.850,llama-3.1-8b-instant,legacy_entity_extraction
ent_test_53bf5ec72972,إسهال او إمساك,Test,إسهال او إمساك,ahd5k_03995,chunk_00215,162844,answer,إسهال او إمساك,0.850,llama-3.1-8b-instant,legacy_entity_extraction
ent_diseasecondition_02f1ee13cca6,قولون عصبى,DiseaseCondition,قولون,ahd5k_00317,chunk_00216,396014,question,ما سبب وجود جسم متحرك في فتحة الشرج ويسبب لي حكة .. وهل القولون يسبب الإمساك .. وهل تنصحوني بالعلاج الطبي أم بالأعشاب؟,0.900,llama-3.1-8b-instant,legacy_entity_extraction
ent_diseasecondition_deb4b94517cc,امساك,DiseaseCondition,امساك,ahd5k_00317,chunk_00216,396014,question,ما سبب وجود جسم متحرك في فتحة الشرج ويسبب لي حكة .. وهل القولون يسبب الإمساك .. وهل تنصحوني بالعلاج الطبي أم بالأعشاب؟,0.950,llama-3.1-8b-instant,legacy_entity_extraction
ent_symptom_7cfc95737dc0,حكة,Symptom,حكة,ahd5k_00317,chunk_00216,396014,question,ما سبب وجود جسم متحرك في فتحة الشرج ويسبب لي حكة .. وهل القولون يسبب الإمساك .. وهل تنصحوني بالعلاج الطبي أم بالأعشاب؟,0.700,llama-3.1-8b-instant,legacy_entity_extraction
ent_diseasecondition_deb4b94517cc,امساك,DiseaseCondition,امساك,ahd5k_01197,chunk_00216,621995,question,كيف استطيع التحكم بتنظيم وقت اخراج البراز؟ لانني اعاني من امساك والم شديد وبنزول قطرات دماء مع البراز!,0.950,llama-3.1-8b-instant,legacy_entity_extraction
ent_symptom_35638aceb970,نزول قطرات دماء مع البراز,Symptom,نزول قطرات دماء مع البراز,ahd5k_01197,chunk_00216,621995,question,كيف استطيع التحكم بتنظيم وقت اخراج البراز؟ لانني اعاني من امساك والم شديد وبنزول قطرات دماء مع البراز!,0.800,llama-3.1-8b-instant,legacy_entity_extraction
ent_diseasecondition_02f1ee13cca6,قولون عصبى,DiseaseCondition,قولون عصبى,ahd5k_02789,chunk_00216,161508,question,أنا عندى إمساك شديد وجرثومة المعدة وقولون عصبى والتهابات فى المعدة,0.900,llama-3.1-8b-instant,legacy_entity_extraction
ent_diseasecondition_23163007a001,جرثومة المعدة,DiseaseCondition,جرثومة المعدة,ahd5k_02789,chunk_00216,161508,question,أنا عندى إمساك شديد وجرثومة المعدة وقولون عصبى والتهابات فى المعدة,0.800,llama-3.1-8b-instant,legacy_entity_extraction
ent_diseasecondition_88f6404a8c65,التهابات فى المعدة,DiseaseCondition,التهابات فى المعدة,ahd5k_02789,chunk_00216,161508,question,أنا عندى إمساك شديد وجرثومة المعدة وقولون عصبى والتهابات فى المعدة,0.800,llama-3.1-8b-instant,legacy_entity_extraction
ent_diseasecondition_deb4b94517cc,امساك,DiseaseCondition,امساك,ahd5k_02789,chunk_00216,161508,question,أنا عندى إمساك شديد وجرثومة المعدة وقولون عصبى والتهابات فى المعدة,0.950,llama-3.1-8b-instant,legacy_entity_extraction
ent_test_c4cfd2d6468c,أشعة,Test,أشعة,ahd5k_02789,chunk_00216,161508,answer,الحقنه الشرجيه اولا وبعدين نعمل أشعه تلفزيونية ع البطن,0.800,llama-3.1-8b-instant,legacy_entity_extraction
ent_treatment_244b888a742c,الحقنه الشرجيه,Treatment,الحقنه الشرجيه,ahd5k_02789,chunk_00216,161508,answer,الحقنه الشرجيه اولا وبعدين نعمل أشعه تلفزيونية ع البطن,0.900,llama-3.1-8b-instant,legacy_entity_extraction
ent_diseasecondition_7abdd04c7114,الحمل,DiseaseCondition,حمل,ahd5k_02792,chunk_00216,578047,question,انا حامل في الشهر الخامس وعندي قولون تقرحي وشفيت بس تجيني حالة الالام في اسفل البطن لي اسبوع وعندي امساك الحل,0.900,llama-3.1-8b-instant,legacy_entity_extraction
ent_diseasecondition_deb4b94517cc,امساك,DiseaseCondition,امساك,ahd5k_03101,chunk_00216,165618,question,اعاني من امساك والم قوي ف الشرج يمنعني من النوم والجلوس وقضاء حاجتي,0.950,llama-3.1-8b-instant,legacy_entity_extraction
ent_diseasecondition_02f1ee13cca6,قولون عصبى,DiseaseCondition,قولون,ahd5k_03315,chunk_00216,607500,question,عندي إمساك وانتفاخ في البطن وألم في المعدهة شديد,0.900,llama-3.1-8b-instant,legacy_entity_extraction
ent_diseasecondition_deb4b94517cc,امساك,DiseaseCondition,امساك,ahd5k_03315,chunk_00216,607500,question,عندي إمساك وانتفاخ في البطن وألم في المعدهة شديد,0.950,llama-3.1-8b-instant,legacy_entity_extraction
ent_diseasecondition_deb4b94517cc,امساك,DiseaseCondition,امساك,ahd5k_04436,chunk_00216,622127,question,أعاني من إمساك بين الحين والآخر وعملت جميع التحاليل ومنظار القولون ومافي شي عاوز اعرف سبب الامساك,0.950,llama-3.1-8b-instant,legacy_entity_extraction
ent_symptom_f51ef98950a2,قلق,Symptom,قلق,ahd5k_03543,chunk_00217,667887,question,قلق,0.950,llama-3.1-8b-instant,legacy_entity_extraction
ent_symptom_f51ef98950a2,قلق,Symptom,قلق,ahd5k_03543,chunk_00217,667887,answer,قلق,0.950,llama-3.1-8b-instant,legacy_entity_extraction
ent_symptom_f51ef98950a2,قلق,Symptom,قلق,ahd5k_04958,chunk_00217,114797,question,قلق,0.950,llama-3.1-8b-instant,legacy_entity_extraction
ent_treatment_097f362246a3,نكسيوم,Treatment,نكسيوم,ahd5k_04958,chunk_00217,114797,answer,نكسيوم,0.950,llama-3.1-8b-instant,legacy_entity_extraction
ent_treatment_274d7e390433,دومبيريدون,Treatment,دومبيريدون,ahd5k_04958,chunk_00217,114797,answer,دومبيريدون,0.950,llama-3.1-8b-instant,legacy_entity_extraction
ent_symptom_42ad4acdebc5,وجع,Symptom,وجع,ahd5k_00577,chunk_00218,398582,question,وجع,0.700,llama-3.1-8b-instant,legacy_entity_extraction
ent_symptom_7a79bce3a153,قيء,Symptom,تقيؤ استفراغ المعده بالكامل,ahd5k_00577,chunk_00218,398582,question,اعاني من تقيؤ استفراغ المعده بالكامل,0.950,llama-3.1-8b-instant,legacy_entity_extraction
ent_symptom_ec53995c86ca,دوار,Symptom,دوار,ahd5k_00577,chunk_00218,398582,question,دوار,0.850,llama-3.1-8b-instant,legacy_entity_extraction
ent_diseasecondition_385230d505f3,تهاب,DiseaseCondition,آلام حادة في المعدة,ahd5k_00764,chunk_00219,399768,question,آلام حادة في المعدة وتشنج أيضا,0.850,llama-3.1-8b-instant,legacy_entity_extraction
ent_diseasecondition_385230d505f3,تهاب,DiseaseCondition,تهاب,ahd5k_01737,chunk_00219,474412,answer,اضطراب في المعدة والقولون,0.850,llama-3.1-8b-instant,legacy_entity_extraction
ent_symptom_0f8f2716b4d6,القولون,Symptom,القولون,ahd5k_01737,chunk_00219,474412,answer,المعدة والقولون,0.850,llama-3.1-8b-instant,legacy_entity_extraction
ent_test_b7fc7b26bdd3,تحليل براز شامل,Test,تحليل براز شامل,ahd5k_01737,chunk_00219,474412,answer,تحليل براز شامل,0.850,llama-3.1-8b-instant,legacy_entity_extraction
ent_treatment_e0aa28e35dcf,المسبكات,Treatment,المسبكات,ahd5k_01737,chunk_00219,474412,answer,المسبكات والمسكنات والشاى والقهوة والتوابل,0.850,llama-3.1-8b-instant,legacy_entity_extraction
ent_diseasecondition_16cf4e77b755,التهاب,DiseaseCondition,التهاب,ahd5k_01573,chunk_00220,500788,answer,ويفصل العلاج لكل مريض حسب حالته,0.850,llama-3.1-8b-instant,legacy_entity_extraction
ent_treatment_1479a48d3d42,الدواء,Treatment,الدواء,ahd5k_01573,chunk_00220,500788,answer,ويحدده أخصائي الباطني بعد الكشف الطبي,0.850,llama-3.1-8b-instant,legacy_entity_extraction
ent_diseasecondition_ca9304cd0dde,القولون العصبي,DiseaseCondition,القولون العصبي,ahd5k_04251,chunk_00220,561230,answer,عليها تناول ادويه خافضه لحموضة المعده,0.850,llama-3.1-8b-instant,legacy_entity_extraction
ent_symptom_df22c3f1a6e7,الارتداد المريئ,Symptom,الارتداد المريئ,ahd5k_04251,chunk_00220,561230,question,عندي اختي عمرها 13سنه تعاني من حموضه بعد اكل اي سكر ورائحة فم كريهه,0.850,llama-3.1-8b-instant,legacy_entity_extraction
ent_symptom_544114d1fc6b,الغازات,Symptom,الغازات,ahd5k_04392,chunk_00220,610624,question,لدي غازات كثيرة جدا بروائح قبيحه,0.850,llama-3.1-8b-instant,legacy_entity_extraction
ent_treatment_b5bc09534a26,حبوب الفاصوليا,Treatment,حبوب الفاصوليا,ahd5k_04392,chunk_00220,610624,answer,ينبغي مضغ الأكل جيدا و تحاشى الأطعمة المقلية,0.850,llama-3.1-8b-instant,legacy_entity_extraction
ent_diseasecondition_16cf4e77b755,التهاب,DiseaseCondition,التهاب,ahd5k_00217,chunk_00221,636175,answer,يجب مراجعة الطبيب الجراح الذي أجرى العملية . لا داعي للقلق .,0.850,llama-3.1-8b-instant,legacy_entity_extraction
ent_diseasecondition_e618b436b915,النزلة,DiseaseCondition,النزلة,ahd5k_00233,chunk_00221,84990,answer,مراجعه الجراح,0.850,llama-3.1-8b-instant,legacy_entity_extraction
ent_symptom_a6a5150fee6f,النزلة,Symptom,النزلة,ahd5k_00233,chunk_00221,84990,answer,مراجعه الجراح,0.850,llama-3.1-8b-instant,legacy_entity_extraction
ent_diseasecondition_3d7ba1abc264,الغازات,DiseaseCondition,الغازات,ahd5k_01316,chunk_00221,520572,answer,الغازات تاتي من ابتلاع الهواء اثناء الاكل لذلك يجب الاكل ببطء والفم مغلق ومضغ الطعام جيدا وبعض الاطعمة ينتج عنها غازات مثالفول والحمص والكرنب والملفوف عند بعص الاشخاص لذلك يجب التخفيف منها,0.850,llama-3.1-8b-instant,legacy_entity_extraction
ent_symptom_544114d1fc6b,الغازات,Symptom,الغازات,ahd5k_01316,chunk_00221,520572,answer,الغازات تاتي من ابتلاع الهواء اثناء الاكل لذلك يجب الاكل ببطء والفم مغلق ومضغ الطعام جيدا وبعض الاطعمة ينتج عنها غازات مثالفول والحمص والكرنب والملفوف عند بعص الاشخاص لذلك يجب التخفيف منها,0.850,llama-3.1-8b-instant,legacy_entity_extraction
ent_diseasecondition_f756960fd62b,السمنة,DiseaseCondition,السمنة,ahd5k_01352,chunk_00221,799115,answer,راجعي سمنة في القاموس اسباب السمنة وعلاجها | الطبي,0.850,llama-3.1-8b-instant,legacy_entity_extraction
ent_symptom_a3feb585db14,السمنة,Symptom,السمنة,ahd5k_01352,chunk_00221,799115,answer,راجعي سمنة في القاموس اسباب السمنة وعلاجها | الطبي,0.850,llama-3.1-8b-instant,legacy_entity_extraction
ent_diseasecondition_57f97ace9696,الانتفاخ,DiseaseCondition,الانتفاخ,ahd5k_01832,chunk_00221,365644,answer,لا يمكن التخلص من شيء لا نعرف ما هو سوى انهم حسب قولك انتفاخان الصحيح هو ان يتم فحص هذان الانتفاخان سريريا من قبل طبيب جراح وهذا امر لا يدعى للخجل ، الطبيب هو من سيقرر نوعية هذه الانتفاخات وعندها يمكن وضع العلاج المناسب,0.850,llama-3.1-8b-instant,legacy_entity_extraction
ent_symptom_a9f0b25807d2,الانتفاخ,Symptom,الانتفاخ,ahd5k_01832,chunk_00221,365644,answer,لا يمكن التخلص من شيء لا نعرف ما هو سوى انهم حسب قولك انتفاخان الصحيح هو ان يتم فحص هذان الانتفاخان سريريا من قبل طبيب جراح وهذا امر لا يدعى للخجل ، الطبيب هو من سيقرر نوعية هذه الانتفاخات وعندها يمكن وضع العلاج المناسب,0.850,llama-3.1-8b-instant,legacy_entity_extraction
ent_diseasecondition_5de2f8c39a17,المرض الفطري,DiseaseCondition,المرض الفطري,ahd5k_02350,chunk_00221,324483,answer,اين هو الفطر ؟ في اي مكان من الجسم ؟ وكيف تم تشخيص ذلك ارجوا شرح ما تعاني منه بالتفصيل كي نستطيع المساعدة,0.850,llama-3.1-8b-instant,legacy_entity_extraction
ent_diseasecondition_6a33d7cf782a,الاحمرار في المستقيم,DiseaseCondition,الاحمرار في المستقيم,ahd5k_02426,chunk_00221,331828,answer,الرجاء ان توضح لنا معاناه والدك وان تشرح لنا ما كتبته عن احمرار في المستقيم وكيف تم هذا التشخيص لان احمرار المستقيم يجب فحصها من خلال التنظير ارجو منك اعاده طرح السؤال وتوضيح كل ذلك,0.850,llama-3.1-8b-instant,legacy_entity_extraction
ent_diseasecondition_2f75d3dabe0b,حساسية,DiseaseCondition,حساسية,ahd5k_02674,chunk_00222,485372,question,اعاني من كحه مستمره في الليل وحموضه في الحلق ولا استطيع النوم,0.850,llama-3.1-8b-instant,legacy_entity_extraction
ent_diseasecondition_2f75d3dabe0b,حساسية,DiseaseCondition,حساسية,ahd5k_02674,chunk_00222,485372,answer,يجب اولا اجراء فحص الجرثومة الحلزونية واعلمني بالنتيجة حاول الابتعاد عن الاطعمة الحارة والبهارات والاطعمة الدسمة,0.850,llama-3.1-8b-instant,legacy_entity_extraction
ent_symptom_1a7b2eae066b,حموضة,Symptom,حموضه,ahd5k_02674,chunk_00222,485372,question,اعاني من كحه مستمره في الليل وحموضه في الحلق ولا استطيع النوم,0.850,llama-3.1-8b-instant,legacy_entity_extraction
ent_diseasecondition_16cf4e77b755,التهاب,DiseaseCondition,التهاب,ahd5k_03043,chunk_00222,141200,answer,علاجها يكون حسب نوع الديدان بعد فحص البراز وتحليله,0.850,llama-3.1-8b-instant,legacy_entity_extraction
ent_diseasecondition_efd8fda1ef13,الديدان,DiseaseCondition,الديدان,ahd5k_03043,chunk_00222,141200,answer,اسباب الديدان كثيره واهمها العدوى من شخص مصاب بسبب الاكل المشترك,0.850,llama-3.1-8b-instant,legacy_entity_extraction
ent_symptom_7cfc95737dc0,حكة,Symptom,حكة,ahd5k_04003,chunk_00222,342102,question,اعاني من صعوبة في الإخراج ( أعزكم الله ) يعني اخذ جهد كبير في التبرز وعدم الاخراج كاملاً فقط القليل اما الباقي صعب اخراجه ما السبب ؟,0.850,llama-3.1-8b-instant,legacy_entity_extraction
ent_diseasecondition_e92033c98737,الناعور,DiseaseCondition,الناعور,ahd5k_04171,chunk_00222,779841,answer,(hemophilia) هل تقصد مرض الناعور الناعور مرض وراثي، يكون لدى المصاب نقص في أحد عوامل التخثر,0.850,llama-3.1-8b-instant,legacy_entity_extraction
ent_test_ce6fcb80c1fe,فحص سريري,Test,فحص سريري,ahd5k_04225,chunk_00222,80926,answer,فحص سريري,0.850,llama-3.1-8b-instant,legacy_entity_extraction
ent_diseasecondition_16cf4e77b755,التهاب,DiseaseCondition,التهاب,ahd5k_04306,chunk_00223,93860,answer,الامتلاء سواء بالأكل او المشروبات و خاصة الاكل الحار و الفلفل و المشروبات الغازية,0.850,llama-3.1-8b-instant,legacy_entity_extraction
ent_symptom_2473c72084ae,الامتلاء,Symptom,الامتلاء,ahd5k_04306,chunk_00223,93860,answer,الامتلاء سواء بالأكل او المشروبات و خاصة الاكل الحار و الفلفل و المشروبات الغازية,0.850,llama-3.1-8b-instant,legacy_entity_extraction
ent_test_4de9ec4d6aae,Colonoscopy,Test,Colonoscopy,ahd5k_04551,chunk_00223,533027,answer,واسمه Colonoscopy-- و يعمل اليوم بوفرة باستعمال المنوم السريع,0.850,llama-3.1-8b-instant,legacy_entity_extraction
ent_diseasecondition_751788c2a31d,شق شرجي,DiseaseCondition,شق شرجي,ahd5k_04600,chunk_00223,328547,answer,هذه اعراض شق شرجي او تسحج,0.850,llama-3.1-8b-instant,legacy_entity_extraction
ent_diseasecondition_54fd3b8532ee,ضعف المناعه,DiseaseCondition,ضعف المناعه,ahd5k_02226,chunk_00224,206819,answer,ضعف المناعه,0.950,llama-3.1-8b-instant,legacy_entity_extraction
ent_symptom_7e128dee6510,كرات الدم البيضاء,Symptom,كرات الدم البيضاء,ahd5k_02226,chunk_00224,206819,answer,كرات الدم البيضاء,0.950,llama-3.1-8b-instant,legacy_entity_extraction
ent_diseasecondition_16cf4e77b755,التهاب,DiseaseCondition,التهاب,ahd5k_01803,chunk_00225,689730,answer,في حالات نادرة قد يسبب مشاكل إذا دخل إلى القصبات أو القصيبات الهوائية مثل الإختناق أو الإلتهابات الناتجة عن وجود جسم أجنبي فيها,0.700,llama-3.1-8b-instant,legacy_entity_extraction
ent_diseasecondition_c2a8a5a1878d,انسداد البلعوم,DiseaseCondition,انسداد البلعوم,ahd5k_01803,chunk_00225,689730,answer,"بلع العلكة "" اللبانة "" عادةً لا يسبب مشاكل في البلعوم .. في حالات نادرة قد يسبب مشاكل إذا دخل إلى القصبات أو القصيبات الهوائية مثل الإختناق أو الإلتهابات الناتجة عن وجود جسم أجنبي فيها ..",0.950,llama-3.1-8b-instant,legacy_entity_extraction
ent_diseasecondition_df207aa1a15e,الختناق,DiseaseCondition,الختناق,ahd5k_01803,chunk_00225,689730,answer,في حالات نادرة قد يسبب مشاكل إذا دخل إلى القصبات أو القصيبات الهوائية مثل الإختناق أو الإلتهابات الناتجة عن وجود جسم أجنبي فيها,0.700,llama-3.1-8b-instant,legacy_entity_extraction
ent_treatment_ebd1b1d25da4,اللبانة,Treatment,العلكة,ahd5k_01803,chunk_00225,689730,answer,"بلع العلكة "" اللبانة "" عادةً لا يسبب مشاكل في البلعوم",0.950,llama-3.1-8b-instant,legacy_entity_extraction
ent_diseasecondition_16cf4e77b755,التهاب,DiseaseCondition,التهاب,ahd5k_02141,chunk_00226,223401,answer,التهاب,0.850,llama-3.1-8b-instant,legacy_entity_extraction
ent_diseasecondition_16cf4e77b755,التهاب,DiseaseCondition,التهاب,ahd5k_03955,chunk_00226,634682,answer,التهاب,0.850,llama-3.1-8b-instant,legacy_entity_extraction
ent_diseasecondition_2f75d3dabe0b,حساسية,DiseaseCondition,حساسية,ahd5k_00907,chunk_00227,155075,answer,حساسية بسبب الفراش,0.850,llama-3.1-8b-instant,legacy_entity_extraction
ent_diseasecondition_1c50bd11c45a,ربو,DiseaseCondition,ربو,ahd5k_00928,chunk_00227,374813,answer,العفن في جدران المنزل يمكن يسبب أمراض الحساسية مثلا الربو,0.850,llama-3.1-8b-instant,legacy_entity_extraction
ent_diseasecondition_2f75d3dabe0b,حساسية,DiseaseCondition,حساسية,ahd5k_00928,chunk_00227,374813,answer,العفن في جدران المنزل يمكن يسبب أمراض الحساسية مثلا الربو,0.850,llama-3.1-8b-instant,legacy_entity_extraction
ent_treatment_50c663144e67,حديد,Treatment,حديد,ahd5k_01098,chunk_00227,255391,answer,حاولي تناول الحديد على شكل سائل,0.850,llama-3.1-8b-instant,legacy_entity_extraction
ent_treatment_8b9727a6ed45,بروفين,Treatment,بروفين,ahd5k_02385,chunk_00227,166424,answer,دواء مثل البروفين 400 مجم,0.850,llama-3.1-8b-instant,legacy_entity_extraction
ent_diseasecondition_db17a406c72e,ارتفاع ضغط الدم,DiseaseCondition,ارتفاع ضغط الدم,ahd5k_00024,chunk_00228,625457,answer,ارتفاع ضغط الدم,0.950,llama-3.1-8b-instant,legacy_entity_extraction
ent_symptom_b754f1a1e5a8,صداع,Symptom,صداع,ahd5k_00024,chunk_00228,625457,answer,التهاب إذن الوسطى مرتين,0.900,llama-3.1-8b-instant,legacy_entity_extraction
ent_test_dd68aa784555,تحاليل مخبرية,Test,تحليل مخبري,ahd5k_00024,chunk_00228,625457,answer,راجع طبيب انف و اذن وحنجرة - راقب مستوى الهيموجلوبين و مستوى السكر و الضغط,0.700,llama-3.1-8b-instant,legacy_entity_extraction
ent_diseasecondition_58d7d4ebddc3,انخفاض ضغط الدم,DiseaseCondition,انخفاض ضغط,ahd5k_02233,chunk_00228,720471,answer,انخفاض ضغط الانتصابي,0.850,llama-3.1-8b-instant,legacy_entity_extraction
ent_diseasecondition_db17a406c72e,ارتفاع ضغط الدم,DiseaseCondition,ارتفاع ضغط,ahd5k_02233,chunk_00228,720471,answer,انخفاض ضغط الانتصابي,0.950,llama-3.1-8b-instant,legacy_entity_extraction
ent_diseasecondition_9719230327a2,فقر الدم,DiseaseCondition,فقر الدم,ahd5k_04181,chunk_00228,188274,answer,فقر الدم,0.800,llama-3.1-8b-instant,legacy_entity_extraction
ent_symptom_b754f1a1e5a8,صداع,Symptom,صداع,ahd5k_04181,chunk_00228,188274,question,صداع,0.900,llama-3.1-8b-instant,legacy_entity_extraction
ent_treatment_72992721d87a,جرعة,Treatment,جرعة,ahd5k_04181,chunk_00228,188274,answer,الاعراض هتخف ويجب قياس الضغط للاطمئنان,0.900,llama-3.1-8b-instant,legacy_entity_extraction
ent_diseasecondition_ca9304cd0dde,القولون العصبي,DiseaseCondition,القولون العصبي,ahd5k_04655,chunk_00229,574588,answer,اعراض القولون العصبي,0.950,llama-3.1-8b-instant,legacy_entity_extraction
ent_treatment_42c56e38e1d1,البقوليات,Treatment,البقوليات,ahd5k_04655,chunk_00229,574588,answer,تجنب البقوليات,0.950,llama-3.1-8b-instant,legacy_entity_extraction
ent_treatment_73528964e41f,التوتر النفسي,Treatment,التوتر النفسي,ahd5k_04655,chunk_00229,574588,answer,تجنب التوتر النفسي,0.950,llama-3.1-8b-instant,legacy_entity_extraction
ent_treatment_8088896f8ff5,الخس,Treatment,الخس,ahd5k_04655,chunk_00229,574588,answer,الاكثار من تناول الاطعمة المحتوية على الياف مثل الخس,0.950,llama-3.1-8b-instant,legacy_entity_extraction
ent_diseasecondition_d23e158af982,داء السكري,DiseaseCondition,داء السكري,ahd5k_01323,chunk_00230,5028,answer,داء السكري من النوع الثاني,0.950,llama-3.1-8b-instant,legacy_entity_extraction
ent_diseasecondition_d23e158af982,داء السكري,DiseaseCondition,Amarel,ahd5k_01323,chunk_00230,5028,answer,اعراض الجانبية لدواءAmarel,0.950,llama-3.1-8b-instant,legacy_entity_extraction
ent_diseasecondition_d23e158af982,داء السكري,DiseaseCondition,ريباغلينيد,ahd5k_01323,chunk_00230,5028,answer,اسمه: ريباغلينيد,0.950,llama-3.1-8b-instant,legacy_entity_extraction
ent_treatment_72992721d87a,جرعة,Treatment,جرعة,ahd5k_01323,chunk_00230,5028,answer,يجب أن يؤخذ نوع واحد فقط وليس نوعين من الادويه في نفس اليوم,0.800,llama-3.1-8b-instant,legacy_entity_extraction
ent_diseasecondition_c64474f33e29,الربو,DiseaseCondition,الربو,ahd5k_00640,chunk_00231,235992,question,الربو,0.850,llama-3.1-8b-instant,legacy_entity_extraction
ent_diseasecondition_c64474f33e29,الربو,DiseaseCondition,الربو,ahd5k_00640,chunk_00231,235992,answer,الربو,0.850,llama-3.1-8b-instant,legacy_entity_extraction
ent_symptom_0badae7bf340,حيلية الربو,Symptom,حيلية الربو,ahd5k_00640,chunk_00231,235992,question,حيلية الربو,0.850,llama-3.1-8b-instant,legacy_entity_extraction
ent_diseasecondition_9719230327a2,فقر الدم,DiseaseCondition,فقر الدم الصيام,ahd5k_03229,chunk_00232,555926,question,تحلييل فقر الدم الصيام,0.950,llama-3.1-8b-instant,legacy_entity_extraction
ent_treatment_d3e084a11b62,الصيام,Treatment,الصيام,ahd5k_03229,chunk_00232,555926,answer,لا يستلزم الصوم,0.850,llama-3.1-8b-instant,legacy_entity_extraction
ent_diseasecondition_16cf4e77b755,التهاب,DiseaseCondition,التهاب,ahd5k_00385,chunk_00233,568275,answer,التحاليل المخبرية,0.850,llama-3.1-8b-instant,legacy_entity_extraction
ent_diseasecondition_16cf4e77b755,التهاب,DiseaseCondition,التهاب,ahd5k_00665,chunk_00233,214758,answer,التحاليل المخبرية,0.850,llama-3.1-8b-instant,legacy_entity_extraction
ent_treatment_3cd9cec566c1,فيتامين ب١٢,Treatment,فيتامين ب١٢,ahd5k_00665,chunk_00233,214758,answer,فيتامين ب١٢,0.850,llama-3.1-8b-instant,legacy_entity_extraction
ent_diseasecondition_9719230327a2,فقر الدم,DiseaseCondition,فقر دم,ahd5k_02167,chunk_00233,70174,question,فقر الدم,0.850,llama-3.1-8b-instant,legacy_entity_extraction
ent_diseasecondition_9719230327a2,فقر الدم,DiseaseCondition,فقر الدم,ahd5k_02167,chunk_00233,70174,answer,فقر الدم,0.850,llama-3.1-8b-instant,legacy_entity_extraction
ent_symptom_5af1ab49b9d7,الم في القلب,Symptom,الم في القلب,ahd5k_02167,chunk_00233,70174,question,الم في القلب عند التنفس,0.850,llama-3.1-8b-instant,legacy_entity_extraction
ent_test_4ea4666752c1,فحص الدم,Test,فحص الدم,ahd5k_02167,chunk_00233,70174,answer,فحص الدم (CBC),0.850,llama-3.1-8b-instant,legacy_entity_extraction
ent_test_8a5c3e905acb,فحص البطن بالسونار,Test,فحص البطن بالسونار,ahd5k_03941,chunk_00233,653165,answer,فحص البطن بالسونار,0.850,llama-3.1-8b-instant,legacy_entity_extraction
ent_test_fef71a173057,تحاليل,Test,عملت تحاليل للكليسترول,ahd5k_04870,chunk_00234,27933,question,عملت تحاليل للكليسترول,0.850,llama-3.1-8b-instant,legacy_entity_extraction
ent_treatment_2f2176430a9c,استاتين,Treatment,استاتين 20 جرام,ahd5k_04870,chunk_00234,27933,answer,استاتين 20 جرام,0.850,llama-3.1-8b-instant,legacy_entity_extraction
ent_symptom_b754f1a1e5a8,صداع,Symptom,صداع القوي,ahd5k_01720,chunk_00235,571436,question,صداع القوي والدوار,0.950,llama-3.1-8b-instant,legacy_entity_extraction
ent_symptom_b754f1a1e5a8,صداع,Symptom,صداع,ahd5k_01720,chunk_00235,571436,question,صداع القوي والدوار,0.950,llama-3.1-8b-instant,legacy_entity_extraction
ent_test_ccfa39d8952e,تصوير بالرنين المغناطيسي,Test,صورة طبقية محوريه او صوره رنين مغناطيسي,ahd5k_01720,chunk_00235,571436,answer,يجب ان تجري صورة طبقية محوريه او صوره رنين مغناطيسي,0.950,llama-3.1-8b-instant,legacy_entity_extraction
ent_symptom_b754f1a1e5a8,صداع,Symptom,صداع,ahd5k_02589,chunk_00235,267132,question,صداع وشعور بعدم التوازن,0.950,llama-3.1-8b-instant,legacy_entity_extraction
ent_symptom_b754f1a1e5a8,صداع,Symptom,صداع,ahd5k_03037,chunk_00235,102369,question,ترتفع حرارتي ويجيني صداع,0.950,llama-3.1-8b-instant,legacy_entity_extraction
ent_symptom_b754f1a1e5a8,صداع,Symptom,صداع,ahd5k_03446,chunk_00235,567362,question,صداع شديد,0.950,llama-3.1-8b-instant,legacy_entity_extraction
ent_symptom_b754f1a1e5a8,صداع,Symptom,صداع,ahd5k_04324,chunk_00235,688921,answer,إستمرار الصداع لفترة شهر ونصف,0.950,llama-3.1-8b-instant,legacy_entity_extraction
ent_test_dd68aa784555,تحاليل مخبرية,Test,تحاليل مخبرية,ahd5k_04324,chunk_00235,688921,answer,تحاليل مخبرية,0.950,llama-3.1-8b-instant,legacy_entity_extraction
ent_diseasecondition_dede421c3692,اضطراب نقص الإنتباه وفرط النشاط,DiseaseCondition,حالة اضطراب نقص الإنتباه وفرط النشاط,ahd5k_03018,chunk_00236,686943,answer,اضطراب نقص الإنتباه وفرط النشاط,0.950,llama-3.1-8b-instant,legacy_entity_extraction
ent_test_6671498ee61b,CT-Scan,Test,CT-Scan,ahd5k_03018,chunk_00236,686943,answer,CT-Scan,0.950,llama-3.1-8b-instant,legacy_entity_extraction
ent_test_4b193d00c85f,فحص زراعة البلغم,Test,فحص زراعة البلغم,ahd5k_03084,chunk_00236,309090,answer,فحص زراعة البلغم,0.950,llama-3.1-8b-instant,legacy_entity_extraction
ent_test_c4cfd2d6468c,أشعة,Test,أشعة,ahd5k_03084,chunk_00236,309090,answer,أشعة,0.950,llama-3.1-8b-instant,legacy_entity_extraction
ent_test_0ab51d1385e5,تحليل صائم,Test,تحليل صائم,ahd5k_00141,chunk_00237,121579,answer,تحليل السكر يكون صائم وبعد الاكل بساعتين ويمكن عمل تحليل السكر التراكمى Hb A1c .,0.950,llama-3.1-8b-instant,legacy_entity_extraction
ent_test_318437e6f4d2,تحليل التراكمي,Test,تحليل التراكمي,ahd5k_00141,chunk_00237,121579,answer,تحليل السكر يكون صائم وبعد الاكل بساعتين ويمكن عمل تحليل السكر التراكمى Hd A1c .,0.950,llama-3.1-8b-instant,legacy_entity_extraction
ent_test_3fe0e2d95531,Hb A1c,Test,Hb A1c,ahd5k_00141,chunk_00237,121579,answer,تحليل السكر يكون صائم وبعد الاكل بساعتين ويمكن عمل تحليل السكر التراكمى Hb A1c .,0.950,llama-3.1-8b-instant,legacy_entity_extraction
ent_test_8bda7a865308,تحليل السكر,Test,تحليل السكر,ahd5k_00141,chunk_00237,121579,answer,تحليل السكر يكون صائم وبعد الاكل بساعتين ويمكن عمل تحليل السكر التراكمى Hb A1c .,0.950,llama-3.1-8b-instant,legacy_entity_extraction
ent_test_dd68aa784555,تحاليل مخبرية,Test,تحليل مخبري,ahd5k_00141,chunk_00237,121579,answer,تحليل السكر يكون صائم وبعد الاكل بساعتين ويمكن عمل تحليل السكر التراكمى Hb A1c .,0.950,llama-3.1-8b-instant,legacy_entity_extraction
ent_test_3b671d46947b,تحليل الفيريتين,Test,تحليل الفيريتين,ahd5k_00308,chunk_00237,99485,answer,كل شيء له تحليله الخاص اذا كان المراد من الفحص هو الفيريتين او الاصح الحديد لن يقوم المختبر بالتركيز على شيء اخر سوى ما يختص بفحص الحديد,0.950,llama-3.1-8b-instant,legacy_entity_extraction
ent_test_797bce2de90f,تحليل الحديد,Test,تحليل الحديد,ahd5k_00308,chunk_00237,99485,answer,كل شيء له تحليله الخاص اذا كان المراد من الفحص هو الفيريتين او الاصح الحديد لن يقوم المختبر بالتركيز على شيء اخر سوى ما يختص بفحص الحديد,0.950,llama-3.1-8b-instant,legacy_entity_extraction
ent_test_12bbbe35b55f,تحليل ESR,Test,تحليل ESR,ahd5k_01303,chunk_00237,196641,answer,نعم هذه النسبة طبيعية,0.950,llama-3.1-8b-instant,legacy_entity_extraction
ent_test_dd68aa784555,تحاليل مخبرية,Test,تحليل,ahd5k_03065,chunk_00237,455382,answer,ربما لان مكونات ما تناولته تحتاج ل48 ساعة لتصفيتها تماما,0.950,llama-3.1-8b-instant,legacy_entity_extraction
ent_test_2dd05a8dc084,تحليل الكبد,Test,تحليل الكبد,ahd5k_03119,chunk_00237,613240,answer,السلام عليكم ورحمة الله وبركاته. هو تحليل يتبع تقييم وضاءف الكبد.,0.950,llama-3.1-8b-instant,legacy_entity_extraction
ent_test_b5a508fd355c,تحليل ASOT,Test,تحليل ASOT,ahd5k_03119,chunk_00237,613240,answer,السلام عليكم ورحمة الله وبركاته. هو تحليل يتبع تقييم وضاءف الكبد.,0.950,llama-3.1-8b-instant,legacy_entity_extraction
ent_diseasecondition_5b95544ae1ac,الكالسيوم,DiseaseCondition,الكالسيوم,ahd5k_00539,chunk_00238,202668,answer,تتراوح النسبة الطبيعية للكالسيوم الكلي بين 8.6-10.3 mg/dL,0.850,llama-3.1-8b-instant,legacy_entity_extraction
ent_diseasecondition_b36e8e3eea0d,نقص بقتامين د,DiseaseCondition,نقص بقتامين د,ahd5k_00539,chunk_00238,202668,answer,نقص بقتامين د كان 14 علما ان الكالسيوم طبيعي منذ 4اشهر,0.850,llama-3.1-8b-instant,legacy_entity_extraction
ent_test_29134280ebfe,الغدة الجار درقية,Test,الغدة الجار درقية,ahd5k_00539,chunk_00238,202668,answer,هرمون الباراتيرويد : والمسئول عن نسبة الكالسيوم التي توجد في الجسم,0.850,llama-3.1-8b-instant,legacy_entity_extraction
ent_treatment_7b1221bb41a0,الحليب,Treatment,الحليب,ahd5k_00539,chunk_00238,202668,answer,"والتمور , وضشرب الماء الكافي , تناولت حبوب د3 مدة 3 اشهر",0.850,llama-3.1-8b-instant,legacy_entity_extraction
ent_treatment_43526f78a371,مضاد حيوي,Treatment,مضاد حيوي زوماكس,ahd5k_01222,chunk_00239,120308,answer,الزوماكس هو أحد المضادات الحيوية المستخدم ضمن برتوكول التعامل مع حالات إصابة كورونا,0.950,llama-3.1-8b-instant,legacy_entity_extraction
ent_diseasecondition_16cf4e77b755,التهاب,DiseaseCondition,التهاب,ahd5k_00005,chunk_00240,568737,answer,فحص هرمونات النمو,0.850,llama-3.1-8b-instant,legacy_entity_extraction
ent_treatment_600c6e3d0578,النيكوتين,Treatment,النيكوتين,ahd5k_00087,chunk_00240,537671,answer,النيكوتين بحد ذاته مطلوب للجسم لأي شخص,0.850,llama-3.1-8b-instant,legacy_entity_extraction
ent_treatment_b071e4a333a9,بيكربونات الصوديوم,Treatment,بيكربونات الصوديوم,ahd5k_00427,chunk_00240,242406,answer,السؤال غير واضح هل تريدين تناول بيكربونات الصوديوم هكذا من دون أن تكون داخل أي شيء,0.850,llama-3.1-8b-instant,legacy_entity_extraction
ent_diseasecondition_d6c2824a955a,التوائم,DiseaseCondition,التوائم,ahd5k_00446,chunk_00240,648907,answer,ان كان في العاءلة إنجاب التوائم دون علاج طبي للحمل,0.850,llama-3.1-8b-instant,legacy_entity_extraction
ent_symptom_b754f1a1e5a8,صداع,Symptom,صداع,ahd5k_00467,chunk_00240,311551,question,الاحساس بصداع مزمن,0.850,llama-3.1-8b-instant,legacy_entity_extraction
ent_diseasecondition_99d821e71fc1,فقر دم,DiseaseCondition,فقر دم,ahd5k_00657,chunk_00240,221596,answer,في حال وجود تشخيص مخبري يدل على نقص فيتامين د وفقر الدم بعوز الحديد,0.850,llama-3.1-8b-instant,legacy_entity_extraction
ent_symptom_54003f56157a,دوار الحركة,Symptom,دوار الحركة,ahd5k_00765,chunk_00240,216683,answer,هذه الأعراض تسمي دوار الحركة,0.850,llama-3.1-8b-instant,legacy_entity_extraction
ent_test_4a5bfa0ce9e5,فحص PCR,Test,فحص PCR,ahd5k_00852,chunk_00240,105108,answer,يجب عمل فحص PCR,0.850,llama-3.1-8b-instant,legacy_entity_extraction
ent_diseasecondition_1c50bd11c45a,ربو,DiseaseCondition,ربو,ahd5k_00866,chunk_00241,254948,question,هل احلق شعر طفلي للتخلص من القمل,0.850,llama-3.1-8b-instant,legacy_entity_extraction
ent_diseasecondition_1c50bd11c45a,ربو,DiseaseCondition,ربو,ahd5k_00866,chunk_00241,254948,answer,يفصل الحلق والتنظيف والتعقيم واستعمال العلاج كما يجب,0.850,llama-3.1-8b-instant,legacy_entity_extraction
ent_diseasecondition_250910ab0701,حساسية الصدر,DiseaseCondition,حساسية الصدر,ahd5k_00866,chunk_00241,254948,question,هل احلق شعر طفلي للتخلص من القمل,0.850,llama-3.1-8b-instant,legacy_entity_extraction
ent_diseasecondition_250910ab0701,حساسية الصدر,DiseaseCondition,حساسية الصدر,ahd5k_00866,chunk_00241,254948,answer,يفصل الحلق والتنظيف والتعقيم واستعمال العلاج كما يجب,0.850,llama-3.1-8b-instant,legacy_entity_extraction
ent_diseasecondition_2f75d3dabe0b,حساسية,DiseaseCondition,حساسية,ahd5k_00866,chunk_00241,254948,question,هل احلق شعر طفلي للتخلص من القمل,0.850,llama-3.1-8b-instant,legacy_entity_extraction
ent_diseasecondition_2f75d3dabe0b,حساسية,DiseaseCondition,حساسية,ahd5k_00866,chunk_00241,254948,answer,يفصل الحلق والتنظيف والتعقيم واستعمال العلاج كما يجب,0.850,llama-3.1-8b-instant,legacy_entity_extraction
ent_test_eb10148e602f,CBC,Test,CBC,ahd5k_01208,chunk_00241,474716,answer,اعمل صوره دم كامله CBC لمعرفه نسبه كرات الدم الحمراء و الهموجلوبين,0.850,llama-3.1-8b-instant,legacy_entity_extraction
ent_treatment_643c9672260a,زيثروكان,Treatment,زيثروكان,ahd5k_01999,chunk_00241,136231,answer,هنكمل على زيثروكان ٥٠٠ مره واحدة يوميا لمدة ٣ ايام....,0.850,llama-3.1-8b-instant,legacy_entity_extraction
ent_treatment_d70f772a8bb6,فيتاسيد فوار,Treatment,فيتاسيد فوار,ahd5k_01999,chunk_00241,136231,answer,وناخد مكملات مثل فيتاسيد فوار قرص على نص كوب ماء كل ١٢ ساعة,0.850,llama-3.1-8b-instant,legacy_entity_extraction
ent_diseasecondition_16cf4e77b755,التهاب,DiseaseCondition,التهاب,ahd5k_02105,chunk_00242,323827,answer,التهاب,0.850,llama-3.1-8b-instant,legacy_entity_extraction
ent_diseasecondition_16cf4e77b755,التهاب,DiseaseCondition,التهاب,ahd5k_02121,chunk_00242,398705,answer,التهاب,0.850,llama-3.1-8b-instant,legacy_entity_extraction
ent_diseasecondition_16cf4e77b755,التهاب,DiseaseCondition,التهاب,ahd5k_02267,chunk_00242,323648,answer,التهاب,0.850,llama-3.1-8b-instant,legacy_entity_extraction
ent_diseasecondition_16cf4e77b755,التهاب,DiseaseCondition,التهاب,ahd5k_02379,chunk_00242,115736,answer,التهاب,0.850,llama-3.1-8b-instant,legacy_entity_extraction
ent_diseasecondition_16cf4e77b755,التهاب,DiseaseCondition,التهاب,ahd5k_02501,chunk_00242,604506,answer,التهاب,0.850,llama-3.1-8b-instant,legacy_entity_extraction
ent_diseasecondition_16cf4e77b755,التهاب,DiseaseCondition,التهاب,ahd5k_02505,chunk_00242,611354,answer,التهاب,0.850,llama-3.1-8b-instant,legacy_entity_extraction
ent_diseasecondition_16cf4e77b755,التهاب,DiseaseCondition,التهاب,ahd5k_02714,chunk_00242,317434,answer,التهاب,0.850,llama-3.1-8b-instant,legacy_entity_extraction
ent_diseasecondition_1658c4220505,فقدان الشهية,DiseaseCondition,فقدان الشهية,ahd5k_02740,chunk_00243,667238,question,فقدان الشهية,0.850,llama-3.1-8b-instant,legacy_entity_extraction
ent_treatment_a833ee4cdda1,فيتامين D,Treatment,فيتامين D,ahd5k_02919,chunk_00243,285628,answer,فيتامين D,0.850,llama-3.1-8b-instant,legacy_entity_extraction
ent_treatment_72d8094a3b43,الكورتيزون,Treatment,الكورتيزون,ahd5k_02922,chunk_00243,111780,answer,الكورتيزون,0.850,llama-3.1-8b-instant,legacy_entity_extraction
ent_treatment_5a8889bc0501,فيتامين E,Treatment,فيتامين E,ahd5k_03024,chunk_00243,685955,answer,فيتامين E,0.850,llama-3.1-8b-instant,legacy_entity_extraction
ent_treatment_5f92e9604d62,فيتامين B12,Treatment,فيتامين B12,ahd5k_03024,chunk_00243,685955,answer,فيتامين B12,0.850,llama-3.1-8b-instant,legacy_entity_extraction
ent_treatment_7ec3afb9f532,أوميغا 3,Treatment,أوميغا 3,ahd5k_03024,chunk_00243,685955,answer,أوميغا 3,0.850,llama-3.1-8b-instant,legacy_entity_extraction
ent_treatment_b64e6c3b8015,باراسيتامول,Treatment,باراسيتامول,ahd5k_03056,chunk_00243,257041,answer,باراسيتامول,0.850,llama-3.1-8b-instant,legacy_entity_extraction
ent_treatment_b6f3f11486d8,ديكسا ميثازون,Treatment,ديكسا ميثازون,ahd5k_03056,chunk_00243,257041,answer,ديكسا ميثازون,0.850,llama-3.1-8b-instant,legacy_entity_extraction
ent_test_276b644175b4,فحص السكر,Test,فحص السكر,ahd5k_03371,chunk_00243,171002,answer,فحص السكر,0.850,llama-3.1-8b-instant,legacy_entity_extraction
ent_diseasecondition_385230d505f3,تهاب,DiseaseCondition,تهاب,ahd5k_03417,chunk_00244,792242,answer,الفحص الطبي هو الوسيلة الوحيدة لتحديد ان كان هناك سبب عضوي أو نفسي، وفي حالة عدم وجود أي خلل عضوي يتطلب الأمر مراجعة أخصائي نفسية للوصول إلى تشخيص دقيق,0.850,llama-3.1-8b-instant,legacy_entity_extraction
ent_test_9f3510d36e01,فحص طبي,Test,فحص طبي,ahd5k_03417,chunk_00244,792242,answer,الفحص الطبي هو الوسيلة الوحيدة لتحديد ان كان هناك سبب عضوي أو نفسي، وفي حالة عدم وجود أي خلل عضوي يتطلب الأمر مراجعة أخصائي نفسية للوصول إلى تشخيص دقيق,0.850,llama-3.1-8b-instant,legacy_entity_extraction
ent_test_4e95ccf90696,النسبة,Test,النسبة,ahd5k_03515,chunk_00244,614589,answer,النسبة ستكون ضعيفة جدا لان الوقت الذى يحتاجه المخدر للخروج من الجسم حوالى 30 يوم تقريبا,0.850,llama-3.1-8b-instant,legacy_entity_extraction
ent_treatment_7c53cf82f3c0,المخدر,Treatment,المخدر,ahd5k_03515,chunk_00244,614589,answer,النسبة ستكون ضعيفة جدا لان الوقت الذى يحتاجه المخدر للخروج من الجسم حوالى 30 يوم تقريبا,0.850,llama-3.1-8b-instant,legacy_entity_extraction
ent_diseasecondition_16cf4e77b755,التهاب,DiseaseCondition,التهاب,ahd5k_03539,chunk_00244,461254,question,اعاني من خمول وضيقه ونبض بالجسد والم بالاطراف والم في اسفل الظهر والركبتين وتنميل احيانا باالطراف مع ظهور بقع بيضاء في اليدين والقدمين وارق بالنوم وصداع,0.850,llama-3.1-8b-instant,legacy_entity_extraction
ent_diseasecondition_2f75d3dabe0b,حساسية,DiseaseCondition,حساسية,ahd5k_04504,chunk_00244,382319,question,تواجد الماء بدل المخ وزيادة الراس عن حجمه الطبيعي,0.850,llama-3.1-8b-instant,legacy_entity_extraction
ent_treatment_e8807cc4d324,الجراحة,Treatment,الجراحة,ahd5k_04504,chunk_00244,382319,answer,يحتاج تداخل جراحي وفيه يتم عمل تحويلة للسائل الشوكي ..,0.850,llama-3.1-8b-instant,legacy_entity_extraction
ent_diseasecondition_16cf4e77b755,التهاب,DiseaseCondition,اصبت بكورونا ٢٨/٣/٢١٢١,ahd5k_04762,chunk_00245,115189,question,اصبت بكورونا ٢٨/٣/٢١٢١,0.850,llama-3.1-8b-instant,legacy_entity_extraction
ent_diseasecondition_16cf4e77b755,التهاب,DiseaseCondition,التهاب,ahd5k_04762,chunk_00245,115189,answer,تقدر تاخد اللقاح حاليا,0.850,llama-3.1-8b-instant,legacy_entity_extraction
ent_treatment_d5946e76d323,اللقاح,Treatment,اللقاح,ahd5k_04762,chunk_00245,115189,answer,تقدر تاخد اللقاح حاليا,0.850,llama-3.1-8b-instant,legacy_entity_extraction
ent_diseasecondition_16cf4e77b755,التهاب,DiseaseCondition,دوخه,ahd5k_04831,chunk_00245,225928,question,اعاني من دوخه واحس الاشياء تدور حولي وعدم اتزان,0.850,llama-3.1-8b-instant,legacy_entity_extraction
ent_diseasecondition_16cf4e77b755,التهاب,DiseaseCondition,التهاب,ahd5k_04831,chunk_00245,225928,answer,عليكى مراجعة طبيب أنف و أذن خصوصا إذا كانت الأعراض مصحوبة بضعف بالسمع أو طنين أو إفرازات من الأذن,0.850,llama-3.1-8b-instant,legacy_entity_extraction
ent_diseasecondition_bc2bdd95ae64,ورم,DiseaseCondition,ورم في جبهه,ahd5k_00690,chunk_00246,730106,question,ورم في جبهه اختى على شكل كدمه غير ملونه كأنها تحت الجلد,0.850,llama-3.1-8b-instant,legacy_entity_extraction
ent_treatment_e0a7465e3670,مراجعة,Treatment,مراجعة إختصاصي الجراحة العامة,ahd5k_00690,chunk_00246,730106,answer,أنصحك بمراجعة إختصاصي الجراحة العامة,0.850,llama-3.1-8b-instant,legacy_entity_extraction
ent_diseasecondition_bc2bdd95ae64,ورم,DiseaseCondition,كبة بالفخذ,ahd5k_00801,chunk_00246,233824,question,كبة بالفخذ لونها اسود تحت الجلد,0.850,llama-3.1-8b-instant,legacy_entity_extraction
ent_test_f1846b201f26,فحص,Test,فحص من قبل اخصاءي الجراحه,ahd5k_00801,chunk_00246,233824,answer,لازم يتم الفحص من قبل اخصاءي الجراحه,0.850,llama-3.1-8b-instant,legacy_entity_extraction
ent_diseasecondition_bc2bdd95ae64,ورم,DiseaseCondition,كتله في ثدري الايسر,ahd5k_00990,chunk_00246,255086,question,كتله في ثدري الايسر وهي كتله صغير تحت جلد,0.850,llama-3.1-8b-instant,legacy_entity_extraction
ent_diseasecondition_bc2bdd95ae64,ورم,DiseaseCondition,الجلد,ahd5k_02088,chunk_00246,116728,answer,الجلد ضعيف,0.850,llama-3.1-8b-instant,legacy_entity_extraction
ent_diseasecondition_5adaa861c8c1,Bleharasia,DiseaseCondition,البلهارسيا,ahd5k_04877,chunk_00247,698794,answer,التي كانت تكثر في مصر,0.700,llama-3.1-8b-instant,legacy_entity_extraction
ent_diseasecondition_d0f36332edfe,Hyperspleenism,DiseaseCondition,Hyperspleenism,ahd5k_04877,chunk_00247,698794,answer,المريض لديه تضخم بالطحال ويسمى Hyperspleenism,0.950,llama-3.1-8b-instant,legacy_entity_extraction
ent_symptom_5774b0592a02,Fshl Klowi,Symptom,مبادىء اعراض فشل كلوى,ahd5k_04877,chunk_00247,698794,answer,مبادىء اعراض فشل كلوى,0.850,llama-3.1-8b-instant,legacy_entity_extraction
ent_test_5e03ff721a11,Protein,Test,بروتين,ahd5k_04877,chunk_00247,698794,answer,يؤدي الى فشل كبدي وقلة البروتين في الجسم,0.700,llama-3.1-8b-instant,legacy_entity_extraction
ent_treatment_086608e650d2,Meddrat,Treatment,مدرات,ahd5k_04877,chunk_00247,698794,answer,العلاج بمدرات البول,0.950,llama-3.1-8b-instant,legacy_entity_extraction
ent_treatment_9383f2419663,Hypersplenism,Treatment,الحقن,ahd5k_04877,chunk_00247,698794,answer,والحقن هو البديل عن الاستئصال,0.950,llama-3.1-8b-instant,legacy_entity_extraction
ent_diseasecondition_1d75e4f63d4f,فتق باب المعدة,DiseaseCondition,فتق باب المعدة,ahd5k_00398,chunk_00248,807034,question,فتق باب المعدة,0.850,llama-3.1-8b-instant,legacy_entity_extraction
ent_diseasecondition_1d75e4f63d4f,فتق باب المعدة,DiseaseCondition,إلتهاب في أسفل المرىء,ahd5k_00398,chunk_00248,807034,question,إلتهاب في أسفل المرىء,0.850,llama-3.1-8b-instant,legacy_entity_extraction
ent_treatment_60ca8543b432,باريت,Treatment,باريت,ahd5k_00398,chunk_00248,807034,answer,باريت,0.850,llama-3.1-8b-instant,legacy_entity_extraction
ent_treatment_60ca8543b432,باريت,Treatment,ميتلوم,ahd5k_00398,chunk_00248,807034,answer,ميتلوم,0.850,llama-3.1-8b-instant,legacy_entity_extraction
ent_diseasecondition_16cf4e77b755,التهاب,DiseaseCondition,التهاب,ahd5k_00472,chunk_00249,648666,answer,الانتفاخ تحت الإبط يحتاج فحص سريري وهناك احتمالات كثيرة منها الغدة اللمفاوية أو التهاب في البويصلة الشعرية أو كيس دهنية أو.,0.950,llama-3.1-8b-instant,legacy_entity_extraction
ent_diseasecondition_25a284953b35,التهاب في البويصلة الشعرية,DiseaseCondition,التهاب في البويصلة الشعرية,ahd5k_00472,chunk_00249,648666,answer,الانتفاخ تحت الإبط يحتاج فحص سريري وهناك احتمالات كثيرة منها الغدة اللمفاوية أو التهاب في البويصلة الشعرية أو كيس دهنية أو.,0.950,llama-3.1-8b-instant,legacy_entity_extraction
ent_diseasecondition_ae8c75765ec1,الغدة اللمفاوية,DiseaseCondition,الغدة اللمفاوية,ahd5k_00472,chunk_00249,648666,answer,الانتفاخ تحت الإبط يحتاج فحص سريري وهناك احتمالات كثيرة منها الغدة اللمفاوية أو التهاب في البويصلة الشعرية أو كيس دهنية أو.,0.950,llama-3.1-8b-instant,legacy_entity_extraction
ent_diseasecondition_c69cb31e8329,كيس دهني,DiseaseCondition,كيس دهني,ahd5k_00472,chunk_00249,648666,answer,الانتفاخ تحت الإبط يحتاج فحص سريري وهناك احتمالات كثيرة منها الغدة اللمفاوية أو التهاب في البويصلة الشعرية أو كيس دهنية أو.,0.950,llama-3.1-8b-instant,legacy_entity_extraction
ent_diseasecondition_16cf4e77b755,التهاب,DiseaseCondition,التهاب,ahd5k_01468,chunk_00249,632190,answer,قد يكون هناك خراج. في هذه الحالة راجعة اخصائي جراحة لان كل تأخير سوف يزيد الوضع سوؤا.,0.950,llama-3.1-8b-instant,legacy_entity_extraction
ent_diseasecondition_16cf4e77b755,التهاب,DiseaseCondition,التهاب,ahd5k_02277,chunk_00249,511061,answer,بالطبع تستطيع ازالة الاشعار كل 2_3 اسبوع مرة باستعمال مزيلات الاشعار لكن بدون وجود اي التهاب او احمرار او سخونة بالمنطقة..,0.950,llama-3.1-8b-instant,legacy_entity_extraction
ent_diseasecondition_b9398855edc8,الناسور العصعصي,DiseaseCondition,الناسور العصعصي,ahd5k_02277,chunk_00249,511061,answer,بالطبع تستطيع ازالة الاشعار كل 2_3 اسبوع مرة باستعمال مزيلات الاشعار لكن بدون وجود اي التهاب او احمرار او سخونة بالمنطقة..,0.950,llama-3.1-8b-instant,legacy_entity_extraction
ent_diseasecondition_16cf4e77b755,التهاب,DiseaseCondition,التهاب,ahd5k_02668,chunk_00249,546729,answer,ادخل القاموس الطبي وتعرف على الناسور العصعصي..ابدا ليس خطير .وعندي عشرات الاجابات حوله .راجع اسئلة مشابهة.,0.950,llama-3.1-8b-instant,legacy_entity_extraction
ent_diseasecondition_9a200b8418cc,التهاب العصعصي,DiseaseCondition,التهاب العصعصي,ahd5k_02668,chunk_00249,546729,answer,ادخل القاموس الطبي وتعرف على الناسور العصعصي..ابدا ليس خطير .وعندي عشرات الاجابات حوله .راجع اسئلة مشابهة.,0.950,llama-3.1-8b-instant,legacy_entity_extraction
ent_diseasecondition_b9398855edc8,الناسور العصعصي,DiseaseCondition,الناسور العصعصي,ahd5k_02668,chunk_00249,546729,answer,ادخل القاموس الطبي وتعرف على الناسور العصعصي..ابدا ليس خطير .وعندي عشرات الاجابات حوله .راجع اسئلة مشابهة.,0.950,llama-3.1-8b-instant,legacy_entity_extraction
ent_diseasecondition_16cf4e77b755,التهاب,DiseaseCondition,التهاب,ahd5k_04394,chunk_00249,78963,answer,انصح بالتشييك من قبل الجراح اذا كان هناك صديد او التهاب يعيق عملية الإلتئام بالسلامة انشالله,0.950,llama-3.1-8b-instant,legacy_entity_extraction
ent_diseasecondition_16cf4e77b755,التهاب,DiseaseCondition,التهاب,ahd5k_04526,chunk_00249,43308,answer,دا غالبا التهاب في الغدد الليمفاوية تحتاج مراجعه طبيب وعمل اشعه تلفزيونيه,0.950,llama-3.1-8b-instant,legacy_entity_extraction
ent_diseasecondition_e78e37bf0691,التهاب في الغدد الليمفاوية,DiseaseCondition,التهاب في الغدد الليمفاوية,ahd5k_04526,chunk_00249,43308,answer,دا غالبا التهاب في الغدد الليمفاوية تحتاج مراجعه طبيب وعمل اشعه تلفزيونيه,0.950,llama-3.1-8b-instant,legacy_entity_extraction
ent_diseasecondition_16cf4e77b755,التهاب,DiseaseCondition,التهاب,ahd5k_05000,chunk_00249,25489,answer,التاكد من عدم وجود التهابات او تجمعات صديدية بداخله.,0.950,llama-3.1-8b-instant,legacy_entity_extraction
ent_diseasecondition_7abdd04c7114,الحمل,DiseaseCondition,الحمل,ahd5k_01479,chunk_00250,112448,answer,استشارة طبيب جراحة في منطقتكم,0.950,llama-3.1-8b-instant,legacy_entity_extraction
ent_diseasecondition_b1e428c56f48,بواسير,DiseaseCondition,بواسير,ahd5k_01479,chunk_00250,112448,question,احس بألم البواسير,0.950,llama-3.1-8b-instant,legacy_entity_extraction
ent_symptom_28acc791e82d,تعب,Symptom,تعب,ahd5k_01479,chunk_00250,112448,question,تعب,0.950,llama-3.1-8b-instant,legacy_entity_extraction
ent_symptom_7b839cc80688,ضيق تنفس,Symptom,ضيق تنفس,ahd5k_01479,chunk_00250,112448,question,ضيق تنفس,0.950,llama-3.1-8b-instant,legacy_entity_extraction
ent_symptom_b754f1a1e5a8,صداع,Symptom,صداع,ahd5k_01479,chunk_00250,112448,question,صداع,0.950,llama-3.1-8b-instant,legacy_entity_extraction
ent_symptom_dc2c7333a505,بلغم,Symptom,بلغم,ahd5k_01479,chunk_00250,112448,question,بلغم,0.950,llama-3.1-8b-instant,legacy_entity_extraction
ent_symptom_f4cf885a0447,سعال,Symptom,سعال,ahd5k_01479,chunk_00250,112448,question,سعال,0.950,llama-3.1-8b-instant,legacy_entity_extraction
ent_test_433492431144,تحليل الحساسية,Test,تحليل الحساسية,ahd5k_01479,chunk_00250,112448,question,تحليل الحساسية,0.950,llama-3.1-8b-instant,legacy_entity_extraction
ent_treatment_328b48423699,الماء,Treatment,الماء,ahd5k_01479,chunk_00250,112448,answer,شرب الماء,0.950,llama-3.1-8b-instant,legacy_entity_extraction
ent_treatment_336d0db8f267,الخضروات,Treatment,الخضروات,ahd5k_01479,chunk_00250,112448,answer,اكل الخضروات,0.950,llama-3.1-8b-instant,legacy_entity_extraction
ent_treatment_63c87a5ce040,ليدوكون,Treatment,ليدوكون,ahd5k_01479,chunk_00250,112448,answer,علاج lidocone gel,0.950,llama-3.1-8b-instant,legacy_entity_extraction
ent_treatment_709142d48a0c,دافلون,Treatment,دافلون,ahd5k_01479,chunk_00250,112448,answer,Daflon,0.950,llama-3.1-8b-instant,legacy_entity_extraction
ent_treatment_a640b07ccbbc,ملينات,Treatment,ملينات,ahd5k_01479,chunk_00250,112448,answer,استخدام ملينات,0.950,llama-3.1-8b-instant,legacy_entity_extraction
ent_treatment_af639c3497d5,الورقيات,Treatment,الورقيات,ahd5k_01479,chunk_00250,112448,answer,اكل الورقيات,0.950,llama-3.1-8b-instant,legacy_entity_extraction
ent_diseasecondition_1cf9e9ad33b1,مرارة,DiseaseCondition,مرارة,ahd5k_04781,chunk_00251,407829,question,مرارة تسبب الام,0.850,llama-3.1-8b-instant,entity_extraction_v2_qa_records_only
ent_diseasecondition_2f75d3dabe0b,حساسية,DiseaseCondition,حساسية,ahd5k_04781,chunk_00251,407829,question,حساسية المخدر,0.850,llama-3.1-8b-instant,entity_extraction_v2_qa_records_only
ent_treatment_3ad47c2cd3e0,تخدير,Treatment,تخدير,ahd5k_04781,chunk_00251,407829,answer,حساسية المخدر,0.850,llama-3.1-8b-instant,entity_extraction_v2_qa_records_only
ent_treatment_87021c384206,استئصال,Treatment,استئصال,ahd5k_04781,chunk_00251,407829,question,عملية استؤصلت بها الغدة الدرقية,0.850,llama-3.1-8b-instant,entity_extraction_v2_qa_records_only
ent_diseasecondition_db17a406c72e,ارتفاع ضغط الدم,DiseaseCondition,حبة,ahd5k_00554,chunk_00252,143971,question,حبة زي الكتلة الصغيرة,0.950,llama-3.1-8b-instant,entity_extraction_v2_qa_records_only
ent_diseasecondition_db17a406c72e,ارتفاع ضغط الدم,DiseaseCondition,كتلة,ahd5k_00554,chunk_00252,143971,question,كتلة الصغيرة,0.950,llama-3.1-8b-instant,entity_extraction_v2_qa_records_only
ent_treatment_17f3d904a460,جراحة عامة,Treatment,جراحة عامة,ahd5k_00554,chunk_00252,143971,answer,من قبل جراح أو جراحة عامة,0.850,llama-3.1-8b-instant,entity_extraction_v2_qa_records_only
ent_diseasecondition_aa9977b6b112,سكري,DiseaseCondition,سكري,ahd5k_04317,chunk_00253,16556,question,تعاني جدتي من عضه بسبب الطفل في الثدي وهي تعاني من السكري,0.950,llama-3.1-8b-instant,entity_extraction_v2_qa_records_only
ent_treatment_3dc810b3a199,انسلوين,Treatment,انسلوين,ahd5k_04317,chunk_00253,16556,answer,بتاخد انسلوين,0.950,llama-3.1-8b-instant,entity_extraction_v2_qa_records_only
ent_treatment_43526f78a371,مضاد حيوي,Treatment,مضاد حيوي,ahd5k_04317,chunk_00253,16556,answer,اخذت مضاد حيوي,0.850,llama-3.1-8b-instant,entity_extraction_v2_qa_records_only
ent_test_c95d540d145b,قرص المعدة,Test,قرص المعدة,ahd5k_04484,chunk_00253,717301,question,ابلغ من الوزن 135 كغم وارغب في اجراء عملية قرص المعدة,0.850,llama-3.1-8b-instant,entity_extraction_v2_qa_records_only
ent_treatment_a743c2a67433,تكميم المعدة,Treatment,تكميم المعدة,ahd5k_04484,chunk_00253,717301,answer,مايسمى بتكميم المعدة Sleeve gastrectomy,0.950,llama-3.1-8b-instant,entity_extraction_v2_qa_records_only
ent_diseasecondition_007646f95e3a,ناسور,DiseaseCondition,ناسور,ahd5k_03457,chunk_00254,329,question,ناسور,0.850,llama-3.1-8b-instant,entity_extraction_v2_qa_records_only
ent_diseasecondition_bc2bdd95ae64,ورم,DiseaseCondition,ورما في منطقه الحوض علي اليمين ليس به الم,ahd5k_04033,chunk_00254,402417,question,ورم,0.850,llama-3.1-8b-instant,entity_extraction_v2_qa_records_only
ent_diseasecondition_deb4b94517cc,امساك,DiseaseCondition,امساك لفتره شهر,ahd5k_04033,chunk_00254,402417,question,امساك,0.850,llama-3.1-8b-instant,entity_extraction_v2_qa_records_only
ent_diseasecondition_deb4b94517cc,امساك,DiseaseCondition,امساك,ahd5k_02099,chunk_00255,404723,question,انا اعاني من الامساك,0.850,llama-3.1-8b-instant,entity_extraction_v2_qa_records_only
ent_symptom_496829ff3f53,البراز,Symptom,البراز,ahd5k_02099,chunk_00255,404723,question,وعندما ادخل الى المرحاض اشعر بان البراز في فتحة المستقيم,0.850,llama-3.1-8b-instant,entity_extraction_v2_qa_records_only
ent_diseasecondition_deb4b94517cc,امساك,DiseaseCondition,امساك,ahd5k_03904,chunk_00255,618255,question,لاحظت أن الشّرج لديّ متسع اتساع خفيف وأجهل السبب هل هو بفعل الامساك,0.850,llama-3.1-8b-instant,entity_extraction_v2_qa_records_only
ent_symptom_db192ff6d58b,الشرج,Symptom,الشرج,ahd5k_03904,chunk_00255,618255,question,لاحظت أن الشّرج لديّ متسع اتساع خفيف,0.850,llama-3.1-8b-instant,entity_extraction_v2_qa_records_only
ent_diseasecondition_deb4b94517cc,امساك,DiseaseCondition,امساك,ahd5k_04018,chunk_00255,589854,answer,لعلاج الامساك وبالتالي شفاء الشق الشرجي,0.850,llama-3.1-8b-instant,entity_extraction_v2_qa_records_only
ent_symptom_496829ff3f53,البراز,Symptom,البراز,ahd5k_04018,chunk_00255,589854,answer,تناول كأس ماء كبير على الريق يوميا فور النهوض من الفراش والانتظار حوالي 15 دقيقة حيث يبدأ الشعور بالتغوط,0.850,llama-3.1-8b-instant,entity_extraction_v2_qa_records_only
ent_diseasecondition_b1e428c56f48,بواسير,DiseaseCondition,بواسير,ahd5k_04338,chunk_00255,694132,question,هل هذه بواسير...,0.850,llama-3.1-8b-instant,entity_extraction_v2_qa_records_only
ent_diseasecondition_deb4b94517cc,امساك,DiseaseCondition,امساك,ahd5k_04338,chunk_00255,694132,question,اعتقد انها داخلية لانها تظهر الى الخارج واتحسسها بعد عملية التغوط نتبجة لتوسع فتحة الشرج .مالعمل ؟هل هذه بواسير... ام انني اعاني من امساك,0.850,llama-3.1-8b-instant,entity_extraction_v2_qa_records_only
ent_symptom_496829ff3f53,البراز,Symptom,البراز,ahd5k_04338,chunk_00255,694132,question,نتبجة لتوسع فتحة الشرج .مالعمل ؟هل هذه بواسير... ام انني اعاني من امساك,0.850,llama-3.1-8b-instant,entity_extraction_v2_qa_records_only
ent_symptom_db192ff6d58b,الشرج,Symptom,الشرج,ahd5k_04338,chunk_00255,694132,question,لدي بروزات في فتحة الشرج,0.850,llama-3.1-8b-instant,entity_extraction_v2_qa_records_only
ent_symptom_496829ff3f53,البراز,Symptom,البراز,ahd5k_04389,chunk_00255,556213,answer,لاينصح بممارسة تمارين المعدة الا بعد 3 اشهر على الاقل وانا افضل 6 شهر,0.850,llama-3.1-8b-instant,entity_extraction_v2_qa_records_only
ent_diseasecondition_9f5df4e1d56b,الخراج,DiseaseCondition,الخراج المستمر,ahd5k_03529,chunk_00256,226881,answer,الخراج المستمر,0.850,llama-3.1-8b-instant,entity_extraction_v2_qa_records_only
ent_diseasecondition_9f5df4e1d56b,الخراج,DiseaseCondition,الناسور,ahd5k_03529,chunk_00256,226881,answer,الناسور,0.850,llama-3.1-8b-instant,entity_extraction_v2_qa_records_only
ent_symptom_249d07021a1b,آلام,Symptom,آلام,ahd5k_03529,chunk_00256,226881,answer,آلام,0.850,llama-3.1-8b-instant,entity_extraction_v2_qa_records_only
ent_treatment_4cc673f6d801,العمليات,Treatment,عملية,ahd5k_03529,chunk_00256,226881,answer,عملية,0.850,llama-3.1-8b-instant,entity_extraction_v2_qa_records_only
ent_diseasecondition_eb940f88ab39,تكيسات مائية,DiseaseCondition,تكيسات مائية,ahd5k_03486,chunk_00257,212585,question,تكيسات مائية في الغدة الدرقية,0.950,llama-3.1-8b-instant,entity_extraction_v2_qa_records_only
ent_test_dd68aa784555,تحاليل مخبرية,Test,تحليل مخبري,ahd5k_03486,chunk_00257,212585,answer,تحليل العينات,0.950,llama-3.1-8b-instant,entity_extraction_v2_qa_records_only
ent_treatment_87021c384206,استئصال,Treatment,استئصال,ahd5k_03486,chunk_00257,212585,answer,استئصال الفص او الفصوص,0.950,llama-3.1-8b-instant,entity_extraction_v2_qa_records_only
ent_diseasecondition_90c68acfd9cd,حصوة المرارة,DiseaseCondition,حصوة المرارة,ahd5k_01271,chunk_00258,645363,answer,العلاج الوحيد الناجع للحصيات المرارية العرضية..هو استئصال المرارة بالتنظير.,0.850,llama-3.1-8b-instant,entity_extraction_v2_qa_records_only
ent_treatment_59d5995c44cb,استئصال المرارة بالتنظير,Treatment,استئصال المرارة بالتنظير,ahd5k_01271,chunk_00258,645363,answer,العلاج الوحيد الناجع للحصيات المرارية العرضية..هو استئصال المرارة بالتنظير.,0.950,llama-3.1-8b-instant,entity_extraction_v2_qa_records_only
ent_diseasecondition_9b48ba52a758,البحبس,DiseaseCondition,البحبس,ahd5k_04283,chunk_00259,137316,answer,البحبس,0.850,llama-3.1-8b-instant,entity_extraction_v2_qa_records_only
ent_treatment_bf142c3dc46d,مرحم الفوسيدين,Treatment,مرحم الفوسيدين,ahd5k_04283,chunk_00259,137316,answer,مرحم الفوسيدين,0.850,llama-3.1-8b-instant,entity_extraction_v2_qa_records_only
ent_treatment_bf5381a2abdb,مدد حيوي,Treatment,مدد حيوي,ahd5k_04283,chunk_00259,137316,answer,مدد حيوي,0.850,llama-3.1-8b-instant,entity_extraction_v2_qa_records_only
ent_treatment_fef4b8d3006d,دوكسي صيكلين,Treatment,دوكسي صيكلين,ahd5k_04283,chunk_00259,137316,answer,دوكسي صيكلين,0.850,llama-3.1-8b-instant,entity_extraction_v2_qa_records_only
ent_diseasecondition_16cf4e77b755,التهاب,DiseaseCondition,التهاب,ahd5k_00006,chunk_00260,31843,answer,العملية ىسيطه ويقدر يسافر نفس اليوم ايا كان وضعها تواصل معنا,0.850,llama-3.1-8b-instant,entity_extraction_v2_qa_records_only
ent_treatment_17f3d904a460,جراحة عامة,Treatment,جراحة عامة,ahd5k_00152,chunk_00260,140568,answer,ينصح بالكشف الطبي لمعرفة السبب وتحديد خطة العلاج. ويفضل طبيب مسالك أو جراحة عامة,0.850,llama-3.1-8b-instant,entity_extraction_v2_qa_records_only
ent_diseasecondition_ddae3ff624cf,الترمسه,DiseaseCondition,الترمسه,ahd5k_00404,chunk_00260,451551,answer,لا مشكلة يمكن استئصالها جراحة تجميلية,0.850,llama-3.1-8b-instant,entity_extraction_v2_qa_records_only
ent_treatment_e8807cc4d324,الجراحة,Treatment,الجراحة,ahd5k_00473,chunk_00260,6541,answer,انا في مصر لاادرى التكلفه بلاردن لاحرج من التواصل مع جراح تليفونيا من الاردن,0.850,llama-3.1-8b-instant,entity_extraction_v2_qa_records_only
ent_diseasecondition_d17af903c162,اضطرابات هرمونية,DiseaseCondition,اضطرابات هرمونية,ahd5k_00611,chunk_00260,74703,answer,لاخوف دي اضطرابات هرمونيه لدواعي البلوغ عود لوصفتك الطبيه واللتزم,0.850,llama-3.1-8b-instant,entity_extraction_v2_qa_records_only
ent_test_8c0ef281475a,المنظار,Test,المنظار,ahd5k_01009,chunk_00260,175994,answer,لا يوجد برنامج معين، الابتعاد عن الدسم والاطعمة المقلية لمدة شهر,0.850,llama-3.1-8b-instant,entity_extraction_v2_qa_records_only
ent_diseasecondition_3f3991417439,الورم,DiseaseCondition,الورم,ahd5k_01078,chunk_00260,55072,answer,قد تكون السبب لا يوجد معلومات مؤكدة اين مكان الورم و يجب عمل تصرير و خزعة ثم العلاج,0.850,llama-3.1-8b-instant,entity_extraction_v2_qa_records_only
ent_treatment_e8807cc4d324,الجراحة,Treatment,الجراحة,ahd5k_01230,chunk_00260,117829,answer,سلام عليكم ورحمة الله وبركاته. حالتك تعتبر طبيعية و محتاجة وقت ولا تحتاج اي تدخل,0.850,llama-3.1-8b-instant,entity_extraction_v2_qa_records_only
ent_diseasecondition_b1e428c56f48,بواسير,DiseaseCondition,بواسير,ahd5k_01533,chunk_00261,29172,question,عملت عملية شرخ بالليزر منذ شهر و اسبوع و الجرح لم يلتئم هل هاذا طبييعي,0.850,llama-3.1-8b-instant,entity_extraction_v2_qa_records_only
ent_treatment_e8807cc4d324,الجراحة,Treatment,الجراحة,ahd5k_01533,chunk_00261,29172,answer,السلام عليكم يا فندم قد بستغرق من اسبوع الى ١٠ ايام,0.850,llama-3.1-8b-instant,entity_extraction_v2_qa_records_only
ent_diseasecondition_b1e428c56f48,بواسير,DiseaseCondition,بواسير,ahd5k_01543,chunk_00261,578211,question,زوجتي تعاني من بديت بواسير وعمرها22سنه هل يوجدعلاج نهاءي وماهو العلاج,0.850,llama-3.1-8b-instant,entity_extraction_v2_qa_records_only
ent_treatment_e8807cc4d324,الجراحة,Treatment,الجراحة,ahd5k_01543,chunk_00261,578211,answer,لا شك ان العلاج النهائي و الجذري للبواسير هو الجراحة و لكن نلجا اليه في حال فشل المعالجة المحافظة و في حالتك لا بد من التقييم من قبل الجراح لنصحبالمعلجة الامثل للحالة,0.850,llama-3.1-8b-instant,entity_extraction_v2_qa_records_only
ent_diseasecondition_16cf4e77b755,التهاب,DiseaseCondition,التهاب,ahd5k_01552,chunk_00261,151015,question,زوجي يعاني من وجود توم بحجم حبه الفاصولياء تحت الابطين ويشعر بالالم. يختفي التون لبضعه ايام ومن ثم يعود. ممكن اعرف شو السبب وشو العلاج ..,0.850,llama-3.1-8b-instant,entity_extraction_v2_qa_records_only
ent_treatment_e8807cc4d324,الجراحة,Treatment,الجراحة,ahd5k_01637,chunk_00261,62134,answer,اطمئن اخى لاخوف الحرص لمدة سيه اشهر فقط وممكن تعود للتدريب بعد شهرين انما المباريات سيه اشهر وهذا رأي ويظل القرار للزميل الجراح اللي اجرى الجراحه هوا من شاهد ومن يستطيع اتخاذ القرار,0.850,llama-3.1-8b-instant,entity_extraction_v2_qa_records_only
ent_treatment_e8807cc4d324,الجراحة,Treatment,الجراحة,ahd5k_01766,chunk_00261,731314,answer,يمكن مراجعة الجراح، إو استخدام المبيضات التجارية لأن الدم في المنطقة بالتأكيد قد جرى امتصاصه خلال هذه المدة ، وما بقي قد يدوم إذا لم يعالج.,0.850,llama-3.1-8b-instant,entity_extraction_v2_qa_records_only
ent_diseasecondition_b1e428c56f48,بواسير,DiseaseCondition,بواسير,ahd5k_02034,chunk_00261,20482,answer,اذا كانت لديك ماهو موضح في الصورة امامنا فهذي بواسير وقد تكون تحتوي على تجلطات دموية,0.850,llama-3.1-8b-instant,entity_extraction_v2_qa_records_only
ent_treatment_e8807cc4d324,الجراحة,Treatment,الجراحة,ahd5k_02034,chunk_00261,20482,answer,انصحك بالذهاب لمتخصص بالجراحة العامة لاخذ نظرة عن قرب وعمل فحص لمعرفة اذا ما كان خراج شرجي ام بواسير,0.850,llama-3.1-8b-instant,entity_extraction_v2_qa_records_only
ent_diseasecondition_b1e428c56f48,بواسير,DiseaseCondition,بواسير,ahd5k_02293,chunk_00261,121885,question,مرحبا لماذا تظهر البواسير بعد عملية الناسور بفتره؟؟؟,0.850,llama-3.1-8b-instant,entity_extraction_v2_qa_records_only
ent_diseasecondition_2f75d3dabe0b,حساسية,DiseaseCondition,حساسية,ahd5k_02698,chunk_00262,94283,question,حساسية,0.850,llama-3.1-8b-instant,entity_extraction_v2_qa_records_only
ent_diseasecondition_2f75d3dabe0b,حساسية,DiseaseCondition,حساسية الصدر,ahd5k_02698,chunk_00262,94283,question,حساسية الصدر,0.850,llama-3.1-8b-instant,entity_extraction_v2_qa_records_only
ent_symptom_ddd751d759ff,فتحة الشرج,Symptom,فتحة الشرج,ahd5k_02698,chunk_00262,94283,question,فتحة الشرج,0.850,llama-3.1-8b-instant,entity_extraction_v2_qa_records_only
ent_treatment_a863bdbee4a8,الناسور,Treatment,الناسور,ahd5k_02871,chunk_00262,601562,question,الناسور,0.850,llama-3.1-8b-instant,entity_extraction_v2_qa_records_only
ent_treatment_9f3caf276c1b,عملية فتق اربي,Treatment,عملية فتق اربي,ahd5k_02902,chunk_00262,147571,question,عملية فتق اربي,0.850,llama-3.1-8b-instant,entity_extraction_v2_qa_records_only
ent_diseasecondition_f9f02cdde82f,البواسير,DiseaseCondition,البواسير,ahd5k_03495,chunk_00262,639258,question,البواسير,0.850,llama-3.1-8b-instant,entity_extraction_v2_qa_records_only
ent_treatment_0a5e446c85c8,مرهم زايلوكائين,Treatment,مرهم زايلوكائين,ahd5k_03551,chunk_00262,163833,answer,مرهم زايلوكائين,0.850,llama-3.1-8b-instant,entity_extraction_v2_qa_records_only
ent_diseasecondition_f9f02cdde82f,البواسير,DiseaseCondition,البواسير,ahd5k_03792,chunk_00262,552835,answer,البواسير,0.850,llama-3.1-8b-instant,entity_extraction_v2_qa_records_only
ent_diseasecondition_f9f02cdde82f,البواسير,DiseaseCondition,البواسير,ahd5k_03978,chunk_00262,14288,question,البواسير,0.850,llama-3.1-8b-instant,entity_extraction_v2_qa_records_only
ent_diseasecondition_16cf4e77b755,التهاب,DiseaseCondition,التهاب,ahd5k_04455,chunk_00263,651664,answer,التهاب,0.850,llama-3.1-8b-instant,entity_extraction_v2_qa_records_only
ent_diseasecondition_a2ea3f4151b1,الناسور,DiseaseCondition,الناسور,ahd5k_04455,chunk_00263,651664,answer,الناسور,0.850,llama-3.1-8b-instant,entity_extraction_v2_qa_records_only
ent_symptom_20be964a4d5c,الانتان,Symptom,الانتان,ahd5k_04455,chunk_00263,651664,answer,الانتان,0.850,llama-3.1-8b-instant,entity_extraction_v2_qa_records_only
ent_symptom_d5ab0d06008b,الخراج,Symptom,الخراج,ahd5k_04455,chunk_00263,651664,answer,الخراج,0.850,llama-3.1-8b-instant,entity_extraction_v2_qa_records_only
ent_symptom_e276c7fd7e33,النزف,Symptom,النزف,ahd5k_04455,chunk_00263,651664,answer,النزف,0.850,llama-3.1-8b-instant,entity_extraction_v2_qa_records_only
ent_treatment_3e73a7fa5fd8,النظافة,Treatment,النظافة,ahd5k_04455,chunk_00263,651664,answer,النظافة,0.850,llama-3.1-8b-instant,entity_extraction_v2_qa_records_only
ent_treatment_60ce765ad441,الطعام,Treatment,الطعام,ahd5k_04455,chunk_00263,651664,answer,الطعام,0.850,llama-3.1-8b-instant,entity_extraction_v2_qa_records_only
ent_treatment_b1d4f97c9093,الغذاء,Treatment,الغذاء,ahd5k_04455,chunk_00263,651664,answer,الغذاء,0.850,llama-3.1-8b-instant,entity_extraction_v2_qa_records_only
ent_treatment_e8807cc4d324,الجراحة,Treatment,الجراحة,ahd5k_04455,chunk_00263,651664,answer,الجراحة,0.850,llama-3.1-8b-instant,entity_extraction_v2_qa_records_only
ent_diseasecondition_f9f02cdde82f,البواسير,DiseaseCondition,البواسير,ahd5k_04524,chunk_00263,319679,question,البواسير,0.850,llama-3.1-8b-instant,entity_extraction_v2_qa_records_only
ent_diseasecondition_f9f02cdde82f,البواسير,DiseaseCondition,البواسير,ahd5k_04587,chunk_00263,171888,question,البواسير,0.850,llama-3.1-8b-instant,entity_extraction_v2_qa_records_only
ent_treatment_0b31909dfb0f,الجراح,Treatment,الجراح,ahd5k_04587,chunk_00263,171888,answer,الجراح,0.850,llama-3.1-8b-instant,entity_extraction_v2_qa_records_only
ent_treatment_b6802a79019a,الانجح,Treatment,الانجح,ahd5k_04587,chunk_00263,171888,answer,الانجح,0.850,llama-3.1-8b-instant,entity_extraction_v2_qa_records_only
ent_treatment_c50d03330a17,الجراحة العادية,Treatment,الجراحة العادية,ahd5k_04587,chunk_00263,171888,answer,الجراحة العادية,0.850,llama-3.1-8b-instant,entity_extraction_v2_qa_records_only
ent_treatment_e8807cc4d324,الجراحة,Treatment,الجراحة,ahd5k_04587,chunk_00263,171888,answer,الجراحة,0.850,llama-3.1-8b-instant,entity_extraction_v2_qa_records_only
ent_diseasecondition_d1218adec3c3,تكيس الثدي,DiseaseCondition,تكيس الثدي ...مجموعة صغيرة من اكياس داخلها رواسب الكلس,ahd5k_04634,chunk_00264,222806,question,تكيس الثدي ...مجموعة صغيرة من اكياس داخلها رواسب الكلس,0.950,llama-3.1-8b-instant,entity_extraction_v2_qa_records_only
ent_test_2798b703f215,Mammoraphy,Test,Mammoraphy,ahd5k_04634,chunk_00264,222806,answer,Mammoraphy,0.950,llama-3.1-8b-instant,entity_extraction_v2_qa_records_only
ent_test_c23ae7861f48,MRI,Test,MRI,ahd5k_04634,chunk_00264,222806,answer,MRI,0.950,llama-3.1-8b-instant,entity_extraction_v2_qa_records_only
ent_symptom_1b6daac014be,حرقان,Symptom,حرقان عند فتحة الشرج,ahd5k_04868,chunk_00264,354010,question,حرقان عند فتحة الشرج,0.850,llama-3.1-8b-instant,entity_extraction_v2_qa_records_only
ent_symptom_728fef77dd8e,الرائحة الكريهة,Symptom,رائحة كريهة,ahd5k_04868,chunk_00264,354010,question,رائحة كريهة,0.850,llama-3.1-8b-instant,entity_extraction_v2_qa_records_only
ent_symptom_7a8f19ee637f,الفتحة الشرجية,Symptom,فتحة الشرج,ahd5k_04868,chunk_00264,354010,question,فتحة الشرج,0.850,llama-3.1-8b-instant,entity_extraction_v2_qa_records_only
ent_symptom_d89240a33051,الافرازات,Symptom,الافرازات في اللباس الدخلي,ahd5k_04868,chunk_00264,354010,question,الافرازات في اللباس الدخلي,0.850,llama-3.1-8b-instant,entity_extraction_v2_qa_records_only
ent_diseasecondition_a2ea3f4151b1,الناسور,DiseaseCondition,فتحات ناسور,ahd5k_04982,chunk_00264,98524,question,فتحات ناسور,0.950,llama-3.1-8b-instant,entity_extraction_v2_qa_records_only
ent_symptom_044d4fd7c164,الفتحات,Symptom,فتحات,ahd5k_04982,chunk_00264,98524,question,فتحات,0.850,llama-3.1-8b-instant,entity_extraction_v2_qa_records_only
ent_symptom_b7235324781b,القطع من الشعر,Symptom,قطع من الشعر المتجمع,ahd5k_04982,chunk_00264,98524,question,قطع من الشعر المتجمع,0.850,llama-3.1-8b-instant,entity_extraction_v2_qa_records_only
ent_symptom_d89240a33051,الافرازات,Symptom,افرازات,ahd5k_04982,chunk_00264,98524,question,افرازات,0.850,llama-3.1-8b-instant,entity_extraction_v2_qa_records_only
ent_diseasecondition_4105b513caa4,متلازمة نونان,DiseaseCondition,متلازمة نونان,ahd5k_01608,chunk_00265,803990,answer,إدخال أنبوب لشفط السائل,0.850,llama-3.1-8b-instant,entity_extraction_v2_qa_records_only
ent_diseasecondition_4105b513caa4,متلازمة نونان,DiseaseCondition,متلازمة نونان,ahd5k_01608,chunk_00265,803990,question,متلازمة نونان,0.850,llama-3.1-8b-instant,entity_extraction_v2_qa_records_only
ent_treatment_aec5dc2b9a06,إدخال أنبوب لشفط السائل,Treatment,إدخال أنبوب لشفط السائل,ahd5k_01608,chunk_00265,803990,answer,إدخال أنبوب لشفط السائل,0.850,llama-3.1-8b-instant,entity_extraction_v2_qa_records_only
ent_diseasecondition_7e6a6c8a61a0,مرض الرنح الوراثي,DiseaseCondition,مرض الرنح الوراثي,ahd5k_02148,chunk_00265,792719,question,مرض الرنح الوراثي,0.850,llama-3.1-8b-instant,entity_extraction_v2_qa_records_only
ent_diseasecondition_7e6a6c8a61a0,مرض الرنح الوراثي,DiseaseCondition,مرض الرنح الوراثي,ahd5k_02148,chunk_00265,792719,answer,مرض الرنح الوراثي,0.850,llama-3.1-8b-instant,entity_extraction_v2_qa_records_only
ent_diseasecondition_0cbdd73555ae,متلازمة داون,DiseaseCondition,متلازمة داون,ahd5k_04339,chunk_00265,803969,answer,متلازمة داون,0.850,llama-3.1-8b-instant,entity_extraction_v2_qa_records_only
ent_diseasecondition_ec21128d3ddc,مرض بكاء القطة,DiseaseCondition,مرض بكاء القطة,ahd5k_04339,chunk_00265,803969,answer,مرض بكاء القطة,0.850,llama-3.1-8b-instant,entity_extraction_v2_qa_records_only
ent_diseasecondition_7abdd04c7114,الحمل,DiseaseCondition,الحمل الوراثي,ahd5k_00256,chunk_00266,782058,answer,ومن الواضح أن أولادك ماتوا بسبب الأمراض الوراثية.,0.850,llama-3.1-8b-instant,entity_extraction_v2_qa_records_only
ent_diseasecondition_7abdd04c7114,الحمل,DiseaseCondition,الحمل,ahd5k_00256,chunk_00266,782058,answer,ومن الواضح أن أولادك ماتوا بسبب الأمراض الوراثية.,0.850,llama-3.1-8b-instant,entity_extraction_v2_qa_records_only
ent_diseasecondition_7abdd04c7114,الحمل,DiseaseCondition,متلازمة داون,ahd5k_01640,chunk_00266,725300,question,هل من الممكن ان يكون الرضيع مصاب بمتلازمة داون دون ان تظهرلديه اي اعراض,0.850,llama-3.1-8b-instant,entity_extraction_v2_qa_records_only
ent_diseasecondition_7abdd04c7114,الحمل,DiseaseCondition,الحمل,ahd5k_03368,chunk_00266,801094,question,هل يمكن معرفه اذا يوجد مرض وراثي لدى الجنين في الاشهر الاولى من الحمل,0.850,llama-3.1-8b-instant,entity_extraction_v2_qa_records_only
ent_diseasecondition_7abdd04c7114,الحمل,DiseaseCondition,الحمل,ahd5k_03607,chunk_00266,787237,question,هل احتمال لآي اعراض ونتائج مستقبليه بعد الزواج في الحمل وما الى ذلك,0.850,llama-3.1-8b-instant,entity_extraction_v2_qa_records_only
ent_diseasecondition_7abdd04c7114,الحمل,DiseaseCondition,حثل المادة البيضاء,ahd5k_03912,chunk_00266,799112,question,ما مدي اصابة المواليد الجدد بمرض حثل المادة البيضاء اذا قررت الانجاب,0.850,llama-3.1-8b-instant,entity_extraction_v2_qa_records_only
ent_diseasecondition_7abdd04c7114,الحمل,DiseaseCondition,منفولية,ahd5k_03962,chunk_00266,799343,question,هل الزواج من عائلة فيها منفولية يزيد احتمال انجاب اولاد منغوليين,0.850,llama-3.1-8b-instant,entity_extraction_v2_qa_records_only
ent_diseasecondition_7abdd04c7114,الحمل,DiseaseCondition,الحصبة الألمانية,ahd5k_04183,chunk_00266,798498,answer,ولكن الذي قد يفس الموضوع هو إصابة الزوجة بالحصبة الألمانية.,0.850,llama-3.1-8b-instant,entity_extraction_v2_qa_records_only
ent_diseasecondition_7abdd04c7114,الحمل,DiseaseCondition,انحلال الدم,ahd5k_04316,chunk_00266,792136,answer,تكون المرأة الحامل سلبية الريزوس و الأب ايجابي الريزوس يكون الحمل الاول بلا مشاكل ولكن يحدث تعرف من قبل خلايا الام لخلايا دم الجنين اثناء الولادة مما يؤدي لتشكل اجسام ضادة لكريات الدم الحمراء ايجابية الريزوس تتسبب بانحلالها,0.850,llama-3.1-8b-instant,entity_extraction_v2_qa_records_only
ent_diseasecondition_94b655cf4b61,داء باركنسون,DiseaseCondition,داء باركنسون الشهير,ahd5k_03428,chunk_00267,799574,answer,داء باركنسون الشهير,0.700,llama-3.1-8b-instant,entity_extraction_v2_qa_records_only
ent_diseasecondition_ae876b0a3e98,داء ويلسون,DiseaseCondition,أعاني من داء ويلسون منذ 15سنة,ahd5k_03428,chunk_00267,799574,question,أعاني من داء ويلسون منذ 15سنة,0.950,llama-3.1-8b-instant,entity_extraction_v2_qa_records_only
ent_diseasecondition_ae876b0a3e98,داء ويلسون,DiseaseCondition,داء ويلسون,ahd5k_03428,chunk_00267,799574,answer,هذا صحيح هذه من الاعراض العصبية لداء ويلسون,0.950,llama-3.1-8b-instant,entity_extraction_v2_qa_records_only
ent_symptom_1be733cac0ad,رجفان,Symptom,رجفة وارتخاء في اليد اليسرى,ahd5k_03428,chunk_00267,799574,question,رجفة وارتخاء في اليد اليسرى,0.850,llama-3.1-8b-instant,entity_extraction_v2_qa_records_only
ent_treatment_e2a4b76b510f,زراعة الكبد,Treatment,زراعة الكبد,ahd5k_03428,chunk_00267,799574,answer,زراعة الكبد,0.950,llama-3.1-8b-instant,entity_extraction_v2_qa_records_only
ent_diseasecondition_16cf4e77b755,التهاب,DiseaseCondition,التهاب,ahd5k_03407,chunk_00268,781011,answer,التهاب,0.850,llama-3.1-8b-instant,entity_extraction_v2_qa_records_only
ent_diseasecondition_67c97925404a,الحمى الشديدة,DiseaseCondition,الحمى الشديدة والالتهابات الجرثومية الحادة والانفلوانزا,ahd5k_03407,chunk_00268,781011,answer,الحمى الشديدة والالتهابات الجرثومية الحادة والانفلوانزا,0.850,llama-3.1-8b-instant,entity_extraction_v2_qa_records_only
ent_diseasecondition_c0de0cd9ee02,تساقط الشعر,DiseaseCondition,تساقط الشعر,ahd5k_03407,chunk_00268,781011,answer,تساقط الشعر بمعدل 50--100شعرة في اليوم أمر طبيعي وغير مرضي ولا يبعث على الانزعاج,0.850,llama-3.1-8b-instant,entity_extraction_v2_qa_records_only
ent_diseasecondition_d17807bf385c,نقص البروتينات,DiseaseCondition,نقص البروتينات,ahd5k_03407,chunk_00268,781011,answer,نقص البروتينات,0.850,llama-3.1-8b-instant,entity_extraction_v2_qa_records_only
ent_symptom_5b879be56239,صبغات الشعر,Symptom,صبغات الشعر,ahd5k_03407,chunk_00268,781011,answer,تجنب تسريح شعرك وهو مبلل فهذا يزيد من سقوط الشعر كما تجنب تعرض الشعر للمواد الكيميائية من خلال صبغات الشعر و البرماننت,0.850,llama-3.1-8b-instant,entity_extraction_v2_qa_records_only
ent_test_433492431144,تحليل الحساسية,Test,تحليل الحساسية,ahd5k_03407,chunk_00268,781011,answer,تحليل الحساسية,0.850,llama-3.1-8b-instant,entity_extraction_v2_qa_records_only
ent_treatment_4c7ab9797c47,زراعة الشعر,Treatment,زراعة الشعر,ahd5k_03407,chunk_00268,781011,answer,زراعة الشعر تعطي نتائج مشجعة,0.850,llama-3.1-8b-instant,entity_extraction_v2_qa_records_only
ent_treatment_6059678dd87e,فيتامين (أ),Treatment,فيتامين (أ),ahd5k_03407,chunk_00268,781011,answer,فيتامين (أ) الذي يغذي الشعر ويقويه,0.850,llama-3.1-8b-instant,entity_extraction_v2_qa_records_only
ent_treatment_6f746b42f086,علاج تساقط الشعر بالأعشاب,Treatment,علاج تساقط الشعر بالأعشاب,ahd5k_03407,chunk_00268,781011,answer,علاج هذه الحالة هو بالتأكيد علاج السبب المؤدي لها ولكن لتحسن هذه الحالة بصفة عامة اهتم بتناول طعام صحي جيد,0.850,llama-3.1-8b-instant,entity_extraction_v2_qa_records_only
ent_diseasecondition_5c24fe12fd46,دائة الصكري,DiseaseCondition,دائة الصكري,ahd5k_03694,chunk_00269,798441,answer,دائة الصكري اللي اليبي الان الين لايبي الانتاصبي,0.850,llama-3.1-8b-instant,entity_extraction_v2_qa_records_only
ent_diseasecondition_5c24fe12fd46,دائة الصكري,DiseaseCondition,دائة الصكري,ahd5k_03694,chunk_00269,798441,answer,دائة الصكري الي اليبي الان الين لايبي الانتاصبي,0.850,llama-3.1-8b-instant,entity_extraction_v2_qa_records_only
ent_symptom_cfad97177de2,انتاصبي,Symptom,انتاصبي,ahd5k_03694,chunk_00269,798441,answer,انتاصبي اليبي الان الين لايبي الانتاصبي,0.850,llama-3.1-8b-instant,entity_extraction_v2_qa_records_only
ent_diseasecondition_9719230327a2,فقر الدم,DiseaseCondition,انيميا الفول (G6PD),ahd5k_00559,chunk_00270,782011,answer,فول في الدرجة الأولى وقد تحدث البازلاء أيضاً نفس مفعول الفول أحيانا,0.850,llama-3.1-8b-instant,entity_extraction_v2_qa_records_only
ent_treatment_42c56e38e1d1,البقوليات,Treatment,البقوليات,ahd5k_00559,chunk_00270,782011,answer,البقولوليات الممنوعة,0.850,llama-3.1-8b-instant,entity_extraction_v2_qa_records_only
ent_diseasecondition_9719230327a2,فقر الدم,DiseaseCondition,فقر الدم,ahd5k_02995,chunk_00270,787698,answer,علاج فقر الدم وتحسين التغذية,0.850,llama-3.1-8b-instant,entity_extraction_v2_qa_records_only
ent_test_4ea4666752c1,فحص الدم,Test,فحص الدم,ahd5k_02995,chunk_00270,787698,answer,فحص الدم ومجموعته,0.850,llama-3.1-8b-instant,entity_extraction_v2_qa_records_only
ent_diseasecondition_de3da637baf8,النقرس,DiseaseCondition,نقرس,ahd5k_00776,chunk_00271,798981,answer,مرض النقرس,0.950,llama-3.1-8b-instant,entity_extraction_v2_qa_records_only
ent_test_b9ffea8a3b3d,حمض اليوريك,Test,تحليل الحمض,ahd5k_00776,chunk_00271,798981,answer,نتيجة التحليل كانت ارتفاع في اريك أسيد بدرجة ٨٫٥,0.850,llama-3.1-8b-instant,entity_extraction_v2_qa_records_only
ent_diseasecondition_99862803579b,التهابات,DiseaseCondition,التهابات,ahd5k_02299,chunk_00271,690937,answer,اعتلال الأعصاب الحاد يمكن أن يكون لها أسباب مختلفة ، بما في ذلك الالتهابات,0.850,llama-3.1-8b-instant,entity_extraction_v2_qa_records_only
ent_diseasecondition_c1b41bd3762d,الاعتلال العصبي الحاد,DiseaseCondition,الاعتلال العصبي الحاد,ahd5k_02299,chunk_00271,690937,answer,اعتلال الأعصاب الحاد,0.950,llama-3.1-8b-instant,entity_extraction_v2_qa_records_only
ent_diseasecondition_d808bbf4fafe,الاعتلال العصبي المحيطي,DiseaseCondition,الاعتلال العصبي المحيطي,ahd5k_02299,chunk_00271,690937,answer,ضرر أو مرض يصيب الأعصاب الطرفية ( الاعتلال العصبي المحيطي ),0.950,llama-3.1-8b-instant,entity_extraction_v2_qa_records_only
ent_diseasecondition_8369666e0d29,سكتة خلايا دموية,DiseaseCondition,Sickle cell trait (AS),ahd5k_02873,chunk_00272,782182,question,Sickle cell trait (AS),0.950,llama-3.1-8b-instant,entity_extraction_v2_qa_records_only
ent_diseasecondition_b418acce4fb2,فقر الدم المنجلي,DiseaseCondition,فقر الدم المنجلي,ahd5k_02873,chunk_00272,782182,answer,فقر الدم المنجلي Seckele,0.950,llama-3.1-8b-instant,entity_extraction_v2_qa_records_only
ent_test_dd68aa784555,تحاليل مخبرية,Test,فحوصات جينية,ahd5k_03672,chunk_00272,782840,answer,عمل فحوصات جينية,0.950,llama-3.1-8b-instant,entity_extraction_v2_qa_records_only
ent_test_dd68aa784555,تحاليل مخبرية,Test,تحليل antiphospholipid,ahd5k_03864,chunk_00272,753883,answer,تحليل antiphospholipid,0.950,llama-3.1-8b-instant,entity_extraction_v2_qa_records_only
ent_treatment_1510eb56f9c4,حمض الفوليك,Treatment,حمض الفوليك,ahd5k_03864,chunk_00272,753883,answer,taking Folic acid,0.950,llama-3.1-8b-instant,entity_extraction_v2_qa_records_only
ent_diseasecondition_16cf4e77b755,التهاب,DiseaseCondition,التهاب,ahd5k_00388,chunk_00273,787376,question,مشاكل فى الكلى والمفاصل والأوردة,0.800,llama-3.1-8b-instant,entity_extraction_v2_qa_records_only
ent_test_dd68aa784555,تحاليل مخبرية,Test,تحليل,ahd5k_00388,chunk_00273,787376,question,تحليل الحساسية,0.850,llama-3.1-8b-instant,entity_extraction_v2_qa_records_only
ent_diseasecondition_9474eb6ce292,متلازمة كريغلر نجار,DiseaseCondition,متلازمة كريغلر نجار,ahd5k_00854,chunk_00273,804338,answer,إنه مرض أيضي في الكبد يتظاهر كيرقان واعتلال الدماغ، وهو وراثي من نوع آر ولا يوجد له علاج حتى ، الآن.,0.950,llama-3.1-8b-instant,entity_extraction_v2_qa_records_only
ent_diseasecondition_497a01dc0103,التلاسيميا,DiseaseCondition,مرض الثلاسيميا(فقر دم البحر الابيض المتوسط),ahd5k_00494,chunk_00274,802006,question,مرض التلاسيميا وراثي متنحي وله علاج معروف,0.850,llama-3.1-8b-instant,entity_extraction_v2_qa_records_only
ent_diseasecondition_497a01dc0103,التلاسيميا,DiseaseCondition,التلاسيميا,ahd5k_00494,chunk_00274,802006,answer,مرض التلاسيميا وراثي متنحي وله علاج معروف,0.850,llama-3.1-8b-instant,entity_extraction_v2_qa_records_only
ent_diseasecondition_9e3b0d436b03,الشلل الرعاشي,DiseaseCondition,الشلل الرعاشي,ahd5k_00536,chunk_00274,806710,question,اكتشف العلماء ان الشلل الرعاشي او داء باركنسون ينتقل وراثيا من الاباء الى الابناء,0.850,llama-3.1-8b-instant,entity_extraction_v2_qa_records_only
ent_diseasecondition_aaf0d0958a26,السرطان,DiseaseCondition,السرطان,ahd5k_01354,chunk_00274,799466,answer,يعتقد أن الوراثة تلعب دوراً مهماً في نشوء السرطانات، وخاصة سرطان الثدي,0.850,llama-3.1-8b-instant,entity_extraction_v2_qa_records_only
ent_test_e2d8cff80977,فحص الثالاسيميا,Test,فحص الثالاسيميا,ahd5k_01588,chunk_00274,802425,answer,مبدئيا عليك عمل فحص الثالاسيميا,0.850,llama-3.1-8b-instant,entity_extraction_v2_qa_records_only
ent_diseasecondition_a35ca72da6b7,الحثل العضلي,DiseaseCondition,حثل العضلي,ahd5k_01590,chunk_00274,746158,question,حثل دوشين العضلي مرضاً غير قابل للشفاء,0.850,llama-3.1-8b-instant,entity_extraction_v2_qa_records_only
ent_treatment_a8870316e46d,العلاج الجيني,Treatment,العلاج الجيني,ahd5k_01590,chunk_00274,746158,answer,تمكن الباحثون الأوروبيون تطوير علاج جيني، قادر على تجاوز مجموعة من العوائق,0.850,llama-3.1-8b-instant,entity_extraction_v2_qa_records_only
ent_diseasecondition_c8a25bd71e35,الطفرة,DiseaseCondition,الطفرة,ahd5k_01918,chunk_00274,747331,question,الطفرة هي تغيير في المادة الصبغية ينتج عنها ظهور صفات في الذرية غير موجودة في الأبوين,0.850,llama-3.1-8b-instant,entity_extraction_v2_qa_records_only
ent_diseasecondition_0cbdd73555ae,متلازمة داون,DiseaseCondition,متلازمة داون,ahd5k_02053,chunk_00275,803816,question,متلازمة داون,0.850,llama-3.1-8b-instant,entity_extraction_v2_qa_records_only
ent_diseasecondition_16cf4e77b755,التهاب,DiseaseCondition,التهاب,ahd5k_02053,chunk_00275,803816,answer,التهاب,0.850,llama-3.1-8b-instant,entity_extraction_v2_qa_records_only
ent_diseasecondition_16cf4e77b755,التهاب,DiseaseCondition,التهاب,ahd5k_02260,chunk_00275,795181,answer,التهاب,0.850,llama-3.1-8b-instant,entity_extraction_v2_qa_records_only
ent_diseasecondition_16cf4e77b755,التهاب,DiseaseCondition,التهاب,ahd5k_02877,chunk_00275,29057,answer,التهاب,0.850,llama-3.1-8b-instant,entity_extraction_v2_qa_records_only
ent_diseasecondition_16cf4e77b755,التهاب,DiseaseCondition,التهاب,ahd5k_03425,chunk_00275,799772,answer,التهاب,0.850,llama-3.1-8b-instant,entity_extraction_v2_qa_records_only
ent_diseasecondition_16cf4e77b755,التهاب,DiseaseCondition,التهاب,ahd5k_03459,chunk_00275,781868,answer,التهاب,0.850,llama-3.1-8b-instant,entity_extraction_v2_qa_records_only
ent_diseasecondition_df5ec68e4117,فصام,DiseaseCondition,فصام,ahd5k_03459,chunk_00275,781868,answer,فصام,0.850,llama-3.1-8b-instant,entity_extraction_v2_qa_records_only
ent_diseasecondition_16cf4e77b755,التهاب,DiseaseCondition,التهاب,ahd5k_03493,chunk_00275,779804,answer,التهاب,0.850,llama-3.1-8b-instant,entity_extraction_v2_qa_records_only
ent_diseasecondition_16cf4e77b755,التهاب,DiseaseCondition,التهاب,ahd5k_03494,chunk_00275,804139,answer,التهاب,0.850,llama-3.1-8b-instant,entity_extraction_v2_qa_records_only
ent_diseasecondition_90ee5c0e03cb,حثل عضلي,DiseaseCondition,حثل عضلي,ahd5k_03494,chunk_00275,804139,answer,حثل عضلي,0.850,llama-3.1-8b-instant,entity_extraction_v2_qa_records_only
ent_diseasecondition_16cf4e77b755,التهاب,DiseaseCondition,التهاب,ahd5k_03512,chunk_00275,799489,answer,التهاب,0.850,llama-3.1-8b-instant,entity_extraction_v2_qa_records_only
ent_diseasecondition_0cbdd73555ae,متلازمة داون,DiseaseCondition,متلازمة داون,ahd5k_03611,chunk_00276,798533,answer,متلازمة داون هو مرض غير وراثي,0.950,llama-3.1-8b-instant,entity_extraction_v2_qa_records_only
ent_diseasecondition_7fd8c6313b83,داء بازيديو,DiseaseCondition,داء بازيديو,ahd5k_04099,chunk_00276,801728,answer,ويسمى أيضاً داء غريفس وهو حالة من فرط نشاط الدرق مع سلعة وجحوظ عيني,0.950,llama-3.1-8b-instant,entity_extraction_v2_qa_records_only
ent_symptom_1453763d6cd1,جحوظ العينين,Symptom,جحوظ العينين,ahd5k_04099,chunk_00276,801728,answer,ويسمى أيضاً داء غريفس وهو حالة من فرط نشاط الدرق مع سلعة وجحوظ عيني,0.950,llama-3.1-8b-instant,entity_extraction_v2_qa_records_only
ent_diseasecondition_0a0632b5c10c,سرطان الثدي,DiseaseCondition,سرطان الثدي,ahd5k_04682,chunk_00276,780248,answer,يحتاج سرطان الثدي سنوات حتى يتطور ويبدأ بالكبر,0.950,llama-3.1-8b-instant,entity_extraction_v2_qa_records_only
ent_diseasecondition_319e19ad93a5,المرض الوراثي,DiseaseCondition,المرض الوراثي,ahd5k_01829,chunk_00278,794310,answer,المرض الوراثي,0.950,llama-3.1-8b-instant,entity_extraction_v2_qa_records_only
ent_diseasecondition_7abdd04c7114,الحمل,DiseaseCondition,الحمل,ahd5k_01829,chunk_00278,794310,answer,الحمل,0.950,llama-3.1-8b-instant,entity_extraction_v2_qa_records_only
ent_diseasecondition_e973040455bf,التشوهات الخلقية,DiseaseCondition,التشوهات الخلقية,ahd5k_01829,chunk_00278,794310,answer,التشوهات الخلقية,0.950,llama-3.1-8b-instant,entity_extraction_v2_qa_records_only
ent_test_65516c9fb04d,فحص الكروموسومات,Test,فحص الكروموسومات,ahd5k_01829,chunk_00278,794310,answer,فحص الكروموسومات,0.950,llama-3.1-8b-instant,entity_extraction_v2_qa_records_only
ent_treatment_16cc3b5ca3be,التشخيص المبكر,Treatment,التشخيص المبكر,ahd5k_01829,chunk_00278,794310,answer,التشخيص المبكر,0.950,llama-3.1-8b-instant,entity_extraction_v2_qa_records_only
ent_diseasecondition_319e19ad93a5,المرض الوراثي,DiseaseCondition,المرض الوراثي,ahd5k_04207,chunk_00278,767486,answer,المرض الوراثي,0.950,llama-3.1-8b-instant,entity_extraction_v2_qa_records_only
ent_diseasecondition_7abdd04c7114,الحمل,DiseaseCondition,الحمل,ahd5k_04207,chunk_00278,767486,answer,الحمل,0.950,llama-3.1-8b-instant,entity_extraction_v2_qa_records_only
ent_test_1c723cbf8db8,التجاوب الجيني,Test,التجاوب الجيني,ahd5k_04207,chunk_00278,767486,answer,التجاوب الجيني,0.950,llama-3.1-8b-instant,entity_extraction_v2_qa_records_only
ent_treatment_d4579cc2811c,العلاج المبكر,Treatment,العلاج المبكر,ahd5k_04207,chunk_00278,767486,answer,العلاج المبكر,0.950,llama-3.1-8b-instant,entity_extraction_v2_qa_records_only
ent_diseasecondition_7abdd04c7114,الحمل,DiseaseCondition,الحمل,ahd5k_00185,chunk_00279,738825,question,الحمل,0.850,llama-3.1-8b-instant,entity_extraction_v2_qa_records_only
ent_symptom_018ebc11f6df,حمى,Symptom,حمى,ahd5k_00185,chunk_00279,738825,question,حمى,0.850,llama-3.1-8b-instant,entity_extraction_v2_qa_records_only
ent_diseasecondition_ad424ed48183,الانيمياء,DiseaseCondition,الانيمياء,ahd5k_03214,chunk_00280,791171,answer,الانيمياء,0.950,llama-3.1-8b-instant,entity_extraction_v2_qa_records_only
ent_diseasecondition_ad424ed48183,الانيمياء,DiseaseCondition,الانيمياء,ahd5k_03214,chunk_00280,791171,question,الانيمياء,0.950,llama-3.1-8b-instant,entity_extraction_v2_qa_records_only
ent_symptom_4631a1e68acb,الصداع,Symptom,الصداع,ahd5k_03214,chunk_00280,791171,answer,الصداع,0.950,llama-3.1-8b-instant,entity_extraction_v2_qa_records_only
ent_test_dd68aa784555,تحاليل مخبرية,Test,تحليل مخبري,ahd5k_03214,chunk_00280,791171,answer,تحليل مخبري,0.950,llama-3.1-8b-instant,entity_extraction_v2_qa_records_only
ent_treatment_75408e11fdcc,حبوب مانعه للحمل,Treatment,حبوب مانعه للحمل,ahd5k_03214,chunk_00280,791171,answer,حبوب مانعه للحمل,0.950,llama-3.1-8b-instant,entity_extraction_v2_qa_records_only
ent_diseasecondition_319e19ad93a5,المرض الوراثي,DiseaseCondition,المرض الوراثي,ahd5k_00936,chunk_00281,802475,answer,المرض الوراثي يعني أنه موجود منذ الولادة,0.950,llama-3.1-8b-instant,entity_extraction_v2_qa_records_only
ent_diseasecondition_319e19ad93a5,المرض الوراثي,DiseaseCondition,الأمراض الوراثية,ahd5k_00936,chunk_00281,802475,answer,المرض الوراثي يعني أنه موجود منذ الولادة، ويكفي اختبار واحد في الحياة لمعرفة وجود أمراض وراثية,0.950,llama-3.1-8b-instant,entity_extraction_v2_qa_records_only
ent_test_254b7361d764,فحوصات جينية,Test,فحوصات جينية,ahd5k_00936,chunk_00281,802475,answer,المرض الوراثي يعني أنه موجود منذ الولادة، ويكفي اختبار واحد في الحياة لمعرفة وجود أمراض وراثية,0.950,llama-3.1-8b-instant,entity_extraction_v2_qa_records_only
ent_diseasecondition_319e19ad93a5,المرض الوراثي,DiseaseCondition,الأمراض الوراثية,ahd5k_00965,chunk_00281,785699,answer,١- ليس بالضرورة أن يؤدي زواج الأقارب لولادة أطفال معاقين، بل يعتمد ذلك على وجود الجينات المرضية عند كلا الزوجين، وهو يزيد احتمالات الإصابة بالأمراض الوراثية,0.950,llama-3.1-8b-instant,entity_extraction_v2_qa_records_only
ent_diseasecondition_794191c3054d,الجينات المرضية,DiseaseCondition,الجينات المرضية,ahd5k_00965,chunk_00281,785699,answer,١- ليس بالضرورة أن يؤدي زواج الأقارب لولادة أطفال معاقين، بل يعتمد ذلك على وجود الجينات المرضية عند كلا الزوجين,0.950,llama-3.1-8b-instant,entity_extraction_v2_qa_records_only
ent_test_254b7361d764,فحوصات جينية,Test,فحوصات جينية,ahd5k_00965,chunk_00281,785699,answer,٢- هناك فحوصات جينية تجرى لكلا الزوجين لمعرفة وجود جينات مرضية مشتركة قد تنبئ باحتمال حدوث الخلل,0.950,llama-3.1-8b-instant,entity_extraction_v2_qa_records_only
ent_diseasecondition_319e19ad93a5,المرض الوراثي,DiseaseCondition,الجينات الوراثية,ahd5k_01235,chunk_00281,785858,answer,مجموعة الدم ليس لها علاقة بالجينات الوراثية، يجب عمل فحص للجينات، لتحديد الخلل الجيني,0.950,llama-3.1-8b-instant,entity_extraction_v2_qa_records_only
ent_diseasecondition_794191c3054d,الجينات المرضية,DiseaseCondition,الجينات الوراثية,ahd5k_01235,chunk_00281,785858,answer,مجموعة الدم ليس لها علاقة بالجينات الوراثية، يجب عمل فحص للجينات، لتحديد الخلل الجيني,0.950,llama-3.1-8b-instant,entity_extraction_v2_qa_records_only
ent_test_254b7361d764,فحوصات جينية,Test,فحوصات جينية,ahd5k_01235,chunk_00281,785858,answer,مجموعة الدم ليس لها علاقة بالجينات الوراثية، يجب عمل فحص للجينات، لتحديد الخلل الجيني,0.950,llama-3.1-8b-instant,entity_extraction_v2_qa_records_only
ent_diseasecondition_16cf4e77b755,التهاب,DiseaseCondition,التهاب,ahd5k_00161,chunk_00282,789220,answer,التهاب,0.850,llama-3.1-8b-instant,entity_extraction_v2_qa_records_only
ent_diseasecondition_16cf4e77b755,التهاب,DiseaseCondition,التهاب,ahd5k_00288,chunk_00282,785545,answer,التهاب,0.850,llama-3.1-8b-instant,entity_extraction_v2_qa_records_only
ent_diseasecondition_16cf4e77b755,التهاب,DiseaseCondition,التهاب,ahd5k_00518,chunk_00282,804382,answer,التهاب,0.850,llama-3.1-8b-instant,entity_extraction_v2_qa_records_only
ent_diseasecondition_16cf4e77b755,التهاب,DiseaseCondition,التهاب,ahd5k_00841,chunk_00282,801175,answer,التهاب,0.850,llama-3.1-8b-instant,entity_extraction_v2_qa_records_only
ent_diseasecondition_16cf4e77b755,التهاب,DiseaseCondition,التهاب,ahd5k_00942,chunk_00282,797521,answer,التهاب,0.850,llama-3.1-8b-instant,entity_extraction_v2_qa_records_only
ent_diseasecondition_2f75d3dabe0b,حساسية,DiseaseCondition,حساسية الصدر,ahd5k_02172,chunk_00283,795526,answer,لا يضر لعب الحديد بالنمو ولكن يجب تناول أغذية متوازنة تمدك بسعرات حرارية كافية للعب الرياضة الشاقة,0.850,llama-3.1-8b-instant,entity_extraction_v2_qa_records_only
ent_diseasecondition_2f75d3dabe0b,حساسية,DiseaseCondition,حساسية الصدر,ahd5k_02172,chunk_00283,795526,question,هل يؤثر لعب الحديد مت تحت 18 عل اعاقة النمو؟ أنا عمري 15 هل يضر ام لا؟!,0.850,llama-3.1-8b-instant,entity_extraction_v2_qa_records_only
ent_treatment_aca93e94c9d7,بريمارين,Treatment,بريمارين,ahd5k_02450,chunk_00283,802301,answer,الخوف هو من الاستمرار على تناول العلاج وليس على تركه ولا اظن بأن هناك اي مشالك من ترك هذا الدواء ولكن الأهم من هذا هو الحالة النفسية ولا بد لك من استشارة طبيب نفسي ليساعدك في النقلة من حالة الانوثة الى الرجولة اما بالنسبة للثدي فسوف يضمر نسبيا بعد ترك البريمارين واذا لزم الامر بالامكان اجراء عملية تجميلية لتصحيح الوضع,0.850,llama-3.1-8b-instant,entity_extraction_v2_qa_records_only
ent_test_433492431144,تحليل الحساسية,Test,تحليل الحساسية,ahd5k_03122,chunk_00283,804869,answer,يتم ذلك بدراسة الجينات البشرية والجينوم ، ومعرفة الجينات الطبيعية والجينات المتغيرة وغير الطبيعية ، ومقارنتها بالجينات المرضية التي تسبب الأمراض.,0.850,llama-3.1-8b-instant,entity_extraction_v2_qa_records_only
ent_diseasecondition_0cbdd73555ae,متلازمة داون,DiseaseCondition,متلازمة داون,ahd5k_03309,chunk_00283,773915,answer,ما هو السؤال؟ بعض انواع الصمم وراثي و البعض الاخر غير وراثي,0.850,llama-3.1-8b-instant,entity_extraction_v2_qa_records_only
ent_diseasecondition_368d9b61b18f,صمم,DiseaseCondition,صمم,ahd5k_03309,chunk_00283,773915,answer,ما هو السؤال؟ بعض انواع الصمم وراثي و البعض الاخر غير وراثي,0.850,llama-3.1-8b-instant,entity_extraction_v2_qa_records_only
ent_symptom_f35b829098f5,صمم,Symptom,صمم,ahd5k_03309,chunk_00283,773915,question,أريد الزواج من فتاة والدها يعاني من الصم والبكم وعميه لديه متلازمة داون ،مع العلم لايوجد أحد باخوتهامريض بأي من هذه الامراض ولا حتى أبناءأخواتها المتزوجات ،للأن..ولاتربطني صلة قرابة بها،وهي...,0.850,llama-3.1-8b-instant,entity_extraction_v2_qa_records_only
ent_diseasecondition_a7e5e3f0d48d,متلازمة كلاينفلتر,DiseaseCondition,متلازمة كلاينفلتر,ahd5k_04322,chunk_00284,804990,answer,متلازمة كلاينفلتر,0.950,llama-3.1-8b-instant,entity_extraction_v2_qa_records_only
ent_diseasecondition_0a0632b5c10c,سرطان الثدي,DiseaseCondition,سرطان الثدي,ahd5k_04374,chunk_00284,804870,answer,سرطان الثدي ١علي الصبغي ١٧,0.950,llama-3.1-8b-instant,entity_extraction_v2_qa_records_only
ent_diseasecondition_ab6cb6858d50,علم الوراثة,DiseaseCondition,علم الوراثة,ahd5k_04743,chunk_00285,794832,answer,"علم الوراثة ( Genetics ) الفرع من علم الأحياء الذي يبحث في الوراثة والاختلاف والصفات الشخصية، وفي تطور وقوانين الوراثة، ويعتمد على دراسة قوانين ""مندل"" وانتقال الصبغيات إلى البناء كونها تحمل الصفات الوراثية.",0.950,llama-3.1-8b-instant,entity_extraction_v2_qa_records_only
ent_diseasecondition_bea06b58cdde,Genetics,DiseaseCondition,Genetics,ahd5k_04743,chunk_00285,794832,answer,"علم الوراثة ( Genetics ) الفرع من علم الأحياء الذي يبحث في الوراثة والاختلاف والصفات الشخصية، وفي تطور وقوانين الوراثة، ويعتمد على دراسة قوانين ""مندل"" وانتقال الصبغيات إلى البناء كونها تحمل الصفات الوراثية.",0.950,llama-3.1-8b-instant,entity_extraction_v2_qa_records_only
ent_diseasecondition_ab6cb6858d50,علم الوراثة,DiseaseCondition,علم الوراثة,ahd5k_04839,chunk_00285,796996,question,هل من الممكن معرفة اصل (ابوة) الطفل ،وكيف؟ارجو الاجابة بسرعة,0.950,llama-3.1-8b-instant,entity_extraction_v2_qa_records_only
ent_test_2a7adb523ba9,فحص الدنا,Test,فحص الدنا,ahd5k_04839,chunk_00285,796996,answer,يمكن فحص الأبوة في المختبر،راجع مختبرات وزارة الصحة أو المختبرات الخاصة.يمكن عمل فحص مجموعات الدم ولكن الأكثر دقة هو فحص الدنا.,0.950,llama-3.1-8b-instant,entity_extraction_v2_qa_records_only
ent_test_d5c5c77ed56c,فحص مجموعات الدم,Test,فحص مجموعات الدم,ahd5k_04839,chunk_00285,796996,answer,يمكن فحص الأبوة في المختبر،راجع مختبرات وزارة الصحة أو المختبرات الخاصة.يمكن عمل فحص مجموعات الدم ولكن الأكثر دقة هو فحص الدنا.,0.950,llama-3.1-8b-instant,entity_extraction_v2_qa_records_only
ent_test_ec5c5ab52548,Genetics,Test,Genetics,ahd5k_04839,chunk_00285,796996,answer,يمكن فحص الأبوة في المختبر،راجع مختبرات وزارة الصحة أو المختبرات الخاصة.يمكن عمل فحص مجموعات الدم ولكن الأكثر دقة هو فحص الدنا.,0.950,llama-3.1-8b-instant,entity_extraction_v2_qa_records_only
ent_treatment_c34968373375,مختبرات,Treatment,مختبرات,ahd5k_04839,chunk_00285,796996,answer,يمكن فحص الأبوة في المختبر،راجع مختبرات وزارة الصحة أو المختبرات الخاصة.يمكن عمل فحص مجموعات الدم ولكن الأكثر دقة هو فحص الدنا.,0.950,llama-3.1-8b-instant,entity_extraction_v2_qa_records_only
ent_treatment_ca31e704e71e,مختبرات وزارة الصحة,Treatment,مختبرات وزارة الصحة,ahd5k_04839,chunk_00285,796996,answer,يمكن فحص الأبوة في المختبر،راجع مختبرات وزارة الصحة أو المختبرات الخاصة.يمكن عمل فحص مجموعات الدم ولكن الأكثر دقة هو فحص الدنا.,0.950,llama-3.1-8b-instant,entity_extraction_v2_qa_records_only
ent_treatment_cf3dd6bbb903,مختبرات خاصة,Treatment,مختبرات خاصة,ahd5k_04839,chunk_00285,796996,answer,يمكن فحص الأبوة في المختبر،راجع مختبرات وزارة الصحة أو المختبرات الخاصة.يمكن عمل فحص مجموعات الدم ولكن الأكثر دقة هو فحص الدنا.,0.950,llama-3.1-8b-instant,entity_extraction_v2_qa_records_only
ent_diseasecondition_16cf4e77b755,التهاب,DiseaseCondition,تهاب,ahd5k_02210,chunk_00286,668807,question,تهاب مهبليه,0.950,llama-3.1-8b-instant,entity_extraction_v2_qa_records_only
ent_treatment_ac95de71bbb5,فلاجيل,Treatment,فلاجيل,ahd5k_02210,chunk_00286,668807,answer,حبوب فلاجيل 500مج حبه 3 مرات لمدة اسبوع,0.950,llama-3.1-8b-instant,entity_extraction_v2_qa_records_only
ent_treatment_e1617eb3cec1,حبوب ديفلوكان,Treatment,حبوب ديفلوكان,ahd5k_02210,chunk_00286,668807,answer,حبوب ديفلوكان 150مج كبسوله واحده كل اسبوع لمدة 3 اسابيع,0.950,llama-3.1-8b-instant,entity_extraction_v2_qa_records_only
ent_diseasecondition_16cf4e77b755,التهاب,DiseaseCondition,التهاب,ahd5k_03217,chunk_00286,188130,question,التهاب,0.950,llama-3.1-8b-instant,entity_extraction_v2_qa_records_only
ent_diseasecondition_16cf4e77b755,التهاب,DiseaseCondition,تهاب,ahd5k_04506,chunk_00286,614951,question,تهابات مهبليه,0.950,llama-3.1-8b-instant,entity_extraction_v2_qa_records_only
ent_diseasecondition_16cf4e77b755,التهاب,DiseaseCondition,التهاب,ahd5k_04917,chunk_00286,379237,answer,التهابات او جروح او لحميات,0.950,llama-3.1-8b-instant,entity_extraction_v2_qa_records_only
ent_diseasecondition_7abdd04c7114,الحمل,DiseaseCondition,حمل اتناء الدورة الشهرية,ahd5k_00098,chunk_00287,231688,question,حمل اتناء الدورة الشهرية,0.950,llama-3.1-8b-instant,entity_extraction_v2_qa_records_only
ent_diseasecondition_f870ba2ab6eb,الدورة الشهرية,DiseaseCondition,الدورة الشهرية,ahd5k_00098,chunk_00287,231688,question,الدورة الشهرية,0.900,llama-3.1-8b-instant,entity_extraction_v2_qa_records_only
ent_diseasecondition_16cf4e77b755,التهاب,DiseaseCondition,اعراض جانبيه,ahd5k_00099,chunk_00287,39248,answer,اعراض جانبيه,0.800,llama-3.1-8b-instant,entity_extraction_v2_qa_records_only
ent_treatment_ba7ecc903fef,المنشط,Treatment,منشط letozol2.5,ahd5k_00099,chunk_00287,39248,question,منشط letozol2.5,0.900,llama-3.1-8b-instant,entity_extraction_v2_qa_records_only
ent_diseasecondition_7abdd04c7114,الحمل,DiseaseCondition,حمل,ahd5k_00165,chunk_00287,166006,question,حمل,0.950,llama-3.1-8b-instant,entity_extraction_v2_qa_records_only
ent_diseasecondition_f870ba2ab6eb,الدورة الشهرية,DiseaseCondition,الدورة الشهرية,ahd5k_00168,chunk_00287,222391,question,الدورة الشهرية,0.900,llama-3.1-8b-instant,entity_extraction_v2_qa_records_only
ent_diseasecondition_7abdd04c7114,الحمل,DiseaseCondition,حمل,ahd5k_00224,chunk_00287,232857,question,حمل,0.950,llama-3.1-8b-instant,entity_extraction_v2_qa_records_only
ent_diseasecondition_7abdd04c7114,الحمل,DiseaseCondition,حمل,ahd5k_00496,chunk_00287,261681,question,حمل,0.950,llama-3.1-8b-instant,entity_extraction_v2_qa_records_only
ent_test_b558db393b58,السونار,Test,سونار مهبلي,ahd5k_00496,chunk_00287,261681,question,سونار مهبلي,0.950,llama-3.1-8b-instant,entity_extraction_v2_qa_records_only
ent_diseasecondition_7abdd04c7114,الحمل,DiseaseCondition,حمل,ahd5k_00718,chunk_00287,184092,question,حمل,0.950,llama-3.1-8b-instant,entity_extraction_v2_qa_records_only
ent_diseasecondition_7abdd04c7114,الحمل,DiseaseCondition,الحمل,ahd5k_00760,chunk_00288,315108,question,انا حامل في الاسبوع السابع,0.850,llama-3.1-8b-instant,entity_extraction_v2_qa_records_only
ent_diseasecondition_f870ba2ab6eb,الدورة الشهرية,DiseaseCondition,الدورة الشهرية,ahd5k_00760,chunk_00288,315108,question,الجنين ميت وطلبتو سونار ثاني قالي بعد اسبوع ولكن يوم امس نزل علي قليل من الدم لكن لايوجد اي...,0.850,llama-3.1-8b-instant,entity_extraction_v2_qa_records_only
ent_test_b558db393b58,السونار,Test,السونار,ahd5k_00760,chunk_00288,315108,question,الجنين ميت وطلبتو سونار ثاني قالي بعد اسبوع,0.850,llama-3.1-8b-instant,entity_extraction_v2_qa_records_only
ent_diseasecondition_7abdd04c7114,الحمل,DiseaseCondition,الحمل,ahd5k_00908,chunk_00288,208299,question,زوجتي حامل بلشهر الثاني,0.850,llama-3.1-8b-instant,entity_extraction_v2_qa_records_only
ent_diseasecondition_f870ba2ab6eb,الدورة الشهرية,DiseaseCondition,الدورة الشهرية,ahd5k_00908,chunk_00288,208299,question,مع العلم ان الدورة متلخبطه الى اليوم,0.850,llama-3.1-8b-instant,entity_extraction_v2_qa_records_only
ent_diseasecondition_7abdd04c7114,الحمل,DiseaseCondition,الحمل,ahd5k_00920,chunk_00288,231026,answer,يمكن ان يحدث الحمل بحجم بويضة اقل من ذلك و لا يزيد عن 26 ملم,0.850,llama-3.1-8b-instant,entity_extraction_v2_qa_records_only
ent_diseasecondition_f870ba2ab6eb,الدورة الشهرية,DiseaseCondition,الدورة,ahd5k_00920,chunk_00288,231026,question,يوم 11 وجد بويضتين بحجم 18 شمالا فأخذت ابرة تفجيرية.عملت سونار يوم 16 من الدورة,0.850,llama-3.1-8b-instant,entity_extraction_v2_qa_records_only
ent_test_b558db393b58,السونار,Test,السونار,ahd5k_00920,chunk_00288,231026,question,عملت سونار يوم 16 من الدورة,0.850,llama-3.1-8b-instant,entity_extraction_v2_qa_records_only
ent_treatment_b11ac938c370,المنشطات,Treatment,المنشطات,ahd5k_00920,chunk_00288,231026,answer,"تراجع الطبيب المعالج والاستفسار,سلامات الابرة التفجيرية تستخدم للمساعدة على زيادة حجم الحويصلة من حول البويضة و تساهم في خروج البويضة او انفجارها كما هو شائع ليساعدها على التلقيح و حدوث الحمل",0.850,llama-3.1-8b-instant,entity_extraction_v2_qa_records_only
ent_diseasecondition_7abdd04c7114,الحمل,DiseaseCondition,الحمل,ahd5k_00956,chunk_00288,327918,answer,لا تمنعه....,0.850,llama-3.1-8b-instant,entity_extraction_v2_qa_records_only
ent_diseasecondition_f870ba2ab6eb,الدورة الشهرية,DiseaseCondition,الدورة,ahd5k_00956,chunk_00288,327918,question,عندي افرازات بيضاء شفافة قبل العادة و بعدها,0.850,llama-3.1-8b-instant,entity_extraction_v2_qa_records_only
ent_diseasecondition_7abdd04c7114,الحمل,DiseaseCondition,الحمل,ahd5k_01041,chunk_00288,95664,answer,هذا ليس دليل على الحمل,0.850,llama-3.1-8b-instant,entity_extraction_v2_qa_records_only
ent_diseasecondition_f870ba2ab6eb,الدورة الشهرية,DiseaseCondition,الدورة,ahd5k_01041,chunk_00288,95664,question,السلام عليكم أنا أم مرضعة جائتني الدورة بعد الولادة مرتين و الآن بعد 7 شهور عادة الدورة,0.850,llama-3.1-8b-instant,entity_extraction_v2_qa_records_only
ent_diseasecondition_7abdd04c7114,الحمل,DiseaseCondition,الحمل,ahd5k_01101,chunk_00288,220023,answer,هذا ليس دليل على الحمل,0.850,llama-3.1-8b-instant,entity_extraction_v2_qa_records_only
ent_diseasecondition_f870ba2ab6eb,الدورة الشهرية,DiseaseCondition,الدورة الشهرية,ahd5k_01101,chunk_00288,220023,question,أنا الدورة الشهرية بدأت 26 من هذا الشهر وانتهت 29,0.850,llama-3.1-8b-instant,entity_extraction_v2_qa_records_only
ent_diseasecondition_7abdd04c7114,الحمل,DiseaseCondition,الحمل,ahd5k_01130,chunk_00288,807202,answer,الوقت يبدو مناسب للحمل,0.850,llama-3.1-8b-instant,entity_extraction_v2_qa_records_only
ent_diseasecondition_f870ba2ab6eb,الدورة الشهرية,DiseaseCondition,الدورة,ahd5k_01130,chunk_00288,807202,question,هل تاخر العادة شهرية عمر طبيعي؟مع لعلم أنها أتتني في ليوم ٧/٠٩/٢٠٠٩ ونحن في ليوم ١١/١٠/٢٠٠٩,0.850,llama-3.1-8b-instant,entity_extraction_v2_qa_records_only
ent_test_b558db393b58,السونار,Test,السونار,ahd5k_01130,chunk_00288,807202,answer,الوقت يبدو مناسب للحمل، بعد أسبوعين من العادة ، أي قبل أسبوعين من الدورة القادمة,0.850,llama-3.1-8b-instant,entity_extraction_v2_qa_records_only
ent_diseasecondition_7abdd04c7114,الحمل,DiseaseCondition,الحمل,ahd5k_01142,chunk_00288,284760,question,اريد الحمل,0.850,llama-3.1-8b-instant,entity_extraction_v2_qa_records_only
ent_diseasecondition_f870ba2ab6eb,الدورة الشهرية,DiseaseCondition,الدورة الشهرية,ahd5k_01142,chunk_00288,284760,question,اريد الحمل فعملت فحص هرمون البرولاكتين فوجدته عندي مرتفع.. سيأتي زوجي بعد سبعة اشهر تقريبا ..,0.850,llama-3.1-8b-instant,entity_extraction_v2_qa_records_only
ent_test_0a5df99d083d,البرولاكتين,Test,برولاكتين,ahd5k_01142,chunk_00288,284760,question,فعملت فحص هرمون البرولاكتين فوجدته عندي مرتفع,0.850,llama-3.1-8b-instant,entity_extraction_v2_qa_records_only
ent_diseasecondition_7abdd04c7114,الحمل,DiseaseCondition,حمل بالاسبوع العاشر,ahd5k_01192,chunk_00289,136795,question,اعاني من افرازات خضراء مع سيلان كثيف مع العلم بانني حامل بالاسبوع العاشر,0.950,llama-3.1-8b-instant,entity_extraction_v2_qa_records_only
ent_symptom_7448c22419cc,الدورة,Symptom,دورة,ahd5k_01192,chunk_00289,136795,question,اعاني من افرازات خضراء مع سيلان كثيف مع العلم بانني حامل بالاسبوع العاشر لا اعاني من اي حكا الا باوقات قليلة ولا اعاني من رائحة سيئة للافرازات,0.900,llama-3.1-8b-instant,entity_extraction_v2_qa_records_only
ent_symptom_d89240a33051,الافرازات,Symptom,افرازات خضراء,ahd5k_01192,chunk_00289,136795,question,اعاني من افرازات خضراء مع سيلان كثيف مع العلم بانني حامل بالاسبوع العاشر,0.800,llama-3.1-8b-instant,entity_extraction_v2_qa_records_only
ent_diseasecondition_7abdd04c7114,الحمل,DiseaseCondition,حمل,ahd5k_01487,chunk_00289,234881,question,اعملي فحص حمل,0.950,llama-3.1-8b-instant,entity_extraction_v2_qa_records_only
ent_test_2bc30376cec9,فحص حمل,Test,فحص حمل,ahd5k_01487,chunk_00289,234881,question,اعملي فحص حمل,0.950,llama-3.1-8b-instant,entity_extraction_v2_qa_records_only
ent_diseasecondition_16cf4e77b755,التهاب,DiseaseCondition,تهاب,ahd5k_01547,chunk_00289,464443,question,اضطراب الدوره بسبب وجود كيس مائى على المبيض الايسر بحجم ٣سم,0.700,llama-3.1-8b-instant,entity_extraction_v2_qa_records_only
ent_treatment_ad7cdfd975f7,الدواد,Treatment,دوادستون,ahd5k_01547,chunk_00289,464443,question,صفتلى الطبيبه دوفاستون اخذه منذ شهرين,0.900,llama-3.1-8b-instant,entity_extraction_v2_qa_records_only
ent_treatment_2b7b9daf7857,النظام الغذائي,Treatment,نظام غذائي,ahd5k_01591,chunk_00289,219541,question,كيف اتخلص من الوزن الزائد المسبب لتخفيف نشاط المبيض وكيف اتخلص من الحليب في الصدر كي اتكمن من الحمل,0.800,llama-3.1-8b-instant,entity_extraction_v2_qa_records_only
ent_diseasecondition_7abdd04c7114,الحمل,DiseaseCondition,حمل,ahd5k_01672,chunk_00289,317003,question,أريد الحمل,0.950,llama-3.1-8b-instant,entity_extraction_v2_qa_records_only
ent_symptom_7448c22419cc,الدورة,Symptom,دورة,ahd5k_01672,chunk_00289,317003,question,دورة تأتي منتظمة كل 26 يوم,0.900,llama-3.1-8b-instant,entity_extraction_v2_qa_records_only
ent_treatment_cac5e95ddb77,الرضاعة,Treatment,رضاعة,ahd5k_01672,chunk_00289,317003,question,ولدي طفلة رضيعة 11 شهر,0.900,llama-3.1-8b-instant,entity_extraction_v2_qa_records_only
ent_diseasecondition_7abdd04c7114,الحمل,DiseaseCondition,حمل,ahd5k_01693,chunk_00289,161412,question,انا حامل بالاسبوع السادس,0.950,llama-3.1-8b-instant,entity_extraction_v2_qa_records_only
ent_test_a114227d4326,فحص بول,Test,فحص بول,ahd5k_01693,chunk_00289,161412,question,افحصي البول,0.900,llama-3.1-8b-instant,entity_extraction_v2_qa_records_only
ent_diseasecondition_7abdd04c7114,الحمل,DiseaseCondition,حمل,ahd5k_01896,chunk_00289,270108,question,هل يحدث حمل,0.950,llama-3.1-8b-instant,entity_extraction_v2_qa_records_only
ent_diseasecondition_7abdd04c7114,الحمل,DiseaseCondition,الحمل في الشهر الثالث,ahd5k_01982,chunk_00290,392569,question,الحمل في الشهر الثالث,0.950,llama-3.1-8b-instant,entity_extraction_v2_qa_records_only
ent_diseasecondition_7abdd04c7114,الحمل,DiseaseCondition,الحمل,ahd5k_01996,chunk_00290,165248,answer,الحمل,0.950,llama-3.1-8b-instant,entity_extraction_v2_qa_records_only
ent_diseasecondition_7abdd04c7114,الحمل,DiseaseCondition,الحمل,ahd5k_02010,chunk_00290,16308,question,الحمل,0.950,llama-3.1-8b-instant,entity_extraction_v2_qa_records_only
ent_treatment_8ace7e7f99fb,تاخدي,Treatment,تاخدي,ahd5k_02010,chunk_00290,16308,answer,تاخدي,0.950,llama-3.1-8b-instant,entity_extraction_v2_qa_records_only
ent_treatment_f9254c85ad4c,قرص مانع الحمل,Treatment,قرص مانع الحمل,ahd5k_02010,chunk_00290,16308,answer,قرص مانع الحمل,0.950,llama-3.1-8b-instant,entity_extraction_v2_qa_records_only
ent_diseasecondition_7abdd04c7114,الحمل,DiseaseCondition,الحمل,ahd5k_02127,chunk_00290,7483,answer,الحمل,0.950,llama-3.1-8b-instant,entity_extraction_v2_qa_records_only
ent_diseasecondition_7abdd04c7114,الحمل,DiseaseCondition,الحمل,ahd5k_02150,chunk_00290,617835,answer,الحمل,0.950,llama-3.1-8b-instant,entity_extraction_v2_qa_records_only
ent_diseasecondition_d56405bafefa,تكيس المبايض,DiseaseCondition,تكيس المبايض,ahd5k_02150,chunk_00290,617835,question,تكيس المبايض,0.950,llama-3.1-8b-instant,entity_extraction_v2_qa_records_only
ent_diseasecondition_7abdd04c7114,الحمل,DiseaseCondition,الحمل,ahd5k_02368,chunk_00290,107144,question,الحمل,0.950,llama-3.1-8b-instant,entity_extraction_v2_qa_records_only
ent_diseasecondition_d56405bafefa,تكيس المبايض,DiseaseCondition,تكيس المبايض,ahd5k_02368,chunk_00290,107144,answer,تكيس المبايض,0.950,llama-3.1-8b-instant,entity_extraction_v2_qa_records_only
ent_treatment_0fcd679347ec,سيرازيت,Treatment,سيرازيت,ahd5k_02368,chunk_00290,107144,answer,سيرازيت,0.950,llama-3.1-8b-instant,entity_extraction_v2_qa_records_only
ent_diseasecondition_7abdd04c7114,الحمل,DiseaseCondition,الحمل,ahd5k_02387,chunk_00290,803762,answer,الحمل,0.950,llama-3.1-8b-instant,entity_extraction_v2_qa_records_only
ent_diseasecondition_f870ba2ab6eb,الدورة الشهرية,DiseaseCondition,الدورة الشهرية,ahd5k_02387,chunk_00290,803762,answer,الدورة الشهرية,0.950,llama-3.1-8b-instant,entity_extraction_v2_qa_records_only
ent_symptom_f51ef98950a2,قلق,Symptom,قلق,ahd5k_02387,chunk_00290,803762,answer,قلق,0.950,llama-3.1-8b-instant,entity_extraction_v2_qa_records_only
ent_diseasecondition_7abdd04c7114,الحمل,DiseaseCondition,الحمل,ahd5k_02573,chunk_00290,194394,question,الحمل,0.950,llama-3.1-8b-instant,entity_extraction_v2_qa_records_only
ent_diseasecondition_7abdd04c7114,الحمل,DiseaseCondition,الحمل,ahd5k_02601,chunk_00291,32501,question,منى يتم الجماع بعد حقنة ابيفاسى لحدوث الحمل,0.850,llama-3.1-8b-instant,entity_extraction_v2_qa_records_only
ent_treatment_9dc197352678,الحقنة,Treatment,الحقنة,ahd5k_02601,chunk_00291,32501,question,منى يتم الجماع بعد حقنة ابيفاسى لحدوث الحمل,0.850,llama-3.1-8b-instant,entity_extraction_v2_qa_records_only
ent_diseasecondition_16cf4e77b755,التهاب,DiseaseCondition,التهاب,ahd5k_02750,chunk_00291,243386,question,السلام تاخرت الدوره يوم وهي منتظمه ولاحسيت بأعراضهازي كل شهر بس قبل اسبوع حسيت بنغزات بالمبايض وشدوالم بالظهريومين بس وخف الالم وبعدها بايام جاءموعد الدوره وماجات ممكن حمل يصي,0.850,llama-3.1-8b-instant,entity_extraction_v2_qa_records_only
ent_diseasecondition_7abdd04c7114,الحمل,DiseaseCondition,الحمل,ahd5k_02750,chunk_00291,243386,question,السلام تاخرت الدوره يوم وهي منتظمه ولاحسيت بأعراضهازي كل شهر بس قبل اسبوع حسيت بنغزات بالمبايض وشدوالم بالظهريومين بس وخف الالم وبعدها بايام جاءموعد الدوره وماجات ممكن حمل يصي,0.850,llama-3.1-8b-instant,entity_extraction_v2_qa_records_only
ent_test_f1846b201f26,فحص,Test,فحص,ahd5k_02750,chunk_00291,243386,answer,السلام تاخرت الدوره يوم وهي منتظمه ولاحسيت بأعراضهازي كل شهر بس قبل اسبوع حسيت بنغزات بالمبايض وشدوالم بالظهريومين بس وخف الالم وبعدها بايام جاءموعد الدوره وماجات ممكن حمل يصي,0.850,llama-3.1-8b-instant,entity_extraction_v2_qa_records_only
ent_diseasecondition_7abdd04c7114,الحمل,DiseaseCondition,الحمل,ahd5k_02918,chunk_00291,251180,question,انا بنت عدراء مارست الجنس السطي مع خطيبي وحدت احتكاك طويل بين قضيبه ومهبلي لكن القذف ثم بعيدا عن مهبل ودورتي تاخرت ٨ ايام وانا خائفة من ان اكون حامل,0.850,llama-3.1-8b-instant,entity_extraction_v2_qa_records_only
ent_diseasecondition_7abdd04c7114,الحمل,DiseaseCondition,الحمل,ahd5k_03005,chunk_00291,135311,question,عمري 27 سنه عندي سنه زواج صار في حمل واجهضت بعد 5 اسابيع لم احمل بعد الاجهاض حتى الان كان عندي هرمون حليب مرتفع رحت للطبيب عملي سونار لقى رحمي...,0.850,llama-3.1-8b-instant,entity_extraction_v2_qa_records_only
ent_test_f1846b201f26,فحص,Test,فحص,ahd5k_03030,chunk_00291,339403,answer,يفضل عمل فحص بول والفحص السريري,0.850,llama-3.1-8b-instant,entity_extraction_v2_qa_records_only
ent_diseasecondition_16cf4e77b755,التهاب,DiseaseCondition,التهاب,ahd5k_03117,chunk_00291,149494,question,السلام عليكم انا حامل فى نهاية الشهر السادس واعانى من صديد فى البول طلب منى الدكتور عمل مزرعة بول وقالى ان الماء نقص بشكل لا يثير القلق ماذا أفعل كى...,0.850,llama-3.1-8b-instant,entity_extraction_v2_qa_records_only
ent_diseasecondition_7abdd04c7114,الحمل,DiseaseCondition,الحمل,ahd5k_03117,chunk_00291,149494,question,السلام عليكم انا حامل فى نهاية الشهر السادس واعانى من صديد فى البول طلب منى الدكتور عمل مزرعة بول وقالى ان الماء نقص بشكل لا يثير القلق ماذا أفعل كى...,0.850,llama-3.1-8b-instant,entity_extraction_v2_qa_records_only
ent_test_f1846b201f26,فحص,Test,فحص,ahd5k_03117,chunk_00291,149494,answer,عالجي الالتهابات.واكثري من شرب السوائل,0.850,llama-3.1-8b-instant,entity_extraction_v2_qa_records_only
ent_diseasecondition_7abdd04c7114,الحمل,DiseaseCondition,الحمل,ahd5k_03221,chunk_00291,294512,question,انا احس باعراض تشبه اعراض الحمل من بعد التبويض مباشره هل انا حامل,0.850,llama-3.1-8b-instant,entity_extraction_v2_qa_records_only
ent_diseasecondition_7abdd04c7114,الحمل,DiseaseCondition,الحمل,ahd5k_03282,chunk_00291,270461,question,اخدت rh اثناء الحمل الاول بالسابع و لم يعطوها لي عند الولاده رغم ان المولود موجب،الان انا حامل نزل معي دم و عملولي حقنه2 . هل هناك حل لتجنب المضاعفات؟اني...,0.850,llama-3.1-8b-instant,entity_extraction_v2_qa_records_only
ent_test_f1846b201f26,فحص,Test,فحص,ahd5k_03282,chunk_00291,270461,answer,ومتى ولدت؟ المفروض اخذها خلال 72 ساعة...اعملي فحص INDIRECT COOMBS TEST,0.850,llama-3.1-8b-instant,entity_extraction_v2_qa_records_only
ent_treatment_9dc197352678,الحقنة,Treatment,الحقنة,ahd5k_03282,chunk_00291,270461,question,اخدت rh اثناء الحمل الاول بالسابع و لم يعطوها لي عند الولاده رغم ان المولود موجب،الان انا حامل نزل معي دم و عملولي حقنه2 . هل هناك حل لتجنب المضاعفات؟اني...,0.850,llama-3.1-8b-instant,entity_extraction_v2_qa_records_only
